7
9999
0.0001
0.0002
0.0003
0.0004
0.0005
0.0006
0.0007
0.0008
0.0009
0.001
0.0011
0.0012
0.0013
0.0014
0.0015
0.0016
0.0017
0.0018
0.0019
0.002
0.0021
0.0022
0.0023
0.0024
0.0025
0.0026
0.0027
0.0028
0.0029
0.003
0.0031
0.0032
0.0033
0.0034
0.0035
0.0036
0.0037
0.0038
0.0039
0.004
0.0041
0.0042
0.0043
0.0044
0.0045
0.0046
0.0047
0.0048
0.0049
0.005
0.0051
0.0052
0.0053
0.0054
0.0055
0.0056
0.0057
0.0058
0.0059
0.006
0.0061
0.0062
0.0063
0.0064
0.0065
0.0066
0.0067
0.0068
0.0069
0.007
0.0071
0.0072
0.0073
0.0074
0.0075
0.0076
0.0077
0.0078
0.0079
0.008
0.0081
0.0082
0.0083
0.0084
0.0085
0.0086
0.0087
0.0088
0.0089
0.009
0.0091
0.0092
0.0093
0.0094
0.0095
0.0096
0.0097
0.0098
0.0099
0.01
0.0101
0.0102
0.0103
0.0104
0.0105
0.0106
0.0107
0.0108
0.0109
0.011
0.0111
0.0112
0.0113
0.0114
0.0115
0.0116
0.0117
0.0118
0.0119
0.012
0.0121
0.0122
0.0123
0.0124
0.0125
0.0126
0.0127
0.0128
0.0129
0.013
0.0131
0.0132
0.0133
0.0134
0.0135
0.0136
0.0137
0.0138
0.0139
0.014
0.0141
0.0142
0.0143
0.0144
0.0145
0.0146
0.0147
0.0148
0.0149
0.015
0.0151
0.0152
0.0153
0.0154
0.0155
0.0156
0.0157
0.0158
0.0159
0.016
0.0161
0.0162
0.0163
0.0164
0.0165
0.0166
0.0167
0.0168
0.0169
0.017
0.0171
0.0172
0.0173
0.0174
0.0175
0.0176
0.0177
0.0178
0.0179
0.018
0.0181
0.0182
0.0183
0.0184
0.0185
0.0186
0.0187
0.0188
0.0189
0.019
0.0191
0.0192
0.0193
0.0194
0.0195
0.0196
0.0197
0.0198
0.0199
0.02
0.0201
0.0202
0.0203
0.0204
0.0205
0.0206
0.0207
0.0208
0.0209
0.021
0.0211
0.0212
0.0213
0.0214
0.0215
0.0216
0.0217
0.0218
0.0219
0.022
0.0221
0.0222
0.0223
0.0224
0.0225
0.0226
0.0227
0.0228
0.0229
0.023
0.0231
0.0232
0.0233
0.0234
0.0235
0.0236
0.0237
0.0238
0.0239
0.024
0.0241
0.0242
0.0243
0.0244
0.0245
0.0246
0.0247
0.0248
0.0249
0.025
0.0251
0.0252
0.0253
0.0254
0.0255
0.0256
0.0257
0.0258
0.0259
0.026
0.0261
0.0262
0.0263
0.0264
0.0265
0.0266
0.0267
0.0268
0.0269
0.027
0.0271
0.0272
0.0273
0.0274
0.0275
0.0276
0.0277
0.0278
0.0279
0.028
0.0281
0.0282
0.0283
0.0284
0.0285
0.0286
0.0287
0.0288
0.0289
0.029
0.0291
0.0292
0.0293
0.0294
0.0295
0.0296
0.0297
0.0298
0.0299
0.03
0.0301
0.0302
0.0303
0.0304
0.0305
0.0306
0.0307
0.0308
0.0309
0.031
0.0311
0.0312
0.0313
0.0314
0.0315
0.0316
0.0317
0.0318
0.0319
0.032
0.0321
0.0322
0.0323
0.0324
0.0325
0.0326
0.0327
0.0328
0.0329
0.033
0.0331
0.0332
0.0333
0.0334
0.0335
0.0336
0.0337
0.0338
0.0339
0.034
0.0341
0.0342
0.0343
0.0344
0.0345
0.0346
0.0347
0.0348
0.0349
0.035
0.0351
0.0352
0.0353
0.0354
0.0355
0.0356
0.0357
0.0358
0.0359
0.036
0.0361
0.0362
0.0363
0.0364
0.0365
0.0366
0.0367
0.0368
0.0369
0.037
0.0371
0.0372
0.0373
0.0374
0.0375
0.0376
0.0377
0.0378
0.0379
0.038
0.0381
0.0382
0.0383
0.0384
0.0385
0.0386
0.0387
0.0388
0.0389
0.039
0.0391
0.0392
0.0393
0.0394
0.0395
0.0396
0.0397
0.0398
0.0399
0.04
0.0401
0.0402
0.0403
0.0404
0.0405
0.0406
0.0407
0.0408
0.0409
0.041
0.0411
0.0412
0.0413
0.0414
0.0415
0.0416
0.0417
0.0418
0.0419
0.042
0.0421
0.0422
0.0423
0.0424
0.0425
0.0426
0.0427
0.0428
0.0429
0.043
0.0431
0.0432
0.0433
0.0434
0.0435
0.0436
0.0437
0.0438
0.0439
0.044
0.0441
0.0442
0.0443
0.0444
0.0445
0.0446
0.0447
0.0448
0.0449
0.045
0.0451
0.0452
0.0453
0.0454
0.0455
0.0456
0.0457
0.0458
0.0459
0.046
0.0461
0.0462
0.0463
0.0464
0.0465
0.0466
0.0467
0.0468
0.0469
0.047
0.0471
0.0472
0.0473
0.0474
0.0475
0.0476
0.0477
0.0478
0.0479
0.048
0.0481
0.0482
0.0483
0.0484
0.0485
0.0486
0.0487
0.0488
0.0489
0.049
0.0491
0.0492
0.0493
0.0494
0.0495
0.0496
0.0497
0.0498
0.0499
0.05
0.0501
0.0502
0.0503
0.0504
0.0505
0.0506
0.0507
0.0508
0.0509
0.051
0.0511
0.0512
0.0513
0.0514
0.0515
0.0516
0.0517
0.0518
0.0519
0.052
0.0521
0.0522
0.0523
0.0524
0.0525
0.0526
0.0527
0.0528
0.0529
0.053
0.0531
0.0532
0.0533
0.0534
0.0535
0.0536
0.0537
0.0538
0.0539
0.054
0.0541
0.0542
0.0543
0.0544
0.0545
0.0546
0.0547
0.0548
0.0549
0.055
0.0551
0.0552
0.0553
0.0554
0.0555
0.0556
0.0557
0.0558
0.0559
0.056
0.0561
0.0562
0.0563
0.0564
0.0565
0.0566
0.0567
0.0568
0.0569
0.057
0.0571
0.0572
0.0573
0.0574
0.0575
0.0576
0.0577
0.0578
0.0579
0.058
0.0581
0.0582
0.0583
0.0584
0.0585
0.0586
0.0587
0.0588
0.0589
0.059
0.0591
0.0592
0.0593
0.0594
0.0595
0.0596
0.0597
0.0598
0.0599
0.06
0.0601
0.0602
0.0603
0.0604
0.0605
0.0606
0.0607
0.0608
0.0609
0.061
0.0611
0.0612
0.0613
0.0614
0.0615
0.0616
0.0617
0.0618
0.0619
0.062
0.0621
0.0622
0.0623
0.0624
0.0625
0.0626
0.0627
0.0628
0.0629
0.063
0.0631
0.0632
0.0633
0.0634
0.0635
0.0636
0.0637
0.0638
0.0639
0.064
0.0641
0.0642
0.0643
0.0644
0.0645
0.0646
0.0647
0.0648
0.0649
0.065
0.0651
0.0652
0.0653
0.0654
0.0655
0.0656
0.0657
0.0658
0.0659
0.066
0.0661
0.0662
0.0663
0.0664
0.0665
0.0666
0.0667
0.0668
0.0669
0.067
0.0671
0.0672
0.0673
0.0674
0.0675
0.0676
0.0677
0.0678
0.0679
0.068
0.0681
0.0682
0.0683
0.0684
0.0685
0.0686
0.0687
0.0688
0.0689
0.069
0.0691
0.0692
0.0693
0.0694
0.0695
0.0696
0.0697
0.0698
0.0699
0.07
0.0701
0.0702
0.0703
0.0704
0.0705
0.0706
0.0707
0.0708
0.0709
0.071
0.0711
0.0712
0.0713
0.0714
0.0715
0.0716
0.0717
0.0718
0.0719
0.072
0.0721
0.0722
0.0723
0.0724
0.0725
0.0726
0.0727
0.0728
0.0729
0.073
0.0731
0.0732
0.0733
0.0734
0.0735
0.0736
0.0737
0.0738
0.0739
0.074
0.0741
0.0742
0.0743
0.0744
0.0745
0.0746
0.0747
0.0748
0.0749
0.075
0.0751
0.0752
0.0753
0.0754
0.0755
0.0756
0.0757
0.0758
0.0759
0.076
0.0761
0.0762
0.0763
0.0764
0.0765
0.0766
0.0767
0.0768
0.0769
0.077
0.0771
0.0772
0.0773
0.0774
0.0775
0.0776
0.0777
0.0778
0.0779
0.078
0.0781
0.0782
0.0783
0.0784
0.0785
0.0786
0.0787
0.0788
0.0789
0.079
0.0791
0.0792
0.0793
0.0794
0.0795
0.0796
0.0797
0.0798
0.0799
0.08
0.0801
0.0802
0.0803
0.0804
0.0805
0.0806
0.0807
0.0808
0.0809
0.081
0.0811
0.0812
0.0813
0.0814
0.0815
0.0816
0.0817
0.0818
0.0819
0.082
0.0821
0.0822
0.0823
0.0824
0.0825
0.0826
0.0827
0.0828
0.0829
0.083
0.0831
0.0832
0.0833
0.0834
0.0835
0.0836
0.0837
0.0838
0.0839
0.084
0.0841
0.0842
0.0843
0.0844
0.0845
0.0846
0.0847
0.0848
0.0849
0.085
0.0851
0.0852
0.0853
0.0854
0.0855
0.0856
0.0857
0.0858
0.0859
0.086
0.0861
0.0862
0.0863
0.0864
0.0865
0.0866
0.0867
0.0868
0.0869
0.087
0.0871
0.0872
0.0873
0.0874
0.0875
0.0876
0.0877
0.0878
0.0879
0.088
0.0881
0.0882
0.0883
0.0884
0.0885
0.0886
0.0887
0.0888
0.0889
0.089
0.0891
0.0892
0.0893
0.0894
0.0895
0.0896
0.0897
0.0898
0.0899
0.09
0.0901
0.0902
0.0903
0.0904
0.0905
0.0906
0.0907
0.0908
0.0909
0.091
0.0911
0.0912
0.0913
0.0914
0.0915
0.0916
0.0917
0.0918
0.0919
0.092
0.0921
0.0922
0.0923
0.0924
0.0925
0.0926
0.0927
0.0928
0.0929
0.093
0.0931
0.0932
0.0933
0.0934
0.0935
0.0936
0.0937
0.0938
0.0939
0.094
0.0941
0.0942
0.0943
0.0944
0.0945
0.0946
0.0947
0.0948
0.0949
0.095
0.0951
0.0952
0.0953
0.0954
0.0955
0.0956
0.0957
0.0958
0.0959
0.096
0.0961
0.0962
0.0963
0.0964
0.0965
0.0966
0.0967
0.0968
0.0969
0.097
0.0971
0.0972
0.0973
0.0974
0.0975
0.0976
0.0977
0.0978
0.0979
0.098
0.0981
0.0982
0.0983
0.0984
0.0985
0.0986
0.0987
0.0988
0.0989
0.099
0.0991
0.0992
0.0993
0.0994
0.0995
0.0996
0.0997
0.0998
0.0999
0.1
0.1001
0.1002
0.1003
0.1004
0.1005
0.1006
0.1007
0.1008
0.1009
0.101
0.1011
0.1012
0.1013
0.1014
0.1015
0.1016
0.1017
0.1018
0.1019
0.102
0.1021
0.1022
0.1023
0.1024
0.1025
0.1026
0.1027
0.1028
0.1029
0.103
0.1031
0.1032
0.1033
0.1034
0.1035
0.1036
0.1037
0.1038
0.1039
0.104
0.1041
0.1042
0.1043
0.1044
0.1045
0.1046
0.1047
0.1048
0.1049
0.105
0.1051
0.1052
0.1053
0.1054
0.1055
0.1056
0.1057
0.1058
0.1059
0.106
0.1061
0.1062
0.1063
0.1064
0.1065
0.1066
0.1067
0.1068
0.1069
0.107
0.1071
0.1072
0.1073
0.1074
0.1075
0.1076
0.1077
0.1078
0.1079
0.108
0.1081
0.1082
0.1083
0.1084
0.1085
0.1086
0.1087
0.1088
0.1089
0.109
0.1091
0.1092
0.1093
0.1094
0.1095
0.1096
0.1097
0.1098
0.1099
0.11
0.1101
0.1102
0.1103
0.1104
0.1105
0.1106
0.1107
0.1108
0.1109
0.111
0.1111
0.1112
0.1113
0.1114
0.1115
0.1116
0.1117
0.1118
0.1119
0.112
0.1121
0.1122
0.1123
0.1124
0.1125
0.1126
0.1127
0.1128
0.1129
0.113
0.1131
0.1132
0.1133
0.1134
0.1135
0.1136
0.1137
0.1138
0.1139
0.114
0.1141
0.1142
0.1143
0.1144
0.1145
0.1146
0.1147
0.1148
0.1149
0.115
0.1151
0.1152
0.1153
0.1154
0.1155
0.1156
0.1157
0.1158
0.1159
0.116
0.1161
0.1162
0.1163
0.1164
0.1165
0.1166
0.1167
0.1168
0.1169
0.117
0.1171
0.1172
0.1173
0.1174
0.1175
0.1176
0.1177
0.1178
0.1179
0.118
0.1181
0.1182
0.1183
0.1184
0.1185
0.1186
0.1187
0.1188
0.1189
0.119
0.1191
0.1192
0.1193
0.1194
0.1195
0.1196
0.1197
0.1198
0.1199
0.12
0.1201
0.1202
0.1203
0.1204
0.1205
0.1206
0.1207
0.1208
0.1209
0.121
0.1211
0.1212
0.1213
0.1214
0.1215
0.1216
0.1217
0.1218
0.1219
0.122
0.1221
0.1222
0.1223
0.1224
0.1225
0.1226
0.1227
0.1228
0.1229
0.123
0.1231
0.1232
0.1233
0.1234
0.1235
0.1236
0.1237
0.1238
0.1239
0.124
0.1241
0.1242
0.1243
0.1244
0.1245
0.1246
0.1247
0.1248
0.1249
0.125
0.1251
0.1252
0.1253
0.1254
0.1255
0.1256
0.1257
0.1258
0.1259
0.126
0.1261
0.1262
0.1263
0.1264
0.1265
0.1266
0.1267
0.1268
0.1269
0.127
0.1271
0.1272
0.1273
0.1274
0.1275
0.1276
0.1277
0.1278
0.1279
0.128
0.1281
0.1282
0.1283
0.1284
0.1285
0.1286
0.1287
0.1288
0.1289
0.129
0.1291
0.1292
0.1293
0.1294
0.1295
0.1296
0.1297
0.1298
0.1299
0.13
0.1301
0.1302
0.1303
0.1304
0.1305
0.1306
0.1307
0.1308
0.1309
0.131
0.1311
0.1312
0.1313
0.1314
0.1315
0.1316
0.1317
0.1318
0.1319
0.132
0.1321
0.1322
0.1323
0.1324
0.1325
0.1326
0.1327
0.1328
0.1329
0.133
0.1331
0.1332
0.1333
0.1334
0.1335
0.1336
0.1337
0.1338
0.1339
0.134
0.1341
0.1342
0.1343
0.1344
0.1345
0.1346
0.1347
0.1348
0.1349
0.135
0.1351
0.1352
0.1353
0.1354
0.1355
0.1356
0.1357
0.1358
0.1359
0.136
0.1361
0.1362
0.1363
0.1364
0.1365
0.1366
0.1367
0.1368
0.1369
0.137
0.1371
0.1372
0.1373
0.1374
0.1375
0.1376
0.1377
0.1378
0.1379
0.138
0.1381
0.1382
0.1383
0.1384
0.1385
0.1386
0.1387
0.1388
0.1389
0.139
0.1391
0.1392
0.1393
0.1394
0.1395
0.1396
0.1397
0.1398
0.1399
0.14
0.1401
0.1402
0.1403
0.1404
0.1405
0.1406
0.1407
0.1408
0.1409
0.141
0.1411
0.1412
0.1413
0.1414
0.1415
0.1416
0.1417
0.1418
0.1419
0.142
0.1421
0.1422
0.1423
0.1424
0.1425
0.1426
0.1427
0.1428
0.1429
0.143
0.1431
0.1432
0.1433
0.1434
0.1435
0.1436
0.1437
0.1438
0.1439
0.144
0.1441
0.1442
0.1443
0.1444
0.1445
0.1446
0.1447
0.1448
0.1449
0.145
0.1451
0.1452
0.1453
0.1454
0.1455
0.1456
0.1457
0.1458
0.1459
0.146
0.1461
0.1462
0.1463
0.1464
0.1465
0.1466
0.1467
0.1468
0.1469
0.147
0.1471
0.1472
0.1473
0.1474
0.1475
0.1476
0.1477
0.1478
0.1479
0.148
0.1481
0.1482
0.1483
0.1484
0.1485
0.1486
0.1487
0.1488
0.1489
0.149
0.1491
0.1492
0.1493
0.1494
0.1495
0.1496
0.1497
0.1498
0.1499
0.15
0.1501
0.1502
0.1503
0.1504
0.1505
0.1506
0.1507
0.1508
0.1509
0.151
0.1511
0.1512
0.1513
0.1514
0.1515
0.1516
0.1517
0.1518
0.1519
0.152
0.1521
0.1522
0.1523
0.1524
0.1525
0.1526
0.1527
0.1528
0.1529
0.153
0.1531
0.1532
0.1533
0.1534
0.1535
0.1536
0.1537
0.1538
0.1539
0.154
0.1541
0.1542
0.1543
0.1544
0.1545
0.1546
0.1547
0.1548
0.1549
0.155
0.1551
0.1552
0.1553
0.1554
0.1555
0.1556
0.1557
0.1558
0.1559
0.156
0.1561
0.1562
0.1563
0.1564
0.1565
0.1566
0.1567
0.1568
0.1569
0.157
0.1571
0.1572
0.1573
0.1574
0.1575
0.1576
0.1577
0.1578
0.1579
0.158
0.1581
0.1582
0.1583
0.1584
0.1585
0.1586
0.1587
0.1588
0.1589
0.159
0.1591
0.1592
0.1593
0.1594
0.1595
0.1596
0.1597
0.1598
0.1599
0.16
0.1601
0.1602
0.1603
0.1604
0.1605
0.1606
0.1607
0.1608
0.1609
0.161
0.1611
0.1612
0.1613
0.1614
0.1615
0.1616
0.1617
0.1618
0.1619
0.162
0.1621
0.1622
0.1623
0.1624
0.1625
0.1626
0.1627
0.1628
0.1629
0.163
0.1631
0.1632
0.1633
0.1634
0.1635
0.1636
0.1637
0.1638
0.1639
0.164
0.1641
0.1642
0.1643
0.1644
0.1645
0.1646
0.1647
0.1648
0.1649
0.165
0.1651
0.1652
0.1653
0.1654
0.1655
0.1656
0.1657
0.1658
0.1659
0.166
0.1661
0.1662
0.1663
0.1664
0.1665
0.1666
0.1667
0.1668
0.1669
0.167
0.1671
0.1672
0.1673
0.1674
0.1675
0.1676
0.1677
0.1678
0.1679
0.168
0.1681
0.1682
0.1683
0.1684
0.1685
0.1686
0.1687
0.1688
0.1689
0.169
0.1691
0.1692
0.1693
0.1694
0.1695
0.1696
0.1697
0.1698
0.1699
0.17
0.1701
0.1702
0.1703
0.1704
0.1705
0.1706
0.1707
0.1708
0.1709
0.171
0.1711
0.1712
0.1713
0.1714
0.1715
0.1716
0.1717
0.1718
0.1719
0.172
0.1721
0.1722
0.1723
0.1724
0.1725
0.1726
0.1727
0.1728
0.1729
0.173
0.1731
0.1732
0.1733
0.1734
0.1735
0.1736
0.1737
0.1738
0.1739
0.174
0.1741
0.1742
0.1743
0.1744
0.1745
0.1746
0.1747
0.1748
0.1749
0.175
0.1751
0.1752
0.1753
0.1754
0.1755
0.1756
0.1757
0.1758
0.1759
0.176
0.1761
0.1762
0.1763
0.1764
0.1765
0.1766
0.1767
0.1768
0.1769
0.177
0.1771
0.1772
0.1773
0.1774
0.1775
0.1776
0.1777
0.1778
0.1779
0.178
0.1781
0.1782
0.1783
0.1784
0.1785
0.1786
0.1787
0.1788
0.1789
0.179
0.1791
0.1792
0.1793
0.1794
0.1795
0.1796
0.1797
0.1798
0.1799
0.18
0.1801
0.1802
0.1803
0.1804
0.1805
0.1806
0.1807
0.1808
0.1809
0.181
0.1811
0.1812
0.1813
0.1814
0.1815
0.1816
0.1817
0.1818
0.1819
0.182
0.1821
0.1822
0.1823
0.1824
0.1825
0.1826
0.1827
0.1828
0.1829
0.183
0.1831
0.1832
0.1833
0.1834
0.1835
0.1836
0.1837
0.1838
0.1839
0.184
0.1841
0.1842
0.1843
0.1844
0.1845
0.1846
0.1847
0.1848
0.1849
0.185
0.1851
0.1852
0.1853
0.1854
0.1855
0.1856
0.1857
0.1858
0.1859
0.186
0.1861
0.1862
0.1863
0.1864
0.1865
0.1866
0.1867
0.1868
0.1869
0.187
0.1871
0.1872
0.1873
0.1874
0.1875
0.1876
0.1877
0.1878
0.1879
0.188
0.1881
0.1882
0.1883
0.1884
0.1885
0.1886
0.1887
0.1888
0.1889
0.189
0.1891
0.1892
0.1893
0.1894
0.1895
0.1896
0.1897
0.1898
0.1899
0.19
0.1901
0.1902
0.1903
0.1904
0.1905
0.1906
0.1907
0.1908
0.1909
0.191
0.1911
0.1912
0.1913
0.1914
0.1915
0.1916
0.1917
0.1918
0.1919
0.192
0.1921
0.1922
0.1923
0.1924
0.1925
0.1926
0.1927
0.1928
0.1929
0.193
0.1931
0.1932
0.1933
0.1934
0.1935
0.1936
0.1937
0.1938
0.1939
0.194
0.1941
0.1942
0.1943
0.1944
0.1945
0.1946
0.1947
0.1948
0.1949
0.195
0.1951
0.1952
0.1953
0.1954
0.1955
0.1956
0.1957
0.1958
0.1959
0.196
0.1961
0.1962
0.1963
0.1964
0.1965
0.1966
0.1967
0.1968
0.1969
0.197
0.1971
0.1972
0.1973
0.1974
0.1975
0.1976
0.1977
0.1978
0.1979
0.198
0.1981
0.1982
0.1983
0.1984
0.1985
0.1986
0.1987
0.1988
0.1989
0.199
0.1991
0.1992
0.1993
0.1994
0.1995
0.1996
0.1997
0.1998
0.1999
0.2
0.2001
0.2002
0.2003
0.2004
0.2005
0.2006
0.2007
0.2008
0.2009
0.201
0.2011
0.2012
0.2013
0.2014
0.2015
0.2016
0.2017
0.2018
0.2019
0.202
0.2021
0.2022
0.2023
0.2024
0.2025
0.2026
0.2027
0.2028
0.2029
0.203
0.2031
0.2032
0.2033
0.2034
0.2035
0.2036
0.2037
0.2038
0.2039
0.204
0.2041
0.2042
0.2043
0.2044
0.2045
0.2046
0.2047
0.2048
0.2049
0.205
0.2051
0.2052
0.2053
0.2054
0.2055
0.2056
0.2057
0.2058
0.2059
0.206
0.2061
0.2062
0.2063
0.2064
0.2065
0.2066
0.2067
0.2068
0.2069
0.207
0.2071
0.2072
0.2073
0.2074
0.2075
0.2076
0.2077
0.2078
0.2079
0.208
0.2081
0.2082
0.2083
0.2084
0.2085
0.2086
0.2087
0.2088
0.2089
0.209
0.2091
0.2092
0.2093
0.2094
0.2095
0.2096
0.2097
0.2098
0.2099
0.21
0.2101
0.2102
0.2103
0.2104
0.2105
0.2106
0.2107
0.2108
0.2109
0.211
0.2111
0.2112
0.2113
0.2114
0.2115
0.2116
0.2117
0.2118
0.2119
0.212
0.2121
0.2122
0.2123
0.2124
0.2125
0.2126
0.2127
0.2128
0.2129
0.213
0.2131
0.2132
0.2133
0.2134
0.2135
0.2136
0.2137
0.2138
0.2139
0.214
0.2141
0.2142
0.2143
0.2144
0.2145
0.2146
0.2147
0.2148
0.2149
0.215
0.2151
0.2152
0.2153
0.2154
0.2155
0.2156
0.2157
0.2158
0.2159
0.216
0.2161
0.2162
0.2163
0.2164
0.2165
0.2166
0.2167
0.2168
0.2169
0.217
0.2171
0.2172
0.2173
0.2174
0.2175
0.2176
0.2177
0.2178
0.2179
0.218
0.2181
0.2182
0.2183
0.2184
0.2185
0.2186
0.2187
0.2188
0.2189
0.219
0.2191
0.2192
0.2193
0.2194
0.2195
0.2196
0.2197
0.2198
0.2199
0.22
0.2201
0.2202
0.2203
0.2204
0.2205
0.2206
0.2207
0.2208
0.2209
0.221
0.2211
0.2212
0.2213
0.2214
0.2215
0.2216
0.2217
0.2218
0.2219
0.222
0.2221
0.2222
0.2223
0.2224
0.2225
0.2226
0.2227
0.2228
0.2229
0.223
0.2231
0.2232
0.2233
0.2234
0.2235
0.2236
0.2237
0.2238
0.2239
0.224
0.2241
0.2242
0.2243
0.2244
0.2245
0.2246
0.2247
0.2248
0.2249
0.225
0.2251
0.2252
0.2253
0.2254
0.2255
0.2256
0.2257
0.2258
0.2259
0.226
0.2261
0.2262
0.2263
0.2264
0.2265
0.2266
0.2267
0.2268
0.2269
0.227
0.2271
0.2272
0.2273
0.2274
0.2275
0.2276
0.2277
0.2278
0.2279
0.228
0.2281
0.2282
0.2283
0.2284
0.2285
0.2286
0.2287
0.2288
0.2289
0.229
0.2291
0.2292
0.2293
0.2294
0.2295
0.2296
0.2297
0.2298
0.2299
0.23
0.2301
0.2302
0.2303
0.2304
0.2305
0.2306
0.2307
0.2308
0.2309
0.231
0.2311
0.2312
0.2313
0.2314
0.2315
0.2316
0.2317
0.2318
0.2319
0.232
0.2321
0.2322
0.2323
0.2324
0.2325
0.2326
0.2327
0.2328
0.2329
0.233
0.2331
0.2332
0.2333
0.2334
0.2335
0.2336
0.2337
0.2338
0.2339
0.234
0.2341
0.2342
0.2343
0.2344
0.2345
0.2346
0.2347
0.2348
0.2349
0.235
0.2351
0.2352
0.2353
0.2354
0.2355
0.2356
0.2357
0.2358
0.2359
0.236
0.2361
0.2362
0.2363
0.2364
0.2365
0.2366
0.2367
0.2368
0.2369
0.237
0.2371
0.2372
0.2373
0.2374
0.2375
0.2376
0.2377
0.2378
0.2379
0.238
0.2381
0.2382
0.2383
0.2384
0.2385
0.2386
0.2387
0.2388
0.2389
0.239
0.2391
0.2392
0.2393
0.2394
0.2395
0.2396
0.2397
0.2398
0.2399
0.24
0.2401
0.2402
0.2403
0.2404
0.2405
0.2406
0.2407
0.2408
0.2409
0.241
0.2411
0.2412
0.2413
0.2414
0.2415
0.2416
0.2417
0.2418
0.2419
0.242
0.2421
0.2422
0.2423
0.2424
0.2425
0.2426
0.2427
0.2428
0.2429
0.243
0.2431
0.2432
0.2433
0.2434
0.2435
0.2436
0.2437
0.2438
0.2439
0.244
0.2441
0.2442
0.2443
0.2444
0.2445
0.2446
0.2447
0.2448
0.2449
0.245
0.2451
0.2452
0.2453
0.2454
0.2455
0.2456
0.2457
0.2458
0.2459
0.246
0.2461
0.2462
0.2463
0.2464
0.2465
0.2466
0.2467
0.2468
0.2469
0.247
0.2471
0.2472
0.2473
0.2474
0.2475
0.2476
0.2477
0.2478
0.2479
0.248
0.2481
0.2482
0.2483
0.2484
0.2485
0.2486
0.2487
0.2488
0.2489
0.249
0.2491
0.2492
0.2493
0.2494
0.2495
0.2496
0.2497
0.2498
0.2499
0.25
0.2501
0.2502
0.2503
0.2504
0.2505
0.2506
0.2507
0.2508
0.2509
0.251
0.2511
0.2512
0.2513
0.2514
0.2515
0.2516
0.2517
0.2518
0.2519
0.252
0.2521
0.2522
0.2523
0.2524
0.2525
0.2526
0.2527
0.2528
0.2529
0.253
0.2531
0.2532
0.2533
0.2534
0.2535
0.2536
0.2537
0.2538
0.2539
0.254
0.2541
0.2542
0.2543
0.2544
0.2545
0.2546
0.2547
0.2548
0.2549
0.255
0.2551
0.2552
0.2553
0.2554
0.2555
0.2556
0.2557
0.2558
0.2559
0.256
0.2561
0.2562
0.2563
0.2564
0.2565
0.2566
0.2567
0.2568
0.2569
0.257
0.2571
0.2572
0.2573
0.2574
0.2575
0.2576
0.2577
0.2578
0.2579
0.258
0.2581
0.2582
0.2583
0.2584
0.2585
0.2586
0.2587
0.2588
0.2589
0.259
0.2591
0.2592
0.2593
0.2594
0.2595
0.2596
0.2597
0.2598
0.2599
0.26
0.2601
0.2602
0.2603
0.2604
0.2605
0.2606
0.2607
0.2608
0.2609
0.261
0.2611
0.2612
0.2613
0.2614
0.2615
0.2616
0.2617
0.2618
0.2619
0.262
0.2621
0.2622
0.2623
0.2624
0.2625
0.2626
0.2627
0.2628
0.2629
0.263
0.2631
0.2632
0.2633
0.2634
0.2635
0.2636
0.2637
0.2638
0.2639
0.264
0.2641
0.2642
0.2643
0.2644
0.2645
0.2646
0.2647
0.2648
0.2649
0.265
0.2651
0.2652
0.2653
0.2654
0.2655
0.2656
0.2657
0.2658
0.2659
0.266
0.2661
0.2662
0.2663
0.2664
0.2665
0.2666
0.2667
0.2668
0.2669
0.267
0.2671
0.2672
0.2673
0.2674
0.2675
0.2676
0.2677
0.2678
0.2679
0.268
0.2681
0.2682
0.2683
0.2684
0.2685
0.2686
0.2687
0.2688
0.2689
0.269
0.2691
0.2692
0.2693
0.2694
0.2695
0.2696
0.2697
0.2698
0.2699
0.27
0.2701
0.2702
0.2703
0.2704
0.2705
0.2706
0.2707
0.2708
0.2709
0.271
0.2711
0.2712
0.2713
0.2714
0.2715
0.2716
0.2717
0.2718
0.2719
0.272
0.2721
0.2722
0.2723
0.2724
0.2725
0.2726
0.2727
0.2728
0.2729
0.273
0.2731
0.2732
0.2733
0.2734
0.2735
0.2736
0.2737
0.2738
0.2739
0.274
0.2741
0.2742
0.2743
0.2744
0.2745
0.2746
0.2747
0.2748
0.2749
0.275
0.2751
0.2752
0.2753
0.2754
0.2755
0.2756
0.2757
0.2758
0.2759
0.276
0.2761
0.2762
0.2763
0.2764
0.2765
0.2766
0.2767
0.2768
0.2769
0.277
0.2771
0.2772
0.2773
0.2774
0.2775
0.2776
0.2777
0.2778
0.2779
0.278
0.2781
0.2782
0.2783
0.2784
0.2785
0.2786
0.2787
0.2788
0.2789
0.279
0.2791
0.2792
0.2793
0.2794
0.2795
0.2796
0.2797
0.2798
0.2799
0.28
0.2801
0.2802
0.2803
0.2804
0.2805
0.2806
0.2807
0.2808
0.2809
0.281
0.2811
0.2812
0.2813
0.2814
0.2815
0.2816
0.2817
0.2818
0.2819
0.282
0.2821
0.2822
0.2823
0.2824
0.2825
0.2826
0.2827
0.2828
0.2829
0.283
0.2831
0.2832
0.2833
0.2834
0.2835
0.2836
0.2837
0.2838
0.2839
0.284
0.2841
0.2842
0.2843
0.2844
0.2845
0.2846
0.2847
0.2848
0.2849
0.285
0.2851
0.2852
0.2853
0.2854
0.2855
0.2856
0.2857
0.2858
0.2859
0.286
0.2861
0.2862
0.2863
0.2864
0.2865
0.2866
0.2867
0.2868
0.2869
0.287
0.2871
0.2872
0.2873
0.2874
0.2875
0.2876
0.2877
0.2878
0.2879
0.288
0.2881
0.2882
0.2883
0.2884
0.2885
0.2886
0.2887
0.2888
0.2889
0.289
0.2891
0.2892
0.2893
0.2894
0.2895
0.2896
0.2897
0.2898
0.2899
0.29
0.2901
0.2902
0.2903
0.2904
0.2905
0.2906
0.2907
0.2908
0.2909
0.291
0.2911
0.2912
0.2913
0.2914
0.2915
0.2916
0.2917
0.2918
0.2919
0.292
0.2921
0.2922
0.2923
0.2924
0.2925
0.2926
0.2927
0.2928
0.2929
0.293
0.2931
0.2932
0.2933
0.2934
0.2935
0.2936
0.2937
0.2938
0.2939
0.294
0.2941
0.2942
0.2943
0.2944
0.2945
0.2946
0.2947
0.2948
0.2949
0.295
0.2951
0.2952
0.2953
0.2954
0.2955
0.2956
0.2957
0.2958
0.2959
0.296
0.2961
0.2962
0.2963
0.2964
0.2965
0.2966
0.2967
0.2968
0.2969
0.297
0.2971
0.2972
0.2973
0.2974
0.2975
0.2976
0.2977
0.2978
0.2979
0.298
0.2981
0.2982
0.2983
0.2984
0.2985
0.2986
0.2987
0.2988
0.2989
0.299
0.2991
0.2992
0.2993
0.2994
0.2995
0.2996
0.2997
0.2998
0.2999
0.3
0.3001
0.3002
0.3003
0.3004
0.3005
0.3006
0.3007
0.3008
0.3009
0.301
0.3011
0.3012
0.3013
0.3014
0.3015
0.3016
0.3017
0.3018
0.3019
0.302
0.3021
0.3022
0.3023
0.3024
0.3025
0.3026
0.3027
0.3028
0.3029
0.303
0.3031
0.3032
0.3033
0.3034
0.3035
0.3036
0.3037
0.3038
0.3039
0.304
0.3041
0.3042
0.3043
0.3044
0.3045
0.3046
0.3047
0.3048
0.3049
0.305
0.3051
0.3052
0.3053
0.3054
0.3055
0.3056
0.3057
0.3058
0.3059
0.306
0.3061
0.3062
0.3063
0.3064
0.3065
0.3066
0.3067
0.3068
0.3069
0.307
0.3071
0.3072
0.3073
0.3074
0.3075
0.3076
0.3077
0.3078
0.3079
0.308
0.3081
0.3082
0.3083
0.3084
0.3085
0.3086
0.3087
0.3088
0.3089
0.309
0.3091
0.3092
0.3093
0.3094
0.3095
0.3096
0.3097
0.3098
0.3099
0.31
0.3101
0.3102
0.3103
0.3104
0.3105
0.3106
0.3107
0.3108
0.3109
0.311
0.3111
0.3112
0.3113
0.3114
0.3115
0.3116
0.3117
0.3118
0.3119
0.312
0.3121
0.3122
0.3123
0.3124
0.3125
0.3126
0.3127
0.3128
0.3129
0.313
0.3131
0.3132
0.3133
0.3134
0.3135
0.3136
0.3137
0.3138
0.3139
0.314
0.3141
0.3142
0.3143
0.3144
0.3145
0.3146
0.3147
0.3148
0.3149
0.315
0.3151
0.3152
0.3153
0.3154
0.3155
0.3156
0.3157
0.3158
0.3159
0.316
0.3161
0.3162
0.3163
0.3164
0.3165
0.3166
0.3167
0.3168
0.3169
0.317
0.3171
0.3172
0.3173
0.3174
0.3175
0.3176
0.3177
0.3178
0.3179
0.318
0.3181
0.3182
0.3183
0.3184
0.3185
0.3186
0.3187
0.3188
0.3189
0.319
0.3191
0.3192
0.3193
0.3194
0.3195
0.3196
0.3197
0.3198
0.3199
0.32
0.3201
0.3202
0.3203
0.3204
0.3205
0.3206
0.3207
0.3208
0.3209
0.321
0.3211
0.3212
0.3213
0.3214
0.3215
0.3216
0.3217
0.3218
0.3219
0.322
0.3221
0.3222
0.3223
0.3224
0.3225
0.3226
0.3227
0.3228
0.3229
0.323
0.3231
0.3232
0.3233
0.3234
0.3235
0.3236
0.3237
0.3238
0.3239
0.324
0.3241
0.3242
0.3243
0.3244
0.3245
0.3246
0.3247
0.3248
0.3249
0.325
0.3251
0.3252
0.3253
0.3254
0.3255
0.3256
0.3257
0.3258
0.3259
0.326
0.3261
0.3262
0.3263
0.3264
0.3265
0.3266
0.3267
0.3268
0.3269
0.327
0.3271
0.3272
0.3273
0.3274
0.3275
0.3276
0.3277
0.3278
0.3279
0.328
0.3281
0.3282
0.3283
0.3284
0.3285
0.3286
0.3287
0.3288
0.3289
0.329
0.3291
0.3292
0.3293
0.3294
0.3295
0.3296
0.3297
0.3298
0.3299
0.33
0.3301
0.3302
0.3303
0.3304
0.3305
0.3306
0.3307
0.3308
0.3309
0.331
0.3311
0.3312
0.3313
0.3314
0.3315
0.3316
0.3317
0.3318
0.3319
0.332
0.3321
0.3322
0.3323
0.3324
0.3325
0.3326
0.3327
0.3328
0.3329
0.333
0.3331
0.3332
0.3333
0.3334
0.3335
0.3336
0.3337
0.3338
0.3339
0.334
0.3341
0.3342
0.3343
0.3344
0.3345
0.3346
0.3347
0.3348
0.3349
0.335
0.3351
0.3352
0.3353
0.3354
0.3355
0.3356
0.3357
0.3358
0.3359
0.336
0.3361
0.3362
0.3363
0.3364
0.3365
0.3366
0.3367
0.3368
0.3369
0.337
0.3371
0.3372
0.3373
0.3374
0.3375
0.3376
0.3377
0.3378
0.3379
0.338
0.3381
0.3382
0.3383
0.3384
0.3385
0.3386
0.3387
0.3388
0.3389
0.339
0.3391
0.3392
0.3393
0.3394
0.3395
0.3396
0.3397
0.3398
0.3399
0.34
0.3401
0.3402
0.3403
0.3404
0.3405
0.3406
0.3407
0.3408
0.3409
0.341
0.3411
0.3412
0.3413
0.3414
0.3415
0.3416
0.3417
0.3418
0.3419
0.342
0.3421
0.3422
0.3423
0.3424
0.3425
0.3426
0.3427
0.3428
0.3429
0.343
0.3431
0.3432
0.3433
0.3434
0.3435
0.3436
0.3437
0.3438
0.3439
0.344
0.3441
0.3442
0.3443
0.3444
0.3445
0.3446
0.3447
0.3448
0.3449
0.345
0.3451
0.3452
0.3453
0.3454
0.3455
0.3456
0.3457
0.3458
0.3459
0.346
0.3461
0.3462
0.3463
0.3464
0.3465
0.3466
0.3467
0.3468
0.3469
0.347
0.3471
0.3472
0.3473
0.3474
0.3475
0.3476
0.3477
0.3478
0.3479
0.348
0.3481
0.3482
0.3483
0.3484
0.3485
0.3486
0.3487
0.3488
0.3489
0.349
0.3491
0.3492
0.3493
0.3494
0.3495
0.3496
0.3497
0.3498
0.3499
0.35
0.3501
0.3502
0.3503
0.3504
0.3505
0.3506
0.3507
0.3508
0.3509
0.351
0.3511
0.3512
0.3513
0.3514
0.3515
0.3516
0.3517
0.3518
0.3519
0.352
0.3521
0.3522
0.3523
0.3524
0.3525
0.3526
0.3527
0.3528
0.3529
0.353
0.3531
0.3532
0.3533
0.3534
0.3535
0.3536
0.3537
0.3538
0.3539
0.354
0.3541
0.3542
0.3543
0.3544
0.3545
0.3546
0.3547
0.3548
0.3549
0.355
0.3551
0.3552
0.3553
0.3554
0.3555
0.3556
0.3557
0.3558
0.3559
0.356
0.3561
0.3562
0.3563
0.3564
0.3565
0.3566
0.3567
0.3568
0.3569
0.357
0.3571
0.3572
0.3573
0.3574
0.3575
0.3576
0.3577
0.3578
0.3579
0.358
0.3581
0.3582
0.3583
0.3584
0.3585
0.3586
0.3587
0.3588
0.3589
0.359
0.3591
0.3592
0.3593
0.3594
0.3595
0.3596
0.3597
0.3598
0.3599
0.36
0.3601
0.3602
0.3603
0.3604
0.3605
0.3606
0.3607
0.3608
0.3609
0.361
0.3611
0.3612
0.3613
0.3614
0.3615
0.3616
0.3617
0.3618
0.3619
0.362
0.3621
0.3622
0.3623
0.3624
0.3625
0.3626
0.3627
0.3628
0.3629
0.363
0.3631
0.3632
0.3633
0.3634
0.3635
0.3636
0.3637
0.3638
0.3639
0.364
0.3641
0.3642
0.3643
0.3644
0.3645
0.3646
0.3647
0.3648
0.3649
0.365
0.3651
0.3652
0.3653
0.3654
0.3655
0.3656
0.3657
0.3658
0.3659
0.366
0.3661
0.3662
0.3663
0.3664
0.3665
0.3666
0.3667
0.3668
0.3669
0.367
0.3671
0.3672
0.3673
0.3674
0.3675
0.3676
0.3677
0.3678
0.3679
0.368
0.3681
0.3682
0.3683
0.3684
0.3685
0.3686
0.3687
0.3688
0.3689
0.369
0.3691
0.3692
0.3693
0.3694
0.3695
0.3696
0.3697
0.3698
0.3699
0.37
0.3701
0.3702
0.3703
0.3704
0.3705
0.3706
0.3707
0.3708
0.3709
0.371
0.3711
0.3712
0.3713
0.3714
0.3715
0.3716
0.3717
0.3718
0.3719
0.372
0.3721
0.3722
0.3723
0.3724
0.3725
0.3726
0.3727
0.3728
0.3729
0.373
0.3731
0.3732
0.3733
0.3734
0.3735
0.3736
0.3737
0.3738
0.3739
0.374
0.3741
0.3742
0.3743
0.3744
0.3745
0.3746
0.3747
0.3748
0.3749
0.375
0.3751
0.3752
0.3753
0.3754
0.3755
0.3756
0.3757
0.3758
0.3759
0.376
0.3761
0.3762
0.3763
0.3764
0.3765
0.3766
0.3767
0.3768
0.3769
0.377
0.3771
0.3772
0.3773
0.3774
0.3775
0.3776
0.3777
0.3778
0.3779
0.378
0.3781
0.3782
0.3783
0.3784
0.3785
0.3786
0.3787
0.3788
0.3789
0.379
0.3791
0.3792
0.3793
0.3794
0.3795
0.3796
0.3797
0.3798
0.3799
0.38
0.3801
0.3802
0.3803
0.3804
0.3805
0.3806
0.3807
0.3808
0.3809
0.381
0.3811
0.3812
0.3813
0.3814
0.3815
0.3816
0.3817
0.3818
0.3819
0.382
0.3821
0.3822
0.3823
0.3824
0.3825
0.3826
0.3827
0.3828
0.3829
0.383
0.3831
0.3832
0.3833
0.3834
0.3835
0.3836
0.3837
0.3838
0.3839
0.384
0.3841
0.3842
0.3843
0.3844
0.3845
0.3846
0.3847
0.3848
0.3849
0.385
0.3851
0.3852
0.3853
0.3854
0.3855
0.3856
0.3857
0.3858
0.3859
0.386
0.3861
0.3862
0.3863
0.3864
0.3865
0.3866
0.3867
0.3868
0.3869
0.387
0.3871
0.3872
0.3873
0.3874
0.3875
0.3876
0.3877
0.3878
0.3879
0.388
0.3881
0.3882
0.3883
0.3884
0.3885
0.3886
0.3887
0.3888
0.3889
0.389
0.3891
0.3892
0.3893
0.3894
0.3895
0.3896
0.3897
0.3898
0.3899
0.39
0.3901
0.3902
0.3903
0.3904
0.3905
0.3906
0.3907
0.3908
0.3909
0.391
0.3911
0.3912
0.3913
0.3914
0.3915
0.3916
0.3917
0.3918
0.3919
0.392
0.3921
0.3922
0.3923
0.3924
0.3925
0.3926
0.3927
0.3928
0.3929
0.393
0.3931
0.3932
0.3933
0.3934
0.3935
0.3936
0.3937
0.3938
0.3939
0.394
0.3941
0.3942
0.3943
0.3944
0.3945
0.3946
0.3947
0.3948
0.3949
0.395
0.3951
0.3952
0.3953
0.3954
0.3955
0.3956
0.3957
0.3958
0.3959
0.396
0.3961
0.3962
0.3963
0.3964
0.3965
0.3966
0.3967
0.3968
0.3969
0.397
0.3971
0.3972
0.3973
0.3974
0.3975
0.3976
0.3977
0.3978
0.3979
0.398
0.3981
0.3982
0.3983
0.3984
0.3985
0.3986
0.3987
0.3988
0.3989
0.399
0.3991
0.3992
0.3993
0.3994
0.3995
0.3996
0.3997
0.3998
0.3999
0.4
0.4001
0.4002
0.4003
0.4004
0.4005
0.4006
0.4007
0.4008
0.4009
0.401
0.4011
0.4012
0.4013
0.4014
0.4015
0.4016
0.4017
0.4018
0.4019
0.402
0.4021
0.4022
0.4023
0.4024
0.4025
0.4026
0.4027
0.4028
0.4029
0.403
0.4031
0.4032
0.4033
0.4034
0.4035
0.4036
0.4037
0.4038
0.4039
0.404
0.4041
0.4042
0.4043
0.4044
0.4045
0.4046
0.4047
0.4048
0.4049
0.405
0.4051
0.4052
0.4053
0.4054
0.4055
0.4056
0.4057
0.4058
0.4059
0.406
0.4061
0.4062
0.4063
0.4064
0.4065
0.4066
0.4067
0.4068
0.4069
0.407
0.4071
0.4072
0.4073
0.4074
0.4075
0.4076
0.4077
0.4078
0.4079
0.408
0.4081
0.4082
0.4083
0.4084
0.4085
0.4086
0.4087
0.4088
0.4089
0.409
0.4091
0.4092
0.4093
0.4094
0.4095
0.4096
0.4097
0.4098
0.4099
0.41
0.4101
0.4102
0.4103
0.4104
0.4105
0.4106
0.4107
0.4108
0.4109
0.411
0.4111
0.4112
0.4113
0.4114
0.4115
0.4116
0.4117
0.4118
0.4119
0.412
0.4121
0.4122
0.4123
0.4124
0.4125
0.4126
0.4127
0.4128
0.4129
0.413
0.4131
0.4132
0.4133
0.4134
0.4135
0.4136
0.4137
0.4138
0.4139
0.414
0.4141
0.4142
0.4143
0.4144
0.4145
0.4146
0.4147
0.4148
0.4149
0.415
0.4151
0.4152
0.4153
0.4154
0.4155
0.4156
0.4157
0.4158
0.4159
0.416
0.4161
0.4162
0.4163
0.4164
0.4165
0.4166
0.4167
0.4168
0.4169
0.417
0.4171
0.4172
0.4173
0.4174
0.4175
0.4176
0.4177
0.4178
0.4179
0.418
0.4181
0.4182
0.4183
0.4184
0.4185
0.4186
0.4187
0.4188
0.4189
0.419
0.4191
0.4192
0.4193
0.4194
0.4195
0.4196
0.4197
0.4198
0.4199
0.42
0.4201
0.4202
0.4203
0.4204
0.4205
0.4206
0.4207
0.4208
0.4209
0.421
0.4211
0.4212
0.4213
0.4214
0.4215
0.4216
0.4217
0.4218
0.4219
0.422
0.4221
0.4222
0.4223
0.4224
0.4225
0.4226
0.4227
0.4228
0.4229
0.423
0.4231
0.4232
0.4233
0.4234
0.4235
0.4236
0.4237
0.4238
0.4239
0.424
0.4241
0.4242
0.4243
0.4244
0.4245
0.4246
0.4247
0.4248
0.4249
0.425
0.4251
0.4252
0.4253
0.4254
0.4255
0.4256
0.4257
0.4258
0.4259
0.426
0.4261
0.4262
0.4263
0.4264
0.4265
0.4266
0.4267
0.4268
0.4269
0.427
0.4271
0.4272
0.4273
0.4274
0.4275
0.4276
0.4277
0.4278
0.4279
0.428
0.4281
0.4282
0.4283
0.4284
0.4285
0.4286
0.4287
0.4288
0.4289
0.429
0.4291
0.4292
0.4293
0.4294
0.4295
0.4296
0.4297
0.4298
0.4299
0.43
0.4301
0.4302
0.4303
0.4304
0.4305
0.4306
0.4307
0.4308
0.4309
0.431
0.4311
0.4312
0.4313
0.4314
0.4315
0.4316
0.4317
0.4318
0.4319
0.432
0.4321
0.4322
0.4323
0.4324
0.4325
0.4326
0.4327
0.4328
0.4329
0.433
0.4331
0.4332
0.4333
0.4334
0.4335
0.4336
0.4337
0.4338
0.4339
0.434
0.4341
0.4342
0.4343
0.4344
0.4345
0.4346
0.4347
0.4348
0.4349
0.435
0.4351
0.4352
0.4353
0.4354
0.4355
0.4356
0.4357
0.4358
0.4359
0.436
0.4361
0.4362
0.4363
0.4364
0.4365
0.4366
0.4367
0.4368
0.4369
0.437
0.4371
0.4372
0.4373
0.4374
0.4375
0.4376
0.4377
0.4378
0.4379
0.438
0.4381
0.4382
0.4383
0.4384
0.4385
0.4386
0.4387
0.4388
0.4389
0.439
0.4391
0.4392
0.4393
0.4394
0.4395
0.4396
0.4397
0.4398
0.4399
0.44
0.4401
0.4402
0.4403
0.4404
0.4405
0.4406
0.4407
0.4408
0.4409
0.441
0.4411
0.4412
0.4413
0.4414
0.4415
0.4416
0.4417
0.4418
0.4419
0.442
0.4421
0.4422
0.4423
0.4424
0.4425
0.4426
0.4427
0.4428
0.4429
0.443
0.4431
0.4432
0.4433
0.4434
0.4435
0.4436
0.4437
0.4438
0.4439
0.444
0.4441
0.4442
0.4443
0.4444
0.4445
0.4446
0.4447
0.4448
0.4449
0.445
0.4451
0.4452
0.4453
0.4454
0.4455
0.4456
0.4457
0.4458
0.4459
0.446
0.4461
0.4462
0.4463
0.4464
0.4465
0.4466
0.4467
0.4468
0.4469
0.447
0.4471
0.4472
0.4473
0.4474
0.4475
0.4476
0.4477
0.4478
0.4479
0.448
0.4481
0.4482
0.4483
0.4484
0.4485
0.4486
0.4487
0.4488
0.4489
0.449
0.4491
0.4492
0.4493
0.4494
0.4495
0.4496
0.4497
0.4498
0.4499
0.45
0.4501
0.4502
0.4503
0.4504
0.4505
0.4506
0.4507
0.4508
0.4509
0.451
0.4511
0.4512
0.4513
0.4514
0.4515
0.4516
0.4517
0.4518
0.4519
0.452
0.4521
0.4522
0.4523
0.4524
0.4525
0.4526
0.4527
0.4528
0.4529
0.453
0.4531
0.4532
0.4533
0.4534
0.4535
0.4536
0.4537
0.4538
0.4539
0.454
0.4541
0.4542
0.4543
0.4544
0.4545
0.4546
0.4547
0.4548
0.4549
0.455
0.4551
0.4552
0.4553
0.4554
0.4555
0.4556
0.4557
0.4558
0.4559
0.456
0.4561
0.4562
0.4563
0.4564
0.4565
0.4566
0.4567
0.4568
0.4569
0.457
0.4571
0.4572
0.4573
0.4574
0.4575
0.4576
0.4577
0.4578
0.4579
0.458
0.4581
0.4582
0.4583
0.4584
0.4585
0.4586
0.4587
0.4588
0.4589
0.459
0.4591
0.4592
0.4593
0.4594
0.4595
0.4596
0.4597
0.4598
0.4599
0.46
0.4601
0.4602
0.4603
0.4604
0.4605
0.4606
0.4607
0.4608
0.4609
0.461
0.4611
0.4612
0.4613
0.4614
0.4615
0.4616
0.4617
0.4618
0.4619
0.462
0.4621
0.4622
0.4623
0.4624
0.4625
0.4626
0.4627
0.4628
0.4629
0.463
0.4631
0.4632
0.4633
0.4634
0.4635
0.4636
0.4637
0.4638
0.4639
0.464
0.4641
0.4642
0.4643
0.4644
0.4645
0.4646
0.4647
0.4648
0.4649
0.465
0.4651
0.4652
0.4653
0.4654
0.4655
0.4656
0.4657
0.4658
0.4659
0.466
0.4661
0.4662
0.4663
0.4664
0.4665
0.4666
0.4667
0.4668
0.4669
0.467
0.4671
0.4672
0.4673
0.4674
0.4675
0.4676
0.4677
0.4678
0.4679
0.468
0.4681
0.4682
0.4683
0.4684
0.4685
0.4686
0.4687
0.4688
0.4689
0.469
0.4691
0.4692
0.4693
0.4694
0.4695
0.4696
0.4697
0.4698
0.4699
0.47
0.4701
0.4702
0.4703
0.4704
0.4705
0.4706
0.4707
0.4708
0.4709
0.471
0.4711
0.4712
0.4713
0.4714
0.4715
0.4716
0.4717
0.4718
0.4719
0.472
0.4721
0.4722
0.4723
0.4724
0.4725
0.4726
0.4727
0.4728
0.4729
0.473
0.4731
0.4732
0.4733
0.4734
0.4735
0.4736
0.4737
0.4738
0.4739
0.474
0.4741
0.4742
0.4743
0.4744
0.4745
0.4746
0.4747
0.4748
0.4749
0.475
0.4751
0.4752
0.4753
0.4754
0.4755
0.4756
0.4757
0.4758
0.4759
0.476
0.4761
0.4762
0.4763
0.4764
0.4765
0.4766
0.4767
0.4768
0.4769
0.477
0.4771
0.4772
0.4773
0.4774
0.4775
0.4776
0.4777
0.4778
0.4779
0.478
0.4781
0.4782
0.4783
0.4784
0.4785
0.4786
0.4787
0.4788
0.4789
0.479
0.4791
0.4792
0.4793
0.4794
0.4795
0.4796
0.4797
0.4798
0.4799
0.48
0.4801
0.4802
0.4803
0.4804
0.4805
0.4806
0.4807
0.4808
0.4809
0.481
0.4811
0.4812
0.4813
0.4814
0.4815
0.4816
0.4817
0.4818
0.4819
0.482
0.4821
0.4822
0.4823
0.4824
0.4825
0.4826
0.4827
0.4828
0.4829
0.483
0.4831
0.4832
0.4833
0.4834
0.4835
0.4836
0.4837
0.4838
0.4839
0.484
0.4841
0.4842
0.4843
0.4844
0.4845
0.4846
0.4847
0.4848
0.4849
0.485
0.4851
0.4852
0.4853
0.4854
0.4855
0.4856
0.4857
0.4858
0.4859
0.486
0.4861
0.4862
0.4863
0.4864
0.4865
0.4866
0.4867
0.4868
0.4869
0.487
0.4871
0.4872
0.4873
0.4874
0.4875
0.4876
0.4877
0.4878
0.4879
0.488
0.4881
0.4882
0.4883
0.4884
0.4885
0.4886
0.4887
0.4888
0.4889
0.489
0.4891
0.4892
0.4893
0.4894
0.4895
0.4896
0.4897
0.4898
0.4899
0.49
0.4901
0.4902
0.4903
0.4904
0.4905
0.4906
0.4907
0.4908
0.4909
0.491
0.4911
0.4912
0.4913
0.4914
0.4915
0.4916
0.4917
0.4918
0.4919
0.492
0.4921
0.4922
0.4923
0.4924
0.4925
0.4926
0.4927
0.4928
0.4929
0.493
0.4931
0.4932
0.4933
0.4934
0.4935
0.4936
0.4937
0.4938
0.4939
0.494
0.4941
0.4942
0.4943
0.4944
0.4945
0.4946
0.4947
0.4948
0.4949
0.495
0.4951
0.4952
0.4953
0.4954
0.4955
0.4956
0.4957
0.4958
0.4959
0.496
0.4961
0.4962
0.4963
0.4964
0.4965
0.4966
0.4967
0.4968
0.4969
0.497
0.4971
0.4972
0.4973
0.4974
0.4975
0.4976
0.4977
0.4978
0.4979
0.498
0.4981
0.4982
0.4983
0.4984
0.4985
0.4986
0.4987
0.4988
0.4989
0.499
0.4991
0.4992
0.4993
0.4994
0.4995
0.4996
0.4997
0.4998
0.4999
0.5
0.5001
0.5002
0.5003
0.5004
0.5005
0.5006
0.5007
0.5008
0.5009
0.501
0.5011
0.5012
0.5013
0.5014
0.5015
0.5016
0.5017
0.5018
0.5019
0.502
0.5021
0.5022
0.5023
0.5024
0.5025
0.5026
0.5027
0.5028
0.5029
0.503
0.5031
0.5032
0.5033
0.5034
0.5035
0.5036
0.5037
0.5038
0.5039
0.504
0.5041
0.5042
0.5043
0.5044
0.5045
0.5046
0.5047
0.5048
0.5049
0.505
0.5051
0.5052
0.5053
0.5054
0.5055
0.5056
0.5057
0.5058
0.5059
0.506
0.5061
0.5062
0.5063
0.5064
0.5065
0.5066
0.5067
0.5068
0.5069
0.507
0.5071
0.5072
0.5073
0.5074
0.5075
0.5076
0.5077
0.5078
0.5079
0.508
0.5081
0.5082
0.5083
0.5084
0.5085
0.5086
0.5087
0.5088
0.5089
0.509
0.5091
0.5092
0.5093
0.5094
0.5095
0.5096
0.5097
0.5098
0.5099
0.51
0.5101
0.5102
0.5103
0.5104
0.5105
0.5106
0.5107
0.5108
0.5109
0.511
0.5111
0.5112
0.5113
0.5114
0.5115
0.5116
0.5117
0.5118
0.5119
0.512
0.5121
0.5122
0.5123
0.5124
0.5125
0.5126
0.5127
0.5128
0.5129
0.513
0.5131
0.5132
0.5133
0.5134
0.5135
0.5136
0.5137
0.5138
0.5139
0.514
0.5141
0.5142
0.5143
0.5144
0.5145
0.5146
0.5147
0.5148
0.5149
0.515
0.5151
0.5152
0.5153
0.5154
0.5155
0.5156
0.5157
0.5158
0.5159
0.516
0.5161
0.5162
0.5163
0.5164
0.5165
0.5166
0.5167
0.5168
0.5169
0.517
0.5171
0.5172
0.5173
0.5174
0.5175
0.5176
0.5177
0.5178
0.5179
0.518
0.5181
0.5182
0.5183
0.5184
0.5185
0.5186
0.5187
0.5188
0.5189
0.519
0.5191
0.5192
0.5193
0.5194
0.5195
0.5196
0.5197
0.5198
0.5199
0.52
0.5201
0.5202
0.5203
0.5204
0.5205
0.5206
0.5207
0.5208
0.5209
0.521
0.5211
0.5212
0.5213
0.5214
0.5215
0.5216
0.5217
0.5218
0.5219
0.522
0.5221
0.5222
0.5223
0.5224
0.5225
0.5226
0.5227
0.5228
0.5229
0.523
0.5231
0.5232
0.5233
0.5234
0.5235
0.5236
0.5237
0.5238
0.5239
0.524
0.5241
0.5242
0.5243
0.5244
0.5245
0.5246
0.5247
0.5248
0.5249
0.525
0.5251
0.5252
0.5253
0.5254
0.5255
0.5256
0.5257
0.5258
0.5259
0.526
0.5261
0.5262
0.5263
0.5264
0.5265
0.5266
0.5267
0.5268
0.5269
0.527
0.5271
0.5272
0.5273
0.5274
0.5275
0.5276
0.5277
0.5278
0.5279
0.528
0.5281
0.5282
0.5283
0.5284
0.5285
0.5286
0.5287
0.5288
0.5289
0.529
0.5291
0.5292
0.5293
0.5294
0.5295
0.5296
0.5297
0.5298
0.5299
0.53
0.5301
0.5302
0.5303
0.5304
0.5305
0.5306
0.5307
0.5308
0.5309
0.531
0.5311
0.5312
0.5313
0.5314
0.5315
0.5316
0.5317
0.5318
0.5319
0.532
0.5321
0.5322
0.5323
0.5324
0.5325
0.5326
0.5327
0.5328
0.5329
0.533
0.5331
0.5332
0.5333
0.5334
0.5335
0.5336
0.5337
0.5338
0.5339
0.534
0.5341
0.5342
0.5343
0.5344
0.5345
0.5346
0.5347
0.5348
0.5349
0.535
0.5351
0.5352
0.5353
0.5354
0.5355
0.5356
0.5357
0.5358
0.5359
0.536
0.5361
0.5362
0.5363
0.5364
0.5365
0.5366
0.5367
0.5368
0.5369
0.537
0.5371
0.5372
0.5373
0.5374
0.5375
0.5376
0.5377
0.5378
0.5379
0.538
0.5381
0.5382
0.5383
0.5384
0.5385
0.5386
0.5387
0.5388
0.5389
0.539
0.5391
0.5392
0.5393
0.5394
0.5395
0.5396
0.5397
0.5398
0.5399
0.54
0.5401
0.5402
0.5403
0.5404
0.5405
0.5406
0.5407
0.5408
0.5409
0.541
0.5411
0.5412
0.5413
0.5414
0.5415
0.5416
0.5417
0.5418
0.5419
0.542
0.5421
0.5422
0.5423
0.5424
0.5425
0.5426
0.5427
0.5428
0.5429
0.543
0.5431
0.5432
0.5433
0.5434
0.5435
0.5436
0.5437
0.5438
0.5439
0.544
0.5441
0.5442
0.5443
0.5444
0.5445
0.5446
0.5447
0.5448
0.5449
0.545
0.5451
0.5452
0.5453
0.5454
0.5455
0.5456
0.5457
0.5458
0.5459
0.546
0.5461
0.5462
0.5463
0.5464
0.5465
0.5466
0.5467
0.5468
0.5469
0.547
0.5471
0.5472
0.5473
0.5474
0.5475
0.5476
0.5477
0.5478
0.5479
0.548
0.5481
0.5482
0.5483
0.5484
0.5485
0.5486
0.5487
0.5488
0.5489
0.549
0.5491
0.5492
0.5493
0.5494
0.5495
0.5496
0.5497
0.5498
0.5499
0.55
0.5501
0.5502
0.5503
0.5504
0.5505
0.5506
0.5507
0.5508
0.5509
0.551
0.5511
0.5512
0.5513
0.5514
0.5515
0.5516
0.5517
0.5518
0.5519
0.552
0.5521
0.5522
0.5523
0.5524
0.5525
0.5526
0.5527
0.5528
0.5529
0.553
0.5531
0.5532
0.5533
0.5534
0.5535
0.5536
0.5537
0.5538
0.5539
0.554
0.5541
0.5542
0.5543
0.5544
0.5545
0.5546
0.5547
0.5548
0.5549
0.555
0.5551
0.5552
0.5553
0.5554
0.5555
0.5556
0.5557
0.5558
0.5559
0.556
0.5561
0.5562
0.5563
0.5564
0.5565
0.5566
0.5567
0.5568
0.5569
0.557
0.5571
0.5572
0.5573
0.5574
0.5575
0.5576
0.5577
0.5578
0.5579
0.558
0.5581
0.5582
0.5583
0.5584
0.5585
0.5586
0.5587
0.5588
0.5589
0.559
0.5591
0.5592
0.5593
0.5594
0.5595
0.5596
0.5597
0.5598
0.5599
0.56
0.5601
0.5602
0.5603
0.5604
0.5605
0.5606
0.5607
0.5608
0.5609
0.561
0.5611
0.5612
0.5613
0.5614
0.5615
0.5616
0.5617
0.5618
0.5619
0.562
0.5621
0.5622
0.5623
0.5624
0.5625
0.5626
0.5627
0.5628
0.5629
0.563
0.5631
0.5632
0.5633
0.5634
0.5635
0.5636
0.5637
0.5638
0.5639
0.564
0.5641
0.5642
0.5643
0.5644
0.5645
0.5646
0.5647
0.5648
0.5649
0.565
0.5651
0.5652
0.5653
0.5654
0.5655
0.5656
0.5657
0.5658
0.5659
0.566
0.5661
0.5662
0.5663
0.5664
0.5665
0.5666
0.5667
0.5668
0.5669
0.567
0.5671
0.5672
0.5673
0.5674
0.5675
0.5676
0.5677
0.5678
0.5679
0.568
0.5681
0.5682
0.5683
0.5684
0.5685
0.5686
0.5687
0.5688
0.5689
0.569
0.5691
0.5692
0.5693
0.5694
0.5695
0.5696
0.5697
0.5698
0.5699
0.57
0.5701
0.5702
0.5703
0.5704
0.5705
0.5706
0.5707
0.5708
0.5709
0.571
0.5711
0.5712
0.5713
0.5714
0.5715
0.5716
0.5717
0.5718
0.5719
0.572
0.5721
0.5722
0.5723
0.5724
0.5725
0.5726
0.5727
0.5728
0.5729
0.573
0.5731
0.5732
0.5733
0.5734
0.5735
0.5736
0.5737
0.5738
0.5739
0.574
0.5741
0.5742
0.5743
0.5744
0.5745
0.5746
0.5747
0.5748
0.5749
0.575
0.5751
0.5752
0.5753
0.5754
0.5755
0.5756
0.5757
0.5758
0.5759
0.576
0.5761
0.5762
0.5763
0.5764
0.5765
0.5766
0.5767
0.5768
0.5769
0.577
0.5771
0.5772
0.5773
0.5774
0.5775
0.5776
0.5777
0.5778
0.5779
0.578
0.5781
0.5782
0.5783
0.5784
0.5785
0.5786
0.5787
0.5788
0.5789
0.579
0.5791
0.5792
0.5793
0.5794
0.5795
0.5796
0.5797
0.5798
0.5799
0.58
0.5801
0.5802
0.5803
0.5804
0.5805
0.5806
0.5807
0.5808
0.5809
0.581
0.5811
0.5812
0.5813
0.5814
0.5815
0.5816
0.5817
0.5818
0.5819
0.582
0.5821
0.5822
0.5823
0.5824
0.5825
0.5826
0.5827
0.5828
0.5829
0.583
0.5831
0.5832
0.5833
0.5834
0.5835
0.5836
0.5837
0.5838
0.5839
0.584
0.5841
0.5842
0.5843
0.5844
0.5845
0.5846
0.5847
0.5848
0.5849
0.585
0.5851
0.5852
0.5853
0.5854
0.5855
0.5856
0.5857
0.5858
0.5859
0.586
0.5861
0.5862
0.5863
0.5864
0.5865
0.5866
0.5867
0.5868
0.5869
0.587
0.5871
0.5872
0.5873
0.5874
0.5875
0.5876
0.5877
0.5878
0.5879
0.588
0.5881
0.5882
0.5883
0.5884
0.5885
0.5886
0.5887
0.5888
0.5889
0.589
0.5891
0.5892
0.5893
0.5894
0.5895
0.5896
0.5897
0.5898
0.5899
0.59
0.5901
0.5902
0.5903
0.5904
0.5905
0.5906
0.5907
0.5908
0.5909
0.591
0.5911
0.5912
0.5913
0.5914
0.5915
0.5916
0.5917
0.5918
0.5919
0.592
0.5921
0.5922
0.5923
0.5924
0.5925
0.5926
0.5927
0.5928
0.5929
0.593
0.5931
0.5932
0.5933
0.5934
0.5935
0.5936
0.5937
0.5938
0.5939
0.594
0.5941
0.5942
0.5943
0.5944
0.5945
0.5946
0.5947
0.5948
0.5949
0.595
0.5951
0.5952
0.5953
0.5954
0.5955
0.5956
0.5957
0.5958
0.5959
0.596
0.5961
0.5962
0.5963
0.5964
0.5965
0.5966
0.5967
0.5968
0.5969
0.597
0.5971
0.5972
0.5973
0.5974
0.5975
0.5976
0.5977
0.5978
0.5979
0.598
0.5981
0.5982
0.5983
0.5984
0.5985
0.5986
0.5987
0.5988
0.5989
0.599
0.5991
0.5992
0.5993
0.5994
0.5995
0.5996
0.5997
0.5998
0.5999
0.6
0.6001
0.6002
0.6003
0.6004
0.6005
0.6006
0.6007
0.6008
0.6009
0.601
0.6011
0.6012
0.6013
0.6014
0.6015
0.6016
0.6017
0.6018
0.6019
0.602
0.6021
0.6022
0.6023
0.6024
0.6025
0.6026
0.6027
0.6028
0.6029
0.603
0.6031
0.6032
0.6033
0.6034
0.6035
0.6036
0.6037
0.6038
0.6039
0.604
0.6041
0.6042
0.6043
0.6044
0.6045
0.6046
0.6047
0.6048
0.6049
0.605
0.6051
0.6052
0.6053
0.6054
0.6055
0.6056
0.6057
0.6058
0.6059
0.606
0.6061
0.6062
0.6063
0.6064
0.6065
0.6066
0.6067
0.6068
0.6069
0.607
0.6071
0.6072
0.6073
0.6074
0.6075
0.6076
0.6077
0.6078
0.6079
0.608
0.6081
0.6082
0.6083
0.6084
0.6085
0.6086
0.6087
0.6088
0.6089
0.609
0.6091
0.6092
0.6093
0.6094
0.6095
0.6096
0.6097
0.6098
0.6099
0.61
0.6101
0.6102
0.6103
0.6104
0.6105
0.6106
0.6107
0.6108
0.6109
0.611
0.6111
0.6112
0.6113
0.6114
0.6115
0.6116
0.6117
0.6118
0.6119
0.612
0.6121
0.6122
0.6123
0.6124
0.6125
0.6126
0.6127
0.6128
0.6129
0.613
0.6131
0.6132
0.6133
0.6134
0.6135
0.6136
0.6137
0.6138
0.6139
0.614
0.6141
0.6142
0.6143
0.6144
0.6145
0.6146
0.6147
0.6148
0.6149
0.615
0.6151
0.6152
0.6153
0.6154
0.6155
0.6156
0.6157
0.6158
0.6159
0.616
0.6161
0.6162
0.6163
0.6164
0.6165
0.6166
0.6167
0.6168
0.6169
0.617
0.6171
0.6172
0.6173
0.6174
0.6175
0.6176
0.6177
0.6178
0.6179
0.618
0.6181
0.6182
0.6183
0.6184
0.6185
0.6186
0.6187
0.6188
0.6189
0.619
0.6191
0.6192
0.6193
0.6194
0.6195
0.6196
0.6197
0.6198
0.6199
0.62
0.6201
0.6202
0.6203
0.6204
0.6205
0.6206
0.6207
0.6208
0.6209
0.621
0.6211
0.6212
0.6213
0.6214
0.6215
0.6216
0.6217
0.6218
0.6219
0.622
0.6221
0.6222
0.6223
0.6224
0.6225
0.6226
0.6227
0.6228
0.6229
0.623
0.6231
0.6232
0.6233
0.6234
0.6235
0.6236
0.6237
0.6238
0.6239
0.624
0.6241
0.6242
0.6243
0.6244
0.6245
0.6246
0.6247
0.6248
0.6249
0.625
0.6251
0.6252
0.6253
0.6254
0.6255
0.6256
0.6257
0.6258
0.6259
0.626
0.6261
0.6262
0.6263
0.6264
0.6265
0.6266
0.6267
0.6268
0.6269
0.627
0.6271
0.6272
0.6273
0.6274
0.6275
0.6276
0.6277
0.6278
0.6279
0.628
0.6281
0.6282
0.6283
0.6284
0.6285
0.6286
0.6287
0.6288
0.6289
0.629
0.6291
0.6292
0.6293
0.6294
0.6295
0.6296
0.6297
0.6298
0.6299
0.63
0.6301
0.6302
0.6303
0.6304
0.6305
0.6306
0.6307
0.6308
0.6309
0.631
0.6311
0.6312
0.6313
0.6314
0.6315
0.6316
0.6317
0.6318
0.6319
0.632
0.6321
0.6322
0.6323
0.6324
0.6325
0.6326
0.6327
0.6328
0.6329
0.633
0.6331
0.6332
0.6333
0.6334
0.6335
0.6336
0.6337
0.6338
0.6339
0.634
0.6341
0.6342
0.6343
0.6344
0.6345
0.6346
0.6347
0.6348
0.6349
0.635
0.6351
0.6352
0.6353
0.6354
0.6355
0.6356
0.6357
0.6358
0.6359
0.636
0.6361
0.6362
0.6363
0.6364
0.6365
0.6366
0.6367
0.6368
0.6369
0.637
0.6371
0.6372
0.6373
0.6374
0.6375
0.6376
0.6377
0.6378
0.6379
0.638
0.6381
0.6382
0.6383
0.6384
0.6385
0.6386
0.6387
0.6388
0.6389
0.639
0.6391
0.6392
0.6393
0.6394
0.6395
0.6396
0.6397
0.6398
0.6399
0.64
0.6401
0.6402
0.6403
0.6404
0.6405
0.6406
0.6407
0.6408
0.6409
0.641
0.6411
0.6412
0.6413
0.6414
0.6415
0.6416
0.6417
0.6418
0.6419
0.642
0.6421
0.6422
0.6423
0.6424
0.6425
0.6426
0.6427
0.6428
0.6429
0.643
0.6431
0.6432
0.6433
0.6434
0.6435
0.6436
0.6437
0.6438
0.6439
0.644
0.6441
0.6442
0.6443
0.6444
0.6445
0.6446
0.6447
0.6448
0.6449
0.645
0.6451
0.6452
0.6453
0.6454
0.6455
0.6456
0.6457
0.6458
0.6459
0.646
0.6461
0.6462
0.6463
0.6464
0.6465
0.6466
0.6467
0.6468
0.6469
0.647
0.6471
0.6472
0.6473
0.6474
0.6475
0.6476
0.6477
0.6478
0.6479
0.648
0.6481
0.6482
0.6483
0.6484
0.6485
0.6486
0.6487
0.6488
0.6489
0.649
0.6491
0.6492
0.6493
0.6494
0.6495
0.6496
0.6497
0.6498
0.6499
0.65
0.6501
0.6502
0.6503
0.6504
0.6505
0.6506
0.6507
0.6508
0.6509
0.651
0.6511
0.6512
0.6513
0.6514
0.6515
0.6516
0.6517
0.6518
0.6519
0.652
0.6521
0.6522
0.6523
0.6524
0.6525
0.6526
0.6527
0.6528
0.6529
0.653
0.6531
0.6532
0.6533
0.6534
0.6535
0.6536
0.6537
0.6538
0.6539
0.654
0.6541
0.6542
0.6543
0.6544
0.6545
0.6546
0.6547
0.6548
0.6549
0.655
0.6551
0.6552
0.6553
0.6554
0.6555
0.6556
0.6557
0.6558
0.6559
0.656
0.6561
0.6562
0.6563
0.6564
0.6565
0.6566
0.6567
0.6568
0.6569
0.657
0.6571
0.6572
0.6573
0.6574
0.6575
0.6576
0.6577
0.6578
0.6579
0.658
0.6581
0.6582
0.6583
0.6584
0.6585
0.6586
0.6587
0.6588
0.6589
0.659
0.6591
0.6592
0.6593
0.6594
0.6595
0.6596
0.6597
0.6598
0.6599
0.66
0.6601
0.6602
0.6603
0.6604
0.6605
0.6606
0.6607
0.6608
0.6609
0.661
0.6611
0.6612
0.6613
0.6614
0.6615
0.6616
0.6617
0.6618
0.6619
0.662
0.6621
0.6622
0.6623
0.6624
0.6625
0.6626
0.6627
0.6628
0.6629
0.663
0.6631
0.6632
0.6633
0.6634
0.6635
0.6636
0.6637
0.6638
0.6639
0.664
0.6641
0.6642
0.6643
0.6644
0.6645
0.6646
0.6647
0.6648
0.6649
0.665
0.6651
0.6652
0.6653
0.6654
0.6655
0.6656
0.6657
0.6658
0.6659
0.666
0.6661
0.6662
0.6663
0.6664
0.6665
0.6666
0.6667
0.6668
0.6669
0.667
0.6671
0.6672
0.6673
0.6674
0.6675
0.6676
0.6677
0.6678
0.6679
0.668
0.6681
0.6682
0.6683
0.6684
0.6685
0.6686
0.6687
0.6688
0.6689
0.669
0.6691
0.6692
0.6693
0.6694
0.6695
0.6696
0.6697
0.6698
0.6699
0.67
0.6701
0.6702
0.6703
0.6704
0.6705
0.6706
0.6707
0.6708
0.6709
0.671
0.6711
0.6712
0.6713
0.6714
0.6715
0.6716
0.6717
0.6718
0.6719
0.672
0.6721
0.6722
0.6723
0.6724
0.6725
0.6726
0.6727
0.6728
0.6729
0.673
0.6731
0.6732
0.6733
0.6734
0.6735
0.6736
0.6737
0.6738
0.6739
0.674
0.6741
0.6742
0.6743
0.6744
0.6745
0.6746
0.6747
0.6748
0.6749
0.675
0.6751
0.6752
0.6753
0.6754
0.6755
0.6756
0.6757
0.6758
0.6759
0.676
0.6761
0.6762
0.6763
0.6764
0.6765
0.6766
0.6767
0.6768
0.6769
0.677
0.6771
0.6772
0.6773
0.6774
0.6775
0.6776
0.6777
0.6778
0.6779
0.678
0.6781
0.6782
0.6783
0.6784
0.6785
0.6786
0.6787
0.6788
0.6789
0.679
0.6791
0.6792
0.6793
0.6794
0.6795
0.6796
0.6797
0.6798
0.6799
0.68
0.6801
0.6802
0.6803
0.6804
0.6805
0.6806
0.6807
0.6808
0.6809
0.681
0.6811
0.6812
0.6813
0.6814
0.6815
0.6816
0.6817
0.6818
0.6819
0.682
0.6821
0.6822
0.6823
0.6824
0.6825
0.6826
0.6827
0.6828
0.6829
0.683
0.6831
0.6832
0.6833
0.6834
0.6835
0.6836
0.6837
0.6838
0.6839
0.684
0.6841
0.6842
0.6843
0.6844
0.6845
0.6846
0.6847
0.6848
0.6849
0.685
0.6851
0.6852
0.6853
0.6854
0.6855
0.6856
0.6857
0.6858
0.6859
0.686
0.6861
0.6862
0.6863
0.6864
0.6865
0.6866
0.6867
0.6868
0.6869
0.687
0.6871
0.6872
0.6873
0.6874
0.6875
0.6876
0.6877
0.6878
0.6879
0.688
0.6881
0.6882
0.6883
0.6884
0.6885
0.6886
0.6887
0.6888
0.6889
0.689
0.6891
0.6892
0.6893
0.6894
0.6895
0.6896
0.6897
0.6898
0.6899
0.69
0.6901
0.6902
0.6903
0.6904
0.6905
0.6906
0.6907
0.6908
0.6909
0.691
0.6911
0.6912
0.6913
0.6914
0.6915
0.6916
0.6917
0.6918
0.6919
0.692
0.6921
0.6922
0.6923
0.6924
0.6925
0.6926
0.6927
0.6928
0.6929
0.693
0.6931
0.6932
0.6933
0.6934
0.6935
0.6936
0.6937
0.6938
0.6939
0.694
0.6941
0.6942
0.6943
0.6944
0.6945
0.6946
0.6947
0.6948
0.6949
0.695
0.6951
0.6952
0.6953
0.6954
0.6955
0.6956
0.6957
0.6958
0.6959
0.696
0.6961
0.6962
0.6963
0.6964
0.6965
0.6966
0.6967
0.6968
0.6969
0.697
0.6971
0.6972
0.6973
0.6974
0.6975
0.6976
0.6977
0.6978
0.6979
0.698
0.6981
0.6982
0.6983
0.6984
0.6985
0.6986
0.6987
0.6988
0.6989
0.699
0.6991
0.6992
0.6993
0.6994
0.6995
0.6996
0.6997
0.6998
0.6999
0.7
0.7001
0.7002
0.7003
0.7004
0.7005
0.7006
0.7007
0.7008
0.7009
0.701
0.7011
0.7012
0.7013
0.7014
0.7015
0.7016
0.7017
0.7018
0.7019
0.702
0.7021
0.7022
0.7023
0.7024
0.7025
0.7026
0.7027
0.7028
0.7029
0.703
0.7031
0.7032
0.7033
0.7034
0.7035
0.7036
0.7037
0.7038
0.7039
0.704
0.7041
0.7042
0.7043
0.7044
0.7045
0.7046
0.7047
0.7048
0.7049
0.705
0.7051
0.7052
0.7053
0.7054
0.7055
0.7056
0.7057
0.7058
0.7059
0.706
0.7061
0.7062
0.7063
0.7064
0.7065
0.7066
0.7067
0.7068
0.7069
0.707
0.7071
0.7072
0.7073
0.7074
0.7075
0.7076
0.7077
0.7078
0.7079
0.708
0.7081
0.7082
0.7083
0.7084
0.7085
0.7086
0.7087
0.7088
0.7089
0.709
0.7091
0.7092
0.7093
0.7094
0.7095
0.7096
0.7097
0.7098
0.7099
0.71
0.7101
0.7102
0.7103
0.7104
0.7105
0.7106
0.7107
0.7108
0.7109
0.711
0.7111
0.7112
0.7113
0.7114
0.7115
0.7116
0.7117
0.7118
0.7119
0.712
0.7121
0.7122
0.7123
0.7124
0.7125
0.7126
0.7127
0.7128
0.7129
0.713
0.7131
0.7132
0.7133
0.7134
0.7135
0.7136
0.7137
0.7138
0.7139
0.714
0.7141
0.7142
0.7143
0.7144
0.7145
0.7146
0.7147
0.7148
0.7149
0.715
0.7151
0.7152
0.7153
0.7154
0.7155
0.7156
0.7157
0.7158
0.7159
0.716
0.7161
0.7162
0.7163
0.7164
0.7165
0.7166
0.7167
0.7168
0.7169
0.717
0.7171
0.7172
0.7173
0.7174
0.7175
0.7176
0.7177
0.7178
0.7179
0.718
0.7181
0.7182
0.7183
0.7184
0.7185
0.7186
0.7187
0.7188
0.7189
0.719
0.7191
0.7192
0.7193
0.7194
0.7195
0.7196
0.7197
0.7198
0.7199
0.72
0.7201
0.7202
0.7203
0.7204
0.7205
0.7206
0.7207
0.7208
0.7209
0.721
0.7211
0.7212
0.7213
0.7214
0.7215
0.7216
0.7217
0.7218
0.7219
0.722
0.7221
0.7222
0.7223
0.7224
0.7225
0.7226
0.7227
0.7228
0.7229
0.723
0.7231
0.7232
0.7233
0.7234
0.7235
0.7236
0.7237
0.7238
0.7239
0.724
0.7241
0.7242
0.7243
0.7244
0.7245
0.7246
0.7247
0.7248
0.7249
0.725
0.7251
0.7252
0.7253
0.7254
0.7255
0.7256
0.7257
0.7258
0.7259
0.726
0.7261
0.7262
0.7263
0.7264
0.7265
0.7266
0.7267
0.7268
0.7269
0.727
0.7271
0.7272
0.7273
0.7274
0.7275
0.7276
0.7277
0.7278
0.7279
0.728
0.7281
0.7282
0.7283
0.7284
0.7285
0.7286
0.7287
0.7288
0.7289
0.729
0.7291
0.7292
0.7293
0.7294
0.7295
0.7296
0.7297
0.7298
0.7299
0.73
0.7301
0.7302
0.7303
0.7304
0.7305
0.7306
0.7307
0.7308
0.7309
0.731
0.7311
0.7312
0.7313
0.7314
0.7315
0.7316
0.7317
0.7318
0.7319
0.732
0.7321
0.7322
0.7323
0.7324
0.7325
0.7326
0.7327
0.7328
0.7329
0.733
0.7331
0.7332
0.7333
0.7334
0.7335
0.7336
0.7337
0.7338
0.7339
0.734
0.7341
0.7342
0.7343
0.7344
0.7345
0.7346
0.7347
0.7348
0.7349
0.735
0.7351
0.7352
0.7353
0.7354
0.7355
0.7356
0.7357
0.7358
0.7359
0.736
0.7361
0.7362
0.7363
0.7364
0.7365
0.7366
0.7367
0.7368
0.7369
0.737
0.7371
0.7372
0.7373
0.7374
0.7375
0.7376
0.7377
0.7378
0.7379
0.738
0.7381
0.7382
0.7383
0.7384
0.7385
0.7386
0.7387
0.7388
0.7389
0.739
0.7391
0.7392
0.7393
0.7394
0.7395
0.7396
0.7397
0.7398
0.7399
0.74
0.7401
0.7402
0.7403
0.7404
0.7405
0.7406
0.7407
0.7408
0.7409
0.741
0.7411
0.7412
0.7413
0.7414
0.7415
0.7416
0.7417
0.7418
0.7419
0.742
0.7421
0.7422
0.7423
0.7424
0.7425
0.7426
0.7427
0.7428
0.7429
0.743
0.7431
0.7432
0.7433
0.7434
0.7435
0.7436
0.7437
0.7438
0.7439
0.744
0.7441
0.7442
0.7443
0.7444
0.7445
0.7446
0.7447
0.7448
0.7449
0.745
0.7451
0.7452
0.7453
0.7454
0.7455
0.7456
0.7457
0.7458
0.7459
0.746
0.7461
0.7462
0.7463
0.7464
0.7465
0.7466
0.7467
0.7468
0.7469
0.747
0.7471
0.7472
0.7473
0.7474
0.7475
0.7476
0.7477
0.7478
0.7479
0.748
0.7481
0.7482
0.7483
0.7484
0.7485
0.7486
0.7487
0.7488
0.7489
0.749
0.7491
0.7492
0.7493
0.7494
0.7495
0.7496
0.7497
0.7498
0.7499
0.75
0.7501
0.7502
0.7503
0.7504
0.7505
0.7506
0.7507
0.7508
0.7509
0.751
0.7511
0.7512
0.7513
0.7514
0.7515
0.7516
0.7517
0.7518
0.7519
0.752
0.7521
0.7522
0.7523
0.7524
0.7525
0.7526
0.7527
0.7528
0.7529
0.753
0.7531
0.7532
0.7533
0.7534
0.7535
0.7536
0.7537
0.7538
0.7539
0.754
0.7541
0.7542
0.7543
0.7544
0.7545
0.7546
0.7547
0.7548
0.7549
0.755
0.7551
0.7552
0.7553
0.7554
0.7555
0.7556
0.7557
0.7558
0.7559
0.756
0.7561
0.7562
0.7563
0.7564
0.7565
0.7566
0.7567
0.7568
0.7569
0.757
0.7571
0.7572
0.7573
0.7574
0.7575
0.7576
0.7577
0.7578
0.7579
0.758
0.7581
0.7582
0.7583
0.7584
0.7585
0.7586
0.7587
0.7588
0.7589
0.759
0.7591
0.7592
0.7593
0.7594
0.7595
0.7596
0.7597
0.7598
0.7599
0.76
0.7601
0.7602
0.7603
0.7604
0.7605
0.7606
0.7607
0.7608
0.7609
0.761
0.7611
0.7612
0.7613
0.7614
0.7615
0.7616
0.7617
0.7618
0.7619
0.762
0.7621
0.7622
0.7623
0.7624
0.7625
0.7626
0.7627
0.7628
0.7629
0.763
0.7631
0.7632
0.7633
0.7634
0.7635
0.7636
0.7637
0.7638
0.7639
0.764
0.7641
0.7642
0.7643
0.7644
0.7645
0.7646
0.7647
0.7648
0.7649
0.765
0.7651
0.7652
0.7653
0.7654
0.7655
0.7656
0.7657
0.7658
0.7659
0.766
0.7661
0.7662
0.7663
0.7664
0.7665
0.7666
0.7667
0.7668
0.7669
0.767
0.7671
0.7672
0.7673
0.7674
0.7675
0.7676
0.7677
0.7678
0.7679
0.768
0.7681
0.7682
0.7683
0.7684
0.7685
0.7686
0.7687
0.7688
0.7689
0.769
0.7691
0.7692
0.7693
0.7694
0.7695
0.7696
0.7697
0.7698
0.7699
0.77
0.7701
0.7702
0.7703
0.7704
0.7705
0.7706
0.7707
0.7708
0.7709
0.771
0.7711
0.7712
0.7713
0.7714
0.7715
0.7716
0.7717
0.7718
0.7719
0.772
0.7721
0.7722
0.7723
0.7724
0.7725
0.7726
0.7727
0.7728
0.7729
0.773
0.7731
0.7732
0.7733
0.7734
0.7735
0.7736
0.7737
0.7738
0.7739
0.774
0.7741
0.7742
0.7743
0.7744
0.7745
0.7746
0.7747
0.7748
0.7749
0.775
0.7751
0.7752
0.7753
0.7754
0.7755
0.7756
0.7757
0.7758
0.7759
0.776
0.7761
0.7762
0.7763
0.7764
0.7765
0.7766
0.7767
0.7768
0.7769
0.777
0.7771
0.7772
0.7773
0.7774
0.7775
0.7776
0.7777
0.7778
0.7779
0.778
0.7781
0.7782
0.7783
0.7784
0.7785
0.7786
0.7787
0.7788
0.7789
0.779
0.7791
0.7792
0.7793
0.7794
0.7795
0.7796
0.7797
0.7798
0.7799
0.78
0.7801
0.7802
0.7803
0.7804
0.7805
0.7806
0.7807
0.7808
0.7809
0.781
0.7811
0.7812
0.7813
0.7814
0.7815
0.7816
0.7817
0.7818
0.7819
0.782
0.7821
0.7822
0.7823
0.7824
0.7825
0.7826
0.7827
0.7828
0.7829
0.783
0.7831
0.7832
0.7833
0.7834
0.7835
0.7836
0.7837
0.7838
0.7839
0.784
0.7841
0.7842
0.7843
0.7844
0.7845
0.7846
0.7847
0.7848
0.7849
0.785
0.7851
0.7852
0.7853
0.7854
0.7855
0.7856
0.7857
0.7858
0.7859
0.786
0.7861
0.7862
0.7863
0.7864
0.7865
0.7866
0.7867
0.7868
0.7869
0.787
0.7871
0.7872
0.7873
0.7874
0.7875
0.7876
0.7877
0.7878
0.7879
0.788
0.7881
0.7882
0.7883
0.7884
0.7885
0.7886
0.7887
0.7888
0.7889
0.789
0.7891
0.7892
0.7893
0.7894
0.7895
0.7896
0.7897
0.7898
0.7899
0.79
0.7901
0.7902
0.7903
0.7904
0.7905
0.7906
0.7907
0.7908
0.7909
0.791
0.7911
0.7912
0.7913
0.7914
0.7915
0.7916
0.7917
0.7918
0.7919
0.792
0.7921
0.7922
0.7923
0.7924
0.7925
0.7926
0.7927
0.7928
0.7929
0.793
0.7931
0.7932
0.7933
0.7934
0.7935
0.7936
0.7937
0.7938
0.7939
0.794
0.7941
0.7942
0.7943
0.7944
0.7945
0.7946
0.7947
0.7948
0.7949
0.795
0.7951
0.7952
0.7953
0.7954
0.7955
0.7956
0.7957
0.7958
0.7959
0.796
0.7961
0.7962
0.7963
0.7964
0.7965
0.7966
0.7967
0.7968
0.7969
0.797
0.7971
0.7972
0.7973
0.7974
0.7975
0.7976
0.7977
0.7978
0.7979
0.798
0.7981
0.7982
0.7983
0.7984
0.7985
0.7986
0.7987
0.7988
0.7989
0.799
0.7991
0.7992
0.7993
0.7994
0.7995
0.7996
0.7997
0.7998
0.7999
0.8
0.8001
0.8002
0.8003
0.8004
0.8005
0.8006
0.8007
0.8008
0.8009
0.801
0.8011
0.8012
0.8013
0.8014
0.8015
0.8016
0.8017
0.8018
0.8019
0.802
0.8021
0.8022
0.8023
0.8024
0.8025
0.8026
0.8027
0.8028
0.8029
0.803
0.8031
0.8032
0.8033
0.8034
0.8035
0.8036
0.8037
0.8038
0.8039
0.804
0.8041
0.8042
0.8043
0.8044
0.8045
0.8046
0.8047
0.8048
0.8049
0.805
0.8051
0.8052
0.8053
0.8054
0.8055
0.8056
0.8057
0.8058
0.8059
0.806
0.8061
0.8062
0.8063
0.8064
0.8065
0.8066
0.8067
0.8068
0.8069
0.807
0.8071
0.8072
0.8073
0.8074
0.8075
0.8076
0.8077
0.8078
0.8079
0.808
0.8081
0.8082
0.8083
0.8084
0.8085
0.8086
0.8087
0.8088
0.8089
0.809
0.8091
0.8092
0.8093
0.8094
0.8095
0.8096
0.8097
0.8098
0.8099
0.81
0.8101
0.8102
0.8103
0.8104
0.8105
0.8106
0.8107
0.8108
0.8109
0.811
0.8111
0.8112
0.8113
0.8114
0.8115
0.8116
0.8117
0.8118
0.8119
0.812
0.8121
0.8122
0.8123
0.8124
0.8125
0.8126
0.8127
0.8128
0.8129
0.813
0.8131
0.8132
0.8133
0.8134
0.8135
0.8136
0.8137
0.8138
0.8139
0.814
0.8141
0.8142
0.8143
0.8144
0.8145
0.8146
0.8147
0.8148
0.8149
0.815
0.8151
0.8152
0.8153
0.8154
0.8155
0.8156
0.8157
0.8158
0.8159
0.816
0.8161
0.8162
0.8163
0.8164
0.8165
0.8166
0.8167
0.8168
0.8169
0.817
0.8171
0.8172
0.8173
0.8174
0.8175
0.8176
0.8177
0.8178
0.8179
0.818
0.8181
0.8182
0.8183
0.8184
0.8185
0.8186
0.8187
0.8188
0.8189
0.819
0.8191
0.8192
0.8193
0.8194
0.8195
0.8196
0.8197
0.8198
0.8199
0.82
0.8201
0.8202
0.8203
0.8204
0.8205
0.8206
0.8207
0.8208
0.8209
0.821
0.8211
0.8212
0.8213
0.8214
0.8215
0.8216
0.8217
0.8218
0.8219
0.822
0.8221
0.8222
0.8223
0.8224
0.8225
0.8226
0.8227
0.8228
0.8229
0.823
0.8231
0.8232
0.8233
0.8234
0.8235
0.8236
0.8237
0.8238
0.8239
0.824
0.8241
0.8242
0.8243
0.8244
0.8245
0.8246
0.8247
0.8248
0.8249
0.825
0.8251
0.8252
0.8253
0.8254
0.8255
0.8256
0.8257
0.8258
0.8259
0.826
0.8261
0.8262
0.8263
0.8264
0.8265
0.8266
0.8267
0.8268
0.8269
0.827
0.8271
0.8272
0.8273
0.8274
0.8275
0.8276
0.8277
0.8278
0.8279
0.828
0.8281
0.8282
0.8283
0.8284
0.8285
0.8286
0.8287
0.8288
0.8289
0.829
0.8291
0.8292
0.8293
0.8294
0.8295
0.8296
0.8297
0.8298
0.8299
0.83
0.8301
0.8302
0.8303
0.8304
0.8305
0.8306
0.8307
0.8308
0.8309
0.831
0.8311
0.8312
0.8313
0.8314
0.8315
0.8316
0.8317
0.8318
0.8319
0.832
0.8321
0.8322
0.8323
0.8324
0.8325
0.8326
0.8327
0.8328
0.8329
0.833
0.8331
0.8332
0.8333
0.8334
0.8335
0.8336
0.8337
0.8338
0.8339
0.834
0.8341
0.8342
0.8343
0.8344
0.8345
0.8346
0.8347
0.8348
0.8349
0.835
0.8351
0.8352
0.8353
0.8354
0.8355
0.8356
0.8357
0.8358
0.8359
0.836
0.8361
0.8362
0.8363
0.8364
0.8365
0.8366
0.8367
0.8368
0.8369
0.837
0.8371
0.8372
0.8373
0.8374
0.8375
0.8376
0.8377
0.8378
0.8379
0.838
0.8381
0.8382
0.8383
0.8384
0.8385
0.8386
0.8387
0.8388
0.8389
0.839
0.8391
0.8392
0.8393
0.8394
0.8395
0.8396
0.8397
0.8398
0.8399
0.84
0.8401
0.8402
0.8403
0.8404
0.8405
0.8406
0.8407
0.8408
0.8409
0.841
0.8411
0.8412
0.8413
0.8414
0.8415
0.8416
0.8417
0.8418
0.8419
0.842
0.8421
0.8422
0.8423
0.8424
0.8425
0.8426
0.8427
0.8428
0.8429
0.843
0.8431
0.8432
0.8433
0.8434
0.8435
0.8436
0.8437
0.8438
0.8439
0.844
0.8441
0.8442
0.8443
0.8444
0.8445
0.8446
0.8447
0.8448
0.8449
0.845
0.8451
0.8452
0.8453
0.8454
0.8455
0.8456
0.8457
0.8458
0.8459
0.846
0.8461
0.8462
0.8463
0.8464
0.8465
0.8466
0.8467
0.8468
0.8469
0.847
0.8471
0.8472
0.8473
0.8474
0.8475
0.8476
0.8477
0.8478
0.8479
0.848
0.8481
0.8482
0.8483
0.8484
0.8485
0.8486
0.8487
0.8488
0.8489
0.849
0.8491
0.8492
0.8493
0.8494
0.8495
0.8496
0.8497
0.8498
0.8499
0.85
0.8501
0.8502
0.8503
0.8504
0.8505
0.8506
0.8507
0.8508
0.8509
0.851
0.8511
0.8512
0.8513
0.8514
0.8515
0.8516
0.8517
0.8518
0.8519
0.852
0.8521
0.8522
0.8523
0.8524
0.8525
0.8526
0.8527
0.8528
0.8529
0.853
0.8531
0.8532
0.8533
0.8534
0.8535
0.8536
0.8537
0.8538
0.8539
0.854
0.8541
0.8542
0.8543
0.8544
0.8545
0.8546
0.8547
0.8548
0.8549
0.855
0.8551
0.8552
0.8553
0.8554
0.8555
0.8556
0.8557
0.8558
0.8559
0.856
0.8561
0.8562
0.8563
0.8564
0.8565
0.8566
0.8567
0.8568
0.8569
0.857
0.8571
0.8572
0.8573
0.8574
0.8575
0.8576
0.8577
0.8578
0.8579
0.858
0.8581
0.8582
0.8583
0.8584
0.8585
0.8586
0.8587
0.8588
0.8589
0.859
0.8591
0.8592
0.8593
0.8594
0.8595
0.8596
0.8597
0.8598
0.8599
0.86
0.8601
0.8602
0.8603
0.8604
0.8605
0.8606
0.8607
0.8608
0.8609
0.861
0.8611
0.8612
0.8613
0.8614
0.8615
0.8616
0.8617
0.8618
0.8619
0.862
0.8621
0.8622
0.8623
0.8624
0.8625
0.8626
0.8627
0.8628
0.8629
0.863
0.8631
0.8632
0.8633
0.8634
0.8635
0.8636
0.8637
0.8638
0.8639
0.864
0.8641
0.8642
0.8643
0.8644
0.8645
0.8646
0.8647
0.8648
0.8649
0.865
0.8651
0.8652
0.8653
0.8654
0.8655
0.8656
0.8657
0.8658
0.8659
0.866
0.8661
0.8662
0.8663
0.8664
0.8665
0.8666
0.8667
0.8668
0.8669
0.867
0.8671
0.8672
0.8673
0.8674
0.8675
0.8676
0.8677
0.8678
0.8679
0.868
0.8681
0.8682
0.8683
0.8684
0.8685
0.8686
0.8687
0.8688
0.8689
0.869
0.8691
0.8692
0.8693
0.8694
0.8695
0.8696
0.8697
0.8698
0.8699
0.87
0.8701
0.8702
0.8703
0.8704
0.8705
0.8706
0.8707
0.8708
0.8709
0.871
0.8711
0.8712
0.8713
0.8714
0.8715
0.8716
0.8717
0.8718
0.8719
0.872
0.8721
0.8722
0.8723
0.8724
0.8725
0.8726
0.8727
0.8728
0.8729
0.873
0.8731
0.8732
0.8733
0.8734
0.8735
0.8736
0.8737
0.8738
0.8739
0.874
0.8741
0.8742
0.8743
0.8744
0.8745
0.8746
0.8747
0.8748
0.8749
0.875
0.8751
0.8752
0.8753
0.8754
0.8755
0.8756
0.8757
0.8758
0.8759
0.876
0.8761
0.8762
0.8763
0.8764
0.8765
0.8766
0.8767
0.8768
0.8769
0.877
0.8771
0.8772
0.8773
0.8774
0.8775
0.8776
0.8777
0.8778
0.8779
0.878
0.8781
0.8782
0.8783
0.8784
0.8785
0.8786
0.8787
0.8788
0.8789
0.879
0.8791
0.8792
0.8793
0.8794
0.8795
0.8796
0.8797
0.8798
0.8799
0.88
0.8801
0.8802
0.8803
0.8804
0.8805
0.8806
0.8807
0.8808
0.8809
0.881
0.8811
0.8812
0.8813
0.8814
0.8815
0.8816
0.8817
0.8818
0.8819
0.882
0.8821
0.8822
0.8823
0.8824
0.8825
0.8826
0.8827
0.8828
0.8829
0.883
0.8831
0.8832
0.8833
0.8834
0.8835
0.8836
0.8837
0.8838
0.8839
0.884
0.8841
0.8842
0.8843
0.8844
0.8845
0.8846
0.8847
0.8848
0.8849
0.885
0.8851
0.8852
0.8853
0.8854
0.8855
0.8856
0.8857
0.8858
0.8859
0.886
0.8861
0.8862
0.8863
0.8864
0.8865
0.8866
0.8867
0.8868
0.8869
0.887
0.8871
0.8872
0.8873
0.8874
0.8875
0.8876
0.8877
0.8878
0.8879
0.888
0.8881
0.8882
0.8883
0.8884
0.8885
0.8886
0.8887
0.8888
0.8889
0.889
0.8891
0.8892
0.8893
0.8894
0.8895
0.8896
0.8897
0.8898
0.8899
0.89
0.8901
0.8902
0.8903
0.8904
0.8905
0.8906
0.8907
0.8908
0.8909
0.891
0.8911
0.8912
0.8913
0.8914
0.8915
0.8916
0.8917
0.8918
0.8919
0.892
0.8921
0.8922
0.8923
0.8924
0.8925
0.8926
0.8927
0.8928
0.8929
0.893
0.8931
0.8932
0.8933
0.8934
0.8935
0.8936
0.8937
0.8938
0.8939
0.894
0.8941
0.8942
0.8943
0.8944
0.8945
0.8946
0.8947
0.8948
0.8949
0.895
0.8951
0.8952
0.8953
0.8954
0.8955
0.8956
0.8957
0.8958
0.8959
0.896
0.8961
0.8962
0.8963
0.8964
0.8965
0.8966
0.8967
0.8968
0.8969
0.897
0.8971
0.8972
0.8973
0.8974
0.8975
0.8976
0.8977
0.8978
0.8979
0.898
0.8981
0.8982
0.8983
0.8984
0.8985
0.8986
0.8987
0.8988
0.8989
0.899
0.8991
0.8992
0.8993
0.8994
0.8995
0.8996
0.8997
0.8998
0.8999
0.9
0.9001
0.9002
0.9003
0.9004
0.9005
0.9006
0.9007
0.9008
0.9009
0.901
0.9011
0.9012
0.9013
0.9014
0.9015
0.9016
0.9017
0.9018
0.9019
0.902
0.9021
0.9022
0.9023
0.9024
0.9025
0.9026
0.9027
0.9028
0.9029
0.903
0.9031
0.9032
0.9033
0.9034
0.9035
0.9036
0.9037
0.9038
0.9039
0.904
0.9041
0.9042
0.9043
0.9044
0.9045
0.9046
0.9047
0.9048
0.9049
0.905
0.9051
0.9052
0.9053
0.9054
0.9055
0.9056
0.9057
0.9058
0.9059
0.906
0.9061
0.9062
0.9063
0.9064
0.9065
0.9066
0.9067
0.9068
0.9069
0.907
0.9071
0.9072
0.9073
0.9074
0.9075
0.9076
0.9077
0.9078
0.9079
0.908
0.9081
0.9082
0.9083
0.9084
0.9085
0.9086
0.9087
0.9088
0.9089
0.909
0.9091
0.9092
0.9093
0.9094
0.9095
0.9096
0.9097
0.9098
0.9099
0.91
0.9101
0.9102
0.9103
0.9104
0.9105
0.9106
0.9107
0.9108
0.9109
0.911
0.9111
0.9112
0.9113
0.9114
0.9115
0.9116
0.9117
0.9118
0.9119
0.912
0.9121
0.9122
0.9123
0.9124
0.9125
0.9126
0.9127
0.9128
0.9129
0.913
0.9131
0.9132
0.9133
0.9134
0.9135
0.9136
0.9137
0.9138
0.9139
0.914
0.9141
0.9142
0.9143
0.9144
0.9145
0.9146
0.9147
0.9148
0.9149
0.915
0.9151
0.9152
0.9153
0.9154
0.9155
0.9156
0.9157
0.9158
0.9159
0.916
0.9161
0.9162
0.9163
0.9164
0.9165
0.9166
0.9167
0.9168
0.9169
0.917
0.9171
0.9172
0.9173
0.9174
0.9175
0.9176
0.9177
0.9178
0.9179
0.918
0.9181
0.9182
0.9183
0.9184
0.9185
0.9186
0.9187
0.9188
0.9189
0.919
0.9191
0.9192
0.9193
0.9194
0.9195
0.9196
0.9197
0.9198
0.9199
0.92
0.9201
0.9202
0.9203
0.9204
0.9205
0.9206
0.9207
0.9208
0.9209
0.921
0.9211
0.9212
0.9213
0.9214
0.9215
0.9216
0.9217
0.9218
0.9219
0.922
0.9221
0.9222
0.9223
0.9224
0.9225
0.9226
0.9227
0.9228
0.9229
0.923
0.9231
0.9232
0.9233
0.9234
0.9235
0.9236
0.9237
0.9238
0.9239
0.924
0.9241
0.9242
0.9243
0.9244
0.9245
0.9246
0.9247
0.9248
0.9249
0.925
0.9251
0.9252
0.9253
0.9254
0.9255
0.9256
0.9257
0.9258
0.9259
0.926
0.9261
0.9262
0.9263
0.9264
0.9265
0.9266
0.9267
0.9268
0.9269
0.927
0.9271
0.9272
0.9273
0.9274
0.9275
0.9276
0.9277
0.9278
0.9279
0.928
0.9281
0.9282
0.9283
0.9284
0.9285
0.9286
0.9287
0.9288
0.9289
0.929
0.9291
0.9292
0.9293
0.9294
0.9295
0.9296
0.9297
0.9298
0.9299
0.93
0.9301
0.9302
0.9303
0.9304
0.9305
0.9306
0.9307
0.9308
0.9309
0.931
0.9311
0.9312
0.9313
0.9314
0.9315
0.9316
0.9317
0.9318
0.9319
0.932
0.9321
0.9322
0.9323
0.9324
0.9325
0.9326
0.9327
0.9328
0.9329
0.933
0.9331
0.9332
0.9333
0.9334
0.9335
0.9336
0.9337
0.9338
0.9339
0.934
0.9341
0.9342
0.9343
0.9344
0.9345
0.9346
0.9347
0.9348
0.9349
0.935
0.9351
0.9352
0.9353
0.9354
0.9355
0.9356
0.9357
0.9358
0.9359
0.936
0.9361
0.9362
0.9363
0.9364
0.9365
0.9366
0.9367
0.9368
0.9369
0.937
0.9371
0.9372
0.9373
0.9374
0.9375
0.9376
0.9377
0.9378
0.9379
0.938
0.9381
0.9382
0.9383
0.9384
0.9385
0.9386
0.9387
0.9388
0.9389
0.939
0.9391
0.9392
0.9393
0.9394
0.9395
0.9396
0.9397
0.9398
0.9399
0.94
0.9401
0.9402
0.9403
0.9404
0.9405
0.9406
0.9407
0.9408
0.9409
0.941
0.9411
0.9412
0.9413
0.9414
0.9415
0.9416
0.9417
0.9418
0.9419
0.942
0.9421
0.9422
0.9423
0.9424
0.9425
0.9426
0.9427
0.9428
0.9429
0.943
0.9431
0.9432
0.9433
0.9434
0.9435
0.9436
0.9437
0.9438
0.9439
0.944
0.9441
0.9442
0.9443
0.9444
0.9445
0.9446
0.9447
0.9448
0.9449
0.945
0.9451
0.9452
0.9453
0.9454
0.9455
0.9456
0.9457
0.9458
0.9459
0.946
0.9461
0.9462
0.9463
0.9464
0.9465
0.9466
0.9467
0.9468
0.9469
0.947
0.9471
0.9472
0.9473
0.9474
0.9475
0.9476
0.9477
0.9478
0.9479
0.948
0.9481
0.9482
0.9483
0.9484
0.9485
0.9486
0.9487
0.9488
0.9489
0.949
0.9491
0.9492
0.9493
0.9494
0.9495
0.9496
0.9497
0.9498
0.9499
0.95
0.9501
0.9502
0.9503
0.9504
0.9505
0.9506
0.9507
0.9508
0.9509
0.951
0.9511
0.9512
0.9513
0.9514
0.9515
0.9516
0.9517
0.9518
0.9519
0.952
0.9521
0.9522
0.9523
0.9524
0.9525
0.9526
0.9527
0.9528
0.9529
0.953
0.9531
0.9532
0.9533
0.9534
0.9535
0.9536
0.9537
0.9538
0.9539
0.954
0.9541
0.9542
0.9543
0.9544
0.9545
0.9546
0.9547
0.9548
0.9549
0.955
0.9551
0.9552
0.9553
0.9554
0.9555
0.9556
0.9557
0.9558
0.9559
0.956
0.9561
0.9562
0.9563
0.9564
0.9565
0.9566
0.9567
0.9568
0.9569
0.957
0.9571
0.9572
0.9573
0.9574
0.9575
0.9576
0.9577
0.9578
0.9579
0.958
0.9581
0.9582
0.9583
0.9584
0.9585
0.9586
0.9587
0.9588
0.9589
0.959
0.9591
0.9592
0.9593
0.9594
0.9595
0.9596
0.9597
0.9598
0.9599
0.96
0.9601
0.9602
0.9603
0.9604
0.9605
0.9606
0.9607
0.9608
0.9609
0.961
0.9611
0.9612
0.9613
0.9614
0.9615
0.9616
0.9617
0.9618
0.9619
0.962
0.9621
0.9622
0.9623
0.9624
0.9625
0.9626
0.9627
0.9628
0.9629
0.963
0.9631
0.9632
0.9633
0.9634
0.9635
0.9636
0.9637
0.9638
0.9639
0.964
0.9641
0.9642
0.9643
0.9644
0.9645
0.9646
0.9647
0.9648
0.9649
0.965
0.9651
0.9652
0.9653
0.9654
0.9655
0.9656
0.9657
0.9658
0.9659
0.966
0.9661
0.9662
0.9663
0.9664
0.9665
0.9666
0.9667
0.9668
0.9669
0.967
0.9671
0.9672
0.9673
0.9674
0.9675
0.9676
0.9677
0.9678
0.9679
0.968
0.9681
0.9682
0.9683
0.9684
0.9685
0.9686
0.9687
0.9688
0.9689
0.969
0.9691
0.9692
0.9693
0.9694
0.9695
0.9696
0.9697
0.9698
0.9699
0.97
0.9701
0.9702
0.9703
0.9704
0.9705
0.9706
0.9707
0.9708
0.9709
0.971
0.9711
0.9712
0.9713
0.9714
0.9715
0.9716
0.9717
0.9718
0.9719
0.972
0.9721
0.9722
0.9723
0.9724
0.9725
0.9726
0.9727
0.9728
0.9729
0.973
0.9731
0.9732
0.9733
0.9734
0.9735
0.9736
0.9737
0.9738
0.9739
0.974
0.9741
0.9742
0.9743
0.9744
0.9745
0.9746
0.9747
0.9748
0.9749
0.975
0.9751
0.9752
0.9753
0.9754
0.9755
0.9756
0.9757
0.9758
0.9759
0.976
0.9761
0.9762
0.9763
0.9764
0.9765
0.9766
0.9767
0.9768
0.9769
0.977
0.9771
0.9772
0.9773
0.9774
0.9775
0.9776
0.9777
0.9778
0.9779
0.978
0.9781
0.9782
0.9783
0.9784
0.9785
0.9786
0.9787
0.9788
0.9789
0.979
0.9791
0.9792
0.9793
0.9794
0.9795
0.9796
0.9797
0.9798
0.9799
0.98
0.9801
0.9802
0.9803
0.9804
0.9805
0.9806
0.9807
0.9808
0.9809
0.981
0.9811
0.9812
0.9813
0.9814
0.9815
0.9816
0.9817
0.9818
0.9819
0.982
0.9821
0.9822
0.9823
0.9824
0.9825
0.9826
0.9827
0.9828
0.9829
0.983
0.9831
0.9832
0.9833
0.9834
0.9835
0.9836
0.9837
0.9838
0.9839
0.984
0.9841
0.9842
0.9843
0.9844
0.9845
0.9846
0.9847
0.9848
0.9849
0.985
0.9851
0.9852
0.9853
0.9854
0.9855
0.9856
0.9857
0.9858
0.9859
0.986
0.9861
0.9862
0.9863
0.9864
0.9865
0.9866
0.9867
0.9868
0.9869
0.987
0.9871
0.9872
0.9873
0.9874
0.9875
0.9876
0.9877
0.9878
0.9879
0.988
0.9881
0.9882
0.9883
0.9884
0.9885
0.9886
0.9887
0.9888
0.9889
0.989
0.9891
0.9892
0.9893
0.9894
0.9895
0.9896
0.9897
0.9898
0.9899
0.99
0.9901
0.9902
0.9903
0.9904
0.9905
0.9906
0.9907
0.9908
0.9909
0.991
0.9911
0.9912
0.9913
0.9914
0.9915
0.9916
0.9917
0.9918
0.9919
0.992
0.9921
0.9922
0.9923
0.9924
0.9925
0.9926
0.9927
0.9928
0.9929
0.993
0.9931
0.9932
0.9933
0.9934
0.9935
0.9936
0.9937
0.9938
0.9939
0.994
0.9941
0.9942
0.9943
0.9944
0.9945
0.9946
0.9947
0.9948
0.9949
0.995
0.9951
0.9952
0.9953
0.9954
0.9955
0.9956
0.9957
0.9958
0.9959
0.996
0.9961
0.9962
0.9963
0.9964
0.9965
0.9966
0.9967
0.9968
0.9969
0.997
0.9971
0.9972
0.9973
0.9974
0.9975
0.9976
0.9977
0.9978
0.9979
0.998
0.9981
0.9982
0.9983
0.9984
0.9985
0.9986
0.9987
0.9988
0.9989
0.999
0.9991
0.9992
0.9993
0.9994
0.9995
0.9996
0.9997
0.9998
0.9999

3
1
2
3

5
1
2
3
4
5

1
1

2
1
2

2
1
2

5404
5
20.99
36.98
52.97
68.96
84.95
100.94
116.93
132.92
148.91
164.9
180.89
196.88
212.87
228.86
244.85
260.84
276.83
292.82
308.81
324.8
340.79
356.78
372.77
388.76
404.75
420.74
436.73
452.72
468.71
484.7
500.69
516.68
532.67
548.66
564.65
580.64
596.63
612.62
628.61
644.6
660.59
676.58
692.57
708.56
724.55
740.54
756.53
772.52
788.51
804.5
820.49
836.48
852.47
868.46
884.45
900.44
916.43
932.42
948.41
964.4
980.39
996.38
1012.37
1028.36
1044.35
1060.34
1076.33
1092.32
1108.31
1124.3
1140.29
1156.28
1172.27
1188.26
1204.25
1220.24
1236.23
1252.22
1268.21
1284.2
1300.19
1316.18
1332.17
1348.16
1364.15
1380.14
1396.13
1412.12
1428.11
1444.1
1460.09
1476.08
1492.07
1508.06
1524.05
1540.04
1556.03
1572.02
1588.01
1604
1619.99
1635.98
1651.97
1667.96
1683.95
1699.94
1715.93
1731.92
1747.91
1763.9
1779.89
1795.88
1811.87
1827.86
1843.85
1859.84
1875.83
1891.82
1907.81
1923.8
1939.79
1955.78
1971.77
1987.76
2003.75
2019.74
2035.73
2051.72
2067.71
2083.7
2099.69
2115.68
2131.67
2147.66
2163.65
2179.64
2195.63
2211.62
2227.61
2243.6
2259.59
2275.58
2291.57
2307.56
2323.55
2339.54
2355.53
2371.52
2387.51
2403.5
2419.49
2435.48
2451.47
2467.46
2483.45
2499.44
2515.43
2531.42
2547.41
2563.4
2579.39
2595.38
2611.37
2627.36
2643.35
2659.34
2675.33
2691.32
2707.31
2723.3
2739.29
2755.28
2771.27
2787.26
2803.25
2819.24
2835.23
2851.22
2867.21
2883.2
2899.19
2915.18
2931.17
2947.16
2963.15
2979.14
2995.13
3011.12
3027.11
3043.1
3059.09
3075.08
3091.07
3107.06
3123.05
3139.04
3155.03
3171.02
3187.01
3203
3218.99
3234.98
3250.97
3266.96
3282.95
3298.94
3314.93
3330.92
3346.91
3362.9
3378.89
3394.88
3410.87
3426.86
3442.85
3458.84
3474.83
3490.82
3506.81
3522.8
3538.79
3554.78
3570.77
3586.76
3602.75
3618.74
3634.73
3650.72
3666.71
3682.7
3698.69
3714.68
3730.67
3746.66
3762.65
3778.64
3794.63
3810.62
3826.61
3842.6
3858.59
3874.58
3890.57
3906.56
3922.55
3938.54
3954.53
3970.52
3986.51
4002.5
4018.49
4034.48
4050.47
4066.46
4082.45
4098.44
4114.43
4130.42
4146.41
4162.4
4178.39
4194.38
4210.37
4226.36
4242.35
4258.34
4274.33
4290.32
4306.31
4322.3
4338.29
4354.28
4370.27
4386.26
4402.25
4418.24
4434.23
4450.22
4466.21
4482.2
4498.19
4514.18
4530.17
4546.16
4562.15
4578.14
4594.13
4610.12
4626.11
4642.1
4658.09
4674.08
4690.07
4706.06
4722.05
4738.04
4754.03
4770.02
4786.01
4802
4817.99
4833.98
4849.97
4865.96
4881.95
4897.94
4913.93
4929.92
4945.91
4961.9
4977.89
4993.88
5009.87
5025.86
5041.85
5057.84
5073.83
5089.82
5105.81
5121.8
5137.79
5153.78
5169.77
5185.76
5201.75
5217.74
5233.73
5249.72
5265.71
5281.7
5297.69
5313.68
5329.67
5345.66
5361.65
5377.64
5393.63
5409.62
5425.61
5441.6
5457.59
5473.58
5489.57
5505.56
5521.55
5537.54
5553.53
5569.52
5585.51
5601.5
5617.49
5633.48
5649.47
5665.46
5681.45
5697.44
5713.43
5729.42
5745.41
5761.4
5777.39
5793.38
5809.37
5825.36
5841.35
5857.34
5873.33
5889.32
5905.31
5921.3
5937.29
5953.28
5969.27
5985.26
6001.25
6017.24
6033.23
6049.22
6065.21
6081.2
6097.19
6113.18
6129.17
6145.16
6161.15
6177.14
6193.13
6209.12
6225.11
6241.1
6257.09
6273.08
6289.07
6305.06
6321.05
6337.04
6353.03
6369.02
6385.01
6401
6416.99
6432.98
6448.97
6464.96
6480.95
6496.94
6512.93
6528.92
6544.91
6560.9
6576.89
6592.88
6608.87
6624.86
6640.85
6656.84
6672.83
6688.82
6704.81
6720.8
6736.79
6752.78
6768.77
6784.76
6800.75
6816.74
6832.73
6848.72
6864.71
6880.7
6896.69
6912.68
6928.67
6944.66
6960.65
6976.64
6992.63
7008.62
7024.61
7040.6
7056.59
7072.58
7088.57
7104.56
7120.55
7136.54
7152.53
7168.52
7184.51
7200.5
7216.49
7232.48
7248.47
7264.46
7280.45
7296.44
7312.43
7328.42
7344.41
7360.4
7376.39
7392.38
7408.37
7424.36
7440.35
7456.34
7472.33
7488.32
7504.31
7520.3
7536.29
7552.28
7568.27
7584.26
7600.25
7616.24
7632.23
7648.22
7664.21
7680.2
7696.19
7712.18
7728.17
7744.16
7760.15
7776.14
7792.13
7808.12
7824.11
7840.1
7856.09
7872.08
7888.07
7904.06
7920.05
7936.04
7952.03
7968.02
7984.01
8000
8015.99
8031.98
8047.97
8063.96
8079.95
8095.94
8111.93
8127.92
8143.91
8159.9
8175.89
8191.88
8207.87
8223.86
8239.85
8255.84
8271.83
8287.82
8303.81
8319.8
8335.79
8351.78
8367.77
8383.76
8399.75
8415.74
8431.73
8447.72
8463.71
8479.7
8495.69
8511.68
8527.67
8543.66
8559.65
8575.64
8591.63
8607.62
8623.61
8639.6
8655.59
8671.58
8687.57
8703.56
8719.55
8735.54
8751.53
8767.52
8783.51
8799.5
8815.49
8831.48
8847.47
8863.46
8879.45
8895.44
8911.43
8927.42
8943.41
8959.4
8975.39
8991.38
9007.37
9023.36
9039.35
9055.34
9071.33
9087.32
9103.31
9119.3
9135.29
9151.28
9167.27
9183.26
9199.25
9215.24
9231.23
9247.22
9263.21
9279.2
9295.19
9311.18
9327.17
9343.16
9359.15
9375.14
9391.13
9407.12
9423.11
9439.1
9455.09
9471.08
9487.07
9503.06
9519.05
9535.04
9551.03
9567.02
9583.01
9599
9614.99
9630.98
9646.97
9662.96
9678.95
9694.94
9710.93
9726.92
9742.91
9758.9
9774.89
9790.88
9806.87
9822.86
9838.85
9854.84
9870.83
9886.82
9902.81
9918.8
9934.79
9950.78
9966.77
9982.76
9998.75
10014.7
10030.7
10046.7
10062.7
10078.7
10094.7
10110.7
10126.7
10142.7
10158.7
10174.6
10190.6
10206.6
10222.6
10238.6
10254.6
10270.6
10286.6
10302.6
10318.6
10334.5
10350.5
10366.5
10382.5
10398.5
10414.5
10430.5
10446.5
10462.5
10478.5
10494.4
10510.4
10526.4
10542.4
10558.4
10574.4
10590.4
10606.4
10622.4
10638.4
10654.3
10670.3
10686.3
10702.3
10718.3
10734.3
10750.3
10766.3
10782.3
10798.3
10814.2
10830.2
10846.2
10862.2
10878.2
10894.2
10910.2
10926.2
10942.2
10958.2
10974.1
10990.1
11006.1
11022.1
11038.1
11054.1
11070.1
11086.1
11102.1
11118.1
11134
11150
11166
11182
11198
11214
11230
11246
11262
11278
11293.9
11309.9
11325.9
11341.9
11357.9
11373.9
11389.9
11405.9
11421.9
11437.9
11453.8
11469.8
11485.8
11501.8
11517.8
11533.8
11549.8
11565.8
11581.8
11597.8
11613.7
11629.7
11645.7
11661.7
11677.7
11693.7
11709.7
11725.7
11741.7
11757.7
11773.6
11789.6
11805.6
11821.6
11837.6
11853.6
11869.6
11885.6
11901.6
11917.6
11933.5
11949.5
11965.5
11981.5
11997.5
12013.5
12029.5
12045.5
12061.5
12077.5
12093.4
12109.4
12125.4
12141.4
12157.4
12173.4
12189.4
12205.4
12221.4
12237.4
12253.3
12269.3
12285.3
12301.3
12317.3
12333.3
12349.3
12365.3
12381.3
12397.3
12413.2
12429.2
12445.2
12461.2
12477.2
12493.2
12509.2
12525.2
12541.2
12557.2
12573.1
12589.1
12605.1
12621.1
12637.1
12653.1
12669.1
12685.1
12701.1
12717.1
12733
12749
12765
12781
12797
12813
12829
12845
12861
12877
12892.9
12908.9
12924.9
12940.9
12956.9
12972.9
12988.9
13004.9
13020.9
13036.9
13052.8
13068.8
13084.8
13100.8
13116.8
13132.8
13148.8
13164.8
13180.8
13196.8
13212.7
13228.7
13244.7
13260.7
13276.7
13292.7
13308.7
13324.7
13340.7
13356.7
13372.6
13388.6
13404.6
13420.6
13436.6
13452.6
13468.6
13484.6
13500.6
13516.6
13532.5
13548.5
13564.5
13580.5
13596.5
13612.5
13628.5
13644.5
13660.5
13676.5
13692.4
13708.4
13724.4
13740.4
13756.4
13772.4
13788.4
13804.4
13820.4
13836.4
13852.3
13868.3
13884.3
13900.3
13916.3
13932.3
13948.3
13964.3
13980.3
13996.3
14012.2
14028.2
14044.2
14060.2
14076.2
14092.2
14108.2
14124.2
14140.2
14156.2
14172.1
14188.1
14204.1
14220.1
14236.1
14252.1
14268.1
14284.1
14300.1
14316.1
14332
14348
14364
14380
14396
14412
14428
14444
14460
14476
14491.9
14507.9
14523.9
14539.9
14555.9
14571.9
14587.9
14603.9
14619.9
14635.9
14651.8
14667.8
14683.8
14699.8
14715.8
14731.8
14747.8
14763.8
14779.8
14795.8
14811.7
14827.7
14843.7
14859.7
14875.7
14891.7
14907.7
14923.7
14939.7
14955.7
14971.6
14987.6
15003.6
15019.6
15035.6
15051.6
15067.6
15083.6
15099.6
15115.6
15131.5
15147.5
15163.5
15179.5
15195.5
15211.5
15227.5
15243.5
15259.5
15275.5
15291.4
15307.4
15323.4
15339.4
15355.4
15371.4
15387.4
15403.4
15419.4
15435.4
15451.3
15467.3
15483.3
15499.3
15515.3
15531.3
15547.3
15563.3
15579.3
15595.3
15611.2
15627.2
15643.2
15659.2
15675.2
15691.2
15707.2
15723.2
15739.2
15755.2
15771.1
15787.1
15803.1
15819.1
15835.1
15851.1
15867.1
15883.1
15899.1
15915.1
15931
15947
15963
15979
15995
16011
16027
16043
16059
16075
16090.9
16106.9
16122.9
16138.9
16154.9
16170.9
16186.9
16202.9
16218.9
16234.9
16250.8
16266.8
16282.8
16298.8
16314.8
16330.8
16346.8
16362.8
16378.8
16394.8
16410.7
16426.7
16442.7
16458.7
16474.7
16490.7
16506.7
16522.7
16538.7
16554.7
16570.6
16586.6
16602.6
16618.6
16634.6
16650.6
16666.6
16682.6
16698.6
16714.6
16730.5
16746.5
16762.5
16778.5
16794.5
16810.5
16826.5
16842.5
16858.5
16874.5
16890.4
16906.4
16922.4
16938.4
16954.4
16970.4
16986.4
17002.4
17018.4
17034.4
17050.3
17066.3
17082.3
17098.3
17114.3
17130.3
17146.3
17162.3
17178.3
17194.3
17210.2
17226.2
17242.2
17258.2
17274.2
17290.2
17306.2
17322.2
17338.2
17354.2
17370.1
17386.1
17402.1
17418.1
17434.1
17450.1
17466.1
17482.1
17498.1
17514.1
17530
17546
17562
17578
17594
17610
17626
17642
17658
17674
17689.9
17705.9
17721.9
17737.9
17753.9
17769.9
17785.9
17801.9
17817.9
17833.9
17849.8
17865.8
17881.8
17897.8
17913.8
17929.8
17945.8
17961.8
17977.8
17993.8
18009.7
18025.7
18041.7
18057.7
18073.7
18089.7
18105.7
18121.7
18137.7
18153.7
18169.6
18185.6
18201.6
18217.6
18233.6
18249.6
18265.6
18281.6
18297.6
18313.6
18329.5
18345.5
18361.5
18377.5
18393.5
18409.5
18425.5
18441.5
18457.5
18473.5
18489.4
18505.4
18521.4
18537.4
18553.4
18569.4
18585.4
18601.4
18617.4
18633.4
18649.3
18665.3
18681.3
18697.3
18713.3
18729.3
18745.3
18761.3
18777.3
18793.3
18809.2
18825.2
18841.2
18857.2
18873.2
18889.2
18905.2
18921.2
18937.2
18953.2
18969.1
18985.1
19001.1
19017.1
19033.1
19049.1
19065.1
19081.1
19097.1
19113.1
19129
19145
19161
19177
19193
19209
19225
19241
19257
19273
19288.9
19304.9
19320.9
19336.9
19352.9
19368.9
19384.9
19400.9
19416.9
19432.9
19448.8
19464.8
19480.8
19496.8
19512.8
19528.8
19544.8
19560.8
19576.8
19592.8
19608.7
19624.7
19640.7
19656.7
19672.7
19688.7
19704.7
19720.7
19736.7
19752.7
19768.6
19784.6
19800.6
19816.6
19832.6
19848.6
19864.6
19880.6
19896.6
19912.6
19928.5
19944.5
19960.5
19976.5
19992.5
20008.5
20024.5
20040.5
20056.5
20072.5
20088.4
20104.4
20120.4
20136.4
20152.4
20168.4
20184.4
20200.4
20216.4
20232.4
20248.3
20264.3
20280.3
20296.3
20312.3
20328.3
20344.3
20360.3
20376.3
20392.3
20408.2
20424.2
20440.2
20456.2
20472.2
20488.2
20504.2
20520.2
20536.2
20552.2
20568.1
20584.1
20600.1
20616.1
20632.1
20648.1
20664.1
20680.1
20696.1
20712.1
20728
20744
20760
20776
20792
20808
20824
20840
20856
20872
20887.9
20903.9
20919.9
20935.9
20951.9
20967.9
20983.9
20999.9
21015.9
21031.9
21047.8
21063.8
21079.8
21095.8
21111.8
21127.8
21143.8
21159.8
21175.8
21191.8
21207.7
21223.7
21239.7
21255.7
21271.7
21287.7
21303.7
21319.7
21335.7
21351.7
21367.6
21383.6
21399.6
21415.6
21431.6
21447.6
21463.6
21479.6
21495.6
21511.6
21527.5
21543.5
21559.5
21575.5
21591.5
21607.5
21623.5
21639.5
21655.5
21671.5
21687.4
21703.4
21719.4
21735.4
21751.4
21767.4
21783.4
21799.4
21815.4
21831.4
21847.3
21863.3
21879.3
21895.3
21911.3
21927.3
21943.3
21959.3
21975.3
21991.3
22007.2
22023.2
22039.2
22055.2
22071.2
22087.2
22103.2
22119.2
22135.2
22151.2
22167.1
22183.1
22199.1
22215.1
22231.1
22247.1
22263.1
22279.1
22295.1
22311.1
22327
22343
22359
22375
22391
22407
22423
22439
22455
22471
22486.9
22502.9
22518.9
22534.9
22550.9
22566.9
22582.9
22598.9
22614.9
22630.9
22646.8
22662.8
22678.8
22694.8
22710.8
22726.8
22742.8
22758.8
22774.8
22790.8
22806.7
22822.7
22838.7
22854.7
22870.7
22886.7
22902.7
22918.7
22934.7
22950.7
22966.6
22982.6
22998.6
23014.6
23030.6
23046.6
23062.6
23078.6
23094.6
23110.6
23126.5
23142.5
23158.5
23174.5
23190.5
23206.5
23222.5
23238.5
23254.5
23270.5
23286.4
23302.4
23318.4
23334.4
23350.4
23366.4
23382.4
23398.4
23414.4
23430.4
23446.3
23462.3
23478.3
23494.3
23510.3
23526.3
23542.3
23558.3
23574.3
23590.3
23606.2
23622.2
23638.2
23654.2
23670.2
23686.2
23702.2
23718.2
23734.2
23750.2
23766.1
23782.1
23798.1
23814.1
23830.1
23846.1
23862.1
23878.1
23894.1
23910.1
23926
23942
23958
23974
23990
24006
24022
24038
24054
24070
24085.9
24101.9
24117.9
24133.9
24149.9
24165.9
24181.9
24197.9
24213.9
24229.9
24245.8
24261.8
24277.8
24293.8
24309.8
24325.8
24341.8
24357.8
24373.8
24389.8
24405.7
24421.7
24437.7
24453.7
24469.7
24485.7
24501.7
24517.7
24533.7
24549.7
24565.6
24581.6
24597.6
24613.6
24629.6
24645.6
24661.6
24677.6
24693.6
24709.6
24725.5
24741.5
24757.5
24773.5
24789.5
24805.5
24821.5
24837.5
24853.5
24869.5
24885.4
24901.4
24917.4
24933.4
24949.4
24965.4
24981.4
24997.4
25013.4
25029.4
25045.3
25061.3
25077.3
25093.3
25109.3
25125.3
25141.3
25157.3
25173.3
25189.3
25205.2
25221.2
25237.2
25253.2
25269.2
25285.2
25301.2
25317.2
25333.2
25349.2
25365.1
25381.1
25397.1
25413.1
25429.1
25445.1
25461.1
25477.1
25493.1
25509.1
25525
25541
25557
25573
25589
25605
25621
25637
25653
25669
25684.9
25700.9
25716.9
25732.9
25748.9
25764.9
25780.9
25796.9
25812.9
25828.9
25844.8
25860.8
25876.8
25892.8
25908.8
25924.8
25940.8
25956.8
25972.8
25988.8
26004.7
26020.7
26036.7
26052.7
26068.7
26084.7
26100.7
26116.7
26132.7
26148.7
26164.6
26180.6
26196.6
26212.6
26228.6
26244.6
26260.6
26276.6
26292.6
26308.6
26324.5
26340.5
26356.5
26372.5
26388.5
26404.5
26420.5
26436.5
26452.5
26468.5
26484.4
26500.4
26516.4
26532.4
26548.4
26564.4
26580.4
26596.4
26612.4
26628.4
26644.3
26660.3
26676.3
26692.3
26708.3
26724.3
26740.3
26756.3
26772.3
26788.3
26804.2
26820.2
26836.2
26852.2
26868.2
26884.2
26900.2
26916.2
26932.2
26948.2
26964.1
26980.1
26996.1
27012.1
27028.1
27044.1
27060.1
27076.1
27092.1
27108.1
27124
27140
27156
27172
27188
27204
27220
27236
27252
27268
27283.9
27299.9
27315.9
27331.9
27347.9
27363.9
27379.9
27395.9
27411.9
27427.9
27443.8
27459.8
27475.8
27491.8
27507.8
27523.8
27539.8
27555.8
27571.8
27587.8
27603.7
27619.7
27635.7
27651.7
27667.7
27683.7
27699.7
27715.7
27731.7
27747.7
27763.6
27779.6
27795.6
27811.6
27827.6
27843.6
27859.6
27875.6
27891.6
27907.6
27923.5
27939.5
27955.5
27971.5
27987.5
28003.5
28019.5
28035.5
28051.5
28067.5
28083.4
28099.4
28115.4
28131.4
28147.4
28163.4
28179.4
28195.4
28211.4
28227.4
28243.3
28259.3
28275.3
28291.3
28307.3
28323.3
28339.3
28355.3
28371.3
28387.3
28403.2
28419.2
28435.2
28451.2
28467.2
28483.2
28499.2
28515.2
28531.2
28547.2
28563.1
28579.1
28595.1
28611.1
28627.1
28643.1
28659.1
28675.1
28691.1
28707.1
28723
28739
28755
28771
28787
28803
28819
28835
28851
28867
28883
28898.9
28914.9
28930.9
28946.9
28962.9
28978.9
28994.9
29010.9
29026.9
29042.9
29058.8
29074.8
29090.8
29106.8
29122.8
29138.8
29154.8
29170.8
29186.8
29202.8
29218.7
29234.7
29250.7
29266.7
29282.7
29298.7
29314.7
29330.7
29346.7
29362.7
29378.6
29394.6
29410.6
29426.6
29442.6
29458.6
29474.6
29490.6
29506.6
29522.6
29538.5
29554.5
29570.5
29586.5
29602.5
29618.5
29634.5
29650.5
29666.5
29682.5
29698.4
29714.4
29730.4
29746.4
29762.4
29778.4
29794.4
29810.4
29826.4
29842.4
29858.3
29874.3
29890.3
29906.3
29922.3
29938.3
29954.3
29970.3
29986.3
30002.3
30018.2
30034.2
30050.2
30066.2
30082.2
30098.2
30114.2
30130.2
30146.2
30162.2
30178.1
30194.1
30210.1
30226.1
30242.1
30258.1
30274.1
30290.1
30306.1
30322.1
30338
30354
30370
30386
30402
30418
30434
30450
30466
30482
30497.9
30513.9
30529.9
30545.9
30561.9
30577.9
30593.9
30609.9
30625.9
30641.9
30657.8
30673.8
30689.8
30705.8
30721.8
30737.8
30753.8
30769.8
30785.8
30801.8
30817.7
30833.7
30849.7
30865.7
30881.7
30897.7
30913.7
30929.7
30945.7
30961.7
30977.6
30993.6
31009.6
31025.6
31041.6
31057.6
31073.6
31089.6
31105.6
31121.6
31137.5
31153.5
31169.5
31185.5
31201.5
31217.5
31233.5
31249.5
31265.5
31281.5
31297.4
31313.4
31329.4
31345.4
31361.4
31377.4
31393.4
31409.4
31425.4
31441.4
31457.3
31473.3
31489.3
31505.3
31521.3
31537.3
31553.3
31569.3
31585.3
31601.3
31617.2
31633.2
31649.2
31665.2
31681.2
31697.2
31713.2
31729.2
31745.2
31761.2
31777.1
31793.1
31809.1
31825.1
31841.1
31857.1
31873.1
31889.1
31905.1
31921.1
31937
31953
31969
31985
32001
32017
32033
32049
32065
32081
32096.9
32112.9
32128.9
32144.9
32160.9
32176.9
32192.9
32208.9
32224.9
32240.9
32256.8
32272.8
32288.8
32304.8
32320.8
32336.8
32352.8
32368.8
32384.8
32400.8
32416.7
32432.7
32448.7
32464.7
32480.7
32496.7
32512.7
32528.7
32544.7
32560.7
32576.6
32592.6
32608.6
32624.6
32640.6
32656.6
32672.6
32688.6
32704.6
32720.6
32736.5
32752.5
32768.5
32784.5
32800.5
32816.5
32832.5
32848.5
32864.5
32880.5
32896.4
32912.4
32928.4
32944.4
32960.4
32976.4
32992.4
33008.4
33024.4
33040.4
33056.3
33072.3
33088.3
33104.3
33120.3
33136.3
33152.3
33168.3
33184.3
33200.3
33216.2
33232.2
33248.2
33264.2
33280.2
33296.2
33312.2
33328.2
33344.2
33360.2
33376.1
33392.1
33408.1
33424.1
33440.1
33456.1
33472.1
33488.1
33504.1
33520.1
33536
33552
33568
33584
33600
33616
33632
33648
33664
33680
33695.9
33711.9
33727.9
33743.9
33759.9
33775.9
33791.9
33807.9
33823.9
33839.9
33855.8
33871.8
33887.8
33903.8
33919.8
33935.8
33951.8
33967.8
33983.8
33999.8
34015.7
34031.7
34047.7
34063.7
34079.7
34095.7
34111.7
34127.7
34143.7
34159.7
34175.6
34191.6
34207.6
34223.6
34239.6
34255.6
34271.6
34287.6
34303.6
34319.6
34335.5
34351.5
34367.5
34383.5
34399.5
34415.5
34431.5
34447.5
34463.5
34479.5
34495.4
34511.4
34527.4
34543.4
34559.4
34575.4
34591.4
34607.4
34623.4
34639.4
34655.3
34671.3
34687.3
34703.3
34719.3
34735.3
34751.3
34767.3
34783.3
34799.3
34815.2
34831.2
34847.2
34863.2
34879.2
34895.2
34911.2
34927.2
34943.2
34959.2
34975.1
34991.1
35007.1
35023.1
35039.1
35055.1
35071.1
35087.1
35103.1
35119.1
35135
35151
35167
35183
35199
35215
35231
35247
35263
35279
35294.9
35310.9
35326.9
35342.9
35358.9
35374.9
35390.9
35406.9
35422.9
35438.9
35454.8
35470.8
35486.8
35502.8
35518.8
35534.8
35550.8
35566.8
35582.8
35598.8
35614.7
35630.7
35646.7
35662.7
35678.7
35694.7
35710.7
35726.7
35742.7
35758.7
35774.6
35790.6
35806.6
35822.6
35838.6
35854.6
35870.6
35886.6
35902.6
35918.6
35934.5
35950.5
35966.5
35982.5
35998.5
36014.5
36030.5
36046.5
36062.5
36078.5
36094.4
36110.4
36126.4
36142.4
36158.4
36174.4
36190.4
36206.4
36222.4
36238.4
36254.3
36270.3
36286.3
36302.3
36318.3
36334.3
36350.3
36366.3
36382.3
36398.3
36414.2
36430.2
36446.2
36462.2
36478.2
36494.2
36510.2
36526.2
36542.2
36558.2
36574.1
36590.1
36606.1
36622.1
36638.1
36654.1
36670.1
36686.1
36702.1
36718.1
36734
36750
36766
36782
36798
36814
36830
36846
36862
36878
36893.9
36909.9
36925.9
36941.9
36957.9
36973.9
36989.9
37005.9
37021.9
37037.9
37053.8
37069.8
37085.8
37101.8
37117.8
37133.8
37149.8
37165.8
37181.8
37197.8
37213.7
37229.7
37245.7
37261.7
37277.7
37293.7
37309.7
37325.7
37341.7
37357.7
37373.6
37389.6
37405.6
37421.6
37437.6
37453.6
37469.6
37485.6
37501.6
37517.6
37533.5
37549.5
37565.5
37581.5
37597.5
37613.5
37629.5
37645.5
37661.5
37677.5
37693.4
37709.4
37725.4
37741.4
37757.4
37773.4
37789.4
37805.4
37821.4
37837.4
37853.3
37869.3
37885.3
37901.3
37917.3
37933.3
37949.3
37965.3
37981.3
37997.3
38013.2
38029.2
38045.2
38061.2
38077.2
38093.2
38109.2
38125.2
38141.2
38157.2
38173.1
38189.1
38205.1
38221.1
38237.1
38253.1
38269.1
38285.1
38301.1
38317.1
38333
38349
38365
38381
38397
38413
38429
38445
38461
38477
38492.9
38508.9
38524.9
38540.9
38556.9
38572.9
38588.9
38604.9
38620.9
38636.9
38652.8
38668.8
38684.8
38700.8
38716.8
38732.8
38748.8
38764.8
38780.8
38796.8
38812.7
38828.7
38844.7
38860.7
38876.7
38892.7
38908.7
38924.7
38940.7
38956.7
38972.6
38988.6
39004.6
39020.6
39036.6
39052.6
39068.6
39084.6
39100.6
39116.6
39132.5
39148.5
39164.5
39180.5
39196.5
39212.5
39228.5
39244.5
39260.5
39276.5
39292.4
39308.4
39324.4
39340.4
39356.4
39372.4
39388.4
39404.4
39420.4
39436.4
39452.3
39468.3
39484.3
39500.3
39516.3
39532.3
39548.3
39564.3
39580.3
39596.3
39612.2
39628.2
39644.2
39660.2
39676.2
39692.2
39708.2
39724.2
39740.2
39756.2
39772.1
39788.1
39804.1
39820.1
39836.1
39852.1
39868.1
39884.1
39900.1
39916.1
39932
39948
39964
39980
39996
40012
40028
40044
40060
40076
40091.9
40107.9
40123.9
40139.9
40155.9
40171.9
40187.9
40203.9
40219.9
40235.9
40251.8
40267.8
40283.8
40299.8
40315.8
40331.8
40347.8
40363.8
40379.8
40395.8
40411.7
40427.7
40443.7
40459.7
40475.7
40491.7
40507.7
40523.7
40539.7
40555.7
40571.6
40587.6
40603.6
40619.6
40635.6
40651.6
40667.6
40683.6
40699.6
40715.6
40731.5
40747.5
40763.5
40779.5
40795.5
40811.5
40827.5
40843.5
40859.5
40875.5
40891.4
40907.4
40923.4
40939.4
40955.4
40971.4
40987.4
41003.4
41019.4
41035.4
41051.3
41067.3
41083.3
41099.3
41115.3
41131.3
41147.3
41163.3
41179.3
41195.3
41211.2
41227.2
41243.2
41259.2
41275.2
41291.2
41307.2
41323.2
41339.2
41355.2
41371.1
41387.1
41403.1
41419.1
41435.1
41451.1
41467.1
41483.1
41499.1
41515.1
41531
41547
41563
41579
41595
41611
41627
41643
41659
41675
41690.9
41706.9
41722.9
41738.9
41754.9
41770.9
41786.9
41802.9
41818.9
41834.9
41850.8
41866.8
41882.8
41898.8
41914.8
41930.8
41946.8
41962.8
41978.8
41994.8
42010.7
42026.7
42042.7
42058.7
42074.7
42090.7
42106.7
42122.7
42138.7
42154.7
42170.6
42186.6
42202.6
42218.6
42234.6
42250.6
42266.6
42282.6
42298.6
42314.6
42330.5
42346.5
42362.5
42378.5
42394.5
42410.5
42426.5
42442.5
42458.5
42474.5
42490.4
42506.4
42522.4
42538.4
42554.4
42570.4
42586.4
42602.4
42618.4
42634.4
42650.3
42666.3
42682.3
42698.3
42714.3
42730.3
42746.3
42762.3
42778.3
42794.3
42810.2
42826.2
42842.2
42858.2
42874.2
42890.2
42906.2
42922.2
42938.2
42954.2
42970.1
42986.1
43002.1
43018.1
43034.1
43050.1
43066.1
43082.1
43098.1
43114.1
43130
43146
43162
43178
43194
43210
43226
43242
43258
43274
43289.9
43305.9
43321.9
43337.9
43353.9
43369.9
43385.9
43401.9
43417.9
43433.9
43449.8
43465.8
43481.8
43497.8
43513.8
43529.8
43545.8
43561.8
43577.8
43593.8
43609.7
43625.7
43641.7
43657.7
43673.7
43689.7
43705.7
43721.7
43737.7
43753.7
43769.6
43785.6
43801.6
43817.6
43833.6
43849.6
43865.6
43881.6
43897.6
43913.6
43929.5
43945.5
43961.5
43977.5
43993.5
44009.5
44025.5
44041.5
44057.5
44073.5
44089.4
44105.4
44121.4
44137.4
44153.4
44169.4
44185.4
44201.4
44217.4
44233.4
44249.3
44265.3
44281.3
44297.3
44313.3
44329.3
44345.3
44361.3
44377.3
44393.3
44409.2
44425.2
44441.2
44457.2
44473.2
44489.2
44505.2
44521.2
44537.2
44553.2
44569.1
44585.1
44601.1
44617.1
44633.1
44649.1
44665.1
44681.1
44697.1
44713.1
44729
44745
44761
44777
44793
44809
44825
44841
44857
44873
44888.9
44904.9
44920.9
44936.9
44952.9
44968.9
44984.9
45000.9
45016.9
45032.9
45048.8
45064.8
45080.8
45096.8
45112.8
45128.8
45144.8
45160.8
45176.8
45192.8
45208.7
45224.7
45240.7
45256.7
45272.7
45288.7
45304.7
45320.7
45336.7
45352.7
45368.6
45384.6
45400.6
45416.6
45432.6
45448.6
45464.6
45480.6
45496.6
45512.6
45528.5
45544.5
45560.5
45576.5
45592.5
45608.5
45624.5
45640.5
45656.5
45672.5
45688.4
45704.4
45720.4
45736.4
45752.4
45768.4
45784.4
45800.4
45816.4
45832.4
45848.3
45864.3
45880.3
45896.3
45912.3
45928.3
45944.3
45960.3
45976.3
45992.3
46008.2
46024.2
46040.2
46056.2
46072.2
46088.2
46104.2
46120.2
46136.2
46152.2
46168.1
46184.1
46200.1
46216.1
46232.1
46248.1
46264.1
46280.1
46296.1
46312.1
46328
46344
46360
46376
46392
46408
46424
46440
46456
46472
46487.9
46503.9
46519.9
46535.9
46551.9
46567.9
46583.9
46599.9
46615.9
46631.9
46647.8
46663.8
46679.8
46695.8
46711.8
46727.8
46743.8
46759.8
46775.8
46791.8
46807.7
46823.7
46839.7
46855.7
46871.7
46887.7
46903.7
46919.7
46935.7
46951.7
46967.6
46983.6
46999.6
47015.6
47031.6
47047.6
47063.6
47079.6
47095.6
47111.6
47127.5
47143.5
47159.5
47175.5
47191.5
47207.5
47223.5
47239.5
47255.5
47271.5
47287.4
47303.4
47319.4
47335.4
47351.4
47367.4
47383.4
47399.4
47415.4
47431.4
47447.3
47463.3
47479.3
47495.3
47511.3
47527.3
47543.3
47559.3
47575.3
47591.3
47607.2
47623.2
47639.2
47655.2
47671.2
47687.2
47703.2
47719.2
47735.2
47751.2
47767.1
47783.1
47799.1
47815.1
47831.1
47847.1
47863.1
47879.1
47895.1
47911.1
47927
47943
47959
47975
47991
48007
48023
48039
48055
48071
48086.9
48102.9
48118.9
48134.9
48150.9
48166.9
48182.9
48198.9
48214.9
48230.9
48246.8
48262.8
48278.8
48294.8
48310.8
48326.8
48342.8
48358.8
48374.8
48390.8
48406.7
48422.7
48438.7
48454.7
48470.7
48486.7
48502.7
48518.7
48534.7
48550.7
48566.6
48582.6
48598.6
48614.6
48630.6
48646.6
48662.6
48678.6
48694.6
48710.6
48726.5
48742.5
48758.5
48774.5
48790.5
48806.5
48822.5
48838.5
48854.5
48870.5
48886.4
48902.4
48918.4
48934.4
48950.4
48966.4
48982.4
48998.4
49014.4
49030.4
49046.3
49062.3
49078.3
49094.3
49110.3
49126.3
49142.3
49158.3
49174.3
49190.3
49206.2
49222.2
49238.2
49254.2
49270.2
49286.2
49302.2
49318.2
49334.2
49350.2
49366.1
49382.1
49398.1
49414.1
49430.1
49446.1
49462.1
49478.1
49494.1
49510.1
49526
49542
49558
49574
49590
49606
49622
49638
49654
49670
49685.9
49701.9
49717.9
49733.9
49749.9
49765.9
49781.9
49797.9
49813.9
49829.9
49845.8
49861.8
49877.8
49893.8
49909.8
49925.8
49941.8
49957.8
49973.8
49989.8
50005.7
50021.7
50037.7
50053.7
50069.7
50085.7
50101.7
50117.7
50133.7
50149.7
50165.6
50181.6
50197.6
50213.6
50229.6
50245.6
50261.6
50277.6
50293.6
50309.6
50325.5
50341.5
50357.5
50373.5
50389.5
50405.5
50421.5
50437.5
50453.5
50469.5
50485.4
50501.4
50517.4
50533.4
50549.4
50565.4
50581.4
50597.4
50613.4
50629.4
50645.3
50661.3
50677.3
50693.3
50709.3
50725.3
50741.3
50757.3
50773.3
50789.3
50805.2
50821.2
50837.2
50853.2
50869.2
50885.2
50901.2
50917.2
50933.2
50949.2
50965.1
50981.1
50997.1
51013.1
51029.1
51045.1
51061.1
51077.1
51093.1
51109.1
51125
51141
51157
51173
51189
51205
51221
51237
51253
51269
51284.9
51300.9
51316.9
51332.9
51348.9
51364.9
51380.9
51396.9
51412.9
51428.9
51444.8
51460.8
51476.8
51492.8
51508.8
51524.8
51540.8
51556.8
51572.8
51588.8
51604.7
51620.7
51636.7
51652.7
51668.7
51684.7
51700.7
51716.7
51732.7
51748.7
51764.6
51780.6
51796.6
51812.6
51828.6
51844.6
51860.6
51876.6
51892.6
51908.6
51924.5
51940.5
51956.5
51972.5
51988.5
52004.5
52020.5
52036.5
52052.5
52068.5
52084.4
52100.4
52116.4
52132.4
52148.4
52164.4
52180.4
52196.4
52212.4
52228.4
52244.3
52260.3
52276.3
52292.3
52308.3
52324.3
52340.3
52356.3
52372.3
52388.3
52404.2
52420.2
52436.2
52452.2
52468.2
52484.2
52500.2
52516.2
52532.2
52548.2
52564.1
52580.1
52596.1
52612.1
52628.1
52644.1
52660.1
52676.1
52692.1
52708.1
52724
52740
52756
52772
52788
52804
52820
52836
52852
52868
52883.9
52899.9
52915.9
52931.9
52947.9
52963.9
52979.9
52995.9
53011.9
53027.9
53043.8
53059.8
53075.8
53091.8
53107.8
53123.8
53139.8
53155.8
53171.8
53187.8
53203.7
53219.7
53235.7
53251.7
53267.7
53283.7
53299.7
53315.7
53331.7
53347.7
53363.6
53379.6
53395.6
53411.6
53427.6
53443.6
53459.6
53475.6
53491.6
53507.6
53523.5
53539.5
53555.5
53571.5
53587.5
53603.5
53619.5
53635.5
53651.5
53667.5
53683.4
53699.4
53715.4
53731.4
53747.4
53763.4
53779.4
53795.4
53811.4
53827.4
53843.3
53859.3
53875.3
53891.3
53907.3
53923.3
53939.3
53955.3
53971.3
53987.3
54003.2
54019.2
54035.2
54051.2
54067.2
54083.2
54099.2
54115.2
54131.2
54147.2
54163.1
54179.1
54195.1
54211.1
54227.1
54243.1
54259.1
54275.1
54291.1
54307.1
54323
54339
54355
54371
54387
54403
54419
54435
54451
54467
54482.9
54498.9
54514.9
54530.9
54546.9
54562.9
54578.9
54594.9
54610.9
54626.9
54642.8
54658.8
54674.8
54690.8
54706.8
54722.8
54738.8
54754.8
54770.8
54786.8
54802.7
54818.7
54834.7
54850.7
54866.7
54882.7
54898.7
54914.7
54930.7
54946.7
54962.6
54978.6
54994.6
55010.6
55026.6
55042.6
55058.6
55074.6
55090.6
55106.6
55122.5
55138.5
55154.5
55170.5
55186.5
55202.5
55218.5
55234.5
55250.5
55266.5
55282.4
55298.4
55314.4
55330.4
55346.4
55362.4
55378.4
55394.4
55410.4
55426.4
55442.3
55458.3
55474.3
55490.3
55506.3
55522.3
55538.3
55554.3
55570.3
55586.3
55602.2
55618.2
55634.2
55650.2
55666.2
55682.2
55698.2
55714.2
55730.2
55746.2
55762.1
55778.1
55794.1
55810.1
55826.1
55842.1
55858.1
55874.1
55890.1
55906.1
55922
55938
55954
55970
55986
56002
56018
56034
56050
56066
56081.9
56097.9
56113.9
56129.9
56145.9
56161.9
56177.9
56193.9
56209.9
56225.9
56241.8
56257.8
56273.8
56289.8
56305.8
56321.8
56337.8
56353.8
56369.8
56385.8
56401.7
56417.7
56433.7
56449.7
56465.7
56481.7
56497.7
56513.7
56529.7
56545.7
56561.6
56577.6
56593.6
56609.6
56625.6
56641.6
56657.6
56673.6
56689.6
56705.6
56721.5
56737.5
56753.5
56769.5
56785.5
56801.5
56817.5
56833.5
56849.5
56865.5
56881.4
56897.4
56913.4
56929.4
56945.4
56961.4
56977.4
56993.4
57009.4
57025.4
57041.3
57057.3
57073.3
57089.3
57105.3
57121.3
57137.3
57153.3
57169.3
57185.3
57201.2
57217.2
57233.2
57249.2
57265.2
57281.2
57297.2
57313.2
57329.2
57345.2
57361.1
57377.1
57393.1
57409.1
57425.1
57441.1
57457.1
57473.1
57489.1
57505.1
57521
57537
57553
57569
57585
57601
57617
57633
57649
57665
57681
57696.9
57712.9
57728.9
57744.9
57760.9
57776.9
57792.9
57808.9
57824.9
57840.9
57856.8
57872.8
57888.8
57904.8
57920.8
57936.8
57952.8
57968.8
57984.8
58000.8
58016.7
58032.7
58048.7
58064.7
58080.7
58096.7
58112.7
58128.7
58144.7
58160.7
58176.6
58192.6
58208.6
58224.6
58240.6
58256.6
58272.6
58288.6
58304.6
58320.6
58336.5
58352.5
58368.5
58384.5
58400.5
58416.5
58432.5
58448.5
58464.5
58480.5
58496.4
58512.4
58528.4
58544.4
58560.4
58576.4
58592.4
58608.4
58624.4
58640.4
58656.3
58672.3
58688.3
58704.3
58720.3
58736.3
58752.3
58768.3
58784.3
58800.3
58816.2
58832.2
58848.2
58864.2
58880.2
58896.2
58912.2
58928.2
58944.2
58960.2
58976.1
58992.1
59008.1
59024.1
59040.1
59056.1
59072.1
59088.1
59104.1
59120.1
59136
59152
59168
59184
59200
59216
59232
59248
59264
59280
59295.9
59311.9
59327.9
59343.9
59359.9
59375.9
59391.9
59407.9
59423.9
59439.9
59455.8
59471.8
59487.8
59503.8
59519.8
59535.8
59551.8
59567.8
59583.8
59599.8
59615.7
59631.7
59647.7
59663.7
59679.7
59695.7
59711.7
59727.7
59743.7
59759.7
59775.6
59791.6
59807.6
59823.6
59839.6
59855.6
59871.6
59887.6
59903.6
59919.6
59935.5
59951.5
59967.5
59983.5
59999.5
60015.5
60031.5
60047.5
60063.5
60079.5
60095.4
60111.4
60127.4
60143.4
60159.4
60175.4
60191.4
60207.4
60223.4
60239.4
60255.3
60271.3
60287.3
60303.3
60319.3
60335.3
60351.3
60367.3
60383.3
60399.3
60415.2
60431.2
60447.2
60463.2
60479.2
60495.2
60511.2
60527.2
60543.2
60559.2
60575.1
60591.1
60607.1
60623.1
60639.1
60655.1
60671.1
60687.1
60703.1
60719.1
60735
60751
60767
60783
60799
60815
60831
60847
60863
60879
60894.9
60910.9
60926.9
60942.9
60958.9
60974.9
60990.9
61006.9
61022.9
61038.9
61054.8
61070.8
61086.8
61102.8
61118.8
61134.8
61150.8
61166.8
61182.8
61198.8
61214.7
61230.7
61246.7
61262.7
61278.7
61294.7
61310.7
61326.7
61342.7
61358.7
61374.6
61390.6
61406.6
61422.6
61438.6
61454.6
61470.6
61486.6
61502.6
61518.6
61534.5
61550.5
61566.5
61582.5
61598.5
61614.5
61630.5
61646.5
61662.5
61678.5
61694.4
61710.4
61726.4
61742.4
61758.4
61774.4
61790.4
61806.4
61822.4
61838.4
61854.3
61870.3
61886.3
61902.3
61918.3
61934.3
61950.3
61966.3
61982.3
61998.3
62014.2
62030.2
62046.2
62062.2
62078.2
62094.2
62110.2
62126.2
62142.2
62158.2
62174.1
62190.1
62206.1
62222.1
62238.1
62254.1
62270.1
62286.1
62302.1
62318.1
62334
62350
62366
62382
62398
62414
62430
62446
62462
62478
62493.9
62509.9
62525.9
62541.9
62557.9
62573.9
62589.9
62605.9
62621.9
62637.9
62653.8
62669.8
62685.8
62701.8
62717.8
62733.8
62749.8
62765.8
62781.8
62797.8
62813.7
62829.7
62845.7
62861.7
62877.7
62893.7
62909.7
62925.7
62941.7
62957.7
62973.6
62989.6
63005.6
63021.6
63037.6
63053.6
63069.6
63085.6
63101.6
63117.6
63133.5
63149.5
63165.5
63181.5
63197.5
63213.5
63229.5
63245.5
63261.5
63277.5
63293.4
63309.4
63325.4
63341.4
63357.4
63373.4
63389.4
63405.4
63421.4
63437.4
63453.3
63469.3
63485.3
63501.3
63517.3
63533.3
63549.3
63565.3
63581.3
63597.3
63613.2
63629.2
63645.2
63661.2
63677.2
63693.2
63709.2
63725.2
63741.2
63757.2
63773.1
63789.1
63805.1
63821.1
63837.1
63853.1
63869.1
63885.1
63901.1
63917.1
63933
63949
63965
63981
63997
64013
64029
64045
64061
64077
64092.9
64108.9
64124.9
64140.9
64156.9
64172.9
64188.9
64204.9
64220.9
64236.9
64252.8
64268.8
64284.8
64300.8
64316.8
64332.8
64348.8
64364.8
64380.8
64396.8
64412.7
64428.7
64444.7
64460.7
64476.7
64492.7
64508.7
64524.7
64540.7
64556.7
64572.6
64588.6
64604.6
64620.6
64636.6
64652.6
64668.6
64684.6
64700.6
64716.6
64732.5
64748.5
64764.5
64780.5
64796.5
64812.5
64828.5
64844.5
64860.5
64876.5
64892.4
64908.4
64924.4
64940.4
64956.4
64972.4
64988.4
65004.4
65020.4
65036.4
65052.3
65068.3
65084.3
65100.3
65116.3
65132.3
65148.3
65164.3
65180.3
65196.3
65212.2
65228.2
65244.2
65260.2
65276.2
65292.2
65308.2
65324.2
65340.2
65356.2
65372.1
65388.1
65404.1
65420.1
65436.1
65452.1
65468.1
65484.1
65500.1
65516.1
65532
65548
65564
65580
65596
65612
65628
65644
65660
65676
65691.9
65707.9
65723.9
65739.9
65755.9
65771.9
65787.9
65803.9
65819.9
65835.9
65851.8
65867.8
65883.8
65899.8
65915.8
65931.8
65947.8
65963.8
65979.8
65995.8
66011.7
66027.7
66043.7
66059.7
66075.7
66091.7
66107.7
66123.7
66139.7
66155.7
66171.6
66187.6
66203.6
66219.6
66235.6
66251.6
66267.6
66283.6
66299.6
66315.6
66331.5
66347.5
66363.5
66379.5
66395.5
66411.5
66427.5
66443.5
66459.5
66475.5
66491.4
66507.4
66523.4
66539.4
66555.4
66571.4
66587.4
66603.4
66619.4
66635.4
66651.3
66667.3
66683.3
66699.3
66715.3
66731.3
66747.3
66763.3
66779.3
66795.3
66811.2
66827.2
66843.2
66859.2
66875.2
66891.2
66907.2
66923.2
66939.2
66955.2
66971.1
66987.1
67003.1
67019.1
67035.1
67051.1
67067.1
67083.1
67099.1
67115.1
67131
67147
67163
67179
67195
67211
67227
67243
67259
67275
67290.9
67306.9
67322.9
67338.9
67354.9
67370.9
67386.9
67402.9
67418.9
67434.9
67450.8
67466.8
67482.8
67498.8
67514.8
67530.8
67546.8
67562.8
67578.8
67594.8
67610.7
67626.7
67642.7
67658.7
67674.7
67690.7
67706.7
67722.7
67738.7
67754.7
67770.6
67786.6
67802.6
67818.6
67834.6
67850.6
67866.6
67882.6
67898.6
67914.6
67930.5
67946.5
67962.5
67978.5
67994.5
68010.5
68026.5
68042.5
68058.5
68074.5
68090.4
68106.4
68122.4
68138.4
68154.4
68170.4
68186.4
68202.4
68218.4
68234.4
68250.3
68266.3
68282.3
68298.3
68314.3
68330.3
68346.3
68362.3
68378.3
68394.3
68410.2
68426.2
68442.2
68458.2
68474.2
68490.2
68506.2
68522.2
68538.2
68554.2
68570.1
68586.1
68602.1
68618.1
68634.1
68650.1
68666.1
68682.1
68698.1
68714.1
68730
68746
68762
68778
68794
68810
68826
68842
68858
68874
68889.9
68905.9
68921.9
68937.9
68953.9
68969.9
68985.9
69001.9
69017.9
69033.9
69049.8
69065.8
69081.8
69097.8
69113.8
69129.8
69145.8
69161.8
69177.8
69193.8
69209.7
69225.7
69241.7
69257.7
69273.7
69289.7
69305.7
69321.7
69337.7
69353.7
69369.6
69385.6
69401.6
69417.6
69433.6
69449.6
69465.6
69481.6
69497.6
69513.6
69529.5
69545.5
69561.5
69577.5
69593.5
69609.5
69625.5
69641.5
69657.5
69673.5
69689.4
69705.4
69721.4
69737.4
69753.4
69769.4
69785.4
69801.4
69817.4
69833.4
69849.3
69865.3
69881.3
69897.3
69913.3
69929.3
69945.3
69961.3
69977.3
69993.3
70009.2
70025.2
70041.2
70057.2
70073.2
70089.2
70105.2
70121.2
70137.2
70153.2
70169.1
70185.1
70201.1
70217.1
70233.1
70249.1
70265.1
70281.1
70297.1
70313.1
70329
70345
70361
70377
70393
70409
70425
70441
70457
70473
70488.9
70504.9
70520.9
70536.9
70552.9
70568.9
70584.9
70600.9
70616.9
70632.9
70648.8
70664.8
70680.8
70696.8
70712.8
70728.8
70744.8
70760.8
70776.8
70792.8
70808.7
70824.7
70840.7
70856.7
70872.7
70888.7
70904.7
70920.7
70936.7
70952.7
70968.6
70984.6
71000.6
71016.6
71032.6
71048.6
71064.6
71080.6
71096.6
71112.6
71128.5
71144.5
71160.5
71176.5
71192.5
71208.5
71224.5
71240.5
71256.5
71272.5
71288.4
71304.4
71320.4
71336.4
71352.4
71368.4
71384.4
71400.4
71416.4
71432.4
71448.3
71464.3
71480.3
71496.3
71512.3
71528.3
71544.3
71560.3
71576.3
71592.3
71608.2
71624.2
71640.2
71656.2
71672.2
71688.2
71704.2
71720.2
71736.2
71752.2
71768.1
71784.1
71800.1
71816.1
71832.1
71848.1
71864.1
71880.1
71896.1
71912.1
71928
71944
71960
71976
71992
72008
72024
72040
72056
72072
72087.9
72103.9
72119.9
72135.9
72151.9
72167.9
72183.9
72199.9
72215.9
72231.9
72247.8
72263.8
72279.8
72295.8
72311.8
72327.8
72343.8
72359.8
72375.8
72391.8
72407.7
72423.7
72439.7
72455.7
72471.7
72487.7
72503.7
72519.7
72535.7
72551.7
72567.6
72583.6
72599.6
72615.6
72631.6
72647.6
72663.6
72679.6
72695.6
72711.6
72727.5
72743.5
72759.5
72775.5
72791.5
72807.5
72823.5
72839.5
72855.5
72871.5
72887.4
72903.4
72919.4
72935.4
72951.4
72967.4
72983.4
72999.4
73015.4
73031.4
73047.3
73063.3
73079.3
73095.3
73111.3
73127.3
73143.3
73159.3
73175.3
73191.3
73207.2
73223.2
73239.2
73255.2
73271.2
73287.2
73303.2
73319.2
73335.2
73351.2
73367.1
73383.1
73399.1
73415.1
73431.1
73447.1
73463.1
73479.1
73495.1
73511.1
73527
73543
73559
73575
73591
73607
73623
73639
73655
73671
73686.9
73702.9
73718.9
73734.9
73750.9
73766.9
73782.9
73798.9
73814.9
73830.9
73846.8
73862.8
73878.8
73894.8
73910.8
73926.8
73942.8
73958.8
73974.8
73990.8
74006.7
74022.7
74038.7
74054.7
74070.7
74086.7
74102.7
74118.7
74134.7
74150.7
74166.6
74182.6
74198.6
74214.6
74230.6
74246.6
74262.6
74278.6
74294.6
74310.6
74326.5
74342.5
74358.5
74374.5
74390.5
74406.5
74422.5
74438.5
74454.5
74470.5
74486.4
74502.4
74518.4
74534.4
74550.4
74566.4
74582.4
74598.4
74614.4
74630.4
74646.3
74662.3
74678.3
74694.3
74710.3
74726.3
74742.3
74758.3
74774.3
74790.3
74806.2
74822.2
74838.2
74854.2
74870.2
74886.2
74902.2
74918.2
74934.2
74950.2
74966.1
74982.1
74998.1
75014.1
75030.1
75046.1
75062.1
75078.1
75094.1
75110.1
75126
75142
75158
75174
75190
75206
75222
75238
75254
75270
75285.9
75301.9
75317.9
75333.9
75349.9
75365.9
75381.9
75397.9
75413.9
75429.9
75445.8
75461.8
75477.8
75493.8
75509.8
75525.8
75541.8
75557.8
75573.8
75589.8
75605.7
75621.7
75637.7
75653.7
75669.7
75685.7
75701.7
75717.7
75733.7
75749.7
75765.6
75781.6
75797.6
75813.6
75829.6
75845.6
75861.6
75877.6
75893.6
75909.6
75925.5
75941.5
75957.5
75973.5
75989.5
76005.5
76021.5
76037.5
76053.5
76069.5
76085.4
76101.4
76117.4
76133.4
76149.4
76165.4
76181.4
76197.4
76213.4
76229.4
76245.3
76261.3
76277.3
76293.3
76309.3
76325.3
76341.3
76357.3
76373.3
76389.3
76405.2
76421.2
76437.2
76453.2
76469.2
76485.2
76501.2
76517.2
76533.2
76549.2
76565.1
76581.1
76597.1
76613.1
76629.1
76645.1
76661.1
76677.1
76693.1
76709.1
76725
76741
76757
76773
76789
76805
76821
76837
76853
76869
76884.9
76900.9
76916.9
76932.9
76948.9
76964.9
76980.9
76996.9
77012.9
77028.9
77044.8
77060.8
77076.8
77092.8
77108.8
77124.8
77140.8
77156.8
77172.8
77188.8
77204.7
77220.7
77236.7
77252.7
77268.7
77284.7
77300.7
77316.7
77332.7
77348.7
77364.6
77380.6
77396.6
77412.6
77428.6
77444.6
77460.6
77476.6
77492.6
77508.6
77524.5
77540.5
77556.5
77572.5
77588.5
77604.5
77620.5
77636.5
77652.5
77668.5
77684.4
77700.4
77716.4
77732.4
77748.4
77764.4
77780.4
77796.4
77812.4
77828.4
77844.3
77860.3
77876.3
77892.3
77908.3
77924.3
77940.3
77956.3
77972.3
77988.3
78004.2
78020.2
78036.2
78052.2
78068.2
78084.2
78100.2
78116.2
78132.2
78148.2
78164.1
78180.1
78196.1
78212.1
78228.1
78244.1
78260.1
78276.1
78292.1
78308.1
78324
78340
78356
78372
78388
78404
78420
78436
78452
78468
78483.9
78499.9
78515.9
78531.9
78547.9
78563.9
78579.9
78595.9
78611.9
78627.9
78643.8
78659.8
78675.8
78691.8
78707.8
78723.8
78739.8
78755.8
78771.8
78787.8
78803.7
78819.7
78835.7
78851.7
78867.7
78883.7
78899.7
78915.7
78931.7
78947.7
78963.6
78979.6
78995.6
79011.6
79027.6
79043.6
79059.6
79075.6
79091.6
79107.6
79123.5
79139.5
79155.5
79171.5
79187.5
79203.5
79219.5
79235.5
79251.5
79267.5
79283.4
79299.4
79315.4
79331.4
79347.4
79363.4
79379.4
79395.4
79411.4
79427.4
79443.3
79459.3
79475.3
79491.3
79507.3
79523.3
79539.3
79555.3
79571.3
79587.3
79603.2
79619.2
79635.2
79651.2
79667.2
79683.2
79699.2
79715.2
79731.2
79747.2
79763.1
79779.1
79795.1
79811.1
79827.1
79843.1
79859.1
79875.1
79891.1
79907.1
79923
79939
79955
79971
79987
80003
80019
80035
80051
80067
80082.9
80098.9
80114.9
80130.9
80146.9
80162.9
80178.9
80194.9
80210.9
80226.9
80242.8
80258.8
80274.8
80290.8
80306.8
80322.8
80338.8
80354.8
80370.8
80386.8
80402.7
80418.7
80434.7
80450.7
80466.7
80482.7
80498.7
80514.7
80530.7
80546.7
80562.6
80578.6
80594.6
80610.6
80626.6
80642.6
80658.6
80674.6
80690.6
80706.6
80722.5
80738.5
80754.5
80770.5
80786.5
80802.5
80818.5
80834.5
80850.5
80866.5
80882.4
80898.4
80914.4
80930.4
80946.4
80962.4
80978.4
80994.4
81010.4
81026.4
81042.3
81058.3
81074.3
81090.3
81106.3
81122.3
81138.3
81154.3
81170.3
81186.3
81202.2
81218.2
81234.2
81250.2
81266.2
81282.2
81298.2
81314.2
81330.2
81346.2
81362.1
81378.1
81394.1
81410.1
81426.1
81442.1
81458.1
81474.1
81490.1
81506.1
81522
81538
81554
81570
81586
81602
81618
81634
81650
81666
81681.9
81697.9
81713.9
81729.9
81745.9
81761.9
81777.9
81793.9
81809.9
81825.9
81841.8
81857.8
81873.8
81889.8
81905.8
81921.8
81937.8
81953.8
81969.8
81985.8
82001.7
82017.7
82033.7
82049.7
82065.7
82081.7
82097.7
82113.7
82129.7
82145.7
82161.6
82177.6
82193.6
82209.6
82225.6
82241.6
82257.6
82273.6
82289.6
82305.6
82321.5
82337.5
82353.5
82369.5
82385.5
82401.5
82417.5
82433.5
82449.5
82465.5
82481.4
82497.4
82513.4
82529.4
82545.4
82561.4
82577.4
82593.4
82609.4
82625.4
82641.3
82657.3
82673.3
82689.3
82705.3
82721.3
82737.3
82753.3
82769.3
82785.3
82801.2
82817.2
82833.2
82849.2
82865.2
82881.2
82897.2
82913.2
82929.2
82945.2
82961.1
82977.1
82993.1
83009.1
83025.1
83041.1
83057.1
83073.1
83089.1
83105.1
83121
83137
83153
83169
83185
83201
83217
83233
83249
83265
83280.9
83296.9
83312.9
83328.9
83344.9
83360.9
83376.9
83392.9
83408.9
83424.9
83440.8
83456.8
83472.8
83488.8
83504.8
83520.8
83536.8
83552.8
83568.8
83584.8
83600.7
83616.7
83632.7
83648.7
83664.7
83680.7
83696.7
83712.7
83728.7
83744.7
83760.6
83776.6
83792.6
83808.6
83824.6
83840.6
83856.6
83872.6
83888.6
83904.6
83920.5
83936.5
83952.5
83968.5
83984.5
84000.5
84016.5
84032.5
84048.5
84064.5
84080.4
84096.4
84112.4
84128.4
84144.4
84160.4
84176.4
84192.4
84208.4
84224.4
84240.3
84256.3
84272.3
84288.3
84304.3
84320.3
84336.3
84352.3
84368.3
84384.3
84400.2
84416.2
84432.2
84448.2
84464.2
84480.2
84496.2
84512.2
84528.2
84544.2
84560.1
84576.1
84592.1
84608.1
84624.1
84640.1
84656.1
84672.1
84688.1
84704.1
84720
84736
84752
84768
84784
84800
84816
84832
84848
84864
84879.9
84895.9
84911.9
84927.9
84943.9
84959.9
84975.9
84991.9
85007.9
85023.9
85039.8
85055.8
85071.8
85087.8
85103.8
85119.8
85135.8
85151.8
85167.8
85183.8
85199.7
85215.7
85231.7
85247.7
85263.7
85279.7
85295.7
85311.7
85327.7
85343.7
85359.6
85375.6
85391.6
85407.6
85423.6
85439.6
85455.6
85471.6
85487.6
85503.6
85519.5
85535.5
85551.5
85567.5
85583.5
85599.5
85615.5
85631.5
85647.5
85663.5
85679.4
85695.4
85711.4
85727.4
85743.4
85759.4
85775.4
85791.4
85807.4
85823.4
85839.3
85855.3
85871.3
85887.3
85903.3
85919.3
85935.3
85951.3
85967.3
85983.3
85999.2
86015.2
86031.2
86047.2
86063.2
86079.2
86095.2
86111.2
86127.2
86143.2
86159.1
86175.1
86191.1
86207.1
86223.1
86239.1
86255.1
86271.1
86287.1
86303.1
86319
86335
86351
86367
86383
86399


100
7
100
3
1 1 2 0.911911
2 0 0 0.886828
3 0 0 0.961615

1
1 0 0 0.926841

3
1 1 1 1.01104
2 0 0 1.00659
3 0 0 0.827939

3
1 5 1 0.808859
2 0 0 0.997033
3 0 0 0.938768

5
1 6 5152 0.857007
2 0 0 0.7938
3 6 5339 0.975903
6 0 0 1.15482
7 0 0 0.879613

1
1 0 0 0.757851

5
1 4 1 0.876044
2 0 528 0.819073
4 0 0 0.875079
5 0 0 0.806643
3 0 0 0.954577

1
1 0 0 0.945112

3
1 1 1 0.814495
2 0 0 1.01478
3 0 0 0.801338

1
1 0 0 0.888776

3
1 1 1 0.766554
2 0 0 0.958251
3 0 0 0.891561

3
1 0 8118 0.938254
2 0 0 0.957974
3 0 0 0.878688

3
1 0 1571 0.884858
2 0 0 1.00493
3 0 0 0.966331

3
1 5 1 0.894605
2 0 0 0.951993
3 0 0 0.850192

3
1 4 1 0.878705
2 0 0 0.843941
3 0 0 0.924253

1
1 0 0 0.728418

3
1 5 1 0.889776
2 0 0 0.981972
3 0 0 0.878866

3
1 1 1 0.90951
2 0 0 0.972736
3 0 0 0.825205

3
1 4 1 1.00641
2 0 0 0.862054
3 0 0 1.09061

3
1 2 3 0.879523
2 0 0 0.866994
3 0 0 0.895885

3
1 6 1716 0.932902
2 0 0 0.960575
3 0 0 0.898348

3
1 5 1 0.903708
2 0 0 0.994878
3 0 0 0.713711

1
1 0 0 0.815277

3
1 1 1 0.930534
2 0 0 0.954199
3 0 0 0.909851

3
1 6 1046 0.836515
2 0 0 0.993551
3 0 0 0.871909

1
1 0 0 0.751553

5
1 2 3 0.877799
2 2 1 0.96037
4 0 0 0.889729
5 0 0 0.994856
3 0 0 0.872279

3
1 4 1 0.909964
2 0 0 0.889558
3 0 0 1.01121

3
1 0 8536 0.882538
2 0 0 0.880386
3 0 0 0.886509

3
1 2 4 0.912173
2 0 0 0.873819
3 0 0 0.924818

3
1 2 1 0.898816
2 0 0 0.932722
3 0 0 0.84367

3
1 5 1 1.01047
2 0 0 1.05158
3 0 0 1.01598

3
1 4 1 0.932727
2 0 0 0.854286
3 0 0 0.931364

3
1 2 4 0.843561
2 0 0 0.896957
3 0 0 0.853748

1
1 0 0 0.869865

3
1 0 7965 0.939709
2 0 0 0.876305
3 0 0 0.988109

1
1 0 0 0.975667

5
1 4 1 0.986945
2 1 1 0.996418
4 0 0 0.943252
5 0 0 0.944411
3 0 0 1.01451

1
1 0 0 0.786942

3
1 6 98 0.855898
2 0 0 1.1401
3 0 0 0.820239

1
1 0 0 0.719684

3
1 1 1 0.839926
2 0 0 1.07579
3 0 0 0.757505

5
1 0 5500 0.852129
2 0 0 0.906205
3 4 1 0.862444
6 0 0 0.847515
7 0 0 1.01475

1
1 0 0 0.706315

3
1 6 4515 0.87355
2 0 0 0.860133
3 0 0 0.817975

5
1 6 2724 0.820811
2 0 0 1.0479
3 6 4104 0.855869
6 0 0 1.02182
7 0 0 0.842562

3
1 1 1 0.830735
2 0 0 1.09684
3 0 0 0.894184

3
1 5 1 0.774349
2 0 0 1.19852
3 0 0 0.807484

3
1 1 1 0.847881
2 0 0 1.01303
3 0 0 0.847292

5
1 4 1 0.882449
2 0 0 0.865148
3 0 5379 0.857966
6 0 0 0.896324
7 0 0 0.933281

1
1 0 0 0.739241

3
1 2 2 0.941048
2 0 0 0.950387
3 0 0 1.05007

5
1 1 2 0.900976
2 5 1 0.940912
4 0 0 1.07013
5 0 0 0.845355
3 0 0 0.822257

3
1 1 1 0.919016
2 0 0 1.08604
3 0 0 0.766921

3
1 2 2 0.877462
2 0 0 0.917363
3 0 0 0.832433

5
1 4 1 0.858604
2 0 0 0.808264
3 0 3143 0.933228
6 0 0 1.08671
7 0 0 0.937266

7
1 4 1 0.775992
2 1 1 0.739374
4 0 0 0.897771
5 0 0 0.722762
3 6 4062 0.864844
6 0 0 0.874069
7 0 0 1.01831

1
1 0 0 0.777119

3
1 2 2 0.902642
2 0 0 0.819895
3 0 0 0.910346

3
1 0 6600 0.908787
2 0 0 1.01601
3 0 0 0.869027

3
1 4 1 0.960762
2 0 0 0.826913
3 0 0 1.01587

1
1 0 0 0.893279

3
1 0 8116 0.861508
2 0 0 0.873344
3 0 0 0.976721

1
1 0 0 0.784654

1
1 0 0 0.785991

7
1 0 8563 0.914082
2 0 0 0.881697
3 0 9864 0.8817
6 6 4586 1.06398
12 0 0 0.970417
13 0 0 1.04257
7 0 0 0.859029

3
1 5 1 0.864553
2 0 0 0.967484
3 0 0 0.824001

3
1 1 1 0.86197
2 0 0 0.940437
3 0 0 0.750788

3
1 4 1 0.812361
2 0 0 0.80575
3 0 0 1.04416

1
1 0 0 0.775146

3
1 6 2779 0.937539
2 0 0 0.945268
3 0 0 0.897923

3
1 2 4 0.847841
2 0 0 0.77116
3 0 0 0.974583

3
1 1 1 0.86371
2 0 0 0.990474
3 0 0 0.924465

1
1 0 0 0.858778

1
1 0 0 0.930363

1
1 0 0 0.760322

1
1 0 0 0.859814

3
1 6 1184 0.882875
2 0 0 1.06625
3 0 0 0.876284

3
1 1 2 0.836253
2 0 0 0.818981
3 0 0 1.03473

3
1 5 1 0.91555
2 0 0 1.07673
3 0 0 0.875133

3
1 4 1 0.875024
2 0 0 0.830683
3 0 0 0.946256

3
1 5 1 0.893638
2 0 0 1.00913
3 0 0 0.834757

3
1 6 5285 0.867466
2 0 0 0.814938
3 0 0 0.925628

1
1 0 0 0.900799

3
1 5 1 0.745356
2 0 0 1.03989
3 0 0 0.790706

3
1 6 2811 0.908793
2 0 0 0.947365
3 0 0 0.793165

5
1 0 1262 0.806186
2 1 2 1.03286
4 0 0 0.971648
5 0 0 1.013
3 0 0 0.850017

3
1 0 87 0.703407
2 0 0 1.05882
3 0 0 0.773713

3
1 0 236 0.752999
2 0 0 1.00441
3 0 0 0.788186

3
1 5 1 0.872538
2 0 0 1.0034
3 0 0 0.782469

3
1 5 1 0.91621
2 0 0 0.920528
3 0 0 0.739056

3
1 5 1 0.913537
2 0 0 0.942592
3 0 0 0.816722

3
1 5 1 0.897656
2 0 0 0.992198
3 0 0 0.842579

1
1 0 0 0.895293

5
1 0 9406 0.969345
2 5 1 0.926925
4 0 0 0.84237
5 0 0 0.876197
3 0 0 0.947869

3
1 2 3 0.913565
2 0 0 0.998111
3 0 0 1.01275

3
1 6 3625 0.959684
2 0 0 0.994829
3 0 0 0.947949

5
1 5 1 0.886314
2 0 0 1.09932
3 1 2 0.896628
6 0 0 0.872543
7 0 0 0.8131

1
1 0 0 0.867926

1
1 0 0 0.7479

3
1 5 1 0.923739
2 0 0 1.09828
3 0 0 0.856817

5
1 1 2 0.979393
2 0 0 0.923692
3 6 2432 0.953127
6 0 0 1.18653
7 0 0 0.963826

1
1 0 0 0.852878

1
1 0 0 0.822742

3
1 2 3 0.975576
2 0 0 0.890673
3 0 0 0.885291

3
1 1 2 0.892703
2 0 0 0.812494
3 0 0 0.96398

3
1 0 1320 0.766243
2 0 0 0.932847
3 0 0 0.75047

3
1 6 4458 0.920945
2 0 0 1.08681
3 0 0 0.925618

3
1 0 9489 0.921572
2 0 0 0.937067
3 0 0 0.860851

3
1 4 1 0.776848
2 0 0 0.897716
3 0 0 1.05196

3
1 1 1 0.982703
2 0 0 1.07489
3 0 0 0.855511

3
1 1 1 0.933295
2 0 0 0.808586
3 0 0 0.686613

3
1 2 4 0.92247
2 0 0 0.837878
3 0 0 0.916023

1
1 0 0 0.829455

3
1 6 2715 0.86487
2 0 0 1.05418
3 0 0 0.834702

1
1 0 0 0.703943

7
1 1 1 0.816831
2 0 8870 1.05037
4 6 5289 0.984922
8 0 0 1.00252
9 0 0 0.885612
5 0 0 0.933795
3 0 0 0.9038

3
1 1 1 0.90951
2 0 0 1.04169
3 0 0 0.865602

5
1 1 1 0.867978
2 6 5012 1.02716
4 0 0 0.949325
5 0 0 1.01168
3 0 0 0.816516

1
1 0 0 0.946178

1
1 0 0 0.834818

1
1 0 0 0.816606

3
1 4 1 0.92961
2 0 0 0.957896
3 0 0 0.846492

3
1 5 1 0.840966
2 0 0 0.998427
3 0 0 0.79094

3
1 4 1 0.901619
2 0 0 0.904023
3 0 0 0.907593

3
1 0 783 0.909024
2 0 0 0.963622
3 0 0 0.922725

1
1 0 0 0.751896

3
1 2 4 0.887891
2 0 0 0.857323
3 0 0 0.914872

1
1 0 0 0.835771

3
1 2 2 0.922817
2 0 0 0.872682
3 0 0 0.901402

3
1 1 2 0.929779
2 0 0 0.922687
3 0 0 1.16803

3
1 5 1 0.949425
2 0 0 1.19885
3 0 0 0.794494

1
1 0 0 0.785771

3
1 0 1948 0.884866
2 0 0 0.88608
3 0 0 0.897981

3
1 4 1 1.01084
2 0 0 0.915948
3 0 0 0.931376

3
1 0 846 0.890863
2 0 0 1.02817
3 0 0 0.930816

3
1 1 1 0.92834
2 0 0 0.916618
3 0 0 0.87834

3
1 1 2 0.884441
2 0 0 0.772642
3 0 0 0.996909

3
1 0 4187 0.838993
2 0 0 1.02136
3 0 0 0.889002

3
1 5 1 0.84717
2 0 0 1.04649
3 0 0 0.808534

3
1 1 2 0.927916
2 0 0 0.968548
3 0 0 0.94586

1
1 0 0 0.855257

9
1 6 4776 0.914544
2 0 0 0.892599
3 4 1 1.03366
6 5 1 0.946337
12 0 0 1.02937
13 6 4920 1.02904
26 0 0 1.03891
27 0 0 1.07477
7 0 0 1.00314

1
1 0 0 0.786912

3
1 5 1 0.824365
2 0 0 1.0118
3 0 0 0.880532

1
1 0 0 0.797168

3
1 1 1 0.862699
2 0 0 0.885994
3 0 0 0.876213

1
1 0 0 0.777658

1
1 0 0 0.776122

1
1 0 0 0.858336

1
1 0 0 0.90573

1
1 0 0 0.85548

1
1 0 0 0.890795

3
1 1 1 0.850914
2 0 0 1.00575
3 0 0 0.867632

7
1 2 4 0.929943
2 0 1430 1.01621
4 0 0 0.982982
5 0 0 0.988204
3 4 1 0.941788
6 0 0 0.960553
7 0 0 1.02705

3
1 4 1 0.892218
2 0 0 0.905667
3 0 0 0.952108

3
1 5 1 0.941628
2 0 0 1.0953
3 0 0 0.797659

3
1 5 1 0.893926
2 0 0 1.0037
3 0 0 0.800589

3
1 2 2 0.881559
2 0 0 0.868439
3 0 0 0.999981

3
1 6 4097 0.869364
2 0 0 1.01028
3 0 0 0.891423

1
1 0 0 0.801944

1
1 0 0 0.800607

5
1 6 1728 0.99517
2 0 0 0.948533
3 5 1 0.914077
6 0 0 0.991343
7 0 0 0.834899

7
1 6 4644 0.785759
2 0 0 0.871755
3 6 4741 1.01999
6 0 5622 0.893942
12 0 0 1.16483
13 0 0 1.01633
7 0 0 0.853847

1
1 0 0 0.79805

3
1 1 1 0.90098
2 0 0 0.951798
3 0 0 0.826291

3
1 1 1 0.81534
2 0 0 1.00706
3 0 0 0.883796

1
1 0 0 0.801324

1
1 0 0 0.83532

3
1 2 2 0.985021
2 0 0 0.957056
3 0 0 0.947642

1
1 0 0 0.806783

3
1 0 9680 0.853152
2 0 0 0.902741
3 0 0 0.911144

1
1 0 0 0.796826

5
1 0 2559 0.86545
2 0 0 0.885838
3 1 1 0.883143
6 0 0 0.841329
7 0 0 0.872722

3
1 4 1 0.83585
2 0 0 0.871095
3 0 0 1.03863

3
1 4 1 0.86537
2 0 0 0.714466
3 0 0 1.02446

3
1 1 1 0.841918
2 0 0 1.00318
3 0 0 0.825529

3
1 6 4337 0.95669
2 0 0 0.838228
3 0 0 0.980453

3
1 6 3421 0.886466
2 0 0 0.915666
3 0 0 0.893773

3
1 5 1 0.879471
2 0 0 1.03005
3 0 0 0.778005

3
1 6 4629 0.86729
2 0 0 0.888727
3 0 0 0.970086

3
1 5 1 0.945421
2 0 0 0.997583
3 0 0 0.777763

3
1 1 1 0.841823
2 0 0 0.843086
3 0 0 0.716082

5
1 4 1 0.924775
2 2 2 0.822398
4 0 0 0.900044
5 0 0 0.832616
3 0 0 1.00258

3
1 5 1 0.745356
2 0 0 0.9121
3 0 0 0.939398

1
1 0 0 1.00866

5
1 1 2 0.889801
2 1 1 0.862792
4 0 0 1.07248
5 0 0 0.827078
3 0 0 1.0315

1
1 0 0 0.729775

5
1 6 103 0.797157
2 4 1 0.991639
4 0 0 0.927059
5 0 0 1.02974
3 0 0 0.854015

3
1 1 2 0.836839
2 0 0 0.776466
3 0 0 1.12584

3
1 5 1 0.965096
2 0 0 1.02785
3 0 0 0.688876

1
1 0 0 0.787285

1
1 0 0 0.848679

3
1 6 1274 0.866782
2 0 0 0.988974
3 0 0 0.782343

1
1 0 0 0.746603

3
1 1 1 0.887991
2 0 0 0.942954
3 0 0 0.781279

3
1 0 1031 0.838199
2 0 0 0.901105
3 0 0 0.820487

3
1 5 1 0.886314
2 0 0 0.946667
3 0 0 0.915774

3
1 5 1 0.913803
2 0 0 0.988813
3 0 0 0.958382

3
1 5 1 0.887622
2 0 0 0.987048
3 0 0 0.769529

3
1 5 1 0.923739
2 0 0 1.02423
3 0 0 0.790072

3
1 5 1 0.920903
2 0 0 0.944893
3 0 0 0.770862

1
1 0 0 0.883411

3
1 4 1 0.914851
2 0 0 0.781807
3 0 0 1.03397

3
1 1 2 0.828086
2 0 0 0.826887
3 0 0 0.869851

3
1 5 1 0.90874
2 0 0 0.995968
3 0 0 0.829193

1
1 0 0 0.939121

3
1 5 1 0.941857
2 0 0 1.00317
3 0 0 0.87763

3
1 6 2163 0.884081
2 0 0 0.911222
3 0 0 0.866187

3
1 2 4 0.913157
2 0 0 0.892344
3 0 0 0.889837

5
1 2 4 0.844087
2 0 0 0.972535
3 0 8709 1.10136
6 0 0 1.16069
7 0 0 1.07059

1
1 0 0 0.847785

3
1 1 2 0.861343
2 0 0 0.895075
3 0 0 0.896393

1
1 0 0 0.839774

3
1 1 1 0.924976
2 0 0 1.07297
3 0 0 0.840655

3
1 5 1 0.926056
2 0 0 0.898744
3 0 0 0.883479

1
1 0 0 0.965677

3
1 6 3383 0.948035
2 0 0 0.941063
3 0 0 0.941732

1
1 0 0 0.776123

3
1 5 1 0.926004
2 0 0 1.02007
3 0 0 0.735732

3
1 5 1 0.878046
2 0 0 1.05301
3 0 0 0.800192

3
1 2 3 0.835508
2 0 0 0.765491
3 0 0 0.995893

3
1 5 1 0.894904
2 0 0 1.08159
3 0 0 0.845795

3
1 6 2751 0.921759
2 0 0 0.883642
3 0 0 0.917599

3
1 4 1 0.848579
2 0 0 0.880864
3 0 0 0.961127

1
1 0 0 0.844647

3
1 5 1 0.921562
2 0 0 0.995085
3 0 0 0.785674

1
1 0 0 0.767452

1
1 0 0 0.834016

7
1 4 1 0.900332
2 5 1 0.950606
4 0 0 1.01047
5 0 0 0.841767
3 2 1 0.92553
6 0 0 0.913587
7 0 0 1.03314

1
1 0 0 0.834575

1
1 0 0 0.853677

3
1 2 1 0.936329
2 0 0 0.903903
3 0 0 0.972238

1
1 0 0 0.83311

3
1 1 2 0.892436
2 0 0 0.724124
3 0 0 1.07728

5
1 5 1 0.917771
2 6 603 1.00864
4 0 0 1.06415
5 0 0 0.996953
3 0 0 0.817798

3
1 2 3 0.941868
2 0 0 0.977032
3 0 0 0.844282

5
1 6 227 0.888914
2 6 83 1.02952
4 0 0 0.941311
5 0 0 1.07618
3 0 0 0.910488

3
1 6 1470 0.888427
2 0 0 0.92912
3 0 0 0.916068

1
1 0 0 1.00504

1
1 0 0 0.81937

3
1 4 1 0.887377
2 0 0 0.81988
3 0 0 0.914841

3
1 4 1 0.920453
2 0 0 0.887428
3 0 0 1.06066

3
1 1 1 0.896493
2 0 0 0.954658
3 0 0 0.828446

1
1 0 0 0.926419

3
1 2 1 0.908616
2 0 0 0.981004
3 0 0 0.914123

3
1 0 117 0.770168
2 0 0 0.915438
3 0 0 0.811441

5
1 6 81 0.876239
2 0 0 0.92215
3 5 1 0.804179
6 0 0 0.83661
7 0 0 0.810787

1
1 0 0 0.877349

3
1 6 4670 0.760733
2 0 0 0.900465
3 0 0 0.954039

3
1 2 4 0.821563
2 0 0 0.823864
3 0 0 0.833522

3
1 6 418 0.742814
2 0 0 1.05541
3 0 0 0.790191

3
1 5 1 0.934577
2 0 0 0.957321
3 0 0 0.737479

1
1 0 0 0.689478

5
1 6 4831 0.916008
2 0 0 0.907303
3 2 2 0.897852
6 0 0 0.972479
7 0 0 0.957392

1
1 0 0 0.878757

3
1 5 1 0.896623
2 0 0 0.900639
3 0 0 0.883602

5
1 4 1 0.960106
2 0 0 0.937838
3 2 1 1.01255
6 0 0 0.927636
7 0 0 1.01952

3
1 6 2845 0.830506
2 0 0 0.936823
3 0 0 0.807386

3
1 5 1 0.931938
2 0 0 1.11509
3 0 0 0.884179

3
1 1 1 0.837759
2 0 0 0.990082
3 0 0 0.811963

1
1 0 0 0.896792

5
1 1 2 0.932263
2 2 1 0.958378
4 0 0 1.02612
5 0 0 0.962746
3 0 0 0.958083

3
1 0 4060 0.992891
2 0 0 0.95415
3 0 0 0.989297

3
1 5 1 0.894274
2 0 0 0.99777
3 0 0 0.86939

5
1 5 1 0.886898
2 6 1210 0.941743
4 0 0 0.910228
5 0 0 1.01834
3 0 0 0.895825

1
1 0 0 0.850416

3
1 5 1 0.908397
2 0 0 0.890333
3 0 0 0.83415

3
1 6 2889 0.880373
2 0 0 0.998108
3 0 0 0.819625

1
1 0 0 0.736853

3
1 4 1 0.836277
2 0 0 0.823577
3 0 0 0.908614

1
1 0 0 0.902552

1
1 0 0 0.821159

1
1 0 0 0.817065

3
1 6 2767 0.867359
2 0 0 0.895996
3 0 0 0.839109

3
1 4 1 0.879519
2 0 0 0.766235
3 0 0 0.908744

3
1 0 2547 0.946589
2 0 0 0.922972
3 0 0 0.832422

1
1 0 0 0.858006

1
1 0 0 0.905444

3
1 1 2 0.782887
2 0 0 0.847006
3 0 0 0.939893

3
1 0 962 0.887038
2 0 0 1.03172
3 0 0 0.814906

3
1 1 2 0.856897
2 0 0 0.837003
3 0 0 1.02736

3
1 1 1 0.9218
2 0 0 1.04655
3 0 0 0.802291

3
1 1 1 0.807523
2 0 0 0.943458
3 0 0 0.77173

5
1 0 9930 0.861146
2 0 0 0.911709
3 1 2 0.921196
6 0 0 0.916928
7 0 0 0.938941

3
1 1 1 0.881827
2 0 0 1.07799
3 0 0 0.820388

3
1 1 1 0.860736
2 0 0 0.948166
3 0 0 0.809259

3
1 4 1 0.877455
2 0 0 0.845678
3 0 0 1.03164

3
1 0 234 0.847094
2 0 0 1.09368
3 0 0 0.822104

3
1 0 1867 0.924855
2 0 0 0.940131
3 0 0 0.868433

3
1 5 1 0.950137
2 0 0 1.06039
3 0 0 0.92885

3
1 1 1 0.741714
2 0 0 0.923269
3 0 0 0.769061

1
1 0 0 0.681411

3
1 5 1 0.885165
2 0 0 1.04152
3 0 0 0.797639

1
1 0 0 0.859098

3
1 5 1 0.863622
2 0 0 0.935172
3 0 0 0.814592

3
1 6 2154 0.902432
2 0 0 0.897846
3 0 0 0.855858

1
1 0 0 0.776808

5
1 6 5186 0.854239
2 0 0 0.8574
3 0 8976 0.890251
6 0 0 0.994135
7 0 0 1.06497

1
1 0 0 0.858214

3
1 5 1 0.923739
2 0 0 1.05816
3 0 0 0.872178

1
1 0 0 0.754622

3
1 0 6155 0.873421
2 0 0 0.897482
3 0 0 0.863626

3
1 1 2 0.862684
2 0 0 0.896883
3 0 0 0.991666

3
1 5 1 0.847304
2 0 0 1.0698
3 0 0 0.808346

1
1 0 0 0.76244

5
1 1 2 0.955534
2 5 1 0.989651
4 0 0 1.00688
5 0 0 0.816018
3 0 0 1.0352

3
1 4 1 0.825635
2 0 0 0.770182
3 0 0 1.08232

3
1 6 5336 0.729363
2 0 0 0.734615
3 0 0 1.10402

3
1 1 1 0.897453
2 0 0 0.926117
3 0 0 0.893538

3
1 4 1 0.874614
2 0 0 0.968926
3 0 0 0.844239

3
1 2 2 0.818081
2 0 0 0.881405
3 0 0 0.926291

3
1 5 1 0.915116
2 0 0 1.03895
3 0 0 0.738606

3
1 6 5311 0.795494
2 0 0 0.822086
3 0 0 0.988516

1
1 0 0 0.910809

3
1 5 1 0.958878
2 0 0 1.03348
3 0 0 0.887974

1
1 0 0 0.837042

3
1 0 4644 0.872413
2 0 0 0.97894
3 0 0 0.941562

3
1 6 2549 0.91881
2 0 0 0.987873
3 0 0 0.830757

3
1 5 1 0.926004
2 0 0 0.999704
3 0 0 0.903039

5
1 5 1 0.878046
2 0 0 1.05218
3 2 4 0.812077
6 0 0 0.852038
7 0 0 0.888172

3
1 0 2108 0.857805
2 0 0 0.911764
3 0 0 0.840089

3
1 5 1 0.894904
2 0 0 0.911192
3 0 0 0.818902

3
1 5 1 0.877246
2 0 0 1.01129
3 0 0 0.880756

5
1 1 2 0.857532
2 1 1 0.844802
4 0 0 0.993239
5 0 0 0.802344
3 0 0 1.0728

1
1 0 0 0.736032

3
1 1 1 0.860741
2 0 0 0.933081
3 0 0 0.902987

3
1 6 4432 0.912762
2 0 0 1.02931
3 0 0 0.976623

1
1 0 0 0.870811

1
1 0 0 0.826315

3
1 0 702 0.779738
2 0 0 0.991967
3 0 0 0.832152

3
1 5 1 0.905602
2 0 0 0.938169
3 0 0 0.777287

3
1 5 1 0.885232
2 0 0 0.979155
3 0 0 0.750031

3
1 1 2 0.878192
2 0 0 0.850169
3 0 0 0.9934

1
1 0 0 0.818246

3
1 4 1 0.792168
2 0 0 0.810506
3 0 0 0.904042

1
1 0 0 0.824049

1
1 0 0 0.902648

3
1 5 1 0.977555
2 0 0 1.1809
3 0 0 0.738658

3
1 6 5003 0.940045
2 0 0 0.938115
3 0 0 0.996282

3
1 2 1 0.856762
2 0 0 0.916016
3 0 0 0.878833

1
1 0 0 0.809669

1
1 0 0 0.820675

1
1 0 0 0.89866

3
1 0 7019 0.908831
2 0 0 0.890438
3 0 0 0.952239

3
1 6 3042 0.920886
2 0 0 0.912103
3 0 0 0.872519

3
1 0 5256 0.876489
2 0 0 0.982806
3 0 0 0.893468

1
1 0 0 0.834626

3
1 5 1 0.913607
2 0 0 1.10495
3 0 0 0.868674

3
1 4 1 0.935754
2 0 0 0.913048
3 0 0 0.957787

3
1 6 3410 0.959233
2 0 0 0.945448
3 0 0 0.95447

3
1 2 3 0.780756
2 0 0 0.812644
3 0 0 0.976281

3
1 6 197 0.819208
2 0 0 1.02544
3 0 0 0.828

3
1 4 1 0.903004
2 0 0 0.904261
3 0 0 1.03327

1
1 0 0 0.791849

1
1 0 0 0.915851

3
1 5 1 0.896623
2 0 0 0.876739
3 0 0 0.7798

3
1 4 1 0.895486
2 0 0 0.786104
3 0 0 0.885778

3
1 0 780 0.847861
2 0 0 0.907237
3 0 0 0.775001

5
1 2 4 0.84529
2 0 0 0.905738
3 1 1 0.966611
6 0 0 0.986912
7 0 0 0.976204

3
1 4 1 0.862458
2 0 0 0.861234
3 0 0 1.04735

1
1 0 0 0.728069

5
1 5 1 0.953411
2 0 5427 0.927481
4 0 0 0.933718
5 0 0 0.921954
3 0 0 0.793155

3
1 5 1 0.824787
2 0 0 1.00646
3 0 0 0.874624

1
1 0 0 0.824061

3
1 0 4855 0.941646
2 0 0 0.909576
3 0 0 0.95066

3
1 6 3053 0.856532
2 0 0 0.956641
3 0 0 0.770305

3
1 5 1 0.908397
2 0 0 1.00485
3 0 0 0.820091

3
1 2 4 0.920565
2 0 0 0.954476
3 0 0 1.11725

1
1 0 0 0.934188

1
1 0 0 0.849378

3
1 1 1 0.882988
2 0 0 1.16607
3 0 0 0.775211

3
1 1 2 0.876844
2 0 0 0.930851
3 0 0 0.978027

3
1 0 340 0.835629
2 0 0 0.985939
3 0 0 0.725878

1
1 0 0 0.886876

3
1 6 2544 0.926438
2 0 0 0.932416
3 0 0 0.975179

3
1 1 1 0.846526
2 0 0 0.93351
3 0 0 0.746041

3
1 1 2 0.935069
2 0 0 0.999776
3 0 0 1.02649

3
1 6 2740 0.837952
2 0 0 0.870966
3 0 0 0.79767

1
1 0 0 0.892056

3
1 5 1 0.862021
2 0 0 0.93292
3 0 0 0.743239

3
1 4 1 0.857727
2 0 0 0.84746
3 0 0 0.973304

1
1 0 0 0.865535

3
1 6 1589 0.898204
2 0 0 0.940456
3 0 0 0.843255

3
1 0 3045 0.814043
2 0 0 0.946667
3 0 0 0.800438

1
1 0 0 0.834496

1
1 0 0 0.781432

1
1 0 0 0.753692

3
1 0 5880 0.901534
2 0 0 1.0298
3 0 0 0.948976

3
1 5 1 0.898222
2 0 0 0.943008
3 0 0 0.773929

3
1 6 4182 0.922871
2 0 0 0.973288
3 0 0 0.849743

3
1 1 1 0.870779
2 0 0 1.00372
3 0 0 0.812154

3
1 1 1 0.855118
2 0 0 0.994104
3 0 0 0.812147

3
1 4 1 0.901064
2 0 0 0.800691
3 0 0 0.947569

3
1 2 4 0.815052
2 0 0 0.924532
3 0 0 0.989832

3
1 1 2 0.818226
2 0 0 0.787091
3 0 0 0.972735

1
1 0 0 0.790778

3
1 1 2 0.920873
2 0 0 0.831608
3 0 0 0.971229

3
1 0 3574 0.90795
2 0 0 0.976888
3 0 0 0.861571

5
1 0 119 0.843834
2 2 1 0.935216
4 0 0 1.0944
5 0 0 0.973138
3 0 0 0.808273

1
1 0 0 0.785579

3
1 4 1 0.859721
2 0 0 0.850592
3 0 0 0.898766

3
1 4 1 0.80512
2 0 0 0.828118
3 0 0 0.878811

3
1 1 1 0.872503
2 0 0 0.946236
3 0 0 0.785583

3
1 5 1 0.886783
2 0 0 0.987804
3 0 0 0.851805

5
1 1 1 0.844635
2 0 0 0.958018
3 2 2 0.869666
6 0 0 0.925276
7 0 0 0.90579

1
1 0 0 0.716339

3
1 1 1 0.887713
2 0 0 1.0256
3 0 0 0.777761

3
1 5 1 0.875848
2 0 0 1.11689
3 0 0 0.839746

3
1 4 1 0.891478
2 0 0 0.935589
3 0 0 0.936587

3
1 0 431 0.857169
2 0 0 0.950478
3 0 0 0.830045

3
1 1 1 0.87068
2 0 0 1.01075
3 0 0 0.776732

3
1 2 1 0.875404
2 0 0 0.823357
3 0 0 0.893959

3
1 1 1 0.887722
2 0 0 0.897126
3 0 0 0.998444

3
1 1 2 0.806178
2 0 0 0.809549
3 0 0 1.00115

5
1 4 1 0.80034
2 6 226 0.807851
4 0 0 0.93339
5 0 0 0.799151
3 0 0 1.01002

3
1 1 2 0.829912
2 0 0 0.771459
3 0 0 0.912222

1
1 0 0 0.848627

3
1 0 5445 0.80233
2 0 0 1.05203
3 0 0 0.783148

1
1 0 0 0.788082

3
1 6 82 0.884508
2 0 0 0.968077
3 0 0 0.811816

3
1 2 2 0.91897
2 0 0 0.868367
3 0 0 0.965827

3
1 5 1 0.894904
2 0 0 1.00546
3 0 0 0.795935

3
1 2 4 0.855202
2 0 0 0.86358
3 0 0 0.868622

3
1 5 1 1.01513
2 0 0 1.01172
3 0 0 0.770074

3
1 0 6622 1.04649
2 0 0 0.86952
3 0 0 0.928945

3
1 4 1 0.974288
2 0 0 0.953609
3 0 0 0.981591

3
1 4 1 0.91514
2 0 0 0.930842
3 0 0 1.07204

3
1 2 4 0.91269
2 0 0 0.948706
3 0 0 1.00514

1
1 0 0 0.819878

3
1 5 1 0.804992
2 0 0 0.886548
3 0 0 0.821967

3
1 1 2 0.881689
2 0 0 0.935184
3 0 0 0.862047

3
1 5 1 0.885232
2 0 0 0.943904
3 0 0 0.801841

3
1 1 1 0.89299
2 0 0 1.09931
3 0 0 0.903177

5
1 0 6190 0.874451
2 0 0 0.771853
3 5 1 0.929454
6 0 0 0.947212
7 0 0 0.881214

3
1 5 1 0.93118
2 0 0 0.944247
3 0 0 0.835255

1
1 0 0 0.852917

3
1 5 1 0.905572
2 0 0 1.1064
3 0 0 0.77225

1
1 0 0 0.773901

3
1 5 1 0.867957
2 0 0 0.973765
3 0 0 0.87041

3
1 0 3307 0.873886
2 0 0 0.885802
3 0 0 0.839072

1
1 0 0 0.763539

1
1 0 0 0.829863

3
1 1 2 0.936387
2 0 0 0.910989
3 0 0 0.919746

3
1 4 1 0.916589
2 0 0 0.795584
3 0 0 0.910083

3
1 1 1 0.885687
2 0 0 0.906126
3 0 0 0.836944

3
1 5 1 0.895469
2 0 0 1.04159
3 0 0 0.886447

3
1 6 4089 0.924216
2 0 0 0.947617
3 0 0 0.936609

1
1 0 0 0.861939

3
1 5 1 0.90531
2 0 0 1.07003
3 0 0 0.771138

5
1 0 9849 0.853097
2 0 0 0.84672
3 1 1 0.87122
6 0 0 1.00891
7 0 0 0.874982

3
1 1 2 0.989539
2 0 0 0.87379
3 0 0 1.0904

3
1 1 2 0.960024
2 0 0 1.01377
3 0 0 1.0066

3
1 2 4 0.848809
2 0 0 0.881128
3 0 0 1.00131

3
1 4 1 0.898877
2 0 0 0.818178
3 0 0 1.00962

3
1 4 1 0.996036
2 0 0 0.909001
3 0 0 0.986333

3
1 1 1 0.943392
2 0 0 0.937192
3 0 0 0.875691

1
1 0 0 0.850634

5
1 0 780 0.847861
2 2 3 1.01421
4 0 0 1.04224
5 0 0 0.909237
3 0 0 0.869296

3
1 5 1 0.836504
2 0 0 0.97405
3 0 0 0.833848

3
1 5 1 0.875075
2 0 0 0.910253
3 0 0 0.855626

5
1 1 1 0.877331
2 0 0 1.06553
3 4 1 0.859781
6 0 0 0.845814
7 0 0 1.02111

1
1 0 0 0.860557

1
1 0 0 0.86544

3
1 4 1 0.741742
2 0 0 0.870539
3 0 0 0.893418

3
1 1 1 0.80812
2 0 0 0.929327
3 0 0 0.765677

3
1 5 1 0.737735
2 0 0 0.788818
3 0 0 0.78021

3
1 6 4821 0.893925
2 0 0 0.704753
3 0 0 0.960837

3
1 0 729 0.837091
2 0 0 1.04866
3 0 0 0.918911

3
1 2 4 0.884806
2 0 0 0.911126
3 0 0 0.964528

3
1 4 1 0.874805
2 0 0 0.752042
3 0 0 1.04967

3
1 4 1 0.857265
2 0 0 0.752122
3 0 0 1.02184

3
1 0 552 0.806913
2 0 0 1.00494
3 0 0 0.978389

3
1 5 1 0.854832
2 0 0 1.04562
3 0 0 0.736691

3
1 6 273 0.853939
2 0 0 0.88656
3 0 0 0.833897

3
1 1 1 0.859291
2 0 0 1.09571
3 0 0 0.803565

3
1 5 1 0.911352
2 0 0 0.935551
3 0 0 0.902121

3
1 0 2128 0.899165
2 0 0 0.999344
3 0 0 0.806361

3
1 6 1846 0.865068
2 0 0 1.03567
3 0 0 0.853902

1
1 0 0 0.935349

5
1 6 3082 0.780451
2 6 1623 0.98277
4 0 0 0.964034
5 0 0 0.932412
3 0 0 0.767864

3
1 5 1 0.870663
2 0 0 0.931603
3 0 0 0.766322

3
1 0 7669 1.01133
2 0 0 0.896424
3 0 0 1.03041

3
1 5 1 0.889999
2 0 0 1.01866
3 0 0 0.865511

3
1 4 1 0.889143
2 0 0 0.887376
3 0 0 0.879892

1
1 0 0 0.797569

1
1 0 0 0.807127

3
1 0 1213 0.874742
2 0 0 1.09062
3 0 0 0.898429

1
1 0 0 0.80842

1
1 0 0 0.811399

1
1 0 0 0.791209

1
1 0 0 0.742325

3
1 2 2 0.87086
2 0 0 0.997803
3 0 0 0.979305

1
1 0 0 0.856332

3
1 5 1 0.812886
2 0 0 0.923471
3 0 0 0.815127

1
1 0 0 0.842305

3
1 6 2048 0.826523
2 0 0 1.13117
3 0 0 0.960248

5
1 2 4 1.01743
2 6 1518 0.951628
4 0 0 1.05856
5 0 0 0.918026
3 0 0 0.912343

1
1 0 0 0.872659

3
1 2 3 0.87819
2 0 0 0.838938
3 0 0 0.899266

1
1 0 0 0.843766

1
1 0 0 0.807671

1
1 0 0 0.824174

1
1 0 0 0.841907

1
1 0 0 0.889134

1
1 0 0 0.884682

3
1 4 1 0.884
2 0 0 0.865326
3 0 0 0.994631

3
1 1 2 0.991713
2 0 0 0.908445
3 0 0 0.982767

1
1 0 0 0.932261

5
1 0 9446 0.870016
2 0 596 0.854975
4 0 0 0.920855
5 0 0 0.854308
3 0 0 0.909233

5
1 0 148 0.812703
2 0 6 0.976656
4 0 0 1.04934
5 0 0 1.03397
3 0 0 0.846968

1
1 0 0 0.835146

3
1 5 1 0.812687
2 0 0 0.943926
3 0 0 0.736547

3
1 6 1299 0.874572
2 0 0 0.86304
3 0 0 0.901672

1
1 0 0 0.758136

1
1 0 0 0.919396

3
1 4 1 0.868969
2 0 0 0.861616
3 0 0 0.99033

3
1 5 1 0.810177
2 0 0 1.05159
3 0 0 0.674707

3
1 1 1 0.902609
2 0 0 1.05594
3 0 0 0.88168

3
1 1 1 0.804888
2 0 0 0.864962
3 0 0 0.866776

3
1 4 1 0.781329
2 0 0 0.777979
3 0 0 0.909487

3
1 4 1 0.907693
2 0 0 0.830875
3 0 0 0.92711

1
1 0 0 0.836726

3
1 5 1 0.854385
2 0 0 1.00041
3 0 0 0.820031

1
1 0 0 0.86352

3
1 6 2003 0.933507
2 0 0 0.928619
3 0 0 0.89936

1
1 0 0 0.900157

3
1 5 1 0.784268
2 0 0 0.839776
3 0 0 0.783813

3
1 2 1 0.965777
2 0 0 0.902189
3 0 0 0.903317

3
1 5 1 0.82057
2 0 0 0.984175
3 0 0 0.863721

3
1 6 41 0.864119
2 0 0 0.997593
3 0 0 0.859908

3
1 4 1 0.855919
2 0 0 0.82922
3 0 0 0.800504

5
1 5 1 0.886884
2 2 1 0.986835
4 0 0 1.00712
5 0 0 0.933901
3 0 0 0.823823

3
1 5 1 0.979328
2 0 0 1.00253
3 0 0 0.954

3
1 6 1688 0.972202
2 0 0 0.940057
3 0 0 0.821063

3
1 6 3182 0.877274
2 0 0 0.884343
3 0 0 0.904976

3
1 4 1 0.799129
2 0 0 0.89565
3 0 0 0.93242

3
1 0 4633 0.912079
2 0 0 1.00953
3 0 0 0.951488

1
1 0 0 0.734393

3
1 5 1 0.867957
2 0 0 1.04424
3 0 0 0.903311

3
1 0 5071 0.915012
2 0 0 0.8435
3 0 0 0.914784

3
1 0 758 1.01091
2 0 0 1.07911
3 0 0 0.873381

3
1 2 3 0.878494
2 0 0 0.910711
3 0 0 1.06906

1
1 0 0 0.796262

3
1 6 2965 0.917364
2 0 0 0.998052
3 0 0 0.817058

3
1 1 2 0.75165
2 0 0 0.891125
3 0 0 1.06203

1
1 0 0 0.803708

1
1 0 0 0.638019

3
1 0 4305 0.887488
2 0 0 0.970202
3 0 0 0.872681

3
1 5 1 0.822323
2 0 0 1.03551
3 0 0 0.846511

3
1 6 4166 0.901191
2 0 0 0.8857
3 0 0 0.98403

3
1 6 2463 0.951672
2 0 0 0.976642
3 0 0 0.758949

3
1 5 1 0.852352
2 0 0 0.893384
3 0 0 0.819939

3
1 4 1 0.871162
2 0 0 0.890636
3 0 0 1.00076

3
1 1 2 0.802264
2 0 0 0.868102
3 0 0 1.0324

1
1 0 0 0.810691

3
1 5 1 0.944948
2 0 0 1.10848
3 0 0 0.892595

3
1 1 1 0.912584
2 0 0 1.0224
3 0 0 0.850824

5
1 4 1 0.882332
2 0 3562 0.899913
4 0 0 0.893141
5 0 0 0.940765
3 0 0 0.960794

3
1 5 1 0.871622
2 0 0 0.940527
3 0 0 0.811043

3
1 1 2 0.844738
2 0 0 0.813778
3 0 0 0.951534

1
1 0 0 0.908029

3
1 5 1 0.891803
2 0 0 0.974607
3 0 0 0.984854

3
1 0 1304 0.89903
2 0 0 0.939993
3 0 0 0.876782

1
1 0 0 0.863175

3
1 1 1 0.855837
2 0 0 1.02495
3 0 0 0.841238

3
1 2 3 0.840861
2 0 0 0.811291
3 0 0 0.81764

1
1 0 0 0.849335

3
1 1 1 0.838264
2 0 0 0.986013
3 0 0 0.810078

1
1 0 0 0.822178

3
1 0 4493 0.903422
2 0 0 0.903426
3 0 0 0.951598

3
1 0 367 0.820498
2 0 0 0.959508
3 0 0 0.822063

3
1 0 2034 0.899246
2 0 0 0.85245
3 0 0 0.885645

5
1 4 1 0.900468
2 5 1 0.80634
4 0 0 1.06453
5 0 0 0.78936
3 0 0 0.984416

1
1 0 0 0.787993

3
1 1 1 0.951771
2 0 0 1.18917
3 0 0 0.887094

1
1 0 0 0.808708

3
1 0 9846 0.887915
2 0 0 0.902582
3 0 0 0.949091

3
1 5 1 0.846891
2 0 0 0.944634
3 0 0 0.810209

1
1 0 0 0.790912

1
1 0 0 0.791424

3
1 4 1 0.957973
2 0 0 0.75089
3 0 0 0.853157

3
1 5 1 0.972942
2 0 0 1.01621
3 0 0 1.00316

7
1 6 5279 0.904983
2 1 2 0.891766
4 0 0 0.871508
5 0 0 1.02494
3 4 1 0.98739
6 0 0 1.01639
7 0 0 0.989211

3
1 5 1 0.89589
2 0 0 0.99336
3 0 0 0.816833

3
1 5 1 0.875076
2 0 0 0.930749
3 0 0 0.900551

1
1 0 0 0.857428

1
1 0 0 0.887817

3
1 6 195 0.782907
2 0 0 1.03995
3 0 0 0.793546

5
1 0 135 0.771334
2 0 0 1.01616
3 1 1 0.814356
6 0 0 0.936763
7 0 0 0.789966

1
1 0 0 0.769802

3
1 0 5638 0.85513
2 0 0 1.06284
3 0 0 0.862688

3
1 5 1 0.894193
2 0 0 0.97702
3 0 0 0.817884

1
1 0 0 0.814895

3
1 0 4970 0.834761
2 0 0 0.927621
3 0 0 0.809498

5
1 1 1 0.989418
2 0 2841 1.0218
4 0 0 0.931817
5 0 0 1.1555
3 0 0 0.83729

3
1 4 1 0.905937
2 0 0 0.834428
3 0 0 1.09028

3
1 5 1 0.833153
2 0 0 0.906194
3 0 0 0.824782

3
1 6 1531 0.952415
2 0 0 0.898524
3 0 0 0.894449

3
1 1 1 0.77632
2 0 0 1.06226
3 0 0 0.713354

3
1 1 1 0.853798
2 0 0 0.938843
3 0 0 0.787578

3
1 0 3850 0.862545
2 0 0 0.925573
3 0 0 0.965396

1
1 0 0 0.860983

7
1 5 1 0.89009
2 0 2377 1.00463
4 0 0 1.25317
5 0 6043 0.964362
10 0 0 0.956536
11 0 0 1.04042
3 0 0 0.834826

3
1 1 2 0.882003
2 0 0 0.901095
3 0 0 0.949079

3
1 1 2 0.838167
2 0 0 0.805589
3 0 0 0.911168

3
1 1 2 0.851934
2 0 0 0.857614
3 0 0 0.943796

3
1 6 5245 0.875815
2 0 0 0.810556
3 0 0 0.914876

1
1 0 0 0.797486

3
1 5 1 0.868855
2 0 0 1.06893
3 0 0 0.8147

5
1 0 154 0.865686
2 0 0 0.949816
3 5 1 0.913409
6 0 0 1.00035
7 0 0 0.786422

3
1 5 1 0.893993
2 0 0 0.99121
3 0 0 0.898368

3
1 6 4606 0.913765
2 0 0 0.93963
3 0 0 0.798905

3
1 1 2 0.870469
2 0 0 0.972504
3 0 0 1.03625

1
1 0 0 0.780878

3
1 5 1 0.885057
2 0 0 0.984697
3 0 0 0.723304

3
1 1 2 0.935029
2 0 0 0.90753
3 0 0 1.03486

1
1 0 0 0.828851

3
1 1 1 0.902609
2 0 0 1.0074
3 0 0 0.728377

3
1 1 2 0.881912
2 0 0 0.968927
3 0 0 0.874401

3
1 6 5351 0.77508
2 0 0 0.721776
3 0 0 1.19859

7
1 4 1 0.88632
2 0 0 0.84915
3 2 3 0.966596
6 0 0 1.04322
7 6 192 1.11603
14 0 0 0.937347
15 0 0 1.15299

1
1 0 0 0.949158

3
1 6 2671 0.851389
2 0 0 0.889148
3 0 0 0.804394

3
1 1 1 0.913219
2 0 0 1.01094
3 0 0 0.912471

1
1 0 0 0.747467

3
1 1 1 0.900157
2 0 0 0.971721
3 0 0 0.904778

3
1 1 1 0.888878
2 0 0 0.963819
3 0 0 0.872966

3
1 2 2 0.969351
2 0 0 0.861521
3 0 0 0.946787

1
1 0 0 0.793046

5
1 2 4 0.781293
2 0 1300 0.830461
4 0 0 1.0258
5 0 0 0.784114
3 0 0 1.09089

3
1 4 1 0.776707
2 0 0 0.914186
3 0 0 0.992424

3
1 2 3 0.803997
2 0 0 0.760299
3 0 0 0.793279

1
1 0 0 0.8278

3
1 5 1 0.850235
2 0 0 1.07363
3 0 0 0.815716

3
1 1 2 0.851155
2 0 0 0.819252
3 0 0 0.99363

1
1 0 0 0.883949

1
1 0 0 0.898874

3
1 5 1 0.809452
2 0 0 0.896577
3 0 0 0.885258

3
1 6 3754 0.902565
2 0 0 0.924916
3 0 0 0.912735

3
1 6 60 0.900158
2 0 0 0.9207
3 0 0 0.911759

3
1 6 2038 0.892419
2 0 0 0.949192
3 0 0 0.831829

3
1 0 361 0.892519
2 0 0 0.922484
3 0 0 0.775901

7
1 0 333 0.797089
2 0 179 1.04008
4 0 0 0.872311
5 0 0 0.956546
3 5 1 0.761542
6 0 0 0.789977
7 0 0 0.720939

3
1 6 1782 0.842573
2 0 0 0.960215
3 0 0 0.876658

3
1 5 1 0.879608
2 0 0 1.17157
3 0 0 0.837225

3
1 6 415 0.977786
2 0 0 1.05414
3 0 0 0.91818

3
1 1 1 0.832276
2 0 0 1.08661
3 0 0 0.922548

1
1 0 0 0.882176

1
1 0 0 0.884222

1
1 0 0 0.890597

3
1 0 4547 0.873441
2 0 0 0.886109
3 0 0 0.770561

5
1 1 1 0.818931
2 0 6054 1.12447
4 0 0 1.06388
5 0 0 1.17372
3 0 0 0.830882

1
1 0 0 0.764893

1
1 0 0 0.858448

3
1 5 1 0.869681
2 0 0 0.873765
3 0 0 0.867158

5
1 4 1 0.858858
2 0 0 0.89478
3 2 1 0.990071
6 0 0 0.897304
7 0 0 1.06533

3
1 1 2 0.895624
2 0 0 0.866503
3 0 0 0.947587

3
1 4 1 0.87816
2 0 0 0.84112
3 0 0 0.88952

3
1 6 5139 0.857669
2 0 0 0.851376
3 0 0 0.92127

3
1 1 1 0.854484
2 0 0 0.989855
3 0 0 0.909461

3
1 1 1 0.843874
2 0 0 1.04605
3 0 0 0.829452

1
1 0 0 0.635168

3
1 5 1 0.902244
2 0 0 0.8982
3 0 0 0.869094

5
1 0 2548 0.90502
2 1 2 0.980567
4 0 0 1.02013
5 0 0 1.03061
3 0 0 0.892305

3
1 4 1 0.904588
2 0 0 0.91244
3 0 0 0.994987

3
1 5 1 0.882506
2 0 0 0.949689
3 0 0 0.820598

3
1 0 9762 0.939523
2 0 0 0.969327
3 0 0 0.975729

3
1 5 1 0.858436
2 0 0 0.944907
3 0 0 0.924364

1
1 0 0 0.894793

1
1 0 0 0.854823

3
1 5 1 0.880151
2 0 0 0.923966
3 0 0 0.856756

5
1 6 4882 0.958793
2 5 1 1.02265
4 0 0 1.06229
5 0 0 0.999168
3 0 0 0.94941

3
1 5 1 0.863118
2 0 0 0.980561
3 0 0 0.882002

5
1 4 1 0.82397
2 0 0 0.839508
3 0 1585 1.02575
6 0 0 1.11111
7 0 0 0.979166

1
1 0 0 0.803803

3
1 5 1 0.8593
2 0 0 0.908217
3 0 0 0.802948

5
1 4 1 0.892844
2 6 259 0.949162
4 0 0 0.96127
5 0 0 0.900913
3 0 0 0.918812

3
1 4 1 0.888737
2 0 0 0.872986
3 0 0 0.898224

1
1 0 0 0.685084

5
1 4 1 0.905093
2 0 0 0.840261
3 0 1474 0.875843
6 0 0 0.982306
7 0 0 0.981246

3
1 6 2884 0.884967
2 0 0 0.951385
3 0 0 0.771611

1
1 0 0 0.892064

3
1 1 1 0.945787
2 0 0 1.04622
3 0 0 0.733249

3
1 1 2 0.907399
2 0 0 0.817482
3 0 0 0.986615

7
1 1 1 0.935708
2 2 3 1.09869
4 0 0 1.04921
5 2 4 1.11816
10 0 0 0.957267
11 0 0 0.863913
3 0 0 0.917065

3
1 5 1 0.873065
2 0 0 0.893925
3 0 0 0.8554

3
1 0 2779 0.843029
2 0 0 0.975829
3 0 0 0.794354

3
1 4 1 0.802252
2 0 0 0.828457
3 0 0 0.910872

3
1 5 1 0.885472
2 0 0 1.00845
3 0 0 0.774533

3
1 4 1 0.939335
2 0 0 0.933457
3 0 0 0.915938

1
1 0 0 0.873442

3
1 2 1 0.903575
2 0 0 1.06803
3 0 0 0.947659

3
1 4 1 0.867625
2 0 0 0.847601
3 0 0 0.893743

3
1 4 1 0.842007
2 0 0 0.853874
3 0 0 0.849209

3
1 5 1 0.936535
2 0 0 0.985224
3 0 0 0.812956

5
1 5 1 0.899692
2 0 0 1.09476
3 1 2 0.808157
6 0 0 0.793566
7 0 0 0.920346

1
1 0 0 0.713988

3
1 4 1 0.893015
2 0 0 0.756493
3 0 0 0.898277

3
1 6 151 0.856696
2 0 0 1.01896
3 0 0 0.901774

3
1 1 1 0.853798
2 0 0 0.937488
3 0 0 0.790474

1
1 0 0 0.81378

3
1 0 461 0.921163
2 0 0 0.956961
3 0 0 0.945071

1
1 0 0 0.830212

1
1 0 0 0.719913

3
1 4 1 0.877429
2 0 0 0.785037
3 0 0 0.936994

3
1 5 1 0.86177
2 0 0 1.14917
3 0 0 0.814803

3
1 5 1 0.740637
2 0 0 0.906083
3 0 0 0.792871

3
1 6 2729 0.822034
2 0 0 0.809138
3 0 0 0.869394

5
1 6 2910 0.864668
2 0 0 0.923706
3 2 4 0.889819
6 0 0 0.846325
7 0 0 0.979124

1
1 0 0 0.854536

5
1 0 162 0.897166
2 0 0 0.997443
3 4 1 0.939548
6 0 0 0.869407
7 0 0 1.01765

1
1 0 0 0.845468

5
1 2 1 0.762692
2 0 1390 0.976578
4 0 0 1.06832
5 0 0 0.951675
3 0 0 0.820775

3
1 5 1 0.851731
2 0 0 0.922017
3 0 0 0.831709

3
1 5 1 0.885057
2 0 0 0.985914
3 0 0 0.795844

1
1 0 0 1.00089

5
1 2 4 0.859754
2 0 0 0.871115
3 6 601 1.00557
6 0 0 0.868558
7 0 0 0.862537

1
1 0 0 0.787222

5
1 6 4930 0.78907
2 5 1 0.84867
4 0 0 1.04158
5 0 0 0.848535
3 0 0 0.957091

1
1 0 0 0.859144

3
1 4 1 0.84457
2 0 0 0.842831
3 0 0 0.95759

3
1 4 1 0.882246
2 0 0 0.906182
3 0 0 0.985591

3
1 5 1 0.833001
2 0 0 1.0128
3 0 0 0.824806

3
1 1 1 0.839463
2 0 0 1.04018
3 0 0 0.866335

3
1 5 1 0.814033
2 0 0 0.978257
3 0 0 0.839733

3
1 5 1 0.81006
2 0 0 0.936484
3 0 0 0.81983

3
1 5 1 0.863715
2 0 0 0.968264
3 0 0 0.826556

1
1 0 0 0.768967

1
1 0 0 0.773203

3
1 5 1 0.91785
2 0 0 1.04943
3 0 0 0.753699

3
1 4 1 0.806686
2 0 0 0.902394
3 0 0 0.933625

3
1 6 5361 0.991733
2 0 0 1.00714
3 0 0 1.026

3
1 6 2849 0.889054
2 0 0 0.9227
3 0 0 0.845153

3
1 0 7416 0.92641
2 0 0 0.859722
3 0 0 1.03677

3
1 0 335 0.78487
2 0 0 1.01872
3 0 0 0.800172

3
1 5 1 0.846101
2 0 0 0.973522
3 0 0 0.781714

3
1 6 291 0.868918
2 0 0 0.934683
3 0 0 0.831935

3
1 5 1 0.913523
2 0 0 0.936125
3 0 0 0.882294

5
1 1 2 0.781278
2 0 0 0.848144
3 2 4 0.87471
6 0 0 0.918084
7 0 0 1.02495

3
1 1 2 0.90611
2 0 0 0.806569
3 0 0 0.843676

1
1 0 0 0.844109

1
1 0 0 0.843871

3
1 4 1 0.89982
2 0 0 0.99093
3 0 0 1.00962

3
1 4 1 0.856741
2 0 0 0.823584
3 0 0 1.01243

1
1 0 0 0.766553

3
1 0 3839 0.821758
2 0 0 0.964243
3 0 0 0.882168

3
1 0 8163 0.904243
2 0 0 1.03295
3 0 0 0.851694

5
1 0 522 0.746386
2 2 3 1.01581
4 0 0 1.07332
5 0 0 0.993074
3 0 0 0.775434

1
1 0 0 0.745294

3
1 6 5114 0.802459
2 0 0 0.802024
3 0 0 1.05169

3
1 5 1 0.845051
2 0 0 0.948363
3 0 0 0.857433

3
1 5 1 1.00777
2 0 0 1.00147
3 0 0 0.857034

3
1 6 608 0.965985
2 0 0 0.998432
3 0 0 1.01495

3
1 5 1 0.859446
2 0 0 1.04109
3 0 0 0.852881

3
1 1 1 0.815327
2 0 0 0.90284
3 0 0 0.828913

3
1 0 5613 0.985445
2 0 0 0.854867
3 0 0 0.895784

3
1 6 5375 0.822503
2 0 0 0.916382
3 0 0 1.0564

3
1 6 5080 0.901946
2 0 0 0.938579
3 0 0 1.09143

3
1 0 4265 0.866601
2 0 0 0.908513
3 0 0 0.866193

3
1 0 4740 0.8986
2 0 0 0.936148
3 0 0 0.930502

1
1 0 0 0.756307

3
1 6 3197 0.857937
2 0 0 0.868022
3 0 0 0.811521

3
1 0 406 0.78622
2 0 0 0.913866
3 0 0 0.837585

3
1 6 2812 0.882114
2 0 0 0.996048
3 0 0 0.856743

1
1 0 0 0.749855

3
1 1 1 0.860779
2 0 0 1.06872
3 0 0 0.812029

1
1 0 0 0.770001

3
1 5 1 0.858436
2 0 0 0.988437
3 0 0 0.851411

3
1 5 1 0.871776
2 0 0 0.927069
3 0 0 0.827409

3
1 0 6574 1.00094
2 0 0 0.960649
3 0 0 0.890059

3
1 6 2684 0.899522
2 0 0 0.937214
3 0 0 0.849945

1
1 0 0 0.857603

5
1 2 3 0.941854
2 0 0 0.85502
3 2 4 0.906937
6 0 0 0.895581
7 0 0 0.939239

3
1 6 3659 0.9204
2 0 0 0.918371
3 0 0 0.961074

5
1 1 2 0.911056
2 0 586 0.928554
4 0 0 0.941842
5 0 0 0.907036
3 0 0 1.02814

3
1 4 1 0.87815
2 0 0 0.782952
3 0 0 1.04465

3
1 5 1 0.841016
2 0 0 0.94984
3 0 0 0.886379

1
1 0 0 0.966925

3
1 2 3 0.920984
2 0 0 0.975951
3 0 0 0.953714

3
1 1 1 0.867174
2 0 0 0.90719
3 0 0 0.731398

3
1 2 3 0.999421
2 0 0 0.925923
3 0 0 1.08186

3
1 4 1 0.92813
2 0 0 0.937986
3 0 0 0.902655

3
1 5 1 0.82179
2 0 0 1.08893
3 0 0 0.771167

1
1 0 0 0.768281

3
1 5 1 0.901346
2 0 0 0.935787
3 0 0 0.772857

3
1 1 2 0.785835
2 0 0 0.842242
3 0 0 1.04294

1
1 0 0 0.8655

3
1 4 1 0.93181
2 0 0 0.85513
3 0 0 0.961719

1
1 0 0 0.801842

3
1 5 1 0.833395
2 0 0 0.986594
3 0 0 0.79378

3
1 4 1 0.893088
2 0 0 0.89678
3 0 0 1.00046

1
1 0 0 0.847108

3
1 5 1 0.871871
2 0 0 1.00005
3 0 0 0.76892

3
1 6 4382 0.851876
2 0 0 0.871615
3 0 0 0.844581

3
1 1 2 0.914501
2 0 0 0.786052
3 0 0 0.991072

3
1 5 1 0.897972
2 0 0 1.08284
3 0 0 0.849238

3
1 6 3330 0.921878
2 0 0 1.02512
3 0 0 0.917776

3
1 6 3795 0.97514
2 0 0 0.965903
3 0 0 0.902527

1
1 0 0 0.753081

3
1 5 1 0.875785
2 0 0 1.01859
3 0 0 0.844169

3
1 4 1 0.896484
2 0 0 0.741703
3 0 0 0.933457

3
1 0 4195 0.82789
2 0 0 0.9569
3 0 0 0.800448

5
1 6 4462 0.864162
2 0 0 0.895891
3 2 3 0.935452
6 0 0 0.948005
7 0 0 0.861707

3
1 2 1 0.905277
2 0 0 0.896398
3 0 0 0.923308

5
1 6 2328 0.925026
2 0 8111 0.875964
4 0 0 0.911855
5 0 0 0.904916
3 0 0 0.825435

3
1 4 1 0.875551
2 0 0 0.842819
3 0 0 0.947249

3
1 6 4627 0.910194
2 0 0 0.95576
3 0 0 0.929438

1
1 0 0 0.774556

3
1 6 2910 0.864668
2 0 0 0.98625
3 0 0 0.801352

3
1 6 5048 0.858398
2 0 0 0.760929
3 0 0 1.02109

3
1 5 1 0.872315
2 0 0 1.17411
3 0 0 0.846857

1
1 0 0 0.766748

1
1 0 0 0.84284

3
1 5 1 0.888727
2 0 0 1.1006
3 0 0 0.812022

5
1 5 1 0.885057
2 6 2581 1.08082
4 0 0 0.979207
5 0 0 1.03756
3 0 0 0.868136

3
1 5 1 0.941545
2 0 0 0.959283
3 0 0 0.875737

3
1 6 3323 0.978783
2 0 0 0.928466
3 0 0 0.943354

3
1 4 1 0.733163
2 0 0 0.816793
3 0 0 1.01749

1
1 0 0 0.745916

1
1 0 0 0.70755

1
1 0 0 0.826514

3
1 1 1 0.902772
2 0 0 0.994818
3 0 0 0.856893

5
1 4 1 0.845768
2 0 0 0.899955
3 2 4 1.06228
6 0 0 0.999067
7 0 0 1.01013

3
1 5 1 0.8208
2 0 0 1.03179
3 0 0 0.91354

3
1 4 1 0.892547
2 0 0 0.77564
3 0 0 1.0431

5
1 5 1 0.81006
2 0 0 1.00234
3 2 2 0.934316
6 0 0 0.987818
7 0 0 0.934452

3
1 5 1 0.821367
2 0 0 0.993924
3 0 0 0.796158

5
1 2 4 0.884103
2 0 0 0.879253
3 6 250 0.951051
6 0 0 0.926151
7 0 0 0.925903

3
1 1 1 0.839992
2 0 0 0.933837
3 0 0 0.816506

1
1 0 0 0.845108

3
1 5 1 0.816267
2 0 0 1.11062
3 0 0 0.787027

1
1 0 0 0.766837

1
1 0 0 0.815112

3
1 0 3736 0.84122
2 0 0 0.948962
3 0 0 0.970016

3
1 5 1 0.895553
2 0 0 0.975278
3 0 0 0.684481

3
1 6 5266 0.799983
2 0 0 0.82073
3 0 0 0.962107

3
1 6 3374 0.830013
2 0 0 0.836964
3 0 0 0.844556

3
1 5 1 0.913523
2 0 0 0.927763
3 0 0 0.885487

5
1 0 2705 0.916951
2 0 2199 0.972856
4 0 0 1.0158
5 0 0 0.986973
3 0 0 0.861267

5
1 0 6409 0.882188
2 0 0 0.99876
3 5 1 0.959116
6 0 0 1.11387
7 0 0 0.954806

3
1 5 1 0.889472
2 0 0 0.966262
3 0 0 0.839567

3
1 5 1 0.915654
2 0 0 0.985113
3 0 0 0.829408

3
1 1 1 0.944264
2 0 0 0.912561
3 0 0 0.818152

3
1 4 1 0.858784
2 0 0 0.907578
3 0 0 1.06718

1
1 0 0 0.763074

3
1 0 5680 0.82705
2 0 0 0.822085
3 0 0 0.841021

3
1 4 1 0.91195
2 0 0 0.909594
3 0 0 0.932649

5
1 6 1487 0.869894
2 1 1 0.87303
4 0 0 1.06512
5 0 0 0.900333
3 0 0 0.84992

5
1 5 1 0.821441
2 0 0 0.81181
3 0 342 0.850429
6 0 0 1.02156
7 0 0 0.911081

3
1 5 1 0.844684
2 0 0 0.938271
3 0 0 0.725485

5
1 6 132 0.908211
2 0 0 0.932326
3 1 1 0.920413
6 0 0 0.954833
7 0 0 0.835804

3
1 2 1 0.812348
2 0 0 0.980027
3 0 0 0.817904

3
1 0 139 0.812799
2 0 0 0.968503
3 0 0 0.799053

3
1 0 8852 0.829911
2 0 0 0.828392
3 0 0 0.908989

3
1 1 2 0.865417
2 0 0 0.757718
3 0 0 0.985473

3
1 2 3 0.899338
2 0 0 0.861951
3 0 0 0.995003

3
1 5 1 0.807651
2 0 0 0.92376
3 0 0 0.794051

3
1 5 1 0.968386
2 0 0 0.980837
3 0 0 0.748905

3
1 1 2 0.902459
2 0 0 0.889818
3 0 0 0.990912

3
1 6 3918 0.897912
2 0 0 0.975889
3 0 0 0.959763

5
1 2 3 0.855733
2 2 1 0.842529
4 0 0 0.893496
5 0 0 1.05081
3 0 0 0.902546

3
1 0 6727 0.853166
2 0 0 0.871216
3 0 0 0.917073

3
1 1 2 0.808533
2 0 0 0.867434
3 0 0 0.998894

1
1 0 0 0.900594

1
1 0 0 0.829345

3
1 6 5223 0.905635
2 0 0 0.892576
3 0 0 0.889698

7
1 6 1012 0.853089
2 1 1 0.919475
4 0 0 0.937861
5 0 0 0.916987
3 6 2777 0.884807
6 0 0 1.10021
7 0 0 0.862889

1
1 0 0 0.704351

3
1 5 1 0.842487
2 0 0 1.04126
3 0 0 0.683125

1
1 0 0 0.792555

3
1 1 1 0.937686
2 0 0 0.989778
3 0 0 0.837102

3
1 0 5309 0.914394
2 0 0 0.919661
3 0 0 0.916843

3
1 1 2 0.836496
2 0 0 0.869745
3 0 0 1.00143

3
1 4 1 0.885212
2 0 0 0.895552
3 0 0 0.891743

5
1 2 3 0.965222
2 0 0 0.847266
3 4 1 1.06473
6 0 0 0.861532
7 0 0 1.03375

3
1 5 1 0.932476
2 0 0 0.908097
3 0 0 1.02324

5
1 2 4 0.898412
2 2 1 0.9583
4 0 0 0.928932
5 0 0 0.94942
3 0 0 1.01495

1
1 0 0 0.836808

1
1 0 0 0.844612

3
1 6 1843 0.853568
2 0 0 0.898024
3 0 0 0.929693

3
1 6 389 0.92383
2 0 0 0.919914
3 0 0 0.876415

1
1 0 0 0.888999

3
1 6 2137 0.801873
2 0 0 0.988837
3 0 0 0.943683

3
1 1 1 0.908146
2 0 0 1.03853
3 0 0 0.873268

5
1 4 1 0.848357
2 6 1287 0.849681
4 0 0 0.948758
5 0 0 0.875508
3 0 0 1.0213

3
1 0 298 0.848548
2 0 0 1.01897
3 0 0 0.843848

1
1 0 0 0.908776

3
1 1 1 0.849268
2 0 0 1.03398
3 0 0 0.758492

1
1 0 0 0.829491

3
1 0 7545 0.915862
2 0 0 0.934679
3 0 0 0.832146

3
1 0 7845 0.896606
2 0 0 0.93855
3 0 0 0.916366

3
1 4 1 0.947968
2 0 0 0.978777
3 0 0 0.890452

3
1 1 1 0.809024
2 0 0 0.996611
3 0 0 0.763748

3
1 0 7928 0.901131
2 0 0 0.96734
3 0 0 1.03997

3
1 2 4 0.786863
2 0 0 0.805744
3 0 0 0.873057

3
1 5 1 0.805588
2 0 0 1.02223
3 0 0 0.779326

1
1 0 0 0.693833

1
1 0 0 0.816569

5
1 6 141 0.917518
2 4 1 0.980432
4 0 0 1.10245
5 0 0 1.17202
3 0 0 0.835173

1
1 0 0 0.768285

3
1 5 1 0.753812
2 0 0 1.05418
3 0 0 0.816599

3
1 0 108 0.831824
2 0 0 1.18055
3 0 0 0.818689

5
1 0 1591 0.840213
2 6 2922 0.960442
4 0 0 1.04711
5 0 0 0.966893
3 0 0 0.826696

1
1 0 0 0.8591

3
1 5 1 0.903885
2 0 0 0.997031
3 0 0 0.842756

5
1 0 7564 0.911215
2 5 1 0.904208
4 0 0 0.87078
5 0 0 0.83293
3 0 0 0.988338

3
1 1 2 0.939333
2 0 0 0.831464
3 0 0 0.924811

1
1 0 0 0.87097

1
1 0 0 0.904876

1
1 0 0 0.897895

3
1 6 856 0.894351
2 0 0 0.941246
3 0 0 0.919752

1
1 0 0 0.803244

3
1 1 2 0.892272
2 0 0 0.884717
3 0 0 0.939857

3
1 0 9786 0.841628
2 0 0 0.80843
3 0 0 0.986179

3
1 5 1 0.885057
2 0 0 1.02718
3 0 0 0.782601

3
1 5 1 0.941545
2 0 0 0.920326
3 0 0 0.844608

3
1 2 4 0.803518
2 0 0 0.816266
3 0 0 1.00549

1
1 0 0 0.780315

3
1 1 1 0.972379
2 0 0 0.991198
3 0 0 0.761918

1
1 0 0 0.821487

3
1 1 1 0.863535
2 0 0 0.938088
3 0 0 0.880109

3
1 2 4 0.859514
2 0 0 0.84465
3 0 0 0.90321

3
1 6 140 0.784684
2 0 0 0.940855
3 0 0 0.784592

3
1 1 2 0.850033
2 0 0 0.831411
3 0 0 1.02745

3
1 6 1798 0.83225
2 0 0 1.07373
3 0 0 0.820594

3
1 6 3660 0.87138
2 0 0 0.938005
3 0 0 0.886189

1
1 0 0 0.841097

3
1 5 1 0.857976
2 0 0 0.884581
3 0 0 0.755368

3
1 4 1 0.834477
2 0 0 0.893182
3 0 0 1.10637

3
1 5 1 0.895871
2 0 0 0.959627
3 0 0 0.950002

1
1 0 0 0.795782

3
1 4 1 0.823301
2 0 0 0.846888
3 0 0 0.902303

7
1 5 1 0.863901
2 0 0 1.02881
3 2 2 0.989135
6 0 0 0.973847
7 4 1 0.984031
14 0 0 1.01469
15 0 0 1.15614

3
1 5 1 0.811445
2 0 0 0.968609
3 0 0 0.815822

3
1 5 1 0.895553
2 0 0 1.02857
3 0 0 0.756796

5
1 0 2646 0.86817
2 0 1134 0.908113
4 0 0 0.852281
5 0 0 1.02606
3 0 0 0.857791

1
1 0 0 0.840039

3
1 0 1038 0.84531
2 0 0 1.04819
3 0 0 0.874906

3
1 5 1 0.884535
2 0 0 1.0987
3 0 0 0.717381

3
1 5 1 0.83535
2 0 0 1.03678
3 0 0 0.71833

3
1 5 1 0.889472
2 0 0 0.918363
3 0 0 0.841256

3
1 5 1 0.915654
2 0 0 1.04693
3 0 0 0.795116

1
1 0 0 0.683924

3
1 0 310 0.956033
2 0 0 1.03777
3 0 0 0.823208

3
1 5 1 0.891328
2 0 0 1.07552
3 0 0 0.877507

3
1 5 1 0.901058
2 0 0 0.973859
3 0 0 0.888174

3
1 1 1 0.85301
2 0 0 1.06862
3 0 0 0.891175

3
1 0 3931 0.771264
2 0 0 1.00322
3 0 0 0.875605

3
1 5 1 0.821441
2 0 0 0.953671
3 0 0 0.876111

3
1 2 3 0.884901
2 0 0 0.832742
3 0 0 0.954021

5
1 6 2846 0.854294
2 0 0 1.01232
3 6 5370 0.8816
6 0 0 0.889697
7 0 0 0.968124

1
1 0 0 0.804923

1
1 0 0 0.752355

1
1 0 0 0.805126

3
1 4 1 0.795397
2 0 0 0.851328
3 0 0 0.962986

1
1 0 0 0.807052

3
1 0 105 0.860268
2 0 0 1.04559
3 0 0 0.865459

3
1 4 1 0.882167
2 0 0 0.751814
3 0 0 0.864416

3
1 4 1 0.828416
2 0 0 0.876402
3 0 0 0.913078

3
1 5 1 0.926005
2 0 0 0.908885
3 0 0 0.778527

3
1 6 5332 0.869424
2 0 0 0.868996
3 0 0 0.940268

7
1 1 1 0.886966
2 0 1599 1.0808
4 0 0 0.960942
5 2 4 1.02799
10 0 0 1.06496
11 0 0 0.904135
3 0 0 0.788815

3
1 6 4662 0.977798
2 0 0 0.963156
3 0 0 1.10679

3
1 4 1 0.852505
2 0 0 0.824139
3 0 0 1.07729

1
1 0 0 0.804811

3
1 1 1 0.890718
2 0 0 1.00211
3 0 0 0.832272

1
1 0 0 0.887732

3
1 5 1 0.927122
2 0 0 0.883745
3 0 0 0.961299

5
1 0 3273 0.925451
2 2 2 0.982454
4 0 0 0.95399
5 0 0 0.94933
3 0 0 0.971293

5
1 1 1 0.880071
2 0 0 1.07773
3 0 8439 0.931957
6 0 0 0.950561
7 0 0 0.923269

3
1 2 1 0.822134
2 0 0 0.932111
3 0 0 0.79753

3
1 0 2642 0.958241
2 0 0 1.01222
3 0 0 0.88857

1
1 0 0 0.83463

3
1 1 1 0.817569
2 0 0 0.938821
3 0 0 0.80048

3
1 1 1 0.854457
2 0 0 0.976438
3 0 0 0.78485

1
1 0 0 0.819297

1
1 0 0 0.752498

3
1 4 1 0.901689
2 0 0 0.779747
3 0 0 1.10358

3
1 5 1 0.814157
2 0 0 0.958047
3 0 0 0.895308

1
1 0 0 0.901731

1
1 0 0 0.908344

1
1 0 0 0.843665

3
1 5 1 0.906265
2 0 0 1.06164
3 0 0 0.83883

3
1 5 1 0.871482
2 0 0 1.1798
3 0 0 0.857738

3
1 2 1 0.902312
2 0 0 0.960862
3 0 0 0.973149

1
1 0 0 0.756147

3
1 4 1 0.894511
2 0 0 0.875806
3 0 0 0.905329

5
1 6 2906 0.868792
2 4 1 1.03772
4 0 0 0.902083
5 0 0 1.08511
3 0 0 0.86361

7
1 2 4 0.855047
2 5 1 0.861894
4 0 0 1.15809
5 0 0 0.837766
3 6 4020 0.93286
6 0 0 0.976296
7 0 0 0.958218

3
1 4 1 0.837743
2 0 0 0.900583
3 0 0 1.03856

3
1 6 3801 0.814728
2 0 0 0.868165
3 0 0 0.824437

1
1 0 0 0.867439

3
1 6 201 0.916258
2 0 0 1.01722
3 0 0 0.956892

3
1 6 4980 0.869397
2 0 0 0.876894
3 0 0 0.965492

1
1 0 0 0.760892

3
1 5 1 0.878764
2 0 0 0.909842
3 0 0 0.941406

3
1 4 1 0.920202
2 0 0 0.846677
3 0 0 0.991223

3
1 1 1 0.952037
2 0 0 1.03538
3 0 0 0.923495

1
1 0 0 0.886153

5
1 6 2726 0.915907
2 2 2 0.911509
4 0 0 0.941446
5 0 0 1.0376
3 0 0 0.854398

11
1 0 3912 0.843761
2 6 1537 1.01976
4 4 1 0.961911
8 0 0 0.952253
9 0 0 0.984997
5 0 0 0.941997
3 0 7709 0.924362
6 0 0 0.990708
7 5 1 0.868583
14 0 0 0.95276
15 0 0 0.859118

3
1 0 4720 0.845362
2 0 0 0.891391
3 0 0 0.868975

1
1 0 0 0.823435

5
1 0 1058 0.844056
2 2 2 1.06869
4 0 0 0.959266
5 0 0 1.12515
3 0 0 0.909905

3
1 6 5297 0.833973
2 0 0 0.832409
3 0 0 0.957375

1
1 0 0 0.803857

3
1 1 2 0.914432
2 0 0 0.797826
3 0 0 0.942688

5
1 6 1284 0.88679
2 0 0 1.04169
3 5 1 0.820486
6 0 0 0.916781
7 0 0 0.88847

5
1 6 2353 0.951366
2 0 0 0.962302
3 6 2902 1.00185
6 0 0 1.10167
7 0 0 0.755388

1
1 0 0 0.835046

3
1 5 1 0.976524
2 0 0 0.898274
3 0 0 0.689384

1
1 0 0 0.948804

3
1 0 1018 0.835654
2 0 0 1.1526
3 0 0 0.898435

1
1 0 0 0.808773

3
1 1 1 0.998131
2 0 0 0.89513
3 0 0 0.807275

5
1 1 1 0.863545
2 0 0 1.12535
3 6 2354 0.976586
6 0 0 0.909043
7 0 0 0.944357

3
1 0 3461 0.968618
2 0 0 0.987727
3 0 0 1.02013

3
1 6 1710 0.87014
2 0 0 0.967716
3 0 0 0.892662

1
1 0 0 0.788648

3
1 5 1 0.915057
2 0 0 0.989991
3 0 0 0.789864

3
1 0 1161 0.842626
2 0 0 0.96327
3 0 0 0.892437

5
1 2 3 0.858787
2 0 0 0.885862
3 5 1 0.960696
6 0 0 0.890529
7 0 0 1.0036

3
1 5 1 0.796994
2 0 0 0.95445
3 0 0 0.769865

1
1 0 0 0.769451

5
1 5 1 0.840683
2 6 1942 1.09104
4 0 0 1.03241
5 0 0 1.02086
3 0 0 0.830923

1
1 0 0 0.830079

3
1 0 53 0.781973
2 0 0 0.935916
3 0 0 0.724511

1
1 0 0 0.899066

3
1 2 4 0.922385
2 0 0 0.904245
3 0 0 0.980893

1
1 0 0 0.805643

1
1 0 0 0.905846

3
1 2 1 0.918061
2 0 0 0.866952
3 0 0 0.962348

1
1 0 0 0.889464

3
1 4 1 0.881764
2 0 0 0.860638
3 0 0 0.903968

3
1 4 1 0.830759
2 0 0 0.775899
3 0 0 1.13223

3
1 6 4884 0.873083
2 0 0 0.828255
3 0 0 0.907246

3
1 1 1 0.840039
2 0 0 1.00137
3 0 0 0.851059

1
1 0 0 0.924161

1
1 0 0 0.872126

3
1 5 1 0.83535
2 0 0 1.02847
3 0 0 0.783518

3
1 5 1 0.889472
2 0 0 1.11562
3 0 0 0.770603

3
1 0 4115 0.90767
2 0 0 0.870876
3 0 0 0.941854

3
1 6 5287 0.767413
2 0 0 0.810537
3 0 0 1.00338

3
1 6 4194 0.864242
2 0 0 0.915762
3 0 0 0.880523

3
1 5 1 0.891328
2 0 0 0.884077
3 0 0 0.792289

1
1 0 0 0.819775

3
1 5 1 0.8008
2 0 0 0.978298
3 0 0 0.842098

1
1 0 0 0.803332

3
1 5 1 0.902482
2 0 0 0.883533
3 0 0 0.784502

3
1 5 1 0.931918
2 0 0 0.976365
3 0 0 0.804892

3
1 1 1 0.94559
2 0 0 1.05121
3 0 0 0.874177

3
1 0 2793 0.90976
2 0 0 1.0773
3 0 0 0.818566

1
1 0 0 0.814411

3
1 5 1 0.88268
2 0 0 1.04134
3 0 0 0.785086

3
1 1 1 0.894765
2 0 0 1.06638
3 0 0 0.911506

1
1 0 0 0.82362

3
1 0 7284 0.831588
2 0 0 0.881693
3 0 0 0.830137

3
1 0 7785 0.910274
2 0 0 0.860429
3 0 0 0.997643

3
1 1 1 0.86447
2 0 0 0.954685
3 0 0 0.890442

1
1 0 0 0.712419

3
1 4 1 0.840471
2 0 0 0.891586
3 0 0 0.887017

3
1 1 2 0.865552
2 0 0 0.864391
3 0 0 1.1893

1
1 0 0 0.729892

3
1 0 7723 0.83134
2 0 0 0.968335
3 0 0 0.839215

1
1 0 0 0.78674

3
1 5 1 0.820871
2 0 0 0.987014
3 0 0 0.78924

7
1 5 1 0.835758
2 2 4 0.97567
4 6 4819 1.036
8 0 0 1.03844
9 0 0 0.974964
5 0 0 0.952596
3 0 0 0.831896

3
1 1 2 0.863139
2 0 0 0.825349
3 0 0 0.934527

5
1 6 1326 0.843517
2 0 0 0.976356
3 1 2 0.971149
6 0 0 0.878467
7 0 0 1.01494

3
1 2 2 0.862787
2 0 0 0.849112
3 0 0 0.891005

3
1 2 1 0.825119
2 0 0 0.98632
3 0 0 0.803342

3
1 1 1 0.790407
2 0 0 1.10264
3 0 0 0.905803

3
1 2 2 0.921581
2 0 0 0.873669
3 0 0 0.972876

3
1 4 1 0.862507
2 0 0 0.805885
3 0 0 1.01536

1
1 0 0 0.733368

3
1 5 1 0.94407
2 0 0 1.10043
3 0 0 0.729897

3
1 1 2 0.845051
2 0 0 0.907859
3 0 0 0.932257

3
1 4 1 0.817914
2 0 0 0.763238
3 0 0 1.07266

3
1 0 1022 0.967325
2 0 0 1.01689
3 0 0 0.825121

3
1 0 2931 0.88867
2 0 0 0.932658
3 0 0 0.872879

7
1 5 1 0.831539
2 0 25 1.03208
4 0 0 1.02
5 0 0 1.00006
3 4 1 0.845179
6 0 0 0.930432
7 0 0 1.01133

1
1 0 0 0.765438

1
1 0 0 0.92449

3
1 5 1 0.813234
2 0 0 0.941592
3 0 0 0.844686

3
1 0 1885 0.904073
2 0 0 0.969566
3 0 0 0.90778

3
1 1 1 0.862078
2 0 0 0.955
3 0 0 0.821589

3
1 6 2284 0.921806
2 0 0 0.978447
3 0 0 0.812157

3
1 1 1 0.830668
2 0 0 0.863187
3 0 0 0.806248

5
1 6 1878 0.856701
2 0 0 0.921224
3 0 7893 1.01473
6 0 0 1.01828
7 0 0 0.992722

3
1 4 1 0.920847
2 0 0 0.916749
3 0 0 1.02115

1
1 0 0 0.856732

3
1 5 1 0.903355
2 0 0 0.978454
3 0 0 0.939967

1
1 0 0 0.804451

3
1 0 8114 0.921666
2 0 0 0.841665
3 0 0 0.926069

3
1 6 5255 0.897284
2 0 0 0.922988
3 0 0 0.884636

3
1 4 1 0.845602
2 0 0 0.832569
3 0 0 0.96644

1
1 0 0 0.887201

3
1 6 135 0.864016
2 0 0 0.922079
3 0 0 0.912884

3
1 5 1 0.846156
2 0 0 1.13601
3 0 0 0.696743

1
1 0 0 0.758994

3
1 4 1 0.926932
2 0 0 0.928036
3 0 0 0.98937

3
1 2 4 0.816197
2 0 0 0.856245
3 0 0 0.93715

3
1 1 2 0.891692
2 0 0 0.918387
3 0 0 0.973421

3
1 5 1 0.866914
2 0 0 0.991066
3 0 0 0.784607

3
1 0 2898 0.848852
2 0 0 0.926245
3 0 0 0.803652

1
1 0 0 0.851328

3
1 0 1079 0.855021
2 0 0 0.906826
3 0 0 0.834621

3
1 4 1 0.886794
2 0 0 0.941537
3 0 0 0.890373

7
1 6 2353 0.951366
2 6 1433 0.90634
4 0 0 1.01522
5 0 0 0.992993
3 6 2902 1.00185
6 0 0 1.08221
7 0 0 0.83135

3
1 6 4888 0.877156
2 0 0 0.855359
3 0 0 1.00118

5
1 6 2257 0.920865
2 2 3 0.994652
4 0 0 0.988775
5 0 0 1.0279
3 0 0 0.926225

1
1 0 0 0.827842

3
1 5 1 0.913594
2 0 0 1.13121
3 0 0 0.859526

1
1 0 0 0.892557

1
1 0 0 0.793242

3
1 6 5156 0.805883
2 0 0 0.805716
3 0 0 0.955941

3
1 1 1 0.944283
2 0 0 1.0576
3 0 0 0.829005

3
1 1 2 0.843274
2 0 0 0.845076
3 0 0 0.931136

1
1 0 0 0.809938

3
1 1 1 0.940257
2 0 0 0.859386
3 0 0 0.974176

3
1 1 2 0.896443
2 0 0 0.918811
3 0 0 0.969912

3
1 4 1 0.878351
2 0 0 0.809395
3 0 0 0.960187

3
1 4 1 0.972675
2 0 0 0.799565
3 0 0 0.973962

1
1 0 0 0.80037

1
1 0 0 0.899794

5
1 0 3165 0.862344
2 0 90 0.898792
4 0 0 1.00646
5 0 0 0.940903
3 0 0 0.910013

3
1 2 4 0.845438
2 0 0 0.897902
3 0 0 0.957192

3
1 5 1 0.849002
2 0 0 1.01203
3 0 0 0.766391

1
1 0 0 0.774112

3
1 0 2094 0.877962
2 0 0 0.866557
3 0 0 0.866297

1
1 0 0 0.75566

3
1 1 1 0.879785
2 0 0 0.975879
3 0 0 0.849896

3
1 1 2 0.863371
2 0 0 0.885571
3 0 0 0.954351

3
1 2 4 0.895589
2 0 0 0.871436
3 0 0 0.943182

3
1 2 1 0.910484
2 0 0 1.07219
3 0 0 0.901803

3
1 1 2 0.853701
2 0 0 0.711992
3 0 0 1.03088

3
1 6 2037 0.801771
2 0 0 0.969124
3 0 0 0.818665

3
1 1 1 0.830309
2 0 0 0.986876
3 0 0 0.726824

5
1 2 3 0.861041
2 0 0 0.887274
3 1 2 0.959883
6 0 0 0.903465
7 0 0 1.05368

3
1 5 1 0.86758
2 0 0 1.11208
3 0 0 0.875802

3
1 5 1 0.889472
2 0 0 0.976334
3 0 0 0.773622

3
1 1 1 0.896511
2 0 0 0.998257
3 0 0 0.907951

3
1 1 1 0.88699
2 0 0 0.921682
3 0 0 0.826224

3
1 5 1 0.889356
2 0 0 0.995169
3 0 0 0.872732

3
1 5 1 0.909298
2 0 0 0.888155
3 0 0 0.78148

1
1 0 0 0.894355

1
1 0 0 0.891853

3
1 6 112 0.792163
2 0 0 0.920926
3 0 0 0.770272

1
1 0 0 0.89835

1
1 0 0 0.831769

5
1 1 1 0.94559
2 0 1523 1.00244
4 0 0 1.04278
5 0 0 0.968019
3 0 0 0.807233

3
1 0 6532 0.921316
2 0 0 0.960957
3 0 0 0.935914

1
1 0 0 0.801549

3
1 5 1 0.891189
2 0 0 0.941501
3 0 0 0.80591

3
1 0 328 0.810732
2 0 0 1.01317
3 0 0 0.787172

3
1 5 1 0.988017
2 0 0 0.929321
3 0 0 0.818173

3
1 1 1 0.865167
2 0 0 1.00592
3 0 0 0.888773

3
1 0 480 0.957065
2 0 0 1.08724
3 0 0 0.860281

3
1 1 1 0.86447
2 0 0 1.02805
3 0 0 0.76271

3
1 1 1 0.858798
2 0 0 1.08011
3 0 0 0.760736

3
1 5 1 0.901487
2 0 0 1.01561
3 0 0 0.816503

3
1 0 5605 0.83164
2 0 0 0.941961
3 0 0 0.964782

1
1 0 0 0.793551

5
1 2 4 0.894088
2 0 3825 0.887685
4 0 0 0.939523
5 0 0 0.892625
3 0 0 1.01908

1
1 0 0 0.86777

1
1 0 0 0.938116

3
1 1 1 0.841843
2 0 0 1.06199
3 0 0 0.777285

1
1 0 0 0.774799

1
1 0 0 0.808728

1
1 0 0 0.775117

7
1 0 4449 0.88607
2 4 1 0.890066
4 0 0 0.888075
5 0 0 1.0223
3 4 1 0.939907
6 0 0 1.01731
7 0 0 1.03426

3
1 1 2 0.91285
2 0 0 0.878512
3 0 0 1.02335

3
1 6 221 0.786332
2 0 0 1.01321
3 0 0 0.896017

5
1 2 2 0.910864
2 6 1279 0.989137
4 0 0 0.931001
5 0 0 0.932991
3 0 0 0.881745

3
1 1 2 0.791262
2 0 0 0.826924
3 0 0 1.04867

1
1 0 0 0.86073

1
1 0 0 0.740145

1
1 0 0 0.991303

3
1 5 1 0.806406
2 0 0 1.02035
3 0 0 0.849662

3
1 4 1 0.867907
2 0 0 0.762371
3 0 0 1.09345

3
1 0 8280 0.902686
2 0 0 0.898634
3 0 0 0.897305

3
1 4 1 0.802346
2 0 0 0.883859
3 0 0 0.832683

1
1 0 0 0.775045

3
1 1 1 0.836677
2 0 0 0.96651
3 0 0 0.771575

3
1 2 3 0.87424
2 0 0 0.776499
3 0 0 0.981495

3
1 0 7944 0.781638
2 0 0 0.840532
3 0 0 0.923223

3
1 6 325 0.799272
2 0 0 0.829971
3 0 0 0.822748

3
1 4 1 0.897498
2 0 0 0.897306
3 0 0 0.915673

5
1 0 8664 0.903405
2 0 0 0.891426
3 4 1 0.980231
6 0 0 0.966927
7 0 0 0.927102

5
1 6 5135 0.802481
2 0 0 0.850304
3 0 5114 0.938033
6 0 0 0.956937
7 0 0 0.974977

3
1 2 2 0.878015
2 0 0 0.908237
3 0 0 0.929465

3
1 5 1 0.867199
2 0 0 1.03816
3 0 0 0.819569

3
1 1 1 0.90885
2 0 0 0.89649
3 0 0 0.820726

3
1 6 4192 0.85857
2 0 0 0.895725
3 0 0 0.864609

7
1 0 3488 0.89245
2 6 3539 1.11273
4 6 583 1.11083
8 0 0 1.00823
9 0 0 1.10234
5 0 0 0.792339
3 0 0 0.839633

5
1 5 1 0.845798
2 0 0 1.03415
3 1 2 0.892386
6 0 0 0.847536
7 0 0 1.04908

1
1 0 0 0.841546

3
1 0 27 0.882267
2 0 0 1.07632
3 0 0 0.905017

3
1 5 1 0.867625
2 0 0 1.15163
3 0 0 0.835194

3
1 2 3 0.968992
2 0 0 0.952283
3 0 0 0.951773

3
1 4 1 0.926932
2 0 0 0.742466
3 0 0 0.993672

3
1 5 1 0.829849
2 0 0 1.08465
3 0 0 0.978735

3
1 0 504 0.862857
2 0 0 0.995915
3 0 0 0.863081

5
1 0 462 0.798699
2 0 0 1.08195
3 0 2930 0.836222
6 0 0 1.01567
7 0 0 0.893394

3
1 0 62 0.8596
2 0 0 1.01018
3 0 0 0.808558

3
1 4 1 0.903267
2 0 0 0.876318
3 0 0 1.05781

1
1 0 0 0.796759

3
1 6 370 0.904675
2 0 0 0.89695
3 0 0 0.864651

1
1 0 0 0.830943

3
1 1 1 0.848271
2 0 0 1.07066
3 0 0 0.704341

5
1 2 3 0.885641
2 0 0 0.943288
3 2 4 0.821323
6 0 0 0.841407
7 0 0 0.898211

3
1 0 1853 0.832396
2 0 0 0.916414
3 0 0 0.896047

3
1 1 1 0.844463
2 0 0 0.948706
3 0 0 0.816526

3
1 0 3226 0.857352
2 0 0 0.942006
3 0 0 0.78852

3
1 0 8054 0.866903
2 0 0 0.85218
3 0 0 0.890872

3
1 6 4585 0.816411
2 0 0 0.819813
3 0 0 0.849608

3
1 6 3578 0.974873
2 0 0 0.916581
3 0 0 0.944662

5
1 0 759 0.843563
2 1 1 0.845545
4 0 0 1.01432
5 0 0 1.00351
3 0 0 0.826552

5
1 1 1 0.946321
2 0 0 0.867405
3 6 110 0.880745
6 0 0 1.07226
7 0 0 0.847914

5
1 0 5162 0.89741
2 6 230 1.09074
4 0 0 1.11991
5 0 0 1.11631
3 0 0 1.00127

1
1 0 0 0.769888

5
1 1 1 0.850466
2 2 1 0.960647
4 0 0 1.08753
5 0 0 1.06217
3 0 0 0.905424

3
1 1 2 0.890601
2 0 0 0.815541
3 0 0 1.05558

3
1 4 1 0.845193
2 0 0 0.849964
3 0 0 0.983072

5
1 4 1 0.929958
2 0 0 0.745457
3 2 1 1.00915
6 0 0 0.896838
7 0 0 0.949952

1
1 0 0 0.763984

3
1 6 5210 0.874148
2 0 0 0.838756
3 0 0 1.05949

3
1 2 3 0.886132
2 0 0 0.894602
3 0 0 0.871995

3
1 6 2937 0.872239
2 0 0 0.962694
3 0 0 0.810765

5
1 4 1 0.892637
2 0 0 0.81813
3 0 1361 0.925886
6 0 0 0.96625
7 0 0 1.02855

3
1 4 1 0.858783
2 0 0 0.905495
3 0 0 0.975324

3
1 5 1 0.794789
2 0 0 1.01061
3 0 0 0.750012

3
1 1 1 0.890913
2 0 0 1.08692
3 0 0 0.850886

3
1 4 1 0.819217
2 0 0 0.800593
3 0 0 0.880449

1
1 0 0 0.725062

3
1 5 1 0.978966
2 0 0 1.04593
3 0 0 0.898632

3
1 5 1 0.800537
2 0 0 1.01558
3 0 0 0.891831

5
1 6 1272 0.86458
2 4 1 0.981101
4 0 0 0.943939
5 0 0 0.976912
3 0 0 0.999557

3
1 4 1 0.833309
2 0 0 0.733667
3 0 0 0.974698

5
1 0 9661 0.862101
2 0 0 0.871025
3 5 1 1.04451
6 0 0 1.00992
7 0 0 0.9196

3
1 5 1 0.889472
2 0 0 0.997549
3 0 0 0.748836

5
1 2 1 0.947434
2 6 4388 0.953094
4 0 0 0.994201
5 0 0 0.851795
3 0 0 0.925043

1
1 0 0 0.797534

3
1 0 9675 0.793963
2 0 0 0.829085
3 0 0 0.88229

3
1 4 1 0.889616
2 0 0 0.873027
3 0 0 0.968101

5
1 1 1 0.908322
2 2 4 0.945307
4 0 0 0.968952
5 0 0 1.02013
3 0 0 0.743745

3
1 6 5382 0.823962
2 0 0 0.849761
3 0 0 0.987504

3
1 2 4 1.043
2 0 0 0.94417
3 0 0 0.897788

3
1 1 1 0.851953
2 0 0 0.997334
3 0 0 0.914546

3
1 5 1 0.85502
2 0 0 0.990541
3 0 0 0.825869

3
1 6 4806 0.880719
2 0 0 0.916107
3 0 0 0.965805

1
1 0 0 0.83296

1
1 0 0 0.695846

1
1 0 0 0.833486

3
1 5 1 0.90506
2 0 0 1.12032
3 0 0 0.869864

3
1 5 1 0.988017
2 0 0 1.06994
3 0 0 0.904907

3
1 6 500 0.803607
2 0 0 0.913825
3 0 0 0.847636

1
1 0 0 0.853004

3
1 1 1 0.839969
2 0 0 1.0182
3 0 0 0.763292

3
1 2 3 0.819094
2 0 0 0.870898
3 0 0 0.97999

3
1 0 182 0.89524
2 0 0 0.970263
3 0 0 0.869315

3
1 4 1 0.868316
2 0 0 0.978063
3 0 0 0.975499

3
1 5 1 0.867778
2 0 0 0.973584
3 0 0 0.734391

1
1 0 0 0.867556

3
1 5 1 0.880486
2 0 0 0.902922
3 0 0 0.815993

3
1 6 2523 0.895801
2 0 0 0.894943
3 0 0 0.816333

3
1 0 92 0.858525
2 0 0 0.995076
3 0 0 0.825816

3
1 1 1 0.847717
2 0 0 1.05719
3 0 0 0.894185

3
1 6 1432 0.862172
2 0 0 0.956941
3 0 0 0.794023

3
1 5 1 0.793775
2 0 0 0.79888
3 0 0 0.811929

3
1 1 2 0.778983
2 0 0 0.769168
3 0 0 0.906979

3
1 6 3306 0.849867
2 0 0 0.81637
3 0 0 0.896133

3
1 0 8844 0.863249
2 0 0 0.936776
3 0 0 0.904384

1
1 0 0 0.760616

3
1 5 1 0.927087
2 0 0 1.08641
3 0 0 0.79171

5
1 1 1 0.959583
2 0 0 1.01385
3 6 2386 0.944764
6 0 0 0.92592
7 0 0 1.05715

3
1 6 3179 0.861104
2 0 0 0.971421
3 0 0 0.828662

3
1 0 6447 0.810745
2 0 0 0.92103
3 0 0 0.979316

1
1 0 0 0.789958

3
1 5 1 0.914758
2 0 0 0.976205
3 0 0 0.774555

3
1 6 1241 0.778933
2 0 0 0.87684
3 0 0 0.758639

3
1 6 2182 1.00424
2 0 0 0.939196
3 0 0 0.997514

1
1 0 0 0.749973

1
1 0 0 0.869761

3
1 1 2 0.853493
2 0 0 0.896992
3 0 0 0.993599

1
1 0 0 0.816063

1
1 0 0 0.862118

1
1 0 0 0.822843

3
1 0 1405 0.833989
2 0 0 1.07375
3 0 0 0.919197

3
1 5 1 0.831385
2 0 0 0.927518
3 0 0 0.829242

3
1 0 8069 0.842016
2 0 0 0.813716
3 0 0 0.846353

3
1 2 4 0.924263
2 0 0 0.916078
3 0 0 1.07854

3
1 1 1 0.90885
2 0 0 1.05082
3 0 0 0.769784

1
1 0 0 0.850657

5
1 4 1 0.87509
2 0 0 0.929325
3 0 5190 0.932237
6 0 0 0.998564
7 0 0 1.02242

1
1 0 0 0.834147

3
1 4 1 0.954779
2 0 0 0.980557
3 0 0 0.962064

1
1 0 0 0.823736

3
1 5 1 0.867302
2 0 0 0.939283
3 0 0 0.812195

3
1 1 2 0.865911
2 0 0 0.838357
3 0 0 0.99807

3
1 5 1 0.953862
2 0 0 0.992494
3 0 0 0.905143

1
1 0 0 0.759929

3
1 0 2257 0.869215
2 0 0 0.892901
3 0 0 0.872039

3
1 4 1 0.931613
2 0 0 0.762175
3 0 0 0.991691

3
1 5 1 0.891627
2 0 0 1.05758
3 0 0 0.848852

3
1 5 1 0.839919
2 0 0 0.990275
3 0 0 0.909898

3
1 0 5069 0.892638
2 0 0 0.918536
3 0 0 0.994751

3
1 1 1 0.896843
2 0 0 1.03765
3 0 0 0.783115

7
1 6 2753 0.883238
2 1 1 0.981429
4 0 0 1.04468
5 6 115 0.970824
10 0 0 0.952687
11 0 0 0.965457
3 0 0 0.890846

1
1 0 0 0.838773

3
1 6 2655 0.932691
2 0 0 0.988838
3 0 0 0.84124

3
1 0 455 0.858583
2 0 0 0.959829
3 0 0 0.807175

5
1 6 1650 0.8695
2 0 0 1.09396
3 4 1 0.788245
6 0 0 0.804565
7 0 0 0.903725

3
1 0 9897 0.911855
2 0 0 0.945914
3 0 0 1.05755

3
1 5 1 0.941922
2 0 0 0.936842
3 0 0 0.821839

1
1 0 0 0.878071

3
1 1 1 0.858702
2 0 0 1.03448
3 0 0 0.839611

3
1 5 1 0.924467
2 0 0 0.862441
3 0 0 0.913562

3
1 0 9731 0.801327
2 0 0 0.83113
3 0 0 0.910736

5
1 1 2 0.919942
2 0 0 0.840033
3 0 9216 0.967614
6 0 0 0.983982
7 0 0 1.16537

1
1 0 0 0.869817

3
1 4 1 0.877735
2 0 0 0.770522
3 0 0 0.916086

3
1 6 5271 0.882528
2 0 0 0.772499
3 0 0 0.971763

3
1 0 1258 0.788038
2 0 0 0.932879
3 0 0 0.791927

1
1 0 0 0.842767

3
1 6 2901 0.918465
2 0 0 0.861323
3 0 0 0.748528

3
1 2 4 0.851961
2 0 0 0.823431
3 0 0 1.0715

3
1 5 1 0.866938
2 0 0 1.0266
3 0 0 0.886791

3
1 6 2985 0.819159
2 0 0 0.860493
3 0 0 0.880414

3
1 1 2 0.864519
2 0 0 0.821832
3 0 0 0.914878

3
1 2 2 0.958558
2 0 0 0.962956
3 0 0 1.00382

3
1 2 2 0.8532
2 0 0 0.992014
3 0 0 0.918313

3
1 6 5009 0.829727
2 0 0 0.809087
3 0 0 0.947598

1
1 0 0 0.694993

3
1 5 1 0.924818
2 0 0 0.930341
3 0 0 0.831492

3
1 4 1 0.871635
2 0 0 0.828807
3 0 0 0.99927

3
1 5 1 0.897503
2 0 0 1.07754
3 0 0 0.896872

3
1 5 1 0.929881
2 0 0 0.956151
3 0 0 0.821755

3
1 5 1 0.933598
2 0 0 0.877685
3 0 0 0.922031

3
1 5 1 0.866285
2 0 0 0.916567
3 0 0 0.826583

3
1 4 1 0.830778
2 0 0 0.782735
3 0 0 0.963699

1
1 0 0 0.882983

3
1 5 1 0.866043
2 0 0 1.01599
3 0 0 0.942827

3
1 4 1 0.87493
2 0 0 0.916636
3 0 0 0.980896

3
1 4 1 0.897835
2 0 0 0.83455
3 0 0 0.984552

3
1 0 1456 0.870502
2 0 0 1.09587
3 0 0 0.802613

3
1 1 2 0.806416
2 0 0 0.803694
3 0 0 0.857381

3
1 5 1 0.904484
2 0 0 0.864892
3 0 0 0.873165

3
1 0 361 0.779893
2 0 0 0.908816
3 0 0 0.749664

3
1 5 1 0.85502
2 0 0 0.921667
3 0 0 0.822185

1
1 0 0 0.878784

1
1 0 0 0.80549

1
1 0 0 0.904112

1
1 0 0 0.824909

3
1 0 5359 0.878408
2 0 0 0.900316
3 0 0 0.826948

5
1 5 1 0.988017
2 2 2 1.1011
4 0 0 1.08255
5 0 0 1.11587
3 0 0 0.819361

1
1 0 0 0.797698

3
1 5 1 0.853004
2 0 0 0.988529
3 0 0 0.882787

5
1 1 1 0.861153
2 0 3335 1.05467
4 0 0 1.02427
5 0 0 1.03659
3 0 0 0.776549

3
1 5 1 0.908656
2 0 0 1.01708
3 0 0 0.795594

3
1 5 1 0.848409
2 0 0 1.14422
3 0 0 0.772169

1
1 0 0 0.745633

3
1 5 1 0.95177
2 0 0 1.08879
3 0 0 0.878438

1
1 0 0 0.824556

3
1 0 1489 1.00509
2 0 0 0.97114
3 0 0 0.912527

7
1 6 200 0.936867
2 0 0 0.991078
3 0 3421 0.887588
6 0 0 0.948846
7 5 1 0.912825
14 0 0 1.0739
15 0 0 0.883274

5
1 0 2484 0.867086
2 0 0 0.964725
3 0 7048 0.899572
6 0 0 0.992523
7 0 0 1.00286

3
1 4 1 0.917376
2 0 0 0.928577
3 0 0 0.924522

3
1 0 1807 0.873634
2 0 0 0.852691
3 0 0 0.831908

1
1 0 0 0.810547

3
1 4 1 0.880124
2 0 0 0.847092
3 0 0 1.04493

3
1 5 1 0.774165
2 0 0 1.11352
3 0 0 0.925332

3
1 5 1 0.908358
2 0 0 0.979798
3 0 0 0.873854

1
1 0 0 0.837283

1
1 0 0 0.722165

3
1 1 1 0.959583
2 0 0 0.957672
3 0 0 0.828282

1
1 0 0 0.73287

5
1 0 4507 0.982222
2 0 0 0.92883
3 6 5347 0.98075
6 0 0 1.05148
7 0 0 1.04323

1
1 0 0 0.909932

3
1 4 1 0.895039
2 0 0 0.895084
3 0 0 0.932788

3
1 4 1 0.819445
2 0 0 0.824644
3 0 0 1.02517

3
1 1 1 0.796439
2 0 0 0.831692
3 0 0 0.787653

3
1 0 2072 0.857749
2 0 0 0.974092
3 0 0 0.809746

3
1 4 1 0.877206
2 0 0 0.903511
3 0 0 1.0155

3
1 5 1 0.859154
2 0 0 1.06475
3 0 0 0.848016

3
1 6 1214 0.841735
2 0 0 0.852233
3 0 0 0.854011

3
1 1 1 0.835097
2 0 0 1.00232
3 0 0 0.814772

1
1 0 0 0.747974

3
1 0 5849 0.94395
2 0 0 0.895839
3 0 0 0.936438

5
1 0 4633 0.839015
2 2 1 0.92879
4 0 0 0.965951
5 0 0 0.91685
3 0 0 0.849793

3
1 0 913 0.785696
2 0 0 1.05699
3 0 0 0.779187

3
1 5 1 0.849885
2 0 0 0.936211
3 0 0 0.77811

3
1 5 1 0.950028
2 0 0 0.940336
3 0 0 0.727672

3
1 0 7163 0.892963
2 0 0 0.849222
3 0 0 0.922616

3
1 2 3 0.812181
2 0 0 0.770903
3 0 0 0.970952

3
1 2 1 0.931163
2 0 0 0.850014
3 0 0 0.823332

3
1 0 8747 0.93456
2 0 0 0.928081
3 0 0 0.946098

3
1 6 5111 0.849082
2 0 0 0.891682
3 0 0 0.916637

3
1 5 1 0.94096
2 0 0 1.01264
3 0 0 0.901954

1
1 0 0 0.822541

1
1 0 0 0.801438

3
1 0 1597 0.903709
2 0 0 0.868145
3 0 0 0.871838

1
1 0 0 0.863496

7
1 5 1 0.806201
2 6 2495 1.00799
4 0 0 0.991398
5 0 0 0.984911
3 6 446 0.918561
6 0 0 0.996238
7 0 0 0.972634

3
1 2 1 0.824995
2 0 0 0.973195
3 0 0 0.849258

3
1 4 1 0.867173
2 0 0 0.823676
3 0 0 1.05109

3
1 5 1 0.925078
2 0 0 1.02844
3 0 0 0.758682

3
1 5 1 0.823662
2 0 0 0.902237
3 0 0 0.822536

3
1 5 1 0.853558
2 0 0 1.15023
3 0 0 0.836621

1
1 0 0 0.847435

3
1 1 1 0.884602
2 0 0 1.03672
3 0 0 0.86096

3
1 5 1 0.908277
2 0 0 0.858233
3 0 0 0.959206

3
1 1 2 0.896558
2 0 0 0.820471
3 0 0 0.933758

3
1 5 1 0.85762
2 0 0 0.99345
3 0 0 0.874227

3
1 1 2 0.864776
2 0 0 0.756887
3 0 0 1.01863

1
1 0 0 0.823813

3
1 1 1 0.895249
2 0 0 0.884232
3 0 0 0.883396

5
1 1 1 0.931468
2 2 4 1.08754
4 0 0 1.13955
5 0 0 0.971656
3 0 0 0.895599

5
1 1 2 0.878283
2 6 2890 0.879601
4 0 0 0.929134
5 0 0 0.883319
3 0 0 0.960257

3
1 2 3 0.903844
2 0 0 0.88877
3 0 0 0.999846

3
1 4 1 0.887499
2 0 0 0.838763
3 0 0 1.0809

3
1 1 1 0.824402
2 0 0 0.980641
3 0 0 0.824075

3
1 5 1 0.895711
2 0 0 0.99325
3 0 0 0.861207

1
1 0 0 0.816899

3
1 0 8269 0.863741
2 0 0 0.878635
3 0 0 0.967868

3
1 6 2901 0.918465
2 0 0 0.985345
3 0 0 0.781873

3
1 4 1 0.868415
2 0 0 0.89969
3 0 0 0.937768

1
1 0 0 0.80157

3
1 5 1 0.915922
2 0 0 0.92699
3 0 0 0.800856

5
1 6 5292 0.767372
2 6 77 0.819429
4 0 0 1.06106
5 0 0 0.838886
3 0 0 1.0307

3
1 0 2788 0.81384
2 0 0 1.07195
3 0 0 0.82628

3
1 4 1 0.904988
2 0 0 0.864347
3 0 0 0.962474

1
1 0 0 0.848359

1
1 0 0 0.801297

3
1 5 1 0.813645
2 0 0 1.05311
3 0 0 0.906643

3
1 0 334 0.700063
2 0 0 1.12163
3 0 0 0.701589

1
1 0 0 0.810322

5
1 1 1 0.868191
2 6 1381 1.03792
4 0 0 1.07552
5 0 0 0.923251
3 0 0 0.85686

5
1 0 6574 0.886288
2 1 1 0.953899
4 0 0 1.04303
5 0 0 0.950935
3 0 0 0.801281

1
1 0 0 0.787447

3
1 6 776 0.782666
2 0 0 0.98948
3 0 0 0.892838

1
1 0 0 0.68785

3
1 5 1 0.867575
2 0 0 1.12159
3 0 0 0.757732

3
1 1 2 0.888476
2 0 0 0.962718
3 0 0 1.04225

1
1 0 0 0.818805

3
1 4 1 0.841342
2 0 0 0.85167
3 0 0 1.09851

1
1 0 0 0.876927

3
1 5 1 0.939138
2 0 0 0.972164
3 0 0 0.941641

3
1 6 4157 0.848113
2 0 0 0.974951
3 0 0 0.920821

3
1 6 2352 0.915782
2 0 0 0.96874
3 0 0 0.834994

3
1 1 1 0.86835
2 0 0 0.923261
3 0 0 0.855392

1
1 0 0 0.763444

3
1 5 1 0.831516
2 0 0 0.960054
3 0 0 0.727413

3
1 4 1 0.90773
2 0 0 0.802222
3 0 0 0.960607

5
1 0 1013 0.897866
2 0 0 0.89939
3 0 4373 0.878397
6 0 0 1.04976
7 0 0 0.823242

1
1 0 0 0.874584

3
1 1 1 0.932718
2 0 0 0.920749
3 0 0 0.886677

3
1 0 6392 0.838335
2 0 0 0.834799
3 0 0 0.862224

3
1 1 1 0.886473
2 0 0 0.920609
3 0 0 0.892949

3
1 2 4 0.841706
2 0 0 0.876566
3 0 0 0.94928

1
1 0 0 0.931465

3
1 0 155 0.779885
2 0 0 1.00527
3 0 0 0.774056

3
1 2 4 0.858873
2 0 0 0.880395
3 0 0 0.929738

3
1 6 168 0.808656
2 0 0 0.977641
3 0 0 0.702052

1
1 0 0 0.802561

5
1 4 1 0.923627
2 0 0 0.824587
3 6 273 0.926063
6 0 0 1.10263
7 0 0 0.968685

3
1 5 1 0.898107
2 0 0 1.00286
3 0 0 0.83503

1
1 0 0 0.952211

3
1 1 1 0.973141
2 0 0 1.10541
3 0 0 0.796924

1
1 0 0 0.890613

7
1 0 8563 0.869222
2 6 4901 0.950957
4 0 0 0.935266
5 0 0 1.04045
3 1 2 0.960125
6 0 0 0.959115
7 0 0 0.88604

3
1 5 1 0.843593
2 0 0 1.00409
3 0 0 0.74831

1
1 0 0 0.86611

1
1 0 0 0.870362

3
1 5 1 0.920533
2 0 0 0.968053
3 0 0 0.890887

3
1 5 1 0.871282
2 0 0 1.00009
3 0 0 0.876924

5
1 1 2 0.849839
2 2 2 0.871953
4 0 0 0.957915
5 0 0 0.835915
3 0 0 0.883604

1
1 0 0 0.817949

3
1 6 2344 0.866765
2 0 0 0.910354
3 0 0 0.94714

3
1 6 4380 0.824871
2 0 0 0.909598
3 0 0 1.04562

3
1 1 1 0.940182
2 0 0 0.915945
3 0 0 0.837138

1
1 0 0 0.787765

3
1 5 1 0.890908
2 0 0 0.973204
3 0 0 0.780253

3
1 6 1544 0.757019
2 0 0 0.867065
3 0 0 0.773278

1
1 0 0 0.800578

3
1 5 1 0.898008
2 0 0 0.999108
3 0 0 0.828494

3
1 6 2926 0.945431
2 0 0 0.964756
3 0 0 0.920891

1
1 0 0 0.952184

1
1 0 0 0.873076

3
1 6 391 0.9586
2 0 0 0.989732
3 0 0 0.917263

3
1 5 1 0.922035
2 0 0 0.971767
3 0 0 0.945209

3
1 5 1 0.77765
2 0 0 0.932114
3 0 0 0.741543

1
1 0 0 0.780092

3
1 1 1 0.842257
2 0 0 1.0093
3 0 0 0.910382

5
1 2 2 0.855365
2 0 0 0.769708
3 0 7440 0.853155
6 0 0 0.792112
7 0 0 1.00827

1
1 0 0 0.782129

3
1 4 1 0.832414
2 0 0 0.877678
3 0 0 0.956126

3
1 5 1 0.861756
2 0 0 0.956235
3 0 0 0.88996

1
1 0 0 0.886492

3
1 1 2 0.819048
2 0 0 0.83404
3 0 0 0.974681

3
1 5 1 0.771064
2 0 0 0.981878
3 0 0 0.854346

1
1 0 0 0.766658

3
1 4 1 0.885649
2 0 0 0.761777
3 0 0 0.938028

3
1 0 7874 0.89524
2 0 0 0.918258
3 0 0 0.916624

3
1 0 4553 0.914247
2 0 0 0.912856
3 0 0 0.789378

3
1 6 5275 0.782214
2 0 0 0.836866
3 0 0 1.07175

3
1 1 1 0.881028
2 0 0 1.01633
3 0 0 0.875612

3
1 6 702 0.857168
2 0 0 0.962732
3 0 0 0.87738

3
1 6 5188 0.909885
2 0 0 0.889775
3 0 0 0.976151

3
1 5 1 0.866207
2 0 0 1.03987
3 0 0 0.716774

3
1 1 1 0.950498
2 0 0 0.99626
3 0 0 0.759613

1
1 0 0 0.863257

3
1 5 1 0.921848
2 0 0 0.962362
3 0 0 0.903931

7
1 6 2877 0.839231
2 1 2 0.862535
4 0 0 0.879464
5 0 7476 1.00395
10 0 0 0.928498
11 0 0 0.876622
3 0 0 0.832888

5
1 0 7295 0.925099
2 6 3307 0.934018
4 0 0 0.892477
5 0 0 0.941856
3 0 0 0.885244

1
1 0 0 0.841461

1
1 0 0 0.793223

3
1 1 1 0.838302
2 0 0 1.01898
3 0 0 0.840851

3
1 2 1 0.823084
2 0 0 0.869197
3 0 0 0.836464

5
1 6 1555 0.901494
2 0 0 0.936123
3 4 1 0.931755
6 0 0 0.921378
7 0 0 0.919058

3
1 4 1 0.866268
2 0 0 0.765176
3 0 0 1.03629

3
1 0 21 0.769441
2 0 0 1.07742
3 0 0 0.800564

3
1 6 2197 0.837207
2 0 0 0.936949
3 0 0 0.774806

7
1 5 1 0.916257
2 2 1 1.01759
4 0 0 1.09189
5 2 3 1.09226
10 0 0 1.05711
11 0 0 1.10385
3 0 0 0.859831

5
1 0 394 0.925884
2 0 0 0.971574
3 2 3 0.946777
6 0 0 0.940485
7 0 0 0.955627

3
1 1 1 0.901334
2 0 0 0.940514
3 0 0 0.788237

5
1 0 7894 1.0041
2 5 1 0.945535
4 0 0 0.961178
5 0 0 0.932313
3 0 0 0.883537

5
1 2 1 0.891329
2 0 0 0.976937
3 5 1 0.948433
6 0 0 0.957454
7 0 0 1.04651

3
1 4 1 0.844586
2 0 0 0.907585
3 0 0 0.993238

3
1 6 2700 0.844687
2 0 0 1.03505
3 0 0 0.836454

3
1 0 8077 0.83165
2 0 0 0.862341
3 0 0 0.843583

1
1 0 0 0.840613

1
1 0 0 0.884007

5
1 2 3 0.821761
2 0 0 0.809549
3 6 3746 1.07858
6 0 0 0.990362
7 0 0 0.978708

3
1 5 1 0.813645
2 0 0 1.01572
3 0 0 0.854707

1
1 0 0 0.837622

3
1 1 1 0.85622
2 0 0 0.918578
3 0 0 0.872056

3
1 6 1989 0.826206
2 0 0 0.917296
3 0 0 0.886089

3
1 1 1 0.888821
2 0 0 0.968308
3 0 0 0.808823

3
1 5 1 0.867115
2 0 0 1.01285
3 0 0 0.894756

1
1 0 0 0.651016

3
1 5 1 0.88241
2 0 0 0.930185
3 0 0 0.845463

3
1 1 2 0.838701
2 0 0 0.864309
3 0 0 0.887497

3
1 1 2 0.888476
2 0 0 0.858954
3 0 0 0.982893

5
1 5 1 0.812386
2 2 3 0.999987
4 0 0 0.92899
5 0 0 0.984522
3 0 0 0.828408

1
1 0 0 0.780548

5
1 2 4 0.885489
2 6 5265 0.954066
4 0 0 0.92337
5 0 0 0.892654
3 0 0 0.835829

1
1 0 0 0.736726

1
1 0 0 0.86365

3
1 4 1 0.894498
2 0 0 0.834344
3 0 0 1.02639

3
1 1 2 0.86402
2 0 0 0.865764
3 0 0 1.0393

3
1 1 1 0.865376
2 0 0 1.13684
3 0 0 0.835604

1
1 0 0 0.759995

1
1 0 0 0.91057

1
1 0 0 0.841345

5
1 2 2 0.892486
2 0 0 1.00197
3 1 1 0.959211
6 0 0 0.952654
7 0 0 1.10311

3
1 1 1 0.959152
2 0 0 0.934858
3 0 0 0.716749

3
1 4 1 0.818354
2 0 0 0.795004
3 0 0 1.00135

5
1 5 1 0.833648
2 2 2 0.892192
4 0 0 1.00029
5 0 0 0.946179
3 0 0 0.861854

1
1 0 0 0.733427

1
1 0 0 0.953454

1
1 0 0 0.907708

5
1 0 1655 0.877507
2 0 192 0.914536
4 0 0 1.08019
5 0 0 0.951004
3 0 0 0.894436

3
1 0 3546 0.870315
2 0 0 0.903308
3 0 0 0.838544

3
1 1 1 0.863376
2 0 0 1.01719
3 0 0 0.793265

3
1 5 1 0.906214
2 0 0 0.982575
3 0 0 0.896505

1
1 0 0 0.710689

1
1 0 0 0.7221

3
1 0 8570 1.01112
2 0 0 0.97665
3 0 0 0.9808

3
1 2 4 0.824837
2 0 0 0.794606
3 0 0 0.943984

3
1 0 2761 0.934315
2 0 0 0.941585
3 0 0 0.915024

3
1 1 2 0.900221
2 0 0 0.875737
3 0 0 0.895046

3
1 6 2028 0.904391
2 0 0 0.856356
3 0 0 0.976296

3
1 4 1 0.902085
2 0 0 0.760453
3 0 0 0.904757

1
1 0 0 0.92126

5
1 5 1 0.887238
2 0 1832 0.880394
4 0 0 1.00622
5 0 0 0.841456
3 0 0 0.821798

3
1 4 1 0.857351
2 0 0 0.882626
3 0 0 1.03676

3
1 5 1 0.828436
2 0 0 1.02996
3 0 0 0.777371

3
1 0 5409 1.0211
2 0 0 0.897904
3 0 0 0.935229

3
1 2 2 0.892613
2 0 0 0.982603
3 0 0 0.887497

1
1 0 0 0.823963

3
1 5 1 0.751643
2 0 0 0.970239
3 0 0 0.842739

3
1 1 1 0.880946
2 0 0 1.0287
3 0 0 0.820305

5
1 2 3 0.867474
2 0 0 0.898141
3 6 3992 0.854867
6 0 0 0.8284
7 0 0 0.929268

3
1 5 1 0.806656
2 0 0 0.858907
3 0 0 0.870371

1
1 0 0 0.860334

3
1 6 5362 0.644638
2 0 0 0.708629
3 0 0 1.09708

1
1 0 0 0.786031

1
1 0 0 0.893605

3
1 5 1 0.905612
2 0 0 0.988928
3 0 0 0.833998

3
1 5 1 0.922035
2 0 0 0.969826
3 0 0 0.812051

3
1 5 1 0.92401
2 0 0 0.943627
3 0 0 0.802618

3
1 0 5176 0.918363
2 0 0 0.918647
3 0 0 0.899158

5
1 4 1 0.86906
2 0 0 0.918878
3 0 976 1.09053
6 0 0 1.1187
7 0 0 1.02269

3
1 5 1 0.933297
2 0 0 0.997928
3 0 0 0.958596

3
1 0 5072 0.854633
2 0 0 0.865566
3 0 0 0.831483

3
1 1 1 0.828787
2 0 0 0.961956
3 0 0 0.795924

3
1 5 1 0.923508
2 0 0 1.04636
3 0 0 0.878698

3
1 5 1 0.918031
2 0 0 0.863677
3 0 0 0.927591

1
1 0 0 0.805853

7
1 4 1 0.821844
2 1 1 0.940925
4 0 0 0.974486
5 0 0 0.857187
3 0 1756 0.932076
6 0 0 0.969672
7 0 0 0.898355

1
1 0 0 0.83666

3
1 1 1 0.906319
2 0 0 1.03782
3 0 0 0.91271

3
1 5 1 0.820214
2 0 0 1.1139
3 0 0 0.900588

3
1 4 1 0.899936
2 0 0 0.736673
3 0 0 0.917204

1
1 0 0 0.903899

3
1 1 1 0.873497
2 0 0 1.19495
3 0 0 0.897948

5
1 6 1534 0.837562
2 0 9099 0.874612
4 0 0 0.918984
5 0 0 1.03574
3 0 0 0.846003

3
1 4 1 0.867247
2 0 0 0.824626
3 0 0 0.961612

5
1 0 1837 0.758405
2 1 1 0.925287
4 0 0 1.10827
5 0 0 0.846531
3 0 0 0.802744

1
1 0 0 0.857362

1
1 0 0 0.928368

1
1 0 0 0.809038

3
1 1 1 0.962086
2 0 0 0.977535
3 0 0 0.85684

3
1 6 3800 0.882942
2 0 0 0.952816
3 0 0 0.899023

1
1 0 0 0.8677

1
1 0 0 0.758168

3
1 6 3326 0.951087
2 0 0 0.810486
3 0 0 0.903352

3
1 6 5379 0.782116
2 0 0 0.86553
3 0 0 1.0308

3
1 5 1 0.813376
2 0 0 0.984537
3 0 0 0.723769

1
1 0 0 0.743507

3
1 0 7318 0.91328
2 0 0 0.933314
3 0 0 0.902471

1
1 0 0 0.857253

3
1 2 1 0.826549
2 0 0 0.976286
3 0 0 0.995308

3
1 4 1 0.785594
2 0 0 0.814352
3 0 0 0.801885

5
1 4 1 0.844053
2 0 9353 0.978101
4 0 0 0.971108
5 0 0 0.820301
3 0 0 0.929413

3
1 4 1 0.896606
2 0 0 0.877176
3 0 0 1.01318

5
1 2 1 0.891329
2 0 0 1.03606
3 1 2 0.852369
6 0 0 0.837661
7 0 0 1.04267

1
1 0 0 0.718941

3
1 5 1 0.875468
2 0 0 0.903377
3 0 0 0.867808

3
1 6 3430 0.859308
2 0 0 0.840943
3 0 0 0.864672

3
1 5 1 0.887679
2 0 0 0.956551
3 0 0 0.890089

1
1 0 0 0.930813

3
1 4 1 0.944774
2 0 0 0.830547
3 0 0 0.90801

5
1 0 6281 0.934257
2 1 2 0.888701
4 0 0 0.8983
5 0 0 1.01398
3 0 0 0.888465

5
1 0 4336 0.870989
2 1 2 0.932816
4 0 0 0.840674
5 0 0 1.11098
3 0 0 0.95547

3
1 1 2 0.859243
2 0 0 0.924197
3 0 0 0.96148

1
1 0 0 0.818561

3
1 6 2923 0.864389
2 0 0 1.17457
3 0 0 0.829697

5
1 6 4551 0.849109
2 0 0 0.887885
3 0 4105 0.861007
6 0 0 0.929668
7 0 0 0.890303

1
1 0 0 0.724548

3
1 1 1 0.848026
2 0 0 0.998147
3 0 0 0.837142

1
1 0 0 0.840984

3
1 5 1 0.888871
2 0 0 0.971705
3 0 0 0.843813

3
1 5 1 0.812386
2 0 0 1.00991
3 0 0 0.823966

3
1 0 4415 0.937912
2 0 0 0.933279
3 0 0 0.938905

5
1 2 4 0.875672
2 0 0 0.884892
3 1 2 0.941433
6 0 0 0.855986
7 0 0 0.921494

3
1 1 2 0.833014
2 0 0 0.848543
3 0 0 0.958698

3
1 1 1 0.86855
2 0 0 1.05195
3 0 0 0.717831

3
1 1 1 0.81725
2 0 0 0.854228
3 0 0 0.76072

3
1 0 170 0.821761
2 0 0 1.00259
3 0 0 0.786967

3
1 6 189 0.906961
2 0 0 1.07875
3 0 0 0.908719

5
1 0 2723 0.853022
2 5 1 0.921045
4 0 0 0.963928
5 0 0 0.827831
3 0 0 0.788223

1
1 0 0 0.830121

1
1 0 0 0.82134

1
1 0 0 0.857899

3
1 2 4 0.794222
2 0 0 0.88431
3 0 0 1.01233

5
1 1 2 0.898111
2 1 1 0.830385
4 0 0 0.916445
5 0 0 0.719476
3 0 0 0.998952

3
1 2 3 0.914151
2 0 0 0.952945
3 0 0 1.02615

3
1 1 1 0.731709
2 0 0 0.984026
3 0 0 0.739511

3
1 4 1 0.781047
2 0 0 0.758745
3 0 0 0.8423

3
1 0 2629 0.9403
2 0 0 1.08887
3 0 0 0.856572

3
1 0 969 0.966918
2 0 0 1.04318
3 0 0 0.905923

3
1 4 1 0.822922
2 0 0 1.00403
3 0 0 1.00063

1
1 0 0 0.818745

3
1 4 1 0.955716
2 0 0 0.976303
3 0 0 0.998701

3
1 1 1 0.877337
2 0 0 0.855725
3 0 0 0.792713

3
1 5 1 0.875344
2 0 0 1.06812
3 0 0 0.871455

5
1 0 165 0.82224
2 6 4145 1.09047
4 0 0 0.94773
5 0 0 1.05827
3 0 0 0.779192

1
1 0 0 0.774554

1
1 0 0 0.789996

1
1 0 0 0.843261

3
1 6 5046 0.827485
2 0 0 0.808796
3 0 0 0.975847

3
1 5 1 0.918765
2 0 0 1.02518
3 0 0 0.801868

1
1 0 0 0.899781

1
1 0 0 0.73899

3
1 0 7055 0.997607
2 0 0 1.02985
3 0 0 0.927782

1
1 0 0 0.758887

3
1 1 1 0.899623
2 0 0 0.869772
3 0 0 0.921732

3
1 4 1 0.915565
2 0 0 0.884091
3 0 0 1.03996

5
1 1 1 0.876478
2 0 7037 1.00409
4 0 0 1.0014
5 0 0 1.05631
3 0 0 0.813964

3
1 5 1 0.909444
2 0 0 0.979226
3 0 0 1.10506

3
1 6 5075 0.79931
2 0 0 0.766952
3 0 0 0.865976

1
1 0 0 0.883313

1
1 0 0 0.881419

3
1 4 1 0.916017
2 0 0 0.845243
3 0 0 1.01894

3
1 5 1 0.869905
2 0 0 1.05371
3 0 0 0.931603

1
1 0 0 0.9062

1
1 0 0 0.885663

3
1 5 1 0.870804
2 0 0 0.937384
3 0 0 0.834071

3
1 5 1 0.829772
2 0 0 0.915068
3 0 0 0.824556

1
1 0 0 0.736807

3
1 5 1 0.871331
2 0 0 1.11605
3 0 0 0.803106

1
1 0 0 0.803117

1
1 0 0 0.762416

3
1 0 9437 0.841022
2 0 0 0.852506
3 0 0 0.934492

3
1 1 1 0.871443
2 0 0 1.07386
3 0 0 0.858785

3
1 5 1 0.923508
2 0 0 0.943277
3 0 0 0.817335

1
1 0 0 0.933752

3
1 1 2 0.881237
2 0 0 0.840954
3 0 0 0.955649

1
1 0 0 0.84459

3
1 0 8469 0.873954
2 0 0 0.887168
3 0 0 0.942587

1
1 0 0 0.861739

1
1 0 0 0.913813

3
1 5 1 0.876897
2 0 0 1.07795
3 0 0 0.81857

1
1 0 0 0.727703

3
1 0 8153 0.938548
2 0 0 0.915499
3 0 0 0.797715

1
1 0 0 0.778297

3
1 6 4422 0.855228
2 0 0 0.883513
3 0 0 0.914467

1
1 0 0 0.778969

5
1 5 1 0.890738
2 0 1026 0.909213
4 0 0 0.878618
5 0 0 0.972261
3 0 0 0.846494

3
1 6 2642 0.947483
2 0 0 0.98479
3 0 0 0.910561

5
1 4 1 0.932871
2 2 1 0.935094
4 0 0 1.04852
5 0 0 0.849585
3 0 0 0.879355

3
1 0 8100 0.911194
2 0 0 0.90264
3 0 0 0.987496

3
1 6 3490 0.821789
2 0 0 0.981576
3 0 0 1.01224

1
1 0 0 0.806189

3
1 2 4 0.812103
2 0 0 0.769606
3 0 0 0.914614

1
1 0 0 0.896235

3
1 1 1 0.852962
2 0 0 1.02732
3 0 0 0.848522

3
1 2 1 0.863615
2 0 0 0.869987
3 0 0 0.861952

3
1 4 1 0.910741
2 0 0 0.841728
3 0 0 0.882302

3
1 5 1 0.832013
2 0 0 1.12109
3 0 0 0.851832

5
1 4 1 0.824978
2 0 0 0.84476
3 0 804 0.99976
6 0 0 1.0412
7 0 0 0.957738

7
1 6 3979 0.874255
2 6 22 0.910709
4 0 0 1.05574
5 0 0 0.832129
3 6 4327 0.916515
6 0 0 0.939329
7 0 0 0.906069

1
1 0 0 0.839831

1
1 0 0 0.808856

3
1 6 251 0.855174
2 0 0 0.928064
3 0 0 0.863357

1
1 0 0 0.797421

3
1 1 1 0.898614
2 0 0 1.01804
3 0 0 0.864931

3
1 5 1 0.875468
2 0 0 0.946951
3 0 0 0.852895

3
1 6 3659 0.898075
2 0 0 0.939964
3 0 0 0.876841

5
1 2 1 0.907212
2 5 1 1.05766
4 0 0 1.04926
5 0 0 0.956842
3 0 0 0.932296

1
1 0 0 0.961606

3
1 1 1 0.88914
2 0 0 1.03654
3 0 0 0.811456

3
1 0 2979 0.786166
2 0 0 0.898916
3 0 0 0.772443

1
1 0 0 0.821422

5
1 2 3 0.886321
2 6 3717 0.855088
4 0 0 0.848947
5 0 0 0.977235
3 0 0 0.873661

3
1 4 1 0.907267
2 0 0 0.84125
3 0 0 1.00435

3
1 6 2923 0.864389
2 0 0 1.02662
3 0 0 0.825569

1
1 0 0 0.943234

1
1 0 0 0.921406

1
1 0 0 0.779108

1
1 0 0 0.775917

5
1 4 1 0.890969
2 0 237 0.777418
4 0 0 0.957483
5 0 0 0.867789
3 0 0 1.07412

1
1 0 0 0.778562

3
1 2 3 0.87182
2 0 0 0.896716
3 0 0 0.942894

5
1 4 1 0.888757
2 5 1 0.896783
4 0 0 0.913839
5 0 0 0.908396
3 0 0 0.839529

3
1 1 1 0.912915
2 0 0 1.01973
3 0 0 0.977235

3
1 0 8941 0.910126
2 0 0 0.956728
3 0 0 0.870379

1
1 0 0 0.894996

3
1 5 1 0.7636
2 0 0 1.03871
3 0 0 0.83604

1
1 0 0 0.837207

3
1 5 1 0.817883
2 0 0 0.99639
3 0 0 0.862408

3
1 0 105 0.756345
2 0 0 0.966155
3 0 0 0.774578

3
1 5 1 0.838238
2 0 0 1.01945
3 0 0 0.698559

3
1 6 198 0.797464
2 0 0 0.894527
3 0 0 0.828676

1
1 0 0 0.677511

7
1 0 8988 0.900682
2 5 1 0.85547
4 6 422 0.943036
8 0 0 0.958526
9 0 0 0.885856
5 0 0 0.858335
3 0 0 0.838398

3
1 0 7323 0.923986
2 0 0 0.929819
3 0 0 1.00892

3
1 5 1 0.932328
2 0 0 0.97885
3 0 0 0.828518

1
1 0 0 0.95544

3
1 6 4305 0.933177
2 0 0 0.911227
3 0 0 0.917694

1
1 0 0 0.816415

1
1 0 0 0.80338

3
1 5 1 0.802013
2 0 0 1.09876
3 0 0 0.879409

1
1 0 0 0.769092

5
1 6 172 0.943296
2 0 5117 1.0034
4 0 0 1.02578
5 0 0 0.962516
3 0 0 0.74578

5
1 6 2072 0.98291
2 6 1445 0.924959
4 0 0 0.910127
5 0 0 0.936352
3 0 0 0.908297

3
1 6 2825 0.855099
2 0 0 0.923337
3 0 0 1.00122

3
1 1 2 0.892188
2 0 0 0.853865
3 0 0 1.03169

3
1 0 267 0.841183
2 0 0 1.08086
3 0 0 0.948597

5
1 6 2196 0.937066
2 2 2 0.92159
4 0 0 0.948085
5 0 0 0.992595
3 0 0 0.910672

1
1 0 0 0.824199

3
1 5 1 0.813671
2 0 0 0.990051
3 0 0 0.787998

3
1 6 527 0.902686
2 0 0 0.975843
3 0 0 0.883368

1
1 0 0 0.744489

3
1 4 1 0.880628
2 0 0 0.794688
3 0 0 0.995402

3
1 6 2925 0.737103
2 0 0 0.741634
3 0 0 0.776117

5
1 0 7174 0.87364
2 0 0 0.92726
3 5 1 0.868046
6 0 0 1.0302
7 0 0 0.899883

3
1 6 2616 0.87139
2 0 0 0.949395
3 0 0 0.826112

3
1 1 2 0.744392
2 0 0 0.752313
3 0 0 0.996483

1
1 0 0 0.782544

3
1 0 9265 0.913717
2 0 0 0.975275
3 0 0 0.885069

1
1 0 0 0.802107

5
1 5 1 0.909326
2 6 3453 1.06904
4 0 0 1.08506
5 0 0 1.00144
3 0 0 0.717007

3
1 0 3395 0.86201
2 0 0 1.02367
3 0 0 0.91664

3
1 1 1 0.866932
2 0 0 1.01792
3 0 0 0.840644

3
1 5 1 0.879566
2 0 0 1.11075
3 0 0 0.844007

3
1 4 1 0.8593
2 0 0 0.797494
3 0 0 0.956493

3
1 1 1 0.945855
2 0 0 1.05192
3 0 0 0.740915

1
1 0 0 0.921763

1
1 0 0 0.909074

3
1 0 441 0.85793
2 0 0 1.059
3 0 0 0.902246

3
1 1 2 0.905479
2 0 0 0.759643
3 0 0 1.03375

3
1 0 6576 0.951162
2 0 0 0.934057
3 0 0 0.909827

3
1 1 1 0.875895
2 0 0 0.942977
3 0 0 0.87537

3
1 1 1 0.871443
2 0 0 0.987466
3 0 0 0.779804

5
1 5 1 0.923508
2 6 3898 1.04334
4 0 0 0.98299
5 0 0 1.09086
3 0 0 0.788279

1
1 0 0 0.908833

1
1 0 0 0.850409

3
1 6 4483 0.918207
2 0 0 0.922763
3 0 0 0.894178

3
1 0 9025 0.845049
2 0 0 0.961787
3 0 0 0.952918

1
1 0 0 0.858024

7
1 1 1 0.831047
2 0 6663 0.977302
4 2 1 0.943387
8 0 0 1.08594
9 0 0 0.98506
5 0 0 0.927694
3 0 0 0.811212

3
1 2 1 0.840436
2 0 0 0.810503
3 0 0 0.928673

5
1 0 6989 0.911928
2 0 0 0.730233
3 2 4 0.99862
6 0 0 0.97719
7 0 0 1.143

3
1 4 1 0.862424
2 0 0 0.851544
3 0 0 0.98258

5
1 2 2 0.91694
2 5 1 0.874556
4 0 0 1.08262
5 0 0 0.961922
3 0 0 0.937626

5
1 0 1204 0.8496
2 2 1 0.890734
4 0 0 0.945929
5 0 0 0.873403
3 0 0 0.77022

3
1 1 1 0.936832
2 0 0 0.994444
3 0 0 0.838022

3
1 5 1 0.861488
2 0 0 1.01247
3 0 0 0.708308

3
1 5 1 0.814884
2 0 0 0.916856
3 0 0 0.81156

3
1 4 1 0.827259
2 0 0 0.679684
3 0 0 0.84301

1
1 0 0 0.867752

3
1 5 1 0.980915
2 0 0 0.995409
3 0 0 0.883216

3
1 1 2 0.847353
2 0 0 0.91457
3 0 0 0.966464

3
1 2 1 0.828377
2 0 0 0.885221
3 0 0 0.798038

3
1 5 1 0.916691
2 0 0 0.924014
3 0 0 0.893826

3
1 5 1 0.881917
2 0 0 1.01788
3 0 0 0.83732

3
1 1 2 0.872606
2 0 0 0.789634
3 0 0 0.992246

3
1 6 5157 0.940962
2 0 0 0.878183
3 0 0 0.986543

1
1 0 0 0.833817

3
1 2 4 0.880907
2 0 0 0.892763
3 0 0 0.973184

1
1 0 0 0.826665

3
1 4 1 0.966135
2 0 0 0.85788
3 0 0 0.904502

1
1 0 0 0.871059

3
1 6 5280 0.875719
2 0 0 0.872723
3 0 0 0.836915

1
1 0 0 0.902164

5
1 1 2 0.883579
2 0 0 0.789728
3 6 2376 0.962461
6 0 0 1.00432
7 0 0 1.0104

3
1 5 1 0.970425
2 0 0 0.954654
3 0 0 0.873796

1
1 0 0 0.81703

3
1 6 3919 0.928843
2 0 0 0.955018
3 0 0 0.824684

5
1 1 1 0.946644
2 0 4187 0.992072
4 0 0 0.983018
5 0 0 1.0622
3 0 0 0.920744

3
1 2 4 0.863704
2 0 0 0.819486
3 0 0 1.01028

1
1 0 0 0.923653

1
1 0 0 0.725448

3
1 5 1 0.772845
2 0 0 0.937663
3 0 0 0.872243

5
1 1 1 0.840084
2 6 3434 0.943895
4 0 0 0.93574
5 0 0 1.04322
3 0 0 0.777186

3
1 6 2923 0.864389
2 0 0 1.01449
3 0 0 0.809508

1
1 0 0 0.879514

3
1 1 2 0.859327
2 0 0 0.932101
3 0 0 0.920683

3
1 5 1 0.905281
2 0 0 1.01955
3 0 0 0.973636

1
1 0 0 0.775655

3
1 5 1 0.876097
2 0 0 0.930819
3 0 0 0.750241

5
1 0 4491 1.02165
2 2 3 1.03145
4 0 0 1.01393
5 0 0 1.0219
3 0 0 0.923111

3
1 6 3845 1.00932
2 0 0 1.00075
3 0 0 0.95992

1
1 0 0 0.875983

3
1 4 1 0.92205
2 0 0 0.871533
3 0 0 0.949168

3
1 1 1 0.849527
2 0 0 0.974615
3 0 0 0.669717

3
1 0 2488 0.780994
2 0 0 0.973159
3 0 0 0.824152

3
1 4 1 0.900071
2 0 0 0.834768
3 0 0 0.970996

7
1 5 1 0.982549
2 6 5098 0.923953
4 0 0 0.987026
5 0 0 1.0348
3 1 2 0.941594
6 0 0 0.811122
7 0 0 0.999798

5
1 4 1 0.955127
2 0 0 0.750694
3 0 9211 1.00258
6 0 0 1.05711
7 0 0 1.04378

5
1 1 1 0.90076
2 0 0 0.932481
3 4 1 0.914259
6 0 0 0.908465
7 0 0 0.948419

3
1 5 1 0.816302
2 0 0 0.952058
3 0 0 0.864436

1
1 0 0 0.9177

3
1 5 1 0.822315
2 0 0 1.02059
3 0 0 0.817122

3
1 4 1 0.861138
2 0 0 0.859589
3 0 0 0.824819

1
1 0 0 0.820362

3
1 6 3241 0.859123
2 0 0 0.888273
3 0 0 0.959465

5
1 1 2 0.789419
2 0 0 0.741653
3 6 3946 1.02365
6 0 0 0.902619
7 0 0 0.890107

1
1 0 0 0.841512

5
1 6 5271 0.783791
2 0 0 0.818412
3 4 1 0.926821
6 0 0 0.999803
7 0 0 0.974174

3
1 1 2 0.877191
2 0 0 0.819489
3 0 0 0.929147

3
1 4 1 0.835299
2 0 0 0.819211
3 0 0 0.929397

3
1 5 1 0.836919
2 0 0 1.06588
3 0 0 0.850975

1
1 0 0 0.754079

3
1 1 2 0.874892
2 0 0 0.88722
3 0 0 0.962837

3
1 2 4 0.891832
2 0 0 0.966959
3 0 0 0.923851

3
1 0 2000 0.903223
2 0 0 1.08853
3 0 0 0.879108

1
1 0 0 0.723991

3
1 0 8373 0.805539
2 0 0 0.854962
3 0 0 0.819239

3
1 5 1 0.867325
2 0 0 0.901009
3 0 0 0.705834

3
1 5 1 0.832749
2 0 0 0.934929
3 0 0 0.761694

9
1 6 2929 0.853597
2 0 5223 0.978113
4 5 1 1.06627
8 0 0 1.09046
9 0 0 1.01856
5 6 2011 0.907699
10 0 0 0.955001
11 0 0 1.05219
3 0 0 0.886904

1
1 0 0 0.910566

5
1 2 4 0.837783
2 6 3589 0.914001
4 0 0 0.916537
5 0 0 0.947111
3 0 0 0.887761

5
1 6 2826 0.845333
2 0 0 0.954482
3 5 1 0.94312
6 0 0 1.02231
7 0 0 1.01957

1
1 0 0 0.763746

5
1 0 3164 0.915685
2 0 2017 0.936765
4 0 0 0.887311
5 0 0 1.03776
3 0 0 0.926142

3
1 4 1 0.936862
2 0 0 0.981754
3 0 0 0.922488

3
1 6 4203 0.913707
2 0 0 0.846983
3 0 0 0.976777

3
1 0 8597 0.882587
2 0 0 0.899564
3 0 0 0.9012

1
1 0 0 0.781543

1
1 0 0 0.767601

1
1 0 0 0.780971

3
1 6 4589 0.858249
2 0 0 0.878194
3 0 0 0.915786

3
1 5 1 0.908968
2 0 0 1.04339
3 0 0 0.770595

5
1 5 1 0.870958
2 0 3334 1.01965
4 0 0 0.949489
5 0 0 1.04072
3 0 0 0.762687

3
1 1 1 0.932179
2 0 0 0.970564
3 0 0 0.822352

5
1 2 3 0.928027
2 0 0 0.911559
3 4 1 0.953408
6 0 0 1.00025
7 0 0 1.00455

1
1 0 0 0.908822

3
1 6 54 0.822051
2 0 0 0.938294
3 0 0 0.848023

3
1 5 1 0.864523
2 0 0 0.991868
3 0 0 0.764645

1
1 0 0 0.885927

3
1 6 2056 0.843147
2 0 0 0.869534
3 0 0 0.735105

3
1 1 1 0.871443
2 0 0 0.999472
3 0 0 0.913348

5
1 4 1 0.826813
2 0 0 0.922959
3 0 4784 0.900737
6 0 0 1.05572
7 0 0 0.973462

1
1 0 0 0.803471

1
1 0 0 0.843134

3
1 6 2821 0.879976
2 0 0 0.921123
3 0 0 0.848027

1
1 0 0 0.782711

3
1 2 3 0.869435
2 0 0 0.929622
3 0 0 0.969933

3
1 4 1 0.833482
2 0 0 0.868313
3 0 0 0.855936

5
1 6 1433 1.01459
2 6 1350 1.02902
4 0 0 1.09952
5 0 0 0.938236
3 0 0 0.858112

1
1 0 0 0.852596

1
1 0 0 0.84893

1
1 0 0 0.773668

1
1 0 0 0.813428

3
1 0 263 0.958698
2 0 0 0.89815
3 0 0 0.717624

3
1 5 1 0.861488
2 0 0 0.93723
3 0 0 0.941269

5
1 5 1 1.01218
2 0 7479 1.06953
4 0 0 0.990388
5 0 0 0.89196
3 0 0 0.950822

3
1 0 9752 1.03815
2 0 0 1.01044
3 0 0 0.930862

3
1 5 1 0.867752
2 0 0 1.23029
3 0 0 0.804206

3
1 2 4 0.88921
2 0 0 0.929945
3 0 0 0.888937

3
1 1 1 0.886407
2 0 0 1.06168
3 0 0 0.805924

5
1 0 2956 0.775804
2 0 1954 1.00899
4 0 0 1.02579
5 0 0 1.12368
3 0 0 0.917218

3
1 6 5203 0.763682
2 0 0 0.763434
3 0 0 1.13492

5
1 2 4 0.920503
2 0 0 0.793653
3 0 6633 0.973643
6 0 0 0.839242
7 0 0 1.00953

3
1 0 4849 0.787222
2 0 0 0.774341
3 0 0 0.823349

1
1 0 0 0.663853

3
1 2 2 0.882875
2 0 0 0.963086
3 0 0 0.953729

1
1 0 0 0.765809

3
1 2 3 0.937651
2 0 0 0.921569
3 0 0 0.984439

5
1 4 1 0.885704
2 0 0 0.915707
3 6 3368 1.01194
6 0 0 1.02413
7 0 0 0.91281

3
1 4 1 0.812297
2 0 0 0.932773
3 0 0 0.959144

3
1 5 1 0.900603
2 0 0 0.937293
3 0 0 0.89877

1
1 0 0 0.781279

1
1 0 0 0.788982

3
1 4 1 0.921102
2 0 0 0.717469
3 0 0 1.03043

5
1 1 1 0.936953
2 0 3700 1.1182
4 0 0 0.935036
5 0 0 1.10897
3 0 0 0.854659

3
1 6 2850 0.973985
2 0 0 1.026
3 0 0 0.826855

3
1 1 1 0.801489
2 0 0 1.05527
3 0 0 0.824285

5
1 5 1 0.922111
2 0 9746 1.03563
4 0 0 1.03734
5 0 0 0.883038
3 0 0 0.892399

5
1 5 1 0.934526
2 0 0 0.921419
3 0 6147 0.930591
6 0 0 0.936986
7 0 0 0.933601

3
1 5 1 0.843731
2 0 0 0.898554
3 0 0 0.727271

3
1 2 1 0.873538
2 0 0 0.947969
3 0 0 0.961475

3
1 5 1 0.965463
2 0 0 0.966319
3 0 0 0.787761

1
1 0 0 0.931526

3
1 2 2 0.894262
2 0 0 0.912521
3 0 0 0.938067

3
1 6 2262 0.869189
2 0 0 0.868138
3 0 0 0.956733

3
1 5 1 0.85648
2 0 0 1.00772
3 0 0 0.939852

3
1 4 1 0.855252
2 0 0 0.75645
3 0 0 1.01048

3
1 6 2007 1.04904
2 0 0 0.839974
3 0 0 0.883557

1
1 0 0 0.92385

1
1 0 0 0.867018

1
1 0 0 0.866761

1
1 0 0 0.747269

3
1 1 2 0.81159
2 0 0 0.74081
3 0 0 0.99206

3
1 4 1 0.926897
2 0 0 0.801303
3 0 0 0.887273

1
1 0 0 0.802509

5
1 2 3 0.89791
2 1 2 0.917071
4 0 0 0.874327
5 0 0 1.00105
3 0 0 0.930822

3
1 1 1 0.900496
2 0 0 1.00228
3 0 0 0.858098

3
1 1 1 0.90076
2 0 0 1.01842
3 0 0 0.822021

3
1 0 2342 0.884233
2 0 0 1.04824
3 0 0 0.836865

3
1 5 1 0.864277
2 0 0 1.13367
3 0 0 0.782045

3
1 0 8730 0.951418
2 0 0 0.916722
3 0 0 0.947648

1
1 0 0 0.800745

3
1 4 1 0.840117
2 0 0 0.836556
3 0 0 0.9324

1
1 0 0 0.799173

3
1 6 5257 0.782185
2 0 0 1.06345
3 0 0 0.942909

3
1 1 1 0.924441
2 0 0 1.00401
3 0 0 0.904605

3
1 0 1731 0.846391
2 0 0 0.996185
3 0 0 0.791346

3
1 4 1 0.864178
2 0 0 0.881287
3 0 0 0.963531

3
1 6 5104 0.859625
2 0 0 0.936846
3 0 0 0.980886

3
1 1 2 0.85288
2 0 0 0.815569
3 0 0 1.04623

3
1 0 362 0.860891
2 0 0 0.906176
3 0 0 0.793305

3
1 0 1329 0.840376
2 0 0 0.929496
3 0 0 0.806353

1
1 0 0 0.772019

3
1 1 1 0.815763
2 0 0 1.15601
3 0 0 0.836307

3
1 5 1 0.864992
2 0 0 1.00065
3 0 0 0.751373

3
1 0 418 0.834232
2 0 0 1.01099
3 0 0 0.894987

3
1 0 6315 0.889295
2 0 0 0.922745
3 0 0 0.82544

3
1 1 1 0.868111
2 0 0 0.979221
3 0 0 0.784052

3
1 2 3 0.941166
2 0 0 0.87876
3 0 0 0.878533

3
1 1 1 0.902576
2 0 0 1.0411
3 0 0 0.86389

3
1 0 1344 0.829968
2 0 0 0.971492
3 0 0 0.827638

3
1 6 5380 0.937683
2 0 0 0.761729
3 0 0 0.921069

3
1 5 1 0.917014
2 0 0 0.952615
3 0 0 0.845687

3
1 1 1 0.845641
2 0 0 0.928228
3 0 0 0.921644

1
1 0 0 0.936785

1
1 0 0 0.802066

3
1 1 1 0.887241
2 0 0 1.00796
3 0 0 0.831978

3
1 5 1 0.861065
2 0 0 0.840482
3 0 0 0.849135

3
1 5 1 0.818716
2 0 0 0.889981
3 0 0 0.818887

3
1 4 1 0.919764
2 0 0 0.775362
3 0 0 0.959908

3
1 1 2 0.868878
2 0 0 0.940225
3 0 0 1.11599

3
1 6 117 0.777814
2 0 0 0.949532
3 0 0 0.817695

1
1 0 0 0.838144

5
1 6 2222 0.824149
2 0 0 0.978618
3 1 2 0.872137
6 0 0 0.889997
7 0 0 1.12136

3
1 6 1955 0.848587
2 0 0 1.027
3 0 0 0.863436

5
1 1 1 0.828608
2 0 0 0.875336
3 4 1 0.793909
6 0 0 0.782014
7 0 0 0.835799

1
1 0 0 0.644014

3
1 5 1 0.900275
2 0 0 0.995006
3 0 0 0.750779

5
1 6 1026 0.929505
2 0 0 0.925205
3 1 1 0.947705
6 0 0 0.967728
7 0 0 0.911135

3
1 5 1 0.918268
2 0 0 1.04594
3 0 0 0.868921

1
1 0 0 0.84133

3
1 1 1 0.901904
2 0 0 1.01728
3 0 0 0.862547

3
1 2 1 0.878034
2 0 0 0.881917
3 0 0 0.841388

1
1 0 0 0.811017

1
1 0 0 0.8752

7
1 0 4662 0.87093
2 6 2023 0.905778
4 0 0 1.20091
5 0 0 0.912954
3 2 3 0.904594
6 0 0 1.02087
7 0 0 1.09406

1
1 0 0 0.704203

1
1 0 0 0.865034

5
1 5 1 0.932485
2 0 0 1.00265
3 2 4 0.862849
6 0 0 0.80243
7 0 0 0.935043

3
1 1 2 0.898575
2 0 0 0.874321
3 0 0 1.04444

3
1 1 1 0.959877
2 0 0 0.881455
3 0 0 0.80099

3
1 1 1 0.826891
2 0 0 0.982079
3 0 0 0.947312

5
1 2 2 0.86991
2 0 0 0.987079
3 6 2496 0.856758
6 0 0 0.991068
7 0 0 0.867351

1
1 0 0 0.750729

3
1 5 1 0.788339
2 0 0 1.06713
3 0 0 0.895485

1
1 0 0 0.761519

3
1 1 1 0.936471
2 0 0 1.0098
3 0 0 0.817776

1
1 0 0 0.930488

1
1 0 0 0.772457

1
1 0 0 0.882195

3
1 4 1 0.887683
2 0 0 1.00531
3 0 0 0.950926

3
1 4 1 0.92133
2 0 0 0.825637
3 0 0 0.953517

3
1 0 129 0.735918
2 0 0 0.970132
3 0 0 0.717649

3
1 4 1 0.910301
2 0 0 0.899935
3 0 0 1.13361

5
1 5 1 0.860037
2 2 1 0.970319
4 0 0 0.980446
5 0 0 0.912314
3 0 0 0.916999

3
1 0 447 0.721053
2 0 0 0.935243
3 0 0 0.928929

5
1 6 174 0.851041
2 0 0 0.982285
3 6 4437 0.851846
6 0 0 0.817559
7 0 0 0.944703

1
1 0 0 0.744579

3
1 6 4801 0.842181
2 0 0 0.82667
3 0 0 0.896486

3
1 0 756 0.812854
2 0 0 1.11341
3 0 0 0.863127

1
1 0 0 0.777927

3
1 2 1 0.865619
2 0 0 0.891074
3 0 0 0.952178

3
1 4 1 0.914044
2 0 0 0.831121
3 0 0 1.0512

3
1 6 969 0.818234
2 0 0 0.935276
3 0 0 0.841225

3
1 5 1 0.848658
2 0 0 0.98514
3 0 0 0.817752

3
1 5 1 0.89472
2 0 0 1.0448
3 0 0 0.727772

1
1 0 0 0.969581

3
1 5 1 0.922111
2 0 0 0.912031
3 0 0 0.934664

3
1 2 2 0.909686
2 0 0 0.833157
3 0 0 0.873923

3
1 1 1 0.930157
2 0 0 0.944571
3 0 0 0.891045

3
1 5 1 0.872992
2 0 0 1.04241
3 0 0 0.809943

3
1 5 1 0.897458
2 0 0 0.919901
3 0 0 0.831082

3
1 1 2 0.847502
2 0 0 0.878622
3 0 0 0.967554

3
1 2 1 0.802152
2 0 0 0.850432
3 0 0 0.798781

3
1 1 1 0.8794
2 0 0 0.988389
3 0 0 0.744673

5
1 1 2 0.857127
2 0 0 0.810862
3 0 4568 0.960378
6 0 0 0.837038
7 0 0 0.889447

1
1 0 0 0.890536

3
1 1 1 0.907053
2 0 0 1.05751
3 0 0 0.875486

5
1 1 1 0.925142
2 0 0 0.806995
3 0 4683 0.821865
6 0 0 0.930969
7 0 0 0.745107

3
1 1 2 0.934725
2 0 0 0.969319
3 0 0 0.912513

3
1 6 2528 0.923571
2 0 0 0.949782
3 0 0 0.919053

5
1 1 2 0.884673
2 0 5389 0.903208
4 0 0 0.76574
5 0 0 0.832031
3 0 0 1.0374

1
1 0 0 0.80468

3
1 6 39 0.940806
2 0 0 0.916095
3 0 0 0.810664

3
1 2 4 0.86449
2 0 0 0.941609
3 0 0 0.991251

3
1 4 1 0.893491
2 0 0 0.861977
3 0 0 0.916534

1
1 0 0 0.871517

5
1 6 5076 0.826285
2 0 0 0.764521
3 6 5374 1.05359
6 0 0 0.914037
7 0 0 0.940813

3
1 5 1 0.974224
2 0 0 1.03885
3 0 0 0.971735

1
1 0 0 0.81493

5
1 1 1 0.922441
2 0 5197 0.950435
4 0 0 1.07981
5 0 0 1.02288
3 0 0 0.891745

3
1 1 2 0.893797
2 0 0 0.846024
3 0 0 1.03149

1
1 0 0 0.800352

1
1 0 0 0.843822

3
1 6 5143 0.925389
2 0 0 0.906021
3 0 0 1.01477

1
1 0 0 0.931019

3
1 5 1 0.980213
2 0 0 0.94856
3 0 0 0.792161

7
1 5 1 0.87174
2 0 6703 1.0129
4 0 0 0.999754
5 0 0 0.999604
3 6 4641 0.869244
6 0 0 0.848808
7 0 0 0.802488

3
1 1 2 0.890531
2 0 0 0.916288
3 0 0 0.963522

1
1 0 0 0.715386

5
1 0 3540 0.932947
2 0 0 1.0156
3 2 2 0.868884
6 0 0 0.964746
7 0 0 0.946185

1
1 0 0 0.874013

1
1 0 0 0.926859

5
1 0 1824 0.88815
2 0 0 0.991398
3 6 2050 0.936536
6 0 0 0.878804
7 0 0 0.863881

3
1 0 2825 0.886669
2 0 0 0.976437
3 0 0 0.902066

5
1 6 3888 0.903881
2 0 7917 1.01411
4 0 0 0.975914
5 0 0 0.993072
3 0 0 0.935762

1
1 0 0 0.736737

3
1 0 6624 0.89098
2 0 0 1.01584
3 0 0 0.876106

3
1 5 1 0.897211
2 0 0 0.852696
3 0 0 0.860187

3
1 4 1 0.867578
2 0 0 0.907268
3 0 0 1.06638

3
1 2 4 0.847434
2 0 0 0.874953
3 0 0 0.901961

3
1 1 1 0.906537
2 0 0 0.874218
3 0 0 0.766184

3
1 5 1 0.940752
2 0 0 0.960784
3 0 0 0.743984

1
1 0 0 0.836522

3
1 6 2097 0.803034
2 0 0 0.813024
3 0 0 0.7749

5
1 5 1 0.906124
2 6 1481 1.08759
4 0 0 1.10448
5 0 0 1.01836
3 0 0 0.843409

5
1 4 1 0.868836
2 6 64 0.877617
4 0 0 1.04244
5 0 0 0.938939
3 0 0 1.04855

3
1 1 1 0.855613
2 0 0 0.980203
3 0 0 0.780773

3
1 0 169 0.841956
2 0 0 0.989586
3 0 0 0.807618

3
1 1 1 0.938576
2 0 0 1.13208
3 0 0 0.866233

5
1 5 1 0.872252
2 0 858 1.03211
4 0 0 0.956346
5 0 0 1.00222
3 0 0 0.842565

1
1 0 0 0.801532

3
1 0 9487 0.849799
2 0 0 0.837999
3 0 0 0.839424

3
1 1 1 0.827383
2 0 0 1.01547
3 0 0 0.734614

1
1 0 0 0.834953

7
1 6 2397 0.896966
2 2 1 1.04951
4 1 1 0.955192
8 0 0 1.17592
9 0 0 1.00269
5 0 0 0.983487
3 0 0 0.876002

3
1 1 2 0.876828
2 0 0 0.826294
3 0 0 0.956675

1
1 0 0 0.803942

7
1 6 1515 0.856595
2 0 4226 1.05914
4 0 0 0.99232
5 0 5275 0.897031
10 0 0 0.871597
11 0 0 0.919124
3 0 0 0.95306

3
1 5 1 0.918268
2 0 0 1.02284
3 0 0 0.830036

3
1 5 1 0.837154
2 0 0 0.960795
3 0 0 0.83854

3
1 4 1 0.825265
2 0 0 0.767556
3 0 0 0.888245

3
1 0 8700 0.847373
2 0 0 0.866182
3 0 0 0.861088

3
1 1 1 0.89162
2 0 0 0.968026
3 0 0 0.846144

5
1 0 2418 0.927851
2 0 0 0.934834
3 6 1115 0.95003
6 0 0 0.963617
7 0 0 0.973179

3
1 5 1 0.834486
2 0 0 1.0514
3 0 0 0.815556

1
1 0 0 0.847128

1
1 0 0 0.755339

1
1 0 0 0.901943

5
1 1 1 0.829878
2 2 3 1.08354
4 0 0 0.935457
5 0 0 0.869726
3 0 0 0.891121

1
1 0 0 0.858206

1
1 0 0 0.839014

1
1 0 0 0.816424

3
1 5 1 0.942704
2 0 0 1.07955
3 0 0 0.873654

1
1 0 0 0.928628

1
1 0 0 0.921828

3
1 1 1 0.936471
2 0 0 0.943606
3 0 0 0.774203

5
1 5 1 0.930488
2 2 1 1.00128
4 0 0 1.00557
5 0 0 0.943013
3 0 0 0.820109

3
1 6 4251 0.85784
2 0 0 0.898343
3 0 0 0.949708

3
1 1 1 0.83342
2 0 0 1.06732
3 0 0 0.771602

1
1 0 0 0.682472

3
1 5 1 0.876095
2 0 0 1.03276
3 0 0 0.792162

3
1 6 4229 0.877422
2 0 0 0.928747
3 0 0 1.0161

1
1 0 0 0.857839

3
1 4 1 0.937177
2 0 0 0.919649
3 0 0 1.05019

1
1 0 0 0.89368

3
1 1 2 0.867833
2 0 0 0.820263
3 0 0 1.05874

3
1 2 3 0.86401
2 0 0 0.759844
3 0 0 0.876974

3
1 1 1 0.916987
2 0 0 0.996305
3 0 0 0.844941

3
1 4 1 0.915299
2 0 0 0.810853
3 0 0 0.958951

3
1 5 1 0.816439
2 0 0 1.06634
3 0 0 0.743788

3
1 0 902 0.801413
2 0 0 0.903506
3 0 0 0.901545

1
1 0 0 0.756599

3
1 2 2 0.844198
2 0 0 0.859987
3 0 0 0.865083

3
1 1 1 0.885222
2 0 0 0.915774
3 0 0 0.777792

3
1 4 1 0.865794
2 0 0 0.840725
3 0 0 0.904056

1
1 0 0 0.793269

3
1 1 2 0.84573
2 0 0 0.815983
3 0 0 0.93197

3
1 4 1 0.908897
2 0 0 0.897992
3 0 0 1.05103

3
1 0 1972 0.86632
2 0 0 0.874129
3 0 0 0.877368

1
1 0 0 0.839533

3
1 6 1580 0.942261
2 0 0 1.10305
3 0 0 0.955945

1
1 0 0 0.791547

3
1 1 1 0.910025
2 0 0 0.840821
3 0 0 0.926326

3
1 6 993 0.905353
2 0 0 1.13027
3 0 0 0.965635

1
1 0 0 0.903184

3
1 5 1 0.904495
2 0 0 1.00447
3 0 0 0.946961

3
1 1 1 0.907053
2 0 0 1.0142
3 0 0 0.774025

3
1 0 385 0.865986
2 0 0 0.980133
3 0 0 0.768264

5
1 6 4724 0.853481
2 0 0 0.849937
3 2 1 0.94804
6 0 0 1.011
7 0 0 0.948591

1
1 0 0 0.727204

3
1 0 8889 0.922926
2 0 0 1.01861
3 0 0 1.00312

3
1 1 1 0.855349
2 0 0 1.04905
3 0 0 0.920408

3
1 1 1 0.894272
2 0 0 1.02881
3 0 0 0.865331

5
1 2 3 0.908906
2 0 0 0.848553
3 2 4 0.937776
6 0 0 0.935181
7 0 0 0.97086

3
1 1 1 0.864978
2 0 0 0.980138
3 0 0 0.729854

3
1 5 1 0.945736
2 0 0 0.948971
3 0 0 0.883884

3
1 0 701 0.829294
2 0 0 1.01064
3 0 0 0.799834

1
1 0 0 0.801367

5
1 6 297 0.854635
2 6 63 1.05057
4 0 0 0.949462
5 0 0 1.0726
3 0 0 0.869283

3
1 0 865 0.854529
2 0 0 0.957076
3 0 0 0.916815

3
1 1 2 0.884246
2 0 0 0.77074
3 0 0 0.919407

3
1 2 1 0.851108
2 0 0 0.842992
3 0 0 0.8161

3
1 2 1 0.842176
2 0 0 0.911507
3 0 0 0.815966

3
1 1 1 0.866864
2 0 0 0.921398
3 0 0 0.886876

3
1 4 1 0.894936
2 0 0 0.945742
3 0 0 1.13458

3
1 0 2225 0.914966
2 0 0 0.998754
3 0 0 0.878894

3
1 5 1 0.879216
2 0 0 0.908165
3 0 0 0.858151

3
1 1 2 0.855954
2 0 0 0.870982
3 0 0 0.980497

1
1 0 0 0.779834

3
1 6 1968 0.888049
2 0 0 0.895606
3 0 0 0.949621

1
1 0 0 0.949265

5
1 1 1 0.841092
2 2 2 0.911027
4 0 0 1.00927
5 0 0 0.866276
3 0 0 0.821968

3
1 1 2 0.854903
2 0 0 0.752522
3 0 0 0.948777

3
1 5 1 0.865092
2 0 0 0.912127
3 0 0 0.863316

3
1 0 3744 0.927893
2 0 0 0.918962
3 0 0 0.999408

5
1 1 2 0.913695
2 5 1 0.88451
4 0 0 0.96691
5 0 0 0.825339
3 0 0 0.901757

3
1 0 993 0.848196
2 0 0 1.03135
3 0 0 0.825696

3
1 5 1 0.906312
2 0 0 1.03361
3 0 0 0.845555

3
1 4 1 0.900434
2 0 0 0.869366
3 0 0 0.986985

3
1 0 716 0.853823
2 0 0 0.989182
3 0 0 0.827171

3
1 2 1 0.780615
2 0 0 0.868999
3 0 0 0.965953

3
1 4 1 0.847185
2 0 0 0.788774
3 0 0 0.857115

5
1 6 1746 0.895568
2 2 3 0.921033
4 0 0 0.917411
5 0 0 1.04204
3 0 0 0.769972

1
1 0 0 0.834106

1
1 0 0 0.852289

3
1 5 1 0.868484
2 0 0 1.09316
3 0 0 0.87199

3
1 0 417 0.831079
2 0 0 0.875746
3 0 0 0.842602

7
1 1 2 0.938723
2 0 0 0.861211
3 6 4065 1.04581
6 2 4 0.964271
12 0 0 0.958605
13 0 0 0.822301
7 0 0 0.985214

3
1 6 3970 0.895895
2 0 0 1.01176
3 0 0 0.898304

3
1 5 1 0.872252
2 0 0 0.891384
3 0 0 0.757378

5
1 5 1 0.905645
2 6 409 1.00517
4 0 0 1.06716
5 0 0 0.962599
3 0 0 0.833929

3
1 0 3653 0.825984
2 0 0 1.07158
3 0 0 0.873929

3
1 1 1 0.812623
2 0 0 0.970204
3 0 0 0.805321

3
1 2 4 0.849752
2 0 0 0.847747
3 0 0 1.01905

1
1 0 0 0.87723

3
1 4 1 0.856151
2 0 0 0.734435
3 0 0 0.801215

3
1 6 5385 0.748159
2 0 0 0.763063
3 0 0 0.931978

1
1 0 0 0.817247

3
1 2 4 0.84767
2 0 0 0.915333
3 0 0 0.844248

1
1 0 0 0.775684

5
1 0 6778 0.898759
2 0 0 0.775655
3 2 2 1.02909
6 0 0 0.882369
7 0 0 0.957384

3
1 5 1 0.843356
2 0 0 1.07671
3 0 0 0.869027

3
1 6 2697 0.882497
2 0 0 1.04181
3 0 0 0.834407

1
1 0 0 0.801797

3
1 0 5603 0.974632
2 0 0 0.919133
3 0 0 0.974615

3
1 1 1 0.817259
2 0 0 0.978446
3 0 0 0.692988

3
1 0 1283 0.830001
2 0 0 0.944518
3 0 0 0.845676

1
1 0 0 0.75569

1
1 0 0 0.752132

1
1 0 0 0.81286

3
1 5 1 0.844689
2 0 0 1.07016
3 0 0 0.969849

1
1 0 0 0.877848

1
1 0 0 0.762102

5
1 6 1104 0.870097
2 5 1 0.927584
4 0 0 0.992938
5 0 0 0.848325
3 0 0 0.872671

3
1 2 4 0.880969
2 0 0 0.879807
3 0 0 1.0056

3
1 1 1 0.82633
2 0 0 0.96689
3 0 0 0.814922

3
1 5 1 0.930488
2 0 0 0.979891
3 0 0 0.824887

7
1 4 1 0.945154
2 2 2 0.941801
4 0 0 0.899148
5 0 0 0.867679
3 2 3 1.06167
6 0 0 0.997279
7 0 0 1.07546

3
1 1 1 0.89471
2 0 0 0.997835
3 0 0 0.770284

3
1 1 1 0.850625
2 0 0 1.10204
3 0 0 0.917123

3
1 1 1 0.867243
2 0 0 0.954046
3 0 0 0.808829

3
1 4 1 0.907329
2 0 0 0.85435
3 0 0 0.905421

3
1 4 1 0.90025
2 0 0 0.850637
3 0 0 1.00261

3
1 1 1 0.878637
2 0 0 0.975647
3 0 0 0.819711

7
1 1 1 0.887875
2 6 883 1.02617
4 0 0 0.986331
5 0 0 1.02319
3 1 2 0.924062
6 0 0 0.899657
7 0 0 0.924182

5
1 6 173 0.823174
2 5 1 1.06094
4 0 0 0.975286
5 0 0 0.959234
3 0 0 0.829847

3
1 1 1 0.907578
2 0 0 1.04526
3 0 0 0.970752

1
1 0 0 0.867203

3
1 5 1 0.921098
2 0 0 1.00164
3 0 0 0.757005

3
1 6 218 0.843993
2 0 0 1.02826
3 0 0 0.80638

3
1 2 3 0.869425
2 0 0 0.866989
3 0 0 0.911051

3
1 6 4275 0.945114
2 0 0 0.921035
3 0 0 0.87937

3
1 1 1 0.860563
2 0 0 1.03723
3 0 0 0.748698

1
1 0 0 0.780187

1
1 0 0 0.851413

3
1 5 1 0.850317
2 0 0 0.943055
3 0 0 0.857374

3
1 0 839 0.897535
2 0 0 1.01487
3 0 0 0.773255

3
1 6 4867 0.940694
2 0 0 0.986226
3 0 0 0.977269

1
1 0 0 0.673783

3
1 0 888 0.786117
2 0 0 1.00753
3 0 0 0.821109

3
1 1 2 0.885369
2 0 0 0.763726
3 0 0 0.97627

5
1 2 3 0.905013
2 0 0 0.875238
3 4 1 1.09465
6 0 0 1.12669
7 0 0 1.06051

3
1 4 1 0.914665
2 0 0 0.85906
3 0 0 1.02673

7
1 1 1 0.958252
2 0 5437 0.985101
4 0 0 1.10736
5 0 0 0.978873
3 6 5101 0.791477
6 0 0 0.790575
7 0 0 1.09037

1
1 0 0 0.807683

1
1 0 0 0.811887

3
1 6 5147 0.968607
2 0 0 0.908256
3 0 0 0.946816

3
1 5 1 0.898138
2 0 0 0.905169
3 0 0 0.879551

3
1 1 2 0.953326
2 0 0 0.888175
3 0 0 0.977222

3
1 5 1 0.978787
2 0 0 0.943839
3 0 0 0.8313

1
1 0 0 0.851251

3
1 6 2832 0.899532
2 0 0 0.99026
3 0 0 0.86902

7
1 1 1 0.913798
2 6 725 0.997635
4 0 1524 0.916149
8 0 0 0.918787
9 0 0 1.17102
5 0 0 0.995795
3 0 0 0.805881

3
1 5 1 0.88374
2 0 0 0.960901
3 0 0 0.874523

7
1 0 2019 0.901242
2 0 0 0.991012
3 5 1 0.87564
6 2 2 0.990546
12 0 0 1.05122
13 0 0 0.953672
7 0 0 0.836123

3
1 0 3008 0.880751
2 0 0 0.934494
3 0 0 0.905912

5
1 6 1596 0.842886
2 1 2 0.87236
4 0 0 0.852103
5 0 0 0.997845
3 0 0 0.904545

3
1 0 8194 0.840417
2 0 0 0.877195
3 0 0 0.887156

1
1 0 0 0.790744

3
1 6 1054 0.899158
2 0 0 0.890145
3 0 0 0.887183

1
1 0 0 0.8126

3
1 0 4046 0.942525
2 0 0 1.0048
3 0 0 0.941855

1
1 0 0 0.74438

3
1 4 1 0.936477
2 0 0 0.769612
3 0 0 1.01168

3
1 4 1 0.892862
2 0 0 0.935279
3 0 0 0.882859

3
1 6 2233 0.949767
2 0 0 0.895899
3 0 0 0.891481

3
1 1 1 0.908204
2 0 0 0.952624
3 0 0 0.832164

3
1 1 2 0.858711
2 0 0 0.848498
3 0 0 0.903071

3
1 6 3380 0.961985
2 0 0 0.903825
3 0 0 1.04671

3
1 0 629 0.851831
2 0 0 0.921933
3 0 0 0.846149

1
1 0 0 0.738421

1
1 0 0 0.822211

3
1 1 1 0.860956
2 0 0 1.13244
3 0 0 0.903478

5
1 6 2650 0.860348
2 6 2559 0.962087
4 0 0 1.00178
5 0 0 0.940374
3 0 0 0.891743

1
1 0 0 0.783137

3
1 5 1 0.852658
2 0 0 1.01985
3 0 0 0.903608

1
1 0 0 0.84904

3
1 1 1 0.915981
2 0 0 1.07602
3 0 0 0.831068

3
1 6 765 0.944666
2 0 0 0.892622
3 0 0 1.05206

1
1 0 0 0.898489

3
1 4 1 0.872763
2 0 0 0.83993
3 0 0 1.03603

1
1 0 0 0.792263

3
1 6 2781 0.837188
2 0 0 1.01137
3 0 0 0.776447

5
1 1 1 0.904365
2 0 0 0.984751
3 0 8332 0.937789
6 0 0 0.939023
7 0 0 0.87982

5
1 4 1 0.877223
2 0 0 0.726651
3 2 3 0.962992
6 0 0 1.00709
7 0 0 0.946495

3
1 0 6199 0.989461
2 0 0 0.988866
3 0 0 0.988391

3
1 2 4 0.887737
2 0 0 0.845463
3 0 0 0.988472

3
1 2 4 0.868672
2 0 0 0.913519
3 0 0 1.04609

3
1 4 1 0.773409
2 0 0 0.785842
3 0 0 0.978492

3
1 5 1 0.822173
2 0 0 0.897226
3 0 0 0.752163

1
1 0 0 0.813558

1
1 0 0 0.7941

1
1 0 0 0.903665

3
1 1 1 0.860126
2 0 0 1.03581
3 0 0 0.774646

3
1 1 1 0.864713
2 0 0 1.13374
3 0 0 0.980757

1
1 0 0 0.802924

3
1 2 4 0.879571
2 0 0 0.879852
3 0 0 0.824589

1
1 0 0 0.754451

3
1 4 1 0.908425
2 0 0 0.905563
3 0 0 1.02397

3
1 5 1 0.928458
2 0 0 1.03175
3 0 0 0.950422

3
1 6 5375 0.779052
2 0 0 0.774732
3 0 0 0.942507

3
1 1 2 0.902274
2 0 0 0.890953
3 0 0 0.974296

3
1 6 242 0.867298
2 0 0 0.933778
3 0 0 0.888508

3
1 2 4 0.844198
2 0 0 0.767234
3 0 0 0.93793

1
1 0 0 0.855752

9
1 5 1 0.89431
2 0 8485 0.984755
4 0 0 0.931204
5 6 3621 0.939995
10 0 0 0.982726
11 2 1 1.08514
22 0 0 1.13299
23 0 0 1.00709
3 0 0 0.834697

3
1 2 2 0.910493
2 0 0 0.916166
3 0 0 0.935583

1
1 0 0 0.834661

1
1 0 0 0.907424

3
1 0 513 0.821551
2 0 0 1.11244
3 0 0 0.863381

1
1 0 0 0.811452

3
1 1 1 0.870801
2 0 0 0.937823
3 0 0 0.896681

3
1 1 1 0.884153
2 0 0 0.994642
3 0 0 0.837184

3
1 0 9534 0.80448
2 0 0 0.768993
3 0 0 0.938367

5
1 1 1 0.948855
2 0 0 0.996213
3 0 7739 0.825615
6 0 0 0.870273
7 0 0 0.929137

1
1 0 0 0.863221

3
1 5 1 0.839013
2 0 0 0.997013
3 0 0 0.835088

1
1 0 0 0.776158

3
1 2 2 0.82826
2 0 0 0.863209
3 0 0 0.88266

3
1 2 3 0.931911
2 0 0 0.853139
3 0 0 0.960851

3
1 2 2 0.766943
2 0 0 0.996681
3 0 0 0.771542

1
1 0 0 0.780779

1
1 0 0 0.847971

1
1 0 0 0.94689

1
1 0 0 0.893402

3
1 5 1 0.841599
2 0 0 0.964105
3 0 0 0.810593

3
1 5 1 0.874439
2 0 0 0.879272
3 0 0 0.787106

7
1 2 4 1.00135
2 0 0 1.01603
3 4 1 1.0754
6 0 0 1.16799
7 0 8836 1.05171
14 0 0 1.10128
15 0 0 0.977507

3
1 0 1125 0.770101
2 0 0 1.01352
3 0 0 0.845177

3
1 5 1 0.834147
2 0 0 1.00742
3 0 0 0.719122

7
1 1 1 0.87435
2 0 0 1.01486
3 0 1073 0.871139
6 0 1055 0.995837
12 0 0 1.06051
13 0 0 1.08643
7 0 0 0.839359

3
1 5 1 0.911836
2 0 0 1.01655
3 0 0 0.856929

3
1 5 1 0.930502
2 0 0 0.994242
3 0 0 0.84436

1
1 0 0 0.890664

1
1 0 0 0.838425

3
1 5 1 0.851976
2 0 0 0.953011
3 0 0 0.887186

3
1 1 1 0.814738
2 0 0 0.958474
3 0 0 0.821636

5
1 6 571 0.86392
2 0 0 1.01521
3 1 2 0.931675
6 0 0 0.915214
7 0 0 0.98376

3
1 2 3 0.841113
2 0 0 0.848213
3 0 0 0.899048

3
1 1 1 0.82144
2 0 0 0.995709
3 0 0 0.739453

1
1 0 0 0.771952

3
1 5 1 0.930546
2 0 0 1.03236
3 0 0 0.856888

1
1 0 0 0.828483

3
1 6 3298 0.886286
2 0 0 0.862549
3 0 0 0.734325

1
1 0 0 0.811816

3
1 5 1 0.800351
2 0 0 0.987784
3 0 0 0.867988

3
1 5 1 0.827572
2 0 0 1.05019
3 0 0 0.882874

3
1 5 1 0.849503
2 0 0 0.982556
3 0 0 0.691396

3
1 1 2 0.887782
2 0 0 0.817146
3 0 0 1.01198

3
1 6 5375 0.799004
2 0 0 0.728246
3 0 0 1.01101

1
1 0 0 0.845054

5
1 6 2832 0.899532
2 1 2 1.0363
4 0 0 1.0588
5 0 0 1.04772
3 0 0 0.88452

3
1 5 1 0.932036
2 0 0 1.01622
3 0 0 0.726748

5
1 1 2 0.817851
2 0 5703 0.937593
4 0 0 0.973608
5 0 0 0.96907
3 0 0 1.0411

1
1 0 0 0.855967

3
1 0 3919 0.928909
2 0 0 1.00453
3 0 0 0.920105

3
1 4 1 0.855447
2 0 0 0.79236
3 0 0 1.17777

3
1 0 112 0.829127
2 0 0 1.02188
3 0 0 0.763433

7
1 5 1 0.877574
2 0 0 1.00998
3 0 7178 0.891013
6 0 0 0.980642
7 1 2 0.869758
14 0 0 0.910559
15 0 0 0.906952

3
1 6 5119 0.852057
2 0 0 0.863194
3 0 0 1.08189

3
1 6 350 0.83741
2 0 0 0.943974
3 0 0 0.875558

3
1 5 1 0.860458
2 0 0 1.07028
3 0 0 0.73073

3
1 6 1077 0.888194
2 0 0 0.947373
3 0 0 0.905354

3
1 4 1 0.959544
2 0 0 0.93658
3 0 0 1.06835

1
1 0 0 0.87625

3
1 1 1 0.837629
2 0 0 0.844933
3 0 0 0.825639

3
1 5 1 0.833173
2 0 0 0.982532
3 0 0 0.886063

3
1 1 2 0.909281
2 0 0 0.925909
3 0 0 0.991888

3
1 4 1 0.863352
2 0 0 0.798391
3 0 0 1.03023

3
1 4 1 0.925854
2 0 0 0.724726
3 0 0 0.992111

1
1 0 0 0.776434

5
1 0 7291 0.953653
2 0 0 0.940544
3 6 3397 0.909184
6 0 0 0.833472
7 0 0 0.939669

1
1 0 0 0.886764

1
1 0 0 0.724811

5
1 0 3630 0.875451
2 0 0 0.953995
3 0 4271 0.743644
6 0 0 1.03329
7 0 0 0.870244

3
1 5 1 0.90598
2 0 0 0.909318
3 0 0 0.815721

3
1 4 1 0.854465
2 0 0 0.760958
3 0 0 0.916523

3
1 2 4 0.886652
2 0 0 0.89295
3 0 0 0.852252

3
1 1 2 0.896876
2 0 0 0.883541
3 0 0 0.95021

3
1 4 1 0.868085
2 0 0 0.846391
3 0 0 1.04889

3
1 0 504 0.849562
2 0 0 1.00688
3 0 0 0.802278

3
1 6 1918 0.93035
2 0 0 1.00436
3 0 0 0.924624

5
1 0 597 0.905539
2 0 0 1.0164
3 0 2100 0.880573
6 0 0 0.961854
7 0 0 0.833051

1
1 0 0 0.847975

3
1 2 4 0.877959
2 0 0 0.912596
3 0 0 1.02456

3
1 1 1 0.880574
2 0 0 1.14348
3 0 0 0.745755

1
1 0 0 0.884909

3
1 2 1 0.966354
2 0 0 0.922917
3 0 0 0.965948

3
1 1 1 0.912865
2 0 0 0.947843
3 0 0 0.891196

1
1 0 0 0.86798

3
1 2 4 0.87502
2 0 0 0.938109
3 0 0 0.979896

1
1 0 0 0.767264

1
1 0 0 0.821136

5
1 1 2 0.879461
2 0 0 0.886201
3 2 1 1.04162
6 0 0 1.02955
7 0 0 1.06238

3
1 1 1 0.893642
2 0 0 0.910367
3 0 0 0.911986

3
1 0 3276 0.881515
2 0 0 0.974506
3 0 0 0.846602

3
1 1 1 0.880097
2 0 0 0.909335
3 0 0 0.905117

5
1 4 1 0.839601
2 5 1 0.892652
4 0 0 1.09967
5 0 0 0.860792
3 0 0 0.940032

3
1 0 668 0.790647
2 0 0 0.926896
3 0 0 0.827219

3
1 0 18 0.75143
2 0 0 0.969624
3 0 0 0.754038

3
1 6 5366 0.981608
2 0 0 0.813588
3 0 0 1.11536

3
1 6 2299 0.879606
2 0 0 0.913471
3 0 0 0.891153

3
1 0 721 0.836408
2 0 0 1.02839
3 0 0 0.823525

1
1 0 0 0.790146

1
1 0 0 0.723295

3
1 2 4 0.876155
2 0 0 0.963171
3 0 0 0.953075

3
1 2 1 0.925408
2 0 0 0.98096
3 0 0 0.965883

3
1 2 3 0.86594
2 0 0 0.879422
3 0 0 0.878443

3
1 5 1 0.898528
2 0 0 1.04264
3 0 0 0.821916

5
1 4 1 0.838995
2 0 0 0.87205
3 0 198 1.06057
6 0 0 0.871922
7 0 0 1.09707

3
1 0 1193 0.827371
2 0 0 1.05786
3 0 0 0.803754

5
1 6 2207 0.92135
2 5 1 0.973712
4 0 0 1.01086
5 0 0 0.903639
3 0 0 0.81782

3
1 0 4853 0.944449
2 0 0 0.840273
3 0 0 0.829724

1
1 0 0 0.956295

3
1 1 1 0.900606
2 0 0 1.0024
3 0 0 0.830651

1
1 0 0 0.793467

3
1 1 1 0.868991
2 0 0 0.976096
3 0 0 0.869075

3
1 5 1 0.833473
2 0 0 0.945052
3 0 0 0.80635

1
1 0 0 0.782654

1
1 0 0 0.900522

3
1 2 4 0.967199
2 0 0 0.935302
3 0 0 0.875004

3
1 6 5389 0.777021
2 0 0 0.747251
3 0 0 0.966981

3
1 2 2 0.880416
2 0 0 0.898511
3 0 0 0.961293

3
1 0 3839 0.783382
2 0 0 0.857145
3 0 0 0.812243

3
1 1 2 0.838593
2 0 0 0.654105
3 0 0 0.938545

3
1 4 1 0.82213
2 0 0 0.818786
3 0 0 0.917198

3
1 5 1 0.88822
2 0 0 1.09175
3 0 0 0.824822

1
1 0 0 0.7704

3
1 0 626 0.805286
2 0 0 0.948725
3 0 0 0.85265

3
1 5 1 0.852362
2 0 0 1.01744
3 0 0 0.817792

3
1 6 2810 0.886984
2 0 0 0.971918
3 0 0 0.849831

1
1 0 0 0.862004

3
1 4 1 0.882206
2 0 0 0.858786
3 0 0 0.932353

3
1 5 1 0.934724
2 0 0 0.885896
3 0 0 0.902241

3
1 1 2 0.845243
2 0 0 0.95104
3 0 0 1.03712

1
1 0 0 0.923089

3
1 2 1 0.903285
2 0 0 0.972295
3 0 0 0.889439

3
1 6 1103 0.914092
2 0 0 0.879755
3 0 0 0.88612

3
1 1 1 0.819782
2 0 0 0.937424
3 0 0 0.856102

3
1 1 1 0.82144
2 0 0 1.04739
3 0 0 0.802875

3
1 1 1 0.865283
2 0 0 1.00201
3 0 0 0.796597

3
1 5 1 0.951167
2 0 0 0.987292
3 0 0 0.877435

1
1 0 0 0.902932

3
1 1 1 0.878591
2 0 0 0.98918
3 0 0 0.729464

3
1 0 8629 0.880468
2 0 0 0.960075
3 0 0 0.940854

1
1 0 0 0.816802

3
1 0 9744 0.895397
2 0 0 0.939912
3 0 0 0.903587

5
1 1 1 0.958792
2 6 483 0.991183
4 0 0 0.946704
5 0 0 1.0154
3 0 0 0.77623

1
1 0 0 0.71655

3
1 2 4 0.960186
2 0 0 0.912935
3 0 0 0.941223

5
1 5 1 0.74442
2 0 5193 1.07247
4 0 0 1.00835
5 0 0 1.10473
3 0 0 0.817221

5
1 6 2832 0.899532
2 6 2032 0.989634
4 0 0 0.884991
5 0 0 1.0884
3 0 0 0.788274

3
1 2 4 0.788482
2 0 0 0.77216
3 0 0 0.850073

3
1 0 546 0.802066
2 0 0 0.96351
3 0 0 0.835326

3
1 5 1 0.860362
2 0 0 1.02634
3 0 0 0.753091

3
1 6 247 0.828799
2 0 0 1.00166
3 0 0 0.775876

3
1 4 1 0.887583
2 0 0 0.783968
3 0 0 0.933293

3
1 6 5348 0.733664
2 0 0 0.794174
3 0 0 1.02176

5
1 5 1 0.877574
2 2 1 0.9412
4 0 0 0.924603
5 0 0 0.926085
3 0 0 0.744973

5
1 0 4071 0.915808
2 0 0 0.962418
3 1 1 0.911269
6 0 0 1.01775
7 0 0 0.822169

3
1 5 1 0.839673
2 0 0 0.939117
3 0 0 0.855076

3
1 5 1 0.988388
2 0 0 1.14263
3 0 0 1.03965

3
1 4 1 0.856846
2 0 0 0.822954
3 0 0 1.05302

5
1 1 1 0.957029
2 0 9324 0.952405
4 0 0 0.953175
5 0 0 1.02055
3 0 0 0.967266

3
1 1 1 0.995611
2 0 0 0.958054
3 0 0 0.831094

1
1 0 0 0.894975

1
1 0 0 0.870702

3
1 5 1 0.938039
2 0 0 1.0788
3 0 0 0.828339

3
1 1 1 0.896801
2 0 0 1.1011
3 0 0 0.922795

3
1 4 1 0.838128
2 0 0 0.911776
3 0 0 1.00212

5
1 4 1 0.804756
2 5 1 0.883183
4 0 0 0.90792
5 0 0 0.81579
3 0 0 0.98025

3
1 2 3 0.949569
2 0 0 0.88994
3 0 0 0.962462

1
1 0 0 0.738513

1
1 0 0 0.683277

3
1 4 1 0.887807
2 0 0 0.91258
3 0 0 0.962529

3
1 0 524 0.859075
2 0 0 1.02876
3 0 0 0.935655

5
1 4 1 0.854465
2 0 0 0.894089
3 2 2 1.10913
6 0 0 0.882634
7 0 0 1.07036

7
1 2 4 0.904266
2 0 0 0.743411
3 5 1 0.92938
6 0 2870 0.786006
12 0 0 1.05093
13 0 0 0.859906
7 0 0 0.939142

3
1 0 5198 0.971693
2 0 0 1.00992
3 0 0 0.92685

3
1 2 2 0.79591
2 0 0 0.901944
3 0 0 0.776094

3
1 0 8078 0.811158
2 0 0 0.812337
3 0 0 0.820512

1
1 0 0 0.877347

3
1 0 4793 0.8554
2 0 0 0.927078
3 0 0 0.876673

3
1 1 1 0.862396
2 0 0 0.919742
3 0 0 0.765028

1
1 0 0 0.948618

1
1 0 0 0.776949

1
1 0 0 0.69478

3
1 6 2510 0.885479
2 0 0 0.928534
3 0 0 0.833219

3
1 4 1 0.919272
2 0 0 0.787818
3 0 0 0.935891

3
1 1 1 0.898358
2 0 0 1.04943
3 0 0 0.795106

3
1 5 1 0.922809
2 0 0 0.913377
3 0 0 0.890667

5
1 2 2 0.837112
2 0 0 1.02701
3 5 1 1.07441
6 0 0 0.983144
7 0 0 1.10094

3
1 2 1 0.848861
2 0 0 1.02536
3 0 0 0.881127

3
1 2 3 0.903926
2 0 0 0.89228
3 0 0 0.959201

3
1 6 2823 0.888186
2 0 0 0.894583
3 0 0 0.940766

5
1 5 1 0.873698
2 2 3 0.931871
4 0 0 0.985157
5 0 0 0.965653
3 0 0 0.876158

3
1 0 9591 0.87687
2 0 0 0.973683
3 0 0 0.920927

3
1 2 1 0.87427
2 0 0 0.978598
3 0 0 0.986864

3
1 1 1 0.899288
2 0 0 0.88943
3 0 0 0.863731

3
1 1 2 0.962846
2 0 0 0.831604
3 0 0 1.00221

3
1 6 5371 0.781601
2 0 0 0.770731
3 0 0 1.05135

1
1 0 0 0.812056

1
1 0 0 0.868793

3
1 5 1 0.851773
2 0 0 0.839168
3 0 0 0.83509

3
1 4 1 0.859702
2 0 0 0.957611
3 0 0 0.952446

3
1 5 1 0.812651
2 0 0 1.05874
3 0 0 0.737417

1
1 0 0 0.889344

3
1 4 1 0.863732
2 0 0 0.917458
3 0 0 1.05095

1
1 0 0 0.734367

3
1 0 5212 0.756868
2 0 0 0.883698
3 0 0 0.741707

3
1 5 1 0.893564
2 0 0 0.961737
3 0 0 0.821912

3
1 5 1 0.805354
2 0 0 0.99794
3 0 0 0.837894

1
1 0 0 0.863847

3
1 4 1 0.963918
2 0 0 0.832852
3 0 0 1.01539

5
1 6 226 0.849245
2 2 3 1.13128
4 0 0 0.919981
5 0 0 1.11708
3 0 0 0.849887

1
1 0 0 0.916089

3
1 1 2 0.875354
2 0 0 0.950098
3 0 0 0.954613

3
1 2 1 0.892902
2 0 0 1.00368
3 0 0 0.928224

1
1 0 0 0.802467

1
1 0 0 0.921334

1
1 0 0 0.811439

1
1 0 0 0.923515

3
1 1 2 0.912902
2 0 0 0.720428
3 0 0 0.951014

1
1 0 0 0.744297

3
1 1 1 0.882252
2 0 0 1.08507
3 0 0 0.670316

3
1 2 1 0.907155
2 0 0 0.913835
3 0 0 0.965761

3
1 6 5211 0.825159
2 0 0 0.755019
3 0 0 0.914348

3
1 5 1 0.900981
2 0 0 0.991365
3 0 0 0.810655

3
1 0 388 0.775204
2 0 0 0.960753
3 0 0 0.892987

5
1 5 1 0.852362
2 0 4802 1.03391
4 0 0 1.10247
5 0 0 1.01797
3 0 0 0.78447

3
1 0 1892 0.870319
2 0 0 0.890801
3 0 0 0.896591

1
1 0 0 0.742563

1
1 0 0 0.889116

3
1 0 212 0.818151
2 0 0 1.0332
3 0 0 0.861277

3
1 5 1 0.834893
2 0 0 0.99307
3 0 0 0.787123

1
1 0 0 0.829716

3
1 0 1703 0.936308
2 0 0 1.09662
3 0 0 0.845627

1
1 0 0 0.823847

1
1 0 0 0.906327

5
1 1 2 0.984412
2 2 4 0.894797
4 0 0 0.842779
5 0 0 0.846797
3 0 0 1.07407

3
1 6 1596 0.912949
2 0 0 1.05916
3 0 0 1.01808

3
1 2 2 0.887426
2 0 0 1.01503
3 0 0 0.907231

3
1 1 2 0.869358
2 0 0 0.820684
3 0 0 1.15798

3
1 5 1 0.874017
2 0 0 0.955474
3 0 0 0.933729

1
1 0 0 0.79687

1
1 0 0 0.960005

3
1 6 2743 0.936786
2 0 0 0.958861
3 0 0 0.880565

3
1 5 1 0.844004
2 0 0 0.998819
3 0 0 0.781706

3
1 0 4541 0.985051
2 0 0 0.939951
3 0 0 0.983371

3
1 5 1 0.823466
2 0 0 0.941891
3 0 0 0.892843

5
1 2 4 0.873071
2 1 1 0.864924
4 0 0 0.992458
5 0 0 0.772805
3 0 0 0.969793

3
1 1 1 0.876674
2 0 0 0.975059
3 0 0 0.830353

3
1 5 1 0.809698
2 0 0 1.05931
3 0 0 0.833758

3
1 0 6829 0.793019
2 0 0 0.790696
3 0 0 0.907019

3
1 4 1 0.844938
2 0 0 0.875909
3 0 0 0.994472

3
1 0 897 0.770517
2 0 0 1.03358
3 0 0 0.688781

1
1 0 0 0.715264

1
1 0 0 0.781972

3
1 5 1 0.877574
2 0 0 0.975594
3 0 0 0.863487

1
1 0 0 0.742064

5
1 5 1 0.839673
2 6 3718 1.00967
4 0 0 0.993159
5 0 0 1.05691
3 0 0 0.829263

3
1 0 6778 0.884461
2 0 0 0.870439
3 0 0 0.93957

3
1 5 1 0.922389
2 0 0 1.0061
3 0 0 0.731175

1
1 0 0 0.818683

5
1 5 1 0.955578
2 0 6195 1.02254
4 0 0 0.96355
5 0 0 1.09865
3 0 0 0.761903

1
1 0 0 0.853172

3
1 4 1 0.866756
2 0 0 0.886488
3 0 0 0.90548

3
1 6 1965 0.882808
2 0 0 0.919641
3 0 0 0.882496

3
1 6 187 0.919765
2 0 0 0.915229
3 0 0 0.798241

3
1 1 1 0.896707
2 0 0 1.00525
3 0 0 0.926231

5
1 6 158 0.976983
2 0 5991 1.11165
4 0 0 0.96873
5 0 0 0.952608
3 0 0 1.00163

3
1 2 2 0.935355
2 0 0 0.922103
3 0 0 0.974395

3
1 1 1 0.855381
2 0 0 1.00845
3 0 0 0.900718

3
1 2 3 0.892456
2 0 0 0.844624
3 0 0 1.05475

3
1 6 1541 0.905695
2 0 0 1.03522
3 0 0 0.853949

5
1 0 5948 0.9225
2 5 1 0.941983
4 0 0 1.12488
5 0 0 0.893233
3 0 0 0.866118

3
1 1 2 0.827842
2 0 0 0.812373
3 0 0 0.861362

5
1 0 226 0.86891
2 0 0 1.0503
3 1 1 0.894693
6 0 0 0.94549
7 0 0 0.841611

3
1 4 1 0.829005
2 0 0 0.846541
3 0 0 0.911226

1
1 0 0 0.785577

3
1 0 535 0.837293
2 0 0 1.18961
3 0 0 0.830622

3
1 6 3393 0.863596
2 0 0 0.880212
3 0 0 0.810209

3
1 4 1 0.908031
2 0 0 0.912346
3 0 0 0.999304

3
1 2 4 0.952176
2 0 0 0.938088
3 0 0 0.948365

3
1 4 1 0.871821
2 0 0 0.803173
3 0 0 1.00354

3
1 0 373 0.778438
2 0 0 0.996198
3 0 0 0.881555

5
1 1 1 0.832986
2 6 139 0.900298
4 0 0 1.04882
5 0 0 0.924985
3 0 0 0.778694

3
1 1 2 0.779217
2 0 0 0.795738
3 0 0 0.839819

1
1 0 0 0.760296

3
1 0 2291 0.800697
2 0 0 0.920357
3 0 0 0.90171

3
1 5 1 0.922809
2 0 0 0.973399
3 0 0 0.738606

3
1 6 4661 0.938271
2 0 0 0.918327
3 0 0 0.995883

1
1 0 0 0.819725

1
1 0 0 0.788121

1
1 0 0 1.00435

3
1 5 1 0.873698
2 0 0 1.00337
3 0 0 0.929706

1
1 0 0 0.840344

3
1 5 1 0.914337
2 0 0 1.033
3 0 0 0.758389

3
1 1 2 1.027
2 0 0 0.962538
3 0 0 0.970057

7
1 0 9515 0.884685
2 1 1 0.991059
4 0 0 0.947573
5 0 0 0.889814
3 1 2 0.812265
6 0 0 0.877501
7 0 0 1.10434

3
1 6 3811 0.88535
2 0 0 0.976237
3 0 0 0.904892

1
1 0 0 0.93476

3
1 2 1 0.854074
2 0 0 0.977271
3 0 0 0.867

3
1 0 9808 0.888487
2 0 0 0.885536
3 0 0 0.979472

3
1 4 1 0.896988
2 0 0 0.75788
3 0 0 1.14106

5
1 1 2 0.87045
2 2 3 0.928481
4 0 0 0.949649
5 0 0 0.908155
3 0 0 0.834685

3
1 1 1 0.940625
2 0 0 0.875116
3 0 0 0.995518

1
1 0 0 0.803919

1
1 0 0 0.874108

5
1 5 1 0.834384
2 0 7227 1.06766
4 0 0 1.00659
5 0 0 1.0298
3 0 0 0.792974

3
1 4 1 0.911963
2 0 0 0.94047
3 0 0 0.946775

3
1 0 1010 0.876304
2 0 0 1.00033
3 0 0 0.858739

5
1 4 1 0.869293
2 0 0 0.830824
3 2 3 0.974085
6 0 0 0.990262
7 0 0 0.918042

3
1 0 9045 0.910687
2 0 0 0.93757
3 0 0 1.03824

3
1 1 1 0.885182
2 0 0 0.930171
3 0 0 0.752649

1
1 0 0 0.776245

3
1 5 1 0.914923
2 0 0 0.90257
3 0 0 0.890795

1
1 0 0 0.768308

5
1 6 3821 0.89907
2 1 2 0.949267
4 0 0 0.908682
5 0 0 0.969795
3 0 0 0.873147

3
1 5 1 0.852696
2 0 0 0.892233
3 0 0 0.781127

3
1 2 3 0.876786
2 0 0 0.906111
3 0 0 0.943584

1
1 0 0 0.816108

3
1 1 1 0.911338
2 0 0 0.960795
3 0 0 0.928216

3
1 1 2 0.832973
2 0 0 0.795053
3 0 0 1.01178

5
1 1 2 0.914233
2 0 0 0.86048
3 0 4041 1.05685
6 0 0 1.06552
7 0 0 1.08131

3
1 6 5333 0.907159
2 0 0 0.848081
3 0 0 1.00153

3
1 5 1 0.835644
2 0 0 1.01315
3 0 0 0.796405

3
1 6 541 0.859533
2 0 0 0.974067
3 0 0 0.854761

3
1 0 388 0.775204
2 0 0 1.01274
3 0 0 0.814115

1
1 0 0 0.773376

3
1 0 344 0.825195
2 0 0 0.79865
3 0 0 0.856252

5
1 1 1 0.867441
2 2 1 0.975668
4 0 0 0.912921
5 0 0 0.926592
3 0 0 0.86733

3
1 1 1 0.818845
2 0 0 0.934587
3 0 0 0.731311

1
1 0 0 0.766139

5
1 5 1 0.869063
2 2 4 1.06676
4 0 0 1.00811
5 0 0 1.03533
3 0 0 0.785984

5
1 4 1 1.01845
2 0 7818 0.971184
4 0 0 0.913726
5 0 0 0.962099
3 0 0 0.888998

3
1 2 3 0.953331
2 0 0 0.947337
3 0 0 1.03157

3
1 1 1 0.83947
2 0 0 0.99887
3 0 0 0.889093

3
1 4 1 0.851931
2 0 0 0.8397
3 0 0 0.930781

3
1 1 2 0.881824
2 0 0 0.847004
3 0 0 0.97142

1
1 0 0 0.820035

1
1 0 0 0.780276

1
1 0 0 0.872993

7
1 0 5457 0.993992
2 0 0 0.92436
3 0 5753 0.966088
6 5 1 0.919596
12 0 0 1.0713
13 0 0 1.15652
7 0 0 0.90714

5
1 6 5351 0.903507
2 0 0 0.930954
3 0 6322 0.931354
6 0 0 1.07701
7 0 0 1.1878

3
1 1 1 0.846903
2 0 0 1.03751
3 0 0 0.798735

3
1 5 1 0.875462
2 0 0 1.04415
3 0 0 0.845759

5
1 0 797 0.83757
2 2 3 0.949363
4 0 0 0.939775
5 0 0 0.891634
3 0 0 0.896406

3
1 6 2751 0.973657
2 0 0 1.02657
3 0 0 0.81555

1
1 0 0 0.8421

3
1 1 2 0.868937
2 0 0 0.959064
3 0 0 0.929499

5
1 0 132 0.750953
2 6 4237 0.883752
4 0 0 1.0089
5 0 0 1.01746
3 0 0 0.849213

1
1 0 0 0.896823

3
1 1 2 0.887585
2 0 0 0.901798
3 0 0 0.889128

3
1 6 1047 0.866707
2 0 0 0.823167
3 0 0 0.881949

3
1 2 4 0.796688
2 0 0 0.769978
3 0 0 0.843132

3
1 1 1 0.906175
2 0 0 1.0562
3 0 0 0.931093

3
1 2 2 0.898092
2 0 0 1.00106
3 0 0 0.880148

3
1 0 5642 0.990881
2 0 0 0.952973
3 0 0 0.867208

3
1 5 1 0.91071
2 0 0 1.11534
3 0 0 0.920758

3
1 6 5201 0.864115
2 0 0 0.838744
3 0 0 0.951564

3
1 1 2 0.853789
2 0 0 0.757976
3 0 0 0.960354

1
1 0 0 0.780082

3
1 6 32 0.774859
2 0 0 0.975691
3 0 0 0.651204

3
1 5 1 0.955578
2 0 0 1.10234
3 0 0 0.7956

1
1 0 0 0.935193

1
1 0 0 0.827271

5
1 1 1 0.88398
2 2 4 1.08935
4 0 0 0.942746
5 0 0 0.965841
3 0 0 0.870971

3
1 6 97 0.802183
2 0 0 0.996446
3 0 0 0.898533

3
1 0 466 0.784654
2 0 0 0.914566
3 0 0 0.801301

5
1 5 1 0.922865
2 0 0 1.03745
3 0 503 0.801275
6 0 0 0.981599
7 0 0 0.804049

3
1 5 1 1.05734
2 0 0 1.03796
3 0 0 0.772768

1
1 0 0 0.702931

3
1 0 2260 0.903654
2 0 0 0.968941
3 0 0 0.858245

3
1 5 1 0.858744
2 0 0 0.954256
3 0 0 0.796693

5
1 6 5217 0.963439
2 5 1 0.912953
4 0 0 1.07942
5 0 0 0.815743
3 0 0 1.03933

3
1 0 487 0.858895
2 0 0 1.03482
3 0 0 0.86806

3
1 0 131 0.856507
2 0 0 0.94311
3 0 0 0.858594

3
1 4 1 0.915765
2 0 0 1.00875
3 0 0 0.939395

3
1 0 3854 0.936582
2 0 0 0.942038
3 0 0 0.930822

3
1 0 6815 0.900589
2 0 0 0.848061
3 0 0 0.958292

7
1 6 1354 0.90707
2 1 1 0.948705
4 0 0 1.00541
5 1 2 0.989302
10 0 0 1.09267
11 0 0 1.01423
3 0 0 0.908693

3
1 4 1 0.835062
2 0 0 0.848429
3 0 0 1.02773

1
1 0 0 0.833656

3
1 2 4 0.81135
2 0 0 0.802556
3 0 0 0.878421

7
1 5 1 0.854204
2 0 0 0.996311
3 6 76 0.898002
6 0 7998 0.947941
12 0 0 1.02802
13 0 0 1.0578
7 0 0 0.921534

1
1 0 0 0.870706

5
1 4 1 0.880154
2 0 0 0.835625
3 2 1 0.983463
6 0 0 0.896884
7 0 0 1.0484

3
1 4 1 0.844021
2 0 0 0.674103
3 0 0 0.948333

3
1 5 1 0.876875
2 0 0 1.00209
3 0 0 0.774378

3
1 4 1 0.786479
2 0 0 0.982374
3 0 0 1.01737

3
1 1 1 0.912545
2 0 0 1.043
3 0 0 0.844524

3
1 1 1 0.82641
2 0 0 1.05199
3 0 0 0.854592

1
1 0 0 0.817818

3
1 0 2962 0.805138
2 0 0 0.880446
3 0 0 0.809257

5
1 5 1 0.85062
2 6 4080 1.01926
4 0 0 1.0545
5 0 0 0.928309
3 0 0 0.816538

3
1 0 9156 0.900227
2 0 0 0.900702
3 0 0 0.905608

3
1 6 197 0.801006
2 0 0 1.00066
3 0 0 0.831462

3
1 5 1 0.849999
2 0 0 0.904404
3 0 0 0.80652

1
1 0 0 0.815909

7
1 1 1 0.888776
2 0 504 1.05115
4 0 0 0.914581
5 0 0 1.01404
3 0 8015 0.961701
6 0 0 0.980636
7 0 0 1.01685

3
1 1 1 0.87916
2 0 0 1.13525
3 0 0 0.858496

3
1 2 4 0.861717
2 0 0 0.913555
3 0 0 0.903412

3
1 6 2240 0.899273
2 0 0 0.903067
3 0 0 0.870016

3
1 5 1 0.926266
2 0 0 0.973347
3 0 0 0.871963

3
1 1 1 0.84724
2 0 0 1.06441
3 0 0 0.860906

1
1 0 0 0.749557

1
1 0 0 0.760635

3
1 5 1 0.952686
2 0 0 1.03682
3 0 0 0.942563

1
1 0 0 0.877314

3
1 4 1 0.867492
2 0 0 0.935122
3 0 0 0.988499

3
1 1 1 0.871987
2 0 0 1.01907
3 0 0 0.806439

3
1 1 1 0.812468
2 0 0 0.986273
3 0 0 0.814672

1
1 0 0 0.84905

1
1 0 0 0.941616

3
1 4 1 0.819045
2 0 0 0.741675
3 0 0 1.01252

3
1 1 1 0.859505
2 0 0 0.928126
3 0 0 0.837175

1
1 0 0 0.916311

3
1 1 1 0.875547
2 0 0 0.951251
3 0 0 0.785296

1
1 0 0 0.915717

1
1 0 0 0.815225

1
1 0 0 0.816682

3
1 0 8687 0.913271
2 0 0 0.782277
3 0 0 0.910311

3
1 2 2 0.868669
2 0 0 0.820944
3 0 0 0.937051

3
1 6 622 0.854981
2 0 0 0.977728
3 0 0 0.803329

3
1 4 1 1.0573
2 0 0 1.01262
3 0 0 0.935567

3
1 1 2 0.890955
2 0 0 0.906912
3 0 0 1.00385

1
1 0 0 0.867314

1
1 0 0 0.891296

1
1 0 0 0.885439

3
1 0 796 0.83113
2 0 0 1.07161
3 0 0 0.914955

1
1 0 0 0.683202

1
1 0 0 0.754762

5
1 2 2 0.8685
2 0 0 0.876949
3 1 2 0.906957
6 0 0 0.847941
7 0 0 0.993947

7
1 0 7141 0.885415
2 5 1 0.91675
4 0 0 0.983665
5 0 0 0.79842
3 2 3 0.877775
6 0 0 0.815472
7 0 0 0.914733

3
1 5 1 0.82972
2 0 0 1.02425
3 0 0 0.809602

1
1 0 0 0.796791

1
1 0 0 0.879845

3
1 1 1 0.914705
2 0 0 0.99288
3 0 0 0.843667

1
1 0 0 0.798409

1
1 0 0 0.816999

5
1 6 1811 0.900357
2 0 0 1.06706
3 6 5320 0.911089
6 0 0 0.91015
7 0 0 0.982311

3
1 2 2 0.888897
2 0 0 0.911391
3 0 0 0.907951

3
1 6 583 0.883442
2 0 0 0.974294
3 0 0 0.898032

1
1 0 0 0.801591

1
1 0 0 0.871434

3
1 6 905 0.872788
2 0 0 0.838724
3 0 0 0.955567

7
1 4 1 0.967166
2 6 2422 0.869438
4 2 1 0.910885
8 0 0 0.928219
9 0 0 1.00627
5 0 0 0.797204
3 0 0 0.966716

3
1 1 1 0.958776
2 0 0 0.978679
3 0 0 0.740577

3
1 6 3354 0.910284
2 0 0 0.928389
3 0 0 0.876157

1
1 0 0 0.831318

3
1 4 1 0.860288
2 0 0 0.786953
3 0 0 0.945932

3
1 5 1 0.906929
2 0 0 0.976579
3 0 0 0.85058

3
1 4 1 0.893175
2 0 0 0.82204
3 0 0 1.03443

3
1 1 1 0.929888
2 0 0 0.868228
3 0 0 0.878532

1
1 0 0 0.9277

3
1 6 5295 0.890039
2 0 0 0.909041
3 0 0 1.04019

3
1 5 1 0.808621
2 0 0 1.13575
3 0 0 0.858725

3
1 5 1 0.881577
2 0 0 0.97963
3 0 0 0.852136

3
1 0 691 0.849975
2 0 0 0.913973
3 0 0 0.775803

1
1 0 0 0.905043

3
1 0 6124 0.942282
2 0 0 0.951217
3 0 0 0.807096

3
1 5 1 0.850666
2 0 0 1.0412
3 0 0 0.855525

5
1 6 3020 0.914148
2 1 1 0.975425
4 0 0 0.926762
5 0 0 0.926324
3 0 0 0.931921

3
1 1 1 0.831136
2 0 0 1.01984
3 0 0 0.78771

1
1 0 0 0.855054

3
1 1 1 0.855795
2 0 0 0.938956
3 0 0 0.815986

1
1 0 0 0.821975

3
1 4 1 0.923955
2 0 0 0.922075
3 0 0 0.948224

3
1 6 5257 0.751422
2 0 0 0.73809
3 0 0 0.965348

1
1 0 0 0.702039

1
1 0 0 0.967659

3
1 0 792 0.778885
2 0 0 1.01623
3 0 0 0.766979

3
1 0 3284 0.88497
2 0 0 0.976545
3 0 0 0.837485

3
1 4 1 0.890154
2 0 0 0.816239
3 0 0 0.986782

3
1 4 1 0.809557
2 0 0 0.82778
3 0 0 0.928016

3
1 1 1 0.868416
2 0 0 0.939733
3 0 0 0.728114

1
1 0 0 0.865849

3
1 5 1 0.899024
2 0 0 1.04532
3 0 0 0.771568

3
1 2 4 0.874522
2 0 0 0.944376
3 0 0 1.05593

3
1 0 5860 0.910041
2 0 0 0.920113
3 0 0 0.916986

1
1 0 0 0.829174

3
1 2 4 0.876465
2 0 0 0.821394
3 0 0 0.930931

3
1 1 2 0.890144
2 0 0 0.850665
3 0 0 1.01562

3
1 2 1 0.947273
2 0 0 1.102
3 0 0 0.909487

1
1 0 0 0.776016

3
1 4 1 0.860082
2 0 0 0.856518
3 0 0 1.08278

5
1 2 3 0.857155
2 0 0 0.778837
3 0 8925 0.960584
6 0 0 0.992592
7 0 0 0.991623

3
1 2 3 0.915366
2 0 0 1.0011
3 0 0 0.894125

3
1 1 1 0.815526
2 0 0 1.02244
3 0 0 0.885353

3
1 1 1 0.841704
2 0 0 0.933315
3 0 0 0.845372

1
1 0 0 0.860295

3
1 4 1 0.855288
2 0 0 0.841865
3 0 0 0.984698

3
1 6 1273 0.854328
2 0 0 0.982887
3 0 0 0.905475

1
1 0 0 0.791645

3
1 2 2 0.879763
2 0 0 1.14181
3 0 0 0.918633

3
1 5 1 0.93175
2 0 0 1.01407
3 0 0 0.861272

1
1 0 0 0.772549

3
1 1 1 0.851986
2 0 0 0.904226
3 0 0 0.73514

3
1 0 105 0.897519
2 0 0 1.00444
3 0 0 0.84351

5
1 1 1 0.888776
2 0 0 1.04509
3 0 7645 0.906218
6 0 0 0.924527
7 0 0 0.83124

1
1 0 0 0.887683

3
1 5 1 0.824941
2 0 0 0.967428
3 0 0 0.800994

3
1 0 422 0.784184
2 0 0 1.00424
3 0 0 0.826934

3
1 4 1 0.890527
2 0 0 0.836065
3 0 0 0.92358

3
1 1 1 0.84724
2 0 0 1.1443
3 0 0 0.838506

1
1 0 0 0.806382

1
1 0 0 0.915037

1
1 0 0 0.861566

1
1 0 0 0.742989

1
1 0 0 0.875757

3
1 1 1 0.871987
2 0 0 1.05737
3 0 0 0.782017

1
1 0 0 0.875458

1
1 0 0 0.827704

3
1 2 4 0.876647
2 0 0 0.9282
3 0 0 0.934806

5
1 4 1 0.888546
2 0 0 0.864078
3 2 1 1.0205
6 0 0 0.917876
7 0 0 1.04196

3
1 6 1618 0.905508
2 0 0 0.929298
3 0 0 0.827667

3
1 5 1 0.86583
2 0 0 0.941342
3 0 0 0.854976

3
1 5 1 0.84807
2 0 0 1.03935
3 0 0 0.900366

1
1 0 0 0.843557

1
1 0 0 0.88294

3
1 5 1 0.929399
2 0 0 1.10182
3 0 0 0.864504

1
1 0 0 0.794823

3
1 4 1 0.744017
2 0 0 0.831024
3 0 0 0.871613

3
1 1 1 0.727914
2 0 0 0.937587
3 0 0 0.756951

1
1 0 0 0.736062

5
1 0 2697 0.859875
2 5 1 1.03836
4 0 0 0.931707
5 0 0 0.96281
3 0 0 0.805209

5
1 6 3371 0.931629
2 1 1 0.983887
4 0 0 1.03715
5 0 0 0.95291
3 0 0 0.809124

3
1 4 1 0.835617
2 0 0 0.878452
3 0 0 0.960276

1
1 0 0 0.857154

3
1 5 1 0.8702
2 0 0 1.08087
3 0 0 0.798685

3
1 6 1187 0.936215
2 0 0 0.943298
3 0 0 0.916512

3
1 0 5393 0.874088
2 0 0 0.958094
3 0 0 0.935033

3
1 2 2 0.871981
2 0 0 0.834008
3 0 0 0.954734

3
1 0 1588 0.840258
2 0 0 0.957484
3 0 0 0.80408

1
1 0 0 0.898367

1
1 0 0 0.781623

1
1 0 0 0.818231

1
1 0 0 0.850024

3
1 2 2 0.88625
2 0 0 0.992648
3 0 0 0.929266

5
1 5 1 0.837514
2 6 2982 0.988722
4 0 0 1.00901
5 0 0 0.978901
3 0 0 0.870525

1
1 0 0 0.756357

3
1 0 946 0.805015
2 0 0 1.04418
3 0 0 0.766696

3
1 5 1 0.804095
2 0 0 0.965984
3 0 0 0.812726

1
1 0 0 0.798075

3
1 2 4 0.902894
2 0 0 0.86413
3 0 0 1.00148

3
1 2 4 0.829589
2 0 0 0.864057
3 0 0 0.858143

5
1 6 3741 0.866621
2 5 1 0.960224
4 0 0 0.904458
5 0 0 0.919413
3 0 0 0.808574

3
1 2 2 0.911926
2 0 0 0.930021
3 0 0 0.933038

3
1 1 1 0.907945
2 0 0 0.998874
3 0 0 0.878188

3
1 5 1 0.849162
2 0 0 0.961876
3 0 0 0.802724

5
1 2 4 0.885998
2 0 3092 0.93962
4 0 0 0.992327
5 0 0 0.948191
3 0 0 0.965911

5
1 1 1 0.897917
2 6 454 0.896949
4 0 0 1.00234
5 0 0 0.995128
3 0 0 0.774075

1
1 0 0 0.741774

5
1 4 1 0.937911
2 0 0 0.93629
3 6 29 0.975325
6 0 0 0.964645
7 0 0 0.93632

3
1 5 1 0.839657
2 0 0 0.959368
3 0 0 0.890227

1
1 0 0 0.898065

1
1 0 0 0.776628

3
1 2 1 0.836342
2 0 0 0.886576
3 0 0 0.849436

5
1 0 540 0.888055
2 0 0 1.05371
3 4 1 0.945168
6 0 0 0.807577
7 0 0 0.954616

3
1 0 8814 0.891026
2 0 0 0.91581
3 0 0 0.892211

3
1 4 1 0.929314
2 0 0 0.85015
3 0 0 1.02789

5
1 5 1 0.848548
2 2 1 0.908808
4 0 0 0.986005
5 0 0 0.965469
3 0 0 0.871384

3
1 4 1 0.788072
2 0 0 0.801181
3 0 0 0.946921

5
1 6 248 0.871318
2 2 2 0.920712
4 0 0 0.93225
5 0 0 1.00576
3 0 0 0.845671

3
1 4 1 0.890597
2 0 0 0.903729
3 0 0 1.1368

5
1 1 2 0.868139
2 0 0 0.86085
3 6 1645 0.940385
6 0 0 0.913122
7 0 0 0.867427

3
1 1 2 0.880839
2 0 0 0.825256
3 0 0 0.918794

3
1 1 1 0.888053
2 0 0 1.10953
3 0 0 0.817613

3
1 0 1864 0.862203
2 0 0 0.832915
3 0 0 0.839987

3
1 5 1 0.875197
2 0 0 0.93172
3 0 0 0.886902

1
1 0 0 0.734534

3
1 1 2 0.82824
2 0 0 0.838819
3 0 0 0.970451

3
1 0 6732 0.862089
2 0 0 0.804624
3 0 0 0.913987

1
1 0 0 0.946357

1
1 0 0 0.80624

1
1 0 0 0.88656

3
1 5 1 0.820751
2 0 0 0.973664
3 0 0 0.73896

1
1 0 0 0.796403

7
1 6 4917 0.911163
2 0 0 0.801292
3 0 8911 0.899792
6 0 0 0.878128
7 0 9257 1.10975
14 0 0 0.976847
15 0 0 1.05052

1
1 0 0 0.820839

1
1 0 0 0.783467

3
1 1 1 0.891847
2 0 0 1.16073
3 0 0 0.734398

3
1 1 1 0.866444
2 0 0 1.04741
3 0 0 0.839319

3
1 6 572 0.838713
2 0 0 0.91424
3 0 0 0.945271

1
1 0 0 0.895572

1
1 0 0 0.810149

3
1 0 2006 0.948182
2 0 0 0.935071
3 0 0 0.909814

3
1 6 4433 0.906948
2 0 0 1.0578
3 0 0 0.975083

3
1 4 1 0.821721
2 0 0 0.880025
3 0 0 0.924897

3
1 2 2 0.908573
2 0 0 0.863032
3 0 0 0.895677

3
1 6 1621 0.901996
2 0 0 0.954778
3 0 0 0.929549

3
1 5 1 0.885631
2 0 0 1.01758
3 0 0 0.838094

5
1 4 1 0.902907
2 6 5220 0.852311
4 0 0 0.897065
5 0 0 1.09799
3 0 0 1.00402

3
1 1 2 0.804491
2 0 0 0.72728
3 0 0 1.03221

1
1 0 0 0.837878

3
1 2 4 0.973911
2 0 0 0.905466
3 0 0 0.953759

3
1 2 1 0.852856
2 0 0 1.03352
3 0 0 0.914569

1
1 0 0 0.728381

3
1 2 1 0.865779
2 0 0 0.961368
3 0 0 0.99759

3
1 1 1 0.888776
2 0 0 0.988276
3 0 0 0.798509

3
1 2 4 0.848884
2 0 0 0.924786
3 0 0 0.966771

3
1 6 1527 0.88117
2 0 0 0.900866
3 0 0 0.851846

3
1 1 1 0.926293
2 0 0 0.892596
3 0 0 0.982919

3
1 5 1 0.891337
2 0 0 0.880257
3 0 0 0.975189

3
1 4 1 0.921453
2 0 0 0.81831
3 0 0 1.00669

3
1 1 2 0.95175
2 0 0 0.980654
3 0 0 0.991464

3
1 4 1 0.888368
2 0 0 0.913956
3 0 0 1.03467

3
1 5 1 0.895937
2 0 0 0.929379
3 0 0 0.850783

3
1 1 1 0.825969
2 0 0 1.01142
3 0 0 0.920108

3
1 5 1 0.910242
2 0 0 0.985751
3 0 0 0.963052

3
1 1 1 0.871987
2 0 0 0.932377
3 0 0 0.766197

3
1 1 1 0.853296
2 0 0 0.962289
3 0 0 0.732038

3
1 1 1 0.768795
2 0 0 0.951339
3 0 0 0.817128

3
1 1 2 0.859064
2 0 0 0.721797
3 0 0 0.942365

5
1 6 5375 0.908554
2 0 0 0.883015
3 0 3555 0.85748
6 0 0 0.88949
7 0 0 0.993324

3
1 6 176 0.930475
2 0 0 1.02746
3 0 0 0.923432

3
1 4 1 0.821126
2 0 0 0.796366
3 0 0 0.856996

3
1 1 1 0.864744
2 0 0 1.13364
3 0 0 0.805963

3
1 1 1 0.925117
2 0 0 1.06367
3 0 0 0.705121

3
1 1 2 0.880018
2 0 0 0.862109
3 0 0 0.85932

3
1 0 4758 0.916829
2 0 0 0.995392
3 0 0 0.894384

1
1 0 0 0.914812

3
1 6 265 0.923859
2 0 0 0.988091
3 0 0 0.848057

3
1 1 2 0.921665
2 0 0 0.820935
3 0 0 0.984688

5
1 6 2960 0.836845
2 4 1 0.978999
4 0 0 0.943842
5 0 0 1.09236
3 0 0 0.824246

1
1 0 0 0.920271

1
1 0 0 0.82717

1
1 0 0 0.761064

5
1 4 1 0.776906
2 0 0 0.847443
3 6 1600 0.884779
6 0 0 1.02596
7 0 0 1.02156

3
1 5 1 0.876819
2 0 0 0.964389
3 0 0 0.737581

1
1 0 0 0.805345

5
1 4 1 0.803121
2 0 0 0.847924
3 0 9127 0.935809
6 0 0 0.913409
7 0 0 1.04883

3
1 1 1 0.894954
2 0 0 0.946292
3 0 0 0.873862

1
1 0 0 0.735889

3
1 1 2 0.80508
2 0 0 0.839366
3 0 0 0.867749

1
1 0 0 0.79924

3
1 1 1 0.902317
2 0 0 0.945464
3 0 0 0.880323

3
1 5 1 0.90195
2 0 0 0.997067
3 0 0 0.950615

3
1 5 1 0.828406
2 0 0 1.06998
3 0 0 0.853718

3
1 5 1 0.807348
2 0 0 1.01984
3 0 0 0.842755

3
1 5 1 0.869632
2 0 0 0.993893
3 0 0 0.822234

5
1 0 917 0.855061
2 0 0 1.00617
3 4 1 0.830716
6 0 0 0.817716
7 0 0 1.01585

3
1 1 1 0.920831
2 0 0 1.02066
3 0 0 0.869236

5
1 0 3018 0.858549
2 1 1 0.931732
4 0 0 0.964292
5 0 0 0.884418
3 0 0 0.789192

1
1 0 0 0.754162

3
1 0 5103 0.916907
2 0 0 0.871616
3 0 0 0.921618

1
1 0 0 0.841653

3
1 1 1 0.821855
2 0 0 1.07004
3 0 0 0.834054

3
1 5 1 0.843377
2 0 0 1.0009
3 0 0 1.00645

3
1 5 1 0.872922
2 0 0 1.08237
3 0 0 0.770687

5
1 2 4 0.856294
2 6 2908 0.864495
4 0 0 0.94105
5 0 0 0.844578
3 0 0 0.878794

1
1 0 0 0.876792

3
1 6 1624 0.836906
2 0 0 0.839544
3 0 0 0.852822

1
1 0 0 0.821414

5
1 2 4 0.88305
2 0 0 0.784782
3 5 1 0.887387
6 0 0 1.08482
7 0 0 0.944354

3
1 1 2 0.93476
2 0 0 0.941029
3 0 0 0.927044

3
1 1 1 0.85731
2 0 0 0.951324
3 0 0 0.802808

3
1 1 2 0.852443
2 0 0 0.876081
3 0 0 0.907318

3
1 0 2130 0.924958
2 0 0 1.0602
3 0 0 0.948297

5
1 5 1 0.854646
2 0 2557 0.955552
4 0 0 0.927869
5 0 0 1.00927
3 0 0 0.710988

1
1 0 0 0.713568

3
1 6 4428 0.875898
2 0 0 0.812591
3 0 0 0.933738

5
1 1 1 0.837085
2 0 0 1.0885
3 0 3983 0.995053
6 0 0 0.927536
7 0 0 1.00914

3
1 0 3031 0.794359
2 0 0 1.09115
3 0 0 0.911474

5
1 0 740 0.844938
2 2 3 1.01852
4 0 0 1.01534
5 0 0 0.974093
3 0 0 0.758898

3
1 0 5281 0.895565
2 0 0 0.869419
3 0 0 0.947975

3
1 6 4151 0.86407
2 0 0 0.931789
3 0 0 0.849272

1
1 0 0 0.809332

3
1 2 4 0.926376
2 0 0 0.913098
3 0 0 0.956164

3
1 0 6363 0.865857
2 0 0 0.907255
3 0 0 1.03729

3
1 6 1238 0.925085
2 0 0 0.786637
3 0 0 0.880445

1
1 0 0 0.77633

3
1 4 1 0.928215
2 0 0 0.879559
3 0 0 0.984939

3
1 2 3 0.802978
2 0 0 0.813667
3 0 0 0.913622

3
1 6 993 0.914504
2 0 0 0.978643
3 0 0 0.857178

3
1 5 1 0.8677
2 0 0 0.903879
3 0 0 0.839382

7
1 0 7067 0.86342
2 0 0 0.898915
3 0 7153 1.04366
6 0 0 0.948446
7 0 8674 1.01759
14 0 0 1.0635
15 0 0 0.936596

3
1 6 3305 0.839661
2 0 0 0.85244
3 0 0 0.841384

3
1 0 150 0.815765
2 0 0 0.93896
3 0 0 0.899142

3
1 0 1128 0.814933
2 0 0 0.876706
3 0 0 0.712408

3
1 6 5020 0.913028
2 0 0 0.915737
3 0 0 0.909566

3
1 1 2 0.788976
2 0 0 0.685435
3 0 0 0.878593

5
1 1 2 0.907962
2 0 0 0.862004
3 0 9441 0.856567
6 0 0 0.872713
7 0 0 0.925458

1
1 0 0 0.903706

1
1 0 0 0.732623

3
1 5 1 0.852437
2 0 0 0.940934
3 0 0 0.877173

1
1 0 0 0.812681

3
1 5 1 0.951423
2 0 0 0.990333
3 0 0 0.700349

3
1 5 1 0.927999
2 0 0 0.937951
3 0 0 0.956585

3
1 6 4264 0.909838
2 0 0 0.933522
3 0 0 0.92196

5
1 0 6536 0.879599
2 1 1 0.828889
4 0 0 0.962703
5 0 0 0.800508
3 0 0 0.894063

5
1 5 1 0.885631
2 0 4263 1.0487
4 0 0 1.09782
5 0 0 1.11267
3 0 0 0.762073

1
1 0 0 0.828426

3
1 5 1 0.908873
2 0 0 1.04369
3 0 0 0.959388

3
1 4 1 0.823112
2 0 0 0.815503
3 0 0 0.819436

3
1 1 2 0.811666
2 0 0 0.855111
3 0 0 0.874836

3
1 6 4448 0.85411
2 0 0 0.811204
3 0 0 0.84357

3
1 0 7841 0.896868
2 0 0 0.896532
3 0 0 0.962821

1
1 0 0 0.905433

3
1 4 1 0.998729
2 0 0 0.849452
3 0 0 0.94078

3
1 1 1 0.875209
2 0 0 0.954926
3 0 0 0.757363

3
1 2 1 0.943933
2 0 0 0.970641
3 0 0 0.931566

5
1 4 1 0.789305
2 0 0 0.915895
3 2 2 0.931561
6 0 0 0.859215
7 0 0 0.983752

5
1 0 1130 0.758147
2 2 4 0.996258
4 0 0 1.00479
5 0 0 1.11642
3 0 0 0.871469

1
1 0 0 0.819264

1
1 0 0 0.826413

5
1 0 6608 0.95043
2 0 0 0.986593
3 4 1 0.961936
6 0 0 0.956234
7 0 0 1.05407

1
1 0 0 0.896263

3
1 1 1 0.825969
2 0 0 0.959815
3 0 0 0.810602

3
1 0 349 0.81765
2 0 0 0.971362
3 0 0 0.821217

3
1 1 2 0.914043
2 0 0 0.898341
3 0 0 0.940175

3
1 1 1 0.853296
2 0 0 0.974838
3 0 0 0.820288

3
1 1 2 0.972521
2 0 0 0.860145
3 0 0 0.961572

1
1 0 0 0.902179

5
1 6 3353 0.890008
2 6 3154 1.05241
4 0 0 1.02649
5 0 0 0.908843
3 0 0 0.861258

3
1 1 1 0.927893
2 0 0 0.950782
3 0 0 0.938145

3
1 4 1 0.919047
2 0 0 0.992122
3 0 0 0.966621

3
1 4 1 0.851274
2 0 0 0.860456
3 0 0 0.971661

3
1 2 3 0.894623
2 0 0 0.950237
3 0 0 0.848906

3
1 4 1 0.891328
2 0 0 0.804907
3 0 0 1.03668

3
1 6 185 0.846946
2 0 0 0.923773
3 0 0 0.828632

3
1 1 2 0.801408
2 0 0 0.847184
3 0 0 0.954313

3
1 1 1 0.918947
2 0 0 0.991845
3 0 0 0.753039

3
1 1 1 0.887542
2 0 0 0.9698
3 0 0 0.918382

1
1 0 0 0.799391

1
1 0 0 0.786828

1
1 0 0 0.731241

1
1 0 0 0.993073

3
1 2 2 0.98738
2 0 0 0.994293
3 0 0 1.03529

1
1 0 0 0.886833

3
1 1 1 0.88423
2 0 0 0.972561
3 0 0 0.901107

1
1 0 0 0.789271

1
1 0 0 0.706496

5
1 0 1893 0.948242
2 6 4325 1.03626
4 0 0 1.02439
5 0 0 1.05569
3 0 0 0.895842

3
1 5 1 0.814127
2 0 0 0.910622
3 0 0 0.827496

3
1 5 1 0.842879
2 0 0 1.05933
3 0 0 0.712079

3
1 4 1 0.872752
2 0 0 0.760669
3 0 0 0.974982

1
1 0 0 0.892045

1
1 0 0 0.795854

3
1 1 1 0.838857
2 0 0 0.96873
3 0 0 0.827546

3
1 2 4 0.934539
2 0 0 0.906628
3 0 0 0.9488

3
1 1 2 0.832364
2 0 0 0.84063
3 0 0 0.98987

1
1 0 0 0.854297

3
1 5 1 0.847681
2 0 0 0.947489
3 0 0 0.841394

3
1 2 3 0.937019
2 0 0 0.960102
3 0 0 0.922046

1
1 0 0 0.887394

3
1 6 5337 0.840631
2 0 0 0.83515
3 0 0 1.07932

1
1 0 0 0.794339

3
1 0 1428 0.850625
2 0 0 1.03972
3 0 0 0.8586

3
1 5 1 0.872922
2 0 0 0.976396
3 0 0 0.724368

3
1 4 1 0.925044
2 0 0 0.925819
3 0 0 0.932761

1
1 0 0 0.860165

1
1 0 0 0.876047

3
1 1 1 0.858087
2 0 0 0.964304
3 0 0 0.822459

5
1 6 288 0.951741
2 0 0 0.981732
3 1 2 0.868728
6 0 0 0.903207
7 0 0 1.00531

3
1 2 4 0.912464
2 0 0 0.860155
3 0 0 0.938984

3
1 5 1 0.913921
2 0 0 1.04253
3 0 0 0.823919

3
1 0 6311 0.811529
2 0 0 0.896122
3 0 0 0.873992

3
1 5 1 0.89109
2 0 0 1.00667
3 0 0 0.821145

3
1 1 1 0.866893
2 0 0 1.04972
3 0 0 0.938122

3
1 1 2 0.889252
2 0 0 0.797387
3 0 0 0.951657

1
1 0 0 0.75152

3
1 0 2615 0.928062
2 0 0 0.875588
3 0 0 0.891152

3
1 0 272 0.672571
2 0 0 0.910952
3 0 0 0.825455

3
1 6 301 0.838828
2 0 0 1.01394
3 0 0 0.781583

1
1 0 0 0.794185

3
1 5 1 0.838938
2 0 0 1.09109
3 0 0 0.735323

3
1 1 1 0.826389
2 0 0 1.06804
3 0 0 0.855217

3
1 1 1 0.886046
2 0 0 0.961177
3 0 0 0.782487

3
1 4 1 0.895138
2 0 0 0.869642
3 0 0 0.874709

1
1 0 0 0.949008

3
1 4 1 0.840233
2 0 0 0.893632
3 0 0 1.01655

3
1 0 5374 0.926505
2 0 0 0.9593
3 0 0 0.935564

3
1 0 2127 0.921389
2 0 0 1.01375
3 0 0 0.93069

1
1 0 0 0.723846

5
1 2 3 0.917597
2 4 1 0.892857
4 0 0 0.957678
5 0 0 0.964287
3 0 0 1.02454

1
1 0 0 0.849162

1
1 0 0 0.855594

3
1 2 2 0.86646
2 0 0 0.851852
3 0 0 0.88072

3
1 5 1 0.916085
2 0 0 0.872128
3 0 0 0.88874

3
1 2 4 0.899154
2 0 0 0.852763
3 0 0 0.949629

3
1 6 3098 0.80446
2 0 0 0.874712
3 0 0 0.847424

3
1 1 2 0.902764
2 0 0 0.74878
3 0 0 1.0531

5
1 5 1 0.927428
2 0 0 1.04174
3 6 4283 0.839666
6 0 0 0.838091
7 0 0 0.924956

5
1 1 1 0.815994
2 0 0 1.01892
3 0 6414 0.858831
6 0 0 0.921102
7 0 0 0.819865

1
1 0 0 0.799286

5
1 2 3 0.877977
2 0 0 0.834051
3 6 2996 0.966002
6 0 0 1.00642
7 0 0 0.877072

3
1 0 185 0.782673
2 0 0 1.02922
3 0 0 0.791254

3
1 6 5375 0.844749
2 0 0 0.793591
3 0 0 1.06641

1
1 0 0 0.868977

1
1 0 0 0.799855

3
1 1 1 0.784909
2 0 0 1.04655
3 0 0 0.929308

3
1 1 1 0.880047
2 0 0 0.975936
3 0 0 0.824408

3
1 5 1 0.842447
2 0 0 0.963061
3 0 0 0.871042

1
1 0 0 0.802705

3
1 6 1606 0.900003
2 0 0 0.940185
3 0 0 0.833507

3
1 1 1 0.89323
2 0 0 0.967636
3 0 0 0.783234

1
1 0 0 0.761557

1
1 0 0 0.784828

3
1 5 1 0.89166
2 0 0 1.00056
3 0 0 0.804837

5
1 2 1 0.877526
2 5 1 0.875979
4 0 0 1.01083
5 0 0 0.915535
3 0 0 0.821128

1
1 0 0 0.879267

5
1 4 1 0.924642
2 6 89 0.810595
4 0 0 0.98479
5 0 0 0.714528
3 0 0 1.07128

1
1 0 0 0.728226

1
1 0 0 0.78808

5
1 2 3 0.848734
2 0 5400 0.849737
4 0 0 1.01185
5 0 0 0.824986
3 0 0 0.921016

5
1 2 1 0.871922
2 0 0 0.793499
3 1 2 0.935838
6 0 0 0.814491
7 0 0 0.938503

3
1 2 3 0.871429
2 0 0 0.840782
3 0 0 0.955121

1
1 0 0 0.728227

3
1 5 1 0.956949
2 0 0 1.02991
3 0 0 0.806486

3
1 1 1 0.948179
2 0 0 1.06807
3 0 0 0.844253

5
1 4 1 0.981689
2 5 1 1.03659
4 0 0 0.993399
5 0 0 0.90334
3 0 0 0.979197

1
1 0 0 0.822812

3
1 4 1 0.92214
2 0 0 0.849241
3 0 0 1.00284

3
1 6 2924 0.856978
2 0 0 0.867632
3 0 0 0.920343

3
1 5 1 0.907875
2 0 0 1.00042
3 0 0 0.952625

1
1 0 0 0.83736

3
1 6 1226 0.874383
2 0 0 0.842262
3 0 0 0.910488

3
1 1 1 0.841678
2 0 0 0.927537
3 0 0 0.860986

5
1 5 1 0.857582
2 0 0 1.15508
3 6 1131 0.934079
6 0 0 0.970548
7 0 0 0.899718

1
1 0 0 1.01799

5
1 4 1 0.926722
2 0 0 0.813069
3 0 3777 1.00908
6 0 0 0.962662
7 0 0 1.07174

3
1 0 5314 0.879646
2 0 0 1.03871
3 0 0 0.92706

5
1 1 1 0.906524
2 0 0 0.94616
3 2 2 0.85649
6 0 0 0.90294
7 0 0 0.904765

1
1 0 0 0.822461

3
1 1 1 0.837708
2 0 0 0.970548
3 0 0 0.739019

5
1 0 187 0.772666
2 0 0 0.939982
3 0 472 0.838924
6 0 0 0.968969
7 0 0 0.846029

3
1 4 1 0.846724
2 0 0 0.823819
3 0 0 0.897764

1
1 0 0 0.851624

1
1 0 0 0.783286

3
1 5 1 0.91497
2 0 0 0.990409
3 0 0 0.88491

1
1 0 0 0.750322

3
1 2 2 0.880135
2 0 0 0.928933
3 0 0 0.881239

3
1 2 3 0.825576
2 0 0 0.855759
3 0 0 1.0265

3
1 1 1 0.927506
2 0 0 0.897532
3 0 0 0.919064

1
1 0 0 0.905114

3
1 2 3 0.843095
2 0 0 0.867182
3 0 0 0.943792

1
1 0 0 0.814851

3
1 1 2 0.759081
2 0 0 0.888558
3 0 0 0.937548

1
1 0 0 0.805225

1
1 0 0 0.790439

3
1 1 1 0.792347
2 0 0 1.00662
3 0 0 0.771941

1
1 0 0 0.906676

7
1 1 1 0.836424
2 0 3785 0.960139
4 0 1060 0.839475
8 0 0 1.03983
9 0 0 0.889158
5 0 0 0.996263
3 0 0 0.800546

1
1 0 0 0.820242

3
1 6 214 0.809088
2 0 0 0.96015
3 0 0 0.748128

3
1 1 1 0.86919
2 0 0 0.965432
3 0 0 0.828345

5
1 2 2 0.940752
2 0 9464 0.835521
4 0 0 0.893796
5 0 0 0.828219
3 0 0 0.941266

3
1 5 1 0.869519
2 0 0 0.937173
3 0 0 0.824036

1
1 0 0 0.744233

3
1 4 1 0.848298
2 0 0 0.91435
3 0 0 1.09936

1
1 0 0 0.914788

5
1 0 2046 0.940465
2 0 0 1.00377
3 1 1 0.935398
6 0 0 1.02248
7 0 0 0.902721

3
1 4 1 0.863691
2 0 0 0.858266
3 0 0 0.929776

1
1 0 0 0.805634

3
1 1 2 0.880746
2 0 0 0.867425
3 0 0 0.943629

1
1 0 0 0.821415

1
1 0 0 0.882017

1
1 0 0 0.813879

3
1 5 1 0.970335
2 0 0 1.24438
3 0 0 0.865003

3
1 6 484 0.987499
2 0 0 0.932985
3 0 0 1.00108

3
1 6 5219 0.838516
2 0 0 0.960645
3 0 0 1.00584

1
1 0 0 0.866774

3
1 5 1 0.892783
2 0 0 0.89032
3 0 0 0.933919

3
1 1 1 0.873229
2 0 0 0.823721
3 0 0 0.760714

3
1 0 896 0.781843
2 0 0 1.05952
3 0 0 0.857042

3
1 5 1 0.892821
2 0 0 1.01845
3 0 0 0.873302

1
1 0 0 0.898425

3
1 0 9974 0.714401
2 0 0 0.718134
3 0 0 0.80823

3
1 0 8801 0.884377
2 0 0 0.840856
3 0 0 1.04031

3
1 1 2 0.896941
2 0 0 0.93067
3 0 0 0.884444

1
1 0 0 0.769588

3
1 5 1 0.81706
2 0 0 0.906264
3 0 0 0.758731

3
1 5 1 0.794545
2 0 0 1.01231
3 0 0 0.867772

1
1 0 0 0.820066

3
1 0 1506 0.890136
2 0 0 0.918042
3 0 0 0.846989

1
1 0 0 0.753696

1
1 0 0 0.903273

3
1 4 1 0.832183
2 0 0 0.843859
3 0 0 0.982244

3
1 5 1 0.907531
2 0 0 0.979091
3 0 0 0.720234

3
1 5 1 0.906949
2 0 0 1.06164
3 0 0 0.878678

3
1 6 10 0.898179
2 0 0 1.0941
3 0 0 0.872079

3
1 1 2 0.906414
2 0 0 0.85151
3 0 0 0.949018

3
1 0 4096 0.991641
2 0 0 0.98016
3 0 0 1.03504

3
1 6 1666 0.884099
2 0 0 1.18912
3 0 0 1.02932

1
1 0 0 0.814418

1
1 0 0 0.766186

1
1 0 0 0.793366

1
1 0 0 0.903268

3
1 4 1 0.840028
2 0 0 0.827576
3 0 0 1.00166

1
1 0 0 0.879637

5
1 5 1 0.883677
2 0 896 1.02063
4 0 0 1.14373
5 0 0 0.999727
3 0 0 0.806408

3
1 1 2 0.884864
2 0 0 0.762895
3 0 0 0.942777

3
1 1 2 0.831648
2 0 0 0.864273
3 0 0 0.938124

3
1 5 1 0.989628
2 0 0 1.0093
3 0 0 0.744968

3
1 1 1 0.881842
2 0 0 1.0105
3 0 0 0.931371

5
1 1 1 0.89323
2 6 1414 1.02063
4 0 0 1.08741
5 0 0 0.962674
3 0 0 0.786524

3
1 2 3 0.954716
2 0 0 0.950605
3 0 0 0.975553

3
1 6 2759 0.859518
2 0 0 1.01065
3 0 0 0.847047

1
1 0 0 0.825588

3
1 5 1 0.768835
2 0 0 0.961825
3 0 0 0.739278

3
1 0 40 0.682735
2 0 0 0.901214
3 0 0 0.695765

5
1 0 747 0.917865
2 0 168 1.05955
4 0 0 1.06312
5 0 0 1.03918
3 0 0 0.945805

1
1 0 0 0.92229

3
1 2 1 0.823307
2 0 0 0.915724
3 0 0 1.05032

1
1 0 0 0.883703

5
1 2 2 0.94706
2 0 0 0.896063
3 2 3 0.901442
6 0 0 0.8949
7 0 0 0.961418

7
1 0 74 0.849276
2 2 3 1.0029
4 2 1 1.02498
8 0 0 0.970325
9 0 0 1.04617
5 0 0 1.11203
3 0 0 0.829688

3
1 4 1 0.944882
2 0 0 0.944162
3 0 0 0.990083

1
1 0 0 0.779076

3
1 4 1 0.880308
2 0 0 0.816928
3 0 0 0.94903

3
1 5 1 0.781972
2 0 0 0.879696
3 0 0 0.809693

1
1 0 0 0.750976

3
1 4 1 0.834733
2 0 0 0.818128
3 0 0 0.902254

1
1 0 0 0.790201

3
1 2 4 0.864494
2 0 0 0.782838
3 0 0 0.954777

5
1 2 2 0.89049
2 0 0 0.925458
3 6 5314 0.900073
6 0 0 0.969206
7 0 0 0.994943

3
1 5 1 0.893334
2 0 0 1.10087
3 0 0 0.900353

3
1 2 3 0.897867
2 0 0 0.924023
3 0 0 0.927553

1
1 0 0 0.792172

3
1 5 1 0.816311
2 0 0 0.991019
3 0 0 0.793875

3
1 4 1 1.00762
2 0 0 0.925183
3 0 0 0.959768

3
1 5 1 0.967725
2 0 0 0.988916
3 0 0 0.884495

5
1 5 1 0.82412
2 2 2 1.00982
4 0 0 1.00541
5 0 0 0.960471
3 0 0 0.829592

3
1 6 2985 0.877405
2 0 0 1.00055
3 0 0 0.871432

3
1 5 1 0.851494
2 0 0 1.00813
3 0 0 0.840596

3
1 1 1 0.891817
2 0 0 1.00474
3 0 0 0.844291

5
1 4 1 0.846724
2 0 0 0.813009
3 6 4584 1.09067
6 0 0 1.16833
7 0 0 1.05659

5
1 4 1 0.868576
2 0 0 0.74158
3 0 360 0.98827
6 0 0 0.956553
7 0 0 0.965173

3
1 0 1771 0.890889
2 0 0 0.842278
3 0 0 0.915963

3
1 4 1 0.877826
2 0 0 0.898862
3 0 0 0.901588

3
1 5 1 0.746521
2 0 0 1.04162
3 0 0 0.800982

3
1 1 2 0.90337
2 0 0 0.780105
3 0 0 0.917756

5
1 6 4011 0.900648
2 0 0 0.975463
3 1 1 0.875483
6 0 0 0.996505
7 0 0 0.888722

1
1 0 0 0.734335

5
1 2 1 0.933735
2 0 0 0.873987
3 2 4 0.931519
6 0 0 0.953019
7 0 0 0.902184

3
1 5 1 0.855047
2 0 0 1.01953
3 0 0 0.907795

5
1 5 1 0.907461
2 0 0 0.940672
3 6 721 0.929999
6 0 0 0.85999
7 0 0 0.890242

3
1 5 1 0.911122
2 0 0 0.854851
3 0 0 0.896234

5
1 2 1 0.858487
2 0 8722 0.975506
4 0 0 0.926454
5 0 0 0.997981
3 0 0 0.83025

1
1 0 0 0.775153

3
1 1 1 0.963667
2 0 0 0.931837
3 0 0 0.826745

1
1 0 0 0.77876

3
1 4 1 0.865091
2 0 0 0.84526
3 0 0 0.995747

3
1 5 1 0.824436
2 0 0 0.923891
3 0 0 0.94807

3
1 1 2 0.921615
2 0 0 0.746334
3 0 0 1.01064

3
1 0 9698 0.844079
2 0 0 0.852913
3 0 0 0.828983

3
1 5 1 0.834355
2 0 0 0.966866
3 0 0 0.850303

1
1 0 0 0.77075

5
1 0 6196 0.894984
2 0 0 0.935709
3 1 2 0.909627
6 0 0 0.920015
7 0 0 1.06475

5
1 0 142 0.712878
2 0 124 0.934207
4 0 0 0.941915
5 0 0 0.975309
3 0 0 0.746646

5
1 1 1 0.90641
2 2 2 0.918232
4 0 0 0.961799
5 0 0 0.926313
3 0 0 0.779869

3
1 5 1 0.813552
2 0 0 0.90915
3 0 0 0.792908

3
1 0 2000 0.874324
2 0 0 0.958564
3 0 0 0.769136

1
1 0 0 0.863488

3
1 5 1 0.859748
2 0 0 1.06331
3 0 0 0.8517

3
1 4 1 0.942657
2 0 0 0.853646
3 0 0 1.06909

3
1 5 1 0.836846
2 0 0 1.04216
3 0 0 0.828735

3
1 5 1 0.891371
2 0 0 1.00087
3 0 0 0.904109

1
1 0 0 0.826681

3
1 6 5156 0.866253
2 0 0 0.870587
3 0 0 0.926094

3
1 5 1 0.818502
2 0 0 1.03502
3 0 0 0.763567

5
1 2 2 0.922352
2 0 2278 0.96955
4 0 0 1.05587
5 0 0 0.936426
3 0 0 0.890831

5
1 4 1 0.897392
2 0 0 0.806311
3 0 1846 0.860035
6 0 0 1.03873
7 0 0 1.01698

3
1 5 1 0.926095
2 0 0 1.03208
3 0 0 0.827894

3
1 5 1 0.940233
2 0 0 0.92138
3 0 0 0.770118

3
1 2 2 1.00343
2 0 0 0.922917
3 0 0 0.995352

5
1 1 2 0.960287
2 0 0 1.02132
3 6 4740 1.02224
6 0 0 1.00026
7 0 0 0.918439

1
1 0 0 0.912474

5
1 0 944 0.853016
2 6 1843 0.880948
4 0 0 0.858074
5 0 0 0.922297
3 0 0 0.824957

3
1 1 1 0.89421
2 0 0 1.05937
3 0 0 0.950205

3
1 1 1 0.853909
2 0 0 0.933235
3 0 0 0.820364

3
1 2 1 0.901552
2 0 0 0.938636
3 0 0 0.855302

1
1 0 0 0.837634

5
1 0 786 0.817703
2 6 5180 0.909555
4 0 0 0.816047
5 0 0 0.918607
3 0 0 0.761593

5
1 6 2010 0.912743
2 0 0 0.854151
3 4 1 0.936661
6 0 0 0.874615
7 0 0 1.06309

1
1 0 0 0.797326

3
1 5 1 0.755092
2 0 0 0.787021
3 0 0 0.799652

1
1 0 0 0.792998

3
1 0 697 0.911937
2 0 0 0.903371
3 0 0 0.966388

1
1 0 0 0.911149

3
1 1 1 0.810994
2 0 0 0.924072
3 0 0 0.800307

3
1 6 1399 0.820879
2 0 0 0.956225
3 0 0 0.766959

3
1 1 2 0.880779
2 0 0 0.893218
3 0 0 0.865603

3
1 5 1 0.942375
2 0 0 1.10094
3 0 0 0.893346

3
1 1 2 0.800192
2 0 0 0.819415
3 0 0 0.848453

3
1 5 1 0.813534
2 0 0 0.90996
3 0 0 0.762387

3
1 2 1 0.84247
2 0 0 0.93802
3 0 0 0.938754

1
1 0 0 0.843757

3
1 0 5183 0.903671
2 0 0 0.959998
3 0 0 0.864746

1
1 0 0 0.818955

1
1 0 0 0.757434

1
1 0 0 0.799242

3
1 5 1 0.976035
2 0 0 1.0151
3 0 0 0.840886

1
1 0 0 0.90344

3
1 1 1 0.881842
2 0 0 0.972121
3 0 0 0.91873

3
1 0 8860 0.949972
2 0 0 0.951734
3 0 0 0.919851

3
1 2 2 0.833119
2 0 0 0.849124
3 0 0 0.8404

3
1 0 582 0.825187
2 0 0 0.946817
3 0 0 0.827406

1
1 0 0 0.789786

5
1 2 4 0.828822
2 5 1 0.874362
4 0 0 0.929434
5 0 0 0.87153
3 0 0 0.966491

3
1 2 2 0.936208
2 0 0 0.932102
3 0 0 0.940636

3
1 5 1 0.889095
2 0 0 1.0124
3 0 0 0.84847

3
1 5 1 0.931527
2 0 0 0.94172
3 0 0 0.906028

1
1 0 0 0.779033

1
1 0 0 0.86044

3
1 0 799 0.820505
2 0 0 0.897378
3 0 0 0.940557

1
1 0 0 0.932817

3
1 2 1 0.894544
2 0 0 0.868621
3 0 0 0.861309

5
1 2 2 0.882592
2 0 0 0.914375
3 1 2 0.989904
6 0 0 0.900077
7 0 0 1.02536

3
1 2 4 0.980552
2 0 0 0.865903
3 0 0 0.961628

3
1 4 1 0.867343
2 0 0 0.927071
3 0 0 1.03727

5
1 2 3 0.914686
2 6 93 0.878973
4 0 0 0.949187
5 0 0 0.928089
3 0 0 0.972389

3
1 6 97 0.733038
2 0 0 0.987379
3 0 0 0.822344

3
1 1 2 0.856485
2 0 0 0.80693
3 0 0 1.10903

3
1 1 1 0.887123
2 0 0 1.04579
3 0 0 0.846717

3
1 5 1 0.818789
2 0 0 1.01867
3 0 0 0.753009

3
1 6 5284 0.793979
2 0 0 0.822962
3 0 0 0.90444

1
1 0 0 0.726349

3
1 6 2609 0.938362
2 0 0 0.994708
3 0 0 0.798987

1
1 0 0 0.741028

3
1 1 1 0.895569
2 0 0 1.1179
3 0 0 0.822109

3
1 1 1 0.868121
2 0 0 1.04852
3 0 0 0.758828

3
1 0 291 0.862673
2 0 0 1.06516
3 0 0 0.803795

3
1 4 1 0.869995
2 0 0 0.886298
3 0 0 1.05

3
1 5 1 0.851494
2 0 0 1.0556
3 0 0 0.79162

3
1 0 1637 0.911225
2 0 0 0.907168
3 0 0 0.855871

3
1 1 2 0.95424
2 0 0 0.961229
3 0 0 1.03681

1
1 0 0 0.820881

5
1 2 2 0.903363
2 0 0 0.896457
3 6 3478 0.924307
6 0 0 0.902283
7 0 0 0.912037

3
1 1 1 0.902065
2 0 0 1.03183
3 0 0 0.87672

3
1 6 516 0.830425
2 0 0 0.923716
3 0 0 0.797463

5
1 2 3 0.944156
2 0 0 1.00218
3 1 2 0.997195
6 0 0 1.01948
7 0 0 0.997104

3
1 4 1 0.95549
2 0 0 0.868811
3 0 0 1.0262

3
1 1 1 0.856422
2 0 0 1.035
3 0 0 0.893513

1
1 0 0 0.945715

1
1 0 0 0.841003

3
1 6 4996 0.855756
2 0 0 0.887892
3 0 0 0.817848

1
1 0 0 0.783331

3
1 1 1 0.919632
2 0 0 1.02156
3 0 0 0.820873

5
1 6 2339 0.90294
2 0 3520 0.938785
4 0 0 1.04448
5 0 0 0.915792
3 0 0 0.911783

1
1 0 0 0.819096

3
1 5 1 0.87772
2 0 0 1.0316
3 0 0 0.751061

5
1 2 3 0.847152
2 0 0 0.859343
3 4 1 0.929854
6 0 0 0.936574
7 0 0 0.945757

1
1 0 0 0.831447

3
1 4 1 0.830166
2 0 0 0.788475
3 0 0 1.04256

3
1 1 2 0.828047
2 0 0 0.833457
3 0 0 0.860519

3
1 1 2 0.898532
2 0 0 0.70976
3 0 0 0.937852

3
1 5 1 0.936158
2 0 0 1.09574
3 0 0 0.906389

3
1 0 228 0.846846
2 0 0 0.953738
3 0 0 0.847586

3
1 0 8855 0.889644
2 0 0 0.85736
3 0 0 0.896408

3
1 5 1 0.967661
2 0 0 0.93986
3 0 0 0.873244

3
1 4 1 0.936787
2 0 0 0.914326
3 0 0 0.995872

3
1 4 1 0.869266
2 0 0 0.912146
3 0 0 1.05999

3
1 1 1 0.916242
2 0 0 0.910396
3 0 0 0.828903

3
1 2 3 0.851868
2 0 0 0.864603
3 0 0 0.819673

5
1 6 156 0.696446
2 5 1 0.914639
4 0 0 1.01142
5 0 0 0.939839
3 0 0 0.776255

3
1 0 9159 0.822472
2 0 0 0.765109
3 0 0 0.927254

3
1 0 1337 0.821075
2 0 0 0.948536
3 0 0 0.84692

1
1 0 0 0.738889

3
1 5 1 0.853848
2 0 0 0.993695
3 0 0 0.836476

5
1 5 1 0.882858
2 0 9357 0.952411
4 0 0 1.02555
5 0 0 1.01902
3 0 0 0.792902

3
1 5 1 0.900353
2 0 0 0.872781
3 0 0 0.921285

3
1 4 1 0.951683
2 0 0 0.98706
3 0 0 1.03253

3
1 6 5195 0.857002
2 0 0 0.898115
3 0 0 1.04903

1
1 0 0 0.816473

1
1 0 0 0.840576

3
1 1 1 0.951187
2 0 0 0.950459
3 0 0 0.801688

3
1 6 3948 0.829829
2 0 0 0.837293
3 0 0 0.83123

3
1 1 2 0.878883
2 0 0 0.872249
3 0 0 1.06491

5
1 5 1 0.985044
2 0 3217 1.13165
4 0 0 0.992063
5 0 0 1.19758
3 0 0 0.993955

3
1 5 1 0.905581
2 0 0 1.00723
3 0 0 0.833269

1
1 0 0 0.978526

1
1 0 0 0.783086

3
1 5 1 0.829113
2 0 0 1.02164
3 0 0 0.878861

1
1 0 0 0.804664

3
1 0 2326 0.951962
2 0 0 1.05453
3 0 0 0.826802

3
1 0 9672 0.912597
2 0 0 0.985649
3 0 0 0.944669

3
1 6 48 0.846188
2 0 0 0.931759
3 0 0 0.841441

3
1 0 697 0.911937
2 0 0 1.01823
3 0 0 0.820157

1
1 0 0 0.748434

3
1 1 2 0.877688
2 0 0 0.861412
3 0 0 1.0692

1
1 0 0 0.713975

5
1 6 4478 0.893127
2 0 0 0.881735
3 0 1587 0.868555
6 0 0 0.925245
7 0 0 0.927765

3
1 5 1 0.852681
2 0 0 0.948442
3 0 0 0.820018

3
1 0 5864 0.976517
2 0 0 0.919966
3 0 0 1.007

3
1 2 3 0.845179
2 0 0 0.793113
3 0 0 0.904989

3
1 1 1 0.879656
2 0 0 0.974705
3 0 0 0.861218

3
1 0 105 0.822036
2 0 0 1.00838
3 0 0 0.825722

5
1 6 4681 0.905572
2 0 0 0.874439
3 0 4518 0.956858
6 0 0 0.937833
7 0 0 0.953164

1
1 0 0 0.865605

3
1 5 1 0.862049
2 0 0 1.03842
3 0 0 0.744513

3
1 0 3244 0.899888
2 0 0 0.998629
3 0 0 0.942425

3
1 1 2 0.833482
2 0 0 0.921644
3 0 0 0.814629

3
1 1 1 0.855133
2 0 0 0.97372
3 0 0 0.868965

3
1 6 39 0.66236
2 0 0 0.897918
3 0 0 0.679722

3
1 1 1 0.885922
2 0 0 1.01988
3 0 0 0.8189

1
1 0 0 0.838984

3
1 6 128 0.810876
2 0 0 0.998242
3 0 0 0.842947

3
1 6 1357 0.962104
2 0 0 0.972328
3 0 0 0.949577

1
1 0 0 0.738725

3
1 1 1 0.926028
2 0 0 0.887309
3 0 0 0.629917

3
1 2 4 0.858001
2 0 0 0.952758
3 0 0 0.965027

3
1 4 1 0.949585
2 0 0 0.891574
3 0 0 0.974565

3
1 1 2 0.906861
2 0 0 0.868607
3 0 0 0.919662

1
1 0 0 0.754258

1
1 0 0 0.821206

3
1 2 4 0.921163
2 0 0 0.843506
3 0 0 0.950064

3
1 5 1 0.868339
2 0 0 1.03195
3 0 0 0.914579

1
1 0 0 0.896929

1
1 0 0 0.802694

1
1 0 0 0.838814

3
1 0 3978 0.915692
2 0 0 0.963531
3 0 0 0.800968

3
1 1 2 0.890344
2 0 0 0.979867
3 0 0 0.993121

3
1 2 3 0.88652
2 0 0 0.86234
3 0 0 1.04656

3
1 1 1 0.871057
2 0 0 0.947656
3 0 0 0.788626

7
1 0 95 0.861908
2 0 0 0.983523
3 6 4401 0.89163
6 0 0 0.87864
7 0 1375 0.908749
14 0 0 1.11049
15 0 0 0.914305

1
1 0 0 0.893847

1
1 0 0 0.827557

3
1 4 1 0.901312
2 0 0 0.856738
3 0 0 0.925872

3
1 4 1 0.810248
2 0 0 0.887019
3 0 0 0.984255

1
1 0 0 0.782534

3
1 1 2 0.945583
2 0 0 0.916389
3 0 0 0.963672

3
1 5 1 0.803816
2 0 0 1.03595
3 0 0 0.867935

1
1 0 0 0.729151

3
1 5 1 0.851494
2 0 0 1.13302
3 0 0 0.652214

3
1 6 2333 0.911557
2 0 0 0.897822
3 0 0 0.946848

1
1 0 0 0.74084

1
1 0 0 0.872457

3
1 0 5441 0.964259
2 0 0 0.98653
3 0 0 0.930818

3
1 5 1 0.858127
2 0 0 0.943759
3 0 0 0.861643

3
1 0 1409 0.873283
2 0 0 0.916517
3 0 0 0.896623

3
1 4 1 0.875192
2 0 0 0.767201
3 0 0 1.09913

3
1 5 1 0.909766
2 0 0 1.01155
3 0 0 0.85752

1
1 0 0 0.818937

3
1 1 1 0.91469
2 0 0 0.958086
3 0 0 0.77839

3
1 4 1 0.94397
2 0 0 0.750677
3 0 0 0.946676

3
1 1 2 0.94476
2 0 0 0.958448
3 0 0 0.948232

1
1 0 0 0.858933

3
1 6 3829 0.892609
2 0 0 0.913956
3 0 0 0.930905

3
1 6 290 0.913705
2 0 0 0.979071
3 0 0 1.02015

3
1 0 5888 0.838502
2 0 0 0.893179
3 0 0 0.886085

3
1 0 734 0.885253
2 0 0 0.988418
3 0 0 0.878917

3
1 0 613 0.925217
2 0 0 0.924415
3 0 0 0.863095

3
1 1 1 0.900523
2 0 0 1.01255
3 0 0 0.795588

3
1 6 3935 0.887122
2 0 0 1.04587
3 0 0 0.867856

3
1 1 1 0.915222
2 0 0 1.03652
3 0 0 0.864441

1
1 0 0 0.808074

3
1 5 1 0.868553
2 0 0 0.923403
3 0 0 0.780659

3
1 0 9540 0.852649
2 0 0 0.854693
3 0 0 1.02361

3
1 4 1 0.88367
2 0 0 0.81736
3 0 0 0.977936

3
1 6 5254 0.89807
2 0 0 0.956053
3 0 0 1.10984

3
1 4 1 0.911308
2 0 0 0.845564
3 0 0 0.986645

3
1 1 1 0.892904
2 0 0 1.02566
3 0 0 0.829549

3
1 4 1 0.885128
2 0 0 0.945268
3 0 0 1.01009

1
1 0 0 0.74439

3
1 4 1 0.888789
2 0 0 0.756743
3 0 0 1.00407

1
1 0 0 0.813509

3
1 5 1 0.907347
2 0 0 0.959081
3 0 0 0.916007

1
1 0 0 0.808302

3
1 5 1 0.801326
2 0 0 1.11225
3 0 0 0.864878

1
1 0 0 0.747051

3
1 1 2 0.90348
2 0 0 0.948023
3 0 0 1.01077

1
1 0 0 0.779934

3
1 5 1 0.902901
2 0 0 0.899738
3 0 0 0.75431

3
1 1 1 0.855553
2 0 0 0.883994
3 0 0 0.811474

3
1 2 2 0.910839
2 0 0 0.948306
3 0 0 0.976281

3
1 4 1 0.920107
2 0 0 1.01402
3 0 0 0.978347

1
1 0 0 0.801514

3
1 1 1 0.963716
2 0 0 1.04587
3 0 0 0.919517

3
1 0 279 0.850286
2 0 0 1.02352
3 0 0 0.866883

1
1 0 0 0.78778

1
1 0 0 0.963983

3
1 1 1 0.906454
2 0 0 0.973979
3 0 0 0.915315

3
1 5 1 0.829113
2 0 0 0.996254
3 0 0 0.691096

3
1 0 9463 0.917068
2 0 0 0.895961
3 0 0 0.998423

5
1 4 1 0.834289
2 2 1 0.844418
4 0 0 0.978181
5 0 0 0.838607
3 0 0 0.951501

1
1 0 0 0.938026

3
1 2 2 0.891103
2 0 0 0.876507
3 0 0 0.864594

1
1 0 0 0.761794

3
1 5 1 0.83501
2 0 0 0.883658
3 0 0 0.798347

3
1 4 1 0.885653
2 0 0 0.877292
3 0 0 0.955259

1
1 0 0 0.881257

3
1 5 1 0.886841
2 0 0 0.893009
3 0 0 0.904054

3
1 0 1793 0.939305
2 0 0 0.927814
3 0 0 0.837065

3
1 5 1 0.962438
2 0 0 1.11211
3 0 0 0.819417

1
1 0 0 0.863115

3
1 4 1 0.872462
2 0 0 0.756437
3 0 0 1.0507

1
1 0 0 0.922519

1
1 0 0 0.922528

1
1 0 0 0.743648

3
1 5 1 0.86954
2 0 0 0.933696
3 0 0 0.799023

3
1 1 1 0.934772
2 0 0 1.00541
3 0 0 0.835369

3
1 2 4 0.910339
2 0 0 0.931584
3 0 0 0.921626

1
1 0 0 0.805149

3
1 6 1571 0.825014
2 0 0 0.932348
3 0 0 0.861787

3
1 6 2756 0.945884
2 0 0 1.05822
3 0 0 0.872778

1
1 0 0 0.800226

1
1 0 0 0.812308

3
1 5 1 0.888296
2 0 0 0.978188
3 0 0 0.868587

1
1 0 0 0.810744

1
1 0 0 0.788559

3
1 5 1 1.01623
2 0 0 0.984049
3 0 0 1.00787

5
1 5 1 0.818653
2 6 2414 1.06589
4 0 0 1.06741
5 0 0 0.9604
3 0 0 0.81509

5
1 6 27 0.906043
2 2 3 1.01322
4 0 0 1.03709
5 0 0 0.947866
3 0 0 0.81342

1
1 0 0 0.831011

5
1 6 3534 0.946549
2 1 1 0.990108
4 0 0 1.04649
5 0 0 0.919624
3 0 0 0.849509

3
1 6 4654 0.831225
2 0 0 0.89384
3 0 0 0.859461

3
1 5 1 0.858401
2 0 0 0.922495
3 0 0 0.815456

3
1 6 5340 0.740436
2 0 0 0.764351
3 0 0 1.10051

3
1 0 578 0.827255
2 0 0 0.938979
3 0 0 0.769389

3
1 4 1 0.801473
2 0 0 0.77602
3 0 0 1.02035

3
1 1 2 0.880905
2 0 0 0.789702
3 0 0 1.0637

3
1 1 2 0.892535
2 0 0 0.923442
3 0 0 0.936093

5
1 1 1 0.88869
2 6 5220 1.08447
4 0 0 1.05186
5 0 0 0.898457
3 0 0 0.861581

3
1 5 1 0.836276
2 0 0 0.991025
3 0 0 0.7526

1
1 0 0 0.798847

5
1 2 2 0.87697
2 0 0 0.927781
3 4 1 0.874797
6 0 0 0.918043
7 0 0 1.05666

3
1 6 5205 0.934681
2 0 0 0.881756
3 0 0 1.0281

5
1 2 2 0.908534
2 0 9405 0.902048
4 0 0 1.0197
5 0 0 0.932332
3 0 0 0.917397

3
1 4 1 0.85102
2 0 0 0.792248
3 0 0 0.933818

3
1 0 7786 0.928892
2 0 0 0.977167
3 0 0 0.959236

1
1 0 0 0.780023

1
1 0 0 0.894055

3
1 5 1 0.863816
2 0 0 0.934188
3 0 0 0.844597

3
1 1 1 0.835913
2 0 0 1.00541
3 0 0 0.709735

3
1 4 1 0.969539
2 0 0 1.00515
3 0 0 0.930717

3
1 1 1 0.862123
2 0 0 1.03439
3 0 0 0.800063

3
1 1 1 0.87255
2 0 0 0.916205
3 0 0 0.836362

5
1 2 4 0.747846
2 0 0 0.863018
3 0 8640 0.927317
6 0 0 0.931511
7 0 0 1.00194

1
1 0 0 0.822181

1
1 0 0 0.822584

5
1 0 905 0.940646
2 6 4590 0.974292
4 0 0 1.04754
5 0 0 0.925721
3 0 0 0.932319

1
1 0 0 0.894934

3
1 0 3345 0.842606
2 0 0 0.96485
3 0 0 0.822007

3
1 5 1 0.925603
2 0 0 0.900578
3 0 0 0.819135

1
1 0 0 0.793192

1
1 0 0 0.749834

3
1 5 1 0.88507
2 0 0 0.942306
3 0 0 0.864007

3
1 5 1 0.917433
2 0 0 1.00525
3 0 0 0.890489

1
1 0 0 0.743419

5
1 4 1 0.872721
2 0 8444 0.891709
4 0 0 0.812981
5 0 0 0.925104
3 0 0 1.01266

5
1 1 2 0.926411
2 0 0 0.978906
3 6 243 1.04846
6 0 0 0.964688
7 0 0 1.03903

5
1 2 3 0.878796
2 0 0 0.783985
3 0 766 0.932625
6 0 0 0.996111
7 0 0 0.955931

3
1 6 1229 0.864155
2 0 0 0.973206
3 0 0 0.878583

1
1 0 0 0.850739

5
1 1 1 0.915222
2 2 2 0.939433
4 0 0 0.893944
5 0 0 0.958393
3 0 0 0.925317

3
1 1 1 0.851691
2 0 0 1.03115
3 0 0 0.879924

3
1 1 1 0.792469
2 0 0 0.983295
3 0 0 0.794874

3
1 4 1 0.972822
2 0 0 0.974077
3 0 0 1.10071

5
1 6 4761 0.916324
2 6 2736 0.897773
4 0 0 0.980433
5 0 0 0.828837
3 0 0 0.914518

3
1 5 1 0.924524
2 0 0 0.914268
3 0 0 0.850176

5
1 1 2 0.902365
2 0 0 0.853933
3 0 9279 0.977747
6 0 0 0.771738
7 0 0 0.936383

3
1 5 1 0.938002
2 0 0 0.991334
3 0 0 0.760762

5
1 0 2839 0.956265
2 0 2806 0.94379
4 0 0 1.00334
5 0 0 0.955907
3 0 0 0.996155

5
1 5 1 0.871409
2 2 1 0.915736
4 0 0 0.998607
5 0 0 0.912902
3 0 0 0.874243

1
1 0 0 0.765328

1
1 0 0 0.87615

1
1 0 0 0.806714

3
1 1 2 0.911025
2 0 0 0.981667
3 0 0 1.04041

3
1 5 1 0.877874
2 0 0 1.00277
3 0 0 0.872515

1
1 0 0 0.844261

3
1 2 4 0.851875
2 0 0 0.83573
3 0 0 1.08117

5
1 0 4987 0.897157
2 0 0 0.941852
3 5 1 0.909233
6 0 0 0.916732
7 0 0 0.812387

1
1 0 0 0.780908

1
1 0 0 0.872201

1
1 0 0 0.767185

3
1 1 2 0.811434
2 0 0 0.820942
3 0 0 1.04413

1
1 0 0 0.955939

3
1 4 1 0.922119
2 0 0 0.772365
3 0 0 1.03849

3
1 0 8034 0.906003
2 0 0 0.899398
3 0 0 0.851557

1
1 0 0 0.829362

3
1 6 2858 0.858522
2 0 0 0.904
3 0 0 0.884943

3
1 1 1 0.867864
2 0 0 0.986197
3 0 0 0.761035

1
1 0 0 0.827042

3
1 1 1 0.834306
2 0 0 0.873212
3 0 0 0.841273

1
1 0 0 0.873794

3
1 1 1 0.957416
2 0 0 0.9773
3 0 0 0.912461

3
1 2 1 0.995284
2 0 0 0.955633
3 0 0 0.955233

3
1 6 972 0.8604
2 0 0 0.862305
3 0 0 0.927812

5
1 0 8945 0.893448
2 1 2 0.894981
4 0 0 0.867063
5 0 0 0.992861
3 0 0 0.912631

1
1 0 0 0.776665

3
1 1 1 0.894523
2 0 0 0.986897
3 0 0 0.862135

3
1 4 1 0.948198
2 0 0 0.906912
3 0 0 1

3
1 5 1 0.767409
2 0 0 0.968661
3 0 0 0.830888

1
1 0 0 0.841219

3
1 4 1 0.85226
2 0 0 0.839319
3 0 0 1.06325

3
1 6 4075 0.867
2 0 0 0.883973
3 0 0 0.845121

3
1 5 1 0.841861
2 0 0 1.1065
3 0 0 0.707413

5
1 6 1493 0.882551
2 6 200 0.972898
4 0 0 1.11745
5 0 0 0.950352
3 0 0 0.877218

1
1 0 0 0.883607

3
1 5 1 0.86954
2 0 0 1.08802
3 0 0 0.746326

5
1 0 8185 0.87382
2 0 0 0.849133
3 1 1 0.888279
6 0 0 1.03181
7 0 0 0.84763

1
1 0 0 0.833801

3
1 6 5349 0.895527
2 0 0 0.915191
3 0 0 1.01078

3
1 0 320 0.808271
2 0 0 1.08582
3 0 0 0.781512

3
1 1 1 0.877357
2 0 0 0.981463
3 0 0 0.864086

3
1 2 2 0.872185
2 0 0 0.934872
3 0 0 0.920509

1
1 0 0 0.786223

3
1 5 1 0.834241
2 0 0 1.07903
3 0 0 0.763022

3
1 4 1 0.866602
2 0 0 0.839254
3 0 0 0.954002

3
1 5 1 0.894052
2 0 0 1.05508
3 0 0 0.832508

3
1 6 2609 0.915996
2 0 0 0.924848
3 0 0 0.952971

3
1 6 5215 0.968567
2 0 0 0.902538
3 0 0 0.941201

1
1 0 0 0.792323

3
1 6 2249 0.827208
2 0 0 0.872389
3 0 0 0.872489

1
1 0 0 0.766036

3
1 1 2 0.93962
2 0 0 0.936165
3 0 0 0.976214

1
1 0 0 0.762342

1
1 0 0 0.810863

3
1 2 1 0.962443
2 0 0 0.907576
3 0 0 0.968917

5
1 4 1 0.801473
2 0 0 0.810413
3 0 9372 0.937203
6 0 0 1.00134
7 0 0 0.992622

3
1 1 1 0.875991
2 0 0 0.948654
3 0 0 0.772484

5
1 6 5349 0.90162
2 1 1 0.908308
4 0 0 0.998527
5 0 0 0.915426
3 0 0 0.984762

3
1 4 1 0.856669
2 0 0 0.92144
3 0 0 0.868715

5
1 2 2 0.85387
2 0 0 0.952936
3 4 1 0.899928
6 0 0 0.842124
7 0 0 1.15459

1
1 0 0 0.779203

3
1 1 1 0.814275
2 0 0 0.924197
3 0 0 0.832151

3
1 1 2 0.923782
2 0 0 0.919974
3 0 0 0.98482

3
1 0 436 0.817782
2 0 0 1.07044
3 0 0 0.693739

3
1 5 1 0.825407
2 0 0 0.896249
3 0 0 0.731679

5
1 1 1 0.895821
2 0 0 1.06505
3 6 255 0.899736
6 0 0 1.06731
7 0 0 0.882526

3
1 6 3983 0.907668
2 0 0 0.875841
3 0 0 0.874209

3
1 2 3 1.07058
2 0 0 1.01573
3 0 0 1.16739

3
1 6 5075 0.882168
2 0 0 0.911642
3 0 0 0.956019

3
1 5 1 0.829952
2 0 0 0.94688
3 0 0 0.784645

5
1 6 3612 0.903537
2 0 197 0.905825
4 0 0 1.02216
5 0 0 0.938549
3 0 0 0.885907

1
1 0 0 0.842576

3
1 6 2394 0.840786
2 0 0 0.80077
3 0 0 0.907855

3
1 2 3 0.871652
2 0 0 0.835974
3 0 0 0.868484

5
1 0 6498 0.965575
2 2 3 0.904923
4 0 0 0.953697
5 0 0 0.920818
3 0 0 0.940911

3
1 1 1 0.831337
2 0 0 0.959289
3 0 0 0.945701

3
1 5 1 0.832562
2 0 0 0.872426
3 0 0 0.816078

3
1 5 1 0.837907
2 0 0 0.984537
3 0 0 0.840063

3
1 5 1 0.819486
2 0 0 0.971613
3 0 0 0.711649

5
1 2 2 0.823279
2 0 0 0.831998
3 1 2 0.937645
6 0 0 0.881621
7 0 0 0.942472

3
1 1 2 0.885396
2 0 0 0.800803
3 0 0 0.969831

5
1 5 1 0.931336
2 0 2479 1.00445
4 0 0 1.01473
5 0 0 1.00747
3 0 0 0.778888

3
1 5 1 0.841623
2 0 0 0.850747
3 0 0 0.831288

3
1 2 2 0.88595
2 0 0 0.880812
3 0 0 0.894177

3
1 1 1 0.90471
2 0 0 0.944649
3 0 0 0.88634

1
1 0 0 0.817337

1
1 0 0 0.738313

3
1 1 1 0.870158
2 0 0 1.07509
3 0 0 0.911756

3
1 4 1 0.822103
2 0 0 0.861245
3 0 0 0.927996

3
1 4 1 0.920547
2 0 0 0.782085
3 0 0 0.958377

3
1 1 2 0.842872
2 0 0 0.95769
3 0 0 0.980227

3
1 0 1041 0.80563
2 0 0 1.04568
3 0 0 0.789198

3
1 5 1 0.863705
2 0 0 0.99455
3 0 0 0.757686

3
1 6 2459 0.843302
2 0 0 1.03035
3 0 0 0.812292

3
1 5 1 0.941475
2 0 0 1.01528
3 0 0 0.885736

5
1 4 1 0.880353
2 0 0 0.703193
3 6 3854 0.941207
6 0 0 0.896859
7 0 0 0.953009

3
1 1 2 0.902365
2 0 0 0.852789
3 0 0 1.01274

7
1 6 2913 0.968854
2 5 1 0.936107
4 2 3 0.925255
8 0 0 0.924577
9 0 0 1.05071
5 0 0 0.946734
3 0 0 0.888716

5
1 1 2 0.951032
2 0 0 0.906127
3 2 1 0.961373
6 0 0 0.913162
7 0 0 1.10417

3
1 5 1 0.831726
2 0 0 0.921565
3 0 0 0.814795

3
1 2 3 0.936003
2 0 0 1.01465
3 0 0 1.02235

3
1 0 305 0.791658
2 0 0 0.908135
3 0 0 0.820741

3
1 4 1 0.946828
2 0 0 1.03133
3 0 0 0.911732

3
1 4 1 0.840615
2 0 0 0.822284
3 0 0 0.916746

3
1 6 4682 0.76514
2 0 0 0.787961
3 0 0 0.86814

3
1 6 3448 0.887363
2 0 0 0.954099
3 0 0 0.86901

1
1 0 0 0.819097

1
1 0 0 0.667715

3
1 1 1 0.875093
2 0 0 1.03115
3 0 0 0.880981

3
1 2 1 0.88893
2 0 0 0.953387
3 0 0 0.915907

3
1 1 2 0.895175
2 0 0 0.919602
3 0 0 0.985905

3
1 5 1 0.815442
2 0 0 0.89654
3 0 0 0.805281

3
1 1 1 0.765711
2 0 0 1.10607
3 0 0 0.857139

3
1 4 1 0.896917
2 0 0 0.838981
3 0 0 0.992332

3
1 5 1 0.955866
2 0 0 1.0007
3 0 0 0.806417

5
1 6 5025 0.905967
2 5 1 0.887535
4 0 0 0.937351
5 0 0 0.793934
3 0 0 0.935225

5
1 5 1 0.861454
2 6 380 0.972988
4 0 0 0.928411
5 0 0 0.956445
3 0 0 0.799795

3
1 2 4 0.873885
2 0 0 0.868042
3 0 0 0.948986

3
1 2 3 0.831518
2 0 0 0.813464
3 0 0 0.930014

3
1 6 3105 0.872534
2 0 0 0.985059
3 0 0 0.831507

1
1 0 0 0.746242

3
1 2 3 0.850625
2 0 0 0.844841
3 0 0 0.975254

5
1 2 1 0.773445
2 0 0 0.935014
3 6 4422 0.82232
6 0 0 0.855872
7 0 0 0.853668

3
1 6 270 0.818827
2 0 0 0.962805
3 0 0 0.700269

1
1 0 0 0.863948

3
1 1 2 0.883737
2 0 0 0.745157
3 0 0 1.15649

7
1 1 1 0.888909
2 0 0 1.02164
3 2 2 0.850675
6 1 2 0.916249
12 0 0 1.02902
13 0 0 0.961221
7 0 0 0.973735

3
1 0 1334 0.885402
2 0 0 0.877165
3 0 0 0.861914

3
1 6 5194 0.995405
2 0 0 0.982029
3 0 0 1.00187

3
1 2 1 0.897573
2 0 0 1.08202
3 0 0 0.931906

1
1 0 0 0.848646

7
1 0 3150 0.846544
2 0 942 0.954805
4 6 110 0.940009
8 0 0 0.905194
9 0 0 0.952734
5 0 0 0.927374
3 0 0 0.901019

3
1 5 1 0.905409
2 0 0 0.950415
3 0 0 0.799667

3
1 5 1 0.856938
2 0 0 0.932383
3 0 0 0.722302

5
1 0 413 0.905624
2 0 0 0.895392
3 0 6014 0.902776
6 0 0 0.913414
7 0 0 0.995974

3
1 0 3940 0.899211
2 0 0 0.926071
3 0 0 0.918071

3
1 5 1 0.870247
2 0 0 0.95852
3 0 0 0.840044

3
1 6 5043 0.846304
2 0 0 0.826732
3 0 0 0.970834

3
1 0 1099 0.797989
2 0 0 1.05539
3 0 0 0.861919

3
1 5 1 0.845129
2 0 0 0.975832
3 0 0 0.800075

3
1 4 1 0.862198
2 0 0 0.841229
3 0 0 0.955671

3
1 6 1281 0.881205
2 0 0 1.00718
3 0 0 0.862465

1
1 0 0 0.78057

3
1 5 1 0.834241
2 0 0 0.993101
3 0 0 0.926727

3
1 4 1 0.911949
2 0 0 0.785089
3 0 0 0.916796

7
1 2 1 0.992278
2 0 0 0.882502
3 1 2 0.91502
6 0 3769 0.912547
12 0 0 0.936304
13 0 0 0.888278
7 0 0 1.00799

3
1 1 2 0.850772
2 0 0 0.797279
3 0 0 0.973219

3
1 0 274 0.805614
2 0 0 1.01711
3 0 0 0.849601

1
1 0 0 0.784218

3
1 1 1 0.812771
2 0 0 1.07173
3 0 0 0.875108

3
1 4 1 0.918849
2 0 0 0.760458
3 0 0 1.00415

3
1 1 1 0.879804
2 0 0 0.88972
3 0 0 0.874171

1
1 0 0 0.688172

1
1 0 0 0.851445

3
1 4 1 0.943207
2 0 0 0.987609
3 0 0 1.01345

1
1 0 0 0.850261

3
1 4 1 0.940112
2 0 0 0.781003
3 0 0 0.885306

5
1 6 5349 0.90162
2 1 1 0.908308
4 0 0 1.03158
5 0 0 0.791257
3 0 0 1.00964

3
1 6 8 0.879011
2 0 0 0.928569
3 0 0 0.911784

3
1 0 1355 0.89871
2 0 0 0.949749
3 0 0 0.888633

3
1 5 1 0.874921
2 0 0 1.02676
3 0 0 0.891831

1
1 0 0 0.817775

5
1 6 4985 0.917917
2 2 2 0.920012
4 0 0 0.899479
5 0 0 0.913543
3 0 0 0.918552

1
1 0 0 0.878324

3
1 4 1 0.865903
2 0 0 0.889877
3 0 0 0.852997

3
1 0 1828 0.750002
2 0 0 0.785198
3 0 0 0.795559

5
1 6 219 0.780818
2 2 4 0.961527
4 0 0 0.987033
5 0 0 0.960957
3 0 0 0.821825

1
1 0 0 0.810853

1
1 0 0 0.887112

3
1 0 8822 0.880085
2 0 0 0.907575
3 0 0 0.88125

3
1 1 1 0.936637
2 0 0 1.03691
3 0 0 0.859799

3
1 2 1 0.833366
2 0 0 0.876617
3 0 0 0.815794

3
1 5 1 0.902547
2 0 0 1.00079
3 0 0 0.847677

1
1 0 0 0.857278

3
1 5 1 0.836068
2 0 0 0.927822
3 0 0 0.836877

5
1 6 141 0.928721
2 0 0 0.968263
3 6 2317 0.951544
6 0 0 1.00975
7 0 0 0.930404

3
1 1 2 0.920945
2 0 0 0.903906
3 0 0 0.964004

3
1 6 171 0.824001
2 0 0 0.979111
3 0 0 0.835269

3
1 0 1712 0.832045
2 0 0 0.975387
3 0 0 0.812726

1
1 0 0 0.858254

3
1 1 1 0.889791
2 0 0 0.937135
3 0 0 0.846008

3
1 5 1 0.788264
2 0 0 0.945627
3 0 0 0.755567

3
1 0 1838 0.948509
2 0 0 0.859979
3 0 0 0.90853

3
1 6 2789 0.953231
2 0 0 0.934415
3 0 0 1.00883

3
1 6 277 0.846532
2 0 0 0.971807
3 0 0 0.892066

1
1 0 0 0.789274

3
1 0 3122 0.901602
2 0 0 0.997212
3 0 0 0.891205

3
1 1 1 0.870158
2 0 0 1.07161
3 0 0 0.701606

1
1 0 0 0.898512

3
1 0 9877 0.805259
2 0 0 0.826922
3 0 0 0.911188

3
1 5 1 0.878736
2 0 0 0.994737
3 0 0 0.868733

3
1 1 1 0.846224
2 0 0 0.966013
3 0 0 0.85529

3
1 5 1 0.863705
2 0 0 0.93158
3 0 0 0.798479

3
1 5 1 0.843178
2 0 0 1.01327
3 0 0 0.735306

3
1 5 1 0.837256
2 0 0 0.923157
3 0 0 0.822877

3
1 4 1 0.880353
2 0 0 0.862297
3 0 0 0.936522

3
1 4 1 0.893867
2 0 0 0.886974
3 0 0 0.897718

3
1 4 1 0.955214
2 0 0 0.85429
3 0 0 0.994019

3
1 4 1 0.85449
2 0 0 0.86411
3 0 0 0.975004

1
1 0 0 0.802533

5
1 5 1 0.880841
2 6 522 1.07734
4 0 0 1.05309
5 0 0 0.966469
3 0 0 0.845349

1
1 0 0 0.831548

7
1 6 2619 0.982131
2 5 1 0.927411
4 0 0 0.986603
5 0 0 0.927344
3 6 3486 1.00836
6 0 0 0.93367
7 0 0 0.839118

3
1 5 1 0.908159
2 0 0 1.08839
3 0 0 0.919652

1
1 0 0 0.841835

5
1 5 1 0.971469
2 6 316 1.01076
4 0 0 1.05493
5 0 0 0.971129
3 0 0 0.817199

3
1 4 1 0.920479
2 0 0 0.892758
3 0 0 1.05723

3
1 1 2 0.895428
2 0 0 0.754679
3 0 0 0.981367

3
1 2 4 0.928816
2 0 0 0.938595
3 0 0 0.976918

7
1 6 690 0.869866
2 2 1 1.03169
4 4 1 1.09004
8 0 0 1.17989
9 0 0 1.01057
5 0 0 0.950451
3 0 0 0.866875

1
1 0 0 0.806857

3
1 6 5340 0.828584
2 0 0 0.891709
3 0 0 1.01034

1
1 0 0 0.852507

3
1 2 1 0.972251
2 0 0 0.891256
3 0 0 0.908286

3
1 4 1 0.872474
2 0 0 0.794976
3 0 0 1.05095

3
1 2 4 0.904083
2 0 0 0.836091
3 0 0 1.00894

1
1 0 0 0.821792

3
1 6 1787 0.955515
2 0 0 0.91971
3 0 0 0.907293

3
1 1 1 0.865912
2 0 0 1.04311
3 0 0 0.866133

3
1 1 1 0.850081
2 0 0 1.04232
3 0 0 0.741496

1
1 0 0 0.92944

3
1 1 1 0.850026
2 0 0 0.997758
3 0 0 0.795967

3
1 2 3 0.874885
2 0 0 0.858488
3 0 0 0.879326

5
1 6 5021 0.852391
2 0 0 0.890069
3 5 1 0.807829
6 0 0 0.966151
7 0 0 1.01815

3
1 1 2 0.79618
2 0 0 0.795247
3 0 0 0.946947

1
1 0 0 0.834058

3
1 6 5285 0.67473
2 0 0 0.748013
3 0 0 0.929328

1
1 0 0 0.806303

3
1 1 1 0.839409
2 0 0 0.940616
3 0 0 0.768258

3
1 4 1 0.866714
2 0 0 0.89748
3 0 0 0.873498

1
1 0 0 0.760364

5
1 5 1 0.921739
2 6 2080 0.985308
4 0 0 0.894944
5 0 0 0.968583
3 0 0 0.822706

3
1 5 1 0.927288
2 0 0 1.0947
3 0 0 0.883869

3
1 4 1 0.96667
2 0 0 0.901967
3 0 0 1.02641

3
1 0 5551 0.947771
2 0 0 1.02973
3 0 0 0.920714

3
1 4 1 0.930156
2 0 0 0.978283
3 0 0 1.0537

3
1 6 1249 0.882102
2 0 0 0.967564
3 0 0 0.852007

3
1 1 1 0.809623
2 0 0 1.00653
3 0 0 0.838407

1
1 0 0 0.742584

3
1 0 147 0.917876
2 0 0 0.977789
3 0 0 0.839534

3
1 2 4 0.820882
2 0 0 0.859753
3 0 0 0.942819

3
1 6 2785 0.967311
2 0 0 0.995507
3 0 0 0.889632

3
1 5 1 0.830282
2 0 0 0.946016
3 0 0 0.883081

5
1 5 1 0.809109
2 0 5885 0.952872
4 0 0 0.955551
5 0 0 1.02398
3 0 0 0.863423

1
1 0 0 0.893667

3
1 4 1 0.878796
2 0 0 0.868082
3 0 0 1.00761

3
1 1 1 0.927999
2 0 0 0.95633
3 0 0 0.817455

1
1 0 0 0.785739

5
1 0 6409 0.907289
2 1 1 0.946329
4 0 0 0.9988
5 0 0 0.892098
3 0 0 0.890591

3
1 1 2 0.957313
2 0 0 1.00052
3 0 0 1.09622

5
1 4 1 0.94151
2 5 1 0.971633
4 0 0 1.01003
5 0 0 0.957453
3 0 0 0.975123

3
1 1 1 0.838817
2 0 0 1.0615
3 0 0 0.891588

3
1 4 1 0.735197
2 0 0 0.735741
3 0 0 1.04567

5
1 0 8228 0.78479
2 0 7852 0.797797
4 0 0 0.799652
5 0 0 1.0937
3 0 0 0.907597

1
1 0 0 0.715577

3
1 4 1 0.877787
2 0 0 0.801093
3 0 0 1.05164

1
1 0 0 0.772624

3
1 6 5283 0.815394
2 0 0 0.78298
3 0 0 0.985773

3
1 2 2 0.920702
2 0 0 0.937145
3 0 0 0.902838

1
1 0 0 0.851226

3
1 5 1 0.841814
2 0 0 1.07588
3 0 0 0.834875

3
1 1 2 0.947011
2 0 0 0.929661
3 0 0 0.990437

3
1 5 1 0.928831
2 0 0 1.11088
3 0 0 0.859206

5
1 2 1 0.902897
2 0 0 0.957058
3 5 1 0.893697
6 0 0 0.95217
7 0 0 0.878012

1
1 0 0 0.798573

3
1 4 1 0.858663
2 0 0 0.921846
3 0 0 0.869279

1
1 0 0 0.804301

3
1 6 2716 0.762088
2 0 0 0.962247
3 0 0 0.747109

3
1 1 2 0.87025
2 0 0 0.878334
3 0 0 0.793082

7
1 0 7185 0.881049
2 0 0 0.845545
3 2 1 0.899341
6 0 0 0.878035
7 2 3 0.948371
14 0 0 0.934394
15 0 0 0.996678

1
1 0 0 0.756098

5
1 6 900 0.879435
2 0 0 0.874482
3 5 1 0.90006
6 0 0 0.928886
7 0 0 0.947862

3
1 2 1 0.82707
2 0 0 0.796349
3 0 0 0.870416

3
1 6 5325 0.790026
2 0 0 0.792829
3 0 0 1.04972

3
1 2 4 0.838296
2 0 0 0.870366
3 0 0 0.958361

1
1 0 0 0.853768

3
1 0 9787 0.846921
2 0 0 0.849658
3 0 0 0.926433

3
1 1 1 0.861866
2 0 0 0.996329
3 0 0 0.848923

3
1 5 1 0.853245
2 0 0 0.943023
3 0 0 0.837571

1
1 0 0 0.845644

5
1 2 2 0.899691
2 0 0 0.89442
3 5 1 0.891071
6 0 0 0.929968
7 0 0 0.901642

3
1 4 1 1.0117
2 0 0 0.797258
3 0 0 0.969324

3
1 6 1275 0.907602
2 0 0 1.02817
3 0 0 0.904614

3
1 4 1 0.897914
2 0 0 0.861274
3 0 0 1.0235

5
1 0 1361 0.867418
2 6 4437 0.98912
4 0 0 0.899999
5 0 0 1.04249
3 0 0 0.859638

3
1 1 1 0.910101
2 0 0 0.959876
3 0 0 0.864488

3
1 2 4 0.956716
2 0 0 0.874185
3 0 0 0.990154

3
1 1 2 0.84535
2 0 0 0.90627
3 0 0 0.962741

5
1 2 4 0.859188
2 5 1 0.838311
4 0 0 1.07037
5 0 0 0.812844
3 0 0 0.957719

3
1 0 1412 0.879515
2 0 0 1.02257
3 0 0 0.842214

5
1 1 2 0.89126
2 0 0 0.882273
3 0 2398 0.966031
6 0 0 0.997857
7 0 0 0.987558

7
1 1 1 0.846224
2 0 8342 0.971467
4 0 0 1.03089
5 0 0 0.972725
3 4 1 0.988682
6 0 0 0.875675
7 0 0 0.971875

3
1 5 1 0.863705
2 0 0 0.941262
3 0 0 0.752548

3
1 1 2 0.807084
2 0 0 0.82918
3 0 0 0.876497

5
1 5 1 0.837256
2 2 2 0.926478
4 0 0 0.9151
5 0 0 0.954914
3 0 0 0.789313

3
1 2 4 0.822437
2 0 0 0.868444
3 0 0 0.861778

3
1 4 1 0.867028
2 0 0 0.827071
3 0 0 0.946074

1
1 0 0 0.828546

3
1 5 1 0.911031
2 0 0 1.12505
3 0 0 0.896423

5
1 1 1 0.925191
2 0 3659 0.927278
4 0 0 0.853174
5 0 0 0.935932
3 0 0 0.779719

3
1 0 916 0.829446
2 0 0 0.933361
3 0 0 0.705904

5
1 5 1 0.887076
2 0 4783 0.98381
4 0 0 1.04967
5 0 0 0.959381
3 0 0 0.871295

3
1 2 3 0.898185
2 0 0 0.920175
3 0 0 1.01224

1
1 0 0 0.928872

1
1 0 0 0.88675

3
1 0 9973 0.771166
2 0 0 0.76964
3 0 0 0.948452

3
1 0 1128 0.778199
2 0 0 1.03996
3 0 0 0.87259

3
1 4 1 0.830076
2 0 0 0.788165
3 0 0 0.985138

3
1 0 9162 0.859407
2 0 0 0.874321
3 0 0 0.973109

3
1 0 4689 0.846942
2 0 0 0.872517
3 0 0 0.916137

3
1 6 5398 0.908775
2 0 0 0.804932
3 0 0 1.0416

3
1 5 1 0.912634
2 0 0 1.03402
3 0 0 0.810483

5
1 0 9085 0.966923
2 1 1 0.963875
4 0 0 1.00035
5 0 0 0.875029
3 0 0 0.978688

3
1 1 2 0.901411
2 0 0 0.956657
3 0 0 1.06978

3
1 0 470 0.802555
2 0 0 0.846015
3 0 0 0.826541

3
1 1 1 0.879502
2 0 0 0.904354
3 0 0 0.852694

1
1 0 0 0.819816

3
1 5 1 0.875318
2 0 0 0.895454
3 0 0 0.820148

1
1 0 0 0.883516

3
1 0 6757 0.910413
2 0 0 0.906785
3 0 0 0.957201

1
1 0 0 0.886681

3
1 0 9267 0.885908
2 0 0 0.89512
3 0 0 0.926265

5
1 0 6879 0.955348
2 0 0 0.96
3 5 1 0.936523
6 0 0 0.978839
7 0 0 0.89489

1
1 0 0 0.884398

1
1 0 0 0.796067

3
1 5 1 0.926432
2 0 0 0.949373
3 0 0 0.889861

3
1 5 1 0.749853
2 0 0 1.0293
3 0 0 0.823974

3
1 4 1 0.882951
2 0 0 0.850428
3 0 0 1.04486

1
1 0 0 0.892591

3
1 1 2 0.796327
2 0 0 0.808089
3 0 0 0.816247

1
1 0 0 0.78652

1
1 0 0 0.830513

3
1 5 1 0.941777
2 0 0 0.943858
3 0 0 0.919166

1
1 0 0 0.76734

3
1 5 1 0.863871
2 0 0 0.959018
3 0 0 0.793443

3
1 5 1 0.937567
2 0 0 1.07723
3 0 0 0.76783

3
1 1 1 0.865828
2 0 0 0.965073
3 0 0 0.84365

3
1 1 1 0.809623
2 0 0 1.01943
3 0 0 0.826223

3
1 5 1 0.794308
2 0 0 0.888786
3 0 0 0.775534

3
1 4 1 0.899586
2 0 0 0.869432
3 0 0 0.991863

1
1 0 0 0.770509

1
1 0 0 0.913352

5
1 6 34 0.84138
2 0 0 1.06177
3 6 236 0.898025
6 0 0 1.00272
7 0 0 0.882331

1
1 0 0 0.813367

3
1 5 1 0.870881
2 0 0 1.04879
3 0 0 0.869791

1
1 0 0 0.803969

5
1 6 1389 0.793361
2 6 1159 0.84103
4 0 0 0.936931
5 0 0 0.92557
3 0 0 0.84566

1
1 0 0 0.791258

3
1 4 1 0.796853
2 0 0 0.818631
3 0 0 0.960841

3
1 5 1 0.796138
2 0 0 0.95982
3 0 0 0.821924

3
1 5 1 0.799839
2 0 0 1.03299
3 0 0 0.907697

3
1 1 1 0.838817
2 0 0 1.07984
3 0 0 0.776706

3
1 1 1 0.936797
2 0 0 1.01029
3 0 0 0.868731

3
1 6 36 0.918168
2 0 0 1.02011
3 0 0 0.854357

3
1 1 1 0.898553
2 0 0 0.983062
3 0 0 0.914713

3
1 2 4 0.918014
2 0 0 0.903171
3 0 0 0.850543

3
1 0 8021 0.889036
2 0 0 0.89844
3 0 0 0.887489

5
1 4 1 0.907576
2 0 0 0.8333
3 0 7908 1.00014
6 0 0 1.05149
7 0 0 1.08574

3
1 4 1 0.790136
2 0 0 0.865209
3 0 0 1.03227

1
1 0 0 0.70917

1
1 0 0 0.833836

3
1 2 2 0.972646
2 0 0 1.02871
3 0 0 1.05428

5
1 2 1 0.875057
2 4 1 1.01063
4 0 0 0.938367
5 0 0 0.938844
3 0 0 0.802104

3
1 1 2 0.794904
2 0 0 0.773565
3 0 0 0.947031

1
1 0 0 0.812633

3
1 0 6280 0.911314
2 0 0 0.93964
3 0 0 0.83376

3
1 0 3077 0.79733
2 0 0 0.916664
3 0 0 0.795391

3
1 1 1 0.890816
2 0 0 1.12502
3 0 0 0.855528

1
1 0 0 0.837299

3
1 1 2 0.906581
2 0 0 0.865686
3 0 0 0.991933

1
1 0 0 0.823657

3
1 1 1 0.89209
2 0 0 0.929377
3 0 0 0.862273

5
1 6 2726 0.887281
2 6 1150 1.087
4 0 0 0.989097
5 0 0 1.05538
3 0 0 0.876224

1
1 0 0 0.721508

3
1 5 1 0.922182
2 0 0 0.99313
3 0 0 0.83491

3
1 2 4 0.88694
2 0 0 0.912521
3 0 0 1.06093

1
1 0 0 0.687712

3
1 0 3201 0.971237
2 0 0 0.933455
3 0 0 0.930634

1
1 0 0 0.864363

1
1 0 0 0.851797

3
1 4 1 0.966632
2 0 0 0.914006
3 0 0 1.01486

3
1 5 1 0.911749
2 0 0 0.972895
3 0 0 0.811847

3
1 6 3072 0.953611
2 0 0 0.965572
3 0 0 0.835611

1
1 0 0 0.831574

1
1 0 0 0.73823

3
1 0 123 0.772594
2 0 0 0.920071
3 0 0 0.799403

3
1 2 3 0.951358
2 0 0 0.920583
3 0 0 0.946254

5
1 0 6380 0.860015
2 6 1718 0.944013
4 0 0 1.04683
5 0 0 0.903488
3 0 0 0.999713

7
1 5 1 0.916418
2 0 1559 1.02574
4 0 0 1.00267
5 0 0 1.05162
3 6 1947 0.91803
6 0 0 0.979904
7 0 0 0.951971

3
1 5 1 0.80898
2 0 0 1.09009
3 0 0 0.811893

1
1 0 0 0.827271

5
1 4 1 0.893246
2 0 6947 0.888628
4 0 0 0.896985
5 0 0 0.940321
3 0 0 0.836749

3
1 4 1 0.800726
2 0 0 0.815528
3 0 0 0.966248

3
1 1 2 0.957273
2 0 0 0.844977
3 0 0 1.00089

3
1 0 4607 0.860092
2 0 0 1.10686
3 0 0 0.901838

3
1 6 1262 0.851416
2 0 0 0.894435
3 0 0 0.946571

3
1 1 1 0.890867
2 0 0 0.936746
3 0 0 0.830686

3
1 5 1 0.84196
2 0 0 0.869222
3 0 0 0.873237

3
1 5 1 0.866237
2 0 0 1.00708
3 0 0 0.846805

3
1 5 1 0.827873
2 0 0 0.965949
3 0 0 0.750618

1
1 0 0 0.854689

1
1 0 0 0.814955

3
1 5 1 0.835984
2 0 0 1.16499
3 0 0 0.880392

1
1 0 0 0.819297

1
1 0 0 0.899654

1
1 0 0 0.85613

3
1 4 1 0.891301
2 0 0 0.797505
3 0 0 1.00568

3
1 0 4875 0.845831
2 0 0 0.852659
3 0 0 0.928977

3
1 5 1 0.925097
2 0 0 0.894929
3 0 0 0.817672

1
1 0 0 0.78661

3
1 5 1 0.812457
2 0 0 0.919344
3 0 0 0.826585

5
1 2 1 0.948704
2 0 0 0.923976
3 4 1 0.918107
6 0 0 0.880807
7 0 0 1.02264

3
1 5 1 0.847868
2 0 0 0.897878
3 0 0 0.845153

1
1 0 0 0.872041

3
1 4 1 0.849362
2 0 0 0.852714
3 0 0 0.785016

5
1 1 1 0.986677
2 0 8751 0.982043
4 0 0 0.97785
5 0 0 1.05061
3 0 0 0.770883

5
1 0 7516 0.920278
2 0 0 0.8448
3 0 8093 0.946737
6 0 0 1.05021
7 0 0 0.977115

9
1 6 3758 0.878256
2 0 0 0.968914
3 1 1 0.917674
6 0 2156 1.00579
12 0 0 1.25816
13 0 0 1.01182
7 6 4371 0.924085
14 0 0 1.01843
15 0 0 0.852057

1
1 0 0 0.838163

5
1 5 1 0.902894
2 0 0 0.911908
3 2 1 0.87906
6 0 0 0.850608
7 0 0 1.03632

7
1 6 3906 0.875002
2 1 1 0.995628
4 0 0 1.06128
5 0 0 0.835048
3 5 1 0.875023
6 0 0 0.93533
7 0 0 0.811886

3
1 0 8495 0.803231
2 0 0 0.850352
3 0 0 0.959734

3
1 0 8269 0.900295
2 0 0 0.906881
3 0 0 0.988089

3
1 6 5182 0.864861
2 0 0 0.885208
3 0 0 1.01944

3
1 4 1 0.834383
2 0 0 0.836606
3 0 0 0.905

3
1 2 4 0.881095
2 0 0 0.765972
3 0 0 0.955884

3
1 6 170 0.875293
2 0 0 0.974301
3 0 0 0.827353

3
1 6 5057 0.885223
2 0 0 0.867621
3 0 0 1.11542

1
1 0 0 0.906378

1
1 0 0 0.856612

1
1 0 0 0.845055

3
1 5 1 0.817335
2 0 0 0.94327
3 0 0 0.911419

3
1 1 1 0.84691
2 0 0 0.933293
3 0 0 0.878415

3
1 1 1 0.804394
2 0 0 1.0338
3 0 0 0.725982

3
1 0 3040 0.870862
2 0 0 0.844048
3 0 0 0.846989

3
1 1 2 0.838768
2 0 0 0.781735
3 0 0 1.02757

3
1 4 1 0.805779
2 0 0 0.791169
3 0 0 0.908028

3
1 5 1 0.888893
2 0 0 0.973744
3 0 0 0.837051

3
1 5 1 0.794308
2 0 0 0.952033
3 0 0 0.782997

3
1 0 500 0.79664
2 0 0 1.08776
3 0 0 0.798705

3
1 1 1 0.883524
2 0 0 1.05123
3 0 0 0.759582

3
1 4 1 0.920636
2 0 0 0.94961
3 0 0 0.925738

3
1 6 5320 0.833629
2 0 0 0.770858
3 0 0 0.913599

3
1 0 1327 0.870961
2 0 0 0.966761
3 0 0 0.849755

5
1 2 2 0.910715
2 0 0 1.00496
3 6 3279 0.928284
6 0 0 0.922533
7 0 0 0.906413

5
1 2 4 0.846363
2 0 0 0.794806
3 4 1 1.00007
6 0 0 1.03311
7 0 0 0.957172

1
1 0 0 0.838405

3
1 4 1 0.918269
2 0 0 0.942222
3 0 0 0.929343

3
1 1 1 0.898335
2 0 0 0.89197
3 0 0 0.765845

5
1 1 1 0.861673
2 2 4 0.97138
4 0 0 1.09895
5 0 0 0.988821
3 0 0 0.810806

5
1 5 1 0.912622
2 0 593 0.922835
4 0 0 0.981195
5 0 0 0.89087
3 0 0 0.797941

3
1 5 1 0.858518
2 0 0 0.995615
3 0 0 0.806366

3
1 6 4381 0.94804
2 0 0 0.924064
3 0 0 1.07111

1
1 0 0 0.844016

1
1 0 0 0.785903

5
1 1 2 0.948218
2 5 1 0.928849
4 0 0 0.976343
5 0 0 0.781676
3 0 0 1.10998

3
1 1 1 0.845931
2 0 0 0.955467
3 0 0 0.788534

3
1 5 1 0.931559
2 0 0 0.943913
3 0 0 0.831124

1
1 0 0 0.922997

3
1 1 1 0.894321
2 0 0 1.05914
3 0 0 0.82063

1
1 0 0 0.889074

1
1 0 0 0.830197

3
1 6 1141 0.892413
2 0 0 0.915175
3 0 0 0.862309

1
1 0 0 0.836065

3
1 1 1 0.946938
2 0 0 1.03438
3 0 0 0.876353

3
1 0 3641 0.843634
2 0 0 0.868142
3 0 0 0.880689

3
1 0 8817 0.810236
2 0 0 0.851205
3 0 0 0.958652

3
1 0 3339 0.852202
2 0 0 1.00568
3 0 0 0.770839

1
1 0 0 0.855109

1
1 0 0 0.790574

3
1 0 2107 0.891697
2 0 0 0.992069
3 0 0 0.816053

1
1 0 0 0.879455

1
1 0 0 0.904039

3
1 6 4504 0.938224
2 0 0 0.90334
3 0 0 0.906172

5
1 5 1 0.894244
2 2 1 0.945305
4 0 0 0.972978
5 0 0 0.979179
3 0 0 0.858082

3
1 4 1 0.848226
2 0 0 0.755478
3 0 0 0.999641

3
1 5 1 0.900138
2 0 0 0.935177
3 0 0 0.984904

3
1 4 1 0.851436
2 0 0 0.870094
3 0 0 0.958364

3
1 1 2 0.820293
2 0 0 0.872513
3 0 0 0.981605

3
1 4 1 0.839192
2 0 0 0.841623
3 0 0 0.948051

1
1 0 0 0.749248

1
1 0 0 0.825848

3
1 1 1 0.83898
2 0 0 0.958419
3 0 0 0.841916

3
1 6 2461 0.818751
2 0 0 0.884241
3 0 0 0.914348

3
1 0 75 0.785533
2 0 0 1.03952
3 0 0 0.789625

5
1 0 4250 0.962149
2 6 5197 1.00407
4 0 0 0.884466
5 0 0 1.0207
3 0 0 0.911646

3
1 0 5494 0.834029
2 0 0 0.995998
3 0 0 0.838325

1
1 0 0 0.885912

1
1 0 0 0.773696

3
1 5 1 0.899178
2 0 0 1.08257
3 0 0 0.808485

3
1 6 1453 0.871572
2 0 0 0.862964
3 0 0 0.845889

5
1 2 2 0.935094
2 5 1 0.973901
4 0 0 0.982272
5 0 0 0.865576
3 0 0 0.901283

3
1 6 5321 0.815022
2 0 0 0.795493
3 0 0 1.06968

3
1 1 2 0.943418
2 0 0 0.767513
3 0 0 1.00552

7
1 0 3641 1.00643
2 0 0 0.927518
3 5 1 1.01577
6 0 0 0.939581
7 6 2723 0.968978
14 0 0 1.05286
15 0 0 0.906718

1
1 0 0 0.943871

3
1 6 1282 0.939558
2 0 0 0.978156
3 0 0 0.961607

3
1 5 1 0.885151
2 0 0 0.88171
3 0 0 0.885169

3
1 5 1 0.884016
2 0 0 1.12814
3 0 0 0.8115

1
1 0 0 0.806567

5
1 1 2 0.86889
2 0 0 0.883757
3 2 1 0.941923
6 0 0 0.930731
7 0 0 0.970659

3
1 5 1 0.858291
2 0 0 0.909133
3 0 0 0.827692

3
1 5 1 0.835984
2 0 0 1.01835
3 0 0 0.881652

1
1 0 0 0.844054

3
1 2 2 0.893417
2 0 0 0.961718
3 0 0 0.950393

1
1 0 0 0.760903

3
1 0 2073 0.905124
2 0 0 0.824099
3 0 0 0.893691

1
1 0 0 0.989311

1
1 0 0 0.815499

3
1 2 3 0.861208
2 0 0 0.91643
3 0 0 0.966183

3
1 1 1 0.857078
2 0 0 1.02026
3 0 0 0.863516

5
1 5 1 0.875586
2 6 1524 0.952604
4 0 0 1.00075
5 0 0 0.947475
3 0 0 0.756612

3
1 4 1 0.790608
2 0 0 0.624658
3 0 0 1.04194

3
1 1 1 0.964742
2 0 0 0.95365
3 0 0 0.790567

3
1 6 4350 0.88232
2 0 0 0.910449
3 0 0 0.817501

5
1 5 1 1.02985
2 6 3480 1.01803
4 0 0 1.0387
5 0 0 0.924752
3 0 0 0.936964

3
1 5 1 0.900885
2 0 0 1.00882
3 0 0 0.860117

1
1 0 0 0.879403

1
1 0 0 0.742521

3
1 0 8389 0.946005
2 0 0 0.972208
3 0 0 0.930132

3
1 6 3105 0.888917
2 0 0 0.882461
3 0 0 0.878563

3
1 4 1 0.88695
2 0 0 0.828541
3 0 0 0.87338

3
1 6 2940 0.86503
2 0 0 1.08869
3 0 0 0.840666

3
1 2 1 0.819754
2 0 0 0.850722
3 0 0 0.782808

3
1 0 628 0.760843
2 0 0 0.872817
3 0 0 0.763375

3
1 4 1 0.990318
2 0 0 0.931199
3 0 0 0.992986

5
1 0 2534 0.933622
2 0 0 0.894042
3 6 1820 0.851052
6 0 0 0.947379
7 0 0 0.889185

3
1 1 1 0.880991
2 0 0 0.94706
3 0 0 0.863497

1
1 0 0 0.794674

5
1 2 4 0.974506
2 2 1 0.921652
4 0 0 0.949656
5 0 0 0.90042
3 0 0 1.02541

3
1 5 1 0.832406
2 0 0 1.00445
3 0 0 0.874275

1
1 0 0 0.773974

1
1 0 0 0.838362

3
1 5 1 0.87566
2 0 0 1.04724
3 0 0 0.820272

1
1 0 0 0.879895

3
1 0 3486 0.852877
2 0 0 0.849547
3 0 0 0.980499

3
1 6 107 0.871062
2 0 0 1.04157
3 0 0 0.88243

3
1 1 1 0.78989
2 0 0 0.987564
3 0 0 0.809317

3
1 0 6288 0.964955
2 0 0 0.78065
3 0 0 0.912159

5
1 1 1 0.803906
2 2 4 1.05493
4 0 0 1.07003
5 0 0 0.867924
3 0 0 0.896009

3
1 6 55 0.764218
2 0 0 0.941404
3 0 0 0.843474

1
1 0 0 0.871436

1
1 0 0 0.801411

5
1 4 1 0.855904
2 2 4 0.881094
4 0 0 0.89651
5 0 0 0.914489
3 0 0 0.92886

1
1 0 0 0.727308

3
1 1 1 0.786101
2 0 0 1.09767
3 0 0 0.806332

1
1 0 0 0.792305

3
1 4 1 0.938572
2 0 0 0.833438
3 0 0 0.992828

3
1 1 1 0.898335
2 0 0 0.978011
3 0 0 0.825729

3
1 1 1 0.861673
2 0 0 1.04806
3 0 0 0.850796

1
1 0 0 0.803162

3
1 0 245 0.856593
2 0 0 1.13383
3 0 0 0.783493

1
1 0 0 0.75737

1
1 0 0 0.828695

3
1 5 1 0.833261
2 0 0 1.05621
3 0 0 0.806704

3
1 6 20 0.904927
2 0 0 0.989091
3 0 0 0.850067

3
1 1 1 0.845931
2 0 0 1.06626
3 0 0 0.901077

3
1 1 1 0.842636
2 0 0 0.972157
3 0 0 0.824805

1
1 0 0 0.887692

3
1 1 1 0.894321
2 0 0 0.957964
3 0 0 0.819294

1
1 0 0 0.7222

3
1 2 3 0.998189
2 0 0 0.933865
3 0 0 1.04857

5
1 1 2 0.960353
2 2 2 1.01502
4 0 0 0.989738
5 0 0 0.972976
3 0 0 0.910132

3
1 2 3 0.929169
2 0 0 0.919325
3 0 0 0.915465

3
1 1 1 0.944488
2 0 0 1.00715
3 0 0 0.884474

3
1 5 1 0.964466
2 0 0 1.02391
3 0 0 0.825954

1
1 0 0 0.793834

3
1 1 2 0.86477
2 0 0 0.822486
3 0 0 1.00746

3
1 0 2476 0.874654
2 0 0 1.06972
3 0 0 0.885406

3
1 5 1 0.850918
2 0 0 1.11113
3 0 0 0.879211

7
1 0 7775 0.901353
2 0 4922 0.932774
4 0 0 0.943689
5 0 0 0.763419
3 6 4319 0.969395
6 0 0 0.950452
7 0 0 0.949131

3
1 0 150 0.787303
2 0 0 1.07043
3 0 0 0.778935

1
1 0 0 0.789355

5
1 6 5378 0.963121
2 0 0 0.792799
3 1 1 0.947147
6 0 0 1.02834
7 0 0 0.928612

3
1 6 1215 0.930147
2 0 0 0.926866
3 0 0 0.88331

5
1 6 1179 0.853828
2 2 1 0.90919
4 0 0 1.02731
5 0 0 0.842473
3 0 0 0.825186

3
1 1 1 0.941968
2 0 0 0.89305
3 0 0 0.826976

3
1 6 3458 0.869356
2 0 0 0.947416
3 0 0 0.862051

1
1 0 0 0.864213

5
1 2 2 0.866828
2 0 7439 1.00889
4 0 0 0.944816
5 0 0 0.959834
3 0 0 0.921113

3
1 5 1 0.960081
2 0 0 1.09243
3 0 0 0.845941

5
1 1 1 0.834937
2 0 0 1.02135
3 2 4 0.820242
6 0 0 0.816581
7 0 0 0.991043

3
1 6 4785 0.826309
2 0 0 0.836441
3 0 0 0.812398

5
1 6 434 0.859489
2 2 3 0.984079
4 0 0 1.08793
5 0 0 0.939997
3 0 0 0.906638

5
1 4 1 0.896622
2 0 0 0.84858
3 0 8715 0.917579
6 0 0 1.12089
7 0 0 0.820096

3
1 6 344 0.894023
2 0 0 0.845464
3 0 0 0.894111

1
1 0 0 0.786495

1
1 0 0 0.787482

3
1 0 9550 0.907981
2 0 0 0.880717
3 0 0 0.965353

3
1 5 1 0.904025
2 0 0 0.97674
3 0 0 0.908935

3
1 1 2 0.869203
2 0 0 0.801269
3 0 0 1.00778

1
1 0 0 0.785331

1
1 0 0 0.803628

3
1 0 521 0.84188
2 0 0 1.01117
3 0 0 0.826904

3
1 6 4759 0.945901
2 0 0 1.01195
3 0 0 0.893493

3
1 4 1 0.840229
2 0 0 0.869381
3 0 0 1.02956

1
1 0 0 0.803263

5
1 2 4 0.912713
2 1 1 0.989104
4 0 0 0.935456
5 0 0 0.765459
3 0 0 0.920391

3
1 2 3 0.904191
2 0 0 0.946948
3 0 0 0.850071

3
1 2 1 0.909068
2 0 0 0.939107
3 0 0 0.894352

5
1 1 2 0.86889
2 0 1059 0.896881
4 0 0 0.86497
5 0 0 0.884967
3 0 0 0.997429

3
1 5 1 0.858291
2 0 0 0.983988
3 0 0 0.804549

3
1 5 1 0.895823
2 0 0 0.948366
3 0 0 0.815044

5
1 6 44 0.800294
2 6 8 1.01448
4 0 0 1.04171
5 0 0 1.04338
3 0 0 0.883426

1
1 0 0 0.888834

1
1 0 0 0.760758

3
1 6 5310 0.895652
2 0 0 0.735747
3 0 0 1.04368

3
1 6 2259 0.899779
2 0 0 0.947058
3 0 0 1.08541

5
1 5 1 0.818276
2 0 0 1.03052
3 6 2097 0.917572
6 0 0 1.01853
7 0 0 0.867808

3
1 1 2 0.92107
2 0 0 0.866134
3 0 0 1.08419

3
1 6 3972 0.965406
2 0 0 1.03305
3 0 0 0.961602

5
1 5 1 0.875586
2 0 7211 0.986708
4 0 0 0.942639
5 0 0 1.09085
3 0 0 0.874795

5
1 5 1 0.909365
2 6 1645 0.942572
4 0 0 1.00457
5 0 0 0.96451
3 0 0 0.794109

3
1 5 1 0.857914
2 0 0 0.979091
3 0 0 0.827906

1
1 0 0 0.77547

3
1 1 1 0.856809
2 0 0 0.916123
3 0 0 0.882275

5
1 1 2 0.900726
2 0 0 0.812135
3 2 1 0.954897
6 0 0 0.906313
7 0 0 0.987235

3
1 5 1 0.783555
2 0 0 0.997298
3 0 0 0.769425

1
1 0 0 0.787928

3
1 1 1 0.874682
2 0 0 1.01392
3 0 0 0.782925

3
1 1 1 0.854587
2 0 0 0.965926
3 0 0 0.896359

1
1 0 0 0.865604

1
1 0 0 0.787258

1
1 0 0 0.904009

3
1 1 2 0.946173
2 0 0 0.859663
3 0 0 0.919006

3
1 4 1 0.794166
2 0 0 0.883152
3 0 0 0.946507

1
1 0 0 0.857568

5
1 4 1 0.951841
2 6 605 0.901572
4 0 0 0.847188
5 0 0 0.881274
3 0 0 1.05361

1
1 0 0 0.963768

3
1 0 5184 0.86837
2 0 0 0.965679
3 0 0 0.907074

3
1 5 1 0.879086
2 0 0 1.0909
3 0 0 0.848629

1
1 0 0 0.815676

1
1 0 0 0.902527

3
1 0 91 0.761126
2 0 0 0.848823
3 0 0 0.765869

5
1 4 1 0.835528
2 5 1 0.873813
4 0 0 0.860293
5 0 0 0.829911
3 0 0 0.913951

1
1 0 0 0.860035

1
1 0 0 0.844599

1
1 0 0 0.862348

1
1 0 0 0.844926

1
1 0 0 0.846872

3
1 1 2 0.962926
2 0 0 0.872104
3 0 0 0.925018

3
1 6 3083 0.968177
2 0 0 0.96903
3 0 0 0.873199

7
1 6 5272 0.837388
2 0 0 0.857982
3 0 1045 0.870798
6 0 0 0.932688
7 5 1 0.978598
14 0 0 0.913078
15 0 0 0.92772

5
1 2 3 0.844857
2 0 0 0.869053
3 0 6352 0.951792
6 0 0 1.11304
7 0 0 1.15822

1
1 0 0 0.738518

1
1 0 0 0.784733

3
1 6 3725 0.977315
2 0 0 0.887668
3 0 0 0.975484

3
1 1 2 0.857876
2 0 0 0.873228
3 0 0 0.898394

3
1 6 2334 0.885723
2 0 0 0.944102
3 0 0 0.848853

3
1 4 1 0.887011
2 0 0 0.85939
3 0 0 1.03958

1
1 0 0 0.77918

1
1 0 0 0.736722

3
1 5 1 0.91776
2 0 0 0.927157
3 0 0 0.758553

3
1 0 8749 0.809798
2 0 0 0.840953
3 0 0 0.985792

3
1 5 1 0.818226
2 0 0 0.99873
3 0 0 0.710389

1
1 0 0 0.792585

1
1 0 0 0.70836

1
1 0 0 0.848058

3
1 5 1 0.927473
2 0 0 0.90779
3 0 0 0.960839

3
1 1 2 0.892463
2 0 0 0.859149
3 0 0 0.942756

5
1 6 2422 0.850219
2 0 0 1.05906
3 0 1260 0.858236
6 0 0 0.943137
7 0 0 0.910736

5
1 4 1 0.811814
2 0 0 0.775782
3 6 4682 0.922369
6 0 0 0.936186
7 0 0 0.968465

5
1 5 1 0.887433
2 2 2 0.99012
4 0 0 1.05165
5 0 0 0.930628
3 0 0 0.871156

1
1 0 0 0.815129

3
1 1 1 0.944488
2 0 0 0.926132
3 0 0 0.789821

3
1 5 1 0.964466
2 0 0 1.02548
3 0 0 0.905718

3
1 1 1 0.85883
2 0 0 0.898518
3 0 0 0.791634

3
1 5 1 0.84154
2 0 0 1.03793
3 0 0 0.873393

3
1 5 1 0.926008
2 0 0 0.9553
3 0 0 0.744976

3
1 5 1 0.850918
2 0 0 1.0458
3 0 0 0.859249

3
1 0 387 0.880067
2 0 0 1.0388
3 0 0 0.90929

3
1 5 1 0.844486
2 0 0 1.01807
3 0 0 0.856441

3
1 2 1 0.883329
2 0 0 0.951398
3 0 0 0.816731

3
1 5 1 0.931965
2 0 0 1.01415
3 0 0 0.931988

5
1 6 5287 0.76742
2 0 0 0.791037
3 6 5371 0.936145
6 0 0 1.10251
7 0 0 1.06892

5
1 0 807 0.783757
2 4 1 0.911332
4 0 0 1.08231
5 0 0 0.992837
3 0 0 0.887284

3
1 0 2880 0.886196
2 0 0 0.948565
3 0 0 0.876221

1
1 0 0 0.773016

5
1 6 5261 0.85624
2 0 0 0.859155
3 0 6961 1.03408
6 0 0 0.973862
7 0 0 0.994354

3
1 1 1 0.797645
2 0 0 0.988613
3 0 0 0.851907

3
1 4 1 0.857521
2 0 0 0.882703
3 0 0 0.864232

3
1 5 1 0.825721
2 0 0 1.06151
3 0 0 0.765471

1
1 0 0 0.861183

1
1 0 0 0.784117

3
1 6 1475 0.917581
2 0 0 0.880707
3 0 0 1.03528

3
1 6 74 0.949987
2 0 0 0.978953
3 0 0 0.88214

1
1 0 0 0.858784

7
1 6 235 0.865671
2 1 1 0.960208
4 0 0 0.992896
5 0 0 1.0542
3 0 950 0.865145
6 0 0 1.12512
7 0 0 0.844745

3
1 0 204 0.768711
2 0 0 0.973294
3 0 0 0.80797

3
1 1 2 0.947958
2 0 0 0.824877
3 0 0 1.03449

3
1 1 1 0.804761
2 0 0 0.963747
3 0 0 0.84332

1
1 0 0 0.780332

3
1 5 1 0.904308
2 0 0 0.88827
3 0 0 0.979543

1
1 0 0 0.808923

3
1 2 1 0.878293
2 0 0 0.90048
3 0 0 0.864466

1
1 0 0 0.885811

3
1 1 1 0.868499
2 0 0 1.01839
3 0 0 0.884657

1
1 0 0 0.746571

3
1 2 4 0.863466
2 0 0 0.867933
3 0 0 0.881479

1
1 0 0 0.939057

7
1 4 1 0.827711
2 6 1803 0.943078
4 0 0 0.992243
5 0 0 1.02139
3 2 4 0.910515
6 0 0 0.893154
7 0 0 0.904853

1
1 0 0 0.824991

3
1 6 4014 0.854295
2 0 0 0.839566
3 0 0 0.869352

3
1 2 3 0.863196
2 0 0 0.90794
3 0 0 0.985607

3
1 4 1 0.869548
2 0 0 0.901163
3 0 0 0.937952

3
1 1 2 0.783364
2 0 0 0.829481
3 0 0 0.980656

3
1 6 1757 0.912256
2 0 0 0.960827
3 0 0 0.806718

3
1 5 1 0.793495
2 0 0 1.02526
3 0 0 0.837085

3
1 5 1 0.805237
2 0 0 0.879456
3 0 0 0.769171

3
1 1 2 0.92107
2 0 0 0.796207
3 0 0 0.980043

3
1 1 2 0.871007
2 0 0 0.814443
3 0 0 1.07238

1
1 0 0 0.902373

3
1 5 1 0.909365
2 0 0 1.02869
3 0 0 0.836478

3
1 5 1 0.857914
2 0 0 1.02709
3 0 0 0.748085

3
1 2 1 0.976495
2 0 0 1.04933
3 0 0 0.970606

3
1 1 1 0.866967
2 0 0 1.02235
3 0 0 0.845127

1
1 0 0 0.900988

1
1 0 0 0.759259

3
1 2 2 0.977691
2 0 0 0.91715
3 0 0 0.958628

3
1 1 1 0.874682
2 0 0 0.995255
3 0 0 0.917258

3
1 4 1 0.931075
2 0 0 0.889042
3 0 0 0.942616

5
1 0 1805 0.802683
2 0 0 0.935503
3 5 1 0.84014
6 0 0 0.880787
7 0 0 0.819217

3
1 2 3 0.828452
2 0 0 0.827838
3 0 0 0.915088

3
1 1 1 0.880714
2 0 0 0.934641
3 0 0 0.854041

9
1 5 1 0.839246
2 6 1495 0.879459
4 0 0 0.925449
5 0 0 0.995555
3 0 9770 0.86556
6 0 0 0.978608
7 6 4323 0.954722
14 0 0 0.889097
15 0 0 1.07307

1
1 0 0 0.75477

1
1 0 0 0.877115

5
1 5 1 0.823613
2 2 3 0.990254
4 0 0 1.08447
5 0 0 0.89187
3 0 0 0.836489

3
1 5 1 0.814305
2 0 0 0.910694
3 0 0 0.823344

1
1 0 0 0.785821

1
1 0 0 0.734807

3
1 6 2991 0.923499
2 0 0 1.0408
3 0 0 0.915723

1
1 0 0 0.84171

5
1 1 2 0.97053
2 0 0 0.832112
3 6 1005 1.01111
6 0 0 1.00002
7 0 0 0.945443

3
1 0 1361 0.853829
2 0 0 0.894283
3 0 0 0.972459

3
1 5 1 0.963043
2 0 0 1.03124
3 0 0 0.747492

5
1 6 2334 0.834998
2 6 2296 0.95752
4 0 0 0.953162
5 0 0 1.21575
3 0 0 0.890822

1
1 0 0 0.884623

3
1 5 1 0.853248
2 0 0 0.967552
3 0 0 0.91968

3
1 6 678 0.929229
2 0 0 0.965011
3 0 0 0.996847

1
1 0 0 0.721122

3
1 4 1 0.89443
2 0 0 0.794429
3 0 0 0.950913

3
1 0 5517 0.893182
2 0 0 0.970626
3 0 0 0.897946

1
1 0 0 0.897694

3
1 4 1 0.847099
2 0 0 0.765843
3 0 0 1.01193

1
1 0 0 0.877144

3
1 5 1 0.862454
2 0 0 0.994759
3 0 0 0.945718

5
1 4 1 0.859978
2 0 0 0.834149
3 2 2 1.15673
6 0 0 0.924962
7 0 0 0.994325

3
1 0 8853 0.852216
2 0 0 0.846569
3 0 0 1

1
1 0 0 0.891958

3
1 1 2 0.777091
2 0 0 0.805709
3 0 0 0.919112

1
1 0 0 0.829454

5
1 0 2501 0.886334
2 4 1 1.00226
4 0 0 0.998914
5 0 0 1.22879
3 0 0 0.896581

3
1 4 1 0.918613
2 0 0 0.882526
3 0 0 0.937615

1
1 0 0 0.839019

3
1 1 2 0.925729
2 0 0 0.902343
3 0 0 0.980223

1
1 0 0 0.708497

5
1 6 2924 0.851938
2 6 2178 0.950469
4 0 0 0.870405
5 0 0 1.04117
3 0 0 0.795978

3
1 5 1 0.927473
2 0 0 1.00693
3 0 0 0.818941

1
1 0 0 0.648517

1
1 0 0 0.776826

3
1 5 1 0.963674
2 0 0 1.00378
3 0 0 0.928714

3
1 0 587 0.926283
2 0 0 1.11151
3 0 0 0.812286

1
1 0 0 0.820546

3
1 5 1 0.849944
2 0 0 0.968397
3 0 0 0.761444

1
1 0 0 0.847329

1
1 0 0 0.804229

3
1 1 1 0.871647
2 0 0 0.985646
3 0 0 0.875409

5
1 6 1712 0.890861
2 0 4533 0.962824
4 0 0 0.979398
5 0 0 0.923216
3 0 0 0.892524

3
1 1 1 0.817282
2 0 0 0.934484
3 0 0 0.855191

3
1 1 1 0.819657
2 0 0 0.93137
3 0 0 0.727561

3
1 5 1 0.844486
2 0 0 0.993011
3 0 0 0.839513

3
1 4 1 0.882171
2 0 0 0.796097
3 0 0 0.898217

1
1 0 0 0.851786

5
1 2 2 0.916504
2 1 1 0.973891
4 0 0 1.15216
5 0 0 0.887059
3 0 0 0.93257

7
1 5 1 0.911119
2 0 580 1.05636
4 0 0 1.06702
5 0 4023 1.07234
10 0 0 1.02227
11 0 0 1.10371
3 0 0 0.796471

3
1 2 4 0.885702
2 0 0 0.869709
3 0 0 0.966399

3
1 0 4626 0.942864
2 0 0 0.942696
3 0 0 0.924274

5
1 5 1 0.849103
2 2 1 0.992853
4 0 0 1.01387
5 0 0 0.975708
3 0 0 0.738071

5
1 1 2 0.851533
2 0 0 0.95507
3 6 2167 1.09896
6 0 0 1.09638
7 0 0 0.969149

3
1 4 1 0.88646
2 0 0 0.946082
3 0 0 1.04097

3
1 0 3196 0.85273
2 0 0 0.891883
3 0 0 0.888646

1
1 0 0 0.760707

1
1 0 0 0.822138

3
1 0 4262 0.882679
2 0 0 0.896398
3 0 0 0.890124

1
1 0 0 0.811317

1
1 0 0 0.833288

3
1 5 1 0.906772
2 0 0 1.03984
3 0 0 0.888646

3
1 6 2956 0.903726
2 0 0 0.96952
3 0 0 0.817772

5
1 0 3341 0.79163
2 0 3327 0.880791
4 0 0 0.941886
5 0 0 1.09307
3 0 0 0.78873

5
1 4 1 0.902846
2 0 0 0.876638
3 0 1397 0.996058
6 0 0 0.833887
7 0 0 0.928404

3
1 5 1 0.822888
2 0 0 1.16963
3 0 0 0.670043

3
1 2 3 0.96005
2 0 0 0.960114
3 0 0 1.01198

1
1 0 0 0.813925

3
1 5 1 0.835114
2 0 0 0.94434
3 0 0 0.736155

3
1 6 330 0.790324
2 0 0 0.932732
3 0 0 0.820266

3
1 1 2 0.891912
2 0 0 0.88021
3 0 0 0.908295

1
1 0 0 0.802799

1
1 0 0 0.88836

1
1 0 0 0.799453

5
1 2 1 0.909526
2 4 1 1.08554
4 0 0 1.03717
5 0 0 0.93789
3 0 0 0.845885

3
1 6 1127 0.918482
2 0 0 0.944569
3 0 0 0.909224

3
1 4 1 0.97107
2 0 0 0.940533
3 0 0 1.00068

3
1 2 1 0.798796
2 0 0 0.872959
3 0 0 0.826184

1
1 0 0 0.804516

3
1 0 968 0.953166
2 0 0 0.972401
3 0 0 0.987206

1
1 0 0 0.811782

5
1 5 1 0.793495
2 6 2316 0.997333
4 0 0 1.10878
5 0 0 1.06297
3 0 0 0.827183

3
1 1 2 0.866137
2 0 0 0.758796
3 0 0 1.05296

5
1 0 8430 0.840862
2 1 2 1.04924
4 0 0 1.02916
5 0 0 0.989131
3 0 0 0.980351

5
1 2 4 0.881889
2 1 2 0.986488
4 0 0 0.998542
5 0 0 1.00827
3 0 0 1.03667

1
1 0 0 0.821008

3
1 0 1207 0.890685
2 0 0 1.0225
3 0 0 0.850238

3
1 5 1 0.857914
2 0 0 0.957742
3 0 0 0.851313

1
1 0 0 0.894981

1
1 0 0 0.788298

3
1 1 2 0.877988
2 0 0 0.757711
3 0 0 1.02028

3
1 6 1670 0.859873
2 0 0 0.933095
3 0 0 0.838736

1
1 0 0 0.954495

3
1 5 1 0.919508
2 0 0 1.07034
3 0 0 0.756305

3
1 2 1 0.870225
2 0 0 1.01153
3 0 0 0.982698

1
1 0 0 0.814051

5
1 0 9827 0.893185
2 0 0 0.851945
3 0 9935 0.972227
6 0 0 0.99469
7 0 0 1.13478

1
1 0 0 0.93816

5
1 1 2 0.856852
2 0 0 0.937204
3 0 3293 0.984279
6 0 0 0.970812
7 0 0 0.975142

3
1 5 1 0.797489
2 0 0 0.899936
3 0 0 0.864061

3
1 5 1 0.811145
2 0 0 1.14713
3 0 0 0.818264

3
1 5 1 0.832485
2 0 0 1.07091
3 0 0 0.913068

3
1 1 2 0.848068
2 0 0 0.825395
3 0 0 0.989179

3
1 6 1346 0.868895
2 0 0 0.854649
3 0 0 0.831058

3
1 6 4909 0.817921
2 0 0 0.80849
3 0 0 1.01959

1
1 0 0 0.824392

3
1 2 4 0.928653
2 0 0 0.897271
3 0 0 1.00948

1
1 0 0 0.84587

1
1 0 0 0.74684

3
1 0 6231 0.919005
2 0 0 0.822709
3 0 0 0.888338

3
1 2 3 0.829131
2 0 0 0.86615
3 0 0 1.04362

3
1 5 1 0.95475
2 0 0 0.923436
3 0 0 0.786695

3
1 6 5171 0.915733
2 0 0 0.829977
3 0 0 0.969621

3
1 1 1 0.977546
2 0 0 1.03469
3 0 0 0.832197

5
1 4 1 0.916793
2 0 954 1.01919
4 0 0 1.00083
5 0 0 0.984365
3 0 0 0.977089

3
1 1 2 0.957697
2 0 0 0.746065
3 0 0 0.908846

3
1 5 1 0.883694
2 0 0 0.940664
3 0 0 0.906794

5
1 0 9549 0.802118
2 0 0 0.922983
3 4 1 0.949734
6 0 0 0.924099
7 0 0 1.1246

1
1 0 0 0.836593

3
1 2 2 0.906199
2 0 0 0.94107
3 0 0 0.973143

3
1 6 1146 0.890461
2 0 0 0.929054
3 0 0 0.872266

5
1 4 1 0.906865
2 0 0 0.883635
3 2 4 1.02793
6 0 0 0.970923
7 0 0 1.10495

3
1 0 2443 0.901734
2 0 0 1.07335
3 0 0 0.917038

3
1 0 3920 0.944411
2 0 0 0.981356
3 0 0 0.984044

3
1 2 2 0.844498
2 0 0 0.895248
3 0 0 0.801111

3
1 0 274 0.837389
2 0 0 0.925412
3 0 0 0.742359

1
1 0 0 0.833862

1
1 0 0 0.945734

3
1 1 1 0.790018
2 0 0 1.18189
3 0 0 0.804602

3
1 1 2 0.887042
2 0 0 0.905984
3 0 0 0.876651

3
1 1 1 0.866719
2 0 0 0.85982
3 0 0 0.846141

3
1 0 623 0.941152
2 0 0 1.02635
3 0 0 0.839652

3
1 2 4 0.8312
2 0 0 0.885817
3 0 0 1.12266

3
1 4 1 0.864769
2 0 0 0.868443
3 0 0 0.880976

5
1 4 1 0.854026
2 0 0 0.823512
3 0 6379 0.905711
6 0 0 0.823949
7 0 0 1.06514

1
1 0 0 0.850316

1
1 0 0 0.84322

3
1 1 2 0.849156
2 0 0 0.848822
3 0 0 1.0496

3
1 5 1 0.872867
2 0 0 0.888662
3 0 0 0.725483

1
1 0 0 0.762268

3
1 6 281 0.820929
2 0 0 0.906632
3 0 0 0.869643

3
1 1 1 0.803659
2 0 0 0.894934
3 0 0 0.735278

1
1 0 0 0.792116

3
1 1 1 0.817282
2 0 0 1.06999
3 0 0 0.793522

3
1 6 2588 0.875905
2 0 0 0.971738
3 0 0 0.917621

3
1 4 1 0.885043
2 0 0 0.827069
3 0 0 1.01622

3
1 1 2 0.869788
2 0 0 0.820733
3 0 0 1.026

1
1 0 0 0.730119

3
1 0 6275 0.902141
2 0 0 0.913135
3 0 0 1.01626

3
1 4 1 0.860166
2 0 0 0.897543
3 0 0 0.913907

1
1 0 0 0.685726

3
1 5 1 0.882938
2 0 0 0.931732
3 0 0 0.885874

3
1 5 1 0.890509
2 0 0 0.909946
3 0 0 0.834174

3
1 0 981 0.791547
2 0 0 0.926265
3 0 0 0.811442

3
1 0 8816 0.875329
2 0 0 0.806269
3 0 0 0.878817

3
1 2 2 0.974327
2 0 0 0.849358
3 0 0 0.996234

3
1 4 1 0.872969
2 0 0 0.868863
3 0 0 0.977757

3
1 5 1 0.894479
2 0 0 0.953998
3 0 0 0.907881

3
1 5 1 0.769598
2 0 0 0.858568
3 0 0 0.704668

1
1 0 0 0.807024

3
1 6 4978 0.942909
2 0 0 0.966282
3 0 0 0.886194

3
1 0 7818 0.912987
2 0 0 0.869482
3 0 0 0.859183

5
1 1 1 0.955973
2 6 3413 0.977989
4 0 0 1.03867
5 0 0 1.00712
3 0 0 0.858117

3
1 4 1 0.870632
2 0 0 1.02275
3 0 0 1.02018

1
1 0 0 0.768362

5
1 4 1 0.944374
2 6 1935 0.891683
4 0 0 0.878074
5 0 0 0.79608
3 0 0 0.911227

1
1 0 0 0.880134

3
1 5 1 0.940742
2 0 0 0.984531
3 0 0 0.767938

1
1 0 0 0.780238

1
1 0 0 0.875449

3
1 6 4054 0.92906
2 0 0 0.980954
3 0 0 0.942885

1
1 0 0 0.714562

5
1 6 4845 0.905679
2 4 1 0.863004
4 0 0 0.914327
5 0 0 0.901969
3 0 0 1.00045

1
1 0 0 0.831353

5
1 6 618 0.912493
2 2 1 0.988702
4 0 0 0.918777
5 0 0 0.873456
3 0 0 0.992118

1
1 0 0 0.791575

3
1 2 1 0.980279
2 0 0 0.915163
3 0 0 0.948076

3
1 1 1 0.885885
2 0 0 1.10029
3 0 0 0.812774

3
1 5 1 0.831835
2 0 0 1.03687
3 0 0 0.863582

1
1 0 0 0.787854

1
1 0 0 0.798549

3
1 6 1704 0.851587
2 0 0 0.969911
3 0 0 0.844739

5
1 0 3625 0.898467
2 5 1 1.07404
4 0 0 1.05998
5 0 0 0.990851
3 0 0 0.919905

1
1 0 0 0.909801

3
1 4 1 0.869542
2 0 0 0.895321
3 0 0 0.940096

3
1 4 1 0.84605
2 0 0 0.805882
3 0 0 0.966956

1
1 0 0 0.803427

3
1 6 1247 0.915995
2 0 0 1.04452
3 0 0 1.02776

5
1 1 1 0.874992
2 6 1343 0.953235
4 0 0 0.976931
5 0 0 0.921326
3 0 0 0.769173

1
1 0 0 0.833229

3
1 1 1 0.86766
2 0 0 1.01317
3 0 0 0.7581

1
1 0 0 0.773066

1
1 0 0 0.890672

3
1 1 1 0.90323
2 0 0 1.12084
3 0 0 0.89966

3
1 6 1736 0.939422
2 0 0 0.901977
3 0 0 0.954313

3
1 2 2 0.937598
2 0 0 0.962007
3 0 0 0.958849

3
1 2 4 0.858454
2 0 0 0.900269
3 0 0 0.929312

5
1 1 2 0.925704
2 0 5574 0.975411
4 0 0 1.06335
5 0 0 0.927363
3 0 0 0.905897

1
1 0 0 0.803403

3
1 1 1 0.775795
2 0 0 0.783618
3 0 0 0.732077

3
1 5 1 0.811145
2 0 0 1.01597
3 0 0 0.80933

3
1 4 1 0.871188
2 0 0 0.906576
3 0 0 0.923655

3
1 6 2870 0.979315
2 0 0 1.00625
3 0 0 0.905004

3
1 6 2718 0.797847
2 0 0 0.781044
3 0 0 0.820002

3
1 5 1 0.951118
2 0 0 0.99305
3 0 0 0.86101

3
1 4 1 0.943385
2 0 0 0.810078
3 0 0 0.915766

3
1 1 2 0.865594
2 0 0 0.835445
3 0 0 1.02673

3
1 1 1 0.859885
2 0 0 0.986548
3 0 0 0.864266

3
1 1 1 0.747871
2 0 0 1.1362
3 0 0 0.863055

3
1 1 1 0.744575
2 0 0 1.08883
3 0 0 0.792436

3
1 0 7222 0.997556
2 0 0 0.897725
3 0 0 0.897032

3
1 6 5105 0.834549
2 0 0 0.872121
3 0 0 1.04638

1
1 0 0 0.778095

3
1 6 2288 0.869237
2 0 0 0.955083
3 0 0 0.904565

3
1 1 2 0.887513
2 0 0 0.834471
3 0 0 0.951656

1
1 0 0 0.773965

3
1 6 800 0.84431
2 0 0 0.923747
3 0 0 0.890191

3
1 1 1 0.883019
2 0 0 0.825723
3 0 0 0.725052

3
1 4 1 0.905633
2 0 0 0.853809
3 0 0 1.00492

1
1 0 0 0.858108

3
1 5 1 0.890655
2 0 0 0.887041
3 0 0 0.884777

3
1 1 1 0.847646
2 0 0 1.04566
3 0 0 0.786172

3
1 6 2725 0.891731
2 0 0 0.991141
3 0 0 0.958485

1
1 0 0 0.90005

3
1 1 2 0.847852
2 0 0 0.822713
3 0 0 1.14007

3
1 0 6835 0.843434
2 0 0 0.828849
3 0 0 0.946268

3
1 0 6556 0.87045
2 0 0 0.895007
3 0 0 1.01799

1
1 0 0 0.918776

1
1 0 0 0.697189

1
1 0 0 0.816354

3
1 0 6504 0.900355
2 0 0 0.949941
3 0 0 0.934054

3
1 0 809 0.907338
2 0 0 0.95252
3 0 0 0.797562

1
1 0 0 0.838366

5
1 4 1 0.845714
2 0 0 0.823529
3 2 1 1.02322
6 0 0 0.838335
7 0 0 0.955473

1
1 0 0 0.867276

3
1 5 1 0.907436
2 0 0 0.964275
3 0 0 0.854316

1
1 0 0 0.929005

3
1 5 1 0.940169
2 0 0 1.02801
3 0 0 0.830896

5
1 0 2905 0.941714
2 4 1 0.989962
4 0 0 0.899079
5 0 0 0.996805
3 0 0 0.919974

9
1 6 2093 0.871024
2 0 0 0.893084
3 6 3144 0.971867
6 6 2113 0.977299
12 0 0 1.01896
13 2 4 1.01406
26 0 0 0.888879
27 0 0 0.951122
7 0 0 0.82109

1
1 0 0 0.812075

5
1 5 1 0.851718
2 0 0 0.984953
3 4 1 0.929094
6 0 0 0.933537
7 0 0 0.929874

3
1 1 1 0.899025
2 0 0 0.909363
3 0 0 0.896101

1
1 0 0 0.795346

3
1 5 1 0.814228
2 0 0 0.985619
3 0 0 0.772325

1
1 0 0 0.81657

3
1 2 1 0.867
2 0 0 0.880069
3 0 0 0.848667

1
1 0 0 0.850062

5
1 1 2 0.832646
2 5 1 0.881177
4 0 0 0.956091
5 0 0 0.858866
3 0 0 0.975986

3
1 4 1 0.7858
2 0 0 0.839372
3 0 0 0.92006

1
1 0 0 0.687576

3
1 0 2202 0.830364
2 0 0 0.869757
3 0 0 0.846125

5
1 6 1827 0.937343
2 1 2 0.950532
4 0 0 0.939184
5 0 0 0.95045
3 0 0 0.929055

3
1 1 2 0.839808
2 0 0 0.840925
3 0 0 0.968797

3
1 6 5186 0.69939
2 0 0 0.721894
3 0 0 0.977923

1
1 0 0 0.779508

3
1 0 202 0.765324
2 0 0 1.05462
3 0 0 0.788838

1
1 0 0 0.800612

3
1 4 1 0.818476
2 0 0 0.784953
3 0 0 0.845339

3
1 1 1 0.905727
2 0 0 0.983221
3 0 0 0.924946

5
1 5 1 0.920915
2 6 1182 1.02503
4 0 0 0.976732
5 0 0 0.964328
3 0 0 0.772565

3
1 1 1 0.901433
2 0 0 0.878335
3 0 0 0.942094

3
1 1 1 0.955973
2 0 0 1.01384
3 0 0 0.774203

3
1 0 8313 0.988318
2 0 0 0.901115
3 0 0 0.986205

3
1 5 1 0.880777
2 0 0 0.999027
3 0 0 0.86535

3
1 6 180 0.871973
2 0 0 0.958347
3 0 0 0.884187

3
1 1 1 0.894499
2 0 0 0.961819
3 0 0 0.826876

3
1 6 1215 0.913188
2 0 0 0.884838
3 0 0 0.877232

3
1 6 237 0.835462
2 0 0 1.09272
3 0 0 0.885177

3
1 1 2 0.816894
2 0 0 0.866957
3 0 0 1.00218

3
1 4 1 0.842479
2 0 0 0.814513
3 0 0 0.928749

3
1 0 1803 0.84726
2 0 0 0.923776
3 0 0 0.889771

3
1 1 2 0.95157
2 0 0 0.746169
3 0 0 1.03223

5
1 0 145 0.941234
2 0 0 0.955018
3 1 2 0.905442
6 0 0 0.928767
7 0 0 0.910386

1
1 0 0 0.831937

1
1 0 0 0.82455

3
1 2 3 0.797393
2 0 0 0.817241
3 0 0 0.914431

3
1 5 1 0.915526
2 0 0 1.09476
3 0 0 0.714804

3
1 5 1 0.831835
2 0 0 0.973664
3 0 0 0.832379

3
1 6 1082 0.844166
2 0 0 0.91254
3 0 0 0.840334

1
1 0 0 0.76422

3
1 6 1939 0.886683
2 0 0 0.938789
3 0 0 0.858169

3
1 1 2 0.8908
2 0 0 0.874812
3 0 0 0.966244

1
1 0 0 0.884612

3
1 5 1 0.883241
2 0 0 0.888012
3 0 0 0.935926

1
1 0 0 0.916754

3
1 1 1 0.847559
2 0 0 0.901076
3 0 0 0.787636

7
1 6 2288 0.899252
2 1 1 1.04753
4 0 0 0.983951
5 0 0 0.929098
3 6 3930 0.93648
6 0 0 0.896436
7 0 0 1.01181

3
1 6 54 0.788884
2 0 0 1.05182
3 0 0 0.790516

3
1 0 3537 0.849151
2 0 0 1.07933
3 0 0 0.860215

1
1 0 0 0.711529

5
1 6 5188 0.928171
2 4 1 0.905762
4 0 0 0.865177
5 0 0 1.01221
3 0 0 0.932955

1
1 0 0 0.853045

3
1 1 1 0.90323
2 0 0 1.14026
3 0 0 0.754975

1
1 0 0 0.791417

5
1 1 1 0.865979
2 2 4 0.93201
4 0 0 0.894237
5 0 0 0.91357
3 0 0 0.870329

3
1 5 1 0.920051
2 0 0 0.959282
3 0 0 0.937091

1
1 0 0 0.824371

3
1 2 4 0.95479
2 0 0 0.949727
3 0 0 0.975499

3
1 5 1 0.967255
2 0 0 0.972406
3 0 0 0.769582

3
1 4 1 0.915411
2 0 0 0.924967
3 0 0 1.02185

5
1 5 1 0.858687
2 0 0 1.03654
3 2 4 0.91179
6 0 0 0.891114
7 0 0 1.06704

3
1 2 3 0.91607
2 0 0 0.952747
3 0 0 0.96116

3
1 5 1 0.877624
2 0 0 1.06056
3 0 0 0.895102

7
1 6 341 0.902187
2 6 310 0.936627
4 0 2893 0.955956
8 0 0 0.946392
9 0 0 0.975241
5 0 0 0.980118
3 0 0 0.858269

3
1 0 9921 0.747845
2 0 0 0.787748
3 0 0 0.962206

3
1 5 1 0.946745
2 0 0 1.05244
3 0 0 0.821554

3
1 4 1 0.848193
2 0 0 0.843519
3 0 0 0.938936

3
1 0 9866 0.844246
2 0 0 0.834111
3 0 0 0.91388

5
1 6 4052 0.953888
2 0 0 1.05141
3 0 9644 0.944894
6 0 0 0.86567
7 0 0 1.04201

1
1 0 0 0.882045

1
1 0 0 0.914148

1
1 0 0 0.769972

1
1 0 0 0.920087

3
1 5 1 0.835548
2 0 0 1.17672
3 0 0 0.773255

3
1 5 1 0.922865
2 0 0 0.897662
3 0 0 0.717113

3
1 6 5217 0.756981
2 0 0 0.893179
3 0 0 0.954188

3
1 5 1 0.898851
2 0 0 1.08617
3 0 0 0.887606

3
1 4 1 0.842678
2 0 0 0.88538
3 0 0 1.03042

5
1 0 1321 0.927041
2 2 3 1.03485
4 0 0 1.08615
5 0 0 1.01806
3 0 0 0.924873

1
1 0 0 0.783196

1
1 0 0 0.904738

3
1 5 1 0.930693
2 0 0 0.873014
3 0 0 0.776196

3
1 5 1 0.863461
2 0 0 1.03705
3 0 0 0.822435

3
1 6 1380 0.799633
2 0 0 1.03755
3 0 0 0.841902

3
1 6 5374 0.79561
2 0 0 0.815416
3 0 0 1.00246

3
1 2 1 0.900264
2 0 0 0.926978
3 0 0 0.875662

3
1 1 1 0.942825
2 0 0 0.968611
3 0 0 0.729963

3
1 0 3048 0.879123
2 0 0 0.964915
3 0 0 0.86182

3
1 0 1518 0.847911
2 0 0 0.957118
3 0 0 0.837988

1
1 0 0 0.895512

7
1 0 3448 0.901375
2 4 1 0.937936
4 6 2277 0.871965
8 0 0 1.01639
9 0 0 1.00898
5 0 0 1.02571
3 0 0 0.857179

7
1 0 523 0.802285
2 0 0 1.01267
3 2 1 0.905798
6 0 0 0.869804
7 4 1 0.959843
14 0 0 0.78906
15 0 0 1.0637

3
1 5 1 0.900091
2 0 0 0.981665
3 0 0 0.96321

3
1 6 3357 0.875759
2 0 0 0.895494
3 0 0 0.868842

1
1 0 0 0.794398

1
1 0 0 0.790105

1
1 0 0 0.726119

1
1 0 0 0.892811

3
1 2 1 0.882362
2 0 0 0.877798
3 0 0 0.901687

3
1 5 1 0.868003
2 0 0 0.999301
3 0 0 0.816616

3
1 5 1 0.851718
2 0 0 1.03977
3 0 0 0.753296

5
1 4 1 0.875764
2 0 0 0.867058
3 2 3 1.03603
6 0 0 0.980537
7 0 0 1.07167

1
1 0 0 0.78732

1
1 0 0 0.996749

3
1 6 1843 0.839505
2 0 0 0.887405
3 0 0 0.887108

3
1 1 1 0.818739
2 0 0 0.999027
3 0 0 0.84258

1
1 0 0 0.869565

1
1 0 0 0.737755

3
1 6 420 0.907476
2 0 0 0.892902
3 0 0 0.876429

3
1 1 2 0.900034
2 0 0 0.92323
3 0 0 1.00718

3
1 1 1 0.789725
2 0 0 1.02487
3 0 0 0.833395

3
1 2 2 0.856789
2 0 0 0.801849
3 0 0 0.893547

3
1 2 4 0.911537
2 0 0 0.88907
3 0 0 0.974111

3
1 5 1 0.820128
2 0 0 0.843178
3 0 0 0.747305

1
1 0 0 0.754551

3
1 0 1965 0.88139
2 0 0 0.914475
3 0 0 0.994625

1
1 0 0 0.752708

1
1 0 0 0.790563

1
1 0 0 0.888299

5
1 0 1227 0.794329
2 0 328 0.885648
4 0 0 0.900788
5 0 0 0.876703
3 0 0 0.800918

1
1 0 0 0.747497

3
1 1 1 0.815769
2 0 0 0.989422
3 0 0 0.839852

1
1 0 0 0.854999

1
1 0 0 0.883144

3
1 4 1 0.902704
2 0 0 0.835389
3 0 0 1.0234

3
1 1 1 0.894499
2 0 0 0.946184
3 0 0 0.881115

3
1 5 1 0.94818
2 0 0 0.96204
3 0 0 0.790999

1
1 0 0 0.911453

3
1 5 1 0.934249
2 0 0 1.02505
3 0 0 0.843506

1
1 0 0 0.728001

5
1 2 2 0.966798
2 0 0 0.971208
3 6 2162 0.913373
6 0 0 0.931721
7 0 0 0.94086

5
1 4 1 0.922656
2 0 0 0.844309
3 6 4199 1.0698
6 0 0 1.17388
7 0 0 0.917299

1
1 0 0 0.793793

3
1 1 1 0.887532
2 0 0 1.169
3 0 0 0.837322

3
1 2 1 0.84158
2 0 0 0.836923
3 0 0 0.865503

3
1 5 1 0.881997
2 0 0 1.10829
3 0 0 0.816324

3
1 6 2677 0.857647
2 0 0 0.929501
3 0 0 0.89393

3
1 2 4 0.90071
2 0 0 0.899094
3 0 0 1.03683

3
1 4 1 0.862012
2 0 0 0.727404
3 0 0 0.989683

3
1 0 2265 0.812651
2 0 0 0.910278
3 0 0 0.839716

3
1 6 5281 0.831057
2 0 0 0.831227
3 0 0 0.997101

3
1 1 1 0.800325
2 0 0 1.12963
3 0 0 0.737512

1
1 0 0 0.859984

1
1 0 0 0.71363

3
1 0 1782 0.883197
2 0 0 0.929779
3 0 0 0.928715

3
1 4 1 0.913732
2 0 0 0.857929
3 0 0 0.946704

3
1 1 2 0.896955
2 0 0 0.840602
3 0 0 0.884761

3
1 0 2937 0.999982
2 0 0 0.880868
3 0 0 0.954533

3
1 2 4 0.931694
2 0 0 0.920189
3 0 0 0.939695

3
1 1 1 0.88517
2 0 0 1.01261
3 0 0 0.828658

3
1 0 7019 0.887428
2 0 0 0.867127
3 0 0 0.878826

3
1 0 3558 0.912803
2 0 0 0.8416
3 0 0 0.989457

1
1 0 0 0.815568

3
1 2 3 0.866228
2 0 0 0.859232
3 0 0 0.783806

5
1 5 1 0.855874
2 6 1257 1.03906
4 0 0 1.05465
5 0 0 0.960869
3 0 0 0.832584

3
1 6 159 0.817006
2 0 0 0.951075
3 0 0 0.836574

1
1 0 0 0.761677

1
1 0 0 0.867076

3
1 6 4845 0.82875
2 0 0 0.835935
3 0 0 0.875278

3
1 4 1 0.915411
2 0 0 0.724961
3 0 0 1.10448

3
1 6 974 0.836377
2 0 0 0.829044
3 0 0 0.887819

3
1 5 1 0.894358
2 0 0 1.01846
3 0 0 0.872433

3
1 6 3131 0.923346
2 0 0 0.966325
3 0 0 0.887635

1
1 0 0 0.837093

1
1 0 0 0.82328

1
1 0 0 0.864508

3
1 5 1 0.940404
2 0 0 1.15058
3 0 0 0.910838

3
1 6 3285 0.949456
2 0 0 0.943815
3 0 0 0.974928

3
1 6 2989 0.847642
2 0 0 0.943242
3 0 0 0.919972

3
1 1 1 0.885667
2 0 0 1.00904
3 0 0 0.898083

3
1 4 1 0.875421
2 0 0 0.855883
3 0 0 0.899701

3
1 6 957 0.872561
2 0 0 0.92902
3 0 0 0.875331

3
1 1 1 0.897482
2 0 0 1.04666
3 0 0 0.859934

1
1 0 0 0.877061

1
1 0 0 0.785601

3
1 6 3677 0.914028
2 0 0 1.04229
3 0 0 0.935445

1
1 0 0 0.811606

5
1 1 2 0.887125
2 5 1 0.889991
4 0 0 0.961749
5 0 0 0.951045
3 0 0 0.963394

1
1 0 0 0.807009

3
1 0 7297 0.896139
2 0 0 0.921584
3 0 0 0.826777

3
1 6 353 0.8753
2 0 0 1.01527
3 0 0 0.921186

3
1 4 1 0.782323
2 0 0 0.848217
3 0 0 1.04269

1
1 0 0 0.799673

1
1 0 0 0.85018

1
1 0 0 0.792308

7
1 2 3 0.994652
2 0 0 0.82892
3 6 165 0.950539
6 2 4 0.980417
12 0 0 1.00064
13 0 0 0.978373
7 0 0 1.1537

3
1 0 6101 0.844331
2 0 0 0.783571
3 0 0 1.02325

3
1 6 3078 0.928184
2 0 0 0.861095
3 0 0 1.01975

1
1 0 0 0.732496

3
1 5 1 0.845161
2 0 0 0.978433
3 0 0 0.776531

3
1 6 2055 0.904619
2 0 0 0.9727
3 0 0 0.930339

7
1 0 523 0.802285
2 0 0 0.985242
3 2 1 0.905798
6 0 0 0.933516
7 4 1 0.959843
14 0 0 0.904868
15 0 0 0.971802

3
1 0 4680 0.881756
2 0 0 1.00416
3 0 0 0.897478

1
1 0 0 0.751783

3
1 5 1 0.867089
2 0 0 1.03973
3 0 0 0.82027

3
1 6 1957 0.882944
2 0 0 0.913298
3 0 0 0.929445

9
1 0 8815 1.0063
2 4 1 0.961453
4 0 0 0.893839
5 6 1532 0.926436
10 0 0 0.941005
11 0 0 0.903375
3 4 1 0.969666
6 0 0 0.934706
7 0 0 1.05155

3
1 0 580 0.735297
2 0 0 0.92056
3 0 0 0.827223

1
1 0 0 0.822302

3
1 1 1 0.904373
2 0 0 0.919158
3 0 0 0.839713

3
1 6 3292 0.911984
2 0 0 0.951755
3 0 0 0.926594

3
1 0 6865 0.893208
2 0 0 0.853137
3 0 0 0.88949

1
1 0 0 0.801692

1
1 0 0 0.782192

3
1 4 1 0.8239
2 0 0 0.80149
3 0 0 1.11813

3
1 2 1 0.929023
2 0 0 0.885529
3 0 0 0.809475

3
1 1 1 0.920079
2 0 0 0.998532
3 0 0 0.79394

3
1 5 1 0.892673
2 0 0 0.908892
3 0 0 0.851704

5
1 5 1 0.802201
2 6 819 0.970705
4 0 0 1.08392
5 0 0 1.0185
3 0 0 0.803256

3
1 1 2 0.937601
2 0 0 0.850132
3 0 0 0.960698

5
1 5 1 0.814715
2 0 4749 1.04793
4 0 0 1.02613
5 0 0 0.980129
3 0 0 0.870647

1
1 0 0 0.774089

3
1 2 1 0.90208
2 0 0 0.917755
3 0 0 0.896581

3
1 1 1 0.835019
2 0 0 1.03284
3 0 0 0.818325

5
1 0 2740 0.905775
2 5 1 0.896166
4 0 0 0.853263
5 0 0 0.955695
3 0 0 0.896918

3
1 5 1 0.939643
2 0 0 0.986852
3 0 0 0.74052

3
1 6 4565 0.888573
2 0 0 0.917947
3 0 0 0.966923

1
1 0 0 0.74595

3
1 5 1 0.904029
2 0 0 0.95656
3 0 0 0.872346

5
1 5 1 0.853647
2 6 99 0.920539
4 0 0 0.936472
5 0 0 0.882555
3 0 0 0.884571

1
1 0 0 0.689069

3
1 6 2734 0.922158
2 0 0 0.922824
3 0 0 0.952448

3
1 4 1 0.838636
2 0 0 0.741038
3 0 0 0.993856

1
1 0 0 0.788445

3
1 5 1 0.874477
2 0 0 1.17474
3 0 0 0.838095

1
1 0 0 0.734972

3
1 1 1 0.843561
2 0 0 0.948952
3 0 0 0.873992

3
1 1 1 0.870023
2 0 0 0.8852
3 0 0 0.900534

1
1 0 0 0.882395

1
1 0 0 0.83631

5
1 4 1 0.857001
2 0 0 0.839911
3 2 1 0.966018
6 0 0 0.866374
7 0 0 1.00638

5
1 2 4 0.915011
2 5 1 0.992204
4 0 0 1.09628
5 0 0 0.962573
3 0 0 0.994967

3
1 5 1 0.847354
2 0 0 0.926493
3 0 0 0.833437

3
1 4 1 0.854577
2 0 0 0.777775
3 0 0 1.02005

1
1 0 0 0.807805

3
1 5 1 0.881997
2 0 0 0.986574
3 0 0 0.766473

3
1 1 1 0.930866
2 0 0 1.11007
3 0 0 0.855834

3
1 5 1 0.912715
2 0 0 1.01447
3 0 0 0.736847

3
1 6 1380 0.946665
2 0 0 1.03173
3 0 0 0.860776

3
1 0 4018 0.868246
2 0 0 1.02045
3 0 0 0.828982

3
1 4 1 0.837951
2 0 0 0.848553
3 0 0 0.827836

1
1 0 0 0.939649

3
1 1 2 0.879067
2 0 0 0.766154
3 0 0 0.906949

3
1 1 1 0.944458
2 0 0 1.10862
3 0 0 0.861114

1
1 0 0 0.788603

3
1 2 3 0.928176
2 0 0 0.93197
3 0 0 0.941088

1
1 0 0 0.789306

1
1 0 0 0.804873

1
1 0 0 0.874567

3
1 6 3139 0.937803
2 0 0 0.9288
3 0 0 0.772932

3
1 0 177 0.808244
2 0 0 1.04301
3 0 0 0.854645

3
1 6 5116 0.834165
2 0 0 0.82287
3 0 0 0.865909

3
1 5 1 0.866109
2 0 0 0.950893
3 0 0 0.822564

3
1 2 1 0.884323
2 0 0 0.976208
3 0 0 0.92449

3
1 1 2 0.90039
2 0 0 0.825331
3 0 0 0.955285

3
1 2 3 0.889605
2 0 0 0.904644
3 0 0 0.897436

3
1 5 1 0.848943
2 0 0 0.941858
3 0 0 0.80664

3
1 5 1 0.819453
2 0 0 1.03818
3 0 0 0.770201

3
1 5 1 0.895363
2 0 0 1.08003
3 0 0 0.920033

3
1 2 2 0.866115
2 0 0 0.992513
3 0 0 0.876074

5
1 2 3 0.783689
2 2 2 0.941427
4 0 0 0.960853
5 0 0 1.03625
3 0 0 0.842662

1
1 0 0 0.746835

3
1 6 259 0.81485
2 0 0 0.948364
3 0 0 0.806193

3
1 1 1 0.913298
2 0 0 0.87468
3 0 0 0.791664

7
1 0 3173 0.874308
2 0 0 1.06275
3 5 1 0.948592
6 0 0 0.993856
7 2 4 0.957523
14 0 0 0.933811
15 0 0 0.993699

1
1 0 0 0.911687

1
1 0 0 0.84284

1
1 0 0 0.844675

1
1 0 0 0.823955

1
1 0 0 0.820467

3
1 1 2 0.896396
2 0 0 0.899815
3 0 0 1.01117

1
1 0 0 0.951318

3
1 6 2315 0.940708
2 0 0 0.907831
3 0 0 0.933721

3
1 6 2940 0.855166
2 0 0 1.05573
3 0 0 0.868973

1
1 0 0 0.843826

3
1 4 1 0.801669
2 0 0 1.00722
3 0 0 0.952948

3
1 2 4 0.853971
2 0 0 0.868262
3 0 0 0.967227

3
1 6 1737 0.902002
2 0 0 0.956362
3 0 0 0.889218

3
1 1 2 0.914621
2 0 0 0.803806
3 0 0 0.982663

1
1 0 0 1.0069

3
1 4 1 0.938459
2 0 0 0.943069
3 0 0 0.937341

1
1 0 0 0.832573

5
1 5 1 0.847277
2 2 4 1.01154
4 0 0 1.12241
5 0 0 1.05759
3 0 0 0.929478

3
1 1 1 0.901548
2 0 0 1.05109
3 0 0 0.969133

3
1 6 4536 0.880511
2 0 0 0.980072
3 0 0 0.905801

1
1 0 0 0.709508

1
1 0 0 0.818322

3
1 0 737 0.868735
2 0 0 0.877511
3 0 0 0.867239

3
1 6 5103 0.900415
2 0 0 0.894092
3 0 0 1.04338

3
1 4 1 0.921324
2 0 0 0.90342
3 0 0 1.0184

1
1 0 0 0.776061

3
1 4 1 0.863909
2 0 0 0.785762
3 0 0 0.886258

1
1 0 0 0.824616

5
1 6 2744 0.913768
2 0 5409 0.913625
4 0 0 0.998986
5 0 0 1.01434
3 0 0 0.892905

3
1 6 4205 0.898537
2 0 0 0.858033
3 0 0 0.911219

3
1 4 1 0.85866
2 0 0 0.865232
3 0 0 0.937787

3
1 2 1 0.907937
2 0 0 0.996573
3 0 0 0.992811

1
1 0 0 0.752821

3
1 6 56 0.846346
2 0 0 1.04133
3 0 0 0.891353

7
1 6 5009 0.963395
2 0 0 0.886964
3 0 2264 0.937098
6 1 2 1.0667
12 0 0 0.956441
13 0 0 0.926226
7 0 0 0.942072

3
1 6 4390 0.85139
2 0 0 0.83933
3 0 0 0.845467

3
1 0 4170 0.816489
2 0 0 0.863216
3 0 0 0.89426

1
1 0 0 0.708371

3
1 1 1 0.856362
2 0 0 1.04472
3 0 0 0.816921

3
1 6 1127 0.863539
2 0 0 0.934938
3 0 0 0.936208

3
1 4 1 0.943947
2 0 0 0.897362
3 0 0 0.97242

3
1 5 1 0.917879
2 0 0 1.03885
3 0 0 0.877007

3
1 1 1 0.857403
2 0 0 0.98364
3 0 0 0.798701

3
1 1 1 0.895559
2 0 0 0.939537
3 0 0 0.760288

1
1 0 0 0.795442

5
1 4 1 1.01038
2 0 0 0.852386
3 0 7061 1.03209
6 0 0 0.970295
7 0 0 1.03408

3
1 0 2081 0.823418
2 0 0 0.924721
3 0 0 0.82781

3
1 6 4095 0.85937
2 0 0 0.850517
3 0 0 0.898106

3
1 5 1 0.890338
2 0 0 0.926824
3 0 0 0.811023

5
1 2 2 0.941891
2 6 960 0.979558
4 0 0 1.01031
5 0 0 0.905141
3 0 0 0.995257

3
1 2 2 0.912341
2 0 0 0.967312
3 0 0 0.810589

1
1 0 0 0.847376

5
1 5 1 0.871644
2 2 2 0.915334
4 0 0 1.0287
5 0 0 0.940021
3 0 0 0.828431

1
1 0 0 0.86201

3
1 1 1 0.877107
2 0 0 0.932875
3 0 0 0.626789

3
1 4 1 0.831309
2 0 0 0.819026
3 0 0 1.05511

3
1 1 1 0.903251
2 0 0 1.14177
3 0 0 0.78616

1
1 0 0 0.86476

3
1 1 2 0.879933
2 0 0 0.827248
3 0 0 0.995822

3
1 1 1 0.840148
2 0 0 0.950054
3 0 0 0.833697

5
1 2 1 0.845372
2 0 0 0.9251
3 4 1 0.907429
6 0 0 0.794085
7 0 0 1.05508

1
1 0 0 0.724031

3
1 1 1 0.771976
2 0 0 0.999153
3 0 0 0.829961

1
1 0 0 0.797806

7
1 6 2173 0.886099
2 5 1 0.922503
4 0 0 0.96877
5 0 0 0.971179
3 6 2923 0.786468
6 0 0 1.08536
7 0 0 0.861593

3
1 6 73 0.732761
2 0 0 0.864571
3 0 0 0.745893

1
1 0 0 0.79607

1
1 0 0 0.768336

3
1 1 2 0.964757
2 0 0 0.950871
3 0 0 0.941397

5
1 5 1 0.87983
2 0 0 1.0741
3 1 2 0.873445
6 0 0 0.907681
7 0 0 0.99401

1
1 0 0 0.71692

3
1 1 1 0.939644
2 0 0 1.03115
3 0 0 0.808083

5
1 2 2 0.925971
2 1 1 0.927549
4 0 0 1.14084
5 0 0 0.917786
3 0 0 0.970332

3
1 5 1 0.898947
2 0 0 1.09837
3 0 0 0.876229

3
1 0 8768 0.829485
2 0 0 0.848337
3 0 0 0.885244

3
1 0 6652 0.879126
2 0 0 0.945063
3 0 0 0.959379

1
1 0 0 0.871134

3
1 5 1 0.796317
2 0 0 0.997948
3 0 0 0.801118

1
1 0 0 0.78481

3
1 0 2541 0.880273
2 0 0 0.902704
3 0 0 1.01936

1
1 0 0 0.904117

1
1 0 0 0.777179

1
1 0 0 0.943013

1
1 0 0 0.802074

1
1 0 0 0.758604

1
1 0 0 0.842489

5
1 0 1494 0.963025
2 4 1 1.01717
4 0 0 0.856629
5 0 0 0.974737
3 0 0 0.947149

5
1 2 3 0.934606
2 0 0 0.780528
3 6 2113 0.916341
6 0 0 1.03809
7 0 0 0.795733

3
1 1 2 0.82914
2 0 0 0.854633
3 0 0 1.09506

3
1 4 1 0.890614
2 0 0 0.878115
3 0 0 1.02339

1
1 0 0 0.807201

1
1 0 0 0.863714

3
1 5 1 0.819453
2 0 0 0.951784
3 0 0 0.754498

3
1 6 2150 0.913429
2 0 0 0.904906
3 0 0 0.827572

3
1 1 1 0.875285
2 0 0 1.11363
3 0 0 0.810832

1
1 0 0 0.850086

3
1 5 1 0.944883
2 0 0 1.01726
3 0 0 0.94185

1
1 0 0 0.828691

5
1 2 4 0.878872
2 0 0 0.908902
3 1 2 0.948838
6 0 0 0.970998
7 0 0 1.00214

3
1 0 3278 0.895685
2 0 0 0.877112
3 0 0 0.897996

3
1 0 3905 0.834929
2 0 0 0.898955
3 0 0 0.870994

3
1 0 5087 0.857545
2 0 0 0.990472
3 0 0 0.884834

1
1 0 0 0.845684

3
1 2 4 0.79382
2 0 0 0.831793
3 0 0 0.96142

1
1 0 0 0.766972

3
1 1 1 0.86093
2 0 0 1.02057
3 0 0 0.859762

3
1 2 4 0.869193
2 0 0 0.827676
3 0 0 0.834652

1
1 0 0 0.878409

1
1 0 0 0.904181

3
1 5 1 0.853846
2 0 0 1.01938
3 0 0 0.809145

1
1 0 0 0.795967

3
1 5 1 0.913923
2 0 0 0.940276
3 0 0 0.959471

3
1 0 1262 0.957372
2 0 0 1.02478
3 0 0 0.954183

3
1 4 1 0.873775
2 0 0 0.797706
3 0 0 0.995724

3
1 1 1 0.942702
2 0 0 0.958947
3 0 0 0.958885

1
1 0 0 0.926338

3
1 5 1 0.90485
2 0 0 0.981151
3 0 0 0.855065

3
1 1 2 0.872107
2 0 0 0.828566
3 0 0 1.06251

1
1 0 0 0.852571

1
1 0 0 0.815292

3
1 2 3 0.931024
2 0 0 0.795652
3 0 0 0.900605

5
1 4 1 0.897498
2 0 0 0.871582
3 2 1 0.994823
6 0 0 0.892486
7 0 0 1.10245

5
1 4 1 0.974283
2 0 0 0.893159
3 0 3334 0.972197
6 0 0 1.03783
7 0 0 1.02885

3
1 2 1 0.864384
2 0 0 0.923897
3 0 0 0.91445

3
1 2 2 0.906795
2 0 0 0.982343
3 0 0 0.843531

1
1 0 0 0.811804

3
1 6 1212 0.874416
2 0 0 1.02222
3 0 0 0.895786

3
1 5 1 0.802631
2 0 0 1.14291
3 0 0 0.875348

3
1 4 1 0.835934
2 0 0 0.862979
3 0 0 0.947256

3
1 1 2 0.897348
2 0 0 0.791478
3 0 0 0.957461

3
1 4 1 0.862559
2 0 0 0.881239
3 0 0 0.919943

1
1 0 0 0.781039

1
1 0 0 0.808908

3
1 0 3577 0.857791
2 0 0 0.859955
3 0 0 0.879642

3
1 5 1 0.88586
2 0 0 0.94147
3 0 0 0.876643

3
1 5 1 0.990881
2 0 0 0.977886
3 0 0 0.971968

1
1 0 0 0.811405

3
1 5 1 0.878314
2 0 0 1.14996
3 0 0 0.904409

1
1 0 0 0.769088

3
1 1 1 0.900854
2 0 0 0.947065
3 0 0 0.793394

3
1 4 1 0.916947
2 0 0 0.794427
3 0 0 0.939184

3
1 5 1 0.849081
2 0 0 1.01635
3 0 0 0.904268

3
1 4 1 0.892637
2 0 0 0.828137
3 0 0 0.91925

3
1 1 1 0.919593
2 0 0 0.966714
3 0 0 0.873026

1
1 0 0 0.780738

3
1 5 1 0.994454
2 0 0 0.984378
3 0 0 0.918592

3
1 0 4488 0.782226
2 0 0 0.935369
3 0 0 0.829831

3
1 1 2 0.911817
2 0 0 0.920274
3 0 0 0.965621

3
1 5 1 0.890338
2 0 0 0.913293
3 0 0 0.786787

1
1 0 0 0.816977

3
1 4 1 0.892688
2 0 0 0.743197
3 0 0 0.894324

3
1 4 1 0.846239
2 0 0 0.855744
3 0 0 0.908468

3
1 6 934 0.913009
2 0 0 1.03106
3 0 0 0.880523

3
1 1 1 0.879225
2 0 0 0.940465
3 0 0 0.809542

5
1 1 1 0.908361
2 2 1 0.97546
4 0 0 1.09175
5 0 0 0.964386
3 0 0 0.879326

3
1 5 1 0.862223
2 0 0 1.03615
3 0 0 0.870231

1
1 0 0 0.817573

3
1 2 4 0.978849
2 0 0 0.846787
3 0 0 0.981979

3
1 2 1 0.940667
2 0 0 0.923959
3 0 0 0.951558

3
1 0 7533 0.827849
2 0 0 0.812998
3 0 0 0.899153

3
1 1 1 0.908661
2 0 0 0.97411
3 0 0 0.808422

1
1 0 0 0.928961

3
1 2 2 0.780896
2 0 0 0.89373
3 0 0 0.819178

3
1 4 1 0.838103
2 0 0 0.783877
3 0 0 0.922206

1
1 0 0 0.761258

3
1 0 1994 0.827824
2 0 0 0.994121
3 0 0 0.741125

5
1 5 1 0.851499
2 6 1758 1.05689
4 0 0 1.02227
5 0 0 1.14738
3 0 0 0.83426

1
1 0 0 0.725346

1
1 0 0 0.696766

1
1 0 0 0.819971

1
1 0 0 0.795481

5
1 5 1 0.899938
2 0 8925 1.03252
4 0 0 1.10044
5 0 0 1.09498
3 0 0 0.752811

1
1 0 0 0.903444

3
1 5 1 0.898947
2 0 0 1.01104
3 0 0 0.922412

3
1 1 1 0.905443
2 0 0 1.04888
3 0 0 0.832249

3
1 6 4310 0.92425
2 0 0 0.911609
3 0 0 0.883432

3
1 1 1 0.880894
2 0 0 0.963454
3 0 0 0.805305

1
1 0 0 0.916365

1
1 0 0 0.762799

5
1 5 1 0.896039
2 0 0 0.96979
3 2 1 0.986252
6 0 0 0.93025
7 0 0 0.909868

3
1 4 1 0.922122
2 0 0 0.898415
3 0 0 0.964043

1
1 0 0 0.954401

3
1 1 1 0.876841
2 0 0 0.976403
3 0 0 0.779687

3
1 4 1 0.83405
2 0 0 0.916331
3 0 0 1.03703

1
1 0 0 0.802267

3
1 2 1 0.892838
2 0 0 0.876758
3 0 0 0.888157

3
1 1 1 0.848447
2 0 0 0.906467
3 0 0 0.778409

1
1 0 0 0.856188

5
1 0 9791 0.850526
2 5 1 0.875344
4 0 0 1.0146
5 0 0 0.876492
3 0 0 0.930714

7
1 6 3159 0.941557
2 2 1 0.947143
4 5 1 0.96687
8 0 0 0.996329
9 0 0 1.02397
5 0 0 0.876098
3 0 0 0.83272

3
1 6 3128 0.84339
2 0 0 0.990194
3 0 0 0.90895

3
1 1 1 0.873747
2 0 0 1.00906
3 0 0 0.842208

1
1 0 0 0.786073

3
1 0 2135 0.833533
2 0 0 0.83131
3 0 0 0.801033

1
1 0 0 0.81462

1
1 0 0 0.885681

1
1 0 0 0.860341

3
1 5 1 0.850044
2 0 0 0.993817
3 0 0 0.830224

1
1 0 0 0.736072

3
1 6 352 0.910989
2 0 0 0.884795
3 0 0 0.96338

3
1 2 1 0.919823
2 0 0 0.87034
3 0 0 0.946765

1
1 0 0 0.803561

3
1 0 3938 0.893
2 0 0 0.888409
3 0 0 0.934404

3
1 5 1 0.850035
2 0 0 0.991198
3 0 0 0.783197

5
1 0 9489 0.806272
2 0 0 0.95613
3 5 1 0.918162
6 0 0 0.993168
7 0 0 0.970086

3
1 6 636 0.962844
2 0 0 0.886176
3 0 0 0.938364

3
1 0 6296 0.921185
2 0 0 0.899436
3 0 0 0.966315

3
1 6 5358 0.69443
2 0 0 0.701973
3 0 0 0.90525

3
1 0 9871 0.870179
2 0 0 0.884546
3 0 0 0.929609

7
1 6 158 0.886908
2 0 5065 0.887199
4 0 0 1.07715
5 0 0 1.0014
3 0 7359 0.881428
6 0 0 0.878923
7 0 0 0.863179

5
1 4 1 0.883494
2 0 0 0.881197
3 2 4 0.93141
6 0 0 0.995805
7 0 0 1.03628

3
1 5 1 0.915673
2 0 0 0.997594
3 0 0 0.782432

5
1 0 8754 0.825231
2 0 0 0.878867
3 2 2 0.90586
6 0 0 1.03607
7 0 0 0.913125

3
1 5 1 0.923241
2 0 0 0.888541
3 0 0 0.90816

3
1 1 1 0.879125
2 0 0 0.997588
3 0 0 0.844264

3
1 5 1 0.894291
2 0 0 1.02593
3 0 0 0.774075

3
1 1 1 0.950762
2 0 0 0.985059
3 0 0 0.742086

3
1 1 2 0.858184
2 0 0 0.857845
3 0 0 0.954495

7
1 4 1 0.847645
2 1 1 0.947625
4 0 0 0.999976
5 0 0 0.911884
3 2 1 1.11673
6 0 0 0.947657
7 0 0 1.01788

3
1 6 988 0.89066
2 0 0 0.965809
3 0 0 0.848139

1
1 0 0 0.919122

3
1 1 1 0.905031
2 0 0 0.887489
3 0 0 0.790488

3
1 4 1 0.974283
2 0 0 0.900596
3 0 0 1.00467

3
1 6 2516 0.807036
2 0 0 0.847325
3 0 0 0.818122

3
1 4 1 0.905848
2 0 0 0.844047
3 0 0 0.997943

3
1 5 1 0.840301
2 0 0 0.940598
3 0 0 0.804859

3
1 1 1 0.84113
2 0 0 0.972302
3 0 0 0.865296

3
1 5 1 0.834342
2 0 0 0.915426
3 0 0 0.920196

1
1 0 0 0.872386

3
1 4 1 0.89675
2 0 0 0.879048
3 0 0 0.96432

3
1 4 1 0.821075
2 0 0 0.770988
3 0 0 0.947441

5
1 5 1 0.907898
2 2 4 0.912026
4 0 0 0.978993
5 0 0 0.917669
3 0 0 0.900276

3
1 0 9937 0.892573
2 0 0 0.88672
3 0 0 1.01509

3
1 5 1 0.885899
2 0 0 0.91621
3 0 0 0.865472

3
1 1 1 0.861139
2 0 0 1.03073
3 0 0 0.930467

3
1 4 1 0.891056
2 0 0 0.862412
3 0 0 1.01535

3
1 5 1 0.885279
2 0 0 0.97616
3 0 0 0.792

3
1 2 3 0.854743
2 0 0 0.748506
3 0 0 0.911832

3
1 6 44 0.733135
2 0 0 0.915763
3 0 0 0.848819

3
1 4 1 0.767278
2 0 0 0.877151
3 0 0 0.982266

1
1 0 0 0.821221

1
1 0 0 0.749982

3
1 4 1 0.892637
2 0 0 0.908474
3 0 0 0.991564

3
1 6 2349 0.902613
2 0 0 0.975306
3 0 0 0.993022

3
1 4 1 0.807827
2 0 0 0.801005
3 0 0 0.959886

3
1 2 3 0.859122
2 0 0 0.855014
3 0 0 0.893882

1
1 0 0 0.687335

1
1 0 0 0.8286

3
1 5 1 0.810134
2 0 0 0.966056
3 0 0 0.995853

1
1 0 0 0.815298

3
1 6 4400 0.98234
2 0 0 0.868555
3 0 0 0.849857

3
1 0 4996 0.898048
2 0 0 1.00641
3 0 0 0.909655

1
1 0 0 0.888013

3
1 1 2 0.802605
2 0 0 0.897167
3 0 0 1.15722

3
1 2 4 0.795417
2 0 0 0.816214
3 0 0 0.974511

3
1 1 1 0.8089
2 0 0 0.829846
3 0 0 0.775415

1
1 0 0 0.817106

1
1 0 0 0.768794

3
1 5 1 0.883963
2 0 0 0.987616
3 0 0 0.962891

3
1 1 1 0.896109
2 0 0 0.99805
3 0 0 0.767425

3
1 5 1 0.875779
2 0 0 1.02617
3 0 0 0.856487

3
1 0 548 0.880654
2 0 0 1.09328
3 0 0 0.899758

1
1 0 0 0.829172

3
1 5 1 1.01627
2 0 0 1.00314
3 0 0 0.909594

3
1 1 2 0.888007
2 0 0 0.817239
3 0 0 0.857627

5
1 5 1 0.900487
2 0 0 1.09132
3 2 3 0.967954
6 0 0 0.862622
7 0 0 1.00563

1
1 0 0 0.866875

1
1 0 0 0.785806

3
1 0 449 0.816281
2 0 0 0.885993
3 0 0 0.859646

1
1 0 0 0.831553

1
1 0 0 0.802473

1
1 0 0 0.803436

1
1 0 0 0.790401

3
1 6 314 0.770785
2 0 0 0.924879
3 0 0 0.771419

5
1 0 305 0.763836
2 1 1 1.03955
4 0 0 1.07497
5 0 0 1.14318
3 0 0 0.845875

5
1 1 2 0.953821
2 0 0 0.740815
3 6 2701 1.0805
6 0 0 1.0992
7 0 0 1.0519

1
1 0 0 0.755909

3
1 5 1 0.878327
2 0 0 1.04656
3 0 0 0.819356

3
1 5 1 0.877855
2 0 0 1.01978
3 0 0 0.771756

3
1 2 1 0.920995
2 0 0 0.909997
3 0 0 0.893637

1
1 0 0 0.814124

1
1 0 0 0.88447

1
1 0 0 0.912914

3
1 5 1 0.928259
2 0 0 0.983605
3 0 0 0.8356

3
1 5 1 0.881588
2 0 0 0.901065
3 0 0 0.904597

3
1 0 4745 0.906228
2 0 0 1.02002
3 0 0 0.870072

3
1 2 2 0.896782
2 0 0 0.908172
3 0 0 0.862558

3
1 6 2862 0.886225
2 0 0 0.97885
3 0 0 0.901486

1
1 0 0 0.762715

3
1 5 1 0.886944
2 0 0 1.00149
3 0 0 0.891472

1
1 0 0 0.897231

1
1 0 0 0.807078

3
1 5 1 0.91599
2 0 0 0.931236
3 0 0 0.842654

1
1 0 0 0.779641

3
1 1 2 0.874363
2 0 0 0.907806
3 0 0 0.965877

3
1 0 9676 0.843966
2 0 0 0.838065
3 0 0 1.00621

5
1 5 1 0.843996
2 2 1 0.998736
4 0 0 0.952184
5 0 0 0.972167
3 0 0 0.760465

1
1 0 0 0.868295

3
1 0 929 0.850027
2 0 0 0.906137
3 0 0 0.835037

3
1 1 1 0.78489
2 0 0 0.938304
3 0 0 0.819243

5
1 0 96 0.786775
2 0 0 0.919394
3 5 1 0.87906
6 0 0 0.966149
7 0 0 0.876818

3
1 5 1 0.928154
2 0 0 1.06849
3 0 0 0.908087

5
1 5 1 0.871561
2 6 1011 0.886805
4 0 0 0.895659
5 0 0 0.851372
3 0 0 0.86453

1
1 0 0 0.784966

3
1 5 1 0.850439
2 0 0 0.886686
3 0 0 0.82513

3
1 1 1 0.86098
2 0 0 1.05179
3 0 0 0.707445

3
1 1 2 0.91164
2 0 0 0.917177
3 0 0 0.990229

7
1 6 2790 0.873022
2 6 2615 0.973994
4 0 0 0.974311
5 0 0 1.13693
3 2 3 0.927525
6 0 0 0.963673
7 0 0 0.903449

3
1 6 1675 0.872524
2 0 0 0.883
3 0 0 0.901859

1
1 0 0 0.850472

1
1 0 0 0.753103

3
1 5 1 0.915673
2 0 0 1.04003
3 0 0 0.908646

1
1 0 0 0.874945

3
1 1 1 0.912955
2 0 0 0.941524
3 0 0 0.89261

1
1 0 0 0.761408

3
1 1 2 0.930841
2 0 0 0.88211
3 0 0 0.991846

5
1 0 2874 0.829332
2 0 0 0.892769
3 2 1 0.983746
6 0 0 0.880792
7 0 0 1.01011

3
1 6 5024 0.833753
2 0 0 0.865929
3 0 0 1.04878

3
1 1 2 0.882432
2 0 0 0.801362
3 0 0 0.925646

3
1 6 2867 0.945655
2 0 0 0.945297
3 0 0 0.844159

3
1 2 2 0.91204
2 0 0 0.989271
3 0 0 1.02556

3
1 2 4 0.865005
2 0 0 0.854773
3 0 0 0.911138

5
1 2 1 0.920424
2 0 0 0.899665
3 1 2 1.00933
6 0 0 0.780044
7 0 0 1.06088

5
1 4 1 0.989329
2 5 1 0.888676
4 0 0 1.0646
5 0 0 0.912536
3 0 0 1.00004

3
1 2 4 0.850536
2 0 0 0.92962
3 0 0 0.886424

3
1 5 1 0.881804
2 0 0 0.983767
3 0 0 0.87817

3
1 5 1 0.870402
2 0 0 0.959472
3 0 0 0.879831

3
1 1 1 0.881609
2 0 0 0.95638
3 0 0 0.835349

1
1 0 0 0.766784

3
1 0 5570 0.850841
2 0 0 0.924862
3 0 0 0.862619

1
1 0 0 0.908724

3
1 1 1 0.90658
2 0 0 1.17218
3 0 0 0.852639

3
1 2 2 0.87322
2 0 0 0.905166
3 0 0 0.895677

3
1 5 1 0.846093
2 0 0 0.969451
3 0 0 0.716612

3
1 4 1 0.887525
2 0 0 0.942477
3 0 0 0.950059

3
1 5 1 0.874991
2 0 0 1.14773
3 0 0 0.803128

3
1 5 1 0.842775
2 0 0 0.894582
3 0 0 0.794877

3
1 6 1828 0.884175
2 0 0 0.922746
3 0 0 0.875152

5
1 1 1 0.856508
2 0 0 1.12017
3 6 3571 0.929959
6 0 0 0.94642
7 0 0 0.936678

3
1 4 1 0.904892
2 0 0 0.846785
3 0 0 0.958139

1
1 0 0 0.785079

1
1 0 0 0.732053

5
1 6 3310 0.914362
2 0 0 1.02003
3 5 1 0.928747
6 0 0 0.976415
7 0 0 0.909325

1
1 0 0 0.822265

3
1 0 2155 0.823742
2 0 0 0.880957
3 0 0 0.850506

1
1 0 0 0.898952

3
1 5 1 0.947554
2 0 0 0.936868
3 0 0 0.871106

3
1 4 1 0.776331
2 0 0 0.933329
3 0 0 1.0013

3
1 0 8574 0.87144
2 0 0 0.892562
3 0 0 1.02957

1
1 0 0 0.777783

3
1 6 1529 0.873064
2 0 0 0.911605
3 0 0 0.850537

3
1 2 4 0.812521
2 0 0 0.778075
3 0 0 0.910432

1
1 0 0 0.792441

3
1 1 2 0.900139
2 0 0 0.859325
3 0 0 0.887079

3
1 5 1 0.875019
2 0 0 0.990286
3 0 0 0.793291

3
1 1 2 0.877652
2 0 0 0.958095
3 0 0 0.909346

5
1 4 1 0.895408
2 0 0 0.858232
3 2 1 0.996274
6 0 0 0.979639
7 0 0 0.955517

3
1 4 1 0.825893
2 0 0 0.898087
3 0 0 1.01915

3
1 1 2 0.825672
2 0 0 0.715469
3 0 0 0.87685

3
1 6 4367 0.809498
2 0 0 0.882168
3 0 0 0.798558

3
1 5 1 0.831087
2 0 0 0.994803
3 0 0 0.831083

3
1 5 1 0.854297
2 0 0 0.951497
3 0 0 0.857329

3
1 2 2 0.851798
2 0 0 0.848062
3 0 0 0.892928

5
1 2 4 0.925401
2 0 4282 0.895035
4 0 0 0.962214
5 0 0 0.883621
3 0 0 1.02692

5
1 6 5302 0.752807
2 0 0 0.743749
3 0 3230 0.978787
6 0 0 1.08903
7 0 0 0.953182

3
1 2 1 0.845251
2 0 0 0.841742
3 0 0 0.794216

3
1 0 3992 0.965782
2 0 0 0.976071
3 0 0 0.905372

3
1 0 2478 0.968818
2 0 0 0.969957
3 0 0 0.902266

3
1 1 1 0.91038
2 0 0 0.949732
3 0 0 0.892828

5
1 6 5298 0.860194
2 0 0 0.850436
3 6 5338 0.944605
6 0 0 0.869307
7 0 0 0.991948

5
1 6 4726 0.81729
2 0 0 0.803655
3 0 4544 0.854777
6 0 0 0.807538
7 0 0 1.08941

7
1 1 1 0.926678
2 0 0 0.910505
3 1 2 0.998578
6 0 0 0.899731
7 6 2092 0.955087
14 0 0 0.88065
15 0 0 0.975047

1
1 0 0 0.920351

3
1 1 1 0.884667
2 0 0 0.870203
3 0 0 0.828403

1
1 0 0 0.723742

1
1 0 0 0.776219

3
1 1 2 0.859646
2 0 0 0.765343
3 0 0 0.978854

1
1 0 0 0.863124

1
1 0 0 0.864294

3
1 1 2 0.841691
2 0 0 0.83439
3 0 0 0.934066

3
1 2 2 0.975824
2 0 0 0.893429
3 0 0 0.938313

3
1 4 1 0.765867
2 0 0 0.795723
3 0 0 0.793237

1
1 0 0 0.822179

3
1 5 1 0.928259
2 0 0 1.09484
3 0 0 0.792991

3
1 5 1 0.977093
2 0 0 1.03098
3 0 0 0.853171

1
1 0 0 0.909929

3
1 4 1 0.853122
2 0 0 0.849583
3 0 0 0.928855

1
1 0 0 0.728471

5
1 6 1567 0.88014
2 0 0 0.981003
3 6 3611 0.884123
6 0 0 0.935924
7 0 0 0.884284

5
1 5 1 0.889536
2 6 4632 1.00619
4 0 0 0.900306
5 0 0 0.980632
3 0 0 0.802619

3
1 4 1 0.898859
2 0 0 0.810116
3 0 0 1.08428

3
1 1 1 0.852143
2 0 0 0.953443
3 0 0 0.808147

3
1 2 4 0.914275
2 0 0 0.930717
3 0 0 0.869323

1
1 0 0 0.854555

3
1 0 1291 0.828801
2 0 0 0.963863
3 0 0 0.796348

5
1 4 1 0.909735
2 2 2 0.955422
4 0 0 0.937873
5 0 0 0.901897
3 0 0 0.951787

3
1 5 1 0.76914
2 0 0 1.05832
3 0 0 0.859949

3
1 2 2 0.891201
2 0 0 1.00837
3 0 0 0.888254

1
1 0 0 0.781007

3
1 2 4 0.886394
2 0 0 0.855964
3 0 0 0.923212

3
1 0 1040 0.849658
2 0 0 0.943371
3 0 0 0.828695

3
1 5 1 0.928154
2 0 0 0.968677
3 0 0 0.836405

3
1 1 1 0.84813
2 0 0 1.02308
3 0 0 0.741531

1
1 0 0 0.818549

3
1 0 5926 0.910025
2 0 0 0.902158
3 0 0 0.870731

1
1 0 0 0.834468

3
1 5 1 0.82321
2 0 0 0.914496
3 0 0 0.811717

1
1 0 0 0.898774

3
1 4 1 0.864755
2 0 0 0.879392
3 0 0 0.918528

3
1 1 1 0.911682
2 0 0 1.0143
3 0 0 0.717365

3
1 5 1 0.882195
2 0 0 0.973356
3 0 0 0.878317

1
1 0 0 0.765308

3
1 0 5526 0.90947
2 0 0 0.864838
3 0 0 0.884688

1
1 0 0 0.817699

3
1 1 2 0.820393
2 0 0 0.801931
3 0 0 1.01802

5
1 1 1 0.866539
2 6 3873 1.11164
4 0 0 1.08405
5 0 0 1.02833
3 0 0 0.863971

1
1 0 0 0.796621

3
1 1 2 0.811738
2 0 0 0.775922
3 0 0 0.903027

1
1 0 0 0.824481

3
1 1 2 0.878776
2 0 0 0.914165
3 0 0 0.907039

7
1 0 8113 0.892184
2 0 951 0.931478
4 0 0 1.08084
5 0 0 1.05801
3 5 1 0.927377
6 0 0 0.962791
7 0 0 0.981206

3
1 1 1 0.884099
2 0 0 0.995833
3 0 0 0.710502

1
1 0 0 0.877621

3
1 0 5115 0.996369
2 0 0 0.961318
3 0 0 0.754392

5
1 6 1253 0.89309
2 0 0 0.988915
3 6 4946 0.944354
6 0 0 0.96757
7 0 0 0.973139

3
1 2 1 0.885342
2 0 0 0.923958
3 0 0 0.931387

1
1 0 0 0.819231

3
1 1 1 0.913725
2 0 0 0.948243
3 0 0 0.815132

3
1 1 2 0.908768
2 0 0 0.759105
3 0 0 1.19975

3
1 5 1 0.941636
2 0 0 0.962515
3 0 0 0.862954

5
1 0 2080 0.850951
2 0 0 1.03647
3 5 1 0.99842
6 0 0 1.1009
7 0 0 0.982048

3
1 6 3036 0.966396
2 0 0 0.953667
3 0 0 0.982694

3
1 5 1 0.889649
2 0 0 1.00611
3 0 0 0.762909

3
1 5 1 0.846093
2 0 0 0.985566
3 0 0 0.979295

1
1 0 0 0.915139

3
1 5 1 0.874991
2 0 0 1.00259
3 0 0 0.808136

3
1 1 1 0.863781
2 0 0 1.04868
3 0 0 0.724515

3
1 2 4 0.846645
2 0 0 0.757992
3 0 0 1.04965

3
1 1 1 0.856508
2 0 0 1.02151
3 0 0 0.95162

3
1 5 1 0.885089
2 0 0 0.966781
3 0 0 0.76521

3
1 6 91 0.798756
2 0 0 0.966017
3 0 0 0.834919

3
1 5 1 0.823815
2 0 0 0.855669
3 0 0 0.837004

3
1 5 1 0.919491
2 0 0 1.0238
3 0 0 0.906756

1
1 0 0 0.737709

3
1 5 1 0.871764
2 0 0 1.01723
3 0 0 0.927143

1
1 0 0 0.759329

3
1 4 1 0.926818
2 0 0 0.872502
3 0 0 0.930468

3
1 4 1 0.919943
2 0 0 0.960064
3 0 0 1.03326

1
1 0 0 0.910696

1
1 0 0 0.798221

3
1 0 2787 0.945558
2 0 0 0.973989
3 0 0 0.949351

1
1 0 0 0.821341

3
1 4 1 0.994891
2 0 0 0.824694
3 0 0 0.84533

3
1 6 3876 0.917461
2 0 0 1.05484
3 0 0 1.00148

3
1 6 400 0.905429
2 0 0 1.0087
3 0 0 0.96449

3
1 0 7213 0.878247
2 0 0 0.907185
3 0 0 0.930844

1
1 0 0 0.779011

3
1 1 1 0.870326
2 0 0 0.90918
3 0 0 0.713038

1
1 0 0 0.765206

3
1 5 1 0.881595
2 0 0 1.09152
3 0 0 0.826735

3
1 2 3 0.892088
2 0 0 0.785473
3 0 0 0.865092

3
1 2 4 0.869363
2 0 0 0.939803
3 0 0 0.934805

3
1 6 2871 0.778927
2 0 0 1.10947
3 0 0 0.929129

1
1 0 0 0.808576

1
1 0 0 0.702694

3
1 1 2 0.854644
2 0 0 0.865411
3 0 0 0.917303

3
1 4 1 0.924211
2 0 0 0.824961
3 0 0 1.07308

1
1 0 0 0.916574

1
1 0 0 0.798763

3
1 1 1 0.845167
2 0 0 0.909358
3 0 0 0.789142

3
1 5 1 0.914569
2 0 0 1.00888
3 0 0 0.805283

3
1 5 1 0.856303
2 0 0 0.951124
3 0 0 0.860591

7
1 6 4493 0.924882
2 0 0 0.944408
3 5 1 0.983767
6 0 0 0.949934
7 6 5165 1.00062
14 0 0 0.957834
15 0 0 1.00255

3
1 6 1371 0.849399
2 0 0 1.02294
3 0 0 0.892939

1
1 0 0 0.807324

1
1 0 0 0.862894

1
1 0 0 0.852575

3
1 2 2 0.835224
2 0 0 0.869302
3 0 0 0.839161

1
1 0 0 0.851711

3
1 6 5058 0.785699
2 0 0 0.801449
3 0 0 0.9964

3
1 2 1 0.754397
2 0 0 1.01423
3 0 0 0.828055

3
1 4 1 0.906955
2 0 0 0.609178
3 0 0 0.963916

3
1 1 1 0.861808
2 0 0 1.04102
3 0 0 0.865485

1
1 0 0 0.824353

3
1 2 2 0.854481
2 0 0 0.922103
3 0 0 0.991468

3
1 0 654 0.822627
2 0 0 0.84474
3 0 0 0.919685

1
1 0 0 0.829389

1
1 0 0 0.871782

3
1 2 1 0.881289
2 0 0 0.811344
3 0 0 0.91907

3
1 1 1 0.818628
2 0 0 0.952168
3 0 0 0.829415

5
1 1 2 0.791621
2 0 0 0.82715
3 2 3 0.964761
6 0 0 0.882948
7 0 0 0.974116

5
1 0 3731 0.814038
2 2 4 0.880343
4 0 0 0.839669
5 0 0 1.03203
3 0 0 0.837669

3
1 1 2 0.937294
2 0 0 0.89359
3 0 0 1.01683

1
1 0 0 0.863939

1
1 0 0 0.827577

1
1 0 0 0.828927

3
1 0 804 0.773594
2 0 0 1.02632
3 0 0 0.787526

1
1 0 0 0.764071

1
1 0 0 0.897761

1
1 0 0 0.861677

3
1 2 4 0.907094
2 0 0 0.929699
3 0 0 0.957634

3
1 6 1539 0.94437
2 0 0 0.993623
3 0 0 0.820674

3
1 5 1 0.876352
2 0 0 1.16511
3 0 0 0.788475

3
1 5 1 0.815257
2 0 0 0.984478
3 0 0 0.859819

1
1 0 0 0.807811

3
1 0 1928 0.821744
2 0 0 0.90896
3 0 0 0.796881

1
1 0 0 0.859106

3
1 5 1 0.904357
2 0 0 0.971534
3 0 0 0.868587

3
1 4 1 0.933919
2 0 0 0.834036
3 0 0 0.899449

3
1 1 1 0.827941
2 0 0 1.07669
3 0 0 0.831458

1
1 0 0 0.80523

1
1 0 0 0.805577

3
1 1 2 0.89492
2 0 0 0.820184
3 0 0 1.0007

3
1 5 1 0.877319
2 0 0 0.994946
3 0 0 0.79292

5
1 2 4 1.02501
2 0 0 0.923371
3 4 1 0.92467
6 0 0 0.860723
7 0 0 0.972926

3
1 1 1 0.866539
2 0 0 1.05475
3 0 0 0.849637

3
1 5 1 0.892023
2 0 0 0.97322
3 0 0 0.924896

1
1 0 0 0.77083

1
1 0 0 0.832892

3
1 6 4599 0.862629
2 0 0 0.809853
3 0 0 0.878421

3
1 1 2 0.870597
2 0 0 0.874474
3 0 0 0.91214

3
1 1 1 0.963454
2 0 0 1.01596
3 0 0 0.848347

3
1 5 1 0.891919
2 0 0 0.997764
3 0 0 0.776267

5
1 5 1 0.834342
2 2 4 0.986999
4 0 0 0.969843
5 0 0 1.07875
3 0 0 0.87686

3
1 4 1 0.927013
2 0 0 0.789126
3 0 0 0.945401

3
1 1 2 0.813238
2 0 0 0.932096
3 0 0 0.99226

3
1 5 1 1.00627
2 0 0 1.10088
3 0 0 0.775106

5
1 1 1 0.942299
2 0 0 1.04052
3 1 2 0.877252
6 0 0 0.818336
7 0 0 1.02161

1
1 0 0 0.771608

3
1 6 4881 0.856596
2 0 0 0.833715
3 0 0 0.985132

3
1 4 1 0.950119
2 0 0 0.899063
3 0 0 1.02158

3
1 6 5060 0.856139
2 0 0 0.90625
3 0 0 1.04442

5
1 1 1 0.885498
2 0 0 0.87321
3 6 1513 0.954927
6 0 0 0.983589
7 0 0 0.824226

1
1 0 0 0.834988

5
1 6 2643 0.928448
2 5 1 0.914998
4 0 0 0.914862
5 0 0 0.969511
3 0 0 0.847568

3
1 4 1 0.91231
2 0 0 0.86772
3 0 0 0.939474

1
1 0 0 0.843329

3
1 1 1 0.960786
2 0 0 1.05137
3 0 0 0.969102

3
1 0 939 0.859467
2 0 0 1.06215
3 0 0 0.808737

3
1 1 2 0.869353
2 0 0 0.891193
3 0 0 0.97093

3
1 2 3 0.845325
2 0 0 0.816492
3 0 0 0.867077

1
1 0 0 0.857002

3
1 1 1 0.810781
2 0 0 1.00484
3 0 0 0.890138

3
1 1 1 0.920783
2 0 0 0.961528
3 0 0 0.88959

5
1 4 1 0.953242
2 1 1 0.909607
4 0 0 0.94375
5 0 0 0.912335
3 0 0 1.00029

1
1 0 0 0.773822

5
1 6 2722 0.920773
2 0 0 0.864744
3 2 3 0.958266
6 0 0 0.940093
7 0 0 0.995512

1
1 0 0 0.829197

3
1 5 1 0.910696
2 0 0 1.08622
3 0 0 0.846267

1
1 0 0 0.72542

3
1 5 1 1.03115
2 0 0 1.0074
3 0 0 0.895769

3
1 6 2469 0.903133
2 0 0 0.990894
3 0 0 0.955432

1
1 0 0 0.88655

3
1 0 5601 0.833905
2 0 0 0.8335
3 0 0 0.86798

1
1 0 0 0.784742

5
1 2 2 0.876127
2 6 2261 1.00817
4 0 0 1.00007
5 0 0 0.975291
3 0 0 0.868637

3
1 2 1 0.945833
2 0 0 0.850548
3 0 0 1.03814

1
1 0 0 0.849816

3
1 1 2 0.876714
2 0 0 0.811232
3 0 0 0.922164

3
1 6 2951 0.848186
2 0 0 0.977499
3 0 0 0.7885

5
1 5 1 0.841797
2 0 4564 1.00768
4 0 0 1.02465
5 0 0 1.11544
3 0 0 0.804411

3
1 5 1 0.815608
2 0 0 0.942476
3 0 0 0.739194

3
1 5 1 0.794942
2 0 0 1.00681
3 0 0 0.907904

3
1 6 1878 0.93971
2 0 0 0.98655
3 0 0 0.863989

1
1 0 0 0.779277

3
1 5 1 0.80115
2 0 0 1.01573
3 0 0 0.877057

1
1 0 0 0.854372

3
1 4 1 0.84549
2 0 0 0.938697
3 0 0 1.07249

3
1 6 284 0.840747
2 0 0 0.939106
3 0 0 0.890244

1
1 0 0 0.883011

1
1 0 0 0.87002

1
1 0 0 0.795503

7
1 1 2 0.86888
2 2 1 0.833324
4 0 0 0.948271
5 0 0 0.797419
3 0 7493 1.02005
6 0 0 0.974884
7 0 0 0.971524

1
1 0 0 0.7588

3
1 5 1 0.902486
2 0 0 1.03427
3 0 0 0.850973

1
1 0 0 0.786166

1
1 0 0 0.919247

3
1 1 2 0.880155
2 0 0 0.881756
3 0 0 0.905812

3
1 4 1 0.830806
2 0 0 0.856214
3 0 0 1.05951

3
1 1 1 0.830081
2 0 0 1.03216
3 0 0 0.77276

1
1 0 0 0.702829

1
1 0 0 0.875627

5
1 1 2 0.796445
2 0 0 0.853916
3 6 4790 0.946668
6 0 0 0.978969
7 0 0 1.02419

1
1 0 0 0.784167

3
1 0 1635 0.799795
2 0 0 0.922321
3 0 0 0.889266

1
1 0 0 0.772453

5
1 4 1 0.911764
2 5 1 0.936832
4 0 0 1.06333
5 0 0 0.784019
3 0 0 0.93518

3
1 6 1921 0.838768
2 0 0 0.9065
3 0 0 0.888674

3
1 2 3 0.916904
2 0 0 0.75957
3 0 0 0.989498

3
1 1 1 0.815695
2 0 0 0.960293
3 0 0 0.806298

5
1 0 7183 0.927803
2 0 0 0.911372
3 6 2856 0.949485
6 0 0 0.95292
7 0 0 0.979499

5
1 5 1 0.932761
2 0 1325 1.02067
4 0 0 1.02129
5 0 0 1.01231
3 0 0 0.810761

3
1 0 4874 0.857652
2 0 0 0.870834
3 0 0 0.921845

3
1 2 4 0.802038
2 0 0 0.792553
3 0 0 0.92376

3
1 1 2 0.881148
2 0 0 0.856708
3 0 0 0.979912

3
1 4 1 0.902919
2 0 0 0.764774
3 0 0 0.955017

3
1 6 1810 0.878609
2 0 0 0.92714
3 0 0 0.895864

3
1 0 98 0.851479
2 0 0 1.03707
3 0 0 0.839701

3
1 6 746 0.79421
2 0 0 0.751257
3 0 0 0.802686

1
1 0 0 0.766601

1
1 0 0 0.838

1
1 0 0 0.801523

3
1 2 4 0.8647
2 0 0 0.864961
3 0 0 0.981137

3
1 2 4 0.880368
2 0 0 0.885568
3 0 0 0.973376

3
1 6 5341 0.860735
2 0 0 0.886924
3 0 0 1.03351

1
1 0 0 0.784579

1
1 0 0 0.755031

3
1 6 4245 1.0248
2 0 0 1.00835
3 0 0 0.889869

3
1 5 1 0.911054
2 0 0 0.991707
3 0 0 0.829092

3
1 1 1 0.827941
2 0 0 0.944542
3 0 0 0.872677

5
1 5 1 0.84257
2 0 0 1.03449
3 1 2 0.839404
6 0 0 0.884841
7 0 0 0.942692

3
1 6 5305 0.828402
2 0 0 0.867075
3 0 0 0.944362

3
1 6 41 0.854649
2 0 0 1.10867
3 0 0 0.883704

3
1 5 1 0.924028
2 0 0 1.02995
3 0 0 0.875852

1
1 0 0 0.792609

3
1 4 1 0.919138
2 0 0 0.813798
3 0 0 0.939751

5
1 0 8414 0.929823
2 0 0 0.879701
3 1 1 1.02426
6 0 0 1.01311
7 0 0 0.879769

3
1 5 1 0.998003
2 0 0 1.07894
3 0 0 0.871988

3
1 5 1 0.779851
2 0 0 1.02566
3 0 0 0.923107

1
1 0 0 0.705716

3
1 1 1 0.89379
2 0 0 0.916922
3 0 0 0.804533

1
1 0 0 0.827425

1
1 0 0 0.988491

1
1 0 0 0.779894

3
1 1 1 0.944821
2 0 0 0.942802
3 0 0 0.822821

3
1 1 2 0.846415
2 0 0 0.862134
3 0 0 0.984029

1
1 0 0 0.875383

3
1 6 5164 0.906828
2 0 0 0.839124
3 0 0 0.917337

3
1 1 1 0.910325
2 0 0 1.01686
3 0 0 0.888178

1
1 0 0 0.896572

3
1 1 1 0.908716
2 0 0 1.13226
3 0 0 0.819193

3
1 5 1 0.884971
2 0 0 1.03986
3 0 0 0.928718

3
1 1 1 0.879916
2 0 0 1.04102
3 0 0 0.862939

3
1 0 5349 0.856759
2 0 0 0.89729
3 0 0 0.789332

3
1 2 1 0.906854
2 0 0 0.852466
3 0 0 0.957853

3
1 4 1 0.931698
2 0 0 0.943448
3 0 0 0.939586

3
1 0 2007 0.839437
2 0 0 0.858655
3 0 0 0.825416

3
1 6 1610 0.891489
2 0 0 0.917072
3 0 0 0.8448

1
1 0 0 0.848721

3
1 0 8135 0.881057
2 0 0 0.854854
3 0 0 0.950498

3
1 1 1 0.791656
2 0 0 1.04547
3 0 0 0.767843

5
1 6 1685 0.825871
2 1 2 1.01552
4 0 0 0.934003
5 0 0 1.06009
3 0 0 0.931285

3
1 1 2 0.829815
2 0 0 0.801305
3 0 0 0.968816

3
1 2 4 0.903476
2 0 0 0.942846
3 0 0 0.900349

3
1 2 4 0.868965
2 0 0 0.793019
3 0 0 0.920589

1
1 0 0 0.830413

3
1 6 1545 0.925017
2 0 0 0.953514
3 0 0 0.87936

5
1 4 1 0.851774
2 5 1 0.903851
4 0 0 0.939291
5 0 0 0.892733
3 0 0 1.02769

3
1 0 872 0.852641
2 0 0 1.06539
3 0 0 0.9117

3
1 0 5558 0.847954
2 0 0 0.848316
3 0 0 0.944392

5
1 5 1 0.922974
2 0 6950 0.984298
4 0 0 0.959375
5 0 0 1.01103
3 0 0 0.772146

1
1 0 0 0.752975

3
1 4 1 0.79134
2 0 0 0.86446
3 0 0 1.10311

3
1 1 1 0.92158
2 0 0 0.956491
3 0 0 0.806624

3
1 2 1 0.909869
2 0 0 0.879466
3 0 0 0.860997

3
1 2 3 0.976958
2 0 0 0.988215
3 0 0 0.930929

3
1 6 1432 0.890306
2 0 0 0.939748
3 0 0 0.895887

3
1 5 1 0.939409
2 0 0 1.0642
3 0 0 0.815199

3
1 6 2341 0.854869
2 0 0 0.870466
3 0 0 0.841758

5
1 1 1 0.953925
2 6 3726 1.00743
4 0 0 1.09666
5 0 0 0.825734
3 0 0 0.773525

1
1 0 0 0.848707

3
1 6 5396 0.883537
2 0 0 0.891
3 0 0 0.990306

3
1 0 35 0.849336
2 0 0 0.957093
3 0 0 0.82719

3
1 1 1 0.812568
2 0 0 0.948154
3 0 0 0.851102

3
1 0 8420 0.904866
2 0 0 1.00316
3 0 0 0.895995

3
1 0 5942 0.929973
2 0 0 0.923013
3 0 0 0.879912

1
1 0 0 0.788788

3
1 0 4089 0.855473
2 0 0 0.9178
3 0 0 0.902984

1
1 0 0 0.854183

3
1 4 1 0.903295
2 0 0 0.880453
3 0 0 0.977355

3
1 1 1 0.793632
2 0 0 0.993978
3 0 0 0.800935

3
1 6 2891 0.813863
2 0 0 0.893247
3 0 0 0.911986

3
1 6 5194 0.842783
2 0 0 0.85099
3 0 0 0.903329

3
1 4 1 0.929912
2 0 0 0.860092
3 0 0 0.953252

3
1 1 2 0.864449
2 0 0 0.883962
3 0 0 0.976076

1
1 0 0 0.716799

3
1 5 1 0.888135
2 0 0 0.915264
3 0 0 0.876093

1
1 0 0 0.898017

3
1 2 3 0.792828
2 0 0 0.801891
3 0 0 0.96838

1
1 0 0 0.858906

3
1 1 1 0.818014
2 0 0 0.86369
3 0 0 0.762441

1
1 0 0 0.85053

1
1 0 0 0.707401

1
1 0 0 0.776241

3
1 5 1 0.928423
2 0 0 1.01173
3 0 0 0.822674

5
1 5 1 0.83713
2 0 3345 0.929701
4 0 0 0.964057
5 0 0 0.926421
3 0 0 0.790339

3
1 2 1 0.973313
2 0 0 0.982002
3 0 0 1.00032

1
1 0 0 0.864715

5
1 6 5355 0.775326
2 0 0 0.854459
3 6 5372 0.912865
6 0 0 0.936489
7 0 0 0.935327

3
1 5 1 0.914679
2 0 0 1.10002
3 0 0 0.819234

3
1 2 2 0.858391
2 0 0 0.949081
3 0 0 0.813917

3
1 4 1 0.90737
2 0 0 0.747648
3 0 0 0.922013

5
1 0 1842 0.902846
2 0 0 0.907393
3 2 4 0.942776
6 0 0 0.835555
7 0 0 0.956236

3
1 1 1 1.0215
2 0 0 1.01079
3 0 0 0.893533

3
1 6 2790 0.887235
2 0 0 0.974307
3 0 0 0.89203

3
1 0 1801 0.901311
2 0 0 0.959625
3 0 0 0.83769

1
1 0 0 0.868553

3
1 2 4 0.936092
2 0 0 0.882053
3 0 0 0.924283

7
1 1 2 0.812025
2 0 6973 0.865156
4 0 0 0.930338
5 1 1 0.867022
10 0 0 0.986676
11 0 0 0.927348
3 0 0 0.951797

1
1 0 0 0.840656

3
1 4 1 0.795809
2 0 0 0.770386
3 0 0 1.01428

1
1 0 0 0.804696

3
1 2 4 0.798248
2 0 0 0.840262
3 0 0 0.945645

1
1 0 0 0.687482

3
1 5 1 0.841607
2 0 0 0.943479
3 0 0 0.821694

3
1 4 1 0.879749
2 0 0 0.827864
3 0 0 0.992556

5
1 6 36 0.829165
2 0 3719 1.021
4 0 0 0.979666
5 0 0 1.07955
3 0 0 0.795613

1
1 0 0 0.792713

3
1 5 1 0.840706
2 0 0 1.08558
3 0 0 0.805643

1
1 0 0 0.837276

3
1 2 3 0.883037
2 0 0 0.897004
3 0 0 0.910122

3
1 1 2 0.906128
2 0 0 0.791415
3 0 0 1.07174

3
1 0 2870 0.906083
2 0 0 0.890092
3 0 0 0.897449

1
1 0 0 0.879124

3
1 4 1 0.81918
2 0 0 0.836072
3 0 0 0.861125

3
1 1 1 0.845844
2 0 0 0.990169
3 0 0 0.879672

3
1 2 4 0.862285
2 0 0 0.81022
3 0 0 0.967132

3
1 0 3563 0.9094
2 0 0 0.96125
3 0 0 0.855319

5
1 2 2 0.926616
2 0 0 0.954402
3 0 8681 0.87908
6 0 0 0.978555
7 0 0 0.995001

3
1 1 1 0.884307
2 0 0 1.01712
3 0 0 0.766432

3
1 5 1 0.839146
2 0 0 1.06847
3 0 0 0.746505

1
1 0 0 0.712642

3
1 1 2 0.974523
2 0 0 0.886989
3 0 0 0.871202

3
1 4 1 0.860908
2 0 0 0.946552
3 0 0 0.89115

3
1 6 2896 0.895176
2 0 0 1.02693
3 0 0 0.887783

1
1 0 0 0.805722

5
1 2 2 0.884251
2 0 1841 0.908891
4 0 0 0.91431
5 0 0 0.943172
3 0 0 0.840286

5
1 6 3088 0.87233
2 0 0 0.931546
3 1 1 0.896815
6 0 0 0.961633
7 0 0 0.867649

3
1 5 1 0.859089
2 0 0 0.977377
3 0 0 0.858156

3
1 1 2 0.896572
2 0 0 0.78831
3 0 0 0.923577

3
1 6 209 0.789863
2 0 0 0.859506
3 0 0 0.806471

3
1 1 2 0.892895
2 0 0 0.903834
3 0 0 0.922557

1
1 0 0 0.785332

3
1 0 4552 0.857123
2 0 0 0.891318
3 0 0 0.849361

3
1 4 1 0.826802
2 0 0 0.866178
3 0 0 0.898248

3
1 5 1 0.994866
2 0 0 1.12231
3 0 0 0.856103

3
1 5 1 0.992202
2 0 0 0.996421
3 0 0 0.869181

3
1 4 1 0.893627
2 0 0 0.82068
3 0 0 0.979989

7
1 0 2197 0.85096
2 0 0 0.934093
3 4 1 0.853373
6 0 0 0.900234
7 0 5682 0.913269
14 0 0 0.943717
15 0 0 1.00524

3
1 1 2 0.969792
2 0 0 0.825788
3 0 0 1.03793

1
1 0 0 0.912284

3
1 5 1 0.862688
2 0 0 1.00603
3 0 0 0.842977

3
1 1 1 0.840074
2 0 0 0.989601
3 0 0 0.828752

5
1 0 383 0.812302
2 0 0 0.971774
3 5 1 1.01545
6 0 0 1.02023
7 0 0 0.909518

3
1 5 1 0.851413
2 0 0 1.05428
3 0 0 0.75944

1
1 0 0 0.94188

1
1 0 0 0.822699

1
1 0 0 0.83977

3
1 5 1 0.871895
2 0 0 1.04187
3 0 0 0.950755

1
1 0 0 0.894237

5
1 0 9355 0.905488
2 6 73 0.887072
4 0 0 1.00678
5 0 0 0.923612
3 0 0 0.942243

3
1 5 1 0.835247
2 0 0 0.817742
3 0 0 0.810094

3
1 4 1 0.947209
2 0 0 0.877394
3 0 0 0.935391

5
1 5 1 0.920843
2 6 4275 0.977056
4 0 0 1.02112
5 0 0 0.937212
3 0 0 0.901713

3
1 4 1 0.81047
2 0 0 0.804089
3 0 0 0.854866

3
1 0 9092 0.842422
2 0 0 0.893302
3 0 0 0.988824

3
1 1 1 0.924494
2 0 0 0.937154
3 0 0 0.830592

3
1 1 2 0.907467
2 0 0 0.902255
3 0 0 0.921363

1
1 0 0 0.743459

1
1 0 0 0.932899

5
1 4 1 0.87943
2 0 0 0.781171
3 6 1032 0.933297
6 0 0 1.0061
7 0 0 0.982026

1
1 0 0 0.826529

3
1 4 1 0.943941
2 0 0 1.02238
3 0 0 0.918753

1
1 0 0 0.918761

3
1 2 3 0.840959
2 0 0 0.882991
3 0 0 0.875446

1
1 0 0 0.768497

1
1 0 0 0.760491

5
1 5 1 0.912608
2 0 838 0.931801
4 0 0 0.961624
5 0 0 0.821903
3 0 0 0.748354

3
1 2 1 0.898343
2 0 0 0.925878
3 0 0 0.905705

3
1 5 1 0.896829
2 0 0 1.00533
3 0 0 0.883587

3
1 0 827 0.990465
2 0 0 0.946447
3 0 0 0.934123

5
1 5 1 0.891854
2 0 8764 0.923889
4 0 0 1.0772
5 0 0 1.05212
3 0 0 0.874028

7
1 1 1 0.931367
2 0 0 0.864351
3 2 2 0.978453
6 0 0 0.902298
7 1 2 0.972801
14 0 0 0.98205
15 0 0 0.959627

3
1 6 704 0.947122
2 0 0 0.93732
3 0 0 0.962649

3
1 0 5990 1.04023
2 0 0 0.949791
3 0 0 0.90134

3
1 4 1 0.92082
2 0 0 0.933295
3 0 0 1.01111

3
1 4 1 0.821174
2 0 0 0.827588
3 0 0 1.0571

3
1 0 511 0.790312
2 0 0 1.02882
3 0 0 0.752547

1
1 0 0 0.810816

1
1 0 0 0.867372

3
1 5 1 0.857716
2 0 0 0.977759
3 0 0 0.857098

5
1 5 1 0.833117
2 2 4 1.05109
4 0 0 1.02305
5 0 0 0.997192
3 0 0 0.836758

3
1 6 277 0.823977
2 0 0 1.03262
3 0 0 0.8383

1
1 0 0 0.748907

3
1 5 1 0.928423
2 0 0 1.10529
3 0 0 0.768552

1
1 0 0 0.80176

3
1 0 716 0.815644
2 0 0 1.03882
3 0 0 0.835171

3
1 1 2 0.805176
2 0 0 0.700986
3 0 0 0.884862

1
1 0 0 0.734837

3
1 0 1618 0.949918
2 0 0 0.902317
3 0 0 0.887334

3
1 2 3 0.890317
2 0 0 0.858564
3 0 0 0.889678

3
1 0 281 0.83635
2 0 0 0.947197
3 0 0 0.843951

5
1 1 2 0.974902
2 5 1 0.961788
4 0 0 0.965691
5 0 0 0.842667
3 0 0 0.98339

5
1 2 3 0.928881
2 0 0 0.896532
3 6 2918 0.935308
6 0 0 1.13269
7 0 0 0.922048

3
1 1 1 0.874257
2 0 0 1.05859
3 0 0 0.851605

3
1 6 2707 0.844086
2 0 0 0.826795
3 0 0 0.846441

3
1 5 1 0.873536
2 0 0 0.889735
3 0 0 0.865034

1
1 0 0 0.864192

3
1 1 1 0.828076
2 0 0 0.8852
3 0 0 0.79483

3
1 5 1 0.920328
2 0 0 1.00988
3 0 0 0.880386

5
1 6 1033 0.922469
2 0 0 0.976926
3 0 5996 0.91057
6 0 0 0.918548
7 0 0 0.944673

1
1 0 0 0.764495

1
1 0 0 0.923666

3
1 4 1 0.936922
2 0 0 0.841954
3 0 0 1.07256

3
1 6 5205 0.799603
2 0 0 0.835893
3 0 0 0.986612

3
1 5 1 0.861459
2 0 0 1.01034
3 0 0 0.703409

1
1 0 0 0.734778

1
1 0 0 0.82662

3
1 0 488 0.87119
2 0 0 1.00453
3 0 0 0.875726

3
1 6 2548 0.864513
2 0 0 0.992873
3 0 0 0.843006

7
1 4 1 0.890926
2 0 0 0.930699
3 2 1 1.00686
6 0 0 0.985081
7 6 1153 1.03107
14 0 0 0.942794
15 0 0 0.928197

1
1 0 0 0.710086

3
1 4 1 0.891977
2 0 0 0.812076
3 0 0 0.954648

3
1 4 1 0.889909
2 0 0 0.771671
3 0 0 0.836868

3
1 5 1 0.844314
2 0 0 0.989111
3 0 0 0.87862

1
1 0 0 0.811423

3
1 5 1 0.835014
2 0 0 0.983921
3 0 0 0.788111

3
1 6 1443 0.793395
2 0 0 0.930577
3 0 0 0.826361

3
1 4 1 0.834849
2 0 0 0.927721
3 0 0 1.06104

1
1 0 0 0.75308

5
1 1 1 0.856552
2 2 1 0.959606
4 0 0 0.976394
5 0 0 0.966862
3 0 0 0.858694

3
1 1 1 0.890574
2 0 0 0.998383
3 0 0 0.855496

1
1 0 0 0.880859

7
1 2 4 0.864084
2 0 0 0.837385
3 1 1 1.0246
6 6 5276 1.01985
12 0 0 0.874327
13 0 0 1.07228
7 0 0 1.09653

3
1 1 2 0.841803
2 0 0 0.8532
3 0 0 1.06517

3
1 1 2 0.854281
2 0 0 0.778937
3 0 0 0.94219

3
1 1 1 0.805691
2 0 0 1.01255
3 0 0 0.757679

3
1 1 2 0.867923
2 0 0 0.83071
3 0 0 0.930304

3
1 5 1 0.850434
2 0 0 0.9737
3 0 0 0.934414

3
1 5 1 0.919735
2 0 0 0.953851
3 0 0 0.816134

3
1 1 1 0.948856
2 0 0 1.0072
3 0 0 0.754787

3
1 6 129 0.787607
2 0 0 1.07519
3 0 0 0.931279

1
1 0 0 0.84979

5
1 0 3920 0.845529
2 5 1 0.883251
4 0 0 1.02529
5 0 0 0.855854
3 0 0 0.886148

1
1 0 0 0.863358

1
1 0 0 0.812438

1
1 0 0 0.871145

1
1 0 0 0.711445

3
1 5 1 0.923484
2 0 0 1.01532
3 0 0 0.795546

3
1 2 4 0.904177
2 0 0 0.95411
3 0 0 0.77028

5
1 2 1 0.856726
2 0 0 0.963495
3 0 9940 0.870689
6 0 0 0.874293
7 0 0 0.937607

3
1 5 1 0.871087
2 0 0 0.967447
3 0 0 0.856524

1
1 0 0 0.851751

3
1 5 1 0.936065
2 0 0 1.06312
3 0 0 0.897365

3
1 5 1 0.8469
2 0 0 1.08274
3 0 0 0.877363

3
1 0 2874 0.894855
2 0 0 0.929902
3 0 0 0.891915

3
1 1 2 0.97676
2 0 0 0.886629
3 0 0 0.997196

5
1 6 3003 0.920759
2 5 1 0.89267
4 0 0 1.07313
5 0 0 0.932696
3 0 0 0.918443

3
1 4 1 0.933712
2 0 0 1.00154
3 0 0 1.01563

3
1 6 5394 0.934984
2 0 0 0.818311
3 0 0 1.04198

5
1 2 4 0.926985
2 0 0 0.951604
3 5 1 0.968809
6 0 0 0.933395
7 0 0 0.960743

3
1 0 5708 0.855871
2 0 0 0.863331
3 0 0 0.933887

1
1 0 0 0.786354

3
1 5 1 0.973725
2 0 0 0.975814
3 0 0 0.911116

1
1 0 0 0.899356

3
1 1 1 0.908383
2 0 0 1.01521
3 0 0 0.869579

3
1 6 868 0.859656
2 0 0 0.85178
3 0 0 0.866652

1
1 0 0 0.846991

3
1 4 1 0.854723
2 0 0 0.776658
3 0 0 0.967307

3
1 1 1 0.91946
2 0 0 1.0484
3 0 0 0.848897

5
1 6 5351 0.805142
2 0 0 0.823303
3 0 8289 1.06185
6 0 0 1.04207
7 0 0 1.00881

3
1 6 4809 0.89372
2 0 0 0.940566
3 0 0 0.947741

3
1 0 7124 0.834829
2 0 0 0.836713
3 0 0 0.829923

3
1 5 1 0.865111
2 0 0 0.868955
3 0 0 0.814877

3
1 4 1 0.835122
2 0 0 0.846243
3 0 0 0.889146

3
1 5 1 0.904008
2 0 0 0.986701
3 0 0 0.810885

3
1 4 1 0.834021
2 0 0 0.904893
3 0 0 1.00524

1
1 0 0 0.838643

1
1 0 0 0.742957

3
1 2 1 0.855114
2 0 0 0.859544
3 0 0 0.856072

3
1 1 1 0.873034
2 0 0 0.852827
3 0 0 0.855281

1
1 0 0 0.863648

5
1 1 1 0.953337
2 2 4 1.10412
4 0 0 1.17105
5 0 0 0.999081
3 0 0 0.835832

5
1 6 1794 0.917821
2 5 1 0.906861
4 0 0 1.01562
5 0 0 0.872783
3 0 0 0.741487

1
1 0 0 0.942767

3
1 5 1 0.899283
2 0 0 0.991402
3 0 0 0.931591

5
1 0 9158 0.83498
2 2 4 0.798335
4 0 0 0.84314
5 0 0 0.938149
3 0 0 0.945763

3
1 6 5275 0.805244
2 0 0 0.763403
3 0 0 1.10136

3
1 6 3302 0.940564
2 0 0 0.956977
3 0 0 0.888085

1
1 0 0 0.87853

3
1 2 3 0.824276
2 0 0 0.872379
3 0 0 0.978353

3
1 6 2969 0.900781
2 0 0 0.892672
3 0 0 0.982874

1
1 0 0 0.872179

7
1 4 1 0.853998
2 2 2 0.848806
4 0 0 0.896294
5 0 0 0.874174
3 6 1058 1.00933
6 0 0 1.07123
7 0 0 1.03067

3
1 4 1 0.864288
2 0 0 0.865196
3 0 0 0.931019

3
1 5 1 0.783412
2 0 0 1.02784
3 0 0 0.865686

3
1 6 5380 0.814874
2 0 0 0.802309
3 0 0 1.04603

1
1 0 0 0.907648

3
1 1 2 0.816916
2 0 0 0.71279
3 0 0 1.05642

3
1 1 2 0.874847
2 0 0 0.879669
3 0 0 0.967697

1
1 0 0 0.687929

3
1 0 619 0.793208
2 0 0 0.920889
3 0 0 0.816524

3
1 6 360 0.799361
2 0 0 0.965271
3 0 0 0.823459

1
1 0 0 0.838514

1
1 0 0 0.856197

3
1 0 2946 0.802238
2 0 0 0.938127
3 0 0 0.788622

3
1 5 1 0.873536
2 0 0 1.12836
3 0 0 0.814174

5
1 4 1 0.900693
2 0 0 0.997427
3 0 9383 0.865741
6 0 0 0.895928
7 0 0 0.99805

5
1 0 373 0.823552
2 0 316 1.07958
4 0 0 1.01945
5 0 0 1.12135
3 0 0 0.753814

3
1 5 1 0.89802
2 0 0 0.945387
3 0 0 0.755062

3
1 5 1 0.899055
2 0 0 1.11584
3 0 0 0.899781

1
1 0 0 0.85763

3
1 6 164 0.908968
2 0 0 1.07727
3 0 0 0.956159

3
1 4 1 0.842309
2 0 0 0.838368
3 0 0 1.02303

1
1 0 0 0.872546

1
1 0 0 0.84583

1
1 0 0 0.702348

3
1 5 1 0.982669
2 0 0 0.998389
3 0 0 0.839391

1
1 0 0 0.877742

1
1 0 0 0.905342

1
1 0 0 0.865923

3
1 5 1 0.888015
2 0 0 1.01659
3 0 0 0.7602

1
1 0 0 0.772007

3
1 5 1 0.814217
2 0 0 0.953472
3 0 0 0.812696

1
1 0 0 0.792333

3
1 1 2 0.865549
2 0 0 0.834311
3 0 0 1.04406

3
1 5 1 0.761652
2 0 0 0.954574
3 0 0 0.763992

3
1 2 4 0.934279
2 0 0 0.869202
3 0 0 0.904571

3
1 2 1 0.882932
2 0 0 0.841569
3 0 0 0.952309

1
1 0 0 0.735219

5
1 1 2 0.800933
2 0 0 0.838339
3 2 4 0.989454
6 0 0 0.978861
7 0 0 0.965798

1
1 0 0 0.770613

1
1 0 0 0.833879

3
1 2 4 0.86934
2 0 0 0.937026
3 0 0 0.97435

1
1 0 0 0.843002

3
1 4 1 0.876417
2 0 0 0.852283
3 0 0 1.00729

1
1 0 0 0.854394

1
1 0 0 0.812984

1
1 0 0 0.747036

1
1 0 0 0.839952

3
1 1 1 0.948856
2 0 0 1.15921
3 0 0 0.886553

3
1 2 3 0.889342
2 0 0 1.0128
3 0 0 1.05183

3
1 5 1 0.869798
2 0 0 0.982661
3 0 0 0.907474

3
1 1 1 0.916493
2 0 0 1.03608
3 0 0 0.835638

3
1 2 3 0.836011
2 0 0 0.776668
3 0 0 0.856884

3
1 1 1 0.832816
2 0 0 0.891215
3 0 0 0.850441

1
1 0 0 0.770748

3
1 0 2524 0.906943
2 0 0 0.912559
3 0 0 0.919255

3
1 4 1 0.757271
2 0 0 0.898732
3 0 0 0.909497

3
1 5 1 0.881844
2 0 0 1.07871
3 0 0 0.737161

3
1 2 4 0.897562
2 0 0 0.833502
3 0 0 0.965559

3
1 5 1 0.871087
2 0 0 0.958641
3 0 0 0.788329

1
1 0 0 0.854207

5
1 1 1 0.947066
2 0 0 1.01534
3 1 2 0.960283
6 0 0 0.805058
7 0 0 0.972334

1
1 0 0 0.86265

3
1 1 1 0.93342
2 0 0 1.07101
3 0 0 0.917884

1
1 0 0 0.744325

3
1 5 1 0.834225
2 0 0 0.970572
3 0 0 0.84085

3
1 0 982 0.89514
2 0 0 0.940769
3 0 0 0.904102

3
1 4 1 0.91395
2 0 0 0.794111
3 0 0 1.18453

3
1 6 1740 0.826803
2 0 0 0.811858
3 0 0 0.830806

3
1 0 2475 0.852699
2 0 0 1.07129
3 0 0 0.855331

3
1 6 421 0.856274
2 0 0 0.906969
3 0 0 0.802135

5
1 5 1 0.900587
2 0 0 1.04122
3 0 6744 0.891054
6 0 0 0.907537
7 0 0 0.878445

3
1 0 2709 0.884857
2 0 0 0.898516
3 0 0 1.03361

1
1 0 0 0.873013

3
1 2 1 0.911186
2 0 0 0.937315
3 0 0 0.941882

3
1 4 1 0.889403
2 0 0 0.835596
3 0 0 1.02716

1
1 0 0 0.851035

5
1 1 2 0.866566
2 0 0 0.76007
3 2 4 0.921697
6 0 0 1.05346
7 0 0 0.9287

1
1 0 0 1.01236

1
1 0 0 0.8496

3
1 2 4 0.860025
2 0 0 0.82038
3 0 0 0.979995

3
1 2 1 0.958101
2 0 0 1.05283
3 0 0 0.962951

3
1 1 1 0.920817
2 0 0 0.981414
3 0 0 0.820753

3
1 1 1 0.770098
2 0 0 0.973227
3 0 0 0.768914

3
1 2 3 1.00014
2 0 0 0.943114
3 0 0 0.990738

3
1 2 2 0.867971
2 0 0 0.874447
3 0 0 0.87593

3
1 5 1 0.921999
2 0 0 1.07794
3 0 0 0.930338

3
1 5 1 0.851009
2 0 0 1.06558
3 0 0 0.819056

1
1 0 0 0.801306

1
1 0 0 0.798025

1
1 0 0 0.829909

3
1 6 1651 0.929463
2 0 0 0.947199
3 0 0 0.812599

1
1 0 0 0.863377

1
1 0 0 0.841029

1
1 0 0 0.866704

1
1 0 0 0.785252

3
1 5 1 0.855624
2 0 0 1.06636
3 0 0 0.766426

3
1 5 1 0.875884
2 0 0 1.1214
3 0 0 0.820697

3
1 5 1 0.839309
2 0 0 1.05405
3 0 0 0.752777

5
1 2 3 0.965661
2 4 1 0.995129
4 0 0 1.02413
5 0 0 1.03412
3 0 0 0.891801

5
1 2 3 0.925634
2 0 157 0.898689
4 0 0 1.05048
5 0 0 0.901585
3 0 0 0.948301

3
1 0 560 0.701638
2 0 0 1.01904
3 0 0 0.81058

1
1 0 0 0.810027

5
1 6 2966 0.954184
2 2 3 0.987038
4 0 0 1.00672
5 0 0 0.881367
3 0 0 0.819611

3
1 4 1 0.861987
2 0 0 0.809581
3 0 0 0.934836

3
1 5 1 0.86035
2 0 0 1.05895
3 0 0 0.987124

1
1 0 0 0.858579

5
1 6 2947 0.822837
2 6 2052 0.950021
4 0 0 0.994477
5 0 0 0.946856
3 0 0 0.875646

1
1 0 0 0.788141

1
1 0 0 0.797767

3
1 6 4687 0.830529
2 0 0 0.824152
3 0 0 1.02091

3
1 4 1 0.913828
2 0 0 0.8588
3 0 0 0.950337

3
1 0 9494 0.891382
2 0 0 0.904965
3 0 0 0.947577

1
1 0 0 0.851303

5
1 6 227 0.820777
2 0 0 0.970934
3 2 3 0.832441
6 0 0 0.836235
7 0 0 0.98696

3
1 0 827 0.807733
2 0 0 0.982394
3 0 0 0.762378

3
1 5 1 0.871873
2 0 0 1.00644
3 0 0 0.732904

1
1 0 0 0.852283

3
1 5 1 0.85237
2 0 0 0.9606
3 0 0 0.836517

1
1 0 0 0.79174

3
1 0 4465 0.932055
2 0 0 0.944567
3 0 0 0.885441

3
1 0 9784 0.848429
2 0 0 0.886036
3 0 0 0.908212

1
1 0 0 0.702109

3
1 6 3698 0.88267
2 0 0 1.05116
3 0 0 0.90357

3
1 1 1 0.862542
2 0 0 1.05434
3 0 0 0.891182

3
1 5 1 0.790192
2 0 0 1.00646
3 0 0 0.860954

3
1 5 1 0.838027
2 0 0 0.983314
3 0 0 0.805481

3
1 1 1 0.940468
2 0 0 0.931315
3 0 0 0.768467

3
1 4 1 0.89301
2 0 0 0.925298
3 0 0 1.05158

3
1 4 1 0.882644
2 0 0 0.799447
3 0 0 0.958397

1
1 0 0 0.881084

3
1 1 2 0.883286
2 0 0 0.863398
3 0 0 0.961795

3
1 5 1 0.885161
2 0 0 1.04142
3 0 0 0.826756

5
1 0 1013 0.938422
2 0 0 0.987263
3 2 3 0.919686
6 0 0 0.992608
7 0 0 0.941808

3
1 6 130 0.972459
2 0 0 0.962281
3 0 0 0.942741

3
1 0 7355 0.95167
2 0 0 0.895968
3 0 0 0.93474

1
1 0 0 0.72597

3
1 6 4818 0.822178
2 0 0 0.859833
3 0 0 0.962094

5
1 6 3978 0.877744
2 0 0 0.850911
3 1 2 0.933781
6 0 0 0.8608
7 0 0 0.991273

3
1 5 1 0.883218
2 0 0 0.860258
3 0 0 0.872972

7
1 6 5338 0.796279
2 0 2984 0.888161
4 2 4 0.874914
8 0 0 0.903145
9 0 0 0.936436
5 0 0 0.915562
3 0 0 0.959732

3
1 1 2 0.811568
2 0 0 0.824347
3 0 0 0.8165

3
1 5 1 0.881832
2 0 0 0.973831
3 0 0 0.814813

3
1 1 1 0.880817
2 0 0 0.904706
3 0 0 0.818949

3
1 5 1 0.862408
2 0 0 1.0289
3 0 0 0.824145

1
1 0 0 0.686756

5
1 2 1 0.931233
2 0 6100 0.932574
4 0 0 0.92084
5 0 0 0.919319
3 0 0 0.945422

3
1 5 1 0.938036
2 0 0 1.17126
3 0 0 0.845894

3
1 4 1 0.813126
2 0 0 0.774265
3 0 0 1.01044

3
1 2 4 0.953484
2 0 0 0.915194
3 0 0 1.0274

1
1 0 0 0.815052

1
1 0 0 0.814513

1
1 0 0 0.814592

1
1 0 0 0.878562

5
1 6 176 0.884263
2 0 2262 1.00379
4 0 0 1.05351
5 0 0 1.02591
3 0 0 0.854383

5
1 0 337 0.873572
2 0 0 1.00361
3 0 631 0.880778
6 0 0 0.998212
7 0 0 0.91547

1
1 0 0 0.730839

3
1 2 2 0.904668
2 0 0 0.917746
3 0 0 0.956487

3
1 0 194 0.897994
2 0 0 0.924602
3 0 0 0.889784

3
1 0 4988 0.902395
2 0 0 0.86698
3 0 0 0.916698

3
1 4 1 0.843212
2 0 0 0.843348
3 0 0 1.01984

3
1 1 1 0.947066
2 0 0 1.09037
3 0 0 0.792564

1
1 0 0 0.797892

3
1 2 4 0.948734
2 0 0 0.969881
3 0 0 1.00981

3
1 4 1 0.82664
2 0 0 0.906748
3 0 0 0.917537

1
1 0 0 0.804978

3
1 2 4 0.919458
2 0 0 0.906128
3 0 0 0.939936

3
1 6 771 0.928962
2 0 0 0.991152
3 0 0 0.903747

3
1 5 1 0.854453
2 0 0 0.939654
3 0 0 0.870447

3
1 5 1 0.937013
2 0 0 1.01715
3 0 0 0.752662

3
1 5 1 0.924294
2 0 0 0.975811
3 0 0 0.79963

3
1 5 1 0.900587
2 0 0 0.967528
3 0 0 0.829702

3
1 5 1 0.885316
2 0 0 0.980634
3 0 0 0.796276

3
1 1 1 0.838789
2 0 0 0.889723
3 0 0 0.900894

5
1 1 2 0.821781
2 0 0 0.706964
3 2 4 1.02565
6 0 0 0.997695
7 0 0 1.04376

1
1 0 0 0.828158

3
1 5 1 0.907324
2 0 0 1.07574
3 0 0 0.810217

3
1 6 2583 0.880681
2 0 0 0.968558
3 0 0 0.805288

3
1 6 3122 0.896285
2 0 0 0.906124
3 0 0 0.825133

5
1 1 1 0.910165
2 2 1 1.10354
4 0 0 1.20468
5 0 0 1.13526
3 0 0 0.901854

3
1 1 1 0.973966
2 0 0 0.953598
3 0 0 0.875439

3
1 6 1205 0.887967
2 0 0 0.990936
3 0 0 0.873382

3
1 1 2 0.830434
2 0 0 0.866049
3 0 0 0.957523

3
1 2 4 0.895999
2 0 0 0.880491
3 0 0 0.966487

3
1 0 7968 0.903071
2 0 0 0.862778
3 0 0 0.909237

3
1 6 1090 0.875207
2 0 0 0.875827
3 0 0 1.00891

1
1 0 0 0.792423

3
1 6 196 0.839353
2 0 0 0.947521
3 0 0 0.929393

3
1 4 1 0.893304
2 0 0 0.824065
3 0 0 0.910647

3
1 1 2 0.962994
2 0 0 0.948773
3 0 0 0.988295

1
1 0 0 0.965011

3
1 4 1 0.902177
2 0 0 0.865024
3 0 0 0.912166

3
1 5 1 0.883859
2 0 0 1.07317
3 0 0 0.819024

3
1 5 1 0.829005
2 0 0 1.03
3 0 0 0.862588

5
1 4 1 0.872627
2 0 0 0.878084
3 6 5059 0.944025
6 0 0 0.888944
7 0 0 0.975699

1
1 0 0 0.780263

1
1 0 0 0.735765

3
1 4 1 0.827761
2 0 0 0.918863
3 0 0 0.963383

1
1 0 0 0.708803

3
1 2 4 0.897103
2 0 0 0.923775
3 0 0 0.887398

5
1 5 1 0.87424
2 6 4442 0.911376
4 0 0 0.926506
5 0 0 0.897446
3 0 0 0.773482

3
1 1 1 0.862004
2 0 0 0.951026
3 0 0 0.832471

3
1 1 1 0.903384
2 0 0 1.04513
3 0 0 0.764774

1
1 0 0 0.750493

3
1 6 4620 0.874396
2 0 0 0.966319
3 0 0 0.890945

3
1 5 1 0.828711
2 0 0 0.97071
3 0 0 0.823177

3
1 4 1 0.896114
2 0 0 0.937461
3 0 0 1.01498

3
1 5 1 0.84421
2 0 0 0.993076
3 0 0 0.919615

3
1 1 2 0.960064
2 0 0 0.844467
3 0 0 0.901599

1
1 0 0 0.801782

1
1 0 0 0.957423

3
1 6 2566 0.860801
2 0 0 0.976264
3 0 0 0.934437

3
1 4 1 0.83721
2 0 0 0.904511
3 0 0 1.05639

3
1 5 1 0.876622
2 0 0 0.974347
3 0 0 0.787318

3
1 0 1012 0.810316
2 0 0 0.934692
3 0 0 0.74299

5
1 0 6228 0.828045
2 0 0 0.848749
3 6 4919 0.921401
6 0 0 0.898156
7 0 0 1.01256

3
1 5 1 0.87563
2 0 0 0.88968
3 0 0 0.821448

1
1 0 0 0.834147

3
1 0 2931 0.944036
2 0 0 0.930882
3 0 0 0.890591

3
1 5 1 0.808582
2 0 0 0.959442
3 0 0 0.809282

3
1 6 1719 0.842199
2 0 0 0.870076
3 0 0 0.766681

3
1 6 4910 0.831925
2 0 0 0.871451
3 0 0 0.915705

1
1 0 0 0.849714

1
1 0 0 0.857814

1
1 0 0 0.793784

1
1 0 0 0.729923

3
1 1 1 0.920251
2 0 0 0.86668
3 0 0 0.919403

3
1 0 2937 0.832477
2 0 0 0.848699
3 0 0 0.782819

3
1 1 2 0.852447
2 0 0 0.913758
3 0 0 0.995454

5
1 2 1 0.90951
2 0 0 0.880074
3 4 1 1.10182
6 0 0 0.742954
7 0 0 0.948503

5
1 0 7539 0.904053
2 0 0 0.985649
3 4 1 0.786662
6 0 0 0.779605
7 0 0 0.999731

3
1 5 1 0.824699
2 0 0 1.03257
3 0 0 0.822034

3
1 1 1 0.81968
2 0 0 0.928026
3 0 0 0.859762

3
1 1 2 0.840094
2 0 0 0.849576
3 0 0 0.878029

5
1 5 1 0.837914
2 0 1204 0.836797
4 0 0 0.974781
5 0 0 0.857688
3 0 0 0.798006

5
1 4 1 0.921996
2 0 0 0.84782
3 6 1584 1.04854
6 0 0 0.986374
7 0 0 0.960791

5
1 1 1 0.937402
2 6 3559 1.02998
4 0 0 0.964581
5 0 0 1.1727
3 0 0 0.917627

5
1 5 1 0.926067
2 6 3257 1.06147
4 0 0 1.02195
5 0 0 0.896965
3 0 0 0.84815

5
1 0 6895 1.00534
2 2 2 0.948983
4 0 0 1.00809
5 0 0 0.949174
3 0 0 0.951566

5
1 0 7006 0.84094
2 5 1 1.02352
4 0 0 1.04949
5 0 0 0.95538
3 0 0 0.895704

3
1 0 1635 0.832598
2 0 0 0.979622
3 0 0 0.871671

3
1 5 1 0.833032
2 0 0 0.896868
3 0 0 0.807893

1
1 0 0 0.813273

3
1 0 6430 0.937381
2 0 0 0.995687
3 0 0 0.882423

3
1 4 1 0.809559
2 0 0 0.816852
3 0 0 0.932239

3
1 4 1 0.84918
2 0 0 0.823532
3 0 0 0.975059

5
1 6 2482 0.808994
2 2 2 0.960362
4 0 0 0.922124
5 0 0 0.874768
3 0 0 0.776911

3
1 1 1 0.885606
2 0 0 0.896296
3 0 0 0.917346

3
1 1 1 0.801459
2 0 0 1.00171
3 0 0 0.805417

3
1 0 8450 0.893808
2 0 0 0.917336
3 0 0 0.964161

3
1 0 7513 0.85055
2 0 0 0.902856
3 0 0 0.882231

3
1 1 1 0.810071
2 0 0 1.01127
3 0 0 0.713716

5
1 0 3483 0.875488
2 2 1 0.981905
4 0 0 1.21235
5 0 0 0.941754
3 0 0 0.821832

3
1 1 1 0.819168
2 0 0 0.903085
3 0 0 0.824239

3
1 1 1 0.847126
2 0 0 1.00714
3 0 0 0.880235

1
1 0 0 0.817974

1
1 0 0 0.819622

3
1 1 2 0.905982
2 0 0 0.94529
3 0 0 0.896267

3
1 6 2936 0.861821
2 0 0 0.990576
3 0 0 0.846609

3
1 1 1 0.753331
2 0 0 0.969691
3 0 0 0.760326

1
1 0 0 0.675483

1
1 0 0 0.783698

3
1 0 8499 0.941751
2 0 0 0.828208
3 0 0 1.06494

7
1 6 2905 0.97375
2 6 778 0.991451
4 0 0 0.91326
5 0 0 1.0396
3 4 1 0.976595
6 0 0 0.863171
7 0 0 0.965831

3
1 1 2 0.944056
2 0 0 0.854815
3 0 0 0.988729

5
1 5 1 0.877114
2 0 0 0.952721
3 2 2 0.98164
6 0 0 0.844909
7 0 0 0.932159

1
1 0 0 0.891053

1
1 0 0 0.763449

7
1 0 1563 0.932985
2 1 1 0.985348
4 0 0 0.923019
5 0 0 0.95413
3 1 1 0.96731
6 0 0 1.08999
7 0 0 0.976539

3
1 5 1 0.861937
2 0 0 1.00641
3 0 0 0.837601

3
1 1 1 0.906887
2 0 0 0.965325
3 0 0 0.820354

5
1 2 4 0.888046
2 0 0 0.808571
3 0 1113 0.863894
6 0 0 0.997176
7 0 0 0.982925

3
1 1 2 0.87821
2 0 0 0.796725
3 0 0 1.02399

1
1 0 0 0.842678

3
1 4 1 0.901451
2 0 0 0.907023
3 0 0 0.937882

3
1 1 1 0.869537
2 0 0 0.968524
3 0 0 0.879596

5
1 6 202 0.873682
2 0 0 0.986495
3 6 5392 0.816279
6 0 0 0.848723
7 0 0 0.911456

1
1 0 0 0.799611

3
1 6 1199 0.886936
2 0 0 0.99045
3 0 0 0.911578

3
1 1 1 0.910165
2 0 0 1.0207
3 0 0 0.81161

3
1 1 1 0.973966
2 0 0 0.860224
3 0 0 0.855699

3
1 5 1 0.906409
2 0 0 0.97551
3 0 0 0.726854

3
1 2 2 0.898785
2 0 0 0.957397
3 0 0 0.86974

3
1 2 1 0.902154
2 0 0 0.902768
3 0 0 0.966784

3
1 1 1 0.897705
2 0 0 0.975014
3 0 0 0.74714

3
1 0 7297 0.881705
2 0 0 0.896051
3 0 0 0.978938

1
1 0 0 0.77302

3
1 2 1 0.894689
2 0 0 0.952538
3 0 0 0.871614

3
1 1 2 0.861756
2 0 0 0.956237
3 0 0 0.887873

3
1 1 2 0.865387
2 0 0 0.805239
3 0 0 1.02855

3
1 0 4279 0.929585
2 0 0 0.916403
3 0 0 0.887307

3
1 0 2152 0.955107
2 0 0 1.09467
3 0 0 0.989499

3
1 2 3 0.877875
2 0 0 0.981473
3 0 0 1.05

1
1 0 0 0.750692

1
1 0 0 0.840987

3
1 2 2 0.952856
2 0 0 0.8769
3 0 0 1.00022

3
1 5 1 0.844201
2 0 0 1.05222
3 0 0 0.765773

3
1 0 1406 0.955726
2 0 0 0.969864
3 0 0 0.981425

3
1 6 3526 0.842269
2 0 0 0.959317
3 0 0 0.875871

1
1 0 0 0.71924

3
1 0 154 0.869174
2 0 0 0.913602
3 0 0 0.854923

3
1 1 1 0.854353
2 0 0 1.12455
3 0 0 0.782931

3
1 2 1 0.909013
2 0 0 0.936788
3 0 0 0.916387

3
1 1 1 0.857479
2 0 0 0.920731
3 0 0 0.666668

3
1 4 1 0.886134
2 0 0 0.924538
3 0 0 1.03566

5
1 4 1 0.898973
2 0 0 0.825422
3 6 2102 1.04657
6 0 0 0.942699
7 0 0 0.952539

3
1 6 5197 0.824616
2 0 0 0.760492
3 0 0 1.04803

5
1 6 3166 0.871277
2 0 0 0.885605
3 2 3 0.966717
6 0 0 0.982482
7 0 0 0.865351

3
1 1 1 0.866198
2 0 0 0.902487
3 0 0 0.851745

1
1 0 0 0.825846

3
1 0 4610 0.846083
2 0 0 0.916899
3 0 0 0.906915

5
1 2 4 0.907019
2 0 0 0.804622
3 1 1 1.02808
6 0 0 1.0167
7 0 0 0.935945

3
1 1 2 0.98997
2 0 0 0.958029
3 0 0 0.92218

3
1 5 1 0.888947
2 0 0 0.929285
3 0 0 0.79625

1
1 0 0 0.921678

3
1 4 1 0.903431
2 0 0 0.914829
3 0 0 1.09045

3
1 4 1 0.888704
2 0 0 0.836068
3 0 0 1.04281

1
1 0 0 0.934507

1
1 0 0 0.654604

3
1 1 1 0.879425
2 0 0 0.899357
3 0 0 0.810045

3
1 5 1 0.853492
2 0 0 0.927138
3 0 0 0.9374

3
1 1 2 0.88375
2 0 0 0.989937
3 0 0 0.941333

5
1 1 1 0.987422
2 6 2512 1.02366
4 0 0 0.997156
5 0 0 0.952701
3 0 0 0.875697

1
1 0 0 0.79246

3
1 6 41 0.843586
2 0 0 1.02257
3 0 0 0.947268

3
1 1 2 0.861181
2 0 0 0.807337
3 0 0 0.890671

3
1 5 1 0.813164
2 0 0 0.943786
3 0 0 0.818003

1
1 0 0 0.790174

1
1 0 0 0.756658

1
1 0 0 0.71927

1
1 0 0 0.739469

3
1 1 2 0.850053
2 0 0 0.828404
3 0 0 0.945586

3
1 1 1 0.81968
2 0 0 0.998301
3 0 0 0.787054

1
1 0 0 0.738926

5
1 0 594 0.86095
2 1 2 1.01493
4 0 0 0.966667
5 0 0 0.971046
3 0 0 0.710819

3
1 5 1 0.861863
2 0 0 0.944206
3 0 0 0.80818

3
1 6 5137 0.816877
2 0 0 0.89117
3 0 0 0.880073

3
1 5 1 0.926067
2 0 0 0.929229
3 0 0 0.741013

1
1 0 0 0.699348

3
1 5 1 0.927715
2 0 0 1.02116
3 0 0 0.782746

5
1 2 3 1.01474
2 0 0 0.966493
3 0 6965 1.01468
6 0 0 0.944154
7 0 0 1.09452

3
1 1 1 0.921655
2 0 0 1.07472
3 0 0 0.919319

3
1 6 1740 0.940534
2 0 0 0.894649
3 0 0 0.88639

3
1 2 3 0.83151
2 0 0 0.898673
3 0 0 1.01321

3
1 4 1 0.839313
2 0 0 0.919387
3 0 0 0.986862

3
1 0 5601 0.861909
2 0 0 0.874781
3 0 0 0.897702

3
1 4 1 0.822473
2 0 0 0.785783
3 0 0 1.04938

3
1 6 4778 0.789337
2 0 0 0.847236
3 0 0 0.982015

5
1 2 3 0.874476
2 0 0 0.921425
3 1 1 0.90288
6 0 0 0.961848
7 0 0 0.840683

3
1 4 1 0.925773
2 0 0 0.832903
3 0 0 1.00797

3
1 0 7308 0.913305
2 0 0 0.895654
3 0 0 0.9668

3
1 1 2 0.811129
2 0 0 0.841831
3 0 0 1.03144

3
1 5 1 0.858574
2 0 0 0.990394
3 0 0 0.871943

3
1 1 1 0.899224
2 0 0 0.90352
3 0 0 0.830905

3
1 2 4 0.878598
2 0 0 0.880112
3 0 0 0.926167

3
1 5 1 0.806047
2 0 0 1.04586
3 0 0 0.852136

5
1 0 2173 0.93806
2 0 759 1.00148
4 0 0 0.858738
5 0 0 0.975931
3 0 0 0.929055

1
1 0 0 0.752102

3
1 6 2936 0.861821
2 0 0 0.992362
3 0 0 0.775686

3
1 2 3 0.862793
2 0 0 0.860339
3 0 0 0.906801

3
1 6 92 0.824523
2 0 0 1.10394
3 0 0 0.781149

1
1 0 0 0.885389

3
1 5 1 0.813959
2 0 0 1.02646
3 0 0 0.787431

1
1 0 0 0.817784

3
1 5 1 0.859987
2 0 0 0.990964
3 0 0 0.802642

3
1 6 69 0.805944
2 0 0 0.998155
3 0 0 0.756905

3
1 4 1 0.859941
2 0 0 0.828231
3 0 0 0.985822

1
1 0 0 0.93748

3
1 2 3 0.850997
2 0 0 0.861464
3 0 0 0.859386

1
1 0 0 0.791915

5
1 2 1 0.896859
2 0 0 0.866337
3 6 4834 0.92918
6 0 0 0.918403
7 0 0 1.04234

3
1 0 2303 0.859551
2 0 0 0.957246
3 0 0 0.827898

3
1 1 2 0.806274
2 0 0 0.857547
3 0 0 0.876693

7
1 6 3432 0.862946
2 0 6946 0.956428
4 4 1 0.977742
8 0 0 1.0278
9 0 0 0.899965
5 0 0 0.889277
3 0 0 0.819709

3
1 1 1 0.958729
2 0 0 1.04457
3 0 0 0.784339

3
1 4 1 0.867292
2 0 0 0.880828
3 0 0 0.871228

1
1 0 0 0.877022

5
1 6 28 0.796905
2 4 1 0.884299
4 0 0 1.06771
5 0 0 1.03624
3 0 0 0.823403

3
1 1 1 0.933272
2 0 0 1.01943
3 0 0 0.819328

1
1 0 0 0.955314

1
1 0 0 0.838228

1
1 0 0 0.789265

3
1 1 1 0.858714
2 0 0 0.991413
3 0 0 0.926254

1
1 0 0 0.866886

3
1 4 1 0.852101
2 0 0 0.946512
3 0 0 0.929863

1
1 0 0 0.737243

1
1 0 0 0.871605

3
1 6 1312 0.880422
2 0 0 0.87991
3 0 0 0.878814

1
1 0 0 0.813926

3
1 4 1 0.940751
2 0 0 0.8616
3 0 0 1.15098

1
1 0 0 0.845159

3
1 1 2 0.869213
2 0 0 0.948891
3 0 0 1.0344

3
1 0 9690 0.873121
2 0 0 0.904186
3 0 0 0.981945

1
1 0 0 0.926186

3
1 5 1 0.927925
2 0 0 1.0307
3 0 0 0.704279

3
1 5 1 0.863083
2 0 0 0.931905
3 0 0 0.791791

5
1 4 1 0.914451
2 0 0 0.849007
3 0 4073 0.961168
6 0 0 1.04521
7 0 0 0.928753

3
1 1 2 0.938188
2 0 0 0.990957
3 0 0 0.897333

3
1 4 1 0.968096
2 0 0 0.949844
3 0 0 0.987964

1
1 0 0 0.933278

3
1 0 138 0.978447
2 0 0 0.998652
3 0 0 0.880121

1
1 0 0 0.774673

1
1 0 0 0.901337

3
1 6 2722 0.862136
2 0 0 0.964136
3 0 0 0.874159

3
1 1 1 0.804402
2 0 0 1.15193
3 0 0 0.787214

3
1 0 9987 0.78933
2 0 0 0.820096
3 0 0 0.953534

3
1 5 1 0.846623
2 0 0 1.02418
3 0 0 0.81721

3
1 5 1 0.897686
2 0 0 1.01189
3 0 0 0.840512

1
1 0 0 0.719362

3
1 5 1 0.979502
2 0 0 1.0555
3 0 0 0.88593

1
1 0 0 0.886747

3
1 1 1 0.822678
2 0 0 1.00477
3 0 0 0.784821

3
1 0 202 0.837848
2 0 0 0.990163
3 0 0 0.83588

1
1 0 0 0.81113

5
1 4 1 0.948466
2 0 0 0.87778
3 6 4851 1.07823
6 0 0 1.03304
7 0 0 0.965465

3
1 1 1 0.95571
2 0 0 0.941792
3 0 0 0.780549

1
1 0 0 0.870189

3
1 1 1 0.969234
2 0 0 1.01514
3 0 0 0.823104

7
1 1 1 0.979463
2 6 1855 0.965352
4 6 1462 0.961007
8 0 0 1.06056
9 0 0 1.07561
5 0 0 0.977966
3 0 0 0.917829

3
1 2 3 0.84449
2 0 0 0.851902
3 0 0 0.798736

3
1 6 4678 0.913172
2 0 0 0.915252
3 0 0 1.05987

3
1 1 1 0.967001
2 0 0 0.935782
3 0 0 0.807575

3
1 2 4 0.825095
2 0 0 0.804799
3 0 0 0.924101

1
1 0 0 0.8288

3
1 5 1 0.83937
2 0 0 1.04224
3 0 0 0.871947

3
1 1 2 0.901115
2 0 0 0.739953
3 0 0 0.96638

3
1 4 1 0.87607
2 0 0 0.835529
3 0 0 0.946922

5
1 4 1 0.981535
2 0 0 0.921271
3 2 3 0.956996
6 0 0 0.966492
7 0 0 0.878143

1
1 0 0 0.911408

3
1 2 4 0.82141
2 0 0 0.868875
3 0 0 1.06311

3
1 6 5078 0.865586
2 0 0 0.831385
3 0 0 0.955244

1
1 0 0 0.797668

3
1 0 8577 0.859927
2 0 0 0.851836
3 0 0 0.871717

3
1 5 1 0.811183
2 0 0 0.917872
3 0 0 0.75161

3
1 6 5345 0.814052
2 0 0 0.765674
3 0 0 0.945721

3
1 0 5746 0.925396
2 0 0 0.996017
3 0 0 0.895916

3
1 4 1 0.853971
2 0 0 0.838773
3 0 0 0.879626

3
1 1 2 0.904831
2 0 0 0.725795
3 0 0 0.977422

1
1 0 0 0.900576

3
1 5 1 0.927715
2 0 0 0.951994
3 0 0 0.854084

1
1 0 0 0.748498

1
1 0 0 0.779253

1
1 0 0 0.777411

3
1 6 67 0.851526
2 0 0 0.958655
3 0 0 0.825144

1
1 0 0 0.830147

3
1 2 4 0.83604
2 0 0 0.854237
3 0 0 0.974337

5
1 0 6174 0.879187
2 0 0 0.885732
3 6 3133 0.955851
6 0 0 1.0542
7 0 0 0.884188

3
1 5 1 0.950468
2 0 0 0.942912
3 0 0 0.821516

1
1 0 0 0.820215

5
1 5 1 0.986386
2 0 0 1.04387
3 0 8915 0.822842
6 0 0 0.885712
7 0 0 1.00985

3
1 1 1 0.922416
2 0 0 0.936677
3 0 0 0.882499

5
1 2 3 0.934573
2 0 0 0.978974
3 2 4 0.918271
6 0 0 1.11914
7 0 0 0.844899

3
1 4 1 0.83612
2 0 0 0.953641
3 0 0 1.02016

5
1 6 1503 0.977598
2 0 0 0.961243
3 4 1 0.963835
6 0 0 0.831861
7 0 0 0.985172

3
1 2 4 0.909462
2 0 0 0.924044
3 0 0 1.04554

3
1 6 4842 0.907595
2 0 0 0.89466
3 0 0 0.975098

3
1 5 1 0.932375
2 0 0 0.952121
3 0 0 0.891437

3
1 5 1 0.842443
2 0 0 0.998423
3 0 0 0.862608

3
1 0 371 0.820649
2 0 0 0.997306
3 0 0 0.800009

3
1 6 860 0.891054
2 0 0 0.860582
3 0 0 0.91287

5
1 5 1 0.878781
2 6 4528 1.00294
4 0 0 1.01988
5 0 0 0.914901
3 0 0 0.876223

3
1 4 1 0.884488
2 0 0 0.887097
3 0 0 1.06352

1
1 0 0 0.795878

3
1 2 4 0.862808
2 0 0 0.790498
3 0 0 0.985244

1
1 0 0 0.841274

3
1 5 1 0.770986
2 0 0 0.966831
3 0 0 0.773881

3
1 0 712 0.843174
2 0 0 0.968805
3 0 0 0.868619

3
1 1 2 0.899555
2 0 0 0.878157
3 0 0 1.05152

1
1 0 0 0.721079

3
1 5 1 0.878802
2 0 0 1.00591
3 0 0 0.828786

3
1 0 2293 0.897026
2 0 0 0.905954
3 0 0 0.915932

3
1 6 4542 0.837178
2 0 0 0.858004
3 0 0 0.939633

1
1 0 0 0.804136

3
1 0 664 0.79997
2 0 0 1.12575
3 0 0 0.778175

3
1 1 2 0.834341
2 0 0 0.780276
3 0 0 0.970079

3
1 6 2853 0.880901
2 0 0 0.954176
3 0 0 0.811575

3
1 5 1 1.00795
2 0 0 1.03381
3 0 0 0.866493

3
1 1 1 0.864238
2 0 0 0.950414
3 0 0 0.882478

3
1 5 1 0.821733
2 0 0 0.957862
3 0 0 0.929454

3
1 5 1 0.866007
2 0 0 0.994754
3 0 0 0.801888

5
1 4 1 0.889746
2 6 150 0.844555
4 0 0 0.876758
5 0 0 0.843017
3 0 0 1.01201

3
1 1 1 0.914026
2 0 0 0.85201
3 0 0 0.942658

3
1 0 9105 0.78469
2 0 0 0.825251
3 0 0 0.981536

5
1 6 1367 0.851851
2 0 0 0.932946
3 0 7298 0.924867
6 0 0 0.878416
7 0 0 0.988845

3
1 5 1 0.914452
2 0 0 1.02487
3 0 0 0.813882

1
1 0 0 0.838724

3
1 5 1 0.84507
2 0 0 1.05388
3 0 0 0.875985

1
1 0 0 0.754934

3
1 1 1 0.901806
2 0 0 0.987335
3 0 0 0.883314

1
1 0 0 0.831394

3
1 5 1 0.915268
2 0 0 0.918717
3 0 0 0.740196

3
1 6 2813 0.884124
2 0 0 1.00029
3 0 0 0.908728

1
1 0 0 0.821181

3
1 1 1 0.744794
2 0 0 0.857608
3 0 0 0.74121

1
1 0 0 0.82081

3
1 1 2 0.866985
2 0 0 0.772792
3 0 0 0.952307

3
1 5 1 0.950344
2 0 0 1.02697
3 0 0 0.899799

3
1 0 4029 0.899184
2 0 0 1.06468
3 0 0 0.895025

3
1 4 1 0.908946
2 0 0 0.801127
3 0 0 0.904107

5
1 6 195 0.975148
2 1 2 0.901085
4 0 0 1.05559
5 0 0 0.992324
3 0 0 0.995855

5
1 2 4 0.826457
2 0 0 0.905081
3 6 4860 0.825123
6 0 0 0.896616
7 0 0 0.99938

3
1 4 1 0.876201
2 0 0 0.897317
3 0 0 0.995976

3
1 5 1 0.947361
2 0 0 1.01223
3 0 0 0.81833

3
1 1 1 0.888427
2 0 0 1.01646
3 0 0 0.87324

3
1 1 2 0.873392
2 0 0 0.882823
3 0 0 0.931522

1
1 0 0 0.84666

5
1 6 2238 0.896004
2 0 9781 0.962083
4 0 0 0.920535
5 0 0 1.00458
3 0 0 0.870016

3
1 6 236 0.801499
2 0 0 0.985794
3 0 0 0.929899

3
1 0 7347 0.910621
2 0 0 0.874111
3 0 0 0.950467

3
1 5 1 0.979502
2 0 0 0.936547
3 0 0 0.867302

1
1 0 0 0.73766

3
1 1 1 0.898193
2 0 0 0.970809
3 0 0 0.78234

1
1 0 0 0.822489

3
1 1 1 0.872518
2 0 0 0.986431
3 0 0 0.786874

3
1 2 2 0.852475
2 0 0 0.817043
3 0 0 0.865757

5
1 1 1 0.95571
2 0 4171 0.92543
4 0 0 0.870305
5 0 0 1.04957
3 0 0 0.830646

5
1 5 1 0.903786
2 0 0 0.824762
3 1 2 0.968694
6 0 0 0.895354
7 0 0 1.03215

3
1 4 1 0.899847
2 0 0 0.853165
3 0 0 0.894413

3
1 5 1 0.834656
2 0 0 0.98127
3 0 0 0.847921

1
1 0 0 0.827864

1
1 0 0 0.871222

3
1 0 8467 0.909454
2 0 0 1.04064
3 0 0 0.86272

1
1 0 0 0.700923

3
1 5 1 0.885678
2 0 0 0.930642
3 0 0 0.828711

3
1 1 1 0.934696
2 0 0 1.02853
3 0 0 0.884132

3
1 0 4002 0.834282
2 0 0 0.937729
3 0 0 0.889708

1
1 0 0 0.891532

3
1 1 1 0.953238
2 0 0 1.02287
3 0 0 0.816156

3
1 0 5269 0.87435
2 0 0 0.854153
3 0 0 0.891534

3
1 5 1 0.876133
2 0 0 1.09313
3 0 0 0.773534

3
1 2 2 0.954286
2 0 0 0.907422
3 0 0 1.01105

3
1 6 5144 0.93706
2 0 0 0.925643
3 0 0 0.954865

3
1 1 2 0.879465
2 0 0 0.914415
3 0 0 0.976234

5
1 1 1 0.829846
2 6 1927 1.00905
4 0 0 0.957084
5 0 0 0.999766
3 0 0 0.857538

1
1 0 0 0.805331

3
1 2 3 0.934715
2 0 0 0.872372
3 0 0 0.972767

1
1 0 0 0.794526

3
1 0 296 0.833087
2 0 0 0.999344
3 0 0 0.937456

1
1 0 0 0.706994

1
1 0 0 0.840643

3
1 2 4 0.8731
2 0 0 0.919409
3 0 0 0.942388

3
1 5 1 0.882459
2 0 0 0.978822
3 0 0 0.740782

3
1 1 1 0.905806
2 0 0 1.07323
3 0 0 0.804422

3
1 4 1 0.928306
2 0 0 0.926999
3 0 0 0.93814

1
1 0 0 0.78797

1
1 0 0 0.806742

5
1 5 1 0.793083
2 2 1 0.954304
4 0 0 1.09624
5 0 0 0.953278
3 0 0 0.687599

3
1 0 395 0.770194
2 0 0 0.992458
3 0 0 0.748682

5
1 2 1 0.897823
2 0 0 0.821708
3 4 1 0.921332
6 0 0 0.852218
7 0 0 1.0838

3
1 0 1753 0.944956
2 0 0 0.95925
3 0 0 0.873659

3
1 6 259 0.788989
2 0 0 1.02795
3 0 0 0.7949

3
1 2 1 0.944017
2 0 0 1.04217
3 0 0 0.958726

1
1 0 0 0.802775

1
1 0 0 0.763799

3
1 5 1 0.940253
2 0 0 0.970695
3 0 0 0.940591

1
1 0 0 0.874744

3
1 5 1 0.842513
2 0 0 0.993704
3 0 0 0.850842

3
1 0 8773 0.972415
2 0 0 0.81008
3 0 0 0.972943

5
1 4 1 0.90839
2 5 1 0.921168
4 0 0 0.935915
5 0 0 0.932745
3 0 0 1.0462

5
1 2 2 0.870174
2 1 1 1.02013
4 0 0 1.01419
5 0 0 1.06522
3 0 0 1.05878

3
1 6 2815 0.850647
2 0 0 0.932815
3 0 0 0.825084

5
1 6 4888 0.929029
2 1 2 0.82832
4 0 0 0.778486
5 0 0 0.921957
3 0 0 0.969517

3
1 1 1 0.824889
2 0 0 1.02971
3 0 0 0.778225

5
1 2 3 0.911646
2 0 0 0.933661
3 6 2830 0.939226
6 0 0 0.997841
7 0 0 0.927262

1
1 0 0 0.843933

1
1 0 0 0.754014

3
1 0 2797 0.858407
2 0 0 1.13966
3 0 0 1.04378

3
1 4 1 0.974456
2 0 0 0.802666
3 0 0 0.955434

1
1 0 0 0.834892

3
1 1 2 0.883739
2 0 0 0.867513
3 0 0 0.89446

3
1 1 1 0.902219
2 0 0 0.96669
3 0 0 0.950459

1
1 0 0 0.842431

3
1 4 1 0.858809
2 0 0 0.902616
3 0 0 1.02576

1
1 0 0 0.771292

5
1 2 3 0.855534
2 0 0 0.990639
3 6 2908 0.919904
6 0 0 1.08741
7 0 0 0.844766

3
1 6 2853 0.880901
2 0 0 1.01662
3 0 0 0.797962

1
1 0 0 0.781784

1
1 0 0 0.685268

3
1 6 4091 0.986604
2 0 0 1.05037
3 0 0 0.912346

3
1 1 2 0.91072
2 0 0 0.862171
3 0 0 0.97089

3
1 5 1 0.824794
2 0 0 0.975197
3 0 0 0.763163

3
1 5 1 0.961257
2 0 0 1.0054
3 0 0 0.890343

3
1 5 1 0.977853
2 0 0 0.999618
3 0 0 0.826516

3
1 0 4260 0.826946
2 0 0 0.819641
3 0 0 0.845478

1
1 0 0 0.830363

3
1 6 603 0.855673
2 0 0 0.835497
3 0 0 0.900871

3
1 1 2 0.859924
2 0 0 0.841584
3 0 0 0.987278

3
1 4 1 0.893256
2 0 0 0.902144
3 0 0 0.899803

1
1 0 0 0.885474

3
1 2 4 0.862467
2 0 0 0.832932
3 0 0 1.06575

3
1 6 3700 0.843709
2 0 0 0.8636
3 0 0 0.863523

3
1 6 5171 0.783702
2 0 0 0.794552
3 0 0 0.883481

3
1 0 9666 0.84198
2 0 0 0.835595
3 0 0 0.873382

3
1 6 2878 0.857416
2 0 0 0.910886
3 0 0 0.887123

5
1 5 1 0.830159
2 0 0 0.969608
3 6 4836 0.957277
6 0 0 0.918759
7 0 0 0.997852

1
1 0 0 0.793274

1
1 0 0 0.796287

3
1 1 1 0.93448
2 0 0 0.852388
3 0 0 0.640678

3
1 5 1 0.827947
2 0 0 1.04763
3 0 0 0.878431

1
1 0 0 0.8644

3
1 5 1 0.882561
2 0 0 0.966579
3 0 0 0.781962

3
1 6 2651 0.918434
2 0 0 1.03336
3 0 0 0.903278

1
1 0 0 0.95655

5
1 5 1 0.887529
2 0 0 0.954154
3 6 3263 0.875873
6 0 0 0.762842
7 0 0 0.97346

3
1 2 4 0.862774
2 0 0 0.903181
3 0 0 0.945087

1
1 0 0 0.923699

5
1 1 1 0.922067
2 0 0 1.01115
3 1 2 0.904583
6 0 0 0.719354
7 0 0 0.897773

3
1 4 1 0.932519
2 0 0 0.799116
3 0 0 0.974631

3
1 5 1 0.870032
2 0 0 0.908357
3 0 0 0.889957

1
1 0 0 0.816761

3
1 0 7912 0.910588
2 0 0 0.966165
3 0 0 0.931574

1
1 0 0 0.878147

3
1 1 1 0.824133
2 0 0 0.971962
3 0 0 0.831245

3
1 1 1 0.872518
2 0 0 1.00868
3 0 0 0.764134

1
1 0 0 0.809354

3
1 0 2838 0.859469
2 0 0 0.915164
3 0 0 0.926471

1
1 0 0 0.831664

3
1 1 1 0.854149
2 0 0 1.02137
3 0 0 0.922534

3
1 0 2853 0.83446
2 0 0 0.914617
3 0 0 0.885261

3
1 1 2 0.841121
2 0 0 0.842757
3 0 0 0.920205

3
1 4 1 0.90336
2 0 0 0.795557
3 0 0 0.945121

3
1 4 1 0.888694
2 0 0 0.877027
3 0 0 1.0128

3
1 6 5375 0.94218
2 0 0 0.916909
3 0 0 0.961759

3
1 0 2020 0.844532
2 0 0 0.894643
3 0 0 0.785768

3
1 0 468 0.832494
2 0 0 0.936831
3 0 0 0.820856

3
1 6 2100 0.903314
2 0 0 0.932746
3 0 0 0.949885

3
1 5 1 0.868995
2 0 0 1.0653
3 0 0 0.840985

1
1 0 0 0.798607

1
1 0 0 0.787101

3
1 5 1 0.871824
2 0 0 0.933457
3 0 0 0.764437

3
1 6 3515 0.849395
2 0 0 0.861507
3 0 0 0.934701

3
1 1 2 0.933255
2 0 0 0.845491
3 0 0 0.968911

3
1 6 5281 0.868633
2 0 0 0.854616
3 0 0 0.923599

3
1 6 1584 0.982646
2 0 0 0.932981
3 0 0 0.954024

3
1 4 1 0.891978
2 0 0 0.884555
3 0 0 0.977512

3
1 5 1 0.861155
2 0 0 0.973014
3 0 0 0.853161

3
1 6 315 0.797721
2 0 0 0.925577
3 0 0 0.80527

3
1 0 127 0.914663
2 0 0 0.932821
3 0 0 0.914785

1
1 0 0 0.858033

3
1 5 1 0.836583
2 0 0 0.954935
3 0 0 0.792839

1
1 0 0 0.837196

5
1 1 2 0.841223
2 1 1 0.857154
4 0 0 0.86184
5 0 0 0.888662
3 0 0 0.911274

3
1 5 1 0.898785
2 0 0 0.968524
3 0 0 0.820152

5
1 6 2304 0.867876
2 1 2 0.93428
4 0 0 1.04319
5 0 0 0.960857
3 0 0 0.783553

3
1 5 1 0.799734
2 0 0 0.94301
3 0 0 0.799263

1
1 0 0 0.886896

3
1 5 1 0.793083
2 0 0 0.888079
3 0 0 0.770723

3
1 0 3403 0.819752
2 0 0 0.970169
3 0 0 0.877549

3
1 5 1 0.882353
2 0 0 0.985643
3 0 0 0.714966

3
1 2 3 0.885391
2 0 0 0.737811
3 0 0 0.919977

1
1 0 0 0.742244

1
1 0 0 0.847458

3
1 4 1 0.874932
2 0 0 0.912259
3 0 0 0.903406

3
1 1 2 0.842787
2 0 0 0.77875
3 0 0 1.02051

5
1 1 2 0.866639
2 0 0 0.840027
3 0 6394 0.956787
6 0 0 1.01836
7 0 0 0.983411

3
1 5 1 0.887939
2 0 0 1.1274
3 0 0 0.757737

3
1 6 1385 0.853592
2 0 0 0.851284
3 0 0 0.762414

3
1 2 4 0.872698
2 0 0 0.759887
3 0 0 0.952835

5
1 0 9903 0.810681
2 0 0 0.826657
3 1 1 0.962597
6 0 0 0.930373
7 0 0 0.956199

1
1 0 0 0.718851

3
1 6 1512 0.964495
2 0 0 0.940961
3 0 0 0.972807

3
1 4 1 0.907439
2 0 0 0.901264
3 0 0 0.889007

3
1 5 1 0.967428
2 0 0 0.951307
3 0 0 0.958357

5
1 0 8243 0.846711
2 0 0 0.855897
3 1 2 0.935585
6 0 0 0.871488
7 0 0 0.892736

3
1 6 3936 0.992083
2 0 0 1.02277
3 0 0 0.954345

3
1 5 1 0.879399
2 0 0 0.981635
3 0 0 0.859425

3
1 4 1 0.866028
2 0 0 0.898913
3 0 0 0.979102

1
1 0 0 0.838142

3
1 0 696 0.900584
2 0 0 0.887045
3 0 0 0.848895

3
1 1 1 0.856891
2 0 0 1.14252
3 0 0 0.78682

3
1 2 4 0.918747
2 0 0 0.904572
3 0 0 0.991848

3
1 0 7906 0.906344
2 0 0 0.968608
3 0 0 0.98172

3
1 1 1 0.894158
2 0 0 0.897599
3 0 0 0.845189

1
1 0 0 0.816175

5
1 6 5324 0.904206
2 1 2 0.933716
4 0 0 0.858798
5 0 0 0.930156
3 0 0 0.935616

3
1 4 1 0.909652
2 0 0 0.887862
3 0 0 0.959289

5
1 0 3904 0.901031
2 0 0 0.991942
3 4 1 0.863975
6 0 0 0.883227
7 0 0 0.919655

3
1 4 1 0.906949
2 0 0 0.797506
3 0 0 0.913806

3
1 2 4 0.903931
2 0 0 0.894506
3 0 0 1.07052

5
1 1 1 0.814775
2 2 2 0.984745
4 0 0 1.0102
5 0 0 0.979304
3 0 0 0.811215

3
1 4 1 0.818544
2 0 0 0.815372
3 0 0 1.06041

1
1 0 0 0.698136

1
1 0 0 0.762095

1
1 0 0 0.88101

3
1 5 1 0.907032
2 0 0 0.994341
3 0 0 0.881093

3
1 5 1 0.893494
2 0 0 0.964139
3 0 0 0.820569

3
1 1 2 0.859924
2 0 0 0.847837
3 0 0 0.981953

3
1 5 1 0.879943
2 0 0 0.925327
3 0 0 0.9478

3
1 4 1 0.948154
2 0 0 0.848631
3 0 0 0.958122

3
1 1 1 0.922116
2 0 0 1.026
3 0 0 0.92799

3
1 2 2 0.93825
2 0 0 0.912331
3 0 0 0.9213

3
1 6 1771 0.999494
2 0 0 0.945632
3 0 0 0.957802

1
1 0 0 0.849778

1
1 0 0 0.823955

3
1 0 948 0.906426
2 0 0 1.00592
3 0 0 0.879437

1
1 0 0 0.748255

1
1 0 0 0.851618

3
1 6 2297 0.858106
2 0 0 0.911668
3 0 0 0.882237

3
1 1 1 0.913636
2 0 0 0.98001
3 0 0 0.806561

3
1 4 1 0.870085
2 0 0 0.828748
3 0 0 1.00276

3
1 6 1295 0.86831
2 0 0 0.871366
3 0 0 0.980419

3
1 1 1 0.784965
2 0 0 0.909416
3 0 0 0.792916

1
1 0 0 0.931696

3
1 5 1 0.969812
2 0 0 0.904021
3 0 0 0.657031

3
1 6 359 0.836459
2 0 0 0.908288
3 0 0 0.859212

1
1 0 0 0.818752

3
1 5 1 0.864415
2 0 0 1.06605
3 0 0 0.783317

1
1 0 0 0.802404

3
1 2 2 0.923447
2 0 0 0.952768
3 0 0 0.934281

1
1 0 0 0.85609

3
1 1 1 0.853779
2 0 0 0.970726
3 0 0 0.822554

1
1 0 0 0.789982

3
1 0 3996 0.915483
2 0 0 0.965329
3 0 0 1.01994

3
1 1 1 0.872518
2 0 0 0.836206
3 0 0 0.964779

3
1 1 2 0.877898
2 0 0 0.873931
3 0 0 1.01655

3
1 5 1 0.889362
2 0 0 0.934404
3 0 0 0.910736

1
1 0 0 0.691696

1
1 0 0 0.831958

3
1 1 1 0.836924
2 0 0 1.0501
3 0 0 0.861781

1
1 0 0 0.875867

3
1 2 3 0.869895
2 0 0 0.995831
3 0 0 0.944073

1
1 0 0 0.865857

3
1 1 1 0.881751
2 0 0 0.968775
3 0 0 0.806872

3
1 5 1 0.984228
2 0 0 0.995758
3 0 0 0.789494

1
1 0 0 0.805998

3
1 2 3 0.900733
2 0 0 0.895297
3 0 0 0.874941

3
1 1 1 0.820788
2 0 0 1.09535
3 0 0 0.880882

3
1 5 1 0.879853
2 0 0 1.09926
3 0 0 0.923693

1
1 0 0 0.80864

3
1 5 1 0.871824
2 0 0 0.963639
3 0 0 0.807131

5
1 6 2377 0.855086
2 1 1 0.906419
4 0 0 1.03899
5 0 0 0.985327
3 0 0 0.833732

1
1 0 0 0.971839

3
1 1 1 0.873249
2 0 0 0.921506
3 0 0 0.899528

3
1 5 1 0.821837
2 0 0 0.981219
3 0 0 0.795363

1
1 0 0 0.847629

3
1 4 1 0.921659
2 0 0 0.677636
3 0 0 1.08059

3
1 5 1 0.878288
2 0 0 1.01252
3 0 0 0.78645

3
1 4 1 0.871533
2 0 0 0.822019
3 0 0 1.11501

3
1 5 1 0.840167
2 0 0 1.06301
3 0 0 0.951517

3
1 1 2 0.821539
2 0 0 0.899227
3 0 0 1.0285

3
1 0 120 0.825581
2 0 0 1.02092
3 0 0 0.763935

3
1 0 3759 0.870031
2 0 0 1.06767
3 0 0 0.952023

5
1 6 930 0.884047
2 2 2 0.936496
4 0 0 1.003
5 0 0 0.973927
3 0 0 0.857171

3
1 6 1134 0.97514
2 0 0 0.971457
3 0 0 0.868281

1
1 0 0 0.8221

3
1 5 1 0.867026
2 0 0 1.04546
3 0 0 0.869194

5
1 6 5111 1.02496
2 1 1 1.00747
4 0 0 1.12907
5 0 0 0.852454
3 0 0 1.02397

3
1 1 1 0.921569
2 0 0 0.978351
3 0 0 0.829057

1
1 0 0 0.786225

3
1 6 4855 0.787983
2 0 0 0.828134
3 0 0 1.05628

3
1 4 1 0.769622
2 0 0 0.766406
3 0 0 0.946036

1
1 0 0 0.825533

7
1 5 1 0.82189
2 2 3 0.900903
4 2 1 0.936161
8 0 0 0.894142
9 0 0 1.10233
5 0 0 1.04991
3 0 0 0.790573

3
1 1 1 0.812375
2 0 0 0.906723
3 0 0 0.762174

3
1 4 1 0.869989
2 0 0 0.917501
3 0 0 1.0101

3
1 0 319 0.788873
2 0 0 0.939922
3 0 0 0.742642

1
1 0 0 0.873803

1
1 0 0 0.836766

3
1 2 2 0.887751
2 0 0 0.991584
3 0 0 0.905067

3
1 1 1 0.819927
2 0 0 0.838346
3 0 0 0.857605

1
1 0 0 0.721133

5
1 5 1 0.785661
2 6 293 0.93178
4 0 0 1.05934
5 0 0 0.907711
3 0 0 0.693899

3
1 5 1 0.840169
2 0 0 1.06959
3 0 0 0.761404

1
1 0 0 0.728787

3
1 0 2038 0.881469
2 0 0 0.962997
3 0 0 0.867108

3
1 6 644 0.854583
2 0 0 0.93336
3 0 0 0.850786

3
1 6 1344 0.857416
2 0 0 0.924637
3 0 0 0.758006

3
1 6 217 0.933489
2 0 0 0.972955
3 0 0 0.89919

3
1 6 3309 0.85529
2 0 0 0.947758
3 0 0 0.81643

3
1 2 3 0.867196
2 0 0 0.963479
3 0 0 1.02294

1
1 0 0 0.791891

3
1 5 1 0.897109
2 0 0 1.04225
3 0 0 0.871225

3
1 5 1 0.905334
2 0 0 0.901844
3 0 0 0.911876

1
1 0 0 0.832003

3
1 2 4 0.874765
2 0 0 0.829311
3 0 0 0.943592

3
1 1 2 0.967443
2 0 0 0.88447
3 0 0 1.01401

3
1 6 2989 0.883436
2 0 0 0.967348
3 0 0 1.02673

3
1 6 262 0.79072
2 0 0 1.10212
3 0 0 0.905462

3
1 0 7773 0.798263
2 0 0 0.839898
3 0 0 0.897482

1
1 0 0 0.836616

3
1 0 3990 0.887067
2 0 0 0.959566
3 0 0 0.926733

3
1 6 126 0.826181
2 0 0 0.989807
3 0 0 0.800952

3
1 0 8125 0.835523
2 0 0 0.84524
3 0 0 0.888097

3
1 5 1 0.852669
2 0 0 1.01397
3 0 0 0.925214

1
1 0 0 0.81459

3
1 5 1 0.857833
2 0 0 1.03378
3 0 0 0.78359

1
1 0 0 0.871299

1
1 0 0 0.85397

3
1 6 171 0.864846
2 0 0 1.00608
3 0 0 0.902121

1
1 0 0 0.988809

3
1 1 1 0.864483
2 0 0 1.02932
3 0 0 0.817978

1
1 0 0 0.883191

3
1 2 4 0.912759
2 0 0 0.741986
3 0 0 0.957478

3
1 5 1 0.904777
2 0 0 0.90807
3 0 0 0.785142

1
1 0 0 0.895553

3
1 6 1691 0.856614
2 0 0 0.903335
3 0 0 0.899824

3
1 1 1 0.959558
2 0 0 0.929857
3 0 0 0.809711

3
1 4 1 0.89753
2 0 0 0.870866
3 0 0 0.988974

7
1 0 6776 0.931887
2 2 3 0.935423
4 0 0 1.13306
5 0 0 0.922563
3 2 2 0.978043
6 0 0 0.963661
7 0 0 0.889618

3
1 0 7057 0.88504
2 0 0 1.03124
3 0 0 0.903822

3
1 2 3 0.838882
2 0 0 0.83257
3 0 0 0.866397

1
1 0 0 0.791584

3
1 2 3 0.865329
2 0 0 0.827795
3 0 0 0.879869

5
1 2 1 0.899485
2 5 1 0.949894
4 0 0 0.938556
5 0 0 0.922762
3 0 0 0.937155

3
1 6 2995 0.940108
2 0 0 0.977134
3 0 0 0.893369

1
1 0 0 0.72208

3
1 5 1 0.864415
2 0 0 0.910915
3 0 0 0.930693

1
1 0 0 0.789623

5
1 0 3347 0.820728
2 2 1 0.836536
4 0 0 1.02374
5 0 0 0.848616
3 0 0 0.845336

3
1 5 1 0.858495
2 0 0 0.992304
3 0 0 0.825537

1
1 0 0 0.851185

3
1 6 24 0.852501
2 0 0 0.941395
3 0 0 0.797114

3
1 5 1 0.906691
2 0 0 0.914035
3 0 0 0.697676

3
1 5 1 0.93713
2 0 0 1.01909
3 0 0 0.835136

3
1 1 2 0.996178
2 0 0 0.895004
3 0 0 0.994841

3
1 0 5310 0.995176
2 0 0 0.894111
3 0 0 0.944247

3
1 5 1 0.933425
2 0 0 0.94324
3 0 0 0.914036

1
1 0 0 0.858644

3
1 4 1 0.948972
2 0 0 0.889297
3 0 0 0.926824

1
1 0 0 0.807672

3
1 0 9261 0.889658
2 0 0 0.911975
3 0 0 0.914351

3
1 1 2 0.918513
2 0 0 0.880218
3 0 0 0.999282

1
1 0 0 0.866066

3
1 0 2413 0.793803
2 0 0 0.885286
3 0 0 0.816601

3
1 5 1 0.903652
2 0 0 0.957872
3 0 0 0.73456

3
1 6 3483 0.889506
2 0 0 0.867934
3 0 0 0.903264

3
1 1 1 0.820788
2 0 0 1.02876
3 0 0 0.827439

1
1 0 0 0.911852

3
1 1 1 0.866037
2 0 0 0.975116
3 0 0 0.894376

1
1 0 0 0.799534

9
1 5 1 0.826345
2 2 4 1.02861
4 6 3112 1.02432
8 0 0 0.978966
9 0 0 0.990977
5 0 0 0.951744
3 1 2 0.94293
6 0 0 0.857687
7 0 0 0.948438

3
1 1 1 0.908472
2 0 0 0.987575
3 0 0 0.844532

1
1 0 0 0.807739

5
1 1 1 0.966344
2 6 1278 0.95863
4 0 0 0.927298
5 0 0 0.867416
3 0 0 0.782098

1
1 0 0 0.890705

3
1 6 1900 0.828009
2 0 0 0.911275
3 0 0 0.87847

3
1 1 1 0.899174
2 0 0 0.982753
3 0 0 0.809816

1
1 0 0 0.826244

3
1 5 1 0.945038
2 0 0 1.04471
3 0 0 0.889457

3
1 1 2 0.821539
2 0 0 0.906106
3 0 0 0.965655

1
1 0 0 0.898441

3
1 2 2 0.952477
2 0 0 0.913543
3 0 0 0.889178

3
1 6 2222 0.889338
2 0 0 1.05383
3 0 0 0.830951

3
1 4 1 0.859388
2 0 0 0.845196
3 0 0 0.92906

3
1 1 2 0.897787
2 0 0 0.812047
3 0 0 1.11356

3
1 4 1 0.919755
2 0 0 0.875329
3 0 0 0.96114

3
1 2 2 0.929395
2 0 0 0.881593
3 0 0 0.869816

3
1 0 297 0.895701
2 0 0 1.05357
3 0 0 0.874723

3
1 5 1 0.863772
2 0 0 0.923483
3 0 0 0.834846

3
1 2 4 0.835902
2 0 0 0.836026
3 0 0 0.830636

3
1 0 7185 0.880026
2 0 0 0.83719
3 0 0 0.920988

3
1 1 2 0.887984
2 0 0 0.8449
3 0 0 1.00178

5
1 6 686 0.900603
2 2 1 1.02429
4 0 0 0.901994
5 0 0 1.0759
3 0 0 0.898987

3
1 1 1 0.812375
2 0 0 0.965034
3 0 0 0.912471

3
1 1 1 0.86574
2 0 0 0.905889
3 0 0 0.817987

1
1 0 0 0.840521

3
1 4 1 0.883212
2 0 0 0.892637
3 0 0 0.868295

1
1 0 0 0.765607

3
1 4 1 0.828008
2 0 0 0.833852
3 0 0 0.923316

3
1 5 1 0.928111
2 0 0 1.0614
3 0 0 0.775003

3
1 2 4 0.731817
2 0 0 0.709472
3 0 0 0.849108

1
1 0 0 0.828309

3
1 5 1 0.840169
2 0 0 1.07902
3 0 0 0.878089

3
1 5 1 0.826542
2 0 0 0.979775
3 0 0 0.814351

3
1 5 1 0.8009
2 0 0 0.8961
3 0 0 0.855835

1
1 0 0 0.765366

1
1 0 0 0.787061

1
1 0 0 0.807399

5
1 1 1 0.873298
2 2 3 1.02017
4 0 0 0.993779
5 0 0 1.02727
3 0 0 0.700952

3
1 6 5396 0.826677
2 0 0 0.827948
3 0 0 1.00182

3
1 5 1 0.813818
2 0 0 0.969329
3 0 0 0.859547

3
1 5 1 0.831288
2 0 0 1.01327
3 0 0 0.809799

3
1 0 35 0.827067
2 0 0 0.961667
3 0 0 0.745156

3
1 1 1 0.904082
2 0 0 1.14781
3 0 0 0.832005

3
1 4 1 0.841387
2 0 0 0.798912
3 0 0 1.03013

3
1 2 3 0.869323
2 0 0 0.951015
3 0 0 0.818022

3
1 0 225 0.787672
2 0 0 1.04798
3 0 0 0.868155

5
1 0 50 0.872115
2 0 8 0.822298
4 0 0 1.08011
5 0 0 0.94932
3 0 0 0.856366

5
1 2 3 0.887667
2 0 0 0.798694
3 1 2 0.948995
6 0 0 0.980182
7 0 0 1.00405

3
1 0 8844 0.946683
2 0 0 0.935109
3 0 0 1.0017

1
1 0 0 0.931639

1
1 0 0 0.894102

3
1 1 2 0.884497
2 0 0 0.826425
3 0 0 0.873224

1
1 0 0 0.779611

3
1 5 1 0.897799
2 0 0 1.02534
3 0 0 0.830207

1
1 0 0 0.898335

1
1 0 0 0.85289

3
1 1 1 0.972346
2 0 0 0.94291
3 0 0 0.97591

5
1 1 2 0.875253
2 1 1 0.913739
4 0 0 1.17025
5 0 0 0.851321
3 0 0 0.969438

3
1 1 2 0.875813
2 0 0 0.850342
3 0 0 1.0551

1
1 0 0 0.814886

1
1 0 0 0.873606

3
1 0 9981 0.73617
2 0 0 0.827112
3 0 0 1.15142

3
1 2 4 0.861884
2 0 0 0.86024
3 0 0 0.968417

5
1 6 3448 0.833527
2 0 0 0.926123
3 2 1 0.974962
6 0 0 0.983988
7 0 0 0.968335

5
1 5 1 0.882959
2 0 9350 0.963012
4 0 0 0.952574
5 0 0 1.05979
3 0 0 0.785964

1
1 0 0 0.986098

1
1 0 0 0.863752

3
1 1 2 0.899422
2 0 0 0.910229
3 0 0 1.09756

1
1 0 0 0.860639

1
1 0 0 0.752054

3
1 5 1 0.88217
2 0 0 1.00541
3 0 0 0.808653

3
1 0 5238 0.911647
2 0 0 0.943009
3 0 0 0.84201

3
1 1 2 0.846491
2 0 0 0.906168
3 0 0 1.04098

3
1 1 2 0.826476
2 0 0 0.806765
3 0 0 0.957052

5
1 0 5873 0.795827
2 6 5120 0.986635
4 0 0 0.93331
5 0 0 0.972605
3 0 0 0.823233

3
1 2 4 0.856678
2 0 0 0.923746
3 0 0 1.03015

3
1 6 2944 0.931769
2 0 0 1.11357
3 0 0 0.842396

1
1 0 0 0.786368

3
1 1 1 0.792201
2 0 0 0.793486
3 0 0 0.784669

3
1 5 1 0.898411
2 0 0 0.92507
3 0 0 0.902217

5
1 1 1 0.843405
2 0 5930 1.00283
4 0 0 1.04565
5 0 0 1.0635
3 0 0 0.752388

3
1 1 1 0.833384
2 0 0 0.917246
3 0 0 0.83774

1
1 0 0 0.739591

1
1 0 0 0.864373

1
1 0 0 0.756432

1
1 0 0 0.876758

3
1 1 1 0.947287
2 0 0 0.927222
3 0 0 0.857953

3
1 5 1 0.936673
2 0 0 0.940191
3 0 0 0.943941

1
1 0 0 0.928033

3
1 5 1 0.802804
2 0 0 0.906067
3 0 0 0.779428

3
1 6 4802 0.937344
2 0 0 0.921171
3 0 0 0.928679

1
1 0 0 0.806332

3
1 0 4348 0.910268
2 0 0 0.946703
3 0 0 0.849761

3
1 1 1 0.923732
2 0 0 1.02599
3 0 0 0.856197

3
1 5 1 0.948195
2 0 0 1.00324
3 0 0 0.853038

3
1 6 2279 0.912396
2 0 0 0.937504
3 0 0 0.917702

3
1 6 4711 0.859686
2 0 0 0.876036
3 0 0 0.990791

3
1 0 2575 0.909423
2 0 0 0.886302
3 0 0 0.896538

1
1 0 0 0.745186

3
1 5 1 0.826345
2 0 0 0.881059
3 0 0 0.843783

3
1 6 3522 0.83025
2 0 0 0.922162
3 0 0 0.818207

3
1 4 1 0.940814
2 0 0 0.856033
3 0 0 0.940408

3
1 0 7155 0.891991
2 0 0 0.898385
3 0 0 0.988053

5
1 0 2523 0.856049
2 2 3 0.980643
4 0 0 0.936808
5 0 0 0.892637
3 0 0 0.8744

3
1 6 508 0.857527
2 0 0 0.871174
3 0 0 0.951296

3
1 0 4114 0.924303
2 0 0 0.940896
3 0 0 1.01199

1
1 0 0 0.743293

3
1 0 1071 0.785591
2 0 0 0.932586
3 0 0 0.804422

3
1 5 1 0.966549
2 0 0 0.962721
3 0 0 0.748399

3
1 6 4812 0.884174
2 0 0 0.982701
3 0 0 1.04149

3
1 5 1 0.875381
2 0 0 0.954483
3 0 0 0.938684

1
1 0 0 0.742945

3
1 5 1 0.863667
2 0 0 0.974978
3 0 0 0.755154

3
1 6 1917 0.912362
2 0 0 0.908439
3 0 0 1.00867

3
1 5 1 0.88232
2 0 0 0.930951
3 0 0 0.922869

3
1 5 1 0.928377
2 0 0 0.961284
3 0 0 0.780569

3
1 6 4701 0.952535
2 0 0 0.94585
3 0 0 0.887751

1
1 0 0 0.809793

3
1 6 2951 0.971661
2 0 0 1.04476
3 0 0 1.00663

1
1 0 0 0.897521

3
1 2 1 0.886411
2 0 0 0.945995
3 0 0 0.818625

5
1 5 1 0.938157
2 0 4451 1.03814
4 0 0 1.02654
5 0 0 0.997134
3 0 0 0.925886

3
1 6 2143 0.929069
2 0 0 0.951927
3 0 0 0.8305

3
1 4 1 0.816587
2 0 0 0.813234
3 0 0 1.02396

3
1 4 1 0.875748
2 0 0 0.808888
3 0 0 1.01117

3
1 6 1961 0.898742
2 0 0 0.934012
3 0 0 0.916696

3
1 5 1 0.895877
2 0 0 0.949753
3 0 0 0.821361

1
1 0 0 0.876321

3
1 2 4 0.807254
2 0 0 0.772086
3 0 0 0.924038

5
1 1 2 0.940422
2 6 506 0.932011
4 0 0 0.997833
5 0 0 0.945305
3 0 0 1.00413

7
1 6 5344 0.82569
2 0 0 0.815564
3 0 4534 0.922772
6 1 2 0.943181
12 0 0 1.05082
13 0 0 1.02281
7 0 0 0.982454

1
1 0 0 0.837629

1
1 0 0 0.843596

3
1 6 5089 0.800404
2 0 0 0.797241
3 0 0 1.01364

5
1 0 794 0.782985
2 0 0 0.949297
3 4 1 0.786075
6 0 0 0.755803
7 0 0 0.8661

1
1 0 0 0.851354

3
1 5 1 0.826344
2 0 0 0.973862
3 0 0 0.822444

5
1 5 1 0.850617
2 2 4 1.04199
4 0 0 1.08943
5 0 0 0.920968
3 0 0 0.800072

3
1 0 6896 0.794169
2 0 0 0.776976
3 0 0 0.968208

3
1 4 1 0.951456
2 0 0 0.92134
3 0 0 1.00161

3
1 5 1 0.831288
2 0 0 1.06007
3 0 0 0.666481

1
1 0 0 0.751184

3
1 1 1 0.904082
2 0 0 0.979453
3 0 0 0.674811

3
1 1 2 0.882806
2 0 0 0.910649
3 0 0 0.895603

3
1 5 1 0.911975
2 0 0 0.972041
3 0 0 0.714462

3
1 5 1 0.83574
2 0 0 0.890338
3 0 0 0.807619

5
1 4 1 0.877276
2 0 0 0.733021
3 2 4 1.15913
6 0 0 1.08085
7 0 0 1.10903

3
1 0 6769 0.906281
2 0 0 0.878269
3 0 0 0.816059

3
1 1 1 0.838719
2 0 0 0.807696
3 0 0 0.878326

3
1 6 1426 0.858345
2 0 0 0.979903
3 0 0 0.830469

3
1 6 3502 0.797814
2 0 0 0.925531
3 0 0 0.958731

3
1 6 3502 0.852047
2 0 0 0.836616
3 0 0 0.809969

3
1 2 4 0.894098
2 0 0 0.843892
3 0 0 0.902352

3
1 5 1 0.888995
2 0 0 1.0306
3 0 0 0.759669

3
1 2 3 0.884204
2 0 0 0.810775
3 0 0 0.928065

1
1 0 0 0.857986

3
1 5 1 0.803696
2 0 0 1.00168
3 0 0 0.973511

3
1 5 1 0.959559
2 0 0 1.0403
3 0 0 0.85117

1
1 0 0 0.932852

3
1 2 3 0.973058
2 0 0 0.863677
3 0 0 0.969535

1
1 0 0 0.9122

3
1 0 1542 0.910475
2 0 0 1.00779
3 0 0 0.856992

3
1 0 9410 0.916548
2 0 0 0.886515
3 0 0 0.951191

5
1 2 4 0.871697
2 0 0 0.883708
3 0 2597 0.978813
6 0 0 1.01469
7 0 0 1.01981

5
1 6 2483 0.909493
2 0 5280 0.947549
4 0 0 0.990639
5 0 0 0.93406
3 0 0 0.853156

3
1 1 2 0.852199
2 0 0 0.827062
3 0 0 0.905342

3
1 4 1 0.885517
2 0 0 0.794853
3 0 0 0.968596

7
1 5 1 0.920539
2 2 2 1.01213
4 0 0 1.05825
5 0 0 0.939489
3 2 1 0.969266
6 0 0 0.944485
7 0 0 0.985081

3
1 4 1 0.852494
2 0 0 0.801472
3 0 0 0.914199

3
1 0 59 0.779201
2 0 0 1.12045
3 0 0 0.81179

3
1 1 1 0.954248
2 0 0 1.06714
3 0 0 0.788999

3
1 5 1 0.90655
2 0 0 1.02599
3 0 0 0.806627

3
1 1 1 0.826817
2 0 0 0.971275
3 0 0 0.824537

1
1 0 0 0.893424

3
1 0 5242 0.902544
2 0 0 0.874011
3 0 0 0.905644

3
1 4 1 0.929483
2 0 0 0.913522
3 0 0 0.960369

3
1 6 2944 0.931769
2 0 0 0.911087
3 0 0 0.818028

3
1 6 1720 0.923693
2 0 0 0.946044
3 0 0 0.871833

1
1 0 0 0.795708

3
1 1 1 0.876281
2 0 0 1.04226
3 0 0 0.855272

3
1 1 1 0.915761
2 0 0 0.970397
3 0 0 0.931643

3
1 4 1 0.828329
2 0 0 0.813373
3 0 0 0.903314

3
1 4 1 0.890006
2 0 0 0.787523
3 0 0 0.958422

3
1 0 4244 0.829979
2 0 0 0.877356
3 0 0 0.817093

1
1 0 0 0.765807

3
1 4 1 0.854818
2 0 0 0.823034
3 0 0 0.926258

1
1 0 0 0.750553

1
1 0 0 0.835007

5
1 0 9066 0.873435
2 0 0 0.970822
3 0 9418 1.01265
6 0 0 0.920982
7 0 0 0.951661

1
1 0 0 0.868116

3
1 5 1 0.850594
2 0 0 1.03987
3 0 0 0.816707

3
1 2 4 0.870604
2 0 0 0.827987
3 0 0 0.898973

1
1 0 0 0.869974

3
1 4 1 0.797659
2 0 0 0.777649
3 0 0 0.952369

3
1 5 1 0.838162
2 0 0 0.94889
3 0 0 0.824844

3
1 5 1 0.862896
2 0 0 0.93486
3 0 0 0.847005

3
1 1 2 0.849869
2 0 0 0.882427
3 0 0 0.870709

1
1 0 0 0.841314

1
1 0 0 0.789572

3
1 6 3214 0.914222
2 0 0 0.949115
3 0 0 0.917817

3
1 1 1 0.856441
2 0 0 0.86752
3 0 0 0.873296

1
1 0 0 0.807733

3
1 0 3338 0.911818
2 0 0 0.933736
3 0 0 0.793772

1
1 0 0 0.762434

3
1 5 1 1.00513
2 0 0 1.02168
3 0 0 1.04531

5
1 1 2 0.905994
2 1 1 0.931835
4 0 0 1.22854
5 0 0 0.83727
3 0 0 1.04144

3
1 6 3724 0.880584
2 0 0 0.886195
3 0 0 0.918559

3
1 2 1 0.859429
2 0 0 0.872757
3 0 0 0.888829

3
1 1 2 0.836998
2 0 0 0.688106
3 0 0 0.926151

3
1 4 1 0.927933
2 0 0 0.925088
3 0 0 0.920428

3
1 1 1 0.919128
2 0 0 0.928649
3 0 0 0.791048

3
1 4 1 0.901802
2 0 0 0.866166
3 0 0 0.888535

3
1 0 2855 0.891968
2 0 0 0.944422
3 0 0 0.912104

1
1 0 0 0.817961

3
1 4 1 0.846338
2 0 0 0.806439
3 0 0 0.990156

5
1 2 3 0.997698
2 0 0 1.04645
3 2 4 0.978989
6 0 0 1.06451
7 0 0 0.923288

3
1 0 4903 0.925732
2 0 0 0.913533
3 0 0 0.812055

3
1 5 1 0.795699
2 0 0 0.92105
3 0 0 0.830535

3
1 6 2951 0.971661
2 0 0 0.94557
3 0 0 0.781315

3
1 2 4 0.902437
2 0 0 0.85974
3 0 0 0.988853

3
1 5 1 0.750153
2 0 0 0.93749
3 0 0 0.747511

3
1 5 1 0.788594
2 0 0 1.09657
3 0 0 0.855823

5
1 1 1 0.795707
2 0 0 0.946641
3 2 3 0.878097
6 0 0 0.872925
7 0 0 0.979373

1
1 0 0 0.722114

5
1 5 1 0.948771
2 0 8171 1.00159
4 0 0 1.00916
5 0 0 1.07557
3 0 0 0.764318

3
1 5 1 0.948814
2 0 0 0.974213
3 0 0 0.987165

3
1 6 844 0.931554
2 0 0 1.0387
3 0 0 0.951681

3
1 2 4 0.906077
2 0 0 0.892898
3 0 0 0.992549

3
1 6 3519 0.89697
2 0 0 0.934541
3 0 0 0.817025

3
1 6 2273 0.930793
2 0 0 0.966756
3 0 0 0.898494

3
1 5 1 0.825817
2 0 0 0.8705
3 0 0 0.897661

3
1 2 2 0.87028
2 0 0 1.00447
3 0 0 0.966355

3
1 1 1 0.85392
2 0 0 0.986723
3 0 0 0.793715

1
1 0 0 0.847824

5
1 6 2370 0.961544
2 0 0 0.899539
3 6 4592 0.8332
6 0 0 0.92813
7 0 0 0.99661

1
1 0 0 0.784488

1
1 0 0 0.862286

3
1 2 3 0.895534
2 0 0 0.889156
3 0 0 0.984582

1
1 0 0 0.756196

1
1 0 0 0.906828

3
1 5 1 0.896506
2 0 0 0.914657
3 0 0 0.688041

5
1 1 2 0.844349
2 0 9402 0.81936
4 0 0 0.804597
5 0 0 0.835007
3 0 0 1.03019

1
1 0 0 0.725278

1
1 0 0 0.850403

5
1 0 3851 0.961359
2 2 1 0.915912
4 0 0 0.969037
5 0 0 0.898042
3 0 0 0.947642

3
1 5 1 0.83574
2 0 0 1.08388
3 0 0 0.790722

1
1 0 0 0.733332

1
1 0 0 0.866

3
1 5 1 0.968944
2 0 0 1.02076
3 0 0 0.813239

3
1 1 2 0.946897
2 0 0 0.838651
3 0 0 0.898669

1
1 0 0 0.835326

3
1 2 3 0.823557
2 0 0 0.896347
3 0 0 0.856485

1
1 0 0 0.752084

5
1 1 1 0.866955
2 0 2630 0.922638
4 0 0 0.971011
5 0 0 0.870594
3 0 0 0.816955

3
1 0 5032 0.877612
2 0 0 0.876455
3 0 0 0.856807

1
1 0 0 0.991462

3
1 5 1 0.897848
2 0 0 0.929197
3 0 0 0.754024

5
1 5 1 0.896641
2 2 2 1.01146
4 0 0 0.936689
5 0 0 1.08249
3 0 0 0.777298

3
1 2 3 0.897966
2 0 0 0.908384
3 0 0 0.82094

1
1 0 0 0.821711

1
1 0 0 0.810549

5
1 2 4 0.912397
2 0 0 0.844572
3 0 5727 0.976606
6 0 0 0.863053
7 0 0 1.07435

3
1 1 2 0.901333
2 0 0 0.911052
3 0 0 0.932027

1
1 0 0 0.806399

3
1 6 4225 0.916686
2 0 0 0.924539
3 0 0 0.987111

3
1 0 880 0.924393
2 0 0 0.802167
3 0 0 0.934793

3
1 4 1 0.812323
2 0 0 0.842273
3 0 0 0.969659

3
1 2 3 0.957482
2 0 0 0.928372
3 0 0 0.859529

3
1 5 1 0.891357
2 0 0 1.02329
3 0 0 0.806032

5
1 6 3945 0.850015
2 0 7713 0.986082
4 0 0 0.987919
5 0 0 0.986586
3 0 0 0.933932

3
1 0 36 0.915428
2 0 0 1.14216
3 0 0 0.892814

7
1 1 1 0.925013
2 6 2485 0.954141
4 0 0 1.02357
5 0 0 0.910136
3 2 4 0.826496
6 0 0 0.852719
7 0 0 0.929567

3
1 2 2 0.903062
2 0 0 0.988164
3 0 0 0.892584

3
1 5 1 0.887617
2 0 0 0.912946
3 0 0 0.889917

3
1 0 2688 0.948361
2 0 0 1.02337
3 0 0 0.944259

3
1 0 1720 0.770851
2 0 0 0.971951
3 0 0 0.795928

1
1 0 0 0.76072

3
1 2 2 0.979328
2 0 0 0.946581
3 0 0 1.00086

3
1 1 2 0.937178
2 0 0 0.868303
3 0 0 1.00131

1
1 0 0 0.87157

5
1 0 5114 0.86433
2 0 0 0.79362
3 2 2 0.957679
6 0 0 0.981179
7 0 0 0.95485

1
1 0 0 0.864743

3
1 2 2 0.866466
2 0 0 0.804836
3 0 0 0.89706

1
1 0 0 0.812764

3
1 5 1 0.89362
2 0 0 0.983431
3 0 0 0.899657

3
1 5 1 0.889923
2 0 0 0.942901
3 0 0 0.816601

1
1 0 0 0.877128

3
1 5 1 0.887817
2 0 0 1.00987
3 0 0 0.795282

1
1 0 0 0.793224

1
1 0 0 0.781015

3
1 1 2 0.930927
2 0 0 0.946415
3 0 0 0.980728

1
1 0 0 0.875081

5
1 6 5076 0.882154
2 0 0 0.798304
3 6 5129 0.969577
6 0 0 1.10335
7 0 0 0.880393

3
1 5 1 0.890067
2 0 0 1.13049
3 0 0 0.769124

1
1 0 0 0.882281

7
1 4 1 0.844799
2 5 1 0.845918
4 0 0 0.961522
5 0 0 0.805254
3 0 1211 1.04659
6 0 0 1.02663
7 0 0 1.11835

3
1 1 2 0.819823
2 0 0 0.772321
3 0 0 1.02368

3
1 5 1 0.852579
2 0 0 1.08644
3 0 0 0.751456

1
1 0 0 0.745435

3
1 4 1 0.870909
2 0 0 0.842852
3 0 0 1.00666

3
1 0 7096 0.839397
2 0 0 0.875267
3 0 0 0.896416

1
1 0 0 0.801717

3
1 6 5347 0.840005
2 0 0 0.870482
3 0 0 0.935864

5
1 5 1 0.779892
2 2 2 1.003
4 0 0 0.926042
5 0 0 0.981096
3 0 0 0.819826

1
1 0 0 0.89114

3
1 0 9172 0.890149
2 0 0 0.928617
3 0 0 0.846207

1
1 0 0 0.705047

5
1 4 1 0.919574
2 0 0 0.794816
3 2 2 0.926083
6 0 0 0.999346
7 0 0 0.977397

3
1 6 4032 0.863766
2 0 0 0.884331
3 0 0 0.818699

3
1 2 1 0.891928
2 0 0 0.841677
3 0 0 0.937368

1
1 0 0 0.825807

3
1 2 3 0.942325
2 0 0 0.895649
3 0 0 0.967238

3
1 5 1 0.830921
2 0 0 0.985917
3 0 0 0.836949

3
1 2 3 0.913498
2 0 0 0.928652
3 0 0 0.945654

3
1 2 2 0.808085
2 0 0 0.960918
3 0 0 0.741538

3
1 1 1 0.845266
2 0 0 0.89939
3 0 0 0.84044

3
1 1 1 0.932279
2 0 0 0.96397
3 0 0 0.846466

3
1 4 1 0.91247
2 0 0 0.806119
3 0 0 0.978213

3
1 4 1 0.762311
2 0 0 0.742749
3 0 0 1.08334

5
1 2 4 0.890586
2 0 9796 0.886175
4 0 0 0.882813
5 0 0 0.870016
3 0 0 0.946134

5
1 5 1 0.827096
2 6 1538 1.03411
4 0 0 1.09872
5 0 0 0.954316
3 0 0 0.875754

5
1 5 1 0.788594
2 2 2 0.950994
4 0 0 0.92093
5 0 0 0.998298
3 0 0 0.850886

1
1 0 0 0.800749

3
1 5 1 0.877768
2 0 0 0.990807
3 0 0 0.870026

3
1 0 6027 0.958756
2 0 0 0.93561
3 0 0 0.834804

3
1 5 1 0.867609
2 0 0 1.06403
3 0 0 0.89392

3
1 1 1 0.961817
2 0 0 0.961219
3 0 0 0.952353

3
1 6 145 0.857642
2 0 0 1.05147
3 0 0 0.855745

3
1 1 1 0.868789
2 0 0 0.999287
3 0 0 0.886324

3
1 5 1 0.936079
2 0 0 0.99055
3 0 0 0.768038

1
1 0 0 0.726944

3
1 5 1 0.85672
2 0 0 0.945133
3 0 0 0.838602

3
1 6 1520 0.836781
2 0 0 0.940586
3 0 0 0.820851

1
1 0 0 0.79774

3
1 4 1 1.03036
2 0 0 0.814737
3 0 0 0.962259

5
1 2 2 0.912273
2 2 1 0.972181
4 0 0 0.878993
5 0 0 1.06221
3 0 0 0.917617

3
1 1 1 0.856183
2 0 0 0.964406
3 0 0 0.869468

3
1 5 1 1.01093
2 0 0 1.07718
3 0 0 0.873807

5
1 2 3 0.946629
2 0 0 0.91813
3 4 1 1.06201
6 0 0 0.995407
7 0 0 1.08894

3
1 4 1 0.905254
2 0 0 0.842115
3 0 0 1.07227

3
1 2 3 0.910305
2 0 0 0.924787
3 0 0 0.985506

1
1 0 0 0.926229

3
1 5 1 0.881071
2 0 0 0.901212
3 0 0 0.860334

1
1 0 0 0.869612

5
1 0 269 0.827973
2 2 1 0.976541
4 0 0 0.953129
5 0 0 1.11358
3 0 0 0.833235

3
1 4 1 0.865545
2 0 0 0.798513
3 0 0 0.987633

1
1 0 0 0.825706

1
1 0 0 0.790006

3
1 1 1 0.811686
2 0 0 1.01237
3 0 0 0.793373

1
1 0 0 0.823849

1
1 0 0 0.844176

3
1 5 1 0.759714
2 0 0 0.939366
3 0 0 0.792998

1
1 0 0 0.780249

1
1 0 0 0.751178

3
1 1 1 0.873934
2 0 0 1.04933
3 0 0 0.895407

1
1 0 0 0.797157

1
1 0 0 0.767755

3
1 6 5162 0.87642
2 0 0 0.846912
3 0 0 1.01327

1
1 0 0 0.797367

3
1 1 2 0.905426
2 0 0 0.878198
3 0 0 0.928294

3
1 1 1 0.858899
2 0 0 0.921376
3 0 0 0.835802

1
1 0 0 0.828863

5
1 0 6861 0.86778
2 0 0 0.825626
3 5 1 0.984991
6 0 0 1.01701
7 0 0 0.94053

3
1 5 1 0.911249
2 0 0 1.06802
3 0 0 0.825588

3
1 6 1448 0.837601
2 0 0 0.975419
3 0 0 0.925139

3
1 2 4 0.894533
2 0 0 0.853627
3 0 0 0.934937

3
1 0 97 0.701512
2 0 0 0.971392
3 0 0 0.697212

3
1 5 1 0.944511
2 0 0 0.976304
3 0 0 0.827395

3
1 0 321 0.919291
2 0 0 1.00493
3 0 0 0.919831

1
1 0 0 0.858042

3
1 0 2107 0.83491
2 0 0 0.962202
3 0 0 0.84223

3
1 0 84 0.826535
2 0 0 0.89817
3 0 0 0.78037

3
1 5 1 1.04769
2 0 0 1.2394
3 0 0 0.83741

5
1 1 1 0.774724
2 0 0 0.988215
3 1 2 0.826467
6 0 0 0.7829
7 0 0 0.953402

5
1 4 1 0.943231
2 0 0 0.885747
3 6 668 0.965716
6 0 0 0.958316
7 0 0 0.958169

3
1 6 5184 0.91848
2 0 0 0.877462
3 0 0 0.960548

5
1 4 1 0.960283
2 5 1 0.923793
4 0 0 1.11642
5 0 0 0.929107
3 0 0 0.965091

1
1 0 0 0.748175

5
1 0 2351 1.0127
2 6 4377 1.0355
4 0 0 1.04268
5 0 0 1.076
3 0 0 1.00387

3
1 6 1416 0.926384
2 0 0 1.0577
3 0 0 0.988319

1
1 0 0 0.896904

3
1 0 2557 0.93593
2 0 0 0.994683
3 0 0 0.913047

1
1 0 0 0.860079

3
1 4 1 0.889027
2 0 0 0.908155
3 0 0 1.03297

1
1 0 0 0.852204

3
1 5 1 0.90373
2 0 0 0.946177
3 0 0 0.827772

3
1 5 1 0.840525
2 0 0 1.11722
3 0 0 0.840147

3
1 6 2952 0.906723
2 0 0 1.08265
3 0 0 0.882823

1
1 0 0 0.732891

3
1 1 1 0.8906
2 0 0 1.03606
3 0 0 0.852388

1
1 0 0 0.724764

3
1 4 1 0.790673
2 0 0 0.764713
3 0 0 1.01262

3
1 6 4105 0.904684
2 0 0 0.931219
3 0 0 0.908842

3
1 1 1 0.847189
2 0 0 0.955311
3 0 0 0.851259

1
1 0 0 0.90332

3
1 5 1 0.940664
2 0 0 0.941548
3 0 0 0.851883

3
1 0 535 0.84459
2 0 0 0.874868
3 0 0 0.828713

1
1 0 0 0.821573

3
1 0 5690 0.922234
2 0 0 0.976571
3 0 0 0.887439

1
1 0 0 0.788021

3
1 5 1 0.859379
2 0 0 0.899587
3 0 0 0.894034

1
1 0 0 0.883775

1
1 0 0 0.835924

1
1 0 0 0.679099

3
1 6 5349 0.827382
2 0 0 0.875467
3 0 0 0.945372

1
1 0 0 0.94348

1
1 0 0 0.819996

3
1 0 3244 0.898206
2 0 0 0.832789
3 0 0 0.904011

3
1 6 3060 0.832498
2 0 0 0.982018
3 0 0 0.835128

1
1 0 0 0.739597

1
1 0 0 0.817515

3
1 4 1 0.93538
2 0 0 0.915254
3 0 0 0.947367

3
1 5 1 0.888416
2 0 0 1.04184
3 0 0 0.88874

3
1 5 1 0.867331
2 0 0 0.939405
3 0 0 0.80762

1
1 0 0 0.807462

3
1 5 1 0.932226
2 0 0 0.940855
3 0 0 0.869692

3
1 5 1 0.867445
2 0 0 0.910457
3 0 0 0.844089

1
1 0 0 0.864425

5
1 4 1 0.762311
2 5 1 0.833228
4 0 0 0.940479
5 0 0 0.936706
3 0 0 0.953819

1
1 0 0 0.857648

3
1 5 1 0.837568
2 0 0 0.925737
3 0 0 0.830395

5
1 1 2 0.843183
2 0 0 0.895961
3 0 5945 1.0246
6 0 0 1.05918
7 0 0 1.02335

3
1 1 1 0.838205
2 0 0 0.963197
3 0 0 0.775945

1
1 0 0 0.82486

5
1 6 4781 0.896778
2 0 0 0.901105
3 5 1 0.972631
6 0 0 0.934608
7 0 0 1.04808

1
1 0 0 0.849789

3
1 1 1 0.839041
2 0 0 0.820301
3 0 0 0.858175

5
1 0 8723 0.907962
2 0 0 0.818466
3 6 1628 0.971425
6 0 0 1.09809
7 0 0 1.05545

1
1 0 0 0.956105

5
1 5 1 0.975201
2 6 4941 0.943387
4 0 0 0.93744
5 0 0 1.01361
3 0 0 0.770177

3
1 0 3450 0.974479
2 0 0 0.948047
3 0 0 0.934537

3
1 4 1 0.896708
2 0 0 0.92091
3 0 0 1.00047

3
1 5 1 0.836196
2 0 0 1.04054
3 0 0 0.777163

3
1 2 1 0.918248
2 0 0 0.861126
3 0 0 0.876496

3
1 1 2 0.800775
2 0 0 0.856595
3 0 0 0.878617

5
1 2 2 0.92532
2 0 0 0.929718
3 1 2 0.916544
6 0 0 0.905833
7 0 0 0.995343

1
1 0 0 0.773543

3
1 0 1566 0.890273
2 0 0 1.05716
3 0 0 0.806838

3
1 5 1 0.923661
2 0 0 0.982646
3 0 0 0.868353

3
1 5 1 0.84407
2 0 0 0.947659
3 0 0 0.853955

1
1 0 0 0.939966

1
1 0 0 0.74223

3
1 1 2 0.891713
2 0 0 0.795156
3 0 0 0.997725

1
1 0 0 0.848818

3
1 6 419 0.936316
2 0 0 1.00218
3 0 0 0.889168

3
1 2 3 0.873723
2 0 0 1.06577
3 0 0 0.954552

1
1 0 0 0.945602

1
1 0 0 0.862845

5
1 5 1 0.857893
2 6 4704 1.0849
4 0 0 1.12855
5 0 0 1.10172
3 0 0 0.895377

3
1 5 1 0.889457
2 0 0 0.928153
3 0 0 0.85344

3
1 4 1 0.816651
2 0 0 0.839138
3 0 0 0.932677

3
1 5 1 0.859109
2 0 0 0.976623
3 0 0 0.730309

3
1 1 2 0.869296
2 0 0 0.719901
3 0 0 1.08621

3
1 5 1 0.881397
2 0 0 1.12639
3 0 0 0.823704

5
1 1 1 0.873934
2 6 561 1.00739
4 0 0 1.12754
5 0 0 1.07779
3 0 0 0.731158

3
1 0 4067 0.819091
2 0 0 0.852618
3 0 0 0.795012

3
1 5 1 0.840856
2 0 0 0.81472
3 0 0 0.802329

5
1 2 4 0.902177
2 0 8083 0.902674
4 0 0 0.885321
5 0 0 0.812892
3 0 0 0.992773

1
1 0 0 0.838893

1
1 0 0 0.766883

1
1 0 0 0.788909

1
1 0 0 0.78658

3
1 0 2285 0.911921
2 0 0 0.979912
3 0 0 0.878615

1
1 0 0 0.879967

3
1 0 7572 0.840353
2 0 0 0.830046
3 0 0 0.824752

1
1 0 0 0.8334

1
1 0 0 0.756229

3
1 4 1 0.84856
2 0 0 0.880545
3 0 0 0.99377

1
1 0 0 0.865597

1
1 0 0 0.860606

1
1 0 0 0.801657

3
1 6 251 0.868793
2 0 0 1.009
3 0 0 0.827193

5
1 5 1 1.04769
2 0 0 0.980756
3 6 253 0.821171
6 0 0 1.02816
7 0 0 0.778506

3
1 5 1 0.898761
2 0 0 0.94554
3 0 0 0.820799

5
1 6 2519 0.873314
2 2 4 0.97364
4 0 0 1.00112
5 0 0 0.940774
3 0 0 0.871865

1
1 0 0 0.714475

3
1 2 4 0.852564
2 0 0 0.864404
3 0 0 0.894023

3
1 2 4 1.00885
2 0 0 0.874334
3 0 0 0.97742

3
1 4 1 0.962829
2 0 0 0.841504
3 0 0 1.0125

3
1 0 91 0.913351
2 0 0 0.996474
3 0 0 0.908265

3
1 2 3 0.891002
2 0 0 0.879002
3 0 0 1.08657

5
1 6 1864 0.971116
2 5 1 0.942633
4 0 0 0.938885
5 0 0 0.89531
3 0 0 0.839215

3
1 0 8807 0.871545
2 0 0 0.977114
3 0 0 0.887862

3
1 1 1 0.91509
2 0 0 0.952007
3 0 0 0.790775

3
1 5 1 0.873134
2 0 0 0.992415
3 0 0 0.793368

1
1 0 0 0.89329

3
1 0 9760 0.871765
2 0 0 0.845389
3 0 0 0.985786

5
1 5 1 0.959996
2 0 0 1.02622
3 0 9405 0.943005
6 0 0 0.952489
7 0 0 0.941162

3
1 1 2 0.855032
2 0 0 0.857176
3 0 0 0.964876

3
1 5 1 0.965606
2 0 0 0.986928
3 0 0 0.901816

1
1 0 0 0.929365

3
1 5 1 0.891478
2 0 0 1.06281
3 0 0 0.865199

7
1 1 2 0.906106
2 0 0 0.863051
3 0 5510 1.12016
6 0 0 1.09891
7 2 1 0.941171
14 0 0 1.01568
15 0 0 1.00418

1
1 0 0 0.941971

3
1 4 1 0.933215
2 0 0 0.844808
3 0 0 1.03677

3
1 1 1 0.84411
2 0 0 0.883756
3 0 0 0.832539

3
1 5 1 0.865047
2 0 0 1.06721
3 0 0 0.683919

3
1 1 2 0.943031
2 0 0 0.822649
3 0 0 0.940544

3
1 6 867 0.92848
2 0 0 0.97133
3 0 0 0.919317

3
1 2 4 0.830857
2 0 0 0.869803
3 0 0 0.856113

3
1 6 2178 0.894623
2 0 0 1.00311
3 0 0 0.982903

1
1 0 0 0.829114

1
1 0 0 0.818289

7
1 6 2507 0.854518
2 0 0 0.959744
3 0 9637 0.819572
6 0 0 0.846526
7 5 1 0.920886
14 0 0 0.99129
15 0 0 0.973906

3
1 6 1616 0.899808
2 0 0 0.948866
3 0 0 0.937542

1
1 0 0 0.769592

1
1 0 0 0.889736

3
1 2 4 0.973317
2 0 0 0.888888
3 0 0 0.942435

3
1 4 1 0.846507
2 0 0 0.80716
3 0 0 0.941638

5
1 5 1 0.975199
2 0 0 0.995058
3 1 2 0.904721
6 0 0 0.745558
7 0 0 0.895096

3
1 5 1 0.883702
2 0 0 1.04882
3 0 0 0.824775

5
1 6 3449 0.88786
2 0 0 0.972175
3 6 5386 0.836042
6 0 0 0.899303
7 0 0 1.05971

1
1 0 0 0.770787

1
1 0 0 0.763263

3
1 1 2 0.842561
2 0 0 0.814691
3 0 0 0.884847

3
1 5 1 0.861708
2 0 0 0.937888
3 0 0 0.838784

1
1 0 0 0.804871

1
1 0 0 0.974691

3
1 1 1 1.0093
2 0 0 1.021
3 0 0 0.80482

1
1 0 0 0.830958

3
1 0 374 0.929577
2 0 0 1.00152
3 0 0 0.930493

3
1 1 1 0.871147
2 0 0 1.07776
3 0 0 0.826232

3
1 0 5465 0.905503
2 0 0 0.916542
3 0 0 0.901619

1
1 0 0 0.818214

1
1 0 0 0.860431

1
1 0 0 0.931923

1
1 0 0 0.88432

3
1 5 1 0.893674
2 0 0 1.00582
3 0 0 0.844341

1
1 0 0 0.776726

5
1 5 1 0.870768
2 2 3 0.983148
4 0 0 1.04084
5 0 0 0.914006
3 0 0 1.03342

5
1 6 639 0.851836
2 0 0 0.836978
3 6 5097 0.864358
6 0 0 0.842662
7 0 0 0.954797

3
1 1 2 0.81576
2 0 0 0.858868
3 0 0 0.808027

3
1 5 1 0.836196
2 0 0 0.957247
3 0 0 0.715277

3
1 4 1 0.922042
2 0 0 0.792714
3 0 0 0.916765

5
1 0 153 0.755638
2 5 1 1.11527
4 0 0 1.00974
5 0 0 0.998737
3 0 0 0.80146

1
1 0 0 0.8502

3
1 4 1 0.833836
2 0 0 1.06033
3 0 0 0.963128

3
1 1 2 0.797836
2 0 0 0.905061
3 0 0 0.930637

3
1 5 1 0.923661
2 0 0 0.999118
3 0 0 0.774766

5
1 0 3918 0.872287
2 0 0 0.905746
3 2 4 0.943494
6 0 0 0.843408
7 0 0 1.11831

5
1 5 1 0.859713
2 6 5359 0.932269
4 0 0 0.927618
5 0 0 0.968943
3 0 0 0.763528

3
1 1 1 0.874973
2 0 0 0.945689
3 0 0 0.867229

3
1 1 2 0.891713
2 0 0 0.818829
3 0 0 1.04934

7
1 0 7945 0.871249
2 0 0 0.991563
3 6 5295 0.907005
6 0 0 0.932134
7 1 2 1.0927
14 0 0 1.02865
15 0 0 0.949689

1
1 0 0 0.833713

3
1 2 4 0.924143
2 0 0 0.805095
3 0 0 0.906707

3
1 1 1 0.873805
2 0 0 1.1355
3 0 0 0.792921

5
1 5 1 0.877489
2 0 1460 0.960758
4 0 0 0.907284
5 0 0 1.00881
3 0 0 0.829133

5
1 2 3 0.888293
2 0 3145 0.94019
4 0 0 0.967739
5 0 0 0.943346
3 0 0 0.884715

5
1 0 3464 0.879472
2 6 108 0.879029
4 0 0 1.21642
5 0 0 0.839384
3 0 0 0.924939

3
1 4 1 0.854882
2 0 0 0.761181
3 0 0 1.02673

3
1 5 1 0.859109
2 0 0 0.898267
3 0 0 0.846952

3
1 0 4829 0.868418
2 0 0 1.02285
3 0 0 0.821342

3
1 5 1 0.881397
2 0 0 1.07518
3 0 0 0.76862

3
1 0 7369 0.92964
2 0 0 0.980516
3 0 0 0.832065

5
1 1 1 0.898929
2 0 0 1.02526
3 1 2 0.87611
6 0 0 0.791103
7 0 0 0.947843

3
1 4 1 0.813126
2 0 0 0.874037
3 0 0 0.809983

3
1 6 945 0.812885
2 0 0 0.950526
3 0 0 0.872818

3
1 1 1 0.817544
2 0 0 0.991249
3 0 0 0.763638

1
1 0 0 0.784349

1
1 0 0 0.789627

1
1 0 0 0.767506

1
1 0 0 0.805797

1
1 0 0 0.901326

3
1 5 1 0.816051
2 0 0 0.934273
3 0 0 0.891258

1
1 0 0 0.831158

3
1 6 123 0.812661
2 0 0 0.858027
3 0 0 0.771998

3
1 2 3 0.910254
2 0 0 0.832222
3 0 0 0.940967

1
1 0 0 0.7784

1
1 0 0 0.85809

3
1 6 3967 0.833394
2 0 0 0.897541
3 0 0 0.811064

3
1 6 442 0.788427
2 0 0 0.89644
3 0 0 0.749751

3
1 0 372 0.881256
2 0 0 0.92881
3 0 0 0.85217

3
1 0 9288 0.832638
2 0 0 0.825937
3 0 0 0.955846

3
1 4 1 0.878331
2 0 0 0.865004
3 0 0 0.977984

3
1 5 1 0.822967
2 0 0 0.932873
3 0 0 0.88402

3
1 0 1080 0.803222
2 0 0 0.927137
3 0 0 0.745085

1
1 0 0 0.874398

3
1 1 1 0.829405
2 0 0 1.03974
3 0 0 0.759129

3
1 1 2 0.917373
2 0 0 0.847975
3 0 0 1.15338

1
1 0 0 0.811449

3
1 0 4844 0.894476
2 0 0 0.808746
3 0 0 0.999146

5
1 0 1096 0.847998
2 4 1 0.967545
4 0 0 1.13648
5 0 0 1.08387
3 0 0 0.830653

3
1 4 1 0.875197
2 0 0 0.830228
3 0 0 0.932913

3
1 4 1 0.916544
2 0 0 0.8053
3 0 0 1.02731

3
1 2 2 0.893581
2 0 0 0.986218
3 0 0 0.821763

1
1 0 0 0.910687

3
1 1 1 0.776483
2 0 0 1.05725
3 0 0 0.868709

1
1 0 0 0.767262

3
1 6 327 0.897488
2 0 0 0.971491
3 0 0 0.924461

3
1 6 161 0.915429
2 0 0 1.00997
3 0 0 0.898832

3
1 5 1 0.891478
2 0 0 1.06722
3 0 0 0.791436

3
1 0 2213 0.900176
2 0 0 0.92377
3 0 0 0.821021

1
1 0 0 0.891488

5
1 0 2074 0.995093
2 6 3348 0.944214
4 0 0 1.0007
5 0 0 1.00084
3 0 0 1.01914

3
1 2 3 0.898566
2 0 0 0.838978
3 0 0 0.98785

7
1 6 1149 0.862008
2 6 819 0.951708
4 0 0 0.954451
5 0 0 0.94776
3 6 2996 0.977838
6 0 0 1.03155
7 0 0 0.89425

5
1 4 1 0.860072
2 0 0 0.808032
3 0 8484 1.06216
6 0 0 1.02194
7 0 0 1.0157

3
1 6 4847 0.844191
2 0 0 0.845045
3 0 0 0.952873

3
1 2 2 0.822301
2 0 0 0.907504
3 0 0 0.978586

3
1 0 332 0.862828
2 0 0 0.982074
3 0 0 0.839244

3
1 4 1 0.915641
2 0 0 0.849755
3 0 0 1.01878

1
1 0 0 0.818023

1
1 0 0 0.980192

3
1 6 542 0.908647
2 0 0 1.01431
3 0 0 0.882779

3
1 4 1 0.7934
2 0 0 0.793876
3 0 0 0.974891

1
1 0 0 0.872665

3
1 1 1 0.902329
2 0 0 1.16635
3 0 0 0.91798

3
1 2 2 0.904515
2 0 0 0.972001
3 0 0 0.91296

3
1 5 1 0.86798
2 0 0 0.959774
3 0 0 0.758483

5
1 6 3542 0.87269
2 5 1 0.978767
4 0 0 1.07893
5 0 0 0.927319
3 0 0 0.889078

1
1 0 0 0.854642

7
1 0 983 0.785903
2 0 0 1.0085
3 0 6442 0.929545
6 0 0 1.08739
7 6 679 0.870952
14 0 0 0.888754
15 0 0 0.938451

1
1 0 0 0.782796

1
1 0 0 0.833858

3
1 6 319 0.755316
2 0 0 0.917036
3 0 0 0.770794

3
1 4 1 0.874831
2 0 0 0.756655
3 0 0 1.0407

1
1 0 0 0.863744

1
1 0 0 0.873836

3
1 6 1495 0.819745
2 0 0 0.842744
3 0 0 0.811577

3
1 0 1684 0.873964
2 0 0 0.974032
3 0 0 0.833972

3
1 4 1 0.905178
2 0 0 0.798185
3 0 0 0.968891

1
1 0 0 0.740896

3
1 2 4 0.915802
2 0 0 0.952264
3 0 0 0.861311

3
1 6 765 0.865112
2 0 0 0.896182
3 0 0 0.889663

3
1 2 3 0.883282
2 0 0 0.879315
3 0 0 1.06907

1
1 0 0 0.911281

3
1 4 1 0.8627
2 0 0 0.850328
3 0 0 0.923914

5
1 0 9816 0.796871
2 0 0 0.799171
3 2 1 1.02503
6 0 0 0.939083
7 0 0 0.973237

5
1 2 4 0.860923
2 0 7523 0.890235
4 0 0 0.815801
5 0 0 0.942669
3 0 0 0.865694

3
1 1 1 0.897702
2 0 0 1.01094
3 0 0 0.798493

3
1 0 7499 0.969806
2 0 0 0.797593
3 0 0 0.896144

3
1 5 1 0.836196
2 0 0 1.01336
3 0 0 0.819849

5
1 4 1 0.910162
2 0 0 0.980207
3 2 3 1.10943
6 0 0 1.06806
7 0 0 1.17036

3
1 5 1 0.833697
2 0 0 0.96611
3 0 0 0.833983

3
1 6 1390 0.865687
2 0 0 0.908247
3 0 0 0.853776

3
1 6 5218 0.8819
2 0 0 0.857873
3 0 0 0.998975

3
1 5 1 0.852597
2 0 0 0.944008
3 0 0 0.916171

1
1 0 0 0.752584

1
1 0 0 0.811492

3
1 0 4267 0.881702
2 0 0 0.931761
3 0 0 0.921945

3
1 4 1 0.857894
2 0 0 0.835006
3 0 0 0.908189

3
1 1 1 0.813683
2 0 0 1.09002
3 0 0 0.868174

1
1 0 0 0.899186

3
1 5 1 0.833713
2 0 0 1.11289
3 0 0 0.825828

1
1 0 0 0.77311

3
1 4 1 0.898342
2 0 0 0.802808
3 0 0 0.962692

1
1 0 0 0.757522

3
1 4 1 0.929097
2 0 0 0.856578
3 0 0 1.02305

7
1 5 1 0.980294
2 0 0 0.974221
3 0 3273 0.848603
6 6 1523 0.970232
12 0 0 0.970014
13 0 0 1.00939
7 0 0 0.822224

3
1 1 1 0.892477
2 0 0 1.04215
3 0 0 0.79057

3
1 5 1 0.859109
2 0 0 0.985692
3 0 0 0.953491

3
1 6 5365 0.918753
2 0 0 0.884303
3 0 0 0.922194

3
1 0 806 0.986322
2 0 0 1.01461
3 0 0 0.896526

1
1 0 0 1.05325

3
1 5 1 0.858895
2 0 0 1.13683
3 0 0 0.832723

3
1 1 1 0.862567
2 0 0 1.01398
3 0 0 0.889683

3
1 5 1 0.859384
2 0 0 1.04383
3 0 0 0.878194

5
1 1 1 0.817544
2 0 0 1.01037
3 6 1416 0.837946
6 0 0 0.813692
7 0 0 0.78792

3
1 1 1 0.833494
2 0 0 0.907682
3 0 0 0.794103

1
1 0 0 0.786856

3
1 2 4 0.793279
2 0 0 0.753663
3 0 0 1.00351

1
1 0 0 0.901163

3
1 1 1 0.788652
2 0 0 1.01408
3 0 0 0.83522

1
1 0 0 0.743449

1
1 0 0 0.776482

3
1 5 1 0.957184
2 0 0 0.982123
3 0 0 0.820143

3
1 1 1 0.775593
2 0 0 0.926861
3 0 0 0.885747

3
1 0 7374 0.729662
2 0 0 0.761802
3 0 0 0.810103

3
1 1 2 0.909939
2 0 0 0.809502
3 0 0 0.903649

1
1 0 0 0.800513

1
1 0 0 0.799922

3
1 6 594 0.884596
2 0 0 0.97545
3 0 0 0.926787

3
1 1 2 0.922355
2 0 0 0.864157
3 0 0 1.03514

3
1 4 1 0.72933
2 0 0 0.743448
3 0 0 0.754741

1
1 0 0 0.831632

3
1 0 9846 0.832701
2 0 0 0.862268
3 0 0 1.0164

3
1 0 3231 0.82432
2 0 0 0.967596
3 0 0 0.839935

3
1 5 1 0.925698
2 0 0 1.10626
3 0 0 0.859377

3
1 0 633 0.760295
2 0 0 0.961451
3 0 0 0.784046

3
1 1 1 0.906789
2 0 0 0.905063
3 0 0 0.828136

3
1 1 1 0.825593
2 0 0 0.849941
3 0 0 0.862908

3
1 6 5234 0.807696
2 0 0 0.800589
3 0 0 0.875638

1
1 0 0 0.884446

1
1 0 0 0.953215

5
1 1 1 0.84588
2 0 5785 0.902543
4 0 0 0.915485
5 0 0 0.884888
3 0 0 0.782528

5
1 5 1 0.901431
2 6 2992 0.962754
4 0 0 0.89973
5 0 0 0.96982
3 0 0 0.810876

1
1 0 0 0.874992

7
1 4 1 0.875882
2 0 0 0.764015
3 2 2 0.95348
6 0 0 0.907252
7 0 2272 0.968259
14 0 0 0.989592
15 0 0 0.90326

3
1 6 596 0.983832
2 0 0 0.956677
3 0 0 0.921042

7
1 0 4613 0.889589
2 4 1 0.844374
4 0 0 0.962043
5 0 0 0.983419
3 5 1 0.871097
6 0 0 0.976526
7 0 0 0.796088

5
1 1 2 0.857564
2 0 0 0.755079
3 0 7269 1.03194
6 0 0 0.976056
7 0 0 0.928182

1
1 0 0 0.777722

3
1 1 2 0.880665
2 0 0 0.808443
3 0 0 0.93277

3
1 6 4332 0.963041
2 0 0 1.0906
3 0 0 1.05142

3
1 5 1 0.884702
2 0 0 1.01942
3 0 0 0.862943

3
1 5 1 0.937232
2 0 0 1.01413
3 0 0 0.86631

3
1 6 274 0.799176
2 0 0 0.996599
3 0 0 0.77526

3
1 6 1331 0.927858
2 0 0 0.903036
3 0 0 0.950196

1
1 0 0 0.813936

3
1 6 109 0.91582
2 0 0 1.05248
3 0 0 0.895583

3
1 4 1 0.919763
2 0 0 0.899451
3 0 0 0.941331

3
1 4 1 0.794328
2 0 0 0.933643
3 0 0 1.02007

1
1 0 0 0.892937

3
1 0 2263 0.858078
2 0 0 0.911394
3 0 0 0.794361

5
1 0 3137 0.887604
2 0 0 0.946518
3 2 3 0.959695
6 0 0 0.92399
7 0 0 0.937723

1
1 0 0 0.844614

3
1 4 1 0.880172
2 0 0 0.845148
3 0 0 0.931674

3
1 0 122 0.800308
2 0 0 0.960978
3 0 0 0.839119

1
1 0 0 0.850245

1
1 0 0 0.79714

3
1 6 3701 0.972784
2 0 0 0.955895
3 0 0 1.06409

9
1 2 2 0.991496
2 4 1 1.01033
4 0 0 0.940523
5 0 0 0.828868
3 4 1 0.979818
6 0 8563 0.931017
12 0 0 0.945466
13 0 0 0.883691
7 0 0 1.11951

5
1 0 3987 0.835523
2 5 1 0.843113
4 0 0 1.05457
5 0 0 0.857267
3 0 0 0.898942

5
1 4 1 0.934359
2 0 0 0.912332
3 0 82 1.03916
6 0 0 0.968509
7 0 0 1.00638

3
1 1 1 0.869915
2 0 0 0.911875
3 0 0 0.897083

5
1 5 1 0.912849
2 0 0 0.938455
3 2 4 0.855991
6 0 0 0.841373
7 0 0 0.927997

3
1 5 1 0.874067
2 0 0 0.962344
3 0 0 0.851914

3
1 5 1 0.88484
2 0 0 1.01491
3 0 0 0.877225

3
1 5 1 0.874466
2 0 0 0.932481
3 0 0 0.84046

3
1 6 89 0.828947
2 0 0 1.03597
3 0 0 0.752115

3
1 1 1 0.852582
2 0 0 1.05299
3 0 0 0.793117

5
1 1 2 0.849502
2 1 1 0.923934
4 0 0 0.961436
5 0 0 0.899143
3 0 0 0.90927

3
1 0 8054 0.875653
2 0 0 0.825447
3 0 0 0.96221

5
1 2 4 0.897281
2 5 1 0.897948
4 0 0 0.965221
5 0 0 0.823904
3 0 0 0.964666

1
1 0 0 0.736463

3
1 5 1 0.838202
2 0 0 0.871963
3 0 0 0.863046

1
1 0 0 0.750413

3
1 2 4 0.919306
2 0 0 0.912863
3 0 0 0.947367

3
1 0 689 0.94553
2 0 0 1.01479
3 0 0 0.862594

1
1 0 0 0.839573

3
1 5 1 0.910868
2 0 0 0.912166
3 0 0 0.91766

1
1 0 0 0.870851

3
1 4 1 0.786819
2 0 0 0.818877
3 0 0 0.978231

3
1 6 342 0.916751
2 0 0 1.10983
3 0 0 0.94021

3
1 0 595 0.820118
2 0 0 1.00507
3 0 0 0.853834

1
1 0 0 0.736308

3
1 6 4483 0.870149
2 0 0 1.06617
3 0 0 0.932283

1
1 0 0 0.908107

3
1 2 1 0.807793
2 0 0 0.964331
3 0 0 0.796593

1
1 0 0 0.847495

1
1 0 0 0.725408

3
1 5 1 0.970848
2 0 0 1.10687
3 0 0 0.895341

3
1 0 5865 0.881907
2 0 0 0.867932
3 0 0 0.848923

9
1 4 1 0.919231
2 1 1 0.939254
4 0 0 0.993216
5 0 0 1.00073
3 2 4 0.95464
6 0 0 1.09086
7 0 4951 1.03828
14 0 0 0.982709
15 0 0 1.13515

3
1 1 1 0.955461
2 0 0 0.856267
3 0 0 0.918468

3
1 5 1 0.87588
2 0 0 1.00071
3 0 0 0.877789

3
1 2 2 0.89952
2 0 0 0.966996
3 0 0 0.873857

3
1 5 1 0.834403
2 0 0 1.04146
3 0 0 0.763044

3
1 5 1 0.846233
2 0 0 0.96536
3 0 0 0.854141

3
1 4 1 0.822732
2 0 0 0.743675
3 0 0 1.01964

3
1 1 2 0.854826
2 0 0 0.774037
3 0 0 0.840378

5
1 6 2808 0.844365
2 4 1 0.883518
4 0 0 0.873126
5 0 0 1.05378
3 0 0 0.853249

3
1 6 4300 0.879158
2 0 0 0.940368
3 0 0 0.853322

3
1 1 1 0.864985
2 0 0 0.840293
3 0 0 0.747376

3
1 2 2 0.901168
2 0 0 0.902545
3 0 0 0.779979

3
1 1 1 0.824573
2 0 0 0.896044
3 0 0 0.790881

1
1 0 0 0.860064

3
1 1 1 0.817544
2 0 0 0.912576
3 0 0 0.785608

1
1 0 0 0.917945

5
1 0 2501 0.87432
2 1 1 0.990494
4 0 0 0.978857
5 0 0 0.977111
3 0 0 0.889487

1
1 0 0 0.899313

5
1 2 2 1.04136
2 0 0 0.81456
3 1 1 1.04985
6 0 0 1.01593
7 0 0 0.994146

3
1 0 7406 0.898458
2 0 0 1.00731
3 0 0 0.929151

7
1 6 1840 0.922878
2 0 0 1.04311
3 4 1 1.01378
6 0 0 0.981836
7 2 3 0.983575
14 0 0 1.04479
15 0 0 1.00139

1
1 0 0 0.787093

3
1 5 1 0.957184
2 0 0 1.00456
3 0 0 0.819768

3
1 0 4152 0.846904
2 0 0 0.855939
3 0 0 0.809077

1
1 0 0 0.847123

3
1 0 335 0.769256
2 0 0 1.07541
3 0 0 0.7469

5
1 6 2797 0.893392
2 1 1 0.930046
4 0 0 1.04421
5 0 0 0.809644
3 0 0 0.828729

3
1 1 1 0.809978
2 0 0 1.03976
3 0 0 0.843487

1
1 0 0 0.826547

3
1 4 1 0.926225
2 0 0 0.795555
3 0 0 1.02685

3
1 1 2 0.928189
2 0 0 0.764615
3 0 0 0.968999

3
1 1 2 0.898486
2 0 0 0.907982
3 0 0 0.927636

1
1 0 0 0.850068

3
1 1 1 0.900148
2 0 0 0.969309
3 0 0 0.852996

3
1 5 1 0.770357
2 0 0 1.04477
3 0 0 0.733817

3
1 2 3 0.863927
2 0 0 0.855541
3 0 0 0.988459

1
1 0 0 0.808844

3
1 1 1 0.935245
2 0 0 1.11003
3 0 0 0.812788

1
1 0 0 0.783394

3
1 1 1 0.996596
2 0 0 0.897169
3 0 0 0.754674

3
1 0 2808 0.911076
2 0 0 0.991429
3 0 0 0.937036

3
1 0 289 0.771222
2 0 0 0.926989
3 0 0 0.805712

3
1 1 1 0.843757
2 0 0 1.01487
3 0 0 0.749048

1
1 0 0 0.890371

1
1 0 0 0.840856

3
1 5 1 0.824458
2 0 0 0.996895
3 0 0 0.802403

1
1 0 0 0.874342

1
1 0 0 0.867538

1
1 0 0 0.862992

3
1 1 2 0.902947
2 0 0 0.917055
3 0 0 1.02353

1
1 0 0 0.797813

1
1 0 0 0.802754

1
1 0 0 0.802751

1
1 0 0 0.767661

7
1 0 343 0.94588
2 6 4860 1.17544
4 0 0 0.903889
5 0 214 1.08019
10 0 0 1.0039
11 0 0 1.0362
3 0 0 0.853138

1
1 0 0 0.863841

1
1 0 0 0.751394

1
1 0 0 0.862976

3
1 1 1 0.905888
2 0 0 0.888904
3 0 0 0.633801

3
1 1 2 0.825772
2 0 0 0.831468
3 0 0 0.924136

3
1 0 5684 0.902518
2 0 0 0.868127
3 0 0 0.906559

1
1 0 0 0.766147

3
1 4 1 0.919451
2 0 0 0.800763
3 0 0 1.02136

3
1 5 1 0.935904
2 0 0 1.11448
3 0 0 0.952024

3
1 2 4 0.913097
2 0 0 0.896343
3 0 0 0.828797

3
1 4 1 0.882005
2 0 0 0.931424
3 0 0 0.924067

3
1 5 1 0.965166
2 0 0 1.03009
3 0 0 0.864576

1
1 0 0 0.794823

1
1 0 0 0.87951

3
1 6 3828 0.900339
2 0 0 0.930656
3 0 0 0.931856

3
1 4 1 0.961226
2 0 0 0.744836
3 0 0 0.900006

3
1 5 1 0.852218
2 0 0 1.01354
3 0 0 0.778185

5
1 2 3 0.913652
2 0 0 0.875985
3 6 4466 0.942615
6 0 0 1.03587
7 0 0 0.916164

5
1 0 1957 0.798485
2 0 0 1.02936
3 6 2834 0.904452
6 0 0 0.969524
7 0 0 0.929085

5
1 6 4208 0.934409
2 4 1 0.9083
4 0 0 0.843878
5 0 0 0.969634
3 0 0 0.986848

3
1 6 2729 0.911387
2 0 0 0.819436
3 0 0 0.921829

3
1 2 1 0.801823
2 0 0 0.867295
3 0 0 0.862999

3
1 4 1 0.91189
2 0 0 0.873255
3 0 0 1.01646

3
1 5 1 0.850262
2 0 0 1.0229
3 0 0 0.892303

3
1 6 197 0.918228
2 0 0 1.04386
3 0 0 0.867075

3
1 0 1292 0.863578
2 0 0 0.955266
3 0 0 0.875799

3
1 6 2332 0.979896
2 0 0 0.992491
3 0 0 0.92866

3
1 6 2584 0.947759
2 0 0 0.946736
3 0 0 0.80913

1
1 0 0 0.859428

3
1 6 2606 0.831536
2 0 0 0.954082
3 0 0 0.856851

1
1 0 0 0.707656

1
1 0 0 0.804439

3
1 1 1 0.868609
2 0 0 0.998088
3 0 0 0.782775

3
1 6 728 0.840701
2 0 0 0.936307
3 0 0 0.767865

3
1 0 963 0.915967
2 0 0 1.1151
3 0 0 0.887902

3
1 1 1 0.862616
2 0 0 1.03716
3 0 0 0.840563

1
1 0 0 0.973636

1
1 0 0 0.752478

1
1 0 0 0.748748

1
1 0 0 0.899904

1
1 0 0 0.803028

5
1 2 3 0.902939
2 1 1 1.00298
4 0 0 1.01663
5 0 0 0.847453
3 0 0 0.846478

3
1 1 1 0.929758
2 0 0 1.02413
3 0 0 0.77861

5
1 5 1 0.864859
2 0 0 1.05779
3 6 2985 0.947596
6 0 0 0.944633
7 0 0 0.963879

3
1 0 9923 0.830817
2 0 0 0.933872
3 0 0 1.03993

3
1 5 1 0.897849
2 0 0 0.971821
3 0 0 0.830365

1
1 0 0 0.819816

3
1 5 1 0.909454
2 0 0 1.06594
3 0 0 0.893397

1
1 0 0 0.809549

3
1 0 7467 0.916991
2 0 0 0.905825
3 0 0 0.908841

3
1 1 1 0.921535
2 0 0 1.02969
3 0 0 1.00056

3
1 0 7124 0.856762
2 0 0 0.871247
3 0 0 1.01788

1
1 0 0 0.904396

3
1 4 1 0.941975
2 0 0 0.864275
3 0 0 1.14921

3
1 5 1 0.834134
2 0 0 0.975719
3 0 0 0.763338

3
1 4 1 0.938014
2 0 0 0.818058
3 0 0 1.01135

1
1 0 0 0.768399

3
1 5 1 0.941583
2 0 0 1.00451
3 0 0 0.833661

7
1 2 3 0.865358
2 0 2927 1.01293
4 0 0 1.0674
5 0 0 0.901391
3 6 3891 0.895311
6 0 0 1.02377
7 0 0 0.872206

1
1 0 0 0.841547

1
1 0 0 0.92601

3
1 6 5064 0.758941
2 0 0 0.740913
3 0 0 0.870276

1
1 0 0 0.758302

5
1 0 9166 0.826316
2 0 0 0.807159
3 0 9819 0.986282
6 0 0 1.05398
7 0 0 0.957036

3
1 5 1 0.832885
2 0 0 0.948731
3 0 0 0.929645

1
1 0 0 0.870179

1
1 0 0 0.783025

3
1 2 3 0.967505
2 0 0 0.980503
3 0 0 0.942531

3
1 0 9538 0.889045
2 0 0 0.948889
3 0 0 0.886091

3
1 2 4 0.917828
2 0 0 0.870486
3 0 0 1.12748

3
1 6 1753 0.897798
2 0 0 0.936939
3 0 0 0.80359

3
1 2 4 0.898146
2 0 0 0.891613
3 0 0 0.915061

3
1 4 1 0.866832
2 0 0 0.888029
3 0 0 1.06973

3
1 5 1 0.976284
2 0 0 0.982158
3 0 0 0.768385

3
1 0 562 0.927669
2 0 0 0.97369
3 0 0 0.90659

3
1 1 2 0.838304
2 0 0 0.828806
3 0 0 1.02428

3
1 6 2650 0.854045
2 0 0 0.868322
3 0 0 0.864186

3
1 1 1 0.944647
2 0 0 1.01414
3 0 0 0.824521

1
1 0 0 0.846215

3
1 6 112 0.832006
2 0 0 0.98792
3 0 0 0.822008

1
1 0 0 0.926215

1
1 0 0 0.897822

5
1 1 1 0.935245
2 2 3 0.889297
4 0 0 0.927919
5 0 0 0.91195
3 0 0 0.816514

1
1 0 0 0.844683

1
1 0 0 0.716092

1
1 0 0 0.806048

3
1 5 1 0.819295
2 0 0 1.02639
3 0 0 0.825361

1
1 0 0 0.87001

5
1 1 2 0.903649
2 0 0 0.917757
3 0 2245 0.909541
6 0 0 0.993557
7 0 0 0.934662

1
1 0 0 0.72334

1
1 0 0 0.872182

1
1 0 0 0.881862

1
1 0 0 0.790951

1
1 0 0 0.925891

3
1 4 1 0.879732
2 0 0 0.967657
3 0 0 0.893838

3
1 5 1 0.849406
2 0 0 0.96066
3 0 0 0.838957

1
1 0 0 0.850053

1
1 0 0 0.707532

5
1 1 1 0.836726
2 0 0 1.18357
3 1 2 0.857661
6 0 0 0.835221
7 0 0 0.97211

3
1 5 1 0.854535
2 0 0 0.9762
3 0 0 0.83965

3
1 6 2339 0.939042
2 0 0 0.933159
3 0 0 0.985387

3
1 6 3381 0.934732
2 0 0 0.840658
3 0 0 0.966591

3
1 6 3158 0.841729
2 0 0 1.07546
3 0 0 0.787934

3
1 1 1 0.88275
2 0 0 1.08459
3 0 0 0.879297

3
1 5 1 0.827887
2 0 0 1.07136
3 0 0 0.767132

1
1 0 0 0.744753

3
1 2 2 0.85409
2 0 0 0.924673
3 0 0 0.808752

1
1 0 0 0.784186

1
1 0 0 0.854436

3
1 2 4 0.871199
2 0 0 0.875167
3 0 0 0.98939

5
1 6 1074 0.874921
2 1 2 0.968229
4 0 0 1.08331
5 0 0 0.898514
3 0 0 0.820296

3
1 5 1 0.903918
2 0 0 0.910273
3 0 0 0.811019

3
1 5 1 0.816642
2 0 0 1.10962
3 0 0 0.93434

3
1 5 1 0.922441
2 0 0 0.895183
3 0 0 0.865648

1
1 0 0 0.757195

3
1 0 6270 0.860609
2 0 0 0.954731
3 0 0 1.01069

3
1 6 3913 0.88996
2 0 0 0.867431
3 0 0 1.01996

1
1 0 0 0.811865

3
1 6 196 0.875201
2 0 0 1.00005
3 0 0 0.837327

3
1 6 528 0.881715
2 0 0 0.930941
3 0 0 0.820788

1
1 0 0 0.88404

1
1 0 0 0.815878

1
1 0 0 0.837949

3
1 5 1 0.90309
2 0 0 0.957181
3 0 0 0.917945

3
1 1 2 0.864724
2 0 0 0.860606
3 0 0 1.02661

3
1 6 261 0.904656
2 0 0 1.09716
3 0 0 0.895219

1
1 0 0 0.9835

3
1 5 1 0.913511
2 0 0 0.966476
3 0 0 0.813691

5
1 6 4775 0.875484
2 0 0 0.835039
3 0 9687 1.01929
6 0 0 1.02027
7 0 0 0.9778

3
1 4 1 0.879268
2 0 0 0.869528
3 0 0 1.03278

1
1 0 0 0.91103

5
1 0 490 0.917784
2 2 4 1.00759
4 0 0 1.00313
5 0 0 0.947131
3 0 0 0.96029

3
1 5 1 0.828125
2 0 0 0.864136
3 0 0 0.794594

3
1 5 1 0.889789
2 0 0 0.91907
3 0 0 0.919123

3
1 1 1 0.851976
2 0 0 0.924203
3 0 0 0.842097

1
1 0 0 0.72709

1
1 0 0 0.798447

3
1 1 1 0.952883
2 0 0 0.994427
3 0 0 0.85886

3
1 2 4 0.926785
2 0 0 0.812901
3 0 0 0.979425

1
1 0 0 0.839835

3
1 0 4237 0.837396
2 0 0 0.977042
3 0 0 0.870041

3
1 1 1 0.919109
2 0 0 1.08206
3 0 0 0.826509

1
1 0 0 0.780579

1
1 0 0 0.804792

3
1 4 1 0.82362
2 0 0 0.872534
3 0 0 0.914634

3
1 5 1 0.922376
2 0 0 1.00298
3 0 0 0.880214

3
1 4 1 0.871346
2 0 0 0.745845
3 0 0 0.916375

3
1 1 1 0.885067
2 0 0 1.027
3 0 0 0.836514

1
1 0 0 0.849319

3
1 1 2 0.880589
2 0 0 0.864625
3 0 0 0.934035

3
1 0 2966 0.878286
2 0 0 0.910685
3 0 0 0.785699

5
1 5 1 0.865682
2 0 5088 0.969415
4 0 0 0.982017
5 0 0 0.966839
3 0 0 0.870652

3
1 5 1 0.891953
2 0 0 0.970462
3 0 0 0.838755

3
1 6 5164 0.837725
2 0 0 0.800243
3 0 0 0.899221

3
1 5 1 0.938712
2 0 0 1.01856
3 0 0 0.871212

5
1 4 1 0.883204
2 1 1 0.903254
4 0 0 0.865931
5 0 0 0.79372
3 0 0 0.948363

5
1 5 1 0.962383
2 0 2448 1.05883
4 0 0 0.939332
5 0 0 1.11701
3 0 0 0.894676

3
1 1 1 0.935933
2 0 0 0.89572
3 0 0 0.97407

1
1 0 0 0.942494

7
1 2 4 0.888429
2 6 1788 0.875698
4 0 0 0.958575
5 0 0 0.954667
3 1 2 0.965872
6 0 0 0.866549
7 0 0 0.939325

3
1 0 7983 1.00355
2 0 0 0.900278
3 0 0 0.958629

7
1 4 1 0.903647
2 5 1 0.927458
4 0 0 1.04941
5 0 0 0.89172
3 2 2 0.983246
6 0 0 0.875348
7 0 0 1.05375

1
1 0 0 0.756596

3
1 1 1 0.774177
2 0 0 1.05438
3 0 0 0.862068

3
1 1 1 0.806767
2 0 0 0.97201
3 0 0 0.829042

1
1 0 0 0.842134

3
1 1 1 0.889083
2 0 0 0.926993
3 0 0 0.842115

3
1 6 2434 0.876677
2 0 0 0.859365
3 0 0 0.896786

3
1 2 2 0.893259
2 0 0 0.977627
3 0 0 0.886835

1
1 0 0 0.716085

5
1 1 1 0.95906
2 0 0 0.832752
3 1 2 0.969073
6 0 0 0.837031
7 0 0 0.971569

3
1 2 2 0.878738
2 0 0 0.951683
3 0 0 0.854861

3
1 1 2 0.920722
2 0 0 0.854955
3 0 0 0.922479

5
1 2 1 0.908186
2 0 4031 0.924123
4 0 0 0.937594
5 0 0 1.04491
3 0 0 0.898193

3
1 1 1 0.854206
2 0 0 1.00021
3 0 0 0.867811

3
1 2 4 0.769451
2 0 0 0.830827
3 0 0 0.931899

1
1 0 0 0.756543

3
1 1 1 0.887215
2 0 0 1.02232
3 0 0 0.825687

3
1 0 1671 0.835656
2 0 0 0.996042
3 0 0 0.90447

3
1 5 1 0.860161
2 0 0 0.856229
3 0 0 0.806213

5
1 1 1 0.889002
2 0 0 1.05471
3 0 976 0.927976
6 0 0 1.05266
7 0 0 0.94453

3
1 5 1 0.886462
2 0 0 0.883142
3 0 0 0.890224

3
1 5 1 0.838248
2 0 0 0.9764
3 0 0 0.91197

3
1 6 2222 0.85354
2 0 0 0.971293
3 0 0 0.892879

3
1 1 1 0.861443
2 0 0 0.925479
3 0 0 0.790003

3
1 4 1 0.890544
2 0 0 0.782464
3 0 0 0.999265

3
1 2 1 0.891785
2 0 0 0.883228
3 0 0 0.938557

3
1 1 1 0.815715
2 0 0 1.05541
3 0 0 0.758554

3
1 1 2 0.90902
2 0 0 0.791172
3 0 0 0.932799

1
1 0 0 0.817003

3
1 1 1 0.920032
2 0 0 0.917163
3 0 0 0.710896

3
1 0 1700 0.838872
2 0 0 0.916647
3 0 0 0.846029

1
1 0 0 0.744641

1
1 0 0 0.764216

3
1 6 2266 0.870074
2 0 0 0.922341
3 0 0 0.916278

3
1 1 2 0.844642
2 0 0 0.82625
3 0 0 0.872934

3
1 6 2259 0.829468
2 0 0 0.943692
3 0 0 0.812009

3
1 1 2 0.858517
2 0 0 0.746735
3 0 0 1.13404

3
1 4 1 0.852707
2 0 0 0.815458
3 0 0 0.945764

3
1 2 3 0.885708
2 0 0 0.825781
3 0 0 0.991918

3
1 5 1 0.92526
2 0 0 0.946049
3 0 0 0.808282

1
1 0 0 0.879779

5
1 2 3 0.902076
2 5 1 0.787512
4 0 0 0.946484
5 0 0 0.807109
3 0 0 0.938781

3
1 4 1 0.938613
2 0 0 0.73499
3 0 0 0.893772

3
1 0 4884 0.906654
2 0 0 0.885498
3 0 0 0.995036

3
1 5 1 0.837809
2 0 0 0.967905
3 0 0 0.913068

3
1 5 1 0.820381
2 0 0 1.04608
3 0 0 0.897236

1
1 0 0 0.70962

3
1 5 1 0.832386
2 0 0 0.97543
3 0 0 0.878554

3
1 6 249 0.798191
2 0 0 1.07682
3 0 0 0.769857

3
1 2 4 0.81128
2 0 0 0.873839
3 0 0 0.805271

1
1 0 0 0.672185

3
1 6 43 0.801092
2 0 0 0.90439
3 0 0 0.826532

3
1 1 2 0.940972
2 0 0 0.893518
3 0 0 0.934296

3
1 6 1039 0.884592
2 0 0 0.912516
3 0 0 0.886131

3
1 1 2 0.899948
2 0 0 0.828884
3 0 0 0.978686

5
1 0 4416 0.855107
2 4 1 0.938192
4 0 0 0.906169
5 0 0 1.00208
3 0 0 0.93831

1
1 0 0 0.812876

1
1 0 0 0.797409

3
1 5 1 0.85105
2 0 0 1.08055
3 0 0 0.872294

3
1 0 9971 0.835297
2 0 0 0.873407
3 0 0 0.961384

3
1 5 1 0.888213
2 0 0 1.0466
3 0 0 0.830797

5
1 5 1 0.852579
2 0 0 1.05976
3 2 3 0.929265
6 0 0 0.945816
7 0 0 0.941418

3
1 5 1 0.854778
2 0 0 0.939882
3 0 0 0.745277

3
1 2 3 0.839942
2 0 0 0.784622
3 0 0 1.05329

3
1 0 7364 0.944805
2 0 0 0.934162
3 0 0 0.839355

3
1 1 1 0.81175
2 0 0 1.04614
3 0 0 0.88115

1
1 0 0 0.709294

3
1 5 1 0.908492
2 0 0 0.908254
3 0 0 0.885064

3
1 2 1 0.944002
2 0 0 0.96738
3 0 0 1.00851

3
1 0 1803 0.826307
2 0 0 0.937287
3 0 0 0.795271

3
1 4 1 0.882436
2 0 0 0.805195
3 0 0 1.01134

3
1 6 2351 0.854312
2 0 0 0.99114
3 0 0 0.980436

3
1 0 3748 0.908423
2 0 0 0.915013
3 0 0 0.953037

3
1 0 1301 0.906262
2 0 0 0.960362
3 0 0 0.88083

3
1 2 1 0.85286
2 0 0 0.869709
3 0 0 0.829062

3
1 6 3443 0.845149
2 0 0 0.931971
3 0 0 0.898458

3
1 6 213 0.838609
2 0 0 0.875558
3 0 0 0.862396

1
1 0 0 0.715391

3
1 0 5211 0.827501
2 0 0 0.814545
3 0 0 0.843252

3
1 6 5390 0.853282
2 0 0 0.928895
3 0 0 0.995927

3
1 1 2 0.919641
2 0 0 0.924878
3 0 0 0.976375

1
1 0 0 0.85865

7
1 0 5246 0.953417
2 2 4 0.980317
4 0 0 0.990106
5 4 1 1.00238
10 0 0 0.968435
11 0 0 0.992091
3 0 0 0.942978

3
1 1 1 0.851842
2 0 0 1.03242
3 0 0 0.764891

3
1 5 1 0.880894
2 0 0 0.8772
3 0 0 0.823207

3
1 1 1 0.886504
2 0 0 0.975457
3 0 0 0.772455

5
1 2 4 0.889038
2 5 1 0.849538
4 0 0 0.995433
5 0 0 0.818899
3 0 0 0.875468

1
1 0 0 0.874499

3
1 4 1 0.893287
2 0 0 0.76317
3 0 0 0.916343

3
1 4 1 0.842617
2 0 0 0.826679
3 0 0 0.932858

3
1 5 1 0.865682
2 0 0 1.07909
3 0 0 0.857842

3
1 4 1 0.898318
2 0 0 0.807229
3 0 0 1.11468

3
1 5 1 0.857426
2 0 0 1.04928
3 0 0 0.782728

1
1 0 0 0.728237

1
1 0 0 0.851424

1
1 0 0 0.833951

5
1 4 1 0.896883
2 0 0 0.825553
3 2 2 1.04344
6 0 0 1.16279
7 0 0 1.0079

1
1 0 0 0.87719

3
1 6 4091 0.872325
2 0 0 0.87529
3 0 0 0.854568

1
1 0 0 0.840263

3
1 1 2 0.837496
2 0 0 0.769988
3 0 0 0.952355

3
1 5 1 0.906003
2 0 0 0.960737
3 0 0 0.890894

1
1 0 0 0.861538

3
1 5 1 0.8182
2 0 0 0.98559
3 0 0 0.936186

3
1 6 4727 0.886449
2 0 0 0.926421
3 0 0 1.014

3
1 1 1 0.889083
2 0 0 0.923709
3 0 0 0.8344

3
1 0 224 0.98709
2 0 0 0.990626
3 0 0 0.832161

3
1 6 2558 0.865868
2 0 0 1.05086
3 0 0 0.87554

3
1 0 4729 0.897212
2 0 0 1.00592
3 0 0 0.941067

7
1 6 4966 0.870363
2 0 0 0.896097
3 5 1 0.925292
6 2 4 1.14695
12 0 0 1.01091
13 0 0 0.886467
7 0 0 0.99582

3
1 6 2878 0.825051
2 0 0 0.929458
3 0 0 0.879929

1
1 0 0 0.844953

5
1 5 1 0.782933
2 6 3921 0.97252
4 0 0 1.1903
5 0 0 0.987461
3 0 0 0.771893

3
1 1 1 0.854206
2 0 0 1.06661
3 0 0 0.750647

3
1 6 3551 0.86515
2 0 0 0.857493
3 0 0 0.832988

3
1 2 4 0.833071
2 0 0 0.84416
3 0 0 0.869669

3
1 5 1 0.894047
2 0 0 1.05147
3 0 0 0.890898

1
1 0 0 0.907568

3
1 6 37 0.837212
2 0 0 1.05667
3 0 0 0.803578

3
1 2 2 0.763911
2 0 0 0.823337
3 0 0 0.844883

1
1 0 0 0.775237

3
1 5 1 0.831274
2 0 0 1.00368
3 0 0 0.754617

1
1 0 0 0.859478

3
1 0 6945 0.943091
2 0 0 0.999783
3 0 0 0.947149

5
1 0 3898 0.925053
2 0 0 0.91571
3 6 4064 0.88465
6 0 0 0.856145
7 0 0 0.915131

3
1 0 804 0.847219
2 0 0 1.03172
3 0 0 0.784114

3
1 5 1 0.874927
2 0 0 0.955219
3 0 0 0.939216

3
1 0 5378 0.976056
2 0 0 0.932227
3 0 0 0.889269

5
1 4 1 0.859464
2 0 0 0.871776
3 2 4 0.956379
6 0 0 0.966958
7 0 0 1.02637

3
1 0 3820 0.921659
2 0 0 1.03414
3 0 0 0.931459

3
1 5 1 0.729305
2 0 0 0.932037
3 0 0 0.832014

1
1 0 0 0.793861

1
1 0 0 0.770358

1
1 0 0 0.836052

3
1 5 1 0.846991
2 0 0 1.03975
3 0 0 0.863801

3
1 6 4762 0.799154
2 0 0 0.772761
3 0 0 0.98859

1
1 0 0 0.75621

3
1 1 2 0.891967
2 0 0 0.860339
3 0 0 0.972677

3
1 1 1 0.869239
2 0 0 0.95766
3 0 0 0.844425

5
1 4 1 0.787706
2 2 2 0.875987
4 0 0 1.0021
5 0 0 0.850668
3 0 0 0.963023

5
1 2 4 0.848555
2 0 0 0.792064
3 0 7125 0.923279
6 0 0 0.86805
7 0 0 0.928642

3
1 6 2468 0.956528
2 0 0 0.992356
3 0 0 0.881021

3
1 6 657 0.92569
2 0 0 1.02346
3 0 0 1.0154

3
1 2 1 0.874429
2 0 0 0.890253
3 0 0 0.806098

5
1 0 8124 0.842908
2 2 3 0.924303
4 0 0 0.879562
5 0 0 1.01069
3 0 0 1.00594

5
1 1 1 0.873866
2 2 3 0.934762
4 0 0 0.970716
5 0 0 1.00682
3 0 0 0.863777

1
1 0 0 0.759235

1
1 0 0 0.866709

1
1 0 0 0.87397

1
1 0 0 0.901733

3
1 5 1 0.908707
2 0 0 0.895228
3 0 0 0.809083

1
1 0 0 0.796012

3
1 2 4 0.901979
2 0 0 0.842851
3 0 0 1.00757

1
1 0 0 0.74498

5
1 5 1 0.795893
2 2 4 0.983864
4 0 0 1.09096
5 0 0 1.01874
3 0 0 0.813544

1
1 0 0 0.894906

1
1 0 0 0.836248

1
1 0 0 0.789756

5
1 0 7848 0.897835
2 0 0 0.924931
3 1 2 0.865486
6 0 0 0.97239
7 0 0 0.988866

3
1 1 2 0.824092
2 0 0 0.769784
3 0 0 0.991765

3
1 6 5338 0.897587
2 0 0 0.903197
3 0 0 0.923861

5
1 1 1 0.81019
2 6 2895 1.04722
4 0 0 1.069
5 0 0 0.896713
3 0 0 0.913322

3
1 4 1 0.827895
2 0 0 0.827679
3 0 0 0.945427

1
1 0 0 0.776355

5
1 5 1 0.863859
2 0 0 0.922571
3 2 2 0.853932
6 0 0 0.986638
7 0 0 0.80774

3
1 5 1 0.8717
2 0 0 0.959367
3 0 0 0.822054

3
1 1 2 0.928401
2 0 0 0.886168
3 0 0 0.986858

3
1 5 1 0.908492
2 0 0 1.03054
3 0 0 0.915227

3
1 6 5179 0.806356
2 0 0 0.834486
3 0 0 0.873276

3
1 1 1 0.924745
2 0 0 0.972106
3 0 0 0.838909

3
1 5 1 0.918719
2 0 0 1.01735
3 0 0 0.818301

1
1 0 0 0.846802

1
1 0 0 0.857665

3
1 4 1 0.907961
2 0 0 0.817416
3 0 0 1.02843

3
1 0 263 0.938362
2 0 0 0.858344
3 0 0 0.879396

3
1 2 2 0.860081
2 0 0 0.80553
3 0 0 0.882821

1
1 0 0 0.799586

1
1 0 0 0.813992

1
1 0 0 0.920796

3
1 5 1 0.862929
2 0 0 1.02063
3 0 0 0.800924

3
1 5 1 0.854892
2 0 0 0.981585
3 0 0 0.854985

3
1 1 2 0.8606
2 0 0 0.837
3 0 0 0.943723

5
1 6 543 0.890401
2 0 0 0.928287
3 2 3 0.918819
6 0 0 0.96923
7 0 0 0.915723

5
1 5 1 0.872956
2 2 3 0.962146
4 0 0 1.05196
5 0 0 0.988793
3 0 0 0.821967

5
1 1 1 0.908623
2 6 1491 0.906775
4 0 0 0.89384
5 0 0 0.992691
3 0 0 0.822696

1
1 0 0 0.816198

5
1 6 3977 0.949572
2 0 2065 0.986796
4 0 0 0.953234
5 0 0 0.966242
3 0 0 0.994108

3
1 6 259 0.814898
2 0 0 1.03635
3 0 0 0.773694

3
1 5 1 0.887847
2 0 0 0.896967
3 0 0 0.931873

1
1 0 0 0.795867

1
1 0 0 0.882708

3
1 0 9266 0.835418
2 0 0 0.866627
3 0 0 0.848996

5
1 4 1 0.810261
2 0 0 0.862241
3 2 2 0.962728
6 0 0 0.943417
7 0 0 0.899076

3
1 0 546 0.824103
2 0 0 1.0298
3 0 0 0.769137

3
1 1 2 0.894108
2 0 0 0.747314
3 0 0 1.00556

1
1 0 0 0.900539

3
1 2 4 0.923078
2 0 0 0.870981
3 0 0 1.01378

3
1 0 9874 0.964624
2 0 0 0.94334
3 0 0 1.02466

3
1 0 6305 0.873042
2 0 0 0.934684
3 0 0 1.05066

3
1 1 1 0.84183
2 0 0 1.12465
3 0 0 0.758092

3
1 5 1 0.789593
2 0 0 0.993989
3 0 0 0.712012

3
1 4 1 0.951199
2 0 0 0.77856
3 0 0 1.00765

1
1 0 0 0.703163

3
1 0 8965 0.884287
2 0 0 0.91997
3 0 0 0.920761

1
1 0 0 0.803608

7
1 5 1 0.839742
2 2 4 0.89313
4 6 1657 0.9609
8 0 0 0.852526
9 0 0 0.965229
5 0 0 0.963387
3 0 0 0.901084

1
1 0 0 0.890723

9
1 6 1005 0.925371
2 6 716 0.869745
4 0 0 1.05825
5 0 0 0.949177
3 6 1640 0.955035
6 6 1243 1.05419
12 0 0 0.96863
13 0 0 0.997414
7 0 0 0.881532

3
1 4 1 0.927764
2 0 0 0.83474
3 0 0 0.965421

3
1 4 1 0.942415
2 0 0 0.898466
3 0 0 0.948118

7
1 0 2053 1.01338
2 1 1 1.06848
4 0 0 0.947119
5 0 0 1.03033
3 0 2126 0.980904
6 0 0 0.963656
7 0 0 0.910009

3
1 6 1086 0.882121
2 0 0 0.956012
3 0 0 0.965914

3
1 5 1 0.782933
2 0 0 1.09355
3 0 0 0.842538

3
1 4 1 0.968966
2 0 0 0.97903
3 0 0 0.979997

3
1 5 1 0.904173
2 0 0 0.927981
3 0 0 0.77328

3
1 1 1 0.934372
2 0 0 1.08079
3 0 0 0.769459

1
1 0 0 0.903142

3
1 1 1 0.830734
2 0 0 0.913865
3 0 0 0.841526

3
1 4 1 0.88874
2 0 0 0.832813
3 0 0 0.962857

3
1 0 591 0.906273
2 0 0 1.00428
3 0 0 0.735147

9
1 0 7892 1.03325
2 2 4 0.967892
4 0 0 0.982894
5 6 2612 0.980719
10 4 1 0.959294
20 0 0 0.98757
21 0 0 0.966748
11 0 0 0.899226
3 0 0 0.90102

1
1 0 0 0.675837

3
1 0 5423 0.909945
2 0 0 0.953801
3 0 0 0.990318

3
1 6 2516 0.983936
2 0 0 0.986498
3 0 0 0.963376

3
1 0 1372 0.882451
2 0 0 0.958274
3 0 0 0.940447

3
1 5 1 0.879383
2 0 0 1.00183
3 0 0 0.804318

3
1 1 1 0.782221
2 0 0 0.907366
3 0 0 0.755636

3
1 1 1 0.834249
2 0 0 0.960573
3 0 0 0.860479

3
1 2 1 0.855691
2 0 0 0.919468
3 0 0 0.989456

1
1 0 0 0.746201

1
1 0 0 0.947053

5
1 4 1 0.866182
2 6 4969 0.860527
4 0 0 0.958974
5 0 0 0.906764
3 0 0 0.895975

5
1 5 1 0.854772
2 0 2449 0.966648
4 0 0 0.913629
5 0 0 0.919094
3 0 0 0.813548

5
1 4 1 0.792831
2 0 0 0.89801
3 6 3635 1.03682
6 0 0 0.941866
7 0 0 0.991022

3
1 1 1 0.821911
2 0 0 0.919064
3 0 0 0.800268

3
1 6 57 0.872838
2 0 0 0.930519
3 0 0 0.861456

3
1 4 1 0.831117
2 0 0 0.810478
3 0 0 0.959691

1
1 0 0 0.682035

5
1 5 1 0.933753
2 0 0 0.996193
3 6 4442 0.847211
6 0 0 0.903508
7 0 0 0.769269

5
1 0 2046 0.91265
2 1 2 0.929669
4 0 0 0.900678
5 0 0 0.973171
3 0 0 0.826442

3
1 5 1 0.859087
2 0 0 0.955695
3 0 0 0.892197

3
1 2 1 0.802846
2 0 0 0.785221
3 0 0 0.872107

3
1 1 1 0.884696
2 0 0 0.959186
3 0 0 0.746857

3
1 6 4118 0.893317
2 0 0 0.840965
3 0 0 0.981801

1
1 0 0 0.79801

5
1 1 2 0.880501
2 0 2666 0.889364
4 0 0 0.855857
5 0 0 0.786494
3 0 0 0.951818

3
1 6 2670 0.815849
2 0 0 0.839817
3 0 0 0.820671

1
1 0 0 0.889992

1
1 0 0 0.719055

5
1 6 4656 0.871887
2 2 1 0.902755
4 0 0 1.01861
5 0 0 0.877593
3 0 0 0.887867

3
1 5 1 0.908707
2 0 0 0.988564
3 0 0 0.910806

3
1 5 1 0.864712
2 0 0 0.973419
3 0 0 0.788416

3
1 1 1 0.870984
2 0 0 0.880456
3 0 0 0.847685

3
1 0 4929 0.836368
2 0 0 0.95134
3 0 0 0.920569

1
1 0 0 0.815981

3
1 5 1 0.919753
2 0 0 0.98674
3 0 0 0.86878

5
1 6 4869 0.899922
2 6 120 0.924287
4 0 0 1.02399
5 0 0 0.978779
3 0 0 0.978655

3
1 2 4 0.839127
2 0 0 0.865224
3 0 0 0.973158

3
1 2 1 0.833775
2 0 0 0.895165
3 0 0 0.830304

3
1 6 5188 0.809034
2 0 0 0.836615
3 0 0 0.901566

1
1 0 0 0.697027

3
1 1 2 0.890859
2 0 0 0.836792
3 0 0 0.933432

5
1 5 1 0.876497
2 6 1988 0.992034
4 0 0 0.871444
5 0 0 1.02195
3 0 0 0.805022

5
1 6 1284 0.939609
2 6 636 0.918119
4 0 0 1.02668
5 0 0 1.01108
3 0 0 1.03461

3
1 0 9845 0.822182
2 0 0 0.811323
3 0 0 1.10075

1
1 0 0 0.842922

3
1 4 1 0.879739
2 0 0 0.827202
3 0 0 0.941996

1
1 0 0 0.778627

3
1 4 1 0.866107
2 0 0 0.837511
3 0 0 1.00815

5
1 5 1 0.924121
2 6 129 1.00283
4 0 0 1.0548
5 0 0 1.06585
3 0 0 0.788818

1
1 0 0 0.879125

3
1 1 1 0.944193
2 0 0 1.0476
3 0 0 0.90011

3
1 4 1 0.902394
2 0 0 0.881957
3 0 0 0.979045

3
1 1 2 0.933558
2 0 0 0.897553
3 0 0 0.979067

3
1 4 1 0.881104
2 0 0 0.910212
3 0 0 0.979255

3
1 6 357 0.967283
2 0 0 0.982987
3 0 0 0.814979

5
1 1 2 0.799867
2 0 0 0.869061
3 2 1 0.949278
6 0 0 0.895849
7 0 0 1.00611

1
1 0 0 0.834228

5
1 1 1 0.94632
2 0 7594 1.0483
4 0 0 0.982489
5 0 0 1.01296
3 0 0 0.815641

1
1 0 0 0.768569

5
1 6 3225 0.977644
2 0 0 0.824916
3 2 4 0.894394
6 0 0 0.84964
7 0 0 0.891417

3
1 1 1 0.840883
2 0 0 0.984788
3 0 0 0.8641

3
1 0 4995 0.912999
2 0 0 1.01177
3 0 0 0.882168

3
1 1 1 0.826632
2 0 0 0.942994
3 0 0 0.814527

3
1 6 3301 0.896196
2 0 0 0.903494
3 0 0 0.862625

5
1 0 7060 0.885219
2 0 0 0.872057
3 5 1 0.933534
6 0 0 0.934646
7 0 0 0.969512

1
1 0 0 0.808475

3
1 0 957 0.896133
2 0 0 1.03947
3 0 0 0.875812

3
1 2 4 0.8377
2 0 0 0.842932
3 0 0 0.963545

3
1 5 1 0.907983
2 0 0 0.935153
3 0 0 0.9286

3
1 1 1 0.843509
2 0 0 1.07696
3 0 0 0.738602

3
1 0 3239 0.946054
2 0 0 0.903608
3 0 0 0.915193

3
1 4 1 0.819589
2 0 0 0.895142
3 0 0 1.01611

1
1 0 0 0.760937

7
1 6 827 0.867158
2 0 0 0.918267
3 0 4698 0.907382
6 0 3462 0.929824
12 0 0 0.848002
13 0 0 1.13798
7 0 0 0.83354

3
1 6 3100 0.953327
2 0 0 0.89477
3 0 0 0.801623

3
1 0 1489 0.767578
2 0 0 1.04457
3 0 0 0.770073

5
1 1 2 0.868251
2 0 0 0.772978
3 2 4 0.986237
6 0 0 0.893442
7 0 0 0.94427

3
1 6 5254 0.856435
2 0 0 0.873808
3 0 0 0.886358

1
1 0 0 0.830478

3
1 1 1 0.827173
2 0 0 0.82097
3 0 0 0.898673

3
1 5 1 0.891813
2 0 0 0.939665
3 0 0 0.802147

3
1 1 2 0.848926
2 0 0 0.82477
3 0 0 1.00711

3
1 4 1 0.937173
2 0 0 0.945749
3 0 0 0.97804

1
1 0 0 0.810923

3
1 5 1 0.913822
2 0 0 0.963699
3 0 0 0.888849

3
1 0 6831 0.859658
2 0 0 0.862774
3 0 0 0.886996

5
1 0 9531 0.845854
2 0 0 0.871857
3 0 9621 0.871589
6 0 0 0.949415
7 0 0 1.05342

5
1 4 1 0.941113
2 0 0 0.946427
3 0 3164 0.919127
6 0 0 0.949981
7 0 0 0.849877

3
1 6 5220 0.747394
2 0 0 0.73692
3 0 0 0.968359

3
1 5 1 0.895749
2 0 0 1.05566
3 0 0 0.855423

1
1 0 0 0.841159

3
1 1 2 0.979725
2 0 0 0.880765
3 0 0 0.990209

1
1 0 0 0.92462

3
1 1 1 0.957859
2 0 0 0.953668
3 0 0 0.811228

3
1 5 1 0.936902
2 0 0 0.967648
3 0 0 0.930447

3
1 4 1 0.949442
2 0 0 0.903746
3 0 0 0.858956

3
1 2 2 0.907743
2 0 0 0.927592
3 0 0 0.965398

3
1 1 1 0.801426
2 0 0 0.976645
3 0 0 0.752588

3
1 1 1 0.841263
2 0 0 1.0626
3 0 0 0.758641

5
1 6 2665 0.967074
2 2 3 0.972739
4 0 0 0.829313
5 0 0 1.02773
3 0 0 0.77889

5
1 5 1 0.87414
2 0 0 0.940935
3 1 2 0.978452
6 0 0 1.00865
7 0 0 0.994405

3
1 5 1 0.842987
2 0 0 0.964833
3 0 0 0.712533

3
1 0 2529 0.871039
2 0 0 0.988115
3 0 0 0.932941

1
1 0 0 0.833697

3
1 4 1 0.900504
2 0 0 0.836347
3 0 0 0.99754

3
1 2 2 0.91586
2 0 0 0.929492
3 0 0 0.885945

3
1 1 1 0.834249
2 0 0 0.961543
3 0 0 0.827169

3
1 1 2 0.883919
2 0 0 0.871118
3 0 0 0.904399

3
1 4 1 0.872322
2 0 0 0.845469
3 0 0 0.960055

1
1 0 0 0.895992

3
1 1 1 0.894675
2 0 0 0.995131
3 0 0 0.723429

3
1 1 1 0.852242
2 0 0 0.992641
3 0 0 0.801236

3
1 4 1 0.938077
2 0 0 0.92191
3 0 0 0.944507

3
1 5 1 0.781475
2 0 0 1.00501
3 0 0 0.907966

5
1 2 4 0.894454
2 0 0 0.905581
3 6 4798 0.944249
6 0 0 0.944576
7 0 0 1.03045

3
1 4 1 0.843364
2 0 0 0.800375
3 0 0 0.981638

3
1 5 1 0.8765
2 0 0 1.03535
3 0 0 0.829673

3
1 5 1 0.926439
2 0 0 1.06166
3 0 0 0.793679

1
1 0 0 0.781429

5
1 5 1 0.922301
2 0 0 0.961396
3 6 5185 0.929915
6 0 0 0.886183
7 0 0 0.864024

3
1 5 1 0.86463
2 0 0 1.02622
3 0 0 0.815337

3
1 0 737 0.901877
2 0 0 1.0671
3 0 0 0.784634

3
1 0 6656 0.96619
2 0 0 0.973682
3 0 0 0.907997

5
1 6 5069 0.890554
2 2 3 0.92466
4 0 0 0.983016
5 0 0 0.977589
3 0 0 0.948541

3
1 0 299 0.824811
2 0 0 1.05179
3 0 0 0.877593

3
1 5 1 0.828
2 0 0 0.995019
3 0 0 0.833513

1
1 0 0 0.731231

3
1 5 1 0.858433
2 0 0 0.936794
3 0 0 0.760103

3
1 6 2852 0.924346
2 0 0 0.903272
3 0 0 1.03053

3
1 5 1 0.89455
2 0 0 0.952946
3 0 0 0.924572

1
1 0 0 0.790292

3
1 1 1 0.869763
2 0 0 0.89613
3 0 0 0.655148

3
1 1 2 0.866927
2 0 0 0.842246
3 0 0 0.965366

1
1 0 0 0.769804

5
1 1 2 0.892988
2 0 0 0.80085
3 6 293 1.0938
6 0 0 1.03603
7 0 0 0.987979

1
1 0 0 0.806179

3
1 2 1 0.950588
2 0 0 0.958514
3 0 0 0.947364

5
1 1 2 0.927167
2 0 0 0.894073
3 2 4 1.00662
6 0 0 1.10453
7 0 0 0.922744

3
1 1 2 0.923024
2 0 0 0.943849
3 0 0 0.999047

3
1 6 5329 0.876122
2 0 0 0.852127
3 0 0 0.953049

3
1 6 1268 0.889824
2 0 0 1.00404
3 0 0 0.801533

9
1 0 1890 0.947593
2 0 1772 0.927625
4 0 0 0.943012
5 0 0 1.16724
3 5 1 0.971586
6 0 0 1.0098
7 6 3200 0.941745
14 0 0 0.93755
15 0 0 0.99358

3
1 4 1 0.773445
2 0 0 0.873712
3 0 0 0.92263

1
1 0 0 0.716523

3
1 1 1 0.854648
2 0 0 0.918947
3 0 0 0.826693

1
1 0 0 0.855376

1
1 0 0 0.786736

3
1 4 1 0.930082
2 0 0 0.868879
3 0 0 0.976565

5
1 1 1 0.860891
2 0 3592 1.04961
4 0 0 1.00043
5 0 0 1.06712
3 0 0 0.820823

1
1 0 0 0.713555

3
1 1 1 0.856182
2 0 0 0.973926
3 0 0 0.807648

3
1 5 1 0.933811
2 0 0 1.04999
3 0 0 0.842784

5
1 1 2 0.885179
2 1 1 0.873411
4 0 0 0.919575
5 0 0 0.850412
3 0 0 0.912038

3
1 5 1 0.89937
2 0 0 0.875484
3 0 0 0.902504

1
1 0 0 0.88514

3
1 6 2012 0.837811
2 0 0 1.10902
3 0 0 0.986453

3
1 6 5334 0.78212
2 0 0 0.79269
3 0 0 1.02781

3
1 2 3 0.890426
2 0 0 0.872971
3 0 0 0.981733

3
1 0 3236 0.889758
2 0 0 0.944596
3 0 0 0.831494

5
1 5 1 0.903362
2 0 0 0.993804
3 0 2827 0.912172
6 0 0 0.899561
7 0 0 0.954589

1
1 0 0 0.808657

3
1 6 3534 0.833182
2 0 0 0.926763
3 0 0 0.870886

1
1 0 0 0.798644

1
1 0 0 0.812803

3
1 2 2 0.929049
2 0 0 0.958017
3 0 0 0.945916

3
1 6 2812 0.872933
2 0 0 1.04456
3 0 0 0.81506

1
1 0 0 0.845304

1
1 0 0 0.79212

5
1 4 1 0.935939
2 0 0 0.935134
3 6 3644 1.01522
6 0 0 0.958231
7 0 0 1.02947

7
1 2 1 0.90065
2 5 1 0.95748
4 6 1396 1.00532
8 0 0 1.19161
9 0 0 0.927735
5 0 0 0.966189
3 0 0 0.851152

1
1 0 0 0.886147

3
1 6 1474 0.885121
2 0 0 0.856392
3 0 0 0.874432

3
1 5 1 0.951605
2 0 0 1.07672
3 0 0 0.763988

5
1 1 1 0.807024
2 6 2842 0.908733
4 0 0 0.856629
5 0 0 0.945788
3 0 0 0.816511

3
1 2 1 0.978285
2 0 0 0.981643
3 0 0 0.940167

3
1 0 4662 0.861243
2 0 0 0.801084
3 0 0 0.920385

3
1 6 40 0.779715
2 0 0 0.959831
3 0 0 0.814433

3
1 2 4 0.898645
2 0 0 0.860159
3 0 0 1.06135

1
1 0 0 0.865762

3
1 5 1 0.813164
2 0 0 0.952517
3 0 0 0.810673

3
1 1 1 0.913587
2 0 0 0.928714
3 0 0 0.863285

3
1 2 3 0.942172
2 0 0 0.941562
3 0 0 1.00979

3
1 4 1 0.864659
2 0 0 0.829858
3 0 0 0.996232

3
1 5 1 0.83013
2 0 0 1.08278
3 0 0 0.817377

3
1 5 1 0.971736
2 0 0 1.00162
3 0 0 0.772902

3
1 5 1 0.865611
2 0 0 1.00518
3 0 0 0.70066

3
1 4 1 0.76605
2 0 0 0.813269
3 0 0 0.876126

3
1 0 264 0.771084
2 0 0 1.1213
3 0 0 0.670875

5
1 0 296 0.816926
2 4 1 0.957006
4 0 0 0.9649
5 0 0 0.907069
3 0 0 0.774643

1
1 0 0 0.907589

3
1 1 1 0.888304
2 0 0 1.05106
3 0 0 0.871467

3
1 2 3 0.891461
2 0 0 0.925937
3 0 0 0.917445

3
1 1 2 0.813156
2 0 0 0.836675
3 0 0 1.01015

3
1 4 1 0.85927
2 0 0 0.775945
3 0 0 1.01435

3
1 1 1 0.909357
2 0 0 1.00533
3 0 0 0.938368

3
1 2 4 0.789092
2 0 0 0.903684
3 0 0 0.895574

3
1 0 138 0.820175
2 0 0 1.05157
3 0 0 0.783892

1
1 0 0 0.956788

1
1 0 0 0.835261

5
1 6 5256 0.858152
2 0 0 0.821038
3 1 2 1.00103
6 0 0 1.0163
7 0 0 0.992964

1
1 0 0 0.817642

3
1 4 1 0.912615
2 0 0 0.799047
3 0 0 1.0577

3
1 1 2 0.93118
2 0 0 0.907564
3 0 0 0.959396

3
1 5 1 0.882145
2 0 0 1.0784
3 0 0 0.818838

3
1 0 1136 0.872197
2 0 0 0.978593
3 0 0 0.901749

1
1 0 0 0.94127

1
1 0 0 0.920042

3
1 5 1 0.823479
2 0 0 1.08139
3 0 0 0.888135

3
1 6 2834 0.865361
2 0 0 1.00042
3 0 0 0.802303

1
1 0 0 0.928724

1
1 0 0 0.729703

3
1 6 2349 0.879826
2 0 0 0.88842
3 0 0 0.956696

3
1 1 1 0.9721
2 0 0 0.907363
3 0 0 0.816839

3
1 0 281 0.798672
2 0 0 1.07407
3 0 0 0.84904

3
1 2 1 0.866961
2 0 0 0.88276
3 0 0 0.898449

5
1 4 1 0.843752
2 0 0 0.819664
3 6 3710 0.96465
6 0 0 1.01461
7 0 0 0.938938

5
1 2 3 0.890154
2 0 0 0.913422
3 6 4360 1.04203
6 0 0 0.951744
7 0 0 1.01743

5
1 1 1 0.873679
2 6 3990 0.931609
4 0 0 1.01404
5 0 0 0.995919
3 0 0 0.777928

3
1 2 3 0.847805
2 0 0 0.820963
3 0 0 0.895724

1
1 0 0 0.762297

3
1 0 40 0.855165
2 0 0 1.02457
3 0 0 0.853704

3
1 6 1160 0.915065
2 0 0 0.845769
3 0 0 0.914156

5
1 2 1 0.834424
2 6 5294 1.0121
4 0 0 0.990745
5 0 0 0.991286
3 0 0 0.93146

3
1 6 5386 0.791771
2 0 0 0.771083
3 0 0 1.00243

3
1 0 18 0.788774
2 0 0 0.881187
3 0 0 0.760905

1
1 0 0 0.825186

3
1 5 1 0.984432
2 0 0 0.968816
3 0 0 0.835737

3
1 5 1 0.858433
2 0 0 0.93298
3 0 0 0.846663

3
1 0 4574 0.867601
2 0 0 0.913091
3 0 0 0.861991

3
1 5 1 0.880424
2 0 0 0.940991
3 0 0 0.902499

3
1 5 1 0.952847
2 0 0 0.941254
3 0 0 0.843872

3
1 2 1 0.906195
2 0 0 0.951566
3 0 0 0.85645

3
1 6 168 0.809533
2 0 0 0.987288
3 0 0 0.79904

3
1 1 2 0.937594
2 0 0 0.936511
3 0 0 0.997503

1
1 0 0 0.773757

1
1 0 0 0.77394

3
1 5 1 0.906953
2 0 0 1.13037
3 0 0 0.87402

3
1 5 1 0.915954
2 0 0 1.06622
3 0 0 0.844477

3
1 5 1 0.88743
2 0 0 0.986143
3 0 0 0.832998

1
1 0 0 0.762331

1
1 0 0 0.873882

3
1 4 1 0.778597
2 0 0 0.824589
3 0 0 0.949269

3
1 4 1 0.899658
2 0 0 0.774427
3 0 0 0.922879

1
1 0 0 0.96285

5
1 6 5273 0.858179
2 0 8433 0.839947
4 0 0 0.909043
5 0 0 0.897528
3 0 0 1.01961

3
1 0 6020 0.922207
2 0 0 0.934676
3 0 0 0.951786

1
1 0 0 0.824792

3
1 1 2 0.887968
2 0 0 0.962648
3 0 0 0.984829

3
1 0 736 0.835268
2 0 0 0.963034
3 0 0 0.756672

1
1 0 0 0.88943

3
1 4 1 0.833758
2 0 0 0.852528
3 0 0 0.955342

3
1 5 1 0.933811
2 0 0 1.01654
3 0 0 0.794281

1
1 0 0 0.912581

1
1 0 0 0.874675

1
1 0 0 0.756436

3
1 1 1 0.83981
2 0 0 0.929525
3 0 0 0.812499

7
1 6 2777 0.884786
2 1 1 1.01249
4 0 0 1.05731
5 0 0 0.945457
3 5 1 0.897459
6 0 0 0.850127
7 0 0 0.835789

1
1 0 0 0.81256

3
1 4 1 0.84019
2 0 0 0.831501
3 0 0 0.977873

3
1 5 1 0.903362
2 0 0 0.967876
3 0 0 0.784649

3
1 0 2981 0.841861
2 0 0 0.87019
3 0 0 0.796362

3
1 1 1 0.837697
2 0 0 1.01481
3 0 0 0.874676

3
1 5 1 0.838404
2 0 0 0.983406
3 0 0 0.911354

3
1 5 1 0.895528
2 0 0 0.965476
3 0 0 0.90012

7
1 1 1 0.865331
2 0 8970 0.981673
4 0 0 0.97175
5 0 0 0.995473
3 1 2 0.943255
6 0 0 0.662103
7 0 0 0.971729

1
1 0 0 0.854197

3
1 2 4 0.829289
2 0 0 0.815686
3 0 0 0.910963

5
1 5 1 0.883228
2 2 4 0.9394
4 0 0 0.889583
5 0 0 1.02934
3 0 0 0.720236

3
1 4 1 0.905457
2 0 0 0.824751
3 0 0 0.872801

5
1 6 4422 0.985725
2 0 0 0.992414
3 2 4 1.00272
6 0 0 0.952983
7 0 0 0.906544

3
1 1 1 0.904615
2 0 0 0.977255
3 0 0 0.921156

3
1 2 1 0.889392
2 0 0 0.845383
3 0 0 0.929334

3
1 1 2 0.90599
2 0 0 0.856962
3 0 0 1.0043

1
1 0 0 0.831592

3
1 5 1 0.959413
2 0 0 0.976848
3 0 0 0.885816

3
1 6 4801 0.879114
2 0 0 0.930591
3 0 0 0.947413

3
1 1 1 0.804646
2 0 0 0.933709
3 0 0 0.721576

3
1 0 7773 0.847582
2 0 0 0.814052
3 0 0 0.891671

3
1 2 4 0.821806
2 0 0 0.847012
3 0 0 0.92549

1
1 0 0 0.895308

1
1 0 0 0.748852

3
1 5 1 0.84293
2 0 0 0.935778
3 0 0 0.868324

1
1 0 0 0.865635

3
1 2 1 0.842055
2 0 0 0.989286
3 0 0 0.864767

3
1 6 10 0.91184
2 0 0 0.989539
3 0 0 0.869143

1
1 0 0 0.905512

1
1 0 0 0.808264

3
1 0 684 0.791925
2 0 0 1.00819
3 0 0 0.827963

5
1 0 8251 0.96131
2 6 1064 0.9357
4 0 0 1.07575
5 0 0 0.89987
3 0 0 0.913735

3
1 0 5417 0.877819
2 0 0 0.893596
3 0 0 0.855811

5
1 6 1016 0.860526
2 0 0 0.902805
3 5 1 0.939854
6 0 0 0.954587
7 0 0 0.960323

3
1 1 1 0.84799
2 0 0 0.920262
3 0 0 0.771638

5
1 6 1732 0.821182
2 2 4 0.95293
4 0 0 1.02763
5 0 0 0.988342
3 0 0 0.839783

3
1 0 754 0.723885
2 0 0 0.986476
3 0 0 0.78933

5
1 4 1 0.898199
2 0 0 0.777583
3 2 1 0.988749
6 0 0 0.996048
7 0 0 1.07192

1
1 0 0 0.779661

1
1 0 0 0.957885

3
1 5 1 0.821701
2 0 0 0.989327
3 0 0 0.80034

1
1 0 0 0.834775

3
1 1 1 0.901757
2 0 0 1.04781
3 0 0 0.803947

1
1 0 0 0.878946

3
1 1 2 0.972689
2 0 0 0.897022
3 0 0 0.991034

5
1 4 1 0.931608
2 1 1 0.932428
4 0 0 0.910202
5 0 0 0.828656
3 0 0 0.911336

3
1 1 1 0.909932
2 0 0 0.97062
3 0 0 0.872161

3
1 0 2176 0.872433
2 0 0 0.889198
3 0 0 0.729083

1
1 0 0 0.857068

3
1 1 1 0.914573
2 0 0 0.978001
3 0 0 0.903714

3
1 0 779 0.759076
2 0 0 0.97575
3 0 0 0.763595

3
1 6 2834 0.865361
2 0 0 1.06757
3 0 0 0.869346

5
1 5 1 0.889097
2 0 0 0.915384
3 2 4 0.865708
6 0 0 0.814675
7 0 0 0.91618

3
1 5 1 0.882596
2 0 0 1.11086
3 0 0 0.870973

3
1 1 2 0.818374
2 0 0 0.841554
3 0 0 0.954356

3
1 4 1 0.89525
2 0 0 0.851914
3 0 0 0.912583

3
1 2 1 0.899203
2 0 0 1.05439
3 0 0 0.91606

3
1 1 1 0.876054
2 0 0 0.921538
3 0 0 0.929142

3
1 1 1 0.930637
2 0 0 1.05799
3 0 0 0.779598

1
1 0 0 0.926052

3
1 4 1 0.905233
2 0 0 0.961334
3 0 0 1.11586

3
1 0 1171 0.943226
2 0 0 0.876554
3 0 0 0.87523

3
1 6 207 0.820947
2 0 0 0.977683
3 0 0 0.81878

3
1 0 5149 0.894668
2 0 0 1.06535
3 0 0 0.876932

3
1 1 2 0.847428
2 0 0 0.847115
3 0 0 0.999335

3
1 2 2 0.869898
2 0 0 0.952781
3 0 0 0.890114

3
1 5 1 0.88244
2 0 0 0.953547
3 0 0 0.807747

5
1 6 2533 0.901746
2 2 3 1.03846
4 0 0 0.820038
5 0 0 1.00522
3 0 0 0.752831

5
1 1 1 0.853331
2 0 3360 0.977966
4 0 0 0.978716
5 0 0 1.1969
3 0 0 0.825809

3
1 1 2 0.902901
2 0 0 0.843315
3 0 0 0.878321

1
1 0 0 0.844669

1
1 0 0 0.77384

5
1 4 1 0.834644
2 0 0 0.749122
3 0 5749 0.923385
6 0 0 1.02007
7 0 0 0.98427

1
1 0 0 0.80633

3
1 4 1 0.823615
2 0 0 0.808269
3 0 0 0.959357

3
1 2 4 0.839953
2 0 0 0.821886
3 0 0 0.901299

3
1 5 1 0.866047
2 0 0 1.00102
3 0 0 0.868639

1
1 0 0 0.699666

3
1 2 2 0.895144
2 0 0 1.0299
3 0 0 1.02053

1
1 0 0 0.816523

5
1 5 1 0.915954
2 0 0 0.951166
3 2 1 0.926731
6 0 0 0.834632
7 0 0 0.967203

3
1 2 1 0.856915
2 0 0 0.870093
3 0 0 0.90665

3
1 0 10 0.816767
2 0 0 0.854524
3 0 0 0.794641

3
1 1 1 0.833324
2 0 0 1.16556
3 0 0 0.791087

1
1 0 0 0.850953

3
1 2 2 0.912979
2 0 0 0.926065
3 0 0 0.821153

3
1 5 1 0.867333
2 0 0 1.05607
3 0 0 0.897298

3
1 1 1 0.92134
2 0 0 0.961168
3 0 0 0.890604

3
1 1 1 0.896552
2 0 0 0.958405
3 0 0 0.870516

3
1 5 1 0.958084
2 0 0 0.937954
3 0 0 0.769079

3
1 2 2 0.950847
2 0 0 0.906404
3 0 0 0.985452

1
1 0 0 0.706811

3
1 6 1661 0.961242
2 0 0 0.909422
3 0 0 1.03124

5
1 0 7079 0.877624
2 0 0 0.786416
3 2 1 1.06344
6 0 0 1.10307
7 0 0 1.03508

3
1 6 514 0.862219
2 0 0 0.9412
3 0 0 0.879683

3
1 1 1 0.923726
2 0 0 0.982315
3 0 0 0.818045

1
1 0 0 0.770483

3
1 0 8976 0.889501
2 0 0 0.895078
3 0 0 0.90494

3
1 2 4 0.913225
2 0 0 0.89134
3 0 0 0.929836

3
1 1 1 0.828601
2 0 0 0.996271
3 0 0 0.846869

5
1 1 2 0.906865
2 0 0 0.865102
3 2 1 0.974349
6 0 0 1.02189
7 0 0 0.982646

3
1 0 6308 0.961412
2 0 0 0.956871
3 0 0 0.908235

3
1 2 1 0.932482
2 0 0 0.941255
3 0 0 0.90617

3
1 0 137 0.720245
2 0 0 0.930448
3 0 0 0.739528

1
1 0 0 0.712148

1
1 0 0 0.77087

5
1 4 1 0.881171
2 2 3 0.86741
4 0 0 0.921637
5 0 0 1.00991
3 0 0 1.01201

3
1 1 1 0.79149
2 0 0 1.04335
3 0 0 0.846775

3
1 0 8019 0.942976
2 0 0 0.862121
3 0 0 0.73475

3
1 4 1 0.920669
2 0 0 0.937499
3 0 0 0.937249

3
1 1 2 0.900148
2 0 0 0.85402
3 0 0 1.1311

3
1 2 3 0.844637
2 0 0 0.893238
3 0 0 0.889324

3
1 5 1 0.881948
2 0 0 1.00964
3 0 0 0.816669

3
1 0 485 0.928781
2 0 0 1.02059
3 0 0 0.852026

3
1 1 2 0.834994
2 0 0 0.919027
3 0 0 0.902516

3
1 5 1 0.871321
2 0 0 0.99999
3 0 0 0.793928

1
1 0 0 0.762104

5
1 1 2 0.893727
2 0 0 0.94203
3 0 2625 0.922343
6 0 0 1.00129
7 0 0 0.841244

3
1 4 1 0.924942
2 0 0 0.837944
3 0 0 0.933024

1
1 0 0 0.900422

3
1 5 1 0.841095
2 0 0 0.956654
3 0 0 0.791776

1
1 0 0 0.838696

1
1 0 0 0.79963

3
1 1 1 0.831185
2 0 0 1.02062
3 0 0 0.807208

3
1 2 1 0.992489
2 0 0 1.0318
3 0 0 1.01887

3
1 6 5284 0.779417
2 0 0 0.741871
3 0 0 0.969662

1
1 0 0 0.789237

3
1 5 1 0.865124
2 0 0 1.13654
3 0 0 0.970323

3
1 4 1 0.808692
2 0 0 0.814945
3 0 0 1.02336

5
1 5 1 0.884181
2 0 0 0.972598
3 6 2799 0.876761
6 0 0 0.983722
7 0 0 0.870751

3
1 5 1 0.880156
2 0 0 1.13805
3 0 0 0.673184

1
1 0 0 0.900645

5
1 6 1016 0.831669
2 1 1 0.903088
4 0 0 0.954822
5 0 0 0.922606
3 0 0 0.749369

3
1 1 1 1.00721
2 0 0 1.03173
3 0 0 0.886106

3
1 0 1513 0.825676
2 0 0 0.956518
3 0 0 0.881822

3
1 4 1 0.867369
2 0 0 0.901995
3 0 0 0.93643

1
1 0 0 0.847877

1
1 0 0 0.8166

3
1 4 1 0.849567
2 0 0 0.807275
3 0 0 0.950653

1
1 0 0 0.841116

1
1 0 0 0.711633

1
1 0 0 0.890826

1
1 0 0 0.844932

1
1 0 0 0.936253

3
1 1 1 0.884686
2 0 0 1.03564
3 0 0 0.860689

3
1 6 2650 0.89108
2 0 0 0.956215
3 0 0 0.851911

3
1 5 1 0.829931
2 0 0 0.961037
3 0 0 0.82445

3
1 5 1 0.898973
2 0 0 0.961748
3 0 0 0.962833

3
1 1 1 0.871557
2 0 0 0.869178
3 0 0 0.843315

1
1 0 0 0.903962

3
1 1 2 0.855121
2 0 0 0.837473
3 0 0 1.05471

1
1 0 0 0.885536

1
1 0 0 0.808714

5
1 1 1 0.9194
2 0 9943 0.938427
4 0 0 0.877743
5 0 0 0.970272
3 0 0 0.976233

3
1 2 4 0.838786
2 0 0 0.815337
3 0 0 0.907297

3
1 6 5355 0.790838
2 0 0 0.785797
3 0 0 0.95703

5
1 5 1 0.864574
2 0 5272 0.890636
4 0 0 1.02257
5 0 0 0.888732
3 0 0 0.818944

3
1 6 2205 0.856595
2 0 0 0.990966
3 0 0 0.93754

3
1 0 1359 0.916841
2 0 0 0.997396
3 0 0 0.879339

3
1 1 2 0.923971
2 0 0 0.795132
3 0 0 1.06266

1
1 0 0 0.811107

3
1 0 8473 0.852598
2 0 0 0.817491
3 0 0 0.796652

3
1 4 1 0.896014
2 0 0 0.843011
3 0 0 0.938552

7
1 0 3120 0.939423
2 4 1 1.02103
4 0 0 0.921465
5 0 0 1.084
3 4 1 0.961137
6 0 0 0.824165
7 0 0 1.00608

3
1 1 1 0.999687
2 0 0 1.00128
3 0 0 1.08133

1
1 0 0 0.888535

1
1 0 0 0.697633

3
1 5 1 0.960633
2 0 0 1.04622
3 0 0 0.894879

3
1 5 1 0.797968
2 0 0 1.08342
3 0 0 0.805201

3
1 2 1 0.85059
2 0 0 0.874494
3 0 0 0.880711

3
1 2 3 0.852119
2 0 0 0.955036
3 0 0 1.06584

1
1 0 0 0.822856

3
1 4 1 0.99537
2 0 0 0.90456
3 0 0 0.935421

3
1 6 2684 0.889594
2 0 0 0.881264
3 0 0 0.914913

3
1 1 2 0.789309
2 0 0 0.777005
3 0 0 0.883071

1
1 0 0 0.824346

1
1 0 0 0.747719

1
1 0 0 0.724386

1
1 0 0 0.885934

1
1 0 0 0.80872

3
1 2 1 0.837645
2 0 0 0.910451
3 0 0 0.894924

3
1 4 1 0.875292
2 0 0 0.884791
3 0 0 0.920196

3
1 4 1 0.887456
2 0 0 0.758709
3 0 0 0.929086

7
1 1 1 0.833324
2 6 782 1.11166
4 0 0 0.978366
5 0 0 1.09642
3 2 1 0.905551
6 0 0 0.978696
7 0 0 0.915062

3
1 0 970 0.824003
2 0 0 0.879143
3 0 0 0.825122

1
1 0 0 0.801323

3
1 1 1 0.885838
2 0 0 0.962045
3 0 0 0.812042

1
1 0 0 0.786894

3
1 2 2 0.962941
2 0 0 0.904642
3 0 0 0.869663

3
1 4 1 0.837478
2 0 0 0.942308
3 0 0 1.05455

3
1 2 1 0.878567
2 0 0 0.896002
3 0 0 0.9015

3
1 6 3833 0.877842
2 0 0 0.918834
3 0 0 0.930434

3
1 0 4334 0.944645
2 0 0 0.918061
3 0 0 0.887286

3
1 6 4438 0.845107
2 0 0 0.867181
3 0 0 0.935438

3
1 6 4979 0.886755
2 0 0 0.814179
3 0 0 0.966451

1
1 0 0 0.938784

3
1 0 5459 0.844855
2 0 0 0.830405
3 0 0 0.993209

1
1 0 0 0.784616

3
1 1 1 0.820195
2 0 0 0.945228
3 0 0 0.774678

1
1 0 0 0.810912

3
1 6 1330 0.866606
2 0 0 0.931869
3 0 0 0.875506

5
1 0 2192 0.846024
2 6 5076 0.926588
4 0 0 0.946806
5 0 0 1.01364
3 0 0 0.802646

3
1 5 1 0.866936
2 0 0 0.907346
3 0 0 0.860346

3
1 2 3 0.839651
2 0 0 0.822087
3 0 0 0.928625

1
1 0 0 0.801893

3
1 5 1 0.865535
2 0 0 1.05885
3 0 0 0.832584

3
1 6 165 0.740431
2 0 0 1.04824
3 0 0 0.771755

3
1 1 1 0.79149
2 0 0 0.847795
3 0 0 0.82486

5
1 5 1 0.908761
2 0 4600 0.973759
4 0 0 0.979807
5 0 0 0.89222
3 0 0 0.896749

3
1 1 1 0.885205
2 0 0 0.939153
3 0 0 0.86782

3
1 1 2 0.891143
2 0 0 0.855074
3 0 0 1.06009

1
1 0 0 0.843733

3
1 2 4 0.938299
2 0 0 1.02651
3 0 0 0.90464

1
1 0 0 0.786651

3
1 5 1 0.913391
2 0 0 1.00698
3 0 0 0.757439

3
1 0 1090 0.891302
2 0 0 1.00857
3 0 0 0.940816

3
1 2 4 0.791975
2 0 0 0.852779
3 0 0 0.85925

3
1 6 1783 0.949259
2 0 0 1.07439
3 0 0 0.809658

3
1 4 1 0.899401
2 0 0 0.873815
3 0 0 0.807834

3
1 5 1 0.889414
2 0 0 1.06483
3 0 0 0.882957

5
1 6 4229 0.88525
2 4 1 0.896163
4 0 0 0.871645
5 0 0 1.09154
3 0 0 0.850286

1
1 0 0 0.835319

3
1 1 1 0.878226
2 0 0 1.06316
3 0 0 0.858385

1
1 0 0 0.920305

3
1 4 1 0.793684
2 0 0 0.917864
3 0 0 0.966751

1
1 0 0 0.764116

3
1 1 2 0.821564
2 0 0 0.935788
3 0 0 1.00459

1
1 0 0 0.801139

3
1 2 4 0.855835
2 0 0 0.748
3 0 0 0.96333

3
1 4 1 0.947605
2 0 0 0.778464
3 0 0 1.0973

3
1 5 1 0.872422
2 0 0 0.959275
3 0 0 0.773377

3
1 1 1 0.79795
2 0 0 0.92397
3 0 0 0.697005

3
1 6 44 0.873757
2 0 0 0.907058
3 0 0 0.986527

3
1 0 567 0.893731
2 0 0 1.11189
3 0 0 0.795658

3
1 6 5286 0.947117
2 0 0 0.947926
3 0 0 1.0649

3
1 4 1 0.846351
2 0 0 0.863303
3 0 0 0.986885

3
1 5 1 0.870626
2 0 0 1.09077
3 0 0 0.861708

3
1 4 1 0.853164
2 0 0 0.840323
3 0 0 0.898763

3
1 5 1 0.886638
2 0 0 0.997158
3 0 0 0.771354

3
1 5 1 0.84686
2 0 0 1.0552
3 0 0 0.801781

3
1 4 1 0.812958
2 0 0 0.772202
3 0 0 0.957584

5
1 6 2970 0.844962
2 0 809 0.875644
4 0 0 0.94862
5 0 0 0.869598
3 0 0 0.942964

3
1 5 1 0.816353
2 0 0 1.00089
3 0 0 0.751634

3
1 0 7771 0.893615
2 0 0 0.878721
3 0 0 0.908636

1
1 0 0 0.86642

3
1 2 4 0.878563
2 0 0 0.823509
3 0 0 0.924828

1
1 0 0 0.813018

3
1 4 1 0.753481
2 0 0 0.817322
3 0 0 0.964241

3
1 1 2 0.890588
2 0 0 0.859208
3 0 0 0.932478

1
1 0 0 0.817086

1
1 0 0 0.853969

5
1 6 2921 0.852583
2 5 1 1.02501
4 0 0 1.08359
5 0 0 0.959708
3 0 0 0.715503

7
1 1 1 0.871154
2 0 7573 1.01424
4 0 0 1.01793
5 0 0 0.988987
3 1 2 0.915239
6 0 0 0.982451
7 0 0 0.933335

5
1 5 1 0.835289
2 2 4 1.01268
4 0 0 0.986955
5 0 0 0.972439
3 0 0 0.848395

1
1 0 0 0.814715

3
1 5 1 0.892991
2 0 0 1.10535
3 0 0 0.872612

5
1 5 1 0.84987
2 6 3028 1.14608
4 0 0 1.00664
5 0 0 1.07403
3 0 0 0.712471

3
1 6 1413 0.883047
2 0 0 0.942042
3 0 0 0.899663

1
1 0 0 0.94437

3
1 5 1 0.898428
2 0 0 0.970288
3 0 0 0.879969

3
1 1 1 0.861031
2 0 0 0.817896
3 0 0 0.868121

1
1 0 0 0.811878

3
1 5 1 0.85321
2 0 0 0.909964
3 0 0 0.819608

3
1 1 2 0.891523
2 0 0 0.939476
3 0 0 0.929505

1
1 0 0 0.805445

3
1 1 1 0.923379
2 0 0 0.992015
3 0 0 0.749764

3
1 1 1 0.942621
2 0 0 1.02252
3 0 0 0.73995

5
1 5 1 0.852138
2 6 935 1.11095
4 0 0 0.997622
5 0 0 0.961316
3 0 0 0.86724

3
1 0 3298 0.903372
2 0 0 0.979446
3 0 0 0.87623

3
1 0 4525 0.968719
2 0 0 0.90385
3 0 0 0.960795

3
1 5 1 0.983233
2 0 0 1.02023
3 0 0 0.936812

3
1 6 2741 0.881393
2 0 0 1.00194
3 0 0 0.928742

1
1 0 0 0.755775

1
1 0 0 0.889339

5
1 6 229 0.870926
2 6 213 0.867674
4 0 0 0.983834
5 0 0 1.11132
3 0 0 0.858283

1
1 0 0 0.786277

1
1 0 0 0.822704

3
1 1 1 0.864315
2 0 0 1.00694
3 0 0 0.844312

3
1 4 1 0.848348
2 0 0 0.829343
3 0 0 0.885142

1
1 0 0 0.910331

1
1 0 0 0.833133

1
1 0 0 0.755448

1
1 0 0 0.805033

3
1 1 1 0.827537
2 0 0 0.971678
3 0 0 0.818526

3
1 5 1 0.82087
2 0 0 0.929321
3 0 0 0.768783

3
1 0 4952 0.840486
2 0 0 0.925085
3 0 0 0.862541

3
1 6 2885 0.884594
2 0 0 0.909255
3 0 0 0.819187

3
1 4 1 0.830907
2 0 0 0.800234
3 0 0 0.993133

3
1 6 904 0.830059
2 0 0 0.841648
3 0 0 0.796143

3
1 1 2 0.921232
2 0 0 0.901326
3 0 0 0.952261

1
1 0 0 0.812557

3
1 1 1 0.899065
2 0 0 0.940854
3 0 0 0.849882

1
1 0 0 0.834899

1
1 0 0 0.848491

7
1 0 7342 0.993923
2 0 0 0.928553
3 5 1 1.02242
6 0 0 1.13911
7 6 2071 1.01995
14 0 0 1.04234
15 0 0 0.934213

5
1 1 1 0.8516
2 0 5489 1.01415
4 0 0 0.938132
5 0 0 0.99457
3 0 0 0.986859

3
1 0 350 0.773716
2 0 0 1.25024
3 0 0 0.843921

3
1 0 2270 0.981704
2 0 0 0.933909
3 0 0 0.962131

3
1 4 1 0.92512
2 0 0 0.885076
3 0 0 0.962774

3
1 4 1 0.811771
2 0 0 0.726001
3 0 0 0.960745

1
1 0 0 0.851666

3
1 0 7855 0.806222
2 0 0 0.79619
3 0 0 0.990287

3
1 2 1 0.905674
2 0 0 0.963705
3 0 0 0.868213

3
1 2 4 0.883989
2 0 0 0.909216
3 0 0 0.983716

1
1 0 0 0.864203

1
1 0 0 0.824167

1
1 0 0 0.798089

3
1 4 1 0.93367
2 0 0 0.924877
3 0 0 1.03909

3
1 4 1 0.810157
2 0 0 0.736909
3 0 0 0.961049

1
1 0 0 0.831964

3
1 6 1714 0.903886
2 0 0 0.902415
3 0 0 0.766748

1
1 0 0 0.851253

3
1 5 1 0.911208
2 0 0 0.983935
3 0 0 0.856216

1
1 0 0 0.770293

1
1 0 0 0.971756

3
1 2 4 0.872187
2 0 0 0.899616
3 0 0 0.826445

3
1 2 3 1.00763
2 0 0 0.95308
3 0 0 0.975611

3
1 5 1 0.8065
2 0 0 1.04075
3 0 0 0.781481

3
1 1 1 0.928183
2 0 0 0.981887
3 0 0 0.695863

3
1 5 1 0.879841
2 0 0 1.01133
3 0 0 0.836391

3
1 5 1 0.914421
2 0 0 0.917244
3 0 0 0.757694

3
1 4 1 0.99574
2 0 0 0.929974
3 0 0 1.03075

3
1 1 2 0.831495
2 0 0 0.786062
3 0 0 0.948738

3
1 2 4 0.978242
2 0 0 0.944443
3 0 0 1.01543

3
1 1 1 0.931751
2 0 0 0.926898
3 0 0 0.879899

3
1 2 3 0.90107
2 0 0 0.955824
3 0 0 0.955826

3
1 6 787 0.90557
2 0 0 1.02806
3 0 0 0.8811

3
1 0 705 0.889282
2 0 0 1.07758
3 0 0 0.807036

5
1 4 1 0.852505
2 0 0 0.853073
3 0 8048 0.951
6 0 0 0.95473
7 0 0 1.05027

3
1 1 1 0.812423
2 0 0 0.940991
3 0 0 0.813257

3
1 0 545 0.824637
2 0 0 1.04025
3 0 0 0.850553

3
1 1 1 0.79795
2 0 0 1.0767
3 0 0 0.826864

3
1 1 2 0.839126
2 0 0 0.811706
3 0 0 0.934135

3
1 5 1 0.852124
2 0 0 0.934045
3 0 0 0.837086

1
1 0 0 0.815534

3
1 0 107 0.837553
2 0 0 1.02522
3 0 0 0.753101

3
1 6 4554 0.825179
2 0 0 0.854712
3 0 0 0.98494

1
1 0 0 0.721251

3
1 0 3988 0.946216
2 0 0 1.02761
3 0 0 0.918074

3
1 6 1787 0.849428
2 0 0 0.913956
3 0 0 0.912844

3
1 2 4 0.875264
2 0 0 0.85921
3 0 0 1.04194

3
1 4 1 0.902991
2 0 0 0.814071
3 0 0 0.931605

1
1 0 0 0.903482

3
1 1 1 0.929456
2 0 0 1.13727
3 0 0 0.840827

3
1 6 2199 0.92445
2 0 0 0.87657
3 0 0 0.945344

3
1 4 1 0.974445
2 0 0 0.81363
3 0 0 0.987026

3
1 5 1 0.877888
2 0 0 0.936074
3 0 0 0.928773

3
1 2 4 0.933947
2 0 0 0.93772
3 0 0 1.04049

1
1 0 0 0.801385

3
1 6 2157 0.938224
2 0 0 0.932231
3 0 0 0.908106

1
1 0 0 0.926725

1
1 0 0 0.824423

3
1 6 5344 0.758034
2 0 0 0.767611
3 0 0 0.94857

1
1 0 0 0.729551

1
1 0 0 0.833235

3
1 1 1 0.882114
2 0 0 1.05012
3 0 0 0.859894

3
1 6 2332 0.923217
2 0 0 0.925212
3 0 0 0.913816

1
1 0 0 0.760577

3
1 5 1 0.94437
2 0 0 0.955468
3 0 0 0.782468

1
1 0 0 0.991106

3
1 2 2 0.891714
2 0 0 0.942388
3 0 0 0.965576

3
1 2 2 0.894822
2 0 0 0.877882
3 0 0 0.929116

1
1 0 0 0.825918

3
1 6 5077 0.884097
2 0 0 0.900039
3 0 0 0.97676

5
1 5 1 0.860654
2 0 2259 1.04328
4 0 0 1.05735
5 0 0 1.01975
3 0 0 0.861275

3
1 1 1 0.923379
2 0 0 1.15117
3 0 0 0.804812

3
1 5 1 0.890081
2 0 0 1.05716
3 0 0 0.938806

1
1 0 0 0.888469

1
1 0 0 0.755538

3
1 0 460 0.865014
2 0 0 1.08626
3 0 0 0.841831

3
1 5 1 0.830122
2 0 0 0.982868
3 0 0 0.800341

3
1 1 2 0.846767
2 0 0 0.772098
3 0 0 0.960181

3
1 5 1 0.90155
2 0 0 1.06842
3 0 0 0.836939

3
1 1 2 0.821838
2 0 0 0.926546
3 0 0 0.894708

3
1 1 1 0.952876
2 0 0 1.06432
3 0 0 0.801665

3
1 1 1 0.854564
2 0 0 0.945108
3 0 0 0.853202

3
1 0 1441 0.84176
2 0 0 1.01771
3 0 0 0.837608

3
1 1 1 0.864315
2 0 0 1.00234
3 0 0 0.871711

1
1 0 0 0.753346

5
1 0 1982 0.92405
2 2 1 0.960807
4 0 0 1.03752
5 0 0 1.05777
3 0 0 0.973243

1
1 0 0 0.676735

3
1 4 1 0.81871
2 0 0 0.890884
3 0 0 0.85419

3
1 1 2 0.91063
2 0 0 0.927533
3 0 0 0.917366

3
1 1 2 0.826087
2 0 0 0.876559
3 0 0 1.08319

5
1 2 3 0.871697
2 0 0 0.914063
3 0 6161 0.924802
6 0 0 0.964887
7 0 0 0.860928

3
1 5 1 0.796073
2 0 0 1.00713
3 0 0 0.827803

3
1 5 1 0.776947
2 0 0 0.825027
3 0 0 0.748914

1
1 0 0 0.808996

3
1 5 1 0.870563
2 0 0 1.06008
3 0 0 0.815473

1
1 0 0 0.762513

3
1 2 2 0.782193
2 0 0 0.829968
3 0 0 0.868983

3
1 2 4 0.902212
2 0 0 0.822973
3 0 0 0.912591

3
1 2 4 0.836977
2 0 0 0.842399
3 0 0 0.976239

5
1 5 1 0.887655
2 2 2 0.931292
4 0 0 0.897187
5 0 0 0.902113
3 0 0 0.836094

3
1 1 2 0.818102
2 0 0 0.836506
3 0 0 1.09129

3
1 5 1 0.86243
2 0 0 0.972378
3 0 0 0.887479

1
1 0 0 0.842207

5
1 1 1 0.979309
2 6 3676 0.948189
4 0 0 0.888914
5 0 0 0.942627
3 0 0 0.793778

5
1 4 1 1.0035
2 0 0 0.827085
3 6 3912 0.92808
6 0 0 1.00468
7 0 0 0.974006

1
1 0 0 0.818485

5
1 6 2710 0.984202
2 1 1 0.959936
4 0 0 1.01954
5 0 0 0.869344
3 0 0 0.889227

7
1 6 1585 0.826798
2 0 4584 0.976446
4 1 2 0.909397
8 0 0 0.88908
9 0 0 1.04679
5 0 0 0.89836
3 0 0 0.969271

3
1 1 1 0.940139
2 0 0 1.0397
3 0 0 0.740505

1
1 0 0 0.880958

3
1 0 8841 0.873885
2 0 0 0.873231
3 0 0 1.01316

5
1 1 2 0.983989
2 0 0 0.815361
3 2 3 1.10296
6 0 0 1.05698
7 0 0 1.01461

3
1 2 3 0.883227
2 0 0 0.924212
3 0 0 0.907007

3
1 0 2089 0.941493
2 0 0 0.960546
3 0 0 0.829739

1
1 0 0 0.860836

3
1 6 794 0.829257
2 0 0 0.895984
3 0 0 0.810458

1
1 0 0 0.945973

3
1 5 1 0.942596
2 0 0 0.924883
3 0 0 0.740523

3
1 1 1 0.883171
2 0 0 0.965081
3 0 0 0.779818

3
1 2 3 0.870582
2 0 0 0.884857
3 0 0 0.820059

3
1 4 1 0.814753
2 0 0 0.828679
3 0 0 1.00397

1
1 0 0 0.723444

1
1 0 0 0.85809

1
1 0 0 0.891986

3
1 1 1 0.928183
2 0 0 1.02911
3 0 0 0.809831

1
1 0 0 0.885326

3
1 0 3473 0.838475
2 0 0 0.84573
3 0 0 0.82775

1
1 0 0 0.946206

3
1 1 2 0.883189
2 0 0 0.896684
3 0 0 0.874078

1
1 0 0 0.902605

1
1 0 0 0.82138

3
1 6 2912 0.894212
2 0 0 0.917338
3 0 0 0.793903

5
1 6 1218 0.83986
2 0 0 0.928708
3 2 4 0.879013
6 0 0 0.821708
7 0 0 1.00444

3
1 6 193 0.864224
2 0 0 1.0435
3 0 0 0.855297

3
1 5 1 0.869965
2 0 0 0.953055
3 0 0 0.854952

3
1 0 142 0.862156
2 0 0 0.972332
3 0 0 0.796105

3
1 2 3 0.921025
2 0 0 0.79831
3 0 0 1.00477

3
1 6 2691 0.950457
2 0 0 1.00472
3 0 0 0.95782

1
1 0 0 0.837861

3
1 6 1505 0.970256
2 0 0 0.966002
3 0 0 0.921564

3
1 1 2 0.870828
2 0 0 0.847335
3 0 0 1.058

3
1 4 1 0.827819
2 0 0 0.76827
3 0 0 0.915784

3
1 1 2 1.0067
2 0 0 0.798725
3 0 0 0.967601

3
1 1 2 0.870888
2 0 0 0.904555
3 0 0 1.02922

3
1 2 2 0.82542
2 0 0 0.978798
3 0 0 0.972582

3
1 6 5327 0.747859
2 0 0 0.736025
3 0 0 0.92349

1
1 0 0 0.789257

3
1 4 1 0.861183
2 0 0 0.776708
3 0 0 1.01916

1
1 0 0 0.785853

1
1 0 0 0.921962

3
1 0 9677 0.860112
2 0 0 0.879273
3 0 0 0.976616

1
1 0 0 0.842054

3
1 0 3316 0.831518
2 0 0 0.961739
3 0 0 0.91051

3
1 1 1 0.887937
2 0 0 0.895244
3 0 0 0.880258

3
1 2 4 0.954575
2 0 0 0.900642
3 0 0 0.908769

3
1 1 1 0.851368
2 0 0 1.05422
3 0 0 0.739279

3
1 2 1 0.906427
2 0 0 1.01798
3 0 0 0.978696

3
1 1 1 0.91389
2 0 0 0.894081
3 0 0 0.812511

3
1 2 4 0.899855
2 0 0 0.877265
3 0 0 0.887495

3
1 0 626 0.81653
2 0 0 0.87925
3 0 0 0.814929

1
1 0 0 0.860772

3
1 2 2 0.908144
2 0 0 0.96031
3 0 0 0.915519

3
1 4 1 0.870329
2 0 0 0.861017
3 0 0 0.894307

7
1 6 2293 0.847114
2 2 4 0.998732
4 0 0 1.0011
5 0 5989 1.12272
10 0 0 0.95035
11 0 0 0.899224
3 0 0 0.973876

5
1 5 1 0.94437
2 0 9628 0.918754
4 0 0 0.99718
5 0 0 0.945152
3 0 0 0.825113

1
1 0 0 0.730698

1
1 0 0 0.774145

3
1 1 1 0.900784
2 0 0 0.974615
3 0 0 0.934712

3
1 4 1 0.915078
2 0 0 0.78065
3 0 0 1.02484

7
1 2 4 0.879445
2 0 0 0.861386
3 6 4985 0.968542
6 0 8198 1.01382
12 0 0 0.956742
13 0 0 1.0575
7 0 0 1.06415

3
1 4 1 0.930835
2 0 0 0.766032
3 0 0 0.929358

3
1 1 1 0.895705
2 0 0 1.03281
3 0 0 0.910524

5
1 6 2947 0.8678
2 2 2 1.00167
4 0 0 0.931854
5 0 0 1.01932
3 0 0 0.92082

3
1 1 1 0.849632
2 0 0 0.860817
3 0 0 0.860418

1
1 0 0 0.857539

1
1 0 0 0.879593

3
1 5 1 0.830122
2 0 0 1.01312
3 0 0 0.82562

3
1 4 1 0.860443
2 0 0 0.761148
3 0 0 0.994752

3
1 6 2870 0.902092
2 0 0 0.944883
3 0 0 0.900699

5
1 0 5767 0.905386
2 0 0 0.900129
3 1 2 0.885787
6 0 0 0.866365
7 0 0 0.96535

3
1 1 1 0.952876
2 0 0 1.06082
3 0 0 0.804638

7
1 4 1 0.828627
2 0 6399 0.946394
4 0 0 0.962974
5 0 0 0.908129
3 0 9893 0.902431
6 0 0 0.884012
7 0 0 0.936204

1
1 0 0 0.834145

3
1 1 1 0.864315
2 0 0 1.0692
3 0 0 0.774424

3
1 0 900 0.803295
2 0 0 0.887848
3 0 0 0.824442

1
1 0 0 0.7357

1
1 0 0 0.936839

3
1 6 5298 0.834179
2 0 0 0.842661
3 0 0 1.0061

1
1 0 0 0.881844

1
1 0 0 0.884204

5
1 6 2610 0.906665
2 0 0 0.968926
3 6 4103 0.991143
6 0 0 1.01393
7 0 0 0.884468

3
1 2 3 0.931256
2 0 0 0.871344
3 0 0 0.798096

3
1 6 128 0.808014
2 0 0 0.930366
3 0 0 0.821653

1
1 0 0 0.834714

1
1 0 0 0.837116

1
1 0 0 0.782888

3
1 5 1 0.87073
2 0 0 0.931265
3 0 0 0.761942

1
1 0 0 0.848471

3
1 5 1 0.885478
2 0 0 1.04034
3 0 0 0.930207

3
1 2 2 0.882119
2 0 0 0.89041
3 0 0 0.878841

5
1 1 1 0.837166
2 0 8700 1.01443
4 0 0 0.977964
5 0 0 0.870698
3 0 0 0.847121

1
1 0 0 0.842257

3
1 6 29 0.851649
2 0 0 0.996013
3 0 0 0.752063

3
1 6 2486 0.885807
2 0 0 0.891776
3 0 0 0.875222

5
1 0 8852 0.917963
2 0 0 0.888461
3 0 9012 1.03318
6 0 0 0.918755
7 0 0 0.966104

3
1 0 1471 0.926491
2 0 0 0.948535
3 0 0 0.814047

1
1 0 0 0.913642

7
1 5 1 0.856253
2 0 0 1.07119
3 0 3983 0.949153
6 6 3465 0.867866
12 0 0 0.891176
13 0 0 1.01513
7 0 0 0.86171

1
1 0 0 0.951172

1
1 0 0 0.911357

3
1 5 1 0.852275
2 0 0 1.13295
3 0 0 0.788653

3
1 5 1 0.792949
2 0 0 0.991832
3 0 0 0.853782

3
1 5 1 0.791327
2 0 0 1.02553
3 0 0 0.747432

3
1 0 925 0.788286
2 0 0 0.928828
3 0 0 0.800668

3
1 5 1 0.871551
2 0 0 0.894648
3 0 0 0.759375

1
1 0 0 0.863995

1
1 0 0 0.955273

3
1 0 4591 0.845411
2 0 0 0.966346
3 0 0 0.778652

1
1 0 0 0.836661

3
1 1 2 0.828523
2 0 0 0.84931
3 0 0 0.941046

1
1 0 0 0.876837

1
1 0 0 0.805949

1
1 0 0 0.739582

3
1 1 1 0.79816
2 0 0 1.04393
3 0 0 0.88457

3
1 5 1 0.842199
2 0 0 0.896886
3 0 0 0.788152

1
1 0 0 0.708993

5
1 1 1 0.926984
2 6 2943 0.976258
4 0 0 1.04966
5 0 0 0.925198
3 0 0 0.786282

3
1 6 2963 0.93498
2 0 0 1.08836
3 0 0 0.964729

5
1 0 1544 0.929771
2 6 375 0.887057
4 0 0 1.16744
5 0 0 0.974199
3 0 0 0.938214

1
1 0 0 0.885951

1
1 0 0 0.862323

3
1 1 1 0.829117
2 0 0 1.04189
3 0 0 0.840078

3
1 5 1 0.817674
2 0 0 1.06256
3 0 0 0.838889

1
1 0 0 0.773411

3
1 4 1 0.885119
2 0 0 0.898845
3 0 0 0.931849

3
1 5 1 0.766625
2 0 0 0.92979
3 0 0 0.811746

1
1 0 0 0.789366

3
1 5 1 0.91248
2 0 0 1.04169
3 0 0 0.819036

1
1 0 0 0.906741

5
1 2 3 0.823565
2 0 0 0.939085
3 0 2607 1.02787
6 0 0 0.981396
7 0 0 1.03962

3
1 0 450 0.758786
2 0 0 0.897823
3 0 0 0.75585

1
1 0 0 0.808245

1
1 0 0 0.855768

3
1 1 2 0.870888
2 0 0 0.867393
3 0 0 0.981003

3
1 0 187 0.823301
2 0 0 1.04876
3 0 0 0.793628

3
1 1 2 0.843063
2 0 0 0.837668
3 0 0 0.952437

3
1 6 2891 0.864393
2 0 0 1.08301
3 0 0 0.923244

7
1 6 1878 0.885478
2 2 3 0.99419
4 0 0 0.855677
5 6 1850 1.07604
10 0 0 1.0657
11 0 0 1.03491
3 0 0 0.9894

3
1 1 2 0.867953
2 0 0 0.882267
3 0 0 0.903631

3
1 6 1165 0.858753
2 0 0 0.965458
3 0 0 0.938294

3
1 1 1 0.842224
2 0 0 0.956997
3 0 0 0.716554

3
1 0 1589 0.817485
2 0 0 0.940634
3 0 0 0.802299

3
1 4 1 0.925472
2 0 0 0.778116
3 0 0 0.957967

1
1 0 0 0.840609

3
1 2 4 0.926784
2 0 0 0.939444
3 0 0 1.01317

1
1 0 0 0.86998

3
1 5 1 0.826807
2 0 0 1.05184
3 0 0 0.821523

3
1 6 742 0.820814
2 0 0 0.857101
3 0 0 0.835059

3
1 1 2 0.892649
2 0 0 0.789723
3 0 0 0.986566

1
1 0 0 0.817407

3
1 5 1 0.864821
2 0 0 0.829711
3 0 0 0.887785

3
1 2 2 0.913808
2 0 0 0.876841
3 0 0 0.809135

5
1 0 1130 0.881914
2 0 0 0.935872
3 4 1 0.78996
6 0 0 0.844307
7 0 0 1.0098

3
1 4 1 0.899211
2 0 0 0.831261
3 0 0 1.02406

3
1 1 2 0.956222
2 0 0 0.812597
3 0 0 0.847483

3
1 6 166 0.947429
2 0 0 1.04793
3 0 0 0.987344

3
1 6 2768 0.889165
2 0 0 1.03073
3 0 0 0.87717

1
1 0 0 0.644027

3
1 6 645 0.830114
2 0 0 1.02048
3 0 0 0.871381

5
1 6 4848 0.921578
2 1 2 0.924713
4 0 0 0.896566
5 0 0 0.942122
3 0 0 0.983452

1
1 0 0 0.756017

3
1 5 1 0.868372
2 0 0 1.00053
3 0 0 0.825118

5
1 6 2947 0.8678
2 6 899 0.995961
4 0 0 0.948066
5 0 0 0.975054
3 0 0 0.787306

5
1 5 1 0.859827
2 0 5828 0.900385
4 0 0 1.07985
5 0 0 0.953664
3 0 0 0.85089

3
1 1 1 0.909714
2 0 0 0.901601
3 0 0 0.919093

3
1 0 490 0.893235
2 0 0 0.862058
3 0 0 0.905519

3
1 1 2 0.991529
2 0 0 0.857385
3 0 0 0.988614

5
1 6 2958 0.933224
2 0 8112 0.961201
4 0 0 0.999151
5 0 0 0.947245
3 0 0 0.936393

3
1 2 2 0.898721
2 0 0 0.907717
3 0 0 0.866681

3
1 4 1 0.779292
2 0 0 0.92868
3 0 0 0.912645

1
1 0 0 0.770531

3
1 4 1 0.820566
2 0 0 0.801554
3 0 0 0.996866

5
1 4 1 0.952981
2 0 0 0.819473
3 6 2114 0.90446
6 0 0 0.992597
7 0 0 1.02831

3
1 2 3 0.955398
2 0 0 0.823644
3 0 0 0.906478

1
1 0 0 0.904717

5
1 4 1 0.975339
2 0 0 1.00532
3 6 2642 0.967874
6 0 0 1.01107
7 0 0 0.999444

3
1 2 4 0.869563
2 0 0 0.83775
3 0 0 0.92843

1
1 0 0 0.794161

3
1 5 1 0.831525
2 0 0 1.14709
3 0 0 0.84012

3
1 0 5703 0.895493
2 0 0 0.948107
3 0 0 0.803573

1
1 0 0 0.719776

3
1 1 1 0.909911
2 0 0 1.01898
3 0 0 0.993311

3
1 0 168 0.783867
2 0 0 1.02241
3 0 0 0.86453

3
1 2 4 0.853276
2 0 0 0.793114
3 0 0 1.05817

5
1 2 1 0.889208
2 0 0 0.960164
3 4 1 0.860457
6 0 0 0.781267
7 0 0 1.20909

3
1 1 1 0.96988
2 0 0 0.954098
3 0 0 0.854457

3
1 5 1 0.833774
2 0 0 0.930532
3 0 0 0.725126

5
1 6 30 0.726356
2 2 2 1.03989
4 0 0 1.00362
5 0 0 1.0402
3 0 0 0.860184

3
1 4 1 0.921622
2 0 0 0.808124
3 0 0 1.03599

1
1 0 0 0.690812

3
1 1 1 0.837166
2 0 0 0.962947
3 0 0 0.84669

3
1 0 4500 0.819699
2 0 0 0.855642
3 0 0 0.930532

3
1 5 1 0.809252
2 0 0 0.889258
3 0 0 0.868474

3
1 1 1 0.793673
2 0 0 1.05357
3 0 0 0.75091

3
1 1 1 0.873165
2 0 0 0.966391
3 0 0 0.859698

3
1 2 4 0.857042
2 0 0 0.942827
3 0 0 1.00964

3
1 0 8625 0.875575
2 0 0 0.861606
3 0 0 0.969372

1
1 0 0 0.835244

3
1 5 1 0.860305
2 0 0 0.963863
3 0 0 0.858712

3
1 5 1 0.86041
2 0 0 0.924008
3 0 0 0.795448

5
1 0 89 0.857304
2 6 2607 0.975988
4 0 0 0.888304
5 0 0 1.01371
3 0 0 0.765774

3
1 5 1 0.922184
2 0 0 0.934644
3 0 0 0.764662

3
1 1 1 0.884126
2 0 0 0.96592
3 0 0 0.856378

3
1 5 1 0.95632
2 0 0 1.01336
3 0 0 0.918056

3
1 1 2 0.894325
2 0 0 0.864224
3 0 0 0.908746

3
1 5 1 0.810839
2 0 0 0.968754
3 0 0 0.861101

5
1 1 1 0.839037
2 0 2905 0.946042
4 0 0 0.987878
5 0 0 0.94626
3 0 0 0.826431

1
1 0 0 0.837902

3
1 5 1 0.882275
2 0 0 0.887576
3 0 0 0.758961

5
1 5 1 0.820708
2 0 0 0.881316
3 6 3331 0.866479
6 0 0 0.874624
7 0 0 0.942171

3
1 4 1 0.929331
2 0 0 0.827345
3 0 0 0.992073

5
1 1 2 0.870332
2 2 3 1.00824
4 0 0 1.08243
5 0 0 0.996387
3 0 0 0.876076

1
1 0 0 0.885373

1
1 0 0 0.814818

3
1 5 1 0.889639
2 0 0 0.932434
3 0 0 0.792753

3
1 4 1 0.870101
2 0 0 0.875734
3 0 0 0.968757

5
1 5 1 0.821999
2 0 2463 0.994397
4 0 0 0.961373
5 0 0 1.0033
3 0 0 0.770742

5
1 5 1 0.861303
2 0 3290 0.970394
4 0 0 1.07216
5 0 0 0.946049
3 0 0 0.780774

5
1 1 2 0.862571
2 0 0 0.791486
3 6 4849 0.995201
6 0 0 0.893128
7 0 0 0.901781

1
1 0 0 0.835364

3
1 0 3281 0.846314
2 0 0 0.85007
3 0 0 0.812076

3
1 5 1 0.85342
2 0 0 0.905714
3 0 0 0.752059

1
1 0 0 0.858492

3
1 5 1 0.882572
2 0 0 0.932421
3 0 0 0.849614

3
1 1 1 1.09527
2 0 0 1.04106
3 0 0 1.01887

5
1 5 1 0.862911
2 0 7830 1.10148
4 0 0 1.07048
5 0 0 0.926798
3 0 0 0.900965

1
1 0 0 0.853276

3
1 5 1 0.790924
2 0 0 0.846078
3 0 0 0.778009

1
1 0 0 0.821485

3
1 0 2272 0.89141
2 0 0 0.957191
3 0 0 0.892527

1
1 0 0 0.754965

5
1 1 2 0.896603
2 0 0 0.910591
3 6 3881 1.03802
6 0 0 1.06077
7 0 0 0.973638

3
1 0 7180 0.830528
2 0 0 0.80935
3 0 0 0.965626

1
1 0 0 0.878339

3
1 2 3 0.936729
2 0 0 0.881061
3 0 0 0.904829

3
1 1 1 0.927973
2 0 0 0.971898
3 0 0 0.846159

3
1 6 2891 0.864393
2 0 0 1.04784
3 0 0 0.851816

1
1 0 0 0.827444

5
1 5 1 0.882606
2 0 5866 1.01853
4 0 0 0.923949
5 0 0 0.952293
3 0 0 0.85146

3
1 2 1 0.931454
2 0 0 0.909741
3 0 0 0.901759

3
1 0 6918 0.956004
2 0 0 0.961549
3 0 0 0.960817

3
1 1 2 0.811702
2 0 0 0.755222
3 0 0 0.901018

1
1 0 0 0.88813

5
1 6 1468 0.906986
2 6 904 0.844383
4 0 0 0.936057
5 0 0 0.999951
3 0 0 0.915288

1
1 0 0 0.801677

1
1 0 0 0.89364

1
1 0 0 0.804957

3
1 0 983 0.859965
2 0 0 0.993517
3 0 0 0.783384

3
1 1 1 0.932054
2 0 0 0.908897
3 0 0 0.776126

1
1 0 0 0.829104

1
1 0 0 0.8645

1
1 0 0 0.799983

1
1 0 0 0.893206

3
1 4 1 0.936158
2 0 0 0.836566
3 0 0 0.969668

3
1 5 1 0.862296
2 0 0 1.05379
3 0 0 0.907104

3
1 0 382 0.803347
2 0 0 1.01027
3 0 0 0.857465

3
1 4 1 0.866587
2 0 0 0.908073
3 0 0 0.888944

3
1 0 961 0.895348
2 0 0 0.993127
3 0 0 0.818245

3
1 2 3 0.954555
2 0 0 0.853271
3 0 0 0.922956

3
1 1 1 0.854519
2 0 0 1.12794
3 0 0 0.947758

3
1 1 2 0.865441
2 0 0 0.959698
3 0 0 0.984955

3
1 0 3761 0.872048
2 0 0 0.877424
3 0 0 0.885373

3
1 1 1 0.880793
2 0 0 0.961804
3 0 0 0.734742

1
1 0 0 0.835507

1
1 0 0 0.890748

3
1 0 360 0.816541
2 0 0 0.982064
3 0 0 0.857489

3
1 6 2410 0.891591
2 0 0 0.903279
3 0 0 0.965144

3
1 0 146 0.783018
2 0 0 1.10199
3 0 0 0.841093

5
1 2 1 0.926359
2 6 4595 1.03455
4 0 0 1.05126
5 0 0 0.803911
3 0 0 0.908676

1
1 0 0 0.835401

3
1 5 1 0.823886
2 0 0 0.928772
3 0 0 0.805835

3
1 4 1 0.85154
2 0 0 0.788491
3 0 0 0.921348

5
1 1 2 0.887999
2 0 0 0.859031
3 2 4 1.02312
6 0 0 1.10191
7 0 0 1.1127

3
1 4 1 0.911491
2 0 0 0.87369
3 0 0 1.02606

3
1 1 1 0.83052
2 0 0 0.961224
3 0 0 0.868008

1
1 0 0 0.850754

3
1 1 2 0.829259
2 0 0 0.813439
3 0 0 0.844209

3
1 1 1 0.865302
2 0 0 0.962482
3 0 0 0.792283

3
1 0 2722 0.91482
2 0 0 0.920359
3 0 0 0.819748

3
1 0 7830 0.877672
2 0 0 1.03053
3 0 0 1.07881

3
1 4 1 0.845941
2 0 0 0.857518
3 0 0 1.10725

3
1 1 2 0.840063
2 0 0 0.755881
3 0 0 0.971252

5
1 5 1 0.855585
2 6 2882 1.08078
4 0 0 1.13799
5 0 0 1.07315
3 0 0 0.782702

3
1 6 1069 0.8044
2 0 0 0.838873
3 0 0 0.851894

3
1 0 120 0.846484
2 0 0 0.931836
3 0 0 0.807027

3
1 2 3 0.965291
2 0 0 0.869306
3 0 0 0.989095

1
1 0 0 0.908881

1
1 0 0 0.797732

3
1 0 176 0.953928
2 0 0 1.0117
3 0 0 0.937593

5
1 6 3935 0.884128
2 1 2 0.892917
4 0 0 0.858746
5 0 0 0.965779
3 0 0 1.02751

1
1 0 0 0.777369

1
1 0 0 0.843829

3
1 5 1 0.891612
2 0 0 0.99457
3 0 0 0.835803

1
1 0 0 0.831127

1
1 0 0 0.811063

1
1 0 0 0.826572

3
1 4 1 0.842194
2 0 0 0.807947
3 0 0 0.878908

7
1 2 1 0.861245
2 6 3605 1.06811
4 0 4405 1.04036
8 0 0 1.16425
9 0 0 1.06813
5 0 0 1.02994
3 0 0 0.891651

3
1 5 1 0.922078
2 0 0 1.02845
3 0 0 0.832625

3
1 0 272 0.83679
2 0 0 0.908234
3 0 0 0.731092

3
1 5 1 0.964823
2 0 0 0.86858
3 0 0 0.917615

3
1 6 838 0.893713
2 0 0 1.00981
3 0 0 0.900974

3
1 1 1 0.904123
2 0 0 0.938345
3 0 0 0.87411

3
1 6 206 0.800729
2 0 0 0.967223
3 0 0 0.894387

3
1 2 3 0.855457
2 0 0 0.910864
3 0 0 0.842357

3
1 5 1 0.898226
2 0 0 0.946443
3 0 0 0.74063

3
1 0 130 0.823922
2 0 0 0.965544
3 0 0 0.84181

3
1 0 1075 0.918402
2 0 0 0.979816
3 0 0 0.875155

3
1 4 1 0.843173
2 0 0 0.839725
3 0 0 0.903231

3
1 5 1 0.820708
2 0 0 1.10607
3 0 0 0.826028

1
1 0 0 0.8673

3
1 4 1 0.892391
2 0 0 0.922642
3 0 0 0.96476

3
1 1 1 0.839306
2 0 0 0.917613
3 0 0 0.792372

3
1 1 2 0.891835
2 0 0 0.959221
3 0 0 0.980384

3
1 1 1 0.987963
2 0 0 0.947697
3 0 0 0.790075

1
1 0 0 0.857774

3
1 6 2208 0.930518
2 0 0 0.893255
3 0 0 0.929948

3
1 0 569 0.768431
2 0 0 0.885041
3 0 0 0.86908

3
1 6 171 0.79709
2 0 0 0.922283
3 0 0 0.795568

3
1 0 44 0.837613
2 0 0 0.916408
3 0 0 0.877911

3
1 5 1 0.923415
2 0 0 1.03224
3 0 0 0.888706

1
1 0 0 0.757921

1
1 0 0 0.854176

3
1 5 1 0.90908
2 0 0 1.00865
3 0 0 0.7414

3
1 1 1 1.09527
2 0 0 1.06185
3 0 0 0.747279

1
1 0 0 0.793092

3
1 1 1 0.872145
2 0 0 0.9025
3 0 0 0.881565

3
1 1 2 0.948255
2 0 0 0.86217
3 0 0 0.951994

3
1 0 837 0.812573
2 0 0 1.11469
3 0 0 0.800691

3
1 6 2802 0.900013
2 0 0 0.983288
3 0 0 0.878888

1
1 0 0 0.866792

1
1 0 0 0.782923

3
1 6 1307 0.917299
2 0 0 1.0219
3 0 0 0.893788

1
1 0 0 0.907801

3
1 2 4 0.798468
2 0 0 0.865283
3 0 0 1.05033

3
1 5 1 0.913342
2 0 0 1.00433
3 0 0 0.860289

1
1 0 0 0.845955

3
1 0 9314 0.844073
2 0 0 0.835967
3 0 0 0.970559

1
1 0 0 0.804758

3
1 5 1 0.800916
2 0 0 0.948988
3 0 0 0.897799

1
1 0 0 0.833445

1
1 0 0 0.82512

1
1 0 0 0.817336

3
1 6 2878 0.850899
2 0 0 1.03101
3 0 0 0.972425

3
1 5 1 0.851717
2 0 0 0.956862
3 0 0 0.864778

5
1 0 1439 0.951626
2 0 0 0.901024
3 1 2 0.941804
6 0 0 0.945956
7 0 0 0.924172

3
1 5 1 0.891066
2 0 0 0.931832
3 0 0 0.82856

1
1 0 0 0.955356

3
1 4 1 0.850221
2 0 0 0.905105
3 0 0 1.01516

1
1 0 0 0.812331

3
1 4 1 0.776555
2 0 0 0.79304
3 0 0 0.869811

1
1 0 0 0.781465

3
1 1 1 0.797083
2 0 0 1.05512
3 0 0 0.92282

1
1 0 0 0.815764

3
1 5 1 0.940261
2 0 0 0.939281
3 0 0 0.840577

3
1 5 1 0.890843
2 0 0 1.01313
3 0 0 0.799424

1
1 0 0 0.80037

3
1 0 240 0.769563
2 0 0 0.915871
3 0 0 0.749418

3
1 4 1 0.940489
2 0 0 0.899018
3 0 0 0.992776

3
1 0 8763 0.837506
2 0 0 0.848927
3 0 0 0.87547

1
1 0 0 0.818808

3
1 6 22 0.81093
2 0 0 1.13723
3 0 0 0.879562

3
1 5 1 0.908604
2 0 0 0.977124
3 0 0 0.842427

9
1 0 3296 0.924873
2 0 0 0.938065
3 0 5282 0.917981
6 0 0 1.09196
7 1 1 0.999925
14 0 0 0.981809
15 1 2 1.0206
30 0 0 0.978136
31 0 0 1.00391

3
1 5 1 0.860731
2 0 0 0.967248
3 0 0 0.806912

3
1 5 1 0.834931
2 0 0 0.974791
3 0 0 0.783349

5
1 2 3 0.91895
2 0 0 0.885048
3 2 4 0.959956
6 0 0 0.89266
7 0 0 0.967836

3
1 5 1 0.77864
2 0 0 0.93552
3 0 0 0.741095

3
1 6 2794 0.794856
2 0 0 0.857252
3 0 0 0.787451

1
1 0 0 0.810963

5
1 0 2573 0.921103
2 6 4104 0.88886
4 0 0 1.02722
5 0 0 0.986007
3 0 0 0.896279

3
1 5 1 0.864406
2 0 0 1.0363
3 0 0 0.848755

1
1 0 0 0.994141

3
1 4 1 0.789776
2 0 0 0.778891
3 0 0 0.942805

1
1 0 0 0.79118

3
1 2 2 0.972565
2 0 0 0.858925
3 0 0 0.960977

3
1 1 2 0.942888
2 0 0 0.977439
3 0 0 0.927479

1
1 0 0 0.84213

3
1 0 9377 0.806333
2 0 0 0.915787
3 0 0 0.995579

1
1 0 0 0.821387

5
1 1 1 0.898129
2 0 0 1.01333
3 4 1 0.975087
6 0 0 0.841105
7 0 0 0.950988

5
1 5 1 0.951985
2 2 2 1.05296
4 0 0 0.860534
5 0 0 0.985943
3 0 0 0.77272

3
1 0 5773 0.911391
2 0 0 0.902429
3 0 0 0.997567

3
1 6 247 0.759221
2 0 0 0.96109
3 0 0 0.845688

3
1 1 1 0.858993
2 0 0 1.00813
3 0 0 0.77608

3
1 2 1 0.872214
2 0 0 1.05559
3 0 0 0.841526

3
1 2 1 0.856938
2 0 0 0.845747
3 0 0 0.933115

5
1 0 4883 0.868319
2 0 0 0.844822
3 6 3198 0.929017
6 0 0 0.880428
7 0 0 0.90662

1
1 0 0 0.760768

3
1 4 1 0.855003
2 0 0 0.797289
3 0 0 0.99406

3
1 2 3 0.835336
2 0 0 0.798078
3 0 0 0.963506

3
1 1 2 0.798499
2 0 0 0.895869
3 0 0 1.02803

3
1 5 1 0.908235
2 0 0 1.04593
3 0 0 0.834528

3
1 6 62 0.901898
2 0 0 1.26314
3 0 0 0.840957

3
1 5 1 0.869254
2 0 0 0.908106
3 0 0 1.08838

1
1 0 0 0.84316

3
1 4 1 0.842194
2 0 0 0.806705
3 0 0 1.007

1
1 0 0 0.77524

1
1 0 0 0.852929

3
1 6 2592 0.860242
2 0 0 0.848307
3 0 0 0.896913

1
1 0 0 0.782587

1
1 0 0 0.718209

3
1 4 1 0.906646
2 0 0 0.907401
3 0 0 1.05934

1
1 0 0 0.892628

3
1 1 2 0.863986
2 0 0 0.824492
3 0 0 0.933214

3
1 1 1 0.891339
2 0 0 0.912826
3 0 0 0.846133

3
1 5 1 0.868205
2 0 0 0.910537
3 0 0 0.87244

1
1 0 0 0.805799

3
1 5 1 0.797132
2 0 0 1.05435
3 0 0 0.828867

3
1 4 1 0.783646
2 0 0 0.829908
3 0 0 1.01423

3
1 6 71 0.797163
2 0 0 1.00091
3 0 0 0.7924

3
1 4 1 0.875676
2 0 0 0.873437
3 0 0 0.905454

3
1 4 1 0.904341
2 0 0 0.849856
3 0 0 0.967248

5
1 6 4923 0.891037
2 0 0 0.912154
3 0 2239 0.875973
6 0 0 0.943184
7 0 0 0.99785

3
1 5 1 0.897189
2 0 0 0.846203
3 0 0 0.946041

3
1 1 1 0.95006
2 0 0 0.920673
3 0 0 0.853594

3
1 6 3387 0.85796
2 0 0 0.997051
3 0 0 0.895841

7
1 6 104 0.896587
2 1 2 1.11627
4 0 0 1.00875
5 6 70 1.00796
10 0 0 0.944668
11 0 0 0.984915
3 0 0 0.857662

1
1 0 0 0.88492

3
1 5 1 0.910229
2 0 0 0.986505
3 0 0 0.853605

3
1 2 1 0.857653
2 0 0 0.980837
3 0 0 0.826129

3
1 6 2440 0.900142
2 0 0 1.00919
3 0 0 0.836012

3
1 1 1 0.82635
2 0 0 0.950106
3 0 0 0.778999

3
1 5 1 1.05548
2 0 0 1.0322
3 0 0 0.720502

5
1 5 1 0.775281
2 0 0 1.10085
3 4 1 0.956574
6 0 0 0.933432
7 0 0 0.886842

5
1 5 1 0.753066
2 0 0 0.950295
3 4 1 0.813765
6 0 0 0.837252
7 0 0 0.858037

3
1 1 1 0.872145
2 0 0 0.914301
3 0 0 0.77055

1
1 0 0 0.779435

3
1 0 587 0.892509
2 0 0 1.04228
3 0 0 0.797489

1
1 0 0 0.736135

3
1 0 2508 0.865489
2 0 0 0.961084
3 0 0 0.83715

3
1 5 1 0.911425
2 0 0 0.89405
3 0 0 0.751875

5
1 1 1 0.9094
2 0 0 1.02105
3 6 5323 0.907077
6 0 0 0.906795
7 0 0 1.02351

3
1 5 1 0.84457
2 0 0 1.01248
3 0 0 0.790761

3
1 1 1 0.863241
2 0 0 0.936526
3 0 0 0.906675

3
1 1 2 0.898951
2 0 0 0.797825
3 0 0 0.979691

3
1 5 1 0.90983
2 0 0 1.06779
3 0 0 0.884386

3
1 1 1 0.925381
2 0 0 1.02387
3 0 0 0.757981

5
1 4 1 1.00086
2 0 0 0.935285
3 2 2 1.0409
6 0 0 0.977384
7 0 0 1.12741

3
1 0 265 0.820386
2 0 0 1.14735
3 0 0 0.843087

1
1 0 0 0.859204

3
1 5 1 0.861655
2 0 0 0.97533
3 0 0 0.847847

1
1 0 0 0.827899

3
1 6 152 0.862107
2 0 0 0.928558
3 0 0 0.82071

5
1 6 3831 0.857276
2 5 1 0.858409
4 0 0 0.91813
5 0 0 0.843616
3 0 0 0.91866

5
1 6 3037 0.892139
2 2 2 0.953263
4 0 0 0.982995
5 0 0 0.952072
3 0 0 0.882235

3
1 6 191 0.818225
2 0 0 0.864194
3 0 0 0.767121

1
1 0 0 0.90174

5
1 0 7532 0.933767
2 0 0 0.879408
3 6 4273 0.90165
6 0 0 0.914123
7 0 0 0.928127

5
1 0 2612 0.96602
2 0 0 0.997207
3 6 1410 0.98412
6 0 0 1.07903
7 0 0 1.01007

3
1 1 2 0.806662
2 0 0 0.843165
3 0 0 0.917012

3
1 6 3211 0.890975
2 0 0 0.912728
3 0 0 0.941042

3
1 6 3169 0.865882
2 0 0 0.858335
3 0 0 0.85426

1
1 0 0 0.850661

1
1 0 0 0.817506

3
1 1 1 0.853378
2 0 0 1.04066
3 0 0 0.818033

5
1 1 2 0.850406
2 0 0 0.86121
3 0 5048 0.898043
6 0 0 0.869937
7 0 0 0.841571

1
1 0 0 0.732127

1
1 0 0 0.765093

3
1 1 1 0.931905
2 0 0 1.07922
3 0 0 0.876323

3
1 0 9984 0.844864
2 0 0 0.829116
3 0 0 0.973664

3
1 2 4 0.866508
2 0 0 0.788642
3 0 0 0.999178

3
1 1 1 0.893387
2 0 0 0.953382
3 0 0 0.815098

3
1 4 1 0.865955
2 0 0 0.782837
3 0 0 1.0586

3
1 2 4 0.899956
2 0 0 0.879489
3 0 0 0.939151

3
1 5 1 0.834931
2 0 0 0.897317
3 0 0 0.856752

3
1 5 1 0.879531
2 0 0 1.01801
3 0 0 0.839742

3
1 0 9829 0.756435
2 0 0 0.789903
3 0 0 1.03776

3
1 0 16 0.886732
2 0 0 0.882638
3 0 0 0.914765

3
1 6 1493 0.816188
2 0 0 0.953003
3 0 0 0.827995

1
1 0 0 0.857981

1
1 0 0 0.928117

5
1 6 5024 0.861276
2 0 0 0.856393
3 1 2 0.916907
6 0 0 0.921271
7 0 0 1.07247

3
1 6 4798 0.9391
2 0 0 0.837527
3 0 0 0.841891

3
1 5 1 0.83158
2 0 0 1.19723
3 0 0 0.809781

1
1 0 0 0.856108

3
1 0 7047 0.876228
2 0 0 0.819522
3 0 0 0.939357

3
1 5 1 0.833515
2 0 0 0.962313
3 0 0 0.808834

3
1 6 1828 0.830489
2 0 0 0.880516
3 0 0 0.853008

3
1 1 1 0.842501
2 0 0 1.04576
3 0 0 0.775676

5
1 0 2018 0.906055
2 6 515 0.917439
4 0 0 1.03705
5 0 0 0.971339
3 0 0 0.899145

3
1 0 3560 0.820254
2 0 0 0.808781
3 0 0 0.852024

3
1 6 86 0.894131
2 0 0 1.02201
3 0 0 0.825457

3
1 0 4491 0.963091
2 0 0 0.94663
3 0 0 0.911678

3
1 6 4940 0.886476
2 0 0 0.880806
3 0 0 0.985501

3
1 1 1 0.876672
2 0 0 0.934163
3 0 0 0.855407

9
1 6 2209 0.934519
2 5 1 0.945481
4 6 2062 0.843706
8 0 0 0.970975
9 0 0 1.0212
5 0 6101 0.957321
10 0 0 0.904351
11 0 0 0.911808
3 0 0 0.938965

3
1 5 1 0.869073
2 0 0 0.913765
3 0 0 0.928953

3
1 0 6688 0.854129
2 0 0 0.921171
3 0 0 0.973993

5
1 1 2 0.851474
2 0 0 0.782186
3 2 2 0.939141
6 0 0 0.875802
7 0 0 1.01104

1
1 0 0 0.762412

7
1 0 513 0.822605
2 5 1 1.04048
4 2 1 1.03252
8 0 0 0.84289
9 0 0 1.02152
5 0 0 1.01787
3 0 0 0.87405

3
1 4 1 0.917729
2 0 0 0.907499
3 0 0 0.983616

3
1 0 8991 0.884331
2 0 0 0.914999
3 0 0 1.01117

3
1 5 1 0.873538
2 0 0 0.928803
3 0 0 0.822253

3
1 4 1 0.838544
2 0 0 0.815893
3 0 0 0.965945

3
1 4 1 0.9688
2 0 0 0.854158
3 0 0 0.981679

3
1 5 1 0.922791
2 0 0 0.907091
3 0 0 0.943467

1
1 0 0 0.808729

3
1 1 1 0.796443
2 0 0 1.13186
3 0 0 0.887651

3
1 5 1 0.855134
2 0 0 0.825299
3 0 0 0.730543

1
1 0 0 0.77986

3
1 1 1 0.897193
2 0 0 0.926916
3 0 0 0.878687

5
1 1 2 0.82869
2 0 0 0.919809
3 2 3 0.886721
6 0 0 0.902591
7 0 0 1.03277

1
1 0 0 0.745816

3
1 0 2616 0.868758
2 0 0 0.970044
3 0 0 0.885452

1
1 0 0 0.872707

3
1 6 1705 0.905405
2 0 0 0.919119
3 0 0 0.941194

3
1 0 773 0.811421
2 0 0 0.934452
3 0 0 0.793415

1
1 0 0 0.813817

1
1 0 0 0.741522

3
1 6 262 0.805112
2 0 0 1.06903
3 0 0 0.773137

3
1 1 2 0.87156
2 0 0 0.823155
3 0 0 0.924386

3
1 1 1 1.05495
2 0 0 0.983516
3 0 0 0.947512

3
1 6 2739 0.881549
2 0 0 1.11559
3 0 0 0.949584

3
1 1 1 0.879238
2 0 0 0.958115
3 0 0 0.868638

3
1 0 5790 0.924294
2 0 0 0.978124
3 0 0 0.89172

3
1 5 1 0.818949
2 0 0 0.934224
3 0 0 0.807913

3
1 5 1 0.796789
2 0 0 0.951305
3 0 0 0.756755

1
1 0 0 0.793613

3
1 1 1 0.89671
2 0 0 0.956752
3 0 0 0.9393

3
1 0 6650 0.934884
2 0 0 0.920537
3 0 0 0.98937

3
1 1 2 0.850664
2 0 0 0.832692
3 0 0 0.881602

1
1 0 0 0.890731

3
1 6 1082 0.87051
2 0 0 0.875821
3 0 0 0.873449

5
1 6 1217 0.919314
2 0 0 0.869623
3 5 1 0.922697
6 0 0 0.971306
7 0 0 0.873437

5
1 1 1 0.872145
2 6 4702 1.06305
4 0 0 0.958486
5 0 0 1.0154
3 0 0 0.737116

3
1 6 2982 0.921894
2 0 0 0.895614
3 0 0 0.833747

3
1 2 1 0.881117
2 0 0 1.02729
3 0 0 0.931547

3
1 2 3 0.938658
2 0 0 0.977801
3 0 0 0.939778

3
1 4 1 0.913458
2 0 0 0.872159
3 0 0 0.891113

1
1 0 0 0.783242

1
1 0 0 0.805368

5
1 1 1 0.832305
2 0 0 1.02758
3 1 2 0.942075
6 0 0 0.789661
7 0 0 0.977723

1
1 0 0 0.73275

3
1 5 1 0.841027
2 0 0 0.948324
3 0 0 0.717669

7
1 1 2 0.897425
2 0 0 0.743434
3 0 2796 0.981074
6 0 0 0.926835
7 6 628 1.14355
14 0 0 0.971121
15 0 0 1.04931

3
1 1 1 0.925381
2 0 0 1.04604
3 0 0 0.811956

7
1 6 2587 0.844729
2 0 0 0.920295
3 4 1 0.871335
6 0 8868 0.904785
12 0 0 0.896013
13 0 0 0.9969
7 0 0 0.979129

3
1 1 2 0.908526
2 0 0 0.808928
3 0 0 0.880045

3
1 1 1 0.860706
2 0 0 1.0075
3 0 0 0.893939

3
1 6 4682 0.8596
2 0 0 0.739745
3 0 0 0.901983

1
1 0 0 0.802944

3
1 5 1 0.950162
2 0 0 1.00567
3 0 0 0.885375

5
1 6 3831 0.857276
2 6 624 1.00226
4 0 0 0.972137
5 0 0 0.993944
3 0 0 0.877349

5
1 1 2 0.804634
2 0 0 0.807561
3 0 4859 1.03144
6 0 0 0.97691
7 0 0 0.906789

1
1 0 0 0.798378

3
1 4 1 0.892502
2 0 0 0.86275
3 0 0 1.00023

3
1 1 1 0.911167
2 0 0 0.990327
3 0 0 0.901062

1
1 0 0 0.808396

5
1 6 1527 0.908803
2 5 1 0.938882
4 0 0 1.02973
5 0 0 0.891272
3 0 0 0.881596

3
1 0 2629 0.914521
2 0 0 1.15253
3 0 0 0.939946

3
1 0 2305 0.828111
2 0 0 0.899806
3 0 0 0.907282

3
1 1 1 0.909323
2 0 0 1.06614
3 0 0 0.844452

5
1 6 5346 0.808611
2 0 0 0.785128
3 0 9390 0.867557
6 0 0 1.01754
7 0 0 1.06701

3
1 1 1 0.853378
2 0 0 0.992484
3 0 0 0.805583

7
1 2 2 0.902835
2 0 0 0.975604
3 1 2 0.937076
6 0 1392 0.856957
12 0 0 1.01182
13 0 0 0.825582
7 0 0 0.937972

3
1 0 7897 0.889768
2 0 0 0.914821
3 0 0 0.973336

3
1 5 1 0.78608
2 0 0 1.07592
3 0 0 0.801039

3
1 2 3 0.904641
2 0 0 0.863684
3 0 0 0.932325

1
1 0 0 0.81778

1
1 0 0 0.767098

3
1 6 3395 0.956187
2 0 0 1.0496
3 0 0 0.871357

3
1 2 2 1.05008
2 0 0 0.881499
3 0 0 0.955592

7
1 2 4 0.864456
2 4 1 0.972979
4 0 0 0.980747
5 0 0 1.00948
3 5 1 0.975181
6 0 0 1.00187
7 0 0 1.06985

3
1 1 1 0.80248
2 0 0 1.04349
3 0 0 0.862976

3
1 0 58 0.838561
2 0 0 0.998613
3 0 0 0.880705

3
1 5 1 1.00298
2 0 0 1.00691
3 0 0 0.814901

5
1 1 1 0.888427
2 6 19 0.984267
4 0 0 1.07702
5 0 0 1.0105
3 0 0 0.815434

3
1 2 3 0.83298
2 0 0 0.764673
3 0 0 0.916853

3
1 6 79 0.797349
2 0 0 1.00044
3 0 0 0.806139

3
1 6 887 0.919193
2 0 0 0.901961
3 0 0 0.959269

3
1 1 1 0.894291
2 0 0 1.07951
3 0 0 0.803088

3
1 1 2 0.912361
2 0 0 0.794966
3 0 0 0.972808

3
1 5 1 0.913821
2 0 0 0.988164
3 0 0 0.776302

3
1 0 7801 0.869698
2 0 0 0.858752
3 0 0 0.883029

5
1 0 9513 0.906855
2 0 0 0.873469
3 5 1 0.867476
6 0 0 0.947313
7 0 0 1.03566

3
1 4 1 0.921446
2 0 0 0.805197
3 0 0 1.08397

3
1 5 1 0.871743
2 0 0 1.06827
3 0 0 0.832934

3
1 5 1 0.869401
2 0 0 0.826667
3 0 0 0.88478

1
1 0 0 0.781525

3
1 6 2783 0.937426
2 0 0 1.03619
3 0 0 1.00761

3
1 5 1 0.905173
2 0 0 1.0775
3 0 0 0.765721

3
1 2 4 0.825798
2 0 0 0.949
3 0 0 0.980899

3
1 1 1 0.862557
2 0 0 0.957166
3 0 0 0.766478

3
1 6 2394 0.944857
2 0 0 0.871774
3 0 0 1.02655

1
1 0 0 0.789132

1
1 0 0 0.743797

3
1 1 1 1.01086
2 0 0 0.945476
3 0 0 0.78972

3
1 2 2 0.865223
2 0 0 0.952421
3 0 0 0.856005

3
1 5 1 0.875172
2 0 0 0.986349
3 0 0 0.838472

1
1 0 0 0.805068

7
1 2 1 0.931294
2 4 1 0.909447
4 0 0 0.914628
5 0 0 0.989005
3 6 1254 1.00712
6 0 0 0.950294
7 0 0 0.92099

3
1 5 1 0.878911
2 0 0 0.991212
3 0 0 0.886531

5
1 6 2911 0.8395
2 4 1 0.972107
4 0 0 0.982828
5 0 0 0.96671
3 0 0 0.756325

5
1 1 2 0.872624
2 5 1 0.905955
4 0 0 1.04477
5 0 0 0.850845
3 0 0 0.945487

1
1 0 0 0.806885

5
1 4 1 0.845204
2 5 1 0.929701
4 0 0 0.86172
5 0 0 0.875591
3 0 0 0.836051

5
1 1 2 0.868978
2 0 0 0.92855
3 2 1 1.00656
6 0 0 0.89085
7 0 0 1.10271

3
1 0 329 0.896439
2 0 0 1.0783
3 0 0 0.800758

5
1 1 2 0.800422
2 0 1394 0.995475
4 0 0 0.861343
5 0 0 0.943458
3 0 0 0.917004

3
1 5 1 0.87462
2 0 0 1.03323
3 0 0 0.864791

3
1 0 1100 0.842587
2 0 0 0.996321
3 0 0 0.80285

3
1 4 1 0.828977
2 0 0 0.870273
3 0 0 0.975362

3
1 1 1 0.806145
2 0 0 0.943633
3 0 0 0.858103

1
1 0 0 0.78298

3
1 0 1168 0.840914
2 0 0 0.896629
3 0 0 0.895917

3
1 4 1 0.971349
2 0 0 0.901208
3 0 0 1.04823

1
1 0 0 0.792811

5
1 1 1 0.923639
2 0 938 0.956474
4 0 0 0.883177
5 0 0 0.934612
3 0 0 0.918593

3
1 4 1 0.8371
2 0 0 0.844984
3 0 0 0.908483

1
1 0 0 0.814016

1
1 0 0 0.797888

1
1 0 0 0.763076

5
1 1 2 0.826617
2 0 0 0.800768
3 0 7860 0.949661
6 0 0 0.859801
7 0 0 1.02258

3
1 5 1 0.885154
2 0 0 0.97406
3 0 0 0.889729

3
1 0 2752 0.873319
2 0 0 0.988281
3 0 0 0.832807

1
1 0 0 0.8692

3
1 2 1 0.841268
2 0 0 1.01031
3 0 0 0.920981

1
1 0 0 0.800144

3
1 2 4 0.766064
2 0 0 0.837539
3 0 0 0.91777

3
1 5 1 0.950013
2 0 0 0.89829
3 0 0 0.873174

1
1 0 0 0.854808

3
1 5 1 0.796439
2 0 0 0.992875
3 0 0 0.831174

5
1 6 1760 0.888912
2 0 0 0.945071
3 1 1 0.916624
6 0 0 0.839503
7 0 0 0.992001

3
1 6 3582 0.866117
2 0 0 0.789713
3 0 0 0.918862

3
1 1 1 0.872145
2 0 0 1.02463
3 0 0 0.756963

1
1 0 0 0.81399

3
1 4 1 0.901243
2 0 0 0.823316
3 0 0 0.934397

3
1 5 1 0.785368
2 0 0 1.03155
3 0 0 0.878406

3
1 4 1 0.971852
2 0 0 0.843445
3 0 0 0.976057

3
1 6 4698 0.896517
2 0 0 1.02511
3 0 0 0.869717

1
1 0 0 0.987904

3
1 1 1 0.832305
2 0 0 0.868835
3 0 0 0.898308

3
1 4 1 0.896055
2 0 0 0.905574
3 0 0 0.889064

1
1 0 0 0.870089

3
1 4 1 0.810939
2 0 0 0.800415
3 0 0 0.845105

1
1 0 0 0.728766

3
1 5 1 0.948499
2 0 0 1.0335
3 0 0 0.773853

3
1 6 1381 0.848457
2 0 0 1.01437
3 0 0 0.756863

3
1 5 1 0.867539
2 0 0 1.10134
3 0 0 0.906642

1
1 0 0 0.803321

1
1 0 0 0.838993

1
1 0 0 0.831113

3
1 0 236 0.921661
2 0 0 1.10206
3 0 0 0.927493

3
1 1 1 0.883366
2 0 0 1.03747
3 0 0 0.852816

3
1 2 3 0.85873
2 0 0 0.818235
3 0 0 0.806847

3
1 6 4404 0.829463
2 0 0 0.852133
3 0 0 0.876957

1
1 0 0 0.813551

3
1 2 4 0.839791
2 0 0 0.759159
3 0 0 0.890253

5
1 6 83 0.811178
2 0 1829 1.00889
4 0 0 1.04315
5 0 0 1.05295
3 0 0 0.812333

1
1 0 0 0.939878

3
1 4 1 0.863423
2 0 0 0.860417
3 0 0 0.978947

5
1 6 179 0.878128
2 0 8297 1.04441
4 0 0 1.09592
5 0 0 1.01333
3 0 0 0.799287

3
1 6 3312 0.862208
2 0 0 0.923939
3 0 0 0.858818

3
1 4 1 0.869682
2 0 0 0.820726
3 0 0 1.02653

3
1 2 3 0.889031
2 0 0 0.898119
3 0 0 0.903615

3
1 5 1 0.95999
2 0 0 1.01177
3 0 0 0.886647

3
1 0 7904 0.843628
2 0 0 0.905483
3 0 0 1.03809

3
1 5 1 0.961077
2 0 0 0.926832
3 0 0 0.799076

3
1 6 4744 0.878675
2 0 0 1.00334
3 0 0 0.922961

5
1 2 2 0.836123
2 0 1446 0.946203
4 0 0 1.01731
5 0 0 0.879011
3 0 0 0.954501

3
1 2 4 0.826246
2 0 0 0.772211
3 0 0 1.01439

3
1 1 1 0.883127
2 0 0 1.02952
3 0 0 0.905273

5
1 0 5245 0.922967
2 0 0 0.937676
3 0 6359 0.927739
6 0 0 0.958868
7 0 0 0.918003

3
1 1 1 0.842886
2 0 0 0.913448
3 0 0 0.863768

3
1 0 3789 0.91263
2 0 0 0.899307
3 0 0 0.920822

3
1 6 2604 0.897972
2 0 0 0.842356
3 0 0 0.903133

3
1 4 1 0.858791
2 0 0 0.719757
3 0 0 0.936354

3
1 0 645 0.902085
2 0 0 0.943182
3 0 0 0.87881

5
1 1 2 0.972712
2 5 1 0.878421
4 0 0 1.0371
5 0 0 0.899191
3 0 0 1.09505

5
1 4 1 0.903421
2 0 0 0.87106
3 0 7306 0.914767
6 0 0 0.960731
7 0 0 1.02376

1
1 0 0 0.833977

3
1 0 9682 0.884425
2 0 0 0.8951
3 0 0 1.01804

3
1 0 3170 0.884751
2 0 0 0.850363
3 0 0 0.880507

3
1 4 1 0.852782
2 0 0 0.887115
3 0 0 0.909887

3
1 1 1 0.857137
2 0 0 0.985661
3 0 0 0.876747

1
1 0 0 0.81243

3
1 5 1 0.997821
2 0 0 0.984084
3 0 0 0.813534

5
1 6 1642 0.890433
2 2 4 1.08231
4 0 0 1.03347
5 0 0 0.969453
3 0 0 0.8803

3
1 1 1 0.883895
2 0 0 0.948256
3 0 0 0.845832

5
1 5 1 0.867428
2 0 0 1.0116
3 2 3 0.838391
6 0 0 0.805894
7 0 0 0.969734

1
1 0 0 0.817484

5
1 6 4994 0.854102
2 0 0 0.817955
3 0 7055 0.886372
6 0 0 0.950612
7 0 0 0.979423

1
1 0 0 0.818106

3
1 1 1 0.9241
2 0 0 1.0475
3 0 0 0.983166

1
1 0 0 0.852534

1
1 0 0 0.862229

3
1 4 1 0.966097
2 0 0 0.949211
3 0 0 1.01486

3
1 2 4 0.899976
2 0 0 0.839064
3 0 0 1.00101

3
1 1 1 0.779079
2 0 0 1.05796
3 0 0 0.785926

1
1 0 0 0.834085

3
1 4 1 0.837805
2 0 0 0.800307
3 0 0 1.03773

3
1 5 1 0.878911
2 0 0 1.22116
3 0 0 0.742562

1
1 0 0 0.707994

3
1 1 1 0.87777
2 0 0 1.09861
3 0 0 0.78075

3
1 6 5064 0.853715
2 0 0 0.930495
3 0 0 0.956502

3
1 1 2 0.853094
2 0 0 0.759032
3 0 0 0.908231

3
1 2 4 0.918813
2 0 0 0.919364
3 0 0 0.984612

3
1 6 138 0.75037
2 0 0 1.02746
3 0 0 0.82131

1
1 0 0 0.762438

3
1 6 2396 0.897321
2 0 0 0.876844
3 0 0 0.885776

3
1 1 2 0.897847
2 0 0 0.793145
3 0 0 0.978928

5
1 1 1 0.957375
2 6 4541 1.02632
4 0 0 1.18041
5 0 0 0.974281
3 0 0 0.864695

3
1 2 1 0.871645
2 0 0 0.841669
3 0 0 0.855868

1
1 0 0 0.931772

5
1 0 1119 0.985003
2 0 0 1.12518
3 5 1 1.05709
6 0 0 1.01144
7 0 0 1.05528

1
1 0 0 0.812724

5
1 6 4870 0.846198
2 0 0 0.963522
3 4 1 1.06187
6 0 0 1.11072
7 0 0 0.951615

1
1 0 0 0.863571

1
1 0 0 0.890868

1
1 0 0 0.780373

1
1 0 0 0.905519

3
1 5 1 0.936129
2 0 0 0.980398
3 0 0 0.889348

3
1 1 1 0.951317
2 0 0 1.05421
3 0 0 0.925056

3
1 5 1 0.885154
2 0 0 0.933445
3 0 0 0.740254

1
1 0 0 0.778357

3
1 5 1 0.845641
2 0 0 0.965253
3 0 0 0.821777

1
1 0 0 0.735481

3
1 4 1 0.841767
2 0 0 0.893474
3 0 0 0.897737

1
1 0 0 0.776632

3
1 6 369 0.88097
2 0 0 0.999352
3 0 0 0.827769

5
1 6 4965 0.87552
2 0 0 0.840444
3 6 5254 0.833872
6 0 0 0.884132
7 0 0 0.972605

3
1 4 1 0.902434
2 0 0 0.868622
3 0 0 0.903896

5
1 6 2781 0.857071
2 1 1 1.04226
4 0 0 1.06554
5 0 0 1.04881
3 0 0 0.795069

1
1 0 0 0.884843

5
1 6 786 0.860524
2 0 0 0.990576
3 4 1 0.931956
6 0 0 0.876954
7 0 0 1.0648

5
1 0 2418 0.849956
2 5 1 0.973747
4 0 0 0.998834
5 0 0 0.957893
3 0 0 0.772454

3
1 4 1 0.852443
2 0 0 0.810237
3 0 0 0.918628

3
1 5 1 0.864168
2 0 0 1.01459
3 0 0 0.877169

3
1 6 29 0.850439
2 0 0 0.928154
3 0 0 0.876676

3
1 4 1 0.809009
2 0 0 0.832138
3 0 0 0.849444

1
1 0 0 0.864305

1
1 0 0 0.771079

3
1 5 1 0.952809
2 0 0 1.0424
3 0 0 0.849849

1
1 0 0 0.935222

5
1 1 1 0.915489
2 6 3955 1.08759
4 0 0 0.990437
5 0 0 1.06355
3 0 0 0.807926

3
1 1 1 0.862847
2 0 0 0.947545
3 0 0 0.856449

5
1 1 2 0.875233
2 0 0 0.871054
3 0 3905 0.952562
6 0 0 0.980184
7 0 0 1.10792

3
1 6 255 0.748536
2 0 0 1.10178
3 0 0 0.862655

1
1 0 0 0.902875

3
1 5 1 0.832196
2 0 0 0.88622
3 0 0 0.813931

3
1 0 76 0.791752
2 0 0 0.896913
3 0 0 0.761872

1
1 0 0 0.874587

3
1 5 1 0.888501
2 0 0 1.0413
3 0 0 0.945265

1
1 0 0 0.835092

1
1 0 0 0.770689

1
1 0 0 0.861059

5
1 5 1 0.865434
2 0 7753 1.05341
4 0 0 1.07165
5 0 0 1.06273
3 0 0 0.840287

3
1 5 1 0.849141
2 0 0 1.07976
3 0 0 0.843988

3
1 4 1 0.783896
2 0 0 0.821772
3 0 0 1.00976

1
1 0 0 0.811314

3
1 2 4 0.80602
2 0 0 0.814184
3 0 0 0.903177

1
1 0 0 0.82435

1
1 0 0 0.732582

3
1 4 1 0.880248
2 0 0 0.78291
3 0 0 1.06301

3
1 0 6434 0.810361
2 0 0 0.834003
3 0 0 0.994261

3
1 1 1 0.855716
2 0 0 0.997627
3 0 0 0.710952

1
1 0 0 0.820889

1
1 0 0 0.86023

1
1 0 0 0.786786

3
1 2 4 0.823103
2 0 0 0.857202
3 0 0 0.963423

1
1 0 0 0.764321

3
1 1 1 0.824146
2 0 0 0.926628
3 0 0 0.82068

3
1 4 1 0.900187
2 0 0 0.883946
3 0 0 0.99022

3
1 5 1 0.790281
2 0 0 0.899487
3 0 0 0.773071

3
1 1 1 0.919935
2 0 0 1.01445
3 0 0 0.836742

1
1 0 0 0.962968

3
1 0 724 0.987039
2 0 0 0.965544
3 0 0 0.9711

1
1 0 0 0.977197

5
1 2 1 0.883214
2 1 2 1.0637
4 0 0 0.994853
5 0 0 0.890835
3 0 0 0.909925

3
1 5 1 0.919279
2 0 0 1.00747
3 0 0 0.875106

1
1 0 0 0.797643

1
1 0 0 0.882786

3
1 6 4408 0.845428
2 0 0 0.871518
3 0 0 0.895422

5
1 1 1 0.881525
2 0 0 0.94441
3 1 2 0.940794
6 0 0 0.863014
7 0 0 0.95573

3
1 6 34 0.817891
2 0 0 1.0665
3 0 0 0.838802

3
1 1 1 0.897191
2 0 0 1.04141
3 0 0 0.825856

3
1 5 1 0.997821
2 0 0 1.00311
3 0 0 0.859592

3
1 6 3110 0.84773
2 0 0 0.882358
3 0 0 0.813145

3
1 5 1 0.936082
2 0 0 0.979739
3 0 0 0.827845

1
1 0 0 0.727862

3
1 1 2 0.805088
2 0 0 0.942945
3 0 0 0.87178

3
1 1 1 0.900396
2 0 0 1.10453
3 0 0 0.964322

3
1 2 1 0.893308
2 0 0 1.01209
3 0 0 0.885846

3
1 0 6258 0.826541
2 0 0 0.807857
3 0 0 0.86035

3
1 6 3324 0.849871
2 0 0 0.925677
3 0 0 0.924839

3
1 4 1 0.824789
2 0 0 0.79921
3 0 0 0.987569

5
1 2 4 0.905219
2 1 2 0.887447
4 0 0 0.904992
5 0 0 0.879107
3 0 0 0.899482

3
1 1 2 0.989915
2 0 0 0.897963
3 0 0 0.968052

1
1 0 0 0.836966

3
1 4 1 0.852825
2 0 0 0.811435
3 0 0 0.953156

3
1 6 5122 0.888278
2 0 0 0.909908
3 0 0 0.863515

3
1 0 4848 0.972051
2 0 0 0.962201
3 0 0 0.986304

1
1 0 0 0.798798

3
1 1 1 0.87777
2 0 0 0.851225
3 0 0 0.836183

3
1 1 1 0.886736
2 0 0 1.02019
3 0 0 0.770499

5
1 6 3378 0.853729
2 0 0 0.953035
3 4 1 0.802601
6 0 0 0.899922
7 0 0 0.986746

1
1 0 0 0.76492

3
1 5 1 0.81778
2 0 0 0.954764
3 0 0 0.830892

1
1 0 0 0.809304

3
1 1 1 0.929247
2 0 0 0.973096
3 0 0 0.78528

3
1 0 1453 0.979558
2 0 0 0.956846
3 0 0 0.922216

3
1 1 1 0.93447
2 0 0 1.02884
3 0 0 0.787417

3
1 1 1 0.866956
2 0 0 0.941385
3 0 0 0.844517

1
1 0 0 0.814924

1
1 0 0 0.830681

7
1 5 1 0.843657
2 0 0 0.984525
3 6 2805 0.851121
6 6 1527 0.86799
12 0 0 0.87866
13 0 0 0.989623
7 0 0 0.928099

3
1 4 1 0.875323
2 0 0 0.682667
3 0 0 0.919067

1
1 0 0 0.800888

5
1 1 1 0.886331
2 0 0 1.06966
3 1 2 0.941615
6 0 0 0.813127
7 0 0 0.938005

3
1 4 1 0.920605
2 0 0 0.903998
3 0 0 1.02002

3
1 0 1182 0.881605
2 0 0 1.0111
3 0 0 0.905424

3
1 1 2 0.798953
2 0 0 0.93114
3 0 0 1.00044

3
1 0 9970 0.768865
2 0 0 0.781684
3 0 0 1.14988

3
1 1 2 0.828559
2 0 0 0.785439
3 0 0 0.981063

3
1 6 5117 0.802965
2 0 0 0.84931
3 0 0 1.0006

1
1 0 0 0.863821

3
1 5 1 0.84691
2 0 0 1.04222
3 0 0 0.765579

3
1 5 1 0.86007
2 0 0 1.06451
3 0 0 0.830469

5
1 2 4 0.941946
2 0 0 0.914868
3 6 925 1.03216
6 0 0 0.90782
7 0 0 0.885552

1
1 0 0 0.819767

3
1 6 3281 0.842337
2 0 0 0.956561
3 0 0 0.829027

3
1 6 242 0.813021
2 0 0 0.901952
3 0 0 0.793371

1
1 0 0 0.854656

1
1 0 0 0.742224

5
1 5 1 0.938294
2 0 0 0.99008
3 4 1 0.890724
6 0 0 0.889592
7 0 0 0.916327

3
1 1 2 0.928613
2 0 0 0.855294
3 0 0 0.931678

3
1 5 1 0.865223
2 0 0 1.01766
3 0 0 0.808708

3
1 6 2552 0.880151
2 0 0 0.988255
3 0 0 0.878118

3
1 5 1 0.888597
2 0 0 0.93245
3 0 0 0.849852

3
1 2 4 0.835556
2 0 0 0.797943
3 0 0 0.944443

3
1 1 2 0.989764
2 0 0 0.817756
3 0 0 0.976832

1
1 0 0 0.914165

3
1 2 3 0.858134
2 0 0 0.870926
3 0 0 0.966531

3
1 5 1 0.858422
2 0 0 0.973847
3 0 0 0.793137

3
1 4 1 0.834457
2 0 0 0.898589
3 0 0 0.875146

3
1 0 7582 0.806974
2 0 0 0.798512
3 0 0 0.927141

3
1 0 330 0.876539
2 0 0 0.898968
3 0 0 0.812244

5
1 0 1055 0.923749
2 0 289 0.92353
4 0 0 0.923357
5 0 0 0.946472
3 0 0 0.939287

3
1 4 1 0.860858
2 0 0 0.814288
3 0 0 1.03573

5
1 5 1 0.896221
2 0 4227 0.962215
4 0 0 1.00961
5 0 0 0.891485
3 0 0 0.801916

3
1 4 1 0.838923
2 0 0 0.744954
3 0 0 0.913452

3
1 1 1 0.915913
2 0 0 1.01847
3 0 0 0.900434

3
1 6 3483 0.909849
2 0 0 0.925943
3 0 0 0.83428

5
1 5 1 0.900183
2 6 3399 1.03792
4 0 0 1.06934
5 0 0 0.978388
3 0 0 0.826289

1
1 0 0 0.856338

5
1 4 1 0.929013
2 2 4 0.875584
4 0 0 0.934051
5 0 0 0.998459
3 0 0 0.898357

3
1 1 1 0.862967
2 0 0 1.05214
3 0 0 0.763186

5
1 2 2 0.874229
2 0 8755 0.918582
4 0 0 0.939509
5 0 0 1.00108
3 0 0 0.882194

1
1 0 0 0.870147

1
1 0 0 0.779887

1
1 0 0 0.785914

3
1 6 115 0.941717
2 0 0 0.920098
3 0 0 1.04332

1
1 0 0 0.75871

3
1 6 4731 0.852674
2 0 0 0.862203
3 0 0 0.983197

1
1 0 0 0.934349

3
1 0 2030 0.877854
2 0 0 0.978444
3 0 0 0.871083

3
1 4 1 0.86912
2 0 0 0.763069
3 0 0 0.993486

5
1 5 1 0.941873
2 0 0 1.02724
3 6 4597 0.918653
6 0 0 0.940673
7 0 0 0.925804

1
1 0 0 0.820554

3
1 4 1 0.867231
2 0 0 0.895165
3 0 0 0.93886

3
1 1 1 0.927985
2 0 0 1.05326
3 0 0 0.754199

3
1 1 1 0.875016
2 0 0 0.952141
3 0 0 0.890065

1
1 0 0 0.811311

3
1 1 1 0.857424
2 0 0 1.04724
3 0 0 0.778305

3
1 1 1 0.919935
2 0 0 0.93541
3 0 0 0.84484

1
1 0 0 0.913197

3
1 4 1 0.862076
2 0 0 0.826015
3 0 0 0.884598

3
1 0 4136 0.917628
2 0 0 0.825129
3 0 0 0.914281

1
1 0 0 0.887332

3
1 1 1 0.856323
2 0 0 0.946188
3 0 0 0.801884

5
1 2 4 0.87083
2 0 548 0.919416
4 0 0 0.976846
5 0 0 0.930136
3 0 0 0.996081

1
1 0 0 0.766174

3
1 0 3569 0.901408
2 0 0 0.891655
3 0 0 0.904519

5
1 6 544 0.852843
2 1 2 0.998963
4 0 0 0.890974
5 0 0 0.932314
3 0 0 0.85139

7
1 6 3786 0.943101
2 6 177 0.996219
4 0 0 1.16237
5 0 0 0.992633
3 6 5094 0.887805
6 0 0 0.866765
7 0 0 0.902329

1
1 0 0 0.877557

3
1 5 1 0.997821
2 0 0 1.013
3 0 0 0.75467

3
1 4 1 0.963671
2 0 0 0.960815
3 0 0 1.05915

3
1 1 2 0.954031
2 0 0 0.838261
3 0 0 0.950049

3
1 1 1 0.823697
2 0 0 1.05295
3 0 0 0.859488

5
1 5 1 0.830847
2 6 23 1.02684
4 0 0 0.98909
5 0 0 0.996224
3 0 0 0.837832

1
1 0 0 0.775737

3
1 6 3881 0.846919
2 0 0 0.933802
3 0 0 0.929182

3
1 0 743 0.789625
2 0 0 0.8869
3 0 0 0.805772

3
1 5 1 0.888481
2 0 0 1.0506
3 0 0 0.811777

3
1 0 645 0.860665
2 0 0 0.972671
3 0 0 0.892188

3
1 2 4 0.884923
2 0 0 0.826688
3 0 0 0.899878

1
1 0 0 0.820766

1
1 0 0 0.874124

3
1 5 1 0.9555
2 0 0 0.986291
3 0 0 0.914107

3
1 0 2546 0.934018
2 0 0 0.922721
3 0 0 0.92779

3
1 0 7021 0.918248
2 0 0 0.934503
3 0 0 0.908182

3
1 1 1 0.948511
2 0 0 0.951588
3 0 0 0.812754

3
1 1 1 0.903177
2 0 0 1.09032
3 0 0 0.863932

3
1 6 5256 0.888642
2 0 0 0.913343
3 0 0 1.05431

3
1 5 1 0.863875
2 0 0 0.935601
3 0 0 0.919763

5
1 4 1 0.895415
2 0 0 0.844128
3 0 7690 0.936813
6 0 0 0.965941
7 0 0 1.13934

3
1 4 1 0.893263
2 0 0 0.829698
3 0 0 0.922304

1
1 0 0 0.849426

3
1 0 8667 0.855149
2 0 0 0.803391
3 0 0 0.965338

5
1 6 3282 1.00247
2 0 0 0.875001
3 4 1 0.933405
6 0 0 0.807671
7 0 0 1.0793

1
1 0 0 0.777374

3
1 1 1 0.866956
2 0 0 1.11789
3 0 0 0.871415

3
1 4 1 0.803449
2 0 0 0.77663
3 0 0 1.08363

3
1 6 1964 0.809298
2 0 0 0.865374
3 0 0 0.82677

3
1 1 1 0.891844
2 0 0 1.06651
3 0 0 0.783877

1
1 0 0 0.852016

3
1 4 1 0.891351
2 0 0 0.822273
3 0 0 1.03056

3
1 0 9906 0.854234
2 0 0 0.830316
3 0 0 0.993355

3
1 1 1 0.874781
2 0 0 1.08885
3 0 0 0.778797

1
1 0 0 0.746868

3
1 1 1 0.837588
2 0 0 1.06886
3 0 0 0.831018

5
1 1 2 0.968261
2 0 0 0.724364
3 0 808 1.04141
6 0 0 0.899759
7 0 0 1.00292

5
1 1 2 0.828559
2 0 0 0.951534
3 2 2 0.98317
6 0 0 0.918122
7 0 0 1.22489

3
1 6 1653 0.826798
2 0 0 1.04173
3 0 0 0.851619

3
1 2 1 0.895487
2 0 0 0.958331
3 0 0 0.874118

1
1 0 0 0.912605

1
1 0 0 0.798868

3
1 2 4 0.910317
2 0 0 0.919541
3 0 0 1.01166

3
1 1 1 0.802525
2 0 0 0.933288
3 0 0 0.664876

3
1 1 2 0.79055
2 0 0 0.824594
3 0 0 1.02248

3
1 0 2094 0.899376
2 0 0 1.0055
3 0 0 0.725545

3
1 2 3 0.915712
2 0 0 0.908145
3 0 0 0.943345

5
1 0 51 0.756361
2 0 0 0.944503
3 5 1 0.95216
6 0 0 0.96605
7 0 0 0.718921

3
1 1 1 0.85766
2 0 0 1.08032
3 0 0 0.768921

7
1 6 3308 0.85647
2 1 1 0.932923
4 2 2 1.0173
8 0 0 0.9875
9 0 0 0.976089
5 0 0 0.944012
3 0 0 0.834655

3
1 6 5322 0.734595
2 0 0 0.714365
3 0 0 0.947266

3
1 0 1856 0.900118
2 0 0 0.794142
3 0 0 0.872499

3
1 1 2 0.945198
2 0 0 0.998888
3 0 0 1.03688

3
1 5 1 0.831385
2 0 0 1.00745
3 0 0 0.821301

5
1 0 4724 0.843838
2 0 1008 1.0768
4 0 0 1.02614
5 0 0 0.96771
3 0 0 0.826078

3
1 1 1 0.909917
2 0 0 0.880107
3 0 0 0.934147

3
1 0 1088 0.869149
2 0 0 1.01059
3 0 0 0.844121

1
1 0 0 0.797603

3
1 6 467 0.866301
2 0 0 0.929168
3 0 0 0.913823

3
1 5 1 0.917815
2 0 0 0.988198
3 0 0 0.91024

3
1 0 942 0.858965
2 0 0 0.902663
3 0 0 0.85669

3
1 0 196 0.80729
2 0 0 0.945881
3 0 0 0.809098

1
1 0 0 0.83063

3
1 2 2 0.899271
2 0 0 0.94996
3 0 0 0.845929

3
1 6 410 0.875313
2 0 0 0.932828
3 0 0 0.870326

3
1 6 4511 0.855528
2 0 0 0.846533
3 0 0 0.88902

3
1 1 1 0.874546
2 0 0 1.0542
3 0 0 0.965069

3
1 5 1 0.900183
2 0 0 1.0287
3 0 0 0.89664

1
1 0 0 0.760346

3
1 2 4 0.84582
2 0 0 0.821756
3 0 0 1.17246

1
1 0 0 0.876721

3
1 6 5330 0.799618
2 0 0 0.820211
3 0 0 0.963421

3
1 6 2767 0.947152
2 0 0 0.974451
3 0 0 0.876854

1
1 0 0 0.814042

3
1 0 8343 0.815412
2 0 0 0.805246
3 0 0 0.919773

7
1 2 1 0.823214
2 6 454 0.934794
4 0 0 0.876729
5 0 0 1.01297
3 1 1 1.01892
6 0 0 0.99851
7 0 0 0.972854

3
1 0 737 0.925444
2 0 0 0.950289
3 0 0 0.943864

3
1 0 2123 0.888267
2 0 0 0.91728
3 0 0 0.856842

5
1 1 2 0.927723
2 0 0 0.828572
3 2 3 0.951179
6 0 0 0.850281
7 0 0 1.02921

3
1 0 7276 0.812619
2 0 0 0.74432
3 0 0 0.964107

3
1 2 4 0.904249
2 0 0 0.859462
3 0 0 0.987036

3
1 2 3 0.965849
2 0 0 0.938925
3 0 0 1.01682

3
1 6 214 0.869417
2 0 0 1.04438
3 0 0 0.885213

3
1 6 3325 0.893134
2 0 0 0.965298
3 0 0 0.834111

1
1 0 0 0.81483

5
1 5 1 0.86248
2 0 8720 0.953431
4 0 0 1.05766
5 0 0 0.943312
3 0 0 0.847403

1
1 0 0 0.741006

3
1 6 3459 0.888612
2 0 0 0.910692
3 0 0 0.881501

3
1 4 1 0.881179
2 0 0 0.770413
3 0 0 0.998556

3
1 6 269 0.782485
2 0 0 1.02484
3 0 0 0.857951

5
1 5 1 0.839388
2 2 4 1.00841
4 0 0 1.16884
5 0 0 0.862056
3 0 0 0.897403

1
1 0 0 0.703649

3
1 0 9365 0.860452
2 0 0 0.904426
3 0 0 0.921105

3
1 0 3606 0.852595
2 0 0 0.858008
3 0 0 0.985927

5
1 0 9043 0.961449
2 0 0 0.863039
3 0 9268 0.988271
6 0 0 1.05711
7 0 0 0.945733

3
1 1 2 0.780953
2 0 0 0.916807
3 0 0 0.972941

3
1 1 2 0.911114
2 0 0 0.892517
3 0 0 0.945091

3
1 5 1 0.896235
2 0 0 0.903677
3 0 0 0.844136

1
1 0 0 0.776645

3
1 1 1 0.877557
2 0 0 0.997278
3 0 0 0.925309

3
1 2 4 0.811812
2 0 0 0.869493
3 0 0 0.972415

3
1 5 1 0.910586
2 0 0 1.02193
3 0 0 0.933104

3
1 4 1 0.772536
2 0 0 0.766416
3 0 0 0.929443

3
1 1 1 0.823697
2 0 0 1.16607
3 0 0 0.806491

5
1 5 1 0.830847
2 0 0 0.930502
3 6 5218 0.781136
6 0 0 0.773058
7 0 0 1.01116

3
1 4 1 0.814232
2 0 0 0.788276
3 0 0 0.953021

3
1 4 1 0.895614
2 0 0 0.835881
3 0 0 0.930579

3
1 4 1 0.871425
2 0 0 0.8837
3 0 0 1.01523

3
1 5 1 0.880919
2 0 0 0.982926
3 0 0 0.774913

5
1 1 1 0.927766
2 6 39 0.88864
4 0 0 1.00887
5 0 0 0.939073
3 0 0 0.859578

3
1 2 3 0.925967
2 0 0 0.934862
3 0 0 0.93412

3
1 1 1 0.79358
2 0 0 0.982738
3 0 0 0.774732

3
1 2 3 0.902802
2 0 0 0.947865
3 0 0 0.938657

3
1 4 1 0.937981
2 0 0 0.932684
3 0 0 0.945522

5
1 4 1 0.829812
2 0 0 0.768014
3 6 1130 0.961346
6 0 0 0.91499
7 0 0 0.963097

3
1 1 1 0.859034
2 0 0 0.912073
3 0 0 0.819085

1
1 0 0 0.879185

1
1 0 0 0.746334

1
1 0 0 0.77671

5
1 4 1 0.961648
2 0 6565 0.948836
4 0 0 0.918259
5 0 0 0.953843
3 0 0 1.05788

1
1 0 0 0.823379

3
1 6 5371 0.849568
2 0 0 1.01653
3 0 0 0.927916

5
1 1 1 0.835441
2 2 4 0.861554
4 0 0 0.936929
5 0 0 0.97913
3 0 0 0.863851

1
1 0 0 0.869767

3
1 5 1 0.880619
2 0 0 0.949936
3 0 0 0.75697

3
1 0 3489 0.867627
2 0 0 1.02266
3 0 0 0.895989

5
1 5 1 0.835664
2 2 2 0.982774
4 0 0 1.01442
5 0 0 0.937735
3 0 0 0.856135

3
1 4 1 0.918644
2 0 0 0.817393
3 0 0 1.00335

1
1 0 0 0.856842

3
1 5 1 0.76614
2 0 0 1.01801
3 0 0 0.732281

1
1 0 0 0.791875

3
1 4 1 0.839433
2 0 0 0.797916
3 0 0 0.943642

5
1 5 1 0.916822
2 0 0 0.953624
3 2 1 0.950946
6 0 0 0.879415
7 0 0 0.923971

3
1 1 1 0.890694
2 0 0 1.0118
3 0 0 0.841489

1
1 0 0 0.780026

3
1 1 2 0.837184
2 0 0 0.859745
3 0 0 0.956394

3
1 6 98 0.925122
2 0 0 1.03006
3 0 0 0.874408

3
1 0 7775 1.03041
2 0 0 0.897173
3 0 0 0.887673

3
1 6 74 0.908695
2 0 0 0.906753
3 0 0 0.886782

5
1 0 8951 0.880737
2 0 2146 0.852789
4 0 0 0.918483
5 0 0 0.858996
3 0 0 0.989794

1
1 0 0 0.844627

3
1 4 1 0.874195
2 0 0 0.928579
3 0 0 1.05713

3
1 5 1 0.857152
2 0 0 0.867515
3 0 0 0.885188

5
1 5 1 0.891971
2 2 3 1.0355
4 0 0 1.04142
5 0 0 1.03143
3 0 0 0.775688

7
1 6 325 0.879521
2 6 11 0.959845
4 5 1 0.901904
8 0 0 1.03648
9 0 0 1.06908
5 0 0 0.936209
3 0 0 0.873124

1
1 0 0 0.873785

1
1 0 0 0.810884

3
1 2 3 0.870571
2 0 0 0.915645
3 0 0 0.843795

1
1 0 0 0.847427

1
1 0 0 0.930354

3
1 0 505 0.893474
2 0 0 0.952224
3 0 0 0.89062

1
1 0 0 0.771017

1
1 0 0 0.833202

3
1 1 2 0.832719
2 0 0 0.839242
3 0 0 0.892188

1
1 0 0 0.837409

3
1 6 1810 0.922046
2 0 0 0.979359
3 0 0 0.803389

3
1 1 1 0.911975
2 0 0 0.944518
3 0 0 0.813319

3
1 1 1 0.940049
2 0 0 0.972928
3 0 0 0.89947

3
1 1 1 0.867781
2 0 0 0.996291
3 0 0 0.804418

3
1 1 1 0.914595
2 0 0 1.03916
3 0 0 0.859219

1
1 0 0 0.813635

3
1 1 1 0.904692
2 0 0 0.949215
3 0 0 0.817896

3
1 1 1 0.931125
2 0 0 1.11464
3 0 0 0.873904

1
1 0 0 0.80549

3
1 5 1 0.861309
2 0 0 0.939399
3 0 0 0.7555

1
1 0 0 0.873713

1
1 0 0 0.890658

3
1 1 1 0.767246
2 0 0 1.05356
3 0 0 0.807559

5
1 0 1244 0.761582
2 6 3886 0.996965
4 0 0 0.87752
5 0 0 0.921674
3 0 0 0.914965

3
1 2 1 0.785141
2 0 0 0.971147
3 0 0 0.830973

5
1 2 3 0.836819
2 0 0 0.796467
3 4 1 0.910847
6 0 0 0.895599
7 0 0 1.01978

7
1 0 2169 1.03718
2 1 2 0.929006
4 0 0 0.940955
5 0 0 1.0821
3 4 1 1.01945
6 0 0 0.900964
7 0 0 1.03675

3
1 2 3 0.929383
2 0 0 0.990344
3 0 0 1.08582

1
1 0 0 0.870037

1
1 0 0 0.786962

3
1 6 5308 0.836192
2 0 0 0.774457
3 0 0 0.964328

1
1 0 0 0.70306

3
1 2 4 0.890171
2 0 0 0.897197
3 0 0 0.933926

3
1 0 8776 0.875997
2 0 0 0.956537
3 0 0 0.878

5
1 0 2258 0.860735
2 0 0 1.03706
3 1 2 0.943361
6 0 0 0.879558
7 0 0 0.935005

3
1 2 4 0.890516
2 0 0 0.933142
3 0 0 0.895476

3
1 5 1 0.875208
2 0 0 0.940699
3 0 0 0.747191

3
1 5 1 0.951983
2 0 0 0.938055
3 0 0 0.748752

5
1 6 1797 0.949639
2 0 0 0.940858
3 6 2941 0.988564
6 0 0 1.00274
7 0 0 0.760546

3
1 5 1 0.903644
2 0 0 0.963128
3 0 0 0.889719

3
1 6 3723 0.91791
2 0 0 0.927175
3 0 0 0.976473

3
1 0 833 0.869467
2 0 0 0.925749
3 0 0 0.9276

3
1 6 102 0.796788
2 0 0 1.0369
3 0 0 0.809504

3
1 5 1 0.840316
2 0 0 1.01042
3 0 0 0.878686

5
1 0 6575 1.03834
2 0 0 0.947813
3 1 1 0.989119
6 0 0 1.01401
7 0 0 0.843688

3
1 1 1 0.822158
2 0 0 0.884867
3 0 0 0.830104

3
1 0 672 0.772274
2 0 0 0.951969
3 0 0 0.797107

3
1 4 1 0.868311
2 0 0 0.899608
3 0 0 0.926858

3
1 4 1 0.836805
2 0 0 0.813214
3 0 0 1.167

3
1 4 1 0.830765
2 0 0 0.846978
3 0 0 0.869314

3
1 6 5086 0.836423
2 0 0 0.799124
3 0 0 0.995086

3
1 6 1430 0.882951
2 0 0 0.927817
3 0 0 0.961963

3
1 4 1 0.853352
2 0 0 0.881867
3 0 0 0.904425

3
1 1 1 0.886254
2 0 0 0.938412
3 0 0 0.801915

3
1 5 1 0.879509
2 0 0 0.931047
3 0 0 0.784684

3
1 1 2 0.846241
2 0 0 0.849893
3 0 0 0.870848

5
1 4 1 0.857365
2 0 0 0.904093
3 0 6373 0.97855
6 0 0 0.998508
7 0 0 1.04265

3
1 0 241 0.940055
2 0 0 1.1113
3 0 0 0.912301

3
1 0 7764 0.957714
2 0 0 0.826037
3 0 0 0.975859

3
1 2 3 0.956126
2 0 0 0.928506
3 0 0 1.02656

3
1 1 2 0.884695
2 0 0 0.91897
3 0 0 0.889036

3
1 2 4 0.898228
2 0 0 0.830479
3 0 0 1.0245

5
1 6 1688 0.898382
2 0 0 0.871111
3 1 2 0.902158
6 0 0 0.89602
7 0 0 0.949285

1
1 0 0 0.877685

3
1 5 1 0.908117
2 0 0 0.961978
3 0 0 0.847891

3
1 6 5187 0.866187
2 0 0 0.817237
3 0 0 1.01983

1
1 0 0 0.741989

5
1 0 2145 0.867301
2 1 2 0.988517
4 0 0 1.00615
5 0 0 1.07501
3 0 0 0.932581

3
1 4 1 0.92085
2 0 0 0.784667
3 0 0 0.98413

5
1 0 3632 0.799831
2 5 1 0.985253
4 0 0 0.998746
5 0 0 0.845997
3 0 0 0.783963

5
1 6 2878 0.87531
2 6 223 1.00205
4 0 0 1.04512
5 0 0 1.04812
3 0 0 0.8762

1
1 0 0 0.820032

3
1 1 2 0.838562
2 0 0 0.886927
3 0 0 0.993959

3
1 0 6702 0.937042
2 0 0 0.842962
3 0 0 0.95972

3
1 2 1 0.936905
2 0 0 1.01212
3 0 0 0.895815

3
1 6 2642 0.831778
2 0 0 0.889904
3 0 0 0.86791

3
1 1 1 0.767083
2 0 0 0.996777
3 0 0 0.765416

1
1 0 0 0.867869

3
1 1 2 0.875033
2 0 0 0.859226
3 0 0 0.963849

3
1 5 1 0.864237
2 0 0 1.13482
3 0 0 0.888588

3
1 0 9820 0.739383
2 0 0 0.771239
3 0 0 0.948153

3
1 2 1 0.866687
2 0 0 0.977962
3 0 0 0.940546

3
1 0 1268 0.77609
2 0 0 1.0053
3 0 0 0.808235

3
1 5 1 0.926559
2 0 0 0.931824
3 0 0 0.804479

5
1 2 4 0.884844
2 0 0 0.947404
3 6 3101 0.986563
6 0 0 1.14219
7 0 0 0.885772

3
1 0 2479 0.882125
2 0 0 0.896138
3 0 0 0.870165

3
1 4 1 0.827314
2 0 0 0.770289
3 0 0 0.977068

3
1 0 8160 0.931444
2 0 0 0.8962
3 0 0 0.930608

3
1 0 2683 0.880756
2 0 0 0.898254
3 0 0 0.890399

3
1 5 1 0.843509
2 0 0 0.976543
3 0 0 0.74576

5
1 2 4 0.80412
2 0 0 0.836172
3 4 1 0.998638
6 0 0 0.994762
7 0 0 1.01641

3
1 6 3682 0.880876
2 0 0 0.862358
3 0 0 0.928844

3
1 0 1045 0.874783
2 0 0 0.906199
3 0 0 0.888675

3
1 0 251 0.77056
2 0 0 1.09202
3 0 0 0.771414

5
1 0 65 0.804936
2 5 1 0.954817
4 0 0 1.10451
5 0 0 0.952804
3 0 0 0.91696

3
1 5 1 0.901107
2 0 0 0.954178
3 0 0 0.785501

1
1 0 0 0.70194

3
1 6 4913 0.9733
2 0 0 0.977738
3 0 0 0.969622

1
1 0 0 0.880135

3
1 6 2028 0.940318
2 0 0 0.914668
3 0 0 0.767596

3
1 0 8185 0.87234
2 0 0 0.927371
3 0 0 0.986127

1
1 0 0 0.858859

3
1 6 3661 1.01294
2 0 0 0.982535
3 0 0 0.904847

5
1 0 9501 0.75758
2 0 0 0.79536
3 2 1 0.949707
6 0 0 1.08882
7 0 0 0.941042

3
1 0 4827 0.947211
2 0 0 0.979388
3 0 0 0.918968

3
1 4 1 0.860419
2 0 0 0.764726
3 0 0 0.959651

3
1 1 2 0.934761
2 0 0 0.849621
3 0 0 0.960364

1
1 0 0 0.818637

3
1 5 1 0.857868
2 0 0 1.00015
3 0 0 0.764402

1
1 0 0 0.876505

3
1 4 1 0.849398
2 0 0 0.78146
3 0 0 0.996238

3
1 1 1 0.824083
2 0 0 1.07952
3 0 0 0.808963

3
1 0 9842 0.81235
2 0 0 0.813853
3 0 0 1.02241

1
1 0 0 0.837952

5
1 1 1 0.914595
2 6 2654 0.934441
4 0 0 0.946452
5 0 0 0.855961
3 0 0 0.845614

3
1 1 2 0.959575
2 0 0 0.795224
3 0 0 1.04619

1
1 0 0 0.773636

3
1 1 1 0.931125
2 0 0 0.989283
3 0 0 0.813902

5
1 1 1 0.942428
2 0 0 1.0272
3 1 2 0.912802
6 0 0 0.782673
7 0 0 0.990462

1
1 0 0 0.897364

1
1 0 0 0.865699

3
1 5 1 0.85206
2 0 0 1.04139
3 0 0 0.755241

5
1 2 3 0.894816
2 5 1 0.902611
4 0 0 1.0222
5 0 0 0.79733
3 0 0 1.00996

3
1 5 1 0.869711
2 0 0 0.986016
3 0 0 0.845095

3
1 5 1 0.816262
2 0 0 0.936926
3 0 0 0.847511

3
1 5 1 0.884194
2 0 0 0.90194
3 0 0 0.863308

3
1 6 1888 0.867626
2 0 0 0.912093
3 0 0 0.90337

3
1 1 1 0.877052
2 0 0 1.02129
3 0 0 0.765091

3
1 5 1 0.800165
2 0 0 0.978358
3 0 0 0.870135

3
1 0 2775 0.872511
2 0 0 0.972957
3 0 0 0.885362

1
1 0 0 0.705586

5
1 0 217 0.749223
2 6 3635 1.00236
4 0 0 1.11421
5 0 0 0.990542
3 0 0 0.785693

3
1 1 1 0.929595
2 0 0 0.962107
3 0 0 0.899851

3
1 6 209 0.842217
2 0 0 0.939269
3 0 0 0.842991

1
1 0 0 0.843028

3
1 1 1 0.881188
2 0 0 0.976938
3 0 0 0.712739

3
1 5 1 0.844847
2 0 0 0.935413
3 0 0 0.849425

1
1 0 0 0.744364

3
1 0 477 0.86785
2 0 0 1.04358
3 0 0 0.879998

3
1 5 1 0.903644
2 0 0 0.990893
3 0 0 0.857311

1
1 0 0 0.789087

5
1 1 1 0.858086
2 0 4620 1.00202
4 0 0 0.939785
5 0 0 1.04833
3 0 0 0.84098

5
1 5 1 0.909279
2 0 2777 0.957502
4 0 0 0.978608
5 0 0 0.887981
3 0 0 0.833439

3
1 1 1 0.940971
2 0 0 0.975567
3 0 0 0.869673

1
1 0 0 0.865783

1
1 0 0 0.902055

1
1 0 0 0.91523

3
1 0 9566 0.907576
2 0 0 0.854554
3 0 0 1.01858

3
1 5 1 0.725892
2 0 0 0.9988
3 0 0 0.806837

3
1 6 2584 0.875098
2 0 0 0.813918
3 0 0 1.00336

1
1 0 0 0.793923

3
1 2 4 0.936983
2 0 0 0.771071
3 0 0 0.971035

3
1 0 5344 1.005
2 0 0 0.977254
3 0 0 0.996653

1
1 0 0 0.817344

1
1 0 0 0.869351

5
1 4 1 0.881625
2 2 2 1.00749
4 0 0 1.07428
5 0 0 0.925013
3 0 0 0.952588

5
1 2 3 0.7959
2 0 0 0.805961
3 6 2925 0.962286
6 0 0 1.07081
7 0 0 0.892604

3
1 2 3 0.864544
2 0 0 0.841135
3 0 0 0.90057

3
1 1 2 0.808267
2 0 0 0.809175
3 0 0 1.02685

3
1 0 8452 0.803507
2 0 0 0.853558
3 0 0 0.91903

1
1 0 0 0.83962

3
1 4 1 0.920311
2 0 0 0.750385
3 0 0 0.96148

3
1 6 247 0.849261
2 0 0 0.880985
3 0 0 0.877688

3
1 4 1 0.877804
2 0 0 0.925593
3 0 0 1.05382

7
1 6 1268 0.928834
2 0 2888 0.857273
4 0 999 0.918419
8 0 0 0.917964
9 0 0 0.958168
5 0 0 0.980025
3 0 0 0.890276

3
1 2 1 0.928964
2 0 0 1.00646
3 0 0 0.919833

3
1 5 1 0.955975
2 0 0 0.943245
3 0 0 0.759295

5
1 1 1 0.81862
2 0 0 1.01982
3 2 2 0.92731
6 0 0 0.937478
7 0 0 0.912178

1
1 0 0 0.891803

3
1 0 2014 0.936261
2 0 0 0.942971
3 0 0 0.842695

3
1 4 1 0.908842
2 0 0 0.901946
3 0 0 0.984817

3
1 1 1 0.749547
2 0 0 1.04158
3 0 0 0.793976

3
1 1 1 0.825977
2 0 0 0.937142
3 0 0 0.834051

3
1 6 1637 0.921119
2 0 0 0.994441
3 0 0 0.843743

3
1 5 1 0.87414
2 0 0 0.945773
3 0 0 0.84453

3
1 1 1 0.930971
2 0 0 0.990427
3 0 0 0.691387

3
1 4 1 0.929925
2 0 0 0.710535
3 0 0 0.955856

9
1 0 5370 0.9514
2 1 1 1.00986
4 0 3169 1.03181
8 6 4555 1.05843
16 0 0 1.00356
17 0 0 0.945868
9 0 0 1.10404
5 0 0 0.923667
3 0 0 0.802238

3
1 1 1 0.904016
2 0 0 0.967026
3 0 0 1.01816

1
1 0 0 0.881737

3
1 4 1 0.85346
2 0 0 0.864879
3 0 0 0.970349

3
1 4 1 0.833008
2 0 0 0.818152
3 0 0 0.864544

1
1 0 0 0.832398

3
1 4 1 0.887214
2 0 0 0.725255
3 0 0 1.01886

3
1 4 1 0.902294
2 0 0 0.819728
3 0 0 1.05412

1
1 0 0 0.841497

3
1 6 2897 0.856651
2 0 0 1.04138
3 0 0 0.868884

3
1 0 814 0.804964
2 0 0 1.00853
3 0 0 0.953079

3
1 2 4 0.805881
2 0 0 0.858229
3 0 0 0.856897

5
1 2 1 0.855848
2 0 0 1.03785
3 2 2 1.00543
6 0 0 1.06133
7 0 0 0.969579

1
1 0 0 0.807871

3
1 5 1 0.845419
2 0 0 1.02201
3 0 0 0.835096

1
1 0 0 0.788196

3
1 1 1 0.874788
2 0 0 0.986186
3 0 0 0.934339

5
1 2 1 0.945513
2 5 1 0.964358
4 0 0 1.04847
5 0 0 0.979832
3 0 0 0.886963

3
1 5 1 0.911125
2 0 0 1.0595
3 0 0 0.735997

3
1 5 1 0.914982
2 0 0 0.929038
3 0 0 0.900711

3
1 4 1 0.854005
2 0 0 0.758803
3 0 0 0.922078

3
1 4 1 0.849711
2 0 0 0.803998
3 0 0 1.01479

3
1 0 305 0.737313
2 0 0 1.05467
3 0 0 0.814765

5
1 0 160 0.712684
2 0 114 1.00446
4 0 0 0.88914
5 0 0 1.11372
3 0 0 0.769208

1
1 0 0 0.818148

3
1 2 3 0.892183
2 0 0 0.898538
3 0 0 0.986943

1
1 0 0 0.739255

3
1 5 1 0.904586
2 0 0 1.00887
3 0 0 0.849639

1
1 0 0 0.885409

3
1 1 1 0.85258
2 0 0 1.05502
3 0 0 0.794327

3
1 1 2 0.921852
2 0 0 0.841678
3 0 0 0.955981

3
1 5 1 0.90113
2 0 0 0.920697
3 0 0 0.914585

5
1 5 1 0.817645
2 0 6393 1.06618
4 0 0 0.983694
5 0 0 0.955992
3 0 0 0.854622

1
1 0 0 0.831519

3
1 0 9372 0.848306
2 0 0 0.837771
3 0 0 0.898626

3
1 1 1 0.905218
2 0 0 0.986984
3 0 0 0.823606

1
1 0 0 0.954912

7
1 6 99 1.01946
2 0 6554 0.948454
4 0 0 1.00389
5 0 0 0.975388
3 6 2426 1.02573
6 0 0 0.989269
7 0 0 0.967209

1
1 0 0 0.856957

5
1 6 5306 0.814465
2 0 0 0.654798
3 6 5394 1.04841
6 0 0 0.875071
7 0 0 0.95258

1
1 0 0 0.830014

3
1 2 3 0.891394
2 0 0 0.955408
3 0 0 0.953158

1
1 0 0 0.813286

1
1 0 0 0.841227

1
1 0 0 0.829498

1
1 0 0 0.846948

3
1 5 1 0.869711
2 0 0 1.06153
3 0 0 0.783883

3
1 1 1 0.855991
2 0 0 0.941997
3 0 0 0.841586

3
1 1 1 0.861252
2 0 0 0.814262
3 0 0 0.924898

5
1 6 191 0.886179
2 2 2 1.01581
4 0 0 1.05465
5 0 0 1.08611
3 0 0 0.815592

3
1 1 2 0.900553
2 0 0 0.861572
3 0 0 1.01751

3
1 5 1 0.903944
2 0 0 0.936026
3 0 0 0.919696

3
1 0 1249 0.890107
2 0 0 0.97839
3 0 0 0.816016

1
1 0 0 0.89441

3
1 5 1 0.862717
2 0 0 0.947858
3 0 0 0.900105

3
1 1 1 0.929595
2 0 0 1.08198
3 0 0 0.786016

1
1 0 0 0.904909

3
1 6 3325 0.944777
2 0 0 1.0331
3 0 0 0.751781

3
1 1 1 0.869029
2 0 0 1.09219
3 0 0 0.877134

3
1 1 1 0.94897
2 0 0 1.05307
3 0 0 0.873157

5
1 4 1 0.946437
2 0 0 0.894299
3 0 4528 0.95902
6 0 0 0.903761
7 0 0 0.896619

3
1 6 1465 0.85321
2 0 0 0.923727
3 0 0 0.793621

3
1 1 1 0.811867
2 0 0 0.983647
3 0 0 0.891032

3
1 5 1 0.762929
2 0 0 0.966488
3 0 0 0.83709

1
1 0 0 0.857974

3
1 5 1 0.909279
2 0 0 0.993588
3 0 0 0.741526

1
1 0 0 0.761669

3
1 1 2 0.90216
2 0 0 0.832223
3 0 0 1.08493

3
1 5 1 0.785512
2 0 0 1.02722
3 0 0 0.789976

1
1 0 0 0.80418

3
1 0 4536 0.862502
2 0 0 0.975584
3 0 0 0.751668

3
1 6 3569 0.88013
2 0 0 0.921859
3 0 0 0.803946

3
1 1 2 0.860993
2 0 0 0.861091
3 0 0 0.971074

3
1 0 2078 0.869506
2 0 0 0.852669
3 0 0 0.863218

1
1 0 0 0.834465

3
1 0 1167 0.84276
2 0 0 0.981611
3 0 0 0.895624

3
1 2 4 0.865308
2 0 0 0.867191
3 0 0 0.993506

3
1 6 4226 0.904582
2 0 0 0.849985
3 0 0 0.87579

3
1 5 1 0.848262
2 0 0 0.970715
3 0 0 0.806216

1
1 0 0 0.834941

5
1 1 2 0.894219
2 1 1 0.931077
4 0 0 1.10195
5 0 0 0.90622
3 0 0 1.12717

1
1 0 0 0.734421

5
1 0 422 0.90028
2 4 1 0.887361
4 0 0 1.03102
5 0 0 1.00622
3 0 0 0.933448

1
1 0 0 0.861613

1
1 0 0 0.794751

3
1 1 1 0.792996
2 0 0 0.976676
3 0 0 0.857449

5
1 1 1 0.884842
2 6 2788 0.92806
4 0 0 1.03634
5 0 0 0.971887
3 0 0 0.850425

3
1 1 1 0.869576
2 0 0 1.0988
3 0 0 0.809712

1
1 0 0 0.916803

3
1 0 8990 0.895677
2 0 0 0.830081
3 0 0 0.923998

3
1 2 1 0.857064
2 0 0 0.951741
3 0 0 0.863041

5
1 6 2732 0.894876
2 0 0 0.917315
3 0 137 0.906097
6 0 0 0.964491
7 0 0 0.884978

3
1 1 1 0.815906
2 0 0 0.945147
3 0 0 0.873231

3
1 0 6023 0.833972
2 0 0 0.873998
3 0 0 0.861505

1
1 0 0 0.842118

3
1 4 1 0.931538
2 0 0 0.90127
3 0 0 0.989769

3
1 2 3 0.906999
2 0 0 0.958396
3 0 0 0.892176

3
1 0 8388 0.834155
2 0 0 0.877181
3 0 0 0.957813

1
1 0 0 0.810258

1
1 0 0 0.944439

3
1 5 1 0.895765
2 0 0 0.985851
3 0 0 0.783691

5
1 6 3597 0.920369
2 0 0 0.889729
3 0 6791 0.983835
6 0 0 0.915572
7 0 0 1.10728

1
1 0 0 0.873896

3
1 1 2 0.916412
2 0 0 0.905737
3 0 0 1.01837

3
1 4 1 0.833008
2 0 0 0.771244
3 0 0 0.976123

3
1 1 1 0.898355
2 0 0 0.934198
3 0 0 0.88622

3
1 5 1 0.857002
2 0 0 0.943213
3 0 0 0.824108

1
1 0 0 0.815796

3
1 0 9972 0.88848
2 0 0 0.876283
3 0 0 1.06794

3
1 5 1 0.900557
2 0 0 1.04914
3 0 0 0.824669

3
1 1 2 0.856244
2 0 0 0.875302
3 0 0 0.942219

5
1 5 1 0.87392
2 2 3 1.05194
4 0 0 0.922807
5 0 0 0.983552
3 0 0 0.77287

3
1 1 2 0.868408
2 0 0 0.889779
3 0 0 0.949536

5
1 2 2 0.966332
2 0 0 0.942613
3 1 2 0.933776
6 0 0 0.856484
7 0 0 0.941204

3
1 1 2 0.96491
2 0 0 0.771206
3 0 0 0.965944

3
1 1 1 0.887027
2 0 0 0.931283
3 0 0 0.891591

3
1 6 4036 0.922011
2 0 0 0.929242
3 0 0 0.922931

1
1 0 0 0.890084

3
1 5 1 0.911125
2 0 0 0.986879
3 0 0 0.675391

3
1 6 53 0.86246
2 0 0 0.915041
3 0 0 0.828582

5
1 6 3035 0.852152
2 6 2513 0.982075
4 0 0 0.905694
5 0 0 1.0596
3 0 0 0.82206

3
1 0 900 0.827286
2 0 0 1.00002
3 0 0 0.904117

1
1 0 0 0.844767

1
1 0 0 0.786626

3
1 0 1253 0.860739
2 0 0 0.975343
3 0 0 0.897861

3
1 1 2 0.833499
2 0 0 0.827193
3 0 0 1.04691

3
1 1 1 0.920693
2 0 0 0.922482
3 0 0 0.929067

3
1 2 4 0.854983
2 0 0 0.797725
3 0 0 0.984624

3
1 6 4619 0.877624
2 0 0 0.93666
3 0 0 0.959058

1
1 0 0 0.758376

3
1 5 1 0.873038
2 0 0 0.997086
3 0 0 0.808203

3
1 1 2 0.867882
2 0 0 0.779839
3 0 0 0.971875

3
1 1 2 0.913111
2 0 0 0.847094
3 0 0 0.978361

3
1 5 1 0.873339
2 0 0 0.993543
3 0 0 0.73535

1
1 0 0 0.861933

3
1 1 1 0.905218
2 0 0 1.03729
3 0 0 0.88104

3
1 6 197 0.842427
2 0 0 0.938407
3 0 0 0.848335

3
1 6 4786 0.843815
2 0 0 0.809152
3 0 0 0.922874

3
1 6 2587 0.897909
2 0 0 0.882993
3 0 0 0.903252

3
1 6 2845 0.942492
2 0 0 0.904365
3 0 0 0.903206

3
1 1 1 0.806176
2 0 0 0.969274
3 0 0 0.857852

1
1 0 0 0.715163

3
1 0 1384 0.788306
2 0 0 0.890857
3 0 0 0.877407

5
1 2 1 0.931938
2 0 0 0.903624
3 2 2 1.00713
6 0 0 1.03551
7 0 0 0.99874

3
1 1 2 0.959537
2 0 0 0.967681
3 0 0 0.882379

5
1 4 1 0.883033
2 0 0 0.8277
3 6 4269 1.01053
6 0 0 0.984271
7 0 0 1.03002

1
1 0 0 0.762177

3
1 5 1 0.869818
2 0 0 0.917263
3 0 0 0.800579

3
1 4 1 0.870528
2 0 0 0.879255
3 0 0 0.872144

3
1 6 4885 0.832699
2 0 0 0.856711
3 0 0 0.874383

1
1 0 0 0.82016

5
1 6 2215 0.869658
2 0 0 0.96416
3 6 2800 0.832236
6 0 0 0.999592
7 0 0 0.89177

3
1 5 1 0.882718
2 0 0 1.01378
3 0 0 0.790592

1
1 0 0 0.796427

1
1 0 0 0.846039

3
1 4 1 0.817774
2 0 0 0.833981
3 0 0 1.04102

3
1 5 1 0.850392
2 0 0 0.964172
3 0 0 0.870777

3
1 2 3 0.923065
2 0 0 0.794038
3 0 0 0.885862

1
1 0 0 0.788141

3
1 1 2 0.905938
2 0 0 0.854433
3 0 0 0.931722

3
1 1 1 0.835395
2 0 0 1.03364
3 0 0 0.822122

3
1 1 2 0.861984
2 0 0 0.951106
3 0 0 1.03845

3
1 2 3 0.883546
2 0 0 0.872688
3 0 0 0.900851

3
1 5 1 0.88132
2 0 0 1.01635
3 0 0 0.890541

1
1 0 0 0.837563

3
1 5 1 0.909279
2 0 0 0.88643
3 0 0 0.807042

3
1 1 1 0.943904
2 0 0 1.10982
3 0 0 0.888886

3
1 4 1 0.887992
2 0 0 0.753083
3 0 0 1.00501

5
1 0 9117 0.801121
2 0 0 0.846765
3 0 9529 0.960937
6 0 0 0.936687
7 0 0 0.992819

1
1 0 0 0.860446

5
1 1 1 0.861623
2 6 3690 0.991536
4 0 0 1.11923
5 0 0 1.03368
3 0 0 0.833634

3
1 5 1 0.876829
2 0 0 0.850077
3 0 0 0.895629

1
1 0 0 0.799226

5
1 0 1400 0.917015
2 1 1 0.95781
4 0 0 1.044
5 0 0 0.98785
3 0 0 0.774477

3
1 2 3 0.857133
2 0 0 0.844009
3 0 0 0.870826

3
1 0 2923 0.858503
2 0 0 1.00803
3 0 0 0.858722

5
1 5 1 0.960022
2 0 0 1.06137
3 4 1 0.941226
6 0 0 0.87929
7 0 0 0.894553

3
1 0 6122 0.794661
2 0 0 0.918867
3 0 0 0.823364

3
1 5 1 0.848262
2 0 0 1.02512
3 0 0 0.819994

3
1 6 2667 0.877954
2 0 0 0.940271
3 0 0 0.841392

3
1 1 1 0.840702
2 0 0 0.934319
3 0 0 0.767965

5
1 4 1 0.864033
2 0 0 0.847643
3 2 3 0.959562
6 0 0 0.938913
7 0 0 1.11339

5
1 0 6676 0.878834
2 6 4723 0.892915
4 0 0 0.876258
5 0 0 0.853259
3 0 0 0.840781

3
1 5 1 0.851312
2 0 0 1.02627
3 0 0 0.78879

3
1 0 326 0.860208
2 0 0 0.815954
3 0 0 0.834249

3
1 6 108 0.812794
2 0 0 0.895691
3 0 0 0.845464

3
1 6 2559 0.906414
2 0 0 0.977019
3 0 0 0.882929

3
1 0 454 0.748891
2 0 0 1.08336
3 0 0 0.711981

1
1 0 0 0.80279

3
1 1 1 0.920464
2 0 0 0.924495
3 0 0 0.989689

1
1 0 0 0.885046

1
1 0 0 0.845066

3
1 1 1 0.815906
2 0 0 1.00104
3 0 0 0.914393

5
1 1 2 0.894981
2 6 1981 0.896529
4 0 0 1.01751
5 0 0 0.950946
3 0 0 0.873279

3
1 6 1734 0.869323
2 0 0 0.832023
3 0 0 0.832429

3
1 5 1 0.886429
2 0 0 0.948272
3 0 0 0.95423

1
1 0 0 0.800459

1
1 0 0 0.896494

1
1 0 0 0.804819

3
1 5 1 0.844718
2 0 0 1.0778
3 0 0 0.87646

3
1 1 1 0.845265
2 0 0 0.87167
3 0 0 0.725655

3
1 5 1 0.909834
2 0 0 1.08914
3 0 0 0.965851

3
1 1 1 0.844878
2 0 0 0.891328
3 0 0 0.848002

3
1 5 1 0.863013
2 0 0 0.870232
3 0 0 0.846998

1
1 0 0 0.851685

3
1 1 2 0.849705
2 0 0 0.842663
3 0 0 1.08612

3
1 4 1 0.89212
2 0 0 0.843579
3 0 0 0.912774

3
1 5 1 0.875024
2 0 0 1.03562
3 0 0 0.821846

3
1 4 1 0.859657
2 0 0 0.838395
3 0 0 0.927657

3
1 0 6398 0.821907
2 0 0 0.878651
3 0 0 0.821149

3
1 1 2 0.842651
2 0 0 0.807264
3 0 0 0.951715

3
1 5 1 0.86103
2 0 0 0.992417
3 0 0 0.91988

5
1 0 4681 0.910856
2 0 0 1.01829
3 4 1 0.977241
6 0 0 0.970225
7 0 0 1.04103

3
1 2 3 0.85797
2 0 0 0.843563
3 0 0 0.899688

3
1 5 1 0.896198
2 0 0 0.867229
3 0 0 0.897244

3
1 1 2 0.884653
2 0 0 0.890034
3 0 0 1.04288

3
1 1 2 0.848714
2 0 0 0.835659
3 0 0 0.983682

3
1 5 1 0.866832
2 0 0 0.98402
3 0 0 0.780034

3
1 5 1 0.9874
2 0 0 0.920799
3 0 0 0.838863

3
1 0 9361 0.846087
2 0 0 0.858783
3 0 0 0.82576

3
1 1 1 0.828168
2 0 0 1.05337
3 0 0 0.808709

1
1 0 0 0.828495

3
1 1 1 0.90377
2 0 0 0.985931
3 0 0 0.7378

3
1 2 1 0.864672
2 0 0 0.931333
3 0 0 0.752606

3
1 2 4 0.848945
2 0 0 0.818121
3 0 0 0.941654

5
1 4 1 0.938086
2 6 2805 0.945114
4 0 0 0.957245
5 0 0 0.92707
3 0 0 0.977001

1
1 0 0 0.807951

3
1 6 5047 0.892699
2 0 0 0.916957
3 0 0 0.907556

3
1 1 2 0.87181
2 0 0 0.773435
3 0 0 0.941393

3
1 6 86 0.800555
2 0 0 1.02149
3 0 0 0.891834

5
1 1 2 0.852308
2 0 0 0.960753
3 6 1038 1.05579
6 0 0 1.08205
7 0 0 1.05574

3
1 5 1 0.888297
2 0 0 0.942449
3 0 0 0.6978

7
1 5 1 0.849948
2 0 0 0.921031
3 1 2 0.956086
6 0 2582 0.943645
12 0 0 0.967543
13 0 0 1.02503
7 0 0 1.02489

3
1 1 1 0.87117
2 0 0 1.01556
3 0 0 0.77089

3
1 4 1 0.876153
2 0 0 0.803645
3 0 0 1.00398

1
1 0 0 0.877595

3
1 1 1 0.939447
2 0 0 1.04178
3 0 0 0.774817

3
1 2 1 0.844566
2 0 0 0.907702
3 0 0 0.802443

3
1 4 1 0.878086
2 0 0 0.763555
3 0 0 0.923592

3
1 0 8577 0.881484
2 0 0 0.904057
3 0 0 1.00358

3
1 1 1 0.806176
2 0 0 1.10987
3 0 0 0.782574

1
1 0 0 0.827086

3
1 6 248 0.788857
2 0 0 0.981243
3 0 0 0.853156

5
1 5 1 0.915846
2 0 0 1.01825
3 0 5345 0.980497
6 0 0 1.01331
7 0 0 0.942961

3
1 6 5381 0.714309
2 0 0 0.718213
3 0 0 0.862531

3
1 1 2 0.817173
2 0 0 0.811572
3 0 0 0.903434

3
1 2 4 0.827714
2 0 0 0.827377
3 0 0 0.866251

3
1 1 1 0.857924
2 0 0 0.982501
3 0 0 0.88648

1
1 0 0 0.727562

3
1 0 359 1.00938
2 0 0 0.929554
3 0 0 0.931288

1
1 0 0 1.00017

5
1 1 1 0.873408
2 0 0 0.890112
3 0 2413 0.902372
6 0 0 0.892724
7 0 0 0.896097

3
1 0 9747 0.980728
2 0 0 0.813149
3 0 0 0.885026

5
1 1 2 0.949016
2 6 5134 0.930119
4 0 0 0.927257
5 0 0 0.899899
3 0 0 0.923226

3
1 2 3 0.862182
2 0 0 0.860239
3 0 0 1.00056

3
1 6 5360 0.838509
2 0 0 0.844621
3 0 0 1.04571

1
1 0 0 0.724352

3
1 0 213 0.848984
2 0 0 0.982623
3 0 0 0.856588

3
1 5 1 0.90534
2 0 0 0.947856
3 0 0 0.884626

3
1 4 1 0.884887
2 0 0 0.825579
3 0 0 1.01703

5
1 0 6390 0.922945
2 0 0 0.958943
3 1 2 0.94367
6 0 0 1.00322
7 0 0 0.899387

3
1 5 1 0.883103
2 0 0 0.901131
3 0 0 0.851846

3
1 1 1 0.947895
2 0 0 1.06605
3 0 0 0.832099

3
1 5 1 0.88622
2 0 0 0.956212
3 0 0 0.909944

1
1 0 0 0.750928

1
1 0 0 0.907842

3
1 1 1 0.943904
2 0 0 1.01077
3 0 0 0.850904

3
1 5 1 0.888513
2 0 0 1.02276
3 0 0 0.855703

3
1 1 1 0.838004
2 0 0 0.966016
3 0 0 0.784839

3
1 0 9943 0.893123
2 0 0 0.878502
3 0 0 0.893564

3
1 2 1 0.879334
2 0 0 1.12393
3 0 0 0.859049

3
1 1 2 0.829082
2 0 0 0.812319
3 0 0 0.925665

1
1 0 0 0.819443

3
1 2 1 0.861832
2 0 0 0.866431
3 0 0 0.874685

1
1 0 0 0.745945

3
1 1 2 0.895654
2 0 0 0.800637
3 0 0 1.02688

3
1 4 1 0.908429
2 0 0 0.821524
3 0 0 1.01193

3
1 0 427 0.806247
2 0 0 0.989436
3 0 0 0.774505

1
1 0 0 0.881935

3
1 4 1 0.983219
2 0 0 0.857152
3 0 0 0.983083

1
1 0 0 0.814122

3
1 6 4359 0.882053
2 0 0 0.946357
3 0 0 0.926207

7
1 2 1 0.946462
2 0 3795 0.999413
4 0 2014 1.11259
8 0 0 1.09192
9 0 0 0.913997
5 0 0 0.912485
3 0 0 0.838941

5
1 1 1 0.914689
2 2 1 1.01078
4 0 0 0.882341
5 0 0 0.946952
3 0 0 0.959648

3
1 6 5127 0.899448
2 0 0 0.919626
3 0 0 0.988063

3
1 5 1 0.855882
2 0 0 1.06953
3 0 0 0.73796

1
1 0 0 0.824623

3
1 2 1 0.837367
2 0 0 0.939291
3 0 0 0.78266

3
1 6 909 0.876827
2 0 0 0.878292
3 0 0 0.871518

3
1 0 1619 0.896642
2 0 0 1.07799
3 0 0 0.869391

3
1 1 2 0.948913
2 0 0 0.899129
3 0 0 0.899682

3
1 5 1 0.830808
2 0 0 1.02489
3 0 0 0.7694

3
1 0 8330 0.767991
2 0 0 0.821284
3 0 0 0.960932

3
1 2 2 0.878154
2 0 0 0.809608
3 0 0 0.889861

1
1 0 0 0.820107

5
1 5 1 0.973219
2 0 0 1.0078
3 1 2 0.839087
6 0 0 0.878927
7 0 0 0.912505

3
1 5 1 0.840793
2 0 0 1.03165
3 0 0 0.747678

3
1 6 3046 0.858637
2 0 0 0.926237
3 0 0 0.948498

1
1 0 0 0.826112

3
1 5 1 0.902481
2 0 0 1.001
3 0 0 0.817696

3
1 4 1 0.94775
2 0 0 0.783723
3 0 0 1.03164

1
1 0 0 0.894035

3
1 1 2 1.0081
2 0 0 0.886697
3 0 0 1.01822

3
1 0 2033 0.811386
2 0 0 0.975824
3 0 0 0.85468

3
1 5 1 0.953293
2 0 0 0.962484
3 0 0 0.804162

3
1 5 1 0.917733
2 0 0 1.02667
3 0 0 0.843301

3
1 5 1 0.851529
2 0 0 0.908697
3 0 0 0.782828

1
1 0 0 0.886439

3
1 6 5346 0.791428
2 0 0 0.851855
3 0 0 1.0417

1
1 0 0 0.746128

5
1 4 1 0.892715
2 0 0 0.924931
3 2 2 1.00662
6 0 0 0.970284
7 0 0 0.90384

5
1 1 1 0.973989
2 0 0 1.04514
3 1 2 0.920236
6 0 0 0.815341
7 0 0 1.03547

3
1 5 1 0.917648
2 0 0 1.01747
3 0 0 0.929913

3
1 0 106 0.821201
2 0 0 0.922205
3 0 0 0.904003

3
1 6 867 0.885684
2 0 0 0.871771
3 0 0 0.88303

3
1 5 1 0.840292
2 0 0 0.894246
3 0 0 0.735623

3
1 2 1 0.922798
2 0 0 0.952261
3 0 0 1.02056

3
1 6 3005 0.939143
2 0 0 1.05096
3 0 0 0.857582

3
1 1 2 0.947299
2 0 0 0.796868
3 0 0 1.05378

3
1 0 1121 0.814968
2 0 0 0.828171
3 0 0 0.827784

3
1 5 1 0.918697
2 0 0 0.926259
3 0 0 0.927081

3
1 5 1 0.856987
2 0 0 1.00898
3 0 0 0.87769

3
1 1 1 0.931286
2 0 0 0.969798
3 0 0 0.916263

1
1 0 0 0.820112

3
1 2 4 0.849372
2 0 0 0.864588
3 0 0 0.943785

3
1 1 1 0.925626
2 0 0 0.898698
3 0 0 0.935901

3
1 0 9619 0.90371
2 0 0 0.833817
3 0 0 0.910037

3
1 1 2 0.839685
2 0 0 0.777648
3 0 0 0.989688

1
1 0 0 0.861353

1
1 0 0 0.831823

1
1 0 0 0.674406

1
1 0 0 0.761096

3
1 1 1 0.837679
2 0 0 1.11039
3 0 0 0.820902

3
1 6 3370 0.926282
2 0 0 0.967254
3 0 0 0.820374

3
1 0 7358 0.987466
2 0 0 0.935539
3 0 0 0.928547

3
1 5 1 0.924435
2 0 0 0.986192
3 0 0 0.895265

3
1 6 2790 0.888365
2 0 0 1.00694
3 0 0 0.939392

3
1 1 1 0.92123
2 0 0 0.984053
3 0 0 0.864512

3
1 1 1 0.949642
2 0 0 0.895058
3 0 0 0.965969

1
1 0 0 0.869266

3
1 2 4 0.872061
2 0 0 0.798833
3 0 0 0.973162

3
1 2 3 0.85603
2 0 0 0.813474
3 0 0 0.92605

3
1 0 4114 0.868774
2 0 0 0.943554
3 0 0 0.894388

1
1 0 0 0.838622

1
1 0 0 0.831501

1
1 0 0 0.835915

3
1 1 1 0.850056
2 0 0 1.14422
3 0 0 0.761769

1
1 0 0 0.83468

1
1 0 0 0.767134

3
1 5 1 0.81698
2 0 0 0.84528
3 0 0 0.783626

3
1 1 1 0.878526
2 0 0 1.14179
3 0 0 0.842875

1
1 0 0 0.852258

3
1 1 2 0.865563
2 0 0 0.881419
3 0 0 0.940877

1
1 0 0 0.786021

3
1 2 1 0.853693
2 0 0 0.823862
3 0 0 0.86888

3
1 0 8948 0.97114
2 0 0 0.933761
3 0 0 0.916667

3
1 1 1 0.865596
2 0 0 1.05466
3 0 0 0.844033

1
1 0 0 0.783097

5
1 0 6762 0.912172
2 6 678 0.913365
4 0 0 0.946151
5 0 0 0.967508
3 0 0 0.845948

3
1 6 1639 0.923955
2 0 0 0.873488
3 0 0 0.947641

5
1 5 1 0.884393
2 2 2 0.993147
4 0 0 1.06107
5 0 0 1.00172
3 0 0 0.800372

3
1 2 3 0.906603
2 0 0 0.836897
3 0 0 0.946588

1
1 0 0 0.810444

3
1 5 1 0.88622
2 0 0 0.988342
3 0 0 0.699288

3
1 2 4 0.826798
2 0 0 0.876771
3 0 0 0.807891

3
1 2 4 0.944424
2 0 0 0.895821
3 0 0 0.947122

3
1 6 4229 0.814031
2 0 0 1.04394
3 0 0 0.831061

3
1 4 1 0.949309
2 0 0 0.80062
3 0 0 1.00538

3
1 5 1 0.83953
2 0 0 1.02663
3 0 0 0.817327

5
1 4 1 0.850058
2 0 7682 0.845565
4 0 0 0.918758
5 0 0 0.969212
3 0 0 0.933718

1
1 0 0 0.848293

3
1 1 1 0.919929
2 0 0 1.05093
3 0 0 0.736591

3
1 0 1473 0.942183
2 0 0 1.07727
3 0 0 0.857822

5
1 6 298 0.968351
2 0 8122 0.902712
4 0 0 0.954571
5 0 0 1.04558
3 0 0 0.885384

3
1 5 1 0.909373
2 0 0 0.995178
3 0 0 0.872614

3
1 2 3 0.866391
2 0 0 0.924785
3 0 0 0.973823

1
1 0 0 0.74442

1
1 0 0 0.943811

5
1 0 1419 0.802471
2 1 2 1.02978
4 0 0 0.961683
5 0 0 0.923553
3 0 0 0.778049

1
1 0 0 0.784822

1
1 0 0 0.826741

5
1 6 5236 0.819835
2 5 1 0.937261
4 0 0 0.925491
5 0 0 0.750432
3 0 0 0.854901

3
1 5 1 0.885438
2 0 0 1.04183
3 0 0 0.799394

1
1 0 0 0.877558

3
1 2 4 0.913164
2 0 0 0.899106
3 0 0 0.903732

1
1 0 0 0.825887

1
1 0 0 0.808511

3
1 1 1 0.873007
2 0 0 0.924255
3 0 0 0.807348

3
1 0 2658 0.911282
2 0 0 0.843438
3 0 0 0.907071

3
1 2 3 0.927376
2 0 0 0.902444
3 0 0 0.985999

3
1 1 2 0.882799
2 0 0 0.835661
3 0 0 1.02199

1
1 0 0 0.802035

5
1 0 396 0.899249
2 0 0 0.966317
3 4 1 0.90451
6 0 0 0.819199
7 0 0 1.03489

3
1 6 1835 0.89106
2 0 0 0.920426
3 0 0 0.889585

5
1 6 2420 0.860768
2 0 0 0.891306
3 5 1 1.02398
6 0 0 1.08971
7 0 0 0.926049

3
1 6 3773 0.968951
2 0 0 1.01518
3 0 0 1.01552

3
1 6 3564 0.847296
2 0 0 0.839406
3 0 0 0.943648

3
1 0 9553 0.732408
2 0 0 0.751055
3 0 0 0.860547

7
1 0 4576 0.910536
2 0 1095 0.884666
4 0 0 0.92771
5 0 0 0.942523
3 1 2 0.816049
6 0 0 0.791764
7 0 0 1.03918

3
1 0 144 0.80728
2 0 0 0.943502
3 0 0 0.768892

1
1 0 0 0.785266

3
1 1 2 0.819733
2 0 0 0.745923
3 0 0 0.845366

3
1 1 1 0.893122
2 0 0 1.05013
3 0 0 0.874125

3
1 5 1 0.932338
2 0 0 1.02751
3 0 0 0.92778

3
1 1 1 0.909807
2 0 0 0.935594
3 0 0 0.740885

7
1 5 1 0.917733
2 2 3 1.08118
4 0 0 1.06297
5 0 0 0.87612
3 6 4884 0.951256
6 0 0 0.939249
7 0 0 1.06676

1
1 0 0 0.898981

5
1 4 1 0.872009
2 0 0 0.800747
3 2 2 0.982382
6 0 0 0.896491
7 0 0 1.0118

5
1 5 1 0.881652
2 0 503 0.973936
4 0 0 0.885607
5 0 0 1.0163
3 0 0 0.884337

3
1 1 1 0.885214
2 0 0 1.02255
3 0 0 0.891381

3
1 1 1 0.837145
2 0 0 1.01469
3 0 0 0.885551

3
1 1 2 0.869012
2 0 0 0.905798
3 0 0 1.02624

3
1 6 2937 0.933332
2 0 0 0.979418
3 0 0 0.83

3
1 1 1 0.801752
2 0 0 0.915039
3 0 0 0.770742

3
1 5 1 0.908099
2 0 0 1.003
3 0 0 0.717669

1
1 0 0 0.829473

3
1 6 3431 0.921627
2 0 0 0.859132
3 0 0 0.847974

3
1 1 1 0.912922
2 0 0 1.05125
3 0 0 0.874546

3
1 6 643 0.843691
2 0 0 0.897418
3 0 0 0.99979

1
1 0 0 0.868771

3
1 5 1 0.885405
2 0 0 0.988518
3 0 0 0.84006

1
1 0 0 0.85412

3
1 2 2 0.907808
2 0 0 0.877937
3 0 0 0.892155

3
1 1 2 0.922863
2 0 0 0.834721
3 0 0 1.00629

1
1 0 0 0.797126

3
1 5 1 0.877544
2 0 0 0.882876
3 0 0 0.855991

7
1 0 9928 0.894195
2 0 0 0.856131
3 0 9947 1.04498
6 0 0 1.03678
7 2 2 0.888555
14 0 0 0.941256
15 0 0 0.872223

3
1 1 2 0.887733
2 0 0 0.84208
3 0 0 0.966038

3
1 5 1 0.896872
2 0 0 1.16338
3 0 0 0.949198

1
1 0 0 0.91154

3
1 5 1 0.824937
2 0 0 0.949853
3 0 0 0.773971

3
1 2 4 0.887199
2 0 0 0.844134
3 0 0 0.96726

1
1 0 0 0.822225

3
1 1 2 0.894769
2 0 0 0.813789
3 0 0 0.915617

3
1 1 1 0.772434
2 0 0 0.918453
3 0 0 0.826758

3
1 2 4 0.866994
2 0 0 0.830057
3 0 0 0.861638

3
1 6 3293 0.829247
2 0 0 0.946938
3 0 0 0.786094

3
1 2 4 0.785409
2 0 0 0.781262
3 0 0 0.958073

3
1 0 672 0.768542
2 0 0 0.849471
3 0 0 0.755207

1
1 0 0 0.882007

3
1 4 1 0.901213
2 0 0 0.924564
3 0 0 0.98153

1
1 0 0 0.769337

3
1 0 7323 0.918737
2 0 0 0.94896
3 0 0 0.93781

3
1 1 1 0.798707
2 0 0 1.1837
3 0 0 0.893959

5
1 5 1 0.968759
2 0 9410 0.958545
4 0 0 0.920506
5 0 0 1.03158
3 0 0 0.893335

3
1 2 1 0.99422
2 0 0 0.924905
3 0 0 1.01151

1
1 0 0 0.906838

3
1 1 2 0.886472
2 0 0 0.79139
3 0 0 0.970626

3
1 4 1 0.867934
2 0 0 0.841939
3 0 0 0.912238

3
1 5 1 0.976278
2 0 0 1.02981
3 0 0 0.832666

3
1 0 4209 0.862098
2 0 0 0.909087
3 0 0 0.882949

3
1 0 2347 0.795896
2 0 0 0.994143
3 0 0 0.813289

3
1 6 268 0.863129
2 0 0 1.10467
3 0 0 0.867019

3
1 6 5233 0.755011
2 0 0 0.779958
3 0 0 0.932871

3
1 6 4750 0.833474
2 0 0 0.845779
3 0 0 0.872443

1
1 0 0 0.839151

1
1 0 0 0.786245

3
1 0 3075 0.848369
2 0 0 0.913441
3 0 0 0.855454

