3
9999
0.0001
0.0002
0.0003
0.0004
0.0005
0.0006
0.0007
0.0008
0.0009
0.001
0.0011
0.0012
0.0013
0.0014
0.0015
0.0016
0.0017
0.0018
0.0019
0.002
0.0021
0.0022
0.0023
0.0024
0.0025
0.0026
0.0027
0.0028
0.0029
0.003
0.0031
0.0032
0.0033
0.0034
0.0035
0.0036
0.0037
0.0038
0.0039
0.004
0.0041
0.0042
0.0043
0.0044
0.0045
0.0046
0.0047
0.0048
0.0049
0.005
0.0051
0.0052
0.0053
0.0054
0.0055
0.0056
0.0057
0.0058
0.0059
0.006
0.0061
0.0062
0.0063
0.0064
0.0065
0.0066
0.0067
0.0068
0.0069
0.007
0.0071
0.0072
0.0073
0.0074
0.0075
0.0076
0.0077
0.0078
0.0079
0.008
0.0081
0.0082
0.0083
0.0084
0.0085
0.0086
0.0087
0.0088
0.0089
0.009
0.0091
0.0092
0.0093
0.0094
0.0095
0.0096
0.0097
0.0098
0.0099
0.01
0.0101
0.0102
0.0103
0.0104
0.0105
0.0106
0.0107
0.0108
0.0109
0.011
0.0111
0.0112
0.0113
0.0114
0.0115
0.0116
0.0117
0.0118
0.0119
0.012
0.0121
0.0122
0.0123
0.0124
0.0125
0.0126
0.0127
0.0128
0.0129
0.013
0.0131
0.0132
0.0133
0.0134
0.0135
0.0136
0.0137
0.0138
0.0139
0.014
0.0141
0.0142
0.0143
0.0144
0.0145
0.0146
0.0147
0.0148
0.0149
0.015
0.0151
0.0152
0.0153
0.0154
0.0155
0.0156
0.0157
0.0158
0.0159
0.016
0.0161
0.0162
0.0163
0.0164
0.0165
0.0166
0.0167
0.0168
0.0169
0.017
0.0171
0.0172
0.0173
0.0174
0.0175
0.0176
0.0177
0.0178
0.0179
0.018
0.0181
0.0182
0.0183
0.0184
0.0185
0.0186
0.0187
0.0188
0.0189
0.019
0.0191
0.0192
0.0193
0.0194
0.0195
0.0196
0.0197
0.0198
0.0199
0.02
0.0201
0.0202
0.0203
0.0204
0.0205
0.0206
0.0207
0.0208
0.0209
0.021
0.0211
0.0212
0.0213
0.0214
0.0215
0.0216
0.0217
0.0218
0.0219
0.022
0.0221
0.0222
0.0223
0.0224
0.0225
0.0226
0.0227
0.0228
0.0229
0.023
0.0231
0.0232
0.0233
0.0234
0.0235
0.0236
0.0237
0.0238
0.0239
0.024
0.0241
0.0242
0.0243
0.0244
0.0245
0.0246
0.0247
0.0248
0.0249
0.025
0.0251
0.0252
0.0253
0.0254
0.0255
0.0256
0.0257
0.0258
0.0259
0.026
0.0261
0.0262
0.0263
0.0264
0.0265
0.0266
0.0267
0.0268
0.0269
0.027
0.0271
0.0272
0.0273
0.0274
0.0275
0.0276
0.0277
0.0278
0.0279
0.028
0.0281
0.0282
0.0283
0.0284
0.0285
0.0286
0.0287
0.0288
0.0289
0.029
0.0291
0.0292
0.0293
0.0294
0.0295
0.0296
0.0297
0.0298
0.0299
0.03
0.0301
0.0302
0.0303
0.0304
0.0305
0.0306
0.0307
0.0308
0.0309
0.031
0.0311
0.0312
0.0313
0.0314
0.0315
0.0316
0.0317
0.0318
0.0319
0.032
0.0321
0.0322
0.0323
0.0324
0.0325
0.0326
0.0327
0.0328
0.0329
0.033
0.0331
0.0332
0.0333
0.0334
0.0335
0.0336
0.0337
0.0338
0.0339
0.034
0.0341
0.0342
0.0343
0.0344
0.0345
0.0346
0.0347
0.0348
0.0349
0.035
0.0351
0.0352
0.0353
0.0354
0.0355
0.0356
0.0357
0.0358
0.0359
0.036
0.0361
0.0362
0.0363
0.0364
0.0365
0.0366
0.0367
0.0368
0.0369
0.037
0.0371
0.0372
0.0373
0.0374
0.0375
0.0376
0.0377
0.0378
0.0379
0.038
0.0381
0.0382
0.0383
0.0384
0.0385
0.0386
0.0387
0.0388
0.0389
0.039
0.0391
0.0392
0.0393
0.0394
0.0395
0.0396
0.0397
0.0398
0.0399
0.04
0.0401
0.0402
0.0403
0.0404
0.0405
0.0406
0.0407
0.0408
0.0409
0.041
0.0411
0.0412
0.0413
0.0414
0.0415
0.0416
0.0417
0.0418
0.0419
0.042
0.0421
0.0422
0.0423
0.0424
0.0425
0.0426
0.0427
0.0428
0.0429
0.043
0.0431
0.0432
0.0433
0.0434
0.0435
0.0436
0.0437
0.0438
0.0439
0.044
0.0441
0.0442
0.0443
0.0444
0.0445
0.0446
0.0447
0.0448
0.0449
0.045
0.0451
0.0452
0.0453
0.0454
0.0455
0.0456
0.0457
0.0458
0.0459
0.046
0.0461
0.0462
0.0463
0.0464
0.0465
0.0466
0.0467
0.0468
0.0469
0.047
0.0471
0.0472
0.0473
0.0474
0.0475
0.0476
0.0477
0.0478
0.0479
0.048
0.0481
0.0482
0.0483
0.0484
0.0485
0.0486
0.0487
0.0488
0.0489
0.049
0.0491
0.0492
0.0493
0.0494
0.0495
0.0496
0.0497
0.0498
0.0499
0.05
0.0501
0.0502
0.0503
0.0504
0.0505
0.0506
0.0507
0.0508
0.0509
0.051
0.0511
0.0512
0.0513
0.0514
0.0515
0.0516
0.0517
0.0518
0.0519
0.052
0.0521
0.0522
0.0523
0.0524
0.0525
0.0526
0.0527
0.0528
0.0529
0.053
0.0531
0.0532
0.0533
0.0534
0.0535
0.0536
0.0537
0.0538
0.0539
0.054
0.0541
0.0542
0.0543
0.0544
0.0545
0.0546
0.0547
0.0548
0.0549
0.055
0.0551
0.0552
0.0553
0.0554
0.0555
0.0556
0.0557
0.0558
0.0559
0.056
0.0561
0.0562
0.0563
0.0564
0.0565
0.0566
0.0567
0.0568
0.0569
0.057
0.0571
0.0572
0.0573
0.0574
0.0575
0.0576
0.0577
0.0578
0.0579
0.058
0.0581
0.0582
0.0583
0.0584
0.0585
0.0586
0.0587
0.0588
0.0589
0.059
0.0591
0.0592
0.0593
0.0594
0.0595
0.0596
0.0597
0.0598
0.0599
0.06
0.0601
0.0602
0.0603
0.0604
0.0605
0.0606
0.0607
0.0608
0.0609
0.061
0.0611
0.0612
0.0613
0.0614
0.0615
0.0616
0.0617
0.0618
0.0619
0.062
0.0621
0.0622
0.0623
0.0624
0.0625
0.0626
0.0627
0.0628
0.0629
0.063
0.0631
0.0632
0.0633
0.0634
0.0635
0.0636
0.0637
0.0638
0.0639
0.064
0.0641
0.0642
0.0643
0.0644
0.0645
0.0646
0.0647
0.0648
0.0649
0.065
0.0651
0.0652
0.0653
0.0654
0.0655
0.0656
0.0657
0.0658
0.0659
0.066
0.0661
0.0662
0.0663
0.0664
0.0665
0.0666
0.0667
0.0668
0.0669
0.067
0.0671
0.0672
0.0673
0.0674
0.0675
0.0676
0.0677
0.0678
0.0679
0.068
0.0681
0.0682
0.0683
0.0684
0.0685
0.0686
0.0687
0.0688
0.0689
0.069
0.0691
0.0692
0.0693
0.0694
0.0695
0.0696
0.0697
0.0698
0.0699
0.07
0.0701
0.0702
0.0703
0.0704
0.0705
0.0706
0.0707
0.0708
0.0709
0.071
0.0711
0.0712
0.0713
0.0714
0.0715
0.0716
0.0717
0.0718
0.0719
0.072
0.0721
0.0722
0.0723
0.0724
0.0725
0.0726
0.0727
0.0728
0.0729
0.073
0.0731
0.0732
0.0733
0.0734
0.0735
0.0736
0.0737
0.0738
0.0739
0.074
0.0741
0.0742
0.0743
0.0744
0.0745
0.0746
0.0747
0.0748
0.0749
0.075
0.0751
0.0752
0.0753
0.0754
0.0755
0.0756
0.0757
0.0758
0.0759
0.076
0.0761
0.0762
0.0763
0.0764
0.0765
0.0766
0.0767
0.0768
0.0769
0.077
0.0771
0.0772
0.0773
0.0774
0.0775
0.0776
0.0777
0.0778
0.0779
0.078
0.0781
0.0782
0.0783
0.0784
0.0785
0.0786
0.0787
0.0788
0.0789
0.079
0.0791
0.0792
0.0793
0.0794
0.0795
0.0796
0.0797
0.0798
0.0799
0.08
0.0801
0.0802
0.0803
0.0804
0.0805
0.0806
0.0807
0.0808
0.0809
0.081
0.0811
0.0812
0.0813
0.0814
0.0815
0.0816
0.0817
0.0818
0.0819
0.082
0.0821
0.0822
0.0823
0.0824
0.0825
0.0826
0.0827
0.0828
0.0829
0.083
0.0831
0.0832
0.0833
0.0834
0.0835
0.0836
0.0837
0.0838
0.0839
0.084
0.0841
0.0842
0.0843
0.0844
0.0845
0.0846
0.0847
0.0848
0.0849
0.085
0.0851
0.0852
0.0853
0.0854
0.0855
0.0856
0.0857
0.0858
0.0859
0.086
0.0861
0.0862
0.0863
0.0864
0.0865
0.0866
0.0867
0.0868
0.0869
0.087
0.0871
0.0872
0.0873
0.0874
0.0875
0.0876
0.0877
0.0878
0.0879
0.088
0.0881
0.0882
0.0883
0.0884
0.0885
0.0886
0.0887
0.0888
0.0889
0.089
0.0891
0.0892
0.0893
0.0894
0.0895
0.0896
0.0897
0.0898
0.0899
0.09
0.0901
0.0902
0.0903
0.0904
0.0905
0.0906
0.0907
0.0908
0.0909
0.091
0.0911
0.0912
0.0913
0.0914
0.0915
0.0916
0.0917
0.0918
0.0919
0.092
0.0921
0.0922
0.0923
0.0924
0.0925
0.0926
0.0927
0.0928
0.0929
0.093
0.0931
0.0932
0.0933
0.0934
0.0935
0.0936
0.0937
0.0938
0.0939
0.094
0.0941
0.0942
0.0943
0.0944
0.0945
0.0946
0.0947
0.0948
0.0949
0.095
0.0951
0.0952
0.0953
0.0954
0.0955
0.0956
0.0957
0.0958
0.0959
0.096
0.0961
0.0962
0.0963
0.0964
0.0965
0.0966
0.0967
0.0968
0.0969
0.097
0.0971
0.0972
0.0973
0.0974
0.0975
0.0976
0.0977
0.0978
0.0979
0.098
0.0981
0.0982
0.0983
0.0984
0.0985
0.0986
0.0987
0.0988
0.0989
0.099
0.0991
0.0992
0.0993
0.0994
0.0995
0.0996
0.0997
0.0998
0.0999
0.1
0.1001
0.1002
0.1003
0.1004
0.1005
0.1006
0.1007
0.1008
0.1009
0.101
0.1011
0.1012
0.1013
0.1014
0.1015
0.1016
0.1017
0.1018
0.1019
0.102
0.1021
0.1022
0.1023
0.1024
0.1025
0.1026
0.1027
0.1028
0.1029
0.103
0.1031
0.1032
0.1033
0.1034
0.1035
0.1036
0.1037
0.1038
0.1039
0.104
0.1041
0.1042
0.1043
0.1044
0.1045
0.1046
0.1047
0.1048
0.1049
0.105
0.1051
0.1052
0.1053
0.1054
0.1055
0.1056
0.1057
0.1058
0.1059
0.106
0.1061
0.1062
0.1063
0.1064
0.1065
0.1066
0.1067
0.1068
0.1069
0.107
0.1071
0.1072
0.1073
0.1074
0.1075
0.1076
0.1077
0.1078
0.1079
0.108
0.1081
0.1082
0.1083
0.1084
0.1085
0.1086
0.1087
0.1088
0.1089
0.109
0.1091
0.1092
0.1093
0.1094
0.1095
0.1096
0.1097
0.1098
0.1099
0.11
0.1101
0.1102
0.1103
0.1104
0.1105
0.1106
0.1107
0.1108
0.1109
0.111
0.1111
0.1112
0.1113
0.1114
0.1115
0.1116
0.1117
0.1118
0.1119
0.112
0.1121
0.1122
0.1123
0.1124
0.1125
0.1126
0.1127
0.1128
0.1129
0.113
0.1131
0.1132
0.1133
0.1134
0.1135
0.1136
0.1137
0.1138
0.1139
0.114
0.1141
0.1142
0.1143
0.1144
0.1145
0.1146
0.1147
0.1148
0.1149
0.115
0.1151
0.1152
0.1153
0.1154
0.1155
0.1156
0.1157
0.1158
0.1159
0.116
0.1161
0.1162
0.1163
0.1164
0.1165
0.1166
0.1167
0.1168
0.1169
0.117
0.1171
0.1172
0.1173
0.1174
0.1175
0.1176
0.1177
0.1178
0.1179
0.118
0.1181
0.1182
0.1183
0.1184
0.1185
0.1186
0.1187
0.1188
0.1189
0.119
0.1191
0.1192
0.1193
0.1194
0.1195
0.1196
0.1197
0.1198
0.1199
0.12
0.1201
0.1202
0.1203
0.1204
0.1205
0.1206
0.1207
0.1208
0.1209
0.121
0.1211
0.1212
0.1213
0.1214
0.1215
0.1216
0.1217
0.1218
0.1219
0.122
0.1221
0.1222
0.1223
0.1224
0.1225
0.1226
0.1227
0.1228
0.1229
0.123
0.1231
0.1232
0.1233
0.1234
0.1235
0.1236
0.1237
0.1238
0.1239
0.124
0.1241
0.1242
0.1243
0.1244
0.1245
0.1246
0.1247
0.1248
0.1249
0.125
0.1251
0.1252
0.1253
0.1254
0.1255
0.1256
0.1257
0.1258
0.1259
0.126
0.1261
0.1262
0.1263
0.1264
0.1265
0.1266
0.1267
0.1268
0.1269
0.127
0.1271
0.1272
0.1273
0.1274
0.1275
0.1276
0.1277
0.1278
0.1279
0.128
0.1281
0.1282
0.1283
0.1284
0.1285
0.1286
0.1287
0.1288
0.1289
0.129
0.1291
0.1292
0.1293
0.1294
0.1295
0.1296
0.1297
0.1298
0.1299
0.13
0.1301
0.1302
0.1303
0.1304
0.1305
0.1306
0.1307
0.1308
0.1309
0.131
0.1311
0.1312
0.1313
0.1314
0.1315
0.1316
0.1317
0.1318
0.1319
0.132
0.1321
0.1322
0.1323
0.1324
0.1325
0.1326
0.1327
0.1328
0.1329
0.133
0.1331
0.1332
0.1333
0.1334
0.1335
0.1336
0.1337
0.1338
0.1339
0.134
0.1341
0.1342
0.1343
0.1344
0.1345
0.1346
0.1347
0.1348
0.1349
0.135
0.1351
0.1352
0.1353
0.1354
0.1355
0.1356
0.1357
0.1358
0.1359
0.136
0.1361
0.1362
0.1363
0.1364
0.1365
0.1366
0.1367
0.1368
0.1369
0.137
0.1371
0.1372
0.1373
0.1374
0.1375
0.1376
0.1377
0.1378
0.1379
0.138
0.1381
0.1382
0.1383
0.1384
0.1385
0.1386
0.1387
0.1388
0.1389
0.139
0.1391
0.1392
0.1393
0.1394
0.1395
0.1396
0.1397
0.1398
0.1399
0.14
0.1401
0.1402
0.1403
0.1404
0.1405
0.1406
0.1407
0.1408
0.1409
0.141
0.1411
0.1412
0.1413
0.1414
0.1415
0.1416
0.1417
0.1418
0.1419
0.142
0.1421
0.1422
0.1423
0.1424
0.1425
0.1426
0.1427
0.1428
0.1429
0.143
0.1431
0.1432
0.1433
0.1434
0.1435
0.1436
0.1437
0.1438
0.1439
0.144
0.1441
0.1442
0.1443
0.1444
0.1445
0.1446
0.1447
0.1448
0.1449
0.145
0.1451
0.1452
0.1453
0.1454
0.1455
0.1456
0.1457
0.1458
0.1459
0.146
0.1461
0.1462
0.1463
0.1464
0.1465
0.1466
0.1467
0.1468
0.1469
0.147
0.1471
0.1472
0.1473
0.1474
0.1475
0.1476
0.1477
0.1478
0.1479
0.148
0.1481
0.1482
0.1483
0.1484
0.1485
0.1486
0.1487
0.1488
0.1489
0.149
0.1491
0.1492
0.1493
0.1494
0.1495
0.1496
0.1497
0.1498
0.1499
0.15
0.1501
0.1502
0.1503
0.1504
0.1505
0.1506
0.1507
0.1508
0.1509
0.151
0.1511
0.1512
0.1513
0.1514
0.1515
0.1516
0.1517
0.1518
0.1519
0.152
0.1521
0.1522
0.1523
0.1524
0.1525
0.1526
0.1527
0.1528
0.1529
0.153
0.1531
0.1532
0.1533
0.1534
0.1535
0.1536
0.1537
0.1538
0.1539
0.154
0.1541
0.1542
0.1543
0.1544
0.1545
0.1546
0.1547
0.1548
0.1549
0.155
0.1551
0.1552
0.1553
0.1554
0.1555
0.1556
0.1557
0.1558
0.1559
0.156
0.1561
0.1562
0.1563
0.1564
0.1565
0.1566
0.1567
0.1568
0.1569
0.157
0.1571
0.1572
0.1573
0.1574
0.1575
0.1576
0.1577
0.1578
0.1579
0.158
0.1581
0.1582
0.1583
0.1584
0.1585
0.1586
0.1587
0.1588
0.1589
0.159
0.1591
0.1592
0.1593
0.1594
0.1595
0.1596
0.1597
0.1598
0.1599
0.16
0.1601
0.1602
0.1603
0.1604
0.1605
0.1606
0.1607
0.1608
0.1609
0.161
0.1611
0.1612
0.1613
0.1614
0.1615
0.1616
0.1617
0.1618
0.1619
0.162
0.1621
0.1622
0.1623
0.1624
0.1625
0.1626
0.1627
0.1628
0.1629
0.163
0.1631
0.1632
0.1633
0.1634
0.1635
0.1636
0.1637
0.1638
0.1639
0.164
0.1641
0.1642
0.1643
0.1644
0.1645
0.1646
0.1647
0.1648
0.1649
0.165
0.1651
0.1652
0.1653
0.1654
0.1655
0.1656
0.1657
0.1658
0.1659
0.166
0.1661
0.1662
0.1663
0.1664
0.1665
0.1666
0.1667
0.1668
0.1669
0.167
0.1671
0.1672
0.1673
0.1674
0.1675
0.1676
0.1677
0.1678
0.1679
0.168
0.1681
0.1682
0.1683
0.1684
0.1685
0.1686
0.1687
0.1688
0.1689
0.169
0.1691
0.1692
0.1693
0.1694
0.1695
0.1696
0.1697
0.1698
0.1699
0.17
0.1701
0.1702
0.1703
0.1704
0.1705
0.1706
0.1707
0.1708
0.1709
0.171
0.1711
0.1712
0.1713
0.1714
0.1715
0.1716
0.1717
0.1718
0.1719
0.172
0.1721
0.1722
0.1723
0.1724
0.1725
0.1726
0.1727
0.1728
0.1729
0.173
0.1731
0.1732
0.1733
0.1734
0.1735
0.1736
0.1737
0.1738
0.1739
0.174
0.1741
0.1742
0.1743
0.1744
0.1745
0.1746
0.1747
0.1748
0.1749
0.175
0.1751
0.1752
0.1753
0.1754
0.1755
0.1756
0.1757
0.1758
0.1759
0.176
0.1761
0.1762
0.1763
0.1764
0.1765
0.1766
0.1767
0.1768
0.1769
0.177
0.1771
0.1772
0.1773
0.1774
0.1775
0.1776
0.1777
0.1778
0.1779
0.178
0.1781
0.1782
0.1783
0.1784
0.1785
0.1786
0.1787
0.1788
0.1789
0.179
0.1791
0.1792
0.1793
0.1794
0.1795
0.1796
0.1797
0.1798
0.1799
0.18
0.1801
0.1802
0.1803
0.1804
0.1805
0.1806
0.1807
0.1808
0.1809
0.181
0.1811
0.1812
0.1813
0.1814
0.1815
0.1816
0.1817
0.1818
0.1819
0.182
0.1821
0.1822
0.1823
0.1824
0.1825
0.1826
0.1827
0.1828
0.1829
0.183
0.1831
0.1832
0.1833
0.1834
0.1835
0.1836
0.1837
0.1838
0.1839
0.184
0.1841
0.1842
0.1843
0.1844
0.1845
0.1846
0.1847
0.1848
0.1849
0.185
0.1851
0.1852
0.1853
0.1854
0.1855
0.1856
0.1857
0.1858
0.1859
0.186
0.1861
0.1862
0.1863
0.1864
0.1865
0.1866
0.1867
0.1868
0.1869
0.187
0.1871
0.1872
0.1873
0.1874
0.1875
0.1876
0.1877
0.1878
0.1879
0.188
0.1881
0.1882
0.1883
0.1884
0.1885
0.1886
0.1887
0.1888
0.1889
0.189
0.1891
0.1892
0.1893
0.1894
0.1895
0.1896
0.1897
0.1898
0.1899
0.19
0.1901
0.1902
0.1903
0.1904
0.1905
0.1906
0.1907
0.1908
0.1909
0.191
0.1911
0.1912
0.1913
0.1914
0.1915
0.1916
0.1917
0.1918
0.1919
0.192
0.1921
0.1922
0.1923
0.1924
0.1925
0.1926
0.1927
0.1928
0.1929
0.193
0.1931
0.1932
0.1933
0.1934
0.1935
0.1936
0.1937
0.1938
0.1939
0.194
0.1941
0.1942
0.1943
0.1944
0.1945
0.1946
0.1947
0.1948
0.1949
0.195
0.1951
0.1952
0.1953
0.1954
0.1955
0.1956
0.1957
0.1958
0.1959
0.196
0.1961
0.1962
0.1963
0.1964
0.1965
0.1966
0.1967
0.1968
0.1969
0.197
0.1971
0.1972
0.1973
0.1974
0.1975
0.1976
0.1977
0.1978
0.1979
0.198
0.1981
0.1982
0.1983
0.1984
0.1985
0.1986
0.1987
0.1988
0.1989
0.199
0.1991
0.1992
0.1993
0.1994
0.1995
0.1996
0.1997
0.1998
0.1999
0.2
0.2001
0.2002
0.2003
0.2004
0.2005
0.2006
0.2007
0.2008
0.2009
0.201
0.2011
0.2012
0.2013
0.2014
0.2015
0.2016
0.2017
0.2018
0.2019
0.202
0.2021
0.2022
0.2023
0.2024
0.2025
0.2026
0.2027
0.2028
0.2029
0.203
0.2031
0.2032
0.2033
0.2034
0.2035
0.2036
0.2037
0.2038
0.2039
0.204
0.2041
0.2042
0.2043
0.2044
0.2045
0.2046
0.2047
0.2048
0.2049
0.205
0.2051
0.2052
0.2053
0.2054
0.2055
0.2056
0.2057
0.2058
0.2059
0.206
0.2061
0.2062
0.2063
0.2064
0.2065
0.2066
0.2067
0.2068
0.2069
0.207
0.2071
0.2072
0.2073
0.2074
0.2075
0.2076
0.2077
0.2078
0.2079
0.208
0.2081
0.2082
0.2083
0.2084
0.2085
0.2086
0.2087
0.2088
0.2089
0.209
0.2091
0.2092
0.2093
0.2094
0.2095
0.2096
0.2097
0.2098
0.2099
0.21
0.2101
0.2102
0.2103
0.2104
0.2105
0.2106
0.2107
0.2108
0.2109
0.211
0.2111
0.2112
0.2113
0.2114
0.2115
0.2116
0.2117
0.2118
0.2119
0.212
0.2121
0.2122
0.2123
0.2124
0.2125
0.2126
0.2127
0.2128
0.2129
0.213
0.2131
0.2132
0.2133
0.2134
0.2135
0.2136
0.2137
0.2138
0.2139
0.214
0.2141
0.2142
0.2143
0.2144
0.2145
0.2146
0.2147
0.2148
0.2149
0.215
0.2151
0.2152
0.2153
0.2154
0.2155
0.2156
0.2157
0.2158
0.2159
0.216
0.2161
0.2162
0.2163
0.2164
0.2165
0.2166
0.2167
0.2168
0.2169
0.217
0.2171
0.2172
0.2173
0.2174
0.2175
0.2176
0.2177
0.2178
0.2179
0.218
0.2181
0.2182
0.2183
0.2184
0.2185
0.2186
0.2187
0.2188
0.2189
0.219
0.2191
0.2192
0.2193
0.2194
0.2195
0.2196
0.2197
0.2198
0.2199
0.22
0.2201
0.2202
0.2203
0.2204
0.2205
0.2206
0.2207
0.2208
0.2209
0.221
0.2211
0.2212
0.2213
0.2214
0.2215
0.2216
0.2217
0.2218
0.2219
0.222
0.2221
0.2222
0.2223
0.2224
0.2225
0.2226
0.2227
0.2228
0.2229
0.223
0.2231
0.2232
0.2233
0.2234
0.2235
0.2236
0.2237
0.2238
0.2239
0.224
0.2241
0.2242
0.2243
0.2244
0.2245
0.2246
0.2247
0.2248
0.2249
0.225
0.2251
0.2252
0.2253
0.2254
0.2255
0.2256
0.2257
0.2258
0.2259
0.226
0.2261
0.2262
0.2263
0.2264
0.2265
0.2266
0.2267
0.2268
0.2269
0.227
0.2271
0.2272
0.2273
0.2274
0.2275
0.2276
0.2277
0.2278
0.2279
0.228
0.2281
0.2282
0.2283
0.2284
0.2285
0.2286
0.2287
0.2288
0.2289
0.229
0.2291
0.2292
0.2293
0.2294
0.2295
0.2296
0.2297
0.2298
0.2299
0.23
0.2301
0.2302
0.2303
0.2304
0.2305
0.2306
0.2307
0.2308
0.2309
0.231
0.2311
0.2312
0.2313
0.2314
0.2315
0.2316
0.2317
0.2318
0.2319
0.232
0.2321
0.2322
0.2323
0.2324
0.2325
0.2326
0.2327
0.2328
0.2329
0.233
0.2331
0.2332
0.2333
0.2334
0.2335
0.2336
0.2337
0.2338
0.2339
0.234
0.2341
0.2342
0.2343
0.2344
0.2345
0.2346
0.2347
0.2348
0.2349
0.235
0.2351
0.2352
0.2353
0.2354
0.2355
0.2356
0.2357
0.2358
0.2359
0.236
0.2361
0.2362
0.2363
0.2364
0.2365
0.2366
0.2367
0.2368
0.2369
0.237
0.2371
0.2372
0.2373
0.2374
0.2375
0.2376
0.2377
0.2378
0.2379
0.238
0.2381
0.2382
0.2383
0.2384
0.2385
0.2386
0.2387
0.2388
0.2389
0.239
0.2391
0.2392
0.2393
0.2394
0.2395
0.2396
0.2397
0.2398
0.2399
0.24
0.2401
0.2402
0.2403
0.2404
0.2405
0.2406
0.2407
0.2408
0.2409
0.241
0.2411
0.2412
0.2413
0.2414
0.2415
0.2416
0.2417
0.2418
0.2419
0.242
0.2421
0.2422
0.2423
0.2424
0.2425
0.2426
0.2427
0.2428
0.2429
0.243
0.2431
0.2432
0.2433
0.2434
0.2435
0.2436
0.2437
0.2438
0.2439
0.244
0.2441
0.2442
0.2443
0.2444
0.2445
0.2446
0.2447
0.2448
0.2449
0.245
0.2451
0.2452
0.2453
0.2454
0.2455
0.2456
0.2457
0.2458
0.2459
0.246
0.2461
0.2462
0.2463
0.2464
0.2465
0.2466
0.2467
0.2468
0.2469
0.247
0.2471
0.2472
0.2473
0.2474
0.2475
0.2476
0.2477
0.2478
0.2479
0.248
0.2481
0.2482
0.2483
0.2484
0.2485
0.2486
0.2487
0.2488
0.2489
0.249
0.2491
0.2492
0.2493
0.2494
0.2495
0.2496
0.2497
0.2498
0.2499
0.25
0.2501
0.2502
0.2503
0.2504
0.2505
0.2506
0.2507
0.2508
0.2509
0.251
0.2511
0.2512
0.2513
0.2514
0.2515
0.2516
0.2517
0.2518
0.2519
0.252
0.2521
0.2522
0.2523
0.2524
0.2525
0.2526
0.2527
0.2528
0.2529
0.253
0.2531
0.2532
0.2533
0.2534
0.2535
0.2536
0.2537
0.2538
0.2539
0.254
0.2541
0.2542
0.2543
0.2544
0.2545
0.2546
0.2547
0.2548
0.2549
0.255
0.2551
0.2552
0.2553
0.2554
0.2555
0.2556
0.2557
0.2558
0.2559
0.256
0.2561
0.2562
0.2563
0.2564
0.2565
0.2566
0.2567
0.2568
0.2569
0.257
0.2571
0.2572
0.2573
0.2574
0.2575
0.2576
0.2577
0.2578
0.2579
0.258
0.2581
0.2582
0.2583
0.2584
0.2585
0.2586
0.2587
0.2588
0.2589
0.259
0.2591
0.2592
0.2593
0.2594
0.2595
0.2596
0.2597
0.2598
0.2599
0.26
0.2601
0.2602
0.2603
0.2604
0.2605
0.2606
0.2607
0.2608
0.2609
0.261
0.2611
0.2612
0.2613
0.2614
0.2615
0.2616
0.2617
0.2618
0.2619
0.262
0.2621
0.2622
0.2623
0.2624
0.2625
0.2626
0.2627
0.2628
0.2629
0.263
0.2631
0.2632
0.2633
0.2634
0.2635
0.2636
0.2637
0.2638
0.2639
0.264
0.2641
0.2642
0.2643
0.2644
0.2645
0.2646
0.2647
0.2648
0.2649
0.265
0.2651
0.2652
0.2653
0.2654
0.2655
0.2656
0.2657
0.2658
0.2659
0.266
0.2661
0.2662
0.2663
0.2664
0.2665
0.2666
0.2667
0.2668
0.2669
0.267
0.2671
0.2672
0.2673
0.2674
0.2675
0.2676
0.2677
0.2678
0.2679
0.268
0.2681
0.2682
0.2683
0.2684
0.2685
0.2686
0.2687
0.2688
0.2689
0.269
0.2691
0.2692
0.2693
0.2694
0.2695
0.2696
0.2697
0.2698
0.2699
0.27
0.2701
0.2702
0.2703
0.2704
0.2705
0.2706
0.2707
0.2708
0.2709
0.271
0.2711
0.2712
0.2713
0.2714
0.2715
0.2716
0.2717
0.2718
0.2719
0.272
0.2721
0.2722
0.2723
0.2724
0.2725
0.2726
0.2727
0.2728
0.2729
0.273
0.2731
0.2732
0.2733
0.2734
0.2735
0.2736
0.2737
0.2738
0.2739
0.274
0.2741
0.2742
0.2743
0.2744
0.2745
0.2746
0.2747
0.2748
0.2749
0.275
0.2751
0.2752
0.2753
0.2754
0.2755
0.2756
0.2757
0.2758
0.2759
0.276
0.2761
0.2762
0.2763
0.2764
0.2765
0.2766
0.2767
0.2768
0.2769
0.277
0.2771
0.2772
0.2773
0.2774
0.2775
0.2776
0.2777
0.2778
0.2779
0.278
0.2781
0.2782
0.2783
0.2784
0.2785
0.2786
0.2787
0.2788
0.2789
0.279
0.2791
0.2792
0.2793
0.2794
0.2795
0.2796
0.2797
0.2798
0.2799
0.28
0.2801
0.2802
0.2803
0.2804
0.2805
0.2806
0.2807
0.2808
0.2809
0.281
0.2811
0.2812
0.2813
0.2814
0.2815
0.2816
0.2817
0.2818
0.2819
0.282
0.2821
0.2822
0.2823
0.2824
0.2825
0.2826
0.2827
0.2828
0.2829
0.283
0.2831
0.2832
0.2833
0.2834
0.2835
0.2836
0.2837
0.2838
0.2839
0.284
0.2841
0.2842
0.2843
0.2844
0.2845
0.2846
0.2847
0.2848
0.2849
0.285
0.2851
0.2852
0.2853
0.2854
0.2855
0.2856
0.2857
0.2858
0.2859
0.286
0.2861
0.2862
0.2863
0.2864
0.2865
0.2866
0.2867
0.2868
0.2869
0.287
0.2871
0.2872
0.2873
0.2874
0.2875
0.2876
0.2877
0.2878
0.2879
0.288
0.2881
0.2882
0.2883
0.2884
0.2885
0.2886
0.2887
0.2888
0.2889
0.289
0.2891
0.2892
0.2893
0.2894
0.2895
0.2896
0.2897
0.2898
0.2899
0.29
0.2901
0.2902
0.2903
0.2904
0.2905
0.2906
0.2907
0.2908
0.2909
0.291
0.2911
0.2912
0.2913
0.2914
0.2915
0.2916
0.2917
0.2918
0.2919
0.292
0.2921
0.2922
0.2923
0.2924
0.2925
0.2926
0.2927
0.2928
0.2929
0.293
0.2931
0.2932
0.2933
0.2934
0.2935
0.2936
0.2937
0.2938
0.2939
0.294
0.2941
0.2942
0.2943
0.2944
0.2945
0.2946
0.2947
0.2948
0.2949
0.295
0.2951
0.2952
0.2953
0.2954
0.2955
0.2956
0.2957
0.2958
0.2959
0.296
0.2961
0.2962
0.2963
0.2964
0.2965
0.2966
0.2967
0.2968
0.2969
0.297
0.2971
0.2972
0.2973
0.2974
0.2975
0.2976
0.2977
0.2978
0.2979
0.298
0.2981
0.2982
0.2983
0.2984
0.2985
0.2986
0.2987
0.2988
0.2989
0.299
0.2991
0.2992
0.2993
0.2994
0.2995
0.2996
0.2997
0.2998
0.2999
0.3
0.3001
0.3002
0.3003
0.3004
0.3005
0.3006
0.3007
0.3008
0.3009
0.301
0.3011
0.3012
0.3013
0.3014
0.3015
0.3016
0.3017
0.3018
0.3019
0.302
0.3021
0.3022
0.3023
0.3024
0.3025
0.3026
0.3027
0.3028
0.3029
0.303
0.3031
0.3032
0.3033
0.3034
0.3035
0.3036
0.3037
0.3038
0.3039
0.304
0.3041
0.3042
0.3043
0.3044
0.3045
0.3046
0.3047
0.3048
0.3049
0.305
0.3051
0.3052
0.3053
0.3054
0.3055
0.3056
0.3057
0.3058
0.3059
0.306
0.3061
0.3062
0.3063
0.3064
0.3065
0.3066
0.3067
0.3068
0.3069
0.307
0.3071
0.3072
0.3073
0.3074
0.3075
0.3076
0.3077
0.3078
0.3079
0.308
0.3081
0.3082
0.3083
0.3084
0.3085
0.3086
0.3087
0.3088
0.3089
0.309
0.3091
0.3092
0.3093
0.3094
0.3095
0.3096
0.3097
0.3098
0.3099
0.31
0.3101
0.3102
0.3103
0.3104
0.3105
0.3106
0.3107
0.3108
0.3109
0.311
0.3111
0.3112
0.3113
0.3114
0.3115
0.3116
0.3117
0.3118
0.3119
0.312
0.3121
0.3122
0.3123
0.3124
0.3125
0.3126
0.3127
0.3128
0.3129
0.313
0.3131
0.3132
0.3133
0.3134
0.3135
0.3136
0.3137
0.3138
0.3139
0.314
0.3141
0.3142
0.3143
0.3144
0.3145
0.3146
0.3147
0.3148
0.3149
0.315
0.3151
0.3152
0.3153
0.3154
0.3155
0.3156
0.3157
0.3158
0.3159
0.316
0.3161
0.3162
0.3163
0.3164
0.3165
0.3166
0.3167
0.3168
0.3169
0.317
0.3171
0.3172
0.3173
0.3174
0.3175
0.3176
0.3177
0.3178
0.3179
0.318
0.3181
0.3182
0.3183
0.3184
0.3185
0.3186
0.3187
0.3188
0.3189
0.319
0.3191
0.3192
0.3193
0.3194
0.3195
0.3196
0.3197
0.3198
0.3199
0.32
0.3201
0.3202
0.3203
0.3204
0.3205
0.3206
0.3207
0.3208
0.3209
0.321
0.3211
0.3212
0.3213
0.3214
0.3215
0.3216
0.3217
0.3218
0.3219
0.322
0.3221
0.3222
0.3223
0.3224
0.3225
0.3226
0.3227
0.3228
0.3229
0.323
0.3231
0.3232
0.3233
0.3234
0.3235
0.3236
0.3237
0.3238
0.3239
0.324
0.3241
0.3242
0.3243
0.3244
0.3245
0.3246
0.3247
0.3248
0.3249
0.325
0.3251
0.3252
0.3253
0.3254
0.3255
0.3256
0.3257
0.3258
0.3259
0.326
0.3261
0.3262
0.3263
0.3264
0.3265
0.3266
0.3267
0.3268
0.3269
0.327
0.3271
0.3272
0.3273
0.3274
0.3275
0.3276
0.3277
0.3278
0.3279
0.328
0.3281
0.3282
0.3283
0.3284
0.3285
0.3286
0.3287
0.3288
0.3289
0.329
0.3291
0.3292
0.3293
0.3294
0.3295
0.3296
0.3297
0.3298
0.3299
0.33
0.3301
0.3302
0.3303
0.3304
0.3305
0.3306
0.3307
0.3308
0.3309
0.331
0.3311
0.3312
0.3313
0.3314
0.3315
0.3316
0.3317
0.3318
0.3319
0.332
0.3321
0.3322
0.3323
0.3324
0.3325
0.3326
0.3327
0.3328
0.3329
0.333
0.3331
0.3332
0.3333
0.3334
0.3335
0.3336
0.3337
0.3338
0.3339
0.334
0.3341
0.3342
0.3343
0.3344
0.3345
0.3346
0.3347
0.3348
0.3349
0.335
0.3351
0.3352
0.3353
0.3354
0.3355
0.3356
0.3357
0.3358
0.3359
0.336
0.3361
0.3362
0.3363
0.3364
0.3365
0.3366
0.3367
0.3368
0.3369
0.337
0.3371
0.3372
0.3373
0.3374
0.3375
0.3376
0.3377
0.3378
0.3379
0.338
0.3381
0.3382
0.3383
0.3384
0.3385
0.3386
0.3387
0.3388
0.3389
0.339
0.3391
0.3392
0.3393
0.3394
0.3395
0.3396
0.3397
0.3398
0.3399
0.34
0.3401
0.3402
0.3403
0.3404
0.3405
0.3406
0.3407
0.3408
0.3409
0.341
0.3411
0.3412
0.3413
0.3414
0.3415
0.3416
0.3417
0.3418
0.3419
0.342
0.3421
0.3422
0.3423
0.3424
0.3425
0.3426
0.3427
0.3428
0.3429
0.343
0.3431
0.3432
0.3433
0.3434
0.3435
0.3436
0.3437
0.3438
0.3439
0.344
0.3441
0.3442
0.3443
0.3444
0.3445
0.3446
0.3447
0.3448
0.3449
0.345
0.3451
0.3452
0.3453
0.3454
0.3455
0.3456
0.3457
0.3458
0.3459
0.346
0.3461
0.3462
0.3463
0.3464
0.3465
0.3466
0.3467
0.3468
0.3469
0.347
0.3471
0.3472
0.3473
0.3474
0.3475
0.3476
0.3477
0.3478
0.3479
0.348
0.3481
0.3482
0.3483
0.3484
0.3485
0.3486
0.3487
0.3488
0.3489
0.349
0.3491
0.3492
0.3493
0.3494
0.3495
0.3496
0.3497
0.3498
0.3499
0.35
0.3501
0.3502
0.3503
0.3504
0.3505
0.3506
0.3507
0.3508
0.3509
0.351
0.3511
0.3512
0.3513
0.3514
0.3515
0.3516
0.3517
0.3518
0.3519
0.352
0.3521
0.3522
0.3523
0.3524
0.3525
0.3526
0.3527
0.3528
0.3529
0.353
0.3531
0.3532
0.3533
0.3534
0.3535
0.3536
0.3537
0.3538
0.3539
0.354
0.3541
0.3542
0.3543
0.3544
0.3545
0.3546
0.3547
0.3548
0.3549
0.355
0.3551
0.3552
0.3553
0.3554
0.3555
0.3556
0.3557
0.3558
0.3559
0.356
0.3561
0.3562
0.3563
0.3564
0.3565
0.3566
0.3567
0.3568
0.3569
0.357
0.3571
0.3572
0.3573
0.3574
0.3575
0.3576
0.3577
0.3578
0.3579
0.358
0.3581
0.3582
0.3583
0.3584
0.3585
0.3586
0.3587
0.3588
0.3589
0.359
0.3591
0.3592
0.3593
0.3594
0.3595
0.3596
0.3597
0.3598
0.3599
0.36
0.3601
0.3602
0.3603
0.3604
0.3605
0.3606
0.3607
0.3608
0.3609
0.361
0.3611
0.3612
0.3613
0.3614
0.3615
0.3616
0.3617
0.3618
0.3619
0.362
0.3621
0.3622
0.3623
0.3624
0.3625
0.3626
0.3627
0.3628
0.3629
0.363
0.3631
0.3632
0.3633
0.3634
0.3635
0.3636
0.3637
0.3638
0.3639
0.364
0.3641
0.3642
0.3643
0.3644
0.3645
0.3646
0.3647
0.3648
0.3649
0.365
0.3651
0.3652
0.3653
0.3654
0.3655
0.3656
0.3657
0.3658
0.3659
0.366
0.3661
0.3662
0.3663
0.3664
0.3665
0.3666
0.3667
0.3668
0.3669
0.367
0.3671
0.3672
0.3673
0.3674
0.3675
0.3676
0.3677
0.3678
0.3679
0.368
0.3681
0.3682
0.3683
0.3684
0.3685
0.3686
0.3687
0.3688
0.3689
0.369
0.3691
0.3692
0.3693
0.3694
0.3695
0.3696
0.3697
0.3698
0.3699
0.37
0.3701
0.3702
0.3703
0.3704
0.3705
0.3706
0.3707
0.3708
0.3709
0.371
0.3711
0.3712
0.3713
0.3714
0.3715
0.3716
0.3717
0.3718
0.3719
0.372
0.3721
0.3722
0.3723
0.3724
0.3725
0.3726
0.3727
0.3728
0.3729
0.373
0.3731
0.3732
0.3733
0.3734
0.3735
0.3736
0.3737
0.3738
0.3739
0.374
0.3741
0.3742
0.3743
0.3744
0.3745
0.3746
0.3747
0.3748
0.3749
0.375
0.3751
0.3752
0.3753
0.3754
0.3755
0.3756
0.3757
0.3758
0.3759
0.376
0.3761
0.3762
0.3763
0.3764
0.3765
0.3766
0.3767
0.3768
0.3769
0.377
0.3771
0.3772
0.3773
0.3774
0.3775
0.3776
0.3777
0.3778
0.3779
0.378
0.3781
0.3782
0.3783
0.3784
0.3785
0.3786
0.3787
0.3788
0.3789
0.379
0.3791
0.3792
0.3793
0.3794
0.3795
0.3796
0.3797
0.3798
0.3799
0.38
0.3801
0.3802
0.3803
0.3804
0.3805
0.3806
0.3807
0.3808
0.3809
0.381
0.3811
0.3812
0.3813
0.3814
0.3815
0.3816
0.3817
0.3818
0.3819
0.382
0.3821
0.3822
0.3823
0.3824
0.3825
0.3826
0.3827
0.3828
0.3829
0.383
0.3831
0.3832
0.3833
0.3834
0.3835
0.3836
0.3837
0.3838
0.3839
0.384
0.3841
0.3842
0.3843
0.3844
0.3845
0.3846
0.3847
0.3848
0.3849
0.385
0.3851
0.3852
0.3853
0.3854
0.3855
0.3856
0.3857
0.3858
0.3859
0.386
0.3861
0.3862
0.3863
0.3864
0.3865
0.3866
0.3867
0.3868
0.3869
0.387
0.3871
0.3872
0.3873
0.3874
0.3875
0.3876
0.3877
0.3878
0.3879
0.388
0.3881
0.3882
0.3883
0.3884
0.3885
0.3886
0.3887
0.3888
0.3889
0.389
0.3891
0.3892
0.3893
0.3894
0.3895
0.3896
0.3897
0.3898
0.3899
0.39
0.3901
0.3902
0.3903
0.3904
0.3905
0.3906
0.3907
0.3908
0.3909
0.391
0.3911
0.3912
0.3913
0.3914
0.3915
0.3916
0.3917
0.3918
0.3919
0.392
0.3921
0.3922
0.3923
0.3924
0.3925
0.3926
0.3927
0.3928
0.3929
0.393
0.3931
0.3932
0.3933
0.3934
0.3935
0.3936
0.3937
0.3938
0.3939
0.394
0.3941
0.3942
0.3943
0.3944
0.3945
0.3946
0.3947
0.3948
0.3949
0.395
0.3951
0.3952
0.3953
0.3954
0.3955
0.3956
0.3957
0.3958
0.3959
0.396
0.3961
0.3962
0.3963
0.3964
0.3965
0.3966
0.3967
0.3968
0.3969
0.397
0.3971
0.3972
0.3973
0.3974
0.3975
0.3976
0.3977
0.3978
0.3979
0.398
0.3981
0.3982
0.3983
0.3984
0.3985
0.3986
0.3987
0.3988
0.3989
0.399
0.3991
0.3992
0.3993
0.3994
0.3995
0.3996
0.3997
0.3998
0.3999
0.4
0.4001
0.4002
0.4003
0.4004
0.4005
0.4006
0.4007
0.4008
0.4009
0.401
0.4011
0.4012
0.4013
0.4014
0.4015
0.4016
0.4017
0.4018
0.4019
0.402
0.4021
0.4022
0.4023
0.4024
0.4025
0.4026
0.4027
0.4028
0.4029
0.403
0.4031
0.4032
0.4033
0.4034
0.4035
0.4036
0.4037
0.4038
0.4039
0.404
0.4041
0.4042
0.4043
0.4044
0.4045
0.4046
0.4047
0.4048
0.4049
0.405
0.4051
0.4052
0.4053
0.4054
0.4055
0.4056
0.4057
0.4058
0.4059
0.406
0.4061
0.4062
0.4063
0.4064
0.4065
0.4066
0.4067
0.4068
0.4069
0.407
0.4071
0.4072
0.4073
0.4074
0.4075
0.4076
0.4077
0.4078
0.4079
0.408
0.4081
0.4082
0.4083
0.4084
0.4085
0.4086
0.4087
0.4088
0.4089
0.409
0.4091
0.4092
0.4093
0.4094
0.4095
0.4096
0.4097
0.4098
0.4099
0.41
0.4101
0.4102
0.4103
0.4104
0.4105
0.4106
0.4107
0.4108
0.4109
0.411
0.4111
0.4112
0.4113
0.4114
0.4115
0.4116
0.4117
0.4118
0.4119
0.412
0.4121
0.4122
0.4123
0.4124
0.4125
0.4126
0.4127
0.4128
0.4129
0.413
0.4131
0.4132
0.4133
0.4134
0.4135
0.4136
0.4137
0.4138
0.4139
0.414
0.4141
0.4142
0.4143
0.4144
0.4145
0.4146
0.4147
0.4148
0.4149
0.415
0.4151
0.4152
0.4153
0.4154
0.4155
0.4156
0.4157
0.4158
0.4159
0.416
0.4161
0.4162
0.4163
0.4164
0.4165
0.4166
0.4167
0.4168
0.4169
0.417
0.4171
0.4172
0.4173
0.4174
0.4175
0.4176
0.4177
0.4178
0.4179
0.418
0.4181
0.4182
0.4183
0.4184
0.4185
0.4186
0.4187
0.4188
0.4189
0.419
0.4191
0.4192
0.4193
0.4194
0.4195
0.4196
0.4197
0.4198
0.4199
0.42
0.4201
0.4202
0.4203
0.4204
0.4205
0.4206
0.4207
0.4208
0.4209
0.421
0.4211
0.4212
0.4213
0.4214
0.4215
0.4216
0.4217
0.4218
0.4219
0.422
0.4221
0.4222
0.4223
0.4224
0.4225
0.4226
0.4227
0.4228
0.4229
0.423
0.4231
0.4232
0.4233
0.4234
0.4235
0.4236
0.4237
0.4238
0.4239
0.424
0.4241
0.4242
0.4243
0.4244
0.4245
0.4246
0.4247
0.4248
0.4249
0.425
0.4251
0.4252
0.4253
0.4254
0.4255
0.4256
0.4257
0.4258
0.4259
0.426
0.4261
0.4262
0.4263
0.4264
0.4265
0.4266
0.4267
0.4268
0.4269
0.427
0.4271
0.4272
0.4273
0.4274
0.4275
0.4276
0.4277
0.4278
0.4279
0.428
0.4281
0.4282
0.4283
0.4284
0.4285
0.4286
0.4287
0.4288
0.4289
0.429
0.4291
0.4292
0.4293
0.4294
0.4295
0.4296
0.4297
0.4298
0.4299
0.43
0.4301
0.4302
0.4303
0.4304
0.4305
0.4306
0.4307
0.4308
0.4309
0.431
0.4311
0.4312
0.4313
0.4314
0.4315
0.4316
0.4317
0.4318
0.4319
0.432
0.4321
0.4322
0.4323
0.4324
0.4325
0.4326
0.4327
0.4328
0.4329
0.433
0.4331
0.4332
0.4333
0.4334
0.4335
0.4336
0.4337
0.4338
0.4339
0.434
0.4341
0.4342
0.4343
0.4344
0.4345
0.4346
0.4347
0.4348
0.4349
0.435
0.4351
0.4352
0.4353
0.4354
0.4355
0.4356
0.4357
0.4358
0.4359
0.436
0.4361
0.4362
0.4363
0.4364
0.4365
0.4366
0.4367
0.4368
0.4369
0.437
0.4371
0.4372
0.4373
0.4374
0.4375
0.4376
0.4377
0.4378
0.4379
0.438
0.4381
0.4382
0.4383
0.4384
0.4385
0.4386
0.4387
0.4388
0.4389
0.439
0.4391
0.4392
0.4393
0.4394
0.4395
0.4396
0.4397
0.4398
0.4399
0.44
0.4401
0.4402
0.4403
0.4404
0.4405
0.4406
0.4407
0.4408
0.4409
0.441
0.4411
0.4412
0.4413
0.4414
0.4415
0.4416
0.4417
0.4418
0.4419
0.442
0.4421
0.4422
0.4423
0.4424
0.4425
0.4426
0.4427
0.4428
0.4429
0.443
0.4431
0.4432
0.4433
0.4434
0.4435
0.4436
0.4437
0.4438
0.4439
0.444
0.4441
0.4442
0.4443
0.4444
0.4445
0.4446
0.4447
0.4448
0.4449
0.445
0.4451
0.4452
0.4453
0.4454
0.4455
0.4456
0.4457
0.4458
0.4459
0.446
0.4461
0.4462
0.4463
0.4464
0.4465
0.4466
0.4467
0.4468
0.4469
0.447
0.4471
0.4472
0.4473
0.4474
0.4475
0.4476
0.4477
0.4478
0.4479
0.448
0.4481
0.4482
0.4483
0.4484
0.4485
0.4486
0.4487
0.4488
0.4489
0.449
0.4491
0.4492
0.4493
0.4494
0.4495
0.4496
0.4497
0.4498
0.4499
0.45
0.4501
0.4502
0.4503
0.4504
0.4505
0.4506
0.4507
0.4508
0.4509
0.451
0.4511
0.4512
0.4513
0.4514
0.4515
0.4516
0.4517
0.4518
0.4519
0.452
0.4521
0.4522
0.4523
0.4524
0.4525
0.4526
0.4527
0.4528
0.4529
0.453
0.4531
0.4532
0.4533
0.4534
0.4535
0.4536
0.4537
0.4538
0.4539
0.454
0.4541
0.4542
0.4543
0.4544
0.4545
0.4546
0.4547
0.4548
0.4549
0.455
0.4551
0.4552
0.4553
0.4554
0.4555
0.4556
0.4557
0.4558
0.4559
0.456
0.4561
0.4562
0.4563
0.4564
0.4565
0.4566
0.4567
0.4568
0.4569
0.457
0.4571
0.4572
0.4573
0.4574
0.4575
0.4576
0.4577
0.4578
0.4579
0.458
0.4581
0.4582
0.4583
0.4584
0.4585
0.4586
0.4587
0.4588
0.4589
0.459
0.4591
0.4592
0.4593
0.4594
0.4595
0.4596
0.4597
0.4598
0.4599
0.46
0.4601
0.4602
0.4603
0.4604
0.4605
0.4606
0.4607
0.4608
0.4609
0.461
0.4611
0.4612
0.4613
0.4614
0.4615
0.4616
0.4617
0.4618
0.4619
0.462
0.4621
0.4622
0.4623
0.4624
0.4625
0.4626
0.4627
0.4628
0.4629
0.463
0.4631
0.4632
0.4633
0.4634
0.4635
0.4636
0.4637
0.4638
0.4639
0.464
0.4641
0.4642
0.4643
0.4644
0.4645
0.4646
0.4647
0.4648
0.4649
0.465
0.4651
0.4652
0.4653
0.4654
0.4655
0.4656
0.4657
0.4658
0.4659
0.466
0.4661
0.4662
0.4663
0.4664
0.4665
0.4666
0.4667
0.4668
0.4669
0.467
0.4671
0.4672
0.4673
0.4674
0.4675
0.4676
0.4677
0.4678
0.4679
0.468
0.4681
0.4682
0.4683
0.4684
0.4685
0.4686
0.4687
0.4688
0.4689
0.469
0.4691
0.4692
0.4693
0.4694
0.4695
0.4696
0.4697
0.4698
0.4699
0.47
0.4701
0.4702
0.4703
0.4704
0.4705
0.4706
0.4707
0.4708
0.4709
0.471
0.4711
0.4712
0.4713
0.4714
0.4715
0.4716
0.4717
0.4718
0.4719
0.472
0.4721
0.4722
0.4723
0.4724
0.4725
0.4726
0.4727
0.4728
0.4729
0.473
0.4731
0.4732
0.4733
0.4734
0.4735
0.4736
0.4737
0.4738
0.4739
0.474
0.4741
0.4742
0.4743
0.4744
0.4745
0.4746
0.4747
0.4748
0.4749
0.475
0.4751
0.4752
0.4753
0.4754
0.4755
0.4756
0.4757
0.4758
0.4759
0.476
0.4761
0.4762
0.4763
0.4764
0.4765
0.4766
0.4767
0.4768
0.4769
0.477
0.4771
0.4772
0.4773
0.4774
0.4775
0.4776
0.4777
0.4778
0.4779
0.478
0.4781
0.4782
0.4783
0.4784
0.4785
0.4786
0.4787
0.4788
0.4789
0.479
0.4791
0.4792
0.4793
0.4794
0.4795
0.4796
0.4797
0.4798
0.4799
0.48
0.4801
0.4802
0.4803
0.4804
0.4805
0.4806
0.4807
0.4808
0.4809
0.481
0.4811
0.4812
0.4813
0.4814
0.4815
0.4816
0.4817
0.4818
0.4819
0.482
0.4821
0.4822
0.4823
0.4824
0.4825
0.4826
0.4827
0.4828
0.4829
0.483
0.4831
0.4832
0.4833
0.4834
0.4835
0.4836
0.4837
0.4838
0.4839
0.484
0.4841
0.4842
0.4843
0.4844
0.4845
0.4846
0.4847
0.4848
0.4849
0.485
0.4851
0.4852
0.4853
0.4854
0.4855
0.4856
0.4857
0.4858
0.4859
0.486
0.4861
0.4862
0.4863
0.4864
0.4865
0.4866
0.4867
0.4868
0.4869
0.487
0.4871
0.4872
0.4873
0.4874
0.4875
0.4876
0.4877
0.4878
0.4879
0.488
0.4881
0.4882
0.4883
0.4884
0.4885
0.4886
0.4887
0.4888
0.4889
0.489
0.4891
0.4892
0.4893
0.4894
0.4895
0.4896
0.4897
0.4898
0.4899
0.49
0.4901
0.4902
0.4903
0.4904
0.4905
0.4906
0.4907
0.4908
0.4909
0.491
0.4911
0.4912
0.4913
0.4914
0.4915
0.4916
0.4917
0.4918
0.4919
0.492
0.4921
0.4922
0.4923
0.4924
0.4925
0.4926
0.4927
0.4928
0.4929
0.493
0.4931
0.4932
0.4933
0.4934
0.4935
0.4936
0.4937
0.4938
0.4939
0.494
0.4941
0.4942
0.4943
0.4944
0.4945
0.4946
0.4947
0.4948
0.4949
0.495
0.4951
0.4952
0.4953
0.4954
0.4955
0.4956
0.4957
0.4958
0.4959
0.496
0.4961
0.4962
0.4963
0.4964
0.4965
0.4966
0.4967
0.4968
0.4969
0.497
0.4971
0.4972
0.4973
0.4974
0.4975
0.4976
0.4977
0.4978
0.4979
0.498
0.4981
0.4982
0.4983
0.4984
0.4985
0.4986
0.4987
0.4988
0.4989
0.499
0.4991
0.4992
0.4993
0.4994
0.4995
0.4996
0.4997
0.4998
0.4999
0.5
0.5001
0.5002
0.5003
0.5004
0.5005
0.5006
0.5007
0.5008
0.5009
0.501
0.5011
0.5012
0.5013
0.5014
0.5015
0.5016
0.5017
0.5018
0.5019
0.502
0.5021
0.5022
0.5023
0.5024
0.5025
0.5026
0.5027
0.5028
0.5029
0.503
0.5031
0.5032
0.5033
0.5034
0.5035
0.5036
0.5037
0.5038
0.5039
0.504
0.5041
0.5042
0.5043
0.5044
0.5045
0.5046
0.5047
0.5048
0.5049
0.505
0.5051
0.5052
0.5053
0.5054
0.5055
0.5056
0.5057
0.5058
0.5059
0.506
0.5061
0.5062
0.5063
0.5064
0.5065
0.5066
0.5067
0.5068
0.5069
0.507
0.5071
0.5072
0.5073
0.5074
0.5075
0.5076
0.5077
0.5078
0.5079
0.508
0.5081
0.5082
0.5083
0.5084
0.5085
0.5086
0.5087
0.5088
0.5089
0.509
0.5091
0.5092
0.5093
0.5094
0.5095
0.5096
0.5097
0.5098
0.5099
0.51
0.5101
0.5102
0.5103
0.5104
0.5105
0.5106
0.5107
0.5108
0.5109
0.511
0.5111
0.5112
0.5113
0.5114
0.5115
0.5116
0.5117
0.5118
0.5119
0.512
0.5121
0.5122
0.5123
0.5124
0.5125
0.5126
0.5127
0.5128
0.5129
0.513
0.5131
0.5132
0.5133
0.5134
0.5135
0.5136
0.5137
0.5138
0.5139
0.514
0.5141
0.5142
0.5143
0.5144
0.5145
0.5146
0.5147
0.5148
0.5149
0.515
0.5151
0.5152
0.5153
0.5154
0.5155
0.5156
0.5157
0.5158
0.5159
0.516
0.5161
0.5162
0.5163
0.5164
0.5165
0.5166
0.5167
0.5168
0.5169
0.517
0.5171
0.5172
0.5173
0.5174
0.5175
0.5176
0.5177
0.5178
0.5179
0.518
0.5181
0.5182
0.5183
0.5184
0.5185
0.5186
0.5187
0.5188
0.5189
0.519
0.5191
0.5192
0.5193
0.5194
0.5195
0.5196
0.5197
0.5198
0.5199
0.52
0.5201
0.5202
0.5203
0.5204
0.5205
0.5206
0.5207
0.5208
0.5209
0.521
0.5211
0.5212
0.5213
0.5214
0.5215
0.5216
0.5217
0.5218
0.5219
0.522
0.5221
0.5222
0.5223
0.5224
0.5225
0.5226
0.5227
0.5228
0.5229
0.523
0.5231
0.5232
0.5233
0.5234
0.5235
0.5236
0.5237
0.5238
0.5239
0.524
0.5241
0.5242
0.5243
0.5244
0.5245
0.5246
0.5247
0.5248
0.5249
0.525
0.5251
0.5252
0.5253
0.5254
0.5255
0.5256
0.5257
0.5258
0.5259
0.526
0.5261
0.5262
0.5263
0.5264
0.5265
0.5266
0.5267
0.5268
0.5269
0.527
0.5271
0.5272
0.5273
0.5274
0.5275
0.5276
0.5277
0.5278
0.5279
0.528
0.5281
0.5282
0.5283
0.5284
0.5285
0.5286
0.5287
0.5288
0.5289
0.529
0.5291
0.5292
0.5293
0.5294
0.5295
0.5296
0.5297
0.5298
0.5299
0.53
0.5301
0.5302
0.5303
0.5304
0.5305
0.5306
0.5307
0.5308
0.5309
0.531
0.5311
0.5312
0.5313
0.5314
0.5315
0.5316
0.5317
0.5318
0.5319
0.532
0.5321
0.5322
0.5323
0.5324
0.5325
0.5326
0.5327
0.5328
0.5329
0.533
0.5331
0.5332
0.5333
0.5334
0.5335
0.5336
0.5337
0.5338
0.5339
0.534
0.5341
0.5342
0.5343
0.5344
0.5345
0.5346
0.5347
0.5348
0.5349
0.535
0.5351
0.5352
0.5353
0.5354
0.5355
0.5356
0.5357
0.5358
0.5359
0.536
0.5361
0.5362
0.5363
0.5364
0.5365
0.5366
0.5367
0.5368
0.5369
0.537
0.5371
0.5372
0.5373
0.5374
0.5375
0.5376
0.5377
0.5378
0.5379
0.538
0.5381
0.5382
0.5383
0.5384
0.5385
0.5386
0.5387
0.5388
0.5389
0.539
0.5391
0.5392
0.5393
0.5394
0.5395
0.5396
0.5397
0.5398
0.5399
0.54
0.5401
0.5402
0.5403
0.5404
0.5405
0.5406
0.5407
0.5408
0.5409
0.541
0.5411
0.5412
0.5413
0.5414
0.5415
0.5416
0.5417
0.5418
0.5419
0.542
0.5421
0.5422
0.5423
0.5424
0.5425
0.5426
0.5427
0.5428
0.5429
0.543
0.5431
0.5432
0.5433
0.5434
0.5435
0.5436
0.5437
0.5438
0.5439
0.544
0.5441
0.5442
0.5443
0.5444
0.5445
0.5446
0.5447
0.5448
0.5449
0.545
0.5451
0.5452
0.5453
0.5454
0.5455
0.5456
0.5457
0.5458
0.5459
0.546
0.5461
0.5462
0.5463
0.5464
0.5465
0.5466
0.5467
0.5468
0.5469
0.547
0.5471
0.5472
0.5473
0.5474
0.5475
0.5476
0.5477
0.5478
0.5479
0.548
0.5481
0.5482
0.5483
0.5484
0.5485
0.5486
0.5487
0.5488
0.5489
0.549
0.5491
0.5492
0.5493
0.5494
0.5495
0.5496
0.5497
0.5498
0.5499
0.55
0.5501
0.5502
0.5503
0.5504
0.5505
0.5506
0.5507
0.5508
0.5509
0.551
0.5511
0.5512
0.5513
0.5514
0.5515
0.5516
0.5517
0.5518
0.5519
0.552
0.5521
0.5522
0.5523
0.5524
0.5525
0.5526
0.5527
0.5528
0.5529
0.553
0.5531
0.5532
0.5533
0.5534
0.5535
0.5536
0.5537
0.5538
0.5539
0.554
0.5541
0.5542
0.5543
0.5544
0.5545
0.5546
0.5547
0.5548
0.5549
0.555
0.5551
0.5552
0.5553
0.5554
0.5555
0.5556
0.5557
0.5558
0.5559
0.556
0.5561
0.5562
0.5563
0.5564
0.5565
0.5566
0.5567
0.5568
0.5569
0.557
0.5571
0.5572
0.5573
0.5574
0.5575
0.5576
0.5577
0.5578
0.5579
0.558
0.5581
0.5582
0.5583
0.5584
0.5585
0.5586
0.5587
0.5588
0.5589
0.559
0.5591
0.5592
0.5593
0.5594
0.5595
0.5596
0.5597
0.5598
0.5599
0.56
0.5601
0.5602
0.5603
0.5604
0.5605
0.5606
0.5607
0.5608
0.5609
0.561
0.5611
0.5612
0.5613
0.5614
0.5615
0.5616
0.5617
0.5618
0.5619
0.562
0.5621
0.5622
0.5623
0.5624
0.5625
0.5626
0.5627
0.5628
0.5629
0.563
0.5631
0.5632
0.5633
0.5634
0.5635
0.5636
0.5637
0.5638
0.5639
0.564
0.5641
0.5642
0.5643
0.5644
0.5645
0.5646
0.5647
0.5648
0.5649
0.565
0.5651
0.5652
0.5653
0.5654
0.5655
0.5656
0.5657
0.5658
0.5659
0.566
0.5661
0.5662
0.5663
0.5664
0.5665
0.5666
0.5667
0.5668
0.5669
0.567
0.5671
0.5672
0.5673
0.5674
0.5675
0.5676
0.5677
0.5678
0.5679
0.568
0.5681
0.5682
0.5683
0.5684
0.5685
0.5686
0.5687
0.5688
0.5689
0.569
0.5691
0.5692
0.5693
0.5694
0.5695
0.5696
0.5697
0.5698
0.5699
0.57
0.5701
0.5702
0.5703
0.5704
0.5705
0.5706
0.5707
0.5708
0.5709
0.571
0.5711
0.5712
0.5713
0.5714
0.5715
0.5716
0.5717
0.5718
0.5719
0.572
0.5721
0.5722
0.5723
0.5724
0.5725
0.5726
0.5727
0.5728
0.5729
0.573
0.5731
0.5732
0.5733
0.5734
0.5735
0.5736
0.5737
0.5738
0.5739
0.574
0.5741
0.5742
0.5743
0.5744
0.5745
0.5746
0.5747
0.5748
0.5749
0.575
0.5751
0.5752
0.5753
0.5754
0.5755
0.5756
0.5757
0.5758
0.5759
0.576
0.5761
0.5762
0.5763
0.5764
0.5765
0.5766
0.5767
0.5768
0.5769
0.577
0.5771
0.5772
0.5773
0.5774
0.5775
0.5776
0.5777
0.5778
0.5779
0.578
0.5781
0.5782
0.5783
0.5784
0.5785
0.5786
0.5787
0.5788
0.5789
0.579
0.5791
0.5792
0.5793
0.5794
0.5795
0.5796
0.5797
0.5798
0.5799
0.58
0.5801
0.5802
0.5803
0.5804
0.5805
0.5806
0.5807
0.5808
0.5809
0.581
0.5811
0.5812
0.5813
0.5814
0.5815
0.5816
0.5817
0.5818
0.5819
0.582
0.5821
0.5822
0.5823
0.5824
0.5825
0.5826
0.5827
0.5828
0.5829
0.583
0.5831
0.5832
0.5833
0.5834
0.5835
0.5836
0.5837
0.5838
0.5839
0.584
0.5841
0.5842
0.5843
0.5844
0.5845
0.5846
0.5847
0.5848
0.5849
0.585
0.5851
0.5852
0.5853
0.5854
0.5855
0.5856
0.5857
0.5858
0.5859
0.586
0.5861
0.5862
0.5863
0.5864
0.5865
0.5866
0.5867
0.5868
0.5869
0.587
0.5871
0.5872
0.5873
0.5874
0.5875
0.5876
0.5877
0.5878
0.5879
0.588
0.5881
0.5882
0.5883
0.5884
0.5885
0.5886
0.5887
0.5888
0.5889
0.589
0.5891
0.5892
0.5893
0.5894
0.5895
0.5896
0.5897
0.5898
0.5899
0.59
0.5901
0.5902
0.5903
0.5904
0.5905
0.5906
0.5907
0.5908
0.5909
0.591
0.5911
0.5912
0.5913
0.5914
0.5915
0.5916
0.5917
0.5918
0.5919
0.592
0.5921
0.5922
0.5923
0.5924
0.5925
0.5926
0.5927
0.5928
0.5929
0.593
0.5931
0.5932
0.5933
0.5934
0.5935
0.5936
0.5937
0.5938
0.5939
0.594
0.5941
0.5942
0.5943
0.5944
0.5945
0.5946
0.5947
0.5948
0.5949
0.595
0.5951
0.5952
0.5953
0.5954
0.5955
0.5956
0.5957
0.5958
0.5959
0.596
0.5961
0.5962
0.5963
0.5964
0.5965
0.5966
0.5967
0.5968
0.5969
0.597
0.5971
0.5972
0.5973
0.5974
0.5975
0.5976
0.5977
0.5978
0.5979
0.598
0.5981
0.5982
0.5983
0.5984
0.5985
0.5986
0.5987
0.5988
0.5989
0.599
0.5991
0.5992
0.5993
0.5994
0.5995
0.5996
0.5997
0.5998
0.5999
0.6
0.6001
0.6002
0.6003
0.6004
0.6005
0.6006
0.6007
0.6008
0.6009
0.601
0.6011
0.6012
0.6013
0.6014
0.6015
0.6016
0.6017
0.6018
0.6019
0.602
0.6021
0.6022
0.6023
0.6024
0.6025
0.6026
0.6027
0.6028
0.6029
0.603
0.6031
0.6032
0.6033
0.6034
0.6035
0.6036
0.6037
0.6038
0.6039
0.604
0.6041
0.6042
0.6043
0.6044
0.6045
0.6046
0.6047
0.6048
0.6049
0.605
0.6051
0.6052
0.6053
0.6054
0.6055
0.6056
0.6057
0.6058
0.6059
0.606
0.6061
0.6062
0.6063
0.6064
0.6065
0.6066
0.6067
0.6068
0.6069
0.607
0.6071
0.6072
0.6073
0.6074
0.6075
0.6076
0.6077
0.6078
0.6079
0.608
0.6081
0.6082
0.6083
0.6084
0.6085
0.6086
0.6087
0.6088
0.6089
0.609
0.6091
0.6092
0.6093
0.6094
0.6095
0.6096
0.6097
0.6098
0.6099
0.61
0.6101
0.6102
0.6103
0.6104
0.6105
0.6106
0.6107
0.6108
0.6109
0.611
0.6111
0.6112
0.6113
0.6114
0.6115
0.6116
0.6117
0.6118
0.6119
0.612
0.6121
0.6122
0.6123
0.6124
0.6125
0.6126
0.6127
0.6128
0.6129
0.613
0.6131
0.6132
0.6133
0.6134
0.6135
0.6136
0.6137
0.6138
0.6139
0.614
0.6141
0.6142
0.6143
0.6144
0.6145
0.6146
0.6147
0.6148
0.6149
0.615
0.6151
0.6152
0.6153
0.6154
0.6155
0.6156
0.6157
0.6158
0.6159
0.616
0.6161
0.6162
0.6163
0.6164
0.6165
0.6166
0.6167
0.6168
0.6169
0.617
0.6171
0.6172
0.6173
0.6174
0.6175
0.6176
0.6177
0.6178
0.6179
0.618
0.6181
0.6182
0.6183
0.6184
0.6185
0.6186
0.6187
0.6188
0.6189
0.619
0.6191
0.6192
0.6193
0.6194
0.6195
0.6196
0.6197
0.6198
0.6199
0.62
0.6201
0.6202
0.6203
0.6204
0.6205
0.6206
0.6207
0.6208
0.6209
0.621
0.6211
0.6212
0.6213
0.6214
0.6215
0.6216
0.6217
0.6218
0.6219
0.622
0.6221
0.6222
0.6223
0.6224
0.6225
0.6226
0.6227
0.6228
0.6229
0.623
0.6231
0.6232
0.6233
0.6234
0.6235
0.6236
0.6237
0.6238
0.6239
0.624
0.6241
0.6242
0.6243
0.6244
0.6245
0.6246
0.6247
0.6248
0.6249
0.625
0.6251
0.6252
0.6253
0.6254
0.6255
0.6256
0.6257
0.6258
0.6259
0.626
0.6261
0.6262
0.6263
0.6264
0.6265
0.6266
0.6267
0.6268
0.6269
0.627
0.6271
0.6272
0.6273
0.6274
0.6275
0.6276
0.6277
0.6278
0.6279
0.628
0.6281
0.6282
0.6283
0.6284
0.6285
0.6286
0.6287
0.6288
0.6289
0.629
0.6291
0.6292
0.6293
0.6294
0.6295
0.6296
0.6297
0.6298
0.6299
0.63
0.6301
0.6302
0.6303
0.6304
0.6305
0.6306
0.6307
0.6308
0.6309
0.631
0.6311
0.6312
0.6313
0.6314
0.6315
0.6316
0.6317
0.6318
0.6319
0.632
0.6321
0.6322
0.6323
0.6324
0.6325
0.6326
0.6327
0.6328
0.6329
0.633
0.6331
0.6332
0.6333
0.6334
0.6335
0.6336
0.6337
0.6338
0.6339
0.634
0.6341
0.6342
0.6343
0.6344
0.6345
0.6346
0.6347
0.6348
0.6349
0.635
0.6351
0.6352
0.6353
0.6354
0.6355
0.6356
0.6357
0.6358
0.6359
0.636
0.6361
0.6362
0.6363
0.6364
0.6365
0.6366
0.6367
0.6368
0.6369
0.637
0.6371
0.6372
0.6373
0.6374
0.6375
0.6376
0.6377
0.6378
0.6379
0.638
0.6381
0.6382
0.6383
0.6384
0.6385
0.6386
0.6387
0.6388
0.6389
0.639
0.6391
0.6392
0.6393
0.6394
0.6395
0.6396
0.6397
0.6398
0.6399
0.64
0.6401
0.6402
0.6403
0.6404
0.6405
0.6406
0.6407
0.6408
0.6409
0.641
0.6411
0.6412
0.6413
0.6414
0.6415
0.6416
0.6417
0.6418
0.6419
0.642
0.6421
0.6422
0.6423
0.6424
0.6425
0.6426
0.6427
0.6428
0.6429
0.643
0.6431
0.6432
0.6433
0.6434
0.6435
0.6436
0.6437
0.6438
0.6439
0.644
0.6441
0.6442
0.6443
0.6444
0.6445
0.6446
0.6447
0.6448
0.6449
0.645
0.6451
0.6452
0.6453
0.6454
0.6455
0.6456
0.6457
0.6458
0.6459
0.646
0.6461
0.6462
0.6463
0.6464
0.6465
0.6466
0.6467
0.6468
0.6469
0.647
0.6471
0.6472
0.6473
0.6474
0.6475
0.6476
0.6477
0.6478
0.6479
0.648
0.6481
0.6482
0.6483
0.6484
0.6485
0.6486
0.6487
0.6488
0.6489
0.649
0.6491
0.6492
0.6493
0.6494
0.6495
0.6496
0.6497
0.6498
0.6499
0.65
0.6501
0.6502
0.6503
0.6504
0.6505
0.6506
0.6507
0.6508
0.6509
0.651
0.6511
0.6512
0.6513
0.6514
0.6515
0.6516
0.6517
0.6518
0.6519
0.652
0.6521
0.6522
0.6523
0.6524
0.6525
0.6526
0.6527
0.6528
0.6529
0.653
0.6531
0.6532
0.6533
0.6534
0.6535
0.6536
0.6537
0.6538
0.6539
0.654
0.6541
0.6542
0.6543
0.6544
0.6545
0.6546
0.6547
0.6548
0.6549
0.655
0.6551
0.6552
0.6553
0.6554
0.6555
0.6556
0.6557
0.6558
0.6559
0.656
0.6561
0.6562
0.6563
0.6564
0.6565
0.6566
0.6567
0.6568
0.6569
0.657
0.6571
0.6572
0.6573
0.6574
0.6575
0.6576
0.6577
0.6578
0.6579
0.658
0.6581
0.6582
0.6583
0.6584
0.6585
0.6586
0.6587
0.6588
0.6589
0.659
0.6591
0.6592
0.6593
0.6594
0.6595
0.6596
0.6597
0.6598
0.6599
0.66
0.6601
0.6602
0.6603
0.6604
0.6605
0.6606
0.6607
0.6608
0.6609
0.661
0.6611
0.6612
0.6613
0.6614
0.6615
0.6616
0.6617
0.6618
0.6619
0.662
0.6621
0.6622
0.6623
0.6624
0.6625
0.6626
0.6627
0.6628
0.6629
0.663
0.6631
0.6632
0.6633
0.6634
0.6635
0.6636
0.6637
0.6638
0.6639
0.664
0.6641
0.6642
0.6643
0.6644
0.6645
0.6646
0.6647
0.6648
0.6649
0.665
0.6651
0.6652
0.6653
0.6654
0.6655
0.6656
0.6657
0.6658
0.6659
0.666
0.6661
0.6662
0.6663
0.6664
0.6665
0.6666
0.6667
0.6668
0.6669
0.667
0.6671
0.6672
0.6673
0.6674
0.6675
0.6676
0.6677
0.6678
0.6679
0.668
0.6681
0.6682
0.6683
0.6684
0.6685
0.6686
0.6687
0.6688
0.6689
0.669
0.6691
0.6692
0.6693
0.6694
0.6695
0.6696
0.6697
0.6698
0.6699
0.67
0.6701
0.6702
0.6703
0.6704
0.6705
0.6706
0.6707
0.6708
0.6709
0.671
0.6711
0.6712
0.6713
0.6714
0.6715
0.6716
0.6717
0.6718
0.6719
0.672
0.6721
0.6722
0.6723
0.6724
0.6725
0.6726
0.6727
0.6728
0.6729
0.673
0.6731
0.6732
0.6733
0.6734
0.6735
0.6736
0.6737
0.6738
0.6739
0.674
0.6741
0.6742
0.6743
0.6744
0.6745
0.6746
0.6747
0.6748
0.6749
0.675
0.6751
0.6752
0.6753
0.6754
0.6755
0.6756
0.6757
0.6758
0.6759
0.676
0.6761
0.6762
0.6763
0.6764
0.6765
0.6766
0.6767
0.6768
0.6769
0.677
0.6771
0.6772
0.6773
0.6774
0.6775
0.6776
0.6777
0.6778
0.6779
0.678
0.6781
0.6782
0.6783
0.6784
0.6785
0.6786
0.6787
0.6788
0.6789
0.679
0.6791
0.6792
0.6793
0.6794
0.6795
0.6796
0.6797
0.6798
0.6799
0.68
0.6801
0.6802
0.6803
0.6804
0.6805
0.6806
0.6807
0.6808
0.6809
0.681
0.6811
0.6812
0.6813
0.6814
0.6815
0.6816
0.6817
0.6818
0.6819
0.682
0.6821
0.6822
0.6823
0.6824
0.6825
0.6826
0.6827
0.6828
0.6829
0.683
0.6831
0.6832
0.6833
0.6834
0.6835
0.6836
0.6837
0.6838
0.6839
0.684
0.6841
0.6842
0.6843
0.6844
0.6845
0.6846
0.6847
0.6848
0.6849
0.685
0.6851
0.6852
0.6853
0.6854
0.6855
0.6856
0.6857
0.6858
0.6859
0.686
0.6861
0.6862
0.6863
0.6864
0.6865
0.6866
0.6867
0.6868
0.6869
0.687
0.6871
0.6872
0.6873
0.6874
0.6875
0.6876
0.6877
0.6878
0.6879
0.688
0.6881
0.6882
0.6883
0.6884
0.6885
0.6886
0.6887
0.6888
0.6889
0.689
0.6891
0.6892
0.6893
0.6894
0.6895
0.6896
0.6897
0.6898
0.6899
0.69
0.6901
0.6902
0.6903
0.6904
0.6905
0.6906
0.6907
0.6908
0.6909
0.691
0.6911
0.6912
0.6913
0.6914
0.6915
0.6916
0.6917
0.6918
0.6919
0.692
0.6921
0.6922
0.6923
0.6924
0.6925
0.6926
0.6927
0.6928
0.6929
0.693
0.6931
0.6932
0.6933
0.6934
0.6935
0.6936
0.6937
0.6938
0.6939
0.694
0.6941
0.6942
0.6943
0.6944
0.6945
0.6946
0.6947
0.6948
0.6949
0.695
0.6951
0.6952
0.6953
0.6954
0.6955
0.6956
0.6957
0.6958
0.6959
0.696
0.6961
0.6962
0.6963
0.6964
0.6965
0.6966
0.6967
0.6968
0.6969
0.697
0.6971
0.6972
0.6973
0.6974
0.6975
0.6976
0.6977
0.6978
0.6979
0.698
0.6981
0.6982
0.6983
0.6984
0.6985
0.6986
0.6987
0.6988
0.6989
0.699
0.6991
0.6992
0.6993
0.6994
0.6995
0.6996
0.6997
0.6998
0.6999
0.7
0.7001
0.7002
0.7003
0.7004
0.7005
0.7006
0.7007
0.7008
0.7009
0.701
0.7011
0.7012
0.7013
0.7014
0.7015
0.7016
0.7017
0.7018
0.7019
0.702
0.7021
0.7022
0.7023
0.7024
0.7025
0.7026
0.7027
0.7028
0.7029
0.703
0.7031
0.7032
0.7033
0.7034
0.7035
0.7036
0.7037
0.7038
0.7039
0.704
0.7041
0.7042
0.7043
0.7044
0.7045
0.7046
0.7047
0.7048
0.7049
0.705
0.7051
0.7052
0.7053
0.7054
0.7055
0.7056
0.7057
0.7058
0.7059
0.706
0.7061
0.7062
0.7063
0.7064
0.7065
0.7066
0.7067
0.7068
0.7069
0.707
0.7071
0.7072
0.7073
0.7074
0.7075
0.7076
0.7077
0.7078
0.7079
0.708
0.7081
0.7082
0.7083
0.7084
0.7085
0.7086
0.7087
0.7088
0.7089
0.709
0.7091
0.7092
0.7093
0.7094
0.7095
0.7096
0.7097
0.7098
0.7099
0.71
0.7101
0.7102
0.7103
0.7104
0.7105
0.7106
0.7107
0.7108
0.7109
0.711
0.7111
0.7112
0.7113
0.7114
0.7115
0.7116
0.7117
0.7118
0.7119
0.712
0.7121
0.7122
0.7123
0.7124
0.7125
0.7126
0.7127
0.7128
0.7129
0.713
0.7131
0.7132
0.7133
0.7134
0.7135
0.7136
0.7137
0.7138
0.7139
0.714
0.7141
0.7142
0.7143
0.7144
0.7145
0.7146
0.7147
0.7148
0.7149
0.715
0.7151
0.7152
0.7153
0.7154
0.7155
0.7156
0.7157
0.7158
0.7159
0.716
0.7161
0.7162
0.7163
0.7164
0.7165
0.7166
0.7167
0.7168
0.7169
0.717
0.7171
0.7172
0.7173
0.7174
0.7175
0.7176
0.7177
0.7178
0.7179
0.718
0.7181
0.7182
0.7183
0.7184
0.7185
0.7186
0.7187
0.7188
0.7189
0.719
0.7191
0.7192
0.7193
0.7194
0.7195
0.7196
0.7197
0.7198
0.7199
0.72
0.7201
0.7202
0.7203
0.7204
0.7205
0.7206
0.7207
0.7208
0.7209
0.721
0.7211
0.7212
0.7213
0.7214
0.7215
0.7216
0.7217
0.7218
0.7219
0.722
0.7221
0.7222
0.7223
0.7224
0.7225
0.7226
0.7227
0.7228
0.7229
0.723
0.7231
0.7232
0.7233
0.7234
0.7235
0.7236
0.7237
0.7238
0.7239
0.724
0.7241
0.7242
0.7243
0.7244
0.7245
0.7246
0.7247
0.7248
0.7249
0.725
0.7251
0.7252
0.7253
0.7254
0.7255
0.7256
0.7257
0.7258
0.7259
0.726
0.7261
0.7262
0.7263
0.7264
0.7265
0.7266
0.7267
0.7268
0.7269
0.727
0.7271
0.7272
0.7273
0.7274
0.7275
0.7276
0.7277
0.7278
0.7279
0.728
0.7281
0.7282
0.7283
0.7284
0.7285
0.7286
0.7287
0.7288
0.7289
0.729
0.7291
0.7292
0.7293
0.7294
0.7295
0.7296
0.7297
0.7298
0.7299
0.73
0.7301
0.7302
0.7303
0.7304
0.7305
0.7306
0.7307
0.7308
0.7309
0.731
0.7311
0.7312
0.7313
0.7314
0.7315
0.7316
0.7317
0.7318
0.7319
0.732
0.7321
0.7322
0.7323
0.7324
0.7325
0.7326
0.7327
0.7328
0.7329
0.733
0.7331
0.7332
0.7333
0.7334
0.7335
0.7336
0.7337
0.7338
0.7339
0.734
0.7341
0.7342
0.7343
0.7344
0.7345
0.7346
0.7347
0.7348
0.7349
0.735
0.7351
0.7352
0.7353
0.7354
0.7355
0.7356
0.7357
0.7358
0.7359
0.736
0.7361
0.7362
0.7363
0.7364
0.7365
0.7366
0.7367
0.7368
0.7369
0.737
0.7371
0.7372
0.7373
0.7374
0.7375
0.7376
0.7377
0.7378
0.7379
0.738
0.7381
0.7382
0.7383
0.7384
0.7385
0.7386
0.7387
0.7388
0.7389
0.739
0.7391
0.7392
0.7393
0.7394
0.7395
0.7396
0.7397
0.7398
0.7399
0.74
0.7401
0.7402
0.7403
0.7404
0.7405
0.7406
0.7407
0.7408
0.7409
0.741
0.7411
0.7412
0.7413
0.7414
0.7415
0.7416
0.7417
0.7418
0.7419
0.742
0.7421
0.7422
0.7423
0.7424
0.7425
0.7426
0.7427
0.7428
0.7429
0.743
0.7431
0.7432
0.7433
0.7434
0.7435
0.7436
0.7437
0.7438
0.7439
0.744
0.7441
0.7442
0.7443
0.7444
0.7445
0.7446
0.7447
0.7448
0.7449
0.745
0.7451
0.7452
0.7453
0.7454
0.7455
0.7456
0.7457
0.7458
0.7459
0.746
0.7461
0.7462
0.7463
0.7464
0.7465
0.7466
0.7467
0.7468
0.7469
0.747
0.7471
0.7472
0.7473
0.7474
0.7475
0.7476
0.7477
0.7478
0.7479
0.748
0.7481
0.7482
0.7483
0.7484
0.7485
0.7486
0.7487
0.7488
0.7489
0.749
0.7491
0.7492
0.7493
0.7494
0.7495
0.7496
0.7497
0.7498
0.7499
0.75
0.7501
0.7502
0.7503
0.7504
0.7505
0.7506
0.7507
0.7508
0.7509
0.751
0.7511
0.7512
0.7513
0.7514
0.7515
0.7516
0.7517
0.7518
0.7519
0.752
0.7521
0.7522
0.7523
0.7524
0.7525
0.7526
0.7527
0.7528
0.7529
0.753
0.7531
0.7532
0.7533
0.7534
0.7535
0.7536
0.7537
0.7538
0.7539
0.754
0.7541
0.7542
0.7543
0.7544
0.7545
0.7546
0.7547
0.7548
0.7549
0.755
0.7551
0.7552
0.7553
0.7554
0.7555
0.7556
0.7557
0.7558
0.7559
0.756
0.7561
0.7562
0.7563
0.7564
0.7565
0.7566
0.7567
0.7568
0.7569
0.757
0.7571
0.7572
0.7573
0.7574
0.7575
0.7576
0.7577
0.7578
0.7579
0.758
0.7581
0.7582
0.7583
0.7584
0.7585
0.7586
0.7587
0.7588
0.7589
0.759
0.7591
0.7592
0.7593
0.7594
0.7595
0.7596
0.7597
0.7598
0.7599
0.76
0.7601
0.7602
0.7603
0.7604
0.7605
0.7606
0.7607
0.7608
0.7609
0.761
0.7611
0.7612
0.7613
0.7614
0.7615
0.7616
0.7617
0.7618
0.7619
0.762
0.7621
0.7622
0.7623
0.7624
0.7625
0.7626
0.7627
0.7628
0.7629
0.763
0.7631
0.7632
0.7633
0.7634
0.7635
0.7636
0.7637
0.7638
0.7639
0.764
0.7641
0.7642
0.7643
0.7644
0.7645
0.7646
0.7647
0.7648
0.7649
0.765
0.7651
0.7652
0.7653
0.7654
0.7655
0.7656
0.7657
0.7658
0.7659
0.766
0.7661
0.7662
0.7663
0.7664
0.7665
0.7666
0.7667
0.7668
0.7669
0.767
0.7671
0.7672
0.7673
0.7674
0.7675
0.7676
0.7677
0.7678
0.7679
0.768
0.7681
0.7682
0.7683
0.7684
0.7685
0.7686
0.7687
0.7688
0.7689
0.769
0.7691
0.7692
0.7693
0.7694
0.7695
0.7696
0.7697
0.7698
0.7699
0.77
0.7701
0.7702
0.7703
0.7704
0.7705
0.7706
0.7707
0.7708
0.7709
0.771
0.7711
0.7712
0.7713
0.7714
0.7715
0.7716
0.7717
0.7718
0.7719
0.772
0.7721
0.7722
0.7723
0.7724
0.7725
0.7726
0.7727
0.7728
0.7729
0.773
0.7731
0.7732
0.7733
0.7734
0.7735
0.7736
0.7737
0.7738
0.7739
0.774
0.7741
0.7742
0.7743
0.7744
0.7745
0.7746
0.7747
0.7748
0.7749
0.775
0.7751
0.7752
0.7753
0.7754
0.7755
0.7756
0.7757
0.7758
0.7759
0.776
0.7761
0.7762
0.7763
0.7764
0.7765
0.7766
0.7767
0.7768
0.7769
0.777
0.7771
0.7772
0.7773
0.7774
0.7775
0.7776
0.7777
0.7778
0.7779
0.778
0.7781
0.7782
0.7783
0.7784
0.7785
0.7786
0.7787
0.7788
0.7789
0.779
0.7791
0.7792
0.7793
0.7794
0.7795
0.7796
0.7797
0.7798
0.7799
0.78
0.7801
0.7802
0.7803
0.7804
0.7805
0.7806
0.7807
0.7808
0.7809
0.781
0.7811
0.7812
0.7813
0.7814
0.7815
0.7816
0.7817
0.7818
0.7819
0.782
0.7821
0.7822
0.7823
0.7824
0.7825
0.7826
0.7827
0.7828
0.7829
0.783
0.7831
0.7832
0.7833
0.7834
0.7835
0.7836
0.7837
0.7838
0.7839
0.784
0.7841
0.7842
0.7843
0.7844
0.7845
0.7846
0.7847
0.7848
0.7849
0.785
0.7851
0.7852
0.7853
0.7854
0.7855
0.7856
0.7857
0.7858
0.7859
0.786
0.7861
0.7862
0.7863
0.7864
0.7865
0.7866
0.7867
0.7868
0.7869
0.787
0.7871
0.7872
0.7873
0.7874
0.7875
0.7876
0.7877
0.7878
0.7879
0.788
0.7881
0.7882
0.7883
0.7884
0.7885
0.7886
0.7887
0.7888
0.7889
0.789
0.7891
0.7892
0.7893
0.7894
0.7895
0.7896
0.7897
0.7898
0.7899
0.79
0.7901
0.7902
0.7903
0.7904
0.7905
0.7906
0.7907
0.7908
0.7909
0.791
0.7911
0.7912
0.7913
0.7914
0.7915
0.7916
0.7917
0.7918
0.7919
0.792
0.7921
0.7922
0.7923
0.7924
0.7925
0.7926
0.7927
0.7928
0.7929
0.793
0.7931
0.7932
0.7933
0.7934
0.7935
0.7936
0.7937
0.7938
0.7939
0.794
0.7941
0.7942
0.7943
0.7944
0.7945
0.7946
0.7947
0.7948
0.7949
0.795
0.7951
0.7952
0.7953
0.7954
0.7955
0.7956
0.7957
0.7958
0.7959
0.796
0.7961
0.7962
0.7963
0.7964
0.7965
0.7966
0.7967
0.7968
0.7969
0.797
0.7971
0.7972
0.7973
0.7974
0.7975
0.7976
0.7977
0.7978
0.7979
0.798
0.7981
0.7982
0.7983
0.7984
0.7985
0.7986
0.7987
0.7988
0.7989
0.799
0.7991
0.7992
0.7993
0.7994
0.7995
0.7996
0.7997
0.7998
0.7999
0.8
0.8001
0.8002
0.8003
0.8004
0.8005
0.8006
0.8007
0.8008
0.8009
0.801
0.8011
0.8012
0.8013
0.8014
0.8015
0.8016
0.8017
0.8018
0.8019
0.802
0.8021
0.8022
0.8023
0.8024
0.8025
0.8026
0.8027
0.8028
0.8029
0.803
0.8031
0.8032
0.8033
0.8034
0.8035
0.8036
0.8037
0.8038
0.8039
0.804
0.8041
0.8042
0.8043
0.8044
0.8045
0.8046
0.8047
0.8048
0.8049
0.805
0.8051
0.8052
0.8053
0.8054
0.8055
0.8056
0.8057
0.8058
0.8059
0.806
0.8061
0.8062
0.8063
0.8064
0.8065
0.8066
0.8067
0.8068
0.8069
0.807
0.8071
0.8072
0.8073
0.8074
0.8075
0.8076
0.8077
0.8078
0.8079
0.808
0.8081
0.8082
0.8083
0.8084
0.8085
0.8086
0.8087
0.8088
0.8089
0.809
0.8091
0.8092
0.8093
0.8094
0.8095
0.8096
0.8097
0.8098
0.8099
0.81
0.8101
0.8102
0.8103
0.8104
0.8105
0.8106
0.8107
0.8108
0.8109
0.811
0.8111
0.8112
0.8113
0.8114
0.8115
0.8116
0.8117
0.8118
0.8119
0.812
0.8121
0.8122
0.8123
0.8124
0.8125
0.8126
0.8127
0.8128
0.8129
0.813
0.8131
0.8132
0.8133
0.8134
0.8135
0.8136
0.8137
0.8138
0.8139
0.814
0.8141
0.8142
0.8143
0.8144
0.8145
0.8146
0.8147
0.8148
0.8149
0.815
0.8151
0.8152
0.8153
0.8154
0.8155
0.8156
0.8157
0.8158
0.8159
0.816
0.8161
0.8162
0.8163
0.8164
0.8165
0.8166
0.8167
0.8168
0.8169
0.817
0.8171
0.8172
0.8173
0.8174
0.8175
0.8176
0.8177
0.8178
0.8179
0.818
0.8181
0.8182
0.8183
0.8184
0.8185
0.8186
0.8187
0.8188
0.8189
0.819
0.8191
0.8192
0.8193
0.8194
0.8195
0.8196
0.8197
0.8198
0.8199
0.82
0.8201
0.8202
0.8203
0.8204
0.8205
0.8206
0.8207
0.8208
0.8209
0.821
0.8211
0.8212
0.8213
0.8214
0.8215
0.8216
0.8217
0.8218
0.8219
0.822
0.8221
0.8222
0.8223
0.8224
0.8225
0.8226
0.8227
0.8228
0.8229
0.823
0.8231
0.8232
0.8233
0.8234
0.8235
0.8236
0.8237
0.8238
0.8239
0.824
0.8241
0.8242
0.8243
0.8244
0.8245
0.8246
0.8247
0.8248
0.8249
0.825
0.8251
0.8252
0.8253
0.8254
0.8255
0.8256
0.8257
0.8258
0.8259
0.826
0.8261
0.8262
0.8263
0.8264
0.8265
0.8266
0.8267
0.8268
0.8269
0.827
0.8271
0.8272
0.8273
0.8274
0.8275
0.8276
0.8277
0.8278
0.8279
0.828
0.8281
0.8282
0.8283
0.8284
0.8285
0.8286
0.8287
0.8288
0.8289
0.829
0.8291
0.8292
0.8293
0.8294
0.8295
0.8296
0.8297
0.8298
0.8299
0.83
0.8301
0.8302
0.8303
0.8304
0.8305
0.8306
0.8307
0.8308
0.8309
0.831
0.8311
0.8312
0.8313
0.8314
0.8315
0.8316
0.8317
0.8318
0.8319
0.832
0.8321
0.8322
0.8323
0.8324
0.8325
0.8326
0.8327
0.8328
0.8329
0.833
0.8331
0.8332
0.8333
0.8334
0.8335
0.8336
0.8337
0.8338
0.8339
0.834
0.8341
0.8342
0.8343
0.8344
0.8345
0.8346
0.8347
0.8348
0.8349
0.835
0.8351
0.8352
0.8353
0.8354
0.8355
0.8356
0.8357
0.8358
0.8359
0.836
0.8361
0.8362
0.8363
0.8364
0.8365
0.8366
0.8367
0.8368
0.8369
0.837
0.8371
0.8372
0.8373
0.8374
0.8375
0.8376
0.8377
0.8378
0.8379
0.838
0.8381
0.8382
0.8383
0.8384
0.8385
0.8386
0.8387
0.8388
0.8389
0.839
0.8391
0.8392
0.8393
0.8394
0.8395
0.8396
0.8397
0.8398
0.8399
0.84
0.8401
0.8402
0.8403
0.8404
0.8405
0.8406
0.8407
0.8408
0.8409
0.841
0.8411
0.8412
0.8413
0.8414
0.8415
0.8416
0.8417
0.8418
0.8419
0.842
0.8421
0.8422
0.8423
0.8424
0.8425
0.8426
0.8427
0.8428
0.8429
0.843
0.8431
0.8432
0.8433
0.8434
0.8435
0.8436
0.8437
0.8438
0.8439
0.844
0.8441
0.8442
0.8443
0.8444
0.8445
0.8446
0.8447
0.8448
0.8449
0.845
0.8451
0.8452
0.8453
0.8454
0.8455
0.8456
0.8457
0.8458
0.8459
0.846
0.8461
0.8462
0.8463
0.8464
0.8465
0.8466
0.8467
0.8468
0.8469
0.847
0.8471
0.8472
0.8473
0.8474
0.8475
0.8476
0.8477
0.8478
0.8479
0.848
0.8481
0.8482
0.8483
0.8484
0.8485
0.8486
0.8487
0.8488
0.8489
0.849
0.8491
0.8492
0.8493
0.8494
0.8495
0.8496
0.8497
0.8498
0.8499
0.85
0.8501
0.8502
0.8503
0.8504
0.8505
0.8506
0.8507
0.8508
0.8509
0.851
0.8511
0.8512
0.8513
0.8514
0.8515
0.8516
0.8517
0.8518
0.8519
0.852
0.8521
0.8522
0.8523
0.8524
0.8525
0.8526
0.8527
0.8528
0.8529
0.853
0.8531
0.8532
0.8533
0.8534
0.8535
0.8536
0.8537
0.8538
0.8539
0.854
0.8541
0.8542
0.8543
0.8544
0.8545
0.8546
0.8547
0.8548
0.8549
0.855
0.8551
0.8552
0.8553
0.8554
0.8555
0.8556
0.8557
0.8558
0.8559
0.856
0.8561
0.8562
0.8563
0.8564
0.8565
0.8566
0.8567
0.8568
0.8569
0.857
0.8571
0.8572
0.8573
0.8574
0.8575
0.8576
0.8577
0.8578
0.8579
0.858
0.8581
0.8582
0.8583
0.8584
0.8585
0.8586
0.8587
0.8588
0.8589
0.859
0.8591
0.8592
0.8593
0.8594
0.8595
0.8596
0.8597
0.8598
0.8599
0.86
0.8601
0.8602
0.8603
0.8604
0.8605
0.8606
0.8607
0.8608
0.8609
0.861
0.8611
0.8612
0.8613
0.8614
0.8615
0.8616
0.8617
0.8618
0.8619
0.862
0.8621
0.8622
0.8623
0.8624
0.8625
0.8626
0.8627
0.8628
0.8629
0.863
0.8631
0.8632
0.8633
0.8634
0.8635
0.8636
0.8637
0.8638
0.8639
0.864
0.8641
0.8642
0.8643
0.8644
0.8645
0.8646
0.8647
0.8648
0.8649
0.865
0.8651
0.8652
0.8653
0.8654
0.8655
0.8656
0.8657
0.8658
0.8659
0.866
0.8661
0.8662
0.8663
0.8664
0.8665
0.8666
0.8667
0.8668
0.8669
0.867
0.8671
0.8672
0.8673
0.8674
0.8675
0.8676
0.8677
0.8678
0.8679
0.868
0.8681
0.8682
0.8683
0.8684
0.8685
0.8686
0.8687
0.8688
0.8689
0.869
0.8691
0.8692
0.8693
0.8694
0.8695
0.8696
0.8697
0.8698
0.8699
0.87
0.8701
0.8702
0.8703
0.8704
0.8705
0.8706
0.8707
0.8708
0.8709
0.871
0.8711
0.8712
0.8713
0.8714
0.8715
0.8716
0.8717
0.8718
0.8719
0.872
0.8721
0.8722
0.8723
0.8724
0.8725
0.8726
0.8727
0.8728
0.8729
0.873
0.8731
0.8732
0.8733
0.8734
0.8735
0.8736
0.8737
0.8738
0.8739
0.874
0.8741
0.8742
0.8743
0.8744
0.8745
0.8746
0.8747
0.8748
0.8749
0.875
0.8751
0.8752
0.8753
0.8754
0.8755
0.8756
0.8757
0.8758
0.8759
0.876
0.8761
0.8762
0.8763
0.8764
0.8765
0.8766
0.8767
0.8768
0.8769
0.877
0.8771
0.8772
0.8773
0.8774
0.8775
0.8776
0.8777
0.8778
0.8779
0.878
0.8781
0.8782
0.8783
0.8784
0.8785
0.8786
0.8787
0.8788
0.8789
0.879
0.8791
0.8792
0.8793
0.8794
0.8795
0.8796
0.8797
0.8798
0.8799
0.88
0.8801
0.8802
0.8803
0.8804
0.8805
0.8806
0.8807
0.8808
0.8809
0.881
0.8811
0.8812
0.8813
0.8814
0.8815
0.8816
0.8817
0.8818
0.8819
0.882
0.8821
0.8822
0.8823
0.8824
0.8825
0.8826
0.8827
0.8828
0.8829
0.883
0.8831
0.8832
0.8833
0.8834
0.8835
0.8836
0.8837
0.8838
0.8839
0.884
0.8841
0.8842
0.8843
0.8844
0.8845
0.8846
0.8847
0.8848
0.8849
0.885
0.8851
0.8852
0.8853
0.8854
0.8855
0.8856
0.8857
0.8858
0.8859
0.886
0.8861
0.8862
0.8863
0.8864
0.8865
0.8866
0.8867
0.8868
0.8869
0.887
0.8871
0.8872
0.8873
0.8874
0.8875
0.8876
0.8877
0.8878
0.8879
0.888
0.8881
0.8882
0.8883
0.8884
0.8885
0.8886
0.8887
0.8888
0.8889
0.889
0.8891
0.8892
0.8893
0.8894
0.8895
0.8896
0.8897
0.8898
0.8899
0.89
0.8901
0.8902
0.8903
0.8904
0.8905
0.8906
0.8907
0.8908
0.8909
0.891
0.8911
0.8912
0.8913
0.8914
0.8915
0.8916
0.8917
0.8918
0.8919
0.892
0.8921
0.8922
0.8923
0.8924
0.8925
0.8926
0.8927
0.8928
0.8929
0.893
0.8931
0.8932
0.8933
0.8934
0.8935
0.8936
0.8937
0.8938
0.8939
0.894
0.8941
0.8942
0.8943
0.8944
0.8945
0.8946
0.8947
0.8948
0.8949
0.895
0.8951
0.8952
0.8953
0.8954
0.8955
0.8956
0.8957
0.8958
0.8959
0.896
0.8961
0.8962
0.8963
0.8964
0.8965
0.8966
0.8967
0.8968
0.8969
0.897
0.8971
0.8972
0.8973
0.8974
0.8975
0.8976
0.8977
0.8978
0.8979
0.898
0.8981
0.8982
0.8983
0.8984
0.8985
0.8986
0.8987
0.8988
0.8989
0.899
0.8991
0.8992
0.8993
0.8994
0.8995
0.8996
0.8997
0.8998
0.8999
0.9
0.9001
0.9002
0.9003
0.9004
0.9005
0.9006
0.9007
0.9008
0.9009
0.901
0.9011
0.9012
0.9013
0.9014
0.9015
0.9016
0.9017
0.9018
0.9019
0.902
0.9021
0.9022
0.9023
0.9024
0.9025
0.9026
0.9027
0.9028
0.9029
0.903
0.9031
0.9032
0.9033
0.9034
0.9035
0.9036
0.9037
0.9038
0.9039
0.904
0.9041
0.9042
0.9043
0.9044
0.9045
0.9046
0.9047
0.9048
0.9049
0.905
0.9051
0.9052
0.9053
0.9054
0.9055
0.9056
0.9057
0.9058
0.9059
0.906
0.9061
0.9062
0.9063
0.9064
0.9065
0.9066
0.9067
0.9068
0.9069
0.907
0.9071
0.9072
0.9073
0.9074
0.9075
0.9076
0.9077
0.9078
0.9079
0.908
0.9081
0.9082
0.9083
0.9084
0.9085
0.9086
0.9087
0.9088
0.9089
0.909
0.9091
0.9092
0.9093
0.9094
0.9095
0.9096
0.9097
0.9098
0.9099
0.91
0.9101
0.9102
0.9103
0.9104
0.9105
0.9106
0.9107
0.9108
0.9109
0.911
0.9111
0.9112
0.9113
0.9114
0.9115
0.9116
0.9117
0.9118
0.9119
0.912
0.9121
0.9122
0.9123
0.9124
0.9125
0.9126
0.9127
0.9128
0.9129
0.913
0.9131
0.9132
0.9133
0.9134
0.9135
0.9136
0.9137
0.9138
0.9139
0.914
0.9141
0.9142
0.9143
0.9144
0.9145
0.9146
0.9147
0.9148
0.9149
0.915
0.9151
0.9152
0.9153
0.9154
0.9155
0.9156
0.9157
0.9158
0.9159
0.916
0.9161
0.9162
0.9163
0.9164
0.9165
0.9166
0.9167
0.9168
0.9169
0.917
0.9171
0.9172
0.9173
0.9174
0.9175
0.9176
0.9177
0.9178
0.9179
0.918
0.9181
0.9182
0.9183
0.9184
0.9185
0.9186
0.9187
0.9188
0.9189
0.919
0.9191
0.9192
0.9193
0.9194
0.9195
0.9196
0.9197
0.9198
0.9199
0.92
0.9201
0.9202
0.9203
0.9204
0.9205
0.9206
0.9207
0.9208
0.9209
0.921
0.9211
0.9212
0.9213
0.9214
0.9215
0.9216
0.9217
0.9218
0.9219
0.922
0.9221
0.9222
0.9223
0.9224
0.9225
0.9226
0.9227
0.9228
0.9229
0.923
0.9231
0.9232
0.9233
0.9234
0.9235
0.9236
0.9237
0.9238
0.9239
0.924
0.9241
0.9242
0.9243
0.9244
0.9245
0.9246
0.9247
0.9248
0.9249
0.925
0.9251
0.9252
0.9253
0.9254
0.9255
0.9256
0.9257
0.9258
0.9259
0.926
0.9261
0.9262
0.9263
0.9264
0.9265
0.9266
0.9267
0.9268
0.9269
0.927
0.9271
0.9272
0.9273
0.9274
0.9275
0.9276
0.9277
0.9278
0.9279
0.928
0.9281
0.9282
0.9283
0.9284
0.9285
0.9286
0.9287
0.9288
0.9289
0.929
0.9291
0.9292
0.9293
0.9294
0.9295
0.9296
0.9297
0.9298
0.9299
0.93
0.9301
0.9302
0.9303
0.9304
0.9305
0.9306
0.9307
0.9308
0.9309
0.931
0.9311
0.9312
0.9313
0.9314
0.9315
0.9316
0.9317
0.9318
0.9319
0.932
0.9321
0.9322
0.9323
0.9324
0.9325
0.9326
0.9327
0.9328
0.9329
0.933
0.9331
0.9332
0.9333
0.9334
0.9335
0.9336
0.9337
0.9338
0.9339
0.934
0.9341
0.9342
0.9343
0.9344
0.9345
0.9346
0.9347
0.9348
0.9349
0.935
0.9351
0.9352
0.9353
0.9354
0.9355
0.9356
0.9357
0.9358
0.9359
0.936
0.9361
0.9362
0.9363
0.9364
0.9365
0.9366
0.9367
0.9368
0.9369
0.937
0.9371
0.9372
0.9373
0.9374
0.9375
0.9376
0.9377
0.9378
0.9379
0.938
0.9381
0.9382
0.9383
0.9384
0.9385
0.9386
0.9387
0.9388
0.9389
0.939
0.9391
0.9392
0.9393
0.9394
0.9395
0.9396
0.9397
0.9398
0.9399
0.94
0.9401
0.9402
0.9403
0.9404
0.9405
0.9406
0.9407
0.9408
0.9409
0.941
0.9411
0.9412
0.9413
0.9414
0.9415
0.9416
0.9417
0.9418
0.9419
0.942
0.9421
0.9422
0.9423
0.9424
0.9425
0.9426
0.9427
0.9428
0.9429
0.943
0.9431
0.9432
0.9433
0.9434
0.9435
0.9436
0.9437
0.9438
0.9439
0.944
0.9441
0.9442
0.9443
0.9444
0.9445
0.9446
0.9447
0.9448
0.9449
0.945
0.9451
0.9452
0.9453
0.9454
0.9455
0.9456
0.9457
0.9458
0.9459
0.946
0.9461
0.9462
0.9463
0.9464
0.9465
0.9466
0.9467
0.9468
0.9469
0.947
0.9471
0.9472
0.9473
0.9474
0.9475
0.9476
0.9477
0.9478
0.9479
0.948
0.9481
0.9482
0.9483
0.9484
0.9485
0.9486
0.9487
0.9488
0.9489
0.949
0.9491
0.9492
0.9493
0.9494
0.9495
0.9496
0.9497
0.9498
0.9499
0.95
0.9501
0.9502
0.9503
0.9504
0.9505
0.9506
0.9507
0.9508
0.9509
0.951
0.9511
0.9512
0.9513
0.9514
0.9515
0.9516
0.9517
0.9518
0.9519
0.952
0.9521
0.9522
0.9523
0.9524
0.9525
0.9526
0.9527
0.9528
0.9529
0.953
0.9531
0.9532
0.9533
0.9534
0.9535
0.9536
0.9537
0.9538
0.9539
0.954
0.9541
0.9542
0.9543
0.9544
0.9545
0.9546
0.9547
0.9548
0.9549
0.955
0.9551
0.9552
0.9553
0.9554
0.9555
0.9556
0.9557
0.9558
0.9559
0.956
0.9561
0.9562
0.9563
0.9564
0.9565
0.9566
0.9567
0.9568
0.9569
0.957
0.9571
0.9572
0.9573
0.9574
0.9575
0.9576
0.9577
0.9578
0.9579
0.958
0.9581
0.9582
0.9583
0.9584
0.9585
0.9586
0.9587
0.9588
0.9589
0.959
0.9591
0.9592
0.9593
0.9594
0.9595
0.9596
0.9597
0.9598
0.9599
0.96
0.9601
0.9602
0.9603
0.9604
0.9605
0.9606
0.9607
0.9608
0.9609
0.961
0.9611
0.9612
0.9613
0.9614
0.9615
0.9616
0.9617
0.9618
0.9619
0.962
0.9621
0.9622
0.9623
0.9624
0.9625
0.9626
0.9627
0.9628
0.9629
0.963
0.9631
0.9632
0.9633
0.9634
0.9635
0.9636
0.9637
0.9638
0.9639
0.964
0.9641
0.9642
0.9643
0.9644
0.9645
0.9646
0.9647
0.9648
0.9649
0.965
0.9651
0.9652
0.9653
0.9654
0.9655
0.9656
0.9657
0.9658
0.9659
0.966
0.9661
0.9662
0.9663
0.9664
0.9665
0.9666
0.9667
0.9668
0.9669
0.967
0.9671
0.9672
0.9673
0.9674
0.9675
0.9676
0.9677
0.9678
0.9679
0.968
0.9681
0.9682
0.9683
0.9684
0.9685
0.9686
0.9687
0.9688
0.9689
0.969
0.9691
0.9692
0.9693
0.9694
0.9695
0.9696
0.9697
0.9698
0.9699
0.97
0.9701
0.9702
0.9703
0.9704
0.9705
0.9706
0.9707
0.9708
0.9709
0.971
0.9711
0.9712
0.9713
0.9714
0.9715
0.9716
0.9717
0.9718
0.9719
0.972
0.9721
0.9722
0.9723
0.9724
0.9725
0.9726
0.9727
0.9728
0.9729
0.973
0.9731
0.9732
0.9733
0.9734
0.9735
0.9736
0.9737
0.9738
0.9739
0.974
0.9741
0.9742
0.9743
0.9744
0.9745
0.9746
0.9747
0.9748
0.9749
0.975
0.9751
0.9752
0.9753
0.9754
0.9755
0.9756
0.9757
0.9758
0.9759
0.976
0.9761
0.9762
0.9763
0.9764
0.9765
0.9766
0.9767
0.9768
0.9769
0.977
0.9771
0.9772
0.9773
0.9774
0.9775
0.9776
0.9777
0.9778
0.9779
0.978
0.9781
0.9782
0.9783
0.9784
0.9785
0.9786
0.9787
0.9788
0.9789
0.979
0.9791
0.9792
0.9793
0.9794
0.9795
0.9796
0.9797
0.9798
0.9799
0.98
0.9801
0.9802
0.9803
0.9804
0.9805
0.9806
0.9807
0.9808
0.9809
0.981
0.9811
0.9812
0.9813
0.9814
0.9815
0.9816
0.9817
0.9818
0.9819
0.982
0.9821
0.9822
0.9823
0.9824
0.9825
0.9826
0.9827
0.9828
0.9829
0.983
0.9831
0.9832
0.9833
0.9834
0.9835
0.9836
0.9837
0.9838
0.9839
0.984
0.9841
0.9842
0.9843
0.9844
0.9845
0.9846
0.9847
0.9848
0.9849
0.985
0.9851
0.9852
0.9853
0.9854
0.9855
0.9856
0.9857
0.9858
0.9859
0.986
0.9861
0.9862
0.9863
0.9864
0.9865
0.9866
0.9867
0.9868
0.9869
0.987
0.9871
0.9872
0.9873
0.9874
0.9875
0.9876
0.9877
0.9878
0.9879
0.988
0.9881
0.9882
0.9883
0.9884
0.9885
0.9886
0.9887
0.9888
0.9889
0.989
0.9891
0.9892
0.9893
0.9894
0.9895
0.9896
0.9897
0.9898
0.9899
0.99
0.9901
0.9902
0.9903
0.9904
0.9905
0.9906
0.9907
0.9908
0.9909
0.991
0.9911
0.9912
0.9913
0.9914
0.9915
0.9916
0.9917
0.9918
0.9919
0.992
0.9921
0.9922
0.9923
0.9924
0.9925
0.9926
0.9927
0.9928
0.9929
0.993
0.9931
0.9932
0.9933
0.9934
0.9935
0.9936
0.9937
0.9938
0.9939
0.994
0.9941
0.9942
0.9943
0.9944
0.9945
0.9946
0.9947
0.9948
0.9949
0.995
0.9951
0.9952
0.9953
0.9954
0.9955
0.9956
0.9957
0.9958
0.9959
0.996
0.9961
0.9962
0.9963
0.9964
0.9965
0.9966
0.9967
0.9968
0.9969
0.997
0.9971
0.9972
0.9973
0.9974
0.9975
0.9976
0.9977
0.9978
0.9979
0.998
0.9981
0.9982
0.9983
0.9984
0.9985
0.9986
0.9987
0.9988
0.9989
0.999
0.9991
0.9992
0.9993
0.9994
0.9995
0.9996
0.9997
0.9998
0.9999

3
1
2
3

5
1
2
3
4
5


100
3
100
3
1 0 1818 0.968324
2 0 0 0.79809
3 0 0 0.991664

1
1 0 0 0.792105

3
1 0 1131 0.889189
2 0 0 1.02803
3 0 0 0.969191

1
1 0 0 0.793311

9
1 1 2 0.863999
2 0 5743 0.930083
4 1 1 0.88012
8 0 0 1.00627
9 0 5018 0.8992
18 0 0 0.805088
19 0 0 0.96247
5 0 0 0.990573
3 0 0 1.02218

3
1 1 1 0.921369
2 0 0 0.981558
3 0 0 0.708017

7
1 1 1 0.853101
2 0 0 1.14115
3 0 1534 0.906506
6 0 0 0.95924
7 2 3 0.937301
14 0 0 0.892839
15 0 0 1.09899

3
1 1 1 0.852836
2 0 0 1.02706
3 0 0 0.882426

3
1 0 319 0.781598
2 0 0 1.07973
3 0 0 0.756707

1
1 0 0 0.818458

3
1 0 8640 0.879151
2 0 0 0.839888
3 0 0 1.004

3
1 1 1 0.923668
2 0 0 0.98671
3 0 0 0.713035

5
1 1 2 0.961451
2 0 0 0.812579
3 2 3 0.970683
6 0 0 0.922508
7 0 0 0.997767

1
1 0 0 0.810054

3
1 0 9736 0.76071
2 0 0 0.777601
3 0 0 0.969286

3
1 0 6899 0.843988
2 0 0 0.797857
3 0 0 0.984963

3
1 2 4 0.875891
2 0 0 0.896129
3 0 0 1.00151

7
1 0 2109 0.873181
2 0 0 0.820137
3 2 4 1.0356
6 0 0 1.17393
7 0 9864 1.06174
14 0 0 0.978164
15 0 0 1.03333

3
1 1 2 0.953897
2 0 0 0.847749
3 0 0 1.17267

5
1 0 5393 0.804336
2 0 0 0.821736
3 0 8526 1.00618
6 0 0 0.996476
7 0 0 0.880558

3
1 2 1 0.907308
2 0 0 0.838485
3 0 0 0.933189

1
1 0 0 0.907757

3
1 1 2 0.815716
2 0 0 0.86517
3 0 0 0.96663

3
1 0 902 0.77144
2 0 0 0.885796
3 0 0 0.876235

3
1 0 942 0.799891
2 0 0 1.07964
3 0 0 0.841735

3
1 0 8564 0.822264
2 0 0 0.798664
3 0 0 1.07101

3
1 1 1 0.831573
2 0 0 0.993534
3 0 0 0.829389

3
1 0 2494 0.98821
2 0 0 0.861861
3 0 0 0.960714

3
1 1 2 0.882788
2 0 0 0.910965
3 0 0 1.13957

3
1 0 9570 0.777621
2 0 0 0.846905
3 0 0 0.863753

3
1 2 4 0.975506
2 0 0 1.01639
3 0 0 0.901955

5
1 1 2 0.804816
2 0 0 0.858916
3 2 2 1.03995
6 0 0 1.00293
7 0 0 1.06796

1
1 0 0 0.690211

3
1 1 1 0.878537
2 0 0 0.921531
3 0 0 0.793862

3
1 0 9560 0.8319
2 0 0 0.891654
3 0 0 1.09867

3
1 1 1 0.859592
2 0 0 0.978986
3 0 0 0.757454

3
1 0 5098 0.91186
2 0 0 0.844079
3 0 0 0.96031

5
1 1 2 0.916727
2 0 3933 0.985894
4 0 0 0.771375
5 0 0 1.03424
3 0 0 0.95921

3
1 0 4844 0.885528
2 0 0 0.923723
3 0 0 0.972891

3
1 1 1 0.902336
2 0 0 1.10342
3 0 0 0.744598

5
1 0 645 0.846853
2 0 0 0.956806
3 0 4663 0.911616
6 0 0 0.918551
7 0 0 0.953749

3
1 2 2 0.861438
2 0 0 0.80976
3 0 0 0.834517

3
1 0 7363 0.872303
2 0 0 0.878742
3 0 0 0.87832

3
1 1 1 0.819689
2 0 0 0.949954
3 0 0 0.69289

5
1 0 3833 0.870408
2 0 0 0.781416
3 2 1 1.04894
6 0 0 1.06272
7 0 0 1.01104

5
1 1 2 0.839917
2 0 0 0.833419
3 2 3 1.05905
6 0 0 0.953229
7 0 0 1.13713

3
1 0 889 0.830861
2 0 0 0.973218
3 0 0 0.869888

3
1 0 2277 0.850635
2 0 0 0.804725
3 0 0 0.944261

3
1 1 1 0.874085
2 0 0 1.10059
3 0 0 0.776387

5
1 0 2502 0.884478
2 1 2 0.760998
4 0 0 0.831351
5 0 0 1.10938
3 0 0 1.05544

7
1 0 902 0.827533
2 2 3 1.07126
4 0 0 1.07216
5 0 0 1.0303
3 1 1 0.87363
6 0 0 0.945332
7 0 0 0.785897

3
1 1 1 0.963636
2 0 0 1.01505
3 0 0 0.964405

3
1 1 1 0.871834
2 0 0 0.894385
3 0 0 0.712275

5
1 1 2 0.917399
2 0 0 0.642566
3 0 2191 1.07238
6 0 0 0.870022
7 0 0 1.04412

3
1 0 239 0.840653
2 0 0 1.03102
3 0 0 0.92591

3
1 2 2 0.840244
2 0 0 0.845515
3 0 0 0.781536

3
1 0 2911 0.918131
2 0 0 0.804594
3 0 0 0.997975

1
1 0 0 0.704338

5
1 0 3649 0.89265
2 0 2360 0.870186
4 0 0 0.819857
5 0 0 0.956937
3 0 0 0.909002

3
1 0 7057 0.873889
2 0 0 0.859649
3 0 0 0.939558

3
1 2 3 0.835077
2 0 0 0.863276
3 0 0 1.03354

3
1 1 1 0.896942
2 0 0 1.10028
3 0 0 0.804623

5
1 0 1114 0.798541
2 1 1 1.00087
4 0 0 1.08632
5 0 0 1.01433
3 0 0 0.765758

1
1 0 0 0.840488

3
1 0 8137 0.873884
2 0 0 0.873398
3 0 0 0.938138

5
1 0 4434 0.894825
2 0 0 0.885254
3 2 3 1.01054
6 0 0 1.00984
7 0 0 1.05794

3
1 1 2 0.850421
2 0 0 0.849613
3 0 0 1.11378

5
1 1 2 0.871158
2 0 0 0.817031
3 0 8473 0.986093
6 0 0 0.920732
7 0 0 1.13904

3
1 1 1 0.869755
2 0 0 1.03455
3 0 0 0.687327

3
1 1 1 0.876168
2 0 0 0.998915
3 0 0 0.722487

5
1 1 2 0.798166
2 0 0 0.761922
3 0 3459 1.0066
6 0 0 1.15183
7 0 0 1.05487

1
1 0 0 0.776679

3
1 0 478 0.796871
2 0 0 1.13579
3 0 0 0.714602

3
1 1 1 0.812492
2 0 0 1.17995
3 0 0 0.752984

5
1 1 1 0.921452
2 0 5778 0.986316
4 0 0 0.909013
5 0 0 0.86428
3 0 0 0.804671

3
1 2 3 0.865682
2 0 0 0.858399
3 0 0 0.972552

3
1 1 2 0.864546
2 0 0 0.823484
3 0 0 1.02233

3
1 1 2 0.869281
2 0 0 0.892102
3 0 0 1.0299

1
1 0 0 0.724921

3
1 2 2 0.891597
2 0 0 0.901655
3 0 0 0.97424

3
1 0 9717 0.791729
2 0 0 0.769509
3 0 0 0.925791

3
1 1 2 0.904033
2 0 0 0.805772
3 0 0 0.960259

3
1 1 1 0.925771
2 0 0 1.00521
3 0 0 0.804582

3
1 0 2768 0.815771
2 0 0 0.744556
3 0 0 1.10405

3
1 0 2001 0.845582
2 0 0 0.82725
3 0 0 1.00733

1
1 0 0 0.81027

5
1 1 2 0.861069
2 0 5845 0.940828
4 0 0 0.933813
5 0 0 0.845518
3 0 0 0.879286

3
1 1 1 0.78187
2 0 0 0.999315
3 0 0 0.7764

3
1 1 1 0.882845
2 0 0 0.916419
3 0 0 0.792385

3
1 1 1 0.915647
2 0 0 1.07395
3 0 0 0.715352

3
1 1 2 0.830927
2 0 0 0.755134
3 0 0 1.01631

1
1 0 0 0.862144

3
1 0 476 0.821572
2 0 0 0.875285
3 0 0 0.835781

1
1 0 0 0.809002

1
1 0 0 0.77912

3
1 1 1 0.868866
2 0 0 1.123
3 0 0 0.986368

3
1 0 8854 0.778372
2 0 0 0.8229
3 0 0 0.961865

3
1 2 1 0.833503
2 0 0 0.890873
3 0 0 1.06855

1
1 0 0 0.847303

9
1 1 2 0.839716
2 2 3 0.898947
4 0 8157 0.870902
8 0 0 0.877283
9 0 0 1.0043
5 0 0 1.02394
3 0 6568 1.05058
6 0 0 1.05254
7 0 0 0.964096

5
1 2 1 0.885134
2 0 0 0.848016
3 0 7378 1.01179
6 0 0 0.903395
7 0 0 1.06983

1
1 0 0 0.701263

3
1 0 1131 0.889189
2 0 0 1.06906
3 0 0 0.818547

3
1 1 2 0.901204
2 0 0 0.815612
3 0 0 1.00248

3
1 1 2 0.892088
2 0 0 0.891792
3 0 0 0.951525

5
1 2 3 0.856806
2 0 0 0.843441
3 0 918 0.873755
6 0 0 0.884628
7 0 0 0.947557

1
1 0 0 0.848843

5
1 1 1 0.852836
2 2 4 0.984525
4 0 0 1.02096
5 0 0 1.18532
3 0 0 0.844909

5
1 1 1 0.872812
2 0 2796 1.02069
4 0 0 0.975054
5 0 0 0.965113
3 0 0 0.664859

3
1 2 2 0.924033
2 0 0 0.785105
3 0 0 0.833811

5
1 1 1 0.854152
2 0 0 1.10217
3 1 2 0.839253
6 0 0 0.838857
7 0 0 1.00858

3
1 1 1 0.980627
2 0 0 0.977837
3 0 0 0.945956

3
1 0 3289 0.854447
2 0 0 0.840412
3 0 0 0.839852

3
1 0 875 0.794162
2 0 0 0.934292
3 0 0 0.857304

1
1 0 0 0.800145

3
1 1 1 0.943625
2 0 0 1.12013
3 0 0 0.752554

3
1 1 1 0.87583
2 0 0 0.911127
3 0 0 0.780848

7
1 0 2109 0.873181
2 0 0 0.87069
3 1 2 0.988267
6 0 4142 1.03502
12 0 0 1.06086
13 0 0 0.895827
7 0 0 1.01989

3
1 1 2 0.953897
2 0 0 0.807526
3 0 0 1.00375

3
1 1 2 0.923503
2 0 0 0.846227
3 0 0 0.980228

3
1 0 4900 0.946406
2 0 0 0.759089
3 0 0 0.898964

3
1 0 9385 0.889397
2 0 0 0.936174
3 0 0 0.887466

5
1 1 2 0.815716
2 0 1036 0.802784
4 0 0 0.918617
5 0 0 0.672173
3 0 0 1.13509

3
1 0 5976 0.867447
2 0 0 0.88586
3 0 0 0.912253

5
1 0 1908 0.848904
2 0 0 0.808625
3 0 2500 0.968282
6 0 0 0.842598
7 0 0 0.982177

3
1 2 3 0.917498
2 0 0 0.79709
3 0 0 0.972881

5
1 0 9485 0.747304
2 0 0 0.850498
3 0 9852 0.984037
6 0 0 1.11091
7 0 0 1.01389

3
1 0 2494 0.98821
2 0 0 0.918909
3 0 0 0.943265

5
1 0 7531 0.862955
2 0 313 0.845886
4 0 0 1.06447
5 0 0 0.796501
3 0 0 0.946027

3
1 0 343 0.809084
2 0 0 1.06289
3 0 0 0.778085

5
1 2 3 0.936504
2 0 1803 0.936158
4 0 0 0.811925
5 0 0 0.989166
3 0 0 0.880269

5
1 1 2 0.893839
2 1 1 0.937225
4 0 0 1.05229
5 0 0 0.866645
3 0 0 1.04748

3
1 0 2187 0.821336
2 0 0 0.796972
3 0 0 1.04072

3
1 1 2 0.920768
2 0 0 0.816194
3 0 0 1.00069

3
1 2 1 0.992765
2 0 0 0.928977
3 0 0 0.85945

3
1 1 1 0.859592
2 0 0 0.960572
3 0 0 0.908178

3
1 1 2 0.868182
2 0 0 0.816487
3 0 0 1.0103

1
1 0 0 0.898541

3
1 2 4 0.844806
2 0 0 0.887666
3 0 0 0.833064

3
1 0 8928 0.854325
2 0 0 0.773661
3 0 0 0.932812

3
1 0 3919 0.899126
2 0 0 0.732961
3 0 0 0.96623

5
1 0 4940 0.892543
2 0 0 0.695606
3 2 2 0.885237
6 0 0 0.994001
7 0 0 0.896996

3
1 1 1 0.890634
2 0 0 1.07818
3 0 0 0.876963

3
1 1 1 0.819689
2 0 0 0.965528
3 0 0 0.882212

3
1 1 1 0.875101
2 0 0 0.943296
3 0 0 0.838145

5
1 2 2 0.901296
2 0 0 0.841523
3 2 3 0.970073
6 0 0 1.03226
7 0 0 0.963776

3
1 0 172 0.727868
2 0 0 0.960791
3 0 0 0.818871

5
1 1 1 0.972844
2 0 8582 0.951024
4 0 0 0.955186
5 0 0 1.01596
3 0 0 0.791764

3
1 0 7572 0.863607
2 0 0 0.806625
3 0 0 0.962801

3
1 1 1 0.841604
2 0 0 1.04381
3 0 0 0.802155

7
1 0 902 0.827533
2 2 4 1.11454
4 0 0 1.04094
5 0 0 1.0594
3 1 1 0.87363
6 0 0 1.00788
7 0 0 0.786322

3
1 0 3916 0.899532
2 0 0 0.775486
3 0 0 1.08423

1
1 0 0 0.867867

5
1 1 2 0.859563
2 0 0 0.891406
3 0 7733 0.949455
6 0 0 0.965686
7 0 0 0.867256

3
1 0 1080 0.853171
2 0 0 0.949369
3 0 0 0.833816

3
1 0 150 0.888164
2 0 0 1.07729
3 0 0 0.813513

7
1 0 8728 0.884953
2 1 1 0.918459
4 0 0 1.01642
5 2 1 0.932826
10 0 0 0.77168
11 0 0 0.987007
3 0 0 0.995914

3
1 1 2 0.796655
2 0 0 0.722695
3 0 0 1.01065

3
1 0 880 0.945765
2 0 0 0.932171
3 0 0 0.811644

3
1 1 1 0.919221
2 0 0 1.02786
3 0 0 0.840762

3
1 1 2 0.902037
2 0 0 0.884583
3 0 0 1.00102

3
1 1 1 0.896942
2 0 0 0.966748
3 0 0 0.8618

1
1 0 0 0.774327

3
1 0 1701 0.878143
2 0 0 0.835203
3 0 0 0.930411

3
1 0 297 0.746039
2 0 0 0.839608
3 0 0 0.806358

3
1 0 9985 0.836662
2 0 0 0.802698
3 0 0 0.993482

7
1 1 1 0.858933
2 0 0 1.04726
3 0 2116 0.859783
6 0 0 0.898973
7 2 1 1.15412
14 0 0 1.05763
15 0 0 1.04373

3
1 0 833 0.805041
2 0 0 1.00352
3 0 0 0.864117

5
1 0 8318 0.932818
2 0 1693 0.906914
4 0 0 0.872768
5 0 0 0.922846
3 0 0 0.92153

5
1 1 1 0.876168
2 0 1153 1.12937
4 0 0 0.994789
5 0 0 0.997954
3 0 0 0.797465

3
1 2 2 0.896161
2 0 0 0.887248
3 0 0 0.926616

3
1 1 1 0.934451
2 0 0 0.965707
3 0 0 0.802124

3
1 2 3 0.831183
2 0 0 0.848504
3 0 0 0.832291

3
1 1 1 0.812492
2 0 0 1.09227
3 0 0 0.669043

3
1 1 1 0.921452
2 0 0 1.1225
3 0 0 0.778105

1
1 0 0 0.829491

3
1 1 1 0.932903
2 0 0 0.9909
3 0 0 0.860906

1
1 0 0 0.826962

1
1 0 0 0.812049

3
1 0 1650 0.847206
2 0 0 0.877188
3 0 0 0.939391

3
1 1 1 0.859282
2 0 0 0.950706
3 0 0 0.869697

3
1 1 1 0.777507
2 0 0 0.974802
3 0 0 0.779463

5
1 1 2 0.777401
2 0 0 0.709326
3 2 4 1.00748
6 0 0 1.02794
7 0 0 1.11533

3
1 0 2768 0.815771
2 0 0 0.88161
3 0 0 1.11009

5
1 1 2 0.901328
2 0 0 0.760699
3 0 7053 0.992099
6 0 0 1.03783
7 0 0 0.888909

1
1 0 0 0.781764

3
1 1 2 0.861069
2 0 0 0.804094
3 0 0 0.909986

5
1 1 1 0.78187
2 0 0 0.955617
3 0 8913 0.854605
6 0 0 0.884143
7 0 0 0.885043

3
1 1 1 0.882845
2 0 0 1.00343
3 0 0 0.784482

3
1 1 1 0.851287
2 0 0 1.03277
3 0 0 0.802171

3
1 2 2 0.815894
2 0 0 0.785826
3 0 0 0.968508

5
1 1 2 0.777484
2 0 0 0.726798
3 0 2592 0.959699
6 0 0 0.93832
7 0 0 0.910394

1
1 0 0 0.662428

5
1 1 1 0.851652
2 0 8117 1.00957
4 0 0 1.00534
5 0 0 0.986645
3 0 0 0.828557

3
1 0 9491 0.707082
2 0 0 0.756769
3 0 0 0.981749

3
1 0 6296 0.854252
2 0 0 0.834333
3 0 0 0.836694

3
1 0 9638 0.776526
2 0 0 0.869078
3 0 0 1.03995

9
1 0 2583 0.894113
2 0 2465 0.910135
4 1 2 0.875348
8 0 0 0.802669
9 0 0 1.06772
5 0 0 1.01427
3 2 4 0.966983
6 0 0 0.963712
7 0 0 0.919217

5
1 0 2756 0.909418
2 1 1 0.856556
4 0 0 1.01296
5 0 0 0.777257
3 0 0 1.05751

7
1 2 3 0.831592
2 2 1 0.958385
4 0 0 0.783364
5 0 0 0.974269
3 2 4 0.939097
6 0 0 0.944671
7 0 0 0.85982

3
1 0 955 0.860075
2 0 0 1.0589
3 0 0 0.80154

1
1 0 0 0.745583

3
1 1 1 0.883223
2 0 0 1.01799
3 0 0 0.811661

3
1 1 1 0.991871
2 0 0 1.03904
3 0 0 0.948519

3
1 1 1 0.821902
2 0 0 0.986624
3 0 0 0.887077

3
1 0 3046 0.903844
2 0 0 0.90652
3 0 0 0.984473

3
1 0 710 0.863195
2 0 0 1.02183
3 0 0 0.912529

3
1 0 5649 0.866133
2 0 0 0.961705
3 0 0 0.881909

3
1 2 2 0.899916
2 0 0 0.95305
3 0 0 0.942436

1
1 0 0 0.702168

3
1 1 1 0.854152
2 0 0 1.03297
3 0 0 0.689141

3
1 1 1 0.980627
2 0 0 0.968843
3 0 0 0.841835

9
1 1 1 0.889955
2 0 7780 0.992976
4 0 0 1.08928
5 0 0 0.993853
3 0 6933 0.931037
6 0 0 0.832435
7 1 2 1.01722
14 0 0 0.995452
15 0 0 0.88672

3
1 0 5981 0.781452
2 0 0 0.764335
3 0 0 0.914752

3
1 1 1 0.938207
2 0 0 0.934798
3 0 0 0.793616

3
1 2 2 0.843835
2 0 0 0.826038
3 0 0 1.03364

5
1 0 4648 0.845652
2 1 2 0.933775
4 0 0 0.911849
5 0 0 0.992298
3 0 0 0.944449

5
1 0 2109 0.873181
2 0 0 0.811265
3 2 2 1.03579
6 0 0 1.05374
7 0 0 1.01916

3
1 1 2 0.953897
2 0 0 1.0121
3 0 0 0.969878

1
1 0 0 0.80079

1
1 0 0 0.817764

3
1 0 1189 0.850165
2 0 0 1.07638
3 0 0 0.733196

3
1 0 1805 0.877143
2 0 0 0.826017
3 0 0 1.00681

3
1 0 1084 0.915673
2 0 0 0.845288
3 0 0 0.684297

3
1 1 1 0.921296
2 0 0 0.901602
3 0 0 0.790398

3
1 0 71 0.927789
2 0 0 0.957065
3 0 0 0.78069

3
1 1 2 0.906073
2 0 0 0.742977
3 0 0 1.07898

9
1 0 2494 0.98821
2 0 2199 0.864624
4 0 0 0.784517
5 0 0 1.03743
3 0 8548 1.00689
6 0 5895 0.990312
12 0 0 1.11561
13 0 0 0.943535
7 0 0 0.98289

7
1 2 2 0.904049
2 2 1 0.926177
4 0 0 0.931874
5 0 0 0.846002
3 1 2 0.913496
6 0 0 0.867121
7 0 0 0.985663

5
1 2 4 0.871719
2 2 1 0.968355
4 0 0 0.824437
5 0 0 1.06714
3 0 0 0.992886

3
1 1 1 0.870561
2 0 0 1.03135
3 0 0 0.736067

3
1 1 2 0.893839
2 0 0 0.825295
3 0 0 1.00314

3
1 0 5315 0.816146
2 0 0 0.80332
3 0 0 0.973244

3
1 1 2 0.920768
2 0 0 0.888947
3 0 0 1.10659

7
1 0 5433 0.905453
2 0 2753 0.844494
4 2 3 0.834847
8 0 0 0.876186
9 0 0 0.867961
5 0 0 0.974476
3 0 0 0.892491

1
1 0 0 0.791059

3
1 0 8110 0.972774
2 0 0 0.948927
3 0 0 1.0074

3
1 1 2 0.89032
2 0 0 0.821156
3 0 0 1.01936

5
1 0 2942 0.830787
2 0 2009 0.784751
4 0 0 0.867852
5 0 0 0.92219
3 0 0 1.0995

5
1 1 1 0.858606
2 2 4 1.07311
4 0 0 1.13349
5 0 0 0.990575
3 0 0 0.874299

5
1 0 7154 0.836525
2 1 2 0.867706
4 0 0 0.860928
5 0 0 0.909451
3 0 0 1.05175

3
1 0 1961 0.9154
2 0 0 0.768204
3 0 0 0.856824

3
1 1 1 0.890634
2 0 0 0.905218
3 0 0 0.844985

3
1 0 9763 0.745175
2 0 0 0.853148
3 0 0 1.0179

7
1 2 3 0.812044
2 0 0 0.829824
3 1 2 0.92288
6 0 0 1.01918
7 0 5624 0.912834
14 0 0 0.986132
15 0 0 0.909228

3
1 1 1 0.857182
2 0 0 0.993109
3 0 0 0.818391

3
1 1 1 0.866508
2 0 0 0.936882
3 0 0 0.708546

3
1 1 1 0.924675
2 0 0 0.972706
3 0 0 0.870147

11
1 1 2 0.825984
2 0 0 0.735313
3 0 6058 0.971299
6 0 0 1.07535
7 0 9152 1.04744
14 2 3 1.09644
28 0 0 1.00753
29 0 0 0.895131
15 2 3 1.08945
30 0 0 1.04078
31 0 0 1.22585

3
1 1 1 0.841604
2 0 0 0.959723
3 0 0 0.80936

3
1 0 7384 0.822321
2 0 0 0.869902
3 0 0 0.960575

3
1 0 2588 0.965982
2 0 0 0.831696
3 0 0 0.92101

5
1 1 2 0.781652
2 0 1043 0.797394
4 0 0 0.953885
5 0 0 0.834751
3 0 0 0.964736

9
1 1 2 0.859563
2 1 1 0.865692
4 2 2 0.953731
8 0 0 1.03981
9 0 0 0.956555
5 0 0 0.85383
3 0 6045 0.994458
6 0 0 1.03662
7 0 0 0.976426

3
1 0 3956 0.951857
2 0 0 0.771214
3 0 0 0.928034

7
1 2 2 0.923691
2 1 1 0.863689
4 0 0 1.00657
5 0 0 0.766455
3 1 2 0.947532
6 0 0 0.913608
7 0 0 1.00709

1
1 0 0 0.911446

3
1 1 2 0.796655
2 0 0 0.784244
3 0 0 1.00791

3
1 0 880 0.945765
2 0 0 0.962744
3 0 0 0.695986

3
1 1 1 0.919221
2 0 0 1.02704
3 0 0 0.747878

5
1 2 1 0.946936
2 0 0 0.881115
3 0 6884 1.00343
6 0 0 0.93613
7 0 0 0.991503

7
1 0 694 0.87705
2 0 37 1.09891
4 0 0 0.904281
5 0 433 0.971445
10 0 0 0.926307
11 0 0 0.94075
3 0 0 0.819742

3
1 1 1 0.879121
2 0 0 0.934481
3 0 0 0.824603

3
1 1 1 0.83646
2 0 0 0.964509
3 0 0 0.760829

3
1 0 5113 0.812472
2 0 0 0.771742
3 0 0 0.967596

3
1 0 9054 0.880123
2 0 0 0.816496
3 0 0 1.00594

3
1 1 1 0.901469
2 0 0 0.950459
3 0 0 0.767498

1
1 0 0 0.855478

3
1 2 3 0.96165
2 0 0 0.874437
3 0 0 0.941571

5
1 2 3 0.89987
2 0 0 0.881038
3 2 4 0.923321
6 0 0 0.986619
7 0 0 0.933438

3
1 0 6052 0.855785
2 0 0 0.901198
3 0 0 0.844762

3
1 1 1 0.862805
2 0 0 1.09572
3 0 0 0.859158

3
1 1 2 0.879446
2 0 0 0.841538
3 0 0 0.888441

7
1 0 9950 0.839913
2 0 0 0.763822
3 1 1 1.08302
6 0 0 0.992664
7 2 3 0.99471
14 0 0 1.03349
15 0 0 1.10111

1
1 0 0 0.9241

7
1 0 1772 0.829491
2 1 1 0.847379
4 0 0 1.10297
5 0 0 0.817452
3 2 4 0.99941
6 0 0 1.14987
7 0 0 1.05589

1
1 0 0 0.865337

3
1 0 9983 0.711387
2 0 0 0.761861
3 0 0 1.14535

3
1 1 1 0.909686
2 0 0 1.12498
3 0 0 0.802021

3
1 1 1 0.833443
2 0 0 1.06751
3 0 0 0.859409

3
1 1 1 0.859282
2 0 0 0.915173
3 0 0 0.659314

3
1 1 1 0.903777
2 0 0 1.01826
3 0 0 0.829215

3
1 0 9771 0.73084
2 0 0 0.802182
3 0 0 1.10561

3
1 1 1 0.849058
2 0 0 1.00179
3 0 0 0.744509

3
1 1 2 0.901328
2 0 0 0.820902
3 0 0 1.06558

5
1 0 9847 0.823235
2 0 5672 0.882594
4 0 0 0.8106
5 0 0 0.916233
3 0 0 1.07914

3
1 1 2 0.861069
2 0 0 0.876315
3 0 0 1.04028

3
1 1 2 0.87407
2 0 0 0.803114
3 0 0 0.988392

1
1 0 0 0.8808

3
1 1 1 0.851287
2 0 0 1.16864
3 0 0 0.806244

5
1 1 2 0.847241
2 0 0 0.819799
3 0 4961 1.05758
6 0 0 1.12979
7 0 0 1.01644

5
1 1 2 0.777484
2 0 7657 0.853944
4 0 0 0.797403
5 0 0 1.00041
3 0 0 1.07155

5
1 0 7064 0.868891
2 0 591 0.893021
4 0 0 0.958465
5 0 0 0.778077
3 0 0 1.07211

1
1 0 0 0.880019

3
1 0 282 0.698371
2 0 0 1.07588
3 0 0 0.614376

5
1 0 9738 0.782396
2 0 0 0.728967
3 1 2 0.951789
6 0 0 0.902096
7 0 0 0.964362

5
1 0 3263 0.874072
2 0 0 0.734602
3 0 8245 0.911117
6 0 0 0.996184
7 0 0 0.902114

7
1 0 9064 0.928616
2 0 2151 0.950179
4 0 0 0.866638
5 0 0 0.926552
3 2 1 0.882186
6 0 0 0.946051
7 0 0 0.96214

5
1 0 2176 0.885493
2 0 0 0.792598
3 1 1 0.916939
6 0 0 0.915313
7 0 0 0.974845

5
1 1 2 0.833073
2 0 0 0.690891
3 0 8556 0.964346
6 0 0 0.988689
7 0 0 0.968395

3
1 1 2 0.888444
2 0 0 0.832474
3 0 0 1.04869

3
1 0 1064 0.755917
2 0 0 0.975516
3 0 0 0.868349

3
1 1 2 0.85015
2 0 0 0.769844
3 0 0 1.00068

3
1 1 1 0.991871
2 0 0 0.950496
3 0 0 0.739855

5
1 1 1 0.821902
2 2 3 1.00944
4 0 0 0.94891
5 0 0 0.986663
3 0 0 0.634868

3
1 0 3046 0.903844
2 0 0 0.861552
3 0 0 0.947122

3
1 0 286 0.817492
2 0 0 1.07081
3 0 0 0.815981

3
1 0 8422 0.807599
2 0 0 0.761779
3 0 0 0.928458

3
1 2 1 0.944328
2 0 0 0.871904
3 0 0 0.959098

3
1 1 1 0.887127
2 0 0 0.93206
3 0 0 0.842688

5
1 0 6103 0.894672
2 0 953 0.97192
4 0 0 1.05565
5 0 0 0.757356
3 0 0 0.986856

3
1 1 1 0.980627
2 0 0 1.03931
3 0 0 0.824071

3
1 1 1 0.889955
2 0 0 1.0244
3 0 0 0.902348

5
1 2 3 0.862047
2 2 1 0.901925
4 0 0 0.869239
5 0 0 1.00183
3 0 0 1.03294

3
1 1 1 0.918597
2 0 0 1.08655
3 0 0 0.774733

7
1 0 5852 0.915692
2 0 1701 0.956815
4 0 0 0.806042
5 1 1 1.00815
10 0 0 1.07089
11 0 0 0.886889
3 0 0 1.0139

1
1 0 0 0.796286

3
1 0 2109 0.873181
2 0 0 0.73376
3 0 0 0.943679

1
1 0 0 0.904761

3
1 1 2 0.830094
2 0 0 0.805634
3 0 0 0.937325

7
1 1 2 0.904731
2 1 1 0.92118
4 0 0 1.04373
5 0 0 0.993364
3 0 2425 1.00741
6 0 0 0.934986
7 0 0 1.02066

3
1 0 844 0.698006
2 0 0 1.01878
3 0 0 0.834964

3
1 0 1805 0.877143
2 0 0 0.7969
3 0 0 0.990236

5
1 1 2 0.82441
2 0 0 0.675162
3 0 1510 0.882137
6 0 0 0.964425
7 0 0 0.884107

5
1 1 1 0.850143
2 0 2347 0.965144
4 0 0 0.977526
5 0 0 0.957767
3 0 0 0.750367

1
1 0 0 0.856407

1
1 0 0 0.7504

3
1 0 2494 0.98821
2 0 0 0.858345
3 0 0 0.956384

3
1 0 1243 0.925113
2 0 0 1.03202
3 0 0 0.789023

1
1 0 0 0.798255

3
1 1 1 0.876911
2 0 0 0.993837
3 0 0 0.734363

3
1 1 2 0.832951
2 0 0 0.837844
3 0 0 0.912098

5
1 0 9545 0.846675
2 0 0 0.894712
3 0 9644 0.938814
6 0 0 0.934575
7 0 0 0.932791

3
1 1 2 0.920475
2 0 0 0.884356
3 0 0 0.973337

3
1 1 1 0.897163
2 0 0 0.863494
3 0 0 0.764132

5
1 0 8700 0.90002
2 0 2989 1.00705
4 0 0 0.866076
5 0 0 1.07488
3 0 0 1.09357

3
1 0 4538 0.8775
2 0 0 0.815513
3 0 0 1.07585

3
1 1 1 0.876578
2 0 0 1.03663
3 0 0 0.863014

3
1 1 1 0.788373
2 0 0 1.17244
3 0 0 0.866526

5
1 1 2 0.851835
2 0 0 0.971247
3 0 2012 0.991584
6 0 0 0.953884
7 0 0 1.04

3
1 0 1094 0.905444
2 0 0 0.976736
3 0 0 0.692763

3
1 2 4 0.860412
2 0 0 0.870762
3 0 0 0.907451

3
1 1 1 0.890634
2 0 0 1.05072
3 0 0 0.908563

5
1 1 1 0.843272
2 0 0 0.957326
3 0 9385 0.843219
6 0 0 0.825216
7 0 0 0.877377

7
1 2 4 1.03195
2 0 1961 1.01822
4 0 0 0.85326
5 0 4742 0.976897
10 0 0 0.998854
11 0 0 0.966764
3 0 0 1.1341

3
1 2 2 0.888344
2 0 0 0.803712
3 0 0 0.868773

3
1 1 1 0.866508
2 0 0 0.96205
3 0 0 0.848959

3
1 0 8758 0.954457
2 0 0 0.912011
3 0 0 1.00883

5
1 1 2 0.825984
2 1 1 0.799588
4 0 0 0.882126
5 0 0 0.766883
3 0 0 1.01328

5
1 0 9930 0.834239
2 0 961 0.82848
4 0 0 0.842787
5 0 0 0.854327
3 0 0 1.11304

3
1 1 2 0.861777
2 0 0 0.816162
3 0 0 1.02633

3
1 2 4 0.886201
2 0 0 0.848824
3 0 0 0.878238

5
1 0 9419 0.83941
2 0 0 0.827728
3 2 1 1.03908
6 0 0 0.940207
7 0 0 1.06791

3
1 0 3443 0.871927
2 0 0 0.775448
3 0 0 1.14805

1
1 0 0 0.724561

3
1 0 7739 0.875783
2 0 0 0.918584
3 0 0 0.957913

3
1 1 2 0.911446
2 0 0 0.745305
3 0 0 0.96598

3
1 1 2 0.796655
2 0 0 0.802767
3 0 0 0.970805

3
1 1 2 0.804809
2 0 0 0.841161
3 0 0 1.1525

5
1 0 5250 0.881258
2 2 2 0.911775
4 0 0 0.881999
5 0 0 0.961037
3 0 0 1.02055

5
1 1 2 0.916235
2 1 1 0.869372
4 0 0 1.06852
5 0 0 0.812864
3 0 0 1.10211

3
1 0 7849 0.829563
2 0 0 0.772579
3 0 0 1.07012

7
1 1 1 0.879121
2 2 3 1.05159
4 0 0 1.05886
5 0 0 0.972125
3 2 4 0.940562
6 0 0 0.896162
7 0 0 0.995541

5
1 1 1 0.83646
2 0 1103 1.05961
4 0 0 1.07706
5 0 0 1.00686
3 0 0 0.757322

5
1 0 6989 0.77656
2 0 4300 0.832095
4 0 0 0.809363
5 0 0 0.877667
3 0 0 0.978711

1
1 0 0 0.668892

3
1 1 1 0.931882
2 0 0 0.963255
3 0 0 0.822819

3
1 0 9502 0.84451
2 0 0 0.746824
3 0 0 0.930972

7
1 1 2 0.928111
2 0 0 0.834995
3 2 3 0.950949
6 0 3538 0.962698
12 0 0 0.870327
13 0 0 0.985079
7 0 0 0.970348

3
1 1 1 0.908388
2 0 0 1.01025
3 0 0 0.826975

3
1 0 9601 0.875868
2 0 0 0.882088
3 0 0 1.03944

5
1 1 2 0.838702
2 0 0 0.804955
3 0 4736 1.00337
6 0 0 1.08086
7 0 0 0.85632

3
1 1 1 0.841638
2 0 0 1.00968
3 0 0 0.768352

3
1 0 7706 0.893149
2 0 0 0.864683
3 0 0 1.00798

9
1 1 2 0.818271
2 0 0 0.79184
3 2 4 0.946316
6 0 8258 0.997567
12 0 0 0.94362
13 0 0 0.90582
7 0 1010 1.0007
14 0 0 1.02384
15 0 0 0.933981

5
1 0 1772 0.829491
2 1 1 0.887654
4 0 0 1.10678
5 0 0 0.853831
3 0 0 1.04734

3
1 1 1 0.865337
2 0 0 1.18418
3 0 0 0.721939

5
1 0 9666 0.851552
2 0 0 0.817028
3 2 1 1.05788
6 0 0 0.840198
7 0 0 0.93107

3
1 0 9950 0.777504
2 0 0 0.891843
3 0 0 1.11249

5
1 1 1 0.833443
2 2 3 0.993282
4 0 0 1.02079
5 0 0 0.956168
3 0 0 0.780538

1
1 0 0 0.801334

5
1 1 1 0.903777
2 2 3 1.11753
4 0 0 1.07414
5 0 0 1.03819
3 0 0 0.781191

3
1 0 3052 0.864974
2 0 0 0.882018
3 0 0 0.99301

5
1 0 454 0.729706
2 0 0 0.940489
3 1 1 0.821885
6 0 0 1.08628
7 0 0 0.798938

3
1 1 2 0.901328
2 0 0 0.76777
3 0 0 1.02896

1
1 0 0 0.846255

5
1 1 1 0.866938
2 2 1 0.983879
4 0 0 0.985245
5 0 0 0.924189
3 0 0 0.814507

5
1 2 3 0.892885
2 0 0 0.909574
3 0 9902 1.02534
6 0 0 0.983783
7 0 0 1.05644

3
1 0 563 0.818438
2 0 0 1.09481
3 0 0 0.837267

3
1 0 5903 0.779354
2 0 0 0.779672
3 0 0 0.801413

3
1 0 9087 0.827576
2 0 0 0.801156
3 0 0 0.984181

3
1 1 2 0.777484
2 0 0 0.829864
3 0 0 0.949926

5
1 1 1 0.845068
2 2 2 0.990629
4 0 0 0.951468
5 0 0 0.96176
3 0 0 0.780993

3
1 0 6352 0.887082
2 0 0 0.904927
3 0 0 0.869509

9
1 0 282 0.698371
2 2 3 1.08505
4 0 0 1.02866
5 1 1 1.00547
10 0 0 1.07741
11 0 0 1.06499
3 0 879 0.89022
6 0 0 0.967528
7 0 0 0.923876

7
1 0 9151 0.777289
2 1 2 0.834289
4 0 0 0.74555
5 0 0 0.937847
3 0 9256 1.00988
6 0 0 1.07501
7 0 0 0.966034

7
1 2 3 0.927679
2 2 2 0.952778
4 1 1 0.853086
8 0 0 0.929302
9 0 0 0.801783
5 0 0 0.985657
3 0 0 0.867104

3
1 0 9536 0.816559
2 0 0 0.85145
3 0 0 1.00255

5
1 0 2176 0.885493
2 0 0 0.791465
3 2 2 0.991521
6 0 0 1.15929
7 0 0 1.02402

3
1 1 1 0.858884
2 0 0 0.98901
3 0 0 0.894211

3
1 0 8157 0.850479
2 0 0 0.81485
3 0 0 0.936716

3
1 0 298 0.849309
2 0 0 0.96999
3 0 0 0.843739

5
1 0 6586 0.880592
2 0 0 0.866674
3 1 2 0.897858
6 0 0 0.937472
7 0 0 0.858348

5
1 0 9818 0.885448
2 0 0 0.740107
3 2 2 1.12719
6 0 0 1.08053
7 0 0 0.908304

5
1 1 1 0.87036
2 0 0 1.08731
3 0 5297 0.93595
6 0 0 0.864757
7 0 0 0.955088

3
1 0 3898 0.931724
2 0 0 0.78667
3 0 0 1.12317

1
1 0 0 0.842213

1
1 0 0 0.882426

3
1 1 1 0.805886
2 0 0 0.958328
3 0 0 0.800507

5
1 0 263 0.871314
2 0 0 0.957037
3 0 2791 0.910368
6 0 0 0.944072
7 0 0 0.919128

3
1 1 1 0.890287
2 0 0 1.02727
3 0 0 0.779194

5
1 0 7723 0.85151
2 0 0 0.800775
3 0 9716 0.881291
6 0 0 0.87427
7 0 0 0.934462

3
1 1 2 0.846409
2 0 0 0.851851
3 0 0 0.942046

9
1 0 9670 0.946637
2 1 2 0.906434
4 0 0 0.804224
5 0 8004 1.06096
10 0 0 1.07462
11 2 4 1.0079
22 0 0 1.09091
23 0 0 0.958231
3 0 0 1.05879

3
1 1 1 0.918597
2 0 0 1.26119
3 0 0 0.707013

1
1 0 0 0.826494

3
1 0 1944 0.863662
2 0 0 0.708198
3 0 0 1.05563

3
1 1 2 0.883219
2 0 0 0.743896
3 0 0 1.10414

3
1 0 3094 0.86582
2 0 0 0.820341
3 0 0 1.02126

3
1 1 1 0.900194
2 0 0 1.04947
3 0 0 0.786668

3
1 1 2 0.98495
2 0 0 0.797358
3 0 0 0.961869

3
1 2 2 0.946818
2 0 0 0.850016
3 0 0 0.968873

3
1 0 805 0.754759
2 0 0 1.01318
3 0 0 0.720531

3
1 1 2 0.901725
2 0 0 0.822673
3 0 0 0.886289

3
1 1 1 0.850143
2 0 0 0.975471
3 0 0 0.79635

3
1 0 3479 0.929885
2 0 0 0.771167
3 0 0 0.918254

5
1 1 2 0.876335
2 2 1 1.11067
4 0 0 1.03962
5 0 0 1.08662
3 0 0 0.851433

1
1 0 0 0.822327

7
1 0 2566 0.959586
2 0 0 0.801813
3 1 2 0.975018
6 0 4903 0.931645
12 0 0 1.00672
13 0 0 1.00114
7 0 0 0.950262

3
1 1 1 0.822489
2 0 0 0.962876
3 0 0 0.740931

3
1 0 7293 0.878088
2 0 0 0.96834
3 0 0 1.0414

3
1 1 1 0.751012
2 0 0 1.09431
3 0 0 0.782509

1
1 0 0 0.774331

3
1 0 660 0.738272
2 0 0 1.05239
3 0 0 0.765027

3
1 1 2 0.890738
2 0 0 0.823546
3 0 0 0.980039

1
1 0 0 0.798724

3
1 1 1 0.931288
2 0 0 0.998424
3 0 0 0.802775

3
1 1 2 0.833085
2 0 0 0.772027
3 0 0 1.01582

3
1 0 9752 0.876788
2 0 0 0.794376
3 0 0 0.861523

3
1 1 2 1.00451
2 0 0 0.782025
3 0 0 1.07178

3
1 2 4 0.876884
2 0 0 0.900497
3 0 0 0.997429

3
1 0 6028 0.881835
2 0 0 0.826444
3 0 0 0.939948

7
1 1 1 0.890634
2 2 4 1.00206
4 0 0 0.989626
5 0 0 1.02752
3 0 8482 0.864874
6 0 0 0.862015
7 0 0 0.939223

3
1 1 1 0.843272
2 0 0 1.10036
3 0 0 0.859638

5
1 2 4 1.03195
2 0 1961 1.01822
4 0 0 0.844728
5 0 0 1.09546
3 0 0 0.878154

3
1 2 2 0.854411
2 0 0 0.883072
3 0 0 0.931313

3
1 1 1 0.866508
2 0 0 1.06736
3 0 0 0.769487

5
1 0 9626 0.749947
2 0 0 0.804576
3 0 9708 0.960251
6 0 0 1.05883
7 0 0 0.9431

5
1 2 4 0.861786
2 0 9903 0.814857
4 0 0 0.835182
5 0 0 0.936711
3 0 0 0.892753

5
1 0 1637 0.943984
2 0 0 0.8425
3 2 2 1.02915
6 0 0 0.948462
7 0 0 1.01774

3
1 1 2 0.845743
2 0 0 0.842483
3 0 0 0.974237

3
1 2 4 0.90769
2 0 0 0.935829
3 0 0 0.887047

3
1 0 1330 0.792934
2 0 0 1.05514
3 0 0 0.800984

3
1 0 3443 0.871927
2 0 0 0.911414
3 0 0 0.952417

3
1 2 4 0.900513
2 0 0 0.937612
3 0 0 0.977504

3
1 1 1 0.870316
2 0 0 0.940491
3 0 0 0.896466

3
1 0 8786 0.800185
2 0 0 0.717963
3 0 0 0.958781

3
1 1 1 0.948208
2 0 0 0.970193
3 0 0 0.788559

3
1 0 965 0.931227
2 0 0 1.04788
3 0 0 0.763597

5
1 1 2 0.992786
2 0 0 0.893705
3 0 4058 0.980131
6 0 0 0.975107
7 0 0 1.05709

3
1 1 2 0.916235
2 0 0 0.79118
3 0 0 0.855474

5
1 1 1 0.861649
2 0 0 0.981075
3 1 2 0.875651
6 0 0 0.888946
7 0 0 1.04766

3
1 0 1032 0.865405
2 0 0 1.11984
3 0 0 0.904868

1
1 0 0 0.856189

5
1 1 1 0.84324
2 0 0 1.14618
3 1 2 0.868711
6 0 0 0.835801
7 0 0 1.02985

1
1 0 0 0.837903

3
1 0 255 0.829778
2 0 0 1.07356
3 0 0 0.8816

3
1 1 2 0.874888
2 0 0 0.754863
3 0 0 0.937801

3
1 1 2 0.928111
2 0 0 0.872978
3 0 0 1.01765

3
1 1 1 0.908388
2 0 0 1.03513
3 0 0 0.885948

3
1 0 6823 0.814966
2 0 0 0.825459
3 0 0 0.882733

3
1 0 9224 0.796307
2 0 0 0.855583
3 0 0 0.925301

3
1 1 1 0.818959
2 0 0 1.0573
3 0 0 0.765433

3
1 0 1541 0.929541
2 0 0 0.938422
3 0 0 0.764358

3
1 1 2 0.818271
2 0 0 0.874517
3 0 0 0.964085

3
1 2 2 0.80309
2 0 0 0.76679
3 0 0 0.986083

5
1 1 1 0.865337
2 2 1 0.958243
4 0 0 0.964577
5 0 0 0.943459
3 0 0 0.782917

7
1 0 2486 0.924748
2 0 0 0.772072
3 1 1 0.993297
6 0 0 0.929772
7 0 5059 1.03144
14 0 0 1.1202
15 0 0 0.925829

1
1 0 0 0.738605

3
1 0 8277 0.743659
2 0 0 0.753273
3 0 0 0.947559

9
1 0 6548 0.87952
2 0 0 0.812381
3 1 2 0.876312
6 0 0 0.852752
7 2 3 0.994501
14 0 0 1.07666
15 0 9256 0.99781
30 0 0 1.00343
31 0 0 1.06572

3
1 1 1 0.880667
2 0 0 0.926439
3 0 0 0.67815

3
1 0 3052 0.864974
2 0 0 0.798881
3 0 0 0.893509

5
1 0 454 0.729706
2 0 0 1.01136
3 1 1 0.821885
6 0 0 1.05471
7 0 0 0.889608

3
1 1 2 0.901328
2 0 0 0.906936
3 0 0 1.04647

3
1 0 8972 0.840953
2 0 0 0.85871
3 0 0 1.08561

3
1 1 1 0.866938
2 0 0 0.981759
3 0 0 0.755343

5
1 1 1 0.790923
2 0 0 1.17875
3 1 2 0.867725
6 0 0 0.853985
7 0 0 0.912977

3
1 1 2 0.842947
2 0 0 0.759503
3 0 0 0.926606

3
1 2 4 0.783779
2 0 0 0.80779
3 0 0 1.08729

3
1 1 1 0.834454
2 0 0 0.956602
3 0 0 0.79317

5
1 0 8853 0.897646
2 0 0 0.866112
3 2 4 1.09396
6 0 0 1.00223
7 0 0 0.928466

1
1 0 0 0.835778

3
1 0 4157 0.869894
2 0 0 0.761357
3 0 0 0.990759

3
1 0 9489 0.825374
2 0 0 0.83143
3 0 0 0.881975

3
1 2 3 0.824064
2 0 0 0.873
3 0 0 0.906367

9
1 1 2 0.829201
2 0 9129 0.782438
4 0 891 0.795595
8 0 0 0.952356
9 0 0 0.745705
5 0 9150 1.12006
10 0 0 1.03774
11 0 0 0.99639
3 0 0 1.04101

3
1 0 9536 0.816559
2 0 0 0.806723
3 0 0 1.0317

3
1 0 2176 0.885493
2 0 0 0.83113
3 0 0 0.908233

3
1 1 1 0.858884
2 0 0 1.05504
3 0 0 0.714223

3
1 0 8157 0.850479
2 0 0 0.853768
3 0 0 0.949536

5
1 1 1 0.885835
2 0 9882 0.924804
4 0 0 0.98839
5 0 0 0.960825
3 0 0 0.807355

7
1 1 2 0.886003
2 0 0 0.837705
3 0 2375 0.968026
6 2 2 0.978047
12 0 0 1.11688
13 0 0 1.16385
7 0 0 0.998329

3
1 0 9844 0.830254
2 0 0 0.761103
3 0 0 1.0659

3
1 1 1 0.87036
2 0 0 0.929948
3 0 0 0.784624

3
1 2 2 0.930947
2 0 0 0.872012
3 0 0 0.997138

5
1 0 573 0.807913
2 2 1 1.01798
4 0 0 1.04648
5 0 0 0.975322
3 0 0 0.908555

1
1 0 0 0.736262

5
1 1 1 0.805886
2 0 5539 1.08005
4 0 0 1.01509
5 0 0 0.921949
3 0 0 0.81004

5
1 1 2 0.876759
2 1 1 0.907938
4 0 0 1.1272
5 0 0 0.906811
3 0 0 0.94949

5
1 1 1 0.890287
2 0 0 1.09333
3 0 4487 0.833467
6 0 0 0.744102
7 0 0 0.961981

5
1 1 1 0.905349
2 0 0 0.95795
3 2 2 0.879025
6 0 0 0.911914
7 0 0 1.00118

5
1 1 2 0.908988
2 0 0 0.646094
3 0 4429 0.914032
6 0 0 0.868598
7 0 0 1.06683

5
1 0 1206 0.890446
2 1 1 0.978305
4 0 0 1.20637
5 0 0 1.07284
3 0 0 0.765395

3
1 0 2491 0.903836
2 0 0 0.785411
3 0 0 0.92234

5
1 0 712 0.913271
2 0 423 1.0906
4 0 0 1.03386
5 0 0 1.09446
3 0 0 0.856127

3
1 1 1 0.904348
2 0 0 0.949805
3 0 0 0.784294

3
1 2 3 0.907861
2 0 0 0.805535
3 0 0 0.934987

5
1 0 8463 0.864079
2 0 1664 0.946979
4 0 0 0.846702
5 0 0 0.998702
3 0 0 0.94555

3
1 0 627 0.872655
2 0 0 1.05227
3 0 0 0.787133

3
1 0 4449 0.868586
2 0 0 0.826426
3 0 0 1.00003

3
1 1 1 0.887863
2 0 0 1.0669
3 0 0 0.775267

3
1 1 1 0.927681
2 0 0 1.05041
3 0 0 0.759777

3
1 0 8778 0.892835
2 0 0 0.826646
3 0 0 0.988869

3
1 1 2 0.916352
2 0 0 0.8766
3 0 0 0.981657

3
1 2 2 0.962683
2 0 0 0.924693
3 0 0 1.03523

3
1 1 2 0.851886
2 0 0 0.84165
3 0 0 0.950798

5
1 1 2 0.848446
2 0 0 0.7859
3 0 1882 0.950279
6 0 0 0.946601
7 0 0 0.927594

3
1 0 4296 0.993684
2 0 0 0.941416
3 0 0 0.974971

3
1 1 1 0.822489
2 0 0 0.998885
3 0 0 0.829657

5
1 1 1 0.801728
2 0 0 0.99189
3 0 2337 0.913676
6 0 0 0.779987
7 0 0 1.03784

5
1 1 1 0.751012
2 2 1 1.04793
4 0 0 1.03128
5 0 0 0.975488
3 0 0 0.661435

3
1 1 1 0.777739
2 0 0 1.06042
3 0 0 0.774889

3
1 0 409 0.761664
2 0 0 0.991343
3 0 0 0.838138

1
1 0 0 0.808328

3
1 1 2 0.810689
2 0 0 0.861968
3 0 0 0.959252

3
1 1 1 0.931288
2 0 0 0.934583
3 0 0 0.826049

1
1 0 0 0.808262

1
1 0 0 0.826808

3
1 1 1 0.871514
2 0 0 1.0043
3 0 0 0.797518

3
1 1 2 0.845668
2 0 0 0.781339
3 0 0 0.981657

5
1 2 1 0.884929
2 0 0 0.884573
3 0 929 0.884301
6 0 0 1.02433
7 0 0 0.873185

5
1 1 1 0.878363
2 2 3 0.942032
4 0 0 1.00301
5 0 0 0.923438
3 0 0 0.831125

3
1 1 1 0.843272
2 0 0 1.01178
3 0 0 0.739808

5
1 2 4 1.03195
2 0 1961 1.01822
4 0 0 0.702388
5 0 0 0.921669
3 0 0 0.923966

3
1 2 1 0.945161
2 0 0 0.857241
3 0 0 0.913045

3
1 1 1 0.866508
2 0 0 0.953606
3 0 0 0.782637

3
1 0 9529 0.883037
2 0 0 0.896136
3 0 0 1.02476

5
1 0 7992 0.906024
2 0 0 0.861229
3 2 2 1.09802
6 0 0 0.980726
7 0 0 0.985604

3
1 0 507 0.801199
2 0 0 0.941123
3 0 0 0.861658

5
1 1 1 0.884168
2 0 9613 0.918689
4 0 0 1.0212
5 0 0 0.982886
3 0 0 0.890472

5
1 0 315 0.791222
2 1 1 0.99684
4 0 0 0.997429
5 0 0 0.911975
3 0 0 0.805213

3
1 1 2 0.921272
2 0 0 0.76446
3 0 0 0.910524

5
1 0 2315 0.866323
2 0 0 0.84451
3 0 8303 1.0709
6 0 0 1.02958
7 0 0 0.941893

3
1 1 1 0.928701
2 0 0 1.10798
3 0 0 0.986657

5
1 1 1 0.870316
2 0 0 1.02331
3 1 2 0.777689
6 0 0 0.89953
7 0 0 1.00585

1
1 0 0 0.744061

7
1 1 1 0.948208
2 0 0 1.01426
3 0 4738 0.891092
6 1 2 0.90598
12 0 0 0.806187
13 0 0 1.04031
7 0 0 0.967366

3
1 1 2 0.905927
2 0 0 0.706382
3 0 0 0.975569

5
1 2 2 0.891329
2 0 1190 0.854419
4 0 0 1.03609
5 0 0 0.861181
3 0 0 0.956219

3
1 0 9765 0.741729
2 0 0 0.764925
3 0 0 1.12484

3
1 1 1 0.861649
2 0 0 0.990282
3 0 0 0.73471

5
1 1 1 0.836907
2 0 5509 0.997653
4 0 0 0.959942
5 0 0 1.02239
3 0 0 0.952162

3
1 0 3442 0.871101
2 0 0 0.867657
3 0 0 0.98054

3
1 0 571 0.869731
2 0 0 0.920955
3 0 0 0.930394

5
1 1 2 0.92609
2 0 0 0.878466
3 2 3 0.888468
6 0 0 1.02404
7 0 0 0.989833

5
1 1 2 0.85047
2 0 0 0.849813
3 0 529 1.081
6 0 0 0.95642
7 0 0 1.02328

3
1 1 2 0.874888
2 0 0 0.824926
3 0 0 1.00808

3
1 1 2 0.871007
2 0 0 0.773371
3 0 0 0.906962

3
1 2 2 0.880907
2 0 0 0.966941
3 0 0 0.887385

3
1 1 1 0.890692
2 0 0 1.09614
3 0 0 0.837469

3
1 1 2 0.92409
2 0 0 0.794545
3 0 0 0.976148

3
1 1 1 0.776393
2 0 0 1.01784
3 0 0 0.733695

3
1 1 2 0.789975
2 0 0 0.824225
3 0 0 0.893595

3
1 0 1014 0.910546
2 0 0 0.986474
3 0 0 0.782084

1
1 0 0 0.954011

3
1 1 1 0.865337
2 0 0 1.04703
3 0 0 0.767747

3
1 0 2486 0.924748
2 0 0 0.875504
3 0 0 1.05799

3
1 0 8231 0.759573
2 0 0 0.764085
3 0 0 1.09672

3
1 1 1 0.778878
2 0 0 0.956423
3 0 0 0.806056

3
1 0 9370 0.750418
2 0 0 0.768475
3 0 0 0.910079

3
1 0 8106 0.96664
2 0 0 0.867571
3 0 0 0.981301

3
1 0 3749 0.956675
2 0 0 0.73952
3 0 0 0.952756

3
1 0 9581 0.747453
2 0 0 0.785604
3 0 0 1.06598

7
1 1 2 0.901328
2 0 0 0.84254
3 0 1640 0.871658
6 0 0 1.05384
7 2 1 0.889336
14 0 0 1.00334
15 0 0 0.980251

5
1 0 8137 0.810024
2 2 2 0.85617
4 0 0 0.852004
5 0 0 0.875796
3 0 0 0.936577

3
1 1 2 0.800101
2 0 0 0.74475
3 0 0 0.946944

5
1 0 6395 0.870037
2 0 0 0.737066
3 0 9484 0.973141
6 0 0 0.966258
7 0 0 1.02272

3
1 0 6202 0.846249
2 0 0 0.836281
3 0 0 0.932319

3
1 1 1 0.850303
2 0 0 1.04166
3 0 0 0.721422

3
1 1 1 0.834454
2 0 0 1.00749
3 0 0 0.792225

11
1 0 3624 0.8306
2 0 1895 0.881191
4 0 0 0.874805
5 0 0 0.922737
3 0 9568 0.999232
6 0 7253 1.02962
12 0 0 1.03444
13 0 0 0.964266
7 2 1 0.961588
14 0 0 0.991299
15 0 0 1.11862

3
1 1 1 0.85123
2 0 0 1.01713
3 0 0 0.836147

3
1 0 2143 0.912753
2 0 0 0.82386
3 0 0 0.988226

1
1 0 0 0.792347

3
1 0 787 0.922637
2 0 0 0.94561
3 0 0 0.800189

5
1 1 2 0.829201
2 0 4555 0.827158
4 0 0 0.821343
5 0 0 0.853683
3 0 0 0.967476

3
1 1 2 0.839455
2 0 0 0.872402
3 0 0 1.11332

7
1 0 9787 0.892394
2 2 2 0.841694
4 0 0 0.780068
5 0 0 0.871031
3 2 3 0.95865
6 0 0 1.12678
7 0 0 1.03354

3
1 0 19 0.839333
2 0 0 1.0968
3 0 0 0.830374

3
1 1 1 0.946635
2 0 0 1.02392
3 0 0 0.708167

5
1 0 339 0.746444
2 1 2 1.01604
4 0 0 0.993978
5 0 0 0.98267
3 0 0 0.750353

3
1 0 2365 0.797557
2 0 0 0.753224
3 0 0 0.930085

3
1 0 974 0.789579
2 0 0 0.963068
3 0 0 0.808871

3
1 2 3 0.903563
2 0 0 0.903749
3 0 0 1.0174

3
1 0 817 0.839354
2 0 0 0.997607
3 0 0 0.761541

3
1 1 1 0.885135
2 0 0 0.946516
3 0 0 0.826495

1
1 0 0 0.854166

3
1 2 3 0.84174
2 0 0 0.856185
3 0 0 0.865006

3
1 0 5559 0.833389
2 0 0 0.874314
3 0 0 0.918561

5
1 1 1 0.890287
2 0 0 0.932952
3 0 9659 0.840162
6 0 0 0.796282
7 0 0 1.04334

3
1 0 4065 0.885029
2 0 0 0.725236
3 0 0 1.01822

3
1 2 2 0.926573
2 0 0 0.853917
3 0 0 0.965871

3
1 2 3 0.877361
2 0 0 0.889948
3 0 0 0.884982

3
1 0 2491 0.903836
2 0 0 0.923882
3 0 0 1.07839

3
1 0 472 0.741913
2 0 0 0.963465
3 0 0 0.751892

1
1 0 0 0.757036

3
1 0 2744 0.863456
2 0 0 0.78598
3 0 0 1.10933

3
1 1 1 0.840937
2 0 0 1.00805
3 0 0 0.820325

1
1 0 0 0.788414

3
1 1 1 0.875977
2 0 0 1.03435
3 0 0 0.879995

9
1 1 2 0.926494
2 0 0 0.851979
3 0 4741 0.962887
6 0 947 1.01718
12 0 0 0.961962
13 0 4693 1.07074
26 0 0 0.935418
27 0 0 0.843904
7 0 0 0.981649

3
1 2 4 0.865558
2 0 0 0.803096
3 0 0 0.982315

3
1 0 990 0.843244
2 0 0 0.994548
3 0 0 0.836971

3
1 0 8116 0.838812
2 0 0 0.884485
3 0 0 0.971922

3
1 0 6794 0.814131
2 0 0 0.789676
3 0 0 0.834045

5
1 1 2 0.851886
2 0 0 0.817184
3 2 2 0.934628
6 0 0 0.925445
7 0 0 0.928031

3
1 2 2 0.892452
2 0 0 0.890593
3 0 0 0.938602

3
1 0 739 0.924821
2 0 0 0.895601
3 0 0 0.778702

3
1 1 1 0.822489
2 0 0 1.12606
3 0 0 0.723312

5
1 1 1 0.801728
2 0 0 1.04803
3 1 2 1.01594
6 0 0 0.872252
7 0 0 0.963655

3
1 0 5587 0.859123
2 0 0 0.973096
3 0 0 1.04123

1
1 0 0 0.871014

3
1 0 8505 0.889722
2 0 0 0.833098
3 0 0 0.983223

3
1 1 1 0.816586
2 0 0 1.01293
3 0 0 0.899111

1
1 0 0 0.751022

3
1 1 1 0.931288
2 0 0 1.12746
3 0 0 0.899675

5
1 1 1 0.833163
2 0 8352 0.964991
4 0 0 0.942534
5 0 0 0.841592
3 0 0 0.786142

3
1 0 9831 0.748738
2 0 0 0.754453
3 0 0 1.06612

5
1 1 1 0.871514
2 0 0 0.927429
3 1 2 0.834466
6 0 0 0.813296
7 0 0 1.00762

1
1 0 0 0.777445

5
1 1 2 0.878935
2 1 1 0.797906
4 0 0 0.836568
5 0 0 0.755392
3 0 0 1.08086

3
1 1 1 0.878363
2 0 0 0.892928
3 0 0 0.741088

3
1 2 4 0.842855
2 0 0 0.819485
3 0 0 1.00637

5
1 2 4 1.03195
2 0 1961 1.01822
4 0 0 0.90881
5 0 0 1.06036
3 0 0 0.960611

5
1 0 648 0.935729
2 2 3 1.14223
4 0 0 1.05764
5 0 0 0.876814
3 0 0 0.81243

3
1 1 2 0.823382
2 0 0 0.906672
3 0 0 0.951728

3
1 0 642 0.897286
2 0 0 1.00238
3 0 0 0.883903

5
1 0 7992 0.906024
2 1 1 0.796902
4 0 0 0.982118
5 0 0 0.796392
3 0 0 0.938809

3
1 1 1 0.903362
2 0 0 1.10957
3 0 0 0.895579

3
1 1 1 0.833577
2 0 0 1.15656
3 0 0 0.866521

3
1 1 1 0.813576
2 0 0 0.946678
3 0 0 0.790027

3
1 0 2288 0.844597
2 0 0 0.834256
3 0 0 0.948003

3
1 0 8804 0.825929
2 0 0 0.812189
3 0 0 0.963402

1
1 0 0 0.764303

7
1 1 1 0.870316
2 2 3 1.02634
4 0 7444 1.01919
8 0 0 1.00443
9 0 0 1.06516
5 0 0 0.936012
3 0 0 0.857027

3
1 1 1 0.902116
2 0 0 1.14173
3 0 0 0.798535

3
1 1 1 0.868681
2 0 0 0.941343
3 0 0 0.809649

3
1 1 2 0.905927
2 0 0 0.745669
3 0 0 0.928097

5
1 2 3 0.954994
2 0 4386 0.977139
4 0 0 0.893108
5 0 0 0.983807
3 0 0 1.03151

3
1 2 2 0.913718
2 0 0 0.840082
3 0 0 0.903273

3
1 1 2 0.805363
2 0 0 0.737145
3 0 0 0.923729

3
1 1 2 0.84093
2 0 0 0.88783
3 0 0 0.944322

9
1 0 2084 0.910931
2 0 1189 0.91491
4 0 0 1.09717
5 0 0 0.74804
3 2 4 0.993877
6 0 6362 1.06462
12 0 0 1.03457
13 0 0 1.06641
7 0 0 0.821603

3
1 1 2 0.832249
2 0 0 0.799927
3 0 0 1.05857

5
1 0 4942 0.983818
2 0 0 0.845296
3 2 3 1.04551
6 0 0 1.0136
7 0 0 1.08733

3
1 1 1 0.933835
2 0 0 0.990943
3 0 0 0.938817

1
1 0 0 0.66697

3
1 1 2 0.871007
2 0 0 0.794318
3 0 0 1.01269

3
1 1 2 0.857169
2 0 0 0.862441
3 0 0 1.01714

3
1 1 1 0.942492
2 0 0 0.927345
3 0 0 0.924946

3
1 1 1 0.906683
2 0 0 1.02223
3 0 0 0.800803

3
1 2 1 0.891349
2 0 0 0.911235
3 0 0 1.08062

1
1 0 0 0.782178

5
1 0 7329 0.837198
2 0 5335 0.79123
4 0 0 0.801473
5 0 0 0.972767
3 0 0 1.01823

3
1 1 2 0.859268
2 0 0 0.738668
3 0 0 1.00721

3
1 1 2 0.839362
2 0 0 0.798901
3 0 0 0.954596

3
1 1 1 0.833077
2 0 0 0.946203
3 0 0 0.873015

3
1 1 1 0.901396
2 0 0 1.0243
3 0 0 0.792969

5
1 0 8454 0.861851
2 0 0 0.912186
3 2 4 0.937095
6 0 0 0.991888
7 0 0 0.91105

1
1 0 0 0.800292

3
1 0 3406 0.846721
2 0 0 0.98482
3 0 0 1.01979

3
1 1 2 0.88978
2 0 0 0.908856
3 0 0 0.951192

3
1 1 2 0.856087
2 0 0 0.764666
3 0 0 0.957583

3
1 0 498 0.843704
2 0 0 0.934367
3 0 0 0.908862

7
1 0 2595 0.837334
2 0 2338 0.760135
4 0 96 0.697589
8 0 0 0.969468
9 0 0 0.710398
5 0 0 1.01462
3 0 0 0.925682

7
1 0 9531 0.850879
2 0 0 0.76363
3 2 1 1.00425
6 0 0 0.864678
7 0 9986 0.96948
14 0 0 1.07577
15 0 0 1.00087

3
1 1 1 0.876066
2 0 0 0.975399
3 0 0 0.84115

3
1 0 6202 0.846249
2 0 0 0.786034
3 0 0 0.969303

3
1 1 1 0.850303
2 0 0 0.855697
3 0 0 0.821539

3
1 1 1 0.834454
2 0 0 0.94674
3 0 0 0.836012

3
1 1 1 0.789966
2 0 0 0.977428
3 0 0 0.714524

3
1 1 1 0.85123
2 0 0 0.963974
3 0 0 0.861083

3
1 0 2143 0.912753
2 0 0 0.82561
3 0 0 1.03588

3
1 1 1 0.82391
2 0 0 1.01912
3 0 0 0.745994

3
1 1 2 0.820683
2 0 0 0.742119
3 0 0 1.06511

3
1 1 1 0.870076
2 0 0 1.08702
3 0 0 0.822227

3
1 1 2 0.736365
2 0 0 0.746173
3 0 0 0.95145

7
1 2 1 0.903951
2 0 5320 0.851291
4 0 0 0.821709
5 0 0 1.1226
3 1 1 1.01912
6 0 0 1.00531
7 0 0 0.959026

1
1 0 0 0.783863

3
1 0 7704 0.908709
2 0 0 0.828124
3 0 0 0.867988

5
1 1 1 0.778507
2 0 0 1.14625
3 0 6992 0.76433
6 0 0 0.855274
7 0 0 1.09888

1
1 0 0 0.709792

3
1 0 932 0.902961
2 0 0 0.982005
3 0 0 0.812995

3
1 0 9568 0.827544
2 0 0 0.799183
3 0 0 1.03872

3
1 1 2 0.840885
2 0 0 0.719722
3 0 0 1.02731

3
1 1 1 0.885135
2 0 0 1.13181
3 0 0 0.861651

3
1 1 1 0.850303
2 0 0 0.945208
3 0 0 0.816742

3
1 1 2 0.80002
2 0 0 0.85272
3 0 0 0.952323

1
1 0 0 0.766565

3
1 1 1 0.82331
2 0 0 1.05415
3 0 0 0.71483

1
1 0 0 0.772954

7
1 2 1 0.939557
2 0 0 0.808224
3 1 1 1.02348
6 0 0 0.948365
7 0 4146 0.927588
14 0 0 0.919245
15 0 0 0.89428

5
1 2 3 0.892621
2 0 0 0.96631
3 0 803 0.999028
6 0 0 1.09917
7 0 0 1.02706

3
1 0 2491 0.903836
2 0 0 0.748732
3 0 0 1.02101

3
1 0 1270 0.746155
2 0 0 1.00312
3 0 0 0.784225

3
1 1 1 0.879249
2 0 0 1.07997
3 0 0 0.868362

5
1 1 2 0.842569
2 1 1 0.841721
4 0 0 0.925578
5 0 0 0.787011
3 0 0 0.995472

3
1 0 3002 0.885531
2 0 0 0.895779
3 0 0 0.871693

5
1 0 1815 0.906828
2 1 2 0.805576
4 0 0 0.861403
5 0 0 0.93456
3 0 0 0.95288

3
1 1 1 0.875977
2 0 0 1.02259
3 0 0 0.778824

3
1 0 8452 0.830187
2 0 0 0.787833
3 0 0 0.929921

5
1 2 4 0.818521
2 0 0 0.87262
3 0 8534 0.987694
6 0 0 0.876197
7 0 0 0.973371

1
1 0 0 0.811349

3
1 0 9702 0.838865
2 0 0 0.800753
3 0 0 1.13311

3
1 1 2 0.840256
2 0 0 0.860795
3 0 0 0.967329

5
1 0 5076 0.927988
2 2 1 0.960369
4 0 0 0.966276
5 0 0 0.942141
3 0 0 0.97495

5
1 0 520 0.792798
2 0 0 1.03503
3 1 1 0.872544
6 0 0 1.09465
7 0 0 0.81072

3
1 0 739 0.924821
2 0 0 0.915925
3 0 0 0.750403

5
1 1 1 0.822489
2 0 9245 1.0196
4 0 0 1.03124
5 0 0 1.02791
3 0 0 0.699243

5
1 1 2 0.884651
2 0 0 0.793978
3 2 3 0.963406
6 0 0 1.04997
7 0 0 0.888459

3
1 0 9588 0.714891
2 0 0 0.742338
3 0 0 1.01128

5
1 0 1955 0.894663
2 0 0 0.817054
3 1 1 1.02002
6 0 0 0.973335
7 0 0 1.09982

3
1 0 5700 0.894656
2 0 0 0.782743
3 0 0 0.950957

1
1 0 0 0.828526

3
1 0 8905 0.870482
2 0 0 0.830875
3 0 0 0.941166

5
1 1 1 0.931288
2 0 0 1.06043
3 1 2 0.874132
6 0 0 0.841766
7 0 0 1.12499

3
1 1 1 0.93336
2 0 0 1.13602
3 0 0 0.847368

1
1 0 0 0.856246

3
1 0 3153 0.916915
2 0 0 0.866289
3 0 0 0.935619

5
1 1 2 0.854272
2 0 0 0.890131
3 2 3 0.933834
6 0 0 0.943384
7 0 0 1.05565

9
1 0 6252 0.845841
2 0 251 0.824535
4 0 0 0.943655
5 0 0 0.796095
3 2 4 0.972957
6 0 0 0.927848
7 0 9102 0.940365
14 0 0 1.06353
15 0 0 0.971734

3
1 0 7423 0.838288
2 0 0 0.88543
3 0 0 1.04118

1
1 0 0 0.692669

7
1 2 4 1.03195
2 0 1961 1.01822
4 0 0 0.697648
5 0 0 1.08355
3 0 8030 0.833572
6 0 0 1.09797
7 0 0 0.847687

3
1 1 2 0.870671
2 0 0 0.877636
3 0 0 0.922667

3
1 0 9867 0.790409
2 0 0 0.77359
3 0 0 0.964499

3
1 0 7422 0.904155
2 0 0 0.882878
3 0 0 0.925962

3
1 0 998 0.747658
2 0 0 1.03597
3 0 0 0.791096

5
1 0 4842 0.922274
2 0 0 0.932767
3 2 3 0.955833
6 0 0 0.994483
7 0 0 0.966329

5
1 1 1 0.833577
2 0 9711 1.08929
4 0 0 1.09342
5 0 0 1.01979
3 0 0 0.737453

3
1 1 1 0.813576
2 0 0 1.06622
3 0 0 0.781669

3
1 0 7548 0.910899
2 0 0 0.891839
3 0 0 0.837992

3
1 1 1 0.83258
2 0 0 1.04433
3 0 0 0.827902

1
1 0 0 0.770193

3
1 1 1 0.870316
2 0 0 1.09243
3 0 0 0.676729

5
1 1 1 0.902116
2 2 3 1.0018
4 0 0 1.01249
5 0 0 1.02647
3 0 0 0.807223

5
1 0 878 0.825089
2 0 0 0.941247
3 0 9546 0.910175
6 0 0 0.812213
7 0 0 1.07759

3
1 1 2 0.904366
2 0 0 0.971208
3 0 0 0.890848

1
1 0 0 0.976205

3
1 2 1 0.905702
2 0 0 0.909768
3 0 0 0.946057

3
1 1 2 0.963924
2 0 0 0.768808
3 0 0 0.984354

5
1 1 1 0.899642
2 0 0 1.11047
3 2 3 0.856673
6 0 0 0.87296
7 0 0 0.936417

7
1 0 8096 0.914339
2 1 1 0.941023
4 0 7866 0.980458
8 0 0 0.948334
9 0 0 1.03424
5 0 0 0.821675
3 0 0 0.814907

5
1 0 9767 0.867676
2 0 0 0.869351
3 2 1 0.98228
6 0 0 1.02579
7 0 0 1.00316

3
1 1 1 0.889835
2 0 0 1.0651
3 0 0 0.813075

3
1 1 2 0.92659
2 0 0 0.710963
3 0 0 0.935007

5
1 1 1 0.770257
2 0 0 1.15885
3 0 3744 0.871006
6 0 0 0.924077
7 0 0 1.05218

3
1 1 2 0.871007
2 0 0 0.797376
3 0 0 1.14859

3
1 1 2 0.857169
2 0 0 0.820189
3 0 0 0.999611

3
1 0 4146 0.911588
2 0 0 0.839877
3 0 0 1.03002

3
1 1 2 0.915966
2 0 0 0.776055
3 0 0 0.922348

3
1 0 5870 0.859382
2 0 0 0.904336
3 0 0 0.918239

3
1 1 2 0.838866
2 0 0 0.85054
3 0 0 1.02552

3
1 0 3919 0.845941
2 0 0 0.8441
3 0 0 1.01022

1
1 0 0 0.822903

1
1 0 0 0.847776

3
1 1 2 0.853029
2 0 0 0.895597
3 0 0 1.04707

1
1 0 0 0.664077

3
1 1 2 0.85503
2 0 0 0.859677
3 0 0 0.992385

3
1 1 2 0.827872
2 0 0 0.876902
3 0 0 0.927057

3
1 0 3406 0.846721
2 0 0 0.817267
3 0 0 0.907573

3
1 2 3 0.872032
2 0 0 0.815642
3 0 0 0.967374

3
1 0 2761 0.934892
2 0 0 0.874239
3 0 0 0.970447

5
1 1 2 0.896745
2 1 1 0.874163
4 0 0 0.960943
5 0 0 0.840098
3 0 0 0.990473

1
1 0 0 0.825604

3
1 0 1253 0.87746
2 0 0 1.03241
3 0 0 0.811491

3
1 1 2 0.930282
2 0 0 0.853519
3 0 0 0.986816

3
1 0 3952 0.923015
2 0 0 0.798789
3 0 0 0.946133

5
1 2 4 0.957478
2 0 2062 0.938344
4 0 0 0.793494
5 0 0 1.11092
3 0 0 1.00701

3
1 1 1 0.853329
2 0 0 0.983242
3 0 0 0.787473

1
1 0 0 0.802424

1
1 0 0 0.847857

3
1 2 1 0.835735
2 0 0 0.787697
3 0 0 0.906042

5
1 1 1 0.82391
2 2 2 0.999177
4 0 0 0.881962
5 0 0 0.917152
3 0 0 0.777232

3
1 1 2 0.826279
2 0 0 0.715019
3 0 0 1.0285

3
1 1 1 0.870076
2 0 0 1.11868
3 0 0 0.795478

3
1 1 2 0.736365
2 0 0 0.870445
3 0 0 0.876716

5
1 0 5699 0.891922
2 1 2 0.892196
4 0 0 0.84352
5 0 0 0.928377
3 0 0 0.976673

3
1 1 1 0.835609
2 0 0 0.871616
3 0 0 0.844581

3
1 1 2 0.799219
2 0 0 0.770824
3 0 0 1.09557

3
1 1 1 0.778507
2 0 0 0.857577
3 0 0 0.917065

1
1 0 0 0.756861

1
1 0 0 0.887213

1
1 0 0 0.719211

3
1 0 3748 0.853223
2 0 0 0.639468
3 0 0 0.91472

1
1 0 0 0.712123

3
1 1 1 0.87124
2 0 0 1.11811
3 0 0 0.76723

3
1 2 1 0.979417
2 0 0 0.877666
3 0 0 1.09586

7
1 0 4348 0.917171
2 2 4 0.836799
4 1 1 0.832968
8 0 0 0.928726
9 0 0 0.917236
5 0 0 0.990765
3 0 0 1.02439

3
1 1 1 0.932794
2 0 0 0.981663
3 0 0 0.851713

1
1 0 0 0.71654

3
1 1 1 0.88802
2 0 0 1.14143
3 0 0 0.734041

3
1 2 3 0.854873
2 0 0 0.822473
3 0 0 0.9388

1
1 0 0 0.777896

7
1 0 1856 0.921889
2 0 0 0.794868
3 0 3541 0.920325
6 1 1 1.03403
12 0 0 1.04939
13 0 0 0.923513
7 0 0 0.865981

3
1 0 770 0.86492
2 0 0 1.0816
3 0 0 0.836422

3
1 1 2 0.891139
2 0 0 0.916892
3 0 0 0.892319

3
1 0 2646 0.894234
2 0 0 0.98808
3 0 0 0.948651

3
1 0 1815 0.906828
2 0 0 0.753146
3 0 0 0.973297

3
1 0 913 0.82682
2 0 0 1.03856
3 0 0 0.768113

3
1 0 371 0.864779
2 0 0 1.04591
3 0 0 0.793554

3
1 1 1 0.82767
2 0 0 0.943502
3 0 0 0.823304

3
1 1 1 0.853717
2 0 0 1.0431
3 0 0 0.783188

3
1 2 4 0.955293
2 0 0 0.930583
3 0 0 1.0732

5
1 2 4 0.857917
2 0 0 0.895777
3 1 2 0.917559
6 0 0 0.837695
7 0 0 0.919915

7
1 2 3 0.932513
2 0 0 0.785145
3 0 870 0.881221
6 0 618 1.02098
12 0 0 1.04428
13 0 0 1.12089
7 0 0 0.758176

1
1 0 0 0.787625

3
1 0 2361 0.928928
2 0 0 0.854013
3 0 0 0.932662

7
1 1 1 0.822489
2 0 8507 1.10561
4 0 0 0.977324
5 2 4 1.04324
10 0 0 0.991904
11 0 0 1.07525
3 0 0 0.885704

3
1 0 5308 0.888436
2 0 0 0.864248
3 0 0 1.03323

3
1 1 2 0.842289
2 0 0 0.81427
3 0 0 1.03793

3
1 1 1 0.88203
2 0 0 0.941377
3 0 0 0.81215

3
1 0 5700 0.894656
2 0 0 0.857623
3 0 0 0.990362

1
1 0 0 0.826848

5
1 1 1 0.788279
2 2 1 0.963933
4 0 0 1.03635
5 0 0 0.887155
3 0 0 0.68428

5
1 1 1 0.931288
2 0 0 1.04684
3 1 2 0.874132
6 0 0 0.726539
7 0 0 0.946075

3
1 1 1 0.93336
2 0 0 0.956873
3 0 0 0.854747

1
1 0 0 0.764416

3
1 1 2 0.91507
2 0 0 0.805988
3 0 0 0.925604

3
1 2 4 0.848712
2 0 0 0.970729
3 0 0 0.94845

3
1 0 1499 1.00829
2 0 0 0.96483
3 0 0 1.04215

3
1 1 2 0.84049
2 0 0 0.779253
3 0 0 1.07226

3
1 0 670 0.795668
2 0 0 1.0478
3 0 0 0.734429

7
1 2 4 1.03195
2 0 1961 1.01822
4 0 0 0.855745
5 0 0 0.976694
3 1 2 0.988105
6 0 0 0.970513
7 0 0 1.12345

3
1 0 7674 0.860097
2 0 0 0.815504
3 0 0 1.04235

1
1 0 0 0.791895

3
1 0 2855 0.919758
2 0 0 0.861611
3 0 0 1.00174

3
1 1 2 0.848579
2 0 0 0.850728
3 0 0 0.934796

3
1 0 4842 0.922274
2 0 0 0.861413
3 0 0 0.942589

3
1 1 1 0.82168
2 0 0 1.1474
3 0 0 0.778893

3
1 1 1 0.813576
2 0 0 1.0859
3 0 0 0.807921

5
1 1 2 0.860877
2 0 0 0.766592
3 2 1 0.982263
6 0 0 0.97293
7 0 0 0.972946

3
1 0 8716 0.853283
2 0 0 0.829253
3 0 0 0.946732

3
1 0 9772 0.828297
2 0 0 0.796432
3 0 0 0.970489

3
1 1 1 0.870316
2 0 0 1.02359
3 0 0 0.85805

1
1 0 0 0.7564

3
1 0 4448 0.905757
2 0 0 0.7901
3 0 0 0.874814

3
1 1 1 0.873024
2 0 0 1.14195
3 0 0 0.774466

3
1 1 2 0.866799
2 0 0 0.795457
3 0 0 0.94683

3
1 1 1 0.881847
2 0 0 0.970126
3 0 0 0.854559

1
1 0 0 0.93568

3
1 0 4922 0.87114
2 0 0 0.881249
3 0 0 0.848143

3
1 0 9550 0.768017
2 0 0 0.75525
3 0 0 0.990961

3
1 1 1 0.932221
2 0 0 1.1688
3 0 0 0.670651

1
1 0 0 0.812811

1
1 0 0 0.848085

3
1 1 1 0.770257
2 0 0 1.06582
3 0 0 0.817973

7
1 1 1 0.868795
2 2 3 1.08449
4 0 0 1.0353
5 0 936 0.955814
10 0 0 1.07579
11 0 0 0.987933
3 0 0 0.849221

5
1 0 4218 0.836169
2 0 2603 0.854154
4 0 0 0.849277
5 0 0 1.09699
3 0 0 1.10641

3
1 1 1 0.885518
2 0 0 1.04619
3 0 0 0.824206

7
1 1 2 0.915966
2 0 0 0.830894
3 0 771 1.03763
6 0 0 1.16914
7 0 7681 1.02129
14 0 0 1.05011
15 0 0 1.0213

5
1 1 1 0.854276
2 0 0 0.978915
3 1 2 0.875876
6 0 0 0.831744
7 0 0 1.08716

3
1 0 5864 0.880428
2 0 0 0.882066
3 0 0 0.987698

3
1 1 1 0.906877
2 0 0 0.875174
3 0 0 0.845368

3
1 1 1 0.890686
2 0 0 0.985074
3 0 0 0.704179

3
1 0 5268 0.879112
2 0 0 0.908956
3 0 0 1.03181

3
1 1 2 0.853029
2 0 0 0.901712
3 0 0 0.975917

7
1 1 1 0.811183
2 0 3842 1.04424
4 0 0 0.937977
5 0 0 1.04645
3 1 2 0.912216
6 0 0 0.856965
7 0 0 0.978881

1
1 0 0 0.745171

5
1 1 2 0.867207
2 0 743 0.852557
4 0 0 1.10211
5 0 0 0.879217
3 0 0 0.944412

3
1 1 2 0.948119
2 0 0 0.823094
3 0 0 1.12285

3
1 2 1 0.909304
2 0 0 0.911604
3 0 0 1.14901

5
1 0 437 0.787467
2 2 2 0.901654
4 0 0 0.92077
5 0 0 0.916132
3 0 0 0.698761

5
1 1 2 0.893121
2 0 0 0.778449
3 0 6415 1.02837
6 0 0 1.01397
7 0 0 1.06184

7
1 2 2 0.961455
2 0 0 0.929944
3 0 5465 1.00133
6 2 3 1.13771
12 0 0 1.15254
13 0 0 1.11613
7 0 0 0.945778

3
1 1 2 0.854219
2 0 0 0.792555
3 0 0 0.985899

5
1 1 2 0.930282
2 0 0 0.891553
3 2 2 1.03188
6 0 0 1.03998
7 0 0 1.0662

3
1 0 1100 0.805742
2 0 0 0.94591
3 0 0 0.821392

9
1 2 4 0.957478
2 0 2062 0.938344
4 0 0 0.837869
5 2 1 1.00831
10 0 0 0.982973
11 0 0 0.960128
3 0 8521 0.901767
6 0 0 0.883866
7 0 0 0.947791

5
1 1 1 0.853329
2 0 0 0.972182
3 1 2 0.873421
6 0 0 0.795361
7 0 0 1.07327

3
1 0 2018 0.843181
2 0 0 0.876747
3 0 0 1.14472

3
1 0 2516 0.873258
2 0 0 0.886601
3 0 0 1.04961

5
1 0 6063 0.850137
2 0 0 0.831982
3 1 1 0.939836
6 0 0 0.987135
7 0 0 0.972855

3
1 0 9144 0.775266
2 0 0 0.841889
3 0 0 0.956576

5
1 0 571 0.736445
2 0 0 0.957169
3 0 9890 0.734596
6 0 0 0.713808
7 0 0 1.02995

5
1 0 6195 0.902522
2 1 2 0.964348
4 0 0 0.782896
5 0 0 1.00924
3 0 0 0.896179

3
1 0 4310 0.874245
2 0 0 0.784053
3 0 0 0.903779

1
1 0 0 0.749572

5
1 0 9334 0.797759
2 0 0 0.893821
3 2 2 0.994195
6 0 0 1.06574
7 0 0 0.9202

5
1 0 241 0.743225
2 0 69 0.999288
4 0 0 0.997443
5 0 0 1.12861
3 0 0 0.815134

3
1 1 2 0.821962
2 0 0 0.783362
3 0 0 1.03931

1
1 0 0 0.74637

7
1 0 8357 0.867918
2 1 1 0.85141
4 0 5865 1.07617
8 0 0 1.07733
9 0 0 0.968221
5 0 0 0.897716
3 0 0 0.889503

3
1 1 2 0.831619
2 0 0 0.762029
3 0 0 0.978605

3
1 1 2 0.826802
2 0 0 0.820413
3 0 0 0.913878

1
1 0 0 0.793161

3
1 1 2 0.810911
2 0 0 0.732593
3 0 0 0.907217

3
1 1 1 0.871808
2 0 0 0.974125
3 0 0 0.766998

5
1 0 215 0.86277
2 2 2 1.0176
4 0 0 1.01883
5 0 0 0.947807
3 0 0 0.629585

3
1 0 1028 0.8043
2 0 0 1.19984
3 0 0 0.85198

3
1 1 1 0.934434
2 0 0 0.97534
3 0 0 0.774147

3
1 1 1 0.88802
2 0 0 1.0217
3 0 0 0.801936

3
1 2 4 0.830145
2 0 0 0.972453
3 0 0 0.865515

3
1 2 1 0.804496
2 0 0 0.874454
3 0 0 0.797386

5
1 0 2622 0.923654
2 0 0 0.715926
3 1 1 1.00055
6 0 0 0.991353
7 0 0 1.00423

1
1 0 0 0.817341

5
1 0 2274 0.905964
2 0 0 0.872829
3 1 2 0.977336
6 0 0 0.977144
7 0 0 0.940201

9
1 1 2 0.905774
2 0 8823 0.816582
4 1 1 0.868365
8 0 0 1.00697
9 0 0 0.836372
5 0 0 0.976734
3 0 5555 1.00964
6 0 0 1.0645
7 0 0 0.961444

5
1 0 1815 0.906828
2 0 0 0.783512
3 0 7210 0.98603
6 0 0 0.995666
7 0 0 0.905022

3
1 0 913 0.82682
2 0 0 1.07107
3 0 0 0.76973

5
1 2 2 0.813484
2 0 9114 0.840377
4 0 0 0.830753
5 0 0 1.0158
3 0 0 1.03001

3
1 1 2 0.869974
2 0 0 0.802989
3 0 0 0.98229

3
1 0 12 0.709366
2 0 0 0.980965
3 0 0 0.665904

3
1 1 1 0.853824
2 0 0 0.98605
3 0 0 0.785835

3
1 1 1 0.855542
2 0 0 0.90374
3 0 0 0.747512

3
1 0 4056 0.881333
2 0 0 0.920095
3 0 0 0.888397

3
1 2 2 0.865864
2 0 0 0.848697
3 0 0 0.969746

3
1 0 7811 0.920184
2 0 0 0.776953
3 0 0 0.960987

7
1 1 2 0.864084
2 2 2 0.86569
4 0 6230 0.856851
8 0 0 0.876138
9 0 0 1.06671
5 0 0 0.944594
3 0 0 1.02537

3
1 1 1 0.932258
2 0 0 1.02045
3 0 0 0.787107

3
1 0 2182 0.848247
2 0 0 0.866971
3 0 0 0.855149

3
1 1 1 0.88203
2 0 0 0.970188
3 0 0 0.84619

3
1 0 5700 0.894656
2 0 0 0.861991
3 0 0 0.964413

3
1 1 2 0.838835
2 0 0 0.881452
3 0 0 1.02529

3
1 1 1 0.788279
2 0 0 0.946673
3 0 0 0.822392

1
1 0 0 0.85783

3
1 1 1 0.93336
2 0 0 0.965193
3 0 0 0.771028

3
1 1 1 0.903027
2 0 0 0.991549
3 0 0 0.724903

5
1 1 1 0.875159
2 0 1270 0.983779
4 0 0 0.922172
5 0 0 1.04361
3 0 0 0.877602

3
1 0 7935 0.794197
2 0 0 0.809117
3 0 0 0.854641

5
1 0 1884 0.955403
2 0 1034 0.92508
4 0 0 1.03567
5 0 0 0.817324
3 0 0 1.01115

3
1 1 2 0.84049
2 0 0 0.841899
3 0 0 1.03791

3
1 1 1 0.930268
2 0 0 1.01805
3 0 0 0.739172

1
1 0 0 0.772719

3
1 0 3059 0.862596
2 0 0 0.863754
3 0 0 1.00015

3
1 0 4708 0.877092
2 0 0 0.890877
3 0 0 1.00117

3
1 1 2 0.874941
2 0 0 0.681783
3 0 0 0.959333

3
1 1 1 0.830072
2 0 0 0.976772
3 0 0 0.719629

3
1 1 1 0.856986
2 0 0 1.0019
3 0 0 0.796588

3
1 0 573 0.806262
2 0 0 0.957782
3 0 0 0.804239

3
1 1 1 0.903391
2 0 0 0.934758
3 0 0 0.868533

3
1 1 2 0.860877
2 0 0 0.778691
3 0 0 0.999921

1
1 0 0 0.950746

1
1 0 0 0.790562

1
1 0 0 0.934833

3
1 1 2 0.861031
2 0 0 0.848234
3 0 0 1.05034

3
1 1 1 0.89155
2 0 0 0.911191
3 0 0 0.882517

3
1 1 2 0.935966
2 0 0 0.781895
3 0 0 0.985727

5
1 0 256 0.779179
2 0 108 0.929892
4 0 0 0.934073
5 0 0 0.921263
3 0 0 0.752979

5
1 0 6029 0.880309
2 0 0 0.817654
3 0 7390 0.971038
6 0 0 1.02371
7 0 0 0.89408

3
1 0 9674 0.804899
2 0 0 0.838341
3 0 0 1.07962

3
1 1 2 0.906877
2 0 0 0.767659
3 0 0 0.951189

3
1 0 8842 0.821813
2 0 0 0.815178
3 0 0 0.902345

1
1 0 0 0.891069

3
1 0 1674 0.932508
2 0 0 0.925427
3 0 0 1.00441

3
1 1 1 0.908608
2 0 0 0.945188
3 0 0 0.872302

3
1 1 1 0.770257
2 0 0 0.947326
3 0 0 0.641022

3
1 1 1 0.868795
2 0 0 0.95376
3 0 0 0.752361

3
1 1 1 0.874132
2 0 0 0.93711
3 0 0 0.806355

3
1 0 7921 0.875938
2 0 0 0.834745
3 0 0 0.967452

7
1 1 2 0.915966
2 1 1 0.824222
4 0 0 0.974334
5 0 0 0.76569
3 0 8916 1.04833
6 0 0 1.12897
7 0 0 1.00544

7
1 0 5805 0.850721
2 0 0 0.933694
3 1 2 0.979537
6 0 9216 0.949647
12 0 0 1.02168
13 0 0 1.03134
7 0 0 1.01592

3
1 1 1 1.00053
2 0 0 0.939368
3 0 0 0.826122

3
1 1 1 0.867334
2 0 0 1.05968
3 0 0 0.78647

3
1 0 2495 0.946859
2 0 0 0.893882
3 0 0 1.07507

5
1 1 1 0.915467
2 0 2498 0.994727
4 0 0 1.05578
5 0 0 0.80965
3 0 0 0.757877

3
1 0 6665 0.912764
2 0 0 0.935612
3 0 0 0.969885

3
1 1 1 0.811183
2 0 0 1.04486
3 0 0 0.715295

5
1 2 2 0.950336
2 2 1 0.930691
4 0 0 0.887092
5 0 0 0.98855
3 0 0 1.01937

3
1 1 2 0.867207
2 0 0 0.88747
3 0 0 0.939618

3
1 2 4 0.879209
2 0 0 0.842102
3 0 0 0.927941

3
1 1 1 0.911153
2 0 0 0.968122
3 0 0 0.923445

5
1 0 6110 0.887941
2 0 939 0.924979
4 0 0 0.998225
5 0 0 0.829658
3 0 0 1.0609

1
1 0 0 0.799474

3
1 1 1 0.899462
2 0 0 1.01689
3 0 0 0.776033

5
1 2 4 0.905574
2 0 3946 0.871935
4 0 0 0.810134
5 0 0 0.912088
3 0 0 0.960849

3
1 1 2 0.930282
2 0 0 0.811912
3 0 0 0.971812

3
1 1 1 0.852899
2 0 0 1.07312
3 0 0 0.895618

3
1 2 4 0.897132
2 0 0 0.826579
3 0 0 0.950666

7
1 0 177 0.83946
2 2 4 1.00586
4 0 0 1.04624
5 0 0 1.06675
3 1 2 0.865914
6 0 0 0.815303
7 0 0 1.03979

3
1 0 4632 0.905259
2 0 0 0.833298
3 0 0 1.0596

3
1 0 2516 0.873258
2 0 0 0.839904
3 0 0 1.03924

3
1 2 1 0.941422
2 0 0 0.874766
3 0 0 1.01747

5
1 0 1883 0.856999
2 0 0 0.833445
3 0 4110 1.01062
6 0 0 1.088
7 0 0 1.01882

3
1 0 3130 0.935401
2 0 0 0.831048
3 0 0 1.02852

7
1 0 3377 0.817281
2 0 1360 0.896965
4 0 0 1.1167
5 0 0 0.81804
3 0 7973 0.989163
6 0 0 0.963321
7 0 0 1.0835

3
1 0 2325 0.891058
2 0 0 0.887707
3 0 0 0.914899

3
1 0 7344 0.905738
2 0 0 0.839063
3 0 0 0.952145

5
1 0 1206 0.778865
2 1 2 1.01963
4 0 0 0.993934
5 0 0 1.24559
3 0 0 0.752933

5
1 0 2002 0.944942
2 0 0 0.783135
3 2 1 1.1219
6 0 0 0.952819
7 0 0 1.11012

3
1 1 1 0.908779
2 0 0 0.975583
3 0 0 0.797233

7
1 1 1 0.927601
2 0 310 1.04978
4 0 0 1.00889
5 0 0 1.00944
3 2 3 0.887287
6 0 0 0.865135
7 0 0 0.958451

5
1 2 2 0.915832
2 0 0 1.05109
3 2 3 0.995528
6 0 0 1.02521
7 0 0 0.971814

3
1 1 1 0.873705
2 0 0 1.04429
3 0 0 0.784018

5
1 1 2 0.826802
2 0 0 0.886657
3 2 3 0.897257
6 0 0 0.94526
7 0 0 0.996725

5
1 0 953 0.865045
2 0 0 0.968937
3 0 9707 0.738491
6 0 0 0.737762
7 0 0 0.929755

1
1 0 0 0.83425

3
1 0 7602 0.908876
2 0 0 0.875233
3 0 0 0.952137

1
1 0 0 0.702279

1
1 0 0 0.844571

3
1 2 1 0.893089
2 0 0 0.72673
3 0 0 0.857472

3
1 1 2 0.751524
2 0 0 0.753729
3 0 0 0.939076

1
1 0 0 0.753994

3
1 1 2 0.843166
2 0 0 0.848188
3 0 0 1.05115

3
1 0 819 0.825222
2 0 0 0.822191
3 0 0 0.806672

3
1 1 1 0.765839
2 0 0 1.17623
3 0 0 0.795182

3
1 0 4183 0.884302
2 0 0 0.822509
3 0 0 0.894591

3
1 1 2 0.905774
2 0 0 0.81293
3 0 0 1.0844

3
1 1 2 0.857664
2 0 0 0.829968
3 0 0 0.986068

3
1 1 1 0.875541
2 0 0 0.942514
3 0 0 0.734672

3
1 1 2 0.876975
2 0 0 0.828009
3 0 0 0.966018

5
1 0 5149 0.877234
2 0 4098 0.818882
4 0 0 0.771689
5 0 0 1.09692
3 0 0 1.00089

1
1 0 0 0.813266

3
1 1 1 0.853824
2 0 0 0.985091
3 0 0 0.806404

3
1 2 4 0.913111
2 0 0 0.905496
3 0 0 0.984209

7
1 0 2851 0.943592
2 0 0 0.870649
3 2 4 1.04561
6 0 0 1.00132
7 1 2 0.884335
14 0 0 0.964403
15 0 0 0.91339

5
1 1 1 0.816544
2 2 1 0.980239
4 0 0 1.08454
5 0 0 1.00928
3 0 0 0.757739

1
1 0 0 0.762302

3
1 1 2 0.875904
2 0 0 0.879274
3 0 0 0.992189

5
1 1 2 0.862215
2 0 0 0.749951
3 2 2 0.966112
6 0 0 0.899937
7 0 0 1.08178

1
1 0 0 0.752236

3
1 1 1 0.88203
2 0 0 0.96892
3 0 0 0.829766

3
1 1 1 0.897635
2 0 0 1.00875
3 0 0 0.679034

5
1 0 944 0.782307
2 1 2 0.961877
4 0 0 0.965532
5 0 0 1.02954
3 0 0 0.807011

5
1 1 2 0.848408
2 0 0 0.809737
3 0 3126 0.972828
6 0 0 0.850867
7 0 0 0.912118

7
1 1 2 0.933952
2 1 1 0.913836
4 0 0 1.06786
5 0 0 0.880508
3 2 4 0.952363
6 0 0 1.08368
7 0 0 0.960165

5
1 0 4533 0.859229
2 0 0 0.854064
3 0 9859 1.05363
6 0 0 0.995329
7 0 0 1.02521

3
1 0 4640 0.840871
2 0 0 0.817013
3 0 0 0.978956

3
1 0 8339 0.806946
2 0 0 0.767719
3 0 0 0.904052

5
1 2 2 0.87067
2 0 0 0.852656
3 2 4 0.95574
6 0 0 0.900539
7 0 0 0.949302

3
1 0 1884 0.955403
2 0 0 0.759871
3 0 0 0.968786

3
1 2 2 0.897545
2 0 0 0.85798
3 0 0 1.0414

3
1 1 1 0.930268
2 0 0 1.00659
3 0 0 0.857274

5
1 1 1 0.844798
2 0 0 1.07352
3 0 440 0.856774
6 0 0 0.903469
7 0 0 0.912607

3
1 0 3059 0.862596
2 0 0 0.804648
3 0 0 0.92356

3
1 0 103 0.79528
2 0 0 0.948327
3 0 0 0.806535

5
1 1 2 0.793982
2 0 0 0.820166
3 0 4848 0.907243
6 0 0 1.01954
7 0 0 0.917422

3
1 1 1 0.830072
2 0 0 0.938136
3 0 0 0.650047

5
1 1 1 0.856986
2 2 3 0.964879
4 0 0 1.07619
5 0 0 1.03342
3 0 0 0.777721

3
1 2 4 0.835574
2 0 0 0.787685
3 0 0 0.824366

3
1 0 715 0.776587
2 0 0 0.977825
3 0 0 0.80853

7
1 1 2 0.860877
2 0 0 0.936343
3 2 4 0.982464
6 0 0 1.03728
7 0 2867 1.01941
14 0 0 1.01899
15 0 0 0.89465

3
1 1 1 0.93361
2 0 0 0.986315
3 0 0 0.852766

1
1 0 0 0.807561

3
1 0 63 0.872755
2 0 0 0.979582
3 0 0 0.837232

3
1 0 1916 0.844452
2 0 0 0.73071
3 0 0 1.00416

1
1 0 0 0.700231

3
1 1 2 0.935966
2 0 0 0.800464
3 0 0 0.951737

3
1 1 2 0.883109
2 0 0 0.819315
3 0 0 1.04866

7
1 2 3 1.04222
2 0 3412 1.0104
4 0 882 0.943341
8 0 0 1.03754
9 0 0 0.905417
5 0 0 1.06023
3 0 0 0.863866

5
1 1 1 0.83259
2 0 0 1.11355
3 1 2 0.89474
6 0 0 0.847263
7 0 0 0.951589

7
1 2 1 0.861632
2 1 2 0.812839
4 0 0 0.884845
5 0 0 0.995545
3 1 2 0.92191
6 0 0 0.903143
7 0 0 1.04004

3
1 1 1 0.897724
2 0 0 0.999162
3 0 0 0.800268

1
1 0 0 0.759982

5
1 0 6837 0.879569
2 0 0 0.841757
3 2 2 1.01163
6 0 0 1.02724
7 0 0 0.885439

3
1 1 2 0.765338
2 0 0 0.728559
3 0 0 0.91901

3
1 0 7137 0.921245
2 0 0 0.870932
3 0 0 0.915714

5
1 2 4 0.897446
2 0 0 0.878972
3 1 1 1.06857
6 0 0 1.02219
7 0 0 0.91144

3
1 1 1 0.874132
2 0 0 1.03417
3 0 0 0.763626

3
1 2 3 0.927423
2 0 0 0.868324
3 0 0 0.965738

3
1 0 451 0.797033
2 0 0 1.0134
3 0 0 0.742171

3
1 1 2 0.797436
2 0 0 0.817324
3 0 0 0.916684

3
1 0 7987 0.902387
2 0 0 0.754243
3 0 0 0.957789

5
1 1 1 0.867334
2 0 9789 1.06608
4 0 0 1.11312
5 0 0 1.00017
3 0 0 0.700807

3
1 1 1 0.900733
2 0 0 0.905161
3 0 0 0.768763

5
1 0 986 0.949403
2 0 228 0.941475
4 0 0 1.11088
5 0 0 0.930381
3 0 0 0.972429

7
1 2 2 0.845803
2 0 9305 0.868846
4 0 0 0.968085
5 0 0 0.931742
3 1 2 0.96236
6 0 0 0.9213
7 0 0 1.02951

3
1 2 3 0.963503
2 0 0 0.899489
3 0 0 1.02616

1
1 0 0 0.856332

5
1 0 8478 0.949795
2 0 0 0.816664
3 0 9823 1.0218
6 0 0 0.951221
7 0 0 1.08937

5
1 0 1980 0.886927
2 0 0 0.846359
3 0 9365 0.966279
6 0 0 0.999475
7 0 0 0.989199

3
1 1 1 0.911153
2 0 0 1.02618
3 0 0 0.827842

3
1 0 6110 0.887941
2 0 0 0.852782
3 0 0 0.962959

3
1 0 7512 0.844634
2 0 0 0.893254
3 0 0 1.14853

3
1 0 316 0.774949
2 0 0 1.12609
3 0 0 0.874601

5
1 1 2 0.859496
2 0 0 0.763952
3 0 7503 0.964683
6 0 0 0.924261
7 0 0 1.01909

3
1 1 1 0.947801
2 0 0 1.01712
3 0 0 0.81426

3
1 1 1 0.852899
2 0 0 1.03083
3 0 0 0.791204

3
1 1 2 0.871538
2 0 0 0.763125
3 0 0 0.939224

5
1 0 96 0.78566
2 0 0 1.12276
3 1 2 0.918562
6 0 0 0.790172
7 0 0 1.04255

3
1 0 8703 0.864322
2 0 0 0.845652
3 0 0 0.934639

3
1 1 1 0.934599
2 0 0 1.06409
3 0 0 0.930075

1
1 0 0 0.841337

5
1 0 1883 0.856999
2 0 660 0.903296
4 0 0 1.05455
5 0 0 0.871341
3 0 0 1.11723

7
1 0 3130 0.935401
2 2 4 0.881565
4 0 0 0.835945
5 0 785 1.07123
10 0 0 1.02167
11 0 0 1.17003
3 0 0 1.10096

3
1 0 2424 0.878564
2 0 0 0.922057
3 0 0 1.12659

3
1 1 1 0.930745
2 0 0 0.974235
3 0 0 0.800749

1
1 0 0 0.894034

3
1 0 1206 0.778865
2 0 0 0.960133
3 0 0 0.860049

3
1 0 2002 0.944942
2 0 0 0.780572
3 0 0 1.07364

3
1 1 1 0.908779
2 0 0 1.06386
3 0 0 0.942078

7
1 1 1 0.927601
2 0 9648 1.05103
4 0 0 0.997533
5 0 0 0.936922
3 1 2 0.963427
6 0 0 0.790863
7 0 0 0.965593

3
1 2 2 0.819513
2 0 0 0.800723
3 0 0 0.964968

3
1 1 1 0.873705
2 0 0 0.96485
3 0 0 0.760215

3
1 1 2 0.90343
2 0 0 0.827392
3 0 0 1.05612

1
1 0 0 0.808909

3
1 0 1696 0.891369
2 0 0 0.812912
3 0 0 0.884915

5
1 2 2 0.925048
2 1 1 0.893248
4 0 0 0.991834
5 0 0 0.852616
3 0 0 0.933721

5
1 1 1 0.876453
2 0 3555 0.99446
4 0 0 1.13978
5 0 0 1.0091
3 0 0 0.911381

15
1 1 2 0.846815
2 0 0 0.825014
3 2 2 0.983431
6 0 6692 1.00831
12 0 0 1.00513
13 0 0 0.983177
7 2 3 1.03004
14 0 5179 1.05099
28 0 0 1.11504
29 0 0 1.01574
15 0 175 1.04637
30 2 4 1.14056
60 0 0 1.01667
61 0 0 1.03686
31 0 0 1.00665

3
1 0 1447 0.850072
2 0 0 0.832824
3 0 0 1.04656

1
1 0 0 0.798753

5
1 0 8046 0.857203
2 0 0 0.832951
3 1 1 1.10309
6 0 0 0.988153
7 0 0 0.983839

5
1 1 2 0.843166
2 0 430 0.883639
4 0 0 1.1561
5 0 0 0.861567
3 0 0 0.91469

9
1 0 1977 0.844613
2 0 211 0.84218
4 2 2 1.11004
8 0 0 1.19619
9 0 0 0.96882
5 0 0 0.853297
3 0 5773 0.962713
6 0 0 0.958672
7 0 0 1.04252

3
1 0 733 0.838039
2 0 0 1.08858
3 0 0 0.776392

3
1 1 1 0.882772
2 0 0 0.889476
3 0 0 0.74459

3
1 1 2 0.905774
2 0 0 0.700925
3 0 0 0.879571

3
1 0 805 0.966057
2 0 0 1.03727
3 0 0 0.744078

3
1 1 1 0.890437
2 0 0 1.13918
3 0 0 0.799526

3
1 0 346 0.818449
2 0 0 0.910533
3 0 0 0.872611

5
1 1 2 0.842419
2 1 1 0.827398
4 0 0 0.91549
5 0 0 0.726546
3 0 0 0.95096

3
1 1 1 0.873595
2 0 0 0.967929
3 0 0 0.825852

3
1 2 4 0.834484
2 0 0 0.852016
3 0 0 1.05998

5
1 0 9427 0.882678
2 0 63 0.883934
4 0 0 0.964834
5 0 0 0.888603
3 0 0 0.937477

1
1 0 0 0.791163

3
1 1 2 0.836909
2 0 0 0.765663
3 0 0 0.900159

3
1 0 916 1.01731
2 0 0 1.05938
3 0 0 0.784525

3
1 2 1 0.889425
2 0 0 0.827617
3 0 0 0.925193

3
1 1 1 0.89389
2 0 0 0.91477
3 0 0 0.794176

5
1 1 1 0.836499
2 0 0 0.96439
3 1 2 0.929927
6 0 0 0.781866
7 0 0 1.07155

3
1 0 8082 0.822223
2 0 0 0.767921
3 0 0 0.916636

5
1 1 1 0.897635
2 0 0 0.990087
3 1 2 0.967178
6 0 0 0.868861
7 0 0 1.14059

5
1 0 566 0.736593
2 1 1 1.16676
4 0 0 1.09923
5 0 0 0.955286
3 0 0 0.774848

3
1 1 2 0.848408
2 0 0 0.741749
3 0 0 0.88612

3
1 0 964 0.849326
2 0 0 1.08625
3 0 0 0.869369

3
1 0 9721 0.809636
2 0 0 0.848181
3 0 0 0.974053

1
1 0 0 0.761658

3
1 1 1 0.863492
2 0 0 0.993701
3 0 0 0.795091

1
1 0 0 0.848424

5
1 0 1884 0.955403
2 1 2 0.8982
4 0 0 0.855117
5 0 0 1.07
3 0 0 0.902138

3
1 1 1 0.865099
2 0 0 0.980034
3 0 0 0.756128

3
1 1 1 0.930268
2 0 0 1.16503
3 0 0 0.957866

3
1 2 2 0.848743
2 0 0 0.878237
3 0 0 0.876349

3
1 1 1 0.886377
2 0 0 1.03619
3 0 0 0.845764

5
1 2 4 0.963436
2 0 2464 1.01385
4 0 0 0.788851
5 0 0 0.998814
3 0 0 0.945232

5
1 1 2 0.793982
2 0 0 0.886333
3 2 2 1.03095
6 0 0 1.0681
7 0 0 1.0154

3
1 1 2 0.834017
2 0 0 0.78085
3 0 0 0.928327

3
1 1 1 0.856986
2 0 0 1.04321
3 0 0 0.848428

3
1 0 9931 0.735337
2 0 0 0.848196
3 0 0 0.98041

3
1 0 715 0.776587
2 0 0 1.00213
3 0 0 0.871656

3
1 0 8274 0.777072
2 0 0 0.893783
3 0 0 0.898575

1
1 0 0 0.823368

3
1 0 8141 0.964815
2 0 0 0.710694
3 0 0 0.948361

3
1 1 1 0.780454
2 0 0 1.00499
3 0 0 0.822742

3
1 1 1 0.915318
2 0 0 0.98195
3 0 0 0.702479

3
1 1 1 0.902415
2 0 0 1.00234
3 0 0 0.662921

3
1 2 1 0.912538
2 0 0 0.914349
3 0 0 1.01065

3
1 1 2 0.883109
2 0 0 0.684317
3 0 0 1.00158

3
1 0 5109 0.914114
2 0 0 0.924956
3 0 0 0.980486

3
1 1 2 0.881062
2 0 0 0.8363
3 0 0 0.949379

3
1 0 5302 0.913766
2 0 0 0.684539
3 0 0 1.02463

3
1 0 3610 0.942233
2 0 0 0.77109
3 0 0 1.0974

3
1 0 4921 0.90838
2 0 0 0.780591
3 0 0 0.971921

5
1 2 2 0.854183
2 2 1 0.833317
4 0 0 0.874617
5 0 0 1.09571
3 0 0 0.987471

3
1 1 1 0.823234
2 0 0 0.851258
3 0 0 0.749604

3
1 1 1 0.845885
2 0 0 0.981121
3 0 0 0.740311

5
1 1 2 0.840504
2 0 0 0.822326
3 0 2162 0.927546
6 0 0 1.14364
7 0 0 0.91106

3
1 1 1 0.874132
2 0 0 0.925199
3 0 0 0.835052

3
1 1 2 0.884216
2 0 0 0.771359
3 0 0 1.05873

3
1 0 401 0.802489
2 0 0 0.936975
3 0 0 0.791879

5
1 0 962 0.829181
2 0 495 1.07174
4 0 0 1.17435
5 0 0 0.875778
3 0 0 0.839904

5
1 0 1093 0.823583
2 0 0 0.994592
3 0 9666 0.874545
6 0 0 0.86036
7 0 0 0.980277

1
1 0 0 0.751969

3
1 1 1 0.900733
2 0 0 0.96185
3 0 0 0.752846

1
1 0 0 0.865567

7
1 0 3692 0.844431
2 1 1 0.816588
4 0 0 0.892436
5 0 0 0.736974
3 0 8959 0.921387
6 0 0 0.89815
7 0 0 0.976596

3
1 1 2 0.952727
2 0 0 0.734604
3 0 0 0.949081

1
1 0 0 0.895159

3
1 0 4202 0.946903
2 0 0 0.92469
3 0 0 1.05433

5
1 0 9516 0.87944
2 0 1089 0.894362
4 0 0 1.06175
5 0 0 0.743221
3 0 0 1.09241

9
1 0 3909 0.874073
2 0 1833 0.908317
4 1 1 0.867659
8 0 0 0.975938
9 0 0 0.797894
5 2 4 1.11488
10 0 0 1.04827
11 0 0 1.01078
3 0 0 0.993372

5
1 0 5503 0.869116
2 0 0 0.929004
3 0 9321 1.06116
6 0 0 1.0163
7 0 0 1.01852

5
1 1 1 0.879677
2 0 0 1.04164
3 0 9940 0.811322
6 0 0 0.805419
7 0 0 0.911558

3
1 0 9967 0.931797
2 0 0 0.873864
3 0 0 0.933171

3
1 0 516 0.849847
2 0 0 1.05456
3 0 0 0.860997

3
1 1 1 0.947801
2 0 0 1.09825
3 0 0 0.855524

3
1 1 1 0.852899
2 0 0 1.05318
3 0 0 0.726814

1
1 0 0 0.905114

1
1 0 0 0.809643

3
1 0 7958 0.811992
2 0 0 0.841129
3 0 0 1.12401

1
1 0 0 0.80163

5
1 1 1 0.79505
2 0 2495 0.906141
4 0 0 0.941969
5 0 0 0.922171
3 0 0 0.874369

3
1 2 1 0.880862
2 0 0 0.902219
3 0 0 0.915035

3
1 0 3536 0.861505
2 0 0 0.867054
3 0 0 0.990325

5
1 0 2424 0.878564
2 1 1 0.795334
4 0 0 1.01616
5 0 0 0.897585
3 0 0 0.937056

3
1 0 5313 0.863614
2 0 0 0.853733
3 0 0 1.02713

1
1 0 0 0.899365

3
1 1 1 0.898745
2 0 0 1.03089
3 0 0 0.807072

1
1 0 0 0.909088

3
1 0 3043 0.919181
2 0 0 0.861071
3 0 0 1.01228

3
1 1 1 0.927601
2 0 0 0.949326
3 0 0 0.800704

5
1 1 2 0.844219
2 0 0 0.872609
3 0 3645 0.97724
6 0 0 0.938641
7 0 0 0.923673

3
1 1 1 0.873212
2 0 0 0.967011
3 0 0 0.913564

5
1 1 2 0.90343
2 0 0 0.884713
3 0 903 1.04572
6 0 0 1.05987
7 0 0 1.00776

3
1 0 7827 0.813961
2 0 0 0.823015
3 0 0 0.879409

1
1 0 0 0.876227

1
1 0 0 0.747274

3
1 1 2 0.813561
2 0 0 0.78686
3 0 0 0.912198

5
1 1 1 0.879126
2 0 0 1.15215
3 1 2 0.986285
6 0 0 0.965017
7 0 0 1.04421

3
1 2 4 0.882286
2 0 0 0.776656
3 0 0 0.961645

1
1 0 0 0.866689

3
1 2 1 0.857999
2 0 0 0.883751
3 0 0 0.898309

3
1 1 1 0.979953
2 0 0 0.928938
3 0 0 0.950917

5
1 0 3729 0.855424
2 0 0 1.00672
3 1 2 0.983534
6 0 0 0.997839
7 0 0 1.0475

7
1 0 8315 0.873982
2 2 4 0.87935
4 0 0 0.88312
5 0 0 0.91066
3 0 9536 1.03041
6 0 0 1.03192
7 0 0 1.08347

3
1 1 1 0.953505
2 0 0 1.06935
3 0 0 0.862767

3
1 1 2 0.905774
2 0 0 0.790835
3 0 0 0.904014

3
1 0 6814 0.840995
2 0 0 0.754059
3 0 0 1.01459

3
1 1 1 0.788581
2 0 0 0.952501
3 0 0 0.889664

3
1 1 1 0.779465
2 0 0 1.01209
3 0 0 0.779746

3
1 1 2 0.842419
2 0 0 0.820565
3 0 0 1.01456

3
1 1 1 0.873595
2 0 0 0.967299
3 0 0 0.798092

7
1 0 164 0.883259
2 0 0 1.00312
3 1 1 0.893488
6 0 5425 0.988832
12 0 0 1.0969
13 0 0 1.0428
7 0 0 0.910618

3
1 0 496 0.73648
2 0 0 1.05118
3 0 0 0.658771

3
1 1 1 0.82182
2 0 0 1.00065
3 0 0 0.755939

5
1 1 2 0.836402
2 0 0 0.785953
3 2 3 1.02123
6 0 0 0.99231
7 0 0 1.03919

3
1 1 1 0.856064
2 0 0 0.932849
3 0 0 0.798159

3
1 0 2669 0.820016
2 0 0 0.796574
3 0 0 0.941457

3
1 1 1 0.799625
2 0 0 1.11102
3 0 0 0.763721

3
1 0 350 0.876196
2 0 0 1.025
3 0 0 0.754667

3
1 1 2 0.868496
2 0 0 0.732055
3 0 0 1.04253

1
1 0 0 0.856556

5
1 0 566 0.736593
2 2 3 0.96181
4 0 0 1.00433
5 0 0 0.888781
3 0 0 0.779142

3
1 0 3557 0.950508
2 0 0 0.714418
3 0 0 0.927893

3
1 0 1896 0.860942
2 0 0 0.891843
3 0 0 0.974015

1
1 0 0 0.795601

3
1 0 8479 0.823618
2 0 0 0.803433
3 0 0 1.11678

3
1 1 1 0.852514
2 0 0 1.02065
3 0 0 0.883648

1
1 0 0 0.817364

3
1 1 1 0.781432
2 0 0 1.01335
3 0 0 0.812743

3
1 1 1 0.920698
2 0 0 0.972369
3 0 0 0.751786

3
1 1 1 0.930268
2 0 0 0.952711
3 0 0 0.684107

5
1 0 822 0.955605
2 2 4 1.08316
4 0 0 0.967366
5 0 0 1.1445
3 0 0 0.815813

5
1 1 2 0.845941
2 0 0 0.734833
3 0 7176 1.00394
6 0 0 1.0713
7 0 0 1.01946

7
1 1 2 0.822018
2 1 1 0.824863
4 0 0 0.944859
5 0 0 0.805517
3 0 7638 0.948962
6 0 0 0.935075
7 0 0 1.10768

3
1 2 2 0.912084
2 0 0 0.761532
3 0 0 0.914958

3
1 1 1 0.895092
2 0 0 1.10425
3 0 0 0.860601

3
1 0 1305 0.812787
2 0 0 0.977789
3 0 0 0.760619

3
1 0 1792 0.838681
2 0 0 0.827105
3 0 0 1.17315

3
1 0 8671 0.843531
2 0 0 0.926212
3 0 0 0.992844

3
1 0 911 0.780989
2 0 0 1.03916
3 0 0 0.821586

3
1 1 1 0.918251
2 0 0 0.978384
3 0 0 0.872781

3
1 1 2 0.869975
2 0 0 0.936849
3 0 0 0.987072

5
1 1 2 0.901496
2 0 0 0.719219
3 2 3 1.15181
6 0 0 0.904817
7 0 0 1.05403

3
1 0 1823 0.888064
2 0 0 0.911384
3 0 0 0.819742

3
1 0 7208 0.879924
2 0 0 0.895462
3 0 0 1.0576

5
1 1 1 0.913422
2 0 0 1.05421
3 1 2 0.866257
6 0 0 0.801093
7 0 0 1.00226

5
1 1 2 0.883109
2 0 0 0.754428
3 0 130 0.94484
6 0 0 0.968354
7 0 0 0.909406

3
1 1 1 0.873804
2 0 0 1.07417
3 0 0 0.925123

3
1 0 6652 0.887913
2 0 0 0.920339
3 0 0 0.960682

1
1 0 0 0.703925

3
1 1 1 0.867347
2 0 0 1.02037
3 0 0 0.800491

3
1 0 1270 0.760128
2 0 0 1.20137
3 0 0 0.71139

3
1 0 4943 0.862824
2 0 0 0.858891
3 0 0 1.11327

5
1 1 1 0.823234
2 0 3283 0.961606
4 0 0 1.06556
5 0 0 0.886626
3 0 0 0.810596

5
1 0 7709 0.920758
2 2 4 0.894607
4 0 0 0.845182
5 0 0 0.972295
3 0 0 1.01232

3
1 0 3399 0.853508
2 0 0 0.741637
3 0 0 0.938802

3
1 1 1 0.882775
2 0 0 1.01199
3 0 0 0.791709

1
1 0 0 0.84696

3
1 0 401 0.802489
2 0 0 1.04813
3 0 0 0.774729

5
1 0 9697 0.8249
2 0 932 0.752634
4 0 0 1.05985
5 0 0 0.820526
3 0 0 0.987011

3
1 2 1 0.908576
2 0 0 0.799411
3 0 0 0.914027

3
1 1 1 0.838384
2 0 0 0.918251
3 0 0 0.815556

1
1 0 0 0.774283

1
1 0 0 0.825186

3
1 1 2 0.911645
2 0 0 0.834052
3 0 0 1.04443

11
1 1 2 0.952727
2 0 4165 0.869818
4 0 0 0.814487
5 0 0 0.974436
3 0 5226 0.951849
6 0 0 1.0257
7 0 7221 0.945903
14 2 4 0.953224
28 0 0 1.06583
29 0 0 0.948451
15 0 0 1.08399

3
1 0 9657 0.747937
2 0 0 0.679936
3 0 0 1.09049

3
1 0 2325 0.987224
2 0 0 0.87523
3 0 0 0.983024

1
1 0 0 0.788453

3
1 1 1 0.851491
2 0 0 0.943173
3 0 0 0.856991

3
1 0 170 0.811948
2 0 0 1.071
3 0 0 0.780619

1
1 0 0 0.89134

3
1 0 2249 0.784231
2 0 0 0.72821
3 0 0 0.896013

3
1 1 1 0.838484
2 0 0 0.94327
3 0 0 0.827481

1
1 0 0 0.846115

5
1 1 1 0.852899
2 0 0 1.00841
3 0 1708 0.885457
6 0 0 0.822526
7 0 0 0.947893

5
1 1 1 0.886055
2 2 2 0.939382
4 0 0 1.06699
5 0 0 0.989232
3 0 0 0.862801

3
1 1 1 0.893322
2 0 0 0.983401
3 0 0 0.824017

5
1 0 7958 0.811992
2 1 2 0.875307
4 0 0 0.716691
5 0 0 0.982377
3 0 0 1.06369

3
1 1 1 0.802502
2 0 0 0.918729
3 0 0 0.875603

3
1 2 3 0.904432
2 0 0 0.869153
3 0 0 1.04964

3
1 0 1677 0.919347
2 0 0 0.883108
3 0 0 1.01585

5
1 0 3536 0.861505
2 0 2604 1.00316
4 0 0 0.782553
5 0 0 0.98736
3 0 0 1.02781

3
1 1 2 0.920206
2 0 0 0.811847
3 0 0 1.06972

5
1 2 1 0.877803
2 0 6477 0.987704
4 0 0 0.827789
5 0 0 1.01601
3 0 0 0.998734

5
1 2 3 0.881377
2 1 2 0.845438
4 0 0 0.80414
5 0 0 0.928222
3 0 0 0.928452

3
1 1 1 0.898745
2 0 0 1.10203
3 0 0 0.83801

7
1 0 3740 0.877683
2 1 1 0.942153
4 0 551 1.06243
8 0 0 0.910203
9 0 0 1.01698
5 0 0 0.841538
3 0 0 1.04461

3
1 0 1973 0.960912
2 0 0 0.898428
3 0 0 1.15732

3
1 0 796 0.816089
2 0 0 0.944665
3 0 0 0.722251

3
1 1 1 0.943393
2 0 0 0.995543
3 0 0 0.885181

5
1 1 1 0.873212
2 0 0 1.11647
3 0 2987 0.877091
6 0 0 0.826306
7 0 0 1.15102

5
1 0 8122 0.901733
2 1 1 0.894644
4 0 0 0.940422
5 0 0 0.834671
3 0 0 0.952481

3
1 2 4 0.794303
2 0 0 0.922285
3 0 0 1.05159

3
1 1 2 0.83882
2 0 0 0.83664
3 0 0 0.897601

3
1 1 2 0.805828
2 0 0 0.774138
3 0 0 1.11868

3
1 1 1 0.874387
2 0 0 1.08478
3 0 0 0.796784

5
1 1 1 0.879126
2 0 0 0.930471
3 1 2 0.986285
6 0 0 0.67189
7 0 0 1.06952

1
1 0 0 0.79974

3
1 0 753 0.826446
2 0 0 0.930822
3 0 0 0.885915

3
1 0 1008 0.832255
2 0 0 0.911894
3 0 0 0.808664

3
1 2 1 0.878952
2 0 0 0.908996
3 0 0 0.885667

3
1 0 2005 0.943715
2 0 0 0.759189
3 0 0 1.1585

5
1 1 1 0.941516
2 2 4 1.00621
4 0 0 0.980743
5 0 0 0.804876
3 0 0 0.860826

7
1 0 6678 0.836032
2 0 4725 0.884785
4 0 162 0.733368
8 0 0 1.05222
9 0 0 0.794283
5 0 0 1.11464
3 0 0 1.03484

1
1 0 0 0.751864

3
1 1 2 0.837312
2 0 0 0.909072
3 0 0 1.10794

5
1 1 1 0.788581
2 0 1798 1.13412
4 0 0 0.968744
5 0 0 1.11972
3 0 0 0.815067

5
1 1 2 0.899895
2 1 1 0.932679
4 0 0 0.981292
5 0 0 0.911449
3 0 0 0.932756

3
1 1 1 0.888713
2 0 0 1.03989
3 0 0 0.783936

1
1 0 0 0.85067

5
1 1 2 0.847318
2 0 0 0.845338
3 2 1 0.984677
6 0 0 0.815182
7 0 0 1.07595

3
1 0 912 0.8703
2 0 0 0.95094
3 0 0 0.791609

3
1 1 1 0.82182
2 0 0 1.07642
3 0 0 0.725204

3
1 2 1 0.875842
2 0 0 0.828443
3 0 0 0.937635

1
1 0 0 0.867269

5
1 0 6980 0.840611
2 1 1 0.876816
4 0 0 1.00413
5 0 0 0.778002
3 0 0 1.01084

3
1 0 5310 0.846745
2 0 0 0.828914
3 0 0 0.870886

5
1 1 1 0.812605
2 0 1795 1.09899
4 0 0 0.967168
5 0 0 1.13145
3 0 0 0.728501

3
1 0 5328 0.886308
2 0 0 0.847359
3 0 0 1.00507

5
1 1 2 0.877834
2 0 859 0.863144
4 0 0 1.00367
5 0 0 0.8718
3 0 0 0.901866

3
1 2 4 0.902591
2 0 0 0.836632
3 0 0 0.867553

1
1 0 0 0.747913

5
1 1 2 0.799328
2 0 0 0.829161
3 0 8042 1.05782
6 0 0 1.25476
7 0 0 0.859754

1
1 0 0 0.692244

3
1 1 1 0.794115
2 0 0 0.895484
3 0 0 0.803043

7
1 1 2 0.898816
2 0 0 0.84332
3 2 2 1.03043
6 0 0 0.950844
7 0 5518 1.01275
14 0 0 1.04142
15 0 0 0.965691

3
1 0 4594 0.937154
2 0 0 0.901125
3 0 0 0.93598

3
1 0 835 0.830379
2 0 0 1.04237
3 0 0 0.857433

3
1 0 1158 0.889749
2 0 0 1.07029
3 0 0 0.706461

3
1 1 1 0.904152
2 0 0 0.99801
3 0 0 0.74933

3
1 0 671 0.845937
2 0 0 0.954233
3 0 0 0.824982

3
1 1 2 0.891586
2 0 0 0.825184
3 0 0 0.942737

1
1 0 0 0.887163

3
1 1 1 0.868818
2 0 0 0.997519
3 0 0 0.728843

1
1 0 0 0.866083

3
1 0 9332 0.768618
2 0 0 0.792046
3 0 0 1.04521

1
1 0 0 0.877803

3
1 0 9351 0.867323
2 0 0 0.770686
3 0 0 0.99348

3
1 1 2 0.911835
2 0 0 0.754386
3 0 0 0.953782

3
1 2 4 0.879554
2 0 0 0.836576
3 0 0 1.07087

5
1 0 2413 0.893335
2 0 0 1.04081
3 1 1 1.07746
6 0 0 1.08932
7 0 0 1.03144

3
1 1 2 0.845325
2 0 0 0.867051
3 0 0 0.963796

3
1 0 9038 0.866726
2 0 0 0.944184
3 0 0 0.958546

3
1 0 349 0.833455
2 0 0 0.967539
3 0 0 0.831851

3
1 1 1 0.913422
2 0 0 1.13649
3 0 0 0.844889

5
1 0 4261 0.957524
2 0 0 0.861342
3 0 7518 0.978174
6 0 0 0.880145
7 0 0 1.02899

3
1 1 2 0.905884
2 0 0 0.760745
3 0 0 1.12494

3
1 1 2 0.854281
2 0 0 0.918547
3 0 0 0.938333

3
1 1 1 0.910329
2 0 0 0.920049
3 0 0 0.847199

3
1 2 1 0.972938
2 0 0 0.816257
3 0 0 0.910436

3
1 0 1270 0.760128
2 0 0 0.924943
3 0 0 0.753494

3
1 1 1 0.806023
2 0 0 0.921329
3 0 0 0.730485

3
1 0 9097 0.831415
2 0 0 0.857348
3 0 0 1.06565

3
1 0 9385 0.841846
2 0 0 0.80259
3 0 0 1.10515

3
1 0 147 0.793803
2 0 0 1.2186
3 0 0 0.826869

3
1 1 1 0.906709
2 0 0 1.08826
3 0 0 0.753229

3
1 1 2 0.956512
2 0 0 0.796905
3 0 0 1.00553

5
1 1 2 1.01279
2 0 0 0.846453
3 2 2 1.04642
6 0 0 1.04526
7 0 0 1.00976

1
1 0 0 0.744092

3
1 2 4 1.00782
2 0 0 0.840485
3 0 0 0.888535

3
1 1 1 0.838384
2 0 0 1.02416
3 0 0 0.874113

3
1 1 1 0.843166
2 0 0 1.06287
3 0 0 0.904555

3
1 0 115 0.792155
2 0 0 1.1031
3 0 0 0.735617

3
1 1 2 0.911645
2 0 0 0.932618
3 0 0 0.988369

3
1 1 1 0.817205
2 0 0 0.904701
3 0 0 0.878762

3
1 1 2 0.91431
2 0 0 0.816784
3 0 0 0.906297

5
1 0 6591 0.978332
2 0 5042 0.88602
4 0 0 0.883477
5 0 0 0.888398
3 0 0 1.00659

3
1 0 500 0.802955
2 0 0 0.934095
3 0 0 0.821942

5
1 0 6235 0.860682
2 0 0 0.859062
3 0 7395 0.977366
6 0 0 1.00303
7 0 0 1.11626

3
1 1 1 0.898797
2 0 0 0.964944
3 0 0 0.748002

1
1 0 0 0.874762

3
1 0 6445 0.839967
2 0 0 0.824878
3 0 0 0.923579

3
1 1 1 0.838484
2 0 0 1.08996
3 0 0 0.717194

1
1 0 0 0.797422

3
1 1 1 0.852899
2 0 0 1.00876
3 0 0 0.890192

1
1 0 0 0.773811

3
1 0 7673 0.880923
2 0 0 0.813916
3 0 0 0.985996

3
1 0 1417 0.839497
2 0 0 0.908745
3 0 0 0.933047

1
1 0 0 0.786056

5
1 1 1 0.847977
2 0 0 1.11644
3 2 3 0.840338
6 0 0 0.856239
7 0 0 0.935614

3
1 0 1677 0.919347
2 0 0 0.828593
3 0 0 0.930118

3
1 0 8475 0.863061
2 0 0 0.80653
3 0 0 1.14317

1
1 0 0 0.841605

3
1 0 2640 0.929743
2 0 0 0.933253
3 0 0 1.01702

3
1 1 2 0.960896
2 0 0 0.749021
3 0 0 0.984982

3
1 0 2100 0.917698
2 0 0 0.738873
3 0 0 1.01123

1
1 0 0 0.866149

3
1 0 1973 0.960912
2 0 0 0.849154
3 0 0 1.02333

3
1 1 1 0.79416
2 0 0 0.917791
3 0 0 0.732079

7
1 1 1 0.943393
2 0 5850 0.969073
4 0 0 0.948649
5 0 0 0.915058
3 1 2 0.942438
6 0 0 0.942276
7 0 0 0.97522

3
1 0 7044 0.900335
2 0 0 0.761341
3 0 0 0.891043

5
1 2 2 0.856617
2 0 0 0.836814
3 1 2 0.950174
6 0 0 0.84315
7 0 0 1.08203

5
1 2 1 0.883097
2 0 0 0.802925
3 1 2 1.00985
6 0 0 0.87756
7 0 0 1.0019

3
1 1 1 0.8063
2 0 0 1.03835
3 0 0 0.858328

3
1 0 4540 0.902846
2 0 0 0.718957
3 0 0 0.977562

3
1 0 2249 0.880929
2 0 0 0.796625
3 0 0 1.18218

3
1 0 2222 0.903487
2 0 0 0.824067
3 0 0 0.988138

3
1 1 2 0.877985
2 0 0 0.863668
3 0 0 1.007

3
1 1 2 0.787581
2 0 0 0.778917
3 0 0 0.879763

3
1 1 2 0.884413
2 0 0 0.867818
3 0 0 0.867329

3
1 1 1 0.908809
2 0 0 1.0501
3 0 0 0.829614

5
1 0 5721 0.822124
2 1 1 0.871625
4 0 0 1.04207
5 0 0 0.794439
3 0 0 1.03627

3
1 1 1 0.82929
2 0 0 0.953511
3 0 0 0.853689

1
1 0 0 0.806977

3
1 1 1 0.798587
2 0 0 1.16231
3 0 0 0.784329

3
1 1 2 0.837312
2 0 0 0.774794
3 0 0 1.0532

5
1 0 9811 0.780624
2 0 0 0.802995
3 0 9854 0.963319
6 0 0 0.973744
7 0 0 1.14416

5
1 0 4452 0.899657
2 2 4 0.912644
4 0 0 0.733452
5 0 0 1.00187
3 0 0 0.828613

3
1 2 1 0.919509
2 0 0 0.918262
3 0 0 0.983178

1
1 0 0 0.848925

1
1 0 0 0.920951

3
1 1 2 0.911774
2 0 0 0.838817
3 0 0 1.10697

3
1 0 4226 0.976333
2 0 0 0.922023
3 0 0 0.949029

3
1 0 2896 0.904591
2 0 0 0.848039
3 0 0 0.990395

3
1 1 1 0.85162
2 0 0 0.899996
3 0 0 0.828752

3
1 1 2 0.97503
2 0 0 0.740361
3 0 0 1.06089

3
1 0 5394 0.936097
2 0 0 0.893274
3 0 0 1.05489

3
1 1 1 0.812605
2 0 0 1.0758
3 0 0 0.800163

5
1 1 1 0.851611
2 2 3 0.960343
4 0 0 1.04273
5 0 0 0.922087
3 0 0 0.919914

3
1 1 2 0.836245
2 0 0 0.797202
3 0 0 0.934453

9
1 1 2 0.933134
2 0 1776 0.93549
4 0 0 0.780125
5 0 0 0.961963
3 2 1 0.89854
6 0 0 0.963195
7 0 1651 0.956114
14 0 0 1.09612
15 0 0 0.890639

9
1 1 1 0.732225
2 2 2 1.04202
4 0 5054 1.15306
8 0 0 0.967634
9 0 0 0.90653
5 2 3 1.05626
10 0 0 1.00249
11 0 0 0.967052
3 0 0 0.761307

3
1 0 4955 0.905546
2 0 0 0.994932
3 0 0 0.948519

3
1 0 9681 0.777398
2 0 0 0.696208
3 0 0 0.992774

3
1 1 1 0.794115
2 0 0 0.945637
3 0 0 0.784206

1
1 0 0 0.765695

7
1 2 3 0.878932
2 0 0 0.783386
3 1 2 1.02504
6 1 1 0.900069
12 0 0 0.950372
13 0 0 0.954906
7 0 0 0.919304

3
1 0 9635 0.77992
2 0 0 0.824636
3 0 0 1.15059

1
1 0 0 0.841795

3
1 1 1 0.904152
2 0 0 1.14962
3 0 0 0.701778

3
1 0 9576 0.904727
2 0 0 0.844017
3 0 0 1.00291

3
1 1 2 0.891586
2 0 0 0.834963
3 0 0 0.863855

3
1 1 1 0.801787
2 0 0 1.08287
3 0 0 0.890489

1
1 0 0 0.789273

3
1 1 1 0.88859
2 0 0 0.948296
3 0 0 0.888667

1
1 0 0 0.840258

3
1 0 712 0.768917
2 0 0 0.798448
3 0 0 0.740898

1
1 0 0 0.764083

3
1 1 2 0.911835
2 0 0 0.793567
3 0 0 0.957872

5
1 0 8160 0.840267
2 1 1 0.906375
4 0 0 1.17216
5 0 0 0.786328
3 0 0 0.980946

3
1 1 1 0.936254
2 0 0 1.00604
3 0 0 0.775001

3
1 1 2 0.868701
2 0 0 0.819281
3 0 0 0.935374

3
1 1 2 0.927147
2 0 0 0.921762
3 0 0 1.02205

1
1 0 0 0.748361

5
1 1 1 0.888064
2 0 3901 0.990941
4 0 0 0.909288
5 0 0 1.01817
3 0 0 0.856027

5
1 0 9320 0.862349
2 1 1 0.882505
4 0 0 0.946736
5 0 0 0.797144
3 0 0 0.90736

3
1 0 2530 0.855889
2 0 0 0.946121
3 0 0 0.906633

3
1 1 2 0.950471
2 0 0 0.846298
3 0 0 1.03911

5
1 1 1 0.839951
2 2 1 0.906885
4 0 0 1.0955
5 0 0 1.00857
3 0 0 0.868608

5
1 0 6603 0.902612
2 0 0 0.77101
3 0 9398 0.930057
6 0 0 0.929481
7 0 0 1.00167

3
1 0 1270 0.760128
2 0 0 1.073
3 0 0 0.791247

3
1 2 1 0.917162
2 0 0 0.858238
3 0 0 0.929395

3
1 2 1 0.928323
2 0 0 0.914303
3 0 0 1.02075

3
1 0 4241 0.875034
2 0 0 0.85242
3 0 0 0.886046

3
1 1 1 0.817806
2 0 0 0.960776
3 0 0 0.745751

3
1 1 2 0.904037
2 0 0 0.823194
3 0 0 1.15225

3
1 0 668 0.877302
2 0 0 1.05768
3 0 0 0.763602

3
1 0 8981 0.80775
2 0 0 0.760255
3 0 0 1.01871

3
1 0 651 0.789571
2 0 0 1.08777
3 0 0 0.778915

1
1 0 0 0.801005

7
1 1 1 0.838384
2 0 0 0.977566
3 1 2 0.832404
6 0 0 0.781616
7 2 4 0.881171
14 0 0 0.966416
15 0 0 0.966862

5
1 1 1 0.843166
2 0 0 1.00836
3 1 2 0.898281
6 0 0 0.838778
7 0 0 1.00171

3
1 2 2 0.828135
2 0 0 0.844038
3 0 0 0.968819

9
1 0 1082 0.887323
2 0 0 0.954174
3 0 2190 0.921148
6 1 1 0.761287
12 0 0 1.0367
13 0 0 0.7389
7 1 1 1.02333
14 0 0 1.04876
15 0 0 0.904192

3
1 0 1234 0.851135
2 0 0 0.918947
3 0 0 0.74498

3
1 0 8295 0.846398
2 0 0 0.857681
3 0 0 0.928198

3
1 1 2 0.828907
2 0 0 0.815619
3 0 0 1.18774

1
1 0 0 0.818032

1
1 0 0 0.739764

3
1 1 1 0.918979
2 0 0 1.02318
3 0 0 0.821826

1
1 0 0 0.754691

3
1 0 7164 0.917394
2 0 0 0.863896
3 0 0 1.00054

5
1 0 7054 0.821411
2 1 1 0.966551
4 0 0 1.04703
5 0 0 0.916309
3 0 0 1.07325

3
1 0 254 0.813263
2 0 0 1.0793
3 0 0 0.822914

3
1 1 1 0.852899
2 0 0 1.02472
3 0 0 0.803264

3
1 1 2 0.89996
2 0 0 0.906368
3 0 0 1.01709

3
1 0 1037 0.846761
2 0 0 1.0651
3 0 0 0.848966

7
1 0 8668 0.884454
2 1 1 0.884036
4 0 0 1.07903
5 0 0 0.798683
3 2 2 0.932886
6 0 0 1.07188
7 0 0 0.824565

3
1 2 4 0.767113
2 0 0 0.827145
3 0 0 0.909715

1
1 0 0 0.81157

3
1 0 1677 0.919347
2 0 0 0.90828
3 0 0 0.924792

3
1 0 9568 0.870325
2 0 0 0.809089
3 0 0 1.03275

3
1 0 8817 0.864972
2 0 0 0.850874
3 0 0 0.965967

5
1 0 2640 0.929743
2 0 1322 0.931611
4 0 0 1.0367
5 0 0 0.914705
3 0 0 0.967444

5
1 1 1 0.865197
2 0 3681 1.08648
4 0 0 1.11398
5 0 0 1.02565
3 0 0 0.716752

3
1 0 2100 0.917698
2 0 0 0.771139
3 0 0 1.00374

3
1 1 1 0.993366
2 0 0 1.03135
3 0 0 0.917601

3
1 0 930 0.93647
2 0 0 1.07708
3 0 0 0.827334

5
1 1 1 0.897959
2 0 3713 0.926637
4 0 0 1.01132
5 0 0 0.839238
3 0 0 0.96862

5
1 0 918 0.888635
2 0 565 0.996047
4 0 0 0.949225
5 0 0 1.13645
3 0 0 0.890528

3
1 1 1 0.97854
2 0 0 1.08905
3 0 0 0.858156

5
1 2 2 0.856617
2 0 0 1.03587
3 0 645 0.984358
6 0 0 0.900244
7 0 0 0.863548

5
1 0 708 0.89311
2 0 0 1.0804
3 1 2 0.894255
6 0 0 0.914331
7 0 0 0.986608

3
1 1 1 0.8063
2 0 0 1.10905
3 0 0 0.85241

3
1 1 1 0.908639
2 0 0 1.00347
3 0 0 0.742115

3
1 0 2249 0.880929
2 0 0 0.816636
3 0 0 0.962579

3
1 0 6655 0.808009
2 0 0 0.841788
3 0 0 0.852176

3
1 1 2 0.877985
2 0 0 0.813233
3 0 0 0.988553

7
1 1 2 0.914748
2 0 1482 0.960612
4 1 1 0.996854
8 0 0 1.04364
9 0 0 0.707158
5 0 0 0.942682
3 0 0 1.02465

3
1 0 9517 0.889249
2 0 0 0.751169
3 0 0 1.07685

3
1 2 4 0.920882
2 0 0 0.913211
3 0 0 0.88327

3
1 2 1 0.843682
2 0 0 0.970197
3 0 0 0.921925

3
1 1 1 0.82929
2 0 0 0.959403
3 0 0 0.769619

5
1 2 1 0.870508
2 0 0 0.92261
3 0 2149 0.957527
6 0 0 0.955664
7 0 0 0.973705

3
1 1 1 0.798587
2 0 0 0.91664
3 0 0 0.770201

3
1 1 2 0.894524
2 0 0 0.854768
3 0 0 0.954501

5
1 1 1 0.90572
2 0 0 1.09669
3 0 1057 0.941199
6 0 0 1.0178
7 0 0 0.828695

3
1 0 2435 0.87326
2 0 0 0.836169
3 0 0 0.920625

1
1 0 0 0.821052

11
1 0 4163 0.843489
2 2 4 0.764484
4 0 3085 0.883917
8 0 0 0.904524
9 0 4010 1.04823
18 0 0 0.936658
19 0 0 0.848311
5 0 0 1.09637
3 2 4 1.00395
6 0 0 1.13189
7 0 0 0.888941

3
1 1 2 0.836463
2 0 0 0.749821
3 0 0 1.11681

3
1 2 4 0.86826
2 0 0 0.847361
3 0 0 0.902273

3
1 0 4226 0.976333
2 0 0 0.805349
3 0 0 0.934184

7
1 0 6114 0.797855
2 2 4 0.835059
4 0 0 0.84509
5 0 0 0.975653
3 2 3 0.960107
6 0 0 0.941873
7 0 0 1.05425

3
1 1 1 0.85162
2 0 0 0.985369
3 0 0 0.81984

3
1 1 2 0.97503
2 0 0 0.76402
3 0 0 0.920424

7
1 0 5394 0.936097
2 0 4365 0.866195
4 0 0 0.8121
5 0 0 1.06432
3 1 1 0.884329
6 0 0 0.938484
7 0 0 0.983341

3
1 1 1 0.914494
2 0 0 0.959106
3 0 0 0.867796

3
1 1 1 0.851611
2 0 0 1.044
3 0 0 0.780326

3
1 2 2 0.893967
2 0 0 0.833757
3 0 0 1.09666

3
1 1 2 0.933134
2 0 0 0.731997
3 0 0 1.11896

3
1 0 6112 0.889531
2 0 0 0.965985
3 0 0 0.960811

3
1 1 1 0.881052
2 0 0 0.944414
3 0 0 0.743337

1
1 0 0 0.762212

3
1 1 1 0.794115
2 0 0 1.06231
3 0 0 0.892302

9
1 0 4541 0.987798
2 0 1685 0.901289
4 0 0 0.792283
5 0 2637 1.00971
10 0 0 1.05296
11 0 0 1.06616
3 0 7235 0.975075
6 0 0 0.944512
7 0 0 0.971984

1
1 0 0 0.844051

3
1 0 6780 0.787885
2 0 0 0.838386
3 0 0 1.01933

7
1 2 1 0.938134
2 0 6240 0.740122
4 0 5397 0.822123
8 0 0 0.761908
9 0 0 1.03797
5 0 0 1.01778
3 0 0 0.969275

3
1 1 1 0.904152
2 0 0 1.08511
3 0 0 0.748493

3
1 1 1 0.848322
2 0 0 0.850813
3 0 0 0.711371

3
1 0 9662 0.791566
2 0 0 0.811479
3 0 0 0.950293

3
1 0 1924 0.96552
2 0 0 0.812108
3 0 0 0.991889

3
1 0 6971 0.784328
2 0 0 0.718825
3 0 0 0.954663

3
1 1 1 0.88859
2 0 0 0.984643
3 0 0 0.746058

3
1 0 786 0.811349
2 0 0 1.01779
3 0 0 0.793696

3
1 1 2 0.887934
2 0 0 0.750513
3 0 0 0.975212

1
1 0 0 0.844286

5
1 1 2 0.911835
2 1 1 0.856169
4 0 0 1.0783
5 0 0 0.802084
3 0 0 1.07668

7
1 0 8160 0.840267
2 1 1 0.906375
4 0 0 1.06535
5 0 0 0.820122
3 2 4 0.963073
6 0 0 1.01177
7 0 0 1.07754

1
1 0 0 0.726369

5
1 0 4623 0.88078
2 0 4259 0.853118
4 0 0 0.814527
5 0 0 1.13279
3 0 0 0.908703

3
1 1 2 0.869334
2 0 0 0.84994
3 0 0 0.858155

3
1 0 9181 0.820076
2 0 0 0.804833
3 0 0 0.961889

3
1 1 1 0.888064
2 0 0 0.848204
3 0 0 0.790206

3
1 1 1 0.793866
2 0 0 0.969949
3 0 0 0.782134

3
1 1 1 0.85948
2 0 0 1.04077
3 0 0 0.876626

1
1 0 0 0.7005

3
1 2 1 0.818982
2 0 0 0.807711
3 0 0 0.851159

1
1 0 0 0.777366

3
1 1 1 0.802397
2 0 0 1.03117
3 0 0 0.878726

5
1 2 1 0.893794
2 0 513 0.887488
4 0 0 1.13739
5 0 0 0.892979
3 0 0 0.956408

3
1 0 4416 0.93305
2 0 0 0.80953
3 0 0 1.10004

5
1 1 1 0.880591
2 0 9854 0.949707
4 0 0 0.933117
5 0 0 0.869524
3 0 0 0.879621

5
1 0 2940 0.907962
2 0 0 0.87682
3 0 5163 0.974036
6 0 0 0.999939
7 0 0 0.954458

3
1 1 2 0.843249
2 0 0 0.832524
3 0 0 1.03598

3
1 0 1140 0.795175
2 0 0 1.02208
3 0 0 0.792192

3
1 0 7513 0.856113
2 0 0 0.835504
3 0 0 0.976316

3
1 0 2680 0.825796
2 0 0 0.746202
3 0 0 0.91319

3
1 0 632 0.780484
2 0 0 0.954862
3 0 0 0.721116

3
1 1 1 0.838384
2 0 0 0.908693
3 0 0 0.810283

1
1 0 0 0.687932

3
1 1 1 0.89028
2 0 0 1.02795
3 0 0 0.795562

3
1 1 2 0.92268
2 0 0 0.985787
3 0 0 1.07377

3
1 0 313 0.764974
2 0 0 1.15571
3 0 0 0.889084

3
1 0 8955 0.823234
2 0 0 0.765219
3 0 0 1.05472

7
1 1 2 0.828907
2 0 0 0.732459
3 0 7665 1.01498
6 0 4819 0.999715
12 0 0 0.977377
13 0 0 1.02572
7 0 0 1.10577

1
1 0 0 0.838007

5
1 2 4 0.878624
2 0 1087 0.923473
4 0 0 1.02382
5 0 0 0.839336
3 0 0 0.953444

3
1 1 1 0.918979
2 0 0 0.988403
3 0 0 0.94849

5
1 1 2 0.903772
2 0 0 0.83327
3 2 2 0.981857
6 0 0 0.937715
7 0 0 1.03016

3
1 1 1 0.808507
2 0 0 0.92043
3 0 0 0.760299

3
1 1 2 0.840597
2 0 0 0.871737
3 0 0 0.954471

1
1 0 0 0.897446

5
1 1 2 0.850318
2 0 0 0.775042
3 2 2 0.99338
6 0 0 0.976376
7 0 0 1.03354

1
1 0 0 0.817962

3
1 1 2 0.885732
2 0 0 0.894832
3 0 0 0.955369

3
1 1 1 0.789977
2 0 0 1.03163
3 0 0 0.78366

1
1 0 0 0.752727

3
1 0 399 0.879023
2 0 0 1.07068
3 0 0 0.847292

5
1 2 1 0.836411
2 0 6752 0.863984
4 0 0 0.798814
5 0 0 0.95593
3 0 0 0.950628

3
1 1 1 0.916477
2 0 0 1.15406
3 0 0 0.745404

5
1 0 7822 0.91402
2 0 0 0.850936
3 1 1 0.823912
6 0 0 0.984651
7 0 0 0.897723

5
1 2 3 0.874567
2 1 1 0.924593
4 0 0 1.00687
5 0 0 0.935882
3 0 0 1.00376

3
1 1 2 0.949828
2 0 0 0.687159
3 0 0 0.954265

3
1 0 2100 0.917698
2 0 0 0.78829
3 0 0 1.06827

3
1 1 2 0.820909
2 0 0 0.750399
3 0 0 1.04155

1
1 0 0 0.823212

3
1 1 1 0.897959
2 0 0 1.0469
3 0 0 0.873865

3
1 0 3600 0.816753
2 0 0 0.788481
3 0 0 0.931614

3
1 1 1 0.97854
2 0 0 1.07129
3 0 0 0.819583

5
1 0 2596 0.82815
2 0 2017 0.898683
4 0 0 0.807152
5 0 0 1.02592
3 0 0 1.0139

5
1 0 9745 0.863257
2 1 1 0.802612
4 0 0 0.906482
5 0 0 0.836425
3 0 0 0.941914

5
1 1 1 0.8063
2 0 0 1.00448
3 0 4407 0.900714
6 0 0 0.875608
7 0 0 0.972621

5
1 1 1 0.908639
2 2 1 1.09341
4 0 0 1.018
5 0 0 1.01462
3 0 0 0.698399

3
1 0 2249 0.880929
2 0 0 0.723726
3 0 0 1.05294

5
1 0 6547 0.898371
2 0 4883 0.923313
4 0 0 0.828108
5 0 0 1.1801
3 0 0 1.01344

3
1 1 2 0.877985
2 0 0 0.860989
3 0 0 0.969008

3
1 2 2 0.945413
2 0 0 0.783541
3 0 0 0.935018

1
1 0 0 0.832585

5
1 1 1 0.890389
2 0 4242 1.02289
4 0 0 0.976562
5 0 0 1.07583
3 0 0 0.796033

3
1 1 1 0.905281
2 0 0 1.00876
3 0 0 0.832127

3
1 1 1 0.9009
2 0 0 1.02432
3 0 0 0.784408

3
1 1 2 0.890968
2 0 0 0.841404
3 0 0 1.06464

3
1 1 1 0.914467
2 0 0 1.00311
3 0 0 0.791176

3
1 0 8721 0.906356
2 0 0 0.861552
3 0 0 0.940622

3
1 1 2 0.877138
2 0 0 0.960983
3 0 0 0.928031

3
1 0 4984 0.877057
2 0 0 0.86495
3 0 0 0.916308

5
1 1 2 0.914424
2 0 2189 0.943949
4 0 0 0.783969
5 0 0 1.03232
3 0 0 1.03248

3
1 2 3 0.888284
2 0 0 0.960878
3 0 0 0.930322

7
1 2 2 0.897767
2 0 8260 0.985327
4 0 0 0.808851
5 2 1 1.11185
10 0 0 1.08663
11 0 0 1.03639
3 0 0 0.989569

5
1 0 985 0.724137
2 0 786 1.04554
4 0 0 0.969794
5 0 0 0.987967
3 0 0 0.812037

5
1 1 1 0.830742
2 0 323 1.04639
4 0 0 1.08424
5 0 0 1.03781
3 0 0 0.818257

1
1 0 0 0.701619

3
1 0 7417 0.895717
2 0 0 0.823292
3 0 0 1.00872

5
1 0 309 0.909706
2 1 1 1.08684
4 0 0 1.05394
5 0 0 0.991775
3 0 0 0.906438

3
1 0 4862 0.876055
2 0 0 0.875124
3 0 0 0.920455

5
1 1 2 0.845306
2 0 0 0.789063
3 0 4404 0.956565
6 0 0 0.985506
7 0 0 0.874742

3
1 1 2 0.871988
2 0 0 0.985085
3 0 0 1.12816

3
1 2 3 0.837468
2 0 0 0.824755
3 0 0 0.969586

3
1 0 286 0.882406
2 0 0 1.06892
3 0 0 0.722317

3
1 2 4 0.836116
2 0 0 0.888694
3 0 0 0.994263

5
1 0 8895 0.941008
2 0 0 0.992079
3 0 9941 0.889209
6 0 0 0.932725
7 0 0 1.05591

3
1 0 2369 0.823168
2 0 0 0.940232
3 0 0 0.963796

5
1 0 9531 0.853064
2 0 0 0.886113
3 0 9603 1.00654
6 0 0 0.989038
7 0 0 1.0266

3
1 0 4541 0.987798
2 0 0 0.816899
3 0 0 0.922287

3
1 1 2 0.844051
2 0 0 0.791607
3 0 0 1.06064

5
1 0 563 0.782818
2 0 28 1.07501
4 0 0 0.994767
5 0 0 1.07695
3 0 0 0.849652

1
1 0 0 0.745409

3
1 1 1 0.904152
2 0 0 0.890438
3 0 0 0.869116

3
1 1 2 0.881829
2 0 0 0.872735
3 0 0 1.0309

3
1 1 1 0.871895
2 0 0 0.911372
3 0 0 0.78481

3
1 0 3310 0.988536
2 0 0 0.843926
3 0 0 1.07005

1
1 0 0 0.840991

3
1 1 1 0.827394
2 0 0 1.05659
3 0 0 0.863581

3
1 1 1 0.827377
2 0 0 1.05045
3 0 0 0.911533

3
1 0 9979 0.775538
2 0 0 0.772716
3 0 0 0.98202

3
1 0 8062 0.807082
2 0 0 0.737041
3 0 0 0.954956

3
1 1 2 0.911835
2 0 0 0.857414
3 0 0 0.954227

1
1 0 0 0.754209

3
1 0 320 0.778981
2 0 0 0.972108
3 0 0 0.770746

7
1 1 2 0.902695
2 1 1 0.8075
4 0 0 1.07027
5 0 0 0.844681
3 2 2 0.977706
6 0 0 0.951205
7 0 0 1.0727

5
1 1 1 0.798672
2 0 0 1.11635
3 1 2 0.912566
6 0 0 0.776279
7 0 0 1.09195

7
1 0 5605 0.918082
2 1 1 0.860062
4 0 0 1.02381
5 1 2 0.897888
10 0 0 0.877403
11 0 0 1.08264
3 0 0 0.970559

3
1 0 419 0.735241
2 0 0 1.14519
3 0 0 0.755389

3
1 0 2105 0.914412
2 0 0 0.746666
3 0 0 0.917589

3
1 1 1 0.85948
2 0 0 0.890959
3 0 0 0.692389

5
1 0 8750 0.878516
2 2 2 0.870225
4 0 0 0.899356
5 0 0 0.927267
3 0 0 0.93822

3
1 1 2 0.822793
2 0 0 0.791698
3 0 0 1.02484

3
1 0 1032 0.754525
2 0 0 1.04934
3 0 0 0.784459

3
1 1 1 0.789811
2 0 0 0.945918
3 0 0 0.665822

3
1 0 7512 0.918673
2 0 0 0.846533
3 0 0 0.945952

5
1 1 2 0.949137
2 0 0 0.876532
3 0 4887 0.92364
6 0 0 1.00566
7 0 0 1.03914

1
1 0 0 0.826258

3
1 0 4717 0.860512
2 0 0 0.815189
3 0 0 0.946332

3
1 0 768 0.789534
2 0 0 0.900331
3 0 0 0.79025

3
1 0 9444 0.843041
2 0 0 0.785604
3 0 0 0.99787

7
1 1 1 0.925065
2 0 8729 1.04947
4 0 0 1.08933
5 0 0 1.06669
3 1 2 0.951227
6 0 0 0.88195
7 0 0 0.923757

3
1 0 2680 0.825796
2 0 0 0.847319
3 0 0 1.03028

3
1 0 9900 0.889475
2 0 0 0.877891
3 0 0 1.05202

3
1 1 1 0.838384
2 0 0 1.05927
3 0 0 0.801408

5
1 1 2 0.82268
2 0 0 0.895185
3 0 6843 0.999453
6 0 0 1.03544
7 0 0 1.00884

3
1 1 1 0.89028
2 0 0 0.947015
3 0 0 0.732783

1
1 0 0 0.772553

1
1 0 0 0.701137

3
1 0 2604 0.849101
2 0 0 0.85562
3 0 0 0.944901

3
1 1 1 0.853574
2 0 0 0.91631
3 0 0 0.76241

3
1 1 1 0.803004
2 0 0 1.11755
3 0 0 0.739449

1
1 0 0 0.846534

1
1 0 0 0.814795

3
1 0 8466 0.848752
2 0 0 0.809628
3 0 0 1.097

1
1 0 0 0.788085

5
1 1 2 0.900505
2 0 0 0.964402
3 0 2232 0.964306
6 0 0 0.969793
7 0 0 1.09784

3
1 1 1 0.920883
2 0 0 1.08695
3 0 0 0.823667

1
1 0 0 0.832542

1
1 0 0 0.766831

3
1 1 2 0.885732
2 0 0 0.823564
3 0 0 0.865175

3
1 1 2 0.914673
2 0 0 0.968455
3 0 0 1.0706

3
1 0 855 0.752413
2 0 0 1.05356
3 0 0 0.780393

3
1 1 2 0.850655
2 0 0 0.768724
3 0 0 0.986287

3
1 2 4 0.912892
2 0 0 0.788674
3 0 0 0.961589

3
1 1 1 0.916477
2 0 0 1.06345
3 0 0 0.916124

3
1 1 1 0.892266
2 0 0 1.04011
3 0 0 0.748866

3
1 0 9125 0.860839
2 0 0 0.817817
3 0 0 1.01568

3
1 1 2 0.949828
2 0 0 0.903916
3 0 0 0.892775

5
1 1 2 0.852681
2 0 0 0.852004
3 2 3 1.09138
6 0 0 1.02363
7 0 0 1.03196

5
1 1 2 0.931349
2 0 0 0.740618
3 2 2 1.02969
6 0 0 0.849565
7 0 0 0.991925

3
1 2 3 0.855906
2 0 0 0.86644
3 0 0 0.944353

5
1 1 1 0.897959
2 0 0 0.87844
3 2 2 0.876479
6 0 0 0.852739
7 0 0 0.982162

1
1 0 0 0.782995

3
1 0 4478 0.86441
2 0 0 0.844735
3 0 0 0.971191

3
1 0 2596 0.82815
2 0 0 0.741903
3 0 0 1.01265

5
1 0 9745 0.863257
2 1 1 0.802612
4 0 0 1.05831
5 0 0 0.849871
3 0 0 0.961473

5
1 1 1 0.8063
2 2 1 1.01247
4 0 0 0.923859
5 0 0 0.990304
3 0 0 0.864288

3
1 1 1 0.908639
2 0 0 1.03947
3 0 0 0.781644

3
1 0 2249 0.880929
2 0 0 0.831018
3 0 0 0.995957

3
1 0 1072 0.848406
2 0 0 1.02749
3 0 0 0.756962

3
1 0 5785 0.861163
2 0 0 0.853903
3 0 0 0.885047

3
1 0 4257 0.944456
2 0 0 0.836113
3 0 0 0.958712

1
1 0 0 0.855339

3
1 1 1 0.890389
2 0 0 1.14451
3 0 0 0.936258

3
1 0 4406 0.935685
2 0 0 0.949384
3 0 0 0.939747

3
1 1 1 0.9009
2 0 0 1.0596
3 0 0 0.754329

3
1 1 1 0.867378
2 0 0 1.18116
3 0 0 0.747788

3
1 1 1 0.859083
2 0 0 1.18554
3 0 0 0.78689

3
1 1 1 0.7893
2 0 0 0.98923
3 0 0 0.864088

3
1 2 4 0.883546
2 0 0 0.770105
3 0 0 0.892038

3
1 0 6754 0.901767
2 0 0 0.845141
3 0 0 0.949397

3
1 0 985 0.826048
2 0 0 0.978432
3 0 0 0.876551

3
1 1 2 0.865256
2 0 0 0.864182
3 0 0 0.867328

3
1 0 5146 0.934883
2 0 0 0.785186
3 0 0 0.915078

3
1 1 1 0.953342
2 0 0 0.929193
3 0 0 0.928951

3
1 0 4386 0.915562
2 0 0 0.920894
3 0 0 1.04754

3
1 2 2 0.891661
2 0 0 0.90993
3 0 0 1.02227

7
1 2 1 0.915099
2 0 0 0.801955
3 2 2 0.996024
6 0 0 0.984628
7 1 2 0.948748
14 0 0 0.847817
15 0 0 0.962507

5
1 1 2 0.897083
2 0 0 0.806337
3 0 8954 1.01262
6 0 0 1.06117
7 0 0 1.0592

5
1 0 4507 0.884148
2 0 0 0.794552
3 1 2 0.962461
6 0 0 0.92854
7 0 0 0.949885

5
1 0 4851 0.91547
2 0 2580 0.916547
4 0 0 0.898123
5 0 0 1.06592
3 0 0 0.992627

3
1 0 8176 0.841034
2 0 0 0.851917
3 0 0 1.04619

3
1 0 1777 0.929735
2 0 0 0.707296
3 0 0 0.965604

3
1 1 1 0.811926
2 0 0 0.900396
3 0 0 0.899164

3
1 2 4 0.8652
2 0 0 0.833727
3 0 0 0.911282

5
1 0 8020 0.83249
2 0 0 0.741194
3 1 2 0.953288
6 0 0 1.08849
7 0 0 0.9337

5
1 0 486 0.858007
2 0 466 1.07012
4 0 0 1.03948
5 0 0 0.981179
3 0 0 0.875282

3
1 0 2031 0.852585
2 0 0 0.771623
3 0 0 0.883508

5
1 0 9648 0.745223
2 0 0 0.677708
3 2 2 1.00483
6 0 0 0.921232
7 0 0 1.01574

3
1 0 8654 0.841883
2 0 0 0.824751
3 0 0 1.05286

3
1 0 8765 0.83782
2 0 0 0.84342
3 0 0 0.972676

1
1 0 0 0.871494

5
1 0 3098 0.885752
2 0 0 0.859005
3 2 4 1.01323
6 0 0 1.00528
7 0 0 0.953879

3
1 1 2 0.839611
2 0 0 0.759742
3 0 0 0.973552

3
1 2 3 0.944389
2 0 0 0.894777
3 0 0 0.969999

5
1 0 7486 0.904393
2 0 559 0.837297
4 0 0 1.07375
5 0 0 0.8369
3 0 0 1.07312

3
1 1 1 0.874855
2 0 0 1.06359
3 0 0 0.768849

3
1 1 1 0.838166
2 0 0 1.05188
3 0 0 0.8583

5
1 1 2 0.877097
2 0 0 0.791936
3 0 1174 1.05018
6 0 0 1.11698
7 0 0 1.08075

3
1 0 1963 0.888796
2 0 0 0.884231
3 0 0 1.06874

3
1 2 1 0.891567
2 0 0 0.815186
3 0 0 0.943607

3
1 2 4 0.885266
2 0 0 0.932886
3 0 0 0.996799

3
1 0 2973 0.843994
2 0 0 0.865157
3 0 0 0.919333

3
1 1 1 0.86452
2 0 0 1.01953
3 0 0 0.757417

7
1 1 1 0.811027
2 2 3 1.0275
4 0 449 1.03812
8 0 0 1.0014
9 0 0 1.04544
5 0 0 1.08634
3 0 0 0.689163

1
1 0 0 0.825679

5
1 0 5605 0.918082
2 0 0 0.769593
3 2 1 0.914792
6 0 0 1.04245
7 0 0 0.983194

3
1 0 9434 0.814865
2 0 0 0.836283
3 0 0 0.86616

5
1 1 2 0.869513
2 0 9414 0.784783
4 0 0 0.790555
5 0 0 0.972617
3 0 0 0.934792

5
1 1 2 0.80392
2 0 0 0.803773
3 0 9311 0.946517
6 0 0 0.930024
7 0 0 0.986943

1
1 0 0 0.882676

5
1 1 2 0.822793
2 0 0 0.818219
3 0 9148 0.990008
6 0 0 1.03843
7 0 0 0.995783

5
1 1 1 0.815466
2 0 3062 1.00547
4 0 0 0.863828
5 0 0 0.98394
3 0 0 0.93343

3
1 1 1 0.871941
2 0 0 0.901061
3 0 0 0.861307

3
1 1 1 0.903501
2 0 0 0.972461
3 0 0 0.868896

3
1 1 1 0.867771
2 0 0 1.0049
3 0 0 0.736327

7
1 1 1 0.837376
2 0 6205 1.00739
4 0 0 1.09212
5 0 0 0.953996
3 1 2 0.86623
6 0 0 0.822295
7 0 0 0.908989

3
1 0 388 0.710838
2 0 0 0.973344
3 0 0 0.749115

3
1 1 1 0.871285
2 0 0 0.913158
3 0 0 0.755248

1
1 0 0 0.818894

3
1 0 343 0.84641
2 0 0 0.970782
3 0 0 0.852038

3
1 0 4947 0.832222
2 0 0 0.80054
3 0 0 0.974182

1
1 0 0 0.715624

5
1 1 1 0.838384
2 0 0 1.04568
3 1 2 0.829393
6 0 0 0.763242
7 0 0 0.94717

3
1 1 2 0.869823
2 0 0 0.812327
3 0 0 0.981791

5
1 0 4238 0.851116
2 1 2 0.974869
4 0 0 0.764057
5 0 0 1.13847
3 0 0 0.937643

3
1 2 1 0.893331
2 0 0 0.787479
3 0 0 0.962185

9
1 2 4 0.846941
2 1 1 0.892786
4 0 0 1.12613
5 1 2 0.842084
10 0 0 0.96563
11 0 0 0.898893
3 1 2 0.997108
6 0 0 0.978738
7 0 0 0.915969

1
1 0 0 0.719238

5
1 1 1 0.825771
2 2 1 0.875946
4 0 0 1.02664
5 0 0 0.854281
3 0 0 0.748519

5
1 1 1 0.803004
2 0 0 0.998622
3 1 2 0.951059
6 0 0 0.80891
7 0 0 1.06132

1
1 0 0 0.778099

3
1 1 1 0.858752
2 0 0 0.933867
3 0 0 0.782571

3
1 0 658 0.801125
2 0 0 0.935367
3 0 0 0.78353

1
1 0 0 0.841598

3
1 1 1 0.836382
2 0 0 1.06732
3 0 0 0.797721

1
1 0 0 0.716078

3
1 0 7812 0.87128
2 0 0 0.889901
3 0 0 0.941513

3
1 0 1588 0.871842
2 0 0 0.845707
3 0 0 0.982296

3
1 1 1 0.90318
2 0 0 1.04572
3 0 0 0.8797

5
1 1 1 0.810701
2 0 0 1.12234
3 1 2 0.821677
6 0 0 0.795786
7 0 0 1.03232

3
1 0 855 0.752413
2 0 0 0.89856
3 0 0 0.734385

1
1 0 0 0.80255

3
1 1 2 0.878879
2 0 0 0.772864
3 0 0 1.09132

3
1 0 1121 0.770885
2 0 0 1.09397
3 0 0 0.783484

3
1 1 2 0.875529
2 0 0 0.774832
3 0 0 1.03191

5
1 0 1200 0.864556
2 0 1139 1.06126
4 0 0 1.01381
5 0 0 1.05097
3 0 0 0.795759

5
1 0 4731 0.884545
2 1 1 0.954825
4 0 0 0.992101
5 0 0 0.961009
3 0 0 0.952535

5
1 0 4959 0.909692
2 2 2 0.859567
4 0 0 0.835246
5 0 0 0.871279
3 0 0 0.819009

3
1 1 2 0.931349
2 0 0 0.829802
3 0 0 1.00595

3
1 1 2 0.84664
2 0 0 0.785634
3 0 0 0.925475

3
1 1 2 0.841632
2 0 0 0.798252
3 0 0 1.04025

3
1 0 2288 0.945691
2 0 0 0.936518
3 0 0 0.983279

5
1 2 4 0.869382
2 1 1 0.857095
4 0 0 1.00834
5 0 0 0.794938
3 0 0 0.975666

5
1 0 9243 0.860487
2 0 0 0.863793
3 0 9626 0.993208
6 0 0 1.07609
7 0 0 1.14047

5
1 2 3 0.919564
2 0 0 0.994941
3 2 4 0.964504
6 0 0 1.07948
7 0 0 1.01786

3
1 1 1 0.8063
2 0 0 0.971687
3 0 0 0.752876

1
1 0 0 0.863256

5
1 0 2249 0.880929
2 0 0 0.901295
3 2 3 0.960223
6 0 0 1.0682
7 0 0 0.975013

3
1 1 2 0.816499
2 0 0 0.735349
3 0 0 0.990326

3
1 0 6669 0.870995
2 0 0 0.904091
3 0 0 0.930866

3
1 0 4257 0.944456
2 0 0 0.673694
3 0 0 0.960679

3
1 1 1 0.912462
2 0 0 1.08114
3 0 0 0.825539

3
1 1 1 0.890389
2 0 0 0.909488
3 0 0 0.769836

5
1 2 2 0.919844
2 0 0 0.909651
3 2 4 1.00639
6 0 0 1.01666
7 0 0 0.967117

5
1 1 1 0.9009
2 2 3 1.03617
4 0 0 0.983428
5 0 0 0.873915
3 0 0 0.792041

5
1 1 1 0.867378
2 0 368 0.993987
4 0 0 1.01529
5 0 0 1.01982
3 0 0 0.771145

3
1 1 1 0.859083
2 0 0 1.02852
3 0 0 0.828353

5
1 1 1 0.7893
2 2 1 0.966196
4 0 0 0.910634
5 0 0 1.00208
3 0 0 0.731911

5
1 1 1 0.902449
2 0 0 0.983937
3 1 2 0.812949
6 0 0 0.728481
7 0 0 1.00869

3
1 2 2 0.850926
2 0 0 0.835568
3 0 0 0.965338

5
1 0 9915 0.75067
2 0 0 0.784099
3 0 9987 0.894419
6 0 0 1.01285
7 0 0 1.02446

3
1 0 4167 0.997078
2 0 0 0.788472
3 0 0 1.03384

3
1 1 1 0.827227
2 0 0 1.02291
3 0 0 0.871631

3
1 2 2 0.836349
2 0 0 0.864325
3 0 0 1.03441

3
1 0 9496 0.889136
2 0 0 0.838472
3 0 0 1.13776

3
1 1 2 0.829645
2 0 0 0.843361
3 0 0 1.03352

7
1 1 1 0.900019
2 2 1 1.21097
4 0 0 1.10345
5 0 0 1.11399
3 0 45 0.695947
6 0 0 0.997991
7 0 0 0.718904

3
1 0 7267 0.811383
2 0 0 0.913523
3 0 0 0.97379

3
1 1 2 0.905094
2 0 0 0.835407
3 0 0 1.08605

1
1 0 0 0.861057

3
1 0 2142 0.881092
2 0 0 0.779241
3 0 0 0.992092

3
1 0 1777 0.929735
2 0 0 0.749266
3 0 0 0.994069

5
1 1 2 0.875155
2 0 9197 0.932822
4 0 0 0.877202
5 0 0 1.02009
3 0 0 1.08449

3
1 1 1 0.81555
2 0 0 1.01693
3 0 0 0.789003

3
1 0 8020 0.83249
2 0 0 0.976227
3 0 0 0.985404

1
1 0 0 0.793744

5
1 0 2241 0.826718
2 0 0 0.765896
3 0 3594 1.0179
6 0 0 0.947132
7 0 0 0.903973

5
1 0 546 0.877953
2 2 4 0.957013
4 0 0 0.875723
5 0 0 1.12648
3 0 0 0.886424

5
1 0 8011 0.846568
2 0 0 0.818275
3 0 9678 0.925793
6 0 0 0.903971
7 0 0 1.04339

1
1 0 0 0.773394

3
1 0 1117 0.879946
2 0 0 1.08425
3 0 0 0.817418

5
1 0 9273 0.904444
2 0 0 0.845742
3 1 2 0.940373
6 0 0 1.1055
7 0 0 0.970147

5
1 1 2 0.780093
2 0 0 0.854447
3 0 9855 1.04956
6 0 0 1.06624
7 0 0 0.999166

3
1 1 2 0.844191
2 0 0 0.879875
3 0 0 0.931181

3
1 0 9059 0.876214
2 0 0 0.800073
3 0 0 0.964977

3
1 0 1282 0.848158
2 0 0 0.999558
3 0 0 0.822186

3
1 1 1 0.838166
2 0 0 1.14273
3 0 0 0.71499

3
1 0 3983 0.912086
2 0 0 0.81424
3 0 0 0.960308

5
1 0 1963 0.888796
2 0 1617 0.823537
4 0 0 0.735193
5 0 0 1.01153
3 0 0 1.04851

3
1 1 1 0.853677
2 0 0 0.959745
3 0 0 0.768281

3
1 0 2438 0.944449
2 0 0 0.846038
3 0 0 0.95901

3
1 0 7655 0.863572
2 0 0 0.836579
3 0 0 0.859731

3
1 2 4 0.89687
2 0 0 0.827558
3 0 0 1.02549

7
1 0 3259 0.893817
2 0 0 0.831445
3 1 1 1.07958
6 2 4 1.04817
12 0 0 0.937118
13 0 0 1.04396
7 0 0 0.985363

1
1 0 0 0.924575

3
1 2 4 0.889062
2 0 0 0.830019
3 0 0 0.952714

1
1 0 0 0.827786

3
1 0 8199 0.905915
2 0 0 0.796888
3 0 0 0.982742

3
1 0 222 0.774217
2 0 0 1.00828
3 0 0 0.921574

5
1 1 1 0.881897
2 0 0 1.02625
3 1 2 0.917467
6 0 0 0.836287
7 0 0 0.976205

3
1 0 4794 0.857769
2 0 0 0.892892
3 0 0 0.895821

1
1 0 0 0.895531

3
1 0 9950 0.870507
2 0 0 0.832942
3 0 0 0.944679

5
1 2 4 0.872343
2 0 0 0.869218
3 1 1 0.903536
6 0 0 1.07365
7 0 0 0.991644

3
1 1 1 0.808447
2 0 0 0.987378
3 0 0 0.712505

1
1 0 0 0.725843

3
1 2 2 0.946628
2 0 0 0.861211
3 0 0 1.02828

3
1 1 2 0.855442
2 0 0 0.943142
3 0 0 0.928627

5
1 2 1 0.743842
2 0 0 0.994237
3 2 2 1.05699
6 0 0 1.03933
7 0 0 0.991741

3
1 0 8017 0.895709
2 0 0 0.79496
3 0 0 0.942235

3
1 0 909 0.749615
2 0 0 0.994829
3 0 0 0.735845

3
1 1 1 0.723396
2 0 0 1.05981
3 0 0 0.704412

3
1 1 1 0.838384
2 0 0 0.951503
3 0 0 0.852964

3
1 1 2 0.869823
2 0 0 0.760572
3 0 0 0.920051

3
1 0 6026 0.78821
2 0 0 0.859314
3 0 0 0.974917

3
1 0 1112 0.917264
2 0 0 1.0149
3 0 0 0.697544

3
1 1 2 0.876679
2 0 0 0.85115
3 0 0 0.969146

9
1 0 7298 0.902176
2 1 2 0.887837
4 0 0 0.847285
5 0 3199 0.962261
10 0 0 0.936174
11 0 0 0.980674
3 2 4 0.95312
6 0 0 0.947574
7 0 0 0.940756

3
1 1 2 0.752667
2 0 0 0.977787
3 0 0 0.974476

3
1 1 1 0.803004
2 0 0 0.980546
3 0 0 0.792747

3
1 1 1 0.882964
2 0 0 0.985001
3 0 0 0.79775

3
1 1 1 0.840689
2 0 0 0.89858
3 0 0 0.71117

7
1 0 9074 0.768893
2 0 0 0.876985
3 0 9933 0.95892
6 1 1 0.94903
12 0 0 0.929152
13 0 0 1.07135
7 0 0 0.861093

3
1 0 562 0.799925
2 0 0 1.09258
3 0 0 0.807849

5
1 1 1 0.836382
2 2 4 0.946946
4 0 0 0.862585
5 0 0 0.98449
3 0 0 0.83971

3
1 0 336 0.807824
2 0 0 1.11104
3 0 0 0.788698

9
1 0 9905 0.712299
2 0 0 0.777087
3 2 2 0.940263
6 1 2 1.04171
12 0 0 1.05925
13 0 0 0.963081
7 1 2 1.16348
14 0 0 1.14523
15 0 0 1.0008

3
1 1 2 0.897903
2 0 0 0.770696
3 0 0 0.977864

3
1 1 1 0.90318
2 0 0 1.03207
3 0 0 0.77152

3
1 1 2 0.850151
2 0 0 0.823333
3 0 0 0.937418

5
1 1 1 0.911742
2 2 2 1.00219
4 0 0 1.08202
5 0 0 0.907695
3 0 0 0.821759

5
1 1 1 0.974563
2 0 0 1.04999
3 1 2 0.804578
6 0 0 0.874175
7 0 0 1.02869

3
1 1 1 0.84694
2 0 0 1.00133
3 0 0 0.738748

3
1 0 2302 0.912036
2 0 0 0.734179
3 0 0 1.0098

3
1 1 2 0.875529
2 0 0 0.755956
3 0 0 0.998498

3
1 0 45 0.842008
2 0 0 1.03914
3 0 0 0.841324

3
1 1 2 0.753374
2 0 0 0.673215
3 0 0 0.977897

3
1 1 1 0.90206
2 0 0 0.890672
3 0 0 0.704551

3
1 0 7221 1.03741
2 0 0 0.790028
3 0 0 1.07128

3
1 1 1 0.860415
2 0 0 1.04717
3 0 0 0.823642

3
1 1 2 0.760007
2 0 0 0.747733
3 0 0 1.09811

3
1 0 2288 0.945691
2 0 0 0.785264
3 0 0 0.888765

3
1 0 9665 0.782766
2 0 0 0.701597
3 0 0 1.07492

9
1 0 9243 0.860487
2 1 2 0.880485
4 0 0 0.854603
5 0 2906 1.02959
10 0 0 1.08439
11 0 0 0.970481
3 0 9649 1.03074
6 0 0 0.971413
7 0 0 0.91903

5
1 0 2670 0.881794
2 0 1931 0.827408
4 0 0 0.946267
5 0 0 1.05337
3 0 0 1.07567

1
1 0 0 0.822239

3
1 1 2 0.900339
2 0 0 0.783191
3 0 0 0.992116

1
1 0 0 0.809946

3
1 0 1455 0.910788
2 0 0 0.93498
3 0 0 0.982978

3
1 0 7844 0.856588
2 0 0 0.845384
3 0 0 1.00705

3
1 1 2 0.866543
2 0 0 0.739323
3 0 0 0.93236

3
1 0 3767 0.890081
2 0 0 0.926603
3 0 0 1.05329

3
1 1 2 0.80687
2 0 0 0.812502
3 0 0 0.974873

3
1 1 1 0.842747
2 0 0 1.04882
3 0 0 0.739758

3
1 1 1 0.9009
2 0 0 0.969038
3 0 0 0.83956

3
1 0 2635 0.863229
2 0 0 0.802813
3 0 0 0.969966

3
1 1 1 0.859083
2 0 0 0.984717
3 0 0 0.881742

3
1 1 1 0.7893
2 0 0 0.910621
3 0 0 0.728275

3
1 1 2 0.823743
2 0 0 0.799472
3 0 0 0.916885

3
1 1 1 0.936913
2 0 0 1.08587
3 0 0 0.758208

3
1 1 2 0.842851
2 0 0 0.790222
3 0 0 1.01956

7
1 0 9563 0.790669
2 0 0 0.797199
3 0 9652 1.12759
6 0 0 0.957631
7 2 3 1.06174
14 0 0 1.07113
15 0 0 1.0842

5
1 1 1 0.827227
2 2 4 0.99126
4 0 0 1.02963
5 0 0 0.932834
3 0 0 0.830353

1
1 0 0 0.779633

3
1 1 1 0.867088
2 0 0 1.09174
3 0 0 0.800881

5
1 2 4 0.82675
2 0 5003 0.932527
4 0 0 0.836711
5 0 0 0.929241
3 0 0 0.995007

3
1 1 1 0.900019
2 0 0 1.12455
3 0 0 0.804876

3
1 0 9818 0.823901
2 0 0 0.810726
3 0 0 0.967702

3
1 2 1 0.906578
2 0 0 0.989334
3 0 0 1.00158

3
1 1 1 0.874406
2 0 0 1.09957
3 0 0 0.913306

5
1 2 3 0.901098
2 0 0 0.840566
3 0 1565 1.01556
6 0 0 1.01652
7 0 0 0.989551

7
1 0 6412 0.872862
2 1 1 0.937759
4 2 1 0.966195
8 0 0 1.15423
9 0 0 1.00722
5 0 0 0.925451
3 0 0 0.886185

3
1 1 2 0.875155
2 0 0 0.863099
3 0 0 0.95514

1
1 0 0 0.79997

5
1 0 8020 0.83249
2 0 0 0.823986
3 2 4 0.991231
6 0 0 1.05873
7 0 0 0.953268

3
1 1 2 0.897808
2 0 0 0.894824
3 0 0 1.05912

5
1 0 5222 0.860105
2 0 4464 0.943827
4 0 0 0.876892
5 0 0 0.984322
3 0 0 1.02937

7
1 0 1732 0.846783
2 1 2 0.83697
4 0 0 0.831332
5 0 0 0.953108
3 2 3 1.02324
6 0 0 0.999595
7 0 0 0.990276

7
1 0 8011 0.846568
2 0 0 0.765935
3 0 9509 1.0049
6 0 8174 0.993609
12 0 0 1.07079
13 0 0 1.11831
7 0 0 0.964606

3
1 2 1 0.870697
2 0 0 0.749177
3 0 0 0.862488

3
1 0 1002 0.961166
2 0 0 1.11074
3 0 0 0.811645

1
1 0 0 0.885214

3
1 1 2 0.780093
2 0 0 0.877123
3 0 0 1.1266

1
1 0 0 0.913603

3
1 0 4488 0.843811
2 0 0 0.888638
3 0 0 1.03962

3
1 2 4 0.87077
2 0 0 0.896687
3 0 0 0.964499

5
1 1 1 0.838166
2 0 2625 0.968639
4 0 0 1.1373
5 0 0 1.03859
3 0 0 0.810777

3
1 0 6864 0.807716
2 0 0 0.779079
3 0 0 0.976566

3
1 0 1242 0.814452
2 0 0 0.959424
3 0 0 0.806351

3
1 1 1 0.853677
2 0 0 1.24765
3 0 0 0.857235

3
1 0 2438 0.944449
2 0 0 0.776722
3 0 0 0.937533

1
1 0 0 0.78502

1
1 0 0 0.801794

3
1 2 4 0.836324
2 0 0 0.911677
3 0 0 1.07224

3
1 1 1 0.905845
2 0 0 1.03065
3 0 0 0.782752

3
1 1 1 0.885542
2 0 0 1.13538
3 0 0 0.874541

5
1 0 2006 0.894534
2 0 0 0.83643
3 2 2 0.934096
6 0 0 1.01066
7 0 0 0.952983

3
1 0 9532 0.812618
2 0 0 0.683839
3 0 0 0.959112

7
1 0 8922 0.883788
2 0 0 0.846303
3 2 1 1.20295
6 0 9133 0.974793
12 0 0 0.912625
13 0 0 0.931796
7 0 0 1.11064

5
1 2 2 0.874751
2 0 0 0.826845
3 0 1933 1.02913
6 0 0 0.922545
7 0 0 1.0077

5
1 0 1082 0.90296
2 0 0 1.04274
3 1 2 0.918436
6 0 0 0.808866
7 0 0 1.03638

3
1 1 2 0.766556
2 0 0 0.774277
3 0 0 1.03584

3
1 0 2962 0.89648
2 0 0 0.893054
3 0 0 0.950844

1
1 0 0 0.782683

1
1 0 0 0.798432

3
1 0 3481 0.967143
2 0 0 0.835283
3 0 0 0.950901

5
1 1 1 0.959936
2 2 3 0.956833
4 0 0 0.928785
5 0 0 0.877113
3 0 0 0.792493

3
1 0 1665 0.813502
2 0 0 0.819403
3 0 0 0.976731

3
1 1 2 0.924033
2 0 0 0.833049
3 0 0 0.955369

7
1 1 2 0.966474
2 0 0 0.856716
3 2 2 1.04828
6 0 8385 0.850168
12 0 0 0.873532
13 0 0 1.04286
7 0 0 1.13488

1
1 0 0 0.764527

3
1 1 1 0.723396
2 0 0 1.09909
3 0 0 0.790916

3
1 1 1 0.838384
2 0 0 0.883879
3 0 0 0.839235

3
1 1 1 0.907162
2 0 0 1.17046
3 0 0 0.708199

1
1 0 0 0.852551

3
1 0 1112 0.917264
2 0 0 1.04926
3 0 0 0.929904

1
1 0 0 0.854467

1
1 0 0 0.762927

1
1 0 0 0.803872

3
1 1 1 0.803004
2 0 0 1.00498
3 0 0 0.821848

3
1 1 1 0.969912
2 0 0 0.971578
3 0 0 0.978072

3
1 1 1 0.840689
2 0 0 0.986738
3 0 0 0.725711

3
1 1 1 0.86101
2 0 0 1.17066
3 0 0 0.748652

1
1 0 0 0.859701

3
1 1 1 0.836382
2 0 0 1.00493
3 0 0 0.787304

5
1 0 3331 0.950147
2 0 0 0.800787
3 1 1 1.04918
6 0 0 0.958059
7 0 0 1.19891

5
1 0 9905 0.712299
2 0 0 0.775241
3 1 1 1.15855
6 0 0 0.943192
7 0 0 0.943526

3
1 1 2 0.897903
2 0 0 0.824071
3 0 0 1.0032

5
1 0 465 0.888024
2 0 397 0.993126
4 0 0 1.06477
5 0 0 0.912946
3 0 0 0.717943

1
1 0 0 0.827401

3
1 1 2 0.844401
2 0 0 0.744281
3 0 0 0.980847

3
1 0 9519 0.7781
2 0 0 0.778931
3 0 0 1.05432

3
1 0 5828 0.941885
2 0 0 0.882723
3 0 0 1.06027

3
1 0 2302 0.912036
2 0 0 0.92539
3 0 0 1.01497

3
1 0 1178 0.875297
2 0 0 1.06534
3 0 0 0.802143

3
1 0 9798 0.828509
2 0 0 0.899839
3 0 0 1.02219

7
1 0 9751 0.723506
2 0 0 0.832261
3 1 2 1.02185
6 0 0 1.20615
7 0 9882 1.02476
14 0 0 0.922777
15 0 0 1.05464

3
1 1 1 0.90206
2 0 0 0.897074
3 0 0 0.766504

1
1 0 0 0.847746

5
1 1 1 0.860415
2 0 9042 0.979372
4 0 0 1.00762
5 0 0 1.13844
3 0 0 0.794375

3
1 1 1 0.900676
2 0 0 0.942596
3 0 0 0.790498

3
1 0 2288 0.945691
2 0 0 0.808616
3 0 0 0.920346

5
1 0 2006 0.834217
2 2 4 0.896369
4 0 0 0.893178
5 0 0 1.02169
3 0 0 1.02121

1
1 0 0 0.899875

1
1 0 0 0.813878

1
1 0 0 0.759787

5
1 1 2 0.900339
2 0 0 0.748145
3 0 8185 1.06147
6 0 0 1.01447
7 0 0 0.981955

3
1 0 6072 0.851258
2 0 0 0.858217
3 0 0 1.02687

3
1 2 1 0.874033
2 0 0 0.915491
3 0 0 0.932444

3
1 0 1833 0.892389
2 0 0 0.766104
3 0 0 0.957782

3
1 1 2 0.955145
2 0 0 0.737566
3 0 0 1.02169

3
1 0 359 0.844676
2 0 0 1.09073
3 0 0 0.815328

3
1 1 2 0.966341
2 0 0 0.681233
3 0 0 0.915027

3
1 1 1 0.842747
2 0 0 1.02901
3 0 0 0.723848

3
1 0 1059 0.844562
2 0 0 0.991399
3 0 0 0.89799

3
1 1 1 0.848569
2 0 0 1.01143
3 0 0 0.871469

3
1 1 1 0.8536
2 0 0 0.985505
3 0 0 0.752913

5
1 1 1 0.880824
2 2 3 0.993532
4 0 0 1.00962
5 0 0 1.01157
3 0 0 0.743176

3
1 1 2 0.875266
2 0 0 0.81732
3 0 0 1.14923

3
1 0 9556 0.861063
2 0 0 0.895584
3 0 0 1.02786

3
1 1 2 0.842851
2 0 0 0.86645
3 0 0 1.11518

3
1 1 2 0.836117
2 0 0 0.848465
3 0 0 0.875623

3
1 2 3 0.862103
2 0 0 0.823685
3 0 0 0.973517

3
1 0 778 0.797796
2 0 0 1.00089
3 0 0 0.670962

1
1 0 0 0.844936

3
1 1 2 0.840704
2 0 0 0.843927
3 0 0 0.909716

3
1 1 1 0.900019
2 0 0 0.956673
3 0 0 0.792066

3
1 1 1 0.884672
2 0 0 0.96533
3 0 0 0.779439

3
1 0 7537 0.976306
2 0 0 0.855265
3 0 0 1.01699

3
1 1 1 0.874406
2 0 0 1.05998
3 0 0 0.705882

3
1 2 3 0.903662
2 0 0 0.838296
3 0 0 0.910835

5
1 2 4 0.892621
2 1 1 0.890527
4 0 0 1.02044
5 0 0 0.784522
3 0 0 0.981433

3
1 1 2 0.875155
2 0 0 0.798681
3 0 0 0.93885

3
1 0 459 0.86122
2 0 0 1.1854
3 0 0 0.703882

3
1 0 391 0.977406
2 0 0 1.05395
3 0 0 0.998071

3
1 2 3 0.953782
2 0 0 0.880232
3 0 0 0.925177

3
1 0 5222 0.860105
2 0 0 0.872538
3 0 0 1.06946

3
1 0 1732 0.846783
2 0 0 0.836156
3 0 0 1.16008

3
1 0 3272 0.925931
2 0 0 0.838764
3 0 0 1.03847

7
1 1 1 0.936647
2 0 0 0.987073
3 0 868 0.961399
6 0 0 1.01779
7 1 2 0.981149
14 0 0 0.828183
15 0 0 0.946238

3
1 0 618 0.983198
2 0 0 0.956108
3 0 0 0.934754

1
1 0 0 0.876237

5
1 1 1 0.918871
2 0 0 1.02462
3 0 1988 0.88125
6 0 0 0.838621
7 0 0 0.864134

5
1 0 3252 0.906291
2 1 1 0.858144
4 0 0 1.02696
5 0 0 0.770298
3 0 0 0.929373

3
1 0 4488 0.843811
2 0 0 0.894916
3 0 0 0.988759

3
1 1 1 0.86727
2 0 0 1.13448
3 0 0 0.722669

3
1 1 1 0.838166
2 0 0 0.955847
3 0 0 0.979106

5
1 0 9872 0.900425
2 0 0 0.741425
3 1 1 1.0056
6 0 0 0.992343
7 0 0 0.982797

3
1 0 1303 0.886211
2 0 0 0.934506
3 0 0 0.899855

5
1 0 3675 0.888005
2 0 0 0.72606
3 1 2 0.966805
6 0 0 0.966753
7 0 0 1.04588

7
1 1 1 0.842238
2 2 3 0.983733
4 0 0 1.09228
5 0 0 1.05643
3 1 2 0.817561
6 0 0 0.772375
7 0 0 0.948017

3
1 0 5449 0.966487
2 0 0 0.852013
3 0 0 0.967538

7
1 0 755 0.826876
2 0 178 1.04187
4 0 129 0.961231
8 0 0 1.09367
9 0 0 1.09711
5 0 0 0.873807
3 0 0 0.86283

1
1 0 0 0.834832

3
1 1 1 0.905845
2 0 0 1.06757
3 0 0 0.867665

3
1 0 876 0.870697
2 0 0 0.968461
3 0 0 0.871287

3
1 0 2006 0.894534
2 0 0 0.719445
3 0 0 0.992475

5
1 0 904 0.796854
2 0 0 1.06524
3 0 6637 0.912115
6 0 0 0.875424
7 0 0 0.972315

3
1 0 9916 0.892704
2 0 0 0.816633
3 0 0 0.91975

5
1 0 8244 0.824616
2 0 0 0.82396
3 0 9108 0.984317
6 0 0 1.0218
7 0 0 1.0296

3
1 1 1 0.841123
2 0 0 0.951496
3 0 0 0.7583

3
1 0 8075 0.862373
2 0 0 0.887048
3 0 0 0.836045

1
1 0 0 0.839344

5
1 0 2039 0.889605
2 0 0 0.805545
3 1 1 0.964403
6 0 0 1.06541
7 0 0 0.963338

3
1 1 2 0.922951
2 0 0 0.739558
3 0 0 0.959971

5
1 0 6032 0.984001
2 0 0 0.937838
3 1 2 0.961108
6 0 0 0.970202
7 0 0 1.00738

3
1 1 1 0.959936
2 0 0 0.904508
3 0 0 0.825464

7
1 0 1665 0.813502
2 1 1 0.892104
4 0 0 1.08754
5 0 1072 0.850652
10 0 0 1.00214
11 0 0 0.719818
3 0 0 0.908542

3
1 0 7836 0.869496
2 0 0 0.892424
3 0 0 0.897405

3
1 1 2 0.773169
2 0 0 0.760009
3 0 0 1.07921

1
1 0 0 0.805223

3
1 0 116 0.880316
2 0 0 0.894795
3 0 0 0.872011

1
1 0 0 0.808233

3
1 2 1 0.860401
2 0 0 0.873257
3 0 0 0.962484

5
1 0 7839 0.847918
2 1 1 0.8714
4 0 0 1.07345
5 0 0 0.752006
3 0 0 0.956653

1
1 0 0 0.701922

3
1 0 4070 0.862128
2 0 0 0.974376
3 0 0 0.969217

3
1 0 6989 0.790935
2 0 0 0.796458
3 0 0 1.02134

7
1 1 1 0.779354
2 2 2 1.02131
4 0 0 1.00567
5 2 3 0.990488
10 0 0 0.907253
11 0 0 0.967478
3 0 0 0.797204

3
1 1 1 0.819906
2 0 0 1.02137
3 0 0 0.775942

3
1 1 2 0.808298
2 0 0 0.860153
3 0 0 0.960487

1
1 0 0 0.838701

3
1 1 1 0.851541
2 0 0 0.978537
3 0 0 0.841024

3
1 1 2 0.87311
2 0 0 0.792036
3 0 0 0.988304

3
1 1 1 0.836382
2 0 0 1.13865
3 0 0 0.812401

3
1 2 3 0.818246
2 0 0 0.814603
3 0 0 0.810111

1
1 0 0 0.765729

3
1 1 2 0.897903
2 0 0 0.806752
3 0 0 0.924388

7
1 0 864 0.730072
2 1 1 0.992199
4 0 0 1.11601
5 0 0 1.00407
3 0 9487 0.790904
6 0 0 0.74308
7 0 0 0.927749

5
1 1 1 0.802916
2 2 3 1.04484
4 0 0 1.05906
5 0 0 1.02351
3 0 0 0.828976

7
1 1 2 0.844401
2 0 2183 0.843419
4 0 1704 0.835549
8 0 0 0.810849
9 0 0 1.07933
5 0 0 0.981081
3 0 0 1.0203

3
1 1 2 0.927041
2 0 0 0.754999
3 0 0 1.02405

7
1 0 9882 0.835118
2 0 0 0.808825
3 1 1 1.03968
6 0 0 0.885784
7 0 9981 0.996886
14 0 0 0.941791
15 0 0 0.996995

7
1 2 1 0.958658
2 1 2 0.94044
4 0 0 0.986537
5 0 0 0.981683
3 2 3 1.01351
6 0 0 0.984593
7 0 0 0.931387

5
1 0 9441 0.739171
2 0 0 0.779668
3 0 9719 1.0069
6 0 0 1.00043
7 0 0 0.886712

3
1 1 1 0.790442
2 0 0 0.976207
3 0 0 0.841733

7
1 2 2 0.874189
2 1 1 0.905778
4 0 0 0.9516
5 0 0 0.758251
3 0 7773 0.841952
6 0 0 0.884234
7 0 0 0.90569

3
1 2 2 0.803235
2 0 0 0.927466
3 0 0 0.929851

5
1 0 9785 0.817844
2 0 0 0.77116
3 0 9909 1.113
6 0 0 1.01875
7 0 0 1.06045

3
1 1 1 0.860415
2 0 0 0.998598
3 0 0 0.840194

5
1 0 6115 0.943734
2 1 1 0.933351
4 0 0 1.04598
5 0 0 0.857052
3 0 0 0.991955

3
1 1 1 0.909037
2 0 0 0.956411
3 0 0 0.615362

3
1 2 2 0.914604
2 0 0 0.815034
3 0 0 1.02874

5
1 0 8329 0.899875
2 0 0 0.694558
3 1 2 1.01964
6 0 0 1.09115
7 0 0 0.943765

5
1 0 1103 0.844823
2 1 2 0.967527
4 0 0 0.982768
5 0 0 0.916284
3 0 0 0.859604

3
1 0 7730 0.891164
2 0 0 0.919113
3 0 0 0.873899

7
1 0 3861 0.945301
2 0 0 0.9178
3 0 6483 1.01298
6 0 0 0.886718
7 0 6545 0.962133
14 0 0 0.890662
15 0 0 0.961897

3
1 0 9065 0.87357
2 0 0 0.794142
3 0 0 1.04973

1
1 0 0 0.926427

3
1 0 1833 0.892389
2 0 0 0.754551
3 0 0 1.01051

3
1 0 848 0.851463
2 0 0 1.02792
3 0 0 0.737314

1
1 0 0 0.742463

3
1 1 2 0.907147
2 0 0 0.815075
3 0 0 1.02494

3
1 1 2 0.892029
2 0 0 1.00786
3 0 0 1.03261

1
1 0 0 0.790177

3
1 0 59 0.846535
2 0 0 0.944795
3 0 0 0.722912

7
1 1 1 0.8536
2 2 4 1.02459
4 0 9978 0.989007
8 0 0 1.02549
9 0 0 0.980904
5 0 0 0.927199
3 0 0 0.794143

3
1 1 1 0.880824
2 0 0 0.969065
3 0 0 0.76191

3
1 0 7838 0.89093
2 0 0 0.896938
3 0 0 1.11532

1
1 0 0 0.812462

3
1 1 2 0.842851
2 0 0 0.909164
3 0 0 1.12333

3
1 1 2 0.881252
2 0 0 0.903608
3 0 0 1.04061

3
1 1 1 0.861137
2 0 0 0.997807
3 0 0 0.810902

5
1 1 2 0.829531
2 0 0 0.825865
3 0 2961 1.03713
6 0 0 1.0401
7 0 0 1.02514

3
1 1 2 0.811937
2 0 0 0.774916
3 0 0 0.952412

1
1 0 0 0.790362

3
1 0 9900 0.778695
2 0 0 0.761258
3 0 0 1.07849

5
1 0 5760 0.960779
2 1 2 0.822682
4 0 0 0.803343
5 0 0 1.06763
3 0 0 0.995835

7
1 1 2 0.843809
2 0 0 0.863096
3 0 3010 0.97193
6 0 504 1.17464
12 0 0 1.00348
13 0 0 0.973413
7 0 0 1.05479

3
1 1 2 0.777914
2 0 0 0.861326
3 0 0 1.04893

1
1 0 0 0.752643

1
1 0 0 0.759707

1
1 0 0 0.801203

3
1 0 1658 0.881001
2 0 0 0.80187
3 0 0 0.931294

3
1 1 1 0.853902
2 0 0 1.09408
3 0 0 0.783866

3
1 1 1 0.843845
2 0 0 1.00103
3 0 0 0.772946

1
1 0 0 0.838995

5
1 1 1 0.830323
2 0 5102 1.06124
4 0 0 1.02274
5 0 0 0.976155
3 0 0 0.797969

3
1 0 3272 0.925931
2 0 0 0.859279
3 0 0 1.00699

5
1 1 1 0.887446
2 0 8704 1.07151
4 0 0 1.03241
5 0 0 1.00354
3 0 0 0.875519

3
1 1 2 0.896285
2 0 0 0.705153
3 0 0 0.884565

5
1 1 2 0.904979
2 1 1 0.936119
4 0 0 0.929486
5 0 0 0.713826
3 0 0 0.985234

3
1 1 1 0.918871
2 0 0 0.986098
3 0 0 0.876103

3
1 0 6576 0.861181
2 0 0 0.892207
3 0 0 0.973224

3
1 2 2 0.887911
2 0 0 0.907939
3 0 0 0.964398

5
1 1 1 0.86727
2 0 0 1.14069
3 2 4 0.827007
6 0 0 0.847402
7 0 0 1.066

5
1 1 1 0.838166
2 0 0 1.0127
3 0 2701 0.85511
6 0 0 0.91049
7 0 0 1.00549

5
1 0 3946 0.857307
2 2 1 0.910601
4 0 0 0.85125
5 0 0 1.01266
3 0 0 1.01178

1
1 0 0 0.849099

3
1 0 3675 0.888005
2 0 0 0.897444
3 0 0 1.03891

3
1 0 2938 0.892222
2 0 0 0.901842
3 0 0 1.04382

5
1 1 1 0.871193
2 0 0 0.946436
3 0 7529 0.75164
6 0 0 0.801725
7 0 0 1.02662

3
1 0 1794 0.847293
2 0 0 0.819339
3 0 0 0.896973

3
1 0 927 0.869145
2 0 0 1.03582
3 0 0 0.817224

3
1 1 1 0.905845
2 0 0 0.981134
3 0 0 0.717416

3
1 2 3 0.809942
2 0 0 0.880896
3 0 0 1.03592

5
1 0 4154 0.897471
2 0 0 0.690543
3 0 4316 0.942004
6 0 0 0.991413
7 0 0 0.920688

3
1 0 9237 0.875932
2 0 0 0.957587
3 0 0 1.07583

3
1 1 1 0.979942
2 0 0 1.04645
3 0 0 0.810789

3
1 1 1 0.816726
2 0 0 0.949985
3 0 0 0.762804

3
1 1 1 0.858746
2 0 0 0.990641
3 0 0 0.812549

5
1 0 5329 0.943899
2 0 1681 0.944061
4 0 0 0.720211
5 0 0 0.953078
3 0 0 0.958213

3
1 0 2000 0.925667
2 0 0 0.837479
3 0 0 0.949804

3
1 1 1 0.832707
2 0 0 0.951776
3 0 0 0.736854

3
1 1 2 0.928781
2 0 0 0.918339
3 0 0 0.955854

3
1 0 916 0.96292
2 0 0 0.934769
3 0 0 0.761598

3
1 2 3 0.950307
2 0 0 0.994017
3 0 0 0.962211

3
1 0 1665 0.813502
2 0 0 0.814849
3 0 0 1.00322

3
1 0 6413 0.855469
2 0 0 0.787126
3 0 0 0.922345

5
1 2 4 0.834438
2 0 0 0.881648
3 0 7797 0.994331
6 0 0 1.07919
7 0 0 0.935594

7
1 1 2 0.867671
2 0 0 0.849692
3 0 1336 0.89929
6 0 601 0.985388
12 0 0 1.08133
13 0 0 1.0176
7 0 0 0.905738

3
1 1 1 0.850611
2 0 0 0.955507
3 0 0 0.797198

3
1 0 9909 0.85953
2 0 0 0.783754
3 0 0 1.101

3
1 0 3709 0.824064
2 0 0 0.893953
3 0 0 1.07995

1
1 0 0 0.867322

3
1 0 1159 0.845517
2 0 0 1.00435
3 0 0 0.838578

3
1 1 2 0.792279
2 0 0 0.902326
3 0 0 1.16649

3
1 0 793 0.817211
2 0 0 1.00438
3 0 0 0.730609

3
1 0 79 0.804654
2 0 0 1.09682
3 0 0 0.736409

1
1 0 0 0.825348

5
1 0 6200 0.789512
2 0 0 0.858418
3 1 1 0.839014
6 0 0 1.02405
7 0 0 0.91618

1
1 0 0 0.825833

5
1 1 2 0.872016
2 0 0 0.788837
3 2 4 0.900984
6 0 0 0.904709
7 0 0 0.949734

3
1 1 1 0.862054
2 0 0 0.983049
3 0 0 0.849048

5
1 0 8212 0.914679
2 0 6294 0.826308
4 0 0 0.823415
5 0 0 0.937494
3 0 0 0.907976

3
1 1 1 0.823027
2 0 0 1.08001
3 0 0 0.785988

5
1 1 1 0.871751
2 0 1786 1.26028
4 0 0 1.10314
5 0 0 1.13671
3 0 0 0.723435

3
1 1 2 0.863687
2 0 0 0.844703
3 0 0 1.01795

3
1 0 3859 0.881806
2 0 0 0.868662
3 0 0 0.985471

3
1 1 1 0.781714
2 0 0 1.05005
3 0 0 0.79398

5
1 1 1 0.78774
2 2 2 1.03545
4 0 0 1.0125
5 0 0 0.997103
3 0 0 0.793946

1
1 0 0 0.860919

1
1 0 0 0.753848

3
1 1 2 0.808834
2 0 0 0.828081
3 0 0 0.951306

3
1 1 2 0.863605
2 0 0 0.837691
3 0 0 1.00897

3
1 1 2 0.878677
2 0 0 0.799796
3 0 0 0.981808

5
1 0 768 0.843256
2 0 704 0.967395
4 0 0 0.943605
5 0 0 1.10178
3 0 0 0.763777

3
1 1 2 0.864634
2 0 0 0.826078
3 0 0 1.20705

3
1 2 2 0.843481
2 0 0 0.849589
3 0 0 0.913773

3
1 0 7103 0.87403
2 0 0 0.828489
3 0 0 0.939259

3
1 1 2 0.938985
2 0 0 0.857581
3 0 0 1.02119

3
1 1 1 0.909037
2 0 0 0.96974
3 0 0 0.8186

3
1 0 3137 0.858057
2 0 0 0.816028
3 0 0 0.934495

5
1 0 8329 0.899875
2 1 2 0.839722
4 0 0 0.922023
5 0 0 1.05225
3 0 0 0.932612

3
1 0 9311 0.710602
2 0 0 0.701381
3 0 0 0.888744

3
1 0 7739 0.857852
2 0 0 0.840517
3 0 0 0.803077

3
1 0 1153 0.910169
2 0 0 1.07334
3 0 0 0.831222

3
1 0 9714 0.857424
2 0 0 0.760605
3 0 0 1.06104

3
1 1 1 0.826402
2 0 0 1.02925
3 0 0 0.799366

3
1 0 1833 0.892389
2 0 0 0.895209
3 0 0 0.982985

3
1 1 1 0.829919
2 0 0 1.10628
3 0 0 0.839682

3
1 0 8146 0.841807
2 0 0 0.739032
3 0 0 0.957831

3
1 1 1 0.885595
2 0 0 1.04664
3 0 0 0.772287

1
1 0 0 0.735616

3
1 0 789 0.858715
2 0 0 0.976343
3 0 0 0.683052

3
1 1 2 0.843912
2 0 0 0.876964
3 0 0 0.978263

3
1 1 2 0.91054
2 0 0 0.882476
3 0 0 0.931449

3
1 1 1 0.958183
2 0 0 1.04214
3 0 0 0.897085

3
1 0 1396 0.866638
2 0 0 1.06144
3 0 0 0.839801

3
1 1 2 0.874555
2 0 0 0.872737
3 0 0 1.0727

1
1 0 0 0.77171

3
1 1 2 0.881252
2 0 0 0.82006
3 0 0 0.983382

1
1 0 0 0.694333

5
1 1 2 0.829531
2 0 0 0.808938
3 0 4934 1.04169
6 0 0 0.986687
7 0 0 1.0164

9
1 0 3759 0.868906
2 0 411 0.879349
4 0 0 0.932865
5 0 0 0.802538
3 2 3 1.06172
6 1 1 1.15973
12 0 0 0.970542
13 0 0 1.26028
7 0 0 0.983435

5
1 0 5604 0.770518
2 1 1 0.823389
4 0 0 1.05311
5 0 0 0.837389
3 0 0 1.0227

3
1 1 1 0.818743
2 0 0 1.02579
3 0 0 0.824331

7
1 1 1 0.901351
2 0 2993 1.02751
4 2 3 0.963469
8 0 0 1.02555
9 0 0 0.93662
5 0 0 0.97175
3 0 0 0.911778

3
1 1 2 0.843809
2 0 0 0.637055
3 0 0 0.962218

3
1 1 2 0.777914
2 0 0 0.917544
3 0 0 0.868438

3
1 1 2 0.791945
2 0 0 0.811618
3 0 0 0.996238

3
1 0 9651 0.888842
2 0 0 0.940709
3 0 0 0.985383

1
1 0 0 0.733189

5
1 0 5847 0.897169
2 0 4414 0.913998
4 0 0 0.856214
5 0 0 0.93271
3 0 0 0.951259

3
1 0 641 0.748806
2 0 0 1.04961
3 0 0 0.756902

5
1 0 5736 0.884446
2 0 0 0.811463
3 0 6745 0.953564
6 0 0 0.976267
7 0 0 0.917493

3
1 1 1 0.906341
2 0 0 1.04382
3 0 0 0.832409

3
1 1 1 0.830323
2 0 0 0.97992
3 0 0 0.902853

3
1 0 3272 0.925931
2 0 0 0.834213
3 0 0 0.938509

3
1 1 1 0.887446
2 0 0 0.974424
3 0 0 0.796124

1
1 0 0 0.813605

3
1 0 2143 0.88074
2 0 0 0.824989
3 0 0 1.05437

5
1 1 1 0.918871
2 2 1 1.04496
4 0 0 0.978
5 0 0 0.966694
3 0 0 0.748125

5
1 0 6576 0.861181
2 0 0 0.770263
3 1 1 0.943468
6 0 0 0.971356
7 0 0 0.959442

5
1 1 2 0.890346
2 0 0 0.800654
3 0 4139 0.904959
6 0 0 1.09943
7 0 0 0.908021

3
1 1 1 0.86727
2 0 0 0.96748
3 0 0 0.705359

3
1 1 1 0.889244
2 0 0 0.930513
3 0 0 0.770023

7
1 0 8831 0.921578
2 0 4724 0.926002
4 0 0 0.816367
5 0 6552 0.909883
10 0 0 0.853629
11 0 0 0.956477
3 0 0 1.08912

3
1 0 2413 0.88895
2 0 0 0.831683
3 0 0 1.01794

3
1 0 1878 0.933355
2 0 0 0.817305
3 0 0 1.12635

3
1 1 1 0.957331
2 0 0 1.00869
3 0 0 0.837904

5
1 0 9566 0.88146
2 0 0 0.841905
3 2 3 0.895653
6 0 0 0.974583
7 0 0 1.12578

3
1 0 5367 0.846775
2 0 0 0.817977
3 0 0 1.02767

3
1 1 2 0.827501
2 0 0 0.895425
3 0 0 1.0009

3
1 1 1 0.892195
2 0 0 0.937419
3 0 0 0.823218

3
1 0 9171 0.910926
2 0 0 0.817645
3 0 0 0.949357

5
1 0 1864 0.957209
2 1 1 0.72703
4 0 0 0.873698
5 0 0 0.820543
3 0 0 0.991287

1
1 0 0 0.778734

3
1 1 1 0.921091
2 0 0 0.882074
3 0 0 0.858052

3
1 1 1 0.841528
2 0 0 1.0396
3 0 0 0.834824

3
1 1 2 1.04294
2 0 0 0.965769
3 0 0 1.05467

1
1 0 0 0.820103

3
1 0 5536 0.905013
2 0 0 0.867042
3 0 0 0.97118

3
1 1 1 0.832707
2 0 0 0.941332
3 0 0 0.882306

3
1 1 1 0.887911
2 0 0 0.943227
3 0 0 0.785055

5
1 1 2 0.849413
2 0 0 0.882335
3 2 4 0.957884
6 0 0 1.0407
7 0 0 1.0692

5
1 1 2 0.911049
2 0 4308 0.929935
4 0 0 0.857945
5 0 0 0.973536
3 0 0 0.97227

7
1 0 1665 0.813502
2 1 1 0.829813
4 0 0 1.01555
5 0 0 0.637433
3 0 2842 1.06293
6 0 0 1.05472
7 0 0 1.00384

3
1 0 7795 0.851728
2 0 0 0.843703
3 0 0 1.07792

3
1 0 5519 0.878156
2 0 0 0.911101
3 0 0 0.931823

5
1 0 4976 0.915454
2 2 1 0.917264
4 0 0 0.888596
5 0 0 1.04453
3 0 0 0.933032

3
1 1 1 0.850611
2 0 0 1.16224
3 0 0 0.789127

1
1 0 0 0.786734

3
1 1 2 0.931721
2 0 0 0.833108
3 0 0 0.984635

1
1 0 0 0.79016

5
1 0 1159 0.845517
2 1 1 1.10871
4 0 0 1.09608
5 0 0 0.982575
3 0 0 0.794677

3
1 1 1 0.923992
2 0 0 1.01664
3 0 0 0.743694

3
1 2 2 0.878332
2 0 0 0.853875
3 0 0 1.11167

7
1 1 2 0.874902
2 0 0 0.847099
3 2 3 0.970887
6 0 0 0.999772
7 0 2719 0.924445
14 0 0 1.09708
15 0 0 0.973785

3
1 0 8979 0.865902
2 0 0 0.89594
3 0 0 1.00409

3
1 0 1146 0.880906
2 0 0 1.0046
3 0 0 0.80305

3
1 1 1 0.90036
2 0 0 0.984487
3 0 0 0.700945

3
1 0 8938 0.870576
2 0 0 0.78978
3 0 0 0.983734

7
1 0 338 0.828964
2 0 0 0.995514
3 1 2 0.922316
6 0 0 0.828961
7 2 4 1.07311
14 0 0 1.04358
15 0 0 1.03151

7
1 0 493 0.809365
2 1 1 0.929699
4 0 0 1.11864
5 1 2 0.951735
10 0 0 1.13025
11 0 0 0.956883
3 0 0 0.981351

3
1 0 7455 0.883575
2 0 0 0.91645
3 0 0 0.930321

3
1 1 1 0.882027
2 0 0 0.972401
3 0 0 0.74099

5
1 1 1 0.909541
2 0 0 1.13435
3 2 3 0.871371
6 0 0 0.791185
7 0 0 0.931926

9
1 1 2 0.79807
2 0 0 0.828034
3 0 1606 1.08902
6 2 2 0.964551
12 0 0 0.856321
13 0 0 1.02277
7 0 6838 1.01006
14 0 0 1.04788
15 0 0 1.02714

3
1 1 1 0.781714
2 0 0 1.0726
3 0 0 0.792086

3
1 1 1 0.729647
2 0 0 0.900773
3 0 0 0.782282

1
1 0 0 0.766483

3
1 1 1 0.804881
2 0 0 1.00567
3 0 0 0.772367

7
1 2 4 0.84435
2 0 9383 0.840023
4 0 0 0.826808
5 0 0 0.935342
3 1 1 1.07155
6 0 0 1.04704
7 0 0 1.13519

1
1 0 0 0.837038

3
1 1 2 0.878677
2 0 0 0.77638
3 0 0 0.918701

5
1 0 8785 0.888645
2 0 6727 0.901655
4 0 0 0.867174
5 0 0 0.849599
3 0 0 0.974493

1
1 0 0 0.864897

5
1 2 2 0.843481
2 0 0 0.756537
3 2 4 0.943545
6 0 0 0.982973
7 0 0 0.851416

3
1 1 1 0.864946
2 0 0 0.995854
3 0 0 0.872151

3
1 1 2 0.938985
2 0 0 0.800702
3 0 0 1.04513

3
1 1 2 0.908448
2 0 0 0.862372
3 0 0 0.976711

3
1 0 3137 0.858057
2 0 0 0.841212
3 0 0 0.927577

5
1 0 8329 0.899875
2 1 2 0.868008
4 0 0 0.909893
5 0 0 0.969555
3 0 0 1.04912

3
1 0 8931 0.824002
2 0 0 0.842729
3 0 0 0.914031

3
1 0 93 0.799682
2 0 0 1.14689
3 0 0 0.789219

3
1 0 1153 0.910169
2 0 0 1.05104
3 0 0 0.806651

3
1 0 9448 0.781154
2 0 0 0.841985
3 0 0 1.00539

3
1 0 394 0.851915
2 0 0 0.917249
3 0 0 0.813733

5
1 1 1 0.861924
2 0 0 0.936916
3 0 3036 0.867159
6 0 0 0.724133
7 0 0 0.969624

3
1 0 6357 0.865913
2 0 0 0.974007
3 0 0 0.869878

3
1 0 9391 0.842877
2 0 0 0.768375
3 0 0 0.887721

3
1 1 1 0.885595
2 0 0 0.991108
3 0 0 0.716568

1
1 0 0 0.770919

3
1 0 6197 0.867054
2 0 0 0.855389
3 0 0 1.02614

1
1 0 0 0.80276

3
1 1 2 0.816895
2 0 0 0.879905
3 0 0 0.995434

5
1 1 1 0.958183
2 0 0 0.997301
3 1 2 0.951659
6 0 0 0.866749
7 0 0 0.918321

3
1 0 7687 0.707507
2 0 0 0.719063
3 0 0 1.03155

3
1 0 424 0.734264
2 0 0 0.990447
3 0 0 0.762257

3
1 0 397 0.826425
2 0 0 0.939384
3 0 0 0.780526

1
1 0 0 0.660418

3
1 0 573 0.883122
2 0 0 0.915467
3 0 0 0.91479

3
1 1 2 0.816027
2 0 0 0.818693
3 0 0 0.940177

3
1 2 3 0.884468
2 0 0 0.901562
3 0 0 0.994329

3
1 2 1 0.822307
2 0 0 0.880463
3 0 0 0.893481

3
1 1 2 0.878401
2 0 0 0.858144
3 0 0 0.902675

3
1 1 1 0.901351
2 0 0 1.09323
3 0 0 0.824432

5
1 1 2 0.843809
2 1 1 0.828116
4 0 0 0.961263
5 0 0 0.863375
3 0 0 1.02294

3
1 1 1 0.877988
2 0 0 0.954951
3 0 0 0.87275

3
1 1 2 0.931914
2 0 0 0.826662
3 0 0 0.995915

5
1 2 1 0.807136
2 0 0 0.801147
3 0 2035 0.932888
6 0 0 0.871202
7 0 0 0.89777

5
1 0 872 0.760274
2 0 617 0.972623
4 0 0 1.03797
5 0 0 0.939264
3 0 0 0.834426

3
1 1 2 0.899038
2 0 0 0.84051
3 0 0 0.976015

3
1 0 9706 0.795487
2 0 0 0.819523
3 0 0 1.02359

3
1 0 7510 0.824543
2 0 0 0.77535
3 0 0 0.892364

5
1 0 8017 0.969438
2 0 0 0.776277
3 1 1 1.05852
6 0 0 1.04947
7 0 0 0.940654

3
1 0 3788 0.870556
2 0 0 0.841502
3 0 0 1.09176

3
1 1 2 0.84064
2 0 0 0.847175
3 0 0 0.929281

3
1 1 1 0.887446
2 0 0 0.944453
3 0 0 0.839112

5
1 0 9590 0.771403
2 0 0 0.744155
3 2 1 1.08256
6 0 0 0.948026
7 0 0 0.965015

3
1 0 2143 0.88074
2 0 0 0.791123
3 0 0 0.993905

3
1 1 1 0.918871
2 0 0 1.01763
3 0 0 0.800642

5
1 0 303 0.80673
2 0 0 1.03524
3 0 799 0.76521
6 0 0 1.05086
7 0 0 0.71045

3
1 2 4 0.947174
2 0 0 0.830805
3 0 0 1.02197

3
1 1 1 0.861673
2 0 0 1.04798
3 0 0 0.7695

3
1 2 4 0.970125
2 0 0 0.818711
3 0 0 0.913018

3
1 1 1 0.867845
2 0 0 1.12446
3 0 0 0.807649

5
1 1 1 0.902682
2 0 0 1.05984
3 2 4 0.810973
6 0 0 0.805167
7 0 0 0.958097

9
1 0 1878 0.933355
2 0 1377 0.90169
4 0 0 0.98045
5 1 2 0.891122
10 0 0 0.835917
11 0 0 1.00719
3 1 1 0.961041
6 0 0 1.05096
7 0 0 0.827686

7
1 1 2 0.850357
2 0 0 0.91124
3 0 6493 1.03558
6 2 2 1.07925
12 0 0 0.852127
13 0 0 1.19478
7 0 0 0.958051

3
1 0 5686 0.841949
2 0 0 0.849336
3 0 0 1.03983

5
1 0 1053 0.89916
2 2 1 1.04549
4 0 0 0.999235
5 0 0 1.11955
3 0 0 0.81829

5
1 2 4 0.910892
2 1 2 0.895891
4 0 0 0.927753
5 0 0 1.14655
3 0 0 0.973714

5
1 1 1 0.904818
2 0 0 1.07758
3 1 2 0.813823
6 0 0 0.757422
7 0 0 0.964665

3
1 1 1 0.825519
2 0 0 0.968622
3 0 0 0.788149

5
1 0 1864 0.957209
2 0 0 0.746232
3 2 2 1.03188
6 0 0 1.03422
7 0 0 1.0938

3
1 0 1031 0.729028
2 0 0 0.958844
3 0 0 0.785271

3
1 1 2 0.822804
2 0 0 0.800647
3 0 0 1.02529

5
1 1 1 0.841528
2 0 0 0.953459
3 1 2 0.818984
6 0 0 0.803132
7 0 0 0.91001

3
1 1 1 0.903699
2 0 0 1.18654
3 0 0 0.712019

3
1 0 315 0.766433
2 0 0 0.898842
3 0 0 0.737899

3
1 0 8669 0.831869
2 0 0 0.808371
3 0 0 1.03313

3
1 1 1 0.8874
2 0 0 1.01559
3 0 0 0.881317

3
1 1 2 0.864616
2 0 0 0.740654
3 0 0 0.962251

5
1 1 1 0.920299
2 0 0 0.986711
3 0 2704 0.989314
6 0 0 0.842335
7 0 0 1.01973

3
1 1 1 0.966782
2 0 0 0.934602
3 0 0 0.969342

3
1 2 3 0.945452
2 0 0 0.928759
3 0 0 0.841665

3
1 0 4051 0.791578
2 0 0 0.764197
3 0 0 1.08564

3
1 1 2 0.862233
2 0 0 0.837037
3 0 0 1.00046

3
1 0 7747 0.875137
2 0 0 0.812819
3 0 0 0.86353

5
1 2 3 0.836429
2 0 0 0.942657
3 1 2 0.95199
6 0 0 0.999488
7 0 0 0.902236

3
1 2 1 0.900755
2 0 0 0.824924
3 0 0 1.02253

3
1 0 6167 0.875376
2 0 0 0.884691
3 0 0 0.958272

3
1 1 1 0.898221
2 0 0 1.07872
3 0 0 0.780108

5
1 0 2387 0.96477
2 0 0 0.83262
3 2 4 0.985465
6 0 0 1.04367
7 0 0 0.933398

3
1 0 9351 0.78376
2 0 0 0.81549
3 0 0 1.04046

3
1 1 2 0.88316
2 0 0 0.808969
3 0 0 1.0385

3
1 1 1 0.809696
2 0 0 1.17947
3 0 0 0.76951

3
1 1 1 0.850546
2 0 0 0.976738
3 0 0 0.740001

3
1 0 1146 0.880906
2 0 0 1.00892
3 0 0 0.731844

3
1 1 1 0.90036
2 0 0 1.01339
3 0 0 0.791972

1
1 0 0 0.836218

3
1 0 9419 0.894574
2 0 0 0.882986
3 0 0 1.13881

1
1 0 0 0.880653

3
1 1 2 0.974321
2 0 0 0.746377
3 0 0 0.950206

5
1 2 3 0.863722
2 0 0 1.0036
3 0 3678 0.990054
6 0 0 0.920126
7 0 0 0.989038

5
1 2 4 0.829389
2 0 0 0.826912
3 0 5751 1.08337
6 0 0 1.16476
7 0 0 1.02829

5
1 1 2 0.874757
2 0 2191 0.918795
4 0 0 0.903227
5 0 0 0.920662
3 0 0 0.967437

3
1 1 1 0.839453
2 0 0 1.09368
3 0 0 0.728567

3
1 0 9615 0.860806
2 0 0 0.870522
3 0 0 1.00946

3
1 1 1 0.868916
2 0 0 0.950177
3 0 0 0.761455

3
1 0 8542 0.894916
2 0 0 0.887649
3 0 0 0.996429

5
1 1 1 0.79336
2 2 2 1.04034
4 0 0 1.07307
5 0 0 0.987173
3 0 0 0.812817

3
1 0 7173 0.79787
2 0 0 0.901775
3 0 0 0.85836

1
1 0 0 0.792973

3
1 1 1 0.914782
2 0 0 0.958314
3 0 0 0.767274

3
1 1 2 0.924479
2 0 0 0.86494
3 0 0 0.93935

3
1 2 3 0.883722
2 0 0 0.860799
3 0 0 1.04417

3
1 0 3654 0.859561
2 0 0 0.833572
3 0 0 0.950113

3
1 1 1 0.834898
2 0 0 0.914342
3 0 0 0.739297

3
1 1 1 0.845578
2 0 0 1.00469
3 0 0 0.792275

3
1 0 8514 0.873035
2 0 0 0.837903
3 0 0 0.954608

1
1 0 0 0.833675

9
1 0 8208 0.884967
2 1 2 0.767989
4 0 0 0.89264
5 2 1 0.938214
10 0 0 1.17238
11 0 0 0.987325
3 0 8686 1.07424
6 0 0 1.06505
7 0 0 0.959437

5
1 0 455 0.911528
2 2 3 1.05699
4 0 0 1.18259
5 0 0 1.042
3 0 0 0.758123

3
1 0 1153 0.910169
2 0 0 1.163
3 0 0 0.794159

3
1 0 9802 0.713916
2 0 0 0.777733
3 0 0 1.01529

3
1 1 2 0.899715
2 0 0 0.730823
3 0 0 0.89445

3
1 1 1 0.861924
2 0 0 1.1505
3 0 0 0.912015

3
1 0 8070 0.844546
2 0 0 0.852545
3 0 0 0.979182

3
1 0 9391 0.842877
2 0 0 0.758069
3 0 0 1.07483

7
1 2 4 0.945196
2 0 0 0.960236
3 1 1 0.974436
6 0 0 0.944845
7 0 6596 1.04838
14 0 0 1.00491
15 0 0 0.854923

5
1 1 1 0.883836
2 0 0 1.11457
3 1 2 0.847526
6 0 0 0.866937
7 0 0 1.10334

5
1 1 2 0.796596
2 0 0 0.898064
3 0 3728 0.993467
6 0 0 1.09855
7 0 0 1.03461

3
1 1 1 0.828698
2 0 0 1.01779
3 0 0 0.782188

3
1 1 1 0.855154
2 0 0 1.01907
3 0 0 0.803348

3
1 0 196 0.775396
2 0 0 0.938323
3 0 0 0.806787

3
1 0 7687 0.707507
2 0 0 0.736101
3 0 0 1.029

5
1 0 3686 0.950312
2 1 2 0.912414
4 0 0 0.808968
5 0 0 1.12619
3 0 0 0.88119

3
1 1 2 0.795119
2 0 0 0.686848
3 0 0 0.986066

3
1 0 1201 0.827063
2 0 0 0.987951
3 0 0 0.865694

3
1 0 379 0.91376
2 0 0 1.09479
3 0 0 0.772052

5
1 0 5075 0.749032
2 0 0 0.807668
3 0 9195 1.02293
6 0 0 1.07275
7 0 0 1.06394

1
1 0 0 0.727442

5
1 0 9936 0.695319
2 0 0 0.752165
3 0 9953 1.08802
6 0 0 0.930271
7 0 0 0.967167

1
1 0 0 0.695607

3
1 1 2 0.89372
2 0 0 0.793607
3 0 0 1.0743

5
1 1 2 0.843809
2 0 0 0.766348
3 0 8606 1.16053
6 0 0 1.15115
7 0 0 1.16071

11
1 2 4 0.867719
2 1 1 0.88266
4 0 0 1.07825
5 1 2 0.948433
10 0 2243 0.959605
20 0 0 0.846867
21 0 0 0.998215
11 0 0 0.936724
3 1 1 0.976329
6 0 0 1.10122
7 0 0 1.05012

5
1 0 9166 0.787315
2 0 0 0.754525
3 2 2 1.02169
6 0 0 0.890497
7 0 0 1.0127

3
1 2 3 0.842804
2 0 0 0.971935
3 0 0 0.916999

5
1 2 3 0.913728
2 0 0 0.849114
3 1 1 0.911286
6 0 0 1.02958
7 0 0 1.01167

7
1 1 2 0.899038
2 0 0 0.858956
3 2 4 1.06293
6 0 6574 0.988156
12 0 0 0.917072
13 0 0 1.031
7 0 0 0.92

3
1 1 2 0.834296
2 0 0 0.800913
3 0 0 0.911807

3
1 0 3579 0.876685
2 0 0 0.873641
3 0 0 0.89261

3
1 1 1 0.874717
2 0 0 0.955339
3 0 0 0.8745

3
1 0 2894 0.857371
2 0 0 0.736393
3 0 0 1.00587

5
1 1 2 0.84064
2 0 0 0.785303
3 0 8535 1.08744
6 0 0 1.02506
7 0 0 0.90816

3
1 1 2 0.874016
2 0 0 0.762229
3 0 0 0.961564

3
1 1 1 0.908561
2 0 0 0.908849
3 0 0 0.833739

5
1 0 919 0.860186
2 0 0 1.04109
3 1 1 0.914684
6 0 0 1.12724
7 0 0 0.719003

3
1 0 8749 0.812745
2 0 0 0.810624
3 0 0 1.11266

5
1 0 1421 0.885125
2 2 1 0.979861
4 0 0 0.984007
5 0 0 0.949217
3 0 0 0.902835

3
1 0 1134 0.784541
2 0 0 1.00938
3 0 0 0.873938

5
1 1 1 0.861673
2 0 7113 0.886513
4 0 0 0.917372
5 0 0 0.894551
3 0 0 0.717075

1
1 0 0 0.755834

3
1 1 1 0.867845
2 0 0 1.14269
3 0 0 0.775663

5
1 1 1 0.902682
2 0 0 0.927534
3 1 2 0.86166
6 0 0 0.820984
7 0 0 0.92047

1
1 0 0 0.799234

3
1 2 4 0.856031
2 0 0 0.80501
3 0 0 0.939942

5
1 0 5686 0.841949
2 1 1 0.746985
4 0 0 1.06861
5 0 0 0.902779
3 0 0 0.989645

3
1 0 1053 0.89916
2 0 0 1.07673
3 0 0 0.713549

5
1 0 1982 0.916052
2 1 1 0.890386
4 0 0 0.995863
5 0 0 0.8797
3 0 0 1.04359

5
1 1 1 0.930303
2 0 9734 1.04112
4 0 0 0.975706
5 0 0 0.931619
3 0 0 0.768358

3
1 0 1989 0.899797
2 0 0 0.777414
3 0 0 1.02708

5
1 0 1864 0.957209
2 0 751 0.88444
4 0 0 1.04676
5 0 0 0.782342
3 0 0 1.04534

3
1 0 1031 0.729028
2 0 0 0.926308
3 0 0 0.713555

3
1 2 1 0.896685
2 0 0 0.895594
3 0 0 1.05394

1
1 0 0 0.813022

3
1 0 6958 0.863138
2 0 0 0.877633
3 0 0 1.03603

3
1 0 9150 0.908066
2 0 0 0.721345
3 0 0 0.934361

7
1 2 2 0.90284
2 2 1 0.91265
4 1 1 0.795972
8 0 0 1.16328
9 0 0 0.741147
5 0 0 1.04429
3 0 0 1.04729

3
1 1 1 0.8874
2 0 0 1.03276
3 0 0 0.871735

3
1 0 6169 0.927344
2 0 0 0.956236
3 0 0 0.937681

3
1 1 1 0.920299
2 0 0 0.985093
3 0 0 0.76876

7
1 1 1 0.966782
2 0 6774 1.07292
4 0 0 1.10454
5 0 0 1.10567
3 0 1616 0.865499
6 0 0 0.847673
7 0 0 0.920465

5
1 0 9110 0.757435
2 0 0 0.767445
3 2 4 1.00509
6 0 0 1.02999
7 0 0 0.976489

5
1 1 2 0.957838
2 0 0 0.74213
3 0 4325 0.937863
6 0 0 0.943932
7 0 0 0.982743

3
1 1 2 0.858256
2 0 0 0.877452
3 0 0 0.968792

1
1 0 0 0.840224

5
1 2 3 0.836429
2 0 3237 0.927633
4 0 0 0.912234
5 0 0 1.0091
3 0 0 0.91648

5
1 1 1 0.841103
2 2 3 0.968875
4 0 0 1.02027
5 0 0 0.891944
3 0 0 0.815564

3
1 1 1 0.880239
2 0 0 1.17084
3 0 0 0.756548

3
1 1 1 0.841337
2 0 0 1.00571
3 0 0 0.856708

3
1 0 2387 0.96477
2 0 0 0.78951
3 0 0 1.06016

3
1 0 9351 0.78376
2 0 0 0.884048
3 0 0 1.00935

1
1 0 0 0.86395

3
1 2 3 0.880717
2 0 0 0.923837
3 0 0 0.916736

3
1 1 1 1.05041
2 0 0 1.1013
3 0 0 0.7776

3
1 2 2 0.913788
2 0 0 0.917456
3 0 0 1.04402

3
1 1 1 0.90036
2 0 0 1.02355
3 0 0 0.862114

3
1 1 2 0.758996
2 0 0 0.761098
3 0 0 1.00714

5
1 2 1 0.885354
2 0 0 0.863703
3 0 8341 0.93721
6 0 0 0.964571
7 0 0 0.931167

3
1 1 1 0.880732
2 0 0 1.03701
3 0 0 0.741902

3
1 0 8406 0.888223
2 0 0 0.820663
3 0 0 0.953253

3
1 0 9108 0.715376
2 0 0 0.775093
3 0 0 1.08557

3
1 0 3892 0.874799
2 0 0 0.804074
3 0 0 0.794348

5
1 0 3357 0.967139
2 0 0 0.819948
3 0 6912 1.02052
6 0 0 0.993467
7 0 0 0.956007

3
1 1 1 0.839453
2 0 0 1.0895
3 0 0 0.890406

3
1 0 9694 0.864457
2 0 0 0.874456
3 0 0 0.958716

3
1 1 1 0.796848
2 0 0 1.00624
3 0 0 0.814502

3
1 0 8497 0.867109
2 0 0 0.798874
3 0 0 1.05277

3
1 0 1924 0.90072
2 0 0 0.757206
3 0 0 0.965677

5
1 1 2 0.927328
2 0 0 0.81429
3 0 3784 1.06929
6 0 0 1.01456
7 0 0 1.16255

1
1 0 0 0.873922

3
1 1 1 0.824718
2 0 0 1.084
3 0 0 0.868018

1
1 0 0 0.939001

1
1 0 0 0.829412

3
1 1 2 0.845802
2 0 0 0.845583
3 0 0 1.07916

3
1 0 8245 0.804696
2 0 0 0.843331
3 0 0 1.05872

1
1 0 0 0.857419

5
1 0 2284 0.935406
2 0 0 0.757342
3 0 5136 1.0429
6 0 0 0.979608
7 0 0 1.01941

5
1 1 1 0.844384
2 2 2 0.87585
4 0 0 1.15191
5 0 0 0.943875
3 0 0 0.82199

3
1 1 2 0.857832
2 0 0 0.693241
3 0 0 0.925412

3
1 1 1 0.87312
2 0 0 0.937823
3 0 0 0.922926

3
1 0 1153 0.910169
2 0 0 1.03021
3 0 0 0.884787

5
1 1 2 0.804981
2 0 0 0.788568
3 0 9482 0.893313
6 0 0 0.94364
7 0 0 0.978501

1
1 0 0 0.793249

5
1 1 1 0.861295
2 0 5415 0.98517
4 0 0 1.06746
5 0 0 0.963259
3 0 0 0.834702

3
1 1 2 0.89368
2 0 0 0.78947
3 0 0 1.11613

1
1 0 0 0.781269

5
1 2 4 0.945196
2 0 2422 0.934928
4 0 0 0.731635
5 0 0 0.925285
3 0 0 1.04356

5
1 1 1 0.883836
2 0 618 1.04753
4 0 0 0.967057
5 0 0 1.02918
3 0 0 0.70793

3
1 1 1 0.822321
2 0 0 0.991597
3 0 0 0.825729

3
1 1 1 0.898882
2 0 0 0.913192
3 0 0 0.749248

7
1 1 1 0.855154
2 0 3369 0.881212
4 0 0 0.899776
5 0 0 1.05054
3 0 2157 0.989826
6 0 0 0.84973
7 0 0 0.966891

3
1 0 448 0.713491
2 0 0 0.980534
3 0 0 0.829062

3
1 0 2969 0.886922
2 0 0 0.812418
3 0 0 1.12429

9
1 1 1 0.816427
2 2 2 0.964737
4 0 9536 0.897168
8 0 0 1.03453
9 0 0 1.08799
5 0 0 0.934641
3 0 7299 0.84606
6 0 0 0.69924
7 0 0 0.981215

1
1 0 0 0.811731

1
1 0 0 0.779386

1
1 0 0 0.808387

3
1 0 9440 0.904312
2 0 0 0.834563
3 0 0 0.945278

9
1 0 3150 0.906959
2 1 1 0.922642
4 2 2 1.016
8 0 0 0.889249
9 0 0 0.966207
5 0 0 0.817033
3 1 1 1.0714
6 0 0 1.10155
7 0 0 0.988475

3
1 0 635 0.813692
2 0 0 1.07867
3 0 0 0.792647

3
1 1 1 0.842399
2 0 0 0.979635
3 0 0 0.776648

3
1 0 9604 0.746471
2 0 0 0.845475
3 0 0 1.05998

5
1 0 79 0.797879
2 0 0 1.00876
3 1 1 0.746082
6 0 0 1.03031
7 0 0 0.802123

5
1 2 4 0.867719
2 1 1 0.88266
4 0 0 0.991757
5 0 0 0.772143
3 0 0 0.96258

3
1 0 9500 0.703027
2 0 0 0.75809
3 0 0 1.03215

3
1 1 2 0.799757
2 0 0 0.778335
3 0 0 1.04382

1
1 0 0 0.827507

1
1 0 0 0.832587

5
1 1 2 0.794611
2 0 0 0.752858
3 2 1 0.903691
6 0 0 0.888541
7 0 0 0.938141

5
1 1 2 0.889253
2 0 0 0.828097
3 2 4 0.996437
6 0 0 0.944254
7 0 0 1.00985

3
1 2 2 0.887138
2 0 0 0.798528
3 0 0 0.98768

3
1 0 3881 0.870398
2 0 0 0.810651
3 0 0 0.882379

3
1 1 2 0.816872
2 0 0 0.706986
3 0 0 1.08141

3
1 2 2 0.865773
2 0 0 0.840194
3 0 0 0.900877

7
1 0 1016 0.791621
2 0 0 1.00189
3 0 3170 0.916617
6 1 2 0.730774
12 0 0 0.920993
13 0 0 0.872339
7 0 0 1.00398

3
1 0 919 0.860186
2 0 0 0.999314
3 0 0 0.753706

3
1 0 5697 0.9083
2 0 0 0.833795
3 0 0 0.994917

3
1 1 1 0.80509
2 0 0 0.94127
3 0 0 0.747304

3
1 1 2 0.923355
2 0 0 0.923194
3 0 0 0.994665

3
1 0 5485 0.903451
2 0 0 0.827868
3 0 0 0.880076

3
1 1 2 0.898972
2 0 0 0.844009
3 0 0 0.973871

3
1 0 4699 0.91057
2 0 0 0.874664
3 0 0 1.00875

3
1 1 2 0.83614
2 0 0 0.84176
3 0 0 1.05498

3
1 0 9082 0.824788
2 0 0 0.751574
3 0 0 0.887343

5
1 1 2 0.842564
2 0 0 0.755775
3 2 3 0.999169
6 0 0 0.980667
7 0 0 0.939108

5
1 0 3830 0.829223
2 2 1 0.970236
4 0 0 0.82893
5 0 0 0.985253
3 0 0 0.874132

3
1 0 234 0.826664
2 0 0 1.07237
3 0 0 0.880062

1
1 0 0 0.7792

5
1 0 53 0.864892
2 1 2 0.991392
4 0 0 0.972441
5 0 0 0.964704
3 0 0 0.821135

3
1 0 986 0.817139
2 0 0 1.02151
3 0 0 0.750926

3
1 1 2 0.862647
2 0 0 0.914445
3 0 0 1.10693

3
1 0 7894 0.848552
2 0 0 0.761478
3 0 0 0.995511

3
1 1 1 0.905021
2 0 0 0.933748
3 0 0 0.763743

3
1 1 1 0.889149
2 0 0 1.17152
3 0 0 0.80565

5
1 2 1 0.917831
2 0 469 0.955401
4 0 0 1.12607
5 0 0 0.907768
3 0 0 0.883012

3
1 1 1 0.922594
2 0 0 1.06164
3 0 0 0.931345

3
1 0 9559 0.884039
2 0 0 0.790963
3 0 0 0.979865

5
1 1 1 0.8874
2 0 0 1.04599
3 2 1 0.879763
6 0 0 0.774985
7 0 0 1.00059

3
1 0 9718 0.888655
2 0 0 0.90567
3 0 0 1.00201

3
1 1 1 0.920299
2 0 0 0.903427
3 0 0 0.773189

5
1 1 1 0.966782
2 2 3 1.18011
4 0 0 1.09962
5 0 0 1.05819
3 0 0 0.806096

3
1 2 3 0.806211
2 0 0 0.931433
3 0 0 0.866471

5
1 2 4 0.940581
2 0 0 0.776654
3 0 3035 0.917321
6 0 0 1.09155
7 0 0 0.795867

3
1 1 2 0.858256
2 0 0 0.905089
3 0 0 1.05265

7
1 0 1972 0.837271
2 0 0 0.848519
3 0 6979 0.939376
6 2 4 0.990426
12 0 0 1.01042
13 0 0 0.991693
7 0 0 0.86883

3
1 1 1 0.849894
2 0 0 1.05635
3 0 0 0.766451

1
1 0 0 0.808327

3
1 0 1016 0.851881
2 0 0 1.04884
3 0 0 0.775678

3
1 1 2 0.839812
2 0 0 0.845194
3 0 0 0.911822

3
1 2 4 0.961859
2 0 0 0.922976
3 0 0 1.03901

5
1 0 5994 0.84806
2 0 0 0.755612
3 1 1 0.928408
6 0 0 1.07112
7 0 0 0.996986

3
1 2 2 0.939096
2 0 0 0.923192
3 0 0 0.927485

3
1 1 1 0.862349
2 0 0 1.04949
3 0 0 0.862263

3
1 2 3 0.999627
2 0 0 0.895441
3 0 0 1.08796

3
1 1 2 0.933526
2 0 0 0.817884
3 0 0 1.02023

5
1 0 9676 0.988692
2 1 1 0.993603
4 0 0 1.1962
5 0 0 0.867464
3 0 0 1.02684

5
1 1 1 0.832294
2 0 0 0.898225
3 1 2 0.969764
6 0 0 0.852494
7 0 0 1.0445

5
1 0 7653 0.897791
2 0 0 0.84864
3 2 1 1.03482
6 0 0 0.952275
7 0 0 0.973391

3
1 0 3430 0.883711
2 0 0 0.854224
3 0 0 0.933919

5
1 1 1 0.863346
2 2 4 1.00431
4 0 0 1.07274
5 0 0 1.14699
3 0 0 0.812507

3
1 0 7562 0.934352
2 0 0 0.812481
3 0 0 0.950824

7
1 1 1 0.827857
2 2 2 0.984675
4 0 0 0.956309
5 0 8577 1.0929
10 0 0 1.00328
11 0 0 1.12547
3 0 0 0.877478

3
1 0 117 0.916094
2 0 0 0.842451
3 0 0 0.896242

3
1 1 2 0.847296
2 0 0 0.899307
3 0 0 1.0758

3
1 0 9765 0.80186
2 0 0 0.758407
3 0 0 0.981261

5
1 0 3062 0.906621
2 0 0 0.841763
3 1 2 0.996349
6 0 0 1.11191
7 0 0 0.921333

3
1 1 1 0.826682
2 0 0 1.04162
3 0 0 0.776078

3
1 0 1924 0.90072
2 0 0 0.853375
3 0 0 1.06474

5
1 1 1 0.91047
2 0 5062 1.01274
4 0 0 0.904734
5 0 0 1.05983
3 0 0 0.751341

3
1 1 1 0.811035
2 0 0 1.01566
3 0 0 0.802017

3
1 1 1 0.824718
2 0 0 1.05271
3 0 0 0.742211

3
1 0 554 0.901665
2 0 0 1.01309
3 0 0 0.892435

5
1 1 2 0.83476
2 1 1 0.89959
4 0 0 1.02604
5 0 0 0.778239
3 0 0 0.947801

3
1 1 2 0.840041
2 0 0 0.80687
3 0 0 1.09224

5
1 2 3 0.867917
2 0 0 0.799127
3 0 6694 0.91555
6 0 0 0.953976
7 0 0 0.956391

1
1 0 0 0.844775

3
1 2 3 0.928446
2 0 0 0.938934
3 0 0 0.975071

3
1 1 1 0.844384
2 0 0 0.953323
3 0 0 0.762539

5
1 2 1 0.88272
2 0 7028 0.941831
4 0 0 0.838468
5 0 0 1.07738
3 0 0 0.98372

1
1 0 0 0.842137

1
1 0 0 0.774165

3
1 1 2 0.938415
2 0 0 0.928437
3 0 0 0.951389

3
1 0 5008 0.837247
2 0 0 0.76039
3 0 0 0.861425

3
1 1 1 0.861295
2 0 0 1.1179
3 0 0 0.747512

3
1 1 2 0.880892
2 0 0 0.859405
3 0 0 0.887666

1
1 0 0 0.77126

3
1 2 4 0.945196
2 0 0 0.949885
3 0 0 0.883928

3
1 1 1 0.883836
2 0 0 0.932873
3 0 0 0.787186

3
1 1 1 0.842138
2 0 0 1.10441
3 0 0 0.755091

5
1 1 1 0.898882
2 0 0 1.10877
3 0 44 0.716225
6 0 0 1.04064
7 0 0 0.737253

5
1 1 1 0.855154
2 0 0 1.09083
3 0 2157 0.989826
6 0 0 0.775205
7 0 0 1.00814

3
1 0 12 0.848611
2 0 0 0.927405
3 0 0 0.818437

3
1 2 2 0.898624
2 0 0 0.787197
3 0 0 0.987269

3
1 1 1 0.763897
2 0 0 1.08005
3 0 0 0.91532

5
1 2 4 0.765465
2 0 2395 0.896485
4 0 0 0.798456
5 0 0 0.956853
3 0 0 0.979063

3
1 0 5105 0.821394
2 0 0 0.779175
3 0 0 1.0349

5
1 0 3029 0.861152
2 0 1089 0.76287
4 0 0 0.929033
5 0 0 0.784075
3 0 0 0.896472

3
1 0 9440 0.904312
2 0 0 0.628306
3 0 0 1.009

3
1 0 7547 0.879904
2 0 0 0.753529
3 0 0 1.03215

3
1 0 303 0.948625
2 0 0 1.02345
3 0 0 0.946203

3
1 1 1 0.842399
2 0 0 0.873207
3 0 0 0.74015

3
1 2 1 0.832934
2 0 0 0.778715
3 0 0 0.834921

5
1 0 3045 0.793845
2 0 0 0.802384
3 1 2 0.979208
6 0 0 0.96747
7 0 0 1.00166

1
1 0 0 0.738941

3
1 0 208 0.861411
2 0 0 1.00193
3 0 0 0.807422

3
1 0 200 0.786637
2 0 0 1.01142
3 0 0 0.789988

3
1 1 1 0.853293
2 0 0 1.01443
3 0 0 0.825774

3
1 1 1 0.832587
2 0 0 0.970253
3 0 0 0.782789

3
1 0 3326 0.846492
2 0 0 0.893315
3 0 0 0.999786

3
1 2 4 0.817363
2 0 0 0.717453
3 0 0 0.955113

3
1 0 173 0.865601
2 0 0 0.925587
3 0 0 0.857796

5
1 2 4 0.888279
2 0 0 0.895559
3 1 2 0.939985
6 0 0 0.860372
7 0 0 0.938537

3
1 1 2 0.887333
2 0 0 0.840436
3 0 0 1.04011

3
1 0 89 0.907421
2 0 0 0.945864
3 0 0 0.809726

3
1 0 8996 0.761469
2 0 0 0.825904
3 0 0 1.05374

3
1 0 919 0.860186
2 0 0 1.05745
3 0 0 0.778861

3
1 0 5697 0.9083
2 0 0 0.854219
3 0 0 0.98913

3
1 1 1 0.856095
2 0 0 1.01961
3 0 0 0.785172

3
1 1 2 0.842097
2 0 0 0.86553
3 0 0 0.89082

3
1 1 1 0.871216
2 0 0 1.04897
3 0 0 0.742613

3
1 1 2 0.898972
2 0 0 0.806361
3 0 0 0.999032

3
1 0 1405 0.789575
2 0 0 0.931186
3 0 0 0.823912

5
1 0 9651 0.788978
2 0 0 0.760975
3 0 9704 1.00422
6 0 0 0.973795
7 0 0 0.896212

9
1 2 1 0.825207
2 0 0 0.884928
3 0 1166 1.00564
6 0 0 0.923992
7 0 7052 1.03004
14 1 1 0.89179
28 0 0 1.02568
29 0 0 0.950641
15 0 0 0.929207

3
1 0 2831 0.83653
2 0 0 0.826592
3 0 0 1.00611

3
1 1 2 0.835173
2 0 0 0.821052
3 0 0 1.07755

3
1 0 6465 0.833297
2 0 0 0.870023
3 0 0 0.945399

3
1 1 2 0.812697
2 0 0 0.837493
3 0 0 0.960311

5
1 0 9843 0.807466
2 0 0 0.821263
3 2 1 0.947073
6 0 0 0.935081
7 0 0 1.00709

3
1 0 986 0.817139
2 0 0 0.980891
3 0 0 0.822222

3
1 2 1 0.846571
2 0 0 0.921941
3 0 0 0.829482

5
1 2 2 0.869041
2 0 0 0.801943
3 2 4 0.933395
6 0 0 0.872227
7 0 0 0.917757

5
1 0 613 0.81068
2 0 460 1.12453
4 0 0 1.09953
5 0 0 1.01171
3 0 0 0.835794

5
1 1 2 0.801537
2 0 154 0.742345
4 0 0 0.938961
5 0 0 0.777087
3 0 0 0.994031

1
1 0 0 0.738491

3
1 1 1 0.867324
2 0 0 1.08449
3 0 0 0.765251

3
1 1 2 0.855198
2 0 0 0.752726
3 0 0 0.997478

9
1 1 1 0.8874
2 0 0 1.05562
3 1 2 0.887298
6 0 0 0.69182
7 0 2198 0.988613
14 0 0 1.03652
15 0 8955 1.00691
30 0 0 0.967079
31 0 0 1.09545

1
1 0 0 0.796045

3
1 1 2 0.839898
2 0 0 0.93687
3 0 0 1.00086

7
1 1 1 0.966782
2 2 4 1.05146
4 0 0 1.07113
5 0 0 0.930876
3 0 4112 0.819732
6 0 0 0.837033
7 0 0 0.914508

5
1 1 2 0.931675
2 0 0 0.871447
3 2 2 0.994736
6 0 0 0.990954
7 0 0 1.10741

3
1 0 1836 0.900729
2 0 0 0.855277
3 0 0 0.897996

5
1 1 2 0.729176
2 0 0 0.827201
3 2 4 1.02949
6 0 0 1.00854
7 0 0 1.01531

3
1 0 1972 0.837271
2 0 0 0.923489
3 0 0 0.996465

5
1 1 1 0.849894
2 0 4776 0.987583
4 0 0 0.978631
5 0 0 1.01179
3 0 0 0.754747

3
1 1 1 0.808327
2 0 0 0.98538
3 0 0 0.810767

1
1 0 0 0.788319

3
1 0 9505 0.808593
2 0 0 0.859408
3 0 0 0.985826

3
1 1 1 0.923878
2 0 0 0.905382
3 0 0 0.815046

5
1 0 5994 0.84806
2 0 0 0.824646
3 0 9690 1.1247
6 0 0 1.07906
7 0 0 0.940716

3
1 1 1 0.952449
2 0 0 1.0846
3 0 0 0.824764

3
1 2 3 0.917144
2 0 0 0.908659
3 0 0 1.05231

5
1 1 2 0.869161
2 0 0 0.739819
3 0 9039 1.06867
6 0 0 1.082
7 0 0 1.03633

3
1 0 7595 0.875951
2 0 0 0.822109
3 0 0 1.12296

3
1 0 9146 0.818196
2 0 0 0.899511
3 0 0 1.03605

3
1 1 1 0.859878
2 0 0 1.01752
3 0 0 0.844204

3
1 1 1 0.855137
2 0 0 1.0594
3 0 0 0.762905

5
1 0 3941 0.837317
2 0 0 0.877186
3 1 2 0.956137
6 0 0 0.993245
7 0 0 1.05688

5
1 1 1 0.800163
2 2 4 0.930103
4 0 0 0.995971
5 0 0 0.959974
3 0 0 0.716451

3
1 1 2 0.990088
2 0 0 0.80187
3 0 0 0.893731

7
1 2 1 0.889529
2 0 0 0.828786
3 2 2 0.90067
6 1 1 1.10405
12 0 0 1.02253
13 0 0 0.991227
7 0 0 0.906252

5
1 1 2 0.958143
2 0 4910 0.867765
4 0 0 0.880394
5 0 0 0.979304
3 0 0 1.01193

3
1 1 2 0.847296
2 0 0 0.719285
3 0 0 1.04919

7
1 0 6804 0.86971
2 0 5075 0.97366
4 2 1 1.00945
8 0 0 1.03278
9 0 0 1.09852
5 0 0 1.04094
3 0 0 0.984787

3
1 1 1 0.887957
2 0 0 0.989845
3 0 0 0.918623

3
1 0 9166 0.877716
2 0 0 0.846169
3 0 0 1.02354

5
1 0 1924 0.90072
2 0 0 0.836639
3 1 1 1.05452
6 0 0 1.05
7 0 0 0.969315

1
1 0 0 0.84538

5
1 1 1 0.911863
2 0 8902 0.949344
4 0 0 1.08237
5 0 0 0.972342
3 0 0 0.966461

3
1 0 841 0.90423
2 0 0 1.00766
3 0 0 0.884632

3
1 1 1 0.893959
2 0 0 1.02292
3 0 0 0.803849

7
1 1 2 0.83476
2 1 1 0.84923
4 0 0 1.07275
5 0 0 0.723951
3 0 1562 0.967553
6 0 0 1.0156
7 0 0 1.06069

3
1 1 2 0.840041
2 0 0 0.802245
3 0 0 0.96926

5
1 0 8177 0.899726
2 0 1880 0.954791
4 0 0 0.840088
5 0 0 1.02502
3 0 0 0.894025

1
1 0 0 0.85844

3
1 1 1 0.855691
2 0 0 1.07959
3 0 0 0.830781

3
1 0 2724 0.900224
2 0 0 0.886079
3 0 0 0.992571

3
1 2 3 0.862308
2 0 0 0.834565
3 0 0 0.93944

3
1 0 7001 0.824411
2 0 0 0.848018
3 0 0 0.85836

3
1 1 2 0.904553
2 0 0 0.83226
3 0 0 1.07039

5
1 1 2 0.782322
2 0 0 0.772314
3 2 4 0.988866
6 0 0 1.05182
7 0 0 0.986073

3
1 0 4319 0.880433
2 0 0 0.829384
3 0 0 0.910302

3
1 1 1 0.870072
2 0 0 0.955004
3 0 0 0.759652

7
1 1 1 0.922936
2 0 0 0.974564
3 1 2 0.89044
6 0 2025 0.855421
12 0 0 0.772659
13 0 0 1.03041
7 0 0 1.15912

3
1 0 9821 0.740449
2 0 0 0.731886
3 0 0 1.13234

3
1 0 1400 0.754556
2 0 0 1.08657
3 0 0 0.814281

3
1 2 3 0.847403
2 0 0 0.936712
3 0 0 0.952687

3
1 1 1 0.842138
2 0 0 1.01381
3 0 0 0.752717

7
1 1 1 0.898882
2 0 0 0.898294
3 0 8320 0.836371
6 0 0 0.814779
7 1 2 0.882491
14 0 0 1.10025
15 0 0 1.04772

3
1 1 1 0.855154
2 0 0 0.967303
3 0 0 0.794428

3
1 0 4190 0.88102
2 0 0 0.866989
3 0 0 0.918134

3
1 0 891 0.813907
2 0 0 1.01155
3 0 0 0.876973

3
1 1 1 0.763897
2 0 0 1.04229
3 0 0 0.787442

3
1 2 4 0.895768
2 0 0 0.922855
3 0 0 0.952443

5
1 0 5105 0.821394
2 1 2 1.01346
4 0 0 0.838893
5 0 0 1.00484
3 0 0 0.840025

3
1 0 5649 0.915124
2 0 0 0.836663
3 0 0 1.0337

1
1 0 0 0.840195

5
1 0 7547 0.879904
2 1 2 0.869565
4 0 0 0.729028
5 0 0 1.06708
3 0 0 1.01384

3
1 1 1 0.718944
2 0 0 1.02275
3 0 0 0.829417

3
1 1 1 0.842399
2 0 0 0.992499
3 0 0 0.702445

3
1 1 1 0.828556
2 0 0 1.12903
3 0 0 0.674822

3
1 0 3501 0.904493
2 0 0 0.958002
3 0 0 0.990925

5
1 0 399 0.83666
2 0 19 1.00279
4 0 0 0.95021
5 0 0 1.08983
3 0 0 0.861674

7
1 0 9477 0.793642
2 0 0 0.648706
3 1 2 1.01498
6 0 0 1.01514
7 2 4 1.14701
14 0 0 1.11684
15 0 0 1.01096

5
1 0 1381 0.816457
2 2 4 1.02783
4 0 0 1.04208
5 0 0 1.02138
3 0 0 0.856344

3
1 1 1 0.809972
2 0 0 0.988404
3 0 0 0.765059

3
1 1 1 0.832587
2 0 0 1.06826
3 0 0 0.737692

1
1 0 0 0.713558

3
1 1 1 0.879756
2 0 0 1.08906
3 0 0 0.84581

5
1 1 1 0.845203
2 0 5974 0.915299
4 0 0 0.893967
5 0 0 0.905836
3 0 0 0.752902

3
1 0 9961 0.801984
2 0 0 0.824638
3 0 0 0.958303

3
1 0 4339 0.95948
2 0 0 0.904759
3 0 0 0.936177

1
1 0 0 0.856658

3
1 0 5265 0.930602
2 0 0 0.829577
3 0 0 0.980758

3
1 0 7580 0.78678
2 0 0 0.737745
3 0 0 0.950025

5
1 1 1 0.861124
2 0 0 0.817452
3 0 9342 0.875081
6 0 0 0.806988
7 0 0 1.01255

3
1 1 1 0.860568
2 0 0 0.88181
3 0 0 0.846638

3
1 1 1 0.889055
2 0 0 1.05714
3 0 0 0.880918

5
1 0 8912 0.860391
2 0 0 0.86881
3 1 1 1.00398
6 0 0 1.0541
7 0 0 1.00641

3
1 2 4 0.784608
2 0 0 0.760153
3 0 0 0.85771

7
1 0 1405 0.789575
2 0 0 1.05481
3 2 2 0.997176
6 1 1 1.00531
12 0 0 1.06194
13 0 0 0.979511
7 0 0 1.02919

1
1 0 0 0.806261

3
1 0 8526 0.818608
2 0 0 0.747912
3 0 0 0.854876

3
1 2 4 0.771991
2 0 0 0.76761
3 0 0 0.809292

3
1 1 2 0.835173
2 0 0 0.7316
3 0 0 1.02507

3
1 0 3221 0.897597
2 0 0 0.918089
3 0 0 1.01758

3
1 0 1024 0.906744
2 0 0 1.04229
3 0 0 0.8215

3
1 0 1427 0.878207
2 0 0 1.07262
3 0 0 0.894812

3
1 2 3 0.93331
2 0 0 0.891131
3 0 0 0.914845

5
1 1 2 0.869337
2 0 0 0.843068
3 0 6583 1.14029
6 0 0 1.21399
7 0 0 1.02847

1
1 0 0 0.863059

7
1 0 1085 0.945397
2 0 0 0.919228
3 2 4 0.922252
6 0 1828 0.927395
12 0 0 0.77471
13 0 0 1.02071
7 0 0 1.01864

3
1 0 9650 0.887553
2 0 0 0.713547
3 0 0 1.16635

3
1 1 1 0.854672
2 0 0 0.947326
3 0 0 0.859746

5
1 0 3517 0.921122
2 0 0 0.784028
3 1 1 0.950009
6 0 0 0.870018
7 0 0 1.08615

3
1 1 2 0.855198
2 0 0 0.84289
3 0 0 0.915653

3
1 0 6448 0.834943
2 0 0 0.735558
3 0 0 0.912517

1
1 0 0 0.842066

3
1 0 8743 0.795977
2 0 0 0.866374
3 0 0 0.902426

3
1 1 1 0.966782
2 0 0 0.982536
3 0 0 0.749953

3
1 0 629 0.829554
2 0 0 1.01756
3 0 0 0.694539

3
1 1 1 0.885203
2 0 0 1.15649
3 0 0 0.71439

3
1 0 8618 0.977869
2 0 0 0.805331
3 0 0 1.05024

3
1 0 1972 0.837271
2 0 0 0.851612
3 0 0 1.09887

5
1 1 1 0.849894
2 0 0 1.10896
3 0 2483 0.973659
6 0 0 0.850526
7 0 0 0.994314

3
1 1 1 0.805813
2 0 0 0.858523
3 0 0 0.763219

1
1 0 0 0.855419

3
1 1 2 0.747601
2 0 0 0.766992
3 0 0 0.934165

7
1 1 2 0.941782
2 0 8995 0.898825
4 0 0 0.766399
5 0 0 1.06382
3 2 2 1.03604
6 0 0 0.993882
7 0 0 0.954175

5
1 0 5994 0.84806
2 1 1 0.830484
4 0 0 0.916929
5 0 0 0.825238
3 0 0 1.02665

3
1 1 1 0.952449
2 0 0 0.919528
3 0 0 0.851596

1
1 0 0 0.868032

3
1 1 2 0.869161
2 0 0 0.767721
3 0 0 1.00006

3
1 0 9806 0.877192
2 0 0 0.895165
3 0 0 0.944849

5
1 0 9146 0.818196
2 2 2 0.97528
4 0 0 0.842868
5 0 0 1.04098
3 0 0 0.969844

3
1 1 1 0.859878
2 0 0 1.07662
3 0 0 0.818284

3
1 1 1 0.855137
2 0 0 1.05075
3 0 0 0.801658

5
1 2 3 0.806365
2 0 2516 0.949988
4 0 0 0.768913
5 0 0 0.952304
3 0 0 0.922945

1
1 0 0 0.786412

3
1 1 2 0.990088
2 0 0 0.781214
3 0 0 0.976153

3
1 1 1 0.899735
2 0 0 1.05628
3 0 0 0.785149

3
1 1 2 0.958143
2 0 0 0.858119
3 0 0 1.07775

3
1 1 2 0.969673
2 0 0 0.974638
3 0 0 0.919891

3
1 2 2 0.87356
2 0 0 0.93343
3 0 0 0.851464

3
1 2 1 0.896907
2 0 0 0.924782
3 0 0 1.06161

5
1 0 587 0.885905
2 0 0 0.9166
3 1 1 0.827549
6 0 0 1.02741
7 0 0 0.755799

3
1 0 1924 0.90072
2 0 0 0.884018
3 0 0 1.02513

1
1 0 0 0.768595

3
1 1 1 0.918877
2 0 0 1.04623
3 0 0 0.81139

3
1 0 2402 0.917245
2 0 0 0.938507
3 0 0 0.930054

5
1 0 1049 0.862219
2 2 2 0.96815
4 0 0 0.962049
5 0 0 1.11168
3 0 0 0.894966

5
1 1 2 0.83476
2 1 1 0.879076
4 0 0 1.01106
5 0 0 0.799195
3 0 0 0.992465

7
1 0 883 0.966959
2 0 0 0.97647
3 2 4 0.921624
6 0 2179 0.95427
12 0 0 0.886399
13 0 0 0.969507
7 0 0 1.10738

3
1 1 2 0.869787
2 0 0 0.879682
3 0 0 1.09086

3
1 1 1 0.835181
2 0 0 1.08027
3 0 0 0.885216

3
1 1 1 0.855691
2 0 0 0.953833
3 0 0 0.82683

5
1 0 2724 0.900224
2 1 2 0.829205
4 0 0 0.739347
5 0 0 0.924396
3 0 0 1.01637

3
1 1 1 0.952011
2 0 0 1.09321
3 0 0 0.779905

1
1 0 0 0.825809

5
1 1 2 0.904553
2 0 0 0.842184
3 0 8422 1.04511
6 0 0 0.985677
7 0 0 1.01254

5
1 2 3 0.91483
2 0 0 0.874319
3 2 4 0.971472
6 0 0 1.05059
7 0 0 0.885245

1
1 0 0 0.764703

5
1 1 1 0.968654
2 0 0 0.997977
3 1 2 0.925292
6 0 0 0.858027
7 0 0 1.05294

5
1 1 1 0.922936
2 0 0 1.04352
3 1 2 0.89044
6 0 0 0.93876
7 0 0 1.07409

3
1 1 2 0.793858
2 0 0 0.736963
3 0 0 0.928348

5
1 1 2 0.848442
2 0 0 0.95897
3 2 1 0.999057
6 0 0 0.963904
7 0 0 0.960738

3
1 0 8014 0.821548
2 0 0 0.731055
3 0 0 0.955688

3
1 0 1250 0.860665
2 0 0 1.09844
3 0 0 0.862698

3
1 1 1 0.867937
2 0 0 1.06023
3 0 0 0.735089

3
1 0 9576 0.821364
2 0 0 0.8016
3 0 0 0.989511

5
1 1 1 0.929717
2 0 5100 0.851238
4 0 0 0.975884
5 0 0 0.904605
3 0 0 0.84439

3
1 0 891 0.813907
2 0 0 0.990654
3 0 0 0.878381

3
1 1 2 0.891162
2 0 0 0.817246
3 0 0 1.04225

3
1 1 1 0.88128
2 0 0 0.999634
3 0 0 0.825264

7
1 0 5105 0.821394
2 1 1 0.908351
4 0 0 0.987962
5 0 0 0.841036
3 2 4 0.98544
6 0 0 0.977875
7 0 0 0.902244

3
1 0 21 0.827998
2 0 0 1.07198
3 0 0 0.827537

5
1 2 3 0.953263
2 1 1 0.911942
4 0 0 1.08641
5 0 0 0.842291
3 0 0 1.00219

3
1 0 7547 0.879904
2 0 0 0.847759
3 0 0 1.09882

3
1 0 9709 0.835541
2 0 0 0.755224
3 0 0 1.02296

7
1 2 4 0.939966
2 0 0 0.80535
3 0 1022 0.933922
6 1 1 1.0137
12 0 0 1.06598
13 0 0 1.11896
7 0 0 0.985128

3
1 1 1 0.828556
2 0 0 1.07938
3 0 0 0.798956

3
1 0 3106 0.931161
2 0 0 0.887504
3 0 0 0.986916

3
1 0 8515 0.853995
2 0 0 0.828599
3 0 0 0.960616

3
1 0 8782 0.744158
2 0 0 0.84642
3 0 0 1.06443

1
1 0 0 0.787737

5
1 1 1 0.809972
2 0 0 0.993244
3 0 7749 0.830794
6 0 0 0.789195
7 0 0 0.973297

3
1 0 6794 0.865365
2 0 0 0.935026
3 0 0 0.895202

7
1 0 7602 0.8167
2 0 5210 0.789821
4 0 0 0.740513
5 0 0 0.89909
3 0 9549 1.10832
6 0 0 1.07471
7 0 0 0.970869

3
1 1 1 0.879756
2 0 0 1.05865
3 0 0 0.790257

3
1 1 1 0.845203
2 0 0 1.06041
3 0 0 0.690799

1
1 0 0 0.768728

3
1 0 295 0.862022
2 0 0 1.12321
3 0 0 0.891587

3
1 0 2278 0.898819
2 0 0 0.854032
3 0 0 0.892651

1
1 0 0 0.73966

3
1 0 6498 0.831699
2 0 0 0.832147
3 0 0 0.995307

3
1 1 1 0.861124
2 0 0 1.11817
3 0 0 0.789874

3
1 0 8317 0.819428
2 0 0 0.806949
3 0 0 0.952

5
1 1 1 0.951424
2 0 7122 0.934842
4 0 0 0.985324
5 0 0 0.855596
3 0 0 0.77695

5
1 0 1975 0.913533
2 0 0 0.737898
3 2 3 0.88157
6 0 0 1.00179
7 0 0 0.944303

3
1 1 1 0.898712
2 0 0 0.875026
3 0 0 0.722879

3
1 1 2 0.81897
2 0 0 0.866603
3 0 0 1.022

3
1 2 4 0.839604
2 0 0 0.849939
3 0 0 0.943476

3
1 1 2 0.859534
2 0 0 0.861657
3 0 0 0.990905

1
1 0 0 0.72878

1
1 0 0 0.696746

1
1 0 0 0.892987

7
1 0 1024 0.906744
2 0 426 0.947394
4 0 0 1.05853
5 0 0 1.01314
3 0 9835 0.900385
6 0 0 0.903221
7 0 0 1.04419

3
1 0 9062 0.796984
2 0 0 0.818826
3 0 0 0.980969

3
1 1 1 0.853211
2 0 0 0.934224
3 0 0 0.694554

3
1 1 1 0.944988
2 0 0 1.04429
3 0 0 0.732808

5
1 1 2 0.913932
2 1 1 0.872532
4 0 0 0.996452
5 0 0 0.774449
3 0 0 0.956948

3
1 1 2 0.96938
2 0 0 0.820317
3 0 0 0.958014

7
1 1 2 0.910002
2 0 0 0.919254
3 0 6328 1.02351
6 0 0 1.14497
7 0 7884 1.1617
14 0 0 1.24149
15 0 0 1.04514

3
1 1 1 0.89741
2 0 0 1.01498
3 0 0 0.89985

3
1 0 1062 0.805838
2 0 0 0.928082
3 0 0 0.879398

3
1 0 1033 0.792179
2 0 0 0.986573
3 0 0 0.77942

7
1 0 6027 0.887241
2 0 5341 0.767462
4 0 0 0.704365
5 0 0 1.02631
3 0 8086 0.967912
6 0 0 0.989383
7 0 0 1.06252

3
1 0 8861 0.922606
2 0 0 0.777859
3 0 0 1.02645

5
1 1 2 0.904899
2 0 0 0.855295
3 0 4488 1.05573
6 0 0 1.0313
7 0 0 0.911341

5
1 2 4 0.846205
2 2 1 0.991066
4 0 0 0.791878
5 0 0 0.952594
3 0 0 0.972721

1
1 0 0 0.791048

1
1 0 0 0.824912

5
1 0 2582 0.857475
2 0 2172 0.907953
4 0 0 0.778342
5 0 0 1.07501
3 0 0 0.973468

3
1 0 1972 0.837271
2 0 0 0.66355
3 0 0 0.931775

3
1 1 1 0.901855
2 0 0 0.974088
3 0 0 0.775116

1
1 0 0 0.88086

3
1 0 2326 0.887844
2 0 0 0.757494
3 0 0 1.05944

3
1 0 1107 0.828872
2 0 0 0.98415
3 0 0 0.804806

5
1 1 2 0.941782
2 1 1 0.892882
4 0 0 0.975659
5 0 0 0.92336
3 0 0 1.0726

3
1 0 720 0.842379
2 0 0 0.976505
3 0 0 0.746904

1
1 0 0 0.79797

7
1 0 4435 0.901565
2 0 1233 0.944191
4 0 0 0.943214
5 0 0 0.947617
3 1 2 1.01005
6 0 0 0.980613
7 0 0 1.0035

3
1 1 2 0.837344
2 0 0 0.771204
3 0 0 0.942417

3
1 2 1 0.95979
2 0 0 0.938535
3 0 0 0.944673

5
1 2 1 0.83936
2 0 0 0.840169
3 0 876 0.888794
6 0 0 1.17684
7 0 0 0.881856

3
1 1 1 0.859878
2 0 0 0.997521
3 0 0 0.892121

3
1 1 2 0.932723
2 0 0 0.873558
3 0 0 0.955451

7
1 0 3435 0.962273
2 2 1 0.96596
4 0 0 0.895984
5 0 0 1.03083
3 0 8554 0.989435
6 0 0 0.996541
7 0 0 0.960909

1
1 0 0 0.760315

3
1 1 2 0.990088
2 0 0 0.793769
3 0 0 0.890149

5
1 1 1 0.899735
2 0 2520 0.963126
4 0 0 1.00495
5 0 0 0.948193
3 0 0 0.796873

3
1 1 2 0.827979
2 0 0 0.822516
3 0 0 0.951777

3
1 1 2 0.969673
2 0 0 0.785786
3 0 0 0.943804

5
1 1 1 0.929118
2 0 0 0.97902
3 0 9472 0.828178
6 0 0 0.683071
7 0 0 1.01619

3
1 0 3232 0.91673
2 0 0 0.932558
3 0 0 1.07881

5
1 0 587 0.885905
2 2 3 1.00369
4 0 0 1.03552
5 0 0 0.954869
3 0 0 0.871458

3
1 0 8926 0.822514
2 0 0 0.746535
3 0 0 0.999412

3
1 2 2 0.996446
2 0 0 0.948126
3 0 0 1.04458

3
1 1 1 0.918877
2 0 0 0.997273
3 0 0 0.735345

3
1 2 3 0.936199
2 0 0 1.03434
3 0 0 0.846672

3
1 0 919 0.842178
2 0 0 0.920106
3 0 0 0.78184

3
1 0 8050 0.904433
2 0 0 0.79804
3 0 0 0.973703

3
1 2 1 0.838495
2 0 0 0.877668
3 0 0 1.02015

3
1 1 1 0.956686
2 0 0 1.04954
3 0 0 0.895923

1
1 0 0 0.861799

3
1 1 1 0.855691
2 0 0 1.06583
3 0 0 0.809587

5
1 0 2724 0.900224
2 0 235 0.808122
4 0 0 1.15803
5 0 0 0.825011
3 0 0 1.06695

3
1 1 1 0.952011
2 0 0 0.971297
3 0 0 0.787289

7
1 1 2 0.887982
2 1 1 0.863916
4 2 2 0.925049
8 0 0 0.941084
9 0 0 0.969215
5 0 0 0.73122
3 0 0 1.05913

5
1 1 1 0.899457
2 2 1 0.9696
4 0 0 0.887281
5 0 0 1.0105
3 0 0 0.872131

3
1 0 135 0.899253
2 0 0 1.016
3 0 0 0.839408

5
1 1 1 0.800067
2 0 0 0.964875
3 1 2 0.878391
6 0 0 0.910457
7 0 0 1.01914

5
1 2 3 0.912548
2 2 1 0.970717
4 0 0 0.856083
5 0 0 1.06559
3 0 0 1.00039

3
1 1 1 0.865334
2 0 0 0.996485
3 0 0 0.879795

3
1 1 2 0.793858
2 0 0 0.85779
3 0 0 1.09231

5
1 0 2024 0.829564
2 0 0 0.809479
3 1 1 0.85664
6 0 0 0.933074
7 0 0 0.904839

3
1 1 2 0.936257
2 0 0 0.849508
3 0 0 0.962779

3
1 0 9943 0.949403
2 0 0 0.872348
3 0 0 0.987456

3
1 1 1 0.867937
2 0 0 0.986068
3 0 0 0.8513

3
1 1 1 0.962088
2 0 0 0.988903
3 0 0 0.875855

5
1 1 1 0.975922
2 2 4 1.01557
4 0 0 0.988409
5 0 0 1.06298
3 0 0 0.853865

3
1 1 2 0.92309
2 0 0 0.954195
3 0 0 0.933851

5
1 1 2 0.891162
2 0 0 0.715606
3 2 2 1.1382
6 0 0 0.951997
7 0 0 1.11758

3
1 0 9580 0.750647
2 0 0 0.721286
3 0 0 0.845627

7
1 0 5105 0.821394
2 1 2 0.93231
4 1 1 0.854336
8 0 0 1.09347
9 0 0 0.783471
5 0 0 0.979939
3 0 0 1.05036

1
1 0 0 0.740682

3
1 0 1374 0.806533
2 0 0 0.986486
3 0 0 0.810597

3
1 0 6199 0.854184
2 0 0 0.891124
3 0 0 0.889183

5
1 1 2 0.906095
2 0 0 0.827517
3 0 7318 1.01973
6 0 0 1.02374
7 0 0 1.03704

5
1 0 6138 0.894171
2 0 0 0.936936
3 0 8945 0.963521
6 0 0 0.921967
7 0 0 1.01723

5
1 1 1 0.828556
2 0 0 1.06416
3 0 8627 0.803544
6 0 0 0.838193
7 0 0 1.03664

1
1 0 0 0.807521

5
1 0 3042 0.823977
2 0 2014 0.765009
4 0 0 0.788255
5 0 0 0.977225
3 0 0 0.819003

3
1 2 3 0.891134
2 0 0 0.835584
3 0 0 0.978499

3
1 1 1 0.772527
2 0 0 0.943714
3 0 0 0.845509

3
1 1 1 0.809972
2 0 0 0.996725
3 0 0 0.802947

5
1 1 1 0.875339
2 2 1 1.02784
4 0 0 0.876575
5 0 0 0.991177
3 0 0 0.837624

5
1 0 4029 0.941183
2 0 0 0.785193
3 2 1 0.944529
6 0 0 0.981547
7 0 0 0.970751

5
1 1 2 0.892189
2 0 0 0.937333
3 0 3997 0.942269
6 0 0 0.947217
7 0 0 1.05313

3
1 1 1 0.845203
2 0 0 0.925319
3 0 0 0.674546

5
1 2 1 0.948687
2 0 7730 0.839933
4 0 0 0.94601
5 0 0 1.05718
3 0 0 0.950347

5
1 1 2 0.84476
2 0 0 0.809664
3 2 2 0.992546
6 0 0 0.847362
7 0 0 0.982967

3
1 0 3120 0.862469
2 0 0 0.82362
3 0 0 1.04587

3
1 1 1 0.766876
2 0 0 1.03334
3 0 0 0.635942

1
1 0 0 0.815372

3
1 2 3 0.834425
2 0 0 0.814867
3 0 0 0.946243

3
1 1 2 0.878038
2 0 0 0.823345
3 0 0 0.906115

3
1 0 9448 0.799349
2 0 0 0.82835
3 0 0 0.956979

3
1 0 1975 0.913533
2 0 0 0.873332
3 0 0 0.893969

3
1 1 1 0.898712
2 0 0 0.886555
3 0 0 0.656233

3
1 1 1 0.810928
2 0 0 0.947375
3 0 0 0.790303

3
1 2 1 0.815677
2 0 0 0.829769
3 0 0 0.814968

3
1 2 1 0.863446
2 0 0 0.852016
3 0 0 0.879244

3
1 0 3233 0.926874
2 0 0 0.811372
3 0 0 0.932241

5
1 2 4 0.933906
2 1 2 0.884406
4 0 0 0.869196
5 0 0 0.973345
3 0 0 0.998581

1
1 0 0 0.818483

5
1 1 2 0.825768
2 0 0 0.815666
3 2 3 0.889008
6 0 0 0.957675
7 0 0 0.948685

3
1 1 1 0.832184
2 0 0 1.03527
3 0 0 0.749034

3
1 0 1225 0.814198
2 0 0 0.979972
3 0 0 0.667241

3
1 1 1 0.944988
2 0 0 0.945231
3 0 0 0.732729

3
1 0 474 0.958085
2 0 0 0.979386
3 0 0 0.857818

1
1 0 0 0.915449

5
1 0 9643 0.827667
2 0 0 0.804107
3 0 9912 1.05882
6 0 0 0.946263
7 0 0 0.960582

5
1 1 1 0.89741
2 0 5081 0.917287
4 0 0 0.989783
5 0 0 0.919604
3 0 0 0.757194

1
1 0 0 0.766268

3
1 2 1 0.836107
2 0 0 0.917985
3 0 0 0.934731

5
1 0 6027 0.887241
2 0 1824 0.984202
4 0 0 0.779985
5 0 0 1.00299
3 0 0 1.02825

3
1 0 5670 0.869321
2 0 0 0.821341
3 0 0 0.884601

5
1 2 1 0.929653
2 0 0 0.962268
3 0 9332 0.943729
6 0 0 0.928016
7 0 0 0.992188

3
1 1 1 0.875713
2 0 0 1.0715
3 0 0 0.72003

3
1 0 7145 0.907373
2 0 0 0.894525
3 0 0 0.993567

3
1 1 1 0.832228
2 0 0 0.961636
3 0 0 0.751748

5
1 0 1315 0.98315
2 1 2 1.1484
4 0 0 0.959932
5 0 0 0.962899
3 0 0 0.858654

5
1 0 1972 0.837271
2 1 2 0.727112
4 0 0 0.86113
5 0 0 1.03736
3 0 0 1.01738

7
1 1 1 0.901855
2 2 1 1.01931
4 0 0 0.936565
5 0 0 0.997353
3 0 7873 0.867908
6 0 0 0.814445
7 0 0 1.08346

3
1 1 2 0.830605
2 0 0 0.736235
3 0 0 0.929214

3
1 0 2326 0.887844
2 0 0 0.862631
3 0 0 0.909117

3
1 0 1202 0.798056
2 0 0 0.971427
3 0 0 0.806411

5
1 1 2 0.883497
2 0 0 0.717435
3 2 2 1.04509
6 0 0 0.988015
7 0 0 1.02511

3
1 1 2 0.871051
2 0 0 0.820946
3 0 0 1.03286

1
1 0 0 0.794922

3
1 2 2 0.849393
2 0 0 0.806201
3 0 0 0.938927

7
1 1 2 0.837344
2 0 556 0.919496
4 0 0 0.948642
5 0 0 0.889161
3 0 9700 1.0002
6 0 0 1.02778
7 0 0 0.942534

3
1 0 8552 0.842333
2 0 0 0.873016
3 0 0 1.02226

1
1 0 0 0.890652

3
1 1 1 0.885691
2 0 0 1.04144
3 0 0 0.773405

3
1 1 2 0.932723
2 0 0 0.752611
3 0 0 0.92248

5
1 0 3435 0.962273
2 0 0 0.80862
3 0 9812 0.979921
6 0 0 1.00434
7 0 0 0.93964

3
1 0 614 0.916953
2 0 0 1.00898
3 0 0 0.825588

3
1 0 6237 0.863692
2 0 0 0.827832
3 0 0 0.928997

3
1 0 1436 0.870073
2 0 0 0.887898
3 0 0 0.802309

5
1 0 1007 0.881699
2 2 3 0.968305
4 0 0 1.10869
5 0 0 0.956528
3 0 0 0.901464

7
1 0 6546 0.929321
2 0 1899 0.868776
4 0 0 0.798529
5 2 3 0.966976
10 0 0 1.09069
11 0 0 0.895448
3 0 0 1.08986

3
1 1 1 0.929118
2 0 0 1.19298
3 0 0 0.818785

3
1 1 2 0.857643
2 0 0 0.656247
3 0 0 0.940789

7
1 1 1 0.855408
2 2 4 0.966865
4 0 0 1.01804
5 0 0 0.832301
3 1 2 0.852022
6 0 0 0.801932
7 0 0 0.849146

3
1 0 7932 0.720768
2 0 0 0.714355
3 0 0 1.04965

3
1 0 6304 0.892571
2 0 0 0.818299
3 0 0 0.962109

3
1 1 1 0.918877
2 0 0 0.932108
3 0 0 0.910215

3
1 1 2 0.862269
2 0 0 0.812203
3 0 0 0.974986

3
1 0 8274 0.788198
2 0 0 0.826908
3 0 0 1.03904

3
1 0 8050 0.904433
2 0 0 0.886645
3 0 0 1.00756

7
1 1 1 0.830618
2 0 0 0.966117
3 0 7013 0.816174
6 0 0 0.88474
7 1 2 1.08048
14 0 0 1.01817
15 0 0 1.00631

3
1 1 2 0.832135
2 0 0 0.823805
3 0 0 1.02838

5
1 1 1 0.791013
2 0 1919 1.09167
4 0 0 1.00621
5 0 0 0.995576
3 0 0 0.718407

3
1 0 271 0.807354
2 0 0 0.918393
3 0 0 0.806666

3
1 0 9268 0.891036
2 0 0 0.803466
3 0 0 1.03428

3
1 1 1 0.952011
2 0 0 1.04058
3 0 0 0.709889

3
1 1 2 0.887982
2 0 0 0.762799
3 0 0 1.02234

3
1 1 1 0.920237
2 0 0 1.02825
3 0 0 0.810353

1
1 0 0 0.788015

5
1 1 1 0.800067
2 0 0 1.04178
3 1 2 0.955546
6 0 0 0.810612
7 0 0 1.09268

5
1 0 3950 0.896859
2 0 421 0.765213
4 0 0 1.05886
5 0 0 0.803825
3 0 0 0.947102

3
1 1 1 0.925268
2 0 0 0.978003
3 0 0 0.83632

3
1 1 2 0.863339
2 0 0 0.834744
3 0 0 1.03992

3
1 0 6052 0.931682
2 0 0 0.900364
3 0 0 1.109

3
1 0 2753 0.929486
2 0 0 0.982771
3 0 0 0.957399

5
1 0 1343 0.849859
2 2 1 0.957353
4 0 0 0.947422
5 0 0 1.00839
3 0 0 0.908676

3
1 1 1 0.867937
2 0 0 0.980988
3 0 0 0.846391

3
1 0 2222 0.94595
2 0 0 0.74586
3 0 0 0.900883

5
1 2 1 0.878302
2 0 0 0.912069
3 1 1 0.939647
6 0 0 0.977299
7 0 0 0.977609

5
1 1 1 0.863921
2 2 3 1.02882
4 0 0 0.976642
5 0 0 0.863826
3 0 0 0.81672

3
1 0 2985 0.920144
2 0 0 0.795686
3 0 0 1.07853

3
1 1 2 0.83963
2 0 0 0.870846
3 0 0 0.938554

3
1 1 2 0.884611
2 0 0 0.860921
3 0 0 1.05159

3
1 0 4465 0.918898
2 0 0 0.921512
3 0 0 0.936181

1
1 0 0 0.735682

5
1 0 9459 0.783059
2 0 1250 0.805188
4 0 0 0.999637
5 0 0 0.788315
3 0 0 1.11802

5
1 0 3385 0.845951
2 2 1 0.963431
4 0 0 0.857567
5 0 0 1.01575
3 0 0 0.98525

1
1 0 0 0.955742

1
1 0 0 0.831166

5
1 1 2 0.960617
2 1 1 0.788042
4 0 0 0.860575
5 0 0 0.773573
3 0 0 0.886118

3
1 0 7425 0.873567
2 0 0 0.765679
3 0 0 1.01082

3
1 0 5115 0.91948
2 0 0 0.801302
3 0 0 1.06815

5
1 0 4631 0.940551
2 0 2057 0.894833
4 0 0 0.780713
5 0 0 1.07603
3 0 0 1.08062

3
1 0 7669 0.80907
2 0 0 0.841292
3 0 0 0.923732

3
1 0 9330 0.767216
2 0 0 0.725589
3 0 0 0.948729

5
1 0 9573 0.889437
2 0 0 0.888053
3 2 2 0.988335
6 0 0 1.04334
7 0 0 1.0674

1
1 0 0 0.812091

3
1 1 2 0.835026
2 0 0 0.777505
3 0 0 1.02197

3
1 1 2 0.819023
2 0 0 0.777521
3 0 0 1.04791

5
1 2 1 0.963472
2 1 1 0.992919
4 0 0 1.00048
5 0 0 0.895533
3 0 0 0.996536

5
1 0 9688 0.960292
2 1 1 0.823918
4 0 0 1.14925
5 0 0 0.730117
3 0 0 0.96064

3
1 1 1 0.766876
2 0 0 1.02534
3 0 0 0.754897

3
1 1 1 0.845265
2 0 0 1.05008
3 0 0 0.764991

1
1 0 0 0.890852

3
1 2 4 0.893271
2 0 0 0.911835
3 0 0 0.957813

3
1 2 4 0.832998
2 0 0 0.817244
3 0 0 0.873967

3
1 1 2 0.827183
2 0 0 0.925733
3 0 0 0.964094

3
1 0 170 0.818488
2 0 0 1.00337
3 0 0 0.783733

3
1 1 1 0.810928
2 0 0 0.994449
3 0 0 0.767207

3
1 1 1 0.936763
2 0 0 0.934239
3 0 0 0.684419

5
1 0 152 0.780267
2 2 3 0.977984
4 0 0 1.03123
5 0 0 1.0352
3 0 0 0.776558

1
1 0 0 0.8148

3
1 0 8793 0.842888
2 0 0 0.820954
3 0 0 0.971482

5
1 0 4032 0.883518
2 1 2 0.811691
4 0 0 0.894216
5 0 0 1.06632
3 0 0 0.855704

5
1 1 1 0.897717
2 0 0 0.866358
3 1 2 0.907452
6 0 0 0.81216
7 0 0 0.997472

3
1 2 2 0.85109
2 0 0 0.820356
3 0 0 0.961454

1
1 0 0 0.725315

3
1 1 1 0.944988
2 0 0 1.13844
3 0 0 0.893111

3
1 0 1558 0.838821
2 0 0 0.965988
3 0 0 0.834776

5
1 1 1 0.894791
2 2 1 0.933698
4 0 0 1.03336
5 0 0 0.92791
3 0 0 0.707744

3
1 1 1 0.817201
2 0 0 1.00554
3 0 0 0.8098

3
1 0 9229 0.79926
2 0 0 0.753359
3 0 0 0.937621

5
1 0 1385 0.865401
2 0 0 1.01119
3 1 2 0.826168
6 0 0 0.82505
7 0 0 0.999412

3
1 1 1 0.836414
2 0 0 0.881885
3 0 0 0.742736

5
1 1 2 0.86102
2 0 2266 0.957954
4 0 0 0.714786
5 0 0 0.981645
3 0 0 0.958457

13
1 2 1 0.909092
2 0 4202 1.07547
4 0 0 0.834275
5 0 8952 1.15068
10 0 0 1.0607
11 0 0 1.04486
3 1 1 0.972367
6 2 4 0.949834
12 0 5402 0.999076
24 0 0 1.03274
25 0 0 1.02368
13 0 0 1.03052
7 0 0 1.03255

5
1 1 2 0.858607
2 0 0 0.767515
3 2 1 0.886881
6 0 0 0.998264
7 0 0 0.971428

5
1 1 1 0.875713
2 2 2 1.09866
4 0 0 1.05758
5 0 0 0.93819
3 0 0 0.758802

5
1 1 2 0.855764
2 0 0 0.938078
3 2 4 0.872131
6 0 0 0.976801
7 0 0 1.01065

3
1 0 9355 0.876401
2 0 0 0.874053
3 0 0 0.906108

3
1 0 1315 0.98315
2 0 0 0.967892
3 0 0 0.69935

3
1 0 1972 0.837271
2 0 0 0.671868
3 0 0 0.943574

1
1 0 0 0.76039

3
1 2 3 0.869293
2 0 0 0.987247
3 0 0 0.975827

3
1 0 676 0.799578
2 0 0 0.989227
3 0 0 0.829029

3
1 0 802 0.840356
2 0 0 0.989936
3 0 0 0.863774

3
1 0 2183 0.897977
2 0 0 0.794004
3 0 0 0.978437

1
1 0 0 0.84322

3
1 1 1 0.891523
2 0 0 1.03643
3 0 0 0.775598

3
1 0 5259 0.841639
2 0 0 0.784231
3 0 0 1.05535

3
1 2 2 0.863503
2 0 0 0.841374
3 0 0 0.936532

3
1 1 1 0.827101
2 0 0 1.03401
3 0 0 0.886207

1
1 0 0 0.774068

3
1 1 1 0.992672
2 0 0 0.952671
3 0 0 0.697595

3
1 0 5922 0.804585
2 0 0 0.957165
3 0 0 0.909633

5
1 0 2331 0.968571
2 0 0 0.897376
3 1 1 0.949622
6 0 0 0.916381
7 0 0 0.977629

1
1 0 0 0.652134

7
1 1 2 0.928202
2 0 0 0.899673
3 2 4 0.94335
6 2 3 0.917206
12 0 0 0.860822
13 0 0 0.881833
7 0 0 1.02267

3
1 2 4 0.881527
2 0 0 0.902371
3 0 0 1.00424

3
1 1 2 0.880054
2 0 0 0.758524
3 0 0 0.975043

3
1 0 20 0.868176
2 0 0 1.00897
3 0 0 0.874105

5
1 2 3 0.947315
2 0 0 0.913611
3 0 127 0.944864
6 0 0 0.868133
7 0 0 0.963456

3
1 1 2 0.857643
2 0 0 0.809621
3 0 0 0.892283

5
1 1 1 0.855408
2 0 0 0.889349
3 1 2 0.920783
6 0 0 0.828715
7 0 0 1.06698

3
1 1 1 0.78632
2 0 0 1.05864
3 0 0 0.783417

3
1 0 1497 0.85069
2 0 0 0.918016
3 0 0 0.762207

3
1 0 71 1.00646
2 0 0 1.01338
3 0 0 0.905121

5
1 2 4 0.836431
2 0 0 0.88894
3 0 2677 0.950005
6 0 0 1.01459
7 0 0 0.878765

9
1 1 2 0.897727
2 1 1 0.909717
4 0 3545 1.1212
8 0 0 1.02045
9 0 0 1.00372
5 0 0 0.865198
3 2 2 0.981377
6 0 0 1.01836
7 0 0 1.14391

3
1 1 1 0.831573
2 0 0 1.09331
3 0 0 0.86048

3
1 0 3741 0.854101
2 0 0 0.814548
3 0 0 0.991128

5
1 0 5695 0.863497
2 0 0 0.785851
3 2 4 0.959268
6 0 0 1.08929
7 0 0 0.954045

3
1 0 3260 0.848281
2 0 0 0.894961
3 0 0 0.936665

3
1 1 1 0.999045
2 0 0 1.09091
3 0 0 0.72031

7
1 0 6150 0.893969
2 1 1 0.820115
4 0 0 1.00387
5 0 0 0.939751
3 1 2 0.908165
6 0 0 0.830481
7 0 0 0.926467

3
1 1 1 0.952011
2 0 0 1.16359
3 0 0 0.802288

5
1 1 1 0.888376
2 0 0 0.953264
3 0 1585 0.890545
6 0 0 0.886654
7 0 0 0.879486

3
1 1 1 0.920237
2 0 0 1.05669
3 0 0 0.891531

7
1 1 1 0.90745
2 0 6488 0.92359
4 0 0 0.982612
5 0 0 0.845972
3 1 2 0.853394
6 0 0 0.881833
7 0 0 0.909101

3
1 1 1 0.800067
2 0 0 0.845058
3 0 0 0.759391

1
1 0 0 0.749086

3
1 1 1 0.925268
2 0 0 1.0031
3 0 0 0.758319

3
1 0 9770 0.84389
2 0 0 0.868439
3 0 0 1.02243

1
1 0 0 0.854112

1
1 0 0 0.865307

3
1 0 8796 0.828779
2 0 0 0.903815
3 0 0 0.969388

3
1 0 1778 0.906131
2 0 0 0.797409
3 0 0 0.962054

13
1 0 2222 0.94595
2 1 2 0.790672
4 1 1 0.836277
8 0 0 1.04482
9 0 0 0.859429
5 0 0 1.04333
3 1 2 0.992814
6 0 3826 0.943696
12 0 0 0.994646
13 0 0 0.981076
7 2 2 1.13416
14 0 0 1.10167
15 0 0 0.973517

3
1 1 1 0.798803
2 0 0 0.966947
3 0 0 0.814297

3
1 1 2 0.883848
2 0 0 0.784911
3 0 0 0.944502

5
1 2 3 0.945456
2 0 0 0.981189
3 0 2922 0.909562
6 0 0 1.0285
7 0 0 0.878195

1
1 0 0 0.868163

5
1 1 2 0.884611
2 0 0 0.838138
3 0 7706 0.876445
6 0 0 0.995526
7 0 0 0.990475

3
1 0 2620 0.933769
2 0 0 0.813506
3 0 0 0.973026

3
1 1 2 0.965695
2 0 0 0.864048
3 0 0 0.993819

3
1 1 1 0.859321
2 0 0 0.988074
3 0 0 0.812133

3
1 0 4797 0.906215
2 0 0 0.829862
3 0 0 0.908758

3
1 0 1600 0.852901
2 0 0 0.910812
3 0 0 1.00622

5
1 1 1 0.954528
2 0 0 1.02467
3 0 1915 0.866738
6 0 0 0.677088
7 0 0 0.9524

3
1 1 2 0.960617
2 0 0 0.846557
3 0 0 0.952103

3
1 0 1537 0.844139
2 0 0 0.876356
3 0 0 1.00383

5
1 2 1 0.866298
2 0 0 0.914096
3 2 2 0.849621
6 0 0 0.884828
7 0 0 0.828282

7
1 0 4631 0.940551
2 1 2 0.829064
4 0 0 0.922184
5 0 0 1.02574
3 2 4 0.950349
6 0 0 1.07626
7 0 0 0.95439

1
1 0 0 0.869264

3
1 2 1 0.868317
2 0 0 0.753247
3 0 0 0.915061

5
1 1 2 0.852485
2 0 0 0.780384
3 0 3565 1.11828
6 0 0 1.18963
7 0 0 0.986534

5
1 0 8291 0.834444
2 0 0 0.803007
3 0 9879 1.00236
6 0 0 1.05257
7 0 0 0.959654

5
1 0 8880 0.832435
2 0 0 0.764326
3 0 9658 1.03025
6 0 0 0.994252
7 0 0 1.09672

3
1 0 8541 0.839495
2 0 0 0.715237
3 0 0 1.17271

3
1 0 6515 0.81389
2 0 0 0.771283
3 0 0 0.991795

1
1 0 0 0.776833

3
1 1 2 0.814543
2 0 0 0.831578
3 0 0 1.00366

5
1 1 1 0.845265
2 0 8967 0.957114
4 0 0 0.93136
5 0 0 1.03192
3 0 0 0.842107

3
1 0 1325 0.802868
2 0 0 1.13148
3 0 0 0.821991

3
1 1 2 0.887479
2 0 0 0.941421
3 0 0 0.975519

5
1 2 3 0.890496
2 0 0 0.77826
3 2 4 0.839401
6 0 0 0.983692
7 0 0 0.847463

3
1 1 1 0.795592
2 0 0 0.964868
3 0 0 0.841841

3
1 1 1 0.827645
2 0 0 1.05773
3 0 0 0.954569

3
1 1 1 0.810928
2 0 0 0.998048
3 0 0 0.858316

3
1 2 4 0.826979
2 0 0 0.767994
3 0 0 1.01871

1
1 0 0 0.799553

3
1 1 1 0.858659
2 0 0 0.910029
3 0 0 0.727222

3
1 1 2 0.829302
2 0 0 0.823343
3 0 0 0.943689

5
1 0 5778 0.828342
2 0 0 0.83788
3 0 9813 0.907164
6 0 0 0.923021
7 0 0 0.878087

3
1 0 1302 0.851715
2 0 0 1.00711
3 0 0 0.727718

3
1 0 6521 0.898926
2 0 0 0.861597
3 0 0 1.0191

5
1 0 1031 0.869944
2 0 612 0.958906
4 0 0 1.06706
5 0 0 0.863463
3 0 0 0.820247

7
1 1 1 0.944988
2 0 3293 1.02366
4 0 1885 0.994282
8 0 0 1.06498
9 0 0 0.961816
5 0 0 0.98817
3 0 0 0.732087

3
1 1 1 0.857968
2 0 0 1.06551
3 0 0 0.820751

3
1 1 2 0.819686
2 0 0 0.758093
3 0 0 1.06201

5
1 1 1 0.817201
2 2 3 1.02197
4 0 0 1.10589
5 0 0 0.950662
3 0 0 0.730166

7
1 0 9464 0.823897
2 0 0 0.836444
3 2 2 0.973928
6 0 0 1.00997
7 2 3 0.960943
14 0 0 0.993988
15 0 0 0.987774

3
1 0 7874 0.905315
2 0 0 0.866487
3 0 0 0.94654

5
1 1 1 0.836414
2 0 0 0.934663
3 2 4 0.744964
6 0 0 0.823492
7 0 0 0.94451

7
1 0 242 0.790209
2 0 111 1.00962
4 0 0 1.11354
5 1 2 1.10643
10 0 0 1.05413
11 0 0 1.01395
3 0 0 0.764952

5
1 1 1 0.864841
2 0 0 1.03064
3 0 9294 0.911643
6 0 0 0.898555
7 0 0 1.05027

3
1 1 1 0.848623
2 0 0 0.963316
3 0 0 0.729537

3
1 1 1 0.875713
2 0 0 1.05521
3 0 0 0.877547

1
1 0 0 0.832122

3
1 0 8033 0.956388
2 0 0 0.852794
3 0 0 0.989604

3
1 1 1 0.858295
2 0 0 0.988552
3 0 0 0.867209

3
1 0 1972 0.837271
2 0 0 0.806843
3 0 0 0.946849

3
1 1 2 0.825537
2 0 0 0.870597
3 0 0 0.97289

3
1 1 2 0.831065
2 0 0 0.759494
3 0 0 0.955508

1
1 0 0 0.777232

3
1 1 2 0.844566
2 0 0 0.686273
3 0 0 1.06552

5
1 0 2183 0.897977
2 0 0 0.8158
3 1 2 1.04367
6 0 0 1.02697
7 0 0 1.00757

3
1 1 2 0.751656
2 0 0 0.830395
3 0 0 1.07014

3
1 1 1 0.891523
2 0 0 0.941048
3 0 0 0.729019

5
1 2 2 0.852532
2 0 0 0.743543
3 0 577 0.834335
6 0 0 0.993691
7 0 0 0.866843

3
1 0 138 0.751566
2 0 0 1.03518
3 0 0 0.840943

7
1 0 3504 0.867243
2 0 2204 0.89334
4 0 0 0.88422
5 0 0 0.985813
3 1 1 0.982222
6 0 0 1.11069
7 0 0 1.03623

3
1 0 9707 0.8041
2 0 0 0.696685
3 0 0 1.02689

3
1 0 1363 0.913722
2 0 0 1.03518
3 0 0 0.847084

1
1 0 0 0.836476

9
1 0 2331 0.968571
2 1 1 0.88224
4 0 0 0.969045
5 0 672 0.893813
10 0 0 0.996581
11 0 0 0.826845
3 1 1 1.02319
6 0 0 1.06201
7 0 0 0.975071

3
1 1 1 0.822899
2 0 0 1.0462
3 0 0 0.820819

5
1 1 1 0.818814
2 0 9214 1.07005
4 0 0 1.02697
5 0 0 1.072
3 0 0 0.777479

1
1 0 0 0.811283

7
1 0 4669 0.8391
2 1 2 0.841804
4 1 1 0.933003
8 0 0 1.03567
9 0 0 0.775845
5 0 0 1.01868
3 0 0 0.947738

1
1 0 0 0.741506

3
1 1 1 0.895928
2 0 0 1.00971
3 0 0 0.871035

1
1 0 0 0.860073

7
1 0 7758 0.884395
2 0 1814 0.900204
4 0 416 0.759463
8 0 0 1.05511
9 0 0 0.832596
5 0 0 0.962546
3 0 0 0.95765

5
1 2 1 0.937551
2 0 0 0.854029
3 1 1 0.979826
6 0 0 0.931746
7 0 0 0.947983

5
1 1 2 0.831673
2 0 0 0.880642
3 0 409 0.938006
6 0 0 0.946876
7 0 0 0.996716

3
1 0 9711 0.70591
2 0 0 0.723782
3 0 0 1.0562

3
1 1 2 0.844457
2 0 0 0.788259
3 0 0 0.999459

5
1 1 2 0.897727
2 0 0 0.761495
3 0 8393 0.865437
6 0 0 0.863454
7 0 0 1.06044

3
1 2 2 0.851117
2 0 0 0.824129
3 0 0 0.949079

3
1 1 1 0.850526
2 0 0 0.97998
3 0 0 0.7537

5
1 0 4273 0.977101
2 0 3497 0.830323
4 0 0 0.847588
5 0 0 1.00166
3 0 0 0.973341

5
1 0 9843 0.840683
2 0 684 0.841678
4 0 0 0.967457
5 0 0 0.814232
3 0 0 1.08283

3
1 0 4645 0.837872
2 0 0 0.701249
3 0 0 0.882059

5
1 1 1 0.850507
2 0 0 1.04052
3 0 5099 0.9591
6 0 0 0.889814
7 0 0 1.04438

3
1 1 2 0.802495
2 0 0 0.754153
3 0 0 0.931506

1
1 0 0 0.901206

3
1 1 1 0.920237
2 0 0 1.0044
3 0 0 0.76418

3
1 1 1 0.90745
2 0 0 1.01444
3 0 0 0.872741

5
1 0 8388 0.894916
2 2 4 0.862299
4 0 0 0.882192
5 0 0 0.908782
3 0 0 0.92714

3
1 0 8737 0.799363
2 0 0 0.785102
3 0 0 1.04707

3
1 1 1 0.925268
2 0 0 0.939511
3 0 0 0.66424

3
1 1 1 0.835398
2 0 0 0.956695
3 0 0 0.905967

3
1 1 1 0.854112
2 0 0 1.08863
3 0 0 0.697637

3
1 0 8203 0.886049
2 0 0 0.889416
3 0 0 0.962077

3
1 0 3887 0.917323
2 0 0 0.86703
3 0 0 1.08093

1
1 0 0 0.894466

3
1 0 5838 0.883194
2 0 0 0.702814
3 0 0 0.956322

3
1 1 1 0.798803
2 0 0 1.1098
3 0 0 0.815165

3
1 1 1 0.788856
2 0 0 1.09408
3 0 0 0.748592

3
1 1 1 0.791763
2 0 0 0.884218
3 0 0 0.779332

3
1 0 9855 0.798214
2 0 0 0.79746
3 0 0 0.974215

3
1 2 4 0.890032
2 0 0 0.915995
3 0 0 0.840443

3
1 1 2 0.989217
2 0 0 0.856219
3 0 0 1.01482

3
1 1 2 0.965695
2 0 0 0.857368
3 0 0 1.01523

3
1 1 2 0.902827
2 0 0 0.854576
3 0 0 0.9558

3
1 0 1590 0.879921
2 0 0 0.835913
3 0 0 1.02515

3
1 0 2266 0.899678
2 0 0 0.805618
3 0 0 0.984536

5
1 1 1 0.954528
2 0 0 0.969069
3 1 2 0.893959
6 0 0 0.805224
7 0 0 0.983872

3
1 1 2 0.809064
2 0 0 0.906183
3 0 0 0.943961

3
1 2 1 0.937997
2 0 0 0.792665
3 0 0 0.965618

3
1 2 3 0.974536
2 0 0 0.906635
3 0 0 0.931955

7
1 0 4631 0.940551
2 2 1 0.930831
4 0 0 0.81022
5 1 1 1.1155
10 0 0 1.11536
11 0 0 1.0452
3 0 0 0.929971

5
1 2 2 0.912442
2 0 3690 0.963285
4 0 0 0.945253
5 0 0 0.974074
3 0 0 0.985939

3
1 1 2 0.924668
2 0 0 0.903817
3 0 0 1.00899

5
1 1 2 0.852485
2 0 152 0.715109
4 0 0 1.00677
5 0 0 0.817628
3 0 0 1.125

5
1 1 1 0.865946
2 0 0 0.971314
3 1 2 0.873023
6 0 0 0.760857
7 0 0 0.961431

9
1 0 9715 0.90905
2 0 724 0.984715
4 0 0 1.03407
5 1 1 0.919844
10 0 0 0.841675
11 0 0 0.849626
3 2 1 1.00851
6 0 0 0.966267
7 0 0 0.915677

3
1 0 9761 0.898579
2 0 0 0.81115
3 0 0 1.0158

3
1 2 4 0.95047
2 0 0 0.958583
3 0 0 0.954396

1
1 0 0 0.926427

3
1 0 1322 0.83229
2 0 0 1.24716
3 0 0 0.746229

3
1 1 1 0.836557
2 0 0 0.897861
3 0 0 0.784456

1
1 0 0 0.679823

5
1 0 9120 0.846675
2 1 2 0.93504
4 0 0 0.839784
5 0 0 1.00994
3 0 0 0.941173

1
1 0 0 0.76603

3
1 1 1 0.795592
2 0 0 0.908435
3 0 0 0.845799

5
1 0 2550 0.897542
2 0 1961 0.941786
4 0 0 0.831104
5 0 0 1.08175
3 0 0 0.904071

3
1 0 906 0.774108
2 0 0 1.09334
3 0 0 0.74136

5
1 0 7598 0.900809
2 0 0 0.850379
3 2 4 0.977594
6 0 0 0.963286
7 0 0 0.976969

3
1 0 3280 0.850521
2 0 0 0.812746
3 0 0 1.09026

5
1 0 3861 0.882933
2 0 0 0.85935
3 2 2 1.0043
6 0 0 0.98642
7 0 0 0.956563

5
1 1 1 0.81327
2 2 3 0.922437
4 0 0 0.981633
5 0 0 0.927776
3 0 0 0.900453

1
1 0 0 0.738714

3
1 0 1302 0.851715
2 0 0 1.02816
3 0 0 0.760934

7
1 0 662 0.854194
2 2 3 0.916328
4 0 0 1.04767
5 0 0 1.02621
3 1 1 0.8281
6 0 0 1.04579
7 0 0 0.778216

3
1 1 2 0.794403
2 0 0 0.806568
3 0 0 0.949784

5
1 1 2 0.904798
2 0 0 0.772161
3 2 2 0.976813
6 0 0 0.916467
7 0 0 1.10162

3
1 1 1 0.857968
2 0 0 0.915068
3 0 0 0.90962

3
1 0 9637 0.792222
2 0 0 0.808093
3 0 0 0.927701

3
1 1 1 0.817201
2 0 0 0.92379
3 0 0 0.760443

5
1 1 1 0.818485
2 0 342 1.04553
4 0 0 0.942249
5 0 0 0.95783
3 0 0 0.766874

3
1 1 1 0.883897
2 0 0 0.988923
3 0 0 0.731956

3
1 0 2053 0.933674
2 0 0 0.903295
3 0 0 0.963386

5
1 0 9736 0.801836
2 1 2 0.827459
4 0 0 0.812878
5 0 0 0.899779
3 0 0 1.01002

3
1 1 1 0.864841
2 0 0 1.07518
3 0 0 0.875626

3
1 1 1 0.848623
2 0 0 1.19287
3 0 0 0.766374

1
1 0 0 0.756704

3
1 0 4795 0.954036
2 0 0 0.86338
3 0 0 0.957553

3
1 0 7451 0.854889
2 0 0 0.721675
3 0 0 0.934918

3
1 1 1 0.871963
2 0 0 0.940247
3 0 0 0.808409

3
1 0 1972 0.837271
2 0 0 0.745442
3 0 0 1.10543

3
1 0 9480 0.840144
2 0 0 0.933772
3 0 0 1.00634

3
1 2 3 0.924622
2 0 0 0.973114
3 0 0 0.971369

3
1 0 9815 0.83748
2 0 0 0.759033
3 0 0 0.859209

3
1 1 1 0.846484
2 0 0 1.00028
3 0 0 0.737261

3
1 0 623 0.909119
2 0 0 1.02556
3 0 0 0.937283

3
1 0 8732 0.869574
2 0 0 0.845535
3 0 0 0.953555

3
1 1 1 0.891523
2 0 0 1.02913
3 0 0 0.742067

5
1 1 2 0.879094
2 0 0 0.695386
3 2 1 0.972386
6 0 0 0.967285
7 0 0 1.03233

3
1 1 1 0.86646
2 0 0 0.983146
3 0 0 0.868251

1
1 0 0 0.839698

5
1 1 2 0.706966
2 0 0 0.757285
3 2 2 1.03456
6 0 0 0.970118
7 0 0 0.936993

5
1 1 2 0.842967
2 0 0 0.83101
3 2 4 1.05984
6 0 0 1.12098
7 0 0 1.10208

1
1 0 0 0.806719

3
1 2 4 0.831776
2 0 0 0.846463
3 0 0 0.997066

3
1 1 1 0.822899
2 0 0 1.11381
3 0 0 0.830448

3
1 1 2 0.795096
2 0 0 0.796808
3 0 0 0.933068

3
1 0 6379 0.860486
2 0 0 0.904785
3 0 0 0.97717

1
1 0 0 0.690143

3
1 0 1726 0.854697
2 0 0 0.772266
3 0 0 1.06195

1
1 0 0 0.76957

5
1 1 1 0.846084
2 0 0 1.04301
3 0 8055 0.865133
6 0 0 0.758836
7 0 0 0.945631

3
1 2 1 0.933866
2 0 0 0.937294
3 0 0 0.959571

1
1 0 0 0.841727

5
1 0 9100 0.906951
2 0 0 0.838972
3 0 9168 1.0893
6 0 0 1.02784
7 0 0 1.01626

3
1 2 1 0.945303
2 0 0 0.91451
3 0 0 0.927845

3
1 0 1214 0.821244
2 0 0 0.917824
3 0 0 0.830078

7
1 1 2 0.897727
2 0 0 0.851113
3 0 3263 0.89668
6 0 2703 1.02468
12 0 0 0.931357
13 0 0 1.05169
7 0 0 1.01897

5
1 1 1 0.775412
2 0 0 0.994863
3 1 2 0.878021
6 0 0 0.816213
7 0 0 1.00217

1
1 0 0 0.622024

5
1 2 4 0.931766
2 0 0 0.875292
3 0 3989 1.02024
6 0 0 1.00049
7 0 0 0.861936

3
1 0 5414 0.820434
2 0 0 0.793127
3 0 0 0.858377

5
1 0 5241 0.901552
2 2 1 0.957179
4 0 0 0.872502
5 0 0 1.02023
3 0 0 0.958356

3
1 1 1 0.850507
2 0 0 0.911846
3 0 0 0.814191

3
1 0 9372 0.730219
2 0 0 0.911104
3 0 0 1.02454

3
1 0 8158 0.879508
2 0 0 0.774651
3 0 0 1.04585

3
1 1 1 0.920237
2 0 0 1.0049
3 0 0 0.825566

3
1 1 1 0.90745
2 0 0 1.05115
3 0 0 0.859671

1
1 0 0 0.891775

3
1 0 2808 0.898882
2 0 0 0.838758
3 0 0 0.873295

3
1 1 2 0.861903
2 0 0 0.860096
3 0 0 0.945392

3
1 0 9099 0.869652
2 0 0 0.856858
3 0 0 0.912399

1
1 0 0 0.83024

3
1 0 9482 0.824195
2 0 0 0.870611
3 0 0 0.993654

1
1 0 0 0.881626

3
1 0 7737 0.725386
2 0 0 0.759121
3 0 0 0.97351

1
1 0 0 0.74391

3
1 1 2 0.849912
2 0 0 0.827733
3 0 0 0.939449

3
1 1 1 0.788856
2 0 0 1.1062
3 0 0 0.844015

3
1 1 1 0.791763
2 0 0 0.977838
3 0 0 0.79205

1
1 0 0 0.808604

5
1 1 2 0.792342
2 1 1 0.898535
4 0 0 0.972126
5 0 0 0.658942
3 0 0 0.984336

3
1 1 1 0.921928
2 0 0 1.11179
3 0 0 0.825143

5
1 0 6187 0.877019
2 0 3904 0.854977
4 0 0 0.886255
5 0 0 1.06435
3 0 0 0.994872

3
1 1 2 0.790396
2 0 0 0.791272
3 0 0 0.930031

5
1 0 1590 0.879921
2 0 0 0.823023
3 1 1 1.0094
6 0 0 0.941111
7 0 0 0.953267

3
1 0 2266 0.899678
2 0 0 0.85325
3 0 0 1.07187

3
1 1 1 0.914478
2 0 0 0.994533
3 0 0 0.810134

5
1 0 3180 0.916395
2 0 0 0.772127
3 0 6189 0.995992
6 0 0 1.01628
7 0 0 1.03541

3
1 2 4 0.824744
2 0 0 0.916085
3 0 0 0.966051

5
1 1 1 0.879358
2 2 2 1.03365
4 0 0 0.935881
5 0 0 0.912013
3 0 0 0.840147

3
1 0 4631 0.940551
2 0 0 0.917721
3 0 0 0.979045

3
1 0 195 0.782137
2 0 0 0.913677
3 0 0 0.774252

3
1 1 2 0.924668
2 0 0 0.883797
3 0 0 1.00632

7
1 1 2 0.852485
2 1 1 0.929395
4 0 0 0.982437
5 0 0 0.819498
3 0 2851 0.974609
6 0 0 0.958796
7 0 0 0.844621

3
1 0 3109 0.862813
2 0 0 0.914291
3 0 0 0.975227

1
1 0 0 0.827472

3
1 0 9578 0.885078
2 0 0 0.778982
3 0 0 1.06136

7
1 1 2 0.947104
2 0 5064 0.877335
4 2 1 0.851023
8 0 0 0.709667
9 0 0 0.989938
5 0 0 0.92099
3 0 0 1.15001

7
1 0 2045 0.926407
2 1 2 0.890817
4 2 3 0.981947
8 0 0 0.897455
9 0 0 0.924256
5 0 0 0.991627
3 0 0 1.05175

5
1 1 2 0.828261
2 0 0 0.880719
3 0 2156 0.982938
6 0 0 0.909338
7 0 0 0.945442

3
1 1 1 0.836557
2 0 0 1.04961
3 0 0 0.873814

3
1 2 3 0.841591
2 0 0 0.854309
3 0 0 0.880494

3
1 2 3 0.896444
2 0 0 0.910734
3 0 0 0.890767

1
1 0 0 0.723235

3
1 0 2786 0.886487
2 0 0 0.849713
3 0 0 1.04963

3
1 1 2 0.8193
2 0 0 0.737341
3 0 0 1.00215

7
1 0 906 0.774108
2 0 0 1.05914
3 1 2 0.91295
6 0 0 0.713418
7 2 3 0.925541
14 0 0 0.961359
15 0 0 1.0809

3
1 1 1 0.805956
2 0 0 0.976721
3 0 0 0.748248

5
1 1 1 0.914125
2 0 566 0.979836
4 0 0 1.08024
5 0 0 0.854948
3 0 0 0.764612

3
1 0 842 0.918671
2 0 0 0.981215
3 0 0 0.944426

5
1 1 2 0.836978
2 0 0 0.834164
3 2 2 0.990958
6 0 0 0.96403
7 0 0 0.912687

7
1 0 57 0.84188
2 1 1 1.00909
4 0 0 1.1527
5 2 2 0.924052
10 0 0 0.938803
11 0 0 0.960042
3 0 0 0.803048

5
1 1 1 0.959158
2 0 0 1.08951
3 0 3633 0.81931
6 0 0 0.740311
7 0 0 0.914078

3
1 0 662 0.854194
2 0 0 0.996942
3 0 0 0.838351

1
1 0 0 0.794541

3
1 0 9883 0.810154
2 0 0 0.804997
3 0 0 1.03518

1
1 0 0 0.808659

7
1 0 7382 0.888494
2 0 0 0.855944
3 1 1 1.05361
6 2 2 1.03817
12 0 0 0.946975
13 0 0 1.04589
7 0 0 0.935595

3
1 1 1 0.817201
2 0 0 1.10267
3 0 0 0.817583

3
1 0 464 0.855269
2 0 0 1.005
3 0 0 0.789681

3
1 1 1 0.883897
2 0 0 1.05114
3 0 0 0.887627

3
1 1 2 0.918664
2 0 0 0.852364
3 0 0 1.06726

3
1 1 1 0.871782
2 0 0 1.12372
3 0 0 0.771296

3
1 1 1 0.864841
2 0 0 0.955955
3 0 0 0.865638

3
1 0 9939 0.797241
2 0 0 0.814473
3 0 0 0.895989

3
1 0 5401 0.823314
2 0 0 0.791199
3 0 0 1.07887

5
1 0 5408 0.888173
2 0 0 0.828572
3 0 6411 0.902177
6 0 0 1.01239
7 0 0 1.01014

3
1 1 2 0.799551
2 0 0 0.869075
3 0 0 1.03472

3
1 1 1 0.871963
2 0 0 0.9746
3 0 0 0.713812

3
1 1 2 0.838214
2 0 0 0.779623
3 0 0 1.05207

5
1 0 2725 0.866474
2 1 1 1.0076
4 0 0 1.10503
5 0 0 0.949672
3 0 0 0.935595

3
1 1 1 0.912562
2 0 0 0.872325
3 0 0 0.723809

3
1 2 3 0.844913
2 0 0 1.00032
3 0 0 0.836395

5
1 2 4 0.903019
2 0 1927 0.90903
4 0 0 0.85789
5 0 0 1.02637
3 0 0 0.920621

1
1 0 0 0.830392

3
1 2 3 0.828527
2 0 0 0.710905
3 0 0 0.895158

5
1 1 1 0.796042
2 0 0 0.979081
3 1 2 0.884688
6 0 0 0.670633
7 0 0 0.964727

5
1 0 587 0.8918
2 2 1 1.06817
4 0 0 0.955783
5 0 0 1.03516
3 0 0 0.782534

5
1 1 1 0.884973
2 0 0 0.999194
3 1 2 0.872693
6 0 0 0.84141
7 0 0 0.964676

3
1 1 1 0.830134
2 0 0 0.992429
3 0 0 0.780007

5
1 0 5299 0.798997
2 0 0 0.756093
3 0 9735 0.940517
6 0 0 0.863553
7 0 0 1.18482

3
1 0 9677 0.819546
2 0 0 0.842062
3 0 0 1.07738

3
1 2 3 0.974021
2 0 0 0.895055
3 0 0 0.97647

3
1 2 3 0.888683
2 0 0 0.872958
3 0 0 0.949819

3
1 1 2 0.851194
2 0 0 0.942322
3 0 0 0.995357

3
1 0 533 0.803502
2 0 0 0.857062
3 0 0 0.82561

5
1 1 1 0.89062
2 2 1 1.01213
4 0 0 1.01455
5 0 0 0.843878
3 0 0 0.799236

5
1 0 465 0.731316
2 1 1 1.10004
4 0 0 1.01516
5 0 0 1.03241
3 0 0 0.719147

3
1 0 8051 0.875617
2 0 0 0.793638
3 0 0 1.0705

5
1 0 152 0.826916
2 1 2 0.95108
4 0 0 1.08888
5 0 0 1.14283
3 0 0 0.919903

3
1 2 2 0.86235
2 0 0 0.79561
3 0 0 0.826535

3
1 0 6947 0.905852
2 0 0 0.851728
3 0 0 1.11391

3
1 0 9027 0.904787
2 0 0 0.837448
3 0 0 0.954542

1
1 0 0 0.788781

7
1 0 1578 0.848636
2 0 1179 0.966101
4 0 0 1.15717
5 0 0 0.835762
3 1 2 1.01226
6 0 0 0.950603
7 0 0 0.963763

1
1 0 0 0.821873

5
1 1 1 0.931621
2 0 8598 1.10288
4 0 0 1.0434
5 0 0 1.02203
3 0 0 0.799854

3
1 1 1 0.775412
2 0 0 1.04855
3 0 0 0.783494

3
1 0 441 0.881615
2 0 0 1.08578
3 0 0 0.884627

3
1 1 2 0.949881
2 0 0 0.718621
3 0 0 0.975455

3
1 1 1 0.774781
2 0 0 1.11473
3 0 0 0.682034

9
1 0 5241 0.901552
2 0 963 0.81098
4 0 0 0.993462
5 0 4336 0.881095
10 1 2 0.888093
20 0 0 0.878386
21 0 0 1.01678
11 0 0 0.980907
3 0 0 1.08075

3
1 2 4 0.850018
2 0 0 0.891384
3 0 0 0.899946

1
1 0 0 0.726849

3
1 0 8281 0.842135
2 0 0 0.844626
3 0 0 0.918002

3
1 1 1 0.920237
2 0 0 1.18851
3 0 0 0.779147

3
1 1 1 0.90745
2 0 0 1.0531
3 0 0 0.786918

3
1 1 2 0.833479
2 0 0 0.837904
3 0 0 0.805596

3
1 1 1 0.82081
2 0 0 1.00795
3 0 0 0.826499

3
1 0 5557 0.836723
2 0 0 0.832315
3 0 0 0.979844

5
1 2 2 0.86573
2 0 8946 0.963861
4 0 0 0.872339
5 0 0 0.979573
3 0 0 0.917252

3
1 1 1 0.90316
2 0 0 0.925104
3 0 0 0.743262

3
1 2 4 0.828975
2 0 0 0.891968
3 0 0 0.836258

3
1 0 637 0.964327
2 0 0 0.969847
3 0 0 0.907889

3
1 0 635 0.75133
2 0 0 0.908654
3 0 0 0.809614

3
1 1 2 0.794442
2 0 0 0.89746
3 0 0 1.08592

5
1 1 2 0.829027
2 0 0 0.842325
3 2 3 0.947122
6 0 0 1.02034
7 0 0 0.925801

3
1 0 873 0.894655
2 0 0 1.00833
3 0 0 0.812266

3
1 1 1 0.791763
2 0 0 0.927295
3 0 0 0.886538

11
1 0 750 0.825529
2 2 1 1.0055
4 0 0 1.00764
5 0 185 1.09723
10 0 0 1.0973
11 0 0 1.03544
3 0 5219 0.815983
6 0 0 0.678428
7 2 1 1.01878
14 0 0 1.03161
15 0 0 1.01145

3
1 0 821 0.865953
2 0 0 1.02153
3 0 0 0.783856

3
1 1 1 0.921928
2 0 0 0.995975
3 0 0 0.813506

3
1 2 3 0.801189
2 0 0 0.877613
3 0 0 0.867769

3
1 1 2 0.790396
2 0 0 0.690293
3 0 0 0.83971

7
1 2 4 0.981113
2 0 1783 0.931851
4 0 735 0.82827
8 0 0 0.928848
9 0 0 0.824606
5 0 0 1.10459
3 0 0 0.916689

3
1 0 7965 0.823296
2 0 0 0.852076
3 0 0 0.962784

3
1 2 3 0.848841
2 0 0 0.853027
3 0 0 0.95082

5
1 0 3180 0.916395
2 0 0 0.928979
3 0 7305 0.911741
6 0 0 1.00661
7 0 0 0.982528

1
1 0 0 0.937507

3
1 1 1 0.81916
2 0 0 0.930363
3 0 0 0.776055

3
1 0 1987 0.864858
2 0 0 0.921932
3 0 0 0.835004

5
1 0 2005 0.904723
2 1 1 0.842556
4 0 0 0.905999
5 0 0 0.791633
3 0 0 0.958692

3
1 1 1 0.895125
2 0 0 0.985272
3 0 0 0.83418

3
1 1 2 0.852485
2 0 0 0.758651
3 0 0 1.0314

1
1 0 0 0.959611

3
1 1 1 0.844126
2 0 0 1.00883
3 0 0 0.87719

3
1 0 9897 0.843504
2 0 0 0.852897
3 0 0 0.944189

3
1 0 9239 0.897369
2 0 0 0.842982
3 0 0 0.911835

3
1 0 2045 0.926407
2 0 0 0.772919
3 0 0 0.977884

3
1 1 1 0.794813
2 0 0 0.986942
3 0 0 0.766121

3
1 0 9208 0.835556
2 0 0 0.84881
3 0 0 0.927467

7
1 1 1 0.872354
2 2 2 0.991515
4 0 0 1.0355
5 0 0 1.01458
3 1 2 0.925404
6 0 0 0.642419
7 0 0 0.962997

5
1 2 1 0.915512
2 0 0 1.02095
3 0 972 1.00514
6 0 0 1.03274
7 0 0 1.07174

5
1 1 2 0.830981
2 0 0 0.779332
3 0 4692 0.959475
6 0 0 0.982778
7 0 0 0.898944

5
1 0 4525 0.935596
2 2 2 0.888064
4 0 0 0.896564
5 0 0 1.11091
3 0 0 1.00966

7
1 0 6258 0.938461
2 0 2172 0.956641
4 0 0 0.793972
5 1 2 0.998811
10 0 0 1.03777
11 0 0 1.00973
3 0 0 1.01376

3
1 1 2 0.862046
2 0 0 0.831428
3 0 0 0.964226

3
1 1 1 0.868971
2 0 0 1.00119
3 0 0 0.816523

3
1 1 2 0.879381
2 0 0 0.849657
3 0 0 0.992071

3
1 2 4 0.946245
2 0 0 0.825329
3 0 0 0.897871

3
1 1 2 0.836978
2 0 0 0.862426
3 0 0 0.967252

3
1 0 8906 0.845916
2 0 0 0.723792
3 0 0 0.972178

3
1 1 1 0.959158
2 0 0 0.870383
3 0 0 0.754869

3
1 1 2 0.844298
2 0 0 0.758899
3 0 0 1.01251

3
1 2 4 0.832976
2 0 0 0.830676
3 0 0 1.11079

1
1 0 0 0.70972

1
1 0 0 0.838608

3
1 0 3504 0.880118
2 0 0 0.801103
3 0 0 0.940959

5
1 0 6655 0.811085
2 0 2227 0.907394
4 0 0 0.750682
5 0 0 0.98254
3 0 0 0.991389

5
1 0 4503 0.852153
2 1 1 0.833897
4 0 0 1.11577
5 0 0 0.898394
3 0 0 0.98763

3
1 0 2341 0.893375
2 0 0 0.851105
3 0 0 0.901215

3
1 0 452 0.869341
2 0 0 1.07582
3 0 0 0.772677

7
1 2 1 0.924572
2 0 0 0.938054
3 0 4981 0.947377
6 0 1202 0.966373
12 0 0 1.03945
13 0 0 0.885989
7 0 0 0.976547

5
1 0 5062 0.787781
2 0 0 0.833118
3 0 7905 1.00412
6 0 0 0.845829
7 0 0 0.955668

3
1 1 1 0.846489
2 0 0 1.01866
3 0 0 0.836582

3
1 1 1 0.854744
2 0 0 0.924337
3 0 0 0.877309

1
1 0 0 0.673036

7
1 1 2 0.959214
2 0 0 0.834639
3 2 2 1.07001
6 0 0 0.953937
7 0 6625 1.10787
14 0 0 1.01257
15 0 0 0.965869

5
1 2 1 1.04098
2 0 3480 0.813886
4 0 0 0.878585
5 0 0 1.06591
3 0 0 0.942092

3
1 1 1 0.894525
2 0 0 1.05442
3 0 0 0.943035

3
1 1 1 0.887313
2 0 0 0.89673
3 0 0 0.871332

5
1 1 1 0.912562
2 0 0 1.01552
3 1 2 0.81005
6 0 0 0.742832
7 0 0 0.962947

3
1 1 1 0.864726
2 0 0 1.02679
3 0 0 0.822929

5
1 0 901 0.81711
2 2 2 1.04274
4 0 0 0.916063
5 0 0 1.14203
3 0 0 0.821492

3
1 1 1 0.886496
2 0 0 0.983825
3 0 0 0.843399

5
1 1 2 0.806482
2 0 5311 0.851527
4 0 0 0.754487
5 0 0 0.876846
3 0 0 0.98377

3
1 1 1 0.796042
2 0 0 1.03532
3 0 0 0.776125

3
1 0 3799 0.907631
2 0 0 0.865051
3 0 0 1.01063

5
1 1 1 0.884973
2 0 8165 0.920334
4 0 0 0.91169
5 0 0 1.01688
3 0 0 0.720154

3
1 0 9801 0.866461
2 0 0 0.725428
3 0 0 0.968135

3
1 0 9436 0.81264
2 0 0 0.887721
3 0 0 0.931357

3
1 2 2 0.790691
2 0 0 0.857548
3 0 0 0.982528

3
1 1 1 0.838389
2 0 0 0.929348
3 0 0 0.761173

1
1 0 0 0.766303

3
1 0 3105 0.903503
2 0 0 0.92175
3 0 0 0.894704

5
1 2 2 0.868476
2 2 1 0.959839
4 0 0 0.893467
5 0 0 1.07321
3 0 0 1.09357

5
1 1 2 0.881308
2 0 0 0.820632
3 0 2028 0.884003
6 0 0 0.928126
7 0 0 0.964793

3
1 1 2 0.849623
2 0 0 0.832235
3 0 0 0.917874

1
1 0 0 0.813627

5
1 0 9483 0.777844
2 0 0 0.790521
3 0 9580 0.97412
6 0 0 0.992278
7 0 0 1.07238

1
1 0 0 0.800552

3
1 0 275 0.816839
2 0 0 0.918348
3 0 0 0.777346

3
1 0 8650 0.871272
2 0 0 0.778372
3 0 0 1.0875

3
1 0 9819 0.908247
2 0 0 0.751975
3 0 0 0.928783

7
1 0 1578 0.848636
2 0 0 0.834216
3 0 9796 1.0412
6 0 7305 1.02776
12 0 0 0.948542
13 0 0 1.12983
7 0 0 1.00386

3
1 1 2 0.837123
2 0 0 0.865584
3 0 0 1.00285

3
1 1 1 0.931621
2 0 0 1.00107
3 0 0 0.77199

3
1 1 1 0.775412
2 0 0 0.875146
3 0 0 0.782616

7
1 0 6934 0.866549
2 1 1 0.837741
4 0 0 1.03367
5 2 4 0.836166
10 0 0 0.782826
11 0 0 0.965022
3 0 0 0.851071

7
1 0 275 0.812934
2 0 217 0.984161
4 0 0 0.980745
5 0 268 0.974683
10 0 0 0.980549
11 0 0 0.967495
3 0 0 0.699484

3
1 0 3483 0.854246
2 0 0 0.850764
3 0 0 0.967856

5
1 0 7489 0.869676
2 0 0 0.753514
3 2 3 0.945971
6 0 0 0.995695
7 0 0 0.964299

5
1 0 2980 0.932094
2 0 0 0.838949
3 1 2 0.920996
6 0 0 0.952501
7 0 0 0.956237

3
1 0 8067 0.937269
2 0 0 0.843854
3 0 0 1.0282

3
1 0 8281 0.842135
2 0 0 0.818303
3 0 0 0.963939

5
1 1 1 0.920237
2 0 8399 0.907222
4 0 0 0.893625
5 0 0 1.09643
3 0 0 0.827084

1
1 0 0 0.882558

5
1 0 9839 0.754185
2 0 0 0.795219
3 1 1 1.04038
6 0 0 1.06955
7 0 0 0.973279

3
1 1 1 0.82081
2 0 0 0.955331
3 0 0 0.734698

3
1 1 1 0.900585
2 0 0 1.0088
3 0 0 0.802887

3
1 0 3098 0.817462
2 0 0 0.885931
3 0 0 1.01476

3
1 1 1 0.893392
2 0 0 1.10899
3 0 0 0.711156

5
1 1 2 0.912376
2 0 0 0.747655
3 2 4 0.98296
6 0 0 1.0694
7 0 0 1.00148

1
1 0 0 0.787893

3
1 2 1 0.922992
2 0 0 0.783337
3 0 0 1.01778

5
1 2 4 0.840567
2 0 0 0.938128
3 0 7675 1.04556
6 0 0 0.996336
7 0 0 0.918612

5
1 1 2 0.900435
2 0 1142 0.887294
4 0 0 0.937472
5 0 0 0.737137
3 0 0 0.840333

5
1 0 752 0.801833
2 1 2 1.0296
4 0 0 0.987481
5 0 0 1.01215
3 0 0 0.83999

3
1 1 1 0.791763
2 0 0 0.990659
3 0 0 0.811358

3
1 0 750 0.825529
2 0 0 0.96652
3 0 0 0.848375

3
1 1 1 0.895843
2 0 0 1.11337
3 0 0 0.877912

7
1 1 2 0.835205
2 0 0 0.792097
3 0 1257 0.984041
6 2 3 1.02757
12 0 0 1.05913
13 0 0 0.989641
7 0 0 1.03142

3
1 1 1 0.801491
2 0 0 1.03654
3 0 0 0.778952

3
1 0 2160 0.836652
2 0 0 0.801314
3 0 0 1.00963

3
1 1 2 0.864122
2 0 0 0.823034
3 0 0 1.00429

1
1 0 0 0.846418

3
1 0 8158 0.847476
2 0 0 0.774454
3 0 0 1.00568

9
1 2 4 0.88535
2 0 5045 0.842962
4 0 218 0.836781
8 0 0 0.860419
9 0 0 0.869557
5 1 1 0.880938
10 0 0 0.9479
11 0 0 1.03532
3 0 0 0.96719

3
1 0 9469 0.897914
2 0 0 0.908363
3 0 0 0.955565

3
1 1 1 0.81916
2 0 0 1.07108
3 0 0 0.801687

3
1 0 7550 0.89977
2 0 0 0.790846
3 0 0 0.886844

3
1 0 1253 0.902727
2 0 0 1.04691
3 0 0 0.814381

3
1 0 3014 0.848038
2 0 0 0.873804
3 0 0 0.8156

3
1 2 2 0.862219
2 0 0 0.905745
3 0 0 0.862318

5
1 0 2302 0.889391
2 0 972 0.860385
4 0 0 0.811832
5 0 0 0.754367
3 0 0 1.00809

1
1 0 0 1.01092

3
1 0 9243 0.740647
2 0 0 0.736728
3 0 0 1.00713

3
1 0 6251 0.912789
2 0 0 0.922131
3 0 0 1.08629

3
1 2 4 0.832417
2 0 0 0.894704
3 0 0 1.07772

1
1 0 0 0.879328

3
1 1 1 0.82255
2 0 0 1.12163
3 0 0 0.671391

5
1 1 1 0.872354
2 0 0 1.03472
3 1 2 0.866795
6 0 0 0.85056
7 0 0 1.04799

7
1 0 2910 0.871865
2 2 2 0.831479
4 0 0 0.761219
5 0 0 0.98983
3 1 2 0.945094
6 0 0 0.929834
7 0 0 1.12024

3
1 0 100 0.911301
2 0 0 0.966062
3 0 0 0.823913

3
1 1 2 0.90531
2 0 0 0.78499
3 0 0 0.921483

5
1 0 6258 0.938461
2 0 5675 0.805231
4 0 0 0.793316
5 0 0 0.975588
3 0 0 0.9439

3
1 2 2 0.924971
2 0 0 0.892982
3 0 0 0.947727

5
1 0 5492 0.839646
2 0 0 0.81174
3 1 2 0.924686
6 0 0 0.977666
7 0 0 0.991825

3
1 1 2 0.879381
2 0 0 0.829627
3 0 0 0.962867

5
1 0 314 0.970785
2 1 1 1.05569
4 0 0 1.01055
5 0 0 1.03178
3 0 0 1.01221

5
1 2 3 0.820709
2 0 0 0.805162
3 2 4 0.953732
6 0 0 0.965404
7 0 0 0.977859

3
1 0 3220 0.903945
2 0 0 0.870361
3 0 0 0.925267

7
1 2 3 0.859606
2 2 2 0.936758
4 0 0 0.895759
5 1 2 0.992096
10 0 0 0.904083
11 0 0 1.05063
3 0 0 0.811999

3
1 1 2 0.844298
2 0 0 0.863129
3 0 0 1.14542

1
1 0 0 0.805608

5
1 0 4386 0.897901
2 0 0 0.954877
3 1 2 0.879676
6 0 0 0.840568
7 0 0 1.0139

3
1 0 597 0.838608
2 0 0 0.907333
3 0 0 0.781698

5
1 0 4582 0.853396
2 0 0 0.863588
3 2 1 0.86395
6 0 0 1.07911
7 0 0 0.843012

3
1 0 6655 0.811085
2 0 0 0.81213
3 0 0 0.939538

5
1 1 1 0.85363
2 0 4207 0.986818
4 0 0 0.911843
5 0 0 0.973556
3 0 0 0.861513

3
1 0 726 0.918152
2 0 0 1.04197
3 0 0 0.84892

7
1 1 1 0.871106
2 0 0 0.913067
3 1 2 0.93121
6 0 0 0.829761
7 0 6837 1.02316
14 0 0 1.03596
15 0 0 0.93353

3
1 0 386 0.75082
2 0 0 0.9541
3 0 0 0.885568

3
1 0 951 0.81662
2 0 0 1.00194
3 0 0 0.687154

1
1 0 0 0.798178

5
1 1 1 0.854744
2 0 0 1.10935
3 1 2 0.90159
6 0 0 0.891517
7 0 0 1.01937

3
1 0 1025 0.73814
2 0 0 0.924141
3 0 0 0.722065

3
1 1 2 0.959214
2 0 0 0.824642
3 0 0 1.05215

1
1 0 0 0.885732

3
1 0 9403 0.839455
2 0 0 0.77363
3 0 0 0.871177

3
1 1 1 0.887313
2 0 0 0.956282
3 0 0 0.762603

3
1 1 1 0.912562
2 0 0 1.15466
3 0 0 0.785235

5
1 1 2 0.937393
2 0 0 0.847746
3 0 7549 0.937714
6 0 0 1.01824
7 0 0 1.11622

3
1 0 6653 0.893432
2 0 0 0.86485
3 0 0 1.08834

3
1 0 9080 0.844035
2 0 0 0.867065
3 0 0 1.03346

5
1 2 1 0.900208
2 1 1 0.921379
4 0 0 1.04261
5 0 0 0.979955
3 0 0 0.909058

1
1 0 0 0.785114

5
1 1 2 0.895696
2 1 1 0.921109
4 0 0 1.23164
5 0 0 0.717481
3 0 0 0.976197

3
1 1 2 0.865155
2 0 0 0.89608
3 0 0 1.00615

3
1 1 1 0.888193
2 0 0 1.0292
3 0 0 0.774388

1
1 0 0 0.864925

1
1 0 0 0.83828

5
1 0 1857 0.890021
2 1 1 0.788402
4 0 0 0.9721
5 0 0 0.821161
3 0 0 1.10702

5
1 1 2 0.885761
2 0 5164 0.931372
4 0 0 0.872115
5 0 0 0.958332
3 0 0 0.9115

5
1 1 2 0.87972
2 0 0 0.732275
3 2 2 0.925573
6 0 0 0.91414
7 0 0 0.95391

3
1 1 2 0.848078
2 0 0 0.853269
3 0 0 0.874907

1
1 0 0 0.78764

3
1 0 2747 0.840868
2 0 0 0.81926
3 0 0 0.939793

3
1 1 1 0.789261
2 0 0 0.96402
3 0 0 0.775271

3
1 0 257 0.790919
2 0 0 0.932769
3 0 0 0.774555

3
1 1 1 0.857644
2 0 0 0.922543
3 0 0 0.762661

7
1 0 3810 0.892595
2 0 2303 0.802572
4 0 1954 0.795378
8 0 0 0.799984
9 0 0 1.17093
5 0 0 0.903899
3 0 0 0.89235

3
1 0 4268 0.907327
2 0 0 0.730848
3 0 0 0.943888

3
1 0 681 0.750074
2 0 0 0.987645
3 0 0 0.868842

1
1 0 0 0.766829

3
1 1 1 0.817721
2 0 0 1.03443
3 0 0 0.831101

3
1 1 1 0.931621
2 0 0 0.994778
3 0 0 0.760371

3
1 1 1 0.775412
2 0 0 0.944752
3 0 0 0.689802

3
1 0 6934 0.866549
2 0 0 0.757328
3 0 0 0.967034

5
1 1 1 0.819361
2 0 0 1.09163
3 1 2 0.96684
6 0 0 0.827116
7 0 0 1.0347

3
1 0 1240 0.802874
2 0 0 0.980794
3 0 0 0.767924

3
1 1 2 0.834225
2 0 0 0.769425
3 0 0 1.05435

3
1 0 8209 0.847609
2 0 0 0.897217
3 0 0 0.979429

3
1 0 4307 0.923224
2 0 0 0.881291
3 0 0 0.935449

5
1 2 1 0.884655
2 0 5581 0.908951
4 0 0 0.722275
5 0 0 1.03559
3 0 0 0.967741

3
1 1 1 0.920237
2 0 0 0.966708
3 0 0 0.800878

1
1 0 0 0.67321

1
1 0 0 0.867803

3
1 1 1 0.820213
2 0 0 0.978068
3 0 0 0.745934

1
1 0 0 0.851647

3
1 1 1 0.742052
2 0 0 1.02287
3 0 0 0.720998

3
1 1 1 0.893392
2 0 0 0.936795
3 0 0 0.734649

3
1 1 2 0.912376
2 0 0 0.829779
3 0 0 0.980953

7
1 1 1 0.867627
2 0 0 1.05377
3 0 7189 0.809551
6 0 0 0.860566
7 0 7833 1.0534
14 0 0 0.870962
15 0 0 1.01426

9
1 0 833 0.780142
2 1 2 1.06297
4 0 0 0.921791
5 2 1 1.00964
10 0 0 1.05963
11 0 0 1.00753
3 1 1 0.838819
6 0 0 0.987042
7 0 0 0.8483

7
1 0 2887 0.921785
2 2 4 0.820091
4 0 0 0.706816
5 0 0 0.925625
3 0 6173 0.989965
6 0 0 1.0385
7 0 0 0.982426

3
1 0 6976 0.768957
2 0 0 0.732611
3 0 0 0.820558

3
1 1 2 0.886503
2 0 0 0.800613
3 0 0 1.07392

3
1 1 1 0.791763
2 0 0 1.06668
3 0 0 0.859204

3
1 0 7940 0.840548
2 0 0 0.852095
3 0 0 0.961509

5
1 1 2 0.85171
2 0 0 0.813261
3 0 2081 0.91888
6 0 0 1.02967
7 0 0 0.81989

3
1 1 1 0.863574
2 0 0 0.932497
3 0 0 0.806649

1
1 0 0 0.722489

7
1 0 2160 0.836652
2 0 333 0.828829
4 0 0 1.00113
5 0 0 0.875509
3 2 3 1.0631
6 0 0 1.03349
7 0 0 0.862566

3
1 1 2 0.864122
2 0 0 0.800317
3 0 0 0.952969

3
1 0 212 0.867049
2 0 0 0.935682
3 0 0 0.930502

5
1 1 2 0.955543
2 1 1 0.94532
4 0 0 0.956216
5 0 0 0.693429
3 0 0 1.02273

5
1 1 1 0.933727
2 0 0 1.12154
3 1 2 0.85539
6 0 0 0.789133
7 0 0 0.910227

1
1 0 0 0.853088

3
1 1 1 0.81916
2 0 0 0.871794
3 0 0 0.760949

1
1 0 0 0.888101

3
1 0 1786 0.932675
2 0 0 0.72637
3 0 0 0.959535

3
1 1 2 0.869846
2 0 0 0.894554
3 0 0 1.02202

3
1 0 8803 0.808573
2 0 0 0.77361
3 0 0 1.00153

3
1 0 6614 0.919651
2 0 0 0.784728
3 0 0 0.97058

3
1 0 3649 0.878305
2 0 0 0.960725
3 0 0 0.954763

1
1 0 0 0.799064

1
1 0 0 0.748801

9
1 2 4 0.832417
2 1 2 1.11595
4 1 1 0.919312
8 0 0 1.02957
9 0 3464 0.915054
18 0 0 0.860496
19 0 0 0.977029
5 0 0 1.0382
3 0 0 0.984314

3
1 0 468 0.84331
2 0 0 1.0812
3 0 0 0.832994

3
1 1 1 0.909961
2 0 0 0.975464
3 0 0 0.771168

5
1 1 1 0.872354
2 0 0 0.955358
3 0 1580 0.928287
6 0 0 0.842427
7 0 0 1.00624

5
1 0 2910 0.871865
2 0 492 0.818788
4 0 0 1.03598
5 0 0 0.759265
3 0 0 0.993717

1
1 0 0 0.844842

3
1 0 9876 0.921815
2 0 0 0.893779
3 0 0 1.12502

7
1 0 5698 0.952458
2 1 2 0.871317
4 0 0 0.803547
5 2 3 1.016
10 0 0 0.910725
11 0 0 0.986301
3 0 0 1.01598

3
1 0 4850 0.906269
2 0 0 0.885055
3 0 0 0.99696

3
1 1 1 0.877117
2 0 0 1.16234
3 0 0 0.848465

5
1 1 2 0.881982
2 0 7888 0.832211
4 0 0 0.825555
5 0 0 1.00986
3 0 0 1.06886

5
1 1 2 0.935835
2 1 1 0.953776
4 0 0 0.951846
5 0 0 0.79964
3 0 0 0.917116

3
1 0 8777 0.752922
2 0 0 0.788442
3 0 0 0.941446

3
1 0 3921 0.865295
2 0 0 0.827168
3 0 0 0.951039

3
1 0 3495 0.95229
2 0 0 0.848539
3 0 0 0.989443

3
1 2 3 0.869028
2 0 0 0.815455
3 0 0 0.994292

3
1 0 8468 0.898899
2 0 0 0.716463
3 0 0 0.94648

5
1 1 2 0.924154
2 0 4339 0.926308
4 0 0 0.938614
5 0 0 1.00434
3 0 0 0.937145

3
1 1 1 0.951356
2 0 0 0.949632
3 0 0 0.847758

3
1 1 1 0.86971
2 0 0 0.930368
3 0 0 0.872032

3
1 2 3 0.862192
2 0 0 0.880926
3 0 0 0.82721

7
1 2 1 0.927399
2 0 6333 0.913257
4 0 0 0.851536
5 0 6935 0.934595
10 0 0 0.878307
11 0 0 0.908796
3 0 0 0.99401

5
1 0 9834 0.79015
2 0 0 0.793724
3 1 1 1.00291
6 0 0 0.983662
7 0 0 1.03134

3
1 1 2 0.839023
2 0 0 0.935607
3 0 0 0.987286

1
1 0 0 0.855474

3
1 1 1 0.931899
2 0 0 0.991167
3 0 0 0.741741

3
1 0 9655 0.699692
2 0 0 0.86549
3 0 0 1.00926

3
1 1 1 0.80974
2 0 0 0.853364
3 0 0 0.893033

1
1 0 0 0.795548

5
1 1 2 0.959214
2 0 0 0.788675
3 0 8295 1.00135
6 0 0 0.978012
7 0 0 1.02111

9
1 1 1 0.83358
2 0 7231 1.0103
4 0 0 1.02815
5 0 0 1.02908
3 1 2 0.850204
6 0 0 0.872257
7 2 3 1.1136
14 0 0 1.05089
15 0 0 1.06649

3
1 0 9658 0.767412
2 0 0 0.826097
3 0 0 0.949598

5
1 1 2 0.833755
2 0 0 0.836528
3 2 3 0.921617
6 0 0 1.034
7 0 0 0.932693

3
1 1 1 0.912562
2 0 0 0.882779
3 0 0 0.653021

7
1 0 305 0.819523
2 2 3 0.935545
4 1 2 1.00055
8 0 0 1.00212
9 0 0 0.869866
5 0 0 1.15491
3 0 0 0.787315

1
1 0 0 0.769471

5
1 1 1 0.866266
2 0 1131 1.01987
4 0 0 0.963604
5 0 0 1.0365
3 0 0 0.83282

3
1 1 2 0.784653
2 0 0 0.854741
3 0 0 0.94397

7
1 0 1867 0.857924
2 2 4 0.94887
4 0 0 0.804289
5 0 0 1.00067
3 2 4 0.963951
6 0 0 1.04051
7 0 0 0.996462

1
1 0 0 0.826689

3
1 1 2 0.865155
2 0 0 0.905035
3 0 0 1.00229

3
1 1 1 0.888193
2 0 0 1.00342
3 0 0 0.86157

3
1 1 1 0.909181
2 0 0 1.04757
3 0 0 0.807687

5
1 1 1 0.932902
2 0 9674 0.963999
4 0 0 0.972249
5 0 0 0.939077
3 0 0 0.78724

1
1 0 0 0.803762

3
1 2 4 0.900049
2 0 0 0.957711
3 0 0 1.18544

5
1 1 1 0.93285
2 0 8739 0.994813
4 0 0 0.978518
5 0 0 1.03338
3 0 0 0.921281

3
1 1 2 0.844039
2 0 0 0.741669
3 0 0 1.15039

3
1 0 9505 0.825848
2 0 0 0.989402
3 0 0 1.16248

5
1 0 6503 0.893167
2 2 2 0.915912
4 0 0 0.929637
5 0 0 0.938335
3 0 0 1.0514

3
1 1 1 0.789261
2 0 0 0.956352
3 0 0 0.794113

5
1 0 1852 0.838874
2 0 0 0.874973
3 0 9113 0.952939
6 0 0 0.942167
7 0 0 0.920349

3
1 1 1 0.857644
2 0 0 0.900379
3 0 0 0.901639

1
1 0 0 0.77327

3
1 1 2 0.820431
2 0 0 0.839485
3 0 0 0.902724

3
1 0 9754 0.795678
2 0 0 0.88261
3 0 0 0.936903

5
1 0 1162 0.829127
2 1 1 1.00411
4 0 0 1.00348
5 0 0 1.01752
3 0 0 0.765024

3
1 1 1 0.817721
2 0 0 0.969964
3 0 0 0.839859

3
1 1 1 0.931621
2 0 0 0.93975
3 0 0 0.750356

3
1 1 1 0.775412
2 0 0 0.954413
3 0 0 0.670931

3
1 0 9614 0.846668
2 0 0 0.791577
3 0 0 1.0685

3
1 1 2 0.8066
2 0 0 0.755628
3 0 0 1.06084

3
1 0 1240 0.802874
2 0 0 0.997343
3 0 0 0.731503

3
1 2 1 0.895921
2 0 0 0.923174
3 0 0 1.10319

1
1 0 0 0.797976

3
1 0 598 0.843856
2 0 0 0.956582
3 0 0 0.821717

3
1 0 5527 0.887302
2 0 0 0.833052
3 0 0 0.929036

5
1 1 1 0.920237
2 0 0 0.929871
3 0 9871 0.806571
6 0 0 0.763345
7 0 0 0.924991

3
1 0 8676 0.867935
2 0 0 0.858975
3 0 0 0.963591

5
1 1 2 0.928716
2 0 0 0.807202
3 0 430 0.92403
6 0 0 1.00989
7 0 0 0.967819

3
1 1 1 0.820213
2 0 0 0.961353
3 0 0 0.834621

1
1 0 0 0.856786

3
1 1 2 0.826807
2 0 0 0.729688
3 0 0 0.897796

3
1 1 1 0.893392
2 0 0 0.978452
3 0 0 0.788439

3
1 0 9482 0.81515
2 0 0 0.842403
3 0 0 0.992969

3
1 0 9638 0.740011
2 0 0 0.755991
3 0 0 1.05563

3
1 0 955 0.831928
2 0 0 0.957166
3 0 0 0.788783

3
1 2 2 0.84501
2 0 0 0.864208
3 0 0 0.875563

1
1 0 0 0.944427

5
1 0 9585 0.930955
2 1 1 0.91489
4 0 0 0.982894
5 0 0 0.816829
3 0 0 1.01558

3
1 1 1 0.826793
2 0 0 0.934055
3 0 0 0.8293

1
1 0 0 0.902565

5
1 2 4 0.873186
2 0 0 0.845671
3 0 2604 0.979125
6 0 0 1.00465
7 0 0 0.909657

3
1 1 1 0.836777
2 0 0 0.879789
3 0 0 0.667331

3
1 1 1 0.910764
2 0 0 1.00391
3 0 0 0.918542

3
1 0 9982 0.793172
2 0 0 0.80436
3 0 0 0.899649

3
1 0 405 0.880858
2 0 0 0.836166
3 0 0 0.801584

3
1 2 1 0.921055
2 0 0 0.847556
3 0 0 1.07734

5
1 1 2 0.955543
2 0 0 0.805513
3 2 2 1.03149
6 0 0 0.975092
7 0 0 0.97123

3
1 1 1 0.828123
2 0 0 1.0165
3 0 0 0.792077

3
1 0 9336 0.883873
2 0 0 0.851855
3 0 0 1.03985

3
1 1 1 0.81916
2 0 0 1.06452
3 0 0 0.689245

5
1 0 6168 0.885524
2 0 1161 0.834823
4 0 0 0.916949
5 0 0 0.857964
3 0 0 0.982784

3
1 0 1786 0.932675
2 0 0 0.828006
3 0 0 1.11797

9
1 2 4 0.915157
2 0 958 0.816206
4 0 0 1.08513
5 1 2 0.911832
10 0 0 0.915816
11 0 0 0.974077
3 1 1 0.951719
6 0 0 0.931657
7 0 0 0.996047

3
1 1 2 0.87732
2 0 0 0.843643
3 0 0 0.98257

5
1 0 487 0.762327
2 1 2 1.01351
4 0 0 0.898384
5 0 0 0.854384
3 0 0 0.743516

3
1 1 2 0.856348
2 0 0 0.904141
3 0 0 1.06634

3
1 1 2 0.90729
2 0 0 0.770027
3 0 0 0.986276

1
1 0 0 0.83051

3
1 0 9768 0.859806
2 0 0 0.770082
3 0 0 0.939531

3
1 1 1 0.82451
2 0 0 1.06696
3 0 0 0.823293

3
1 2 4 0.840065
2 0 0 0.863502
3 0 0 0.892833

3
1 1 1 0.886301
2 0 0 1.00955
3 0 0 0.720198

7
1 1 2 0.982994
2 0 0 0.762042
3 0 4059 1.0242
6 2 2 0.965852
12 0 0 0.973646
13 0 0 1.02421
7 0 0 0.880452

3
1 1 2 0.880014
2 0 0 0.794565
3 0 0 1.04196

3
1 2 2 0.884305
2 0 0 0.898505
3 0 0 0.932205

3
1 0 4946 0.871683
2 0 0 0.867237
3 0 0 1.02109

5
1 0 309 0.910402
2 0 211 1.10054
4 0 0 1.0143
5 0 0 1.1187
3 0 0 0.961329

3
1 1 1 0.877117
2 0 0 0.981101
3 0 0 0.826132

7
1 0 297 0.841789
2 0 59 1.00583
4 0 0 1.07844
5 1 1 0.999386
10 0 0 0.904038
11 0 0 0.938809
3 0 0 0.714834

7
1 1 2 0.935835
2 1 1 0.953776
4 0 0 0.988523
5 0 0 0.70898
3 2 3 1.04641
6 0 0 0.980941
7 0 0 0.913409

3
1 2 3 0.91957
2 0 0 0.915855
3 0 0 0.919991

1
1 0 0 0.861803

3
1 1 2 0.979569
2 0 0 0.832028
3 0 0 0.916285

3
1 0 2547 0.925909
2 0 0 0.857067
3 0 0 1.03481

3
1 0 8468 0.898899
2 0 0 0.830509
3 0 0 1.01563

3
1 0 1933 0.845647
2 0 0 0.839363
3 0 0 1.07867

7
1 0 3436 0.805362
2 1 1 0.823054
4 0 0 1.08938
5 0 0 0.803441
3 1 1 0.952063
6 0 0 0.996457
7 0 0 0.929972

3
1 0 7031 0.832633
2 0 0 0.71254
3 0 0 0.962297

3
1 0 9687 0.783214
2 0 0 0.793051
3 0 0 0.920197

3
1 1 1 0.967451
2 0 0 1.1096
3 0 0 0.737486

5
1 2 3 0.817507
2 0 0 0.861496
3 0 2756 0.982686
6 0 0 0.989349
7 0 0 0.887283

3
1 1 1 0.961086
2 0 0 1.06039
3 0 0 0.937337

7
1 0 7670 0.841181
2 1 1 0.95547
4 0 0 1.02585
5 0 0 0.865512
3 2 1 0.996748
6 0 0 1.09585
7 0 0 0.981475

3
1 1 1 0.931899
2 0 0 0.928173
3 0 0 0.9692

3
1 1 2 0.8669
2 0 0 0.799977
3 0 0 1.10566

3
1 0 8 0.862845
2 0 0 1.13232
3 0 0 0.950751

3
1 0 9656 0.757316
2 0 0 0.793431
3 0 0 0.913397

7
1 1 2 0.959214
2 0 8659 0.769964
4 0 0 0.759931
5 0 0 1.00777
3 2 2 0.886938
6 0 0 0.995836
7 0 0 1.00187

5
1 1 1 0.83358
2 0 0 1.14168
3 1 2 0.831131
6 0 0 0.76027
7 0 0 0.947298

5
1 0 1498 0.86413
2 0 0 0.864648
3 2 3 0.96274
6 0 0 0.938785
7 0 0 0.863617

9
1 2 3 0.911206
2 0 0 0.807933
3 0 8419 0.992095
6 0 0 0.996666
7 2 4 0.972306
14 0 0 0.978725
15 0 8777 0.972905
30 0 0 0.967513
31 0 0 1.00361

3
1 0 619 0.798864
2 0 0 1.14267
3 0 0 0.809069

5
1 0 8368 0.821164
2 0 0 0.683834
3 0 9082 0.943866
6 0 0 0.962102
7 0 0 0.868984

3
1 0 2917 0.839145
2 0 0 0.788774
3 0 0 1.00423

1
1 0 0 0.717397

5
1 0 2443 0.89721
2 0 0 0.765846
3 0 7974 1.0044
6 0 0 0.971355
7 0 0 0.945039

3
1 1 1 0.79111
2 0 0 1.03387
3 0 0 0.797009

3
1 0 6954 0.822248
2 0 0 0.904231
3 0 0 0.972245

3
1 0 7135 0.79258
2 0 0 0.779216
3 0 0 0.831878

3
1 0 3132 0.899502
2 0 0 0.804524
3 0 0 0.887087

3
1 1 1 0.909181
2 0 0 1.07067
3 0 0 0.715682

5
1 1 1 0.849539
2 0 7563 1.01156
4 0 0 1.03547
5 0 0 0.960918
3 0 0 0.805837

3
1 0 5705 0.973023
2 0 0 0.867522
3 0 0 0.951932

3
1 1 2 0.885571
2 0 0 0.712403
3 0 0 0.998913

3
1 1 1 0.93285
2 0 0 0.951428
3 0 0 0.864103

7
1 0 2249 0.859757
2 2 1 0.909444
4 0 0 0.86885
5 0 0 1.03874
3 2 1 0.973278
6 0 0 1.04279
7 0 0 0.979408

3
1 1 1 0.769292
2 0 0 0.955348
3 0 0 0.780866

1
1 0 0 0.824476

3
1 1 1 0.789261
2 0 0 0.920768
3 0 0 0.844498

5
1 0 1852 0.838874
2 0 1233 0.870388
4 0 0 0.932461
5 0 0 0.791638
3 0 0 1.10275

3
1 1 1 0.879062
2 0 0 1.06575
3 0 0 0.770824

1
1 0 0 0.809163

3
1 0 597 0.864776
2 0 0 0.970477
3 0 0 0.941101

3
1 1 1 0.935146
2 0 0 1.04592
3 0 0 0.898839

5
1 0 1162 0.829127
2 0 0 1.02007
3 0 6490 0.90321
6 0 0 0.93203
7 0 0 0.927315

5
1 2 2 0.96711
2 0 0 0.913894
3 1 2 0.97432
6 0 0 0.826812
7 0 0 1.10224

3
1 1 1 0.931621
2 0 0 0.963456
3 0 0 0.826815

3
1 1 1 0.835337
2 0 0 1.10303
3 0 0 0.836744

3
1 0 3345 0.952217
2 0 0 0.860143
3 0 0 1.0616

3
1 1 2 0.815444
2 0 0 0.801076
3 0 0 0.974643

3
1 1 2 0.808182
2 0 0 0.870412
3 0 0 1.05307

3
1 1 1 0.857414
2 0 0 0.943466
3 0 0 0.763038

5
1 0 1367 0.900425
2 1 1 0.943986
4 0 0 0.918259
5 0 0 0.97941
3 0 0 0.797108

1
1 0 0 0.831254

5
1 0 3160 0.92727
2 0 2829 0.878094
4 0 0 0.790183
5 0 0 1.14411
3 0 0 0.982234

3
1 1 1 0.850959
2 0 0 1.07537
3 0 0 0.821232

3
1 1 2 0.841972
2 0 0 0.895919
3 0 0 0.974385

3
1 0 7572 0.799859
2 0 0 0.807289
3 0 0 0.952363

5
1 0 9596 0.821142
2 0 0 0.803116
3 0 9776 1.14283
6 0 0 1.02798
7 0 0 1.0646

1
1 0 0 0.941807

5
1 0 3882 0.880819
2 0 1228 0.929207
4 0 0 0.996553
5 0 0 0.898576
3 0 0 0.961363

7
1 1 1 0.893392
2 2 1 1.00107
4 0 0 1.10158
5 0 0 0.92589
3 0 24 0.804244
6 0 0 1.11921
7 0 0 0.808242

5
1 0 9030 0.846633
2 0 0 0.836013
3 0 9097 0.931363
6 0 0 0.923383
7 0 0 1.01723

3
1 0 9837 0.732414
2 0 0 0.792035
3 0 0 0.94604

3
1 0 955 0.831928
2 0 0 1.08784
3 0 0 0.697377

3
1 1 2 0.821214
2 0 0 0.788765
3 0 0 0.95286

3
1 1 1 0.899855
2 0 0 1.0753
3 0 0 0.7855

3
1 0 459 0.775111
2 0 0 1.11734
3 0 0 0.90951

1
1 0 0 0.778741

3
1 2 1 0.853842
2 0 0 0.874748
3 0 0 0.953369

3
1 1 2 0.827073
2 0 0 0.782093
3 0 0 1.12552

3
1 0 9814 0.757588
2 0 0 0.769673
3 0 0 1.08514

7
1 0 8292 0.856748
2 1 1 0.807053
4 0 6291 0.987352
8 0 0 1.02945
9 0 0 0.939649
5 0 0 0.825871
3 0 0 0.877232

3
1 1 1 0.910923
2 0 0 1.06455
3 0 0 0.743657

3
1 0 9455 0.88628
2 0 0 0.910573
3 0 0 0.978329

1
1 0 0 0.789133

3
1 1 1 0.887827
2 0 0 0.936295
3 0 0 0.727745

5
1 1 1 0.828123
2 0 0 1.04462
3 0 1890 0.936498
6 0 0 0.719339
7 0 0 1.06735

3
1 0 3526 0.842671
2 0 0 0.84692
3 0 0 0.936622

3
1 0 5413 0.787608
2 0 0 0.900029
3 0 0 1.08899

3
1 0 201 0.827534
2 0 0 0.924889
3 0 0 0.829577

3
1 1 2 0.854368
2 0 0 0.817529
3 0 0 1.05738

1
1 0 0 0.785012

3
1 0 7740 0.810972
2 0 0 0.81905
3 0 0 1.04486

1
1 0 0 0.844479

5
1 2 1 0.850824
2 1 2 0.9362
4 0 0 1.04436
5 0 0 0.971571
3 0 0 0.898801

3
1 1 2 0.898278
2 0 0 0.777933
3 0 0 0.966651

1
1 0 0 0.81898

5
1 2 2 0.867795
2 2 1 0.917376
4 0 0 0.742233
5 0 0 0.903836
3 0 0 0.951798

5
1 1 1 0.82451
2 0 0 1.02952
3 0 2198 0.877161
6 0 0 0.737252
7 0 0 0.89875

3
1 2 4 0.953502
2 0 0 0.857537
3 0 0 1.08891

5
1 0 8971 0.825216
2 0 0 0.875693
3 0 9322 1.04246
6 0 0 1.04329
7 0 0 0.883825

3
1 1 2 0.929624
2 0 0 0.773801
3 0 0 0.901632

3
1 1 1 0.86716
2 0 0 0.932537
3 0 0 0.765512

3
1 2 1 0.868704
2 0 0 0.848927
3 0 0 0.872728

1
1 0 0 0.810251

5
1 1 2 0.800276
2 1 1 0.895769
4 0 0 0.984066
5 0 0 0.834668
3 0 0 1.00671

5
1 1 2 0.867625
2 0 4587 0.904064
4 0 0 0.802302
5 0 0 0.952503
3 0 0 0.959029

3
1 0 1770 0.878218
2 0 0 0.829942
3 0 0 1.01264

5
1 1 2 0.935835
2 0 0 0.753021
3 2 4 1.0791
6 0 0 1.09803
7 0 0 0.822652

5
1 0 4491 0.987406
2 2 3 0.953158
4 0 0 0.982502
5 0 0 0.980425
3 0 0 0.925002

1
1 0 0 0.790836

3
1 2 3 0.88472
2 0 0 0.845536
3 0 0 0.933713

7
1 0 6556 0.884145
2 2 4 0.906823
4 0 0 0.92929
5 0 0 0.891266
3 1 2 0.99216
6 0 0 1.0644
7 0 0 1.04977

3
1 0 984 0.781358
2 0 0 1.18953
3 0 0 0.655412

5
1 1 2 0.886525
2 0 0 0.831583
3 0 1029 0.989232
6 0 0 1.03076
7 0 0 1.01201

1
1 0 0 0.821808

11
1 1 2 0.942864
2 2 3 0.882317
4 0 0 0.889159
5 1 1 0.963358
10 0 0 1.0154
11 2 4 0.855465
22 0 0 1.00774
23 0 0 0.932931
3 0 8056 0.96148
6 0 0 0.99044
7 0 0 1.02691

5
1 0 9687 0.783214
2 1 1 0.794205
4 0 0 1.02997
5 0 0 0.820417
3 0 0 0.897591

9
1 1 2 0.838457
2 0 0 0.828684
3 2 2 0.947647
6 0 0 0.942499
7 0 9718 1.00348
14 2 3 0.939206
28 0 0 1.09006
29 0 0 0.962875
15 0 0 0.848418

1
1 0 0 0.951039

3
1 1 1 0.961086
2 0 0 1.06767
3 0 0 0.770922

5
1 0 69 0.837582
2 0 0 1.04562
3 1 1 0.852822
6 0 0 0.928353
7 0 0 0.754665

3
1 1 2 0.914186
2 0 0 0.910453
3 0 0 0.94622

5
1 0 4419 0.860666
2 2 1 0.900337
4 0 0 0.986967
5 0 0 0.958003
3 0 0 0.939527

3
1 0 5210 0.964492
2 0 0 0.731318
3 0 0 0.954671

3
1 0 5208 0.947458
2 0 0 0.959456
3 0 0 0.919699

3
1 0 1747 0.90578
2 0 0 0.915307
3 0 0 0.890909

3
1 1 2 0.901464
2 0 0 0.832867
3 0 0 0.89082

3
1 1 1 0.885453
2 0 0 0.926397
3 0 0 0.829403

3
1 0 1265 0.899894
2 0 0 1.08368
3 0 0 0.873355

5
1 2 1 0.959726
2 1 2 0.91028
4 0 0 0.966912
5 0 0 0.848146
3 0 0 0.980981

5
1 0 31 0.838428
2 0 0 0.823454
3 0 1891 0.897538
6 0 0 0.863571
7 0 0 0.980681

3
1 0 6848 0.930286
2 0 0 0.727129
3 0 0 0.94072

3
1 0 923 0.75067
2 0 0 1.13342
3 0 0 0.838335

5
1 0 7694 0.842712
2 0 0 0.808548
3 0 7872 0.897655
6 0 0 1.06188
7 0 0 1.00957

5
1 1 1 0.872615
2 0 0 1.01379
3 1 2 0.825856
6 0 0 0.788476
7 0 0 0.94427

3
1 0 9394 0.771754
2 0 0 0.726891
3 0 0 0.975825

5
1 0 4558 0.914588
2 0 2573 0.893588
4 0 0 0.837337
5 0 0 0.942703
3 0 0 0.839721

3
1 0 222 0.822538
2 0 0 0.986565
3 0 0 0.73252

1
1 0 0 0.952903

3
1 1 1 0.849539
2 0 0 1.06802
3 0 0 0.759387

5
1 2 3 0.879329
2 1 1 0.868277
4 0 0 1.05974
5 0 0 0.867787
3 0 0 0.83848

3
1 0 9698 0.830704
2 0 0 0.78549
3 0 0 0.997602

5
1 2 4 0.853223
2 0 0 0.826807
3 0 6810 0.965098
6 0 0 1.11767
7 0 0 0.953072

3
1 0 2249 0.859757
2 0 0 0.790677
3 0 0 1.06822

3
1 1 1 0.769292
2 0 0 1.12361
3 0 0 0.752036

3
1 2 4 0.834074
2 0 0 0.906232
3 0 0 0.874372

3
1 0 9233 0.808018
2 0 0 0.752123
3 0 0 0.918135

3
1 0 1852 0.838874
2 0 0 0.764254
3 0 0 1.06553

3
1 1 1 0.879062
2 0 0 1.02843
3 0 0 0.748864

7
1 0 8427 0.867952
2 1 1 0.863496
4 0 0 1.04443
5 0 0 0.748228
3 1 1 1.17538
6 0 0 0.969526
7 0 0 0.978168

3
1 1 1 0.795489
2 0 0 0.912993
3 0 0 0.809087

5
1 1 1 0.935146
2 0 0 0.944637
3 1 2 1.0279
6 0 0 0.702875
7 0 0 1.06836

3
1 2 4 0.86888
2 0 0 0.757354
3 0 0 0.883151

5
1 0 5424 0.839765
2 1 1 0.843667
4 0 0 1.08039
5 0 0 0.748237
3 0 0 0.990608

3
1 1 1 0.931621
2 0 0 0.924135
3 0 0 0.854402

1
1 0 0 0.774772

1
1 0 0 0.873792

3
1 1 2 0.815444
2 0 0 0.842399
3 0 0 0.99699

7
1 1 2 0.840459
2 2 4 0.96482
4 0 0 0.913068
5 0 0 1.09578
3 2 4 0.98604
6 0 0 0.952507
7 0 0 0.895686

3
1 1 1 0.857414
2 0 0 1.06102
3 0 0 0.924999

3
1 1 2 0.824062
2 0 0 0.824289
3 0 0 1.096

3
1 1 1 0.854152
2 0 0 0.962341
3 0 0 0.760744

3
1 0 3160 0.92727
2 0 0 0.811793
3 0 0 1.02019

1
1 0 0 0.732393

7
1 1 2 0.841972
2 0 0 0.887532
3 2 4 0.864771
6 0 6063 0.90684
12 0 0 1.03459
13 0 0 1.00692
7 0 0 1.11739

3
1 1 1 0.928819
2 0 0 0.994277
3 0 0 0.784079

1
1 0 0 0.824701

3
1 1 1 0.847087
2 0 0 0.996937
3 0 0 0.782907

3
1 1 2 0.949052
2 0 0 0.769394
3 0 0 0.996399

3
1 1 1 0.893392
2 0 0 0.980715
3 0 0 0.877508

5
1 0 4782 0.920101
2 1 1 0.973142
4 0 0 0.996835
5 0 0 0.787602
3 0 0 0.961156

3
1 0 8451 0.781637
2 0 0 0.789215
3 0 0 1.04221

3
1 0 491 0.744698
2 0 0 1.05333
3 0 0 0.795894

3
1 1 2 0.821214
2 0 0 0.841801
3 0 0 0.993996

3
1 1 1 0.899855
2 0 0 1.04489
3 0 0 0.816809

3
1 1 2 0.950138
2 0 0 0.81925
3 0 0 1.04554

3
1 1 2 0.904717
2 0 0 0.807568
3 0 0 0.880308

3
1 0 8449 0.864772
2 0 0 0.76346
3 0 0 0.998396

3
1 1 2 0.827073
2 0 0 0.83899
3 0 0 1.00164

3
1 1 1 0.814587
2 0 0 0.992801
3 0 0 0.806575

1
1 0 0 0.810429

3
1 1 1 0.910923
2 0 0 1.06237
3 0 0 0.778642

3
1 0 9810 0.888346
2 0 0 0.845179
3 0 0 1.01171

3
1 1 1 0.867481
2 0 0 0.961894
3 0 0 0.860381

3
1 0 9780 0.760739
2 0 0 0.750876
3 0 0 0.951743

5
1 1 1 0.828123
2 2 2 0.902515
4 0 0 0.910141
5 0 0 0.859499
3 0 0 0.81789

3
1 1 1 0.821212
2 0 0 1.0307
3 0 0 0.778614

1
1 0 0 0.8021

5
1 1 1 0.893158
2 0 2213 0.940294
4 0 0 0.999572
5 0 0 0.997585
3 0 0 0.80915

5
1 0 9814 0.906797
2 0 5163 0.944416
4 0 0 0.971017
5 0 0 0.979078
3 0 0 0.937468

5
1 0 9076 0.876589
2 0 0 0.865022
3 0 9648 0.98655
6 0 0 0.917173
7 0 0 1.03907

3
1 0 6886 0.901105
2 0 0 0.91744
3 0 0 0.933528

5
1 0 165 0.858632
2 1 2 1.06795
4 0 0 1.1562
5 0 0 1.10103
3 0 0 0.823447

3
1 0 1806 0.972812
2 0 0 0.845623
3 0 0 1.07448

5
1 1 2 0.898278
2 1 1 0.810677
4 0 0 1.09298
5 0 0 0.781369
3 0 0 0.933075

3
1 1 1 0.817378
2 0 0 1.07778
3 0 0 0.80284

3
1 1 1 0.909124
2 0 0 0.931213
3 0 0 0.828946

1
1 0 0 0.83156

3
1 0 9365 0.827865
2 0 0 0.754752
3 0 0 0.948152

1
1 0 0 0.985765

3
1 1 1 0.920893
2 0 0 1.12993
3 0 0 0.802051

3
1 2 3 0.917375
2 0 0 0.907012
3 0 0 0.936643

3
1 0 8171 0.828556
2 0 0 0.850438
3 0 0 0.973099

1
1 0 0 0.859498

3
1 1 1 0.892185
2 0 0 1.01349
3 0 0 0.749188

3
1 1 1 0.826322
2 0 0 0.958608
3 0 0 0.776856

3
1 0 1770 0.878218
2 0 0 0.836736
3 0 0 0.973926

5
1 1 2 0.935835
2 0 0 0.700246
3 0 6413 1.0945
6 0 0 1.03113
7 0 0 0.964652

3
1 0 649 0.857156
2 0 0 1.05314
3 0 0 0.84279

3
1 1 2 0.884895
2 0 0 0.844024
3 0 0 0.960173

3
1 0 2835 0.915863
2 0 0 0.790454
3 0 0 0.946234

3
1 1 2 0.841925
2 0 0 0.866135
3 0 0 1.07349

5
1 0 7235 0.805571
2 0 0 0.89413
3 2 1 0.977947
6 0 0 0.958412
7 0 0 1.06757

3
1 1 2 0.886525
2 0 0 0.821984
3 0 0 0.960654

3
1 1 2 0.899261
2 0 0 0.761774
3 0 0 0.95469

3
1 0 9570 0.847175
2 0 0 0.820447
3 0 0 0.926819

3
1 1 2 0.781848
2 0 0 0.746761
3 0 0 0.857791

5
1 0 7268 0.857296
2 0 4744 0.895564
4 0 0 0.82629
5 0 0 0.938894
3 0 0 1.06632

3
1 0 155 0.811745
2 0 0 0.952636
3 0 0 0.644224

3
1 1 1 0.961086
2 0 0 1.00668
3 0 0 0.859755

3
1 0 990 0.895552
2 0 0 1.12787
3 0 0 0.817026

5
1 1 2 0.914186
2 0 0 0.932033
3 2 2 1.0924
6 0 0 0.934276
7 0 0 0.995154

5
1 0 5553 0.952658
2 1 2 1.00706
4 0 0 0.953878
5 0 0 1.02894
3 0 0 1.03363

3
1 1 1 0.842527
2 0 0 0.955128
3 0 0 0.839355

3
1 2 4 0.850576
2 0 0 0.898549
3 0 0 1.03428

5
1 0 1747 0.90578
2 0 0 0.805902
3 0 5206 0.97169
6 0 0 0.955653
7 0 0 0.904852

3
1 0 1205 0.749862
2 0 0 1.02073
3 0 0 0.840947

3
1 0 9273 0.889629
2 0 0 0.714581
3 0 0 0.940954

5
1 0 1265 0.899894
2 0 0 1.00759
3 1 2 0.947155
6 0 0 0.790022
7 0 0 0.998156

3
1 0 5168 0.900601
2 0 0 0.73816
3 0 0 0.97236

3
1 0 1121 0.801364
2 0 0 1.06758
3 0 0 0.850856

3
1 1 2 0.948068
2 0 0 0.769872
3 0 0 1.01027

5
1 0 923 0.75067
2 2 2 0.976518
4 0 0 0.938511
5 0 0 0.94646
3 0 0 0.850809

5
1 0 276 0.859293
2 0 0 0.999497
3 0 960 0.856618
6 0 0 0.958134
7 0 0 0.886313

3
1 0 8005 0.905754
2 0 0 0.890881
3 0 0 0.982731

7
1 0 8772 1.00577
2 0 3200 0.899786
4 0 0 0.812557
5 0 0 1.04629
3 1 2 0.949371
6 0 0 0.952013
7 0 0 1.04236

5
1 2 3 0.950429
2 1 1 0.985456
4 0 0 1.14394
5 0 0 0.986951
3 0 0 0.957347

5
1 0 9062 0.820264
2 0 2701 0.946919
4 0 0 0.802282
5 0 0 0.977749
3 0 0 1.06207

5
1 0 2920 0.81139
2 1 1 0.858505
4 0 0 1.04798
5 0 0 0.778741
3 0 0 0.93342

3
1 1 1 0.873964
2 0 0 1.00687
3 0 0 0.874556

5
1 1 2 0.895333
2 0 0 0.81647
3 2 3 0.953078
6 0 0 0.938622
7 0 0 0.995615

3
1 0 8253 0.79558
2 0 0 0.832968
3 0 0 0.960743

3
1 1 1 0.901743
2 0 0 1.10286
3 0 0 0.702808

5
1 0 8666 0.878457
2 0 0 0.799395
3 2 4 0.901262
6 0 0 0.955025
7 0 0 1.0749

5
1 1 1 0.769292
2 2 4 0.877978
4 0 0 0.878867
5 0 0 0.969008
3 0 0 0.760755

3
1 1 1 0.852381
2 0 0 0.859494
3 0 0 0.778801

5
1 0 9516 0.92321
2 0 0 0.869555
3 1 1 1.06655
6 0 0 1.07399
7 0 0 1.0498

5
1 1 2 0.878473
2 0 0 0.927071
3 2 4 1.08243
6 0 0 1.09604
7 0 0 1.02123

5
1 0 8886 0.96009
2 0 2181 0.957203
4 0 0 0.926114
5 0 0 1.10025
3 0 0 0.854

3
1 0 8427 0.867952
2 0 0 0.750878
3 0 0 0.947454

5
1 1 1 0.795489
2 2 3 1.07615
4 0 0 0.94642
5 0 0 1.02957
3 0 0 0.781403

3
1 1 1 0.935146
2 0 0 1.14363
3 0 0 0.771736

3
1 2 2 0.857618
2 0 0 0.828533
3 0 0 1.02308

7
1 0 5424 0.839765
2 1 1 0.843667
4 0 0 0.990471
5 0 0 0.785122
3 0 7492 1.06914
6 0 0 1.04937
7 0 0 0.964722

3
1 1 1 0.931621
2 0 0 0.918967
3 0 0 0.763819

1
1 0 0 0.771111

1
1 0 0 0.865483

9
1 1 1 0.858473
2 0 0 0.953097
3 1 2 0.850944
6 0 0 0.750971
7 2 3 0.984381
14 0 0 0.979973
15 0 878 1.00202
30 0 0 0.955549
31 0 0 0.939488

3
1 1 2 0.840459
2 0 0 0.71034
3 0 0 1.05016

5
1 0 704 0.795758
2 1 2 0.957752
4 0 0 1.00858
5 0 0 1.05748
3 0 0 0.731227

1
1 0 0 0.819759

3
1 1 1 0.854152
2 0 0 0.963863
3 0 0 0.774631

3
1 0 3160 0.92727
2 0 0 0.773048
3 0 0 1.04054

3
1 0 8849 0.903847
2 0 0 0.837995
3 0 0 0.948638

9
1 1 1 0.837833
2 0 6197 0.997554
4 0 0 1.05542
5 0 6395 0.954467
10 0 0 1.03793
11 0 0 1.01999
3 0 5702 0.862195
6 0 0 0.723592
7 0 0 1.01413

3
1 1 1 0.867762
2 0 0 0.927391
3 0 0 0.834545

3
1 0 149 0.819511
2 0 0 0.965291
3 0 0 0.880097

3
1 0 1073 0.852657
2 0 0 0.98656
3 0 0 0.796285

3
1 1 2 0.949052
2 0 0 0.853842
3 0 0 1.09746

3
1 1 1 0.893392
2 0 0 0.934697
3 0 0 0.964171

3
1 0 9513 0.916887
2 0 0 0.939063
3 0 0 0.964549

3
1 2 4 0.87934
2 0 0 0.873396
3 0 0 0.901581

3
1 1 2 0.927942
2 0 0 0.856654
3 0 0 0.996805

7
1 1 2 0.864734
2 1 1 0.854358
4 0 0 1.08911
5 0 0 0.744169
3 2 2 1.03796
6 0 0 0.992959
7 0 0 0.93717

1
1 0 0 0.858696

3
1 0 679 0.778497
2 0 0 1.04035
3 0 0 0.853783

1
1 0 0 0.75947

3
1 1 2 0.849468
2 0 0 0.780556
3 0 0 0.924355

3
1 1 2 0.872803
2 0 0 0.765427
3 0 0 0.959826

5
1 1 1 0.897313
2 0 0 1.01623
3 0 9140 0.877217
6 0 0 0.882388
7 0 0 0.980728

3
1 0 883 0.846209
2 0 0 1.04791
3 0 0 0.814489

3
1 1 1 0.910923
2 0 0 0.965302
3 0 0 0.744093

1
1 0 0 0.797648

5
1 1 1 0.867481
2 0 6072 1.00994
4 0 0 1.0331
5 0 0 0.94733
3 0 0 0.760889

3
1 0 9276 0.819691
2 0 0 0.755995
3 0 0 1.10058

3
1 1 1 0.828123
2 0 0 1.17144
3 0 0 0.743893

3
1 1 1 0.821212
2 0 0 0.984577
3 0 0 0.76204

3
1 1 2 0.862089
2 0 0 0.79585
3 0 0 1.0044

3
1 2 3 0.899577
2 0 0 0.87949
3 0 0 0.961864

3
1 1 1 0.889017
2 0 0 0.860601
3 0 0 0.848514

1
1 0 0 0.783027

1
1 0 0 0.723143

5
1 1 2 0.855421
2 0 0 0.812334
3 0 4676 0.921852
6 0 0 0.932195
7 0 0 0.995747

5
1 0 1806 0.972812
2 0 0 0.759865
3 0 6533 1.03792
6 0 0 1.03163
7 0 0 0.9762

3
1 2 4 0.871227
2 0 0 0.777483
3 0 0 0.965901

3
1 0 3578 0.857659
2 0 0 0.837298
3 0 0 0.897977

3
1 0 3421 0.886801
2 0 0 0.751499
3 0 0 0.915454

7
1 0 4083 0.994889
2 1 2 0.943507
4 0 0 0.81337
5 0 0 1.02571
3 0 6071 1.02714
6 0 0 0.945058
7 0 0 1.07041

9
1 1 2 0.974618
2 1 1 1.05215
4 2 1 1.11366
8 0 0 0.978819
9 0 0 1.05135
5 0 0 0.942792
3 0 6926 0.947271
6 0 0 1.01711
7 0 0 1.01576

3
1 1 1 0.870444
2 0 0 1.11146
3 0 0 0.804856

7
1 1 1 0.871551
2 0 0 0.999217
3 0 431 0.889214
6 0 0 0.988564
7 0 8240 0.920982
14 0 0 0.863384
15 0 0 1.00636

3
1 1 1 0.898621
2 0 0 0.989396
3 0 0 0.684119

3
1 1 1 0.855484
2 0 0 1.08042
3 0 0 0.754003

5
1 1 1 0.850359
2 0 7986 1.07954
4 0 0 0.982054
5 0 0 1.01349
3 0 0 0.794674

5
1 1 1 0.892185
2 0 0 1.04899
3 0 4575 0.927102
6 0 0 0.930114
7 0 0 1.05378

5
1 1 1 0.826322
2 0 0 1.10006
3 1 2 0.836854
6 0 0 0.807444
7 0 0 0.894579

9
1 0 1770 0.878218
2 1 2 0.870738
4 0 0 0.756842
5 0 1606 0.978226
10 0 0 1.02004
11 0 0 1.10117
3 1 1 1.01139
6 0 0 0.998161
7 0 0 0.950155

3
1 1 2 0.935835
2 0 0 0.933806
3 0 0 0.98659

3
1 0 9317 0.780547
2 0 0 0.794332
3 0 0 0.916917

3
1 1 2 0.785588
2 0 0 0.779508
3 0 0 0.972685

3
1 0 9557 0.857009
2 0 0 0.807952
3 0 0 1.01677

3
1 1 2 0.841925
2 0 0 0.793586
3 0 0 0.926264

5
1 1 2 0.947488
2 0 0 1.04062
3 2 3 0.955313
6 0 0 1.00226
7 0 0 0.968896

3
1 0 822 0.843816
2 0 0 0.988443
3 0 0 0.884923

5
1 2 1 0.949781
2 0 5521 0.895408
4 0 0 0.78403
5 0 0 0.945716
3 0 0 0.859685

3
1 1 1 0.840294
2 0 0 1.04292
3 0 0 0.779211

1
1 0 0 0.765234

3
1 0 8601 0.764504
2 0 0 0.832369
3 0 0 0.967853

3
1 0 5217 0.853751
2 0 0 0.884141
3 0 0 0.997839

3
1 0 821 0.758239
2 0 0 0.965515
3 0 0 0.751786

3
1 0 7580 0.877143
2 0 0 0.874406
3 0 0 0.919515

5
1 1 2 0.914186
2 0 8141 0.768601
4 0 0 0.777554
5 0 0 0.946821
3 0 0 0.975188

3
1 1 1 0.863155
2 0 0 0.994626
3 0 0 0.761975

1
1 0 0 0.89824

3
1 0 8896 0.888191
2 0 0 0.77734
3 0 0 0.941305

5
1 0 1747 0.90578
2 0 0 0.761611
3 2 4 1.03549
6 0 0 1.15555
7 0 0 1.03996

3
1 0 1205 0.749862
2 0 0 0.959784
3 0 0 0.82134

5
1 1 2 0.890981
2 0 0 0.775172
3 0 5103 1.10242
6 0 0 1.04305
7 0 0 0.956068

3
1 0 1265 0.899894
2 0 0 1.04397
3 0 0 0.885664

1
1 0 0 0.783122

3
1 0 5924 0.821025
2 0 0 0.792097
3 0 0 1.00335

5
1 1 1 0.862775
2 2 2 0.911899
4 0 0 1.02952
5 0 0 0.949881
3 0 0 0.883333

3
1 0 215 0.824916
2 0 0 1.01385
3 0 0 0.839457

3
1 0 202 0.802243
2 0 0 0.93911
3 0 0 0.795461

5
1 0 8005 0.905754
2 0 0 0.807532
3 0 8623 0.964586
6 0 0 0.996597
7 0 0 1.03988

5
1 0 8277 0.891539
2 0 0 0.904013
3 1 2 0.941824
6 0 0 0.871115
7 0 0 1.04878

3
1 1 2 0.849122
2 0 0 0.855303
3 0 0 1.00132

5
1 1 2 0.889282
2 0 0 0.878926
3 2 3 0.928692
6 0 0 0.970326
7 0 0 0.863879

3
1 1 2 0.911925
2 0 0 0.874054
3 0 0 0.889834

3
1 2 2 0.897001
2 0 0 0.804766
3 0 0 1.03279

3
1 1 2 0.895333
2 0 0 0.861842
3 0 0 0.930902

3
1 0 8801 0.971245
2 0 0 0.992191
3 0 0 1.10432

3
1 0 8998 0.871181
2 0 0 0.91187
3 0 0 0.95663

3
1 2 3 0.839387
2 0 0 0.86646
3 0 0 0.894432

3
1 1 1 0.769292
2 0 0 0.964343
3 0 0 0.861929

1
1 0 0 0.816765

3
1 0 9543 0.869545
2 0 0 0.864994
3 0 0 1.11685

1
1 0 0 0.852272

3
1 0 8886 0.96009
2 0 0 0.907524
3 0 0 0.872323

5
1 0 954 0.771477
2 0 0 0.920939
3 1 1 0.96779
6 0 0 0.954735
7 0 0 0.639178

5
1 1 1 0.795489
2 0 0 1.09394
3 2 1 0.880519
6 0 0 0.870025
7 0 0 1.0449

3
1 2 4 0.857132
2 0 0 0.810716
3 0 0 0.870299

3
1 1 1 0.817819
2 0 0 1.07392
3 0 0 0.834933

5
1 0 5424 0.839765
2 1 1 0.899386
4 0 0 1.0018
5 0 0 0.792998
3 0 0 0.970221

7
1 0 4723 0.901081
2 0 2167 0.922893
4 0 0 0.882705
5 0 0 1.11442
3 2 1 0.936665
6 0 0 0.998446
7 0 0 0.859625

5
1 0 6753 0.851141
2 0 0 0.80434
3 2 4 1.04631
6 0 0 1.04836
7 0 0 1.04475

7
1 1 1 0.856778
2 0 1847 1.05574
4 0 0 1.06549
5 0 0 1.02836
3 2 4 0.908553
6 0 0 0.881002
7 0 0 1.11374

5
1 0 9146 0.767736
2 0 0 0.91055
3 0 9732 0.879926
6 0 0 0.975106
7 0 0 1.05543

3
1 2 2 0.843369
2 0 0 0.757639
3 0 0 1.06261

3
1 0 704 0.795758
2 0 0 0.988611
3 0 0 0.803437

1
1 0 0 0.746611

5
1 1 1 0.854152
2 2 1 1.01585
4 0 0 0.976746
5 0 0 1.00251
3 0 0 0.769241

3
1 0 3160 0.92727
2 0 0 0.75875
3 0 0 0.945666

3
1 0 1065 0.765455
2 0 0 1.11604
3 0 0 0.715374

3
1 1 1 0.878293
2 0 0 0.938126
3 0 0 0.865367

3
1 1 1 0.821646
2 0 0 1.03494
3 0 0 0.83588

3
1 0 8526 0.992167
2 0 0 0.815287
3 0 0 1.02071

1
1 0 0 0.849914

3
1 1 2 0.794834
2 0 0 0.912026
3 0 0 1.14611

1
1 0 0 0.851521

3
1 0 9513 0.916887
2 0 0 0.937321
3 0 0 1.1253

1
1 0 0 0.765842

5
1 1 2 0.961691
2 0 0 0.707784
3 2 3 0.969146
6 0 0 1.06768
7 0 0 1.0108

3
1 1 2 0.864734
2 0 0 0.871064
3 0 0 0.91895

3
1 2 3 0.964441
2 0 0 0.780228
3 0 0 1.05287

3
1 1 1 0.937165
2 0 0 1.01355
3 0 0 0.980357

3
1 1 2 0.889347
2 0 0 0.784483
3 0 0 1.09948

3
1 1 2 0.849468
2 0 0 0.803428
3 0 0 0.963688

3
1 1 1 0.942549
2 0 0 1.13899
3 0 0 0.742225

5
1 0 799 0.843366
2 0 0 1.1502
3 1 1 0.811613
6 0 0 0.987012
7 0 0 0.785718

3
1 1 2 0.860956
2 0 0 0.871651
3 0 0 1.01181

3
1 0 9675 0.821236
2 0 0 0.817544
3 0 0 0.96233

3
1 1 1 0.887459
2 0 0 0.912259
3 0 0 0.858768

3
1 1 1 0.859152
2 0 0 0.996528
3 0 0 0.723553

3
1 1 1 0.912702
2 0 0 0.961223
3 0 0 0.839878

3
1 0 8156 0.882433
2 0 0 0.871883
3 0 0 0.999968

3
1 0 6056 0.853369
2 0 0 0.695747
3 0 0 1.00324

3
1 0 1090 0.808085
2 0 0 0.87948
3 0 0 0.742135

3
1 1 1 0.961231
2 0 0 0.98136
3 0 0 0.940684

1
1 0 0 0.800422

3
1 0 9006 0.794706
2 0 0 0.865003
3 0 0 0.887236

1
1 0 0 0.831927

3
1 1 2 0.827025
2 0 0 0.762925
3 0 0 0.929409

3
1 0 8097 0.827876
2 0 0 0.765151
3 0 0 0.833794

3
1 0 706 0.745581
2 0 0 0.907702
3 0 0 0.785159

5
1 0 418 0.826267
2 1 2 1.01509
4 0 0 1.0466
5 0 0 0.949158
3 0 0 0.789329

3
1 1 1 0.877858
2 0 0 1.04939
3 0 0 0.744648

3
1 2 3 0.881489
2 0 0 1.0066
3 0 0 0.864355

7
1 1 2 1.00105
2 2 1 0.979349
4 0 0 0.803332
5 0 0 1.07438
3 0 3121 0.923316
6 0 0 0.839573
7 0 0 0.873861

3
1 0 7043 0.853145
2 0 0 0.869893
3 0 0 1.01017

3
1 1 1 0.871551
2 0 0 1.09429
3 0 0 0.691473

5
1 0 572 0.830752
2 0 0 0.964456
3 0 6686 0.88592
6 0 0 0.880489
7 0 0 0.92008

3
1 1 1 0.855484
2 0 0 0.962762
3 0 0 0.779655

11
1 1 1 0.850359
2 0 361 1.01186
4 2 4 0.95233
8 0 0 0.85848
9 0 0 1.01697
5 2 1 0.96621
10 0 0 0.93442
11 0 0 1.05541
3 2 4 0.843432
6 0 0 0.80067
7 0 0 0.974801

5
1 1 1 0.881872
2 0 0 1.08831
3 0 8934 0.806115
6 0 0 0.772737
7 0 0 1.01435

5
1 1 1 0.826322
2 0 0 0.837597
3 0 7740 0.897966
6 0 0 0.870287
7 0 0 0.975171

5
1 0 1770 0.878218
2 0 0 0.838002
3 2 2 1.01226
6 0 0 1.03416
7 0 0 1.02294

3
1 2 4 0.941088
2 0 0 0.908108
3 0 0 0.96257

3
1 1 1 0.867302
2 0 0 1.02508
3 0 0 0.909855

1
1 0 0 0.799942

1
1 0 0 0.802478

3
1 1 1 0.863714
2 0 0 0.991253
3 0 0 0.724722

3
1 0 830 0.864991
2 0 0 0.999633
3 0 0 0.865606

3
1 1 2 0.952449
2 0 0 0.802996
3 0 0 1.00174

3
1 1 1 0.86199
2 0 0 0.882126
3 0 0 0.796519

3
1 1 1 0.840294
2 0 0 1.01575
3 0 0 0.867819

5
1 2 3 0.940584
2 0 2430 0.895264
4 0 0 0.783944
5 0 0 0.884412
3 0 0 0.906487

3
1 1 1 0.902195
2 0 0 0.912445
3 0 0 0.869476

7
1 2 3 0.937421
2 0 0 1.01368
3 0 2227 0.974681
6 1 1 1.04697
12 0 0 1.03773
13 0 0 1.04645
7 0 0 0.878644

3
1 1 1 0.939773
2 0 0 0.887956
3 0 0 0.968071

3
1 0 9573 0.815848
2 0 0 0.857855
3 0 0 0.946667

3
1 1 2 0.914186
2 0 0 0.939228
3 0 0 0.945646

1
1 0 0 0.898026

3
1 0 1899 0.901604
2 0 0 0.915015
3 0 0 0.988369

3
1 1 1 0.877791
2 0 0 1.04662
3 0 0 0.825756

7
1 0 1747 0.90578
2 0 0 0.742006
3 1 1 1.00753
6 2 3 1.03447
12 0 0 0.912647
13 0 0 1.07821
7 0 0 1.01965

3
1 1 1 0.868715
2 0 0 0.956322
3 0 0 0.831065

3
1 1 1 0.852886
2 0 0 0.865327
3 0 0 0.766928

3
1 1 2 0.925706
2 0 0 0.704256
3 0 0 0.944285

5
1 1 2 0.866966
2 0 0 0.776758
3 2 1 1.0304
6 0 0 0.901357
7 0 0 0.910727

3
1 0 3312 0.862843
2 0 0 0.903428
3 0 0 1.01224

3
1 1 1 0.862775
2 0 0 0.990016
3 0 0 0.879799

7
1 0 2289 0.867643
2 1 2 0.88459
4 0 0 0.833186
5 0 0 1.00145
3 2 3 1.03045
6 0 0 1.07047
7 0 0 1.00899

1
1 0 0 0.688711

1
1 0 0 0.748235

3
1 0 8277 0.891539
2 0 0 0.805738
3 0 0 1.03119

1
1 0 0 0.753831

5
1 1 1 0.881207
2 0 114 0.954588
4 0 0 0.90151
5 0 0 0.942452
3 0 0 0.733766

5
1 1 1 0.953748
2 0 8192 1.02636
4 0 0 1.03694
5 0 0 0.978264
3 0 0 0.785746

3
1 1 2 0.819076
2 0 0 0.725522
3 0 0 1.05629

5
1 1 2 0.895333
2 0 0 0.796968
3 0 3188 1.06435
6 0 0 1.12198
7 0 0 1.04516

5
1 0 38 0.987478
2 0 0 0.904799
3 1 1 0.870349
6 0 0 0.992231
7 0 0 0.752455

5
1 1 2 0.887982
2 0 6843 0.827372
4 0 0 0.795392
5 0 0 0.954136
3 0 0 0.952349

7
1 0 799 0.854376
2 2 1 1.01801
4 0 0 0.895705
5 0 0 0.985143
3 1 1 0.984083
6 0 0 0.951776
7 0 0 0.820345

3
1 1 2 0.905187
2 0 0 0.871871
3 0 0 1.15703

3
1 1 1 0.885754
2 0 0 1.03482
3 0 0 0.94175

3
1 2 3 0.907736
2 0 0 0.927083
3 0 0 0.96169

3
1 0 2340 0.938739
2 0 0 0.831992
3 0 0 1.05805

3
1 1 1 0.86638
2 0 0 0.963652
3 0 0 0.792626

3
1 0 2041 0.860692
2 0 0 0.760477
3 0 0 1.08674

5
1 1 1 0.795489
2 0 0 0.918392
3 1 2 0.920632
6 0 0 0.79135
7 0 0 0.981799

3
1 1 1 0.925116
2 0 0 1.00887
3 0 0 0.854932

5
1 1 2 0.912973
2 0 915 0.697157
4 0 0 1.09893
5 0 0 0.802405
3 0 0 0.95009

5
1 0 5424 0.839765
2 1 1 0.899386
4 0 0 0.945536
5 0 0 0.821621
3 0 0 0.978606

5
1 0 4723 0.901081
2 0 0 0.826909
3 2 1 0.961626
6 0 0 1.00635
7 0 0 0.941552

7
1 1 1 0.870896
2 2 1 0.953176
4 0 0 1.06593
5 0 0 1.00383
3 0 3036 0.989556
6 0 0 0.834171
7 0 0 0.977844

3
1 1 1 0.856778
2 0 0 1.00287
3 0 0 0.823272

5
1 1 2 0.81517
2 1 1 0.872792
4 0 0 0.960405
5 0 0 0.844703
3 0 0 0.922687

1
1 0 0 0.756472

3
1 2 4 0.889461
2 0 0 0.882559
3 0 0 1.00007

5
1 0 805 0.791862
2 0 0 1.09498
3 1 2 0.843669
6 0 0 0.765016
7 0 0 1.02043

3
1 0 9612 0.751944
2 0 0 0.762723
3 0 0 1.05317

3
1 0 3160 0.92727
2 0 0 0.898692
3 0 0 1.01796

1
1 0 0 0.93463

5
1 2 2 0.842456
2 0 0 0.797151
3 2 3 1.06012
6 0 0 1.05906
7 0 0 1.02394

3
1 1 1 0.821646
2 0 0 0.988243
3 0 0 0.903375

3
1 0 8526 0.992167
2 0 0 0.862755
3 0 0 1.13396

1
1 0 0 0.778583

3
1 0 9684 0.760055
2 0 0 0.764455
3 0 0 0.965215

5
1 1 1 0.926974
2 2 3 0.962132
4 0 0 1.05199
5 0 0 0.986346
3 0 0 0.853402

3
1 1 2 0.857262
2 0 0 0.760861
3 0 0 1.07076

5
1 0 6236 0.83894
2 1 1 0.897686
4 0 0 1.11147
5 0 0 0.821618
3 0 0 0.85455

1
1 0 0 0.77303

5
1 1 2 0.864734
2 0 0 0.79713
3 2 1 1.16058
6 0 0 1.11615
7 0 0 1.10271

7
1 1 2 0.891221
2 0 1699 0.888134
4 0 0 0.798126
5 0 0 1.06397
3 2 2 1.03386
6 0 0 0.802066
7 0 0 1.05946

3
1 1 1 0.937165
2 0 0 1.07297
3 0 0 0.866338

3
1 0 9473 0.826797
2 0 0 0.796265
3 0 0 0.964744

1
1 0 0 0.837965

7
1 1 1 0.942549
2 0 0 1.0252
3 1 2 0.893874
6 0 0 0.766859
7 0 7042 0.965466
14 0 0 0.858336
15 0 0 0.920466

5
1 0 799 0.843366
2 0 0 0.870186
3 0 1706 0.7881
6 0 0 0.671172
7 0 0 0.891822

5
1 0 17 0.899203
2 0 0 1.19096
3 1 2 0.894044
6 0 0 0.787899
7 0 0 1.01434

3
1 1 2 0.896145
2 0 0 0.721917
3 0 0 0.971461

5
1 0 8493 0.866242
2 0 0 0.844907
3 1 1 1.01805
6 0 0 1.06004
7 0 0 0.960217

3
1 1 1 0.859152
2 0 0 1.06537
3 0 0 0.822429

3
1 1 1 0.912702
2 0 0 0.941191
3 0 0 0.840796

3
1 0 8156 0.882433
2 0 0 0.778485
3 0 0 0.89525

3
1 0 7251 0.892065
2 0 0 0.87959
3 0 0 1.09401

3
1 0 1090 0.808085
2 0 0 0.985784
3 0 0 0.816539

3
1 0 9504 0.819454
2 0 0 0.798536
3 0 0 1.1021

7
1 0 4914 0.981828
2 1 1 0.901185
4 0 0 1.07262
5 0 0 0.82035
3 0 6330 0.9606
6 0 0 0.953492
7 0 0 1.03959

3
1 1 1 0.916807
2 0 0 0.988711
3 0 0 0.820052

3
1 0 7831 0.813216
2 0 0 0.845506
3 0 0 0.983855

3
1 0 6530 0.831967
2 0 0 0.810445
3 0 0 0.919756

3
1 1 1 0.813211
2 0 0 1.04464
3 0 0 0.827992

1
1 0 0 0.766324

3
1 0 8952 0.835323
2 0 0 0.752311
3 0 0 1.01551

5
1 1 1 0.877858
2 0 0 0.944831
3 0 9751 0.844868
6 0 0 0.813248
7 0 0 1.11482

3
1 1 2 0.918822
2 0 0 0.956561
3 0 0 0.846114

3
1 1 2 1.00105
2 0 0 0.853282
3 0 0 0.98306

7
1 1 2 0.920317
2 0 0 0.67669
3 0 8799 1.15543
6 0 0 1.13069
7 0 8935 1.01463
14 0 0 1.00842
15 0 0 1.0041

3
1 0 924 0.806056
2 0 0 0.975012
3 0 0 0.808886

3
1 0 8159 0.780213
2 0 0 0.700893
3 0 0 0.968654

3
1 1 1 0.855484
2 0 0 1.01401
3 0 0 0.888793

3
1 1 1 0.850359
2 0 0 0.860222
3 0 0 0.804258

3
1 1 1 0.881872
2 0 0 1.06145
3 0 0 0.861985

3
1 1 1 0.83523
2 0 0 0.906359
3 0 0 0.695496

3
1 0 1770 0.878218
2 0 0 0.75653
3 0 0 1.07166

3
1 1 1 0.826752
2 0 0 1.0391
3 0 0 0.823387

3
1 1 1 0.867302
2 0 0 0.91185
3 0 0 0.707042

5
1 2 1 0.947628
2 0 0 0.743233
3 0 5368 1.01631
6 0 0 1.02323
7 0 0 0.885234

5
1 0 6268 0.964652
2 0 3454 0.901001
4 0 0 0.850295
5 0 0 1.02825
3 0 0 0.943319

3
1 1 1 0.863714
2 0 0 1.01365
3 0 0 0.757956

7
1 1 2 0.832031
2 0 0 0.8329
3 2 3 0.992002
6 2 2 0.905193
12 0 0 1.06303
13 0 0 0.968077
7 0 0 1.05

1
1 0 0 0.92452

1
1 0 0 0.689397

5
1 0 2459 0.930785
2 1 2 0.829477
4 0 0 0.959081
5 0 0 0.917507
3 0 0 1.06841

3
1 1 1 0.910345
2 0 0 1.0117
3 0 0 0.854791

3
1 0 195 0.868986
2 0 0 1.01742
3 0 0 0.817004

3
1 1 1 0.869191
2 0 0 0.938949
3 0 0 0.789538

3
1 1 1 0.869589
2 0 0 0.987351
3 0 0 0.860539

3
1 2 3 0.925824
2 0 0 0.873425
3 0 0 0.961634

3
1 0 5778 0.890958
2 0 0 0.890061
3 0 0 0.95002

7
1 1 1 0.877935
2 0 5944 1.04584
4 0 2083 1.06683
8 0 0 1.00962
9 0 0 1.09129
5 0 0 0.94039
3 0 0 0.768892

3
1 2 4 0.876819
2 0 0 0.92811
3 0 0 0.946152

3
1 1 1 0.877791
2 0 0 1.00846
3 0 0 0.852359

7
1 1 1 0.88612
2 2 4 0.95548
4 0 0 1.04832
5 0 6947 0.982904
10 0 0 0.915528
11 0 0 0.987843
3 0 0 0.795623

5
1 2 1 0.890809
2 0 6437 0.96355
4 0 0 0.810529
5 0 0 1.03894
3 0 0 0.90118

5
1 0 5491 0.873716
2 2 3 0.89549
4 0 0 0.877224
5 0 0 0.882591
3 0 0 0.99333

3
1 0 1781 0.894777
2 0 0 0.794892
3 0 0 0.889826

5
1 1 2 0.866966
2 0 0 0.781326
3 0 8020 1.00455
6 0 0 1.03651
7 0 0 0.893248

3
1 1 1 0.761143
2 0 0 1.03591
3 0 0 0.917595

7
1 1 1 0.934782
2 0 0 1.06678
3 0 1111 0.835702
6 2 1 0.952342
12 0 0 0.97967
13 0 0 0.963098
7 0 0 0.84684

3
1 0 7110 0.851547
2 0 0 0.857208
3 0 0 0.896715

3
1 0 9838 0.80299
2 0 0 0.805458
3 0 0 0.943084

3
1 1 2 0.814386
2 0 0 0.812496
3 0 0 0.946546

5
1 1 1 0.805006
2 0 0 0.962234
3 1 2 0.83756
6 0 0 0.829289
7 0 0 1.0224

1
1 0 0 0.860631

3
1 2 4 0.912892
2 0 0 0.830578
3 0 0 1.04115

5
1 0 5036 0.864152
2 0 3541 0.845257
4 0 0 0.840981
5 0 0 0.883003
3 0 0 1.10619

3
1 0 9955 0.792545
2 0 0 0.797897
3 0 0 0.913915

3
1 0 9679 0.812781
2 0 0 0.762493
3 0 0 0.889905

3
1 0 5239 0.8386
2 0 0 0.769845
3 0 0 0.833678

3
1 2 1 0.902104
2 0 0 0.926652
3 0 0 0.926367

3
1 0 9687 0.736269
2 0 0 0.698416
3 0 0 0.811061

3
1 1 2 0.905187
2 0 0 0.800642
3 0 0 1.06673

3
1 1 1 0.885754
2 0 0 1.06911
3 0 0 0.840194

3
1 0 1142 0.732065
2 0 0 0.99879
3 0 0 0.716405

3
1 0 2340 0.938739
2 0 0 0.831649
3 0 0 0.946178

5
1 1 1 0.86638
2 0 0 0.870622
3 1 2 0.820064
6 0 0 0.709967
7 0 0 0.96597

3
1 0 2041 0.860692
2 0 0 0.816584
3 0 0 0.866578

5
1 1 1 0.795489
2 0 0 1.11951
3 1 2 0.971551
6 0 0 0.855756
7 0 0 1.00254

5
1 0 7084 0.965319
2 0 521 0.904968
4 0 0 0.996096
5 0 0 0.903866
3 0 0 1.05392

1
1 0 0 0.898142

3
1 2 4 0.918718
2 0 0 0.943295
3 0 0 0.970705

1
1 0 0 0.847568

5
1 0 4306 0.97653
2 1 1 0.947124
4 0 0 1.0456
5 0 0 0.975242
3 0 0 0.989359

3
1 1 1 0.856778
2 0 0 1.04845
3 0 0 0.714816

3
1 0 7769 0.893868
2 0 0 0.75435
3 0 0 0.985147

5
1 1 1 0.807024
2 0 0 1.0461
3 1 2 0.880966
6 0 0 0.882174
7 0 0 0.88886

3
1 1 1 0.888087
2 0 0 1.10848
3 0 0 0.680501

3
1 0 805 0.791862
2 0 0 1.06756
3 0 0 0.850438

5
1 1 1 0.9372
2 0 0 1.01175
3 2 4 0.88839
6 0 0 0.834264
7 0 0 0.946953

3
1 0 792 0.822163
2 0 0 0.926492
3 0 0 0.984779

3
1 1 2 0.8644
2 0 0 0.792823
3 0 0 1.03349

1
1 0 0 0.853499

3
1 1 1 0.821646
2 0 0 1.01074
3 0 0 0.78094

3
1 1 1 0.905902
2 0 0 0.932021
3 0 0 0.784689

7
1 2 2 0.886176
2 2 1 0.935386
4 0 241 0.940937
8 0 0 1.12173
9 0 0 0.956493
5 0 0 1.01487
3 0 0 1.11044

3
1 0 2770 0.887593
2 0 0 0.755262
3 0 0 0.912792

1
1 0 0 0.786166

7
1 1 2 0.857262
2 0 9912 0.844935
4 1 1 0.874111
8 0 0 0.996866
9 0 0 0.770685
5 0 0 0.948855
3 0 0 1.0397

3
1 2 4 0.876934
2 0 0 0.891511
3 0 0 0.937823

3
1 0 341 0.880281
2 0 0 0.970043
3 0 0 0.892454

5
1 1 2 0.864734
2 0 0 0.889884
3 0 434 1.02514
6 0 0 0.928871
7 0 0 0.990023

5
1 2 1 0.977647
2 0 4874 0.927442
4 0 0 0.868541
5 0 0 0.815675
3 0 0 0.943001

1
1 0 0 0.809031

3
1 1 2 0.828113
2 0 0 0.757337
3 0 0 1.10317

3
1 0 9173 0.791696
2 0 0 0.733562
3 0 0 0.971969

5
1 0 2379 0.876907
2 2 4 0.877718
4 0 0 0.78175
5 0 0 1.08112
3 0 0 0.910664

1
1 0 0 0.881777

5
1 1 1 0.886634
2 0 0 0.930231
3 0 2019 0.995796
6 0 0 0.803529
7 0 0 1.0491

3
1 1 2 0.896145
2 0 0 0.812757
3 0 0 0.949653

3
1 1 1 0.936421
2 0 0 0.930973
3 0 0 0.90381

3
1 0 917 0.798544
2 0 0 1.09339
3 0 0 0.820355

5
1 1 2 0.953754
2 0 0 0.758275
3 0 9702 1.01834
6 0 0 1.01472
7 0 0 0.975631

3
1 0 1854 0.836445
2 0 0 0.920094
3 0 0 0.950731

1
1 0 0 0.751332

3
1 0 1090 0.808085
2 0 0 0.992676
3 0 0 0.888764

3
1 0 9504 0.819454
2 0 0 0.745152
3 0 0 0.997138

1
1 0 0 0.804189

3
1 0 9201 0.950671
2 0 0 0.856284
3 0 0 0.940184

3
1 0 7831 0.813216
2 0 0 0.883361
3 0 0 0.953285

1
1 0 0 0.804185

1
1 0 0 0.873628

3
1 0 4502 0.866993
2 0 0 0.928694
3 0 0 1.01895

3
1 0 2173 0.926264
2 0 0 0.864352
3 0 0 0.954343

3
1 2 3 0.855965
2 0 0 0.942789
3 0 0 0.962859

5
1 0 9059 0.827199
2 0 0 0.813484
3 2 1 1.08315
6 0 0 1.0593
7 0 0 0.98936

3
1 0 8198 0.836242
2 0 0 0.783206
3 0 0 0.923134

3
1 1 1 0.85207
2 0 0 0.881828
3 0 0 0.777668

3
1 0 7437 0.81845
2 0 0 0.813713
3 0 0 1.10412

3
1 0 8159 0.780213
2 0 0 0.771571
3 0 0 1.09597

3
1 1 1 0.855484
2 0 0 0.998841
3 0 0 0.753067

5
1 2 4 0.811671
2 0 0 0.754296
3 0 524 1.00772
6 0 0 0.901918
7 0 0 0.922763

3
1 0 1177 0.756804
2 0 0 1.0719
3 0 0 0.731161

3
1 0 5553 0.793301
2 0 0 0.731394
3 0 0 0.983554

1
1 0 0 0.820985

3
1 1 1 0.826752
2 0 0 0.92977
3 0 0 0.783214

5
1 1 1 0.867302
2 0 956 1.05225
4 0 0 1.00759
5 0 0 1.06271
3 0 0 0.842489

3
1 1 2 0.900729
2 0 0 0.83724
3 0 0 0.899938

7
1 1 1 0.872836
2 0 0 1.13977
3 1 2 0.833069
6 0 0 0.850559
7 2 2 1.05406
14 0 0 0.947015
15 0 0 1.15533

3
1 1 1 0.855553
2 0 0 1.13021
3 0 0 0.702942

3
1 0 1831 0.94467
2 0 0 0.801711
3 0 0 1.11739

3
1 1 1 0.814017
2 0 0 0.952719
3 0 0 0.728088

3
1 0 850 0.774053
2 0 0 0.995684
3 0 0 0.764798

9
1 2 3 1.0012
2 2 2 1.00238
4 0 0 0.979329
5 0 4443 0.985273
10 0 0 1.07782
11 0 0 1.15278
3 2 4 1.0292
6 0 0 0.933975
7 0 0 0.94826

5
1 0 158 0.966449
2 0 0 1.08835
3 1 1 0.972539
6 0 0 1.05354
7 0 0 0.873382

5
1 0 5698 0.828934
2 0 0 0.788991
3 2 2 0.981546
6 0 0 0.984469
7 0 0 0.992063

3
1 1 1 0.869191
2 0 0 1.01958
3 0 0 0.672773

3
1 1 1 0.869589
2 0 0 1.11487
3 0 0 0.84347

5
1 0 3306 0.943446
2 0 998 0.848657
4 0 0 0.963426
5 0 0 0.870026
3 0 0 1.06516

3
1 1 2 0.790224
2 0 0 0.773635
3 0 0 0.886624

3
1 1 1 0.929913
2 0 0 1.05389
3 0 0 0.711761

5
1 0 3293 0.883278
2 0 0 0.802358
3 0 5032 0.987409
6 0 0 1.00359
7 0 0 0.895714

3
1 1 1 0.877791
2 0 0 0.983002
3 0 0 0.71851

3
1 0 1041 0.90255
2 0 0 0.959844
3 0 0 0.845975

5
1 0 755 0.911069
2 0 0 1.05836
3 2 3 0.913861
6 0 0 0.846341
7 0 0 1.02242

5
1 0 9820 0.770939
2 2 2 0.909223
4 0 0 0.939131
5 0 0 1.08815
3 0 0 1.10018

3
1 0 1781 0.894777
2 0 0 0.81436
3 0 0 0.94026

3
1 0 342 0.808649
2 0 0 1.06462
3 0 0 0.792192

3
1 1 1 0.761143
2 0 0 0.979511
3 0 0 0.926435

3
1 2 2 0.881786
2 0 0 0.96637
3 0 0 0.89692

5
1 0 909 0.803369
2 2 2 0.940716
4 0 0 1.07194
5 0 0 0.959803
3 0 0 0.75345

3
1 1 1 0.847089
2 0 0 0.930204
3 0 0 0.929173

3
1 0 1604 0.813962
2 0 0 0.765383
3 0 0 0.852401

11
1 1 1 0.805006
2 2 2 0.99677
4 0 0 0.993583
5 2 3 1.04507
10 0 0 0.973467
11 0 0 0.979867
3 1 2 0.90804
6 0 0 0.940935
7 0 8338 1.01649
14 0 0 0.934702
15 0 0 1.14158

3
1 1 1 0.817056
2 0 0 1.0724
3 0 0 0.912096

5
1 1 2 0.842821
2 1 1 0.843754
4 0 0 0.906084
5 0 0 0.751733
3 0 0 0.988081

3
1 0 5036 0.864152
2 0 0 0.828563
3 0 0 0.911693

5
1 1 1 0.90362
2 0 3166 0.954547
4 0 0 0.90592
5 0 0 0.977572
3 0 0 0.75132

3
1 2 3 0.899877
2 0 0 0.897277
3 0 0 0.975553

3
1 1 2 0.833823
2 0 0 0.834952
3 0 0 1.03738

3
1 1 1 0.879827
2 0 0 0.953178
3 0 0 0.855239

3
1 0 9668 0.820561
2 0 0 0.786202
3 0 0 1.02768

3
1 1 2 0.905187
2 0 0 0.747115
3 0 0 0.961932

1
1 0 0 0.804963

1
1 0 0 0.748854

5
1 0 2340 0.938739
2 1 1 0.952796
4 0 0 1.00515
5 0 0 0.841867
3 0 0 0.994725

3
1 1 2 0.88903
2 0 0 0.831353
3 0 0 1.12486

5
1 1 2 0.840633
2 0 0 0.792468
3 0 5874 0.992403
6 0 0 0.978389
7 0 0 0.965304

3
1 0 1197 0.788507
2 0 0 0.90571
3 0 0 0.791433

1
1 0 0 0.686547

5
1 1 2 0.930286
2 0 0 0.894829
3 2 4 0.999003
6 0 0 1.0596
7 0 0 0.848298

3
1 1 2 0.87663
2 0 0 0.827336
3 0 0 0.895063

3
1 1 2 0.843035
2 0 0 0.877482
3 0 0 1.00757

1
1 0 0 0.86117

7
1 1 2 0.855101
2 0 0 0.78718
3 0 2141 0.947261
6 0 1035 1.09462
12 0 0 1.08405
13 0 0 0.984828
7 0 0 0.883617

7
1 1 2 0.91695
2 0 0 0.793962
3 0 8184 1.00225
6 0 4209 1.01693
12 0 0 1.00895
13 0 0 1.1128
7 0 0 1.03652

3
1 1 2 0.79057
2 0 0 0.79943
3 0 0 0.962641

1
1 0 0 0.803495

3
1 1 1 0.848286
2 0 0 1.03589
3 0 0 0.835939

7
1 1 1 0.9372
2 0 0 0.957579
3 0 6118 0.94406
6 0 2903 0.937093
12 0 0 0.858378
13 0 0 1.09939
7 0 0 0.913801

3
1 1 1 0.996972
2 0 0 1.02767
3 0 0 0.845752

3
1 0 781 0.855324
2 0 0 0.903081
3 0 0 0.799707

1
1 0 0 0.79417

3
1 1 1 0.821646
2 0 0 1.08415
3 0 0 0.784932

7
1 0 1939 0.928376
2 0 0 0.812619
3 1 2 1.05021
6 0 0 0.994893
7 0 2308 0.911495
14 0 0 0.965748
15 0 0 0.868808

3
1 0 9025 0.823132
2 0 0 0.833183
3 0 0 1.01774

7
1 0 2770 0.887593
2 1 1 0.828968
4 0 0 1.15776
5 1 2 0.81107
10 0 0 0.779698
11 0 0 0.907683
3 0 0 1.02557

3
1 0 9861 0.90365
2 0 0 0.862865
3 0 0 1.05609

3
1 0 9080 0.914571
2 0 0 0.686088
3 0 0 0.99651

3
1 1 1 0.862802
2 0 0 1.1251
3 0 0 0.916243

7
1 2 4 0.893836
2 2 3 0.842182
4 0 0 0.875829
5 0 0 1.01092
3 0 6470 1.03698
6 0 0 1.12233
7 0 0 1.0386

3
1 1 1 0.883629
2 0 0 1.04276
3 0 0 0.821644

7
1 0 9866 0.763197
2 0 0 0.864156
3 1 1 1.00649
6 0 0 1.02213
7 1 2 1.00654
14 0 0 0.985515
15 0 0 1.0692

3
1 2 1 0.9351
2 0 0 0.872146
3 0 0 1.00383

3
1 0 2542 0.864916
2 0 0 0.807074
3 0 0 0.894914

3
1 0 9940 0.884532
2 0 0 0.90443
3 0 0 0.960218

5
1 0 8083 0.837955
2 0 0 0.864774
3 0 9307 1.00084
6 0 0 1.02449
7 0 0 1.02907

1
1 0 0 0.802052

1
1 0 0 0.796548

5
1 1 2 0.784234
2 0 0 0.794794
3 2 1 1.00341
6 0 0 0.919944
7 0 0 1.05856

3
1 2 2 0.841218
2 0 0 0.922714
3 0 0 0.895354

3
1 1 1 0.904372
2 0 0 0.931803
3 0 0 0.84601

3
1 1 2 0.953754
2 0 0 0.755451
3 0 0 1.04853

5
1 0 1854 0.836445
2 0 204 0.887187
4 0 0 1.02519
5 0 0 0.836616
3 0 0 1.03226

5
1 1 1 0.827408
2 0 5420 1.08285
4 0 0 1.09393
5 0 0 0.941893
3 0 0 0.80484

3
1 0 2632 0.889175
2 0 0 0.801601
3 0 0 1.02779

1
1 0 0 0.944014

3
1 1 1 0.714315
2 0 0 0.953863
3 0 0 0.74286

3
1 0 6898 0.892776
2 0 0 0.86046
3 0 0 0.893713

1
1 0 0 0.689632

3
1 1 2 0.828964
2 0 0 0.784468
3 0 0 1.0587

5
1 2 4 0.821619
2 1 1 0.867075
4 0 0 0.980426
5 0 0 0.771321
3 0 0 1.03934

5
1 1 2 0.924574
2 0 0 0.753575
3 0 4857 0.981998
6 0 0 0.867282
7 0 0 0.956542

5
1 0 9275 0.783091
2 0 0 0.799985
3 1 2 1.07734
6 0 0 0.943109
7 0 0 1.05161

3
1 0 8852 0.834564
2 0 0 0.834093
3 0 0 0.913123

3
1 1 2 0.872744
2 0 0 0.735587
3 0 0 1.03859

1
1 0 0 0.770045

3
1 0 7124 0.85952
2 0 0 0.814577
3 0 0 1.019

7
1 0 963 0.88647
2 0 192 1.00566
4 0 0 0.916937
5 0 212 0.981077
10 0 0 1.10226
11 0 0 0.967837
3 0 0 0.923038

3
1 2 3 0.981213
2 0 0 0.937298
3 0 0 0.963356

5
1 2 2 0.902711
2 2 1 0.971492
4 0 0 0.994057
5 0 0 0.956807
3 0 0 0.897539

1
1 0 0 0.79756

3
1 0 1177 0.756804
2 0 0 0.897652
3 0 0 0.800796

5
1 1 2 0.832099
2 1 1 0.867672
4 0 0 1.02092
5 0 0 0.845333
3 0 0 0.973022

3
1 1 2 0.914296
2 0 0 0.937352
3 0 0 1.11914

1
1 0 0 0.844212

3
1 1 1 0.867302
2 0 0 0.980345
3 0 0 0.779199

1
1 0 0 0.855363

3
1 0 71 0.750082
2 0 0 0.951973
3 0 0 0.8621

1
1 0 0 0.761296

3
1 0 1831 0.94467
2 0 0 0.756212
3 0 0 0.900189

3
1 0 6181 0.886847
2 0 0 0.75595
3 0 0 0.878635

3
1 0 845 0.781779
2 0 0 0.91443
3 0 0 0.799544

5
1 2 4 0.772439
2 0 0 0.853052
3 0 2681 1.0454
6 0 0 1.1139
7 0 0 1.10679

3
1 0 158 0.966449
2 0 0 0.956779
3 0 0 0.87711

5
1 1 2 0.904776
2 0 0 0.800688
3 0 7118 0.969982
6 0 0 0.981171
7 0 0 0.970908

3
1 1 1 0.869191
2 0 0 0.967988
3 0 0 0.821846

3
1 0 638 0.792172
2 0 0 1.05382
3 0 0 0.757398

3
1 0 3306 0.943446
2 0 0 0.810308
3 0 0 0.999626

5
1 1 1 0.828167
2 0 678 1.01104
4 0 0 1.05989
5 0 0 0.979161
3 0 0 0.660518

5
1 1 1 0.929913
2 0 0 1.09973
3 0 7056 0.85938
6 0 0 0.839447
7 0 0 0.962161

3
1 0 5827 0.930714
2 0 0 0.903502
3 0 0 1.12787

3
1 0 7619 0.885778
2 0 0 0.92403
3 0 0 0.90234

3
1 0 5715 0.933781
2 0 0 0.839985
3 0 0 1.00464

3
1 1 1 0.897772
2 0 0 1.07746
3 0 0 0.805184

7
1 1 2 0.849127
2 1 1 0.889962
4 0 0 1.11973
5 0 0 0.689614
3 0 7050 0.97401
6 0 0 1.0346
7 0 0 1.02545

5
1 0 1781 0.894777
2 0 0 0.742286
3 2 4 1.09583
6 0 0 1.05077
7 0 0 0.988511

1
1 0 0 0.881023

7
1 0 9267 0.910381
2 0 155 0.878213
4 0 0 1.08554
5 1 1 0.861748
10 0 0 0.97778
11 0 0 0.760529
3 0 0 1.0584

3
1 2 4 0.849534
2 0 0 0.82938
3 0 0 0.947646

5
1 0 264 0.799026
2 1 2 0.992446
4 0 0 0.90808
5 0 0 0.987291
3 0 0 0.810619

1
1 0 0 0.806641

3
1 1 1 1.00466
2 0 0 1.0404
3 0 0 0.820495

3
1 1 1 0.836668
2 0 0 1.05098
3 0 0 0.829797

3
1 0 512 0.824962
2 0 0 1.05434
3 0 0 0.833459

3
1 1 1 0.864831
2 0 0 1.04363
3 0 0 0.826

3
1 1 1 0.92931
2 0 0 0.922883
3 0 0 0.893164

3
1 1 2 0.951163
2 0 0 0.934926
3 0 0 1.04918

5
1 0 5036 0.878151
2 1 1 0.985618
4 0 0 1.02876
5 0 0 0.873259
3 0 0 0.950032

3
1 1 1 0.865963
2 0 0 0.96708
3 0 0 0.815184

5
1 1 1 0.944189
2 0 7347 0.997141
4 0 0 0.993733
5 0 0 1.01876
3 0 0 0.819547

7
1 2 1 0.864945
2 0 0 0.844827
3 0 1457 0.979714
6 0 265 1.15907
12 0 0 1.02533
13 0 0 1.16711
7 0 0 0.988971

3
1 2 3 0.77254
2 0 0 0.842751
3 0 0 0.867101

3
1 0 8419 0.893648
2 0 0 0.793582
3 0 0 0.96784

3
1 0 709 0.82484
2 0 0 1.03878
3 0 0 0.866512

5
1 0 7271 0.760229
2 0 0 0.786936
3 2 4 1.08157
6 0 0 1.08584
7 0 0 0.94052

3
1 0 7809 0.747776
2 0 0 0.805888
3 0 0 0.938308

3
1 1 1 0.899236
2 0 0 1.00215
3 0 0 0.670794

7
1 0 2222 0.861257
2 0 884 0.902147
4 0 0 1.04155
5 0 0 0.837825
3 2 2 0.922191
6 0 0 0.987214
7 0 0 0.93377

3
1 1 1 0.786137
2 0 0 0.935817
3 0 0 0.745567

3
1 1 1 0.902058
2 0 0 1.01667
3 0 0 0.762745

3
1 1 2 0.87663
2 0 0 0.785271
3 0 0 1.00797

5
1 1 2 0.843035
2 0 0 0.817989
3 2 2 0.986967
6 0 0 0.98199
7 0 0 1.02361

3
1 0 1949 0.903344
2 0 0 0.755732
3 0 0 0.976268

3
1 0 8772 0.824468
2 0 0 0.758545
3 0 0 0.987899

1
1 0 0 0.757114

5
1 1 2 0.79057
2 0 0 0.8255
3 2 2 0.968082
6 0 0 0.956605
7 0 0 0.989687

7
1 2 4 0.809756
2 0 0 0.812741
3 0 6020 1.086
6 0 1947 1.11532
12 0 0 0.994976
13 0 0 1.04343
7 0 0 0.994428

7
1 1 2 0.823438
2 0 0 0.705147
3 2 2 1.12999
6 0 0 0.961257
7 0 2649 1.08742
14 0 0 1.09049
15 0 0 1.02575

5
1 0 1733 0.848664
2 0 0 0.847988
3 0 5697 0.937912
6 0 0 0.93337
7 0 0 0.980563

5
1 1 1 0.916039
2 0 0 1.01166
3 0 9978 0.758541
6 0 0 0.770801
7 0 0 0.955853

3
1 0 8109 0.859421
2 0 0 0.756856
3 0 0 0.942031

3
1 1 2 0.929549
2 0 0 0.905375
3 0 0 1.04105

5
1 1 1 0.821646
2 0 0 0.987311
3 0 1004 0.836824
6 0 0 1.04328
7 0 0 0.798316

3
1 0 1887 0.943481
2 0 0 0.803708
3 0 0 0.910203

3
1 0 1005 0.748094
2 0 0 0.937347
3 0 0 0.838353

3
1 1 1 0.90855
2 0 0 1.0196
3 0 0 0.762578

7
1 1 2 0.773945
2 0 0 0.855986
3 2 4 0.980335
6 0 5675 1.01184
12 0 0 0.879168
13 0 0 0.992582
7 0 0 0.91061

3
1 0 9466 0.811587
2 0 0 0.799051
3 0 0 1.09673

3
1 1 2 0.830889
2 0 0 0.795144
3 0 0 0.99065

3
1 1 2 0.825218
2 0 0 0.81738
3 0 0 1.11864

3
1 1 2 0.766454
2 0 0 0.791282
3 0 0 1.01086

1
1 0 0 0.707952

3
1 2 4 0.919735
2 0 0 0.844127
3 0 0 0.984435

3
1 1 1 0.932536
2 0 0 0.987799
3 0 0 0.905064

3
1 1 1 0.955029
2 0 0 1.23051
3 0 0 0.857057

3
1 0 9821 0.860793
2 0 0 0.822558
3 0 0 1.02843

3
1 1 2 0.949404
2 0 0 0.92151
3 0 0 0.985132

7
1 0 9717 0.904334
2 2 1 0.889792
4 1 2 0.894977
8 0 0 0.92299
9 0 0 0.958362
5 0 0 1.04139
3 0 0 0.918262

3
1 0 1140 0.85626
2 0 0 1.09278
3 0 0 0.892818

5
1 1 2 0.8469
2 0 0 0.813163
3 0 6193 0.934695
6 0 0 1.07969
7 0 0 0.897472

3
1 1 1 0.904372
2 0 0 0.937026
3 0 0 0.815988

3
1 2 2 0.949347
2 0 0 0.861123
3 0 0 0.949358

3
1 1 1 0.911604
2 0 0 1.0102
3 0 0 0.881603

5
1 0 6012 0.779477
2 1 1 0.876636
4 0 0 1.03695
5 0 0 0.730995
3 0 0 1.04375

3
1 2 1 0.838761
2 0 0 0.713726
3 0 0 0.859928

5
1 0 651 0.824932
2 0 0 1.21264
3 0 2438 0.837316
6 0 0 0.844324
7 0 0 0.891624

5
1 0 2376 0.862844
2 0 0 0.82649
3 2 1 0.994426
6 0 0 1.10475
7 0 0 0.915042

3
1 1 1 0.833898
2 0 0 0.99386
3 0 0 0.811097

5
1 0 211 0.78216
2 0 94 0.996311
4 0 0 0.999666
5 0 0 0.936487
3 0 0 0.71651

3
1 1 2 0.828964
2 0 0 0.828739
3 0 0 0.988328

5
1 1 1 1.01469
2 2 3 0.970604
4 0 0 1.00907
5 0 0 0.907573
3 0 0 0.925157

3
1 0 9355 0.808205
2 0 0 0.914809
3 0 0 1.00595

3
1 2 3 0.823623
2 0 0 0.875428
3 0 0 1.03875

1
1 0 0 0.821995

7
1 1 2 0.872744
2 0 0 0.705713
3 2 4 1.02285
6 0 0 1.0423
7 0 5467 1.03915
14 0 0 0.935402
15 0 0 1.00681

1
1 0 0 0.74061

5
1 0 9618 0.826197
2 0 0 0.739159
3 2 4 0.98286
6 0 0 0.956729
7 0 0 0.938628

5
1 0 496 0.880031
2 2 4 1.02119
4 0 0 1.01899
5 0 0 0.932675
3 0 0 0.868374

3
1 1 1 0.775326
2 0 0 1.00273
3 0 0 0.834131

1
1 0 0 0.854565

5
1 0 9721 0.882962
2 0 1991 0.910416
4 0 0 0.889107
5 0 0 1.00355
3 0 0 0.946573

1
1 0 0 0.7074

7
1 0 8830 0.868274
2 1 2 0.833975
4 0 0 0.663799
5 0 0 1.10734
3 2 1 0.986917
6 0 0 0.9192
7 0 0 0.948442

5
1 2 2 0.858225
2 2 1 0.884468
4 0 0 0.890111
5 0 0 0.937368
3 0 0 0.882062

5
1 2 4 0.940383
2 0 2218 1.05498
4 0 0 0.841824
5 0 0 1.00567
3 0 0 0.900212

5
1 1 1 0.867302
2 2 1 0.991142
4 0 0 1.02075
5 0 0 0.97811
3 0 0 0.894366

1
1 0 0 0.763889

5
1 2 1 0.918293
2 1 2 0.899212
4 0 0 0.834182
5 0 0 0.913204
3 0 0 1.12603

3
1 0 1887 0.932982
2 0 0 0.815008
3 0 0 1.0454

3
1 0 7914 0.846008
2 0 0 0.826864
3 0 0 1.05738

1
1 0 0 0.7843

1
1 0 0 0.886234

3
1 1 1 0.92301
2 0 0 1.01559
3 0 0 0.751208

3
1 0 1215 0.863368
2 0 0 1.0035
3 0 0 0.697776

5
1 0 8144 0.824131
2 0 0 0.818234
3 0 9355 0.977217
6 0 0 0.922889
7 0 0 0.975704

3
1 1 2 0.876525
2 0 0 0.834593
3 0 0 0.985084

3
1 0 7602 0.8728
2 0 0 0.850974
3 0 0 0.964711

7
1 2 3 0.910506
2 0 0 0.75751
3 1 2 1.01887
6 0 0 0.940974
7 2 4 0.895772
14 0 0 0.968769
15 0 0 0.978749

3
1 1 1 0.828167
2 0 0 1.00829
3 0 0 0.769881

3
1 1 1 0.835213
2 0 0 0.913285
3 0 0 0.850014

3
1 0 1713 0.908364
2 0 0 0.790241
3 0 0 0.941787

1
1 0 0 0.835243

5
1 1 2 0.832325
2 2 2 0.859715
4 0 0 0.909905
5 0 0 0.859499
3 0 0 0.875144

5
1 1 1 0.897772
2 0 0 0.984572
3 0 8880 0.804894
6 0 0 0.816761
7 0 0 1.13919

3
1 1 2 0.849127
2 0 0 0.823501
3 0 0 1.00105

1
1 0 0 0.801605

5
1 0 3748 0.902732
2 0 1356 0.957381
4 0 0 1.06014
5 0 0 0.950352
3 0 0 1.04922

3
1 0 9267 0.910381
2 0 0 0.803865
3 0 0 1.09333

3
1 1 2 0.903788
2 0 0 0.839849
3 0 0 0.942552

5
1 1 2 0.95704
2 0 459 0.902497
4 0 0 1.03028
5 0 0 0.882017
3 0 0 1.04978

1
1 0 0 0.839862

1
1 0 0 0.915521

3
1 1 1 0.836668
2 0 0 1.04814
3 0 0 0.712682

1
1 0 0 0.930724

3
1 1 1 0.864831
2 0 0 1.0891
3 0 0 0.728825

3
1 1 1 0.92931
2 0 0 1.20069
3 0 0 0.894735

3
1 1 1 0.900091
2 0 0 0.981883
3 0 0 0.752244

3
1 1 2 0.883437
2 0 0 0.893784
3 0 0 0.944115

3
1 1 1 0.865963
2 0 0 0.975428
3 0 0 0.726068

3
1 1 1 0.944189
2 0 0 0.960408
3 0 0 0.89447

3
1 1 2 0.893176
2 0 0 0.921269
3 0 0 0.991918

3
1 0 9143 0.903909
2 0 0 0.850732
3 0 0 0.92314

9
1 0 8419 0.893648
2 2 2 0.845118
4 0 4018 0.90916
8 0 0 0.919291
9 0 0 1.13857
5 0 0 0.860768
3 1 2 0.962359
6 0 0 1.00403
7 0 0 1.01505

5
1 1 2 0.97818
2 0 0 0.782634
3 0 6194 0.971822
6 0 0 1.00873
7 0 0 0.920638

5
1 1 1 0.901641
2 0 0 1.0719
3 0 7457 0.854343
6 0 0 0.803356
7 0 0 0.998144

3
1 0 9892 0.874438
2 0 0 0.863495
3 0 0 0.891397

3
1 0 4472 0.961052
2 0 0 0.918055
3 0 0 0.978504

3
1 0 3146 0.852709
2 0 0 0.700325
3 0 0 1.01171

3
1 1 1 0.786137
2 0 0 0.960828
3 0 0 0.790165

3
1 1 1 0.902058
2 0 0 0.963582
3 0 0 0.787905

3
1 1 1 0.803223
2 0 0 0.988688
3 0 0 0.722482

5
1 1 1 0.924028
2 0 0 0.961031
3 1 2 0.889936
6 0 0 0.892787
7 0 0 0.889722

3
1 0 1949 0.903344
2 0 0 0.752493
3 0 0 0.947441

3
1 0 6554 0.934014
2 0 0 0.843087
3 0 0 1.025

3
1 1 1 0.84922
2 0 0 1.00508
3 0 0 0.634976

1
1 0 0 0.830941

5
1 1 1 0.800593
2 0 0 1.10719
3 0 9837 0.760977
6 0 0 0.805422
7 0 0 1.00758

1
1 0 0 0.748547

5
1 1 1 0.88106
2 0 1169 1.02071
4 0 0 0.948557
5 0 0 0.984202
3 0 0 0.873693

3
1 0 977 0.854282
2 0 0 0.950449
3 0 0 0.851926

5
1 0 565 0.823507
2 0 0 1.12083
3 0 4593 0.881722
6 0 0 0.856339
7 0 0 0.919453

3
1 0 7484 0.89898
2 0 0 0.825968
3 0 0 0.86508

3
1 1 1 0.821646
2 0 0 1.09596
3 0 0 0.777615

5
1 0 1887 0.943481
2 0 0 0.819869
3 2 2 1.01566
6 0 0 1.07211
7 0 0 0.990142

3
1 0 7899 0.90084
2 0 0 0.785064
3 0 0 0.995939

3
1 0 251 0.822028
2 0 0 1.05486
3 0 0 0.850402

1
1 0 0 0.767884

3
1 1 1 0.880767
2 0 0 0.988863
3 0 0 0.796916

3
1 1 2 0.88511
2 0 0 0.737583
3 0 0 0.913974

1
1 0 0 0.8085

3
1 1 2 0.766454
2 0 0 0.739454
3 0 0 1.04292

3
1 0 490 0.866388
2 0 0 1.05735
3 0 0 0.803287

7
1 0 8367 0.865409
2 0 2856 0.865697
4 0 0 0.826273
5 0 0 0.865835
3 2 2 0.951718
6 0 0 0.938514
7 0 0 0.887981

1
1 0 0 0.870463

3
1 0 9322 0.816114
2 0 0 0.825106
3 0 0 1.12072

3
1 2 4 0.83407
2 0 0 0.867256
3 0 0 0.895263

9
1 0 1014 0.7794
2 1 2 0.939856
4 0 747 1.06839
8 0 389 0.878221
16 0 0 1.04222
17 0 0 0.989767
9 0 0 1.00482
5 0 0 1.04078
3 0 0 0.807889

3
1 1 2 0.940721
2 0 0 0.882268
3 0 0 1.03428

3
1 1 1 0.960641
2 0 0 0.849159
3 0 0 0.724069

3
1 1 2 0.899447
2 0 0 0.896177
3 0 0 1.01466

5
1 1 1 0.904372
2 0 0 1.07734
3 1 2 0.900398
6 0 0 0.795541
7 0 0 1.03415

3
1 0 6541 0.942466
2 0 0 0.843577
3 0 0 1.0999

3
1 1 2 0.897129
2 0 0 0.793436
3 0 0 0.97037

3
1 0 2452 1.06673
2 0 0 0.826342
3 0 0 0.943237

3
1 1 2 0.848107
2 0 0 0.840887
3 0 0 1.18222

5
1 0 1948 0.993973
2 0 1755 0.851688
4 0 0 0.884096
5 0 0 0.92998
3 0 0 0.976884

3
1 2 4 0.852077
2 0 0 0.854021
3 0 0 0.899043

3
1 1 1 0.833898
2 0 0 1.00077
3 0 0 0.754787

1
1 0 0 0.924533

5
1 1 2 0.921464
2 2 1 0.969502
4 0 0 0.854967
5 0 0 1.0053
3 0 0 0.977829

3
1 1 1 1.01469
2 0 0 0.998323
3 0 0 0.898352

3
1 1 1 0.914449
2 0 0 1.24095
3 0 0 0.842951

1
1 0 0 0.761657

5
1 0 6824 0.787873
2 2 3 0.848306
4 0 0 0.760057
5 0 0 1.06528
3 0 0 0.952614

5
1 1 2 0.872744
2 0 0 0.757256
3 0 1963 0.955184
6 0 0 0.982726
7 0 0 1.00152

3
1 0 578 0.801347
2 0 0 0.92805
3 0 0 0.844865

3
1 0 724 0.836725
2 0 0 0.878695
3 0 0 0.793467

3
1 1 1 0.906459
2 0 0 0.947396
3 0 0 0.767255

7
1 0 9046 0.837142
2 0 8465 0.82366
4 0 0 0.765528
5 0 0 1.09387
3 2 4 0.946413
6 0 0 1.04963
7 0 0 0.940475

5
1 0 2283 0.840919
2 0 0 0.848039
3 2 1 0.98131
6 0 0 1.01519
7 0 0 0.969061

5
1 1 1 0.880146
2 0 3804 0.919181
4 0 0 1.03384
5 0 0 0.916239
3 0 0 0.77525

1
1 0 0 0.795382

9
1 0 8830 0.868274
2 0 0 0.876086
3 0 9178 0.996363
6 2 3 0.839048
12 0 0 0.985259
13 2 4 0.979949
26 0 0 1.092
27 0 0 0.981797
7 0 0 1.00503

5
1 1 1 0.884678
2 0 9611 1.02777
4 0 0 1.02183
5 0 0 0.946883
3 0 0 0.807643

5
1 2 4 0.940383
2 0 8512 0.795817
4 0 0 0.814016
5 0 0 0.874402
3 0 0 0.924325

1
1 0 0 0.84639

3
1 1 1 0.893654
2 0 0 0.957995
3 0 0 0.806915

3
1 0 563 0.743478
2 0 0 1.01375
3 0 0 0.770807

5
1 1 2 0.92746
2 0 0 0.82474
3 0 8719 1.10842
6 0 0 1.03476
7 0 0 0.972944

3
1 2 3 0.876811
2 0 0 0.929328
3 0 0 0.992364

5
1 1 1 0.919204
2 0 0 0.951901
3 1 2 0.919068
6 0 0 0.908701
7 0 0 1.08653

3
1 0 1979 0.886237
2 0 0 0.862816
3 0 0 1.05588

3
1 2 4 0.830582
2 0 0 0.822477
3 0 0 0.853184

1
1 0 0 0.79766

3
1 0 8144 0.824131
2 0 0 0.818092
3 0 0 1.00321

3
1 0 8508 0.851712
2 0 0 0.928293
3 0 0 0.931897

5
1 1 2 0.844284
2 0 0 0.740272
3 0 8526 0.844315
6 0 0 0.836206
7 0 0 0.927375

5
1 2 4 0.793428
2 1 1 0.893035
4 0 0 0.888774
5 0 0 0.911931
3 0 0 1.01463

3
1 1 1 0.81798
2 0 0 0.863075
3 0 0 0.767871

5
1 1 1 0.835213
2 0 3029 0.942189
4 0 0 0.919963
5 0 0 0.966689
3 0 0 0.805733

1
1 0 0 0.794467

5
1 1 1 0.840562
2 0 913 0.979378
4 0 0 0.966683
5 0 0 1.13478
3 0 0 0.864712

3
1 1 2 0.88364
2 0 0 0.711963
3 0 0 0.930454

3
1 1 2 0.87621
2 0 0 0.748582
3 0 0 1.06339

5
1 1 2 0.869859
2 0 894 0.876898
4 0 0 1.02076
5 0 0 0.729167
3 0 0 0.887573

3
1 1 2 0.859709
2 0 0 0.90481
3 0 0 1.01097

3
1 1 1 0.828738
2 0 0 0.985386
3 0 0 0.804768

5
1 0 1692 0.91105
2 0 1169 0.879796
4 0 0 1.01268
5 0 0 0.916532
3 0 0 0.988701

1
1 0 0 0.716891

3
1 0 7353 0.986328
2 0 0 0.971853
3 0 0 0.954592

7
1 0 2255 0.894939
2 0 0 0.792177
3 2 3 0.999913
6 0 0 1.01999
7 2 4 0.98495
14 0 0 1.05422
15 0 0 0.97184

5
1 0 9755 0.873702
2 1 1 0.850767
4 0 0 0.971182
5 0 0 0.878601
3 0 0 1.05414

3
1 1 1 0.836668
2 0 0 1.00299
3 0 0 0.816963

3
1 0 9630 0.785028
2 0 0 0.801502
3 0 0 1.05941

3
1 0 4526 0.857242
2 0 0 0.832226
3 0 0 0.980823

3
1 1 1 0.92931
2 0 0 0.971109
3 0 0 0.736079

1
1 0 0 0.86294

7
1 1 2 0.845423
2 0 0 0.907883
3 2 2 0.961379
6 0 0 0.987334
7 0 2095 1.02155
14 0 0 1.31347
15 0 0 0.99777

3
1 1 1 0.865963
2 0 0 0.991096
3 0 0 0.853037

3
1 1 1 0.944189
2 0 0 1.01223
3 0 0 0.753562

7
1 1 2 0.868739
2 0 9679 0.924374
4 0 0 0.842037
5 0 0 1.05597
3 2 4 1.10207
6 0 0 1.01334
7 0 0 0.937719

9
1 0 9143 0.903909
2 0 3539 0.945831
4 2 4 0.726798
8 1 2 0.776332
16 0 0 0.767208
17 0 0 1.06259
9 0 0 0.950043
5 0 0 1.03506
3 0 0 0.976781

3
1 2 1 0.87581
2 0 0 0.870947
3 0 0 0.995944

7
1 0 5467 0.841262
2 1 1 0.741052
4 0 0 0.98466
5 0 0 0.769804
3 2 2 0.961519
6 0 0 0.951201
7 0 0 0.992052

1
1 0 0 0.696492

5
1 1 1 0.983932
2 2 1 0.994156
4 0 0 0.933716
5 0 0 1.03986
3 0 0 0.765003

3
1 2 3 0.925111
2 0 0 0.870661
3 0 0 0.940928

1
1 0 0 0.823612

5
1 1 1 0.786137
2 0 0 0.910272
3 1 2 0.880525
6 0 0 0.905522
7 0 0 1.04089

7
1 1 1 0.902058
2 0 2670 0.931929
4 0 0 1.00213
5 0 0 1.01513
3 0 2309 0.886283
6 0 0 0.875962
7 0 0 1.01718

1
1 0 0 0.785689

5
1 1 1 0.924028
2 0 0 1.12131
3 2 4 0.916099
6 0 0 0.951978
7 0 0 0.93945

3
1 0 1949 0.903344
2 0 0 0.904751
3 0 0 1.00533

7
1 1 2 0.788788
2 0 7159 0.91036
4 0 0 0.81815
5 0 0 1.06318
3 2 3 1.04469
6 0 0 1.00537
7 0 0 1.00451

5
1 0 4828 0.927826
2 1 1 0.921421
4 0 0 0.999863
5 0 0 0.908467
3 0 0 0.911228

1
1 0 0 0.835528

3
1 1 1 0.800593
2 0 0 0.980993
3 0 0 0.684848

3
1 1 2 0.799241
2 0 0 0.844058
3 0 0 0.980769

3
1 1 1 0.88106
2 0 0 1.23791
3 0 0 0.823634

7
1 0 1236 0.914348
2 1 2 1.02917
4 0 0 0.942153
5 0 0 0.970622
3 1 1 0.913706
6 0 0 1.13023
7 0 0 0.839747

3
1 0 565 0.823507
2 0 0 1.03761
3 0 0 0.753819

3
1 0 304 0.833289
2 0 0 1.05409
3 0 0 0.810509

3
1 1 1 0.821646
2 0 0 1.0127
3 0 0 0.836723

3
1 2 4 0.90451
2 0 0 0.831015
3 0 0 0.999708

3
1 0 9436 0.828444
2 0 0 0.905647
3 0 0 0.979241

3
1 2 1 0.911642
2 0 0 0.970165
3 0 0 0.902236

3
1 0 9936 0.884813
2 0 0 0.791061
3 0 0 0.95385

5
1 1 1 0.880767
2 0 6434 0.966315
4 0 0 0.91911
5 0 0 1.03401
3 0 0 0.794942

5
1 1 2 0.877925
2 0 0 0.790634
3 2 3 0.974913
6 0 0 1.01739
7 0 0 0.975283

3
1 2 1 0.827958
2 0 0 0.918778
3 0 0 0.927083

5
1 1 2 0.766454
2 0 0 0.784664
3 2 2 1.06541
6 0 0 0.936495
7 0 0 1.11074

3
1 1 1 0.748068
2 0 0 1.00422
3 0 0 0.738171

3
1 0 9335 0.793584
2 0 0 0.703356
3 0 0 0.959038

1
1 0 0 0.878289

3
1 0 935 0.736571
2 0 0 1.23083
3 0 0 0.678026

3
1 0 4303 0.883923
2 0 0 0.878402
3 0 0 0.91423

3
1 0 878 0.72013
2 0 0 0.842203
3 0 0 0.778134

9
1 0 7544 0.856197
2 1 1 0.988949
4 0 698 1.07551
8 0 0 0.951103
9 0 5800 1.05498
18 0 0 0.918657
19 0 0 1.02926
5 0 0 0.926708
3 0 0 0.991537

3
1 0 1379 0.85139
2 0 0 0.975189
3 0 0 0.900726

1
1 0 0 0.757337

3
1 1 1 0.904372
2 0 0 0.929935
3 0 0 0.618268

3
1 1 2 0.919397
2 0 0 0.812631
3 0 0 0.958524

7
1 2 2 0.952184
2 0 3183 1.01132
4 0 0 0.874002
5 0 0 1.14768
3 0 7522 1.06808
6 0 0 1.04057
7 0 0 1.26242

3
1 0 5415 0.892908
2 0 0 0.850634
3 0 0 0.946833

7
1 1 2 0.848107
2 0 1214 0.73245
4 0 0 1.09287
5 0 0 0.748122
3 0 803 0.886617
6 0 0 0.971171
7 0 0 0.975391

5
1 0 1948 0.993973
2 0 0 0.892727
3 2 3 1.11938
6 0 0 1.10671
7 0 0 1.07413

5
1 0 2650 0.938454
2 0 0 0.820112
3 1 2 1.04274
6 0 0 1.10518
7 0 0 0.953669

5
1 1 1 0.833898
2 0 0 1.03328
3 1 2 0.889768
6 0 0 0.840844
7 0 0 1.03342

1
1 0 0 0.81096

3
1 0 2215 0.909275
2 0 0 0.749222
3 0 0 1.02273

3
1 1 1 1.01469
2 0 0 1.02591
3 0 0 0.698534

1
1 0 0 0.785561

9
1 0 3492 0.888851
2 2 3 0.996735
4 0 0 0.78185
5 2 4 0.959838
10 0 0 0.984711
11 0 0 1.02861
3 1 2 0.977966
6 0 0 0.964458
7 0 0 0.947762

5
1 2 4 0.860764
2 0 0 0.955369
3 0 9894 0.923202
6 0 0 0.934507
7 0 0 0.887979

5
1 2 1 0.918163
2 0 3866 0.982499
4 0 0 0.849299
5 0 0 1.10623
3 0 0 1.02003

3
1 0 2715 0.853373
2 0 0 0.868315
3 0 0 0.938001

3
1 0 465 0.992441
2 0 0 0.995634
3 0 0 1.00532

5
1 1 1 0.906459
2 0 7402 1.00077
4 0 0 1.13194
5 0 0 1.00664
3 0 0 0.75739

1
1 0 0 0.710112

5
1 0 8307 0.849251
2 0 0 0.830511
3 0 9760 1.05073
6 0 0 0.897694
7 0 0 1.0823

5
1 1 1 0.880146
2 2 3 0.988521
4 0 0 1.04717
5 0 0 1.02987
3 0 0 0.802637

1
1 0 0 0.875904

1
1 0 0 0.790404

3
1 1 1 0.884678
2 0 0 0.912212
3 0 0 0.788395

3
1 2 3 0.788634
2 0 0 0.85667
3 0 0 0.948992

3
1 1 2 0.87463
2 0 0 0.655907
3 0 0 1.03436

3
1 1 1 0.831594
2 0 0 1.12722
3 0 0 0.776126

1
1 0 0 0.799654

3
1 0 2243 0.943924
2 0 0 0.748072
3 0 0 0.941556

3
1 0 2068 0.913792
2 0 0 0.757483
3 0 0 0.970424

5
1 1 1 0.899184
2 0 0 0.900888
3 0 1667 0.905263
6 0 0 0.891092
7 0 0 0.978441

3
1 0 1979 0.886237
2 0 0 0.760751
3 0 0 1.04083

3
1 0 575 0.809838
2 0 0 0.89474
3 0 0 0.796458

3
1 0 9982 0.842768
2 0 0 0.766698
3 0 0 0.990486

1
1 0 0 0.79067

7
1 1 2 0.871767
2 0 0 0.861526
3 0 8446 1.0378
6 0 0 1.00058
7 2 1 0.969257
14 0 0 1.00304
15 0 0 1.16368

3
1 1 2 0.79907
2 0 0 0.841322
3 0 0 1.05576

3
1 0 8956 0.898906
2 0 0 0.903017
3 0 0 0.93152

5
1 1 2 0.947645
2 0 6433 0.787471
4 0 0 0.800949
5 0 0 0.92043
3 0 0 1.03783

3
1 0 9776 0.852592
2 0 0 0.85946
3 0 0 1.00477

1
1 0 0 0.809966

1
1 0 0 0.856505

3
1 2 4 0.780804
2 0 0 0.761335
3 0 0 0.840419

1
1 0 0 0.821514

3
1 1 2 0.869859
2 0 0 0.813206
3 0 0 0.999163

1
1 0 0 0.891842

7
1 1 1 0.828738
2 0 3108 0.995228
4 2 1 1.12685
8 0 0 1.06547
9 0 0 1.03955
5 0 0 1.02455
3 0 0 0.750831

3
1 1 1 0.87998
2 0 0 1.02448
3 0 0 0.827885

3
1 0 9388 0.793326
2 0 0 0.772378
3 0 0 1.07417

3
1 1 2 0.876002
2 0 0 0.943397
3 0 0 0.963792

3
1 2 4 0.857468
2 0 0 0.871742
3 0 0 0.871431

3
1 1 2 0.894182
2 0 0 0.696011
3 0 0 0.869839

3
1 0 6570 1.02596
2 0 0 1.03372
3 0 0 0.967699

3
1 0 42 0.823572
2 0 0 0.847407
3 0 0 0.828253

3
1 0 2413 0.995683
2 0 0 0.79793
3 0 0 0.909103

3
1 1 1 0.92931
2 0 0 1.09584
3 0 0 0.819595

3
1 0 153 0.834143
2 0 0 1.00993
3 0 0 0.813326

3
1 1 1 0.88101
2 0 0 1.00824
3 0 0 0.839304

3
1 1 1 0.797281
2 0 0 0.872432
3 0 0 0.833761

3
1 0 7655 0.897562
2 0 0 0.858767
3 0 0 1.03165

5
1 0 8940 0.824812
2 1 2 0.810511
4 0 0 0.780472
5 0 0 1.03827
3 0 0 0.867684

5
1 2 1 0.917665
2 0 6636 0.948529
4 0 0 0.877784
5 0 0 0.907645
3 0 0 0.923724

7
1 1 2 0.897285
2 1 1 0.893378
4 0 0 0.987519
5 0 0 0.833618
3 2 2 1.04663
6 0 0 1.06639
7 0 0 1.01365

3
1 0 1558 0.9491
2 0 0 0.863355
3 0 0 0.948224

3
1 1 2 0.908647
2 0 0 0.833385
3 0 0 1.02998

9
1 1 1 0.983932
2 0 0 1.06546
3 0 427 0.794584
6 0 136 0.976144
12 0 0 0.935857
13 2 4 0.963438
26 0 0 1.03621
27 0 0 0.946127
7 0 0 0.827675

1
1 0 0 0.772248

5
1 1 2 0.852757
2 0 0 0.790313
3 0 706 0.907954
6 0 0 1.01588
7 0 0 0.893944

5
1 1 1 0.786137
2 0 7870 0.989912
4 0 0 0.999779
5 0 0 0.977874
3 0 0 0.876333

3
1 1 1 0.902058
2 0 0 0.976002
3 0 0 0.745447

5
1 1 1 0.92275
2 2 4 1.04374
4 0 0 1.08024
5 0 0 0.900903
3 0 0 0.854529

5
1 1 1 0.924028
2 0 4184 1.00612
4 0 0 1.00445
5 0 0 0.962109
3 0 0 0.765363

3
1 2 2 0.832042
2 0 0 0.784158
3 0 0 0.935268

7
1 0 3794 0.883442
2 2 3 0.849686
4 0 0 0.846043
5 2 4 0.984642
10 0 0 0.980161
11 0 0 0.953055
3 0 0 0.971567

3
1 0 2704 0.929758
2 0 0 0.764005
3 0 0 0.930017

3
1 0 8939 0.829386
2 0 0 0.81057
3 0 0 1.02206

3
1 0 9357 0.718685
2 0 0 0.761274
3 0 0 0.940662

3
1 2 3 0.926205
2 0 0 0.906227
3 0 0 0.924801

3
1 1 1 0.88106
2 0 0 1.08189
3 0 0 0.873499

3
1 0 56 0.91127
2 0 0 0.954308
3 0 0 0.934211

3
1 0 1415 0.805099
2 0 0 0.877206
3 0 0 0.813045

3
1 1 1 0.839479
2 0 0 0.91917
3 0 0 0.716372

3
1 1 1 0.821646
2 0 0 0.944519
3 0 0 1.00703

3
1 0 2900 0.908817
2 0 0 0.859972
3 0 0 0.968484

1
1 0 0 0.695741

3
1 1 2 0.827447
2 0 0 1.03814
3 0 0 0.983541

3
1 1 1 0.861913
2 0 0 0.984067
3 0 0 0.749338

5
1 1 2 0.877471
2 0 0 0.709778
3 2 3 0.992209
6 0 0 0.813586
7 0 0 0.990623

3
1 2 2 0.977799
2 0 0 0.927047
3 0 0 1.04556

3
1 0 1079 0.832367
2 0 0 0.967457
3 0 0 0.851456

3
1 0 3365 0.868274
2 0 0 0.725416
3 0 0 0.945725

5
1 1 1 0.748068
2 0 0 1.09536
3 0 3177 0.861228
6 0 0 0.849114
7 0 0 1.09759

5
1 0 130 0.878656
2 0 93 0.984417
4 0 0 0.951609
5 0 0 0.941164
3 0 0 0.772067

3
1 1 1 0.872769
2 0 0 1.1458
3 0 0 0.831712

3
1 0 935 0.736571
2 0 0 0.950617
3 0 0 0.734943

1
1 0 0 0.695579

5
1 0 878 0.72013
2 0 0 1.02672
3 1 1 0.868445
6 0 0 1.06048
7 0 0 0.818927

1
1 0 0 0.891183

3
1 2 2 0.911686
2 0 0 0.881192
3 0 0 0.832024

7
1 1 2 0.879451
2 0 1037 0.875326
4 0 0 1.05252
5 0 0 0.823442
3 0 997 0.857513
6 0 0 0.947667
7 0 0 0.929343

3
1 1 2 0.85874
2 0 0 0.701014
3 0 0 0.942962

3
1 1 1 0.863661
2 0 0 0.94908
3 0 0 0.872626

1
1 0 0 0.722171

3
1 1 1 0.867796
2 0 0 1.11307
3 0 0 0.8606

3
1 1 2 0.808519
2 0 0 0.861185
3 0 0 1.04006

5
1 1 2 0.903631
2 0 0 0.722433
3 0 5963 1.04185
6 0 0 1.02677
7 0 0 1.00426

1
1 0 0 0.839678

3
1 1 1 0.833898
2 0 0 1.07838
3 0 0 0.788323

5
1 0 5398 0.829527
2 0 0 0.940479
3 2 2 0.964125
6 0 0 1.02076
7 0 0 0.963523

3
1 0 7570 0.930193
2 0 0 0.881473
3 0 0 1.05034

3
1 1 1 1.01469
2 0 0 1.08985
3 0 0 0.840072

1
1 0 0 0.847967

3
1 0 3492 0.888851
2 0 0 0.876186
3 0 0 1.02773

3
1 1 1 0.89316
2 0 0 0.96025
3 0 0 0.72318

7
1 1 1 0.90923
2 0 0 1.11371
3 0 7399 0.891895
6 0 0 0.840227
7 1 2 1.00196
14 0 0 1.10101
15 0 0 1.04638

3
1 0 5550 0.980482
2 0 0 0.927248
3 0 0 1.02468

3
1 0 1159 1.03825
2 0 0 1.10834
3 0 0 0.807972

3
1 0 159 0.871145
2 0 0 1.15587
3 0 0 0.803398

1
1 0 0 0.897812

5
1 2 2 0.916097
2 0 0 0.958301
3 0 6892 1.0282
6 0 0 0.911529
7 0 0 0.943171

3
1 1 1 0.880146
2 0 0 0.928397
3 0 0 0.826736

5
1 1 2 0.806271
2 1 1 0.863449
4 0 0 1.19031
5 0 0 0.717111
3 0 0 1.03173

3
1 2 4 0.768816
2 0 0 0.856516
3 0 0 1.06904

5
1 1 1 0.884678
2 2 4 0.956746
4 0 0 1.05929
5 0 0 0.989742
3 0 0 0.820313

3
1 0 5781 0.946831
2 0 0 0.795931
3 0 0 1.01361

3
1 1 2 0.833077
2 0 0 0.784807
3 0 0 1.1646

3
1 0 80 0.846222
2 0 0 0.989926
3 0 0 0.846162

7
1 0 5638 0.851693
2 1 2 0.90215
4 0 0 0.842973
5 0 0 0.920165
3 0 8715 1.01209
6 0 0 1.05873
7 0 0 0.932634

3
1 1 2 0.926965
2 0 0 0.838355
3 0 0 1.00771

3
1 1 1 0.855241
2 0 0 0.986107
3 0 0 0.794437

3
1 1 1 0.899184
2 0 0 1.00277
3 0 0 0.656395

3
1 1 1 0.882326
2 0 0 1.07145
3 0 0 0.840109

3
1 0 521 0.865698
2 0 0 0.948011
3 0 0 0.780911

7
1 0 7594 0.886651
2 0 2146 0.891264
4 0 0 0.88508
5 0 0 0.947631
3 1 2 0.977791
6 0 0 1.01413
7 0 0 0.896288

1
1 0 0 0.730353

3
1 0 1664 0.864474
2 0 0 0.750252
3 0 0 1.01965

3
1 1 2 0.856014
2 0 0 0.834428
3 0 0 1.01113

3
1 0 1773 0.854712
2 0 0 0.867178
3 0 0 1.08523

3
1 0 560 0.797855
2 0 0 1.01669
3 0 0 0.704628

1
1 0 0 0.733755

3
1 0 3431 0.889152
2 0 0 0.801454
3 0 0 1.01103

3
1 2 3 0.827632
2 0 0 0.791286
3 0 0 1.04731

3
1 1 2 0.899703
2 0 0 0.922428
3 0 0 0.895207

1
1 0 0 0.83556

5
1 1 2 0.869859
2 0 0 0.625412
3 2 4 0.945488
6 0 0 0.82678
7 0 0 0.964742

1
1 0 0 0.745355

3
1 1 1 0.828738
2 0 0 1.02613
3 0 0 0.829865

5
1 1 1 0.87998
2 2 4 0.989949
4 0 0 0.936336
5 0 0 1.00599
3 0 0 0.868917

5
1 1 1 0.77264
2 0 4342 0.928337
4 0 0 1.07884
5 0 0 0.924731
3 0 0 0.957

1
1 0 0 0.763025

5
1 0 9702 0.807128
2 0 0 0.838334
3 0 9804 1.05435
6 0 0 0.967069
7 0 0 1.02655

5
1 1 2 0.879362
2 0 0 0.796254
3 2 4 1.11664
6 0 0 1.07867
7 0 0 1.02518

5
1 0 1954 0.919416
2 0 932 0.854106
4 0 0 0.920436
5 0 0 0.849448
3 0 0 1.02419

3
1 0 83 0.845712
2 0 0 1.08156
3 0 0 0.9516

1
1 0 0 0.834611

7
1 0 2599 0.850909
2 1 1 0.830857
4 0 0 0.995592
5 0 0 0.699009
3 2 2 1.05881
6 0 0 1.0238
7 0 0 0.82459

3
1 0 8576 0.840776
2 0 0 0.835734
3 0 0 1.0788

3
1 1 1 0.88101
2 0 0 0.992007
3 0 0 0.835344

5
1 0 625 0.898374
2 0 446 1.02026
4 0 0 0.986638
5 0 0 1.04199
3 0 0 0.799291

7
1 0 9458 0.87464
2 1 1 1.03213
4 0 0 0.978297
5 1 2 0.847588
10 0 0 0.79548
11 0 0 0.925824
3 0 0 0.943128

1
1 0 0 0.897363

1
1 0 0 0.796815

3
1 1 2 0.897285
2 0 0 0.693882
3 0 0 0.994947

5
1 1 2 0.927007
2 0 0 0.9838
3 2 3 0.967877
6 0 0 1.0386
7 0 0 0.966116

5
1 0 6363 0.869577
2 2 2 0.968141
4 0 0 0.918963
5 0 0 1.07652
3 0 0 0.916337

3
1 0 9114 0.864738
2 0 0 0.822368
3 0 0 0.967395

5
1 2 1 0.823149
2 0 0 0.894173
3 0 3124 0.930352
6 0 0 1.03432
7 0 0 0.928652

5
1 0 2105 0.933336
2 1 2 0.747059
4 0 0 0.820365
5 0 0 1.0672
3 0 0 1.00363

7
1 1 2 0.891144
2 0 0 0.933408
3 0 4206 0.976322
6 0 0 1.13416
7 0 8628 1.00777
14 0 0 0.990141
15 0 0 0.988537

3
1 1 1 0.902058
2 0 0 0.966651
3 0 0 0.770312

3
1 1 1 0.92275
2 0 0 1.04978
3 0 0 0.626791

3
1 1 1 0.930773
2 0 0 1.01265
3 0 0 0.786022

3
1 2 3 0.854906
2 0 0 0.836762
3 0 0 0.824485

3
1 1 2 0.847953
2 0 0 0.874266
3 0 0 0.873877

7
1 2 2 0.87216
2 0 0 0.907987
3 0 3129 0.939476
6 0 584 0.937747
12 0 0 0.821238
13 0 0 1.03832
7 0 0 0.92252

3
1 1 1 0.889136
2 0 0 0.942334
3 0 0 0.848198

5
1 0 9723 0.826512
2 0 0 0.836892
3 2 4 1.01743
6 0 0 0.894987
7 0 0 0.99331

5
1 1 2 0.909626
2 1 1 0.870247
4 0 0 0.95894
5 0 0 0.825889
3 0 0 1.03898

3
1 0 2739 0.842236
2 0 0 0.835411
3 0 0 0.886233

7
1 0 5464 0.937759
2 1 1 0.861768
4 0 0 0.952281
5 0 0 0.809524
3 2 1 1.00501
6 0 0 1.00902
7 0 0 0.990158

3
1 1 2 0.812554
2 0 0 0.806008
3 0 0 0.978441

3
1 1 1 0.839479
2 0 0 0.948041
3 0 0 0.782454

3
1 1 1 0.821646
2 0 0 1.08916
3 0 0 0.774981

3
1 0 7683 0.902341
2 0 0 0.851041
3 0 0 0.986343

3
1 1 1 0.855259
2 0 0 1.01971
3 0 0 0.781103

5
1 1 2 0.827447
2 0 0 0.774979
3 2 2 0.933071
6 0 0 0.947315
7 0 0 0.913186

3
1 0 603 0.86084
2 0 0 0.971785
3 0 0 0.780624

3
1 1 2 0.876857
2 0 0 0.774735
3 0 0 0.973909

5
1 1 1 0.937636
2 0 0 1.06004
3 1 2 0.951351
6 0 0 0.857669
7 0 0 0.955377

7
1 0 5840 0.8708
2 1 1 0.903546
4 0 0 1.03567
5 1 2 0.94235
10 0 0 0.82497
11 0 0 1.04365
3 0 0 1.04849

3
1 2 2 0.888655
2 0 0 0.880129
3 0 0 0.866486

5
1 1 1 0.748068
2 0 7660 1.00046
4 0 0 0.984602
5 0 0 0.936963
3 0 0 0.892928

3
1 2 3 0.893958
2 0 0 0.856554
3 0 0 0.973765

5
1 1 1 0.872769
2 2 4 0.98421
4 0 0 0.981215
5 0 0 0.918998
3 0 0 0.87446

3
1 1 1 0.851916
2 0 0 1.04803
3 0 0 0.811191

3
1 0 7275 0.79282
2 0 0 0.732185
3 0 0 0.911188

3
1 0 9175 0.89495
2 0 0 0.792369
3 0 0 0.967922

3
1 1 2 0.79598
2 0 0 0.831924
3 0 0 1.01222

1
1 0 0 0.892097

3
1 1 1 0.853574
2 0 0 1.05952
3 0 0 0.86757

3
1 1 2 0.844765
2 0 0 0.776054
3 0 0 1.04642

3
1 1 1 0.863661
2 0 0 1.02348
3 0 0 0.865019

3
1 0 9855 0.694534
2 0 0 0.724136
3 0 0 1.04893

3
1 1 1 0.87765
2 0 0 0.957334
3 0 0 0.821786

5
1 1 2 0.820543
2 0 0 0.721383
3 0 996 0.881514
6 0 0 1.08056
7 0 0 0.920598

3
1 2 2 0.837819
2 0 0 0.880812
3 0 0 0.802296

1
1 0 0 0.739674

3
1 2 3 0.743181
2 0 0 0.761217
3 0 0 0.844863

1
1 0 0 0.735811

1
1 0 0 0.865087

3
1 0 3266 0.934924
2 0 0 0.935355
3 0 0 1.07145

3
1 0 4324 0.910845
2 0 0 0.835112
3 0 0 1.00704

5
1 0 3492 0.888851
2 2 3 0.85054
4 0 0 0.845983
5 0 0 0.961176
3 0 0 0.994065

1
1 0 0 0.898398

5
1 2 3 0.953431
2 0 0 0.824164
3 1 2 0.966202
6 0 0 0.926348
7 0 0 0.976192

3
1 2 4 0.822042
2 0 0 0.789115
3 0 0 0.994363

3
1 0 3609 0.836829
2 0 0 0.885419
3 0 0 0.946317

3
1 1 2 0.94712
2 0 0 0.93956
3 0 0 0.896053

3
1 0 5979 0.736636
2 0 0 0.79474
3 0 0 0.866776

1
1 0 0 0.736355

3
1 1 1 0.873483
2 0 0 0.94416
3 0 0 0.770835

7
1 2 4 0.879511
2 2 2 0.957891
4 0 0 0.940427
5 0 0 1.02611
3 0 7803 1.04731
6 0 0 1.05664
7 0 0 0.92328

3
1 1 2 0.874753
2 0 0 0.833268
3 0 0 0.923079

3
1 2 2 0.867357
2 0 0 0.974923
3 0 0 0.885624

5
1 2 3 0.916244
2 2 2 0.902878
4 0 0 0.815747
5 0 0 1.0327
3 0 0 1.05298

5
1 0 4496 0.896525
2 1 1 0.907172
4 0 0 1.01494
5 0 0 0.828101
3 0 0 0.96393

3
1 1 1 0.863116
2 0 0 0.992957
3 0 0 0.844276

3
1 0 2665 0.890211
2 0 0 0.782299
3 0 0 1.06199

5
1 1 2 0.926965
2 1 1 0.829746
4 0 0 0.984863
5 0 0 0.871377
3 0 0 0.831769

3
1 2 2 0.897874
2 0 0 0.819693
3 0 0 1.01651

3
1 1 1 0.899184
2 0 0 1.00198
3 0 0 0.800999

3
1 1 1 0.882326
2 0 0 1.02655
3 0 0 0.827012

3
1 1 2 0.843938
2 0 0 0.689801
3 0 0 0.991934

5
1 0 2541 0.937215
2 2 3 0.883904
4 0 0 0.971506
5 0 0 1.01257
3 0 0 1.08066

3
1 0 9597 0.77605
2 0 0 0.771572
3 0 0 0.946861

5
1 0 1664 0.864474
2 0 465 0.829701
4 0 0 0.899015
5 0 0 0.84499
3 0 0 0.896053

5
1 2 4 0.913521
2 0 2122 0.935051
4 0 0 0.840519
5 0 0 1.00643
3 0 0 0.964618

3
1 1 1 0.814264
2 0 0 1.00594
3 0 0 0.791368

5
1 0 2713 0.84139
2 0 427 0.809682
4 0 0 1.15177
5 0 0 0.823998
3 0 0 0.94433

1
1 0 0 0.768177

1
1 0 0 0.885278

5
1 0 1619 0.865158
2 0 819 0.851324
4 0 0 1.00677
5 0 0 0.818531
3 0 0 1.05847

3
1 1 2 0.899703
2 0 0 0.815649
3 0 0 1.00053

3
1 0 582 0.771373
2 0 0 1.08053
3 0 0 0.770603

1
1 0 0 0.857645

3
1 1 1 0.800389
2 0 0 1.02068
3 0 0 0.71034

5
1 1 1 0.828738
2 2 3 0.951796
4 0 0 0.962546
5 0 0 0.865955
3 0 0 0.780102

5
1 1 1 0.87998
2 0 5295 1.02198
4 0 0 1.06132
5 0 0 0.933341
3 0 0 0.682601

1
1 0 0 0.777116

5
1 1 1 0.811977
2 2 1 1.00112
4 0 0 0.964594
5 0 0 1.11187
3 0 0 0.759239

1
1 0 0 0.785045

3
1 1 2 0.879362
2 0 0 0.667113
3 0 0 0.869946

3
1 0 1954 0.919416
2 0 0 0.742186
3 0 0 0.998742

3
1 0 1812 0.917944
2 0 0 0.867096
3 0 0 0.998819

1
1 0 0 0.904254

3
1 1 2 0.826578
2 0 0 0.74599
3 0 0 0.921633

3
1 0 171 0.74445
2 0 0 1.0337
3 0 0 0.784762

3
1 1 1 0.918366
2 0 0 1.07921
3 0 0 0.826429

3
1 1 1 0.915091
2 0 0 0.814096
3 0 0 0.763852

3
1 0 7971 0.853298
2 0 0 0.870185
3 0 0 1.04595

3
1 1 2 0.875435
2 0 0 0.79953
3 0 0 0.981747

3
1 1 1 0.879082
2 0 0 1.09031
3 0 0 0.80809

3
1 1 2 0.897285
2 0 0 0.843475
3 0 0 1.08892

3
1 0 3237 0.858803
2 0 0 0.88763
3 0 0 0.908816

3
1 0 3375 0.911601
2 0 0 0.88581
3 0 0 1.02824

3
1 1 2 0.903188
2 0 0 0.753396
3 0 0 0.934622

3
1 0 532 0.941358
2 0 0 0.975271
3 0 0 0.737297

5
1 0 2105 0.933336
2 0 460 0.868027
4 0 0 0.965388
5 0 0 0.830079
3 0 0 1.01862

3
1 1 2 0.891144
2 0 0 0.865782
3 0 0 0.981725

3
1 0 562 0.941298
2 0 0 1.04732
3 0 0 0.855811

3
1 1 1 0.92275
2 0 0 1.01763
3 0 0 0.903034

3
1 1 1 0.930773
2 0 0 1.08942
3 0 0 0.822115

3
1 1 1 0.904461
2 0 0 0.980485
3 0 0 0.834928

1
1 0 0 0.829047

1
1 0 0 0.801183

5
1 1 1 0.889136
2 0 0 0.947783
3 2 2 0.845838
6 0 0 0.875093
7 0 0 1.01296

1
1 0 0 0.746328

3
1 0 1882 0.925367
2 0 0 0.828824
3 0 0 1.03993

3
1 1 1 0.866896
2 0 0 1.00836
3 0 0 0.757863

5
1 0 5464 0.937759
2 0 0 0.882862
3 2 1 0.937062
6 0 0 1.01419
7 0 0 0.977673

3
1 1 1 0.901613
2 0 0 1.02436
3 0 0 0.832519

5
1 0 528 0.76509
2 0 173 1.08749
4 0 0 0.880461
5 0 0 0.936846
3 0 0 0.773203

3
1 1 1 0.821646
2 0 0 0.990624
3 0 0 0.863665

3
1 0 7683 0.902341
2 0 0 0.879979
3 0 0 0.954217

3
1 1 2 0.877905
2 0 0 0.848946
3 0 0 1.0168

3
1 1 2 0.827447
2 0 0 0.845477
3 0 0 1.07322

3
1 1 2 0.91148
2 0 0 0.77738
3 0 0 0.915819

5
1 1 2 0.972781
2 0 0 0.890405
3 0 7891 0.87265
6 0 0 0.954064
7 0 0 0.876073

5
1 0 1021 0.903861
2 0 0 1.01289
3 0 3303 0.911717
6 0 0 0.860533
7 0 0 1.00962

3
1 0 909 0.862499
2 0 0 1.07523
3 0 0 0.818149

1
1 0 0 0.864672

1
1 0 0 0.876512

3
1 1 1 0.910054
2 0 0 1.02633
3 0 0 0.771309

5
1 2 3 0.945775
2 1 1 0.8668
4 0 0 1.03194
5 0 0 0.837566
3 0 0 0.970634

3
1 1 1 0.886155
2 0 0 1.16018
3 0 0 0.741475

3
1 0 7987 0.812305
2 0 0 0.741178
3 0 0 0.917972

5
1 1 1 0.898636
2 0 2925 0.979961
4 0 0 0.914248
5 0 0 1.01149
3 0 0 0.838447

5
1 2 4 0.862849
2 0 2139 0.909001
4 0 0 0.732285
5 0 0 1.00541
3 0 0 0.922124

1
1 0 0 0.83863

1
1 0 0 0.859389

3
1 1 2 0.844765
2 0 0 0.749316
3 0 0 1.15551

5
1 1 1 0.863661
2 2 2 1.0344
4 0 0 0.947936
5 0 0 0.836823
3 0 0 0.781429

5
1 0 8194 0.806843
2 0 4689 0.890799
4 0 0 0.901753
5 0 0 0.936419
3 0 0 1.00111

7
1 1 1 0.87765
2 0 8791 0.984536
4 0 0 1.07089
5 0 0 0.984621
3 1 2 0.842316
6 0 0 0.795794
7 0 0 0.978024

3
1 1 2 0.820543
2 0 0 0.774628
3 0 0 0.923141

3
1 0 7982 0.932278
2 0 0 0.824753
3 0 0 0.893196

3
1 1 1 0.861531
2 0 0 1.08377
3 0 0 0.833166

1
1 0 0 0.770013

5
1 0 344 0.781413
2 0 90 1.05837
4 0 0 0.953162
5 0 0 1.02319
3 0 0 0.881729

5
1 0 9798 0.794745
2 0 8857 0.781166
4 0 0 0.837256
5 0 0 1.00042
3 0 0 1.07468

1
1 0 0 0.720673

3
1 1 1 0.885549
2 0 0 1.03297
3 0 0 0.884907

5
1 1 2 0.862254
2 0 0 0.82701
3 0 4695 0.933651
6 0 0 0.999181
7 0 0 0.809533

3
1 1 1 0.893476
2 0 0 0.975721
3 0 0 0.709675

5
1 1 2 0.831258
2 0 0 0.709579
3 0 721 1.04477
6 0 0 0.945092
7 0 0 1.03228

5
1 1 2 0.811515
2 0 0 0.715462
3 0 5176 1.04942
6 0 0 1.02112
7 0 0 0.951874

5
1 1 1 0.800712
2 0 0 1.08347
3 0 6568 0.82543
6 0 0 0.826856
7 0 0 1.02257

3
1 1 2 0.913504
2 0 0 0.908285
3 0 0 0.906366

3
1 1 1 0.893352
2 0 0 1.1243
3 0 0 0.788248

3
1 2 1 0.89449
2 0 0 0.878223
3 0 0 1.01749

1
1 0 0 0.848682

3
1 0 2009 0.952541
2 0 0 0.782362
3 0 0 0.961857

3
1 1 1 0.835132
2 0 0 1.03283
3 0 0 0.874786

5
1 1 2 0.831602
2 0 1059 0.929324
4 0 0 0.990265
5 0 0 0.874611
3 0 0 0.968823

7
1 2 3 0.898476
2 0 0 0.818404
3 0 2119 0.950655
6 1 2 1.03974
12 0 0 0.986049
13 0 0 1.02021
7 0 0 0.943915

3
1 0 5900 0.804964
2 0 0 0.918333
3 0 0 0.987638

3
1 0 72 0.736676
2 0 0 0.875739
3 0 0 0.706196

3
1 0 2665 0.890211
2 0 0 0.787711
3 0 0 0.98004

7
1 0 7536 0.837415
2 0 5127 0.916497
4 0 2572 0.965253
8 0 0 0.807628
9 0 0 1.10986
5 0 0 0.864781
3 0 0 1.06901

1
1 0 0 0.824559

3
1 0 1212 0.910725
2 0 0 1.05736
3 0 0 0.894305

3
1 1 1 0.882326
2 0 0 0.963792
3 0 0 0.796165

3
1 1 2 0.821654
2 0 0 0.792624
3 0 0 1.15185

5
1 2 3 0.893774
2 0 0 0.995168
3 0 541 0.977447
6 0 0 1.15378
7 0 0 1.05163

3
1 0 3528 0.8029
2 0 0 0.838682
3 0 0 0.978309

1
1 0 0 0.822594

5
1 2 4 0.913521
2 1 1 0.886833
4 0 0 1.04671
5 0 0 0.82775
3 0 0 1.05464

3
1 1 2 0.844263
2 0 0 0.918596
3 0 0 1.11531

3
1 1 1 0.919365
2 0 0 0.986814
3 0 0 0.858607

3
1 1 2 0.938633
2 0 0 0.791263
3 0 0 1.00523

3
1 2 1 0.911986
2 0 0 0.847003
3 0 0 1.02272

1
1 0 0 0.71862

3
1 0 5708 0.837719
2 0 0 0.784278
3 0 0 1.09445

3
1 1 1 0.881005
2 0 0 1.01483
3 0 0 0.871649

3
1 0 2570 0.824253
2 0 0 0.825899
3 0 0 0.847247

3
1 0 4167 0.833312
2 0 0 0.791491
3 0 0 0.825081

1
1 0 0 0.946571

3
1 1 1 0.87998
2 0 0 0.996807
3 0 0 0.745687

3
1 0 8684 0.882508
2 0 0 0.871886
3 0 0 0.958521

3
1 1 1 0.811977
2 0 0 0.928573
3 0 0 0.887876

1
1 0 0 0.742118

3
1 1 2 0.823265
2 0 0 0.85704
3 0 0 0.893003

3
1 0 1954 0.919416
2 0 0 0.742463
3 0 0 0.858408

3
1 0 1812 0.917944
2 0 0 0.790105
3 0 0 1.03862

1
1 0 0 0.80141

3
1 0 4473 0.883597
2 0 0 0.848875
3 0 0 0.937274

3
1 1 1 0.878409
2 0 0 0.967947
3 0 0 0.634736

3
1 1 1 0.918366
2 0 0 0.954064
3 0 0 0.759963

1
1 0 0 0.830658

3
1 0 9966 0.746828
2 0 0 0.708563
3 0 0 0.997245

5
1 2 3 0.92585
2 1 2 0.895094
4 0 0 0.839709
5 0 0 0.984873
3 0 0 0.929482

3
1 1 1 0.812091
2 0 0 1.08521
3 0 0 0.75027

5
1 0 9476 0.952732
2 1 1 0.923195
4 0 0 1.11259
5 0 0 0.851368
3 0 0 0.975568

3
1 1 2 0.959076
2 0 0 0.810527
3 0 0 0.917164

7
1 1 2 0.827029
2 0 0 0.776212
3 2 3 0.922094
6 0 6181 1.05326
12 0 0 0.946653
13 0 0 0.975677
7 0 0 0.944621

3
1 2 4 0.810613
2 0 0 0.85425
3 0 0 0.892685

3
1 2 4 0.836741
2 0 0 0.865836
3 0 0 0.951548

5
1 0 1214 0.904062
2 1 1 0.999491
4 0 0 0.920881
5 0 0 1.01399
3 0 0 0.885053

3
1 1 2 0.891144
2 0 0 0.782678
3 0 0 0.931924

5
1 0 863 0.860956
2 1 2 1.06691
4 0 0 1.02212
5 0 0 0.91808
3 0 0 0.837022

3
1 1 1 0.92275
2 0 0 1.01012
3 0 0 0.807226

5
1 0 704 0.864234
2 0 0 0.963528
3 0 9767 0.866521
6 0 0 0.792506
7 0 0 0.986929

5
1 0 7719 0.821051
2 0 0 0.778695
3 1 1 0.940409
6 0 0 1.01686
7 0 0 0.989024

3
1 0 535 0.791526
2 0 0 1.08326
3 0 0 0.844029

3
1 1 2 0.84988
2 0 0 0.737939
3 0 0 1.09169

3
1 1 1 0.889136
2 0 0 0.992635
3 0 0 0.755965

3
1 0 3824 0.86426
2 0 0 0.906971
3 0 0 0.916812

3
1 0 1882 0.925367
2 0 0 0.7118
3 0 0 0.889505

3
1 1 1 0.9074
2 0 0 1.11385
3 0 0 0.93226

1
1 0 0 0.864901

3
1 2 4 0.993528
2 0 0 0.9334
3 0 0 0.945423

1
1 0 0 0.897686

3
1 0 9701 0.784917
2 0 0 0.793428
3 0 0 1.0005

3
1 1 1 0.802907
2 0 0 0.964428
3 0 0 0.737071

1
1 0 0 0.85146

3
1 1 2 0.827447
2 0 0 0.79977
3 0 0 1.15039

3
1 1 2 0.91148
2 0 0 0.741396
3 0 0 0.857476

7
1 2 2 0.891098
2 0 0 0.872447
3 1 1 0.915752
6 0 0 0.992833
7 0 4898 0.918842
14 0 0 0.903882
15 0 0 0.878293

3
1 0 1021 0.903861
2 0 0 0.930768
3 0 0 0.789472

5
1 2 1 0.902794
2 0 1805 0.967317
4 0 0 0.860811
5 0 0 1.09159
3 0 0 1.0079

3
1 0 5229 0.885047
2 0 0 0.942174
3 0 0 0.979525

1
1 0 0 0.938979

3
1 1 2 0.892474
2 0 0 0.810464
3 0 0 0.9219

3
1 1 1 0.927428
2 0 0 0.947267
3 0 0 0.768494

9
1 1 1 0.885177
2 0 9903 1.04344
4 0 0 1.06431
5 2 3 1.05138
10 0 0 1.09591
11 0 0 1.0553
3 0 2061 0.879342
6 0 0 0.767798
7 0 0 0.89127

5
1 0 1402 0.805864
2 1 1 0.900714
4 0 0 0.96386
5 0 0 0.909033
3 0 0 0.795024

3
1 0 3346 0.992071
2 0 0 0.855534
3 0 0 0.974019

5
1 2 4 0.862849
2 0 2139 0.909001
4 0 0 0.884752
5 0 0 1.10792
3 0 0 0.993281

3
1 1 1 0.869088
2 0 0 1.0224
3 0 0 0.758104

3
1 2 3 0.811574
2 0 0 0.690364
3 0 0 1.06161

5
1 1 2 0.844765
2 0 9250 0.794539
4 0 0 0.702162
5 0 0 0.983046
3 0 0 0.943555

9
1 0 8074 0.88128
2 2 1 0.830896
4 0 6363 0.869873
8 0 0 1.02586
9 1 2 0.968928
18 0 0 0.913359
19 0 0 0.980413
5 0 0 0.95692
3 0 0 1.01965

5
1 0 322 0.828024
2 0 92 1.00186
4 0 0 0.921732
5 0 0 1.05979
3 0 0 0.740434

3
1 1 1 0.87765
2 0 0 1.12341
3 0 0 0.836119

5
1 1 2 0.820543
2 1 1 0.801918
4 0 0 0.973391
5 0 0 0.728447
3 0 0 1.00965

3
1 1 1 0.895451
2 0 0 0.872893
3 0 0 0.856329

3
1 1 2 0.832457
2 0 0 0.827526
3 0 0 1.03388

3
1 0 5793 0.852032
2 0 0 0.789898
3 0 0 1.05712

3
1 1 1 0.938719
2 0 0 0.860822
3 0 0 0.769928

3
1 1 1 0.915687
2 0 0 1.04598
3 0 0 0.922162

1
1 0 0 0.742353

1
1 0 0 0.67235

3
1 1 2 0.924867
2 0 0 0.798288
3 0 0 0.931862

5
1 1 1 0.893476
2 0 0 1.07041
3 2 1 0.938029
6 0 0 0.911905
7 0 0 0.906382

5
1 0 1848 0.927857
2 0 0 0.879364
3 2 3 0.958281
6 0 0 1.04417
7 0 0 1.09628

3
1 0 9175 0.765941
2 0 0 0.851719
3 0 0 0.909513

3
1 0 4424 0.876061
2 0 0 0.781701
3 0 0 0.957651

1
1 0 0 0.699622

3
1 1 1 0.893352
2 0 0 0.962545
3 0 0 0.80047

3
1 2 3 0.940105
2 0 0 0.857823
3 0 0 0.858941

3
1 0 1720 0.829705
2 0 0 0.785046
3 0 0 0.882743

3
1 0 8876 0.779576
2 0 0 0.768068
3 0 0 0.858095

3
1 0 800 0.831707
2 0 0 1.05333
3 0 0 0.822674

3
1 1 1 0.841887
2 0 0 1.04646
3 0 0 0.79845

3
1 2 3 0.838346
2 0 0 0.894953
3 0 0 0.830916

3
1 0 8860 1.00113
2 0 0 0.903354
3 0 0 1.00444

3
1 1 2 0.816593
2 0 0 0.884411
3 0 0 0.970558

5
1 0 7470 0.865622
2 0 0 0.893041
3 2 2 1.02728
6 0 0 0.976152
7 0 0 0.869528

1
1 0 0 0.950834

3
1 1 2 0.914472
2 0 0 0.798709
3 0 0 1.02293

3
1 0 9493 0.880486
2 0 0 0.855634
3 0 0 0.973682

7
1 1 1 0.882326
2 2 4 1.18767
4 0 0 1.11662
5 0 0 0.961796
3 0 9394 0.803789
6 0 0 0.846374
7 0 0 0.998489

3
1 1 2 0.892941
2 0 0 0.765451
3 0 0 0.881012

3
1 1 1 0.935943
2 0 0 1.03152
3 0 0 0.830797

3
1 1 1 0.893542
2 0 0 0.949121
3 0 0 0.859716

5
1 0 4829 0.901743
2 0 172 0.924784
4 0 0 1.02424
5 0 0 0.880291
3 0 0 1.06475

3
1 1 1 1.00392
2 0 0 1.06821
3 0 0 0.897808

3
1 1 2 0.8646
2 0 0 0.796076
3 0 0 1.05442

3
1 0 8542 0.832497
2 0 0 0.92441
3 0 0 0.991531

1
1 0 0 0.803748

5
1 1 2 0.870925
2 0 0 0.907765
3 2 2 1.08727
6 0 0 0.99894
7 0 0 1.08063

3
1 0 5097 0.821801
2 0 0 0.854493
3 0 0 0.989901

3
1 0 5708 0.837719
2 0 0 0.914101
3 0 0 0.905104

3
1 1 1 0.864891
2 0 0 1.01853
3 0 0 0.884637

5
1 1 1 0.902449
2 0 6442 1.03023
4 0 0 0.997089
5 0 0 0.974571
3 0 0 0.843688

5
1 0 1265 0.849313
2 0 0 1.06387
3 1 1 0.82801
6 0 0 0.953133
7 0 0 0.757896

1
1 0 0 0.799437

5
1 1 1 0.87998
2 0 0 0.907104
3 1 2 0.989961
6 0 0 0.782422
7 0 0 1.06678

5
1 2 4 0.946948
2 0 0 0.78043
3 1 2 1.04648
6 0 0 0.9036
7 0 0 1.05857

5
1 1 2 0.910872
2 0 0 0.905271
3 0 9860 1.16624
6 0 0 1.10182
7 0 0 1.0238

3
1 1 1 0.778117
2 0 0 0.939415
3 0 0 0.843988

1
1 0 0 0.835861

7
1 0 1954 0.919416
2 1 1 0.858591
4 0 0 1.04948
5 0 0 0.722657
3 1 2 0.974368
6 0 0 0.957459
7 0 0 1.09704

3
1 0 1812 0.917944
2 0 0 0.771748
3 0 0 0.98388

5
1 1 1 0.908601
2 2 1 0.933487
4 0 0 0.890538
5 0 0 0.993699
3 0 0 0.761277

5
1 0 4473 0.883597
2 0 2876 0.992215
4 0 0 0.815129
5 0 0 0.987348
3 0 0 0.973632

3
1 1 1 0.878409
2 0 0 0.994605
3 0 0 0.743589

3
1 1 1 0.918366
2 0 0 1.11122
3 0 0 0.819774

1
1 0 0 0.763141

3
1 0 447 0.802686
2 0 0 1.03422
3 0 0 0.775311

3
1 1 2 0.739209
2 0 0 0.72588
3 0 0 0.975064

3
1 1 1 0.812091
2 0 0 0.899343
3 0 0 0.756386

1
1 0 0 0.7472

1
1 0 0 0.769115

5
1 1 1 0.867493
2 0 7099 0.961737
4 0 0 1.00438
5 0 0 1.01376
3 0 0 0.728746

5
1 0 3227 0.879577
2 0 375 0.888862
4 0 0 0.940554
5 0 0 0.744033
3 0 0 1.01553

3
1 1 1 0.828589
2 0 0 1.01888
3 0 0 0.72056

5
1 0 7837 0.810202
2 0 0 0.852776
3 1 1 1.05919
6 0 0 0.849634
7 0 0 0.963329

3
1 0 9670 0.863185
2 0 0 0.866923
3 0 0 0.998604

3
1 1 2 0.931118
2 0 0 0.911725
3 0 0 0.958996

5
1 2 4 0.83371
2 2 2 0.994784
4 0 0 0.862302
5 0 0 0.969279
3 0 0 1.00277

3
1 0 256 0.884493
2 0 0 1.00723
3 0 0 0.880178

1
1 0 0 0.882311

5
1 1 1 0.933326
2 0 6460 0.958511
4 0 0 1.00539
5 0 0 0.933311
3 0 0 0.929814

3
1 1 1 0.844938
2 0 0 0.919792
3 0 0 0.831373

3
1 0 513 0.812345
2 0 0 1.01701
3 0 0 0.773345

3
1 2 2 0.843638
2 0 0 0.851425
3 0 0 0.90735

3
1 0 1882 0.925367
2 0 0 0.717467
3 0 0 0.908418

3
1 1 1 0.826478
2 0 0 1.05105
3 0 0 0.832425

3
1 1 1 0.864901
2 0 0 0.961341
3 0 0 0.840401

5
1 1 1 0.866127
2 0 9082 1.07969
4 0 0 1.06305
5 0 0 1.06198
3 0 0 0.83377

3
1 0 1943 0.88366
2 0 0 0.819069
3 0 0 0.906887

3
1 1 1 0.855891
2 0 0 0.990971
3 0 0 0.779533

3
1 0 7095 0.850398
2 0 0 0.844886
3 0 0 1.0285

3
1 0 679 0.79435
2 0 0 0.977214
3 0 0 0.848619

1
1 0 0 0.857254

3
1 2 4 0.838671
2 0 0 0.78218
3 0 0 1.11482

3
1 1 1 0.920228
2 0 0 1.04033
3 0 0 0.700987

3
1 1 2 0.801482
2 0 0 0.911383
3 0 0 0.932463

3
1 1 1 0.79452
2 0 0 0.930643
3 0 0 0.829819

5
1 1 2 0.91851
2 0 0 0.796418
3 2 3 0.934642
6 0 0 0.918986
7 0 0 1.05296

5
1 2 2 0.852841
2 0 0 0.720768
3 0 2268 0.860964
6 0 0 0.882083
7 0 0 0.865622

5
1 2 4 0.907788
2 0 0 0.903362
3 0 1539 0.937686
6 0 0 1.13074
7 0 0 0.889776

3
1 1 1 0.931054
2 0 0 0.977139
3 0 0 0.802976

5
1 1 1 0.885177
2 0 0 1.06998
3 1 2 0.898729
6 0 0 0.733389
7 0 0 0.961565

5
1 1 1 0.801108
2 0 0 0.886956
3 1 2 0.985
6 0 0 0.82932
7 0 0 0.947464

3
1 0 9474 0.854573
2 0 0 0.792916
3 0 0 1.03969

7
1 2 4 0.862849
2 0 2139 0.909001
4 0 0 0.7342
5 0 0 1.13988
3 1 1 0.918986
6 0 0 1.01998
7 0 0 0.978391

5
1 0 4253 0.921631
2 1 2 0.817358
4 0 0 0.736216
5 0 0 1.02362
3 0 0 1.04504

5
1 1 2 0.868766
2 2 2 0.893392
4 0 0 0.879807
5 0 0 0.916639
3 0 0 0.97909

1
1 0 0 0.756768

7
1 0 1252 0.897924
2 0 804 0.948062
4 0 0 0.932931
5 0 0 0.87462
3 0 4304 1.07021
6 0 0 0.853691
7 0 0 1.11978

3
1 2 1 0.86404
2 0 0 0.828652
3 0 0 1.07498

1
1 0 0 0.947591

1
1 0 0 0.793051

9
1 1 1 0.763058
2 2 2 0.938357
4 0 0 0.94944
5 0 2810 0.941775
10 0 0 0.953154
11 0 0 0.979344
3 0 9374 0.766632
6 0 0 0.714455
7 0 0 0.95167

3
1 1 2 0.832457
2 0 0 0.747783
3 0 0 1.10793

5
1 0 3594 0.872206
2 1 2 0.833394
4 0 0 0.819497
5 0 0 1.0692
3 0 0 0.947023

3
1 0 914 0.685127
2 0 0 1.09027
3 0 0 0.785137

3
1 1 1 0.885026
2 0 0 0.945228
3 0 0 0.785873

1
1 0 0 0.751026

1
1 0 0 0.762719

3
1 1 1 0.867892
2 0 0 0.901851
3 0 0 0.891774

3
1 1 2 0.798952
2 0 0 0.852485
3 0 0 1.17798

1
1 0 0 0.725437

5
1 0 2985 0.834104
2 0 0 0.784317
3 2 4 0.961352
6 0 0 1.17111
7 0 0 0.959004

3
1 2 4 0.811191
2 0 0 0.95645
3 0 0 0.954613

3
1 1 2 0.772388
2 0 0 0.877532
3 0 0 0.995149

1
1 0 0 0.805758

1
1 0 0 0.780591

3
1 0 1720 0.829705
2 0 0 0.745772
3 0 0 1.01289

3
1 0 1401 0.866155
2 0 0 0.887055
3 0 0 0.923221

3
1 0 9389 0.782521
2 0 0 0.659538
3 0 0 0.871439

3
1 1 1 0.841887
2 0 0 0.956159
3 0 0 0.853635

3
1 0 8711 0.819757
2 0 0 0.813269
3 0 0 1.03592

3
1 0 6746 0.869574
2 0 0 0.782128
3 0 0 1.08649

3
1 1 2 0.816593
2 0 0 0.729351
3 0 0 0.921738

3
1 1 2 0.872217
2 0 0 0.804094
3 0 0 0.938693

7
1 2 4 0.813115
2 1 2 0.946243
4 0 0 0.936627
5 0 4980 1.07662
10 0 0 0.956746
11 0 0 1.05569
3 0 0 1.00485

3
1 2 4 0.826857
2 0 0 0.820716
3 0 0 0.887412

3
1 1 1 0.878744
2 0 0 0.946284
3 0 0 0.682214

3
1 1 1 0.850176
2 0 0 1.11809
3 0 0 0.768739

1
1 0 0 0.836573

7
1 0 8596 0.873635
2 1 2 1.09536
4 0 0 0.850272
5 0 0 0.985108
3 0 9331 0.873195
6 0 0 1.04856
7 0 0 1.01731

3
1 1 1 0.893542
2 0 0 1.10887
3 0 0 0.871353

3
1 2 1 0.934319
2 0 0 0.937496
3 0 0 0.928897

3
1 1 1 0.830307
2 0 0 1.20579
3 0 0 0.783899

1
1 0 0 0.794317

5
1 1 1 0.945024
2 0 2223 1.10459
4 0 0 1.02294
5 0 0 1.02561
3 0 0 0.927498

3
1 0 9071 0.886609
2 0 0 0.841796
3 0 0 0.999768

5
1 0 5928 0.980534
2 1 1 0.973963
4 0 0 0.99897
5 0 0 0.971828
3 0 0 0.943699

3
1 1 1 0.868565
2 0 0 0.963272
3 0 0 0.847941

3
1 0 9908 0.867658
2 0 0 0.865002
3 0 0 0.906829

3
1 0 8114 0.9155
2 0 0 0.898123
3 0 0 0.975779

3
1 0 2551 0.885195
2 0 0 0.874034
3 0 0 0.948393

5
1 1 1 0.858943
2 0 9382 1.03729
4 0 0 0.992229
5 0 0 1.14297
3 0 0 0.739068

5
1 0 324 0.825191
2 0 0 0.924195
3 1 1 0.873717
6 0 0 1.15187
7 0 0 0.868233

9
1 0 9969 0.846459
2 0 4794 0.903663
4 0 2707 0.883976
8 0 0 0.866397
9 1 2 0.9071
18 0 0 0.97204
19 0 0 1.01539
5 0 0 0.901967
3 0 0 1.03299

3
1 1 2 0.892505
2 0 0 0.856594
3 0 0 0.997209

3
1 1 2 0.873844
2 0 0 0.772078
3 0 0 1.11658

3
1 2 4 0.818052
2 0 0 0.877122
3 0 0 0.842001

1
1 0 0 0.953352

3
1 0 1954 0.919416
2 0 0 0.779693
3 0 0 0.945431

3
1 2 4 0.879304
2 0 0 0.81509
3 0 0 0.912368

3
1 0 5726 0.887878
2 0 0 0.827945
3 0 0 0.975449

1
1 0 0 0.864115

3
1 0 4577 0.871893
2 0 0 0.91237
3 0 0 0.903305

3
1 1 1 0.918366
2 0 0 0.854651
3 0 0 0.811966

5
1 2 2 0.913354
2 0 2859 1.01214
4 0 0 0.943191
5 0 0 1.08744
3 0 0 0.897987

3
1 0 904 0.879093
2 0 0 0.979863
3 0 0 0.827208

1
1 0 0 0.829978

3
1 2 2 1.0002
2 0 0 0.851017
3 0 0 0.893181

3
1 0 1018 0.701428
2 0 0 1.03678
3 0 0 0.765217

3
1 0 415 0.788414
2 0 0 1.0012
3 0 0 0.822072

5
1 1 2 0.729967
2 0 0 0.657075
3 0 7580 0.92585
6 0 0 0.970099
7 0 0 0.997001

3
1 1 1 0.851329
2 0 0 1.01896
3 0 0 0.731531

3
1 1 1 0.828589
2 0 0 1.11258
3 0 0 0.86927

3
1 0 531 0.823041
2 0 0 0.990015
3 0 0 0.802143

3
1 1 1 0.903234
2 0 0 0.981245
3 0 0 0.720134

5
1 1 2 0.931118
2 0 0 0.83907
3 0 5376 1.00451
6 0 0 1.0671
7 0 0 1.09135

3
1 1 2 0.867485
2 0 0 0.840494
3 0 0 0.859711

3
1 1 1 0.818779
2 0 0 1.13576
3 0 0 0.764429

5
1 1 1 0.846215
2 2 3 0.997326
4 0 0 0.948458
5 0 0 0.993453
3 0 0 0.751036

5
1 2 4 0.848993
2 0 1197 0.832138
4 0 0 0.99007
5 0 0 0.89015
3 0 0 0.935426

3
1 1 2 0.807408
2 0 0 0.798431
3 0 0 1.02602

5
1 0 508 0.873603
2 0 476 0.97819
4 0 0 0.967181
5 0 0 0.997715
3 0 0 0.761975

5
1 0 3542 0.896317
2 2 1 0.869103
4 0 0 0.973917
5 0 0 0.919917
3 0 0 0.995555

3
1 1 2 0.848
2 0 0 0.848614
3 0 0 0.989736

7
1 1 1 0.826478
2 0 1383 0.958255
4 2 2 0.928662
8 0 0 1.12054
9 0 0 1.08234
5 0 0 0.875804
3 0 0 0.834823

7
1 0 2521 0.864499
2 2 4 0.909659
4 0 0 0.821812
5 0 809 1.0264
10 0 0 0.924624
11 0 0 0.951094
3 0 0 0.996074

3
1 1 1 0.866127
2 0 0 0.973841
3 0 0 0.728245

5
1 0 8404 0.918961
2 0 6424 0.874181
4 0 0 0.879756
5 0 0 0.928876
3 0 0 0.980542

3
1 1 1 0.855891
2 0 0 0.938428
3 0 0 0.682973

3
1 1 1 0.890846
2 0 0 0.99115
3 0 0 0.794011

3
1 1 1 0.824438
2 0 0 0.944286
3 0 0 0.780872

3
1 0 9390 0.767666
2 0 0 0.839763
3 0 0 0.899324

3
1 0 9126 0.902167
2 0 0 0.885283
3 0 0 0.96545

3
1 0 7240 0.877825
2 0 0 0.80482
3 0 0 0.995804

5
1 0 3946 0.846555
2 0 0 0.85821
3 0 8807 0.954975
6 0 0 0.999355
7 0 0 1.0052

3
1 1 1 0.79452
2 0 0 1.04586
3 0 0 0.745378

3
1 0 345 0.884957
2 0 0 1.12319
3 0 0 0.917326

5
1 0 1122 0.746877
2 0 521 1.02135
4 0 0 0.968645
5 0 0 1.13986
3 0 0 0.804399

1
1 0 0 0.740895

3
1 1 1 0.876736
2 0 0 0.878615
3 0 0 0.727677

9
1 1 1 0.885177
2 0 1367 0.930397
4 0 0 1.08655
5 0 0 0.890621
3 1 2 0.837089
6 0 0 0.782716
7 2 2 0.973045
14 0 0 0.910232
15 0 0 0.967836

3
1 1 1 0.923517
2 0 0 1.01397
3 0 0 0.88663

1
1 0 0 0.881503

1
1 0 0 0.908358

3
1 1 1 0.913489
2 0 0 0.980238
3 0 0 0.733597

3
1 1 2 0.868766
2 0 0 0.928525
3 0 0 1.04655

3
1 1 2 0.882988
2 0 0 0.905986
3 0 0 1.12379

3
1 0 1252 0.897924
2 0 0 1.00496
3 0 0 0.721403

3
1 1 2 0.869065
2 0 0 0.89073
3 0 0 1.08394

3
1 1 1 0.788548
2 0 0 1.05808
3 0 0 0.777363

3
1 1 2 0.963265
2 0 0 0.963271
3 0 0 0.998149

3
1 1 1 0.763058
2 0 0 1.07724
3 0 0 0.856761

3
1 1 1 0.922704
2 0 0 1.05961
3 0 0 0.837904

3
1 0 2648 0.995262
2 0 0 0.854831
3 0 0 1.08405

5
1 1 2 0.874365
2 0 0 0.694026
3 2 1 0.932797
6 0 0 1.01665
7 0 0 0.963497

3
1 0 2221 0.924082
2 0 0 0.835763
3 0 0 0.970303

1
1 0 0 0.897838

3
1 2 4 0.835602
2 0 0 0.831474
3 0 0 1.01177

3
1 0 933 0.843961
2 0 0 1.10307
3 0 0 0.884061

7
1 0 1207 0.841508
2 1 1 1.09952
4 0 0 1.0099
5 0 783 0.981269
10 0 0 0.996129
11 0 0 1.17138
3 0 0 0.727306

3
1 2 2 0.854786
2 0 0 0.827225
3 0 0 0.908982

5
1 2 4 0.905253
2 2 3 0.825932
4 0 0 0.723698
5 0 0 1.04797
3 0 0 0.830823

3
1 1 2 0.812695
2 0 0 0.790557
3 0 0 1.01364

3
1 1 2 0.772388
2 0 0 0.717873
3 0 0 0.890895

3
1 0 7566 0.948318
2 0 0 0.868542
3 0 0 1.01089

3
1 1 2 0.857215
2 0 0 0.818802
3 0 0 0.972903

5
1 0 1720 0.829705
2 0 0 0.724286
3 2 4 1.02338
6 0 0 1.08925
7 0 0 0.980525

3
1 1 2 0.754363
2 0 0 0.678307
3 0 0 0.854907

3
1 1 1 0.866617
2 0 0 0.859315
3 0 0 0.839029

5
1 0 7619 0.84831
2 1 1 0.870281
4 0 0 1.02783
5 0 0 0.819756
3 0 0 1.00099

3
1 1 1 0.829603
2 0 0 0.906711
3 0 0 0.827696

1
1 0 0 0.833354

3
1 1 1 0.844085
2 0 0 1.06128
3 0 0 0.783796

1
1 0 0 0.758248

3
1 1 2 0.869072
2 0 0 0.749663
3 0 0 1.09114

3
1 0 2222 0.925981
2 0 0 0.805886
3 0 0 1.08058

3
1 1 1 0.830202
2 0 0 0.945514
3 0 0 0.845662

5
1 0 157 0.74321
2 0 57 1.05566
4 0 0 1.02965
5 0 0 0.936984
3 0 0 0.825712

3
1 0 167 0.795609
2 0 0 0.966479
3 0 0 0.874577

9
1 2 3 0.949258
2 0 0 0.924209
3 0 504 1.03257
6 0 353 0.980739
12 0 0 0.904871
13 1 2 0.996262
26 0 0 1.09477
27 0 0 1.05624
7 0 0 1.01975

1
1 0 0 0.776978

1
1 0 0 0.743994

1
1 0 0 0.8813

5
1 1 1 0.905767
2 2 2 1.04317
4 0 0 1.07059
5 0 0 0.924708
3 0 0 0.85711

3
1 0 7990 0.847255
2 0 0 0.741199
3 0 0 0.908877

3
1 1 2 0.880539
2 0 0 0.74433
3 0 0 0.990801

3
1 0 233 0.936067
2 0 0 1.08086
3 0 0 1.0242

3
1 1 1 0.868565
2 0 0 1.04733
3 0 0 0.856192

3
1 1 1 0.89467
2 0 0 1.05849
3 0 0 0.754902

3
1 0 5420 0.933553
2 0 0 0.755043
3 0 0 1.15999

7
1 0 2551 0.885195
2 1 1 0.780584
4 0 1188 0.970889
8 0 0 0.899168
9 0 0 1.00975
5 0 0 0.808577
3 0 0 0.90057

3
1 1 1 0.858943
2 0 0 0.989725
3 0 0 0.76945

3
1 2 2 0.916889
2 0 0 0.950485
3 0 0 0.912486

7
1 2 2 0.934956
2 2 1 0.855438
4 0 0 0.863033
5 0 1944 0.954857
10 0 0 0.923794
11 0 0 1.06257
3 0 0 0.967267

3
1 2 1 0.926466
2 0 0 0.928329
3 0 0 0.954925

3
1 0 9971 0.757424
2 0 0 0.757661
3 0 0 1.08863

3
1 0 3934 0.876713
2 0 0 0.93324
3 0 0 0.820179

5
1 1 1 0.851948
2 2 4 1.05175
4 0 0 1.03815
5 0 0 1.13145
3 0 0 0.856272

5
1 0 1954 0.919416
2 2 4 0.82694
4 0 0 0.806952
5 0 0 0.921546
3 0 0 0.990153

5
1 2 4 0.888329
2 0 2238 0.894404
4 0 0 0.854177
5 0 0 1.04836
3 0 0 0.958841

3
1 1 2 0.782247
2 0 0 0.748465
3 0 0 0.976591

1
1 0 0 0.712741

3
1 0 3061 0.878002
2 0 0 0.738571
3 0 0 1.06048

3
1 1 1 0.918366
2 0 0 1.1163
3 0 0 0.813393

3
1 0 3090 0.928201
2 0 0 0.946155
3 0 0 1.05804

3
1 1 1 0.84881
2 0 0 0.970289
3 0 0 0.800812

3
1 1 1 0.880357
2 0 0 0.946126
3 0 0 0.77896

3
1 1 2 0.918748
2 0 0 0.767657
3 0 0 0.951384

7
1 1 2 0.846665
2 0 8495 0.926354
4 0 0 0.964207
5 0 8707 0.976243
10 0 0 1.08115
11 0 0 0.996705
3 0 0 0.866842

3
1 1 1 0.870074
2 0 0 0.93293
3 0 0 0.895505

5
1 0 7373 0.898454
2 0 0 0.799443
3 1 2 0.972313
6 0 0 1.03041
7 0 0 1.02188

3
1 0 563 0.832252
2 0 0 0.995653
3 0 0 0.834897

1
1 0 0 0.763613

3
1 0 6934 0.860909
2 0 0 0.871515
3 0 0 0.94099

3
1 1 1 0.903234
2 0 0 1.0244
3 0 0 0.805439

3
1 1 2 0.798363
2 0 0 0.724235
3 0 0 0.976182

3
1 1 1 0.813826
2 0 0 0.970259
3 0 0 0.816185

5
1 2 3 0.883013
2 0 0 0.896141
3 2 4 0.945601
6 0 0 0.872661
7 0 0 0.892877

7
1 0 9200 0.741808
2 0 0 0.79151
3 1 2 0.943556
6 2 4 0.855532
12 0 0 1.01265
13 0 0 0.994712
7 0 0 0.941078

3
1 1 1 0.964316
2 0 0 0.977042
3 0 0 0.905475

3
1 1 2 0.807408
2 0 0 0.709096
3 0 0 1.05298

3
1 0 2592 0.885094
2 0 0 0.905824
3 0 0 1.00131

3
1 2 2 0.880311
2 0 0 0.858536
3 0 0 0.906514

3
1 1 2 0.833114
2 0 0 0.76981
3 0 0 1.06355

3
1 1 1 0.826478
2 0 0 1.05997
3 0 0 0.709208

3
1 0 7083 0.893702
2 0 0 0.833773
3 0 0 0.945374

3
1 1 1 0.864635
2 0 0 0.994099
3 0 0 0.934575

3
1 0 1769 0.885111
2 0 0 0.739361
3 0 0 1.01747

3
1 1 1 0.855891
2 0 0 1.03177
3 0 0 0.752464

1
1 0 0 0.770565

3
1 1 1 0.892244
2 0 0 1.13197
3 0 0 0.928772

1
1 0 0 0.776521

5
1 1 2 0.937415
2 0 1450 0.984004
4 0 0 0.943582
5 0 0 0.928296
3 0 0 1.02396

3
1 2 3 0.810419
2 0 0 0.768475
3 0 0 0.977583

3
1 0 3946 0.846555
2 0 0 0.835027
3 0 0 0.914776

3
1 1 1 0.79452
2 0 0 0.902187
3 0 0 0.770415

3
1 0 256 0.758522
2 0 0 1.10993
3 0 0 0.679041

5
1 0 6982 0.865679
2 0 0 0.837645
3 0 8605 0.87311
6 0 0 0.926063
7 0 0 0.909933

3
1 1 1 0.901183
2 0 0 0.984384
3 0 0 0.847452

3
1 1 1 0.876736
2 0 0 0.891212
3 0 0 0.710572

3
1 1 1 0.885177
2 0 0 1.06554
3 0 0 0.785431

5
1 1 1 0.923517
2 2 4 1.05512
4 0 0 1.06619
5 0 0 0.981451
3 0 0 0.814374

3
1 1 1 0.881503
2 0 0 1.1399
3 0 0 0.879946

3
1 1 2 0.838747
2 0 0 0.822617
3 0 0 0.976245

3
1 0 9054 0.877392
2 0 0 0.849873
3 0 0 0.996583

1
1 0 0 0.770031

5
1 2 3 0.898603
2 0 1711 1.01902
4 0 0 0.804673
5 0 0 1.09981
3 0 0 0.944321

3
1 1 1 0.789692
2 0 0 1.07945
3 0 0 0.809433

1
1 0 0 0.76695

1
1 0 0 0.828231

3
1 2 3 0.833743
2 0 0 0.867955
3 0 0 1.01505

3
1 1 1 0.763058
2 0 0 1.16163
3 0 0 0.834569

1
1 0 0 0.756008

3
1 1 2 0.792602
2 0 0 0.817644
3 0 0 0.922124

1
1 0 0 0.857733

3
1 0 2379 0.952267
2 0 0 0.744355
3 0 0 1.05339

1
1 0 0 0.907026

5
1 1 2 0.902943
2 0 0 0.838719
3 0 8300 0.934999
6 0 0 0.931889
7 0 0 0.958044

3
1 1 1 0.874484
2 0 0 0.89602
3 0 0 0.764178

3
1 1 2 0.874595
2 0 0 0.896586
3 0 0 1.13426

3
1 1 2 0.901553
2 0 0 0.882312
3 0 0 1.0581

3
1 1 2 0.866206
2 0 0 0.843454
3 0 0 1.11015

3
1 1 2 0.812695
2 0 0 1.00902
3 0 0 1.16097

3
1 0 2631 0.884138
2 0 0 0.80833
3 0 0 1.00356

5
1 0 9687 0.777152
2 0 0 0.748445
3 1 2 1.0555
6 0 0 0.985435
7 0 0 1.03782

3
1 0 8787 0.900684
2 0 0 0.888862
3 0 0 1.04855

3
1 0 7058 0.80782
2 0 0 0.664644
3 0 0 0.884721

7
1 1 2 0.754363
2 0 0 0.804488
3 2 4 1.02649
6 0 0 0.954602
7 0 6436 1.31674
14 0 0 1.05936
15 0 0 0.912228

3
1 0 842 0.886315
2 0 0 0.99836
3 0 0 0.805215

3
1 1 1 0.872273
2 0 0 1.03318
3 0 0 0.891788

3
1 1 1 0.874241
2 0 0 0.869079
3 0 0 0.896763

3
1 0 5759 0.914688
2 0 0 0.82502
3 0 0 0.887192

1
1 0 0 0.800309

7
1 1 1 0.902793
2 0 0 1.03753
3 1 2 0.882846
6 0 325 0.854145
12 0 0 0.937911
13 0 0 0.814862
7 0 0 0.914594

3
1 0 262 0.786069
2 0 0 0.913896
3 0 0 0.768559

3
1 1 1 0.839591
2 0 0 0.987407
3 0 0 0.890537

5
1 1 1 0.830202
2 2 1 0.97845
4 0 0 0.918334
5 0 0 0.943311
3 0 0 0.839066

5
1 1 1 0.94515
2 0 9110 1.01454
4 0 0 1.02302
5 0 0 1.03948
3 0 0 0.768673

3
1 1 1 0.847871
2 0 0 0.999509
3 0 0 0.742299

1
1 0 0 0.788514

3
1 2 4 0.841828
2 0 0 0.808082
3 0 0 1.12248

1
1 0 0 0.74122

3
1 1 1 0.807333
2 0 0 0.980926
3 0 0 0.879738

5
1 0 640 0.882707
2 0 0 1.02983
3 0 5108 0.86983
6 0 0 0.842438
7 0 0 0.929242

3
1 2 4 0.867067
2 0 0 0.873986
3 0 0 0.924093

3
1 1 2 0.880539
2 0 0 0.72393
3 0 0 1.14799

5
1 0 4714 0.910869
2 0 0 0.836049
3 1 2 0.955214
6 0 0 1.00471
7 0 0 1.01609

3
1 0 2826 0.984654
2 0 0 0.826935
3 0 0 0.932491

5
1 1 2 0.855422
2 0 0 0.851983
3 0 5038 1.0179
6 0 0 1.05323
7 0 0 0.99259

3
1 1 2 0.843091
2 0 0 0.837867
3 0 0 0.995932

3
1 1 1 0.868677
2 0 0 1.04937
3 0 0 0.83852

3
1 1 2 0.815085
2 0 0 0.792294
3 0 0 0.871342

3
1 0 887 0.910773
2 0 0 1.17866
3 0 0 0.640203

3
1 1 2 0.911763
2 0 0 0.826059
3 0 0 1.00082

3
1 2 1 0.936374
2 0 0 0.869661
3 0 0 0.948182

3
1 1 1 0.811756
2 0 0 1.04107
3 0 0 0.869482

3
1 0 3934 0.876713
2 0 0 0.95433
3 0 0 0.958175

5
1 1 1 0.851948
2 0 0 1.02828
3 0 7625 0.865157
6 0 0 0.905637
7 0 0 0.929815

5
1 0 1954 0.919416
2 1 2 0.839772
4 0 0 0.827379
5 0 0 1.06496
3 0 0 1.02906

5
1 0 8232 0.873752
2 0 0 0.830794
3 0 8846 0.90522
6 0 0 1.03994
7 0 0 0.95805

3
1 2 2 0.875642
2 0 0 0.891825
3 0 0 0.837939

5
1 1 2 0.858402
2 0 1184 0.924882
4 0 0 0.940013
5 0 0 0.902297
3 0 0 0.926401

3
1 2 2 0.881585
2 0 0 0.871437
3 0 0 0.892975

5
1 1 1 0.918366
2 2 2 0.973083
4 0 0 0.984786
5 0 0 1.06353
3 0 0 0.734175

5
1 2 4 0.813581
2 2 1 0.928421
4 0 0 0.903073
5 0 0 0.910896
3 0 0 0.913234

3
1 0 4038 0.862653
2 0 0 0.865433
3 0 0 0.962814

3
1 1 1 0.880357
2 0 0 1.02006
3 0 0 0.701196

3
1 1 2 0.918748
2 0 0 0.963194
3 0 0 1.00623

3
1 1 2 0.801093
2 0 0 0.788947
3 0 0 1.05466

3
1 1 1 0.789612
2 0 0 1.01961
3 0 0 0.768315

3
1 0 1944 0.866045
2 0 0 0.787542
3 0 0 0.888692

5
1 0 4626 0.972284
2 0 0 0.946551
3 2 1 1.03352
6 0 0 1.05652
7 0 0 1.01064

3
1 0 5130 0.894184
2 0 0 0.824834
3 0 0 0.979435

1
1 0 0 0.852799

3
1 1 1 0.903234
2 0 0 1.00342
3 0 0 0.646811

3
1 2 3 0.872148
2 0 0 0.858239
3 0 0 0.897122

3
1 2 4 0.821533
2 0 0 0.793454
3 0 0 0.909475

1
1 0 0 0.893364

1
1 0 0 0.91639

3
1 0 4282 0.82101
2 0 0 0.860139
3 0 0 1.03754

7
1 0 1969 0.843174
2 0 0 0.714186
3 2 1 0.88966
6 1 2 0.969054
12 0 0 0.96259
13 0 0 1.04595
7 0 0 0.796221

5
1 0 2592 0.885094
2 0 2539 0.790646
4 0 0 0.769406
5 0 0 1.01644
3 0 0 0.974984

1
1 0 0 0.898892

3
1 1 2 0.867846
2 0 0 0.814216
3 0 0 1.0434

3
1 0 9280 0.775747
2 0 0 0.777637
3 0 0 0.989649

1
1 0 0 0.818133

5
1 1 2 0.858106
2 0 0 0.750557
3 0 9817 0.961187
6 0 0 0.946739
7 0 0 0.958766

5
1 0 9934 0.838714
2 0 8832 0.842926
4 0 0 0.833242
5 0 0 1.05723
3 0 0 0.840771

3
1 1 1 0.855891
2 0 0 0.992029
3 0 0 0.816778

3
1 2 2 0.887064
2 0 0 0.836015
3 0 0 1.00513

3
1 1 1 0.892244
2 0 0 1.06752
3 0 0 0.842881

3
1 0 245 0.874794
2 0 0 1.03861
3 0 0 0.90514

5
1 1 2 0.816133
2 0 9217 0.822966
4 0 0 0.821029
5 0 0 1.01488
3 0 0 0.894522

3
1 0 4710 0.840125
2 0 0 0.876373
3 0 0 1.08373

5
1 1 2 0.869428
2 0 0 0.692067
3 2 2 1.07765
6 0 0 0.927157
7 0 0 1.0171

3
1 1 1 0.79452
2 0 0 1.13289
3 0 0 0.778941

3
1 0 3985 0.859202
2 0 0 0.794076
3 0 0 1.08601

3
1 1 1 0.842675
2 0 0 1.06179
3 0 0 0.796154

3
1 0 4930 0.88224
2 0 0 0.864306
3 0 0 0.889478

5
1 1 1 0.876736
2 2 3 0.929762
4 0 0 1.05826
5 0 0 0.962553
3 0 0 0.657788

3
1 1 1 0.885177
2 0 0 0.982524
3 0 0 0.804815

3
1 1 1 0.923517
2 0 0 1.10319
3 0 0 0.793034

3
1 1 1 0.881503
2 0 0 1.0808
3 0 0 0.682618

1
1 0 0 0.748057

1
1 0 0 0.890023

3
1 2 1 0.884188
2 0 0 0.85297
3 0 0 1.02276

1
1 0 0 0.844158

5
1 1 1 0.789692
2 0 4704 0.983527
4 0 0 1.06757
5 0 0 0.91051
3 0 0 0.633349

1
1 0 0 0.846903

3
1 0 9895 0.83184
2 0 0 0.799535
3 0 0 1.11006

1
1 0 0 0.891638

3
1 0 4305 0.904683
2 0 0 0.842364
3 0 0 0.978837

3
1 1 2 0.820689
2 0 0 0.852196
3 0 0 0.97441

3
1 0 5184 0.891028
2 0 0 0.861172
3 0 0 1.02138

5
1 1 1 0.881226
2 2 3 1.0434
4 0 0 0.945025
5 0 0 1.0734
3 0 0 0.949962

3
1 1 2 0.795425
2 0 0 0.800666
3 0 0 1.0019

3
1 0 219 0.806541
2 0 0 1.00548
3 0 0 0.726143

1
1 0 0 0.826776

9
1 0 2556 0.929695
2 0 614 0.931514
4 0 0 1.04915
5 0 0 0.911717
3 0 6356 1.00861
6 0 0 1.05237
7 1 2 1.05324
14 0 0 1.03975
15 0 0 0.973339

3
1 1 2 0.870491
2 0 0 0.791761
3 0 0 1.03027

5
1 1 2 0.901553
2 1 1 0.883719
4 0 0 1.08243
5 0 0 0.810264
3 0 0 1.01237

1
1 0 0 0.826454

1
1 0 0 0.731567

3
1 0 9800 0.864075
2 0 0 0.829433
3 0 0 0.963043

5
1 0 3993 0.890941
2 1 2 0.931363
4 0 0 0.886261
5 0 0 1.02605
3 0 0 0.950833

5
1 0 8787 0.900684
2 0 254 0.890964
4 0 0 1.03791
5 0 0 0.915436
3 0 0 1.03048

3
1 0 4159 0.928502
2 0 0 0.900731
3 0 0 0.986009

5
1 1 2 0.860282
2 0 0 0.839467
3 0 6693 0.938778
6 0 0 1.00112
7 0 0 0.928268

3
1 0 7850 0.777203
2 0 0 0.795087
3 0 0 0.999682

1
1 0 0 0.903187

3
1 1 1 0.940925
2 0 0 1.01348
3 0 0 0.768611

3
1 1 1 0.807705
2 0 0 1.09398
3 0 0 0.808567

3
1 1 1 0.844466
2 0 0 0.985036
3 0 0 0.742003

1
1 0 0 0.863247

3
1 0 849 0.708294
2 0 0 1.08799
3 0 0 0.849508

3
1 1 1 0.885685
2 0 0 1.00163
3 0 0 0.814692

3
1 0 77 0.874759
2 0 0 0.98948
3 0 0 0.874304

1
1 0 0 0.89939

3
1 1 1 0.823233
2 0 0 1.00733
3 0 0 0.723808

1
1 0 0 0.820156

1
1 0 0 0.786816

5
1 0 427 0.83434
2 2 2 1.12358
4 0 0 1.05422
5 0 0 0.878144
3 0 0 0.762452

3
1 2 4 0.939559
2 0 0 1.02308
3 0 0 0.952787

3
1 0 640 0.882707
2 0 0 0.955141
3 0 0 0.809633

1
1 0 0 0.834192

5
1 1 2 0.880539
2 2 3 0.822152
4 0 0 0.805511
5 0 0 1.05339
3 0 0 0.839626

3
1 1 1 0.862911
2 0 0 0.893044
3 0 0 0.775572

3
1 1 1 0.932841
2 0 0 0.996354
3 0 0 0.815799

7
1 1 2 0.81624
2 0 0 0.825904
3 2 4 1.06802
6 0 964 1.08512
12 0 0 0.997641
13 0 0 1.05161
7 0 0 0.95029

3
1 1 2 0.843091
2 0 0 0.740938
3 0 0 1.14724

7
1 1 2 0.883476
2 0 7959 0.944988
4 0 0 0.88165
5 0 0 0.968074
3 0 3116 0.92558
6 0 0 0.923391
7 0 0 0.964132

7
1 0 4914 0.847866
2 0 2147 0.825463
4 0 0 0.775839
5 0 0 0.998012
3 0 9751 0.930777
6 0 0 0.974277
7 0 0 0.974361

5
1 0 9367 0.781386
2 0 0 0.809471
3 1 2 1.02936
6 0 0 1.00711
7 0 0 0.900434

5
1 1 2 0.911763
2 2 4 0.864775
4 0 0 0.869023
5 0 0 1.00136
3 0 0 1.03076

5
1 2 4 0.736539
2 0 7358 0.855983
4 0 0 0.877172
5 0 0 0.939211
3 0 0 0.971303

1
1 0 0 0.753799

3
1 2 4 0.849498
2 0 0 0.825695
3 0 0 0.992447

3
1 0 4795 0.902187
2 0 0 0.899278
3 0 0 0.912878

5
1 0 1954 0.919416
2 0 0 0.815152
3 1 2 0.957074
6 0 0 0.94378
7 0 0 1.00682

3
1 1 2 0.8837
2 0 0 0.731076
3 0 0 1.05447

3
1 1 1 0.892683
2 0 0 0.909908
3 0 0 0.827748

5
1 0 2166 0.885341
2 0 929 0.852488
4 0 0 0.90252
5 0 0 0.844737
3 0 0 0.984027

3
1 0 425 0.875058
2 0 0 0.992258
3 0 0 0.800264

5
1 0 872 0.782245
2 0 356 0.936238
4 0 0 1.0039
5 0 0 1.12796
3 0 0 0.927129

7
1 0 3607 0.961543
2 2 4 0.844505
4 0 0 0.853847
5 0 549 1.00883
10 0 0 0.936002
11 0 0 0.977409
3 0 0 0.967123

3
1 2 1 0.982471
2 0 0 0.860748
3 0 0 0.952001

3
1 1 1 0.880357
2 0 0 1.06959
3 0 0 0.776848

7
1 1 1 0.864458
2 2 3 1.06838
4 0 0 1.19856
5 0 0 0.914133
3 1 2 0.858663
6 0 0 0.681166
7 0 0 0.947987

3
1 1 2 0.801093
2 0 0 0.75847
3 0 0 1.08422

3
1 0 2632 0.978608
2 0 0 0.810763
3 0 0 0.970598

3
1 0 6335 0.864233
2 0 0 0.827587
3 0 0 0.926293

3
1 1 1 0.92016
2 0 0 0.980295
3 0 0 0.844593

3
1 1 1 0.833781
2 0 0 1.17499
3 0 0 0.824646

3
1 0 456 0.823872
2 0 0 0.941045
3 0 0 0.805763

3
1 0 5397 0.855554
2 0 0 1.00845
3 0 0 1.02952

1
1 0 0 0.766211

1
1 0 0 0.7902

3
1 1 2 0.795653
2 0 0 0.854317
3 0 0 1.04652

3
1 1 2 0.847589
2 0 0 0.873994
3 0 0 1.06261

5
1 1 1 0.83776
2 0 8043 0.914491
4 0 0 0.90518
5 0 0 0.991543
3 0 0 0.745728

3
1 2 3 0.916933
2 0 0 0.910683
3 0 0 1.01599

1
1 0 0 0.873796

3
1 2 1 0.895406
2 0 0 0.864419
3 0 0 0.892238

1
1 0 0 0.879179

3
1 1 1 0.812686
2 0 0 0.921871
3 0 0 0.83511

3
1 1 2 0.795682
2 0 0 0.775346
3 0 0 0.845103

5
1 1 2 0.858106
2 0 0 0.777764
3 0 3269 1.08147
6 0 0 1.03589
7 0 0 1.08503

5
1 1 2 0.870158
2 0 7026 0.901584
4 0 0 0.768605
5 0 0 0.992715
3 0 0 0.959739

1
1 0 0 0.872691

3
1 1 1 0.811383
2 0 0 0.988766
3 0 0 0.850854

5
1 2 4 0.834737
2 0 3912 0.867473
4 0 0 0.803614
5 0 0 0.985239
3 0 0 1.03935

3
1 1 2 0.869689
2 0 0 0.84603
3 0 0 1.00224

3
1 1 2 0.816133
2 0 0 0.749077
3 0 0 0.881937

3
1 1 2 0.877851
2 0 0 0.719689
3 0 0 0.99888

5
1 1 2 0.876894
2 0 329 0.771707
4 0 0 0.919091
5 0 0 0.825899
3 0 0 0.999063

3
1 1 1 0.79452
2 0 0 0.959164
3 0 0 0.760692

3
1 1 2 0.940711
2 0 0 0.750333
3 0 0 1.14079

5
1 0 1492 0.919743
2 0 1052 0.833082
4 0 0 1.01147
5 0 0 0.871372
3 0 0 0.961004

3
1 1 1 0.905821
2 0 0 1.01456
3 0 0 0.863288

3
1 1 1 0.876736
2 0 0 0.98739
3 0 0 0.867365

3
1 1 1 0.885177
2 0 0 0.961117
3 0 0 0.880573

5
1 1 1 0.923517
2 0 7009 1.03731
4 0 0 0.989323
5 0 0 1.02776
3 0 0 0.744675

3
1 1 1 0.881503
2 0 0 1.03936
3 0 0 0.71715

7
1 0 3943 0.853094
2 1 1 0.894766
4 0 0 1.08507
5 0 1901 0.793075
10 0 0 0.83874
11 0 0 0.871578
3 0 0 0.95527

3
1 0 9037 0.890023
2 0 0 0.78602
3 0 0 1.08489

1
1 0 0 0.761242

3
1 0 1953 0.847926
2 0 0 0.827731
3 0 0 0.966417

3
1 1 1 0.963098
2 0 0 1.04446
3 0 0 0.696398

5
1 1 1 0.934412
2 0 0 1.06608
3 0 1634 0.924274
6 0 0 0.756238
7 0 0 0.98716

5
1 1 1 0.778095
2 0 1666 0.904967
4 0 0 1.07941
5 0 0 0.941771
3 0 0 0.847447

3
1 0 9743 0.852807
2 0 0 0.792387
3 0 0 0.992379

7
1 1 2 0.927475
2 1 1 0.900693
4 0 2777 0.975064
8 0 0 1.01767
9 0 0 0.951203
5 0 0 0.906515
3 0 0 0.970344

3
1 0 9978 0.870058
2 0 0 0.836542
3 0 0 1.00423

3
1 1 1 0.810734
2 0 0 1.18682
3 0 0 0.775009

3
1 1 1 0.881226
2 0 0 1.00119
3 0 0 0.677141

5
1 2 3 0.865759
2 0 0 0.72141
3 0 8657 0.919029
6 0 0 0.956556
7 0 0 0.966565

3
1 1 1 0.8752
2 0 0 0.854593
3 0 0 0.908142

3
1 2 4 0.839408
2 0 0 0.781462
3 0 0 0.784753

5
1 0 4894 0.86429
2 0 0 0.901896
3 2 2 0.957416
6 0 0 0.953687
7 0 0 1.01894

1
1 0 0 0.928554

1
1 0 0 0.869414

3
1 2 3 0.94247
2 0 0 0.81695
3 0 0 0.950843

1
1 0 0 0.729631

5
1 0 9045 0.79325
2 0 200 0.864695
4 0 0 1.02331
5 0 0 0.784605
3 0 0 0.894356

3
1 0 101 0.790362
2 0 0 0.907882
3 0 0 0.857869

3
1 1 1 0.884857
2 0 0 0.981936
3 0 0 0.865401

5
1 0 8168 0.853423
2 0 0 0.762429
3 2 3 1.11059
6 0 0 1.12839
7 0 0 1.08825

3
1 0 9785 0.760176
2 0 0 0.790817
3 0 0 1.00516

1
1 0 0 0.828671

5
1 0 3501 0.884584
2 0 1513 0.91978
4 0 0 0.87202
5 0 0 0.993104
3 0 0 1.19966

3
1 0 2300 0.857507
2 0 0 0.889603
3 0 0 1.04847

3
1 0 9726 0.866354
2 0 0 0.881275
3 0 0 0.849427

3
1 1 1 0.844466
2 0 0 1.03039
3 0 0 0.836953

3
1 1 1 0.889142
2 0 0 0.917352
3 0 0 0.834158

3
1 0 7770 0.953811
2 0 0 0.911669
3 0 0 0.951862

3
1 0 2645 0.887505
2 0 0 0.795208
3 0 0 0.921027

7
1 0 9565 0.839095
2 1 2 0.817135
4 0 0 0.840096
5 0 0 0.911069
3 2 3 1.09038
6 0 0 0.977985
7 0 0 0.969237

5
1 1 1 0.852104
2 2 3 0.985095
4 0 0 0.964819
5 0 0 0.968631
3 0 0 0.728568

3
1 1 1 0.823233
2 0 0 0.948576
3 0 0 0.842048

3
1 0 541 0.831324
2 0 0 1.00056
3 0 0 0.816964

3
1 1 1 0.915155
2 0 0 0.974599
3 0 0 0.795152

3
1 0 4719 0.925284
2 0 0 0.862942
3 0 0 0.94569

1
1 0 0 0.840427

5
1 0 4312 0.889542
2 2 4 0.879267
4 0 0 0.848015
5 0 0 0.973588
3 0 0 0.938834

1
1 0 0 0.701481

1
1 0 0 0.833881

5
1 0 5965 0.946227
2 0 5698 0.826841
4 0 0 0.843559
5 0 0 0.882926
3 0 0 1.02848

7
1 1 1 0.932841
2 0 0 0.959258
3 0 712 0.796244
6 0 185 1.10412
12 0 0 0.938993
13 0 0 1.15187
7 0 0 0.805894

3
1 1 1 0.811471
2 0 0 1.06335
3 0 0 0.777317

3
1 0 2459 0.837704
2 0 0 0.790058
3 0 0 0.86631

1
1 0 0 0.832892

1
1 0 0 0.71437

5
1 0 1978 0.95912
2 2 4 0.917002
4 0 0 0.7443
5 0 0 1.06566
3 0 0 0.92529

3
1 0 3079 0.954528
2 0 0 0.850572
3 0 0 0.949044

5
1 0 4966 0.848447
2 2 2 0.910775
4 0 0 0.964813
5 0 0 1.01338
3 0 0 0.922199

1
1 0 0 0.906185

5
1 1 1 0.776422
2 0 4052 0.993597
4 0 0 1.00213
5 0 0 0.992493
3 0 0 0.857193

5
1 0 3530 0.891976
2 1 1 0.882462
4 0 0 0.910028
5 0 0 0.834428
3 0 0 0.935035

5
1 2 3 0.862478
2 0 9585 0.86177
4 0 0 0.785532
5 0 0 1.04095
3 0 0 0.73083

5
1 1 2 0.8837
2 0 0 0.858188
3 2 3 0.975604
6 0 0 1.09747
7 0 0 1.04634

3
1 2 4 1.00342
2 0 0 0.977425
3 0 0 0.878338

3
1 0 2166 0.885341
2 0 0 0.742707
3 0 0 1.05798

3
1 2 2 0.852051
2 0 0 0.833973
3 0 0 0.873278

5
1 0 6932 0.805616
2 0 0 0.791457
3 1 1 0.89923
6 0 0 1.06775
7 0 0 0.926749

3
1 0 2843 0.933477
2 0 0 0.888294
3 0 0 0.977765

1
1 0 0 0.853093

5
1 1 1 0.880357
2 0 9131 0.892285
4 0 0 0.925264
5 0 0 0.935842
3 0 0 0.7268

3
1 0 9672 0.817639
2 0 0 0.747234
3 0 0 0.934814

3
1 1 2 0.801093
2 0 0 0.909766
3 0 0 0.969422

7
1 1 1 0.873533
2 2 1 1.16336
4 0 0 1.05878
5 0 0 1.034
3 1 2 0.969094
6 0 0 0.801986
7 0 0 1.02503

5
1 1 1 0.956205
2 0 0 1.08276
3 1 2 0.914449
6 0 0 0.878279
7 0 0 1.09822

5
1 1 2 0.798196
2 0 0 0.826213
3 0 9729 0.933244
6 0 0 0.941703
7 0 0 0.990324

5
1 1 1 0.899671
2 0 0 0.980699
3 1 2 0.929858
6 0 0 0.828441
7 0 0 1.10542

3
1 0 475 0.859661
2 0 0 0.94321
3 0 0 0.830817

3
1 1 1 0.87023
2 0 0 0.983852
3 0 0 0.782664

5
1 0 964 0.852098
2 2 3 1.13816
4 0 0 1.15743
5 0 0 1.01295
3 0 0 0.840044

3
1 1 2 0.7902
2 0 0 0.77665
3 0 0 1.06931

3
1 1 2 0.795653
2 0 0 0.802421
3 0 0 1.06078

3
1 0 2185 0.885022
2 0 0 0.845158
3 0 0 1.10317

3
1 0 8426 0.846082
2 0 0 0.846405
3 0 0 1.01138

3
1 1 2 0.902752
2 0 0 0.864907
3 0 0 0.998739

5
1 0 6002 0.855768
2 1 2 0.903219
4 0 0 0.813681
5 0 0 1.16237
3 0 0 0.966511

1
1 0 0 0.820962

5
1 0 9695 0.732532
2 0 3271 0.905524
4 0 0 0.853456
5 0 0 0.949292
3 0 0 1.06449

3
1 2 3 0.881976
2 0 0 0.847014
3 0 0 0.948374

3
1 1 2 0.795682
2 0 0 0.748775
3 0 0 0.921505

1
1 0 0 0.729993

3
1 0 2010 0.915886
2 0 0 0.787569
3 0 0 0.960118

5
1 0 541 0.85792
2 0 0 1.00286
3 0 9016 0.834315
6 0 0 0.767797
7 0 0 0.996048

3
1 0 5825 0.863175
2 0 0 0.856504
3 0 0 1.0904

1
1 0 0 0.800679

7
1 1 1 0.884836
2 0 0 0.974694
3 2 3 0.900415
6 0 6423 0.963161
12 0 0 0.927083
13 0 0 0.992955
7 0 0 0.884521

5
1 1 2 0.816133
2 0 0 0.782774
3 0 4343 0.981753
6 0 0 0.935575
7 0 0 1.04693

5
1 1 2 0.873572
2 0 0 0.790281
3 0 7440 1.04943
6 0 0 1.03433
7 0 0 1.07819

3
1 1 2 0.876894
2 0 0 0.856377
3 0 0 1.08954

3
1 0 5344 0.937795
2 0 0 0.859595
3 0 0 0.940306

5
1 0 4101 0.892871
2 0 3308 0.908074
4 0 0 0.862513
5 0 0 0.988069
3 0 0 1.00549

5
1 1 2 0.89843
2 0 0 0.825561
3 2 2 0.895222
6 0 0 0.89167
7 0 0 0.970341

3
1 1 1 0.929713
2 0 0 0.928462
3 0 0 0.741125

3
1 0 7504 0.912141
2 0 0 0.853012
3 0 0 0.935871

3
1 1 2 0.878569
2 0 0 0.788437
3 0 0 0.985075

5
1 0 8055 0.918164
2 0 0 0.925033
3 2 4 0.93837
6 0 0 0.955623
7 0 0 0.969576

3
1 1 1 0.881503
2 0 0 1.08787
3 0 0 0.863255

3
1 1 2 0.832119
2 0 0 0.849968
3 0 0 0.849272

3
1 1 2 0.869208
2 0 0 0.85741
3 0 0 0.880696

7
1 1 1 0.83563
2 0 0 0.95034
3 0 9649 0.70708
6 0 0 0.726495
7 2 3 0.922136
14 0 0 0.932718
15 0 0 1.13003

3
1 2 3 0.903172
2 0 0 0.928842
3 0 0 0.927883

5
1 1 1 0.963098
2 0 4449 0.997018
4 0 0 1.08399
5 0 0 0.939963
3 0 0 0.759561

3
1 1 2 0.843153
2 0 0 0.829966
3 0 0 0.941959

1
1 0 0 0.824718

5
1 0 4453 0.868285
2 0 1891 0.867547
4 0 0 0.838332
5 0 0 1.01809
3 0 0 1.10877

1
1 0 0 0.781556

3
1 0 53 0.82059
2 0 0 0.894637
3 0 0 0.80031

5
1 1 1 0.810734
2 0 1626 1.09768
4 0 0 1.09277
5 0 0 1.04323
3 0 0 0.770601

3
1 1 1 0.881226
2 0 0 1.00667
3 0 0 0.710199

5
1 1 1 0.886373
2 0 9560 1.043
4 0 0 0.998011
5 0 0 1.04485
3 0 0 0.683069

5
1 1 2 0.873791
2 0 0 0.806189
3 2 2 1.07758
6 0 0 0.907102
7 0 0 1.07297

3
1 1 1 0.922465
2 0 0 1.10287
3 0 0 0.816816

3
1 0 145 0.848597
2 0 0 1.00429
3 0 0 0.805498

5
1 0 5226 0.934726
2 0 0 0.824067
3 1 2 1.03808
6 0 0 1.0881
7 0 0 0.988439

5
1 0 7879 0.840175
2 0 0 0.764248
3 1 1 0.97356
6 0 0 1.035
7 0 0 1.0226

1
1 0 0 0.866339

3
1 1 1 0.834426
2 0 0 1.008
3 0 0 0.766192

3
1 0 2720 0.877633
2 0 0 0.818212
3 0 0 1.0042

5
1 1 2 0.900896
2 0 0 0.781575
3 0 5432 1.04797
6 0 0 1.01051
7 0 0 1.03665

3
1 1 1 0.884857
2 0 0 0.925243
3 0 0 0.83193

3
1 1 1 0.8763
2 0 0 1.01003
3 0 0 0.849429

3
1 1 1 0.851009
2 0 0 0.939346
3 0 0 0.738499

1
1 0 0 0.682439

5
1 0 7943 0.897783
2 1 2 0.942639
4 0 0 0.913814
5 0 0 1.09233
3 0 0 0.955991

3
1 2 4 0.919758
2 0 0 0.931784
3 0 0 0.845864

1
1 0 0 0.763845

3
1 1 1 0.844466
2 0 0 1.01686
3 0 0 0.808138

3
1 1 2 0.871027
2 0 0 0.848539
3 0 0 1.07209

7
1 1 1 0.910438
2 0 9490 1.03981
4 2 2 1.06126
8 0 0 0.988321
9 0 0 1.06436
5 0 0 1.0536
3 0 0 0.833202

3
1 0 2645 0.887505
2 0 0 0.708848
3 0 0 0.906689

3
1 0 8271 0.897984
2 0 0 0.89928
3 0 0 0.89013

3
1 1 2 0.965835
2 0 0 0.816172
3 0 0 1.02384

9
1 1 1 0.823233
2 0 0 1.01508
3 1 2 0.989023
6 0 0 0.882012
7 0 6992 1.02664
14 0 0 1.02848
15 2 3 1.00515
30 0 0 1.00868
31 0 0 1.02209

3
1 1 1 0.888148
2 0 0 0.981645
3 0 0 0.767421

5
1 1 2 0.930725
2 0 0 0.792312
3 2 3 0.962736
6 0 0 0.966381
7 0 0 1.08815

7
1 0 253 0.825317
2 2 4 1.0521
4 0 0 0.965455
5 0 0 0.97001
3 0 366 0.80256
6 0 0 1.09838
7 0 0 0.783409

3
1 0 925 0.869124
2 0 0 0.971949
3 0 0 0.743494

5
1 0 1544 0.85133
2 1 2 0.842469
4 0 0 0.946145
5 0 0 1.06426
3 0 0 1.00186

3
1 1 2 0.951942
2 0 0 0.876713
3 0 0 0.878387

3
1 1 1 0.932386
2 0 0 1.02674
3 0 0 0.922864

3
1 2 4 0.936058
2 0 0 0.935656
3 0 0 1.09961

3
1 0 983 0.865983
2 0 0 0.939413
3 0 0 0.781946

3
1 1 1 0.811471
2 0 0 0.980139
3 0 0 0.867866

3
1 0 9281 0.886333
2 0 0 0.864358
3 0 0 1.17066

3
1 0 252 0.764742
2 0 0 1.21912
3 0 0 0.812885

1
1 0 0 0.773419

3
1 0 3759 0.801594
2 0 0 0.764708
3 0 0 0.808112

3
1 0 2740 0.916333
2 0 0 0.890562
3 0 0 0.86749

3
1 0 8037 0.847473
2 0 0 0.899534
3 0 0 1.04079

5
1 1 1 0.858689
2 2 3 1.03961
4 0 0 1.03247
5 0 0 1.0428
3 0 0 0.848751

3
1 1 1 0.826113
2 0 0 0.919392
3 0 0 0.763803

3
1 0 9068 0.836565
2 0 0 0.898292
3 0 0 0.961658

1
1 0 0 0.813183

3
1 2 3 0.851753
2 0 0 0.777885
3 0 0 1.02471

1
1 0 0 0.776549

3
1 1 1 0.86873
2 0 0 1.03608
3 0 0 0.782332

5
1 0 4792 0.892892
2 2 3 0.880507
4 0 0 0.930587
5 0 0 0.894381
3 0 0 0.904406

3
1 0 1636 0.906759
2 0 0 0.692747
3 0 0 1.03153

3
1 2 1 0.856721
2 0 0 0.92499
3 0 0 0.929551

3
1 0 9515 0.841768
2 0 0 0.772866
3 0 0 1.00843

5
1 1 1 0.880357
2 0 5333 0.926988
4 0 0 1.15654
5 0 0 1.1819
3 0 0 0.629662

3
1 0 9335 0.890056
2 0 0 1.03914
3 0 0 0.890701

3
1 1 1 0.893182
2 0 0 1.0121
3 0 0 0.720932

5
1 1 1 0.99303
2 2 2 0.939639
4 0 0 1.01148
5 0 0 0.894273
3 0 0 0.828532

3
1 1 1 0.956205
2 0 0 0.956373
3 0 0 0.864116

9
1 1 2 0.798196
2 1 1 0.813565
4 0 0 0.912558
5 0 0 0.794971
3 2 1 1.00892
6 0 0 1.06922
7 0 7473 1.00397
14 0 0 0.945987
15 0 0 0.881532

3
1 2 2 0.833636
2 0 0 0.791839
3 0 0 0.908735

3
1 0 9544 0.809079
2 0 0 0.797401
3 0 0 0.988876

5
1 1 1 0.869281
2 0 0 1.09273
3 2 4 0.87849
6 0 0 0.923031
7 0 0 0.880174

5
1 1 2 0.928052
2 0 5597 0.887732
4 0 0 0.74892
5 0 0 0.874423
3 0 0 1.04427

5
1 1 2 0.7902
2 0 3643 0.900616
4 0 0 0.800078
5 0 0 0.99323
3 0 0 1.034

5
1 0 268 1.00477
2 0 0 1.07113
3 2 1 0.887707
6 0 0 0.912504
7 0 0 0.893799

5
1 0 2185 0.885022
2 0 0 0.885778
3 2 1 1.07442
6 0 0 1.03043
7 0 0 1.12399

5
1 0 1539 0.83631
2 0 0 0.875594
3 1 1 1.08622
6 0 0 1.02944
7 0 0 1.01008

3
1 1 2 0.96111
2 0 0 0.84516
3 0 0 0.993409

3
1 2 3 0.966348
2 0 0 0.922611
3 0 0 1.06528

3
1 0 2361 0.927692
2 0 0 0.837831
3 0 0 1.03853

3
1 2 2 0.87018
2 0 0 0.836925
3 0 0 0.896078

5
1 0 7585 0.90676
2 2 2 0.939162
4 0 0 0.979379
5 0 0 1.09526
3 0 0 0.925325

5
1 2 4 0.877701
2 2 2 0.913544
4 0 0 0.764552
5 0 0 0.990274
3 0 0 0.983326

3
1 0 1709 0.909982
2 0 0 0.775651
3 0 0 1.02457

1
1 0 0 0.787852

5
1 0 979 0.799314
2 0 0 1.08457
3 1 2 0.805718
6 0 0 0.762075
7 0 0 1.01326

3
1 1 1 0.962212
2 0 0 1.01078
3 0 0 0.842039

3
1 1 2 0.874366
2 0 0 0.782897
3 0 0 0.955619

5
1 1 2 0.910599
2 0 0 0.737318
3 2 2 0.981161
6 0 0 1.03893
7 0 0 0.954474

3
1 0 812 0.770039
2 0 0 0.989933
3 0 0 0.81477

3
1 1 2 0.855076
2 0 0 0.816173
3 0 0 0.939795

3
1 0 9751 0.806259
2 0 0 0.806859
3 0 0 1.00168

3
1 1 1 0.911423
2 0 0 1.02041
3 0 0 0.886357

3
1 0 4101 0.892871
2 0 0 0.812178
3 0 0 1.00541

3
1 1 2 0.89843
2 0 0 0.794204
3 0 0 1.11082

3
1 1 1 0.929713
2 0 0 1.0654
3 0 0 0.850575

1
1 0 0 0.813032

3
1 1 2 0.861187
2 0 0 0.816541
3 0 0 0.97671

3
1 0 2865 0.962423
2 0 0 0.872629
3 0 0 1.03177

5
1 0 2025 0.825366
2 0 0 0.744165
3 2 4 1.00922
6 0 0 0.980833
7 0 0 0.874451

3
1 1 1 0.852548
2 0 0 0.990079
3 0 0 0.936496

3
1 1 1 0.892343
2 0 0 0.9517
3 0 0 0.682383

3
1 0 7177 0.869977
2 0 0 0.866648
3 0 0 1.02603

1
1 0 0 0.782764

1
1 0 0 0.827978

1
1 0 0 0.854949

7
1 2 2 0.871592
2 0 0 0.824663
3 1 2 0.865214
6 0 0 0.866807
7 0 7127 1.07738
14 0 0 0.935218
15 0 0 0.948123

5
1 0 621 0.947792
2 1 2 1.00965
4 0 0 0.965121
5 0 0 0.985931
3 0 0 0.828793

1
1 0 0 0.784559

5
1 0 7622 0.863659
2 0 2430 0.927268
4 0 0 0.793583
5 0 0 0.961343
3 0 0 0.87569

3
1 0 1283 0.908145
2 0 0 0.969863
3 0 0 0.803771

1
1 0 0 0.971277

3
1 0 8469 0.815245
2 0 0 0.851434
3 0 0 0.983521

5
1 0 3824 0.867247
2 1 1 0.827706
4 0 0 0.993934
5 0 0 0.784138
3 0 0 0.900521

5
1 1 1 0.922465
2 0 1257 1.00487
4 0 0 1.09688
5 0 0 0.841698
3 0 0 0.740228

3
1 2 3 0.910297
2 0 0 0.927131
3 0 0 1.01876

3
1 1 1 0.859258
2 0 0 1.05514
3 0 0 0.757218

1
1 0 0 0.874751

1
1 0 0 0.7795

3
1 1 1 0.834426
2 0 0 0.922522
3 0 0 0.814214

3
1 1 2 0.854302
2 0 0 0.786543
3 0 0 1.08922

3
1 1 2 0.900896
2 0 0 0.721685
3 0 0 0.951991

3
1 1 1 0.884857
2 0 0 1.0517
3 0 0 0.841703

3
1 1 1 0.8763
2 0 0 1.11936
3 0 0 0.694361

5
1 1 1 0.90361
2 0 4245 0.98226
4 0 0 0.916939
5 0 0 0.983553
3 0 0 0.898458

3
1 2 4 0.835536
2 0 0 0.939209
3 0 0 0.933079

3
1 0 7943 0.897783
2 0 0 0.781022
3 0 0 1.08156

5
1 0 7313 0.793068
2 0 0 0.798816
3 0 7592 1.01463
6 0 0 1.14103
7 0 0 0.985278

3
1 2 4 0.862029
2 0 0 0.831702
3 0 0 0.954155

3
1 1 2 0.827777
2 0 0 0.770518
3 0 0 0.95517

1
1 0 0 0.788999

3
1 1 1 0.910438
2 0 0 0.971572
3 0 0 0.765934

3
1 0 3467 0.951528
2 0 0 0.928861
3 0 0 0.910775

5
1 0 6070 0.857777
2 0 0 0.842886
3 2 1 0.964432
6 0 0 1.1515
7 0 0 0.94507

3
1 1 2 0.965835
2 0 0 0.730927
3 0 0 1.03724

3
1 1 1 0.823233
2 0 0 1.07658
3 0 0 0.732441

3
1 1 2 0.842337
2 0 0 0.882822
3 0 0 0.941524

5
1 0 1728 0.958104
2 0 0 0.741132
3 2 3 1.09026
6 0 0 1.10972
7 0 0 1.06657

1
1 0 0 0.74236

3
1 1 1 0.889672
2 0 0 0.995921
3 0 0 0.800989

5
1 2 4 0.898163
2 0 9781 0.859635
4 0 0 0.842396
5 0 0 1.01919
3 0 0 0.982836

3
1 0 7441 0.943845
2 0 0 0.984118
3 0 0 0.984939

1
1 0 0 0.849613

5
1 0 2534 0.930979
2 0 0 0.828621
3 0 2808 1.01827
6 0 0 1.07834
7 0 0 0.982877

3
1 2 4 0.885158
2 0 0 0.907418
3 0 0 0.911327

3
1 1 1 0.811471
2 0 0 1.05084
3 0 0 0.782838

5
1 1 1 0.884235
2 0 0 0.94508
3 0 9329 0.887192
6 0 0 0.797329
7 0 0 0.985834

3
1 0 652 0.872397
2 0 0 1.01087
3 0 0 0.840547

5
1 0 677 0.797023
2 0 0 0.985744
3 1 1 0.850087
6 0 0 0.953637
7 0 0 0.737606

3
1 1 2 0.870085
2 0 0 0.740749
3 0 0 0.867665

5
1 1 2 0.89224
2 1 1 0.79292
4 0 0 0.962554
5 0 0 0.812626
3 0 0 1.05616

3
1 1 2 0.86313
2 0 0 0.806289
3 0 0 0.849209

5
1 1 1 0.858689
2 0 0 1.01169
3 1 2 0.832242
6 0 0 0.79705
7 0 0 1.01435

5
1 1 1 0.826113
2 2 2 1.09391
4 0 0 1.07423
5 0 0 1.07655
3 0 0 0.760006

3
1 1 2 0.857899
2 0 0 0.758962
3 0 0 0.932276

3
1 1 1 0.855703
2 0 0 0.904171
3 0 0 0.798421

3
1 0 5176 0.874029
2 0 0 0.820789
3 0 0 0.945297

3
1 1 1 0.909969
2 0 0 0.962094
3 0 0 0.696157

7
1 0 862 0.943935
2 0 0 1.05166
3 1 1 0.900194
6 2 3 0.932935
12 0 0 1.13423
13 0 0 0.967842
7 0 0 0.805214

5
1 1 2 0.901726
2 0 0 0.860642
3 2 2 1.0093
6 0 0 0.937198
7 0 0 1.06475

5
1 1 2 0.949424
2 0 0 0.82138
3 0 6717 1.05287
6 0 0 1.01011
7 0 0 0.998566

3
1 0 7766 0.833511
2 0 0 0.875781
3 0 0 1.03739

3
1 1 1 0.834585
2 0 0 0.960038
3 0 0 0.890821

3
1 1 1 0.880357
2 0 0 0.861696
3 0 0 0.766321

7
1 0 8849 0.854305
2 0 0 0.814898
3 0 9217 1.11469
6 0 0 1.0017
7 1 2 0.93057
14 0 0 1.14315
15 0 0 0.97749

3
1 2 2 0.825101
2 0 0 0.860382
3 0 0 0.774966

3
1 0 4091 0.934595
2 0 0 0.930809
3 0 0 1.00137

3
1 0 7215 0.874668
2 0 0 0.803247
3 0 0 0.959545

5
1 1 1 0.90666
2 2 2 0.938669
4 0 0 0.959543
5 0 0 0.958279
3 0 0 0.756265

3
1 0 8799 0.887523
2 0 0 0.888203
3 0 0 0.99672

5
1 1 2 0.901505
2 0 0 0.785716
3 0 307 0.937642
6 0 0 1.01092
7 0 0 0.965504

3
1 1 1 0.869281
2 0 0 1.03156
3 0 0 0.683726

5
1 2 4 0.92378
2 2 1 0.914254
4 0 0 0.997465
5 0 0 0.954938
3 0 0 0.934125

3
1 1 1 0.874341
2 0 0 0.867087
3 0 0 0.799603

3
1 0 3286 0.964069
2 0 0 0.886587
3 0 0 0.953353

1
1 0 0 0.773259

3
1 0 1539 0.83631
2 0 0 0.81797
3 0 0 0.988818

3
1 0 6629 0.879588
2 0 0 0.885341
3 0 0 0.992491

3
1 0 3378 0.892656
2 0 0 0.962698
3 0 0 0.936955

3
1 0 2361 0.927692
2 0 0 0.93282
3 0 0 0.973004

7
1 1 2 0.890038
2 0 1761 0.870464
4 2 4 0.816761
8 0 0 0.729759
9 0 0 0.926817
5 0 0 0.968081
3 0 0 0.918492

3
1 1 2 0.902152
2 0 0 0.826086
3 0 0 1.02823

3
1 1 1 0.875564
2 0 0 0.966143
3 0 0 0.825226

3
1 0 1709 0.909982
2 0 0 0.761243
3 0 0 1.07183

3
1 1 1 0.995569
2 0 0 0.980253
3 0 0 1.01374

3
1 0 979 0.799314
2 0 0 1.16412
3 0 0 0.891423

3
1 1 2 0.895038
2 0 0 0.69475
3 0 0 1.0037

3
1 1 1 0.873393
2 0 0 1.11701
3 0 0 0.854706

1
1 0 0 0.849044

7
1 1 2 0.799417
2 1 1 0.880216
4 0 0 0.869391
5 0 0 0.777055
3 2 4 0.987169
6 0 0 0.974492
7 0 0 1.00009

7
1 1 2 0.881559
2 2 3 0.98264
4 0 0 0.89211
5 2 4 0.884894
10 0 0 1.00877
11 0 0 0.855666
3 0 0 0.957529

3
1 1 2 0.841431
2 0 0 0.723315
3 0 0 1.11954

5
1 1 2 0.843003
2 0 0 0.891162
3 2 2 1.06683
6 0 0 1.02682
7 0 0 1.09487

3
1 1 2 0.841474
2 0 0 0.795342
3 0 0 0.976281

3
1 0 8386 0.889672
2 0 0 0.832951
3 0 0 0.940963

3
1 0 9662 0.875728
2 0 0 0.706532
3 0 0 1.12022

5
1 2 4 0.962909
2 1 2 0.959659
4 0 0 0.857465
5 0 0 1.00593
3 0 0 0.999535

3
1 0 907 0.83976
2 0 0 1.05606
3 0 0 0.790816

5
1 1 1 0.794499
2 0 0 0.989221
3 2 1 0.819576
6 0 0 0.857371
7 0 0 0.915759

7
1 0 2025 0.825366
2 0 852 0.84024
4 0 0 0.965708
5 0 0 0.769559
3 1 2 1.00666
6 0 0 0.954251
7 0 0 1.06621

1
1 0 0 0.856886

5
1 1 1 0.892343
2 2 3 0.945021
4 0 0 1.15407
5 0 0 0.930113
3 0 0 0.770635

7
1 0 2874 0.911394
2 0 941 0.93885
4 0 793 0.995008
8 0 0 1.00948
9 0 0 0.941525
5 0 0 0.871146
3 0 0 1.07989

3
1 0 9844 0.814649
2 0 0 0.862399
3 0 0 0.949863

3
1 1 1 0.871805
2 0 0 0.993567
3 0 0 0.809191

3
1 1 2 0.84648
2 0 0 0.857513
3 0 0 0.930683

3
1 1 1 0.838764
2 0 0 1.0377
3 0 0 0.815889

3
1 0 2524 0.832083
2 0 0 0.845944
3 0 0 1.00324

5
1 0 5680 0.839714
2 0 0 0.778168
3 0 6796 0.940304
6 0 0 0.917455
7 0 0 0.980534

5
1 0 7622 0.863659
2 0 286 0.86194
4 0 0 1.06588
5 0 0 0.863178
3 0 0 0.914821

1
1 0 0 0.739322

5
1 1 2 0.828404
2 0 0 0.814369
3 2 4 0.935844
6 0 0 0.844085
7 0 0 0.988267

3
1 0 7705 0.78692
2 0 0 0.720957
3 0 0 0.940587

1
1 0 0 0.918926

3
1 1 1 0.922465
2 0 0 0.945032
3 0 0 0.768699

3
1 1 1 0.838909
2 0 0 0.928962
3 0 0 0.772354

3
1 1 2 0.969239
2 0 0 0.742569
3 0 0 0.995787

3
1 0 2588 0.828983
2 0 0 0.831698
3 0 0 1.16767

3
1 1 1 0.837742
2 0 0 1.06269
3 0 0 0.884463

9
1 1 2 0.794885
2 0 0 0.837006
3 2 2 0.9663
6 0 0 0.931417
7 0 7639 0.950079
14 0 0 0.994137
15 2 4 1.08138
30 0 0 0.976309
31 0 0 0.897297

5
1 1 2 0.854302
2 0 963 0.919264
4 0 0 1.00218
5 0 0 0.797465
3 0 0 0.971715

5
1 1 2 0.900896
2 0 0 0.805091
3 2 1 0.979871
6 0 0 1.01154
7 0 0 0.936133

1
1 0 0 0.779003

3
1 1 1 0.8763
2 0 0 0.908369
3 0 0 0.743647

1
1 0 0 0.966181

5
1 1 1 0.829332
2 0 1425 0.876343
4 0 0 1.0815
5 0 0 0.89488
3 0 0 0.721535

1
1 0 0 0.792975

3
1 0 7575 0.880209
2 0 0 0.912938
3 0 0 0.912197

5
1 1 2 0.881007
2 0 0 0.818656
3 2 3 0.949781
6 0 0 0.832072
7 0 0 0.997122

3
1 0 4337 0.846846
2 0 0 0.812425
3 0 0 0.948717

5
1 1 1 0.882123
2 2 3 0.979251
4 0 0 0.82991
5 0 0 0.993159
3 0 0 0.83282

7
1 1 1 0.910438
2 0 574 0.949479
4 0 0 1.02122
5 0 4504 0.925053
10 0 0 0.88252
11 0 0 0.895766
3 0 0 0.748653

3
1 0 7971 0.873995
2 0 0 0.826982
3 0 0 1.02273

7
1 1 2 0.821106
2 1 1 0.84464
4 0 0 1.0117
5 0 0 0.902534
3 0 7616 1.08046
6 0 0 0.966463
7 0 0 1.1429

3
1 1 1 0.898688
2 0 0 1.05131
3 0 0 0.798754

1
1 0 0 0.840888

3
1 0 9725 0.781959
2 0 0 0.805933
3 0 0 0.936722

5
1 0 5299 0.915486
2 1 1 0.980674
4 0 0 1.01471
5 0 0 0.737465
3 0 0 0.945956

3
1 2 4 0.85157
2 0 0 0.838406
3 0 0 0.892566

3
1 1 1 0.863089
2 0 0 1.08283
3 0 0 0.806424

1
1 0 0 0.865581

1
1 0 0 0.792372

5
1 0 9400 0.872519
2 0 0 0.773864
3 2 4 0.90233
6 0 0 0.920887
7 0 0 0.797332

3
1 0 1751 0.877748
2 0 0 0.729377
3 0 0 1.11987

3
1 0 6503 0.880945
2 0 0 0.893729
3 0 0 1.05348

3
1 1 1 0.811471
2 0 0 0.882761
3 0 0 0.878854

3
1 1 1 0.884235
2 0 0 0.962762
3 0 0 0.71874

3
1 1 2 0.837517
2 0 0 0.761888
3 0 0 1.01964

3
1 1 2 0.921848
2 0 0 0.852317
3 0 0 1.02678

3
1 1 1 0.900308
2 0 0 1.22902
3 0 0 0.854803

3
1 2 2 0.901728
2 0 0 0.803956
3 0 0 0.94841

1
1 0 0 0.818528

3
1 0 537 0.857772
2 0 0 1.00027
3 0 0 0.774668

3
1 1 1 0.826113
2 0 0 1.10503
3 0 0 0.84068

3
1 1 2 0.857899
2 0 0 0.800253
3 0 0 1.01231

3
1 0 4617 0.867012
2 0 0 0.936774
3 0 0 1.02496

1
1 0 0 0.829786

3
1 1 1 0.909969
2 0 0 1.06284
3 0 0 0.673817

3
1 1 1 0.751396
2 0 0 0.838523
3 0 0 0.756438

3
1 1 2 0.922853
2 0 0 0.815206
3 0 0 0.954815

3
1 0 471 0.818622
2 0 0 1.07738
3 0 0 0.785

3
1 1 1 0.788906
2 0 0 1.08731
3 0 0 0.847932

1
1 0 0 0.816526

5
1 1 1 0.819135
2 0 1309 1.06353
4 0 0 0.965162
5 0 0 1.04453
3 0 0 0.819384

3
1 1 1 0.848343
2 0 0 0.860347
3 0 0 0.834663

3
1 0 809 0.876673
2 0 0 0.942576
3 0 0 0.826706

1
1 0 0 0.836232

3
1 1 1 0.826444
2 0 0 0.934258
3 0 0 0.918391

3
1 1 1 0.90666
2 0 0 1.03494
3 0 0 0.844477

1
1 0 0 0.931472

3
1 1 2 0.858701
2 0 0 0.774012
3 0 0 0.946739

3
1 1 1 0.869281
2 0 0 1.13204
3 0 0 0.784833

3
1 1 1 0.843271
2 0 0 0.97745
3 0 0 0.800188

1
1 0 0 0.803887

5
1 1 1 0.908186
2 2 2 1.0687
4 0 0 0.952406
5 0 0 0.934501
3 0 0 0.844109

1
1 0 0 0.795547

1
1 0 0 0.783216

3
1 1 1 0.792978
2 0 0 1.00811
3 0 0 0.777545

3
1 0 3378 0.892656
2 0 0 0.838805
3 0 0 0.973225

3
1 1 1 0.79632
2 0 0 0.929478
3 0 0 0.785359

5
1 1 1 0.786789
2 2 1 0.875712
4 0 0 0.991829
5 0 0 0.975822
3 0 0 0.797647

3
1 0 2654 0.919089
2 0 0 0.892163
3 0 0 0.940172

7
1 1 1 0.876806
2 0 0 0.912371
3 2 4 0.803458
6 0 0 0.808462
7 1 2 0.96919
14 0 0 0.933259
15 0 0 1.07028

3
1 0 1709 0.909982
2 0 0 0.771959
3 0 0 1.03972

3
1 1 1 0.968573
2 0 0 0.952798
3 0 0 0.906974

7
1 0 3940 0.923031
2 1 2 0.904302
4 0 0 0.822935
5 0 0 0.918727
3 2 1 1.01158
6 0 0 0.936059
7 0 0 0.942456

5
1 2 4 0.886793
2 1 1 0.965558
4 0 0 1.06154
5 0 0 0.973619
3 0 0 1.08961

1
1 0 0 0.88917

5
1 0 2721 0.932172
2 0 666 0.859086
4 0 0 1.13403
5 0 0 0.781586
3 0 0 0.988645

3
1 1 2 0.799417
2 0 0 0.812293
3 0 0 0.939785

1
1 0 0 0.8437

3
1 2 1 1.04443
2 0 0 0.902888
3 0 0 1.01279

7
1 2 3 0.881002
2 1 1 0.898109
4 0 0 0.900361
5 0 0 0.845937
3 0 8341 0.919901
6 0 0 1.07253
7 0 0 0.895571

3
1 1 2 0.841474
2 0 0 0.792093
3 0 0 0.956511

3
1 1 1 0.870029
2 0 0 0.995099
3 0 0 0.867111

1
1 0 0 0.794007

5
1 0 5278 0.794495
2 0 0 0.747596
3 2 3 0.991876
6 0 0 0.973845
7 0 0 1.0307

3
1 0 8208 0.788502
2 0 0 0.810568
3 0 0 1.02972

1
1 0 0 0.783845

3
1 0 2025 0.825366
2 0 0 0.793514
3 0 0 0.973147

1
1 0 0 0.702743

3
1 1 2 0.827503
2 0 0 0.756516
3 0 0 1.04927

7
1 0 2874 0.911394
2 2 4 0.853895
4 0 789 0.847565
8 0 0 1.01951
9 0 0 0.831904
5 0 0 1.01797
3 0 0 1.01094

3
1 0 9849 0.913357
2 0 0 0.916835
3 0 0 0.950451

3
1 1 1 0.871805
2 0 0 1.03846
3 0 0 0.928002

3
1 0 59 0.8845
2 0 0 0.890564
3 0 0 0.887295

5
1 1 1 0.838764
2 0 0 1.02305
3 0 2192 0.933414
6 0 0 0.884073
7 0 0 0.955519

5
1 0 7445 0.880475
2 0 0 0.931517
3 1 1 0.968133
6 0 0 0.917053
7 0 0 1.02003

5
1 1 1 0.843885
2 0 6778 0.980411
4 0 0 1.03762
5 0 0 0.977108
3 0 0 0.771238

3
1 0 760 0.779882
2 0 0 1.09613
3 0 0 0.764044

1
1 0 0 0.903595

3
1 1 2 0.921187
2 0 0 0.817217
3 0 0 0.91599

1
1 0 0 0.904279

7
1 1 2 0.835338
2 0 0 0.789675
3 2 3 0.978785
6 0 0 1.01051
7 0 3460 1.07445
14 0 0 1.06454
15 0 0 1.07432

1
1 0 0 0.969039

3
1 1 1 0.773947
2 0 0 0.972684
3 0 0 0.839235

1
1 0 0 0.868975

3
1 0 1718 0.85559
2 0 0 0.778594
3 0 0 0.878719

3
1 1 1 0.837742
2 0 0 0.923781
3 0 0 0.799054

3
1 0 7780 0.906055
2 0 0 0.741983
3 0 0 1.00722

7
1 0 9269 0.831786
2 0 0 0.821195
3 0 9598 1.02419
6 0 0 1.01359
7 1 1 1.05822
14 0 0 1.05515
15 0 0 1.07774

3
1 1 2 0.900896
2 0 0 0.691921
3 0 0 0.950607

3
1 1 2 0.882018
2 0 0 0.847628
3 0 0 1.06783

3
1 1 1 0.793185
2 0 0 1.01097
3 0 0 0.7634

5
1 1 1 0.902485
2 0 0 1.04505
3 0 7218 0.833601
6 0 0 0.838382
7 0 0 1.0798

3
1 1 1 0.829332
2 0 0 0.898296
3 0 0 0.76906

3
1 1 1 0.960866
2 0 0 1.01971
3 0 0 0.807687

3
1 0 3202 0.945466
2 0 0 0.843353
3 0 0 0.997869

3
1 1 2 0.881007
2 0 0 0.757631
3 0 0 0.976098

3
1 1 2 0.782908
2 0 0 0.839233
3 0 0 1.09575

5
1 0 5724 0.900365
2 0 0 0.922651
3 0 7875 0.972024
6 0 0 0.949255
7 0 0 0.988972

3
1 1 1 0.910438
2 0 0 0.981269
3 0 0 0.813237

1
1 0 0 0.781367

5
1 1 2 0.821106
2 0 0 0.762875
3 2 1 1.06017
6 0 0 0.945989
7 0 0 1.05623

5
1 0 3649 0.897292
2 0 0 0.852433
3 1 2 0.896495
6 0 0 0.838936
7 0 0 0.912211

3
1 2 2 0.872037
2 0 0 0.918625
3 0 0 0.922162

3
1 1 2 0.887846
2 0 0 0.717733
3 0 0 0.963437

5
1 2 4 0.930641
2 0 1568 0.921373
4 0 0 0.791249
5 0 0 1.02418
3 0 0 0.881157

1
1 0 0 0.717252

3
1 1 1 0.863089
2 0 0 1.00424
3 0 0 0.737158

3
1 0 9307 0.816957
2 0 0 0.792934
3 0 0 0.967523

3
1 1 1 0.855423
2 0 0 1.04257
3 0 0 0.796837

3
1 0 9590 0.743448
2 0 0 0.728881
3 0 0 1.01762

5
1 1 1 0.959198
2 2 1 0.94639
4 0 0 0.95606
5 0 0 0.933102
3 0 0 0.825197

7
1 0 5707 0.845609
2 1 1 0.907937
4 0 0 0.943854
5 0 707 0.843187
10 0 0 1.02144
11 0 0 0.835559
3 0 0 0.810821

3
1 0 2580 0.963227
2 0 0 0.800465
3 0 0 1.04284

5
1 1 1 0.884235
2 0 2799 1.01107
4 0 0 1.08296
5 0 0 0.963507
3 0 0 0.76598

5
1 1 1 0.880378
2 0 2483 1.02368
4 0 0 1.01458
5 0 0 1.00831
3 0 0 0.801723

7
1 0 4157 0.889352
2 0 0 0.782794
3 0 6331 1.02839
6 0 0 0.94101
7 1 1 1.01132
14 0 0 1.10172
15 0 0 0.987077

3
1 0 6612 0.797965
2 0 0 0.901081
3 0 0 0.965756

5
1 1 1 0.794588
2 0 3627 0.905275
4 0 0 0.981471
5 0 0 0.902927
3 0 0 0.759268

7
1 1 1 0.814509
2 0 1630 1.04392
4 0 0 1.04485
5 0 0 0.992952
3 1 2 0.87782
6 0 0 0.730683
7 0 0 1.13175

5
1 2 1 0.914059
2 0 9844 0.942761
4 0 0 0.881096
5 0 0 0.979364
3 0 0 0.854701

5
1 0 9841 0.864947
2 0 0 0.883743
3 2 1 1.00932
6 0 0 1.08332
7 0 0 1.0233

5
1 1 1 0.896661
2 2 3 1.05333
4 0 0 1.08534
5 0 0 0.993276
3 0 0 0.741094

7
1 1 1 0.929865
2 2 1 1.00144
4 0 0 0.965773
5 0 1002 0.974088
10 0 0 1.04511
11 0 0 0.946868
3 0 0 0.875262

3
1 1 2 0.855861
2 0 0 0.826506
3 0 0 1.12079

3
1 1 1 0.909969
2 0 0 0.947143
3 0 0 0.881816

1
1 0 0 0.761148

7
1 1 2 0.971118
2 1 1 0.905821
4 0 0 0.958846
5 0 0 0.829437
3 2 2 0.995919
6 0 0 0.929396
7 0 0 1.03773

3
1 2 3 0.799194
2 0 0 0.78577
3 0 0 0.875974

3
1 1 1 0.788906
2 0 0 1.01658
3 0 0 0.823994

7
1 1 1 0.859249
2 2 2 1.01071
4 0 0 0.966191
5 0 7516 1.05492
10 0 0 1.00723
11 0 0 1.07185
3 0 0 0.861379

3
1 1 1 0.819135
2 0 0 0.884283
3 0 0 0.774445

3
1 0 64 0.790571
2 0 0 0.944168
3 0 0 0.773227

5
1 1 1 0.949785
2 0 249 1.1013
4 0 0 0.905156
5 0 0 1.03373
3 0 0 0.784296

7
1 1 2 0.892771
2 0 9490 0.888875
4 0 0 0.929141
5 0 0 1.00115
3 2 3 1.06269
6 0 0 1.01671
7 0 0 0.957477

3
1 1 1 0.826444
2 0 0 0.962792
3 0 0 0.860263

3
1 1 1 0.862244
2 0 0 0.926128
3 0 0 0.816508

5
1 0 1778 0.866493
2 0 0 0.812874
3 2 2 1.03816
6 0 0 1.02152
7 0 0 1.00428

3
1 1 2 0.898516
2 0 0 0.764743
3 0 0 0.943845

5
1 1 1 0.869281
2 2 4 0.966266
4 0 0 1.02087
5 0 0 1.04671
3 0 0 0.861333

1
1 0 0 0.777911

3
1 1 2 0.835962
2 0 0 0.920534
3 0 0 1.01457

3
1 0 8268 0.752874
2 0 0 0.819545
3 0 0 0.956165

1
1 0 0 0.767058

1
1 0 0 0.812005

5
1 0 4115 0.875632
2 0 0 0.785659
3 1 2 1.02886
6 0 0 1.08024
7 0 0 0.933878

1
1 0 0 0.908808

3
1 1 1 0.79632
2 0 0 0.995949
3 0 0 0.821749

3
1 1 1 0.786789
2 0 0 1.02317
3 0 0 0.744075

1
1 0 0 0.803189

5
1 1 1 0.876806
2 2 2 0.982082
4 0 0 0.999497
5 0 0 0.860602
3 0 0 0.81701

3
1 0 1709 0.909982
2 0 0 0.771648
3 0 0 1.12697

3
1 1 1 0.932994
2 0 0 1.08133
3 0 0 0.776813

5
1 1 2 0.903219
2 0 0 0.740971
3 0 7864 0.956986
6 0 0 0.920616
7 0 0 0.964933

3
1 2 4 0.886793
2 0 0 0.953706
3 0 0 0.942155

5
1 0 339 0.801472
2 0 70 1.11737
4 0 0 1.01026
5 0 0 1.10886
3 0 0 0.849127

3
1 0 4304 0.884282
2 0 0 0.86203
3 0 0 1.006

3
1 0 67 0.886664
2 0 0 0.984443
3 0 0 0.844127

5
1 0 6589 0.919425
2 0 0 0.899632
3 1 2 0.976358
6 0 0 0.903154
7 0 0 1.04549

3
1 2 3 0.896564
2 0 0 0.925175
3 0 0 0.939733

1
1 0 0 0.904949

3
1 1 2 0.896145
2 0 0 0.885569
3 0 0 0.925866

5
1 2 1 0.767844
2 1 1 0.878391
4 0 0 0.958702
5 0 0 0.908708
3 0 0 0.799968

5
1 1 2 0.894748
2 0 0 0.839667
3 2 4 0.910363
6 0 0 0.904204
7 0 0 0.959531

3
1 0 338 0.826114
2 0 0 0.908273
3 0 0 0.820249

7
1 1 2 0.83619
2 1 1 0.855362
4 0 1802 0.97929
8 0 0 1.07487
9 0 0 1.01287
5 0 0 0.820024
3 0 0 1.0001

5
1 1 1 0.890088
2 2 3 1.18042
4 0 0 1.12085
5 0 0 1.00581
3 0 0 0.802684

3
1 0 2025 0.825366
2 0 0 0.753205
3 0 0 1.09108

5
1 0 9470 0.826888
2 0 0 0.838548
3 0 9675 1.02432
6 0 0 0.955633
7 0 0 0.933122

5
1 2 4 0.862897
2 0 0 0.947284
3 1 1 0.978463
6 0 0 1.08213
7 0 0 1.06062

3
1 1 2 0.891699
2 0 0 0.772191
3 0 0 0.985349

3
1 0 9849 0.913357
2 0 0 0.809263
3 0 0 1.06272

3
1 0 9043 0.906297
2 0 0 0.69111
3 0 0 1.03095

3
1 1 1 0.907219
2 0 0 0.957319
3 0 0 0.832447

3
1 1 2 0.901462
2 0 0 0.882879
3 0 0 0.934966

3
1 0 5209 0.817327
2 0 0 0.738761
3 0 0 0.914092

5
1 1 1 0.843885
2 2 4 0.996788
4 0 0 1.01556
5 0 0 0.913112
3 0 0 0.786446

3
1 1 2 0.872953
2 0 0 0.686703
3 0 0 0.819706

3
1 1 1 0.887012
2 0 0 1.01537
3 0 0 0.842463

3
1 0 7599 0.93191
2 0 0 0.903583
3 0 0 0.981059

3
1 2 2 0.94232
2 0 0 0.896563
3 0 0 1.06223

5
1 1 1 0.949177
2 0 0 1.0905
3 1 2 0.872482
6 0 0 0.754984
7 0 0 1.1664

3
1 1 1 0.788038
2 0 0 0.880334
3 0 0 0.790818

3
1 1 1 0.938405
2 0 0 1.03584
3 0 0 0.847624

3
1 1 2 0.845859
2 0 0 0.802576
3 0 0 0.873591

7
1 2 4 0.93417
2 0 1359 0.946052
4 0 0 0.809673
5 0 0 0.971682
3 0 9239 1.04094
6 0 0 1.08425
7 0 0 1.03875

3
1 1 2 0.81984
2 0 0 0.804114
3 0 0 0.915752

3
1 1 2 0.819421
2 0 0 0.8851
3 0 0 0.981554

3
1 1 1 0.815486
2 0 0 0.994331
3 0 0 0.732379

5
1 0 8970 0.894839
2 0 0 0.838748
3 1 2 1.00469
6 0 0 0.955352
7 0 0 1.0424

3
1 1 2 0.882018
2 0 0 0.953061
3 0 0 1.06848

3
1 0 8682 0.84927
2 0 0 1.01343
3 0 0 0.868172

3
1 2 3 0.907125
2 0 0 0.798877
3 0 0 0.927255

1
1 0 0 0.730636

5
1 1 1 0.960866
2 2 2 1.01524
4 0 0 0.882474
5 0 0 0.966034
3 0 0 0.798653

3
1 0 3202 0.945466
2 0 0 0.822825
3 0 0 0.979925

3
1 2 3 0.853563
2 0 0 0.907517
3 0 0 1.00248

3
1 1 2 0.912143
2 0 0 0.81681
3 0 0 1.04753

7
1 2 4 0.880334
2 2 2 0.867926
4 0 0 0.76944
5 0 0 1.06567
3 0 1664 0.966653
6 0 0 0.939413
7 0 0 0.992997

3
1 1 1 0.88682
2 0 0 0.945373
3 0 0 0.816636

3
1 0 5477 0.830975
2 0 0 0.841495
3 0 0 0.872781

1
1 0 0 0.875391

3
1 1 1 0.941939
2 0 0 0.954065
3 0 0 0.803807

3
1 0 3766 0.905023
2 0 0 0.839887
3 0 0 0.982054

3
1 1 2 0.845579
2 0 0 0.809805
3 0 0 0.943764

1
1 0 0 0.923416

3
1 0 584 0.794409
2 0 0 1.0239
3 0 0 0.826604

3
1 0 7713 0.861348
2 0 0 0.746203
3 0 0 1.03904

3
1 0 9766 0.801964
2 0 0 0.782238
3 0 0 1.02838

3
1 0 700 0.760219
2 0 0 1.01268
3 0 0 0.76533

5
1 1 2 0.840976
2 0 0 0.909515
3 0 1772 0.929598
6 0 0 0.973518
7 0 0 0.87121

3
1 0 239 0.808848
2 0 0 0.981146
3 0 0 0.840846

3
1 1 2 0.851489
2 0 0 0.87752
3 0 0 0.887815

1
1 0 0 0.733095

7
1 0 3263 0.897159
2 0 0 0.83466
3 2 4 1.03087
6 0 0 0.991778
7 0 5263 1.06547
14 0 0 1.14462
15 0 0 1.06833

5
1 1 1 0.880378
2 0 7235 0.966411
4 0 0 0.893967
5 0 0 1.05342
3 0 0 0.806785

3
1 0 751 0.913209
2 0 0 1.01177
3 0 0 0.883158

3
1 1 2 0.77703
2 0 0 0.811428
3 0 0 0.992709

3
1 1 1 0.794588
2 0 0 0.896362
3 0 0 0.711168

3
1 1 1 0.814509
2 0 0 1.02189
3 0 0 0.779494

5
1 0 80 0.736088
2 1 1 0.929607
4 0 0 0.975966
5 0 0 1.00768
3 0 0 0.725035

3
1 0 414 1.01876
2 0 0 1.02928
3 0 0 0.914223

3
1 1 1 0.936945
2 0 0 1.03524
3 0 0 0.76686

3
1 0 7703 0.849161
2 0 0 0.79215
3 0 0 1.03691

3
1 1 2 0.855861
2 0 0 0.926854
3 0 0 1.15495

3
1 1 2 0.875799
2 0 0 0.845438
3 0 0 1.00659

3
1 1 1 0.953265
2 0 0 0.908672
3 0 0 0.745441

3
1 1 2 0.971118
2 0 0 0.772825
3 0 0 0.932603

7
1 0 6528 0.791081
2 0 0 0.929133
3 2 1 0.999074
6 0 9360 0.923327
12 0 0 1.09522
13 0 0 1.04299
7 0 0 0.934128

5
1 1 1 0.788906
2 0 0 1.03889
3 0 3641 0.934465
6 0 0 0.805074
7 0 0 1.00108

3
1 1 2 0.798626
2 0 0 0.843066
3 0 0 0.978101

3
1 1 1 0.819135
2 0 0 1.00072
3 0 0 0.805918

1
1 0 0 0.802849

5
1 1 1 0.949785
2 2 1 1.05319
4 0 0 1.05788
5 0 0 0.988159
3 0 0 0.809106

3
1 1 2 0.892771
2 0 0 0.850269
3 0 0 1.01715

5
1 0 5172 0.81939
2 0 1582 0.836621
4 0 0 0.785452
5 0 0 0.994758
3 0 0 0.949128

3
1 1 1 0.862244
2 0 0 0.986939
3 0 0 0.717176

3
1 0 1778 0.866493
2 0 0 0.687576
3 0 0 0.97957

3
1 1 2 0.898516
2 0 0 0.835918
3 0 0 0.915411

3
1 1 1 0.905736
2 0 0 0.936651
3 0 0 0.804352

5
1 1 1 0.870147
2 0 0 1.04262
3 0 407 0.859275
6 0 0 0.958176
7 0 0 0.776596

3
1 1 2 0.809553
2 0 0 0.838724
3 0 0 0.993621

3
1 1 1 0.896362
2 0 0 0.996056
3 0 0 0.805678

3
1 0 8562 0.861451
2 0 0 0.85027
3 0 0 1.02328

3
1 0 8877 0.827735
2 0 0 0.847265
3 0 0 0.902575

5
1 2 4 0.821033
2 0 1861 0.870975
4 0 0 0.763668
5 0 0 1.16656
3 0 0 0.970488

1
1 0 0 0.697363

3
1 1 1 0.79632
2 0 0 1.01648
3 0 0 0.804095

3
1 0 2426 0.891974
2 0 0 0.866229
3 0 0 0.891932

3
1 2 2 0.953116
2 0 0 0.903761
3 0 0 0.997433

3
1 1 1 0.77511
2 0 0 0.946909
3 0 0 0.770869

7
1 0 583 0.760433
2 0 241 0.970535
4 0 61 1.00472
8 0 0 0.951732
9 0 0 1.01734
5 0 0 1.03692
3 0 0 0.802288

3
1 0 175 0.737226
2 0 0 1.06629
3 0 0 0.776486

3
1 0 18 0.801564
2 0 0 0.903576
3 0 0 0.780661

3
1 1 1 0.873661
2 0 0 1.12526
3 0 0 0.853639

3
1 2 4 0.798766
2 0 0 0.851706
3 0 0 0.883056

5
1 1 1 0.867862
2 0 0 0.87242
3 1 2 0.876939
6 0 0 0.845838
7 0 0 0.830969

3
1 0 1298 0.872512
2 0 0 0.965277
3 0 0 0.818444

3
1 1 1 0.828095
2 0 0 1.07853
3 0 0 0.752806

3
1 1 2 0.943447
2 0 0 0.854245
3 0 0 0.965611

9
1 2 4 0.936696
2 0 1486 0.890455
4 0 0 0.800023
5 0 0 1.10009
3 1 2 0.977212
6 0 0 0.94114
7 0 466 0.975737
14 0 0 1.05756
15 0 0 0.977669

3
1 0 9749 0.837959
2 0 0 0.834183
3 0 0 0.937757

7
1 1 2 0.836082
2 1 1 0.863417
4 0 0 1.10178
5 2 3 0.888873
10 0 0 0.881366
11 0 0 1.01366
3 0 0 0.874682

5
1 1 2 0.894748
2 0 0 0.754181
3 0 46 1.01017
6 0 0 0.953731
7 0 0 1.05026

1
1 0 0 0.978722

3
1 1 2 0.83619
2 0 0 0.809708
3 0 0 1.01624

3
1 1 1 0.862671
2 0 0 0.962231
3 0 0 0.743987

3
1 0 2025 0.825366
2 0 0 0.803328
3 0 0 1.04021

3
1 0 9470 0.826888
2 0 0 0.821332
3 0 0 1.01474

3
1 1 1 0.906619
2 0 0 1.10392
3 0 0 0.838835

3
1 0 4296 0.87147
2 0 0 0.906612
3 0 0 0.986034

5
1 1 1 0.931653
2 0 6349 0.998958
4 0 0 0.992649
5 0 0 1.06041
3 0 0 0.841613

1
1 0 0 0.802945

5
1 1 2 0.866596
2 0 0 0.841255
3 2 1 1.10028
6 0 0 1.03707
7 0 0 1.03542

3
1 1 1 0.857501
2 0 0 0.967519
3 0 0 0.8284

3
1 2 4 0.870868
2 0 0 0.87031
3 0 0 1.00351

5
1 1 2 0.798797
2 0 0 0.748044
3 2 4 1.04586
6 0 0 1.02919
7 0 0 0.920089

1
1 0 0 0.787284

3
1 1 1 0.887012
2 0 0 1.05074
3 0 0 0.809944

5
1 0 7599 0.93191
2 0 0 0.822418
3 2 4 0.938535
6 0 0 0.923256
7 0 0 0.90811

3
1 1 1 0.839819
2 0 0 1.19642
3 0 0 0.812552

3
1 1 1 0.949177
2 0 0 0.932526
3 0 0 0.829229

3
1 1 2 0.839691
2 0 0 0.818921
3 0 0 0.954308

3
1 1 1 0.938405
2 0 0 0.919243
3 0 0 0.779665

3
1 0 4732 0.860803
2 0 0 0.853097
3 0 0 0.989971

3
1 1 2 0.980861
2 0 0 0.767908
3 0 0 0.887275

5
1 2 2 0.888944
2 0 0 0.858933
3 2 3 0.982168
6 0 0 1.04185
7 0 0 0.967786

3
1 2 4 0.837477
2 0 0 0.870593
3 0 0 1.00635

1
1 0 0 0.778635

5
1 1 1 0.857707
2 0 0 0.983228
3 1 2 0.859485
6 0 0 0.763015
7 0 0 0.997508

3
1 0 8279 0.769146
2 0 0 0.839582
3 0 0 1.10091

3
1 0 8682 0.84927
2 0 0 0.751446
3 0 0 0.943051

5
1 1 2 0.823897
2 0 5291 0.907303
4 0 0 0.906747
5 0 0 0.988435
3 0 0 1.03558

3
1 1 2 0.883075
2 0 0 0.88851
3 0 0 0.968589

5
1 1 1 0.820783
2 0 0 1.01305
3 1 2 0.878515
6 0 0 0.851176
7 0 0 1.16879

3
1 2 4 0.889753
2 0 0 0.839758
3 0 0 0.9972

3
1 0 9705 0.789013
2 0 0 0.846288
3 0 0 1.05266

3
1 0 6941 0.881896
2 0 0 0.816359
3 0 0 0.91857

3
1 1 1 0.884134
2 0 0 0.982471
3 0 0 0.794487

3
1 1 2 0.853085
2 0 0 0.857765
3 0 0 0.882996

3
1 1 2 0.842274
2 0 0 0.79748
3 0 0 0.923327

9
1 0 1385 0.93492
2 2 4 0.884222
4 0 0 0.810558
5 0 874 0.999026
10 0 0 1.03207
11 1 2 0.981021
22 0 0 1.05594
23 0 0 1.0764
3 0 0 1.05746

5
1 0 4134 0.903601
2 1 2 0.840303
4 0 0 0.804004
5 0 0 1.04031
3 0 0 1.03504

3
1 2 4 0.883998
2 0 0 0.865752
3 0 0 0.91005

3
1 0 171 0.861086
2 0 0 0.818287
3 0 0 0.793393

5
1 0 1762 0.954929
2 0 0 0.828867
3 2 4 1.02049
6 0 0 1.04857
7 0 0 1.01453

3
1 0 584 0.794409
2 0 0 0.986194
3 0 0 0.793836

3
1 0 2625 0.986217
2 0 0 0.859479
3 0 0 1.01474

1
1 0 0 0.85319

1
1 0 0 0.820675

1
1 0 0 0.71347

3
1 1 1 0.853891
2 0 0 0.948272
3 0 0 0.832756

1
1 0 0 0.761711

3
1 1 1 0.819783
2 0 0 0.932743
3 0 0 0.769811

5
1 0 3263 0.897159
2 2 2 0.914384
4 0 0 0.909552
5 0 0 0.965672
3 0 0 0.902335

3
1 2 3 0.854282
2 0 0 0.903218
3 0 0 0.913202

3
1 1 1 0.951702
2 0 0 1.01603
3 0 0 0.838057

5
1 0 9215 0.79995
2 0 2612 0.86767
4 0 0 0.801553
5 0 0 0.9077
3 0 0 1.03995

3
1 0 9893 0.706567
2 0 0 0.826758
3 0 0 1.08953

5
1 1 1 0.814509
2 0 0 0.97025
3 0 697 0.757425
6 0 0 0.893033
7 0 0 0.783952

3
1 1 1 0.877228
2 0 0 1.04109
3 0 0 0.729979

3
1 1 2 0.86477
2 0 0 0.777928
3 0 0 1.02911

3
1 0 572 0.698937
2 0 0 0.965988
3 0 0 0.774844

5
1 0 3164 0.879795
2 1 1 0.824483
4 0 0 0.957133
5 0 0 0.698585
3 0 0 0.88082

5
1 0 84 0.751846
2 1 1 1.04676
4 0 0 1.05851
5 0 0 1.06174
3 0 0 0.775663

3
1 0 1919 0.871242
2 0 0 0.878715
3 0 0 1.08469

5
1 1 1 0.91429
2 0 0 0.99437
3 1 2 0.844137
6 0 0 0.771723
7 0 0 1.01621

5
1 1 2 0.875069
2 0 0 0.825606
3 0 6454 1.02662
6 0 0 0.952585
7 0 0 0.9099

5
1 0 410 0.88925
2 0 0 1.05017
3 1 1 0.828148
6 0 0 0.942861
7 0 0 0.709894

3
1 1 1 0.806448
2 0 0 0.886825
3 0 0 0.813962

3
1 1 2 0.881502
2 0 0 0.77708
3 0 0 0.981938

5
1 0 7772 0.827145
2 0 2496 0.896995
4 0 0 0.93783
5 0 0 0.913489
3 0 0 1.07775

5
1 1 2 0.82356
2 0 0 0.848651
3 2 1 0.905542
6 0 0 0.915449
7 0 0 0.995003

3
1 1 2 0.859567
2 0 0 0.764904
3 0 0 0.939147

3
1 0 5827 0.855425
2 0 0 0.732744
3 0 0 0.876261

5
1 0 6453 0.893856
2 0 0 0.858747
3 2 4 0.982453
6 0 0 1.03326
7 0 0 0.904383

3
1 1 1 0.862244
2 0 0 0.988518
3 0 0 0.786845

3
1 1 2 0.914358
2 0 0 0.83945
3 0 0 0.948719

3
1 1 1 0.847641
2 0 0 1.06715
3 0 0 0.878374

3
1 1 1 0.905736
2 0 0 0.94035
3 0 0 0.830852

3
1 1 1 0.870147
2 0 0 0.943413
3 0 0 0.788761

3
1 1 1 0.933899
2 0 0 1.02033
3 0 0 0.842183

1
1 0 0 0.773059

3
1 0 8106 0.732936
2 0 0 0.671041
3 0 0 0.913881

1
1 0 0 0.800459

5
1 2 4 0.821033
2 0 1861 0.870975
4 0 0 0.857139
5 0 0 1.16631
3 0 0 1.00712

3
1 0 2671 0.865665
2 0 0 0.90386
3 0 0 0.912366

3
1 1 1 0.931318
2 0 0 1.06269
3 0 0 0.842238

3
1 0 2426 0.891974
2 0 0 0.798937
3 0 0 0.967183

3
1 1 2 0.860216
2 0 0 0.844676
3 0 0 1.03784

1
1 0 0 0.799552

5
1 1 2 0.936231
2 0 0 0.825039
3 2 3 0.98388
6 0 0 0.924515
7 0 0 0.956278

3
1 1 1 0.7904
2 0 0 1.02979
3 0 0 0.74325

3
1 0 4767 0.890571
2 0 0 0.838855
3 0 0 1.02681

5
1 0 8853 0.802948
2 0 57 0.832527
4 0 0 1.03063
5 0 0 0.7886
3 0 0 0.781674

1
1 0 0 0.779612

7
1 1 2 0.886056
2 1 1 0.866848
4 0 0 0.979261
5 0 0 0.77115
3 0 701 0.902293
6 0 0 1.16853
7 0 0 0.940495

3
1 1 1 0.833466
2 0 0 1.0612
3 0 0 0.754164

5
1 1 1 0.828095
2 0 440 1.04923
4 0 0 1.0032
5 0 0 1.03851
3 0 0 0.871171

5
1 0 2366 0.906239
2 0 0 0.806394
3 1 1 0.967731
6 0 0 1.01653
7 0 0 0.907852

5
1 1 1 0.84682
2 0 2787 1.01382
4 0 0 0.983762
5 0 0 1.01708
3 0 0 0.792068

5
1 2 4 0.804992
2 0 0 0.922903
3 0 9848 0.949207
6 0 0 1.02227
7 0 0 0.947181

3
1 1 1 0.79586
2 0 0 1.13377
3 0 0 0.717303

1
1 0 0 0.664101

3
1 1 2 0.946138
2 0 0 0.772905
3 0 0 0.932988

7
1 0 171 0.943379
2 2 3 0.967289
4 0 0 0.900874
5 0 120 1.02984
10 0 0 1.04673
11 0 0 1.03037
3 0 0 0.791311

5
1 2 1 0.899446
2 0 0 0.825592
3 0 9841 1.1171
6 0 0 1.0804
7 0 0 1.1063

3
1 0 2025 0.825366
2 0 0 0.834471
3 0 0 0.985829

1
1 0 0 0.954213

3
1 0 9971 0.793623
2 0 0 0.870863
3 0 0 0.985325

5
1 1 2 0.855619
2 0 0 0.780203
3 0 9855 0.973989
6 0 0 1.00259
7 0 0 1.04582

7
1 1 1 0.931653
2 0 8133 1.00603
4 0 6337 0.97731
8 0 0 0.962171
9 0 0 0.976296
5 0 0 1.00793
3 0 0 0.923871

5
1 1 1 0.91512
2 2 3 1.0093
4 0 0 1.08276
5 0 0 0.918612
3 0 0 0.77108

5
1 1 1 0.875592
2 0 7765 1.01052
4 0 0 0.961951
5 0 0 1.07726
3 0 0 0.81071

3
1 1 1 0.857298
2 0 0 0.960389
3 0 0 1.05183

5
1 2 3 0.913129
2 0 0 0.896147
3 2 4 1.01458
6 0 0 1.05976
7 0 0 0.979689

3
1 1 2 0.798797
2 0 0 0.780284
3 0 0 1.01404

5
1 0 9430 0.909051
2 0 0 0.859314
3 1 2 0.981798
6 0 0 0.912958
7 0 0 1.0029

3
1 1 1 0.887012
2 0 0 1.00814
3 0 0 0.893733

3
1 1 1 0.924756
2 0 0 1.08565
3 0 0 0.89063

3
1 1 1 0.915815
2 0 0 0.960474
3 0 0 0.876823

3
1 1 1 0.840231
2 0 0 1.04125
3 0 0 0.827056

3
1 1 2 0.839691
2 0 0 0.724727
3 0 0 0.996564

3
1 1 2 0.749716
2 0 0 0.776245
3 0 0 1.06152

3
1 2 1 0.887748
2 0 0 0.847674
3 0 0 0.840341

7
1 2 2 0.971606
2 0 3455 0.941805
4 0 0 0.817861
5 2 1 1.12453
10 0 0 0.940462
11 0 0 0.988535
3 0 0 0.960252

1
1 0 0 0.749969

3
1 1 1 0.924589
2 0 0 1.00972
3 0 0 0.817964

3
1 1 2 0.994144
2 0 0 0.771339
3 0 0 1.139

3
1 1 1 0.845911
2 0 0 1.04208
3 0 0 0.70647

3
1 1 1 0.806509
2 0 0 0.9646
3 0 0 0.859955

3
1 0 1049 0.889712
2 0 0 0.986481
3 0 0 0.824035

1
1 0 0 0.764108

3
1 1 2 0.883075
2 0 0 0.709638
3 0 0 0.998799

7
1 0 8789 0.910206
2 0 4793 0.855464
4 0 0 0.826954
5 0 0 0.979175
3 1 1 1.01973
6 0 0 0.822325
7 0 0 0.933494

3
1 0 1539 0.86645
2 0 0 0.831196
3 0 0 0.959916

3
1 0 5384 0.884037
2 0 0 0.89358
3 0 0 1.03022

3
1 1 2 0.902921
2 0 0 0.850357
3 0 0 1.02188

3
1 2 1 0.842333
2 0 0 0.976425
3 0 0 0.850626

3
1 1 1 0.917728
2 0 0 1.0695
3 0 0 0.815497

5
1 0 1810 0.886415
2 0 448 0.818258
4 0 0 0.92724
5 0 0 0.851232
3 0 0 1.04848

5
1 0 1632 0.980059
2 0 0 0.712149
3 1 1 1.03405
6 0 0 0.930511
7 0 0 1.04186

3
1 1 1 0.872932
2 0 0 1.0239
3 0 0 0.82085

5
1 0 8172 0.77117
2 0 0 0.815284
3 0 8217 0.939709
6 0 0 0.968928
7 0 0 0.921498

3
1 0 4592 0.914273
2 0 0 0.820169
3 0 0 0.986908

3
1 0 8690 0.859259
2 0 0 0.818603
3 0 0 0.961913

3
1 0 1510 0.887263
2 0 0 0.868433
3 0 0 1.03227

5
1 0 9167 0.852164
2 0 0 0.824332
3 1 2 0.958172
6 0 0 0.989485
7 0 0 0.908843

1
1 0 0 0.807279

3
1 0 8620 0.840648
2 0 0 0.934551
3 0 0 1.0204

3
1 0 905 0.748738
2 0 0 0.970655
3 0 0 0.783441

3
1 0 7613 0.853229
2 0 0 0.819856
3 0 0 0.969215

5
1 1 2 0.823966
2 0 0 0.813268
3 0 3611 0.924282
6 0 0 1.1546
7 0 0 0.835965

3
1 0 389 0.807811
2 0 0 0.975366
3 0 0 0.726923

5
1 0 1641 0.817119
2 0 0 0.89734
3 0 2470 0.889205
6 0 0 0.915955
7 0 0 0.912907

5
1 0 3371 0.885017
2 0 1222 0.813786
4 0 0 0.957019
5 0 0 0.816788
3 0 0 0.810591

5
1 0 9315 0.871878
2 0 0 0.848558
3 1 2 1.17002
6 0 0 1.01438
7 0 0 1.01276

1
1 0 0 0.815895

3
1 0 965 0.878994
2 0 0 1.04839
3 0 0 0.786958

3
1 1 1 0.885605
2 0 0 1.12997
3 0 0 0.900307

1
1 0 0 0.801845

5
1 1 2 0.864097
2 0 0 0.962698
3 0 3576 0.887531
6 0 0 0.882862
7 0 0 0.978628

5
1 0 9847 0.818343
2 0 9643 0.849273
4 0 0 0.811369
5 0 0 1.01865
3 0 0 1.00109

3
1 1 1 0.844306
2 0 0 0.932896
3 0 0 0.874647

3
1 1 1 0.840902
2 0 0 0.999638
3 0 0 0.786647

3
1 0 1919 0.871242
2 0 0 0.817201
3 0 0 0.955957

3
1 1 1 0.873654
2 0 0 0.932401
3 0 0 0.810205

5
1 0 985 0.79859
2 1 1 1.01967
4 0 0 1.04621
5 0 0 0.850115
3 0 0 0.83735

5
1 1 2 0.92802
2 0 2878 0.816303
4 0 0 0.791204
5 0 0 0.945426
3 0 0 0.94868

5
1 1 1 0.806448
2 0 3727 0.975992
4 0 0 1.04882
5 0 0 0.981844
3 0 0 0.670085

3
1 1 2 0.881502
2 0 0 0.771281
3 0 0 1.05905

5
1 0 8301 0.92424
2 0 3227 0.927829
4 0 0 0.76327
5 0 0 0.973879
3 0 0 0.98346

3
1 1 1 0.741276
2 0 0 0.957535
3 0 0 0.744527

3
1 2 3 0.797408
2 0 0 0.785533
3 0 0 0.936145

3
1 1 2 0.792823
2 0 0 0.671863
3 0 0 0.967987

3
1 1 2 0.919166
2 0 0 0.785845
3 0 0 1.06405

5
1 0 2340 0.903684
2 0 368 0.795324
4 0 0 1.0856
5 0 0 0.786434
3 0 0 1.05173

3
1 1 1 0.900351
2 0 0 0.985555
3 0 0 0.775533

3
1 1 1 0.891675
2 0 0 1.00822
3 0 0 0.782899

1
1 0 0 0.796252

3
1 0 968 0.927026
2 0 0 1.10585
3 0 0 0.933049

3
1 2 3 0.879087
2 0 0 0.902152
3 0 0 0.916855

5
1 2 4 0.855003
2 0 0 0.825224
3 0 6873 0.941435
6 0 0 0.9748
7 0 0 0.924915

3
1 1 1 0.764404
2 0 0 0.994913
3 0 0 0.732901

3
1 0 6061 0.758872
2 0 0 0.757375
3 0 0 0.961801

3
1 1 1 0.827097
2 0 0 0.896247
3 0 0 0.819069

7
1 0 8778 0.878451
2 0 0 0.794468
3 0 9378 0.990145
6 0 0 0.94983
7 2 1 1.10019
14 0 0 0.950556
15 0 0 0.933019

3
1 0 3609 0.811387
2 0 0 0.841287
3 0 0 0.904618

3
1 2 2 0.836616
2 0 0 0.79708
3 0 0 0.952993

3
1 0 974 0.837239
2 0 0 1.0346
3 0 0 0.879499

7
1 1 1 0.973284
2 0 0 0.971032
3 1 2 0.877074
6 0 6432 0.787142
12 0 0 0.8026
13 0 0 0.940784
7 0 0 0.916127

7
1 1 2 0.849405
2 0 0 0.819648
3 0 9378 1.03353
6 0 3966 0.936925
12 0 0 0.950478
13 0 0 0.946403
7 0 0 1.0729

3
1 0 8619 0.903414
2 0 0 0.93328
3 0 0 0.943331

3
1 1 2 0.848681
2 0 0 0.782506
3 0 0 1.22155

3
1 0 1872 0.820171
2 0 0 0.761849
3 0 0 1.0593

3
1 1 1 0.856708
2 0 0 0.956024
3 0 0 0.862974

3
1 1 1 0.809618
2 0 0 1.00854
3 0 0 0.784071

5
1 2 2 0.869412
2 0 0 0.890293
3 2 3 0.859127
6 0 0 0.906404
7 0 0 0.888358

5
1 1 1 0.828095
2 2 1 1.01298
4 0 0 1.00409
5 0 0 0.957925
3 0 0 0.658925

1
1 0 0 0.867057

3
1 1 1 0.84682
2 0 0 0.988637
3 0 0 0.73435

1
1 0 0 0.867373

3
1 1 1 0.79586
2 0 0 0.982317
3 0 0 0.888655

1
1 0 0 0.817406

3
1 1 1 0.823087
2 0 0 0.805099
3 0 0 0.777767

1
1 0 0 0.866994

3
1 1 1 0.876681
2 0 0 1.03561
3 0 0 0.793645

3
1 0 806 0.793454
2 0 0 1.04307
3 0 0 0.731354

3
1 1 2 0.878866
2 0 0 0.728044
3 0 0 1.02232

3
1 1 2 0.899506
2 0 0 0.895252
3 0 0 0.995189

3
1 0 1717 0.914231
2 0 0 1.01567
3 0 0 0.939662

3
1 1 1 0.931653
2 0 0 1.08953
3 0 0 0.756389

3
1 1 1 0.91512
2 0 0 1.03387
3 0 0 0.71363

3
1 0 8748 0.836594
2 0 0 0.816676
3 0 0 0.986898

3
1 1 1 0.857298
2 0 0 1.03033
3 0 0 0.90735

11
1 1 2 0.935096
2 1 1 0.797345
4 0 0 1.00641
5 0 0 0.852567
3 0 1131 0.944524
6 0 652 0.996005
12 0 0 0.970943
13 0 0 0.93866
7 0 9109 0.949399
14 0 0 1.08435
15 0 0 1.001

3
1 0 8050 0.858359
2 0 0 0.878813
3 0 0 0.859532

3
1 1 2 0.796789
2 0 0 0.76039
3 0 0 0.840917

1
1 0 0 0.828942

3
1 2 3 0.976538
2 0 0 0.932306
3 0 0 0.971233

1
1 0 0 0.925726

3
1 1 2 0.969349
2 0 0 0.947036
3 0 0 1.08178

3
1 0 2949 0.887563
2 0 0 0.775524
3 0 0 0.987679

3
1 1 1 0.85666
2 0 0 0.947282
3 0 0 0.777193

3
1 1 1 0.923124
2 0 0 1.008
3 0 0 0.91531

5
1 2 2 0.850765
2 0 4259 0.978903
4 0 0 1.06328
5 0 0 1.02734
3 0 0 0.994037

3
1 1 2 0.80674
2 0 0 0.8297
3 0 0 0.902993

5
1 1 1 0.903979
2 0 0 0.909478
3 2 2 0.891865
6 0 0 0.712402
7 0 0 0.958146

5
1 1 1 0.813663
2 0 0 1.09463
3 0 7627 0.816667
6 0 0 0.855688
7 0 0 0.831518

1
1 0 0 0.799378

3
1 1 1 0.806509
2 0 0 1.00663
3 0 0 0.761697

1
1 0 0 0.886418

3
1 0 9370 0.876896
2 0 0 0.87797
3 0 0 0.937333

5
1 1 2 0.883075
2 0 0 0.818134
3 2 4 0.921571
6 0 0 1.05642
7 0 0 0.901273

3
1 1 1 0.87198
2 0 0 0.953602
3 0 0 0.751818

1
1 0 0 0.84161

3
1 2 4 0.849269
2 0 0 0.876788
3 0 0 0.949946

3
1 1 2 0.908242
2 0 0 0.795667
3 0 0 0.88945

3
1 0 8265 0.876523
2 0 0 0.838522
3 0 0 0.98548

3
1 0 1149 0.791463
2 0 0 1.0069
3 0 0 0.812002

3
1 1 2 0.864497
2 0 0 0.800621
3 0 0 0.996895

3
1 0 6920 0.945759
2 0 0 0.770614
3 0 0 1.03469

3
1 1 1 0.949449
2 0 0 1.00077
3 0 0 0.950521

5
1 0 2832 0.84314
2 2 4 0.839986
4 0 0 0.866662
5 0 0 0.970099
3 0 0 1.06263

7
1 0 1204 0.818794
2 0 0 1.08113
3 0 9996 0.825942
6 0 1678 0.837293
12 0 0 0.747007
13 0 0 0.868337
7 0 0 0.988992

5
1 1 1 0.867108
2 0 0 1.12869
3 1 2 0.817855
6 0 0 0.794427
7 0 0 1.05649

5
1 0 3211 1.00219
2 1 2 0.880684
4 0 0 0.85307
5 0 0 0.926161
3 0 0 0.991637

3
1 1 2 0.893962
2 0 0 0.852345
3 0 0 0.932275

3
1 0 2849 0.851184
2 0 0 0.86302
3 0 0 0.88134

5
1 1 1 0.918529
2 2 4 0.942922
4 0 0 1.04319
5 0 0 0.912434
3 0 0 0.897764

3
1 0 210 0.75472
2 0 0 1.06935
3 0 0 0.815085

3
1 1 1 0.880757
2 0 0 0.871635
3 0 0 0.817621

3
1 0 1994 0.943406
2 0 0 0.866015
3 0 0 0.959454

1
1 0 0 0.721466

5
1 0 1958 0.878551
2 0 0 0.692311
3 2 4 0.971278
6 0 0 0.978263
7 0 0 0.980267

1
1 0 0 0.7403

1
1 0 0 0.864808

3
1 0 7739 0.808522
2 0 0 0.801103
3 0 0 0.9013

3
1 0 965 0.878994
2 0 0 0.967686
3 0 0 0.819846

3
1 1 1 0.885605
2 0 0 1.0481
3 0 0 0.739067

3
1 0 6122 0.888146
2 0 0 0.89906
3 0 0 1.02939

3
1 1 2 0.913937
2 0 0 0.719488
3 0 0 0.973228

3
1 2 4 0.877277
2 0 0 0.801463
3 0 0 0.875293

3
1 2 3 0.862704
2 0 0 0.835408
3 0 0 0.899085

3
1 0 1776 0.852644
2 0 0 0.848775
3 0 0 0.882477

3
1 0 1919 0.871242
2 0 0 0.815648
3 0 0 0.915897

3
1 0 8561 0.898874
2 0 0 0.886955
3 0 0 0.929272

3
1 1 1 0.857464
2 0 0 0.957034
3 0 0 0.862593

3
1 1 2 0.86215
2 0 0 0.907684
3 0 0 1.04588

5
1 2 1 0.884277
2 0 8072 0.892156
4 0 0 0.860338
5 0 0 0.914623
3 0 0 0.90493

3
1 0 3480 0.841242
2 0 0 0.784191
3 0 0 1.08942

1
1 0 0 0.752066

1
1 0 0 0.773232

3
1 1 2 0.817033
2 0 0 0.856219
3 0 0 0.93724

7
1 1 2 0.792823
2 1 1 0.808341
4 0 0 1.01014
5 0 0 0.813587
3 2 4 0.988663
6 0 0 0.946031
7 0 0 0.914717

5
1 1 2 0.919166
2 1 1 0.817747
4 0 0 1.09475
5 0 0 0.682954
3 0 0 1.02818

3
1 0 8004 0.814739
2 0 0 0.811403
3 0 0 0.93166

3
1 2 3 0.875863
2 0 0 0.824743
3 0 0 0.980411

3
1 1 1 0.837426
2 0 0 0.972165
3 0 0 0.785951

3
1 0 766 0.877906
2 0 0 1.01167
3 0 0 0.780092

5
1 1 1 0.845207
2 0 0 1.02823
3 1 2 0.730252
6 0 0 0.724348
7 0 0 0.816116

3
1 1 2 0.936802
2 0 0 0.810935
3 0 0 0.892836

3
1 1 1 0.80557
2 0 0 0.949318
3 0 0 0.791937

3
1 1 1 0.853285
2 0 0 0.995981
3 0 0 0.837901

7
1 2 4 0.848885
2 0 0 0.836025
3 0 2950 0.894752
6 0 0 1.0243
7 0 8856 0.880292
14 0 0 0.995186
15 0 0 0.945913

3
1 0 138 0.712272
2 0 0 0.909914
3 0 0 0.720468

1
1 0 0 0.889092

3
1 0 692 0.728101
2 0 0 0.928099
3 0 0 0.796846

3
1 0 5031 0.802717
2 0 0 0.883632
3 0 0 0.981608

3
1 2 4 0.830279
2 0 0 0.786781
3 0 0 1.0023

1
1 0 0 0.808463

3
1 1 2 0.930143
2 0 0 0.922238
3 0 0 0.864908

3
1 1 1 0.880974
2 0 0 0.949141
3 0 0 0.865484

3
1 1 2 0.848681
2 0 0 0.694533
3 0 0 0.886832

5
1 0 1872 0.820171
2 0 0 0.844927
3 1 1 0.961636
6 0 0 0.972351
7 0 0 1.05772

3
1 2 3 0.908701
2 0 0 0.895975
3 0 0 0.962941

3
1 0 1126 0.915468
2 0 0 0.942259
3 0 0 0.899955

3
1 0 1641 0.91113
2 0 0 0.717853
3 0 0 0.953322

3
1 1 1 0.828095
2 0 0 1.12371
3 0 0 0.72217

5
1 0 9794 0.83739
2 1 1 0.792221
4 0 0 0.999104
5 0 0 0.752531
3 0 0 0.993346

3
1 1 1 0.848493
2 0 0 0.963485
3 0 0 0.868465

3
1 0 2408 0.912273
2 0 0 0.832371
3 0 0 0.982221

3
1 1 1 0.79586
2 0 0 1.03088
3 0 0 0.760699

5
1 1 2 0.929213
2 0 0 0.876135
3 0 2938 1.02469
6 0 0 1.06131
7 0 0 1.03333

5
1 1 2 0.832946
2 0 0 0.721584
3 2 1 0.901367
6 0 0 1.0185
7 0 0 0.990162

3
1 0 6796 0.845049
2 0 0 0.830459
3 0 0 0.85296

3
1 0 853 0.869036
2 0 0 1.05715
3 0 0 0.851551

5
1 0 7849 0.799582
2 1 2 0.773602
4 0 0 0.873944
5 0 0 1.09358
3 0 0 0.908255

3
1 0 8650 0.783427
2 0 0 0.914163
3 0 0 0.948671

3
1 1 2 0.899506
2 0 0 0.744937
3 0 0 0.978358

1
1 0 0 0.881532

3
1 1 1 0.931653
2 0 0 1.04751
3 0 0 0.746385

3
1 1 1 0.91512
2 0 0 0.951866
3 0 0 0.780304

3
1 1 1 0.82176
2 0 0 0.97309
3 0 0 0.754226

3
1 1 1 0.857298
2 0 0 0.946748
3 0 0 0.767916

3
1 1 2 0.935096
2 0 0 0.795034
3 0 0 0.994082

3
1 1 1 0.852486
2 0 0 1.09222
3 0 0 0.742338

3
1 0 953 0.840058
2 0 0 0.812792
3 0 0 0.810131

3
1 0 3291 0.959786
2 0 0 0.816634
3 0 0 1.0137

3
1 0 7990 0.784806
2 0 0 0.731358
3 0 0 0.948778

3
1 0 346 0.817912
2 0 0 0.985273
3 0 0 0.788744

3
1 0 650 0.830354
2 0 0 1.00198
3 0 0 0.854912

3
1 1 1 0.904237
2 0 0 1.03426
3 0 0 0.824175

5
1 1 1 0.85666
2 0 0 1.07489
3 1 2 0.949696
6 0 0 0.875946
7 0 0 0.99545

3
1 1 2 0.897807
2 0 0 0.822312
3 0 0 0.943628

3
1 0 288 0.966028
2 0 0 0.979875
3 0 0 0.91189

3
1 1 2 0.80674
2 0 0 0.993483
3 0 0 1.02544

3
1 0 6772 0.9179
2 0 0 0.908193
3 0 0 1.08904

3
1 1 2 0.906323
2 0 0 0.881179
3 0 0 1.09133

5
1 0 9029 0.854409
2 1 2 0.948117
4 0 0 0.823772
5 0 0 1.02711
3 0 0 1.03314

1
1 0 0 0.921725

3
1 1 1 0.81965
2 0 0 1.1133
3 0 0 0.868932

3
1 1 1 0.81553
2 0 0 0.915443
3 0 0 0.726543

3
1 1 1 0.888598
2 0 0 1.01597
3 0 0 0.819958

3
1 0 150 0.899977
2 0 0 0.914237
3 0 0 0.900466

3
1 1 1 0.91052
2 0 0 1.04172
3 0 0 0.807556

3
1 0 2848 0.890724
2 0 0 0.881605
3 0 0 0.859513

5
1 0 377 0.851352
2 0 0 0.996349
3 2 2 0.889598
6 0 0 0.927609
7 0 0 0.939279

7
1 0 684 0.765841
2 0 581 0.990269
4 1 2 0.915156
8 0 0 1.01587
9 0 0 0.894203
5 0 0 0.922723
3 0 0 0.719639

1
1 0 0 0.781413

3
1 1 2 0.864497
2 0 0 0.701793
3 0 0 1.09229

3
1 1 2 0.89193
2 0 0 0.811626
3 0 0 1.04154

3
1 1 1 0.897073
2 0 0 0.96483
3 0 0 0.91307

3
1 0 2861 0.843534
2 0 0 0.894463
3 0 0 1.01637

3
1 1 2 0.901008
2 0 0 0.909592
3 0 0 0.952372

1
1 0 0 0.773656

1
1 0 0 0.845401

3
1 1 2 0.873254
2 0 0 0.848207
3 0 0 0.946515

3
1 0 3397 0.894404
2 0 0 0.770675
3 0 0 0.977423

3
1 1 1 0.93917
2 0 0 1.15477
3 0 0 0.799831

3
1 1 2 0.843112
2 0 0 0.775431
3 0 0 1.05322

3
1 0 4938 0.836913
2 0 0 0.793614
3 0 0 1.12395

3
1 1 1 0.883789
2 0 0 0.987965
3 0 0 0.872174

3
1 1 1 0.874904
2 0 0 1.10412
3 0 0 0.823112

1
1 0 0 0.843139

3
1 1 1 0.799135
2 0 0 1.1127
3 0 0 0.819975

1
1 0 0 0.785488

3
1 1 1 0.858952
2 0 0 1.0735
3 0 0 0.814641

3
1 0 1490 0.875004
2 0 0 0.903021
3 0 0 1.0046

1
1 0 0 0.691457

3
1 2 2 0.904637
2 0 0 0.798004
3 0 0 0.888546

3
1 0 5481 0.8592
2 0 0 0.841206
3 0 0 0.936936

5
1 1 1 0.809457
2 2 1 1.10545
4 0 0 1.01243
5 0 0 1.12426
3 0 0 0.82217

1
1 0 0 0.839534

5
1 0 1047 0.788678
2 1 2 1.03447
4 0 0 1.02316
5 0 0 1.0944
3 0 0 0.850618

5
1 1 2 0.800358
2 0 0 0.846798
3 0 4960 0.913086
6 0 0 0.918372
7 0 0 0.860501

3
1 2 1 0.832011
2 0 0 0.795408
3 0 0 0.846271

5
1 2 3 0.842435
2 0 0 0.903884
3 2 4 0.888482
6 0 0 1.02376
7 0 0 0.883061

1
1 0 0 0.776473

3
1 0 654 0.785479
2 0 0 1.03099
3 0 0 0.81044

7
1 0 3480 0.841242
2 1 1 0.807865
4 0 0 1.01468
5 0 0 0.754203
3 0 6047 1.0308
6 0 0 1.00348
7 0 0 0.957996

3
1 1 1 0.864179
2 0 0 1.01794
3 0 0 0.806581

5
1 0 8198 0.897334
2 0 0 0.799512
3 0 8742 0.979386
6 0 0 1.04774
7 0 0 0.956706

5
1 0 9657 0.775221
2 0 0 0.799789
3 0 9968 1.07088
6 0 0 1.06297
7 0 0 1.08075

3
1 1 1 0.975657
2 0 0 0.994369
3 0 0 1.01067

3
1 0 2167 0.841948
2 0 0 0.740524
3 0 0 1.15424

5
1 1 2 0.890583
2 0 0 0.750641
3 2 2 0.980361
6 0 0 0.894206
7 0 0 0.991372

7
1 2 4 0.922057
2 0 0 0.837577
3 0 2517 0.909607
6 0 0 1.01658
7 1 2 0.914042
14 0 0 0.957391
15 0 0 0.997448

3
1 1 2 0.854232
2 0 0 0.628232
3 0 0 1.01931

3
1 0 16 0.87692
2 0 0 1.07883
3 0 0 0.865814

9
1 1 1 0.845207
2 2 3 1.00403
4 0 0 1.03613
5 0 0 1.13265
3 1 2 0.816433
6 0 0 0.82581
7 2 1 0.987268
14 0 0 1.03522
15 0 0 0.916609

3
1 1 2 0.861596
2 0 0 0.779891
3 0 0 0.894842

3
1 1 1 0.80557
2 0 0 1.14127
3 0 0 0.8252

3
1 2 4 0.809708
2 0 0 0.692713
3 0 0 1.18203

5
1 0 813 0.830873
2 2 3 0.824278
4 0 0 0.942762
5 0 0 0.953294
3 0 0 0.838971

3
1 1 2 0.822647
2 0 0 0.798009
3 0 0 0.947244

7
1 1 2 0.905631
2 0 0 0.74893
3 2 4 1.06232
6 0 4758 1.01156
12 0 0 1.02891
13 0 0 1.04279
7 0 0 1.01166

5
1 0 8237 0.795763
2 0 8103 0.760311
4 0 0 0.790867
5 0 0 1.04399
3 0 0 0.928871

3
1 0 5031 0.802717
2 0 0 0.852726
3 0 0 0.919217

3
1 1 1 0.881704
2 0 0 0.930444
3 0 0 0.627099

3
1 0 9924 0.882362
2 0 0 0.906721
3 0 0 0.948526

3
1 1 2 0.930143
2 0 0 0.874807
3 0 0 0.975155

1
1 0 0 0.824169

3
1 0 1910 0.928685
2 0 0 0.821829
3 0 0 0.931922

5
1 1 2 0.857648
2 0 0 0.878522
3 0 1682 0.953441
6 0 0 0.889134
7 0 0 0.92819

3
1 0 5377 0.826599
2 0 0 0.847614
3 0 0 0.960801

9
1 1 2 0.788384
2 0 0 0.742762
3 0 9108 0.906522
6 2 3 0.912038
12 0 0 0.964856
13 0 3271 0.960391
26 0 0 0.881115
27 0 0 0.975254
7 0 0 0.901174

3
1 0 1641 0.91113
2 0 0 0.814279
3 0 0 1.0209

5
1 1 1 0.850223
2 2 2 1.06894
4 0 0 1.13237
5 0 0 1.09908
3 0 0 0.767849

3
1 2 3 0.81767
2 0 0 0.830201
3 0 0 0.888336

3
1 1 1 0.848493
2 0 0 1.05115
3 0 0 0.758515

3
1 0 7151 0.870305
2 0 0 0.803635
3 0 0 1.00222

3
1 1 1 0.79586
2 0 0 1.1137
3 0 0 0.868267

1
1 0 0 0.676907

3
1 2 2 0.840363
2 0 0 0.869029
3 0 0 0.866079

5
1 1 1 0.835507
2 2 1 0.966391
4 0 0 0.94491
5 0 0 1.1021
3 0 0 0.860681

3
1 0 2294 0.895332
2 0 0 0.877658
3 0 0 0.972734

3
1 0 9781 0.800026
2 0 0 0.810328
3 0 0 1.00475

3
1 0 3325 0.856845
2 0 0 0.818292
3 0 0 0.945342

3
1 1 2 0.899506
2 0 0 0.79655
3 0 0 0.970477

5
1 0 924 0.871256
2 0 888 0.98873
4 0 0 1.01303
5 0 0 1.08259
3 0 0 0.937418

3
1 0 2889 0.92661
2 0 0 0.779417
3 0 0 0.895177

5
1 1 2 0.912107
2 1 1 0.893022
4 0 0 1.01586
5 0 0 0.844856
3 0 0 1.1087

3
1 0 3405 0.836271
2 0 0 0.802848
3 0 0 0.904064

3
1 1 1 0.857298
2 0 0 1.06298
3 0 0 0.808783

1
1 0 0 0.711773

3
1 1 1 0.852486
2 0 0 0.968677
3 0 0 0.680987

3
1 0 1653 0.869794
2 0 0 0.885234
3 0 0 0.886115

5
1 1 1 0.870858
2 0 8890 1.06981
4 0 0 1.0862
5 0 0 1.0595
3 0 0 0.898537

3
1 0 319 0.734166
2 0 0 0.937985
3 0 0 0.719806

3
1 2 1 0.987115
2 0 0 0.852788
3 0 0 0.855738

5
1 1 1 0.902892
2 2 2 0.978782
4 0 0 1.04582
5 0 0 0.961205
3 0 0 0.787078

1
1 0 0 0.910422

3
1 0 3877 0.888844
2 0 0 0.892856
3 0 0 0.912311

3
1 0 244 0.837652
2 0 0 1.04162
3 0 0 0.861424

3
1 1 1 0.860061
2 0 0 1.03739
3 0 0 0.804321

3
1 2 2 0.928766
2 0 0 0.75342
3 0 0 1.10347

3
1 1 1 0.880201
2 0 0 1.03892
3 0 0 0.762458

3
1 0 683 0.808354
2 0 0 0.990887
3 0 0 0.790772

1
1 0 0 0.791649

1
1 0 0 0.901459

3
1 1 1 0.879404
2 0 0 1.07433
3 0 0 0.877622

1
1 0 0 0.84548

7
1 1 1 0.888598
2 0 0 0.941603
3 0 5103 0.854665
6 1 2 0.901567
12 0 0 0.898355
13 0 0 0.959616
7 0 0 1.08017

5
1 2 3 0.929905
2 0 0 0.87226
3 0 480 0.953042
6 0 0 0.824615
7 0 0 0.974767

3
1 1 1 0.91052
2 0 0 1.05358
3 0 0 0.769324

5
1 1 2 0.864118
2 0 0 0.772719
3 2 4 1.0263
6 0 0 1.06758
7 0 0 1.05677

3
1 0 32 0.821093
2 0 0 0.971059
3 0 0 0.879487

5
1 2 2 0.936866
2 0 0 1.01342
3 2 4 0.90025
6 0 0 0.951473
7 0 0 0.984969

3
1 0 3834 0.918396
2 0 0 0.864673
3 0 0 0.993113

5
1 1 2 0.864497
2 0 0 0.89409
3 2 2 1.01778
6 0 0 0.92236
7 0 0 1.01854

3
1 1 2 0.89193
2 0 0 0.815831
3 0 0 1.11536

3
1 1 2 0.870928
2 0 0 0.923728
3 0 0 1.15447

5
1 0 8037 0.834978
2 0 0 0.878975
3 2 2 0.949835
6 0 0 1.10032
7 0 0 0.993186

3
1 1 2 0.901008
2 0 0 0.745524
3 0 0 1.13081

3
1 1 2 0.761412
2 0 0 0.762693
3 0 0 0.879388

3
1 1 1 0.80218
2 0 0 1.06207
3 0 0 0.754589

3
1 0 2015 0.919778
2 0 0 0.878753
3 0 0 0.988525

3
1 1 1 0.894318
2 0 0 1.08701
3 0 0 0.894403

5
1 1 1 0.93917
2 0 0 0.986271
3 1 2 0.911502
6 0 0 0.830668
7 0 0 1.12162

3
1 0 77 0.815767
2 0 0 1.0309
3 0 0 0.615603

3
1 2 2 0.894518
2 0 0 0.913975
3 0 0 0.932493

5
1 1 1 0.851951
2 2 1 1.05646
4 0 0 0.973024
5 0 0 1.1533
3 0 0 0.854944

3
1 1 1 0.874904
2 0 0 0.931993
3 0 0 0.778574

3
1 0 5070 0.865679
2 0 0 0.896374
3 0 0 0.8727

3
1 1 1 0.87046
2 0 0 0.940514
3 0 0 0.878628

3
1 0 118 0.804928
2 0 0 0.950401
3 0 0 0.86071

3
1 0 4408 0.957481
2 0 0 0.782963
3 0 0 1.00352

3
1 0 1490 0.875004
2 0 0 0.835522
3 0 0 0.965347

3
1 1 2 0.867553
2 0 0 0.717588
3 0 0 0.97229

3
1 1 2 0.885617
2 0 0 0.882538
3 0 0 1.04901

1
1 0 0 0.837559

1
1 0 0 0.817475

3
1 0 944 0.76447
2 0 0 0.938846
3 0 0 0.735503

3
1 0 8438 0.868211
2 0 0 0.888927
3 0 0 0.955388

3
1 0 994 0.834202
2 0 0 0.891573
3 0 0 0.71948

7
1 0 2980 0.889453
2 0 1805 0.922425
4 0 0 0.762751
5 0 0 0.934137
3 0 6189 1.03184
6 0 0 1.14275
7 0 0 0.9728

5
1 1 2 0.890765
2 0 0 0.910234
3 0 7628 0.960015
6 0 0 1.01483
7 0 0 0.985369

3
1 0 4232 0.789331
2 0 0 0.785535
3 0 0 0.761019

5
1 0 654 0.785479
2 0 0 0.877184
3 1 1 0.881371
6 0 0 1.01648
7 0 0 0.828439

3
1 0 9850 0.829513
2 0 0 0.808594
3 0 0 0.934176

3
1 1 1 0.864179
2 0 0 1.12337
3 0 0 0.878609

3
1 0 7884 0.855769
2 0 0 0.91098
3 0 0 0.898774

3
1 0 59 0.801787
2 0 0 1.08532
3 0 0 0.805783

3
1 1 1 0.975657
2 0 0 1.01945
3 0 0 0.793275

5
1 0 2167 0.841948
2 0 1010 0.733833
4 0 0 0.946147
5 0 0 0.747675
3 0 0 1.03083

3
1 0 139 0.804037
2 0 0 1.13787
3 0 0 0.809699

3
1 1 1 0.888039
2 0 0 1.06603
3 0 0 0.726061

1
1 0 0 0.850436

3
1 0 6541 0.942677
2 0 0 0.941666
3 0 0 1.06097

5
1 0 7661 0.960998
2 1 1 1.04357
4 0 0 1.0266
5 0 0 0.805694
3 0 0 1.00676

3
1 1 2 0.883324
2 0 0 0.845721
3 0 0 1.04013

3
1 1 1 0.80557
2 0 0 0.928788
3 0 0 0.798648

9
1 1 2 0.835238
2 2 3 0.880868
4 0 0 0.804492
5 0 0 1.01263
3 2 3 1.00232
6 2 2 0.965254
12 0 0 0.986145
13 0 0 0.884812
7 0 0 0.925252

5
1 1 2 0.807952
2 0 0 0.801653
3 0 4315 1.05557
6 0 0 1.01633
7 0 0 0.998988

3
1 1 1 0.892644
2 0 0 0.955966
3 0 0 0.865833

3
1 1 1 0.87402
2 0 0 0.979721
3 0 0 0.76839

3
1 0 389 0.804017
2 0 0 1.02734
3 0 0 0.842656

1
1 0 0 0.716096

5
1 1 1 0.881704
2 0 0 0.920649
3 0 2052 0.894443
6 0 0 0.810434
7 0 0 1.038

3
1 0 9472 0.813378
2 0 0 0.95552
3 0 0 1.03143

1
1 0 0 0.806707

5
1 0 3625 0.805132
2 2 4 0.912316
4 0 0 0.829555
5 0 0 1.13897
3 0 0 0.970992

5
1 0 1910 0.928685
2 0 0 0.784673
3 0 3532 1.04431
6 0 0 0.976393
7 0 0 0.988602

7
1 1 2 0.801066
2 0 0 0.821381
3 2 1 0.956984
6 0 9447 0.926566
12 0 0 0.937728
13 0 0 1.12838
7 0 0 1.0924

3
1 0 826 0.776672
2 0 0 0.952449
3 0 0 0.81289

3
1 0 283 0.762419
2 0 0 0.949579
3 0 0 0.746661

3
1 2 4 0.823485
2 0 0 0.900792
3 0 0 1.02752

3
1 0 537 0.745212
2 0 0 1.07134
3 0 0 0.638662

3
1 2 2 0.921356
2 0 0 0.890214
3 0 0 0.896844

3
1 0 7306 0.873284
2 0 0 0.849475
3 0 0 0.985029

3
1 0 8892 0.883664
2 0 0 0.833577
3 0 0 1.0121

3
1 1 1 0.864487
2 0 0 1.06603
3 0 0 0.822423

3
1 1 1 0.83973
2 0 0 0.97601
3 0 0 0.800019

3
1 0 3142 0.78782
2 0 0 0.857357
3 0 0 0.954438

3
1 1 1 0.835507
2 0 0 0.951819
3 0 0 0.925829

3
1 0 537 0.87007
2 0 0 1.00313
3 0 0 0.855078

3
1 1 2 0.880768
2 0 0 0.793561
3 0 0 0.89229

3
1 1 1 0.974691
2 0 0 0.933422
3 0 0 0.723322

5
1 0 3072 0.891346
2 0 0 0.812388
3 2 1 0.939266
6 0 0 1.03153
7 0 0 0.96121

3
1 1 2 0.921343
2 0 0 0.816454
3 0 0 0.950959

5
1 1 2 0.840016
2 0 0 0.913398
3 2 2 0.93806
6 0 0 0.981435
7 0 0 1.02513

3
1 1 2 0.912107
2 0 0 0.722745
3 0 0 0.783296

7
1 1 1 0.939365
2 0 0 1.23088
3 0 265 0.865157
6 0 0 0.998346
7 2 2 0.866096
14 0 0 0.863174
15 0 0 0.978944

5
1 2 3 0.982801
2 0 0 0.933632
3 0 3153 1.03673
6 0 0 0.987145
7 0 0 1.01298

3
1 0 3881 0.884119
2 0 0 0.829391
3 0 0 0.951847

3
1 1 2 0.850323
2 0 0 0.847075
3 0 0 1.02168

1
1 0 0 0.774209

5
1 1 1 0.870858
2 0 6240 1.01475
4 0 0 0.886282
5 0 0 1.0058
3 0 0 0.707298

5
1 0 53 0.677962
2 0 0 0.963875
3 1 1 0.762166
6 0 0 0.987961
7 0 0 0.804531

5
1 1 2 0.868074
2 0 0 0.748803
3 2 3 1.06636
6 0 0 1.07291
7 0 0 1.01203

3
1 1 1 0.902892
2 0 0 1.17744
3 0 0 0.748412

3
1 1 1 0.872799
2 0 0 1.03846
3 0 0 0.70933

3
1 0 879 0.83494
2 0 0 0.946689
3 0 0 0.819654

5
1 0 434 0.830863
2 0 0 1.01277
3 0 2077 0.889591
6 0 0 0.784368
7 0 0 1.10017

1
1 0 0 0.793679

3
1 0 998 0.844806
2 0 0 1.02132
3 0 0 0.827178

5
1 1 1 0.880201
2 0 0 1.07223
3 1 2 0.836608
6 0 0 0.804035
7 0 0 1.08718

3
1 0 2155 0.869951
2 0 0 0.709027
3 0 0 0.925481

3
1 0 9643 0.733128
2 0 0 0.728021
3 0 0 1.04869

3
1 0 7962 0.85551
2 0 0 0.845626
3 0 0 0.8762

5
1 2 3 0.903499
2 1 1 0.951689
4 0 0 0.968622
5 0 0 0.728623
3 0 0 0.957584

3
1 0 9888 0.800245
2 0 0 0.810704
3 0 0 0.936628

3
1 1 1 0.888598
2 0 0 1.06013
3 0 0 0.889427

1
1 0 0 0.799823

3
1 1 1 0.91052
2 0 0 1.12159
3 0 0 0.895287

3
1 0 6936 0.906679
2 0 0 0.89864
3 0 0 0.961084

3
1 0 6897 0.91184
2 0 0 0.89912
3 0 0 0.909721

3
1 1 2 0.866588
2 0 0 0.730408
3 0 0 0.980178

5
1 1 2 0.940204
2 0 0 0.825867
3 0 9729 1.03679
6 0 0 1.05185
7 0 0 1.02617

3
1 0 1919 0.965562
2 0 0 0.860777
3 0 0 0.972104

3
1 1 1 0.927834
2 0 0 0.987544
3 0 0 0.89805

9
1 1 2 0.870928
2 1 1 0.876919
4 0 164 1.0242
8 0 0 0.935931
9 0 0 1.04286
5 2 2 0.881779
10 0 0 0.838332
11 0 0 0.815952
3 0 0 0.945536

5
1 1 1 0.897727
2 0 7528 0.918336
4 0 0 1.06209
5 0 0 0.980278
3 0 0 0.748299

3
1 2 3 0.916844
2 0 0 0.932106
3 0 0 1.0397

9
1 0 2709 1.0224
2 0 1516 0.916329
4 0 0 0.833556
5 0 2416 0.969458
10 0 0 0.93351
11 0 0 0.998794
3 2 2 0.948113
6 0 0 0.98391
7 0 0 0.888799

3
1 2 4 0.886089
2 0 0 0.846628
3 0 0 0.921649

3
1 0 2706 0.92736
2 0 0 0.841259
3 0 0 1.01073

3
1 0 1562 0.915427
2 0 0 0.734064
3 0 0 1.10114

3
1 1 2 0.982364
2 0 0 0.801559
3 0 0 0.966104

1
1 0 0 0.749347

5
1 0 515 0.8286
2 2 1 0.939401
4 0 0 1.07142
5 0 0 1.00319
3 0 0 0.81252

3
1 1 1 0.851951
2 0 0 0.879427
3 0 0 0.792427

3
1 1 1 0.874904
2 0 0 1.02643
3 0 0 0.847198

3
1 0 9086 0.829856
2 0 0 0.773472
3 0 0 0.91071

5
1 0 462 0.811173
2 0 0 0.895599
3 0 5138 0.782285
6 0 0 0.84826
7 0 0 0.816915

3
1 1 1 1.03947
2 0 0 1.00772
3 0 0 0.784988

5
1 1 2 0.96386
2 0 0 1.01043
3 2 4 0.993498
6 0 0 1.02672
7 0 0 1.11766

3
1 0 1490 0.875004
2 0 0 0.884047
3 0 0 1.02325

5
1 1 2 0.867553
2 0 0 0.811972
3 0 8756 0.951208
6 0 0 0.988342
7 0 0 0.933419

5
1 1 2 0.885617
2 0 0 0.743881
3 0 9182 1.0593
6 0 0 1.02911
7 0 0 0.904514

3
1 2 2 0.859255
2 0 0 0.998429
3 0 0 0.894027

3
1 0 3731 0.908998
2 0 0 0.858335
3 0 0 0.98587

3
1 0 944 0.76447
2 0 0 0.998208
3 0 0 0.820085

3
1 0 1238 0.837577
2 0 0 0.863102
3 0 0 0.822782

3
1 0 7470 0.838568
2 0 0 0.769161
3 0 0 1.02649

3
1 1 1 0.788492
2 0 0 0.915305
3 0 0 0.74538

3
1 0 5302 0.902537
2 0 0 0.975643
3 0 0 0.95873

5
1 1 2 0.855637
2 0 0 0.753039
3 0 384 0.871228
6 0 0 1.00893
7 0 0 0.988967

1
1 0 0 0.766018

3
1 1 2 0.829941
2 0 0 0.814053
3 0 0 0.957224

3
1 0 709 1.04036
2 0 0 0.942933
3 0 0 0.865612

11
1 0 5000 0.856572
2 1 1 0.851872
4 0 0 0.918552
5 0 0 0.87432
3 2 4 1.03744
6 0 0 1.04627
7 0 6741 0.915254
14 0 0 0.996871
15 1 2 0.94798
30 0 0 0.992797
31 0 0 0.939539

3
1 1 1 0.822201
2 0 0 0.941966
3 0 0 0.801204

3
1 0 8550 0.873562
2 0 0 0.848174
3 0 0 1.01823

1
1 0 0 0.756883

7
1 1 2 0.84908
2 0 0 0.909336
3 2 4 0.914726
6 0 0 0.995234
7 0 4016 1.012
14 0 0 0.971777
15 0 0 1.08213

3
1 1 1 0.888039
2 0 0 0.972619
3 0 0 0.844313

5
1 0 9674 0.836772
2 1 1 0.851929
4 0 0 1.04587
5 0 0 0.83989
3 0 0 0.921504

1
1 0 0 0.801494

5
1 1 2 0.85534
2 0 2753 0.779551
4 0 0 0.882588
5 0 0 0.965844
3 0 0 0.947564

9
1 0 9970 0.91305
2 1 1 0.911635
4 2 1 1.01451
8 0 0 0.880028
9 2 2 0.95542
18 0 0 1.0569
19 0 0 0.913935
5 0 0 0.77828
3 0 0 0.856149

3
1 1 1 0.80557
2 0 0 1.02326
3 0 0 0.732038

5
1 1 2 0.867025
2 0 896 0.787927
4 0 0 0.980201
5 0 0 0.767262
3 0 0 0.891724

3
1 0 5393 0.919625
2 0 0 0.900043
3 0 0 0.897409

3
1 0 2084 0.83023
2 0 0 0.783339
3 0 0 0.888499

3
1 1 1 0.87402
2 0 0 1.19253
3 0 0 0.724652

3
1 1 1 0.813337
2 0 0 0.983136
3 0 0 0.769383

1
1 0 0 0.813019

3
1 1 1 0.838218
2 0 0 0.979825
3 0 0 0.787334

7
1 0 781 0.869829
2 0 0 1.00214
3 1 2 0.863123
6 0 0 0.688928
7 2 2 0.948095
14 0 0 0.914977
15 0 0 1.07849

5
1 0 8276 0.852464
2 0 562 0.887311
4 0 0 1.00468
5 0 0 0.86215
3 0 0 0.956947

3
1 1 1 0.841963
2 0 0 1.02336
3 0 0 0.815992

7
1 1 2 0.824275
2 1 1 0.936951
4 0 0 1.03736
5 0 0 0.741837
3 0 7860 0.944126
6 0 0 0.93552
7 0 0 0.903164

3
1 1 2 0.901865
2 0 0 0.874025
3 0 0 0.999318

3
1 0 2485 0.869968
2 0 0 0.851357
3 0 0 1.02935

3
1 1 1 0.853799
2 0 0 0.987785
3 0 0 0.837083

7
1 1 2 0.957562
2 0 0 0.730118
3 0 6820 0.923281
6 2 3 0.924525
12 0 0 0.942424
13 0 0 0.98132
7 0 0 0.996789

3
1 1 2 0.907993
2 0 0 0.7864
3 0 0 0.947792

3
1 0 9155 0.978655
2 0 0 0.954128
3 0 0 0.924485

3
1 1 2 0.866816
2 0 0 0.867653
3 0 0 0.895659

3
1 0 8892 0.883664
2 0 0 0.730203
3 0 0 1.01288

1
1 0 0 0.799735

3
1 0 8442 0.842688
2 0 0 0.835751
3 0 0 0.960278

7
1 0 3142 0.78782
2 0 3040 0.835373
4 0 0 0.89466
5 0 0 1.04012
3 1 1 1.0376
6 0 0 0.848933
7 0 0 1.00633

5
1 0 559 0.853739
2 0 297 1.04189
4 0 0 0.965367
5 0 0 0.996876
3 0 0 0.851319

3
1 1 2 0.868971
2 0 0 0.769085
3 0 0 0.916113

3
1 1 1 0.841924
2 0 0 1.01647
3 0 0 0.814491

1
1 0 0 0.831894

7
1 1 2 0.811191
2 0 0 0.879258
3 2 4 1.00924
6 0 1062 0.937268
12 0 0 0.999418
13 0 0 0.922195
7 0 0 1.06373

7
1 0 2805 0.828868
2 0 0 0.820133
3 1 1 0.947091
6 0 8789 0.967556
12 0 0 0.983434
13 0 0 0.993231
7 0 0 0.987664

3
1 1 1 0.904737
2 0 0 0.926271
3 0 0 0.75614

3
1 2 4 0.827551
2 0 0 0.801875
3 0 0 0.980743

5
1 0 7230 0.877942
2 0 0 0.875633
3 1 2 0.961322
6 0 0 0.957825
7 0 0 0.931028

3
1 0 5814 0.885956
2 0 0 0.912134
3 0 0 0.948119

7
1 1 1 0.835258
2 2 2 1.0205
4 0 0 1.16554
5 2 3 0.968238
10 0 0 1.08633
11 0 0 1.03722
3 0 0 0.830044

5
1 0 366 0.889952
2 0 0 1.00195
3 0 9501 0.838369
6 0 0 0.806849
7 0 0 0.908196

3
1 1 1 0.92565
2 0 0 1.06366
3 0 0 0.798129

3
1 1 1 0.870858
2 0 0 0.98783
3 0 0 0.855769

1
1 0 0 0.80371

1
1 0 0 0.799711

1
1 0 0 0.877284

3
1 1 1 0.872799
2 0 0 1.09331
3 0 0 0.859562

3
1 1 1 0.811927
2 0 0 1.05745
3 0 0 0.802758

1
1 0 0 0.734825

5
1 1 1 0.83309
2 0 0 1.15998
3 1 2 0.940009
6 0 0 0.812368
7 0 0 1.02899

3
1 1 1 0.858568
2 0 0 1.03181
3 0 0 0.890921

3
1 0 9172 0.848545
2 0 0 0.776321
3 0 0 0.977325

3
1 0 4751 0.930046
2 0 0 0.795384
3 0 0 0.955124

5
1 1 1 0.798016
2 0 4924 1.04595
4 0 0 1.04104
5 0 0 1.27317
3 0 0 0.858592

7
1 2 3 0.903071
2 2 2 0.918534
4 1 2 0.946661
8 0 0 0.83639
9 0 0 1.12
5 0 0 0.970666
3 0 0 1.01757

3
1 2 1 0.867551
2 0 0 0.865473
3 0 0 0.842742

1
1 0 0 0.889007

3
1 0 1625 0.880959
2 0 0 0.8002
3 0 0 0.905894

1
1 0 0 0.799944

3
1 1 1 0.91052
2 0 0 0.899478
3 0 0 0.795997

3
1 1 1 0.813588
2 0 0 0.883165
3 0 0 0.737411

1
1 0 0 0.742064

3
1 1 2 0.9346
2 0 0 0.766553
3 0 0 0.98013

3
1 1 2 0.940204
2 0 0 0.78083
3 0 0 0.979876

3
1 2 4 0.90113
2 0 0 0.85576
3 0 0 0.969604

3
1 2 3 0.924375
2 0 0 0.951806
3 0 0 0.944535

3
1 1 2 0.870928
2 0 0 0.809138
3 0 0 1.00155

3
1 1 1 0.897727
2 0 0 1.07453
3 0 0 0.787533

5
1 1 1 0.879465
2 0 0 0.959346
3 1 2 0.873779
6 0 0 0.84612
7 0 0 0.916671

9
1 0 2709 1.0224
2 0 0 0.817105
3 0 7222 0.957958
6 0 4128 1.00536
12 0 0 0.934384
13 0 0 1.04314
7 1 2 1.07266
14 0 0 1.00348
15 0 0 1.00609

5
1 0 5412 1.02253
2 0 1668 1.01882
4 0 0 0.774219
5 0 0 1.08999
3 0 0 0.940399

3
1 0 1830 0.846042
2 0 0 0.831271
3 0 0 0.972181

5
1 0 1562 0.915427
2 0 0 0.884714
3 2 1 1.00102
6 0 0 1.0411
7 0 0 0.900363

3
1 2 2 0.862847
2 0 0 0.835885
3 0 0 0.932809

1
1 0 0 0.836917

3
1 1 1 0.807691
2 0 0 0.982798
3 0 0 0.855977

3
1 0 3656 0.901724
2 0 0 0.867541
3 0 0 0.964517

3
1 1 1 0.874904
2 0 0 1.02015
3 0 0 0.758742

3
1 1 2 0.942228
2 0 0 0.956758
3 0 0 1.12487

5
1 1 1 0.766701
2 2 3 0.981778
4 0 0 0.974363
5 0 0 0.978783
3 0 0 0.786115

5
1 2 2 0.861597
2 0 0 0.904532
3 1 2 0.986515
6 0 0 0.856062
7 0 0 0.956053

5
1 1 1 0.919928
2 2 2 1.05061
4 0 0 0.995111
5 0 0 0.970933
3 0 0 0.76742

3
1 0 7740 0.838057
2 0 0 0.821675
3 0 0 1.00026

7
1 0 4315 0.842662
2 0 3416 0.794691
4 0 0 0.77062
5 0 0 1.10894
3 2 4 0.959455
6 0 0 0.917265
7 0 0 0.871663

3
1 1 2 0.885617
2 0 0 0.880624
3 0 0 0.994791

3
1 1 1 0.974641
2 0 0 0.984755
3 0 0 0.973696

3
1 0 9670 0.913568
2 0 0 0.736447
3 0 0 1.03192

3
1 0 5584 0.898688
2 0 0 0.899021
3 0 0 0.990733

3
1 0 5405 0.963492
2 0 0 0.889358
3 0 0 1.02926

3
1 0 1017 0.792991
2 0 0 0.907797
3 0 0 0.763052

3
1 2 2 0.900038
2 0 0 0.895442
3 0 0 1.00767

3
1 0 8866 0.874564
2 0 0 0.831553
3 0 0 1.00718

5
1 1 2 0.855637
2 0 0 0.844295
3 0 5353 0.973282
6 0 0 0.831829
7 0 0 1.08843

5
1 2 4 0.927461
2 0 1697 0.895058
4 0 0 0.784447
5 0 0 0.951725
3 0 0 1.01374

5
1 1 2 0.829941
2 0 9880 0.771306
4 0 0 0.792203
5 0 0 0.9787
3 0 0 1.01757

3
1 1 1 0.853454
2 0 0 0.914657
3 0 0 0.749959

3
1 0 3098 0.860411
2 0 0 0.842671
3 0 0 0.941507

3
1 1 1 0.822201
2 0 0 0.894598
3 0 0 0.694498

3
1 0 925 0.826519
2 0 0 1.00754
3 0 0 0.764976

3
1 2 3 0.80546
2 0 0 0.847494
3 0 0 0.98695

1
1 0 0 0.769162

3
1 0 1116 0.923427
2 0 0 1.04386
3 0 0 0.70566

3
1 0 4058 0.93206
2 0 0 0.924605
3 0 0 0.987588

3
1 1 2 0.861903
2 0 0 0.724075
3 0 0 0.965722

3
1 2 1 0.861888
2 0 0 0.898037
3 0 0 0.92891

3
1 0 7747 0.902255
2 0 0 0.844341
3 0 0 1.03957

3
1 0 6872 0.875168
2 0 0 0.886387
3 0 0 1.03221

7
1 1 2 0.867025
2 0 0 0.774641
3 0 638 0.955375
6 0 0 0.969623
7 0 1834 0.938019
14 0 0 0.957371
15 0 0 0.91993

5
1 1 1 0.787136
2 0 9288 1.05602
4 0 0 0.982743
5 0 0 0.985403
3 0 0 0.817575

3
1 1 1 0.866002
2 0 0 1.00183
3 0 0 0.837281

1
1 0 0 0.674059

3
1 1 2 0.980385
2 0 0 0.893194
3 0 0 0.953945

1
1 0 0 0.794074

5
1 1 1 0.838218
2 0 0 1.04664
3 2 3 0.818243
6 0 0 0.720897
7 0 0 0.981838

5
1 0 781 0.869829
2 0 0 1.0834
3 2 2 0.864544
6 0 0 0.824921
7 0 0 1.02029

1
1 0 0 0.774751

5
1 0 8398 0.831005
2 1 2 0.924704
4 0 0 0.918838
5 0 0 1.01267
3 0 0 0.992728

9
1 1 2 0.824275
2 1 1 0.936951
4 0 0 0.908417
5 0 0 0.785614
3 0 254 1.03661
6 0 0 0.946121
7 0 6759 1.00338
14 0 0 0.979746
15 0 0 1.00172

3
1 1 1 0.90809
2 0 0 1.05821
3 0 0 0.843087

1
1 0 0 0.700419

5
1 0 995 0.850536
2 0 621 0.954265
4 0 0 1.00164
5 0 0 0.904225
3 0 0 0.892424

9
1 2 3 0.913185
2 0 0 0.820722
3 2 4 0.93038
6 0 9278 0.892759
12 0 0 1.04253
13 0 0 0.983013
7 1 1 1.01558
14 0 0 0.935701
15 0 0 1.09356

3
1 0 4986 0.886619
2 0 0 0.86857
3 0 0 0.959996

1
1 0 0 0.77354

3
1 1 2 0.844732
2 0 0 0.890825
3 0 0 1.0414

1
1 0 0 0.837478

5
1 1 2 0.914866
2 0 0 0.806665
3 2 4 0.966426
6 0 0 0.971939
7 0 0 0.861943

7
1 0 4821 0.892362
2 0 3265 0.91369
4 0 0 0.81302
5 0 0 0.978691
3 1 1 0.928514
6 0 0 0.863578
7 0 0 0.89369

3
1 2 3 0.897091
2 0 0 0.798088
3 0 0 0.920536

5
1 0 812 0.82084
2 0 0 1.05598
3 1 1 0.862927
6 0 0 0.977162
7 0 0 0.704387

3
1 1 2 0.868971
2 0 0 0.78493
3 0 0 0.98022

3
1 1 1 0.841924
2 0 0 1.05303
3 0 0 0.868577

3
1 1 1 0.845131
2 0 0 0.982738
3 0 0 0.838146

1
1 0 0 0.760017

3
1 0 2805 0.828868
2 0 0 0.911425
3 0 0 0.941098

3
1 1 1 0.904737
2 0 0 1.00549
3 0 0 0.816741

3
1 1 1 0.877765
2 0 0 1.05553
3 0 0 0.828499

5
1 2 4 0.886539
2 0 3311 0.910967
4 0 0 0.820983
5 0 0 1.00628
3 0 0 1.00142

7
1 1 2 0.939748
2 0 4738 0.993153
4 0 0 0.875161
5 1 1 0.989999
10 0 0 1.02019
11 0 0 0.898479
3 0 0 0.970115

1
1 0 0 0.85483

5
1 2 4 0.904665
2 0 2536 0.90932
4 0 0 0.800315
5 0 0 1.08349
3 0 0 0.95376

7
1 0 882 0.854369
2 2 3 1.11139
4 0 0 1.05428
5 2 4 0.987735
10 0 0 0.935187
11 0 0 1.02429
3 0 0 0.757541

3
1 2 1 0.891066
2 0 0 0.957727
3 0 0 0.874684

3
1 0 2346 0.930991
2 0 0 0.777846
3 0 0 0.990208

1
1 0 0 0.738757

3
1 1 2 0.7964
2 0 0 0.756642
3 0 0 0.953217

5
1 0 49 0.834048
2 0 0 0.964059
3 0 917 0.854721
6 0 0 0.956234
7 0 0 0.8718

3
1 1 1 0.846787
2 0 0 1.09566
3 0 0 0.71838

5
1 1 1 0.77536
2 0 0 0.870413
3 1 2 0.893263
6 0 0 0.875646
7 0 0 1.00309

3
1 0 9307 0.825275
2 0 0 0.81011
3 0 0 0.985882

3
1 0 2618 0.914915
2 0 0 0.881185
3 0 0 1.02682

3
1 1 1 0.850808
2 0 0 0.919376
3 0 0 0.764558

3
1 0 4751 0.930046
2 0 0 0.71564
3 0 0 0.934364

3
1 1 1 0.798016
2 0 0 1.00738
3 0 0 0.715893

3
1 1 1 0.915337
2 0 0 1.0836
3 0 0 0.810705

1
1 0 0 0.835006

3
1 1 1 0.892428
2 0 0 1.08724
3 0 0 0.798168

3
1 0 1625 0.880959
2 0 0 0.726625
3 0 0 1.08252

5
1 0 8176 0.866041
2 0 0 0.827814
3 0 8763 0.885107
6 0 0 0.967649
7 0 0 1.11206

3
1 1 1 0.91052
2 0 0 1.06295
3 0 0 0.921754

3
1 0 1028 0.839441
2 0 0 1.12553
3 0 0 0.774916

1
1 0 0 0.817326

1
1 0 0 0.795618

3
1 1 2 0.940204
2 0 0 0.85232
3 0 0 1.06195

3
1 1 2 0.897086
2 0 0 0.830151
3 0 0 0.936778

3
1 1 1 0.941353
2 0 0 1.06869
3 0 0 0.858138

3
1 1 1 0.852499
2 0 0 1.036
3 0 0 0.804125

3
1 0 2803 0.829651
2 0 0 0.816705
3 0 0 0.844668

5
1 0 5314 0.881806
2 0 0 0.845233
3 0 8198 0.928082
6 0 0 0.935892
7 0 0 0.929691

1
1 0 0 0.950243

3
1 1 1 0.944168
2 0 0 0.929979
3 0 0 0.897139

3
1 0 1830 0.846042
2 0 0 0.700519
3 0 0 0.979529

3
1 1 2 0.828563
2 0 0 0.761268
3 0 0 1.03422

3
1 1 2 0.898144
2 0 0 0.781552
3 0 0 0.957392

1
1 0 0 0.859278

5
1 1 1 0.807691
2 0 2245 0.941178
4 0 0 0.995144
5 0 0 0.939394
3 0 0 0.806294

3
1 1 1 1.00316
2 0 0 1.02604
3 0 0 0.855004

7
1 1 1 0.874904
2 0 6153 0.999196
4 0 0 1.09959
5 0 8506 0.916812
10 0 0 0.957959
11 0 0 0.89662
3 0 0 0.845163

3
1 1 2 0.918945
2 0 0 0.870456
3 0 0 0.965309

3
1 1 1 0.766701
2 0 0 1.042
3 0 0 0.921794

1
1 0 0 0.755409

5
1 0 41 0.833113
2 0 0 0.911219
3 1 1 0.936663
6 0 0 1.07861
7 0 0 0.908795

3
1 1 1 0.855133
2 0 0 0.952855
3 0 0 0.84137

3
1 1 2 0.935512
2 0 0 0.839794
3 0 0 0.906893

7
1 0 284 0.821906
2 0 0 0.998336
3 0 6011 0.830365
6 0 0 0.821075
7 1 1 1.0371
14 0 0 0.888067
15 0 0 1.06374

3
1 1 1 0.85094
2 0 0 1.06233
3 0 0 0.794094

3
1 0 5564 0.878126
2 0 0 0.879208
3 0 0 0.868679

5
1 1 1 0.915602
2 0 0 0.899312
3 1 2 0.867889
6 0 0 0.823639
7 0 0 1.14322

7
1 0 367 0.767215
2 1 2 1.04519
4 2 3 1.09832
8 0 0 0.961136
9 0 0 0.976462
5 0 0 1.06767
3 0 0 0.815317

3
1 1 1 0.809784
2 0 0 0.939372
3 0 0 0.727916

3
1 2 1 0.863094
2 0 0 0.813366
3 0 0 0.918425

5
1 0 512 0.789895
2 0 0 1.06462
3 0 2268 0.85132
6 0 0 0.818955
7 0 0 0.858124

5
1 1 2 0.855637
2 0 0 0.865105
3 0 2945 1.03202
6 0 0 1.04754
7 0 0 1.00253

3
1 1 1 0.78569
2 0 0 1.00376
3 0 0 0.773028

5
1 1 2 0.829941
2 0 0 0.833488
3 2 2 1.04831
6 0 0 1.01489
7 0 0 1.00831

3
1 0 2848 0.87682
2 0 0 0.732884
3 0 0 1.01811

3
1 0 3098 0.860411
2 0 0 0.861076
3 0 0 1.1537

3
1 1 1 0.822201
2 0 0 0.934711
3 0 0 0.779022

5
1 1 2 0.865472
2 0 0 0.911182
3 0 1502 0.983566
6 0 0 0.932612
7 0 0 1.01021

3
1 0 773 0.840567
2 0 0 1.00819
3 0 0 0.706791

3
1 0 1162 0.888439
2 0 0 0.903351
3 0 0 0.89412

1
1 0 0 0.89653

3
1 0 420 0.86106
2 0 0 0.938569
3 0 0 0.814018

9
1 1 2 0.820965
2 0 0 0.780012
3 0 9797 1.04429
6 0 1515 1.0393
12 0 0 1.01547
13 0 0 1.04964
7 0 9926 1.01612
14 0 0 1.01486
15 0 0 0.936256

1
1 0 0 0.72495

3
1 0 7747 0.902255
2 0 0 0.833378
3 0 0 0.99842

5
1 1 1 0.881077
2 0 479 0.905728
4 0 0 1.02605
5 0 0 0.932776
3 0 0 0.877901

3
1 0 2347 0.830598
2 0 0 0.812891
3 0 0 0.907339

1
1 0 0 0.813454

3
1 1 2 0.922795
2 0 0 0.74607
3 0 0 0.923838

3
1 2 4 0.742466
2 0 0 0.671874
3 0 0 1.01185

3
1 1 1 0.888119
2 0 0 1.03263
3 0 0 0.813673

5
1 0 1025 0.783302
2 0 818 0.955541
4 0 0 0.895002
5 0 0 1.07172
3 0 0 0.839421

3
1 1 1 0.838218
2 0 0 1.03687
3 0 0 0.784865

5
1 0 1105 0.871123
2 0 674 0.909099
4 0 0 0.933182
5 0 0 0.897122
3 0 0 0.740552

1
1 0 0 0.839922

3
1 0 262 0.820151
2 0 0 1.02063
3 0 0 0.786543

3
1 0 7166 0.922279
2 0 0 0.761465
3 0 0 0.936886

3
1 1 1 0.826369
2 0 0 0.960037
3 0 0 0.733694

3
1 2 3 0.932005
2 0 0 0.90171
3 0 0 0.942359

3
1 1 2 0.906281
2 0 0 0.736932
3 0 0 0.980755

3
1 0 9645 0.861183
2 0 0 0.90206
3 0 0 0.884153

3
1 2 3 0.874565
2 0 0 0.852093
3 0 0 0.902716

3
1 1 2 0.9017
2 0 0 0.799081
3 0 0 1.00927

5
1 0 4359 0.934431
2 0 0 0.970511
3 2 2 0.985742
6 0 0 1.06346
7 0 0 0.928699

1
1 0 0 0.838644

3
1 1 2 0.914866
2 0 0 0.890479
3 0 0 0.990724

3
1 1 1 0.865098
2 0 0 0.888319
3 0 0 0.768673

5
1 1 2 0.902162
2 0 0 0.879202
3 2 2 0.977338
6 0 0 0.905464
7 0 0 1.14821

5
1 0 9279 0.822509
2 0 604 0.900622
4 0 0 0.952976
5 0 0 0.899704
3 0 0 0.981756

3
1 1 2 0.756379
2 0 0 0.743059
3 0 0 0.849946

3
1 1 1 0.841924
2 0 0 1.09236
3 0 0 0.728203

3
1 1 1 0.884501
2 0 0 0.99994
3 0 0 0.904626

3
1 0 9479 0.815712
2 0 0 0.84544
3 0 0 0.950322

3
1 1 1 0.89972
2 0 0 0.996542
3 0 0 0.691225

3
1 0 8916 0.913388
2 0 0 0.913526
3 0 0 0.979877

3
1 0 5335 0.923908
2 0 0 0.87074
3 0 0 1.02754

1
1 0 0 0.854288

11
1 0 2265 0.800165
2 0 669 0.803352
4 0 0 1.02582
5 1 1 0.87884
10 2 1 0.991008
20 0 0 1.0269
21 0 0 1.068
11 0 0 0.846743
3 0 2292 1.02928
6 0 0 0.952578
7 0 0 0.972666

3
1 1 1 0.948978
2 0 0 0.939591
3 0 0 0.885834

7
1 2 4 0.904665
2 0 2536 0.90932
4 0 0 0.749551
5 0 0 0.966576
3 1 1 0.973452
6 0 0 0.917842
7 0 0 0.957729

3
1 0 882 0.854369
2 0 0 1.00281
3 0 0 0.742487

5
1 1 1 0.848526
2 0 7328 0.934853
4 0 0 0.955833
5 0 0 0.905322
3 0 0 0.719647

3
1 0 2346 0.930991
2 0 0 0.86762
3 0 0 1.01717

3
1 1 1 0.924474
2 0 0 1.00327
3 0 0 0.842814

3
1 1 1 0.937914
2 0 0 0.898973
3 0 0 0.829684

3
1 0 261 0.877907
2 0 0 1.21982
3 0 0 0.89518

3
1 1 1 0.846787
2 0 0 1.00379
3 0 0 0.801387

3
1 1 2 0.849582
2 0 0 0.846065
3 0 0 0.953168

3
1 1 1 0.779659
2 0 0 0.928665
3 0 0 0.738065

3
1 2 2 0.909747
2 0 0 0.854151
3 0 0 0.964172

3
1 2 3 0.892183
2 0 0 0.878802
3 0 0 1.09214

9
1 0 4751 0.930046
2 1 1 0.820371
4 0 0 1.03509
5 0 2586 0.840582
10 0 0 0.820208
11 0 0 0.983097
3 1 2 1.00566
6 0 0 1.08353
7 0 0 0.897078

3
1 1 1 0.798016
2 0 0 0.959928
3 0 0 0.729698

3
1 1 1 0.915337
2 0 0 1.06003
3 0 0 0.84937

3
1 0 6506 0.837671
2 0 0 0.769352
3 0 0 0.987656

3
1 0 337 0.780075
2 0 0 0.937868
3 0 0 0.753346

1
1 0 0 0.804389

5
1 0 864 0.834898
2 0 321 1.08649
4 0 0 0.959109
5 0 0 0.999551
3 0 0 0.854428

5
1 2 4 0.818146
2 0 0 0.834499
3 0 4890 0.985711
6 0 0 1.06645
7 0 0 0.887634

1
1 0 0 0.774626

1
1 0 0 0.786125

3
1 1 1 0.828231
2 0 0 1.00994
3 0 0 0.795647

3
1 1 2 0.940204
2 0 0 0.840513
3 0 0 1.00701

5
1 1 1 0.814554
2 0 0 1.1125
3 0 1226 0.881036
6 0 0 1.11153
7 0 0 0.839374

3
1 0 9497 0.749273
2 0 0 0.923541
3 0 0 1.04957

1
1 0 0 0.808681

3
1 0 2803 0.829651
2 0 0 0.74263
3 0 0 1.06049

1
1 0 0 0.875032

3
1 1 1 0.921917
2 0 0 0.872125
3 0 0 0.869278

5
1 1 1 0.86224
2 0 0 1.03401
3 0 2853 0.918177
6 0 0 0.849494
7 0 0 1.10681

9
1 0 1830 0.846042
2 1 2 0.84488
4 0 0 0.84976
5 0 0 0.926747
3 1 1 1.01481
6 2 4 1.14169
12 0 0 1.05623
13 0 0 0.952692
7 0 0 1.06166

3
1 1 1 0.804943
2 0 0 1.02465
3 0 0 0.864614

3
1 0 9100 0.874234
2 0 0 0.752567
3 0 0 1.10667

3
1 1 2 0.869959
2 0 0 0.85567
3 0 0 0.961202

5
1 1 2 0.852386
2 0 0 0.695299
3 2 3 1.03796
6 0 0 0.960991
7 0 0 0.889527

3
1 1 1 1.00316
2 0 0 1.1045
3 0 0 0.819615

3
1 2 1 0.88323
2 0 0 0.896992
3 0 0 1.04331

3
1 1 1 0.917904
2 0 0 0.943855
3 0 0 0.810303

3
1 0 472 0.829034
2 0 0 0.975197
3 0 0 0.75689

3
1 0 4266 0.857643
2 0 0 0.788163
3 0 0 0.937269

1
1 0 0 0.799058

3
1 1 2 0.804051
2 0 0 0.90848
3 0 0 1.15575

3
1 1 1 0.897254
2 0 0 1.11324
3 0 0 0.668872

9
1 0 9059 0.9083
2 0 1765 0.925067
4 0 0 0.833898
5 0 4901 1.02611
10 0 0 0.957948
11 0 0 1.04356
3 2 3 0.923449
6 0 0 1.15296
7 0 0 1.01708

1
1 0 0 0.773658

5
1 1 2 0.932991
2 2 1 0.938708
4 0 0 1.02537
5 0 0 0.909923
3 0 0 0.850008

3
1 1 2 0.965978
2 0 0 0.938125
3 0 0 0.922533

1
1 0 0 0.90125

3
1 1 2 0.878435
2 0 0 0.859536
3 0 0 1.097

3
1 0 1160 0.809333
2 0 0 0.913475
3 0 0 0.814804

5
1 1 1 0.83608
2 2 4 1.02581
4 0 0 1.07422
5 0 0 0.91123
3 0 0 0.798614

5
1 1 2 0.855637
2 0 213 0.746791
4 0 0 0.928597
5 0 0 0.792112
3 0 0 1.09314

3
1 1 1 0.78569
2 0 0 1.03427
3 0 0 0.742403

3
1 1 1 0.850887
2 0 0 0.963298
3 0 0 0.857431

3
1 0 9891 0.851465
2 0 0 0.882357
3 0 0 0.886695

9
1 0 3098 0.860411
2 0 1484 0.937097
4 0 0 0.833055
5 0 2710 1.04069
10 0 0 0.93011
11 0 0 0.941246
3 2 3 0.956754
6 0 0 0.97774
7 0 0 0.909179

3
1 0 2711 0.844234
2 0 0 0.964699
3 0 0 1.0571

1
1 0 0 0.825278

3
1 0 7170 0.827775
2 0 0 0.800889
3 0 0 0.913934

5
1 1 2 0.834958
2 0 0 0.731275
3 0 9015 0.9333
6 0 0 0.849344
7 0 0 1.01446

3
1 1 2 0.872251
2 0 0 0.817338
3 0 0 1.10955

3
1 0 8496 0.842704
2 0 0 0.901636
3 0 0 1.06884

3
1 1 2 0.820965
2 0 0 0.906006
3 0 0 1.02443

5
1 0 6688 0.811078
2 0 548 0.849003
4 0 0 0.989172
5 0 0 0.836436
3 0 0 0.915743

5
1 1 2 0.845708
2 0 0 0.757015
3 0 1375 1.04232
6 0 0 0.996957
7 0 0 1.06125

3
1 1 2 0.870861
2 0 0 0.799678
3 0 0 1.01085

3
1 0 2347 0.830598
2 0 0 0.714564
3 0 0 1.02635

7
1 0 1124 0.8082
2 0 0 1.04592
3 0 9379 0.833842
6 0 0 0.740185
7 0 9800 0.915965
14 0 0 0.974832
15 0 0 0.989913

3
1 0 479 0.934184
2 0 0 1.06084
3 0 0 0.93787

7
1 2 4 0.742466
2 0 1865 1.00936
4 1 1 0.878088
8 0 0 1.08869
9 0 0 0.82878
5 0 0 1.05202
3 0 0 1.02982

3
1 1 1 0.888119
2 0 0 0.882761
3 0 0 0.756745

7
1 1 1 0.855436
2 2 3 0.959081
4 0 0 0.967318
5 2 4 0.968328
10 0 0 1.06041
11 0 0 1.07773
3 0 0 0.78989

3
1 1 2 0.804721
2 0 0 0.746005
3 0 0 1.10214

3
1 0 3993 0.797547
2 0 0 0.776953
3 0 0 0.892545

3
1 1 2 0.893897
2 0 0 0.827074
3 0 0 0.890135

1
1 0 0 0.779233

3
1 0 9655 0.736253
2 0 0 0.711111
3 0 0 0.996444

3
1 1 1 0.826369
2 0 0 1.00277
3 0 0 0.768167

3
1 0 7573 0.757512
2 0 0 0.705475
3 0 0 0.904248

1
1 0 0 0.651215

3
1 1 2 0.839975
2 0 0 0.902253
3 0 0 0.982896

5
1 1 1 0.845822
2 0 6105 1.07303
4 0 0 1.04519
5 0 0 0.993604
3 0 0 0.809653

1
1 0 0 0.787934

7
1 1 1 0.878171
2 0 7061 1.01387
4 0 1413 0.934426
8 0 0 0.953016
9 0 0 0.919223
5 0 0 0.979381
3 0 0 0.924072

5
1 1 2 0.857046
2 0 0 0.856273
3 2 1 1.06734
6 0 0 1.05094
7 0 0 1.10224

3
1 1 2 0.914866
2 0 0 0.831132
3 0 0 1.03314

3
1 1 1 0.918986
2 0 0 0.904353
3 0 0 0.728042

5
1 1 2 0.902162
2 0 0 0.778951
3 2 4 0.937238
6 0 0 1.04473
7 0 0 1.01741

5
1 1 2 0.854019
2 0 8813 0.924548
4 0 0 0.867676
5 0 0 0.954167
3 0 0 0.897412

3
1 1 2 0.756379
2 0 0 0.828842
3 0 0 1.05686

3
1 1 2 0.871205
2 0 0 0.827437
3 0 0 0.919714

5
1 0 2356 0.892558
2 1 1 0.956039
4 0 0 1.00357
5 0 0 0.851966
3 0 0 0.907543

3
1 0 1901 0.901206
2 0 0 0.767548
3 0 0 1.02034

3
1 1 1 0.89972
2 0 0 0.961509
3 0 0 0.687347

3
1 2 3 0.880489
2 0 0 0.87342
3 0 0 0.899401

7
1 0 5335 0.923908
2 0 900 0.787868
4 0 0 0.9962
5 0 0 0.785497
3 2 2 0.935169
6 0 0 0.946922
7 0 0 1.0189

1
1 0 0 0.715256

7
1 2 3 0.932076
2 0 573 0.85068
4 0 0 1.10579
5 1 1 0.840494
10 0 0 0.964546
11 0 0 0.870342
3 0 0 0.92277

3
1 1 2 0.885516
2 0 0 0.815823
3 0 0 1.00862

5
1 1 1 0.867727
2 0 2656 1.09659
4 0 0 1.10278
5 0 0 1.14506
3 0 0 0.786706

3
1 1 1 0.951521
2 0 0 1.02564
3 0 0 0.80992

3
1 1 2 0.822713
2 0 0 0.778957
3 0 0 1.04274

3
1 0 2346 0.930991
2 0 0 0.994606
3 0 0 0.994571

3
1 1 1 0.924474
2 0 0 1.02579
3 0 0 0.948218

7
1 2 3 0.865796
2 1 1 0.830407
4 0 0 0.966306
5 0 0 0.774759
3 0 1145 0.926746
6 0 0 1.10953
7 0 0 0.992783

1
1 0 0 0.746421

3
1 1 1 0.846787
2 0 0 0.883424
3 0 0 0.756861

3
1 1 1 0.897157
2 0 0 0.908275
3 0 0 0.878237

5
1 1 2 0.889479
2 0 0 0.790379
3 0 6125 1.00299
6 0 0 1.02791
7 0 0 1.07098

3
1 0 7699 0.939441
2 0 0 0.887118
3 0 0 0.96775

3
1 0 7714 0.923915
2 0 0 0.86905
3 0 0 0.979195

1
1 0 0 0.822144

3
1 1 1 0.798016
2 0 0 1.12054
3 0 0 0.852375

3
1 1 1 0.915337
2 0 0 0.994709
3 0 0 0.687412

3
1 1 2 0.898833
2 0 0 0.891818
3 0 0 0.948003

3
1 0 9492 0.935949
2 0 0 0.949875
3 0 0 1.03249

3
1 1 1 0.926898
2 0 0 0.944413
3 0 0 0.930177

5
1 0 6340 0.88427
2 2 4 0.99383
4 0 0 0.938497
5 0 0 1.05388
3 0 0 0.891415

3
1 1 1 0.869575
2 0 0 0.991679
3 0 0 0.758587

5
1 0 1256 0.779203
2 2 2 0.978801
4 0 0 1.04304
5 0 0 0.938558
3 0 0 0.959276

3
1 0 8424 0.833522
2 0 0 0.805436
3 0 0 0.940997

5
1 0 69 0.764652
2 1 1 0.982895
4 0 0 0.960404
5 0 0 0.997753
3 0 0 0.7934

5
1 1 1 0.783754
2 0 0 0.967986
3 0 4068 0.829475
6 0 0 0.826641
7 0 0 1.02065

1
1 0 0 0.699662

3
1 0 1121 0.87733
2 0 0 0.972928
3 0 0 0.769836

3
1 1 1 0.865861
2 0 0 0.995402
3 0 0 0.859202

5
1 0 4949 0.868749
2 1 1 0.956441
4 0 0 1.03323
5 0 0 0.923537
3 0 0 0.937367

5
1 0 1866 0.91828
2 1 1 0.827389
4 0 0 1.02699
5 0 0 0.86567
3 0 0 1.00088

1
1 0 0 0.804648

3
1 1 1 0.86224
2 0 0 1.00711
3 0 0 0.856786

7
1 0 1830 0.846042
2 0 0 0.88671
3 0 7165 0.984844
6 0 0 0.936259
7 2 3 0.933791
14 0 0 0.937439
15 0 0 0.906158

3
1 2 4 0.841882
2 0 0 0.839877
3 0 0 0.868567

3
1 0 7032 0.871857
2 0 0 0.816986
3 0 0 0.939142

5
1 1 1 0.825622
2 0 0 1.10235
3 0 9683 0.773002
6 0 0 0.776672
7 0 0 0.916836

3
1 0 3367 0.877097
2 0 0 0.778778
3 0 0 0.981833

5
1 1 1 1.00316
2 0 1542 1.07454
4 0 0 1.01602
5 0 0 0.972591
3 0 0 0.791061

3
1 1 2 0.944015
2 0 0 0.851984
3 0 0 0.905931

5
1 1 1 0.917904
2 0 296 1.04641
4 0 0 1.0443
5 0 0 0.963056
3 0 0 0.753272

5
1 2 1 0.847892
2 0 0 1.01999
3 0 6411 0.992083
6 0 0 1.03834
7 0 0 0.934532

3
1 2 1 0.940469
2 0 0 0.970486
3 0 0 1.0158

3
1 0 8486 0.816912
2 0 0 0.791457
3 0 0 0.891325

5
1 1 2 0.804051
2 0 0 0.883229
3 2 2 0.9028
6 0 0 0.916943
7 0 0 1.01495

3
1 0 937 0.833176
2 0 0 1.02159
3 0 0 0.758352

3
1 1 2 0.887828
2 0 0 0.869382
3 0 0 0.975104

3
1 0 5626 0.895431
2 0 0 0.838071
3 0 0 0.986297

3
1 1 1 0.83303
2 0 0 1.09598
3 0 0 0.83587

3
1 1 1 0.93114
2 0 0 0.991879
3 0 0 0.772759

5
1 1 1 0.780508
2 2 3 1.03045
4 0 0 0.93857
5 0 0 1.02048
3 0 0 0.840584

5
1 1 2 0.900242
2 2 4 0.792287
4 0 0 0.773911
5 0 0 0.980622
3 0 0 0.892769

3
1 2 1 0.937039
2 0 0 0.962178
3 0 0 0.987624

5
1 1 2 0.822235
2 0 268 0.775699
4 0 0 1.04863
5 0 0 0.709024
3 0 0 0.933237

1
1 0 0 0.823796

1
1 0 0 0.877163

3
1 1 1 0.83287
2 0 0 1.07142
3 0 0 0.771025

3
1 1 2 0.914014
2 0 0 0.891863
3 0 0 0.993085

3
1 0 3098 0.860411
2 0 0 0.83933
3 0 0 1.0312

7
1 0 2711 0.844234
2 2 4 0.828668
4 0 0 0.858398
5 0 0 1.045
3 0 6293 1.04773
6 0 0 1.03995
7 0 0 0.889002

3
1 1 1 0.833074
2 0 0 0.998244
3 0 0 0.787586

3
1 1 2 0.816925
2 0 0 0.780151
3 0 0 0.929064

5
1 0 2818 0.863403
2 0 0 0.714539
3 0 5569 0.953181
6 0 0 1.03592
7 0 0 0.987847

7
1 1 2 0.857865
2 0 0 0.810478
3 0 4826 0.94773
6 0 1706 0.996664
12 0 0 1.05522
13 0 0 0.84144
7 0 0 0.973909

3
1 1 1 0.844887
2 0 0 0.893841
3 0 0 0.827276

3
1 0 8778 0.742215
2 0 0 0.873808
3 0 0 1.06251

3
1 2 3 0.990471
2 0 0 0.990387
3 0 0 0.940996

3
1 0 811 0.707717
2 0 0 1.03186
3 0 0 0.792585

1
1 0 0 0.909571

1
1 0 0 0.788395

5
1 1 1 0.86568
2 0 0 1.01343
3 1 2 0.943585
6 0 0 0.83425
7 0 0 1.17386

5
1 0 405 0.77943
2 0 0 0.869092
3 0 9980 0.81316
6 0 0 0.787033
7 0 0 1.06985

5
1 2 4 0.742466
2 0 1865 1.00936
4 0 0 0.785473
5 0 0 1.15382
3 0 0 0.897204

5
1 0 7026 0.910972
2 0 0 0.861245
3 1 2 1.11928
6 0 0 1.05411
7 0 0 1.05858

5
1 1 1 0.855436
2 0 0 0.960126
3 1 2 0.843488
6 0 0 0.88688
7 0 0 0.979923

3
1 2 3 0.893995
2 0 0 0.873498
3 0 0 0.972589

1
1 0 0 0.794363

3
1 0 2190 0.81384
2 0 0 0.756603
3 0 0 0.883933

3
1 1 2 0.841231
2 0 0 0.768886
3 0 0 1.1173

3
1 2 4 0.898867
2 0 0 0.864054
3 0 0 0.85105

3
1 1 1 0.826369
2 0 0 1.02737
3 0 0 0.702467

5
1 2 1 0.878691
2 0 0 1.03944
3 0 1582 0.901017
6 0 0 1.08193
7 0 0 0.909192

3
1 0 9881 0.75491
2 0 0 0.777556
3 0 0 0.958262

3
1 0 9613 0.801362
2 0 0 0.790272
3 0 0 0.9684

1
1 0 0 0.682684

1
1 0 0 0.79171

3
1 1 1 0.878171
2 0 0 0.885495
3 0 0 0.67764

3
1 0 1385 0.882309
2 0 0 0.945662
3 0 0 0.881592

3
1 1 2 0.914866
2 0 0 0.811326
3 0 0 0.918611

3
1 0 918 0.795857
2 0 0 1.07097
3 0 0 0.821912

3
1 1 2 0.902162
2 0 0 0.710098
3 0 0 1.06587

5
1 0 6456 0.882858
2 0 5660 0.820997
4 0 0 0.841456
5 0 0 0.989457
3 0 0 0.992971

3
1 1 2 0.756379
2 0 0 0.804877
3 0 0 0.992041

5
1 0 2520 0.853992
2 0 0 0.821891
3 2 4 0.952349
6 0 0 1.00563
7 0 0 0.868575

5
1 0 2356 0.892558
2 0 0 0.817796
3 0 7880 0.921757
6 0 0 0.972179
7 0 0 0.908771

1
1 0 0 0.868825

3
1 1 1 0.89972
2 0 0 0.942666
3 0 0 0.864395

3
1 0 7885 0.831626
2 0 0 0.839577
3 0 0 1.03413

5
1 1 1 0.820317
2 0 5992 0.898638
4 0 0 0.887745
5 0 0 0.968124
3 0 0 0.824163

3
1 0 7683 0.870865
2 0 0 0.762324
3 0 0 0.975336

3
1 1 1 0.868721
2 0 0 0.992995
3 0 0 0.720542

3
1 1 2 0.900981
2 0 0 0.875308
3 0 0 0.976226

3
1 1 2 0.860601
2 0 0 0.775278
3 0 0 0.984253

5
1 1 1 0.863649
2 0 7899 0.925883
4 0 0 1.23137
5 0 0 0.934918
3 0 0 0.778372

5
1 1 2 0.910064
2 0 0 0.745446
3 0 6103 1.0779
6 0 0 1.18447
7 0 0 1.04463

3
1 0 4340 0.909798
2 0 0 0.892736
3 0 0 0.930808

5
1 1 1 0.924474
2 0 6060 0.907674
4 0 0 1.09095
5 0 0 0.98959
3 0 0 0.820903

3
1 0 3775 0.922521
2 0 0 0.773618
3 0 0 0.870365

3
1 2 3 0.892454
2 0 0 0.780512
3 0 0 0.888984

3
1 0 2431 0.823885
2 0 0 0.803534
3 0 0 0.93516

1
1 0 0 0.702092

3
1 0 9446 0.90048
2 0 0 0.890374
3 0 0 1.01705

5
1 1 2 0.82188
2 0 0 0.863773
3 2 2 1.0531
6 0 0 0.85402
7 0 0 1.08547

3
1 0 396 0.823779
2 0 0 0.934539
3 0 0 0.856489

3
1 1 1 0.870495
2 0 0 0.949717
3 0 0 0.774278

5
1 1 2 0.803868
2 0 0 0.74758
3 2 3 1.06649
6 0 0 0.99726
7 0 0 1.18249

7
1 0 7950 0.853122
2 0 0 0.822838
3 0 8456 1.01101
6 1 1 0.981516
12 0 0 0.939011
13 0 0 1.04858
7 0 0 0.971984

3
1 2 4 1.05121
2 0 0 1.00163
3 0 0 0.969756

5
1 1 1 0.922621
2 0 0 0.978012
3 1 2 0.945527
6 0 0 0.766814
7 0 0 0.981577

3
1 0 3237 0.925577
2 0 0 0.887249
3 0 0 0.904568

5
1 0 4279 0.943948
2 1 1 0.794562
4 0 0 1.05842
5 0 0 0.772392
3 0 0 1.04825

7
1 1 1 0.869575
2 0 0 0.971665
3 0 8286 0.912226
6 2 4 0.796305
12 0 0 0.80088
13 0 0 1.10172
7 0 0 0.997035

1
1 0 0 0.705422

5
1 1 1 0.938256
2 0 0 0.994247
3 0 2273 0.896221
6 0 0 0.840497
7 0 0 0.870093

3
1 0 561 0.837454
2 0 0 0.956066
3 0 0 0.89854

5
1 1 1 0.783754
2 0 0 1.02994
3 1 2 0.895508
6 0 0 0.811034
7 0 0 0.946243

5
1 2 1 0.918976
2 0 0 0.881869
3 1 1 0.995064
6 0 0 1.15484
7 0 0 0.854158

1
1 0 0 0.819917

5
1 1 2 0.898494
2 2 4 0.81972
4 0 0 0.782633
5 0 0 0.955909
3 0 0 0.936826

3
1 1 2 0.847493
2 0 0 0.850527
3 0 0 0.928429

3
1 2 4 0.928963
2 0 0 0.959801
3 0 0 0.91237

1
1 0 0 0.845301

5
1 1 1 0.86224
2 2 3 1.03115
4 0 0 0.981871
5 0 0 1.09012
3 0 0 0.755688

3
1 0 601 0.841958
2 0 0 0.957719
3 0 0 0.816714

5
1 0 5665 0.859168
2 1 1 0.825687
4 0 0 1.07712
5 0 0 0.737553
3 0 0 0.983957

5
1 0 5367 0.888052
2 0 2422 0.830156
4 0 0 0.772146
5 0 0 0.983282
3 0 0 0.999484

3
1 1 2 0.850913
2 0 0 0.85544
3 0 0 0.894068

3
1 2 4 0.898287
2 0 0 0.853764
3 0 0 0.907373

3
1 1 1 0.799112
2 0 0 0.864317
3 0 0 0.784748

5
1 1 1 0.901917
2 2 1 0.996566
4 0 0 1.01259
5 0 0 0.957566
3 0 0 0.830281

3
1 1 1 0.892836
2 0 0 1.08044
3 0 0 0.805373

3
1 0 8150 0.892629
2 0 0 0.913315
3 0 0 0.883314

3
1 0 6107 0.891621
2 0 0 0.931416
3 0 0 0.893673

3
1 1 1 0.894424
2 0 0 0.907473
3 0 0 0.799474

5
1 2 2 0.842844
2 0 0 0.908159
3 1 2 0.987827
6 0 0 0.885132
7 0 0 1.0146

3
1 1 1 0.925024
2 0 0 0.887976
3 0 0 0.836015

3
1 1 1 0.799078
2 0 0 0.93406
3 0 0 0.935046

3
1 2 3 0.892781
2 0 0 0.897835
3 0 0 0.92822

3
1 1 1 0.83303
2 0 0 1.01332
3 0 0 0.760543

5
1 1 1 0.93114
2 0 0 1.10791
3 2 3 0.89761
6 0 0 0.777021
7 0 0 0.984702

3
1 2 4 0.796229
2 0 0 0.793019
3 0 0 0.943324

1
1 0 0 0.824361

7
1 1 1 0.860898
2 2 1 0.975444
4 0 0 0.930236
5 0 0 0.972797
3 0 9315 0.811922
6 0 0 0.770575
7 0 0 1.15279

5
1 0 5587 0.907703
2 0 658 0.866148
4 0 0 1.03721
5 0 0 0.882674
3 0 0 0.933052

3
1 0 7746 0.910752
2 0 0 0.887501
3 0 0 0.906124

3
1 1 1 0.855662
2 0 0 0.989276
3 0 0 0.77357

3
1 0 8091 0.782317
2 0 0 0.799096
3 0 0 0.973791

3
1 1 1 0.823768
2 0 0 0.98421
3 0 0 0.851581

5
1 0 3098 0.860411
2 1 2 0.838388
4 0 0 0.750122
5 0 0 1.05955
3 0 0 1.00703

1
1 0 0 0.816727

3
1 2 4 0.892497
2 0 0 0.849891
3 0 0 0.950797

5
1 2 2 0.930051
2 0 0 0.8515
3 2 3 0.976358
6 0 0 1.11929
7 0 0 0.931863

7
1 1 2 0.897869
2 0 0 0.786696
3 0 5712 0.894929
6 0 2557 0.946938
12 0 0 1.0112
13 0 0 0.973742
7 0 0 0.912371

5
1 1 1 0.895436
2 0 0 1.10837
3 0 321 0.867706
6 0 0 0.939099
7 0 0 0.838933

9
1 0 1143 0.839764
2 0 971 0.988067
4 0 0 0.943523
5 1 1 0.892615
10 0 0 1.05162
11 0 0 0.824086
3 0 1809 0.930715
6 0 0 0.889759
7 0 0 0.955926

7
1 0 944 0.802705
2 0 0 1.06693
3 1 1 0.817468
6 2 1 1.08017
12 0 0 0.980194
13 0 0 1.11868
7 0 0 0.834454

3
1 2 3 0.879226
2 0 0 0.852637
3 0 0 0.896729

3
1 1 1 0.863538
2 0 0 1.02219
3 0 0 0.735051

5
1 1 2 0.944966
2 0 0 0.835175
3 0 2811 0.929807
6 0 0 0.988727
7 0 0 0.912684

5
1 1 1 0.847337
2 0 0 0.983963
3 1 2 0.889435
6 0 0 0.836027
7 0 0 1.20372

3
1 1 1 0.753243
2 0 0 1.00955
3 0 0 0.962528

1
1 0 0 0.774775

5
1 1 2 0.876695
2 0 0 0.855171
3 0 3076 0.939828
6 0 0 1.01714
7 0 0 0.888566

3
1 0 3015 0.871061
2 0 0 0.797488
3 0 0 1.00386

3
1 0 8370 0.794772
2 0 0 0.737589
3 0 0 0.953914

5
1 2 4 0.815655
2 1 1 0.882545
4 0 0 0.953947
5 0 0 0.888768
3 0 0 0.934774

5
1 0 2372 0.852629
2 1 1 0.925195
4 0 0 0.956861
5 0 0 0.748534
3 0 0 0.950767

3
1 1 2 0.813085
2 0 0 0.870111
3 0 0 1.02618

5
1 0 813 0.87201
2 0 0 1.16808
3 0 7502 0.915717
6 0 0 0.889709
7 0 0 0.998893

3
1 0 5328 0.936092
2 0 0 0.983568
3 0 0 0.885173

5
1 0 4956 0.890036
2 0 0 0.927527
3 1 2 0.936051
6 0 0 0.943933
7 0 0 0.950721

3
1 1 1 0.853857
2 0 0 0.866379
3 0 0 0.763066

3
1 1 2 0.936764
2 0 0 0.870422
3 0 0 0.983039

3
1 2 4 0.817426
2 0 0 0.940383
3 0 0 0.941351

3
1 0 748 0.813887
2 0 0 0.928403
3 0 0 0.784878

3
1 1 2 0.797089
2 0 0 0.691845
3 0 0 1.07679

1
1 0 0 0.800732

3
1 0 943 0.812065
2 0 0 0.912517
3 0 0 0.929278

3
1 0 6003 0.829167
2 0 0 0.797094
3 0 0 0.97153

1
1 0 0 0.678444

1
1 0 0 0.740774

3
1 2 4 0.82794
2 0 0 0.851686
3 0 0 0.969705

3
1 1 1 0.856732
2 0 0 0.980843
3 0 0 0.796142

3
1 0 999 0.82825
2 0 0 0.925894
3 0 0 0.761241

3
1 0 2356 0.892558
2 0 0 0.825406
3 0 0 0.971367

5
1 0 7865 0.80192
2 0 0 0.673111
3 2 4 0.980698
6 0 0 0.979795
7 0 0 1.00616

3
1 0 7107 0.84977
2 0 0 0.83764
3 0 0 0.895764

5
1 1 2 0.938454
2 1 1 0.832331
4 0 0 0.937821
5 0 0 0.692315
3 0 0 0.904105

5
1 1 2 0.942921
2 0 0 0.766503
3 0 1141 0.970664
6 0 0 0.941777
7 0 0 1.10457

5
1 0 3123 0.864007
2 1 2 0.846303
4 0 0 0.966381
5 0 0 0.932918
3 0 0 0.984873

3
1 0 7327 0.855059
2 0 0 0.848729
3 0 0 0.910961

3
1 2 2 0.892091
2 0 0 0.89905
3 0 0 1.02236

3
1 1 1 0.803722
2 0 0 0.963673
3 0 0 0.837109

5
1 0 9520 0.844742
2 0 0 0.738872
3 0 9628 1.00825
6 0 0 1.06654
7 0 0 1.05767

3
1 1 2 0.910064
2 0 0 0.821879
3 0 0 0.888954

1
1 0 0 0.745238

3
1 1 1 0.904648
2 0 0 0.95411
3 0 0 0.828021

3
1 0 3775 0.922521
2 0 0 0.828539
3 0 0 1.05036

3
1 1 2 0.933987
2 0 0 0.897267
3 0 0 1.05647

7
1 1 2 0.894405
2 0 0 0.879368
3 0 1257 1.0107
6 0 0 1.11124
7 0 4215 0.944986
14 0 0 0.970386
15 0 0 0.855803

3
1 2 4 0.939923
2 0 0 1.01055
3 0 0 1.00177

3
1 0 412 0.78114
2 0 0 1.05986
3 0 0 0.731324

5
1 0 8628 0.814937
2 1 1 0.786813
4 0 0 0.878677
5 0 0 0.86697
3 0 0 0.997791

7
1 1 2 0.831242
2 1 1 0.741627
4 0 0 0.862265
5 0 0 0.740581
3 0 235 1.00596
6 0 0 0.976234
7 0 0 0.953268

1
1 0 0 0.747591

3
1 0 9892 0.749303
2 0 0 0.723964
3 0 0 0.944189

5
1 1 1 0.871524
2 0 0 0.955217
3 0 9607 0.782872
6 0 0 0.830485
7 0 0 1.07062

3
1 1 1 0.862237
2 0 0 1.00671
3 0 0 0.687226

3
1 0 9142 0.845293
2 0 0 0.864103
3 0 0 0.933264

5
1 0 5003 0.793921
2 0 0 0.873594
3 2 1 0.970776
6 0 0 0.976007
7 0 0 0.965509

3
1 0 5817 0.928983
2 0 0 0.812632
3 0 0 0.937619

3
1 2 2 0.982471
2 0 0 0.873369
3 0 0 0.99531

5
1 0 6454 0.858114
2 1 1 0.886147
4 0 0 1.04112
5 0 0 0.804676
3 0 0 0.874275

9
1 2 1 0.971827
2 0 2879 0.937639
4 1 1 0.974829
8 0 0 0.961406
9 0 0 0.877204
5 0 0 1.03087
3 2 3 0.972731
6 0 0 0.954913
7 0 0 0.946553

5
1 0 2070 0.896717
2 0 0 0.789629
3 1 1 1.17401
6 0 0 1.21427
7 0 0 1.15084

5
1 2 4 0.884395
2 0 0 0.910482
3 1 2 0.974377
6 0 0 0.945991
7 0 0 0.972052

1
1 0 0 0.78095

3
1 1 2 0.892483
2 0 0 0.677301
3 0 0 0.958559

3
1 0 3208 0.853487
2 0 0 0.847094
3 0 0 0.859006

9
1 1 2 0.847493
2 0 5585 0.94548
4 0 0 0.924217
5 2 2 0.977717
10 0 0 1.11856
11 0 6651 0.943116
22 0 0 0.945263
23 0 0 0.869038
3 0 0 1.10904

1
1 0 0 0.807024

3
1 0 2643 0.962388
2 0 0 0.864429
3 0 0 1.01083

3
1 1 1 0.86224
2 0 0 0.993071
3 0 0 0.752086

3
1 1 1 0.907726
2 0 0 0.99424
3 0 0 0.772676

3
1 1 2 0.78095
2 0 0 0.822797
3 0 0 0.856887

3
1 0 662 0.837792
2 0 0 1.02567
3 0 0 0.811672

3
1 0 545 0.837864
2 0 0 1.09322
3 0 0 0.831878

3
1 1 1 0.848745
2 0 0 0.958198
3 0 0 0.830421

3
1 1 1 0.799112
2 0 0 1.05871
3 0 0 0.823916

3
1 1 1 0.901917
2 0 0 0.991405
3 0 0 0.791234

7
1 1 1 0.892836
2 0 8979 0.938509
4 0 0 1.03252
5 0 9749 1.20196
10 0 0 1.00363
11 0 0 0.953797
3 0 0 0.748432

7
1 1 2 0.945072
2 0 0 0.833967
3 0 529 1.00167
6 0 0 0.954695
7 2 2 0.984052
14 0 0 0.957146
15 0 0 1.18683

3
1 1 1 0.871277
2 0 0 1.13025
3 0 0 0.901849

3
1 0 9585 0.807875
2 0 0 0.87777
3 0 0 1.11216

3
1 1 2 0.836099
2 0 0 0.837528
3 0 0 0.984252

3
1 0 8416 0.929007
2 0 0 0.876774
3 0 0 0.945254

5
1 1 1 0.923922
2 0 0 1.01869
3 1 2 0.852769
6 0 0 0.878463
7 0 0 0.980266

3
1 0 1729 0.907164
2 0 0 0.731816
3 0 0 0.999897

3
1 1 1 0.837544
2 0 0 1.11568
3 0 0 0.838365

5
1 0 7368 0.860121
2 0 0 0.796662
3 0 8878 0.993658
6 0 0 1.02628
7 0 0 1.0091

1
1 0 0 0.841636

5
1 1 1 0.824361
2 0 8799 1.19132
4 0 0 1.08371
5 0 0 1.048
3 0 0 0.865075

5
1 1 1 0.860898
2 2 2 1.09777
4 0 0 1.08817
5 0 0 1.13548
3 0 0 0.877085

1
1 0 0 0.796798

3
1 1 1 0.910516
2 0 0 1.069
3 0 0 0.767026

1
1 0 0 0.818126

3
1 1 1 0.879797
2 0 0 1.02464
3 0 0 0.69628

3
1 1 1 0.900846
2 0 0 0.922369
3 0 0 0.838829

3
1 1 2 0.831966
2 0 0 0.896265
3 0 0 1.10418

3
1 1 2 0.85962
2 0 0 0.816239
3 0 0 0.941553

3
1 1 2 0.89361
2 0 0 0.88492
3 0 0 0.936274

3
1 2 3 0.793397
2 0 0 0.734668
3 0 0 1.07454

3
1 0 1950 0.868222
2 0 0 0.857119
3 0 0 0.969894

5
1 1 1 0.908997
2 0 5188 1.07386
4 0 0 1.12225
5 0 0 0.981842
3 0 0 0.843785

3
1 1 1 0.918958
2 0 0 1.03406
3 0 0 0.768033

3
1 1 2 0.911183
2 0 0 0.795894
3 0 0 1.00591

3
1 0 2642 0.826826
2 0 0 0.832081
3 0 0 0.982201

3
1 1 1 0.863538
2 0 0 0.962106
3 0 0 0.788796

3
1 0 16 0.750703
2 0 0 0.977689
3 0 0 0.788878

3
1 1 2 0.93527
2 0 0 0.768735
3 0 0 1.01927

1
1 0 0 0.934126

5
1 0 68 0.745942
2 0 34 1.01177
4 0 0 0.94973
5 0 0 0.985332
3 0 0 0.750842

5
1 1 1 0.835551
2 0 6676 1.02846
4 0 0 0.992591
5 0 0 1.07727
3 0 0 0.81591

1
1 0 0 0.832321

3
1 1 2 0.823114
2 0 0 0.855549
3 0 0 1.08993

3
1 0 7948 0.859421
2 0 0 0.733882
3 0 0 0.872279

3
1 0 8505 0.968425
2 0 0 0.761712
3 0 0 1.07105

3
1 1 2 0.795646
2 0 0 0.804311
3 0 0 0.805434

3
1 1 2 0.885967
2 0 0 0.901054
3 0 0 0.976874

3
1 0 1007 0.888088
2 0 0 0.939231
3 0 0 0.879603

5
1 0 7912 0.852675
2 2 4 0.873583
4 0 0 0.960471
5 0 0 0.968982
3 0 0 0.97428

1
1 0 0 0.936035

3
1 1 2 0.835271
2 0 0 0.952209
3 0 0 0.973642

3
1 0 1684 0.903835
2 0 0 0.793238
3 0 0 1.04786

1
1 0 0 0.765143

5
1 1 2 0.797089
2 0 0 0.830422
3 0 8755 0.94373
6 0 0 0.975625
7 0 0 1.00162

5
1 1 2 0.800721
2 0 0 0.796522
3 0 164 1.03786
6 0 0 0.986525
7 0 0 1.0257

3
1 0 4630 0.904141
2 0 0 0.705139
3 0 0 0.966183

3
1 1 2 0.881912
2 0 0 0.864749
3 0 0 0.948607

5
1 1 1 0.868545
2 0 6240 0.968137
4 0 0 1.04178
5 0 0 0.93808
3 0 0 0.798433

1
1 0 0 0.792496

5
1 2 4 0.82794
2 0 0 0.879083
3 0 6331 0.940679
6 0 0 1.04638
7 0 0 0.960454

5
1 0 390 0.874526
2 2 4 0.976888
4 0 0 1.01615
5 0 0 0.979237
3 0 0 0.82055

1
1 0 0 0.820907

3
1 1 1 0.883072
2 0 0 1.07235
3 0 0 0.697525

1
1 0 0 0.757634

1
1 0 0 0.797821

3
1 1 2 0.938454
2 0 0 0.876037
3 0 0 1.17542

3
1 1 1 0.85173
2 0 0 0.986337
3 0 0 0.828566

5
1 2 4 0.915497
2 0 0 0.927299
3 0 3545 0.918971
6 0 0 0.966506
7 0 0 0.994254

3
1 0 9587 0.743696
2 0 0 0.7435
3 0 0 0.927354

5
1 0 6857 0.888774
2 0 0 0.856892
3 0 8719 1.01015
6 0 0 1.02008
7 0 0 0.991608

3
1 1 1 0.803722
2 0 0 0.933322
3 0 0 0.810807

3
1 0 6493 0.946056
2 0 0 0.931817
3 0 0 1.00958

5
1 0 9677 0.777136
2 0 0 0.822148
3 0 9805 1.03802
6 0 0 1.13554
7 0 0 0.988796

1
1 0 0 0.824322

7
1 0 898 0.95198
2 2 2 1.02126
4 0 0 1.02393
5 2 4 1.06156
10 0 0 0.974188
11 0 0 0.921533
3 0 0 0.853897

7
1 0 9479 0.71849
2 0 8825 0.674607
4 0 0 0.789355
5 0 0 0.984927
3 0 9996 0.918143
6 0 0 1.02977
7 0 0 0.946348

3
1 2 1 0.880118
2 0 0 0.840672
3 0 0 0.898974

5
1 1 2 0.894405
2 0 0 0.713024
3 2 2 1.01254
6 0 0 0.959343
7 0 0 1.00608

3
1 1 1 0.807419
2 0 0 1.02896
3 0 0 0.686462

1
1 0 0 0.842951

3
1 0 393 0.794662
2 0 0 1.02691
3 0 0 0.796025

5
1 1 2 0.800847
2 0 0 0.701577
3 2 4 1.02113
6 0 0 0.97368
7 0 0 1.15569

5
1 0 8279 0.93576
2 2 2 0.941402
4 0 0 0.826415
5 0 0 0.970551
3 0 0 1.07254

1
1 0 0 0.93474

3
1 1 1 0.871524
2 0 0 0.903547
3 0 0 0.844275

3
1 1 2 0.829792
2 0 0 0.862267
3 0 0 1.03163

1
1 0 0 0.774754

3
1 2 4 0.855761
2 0 0 0.70132
3 0 0 0.939011

3
1 1 1 0.912083
2 0 0 1.12455
3 0 0 0.759142

1
1 0 0 0.804451

5
1 0 6454 0.858114
2 0 0 0.799739
3 0 7449 0.979009
6 0 0 1.01413
7 0 0 0.97198

3
1 0 2467 0.990647
2 0 0 0.749102
3 0 0 0.938466

5
1 0 2070 0.896717
2 1 1 0.837814
4 0 0 0.993405
5 0 0 0.839432
3 0 0 0.941059

3
1 0 9065 0.947481
2 0 0 0.903518
3 0 0 0.946902

3
1 0 2233 0.915455
2 0 0 0.862047
3 0 0 1.09901

3
1 1 1 0.919813
2 0 0 0.975878
3 0 0 0.833027

5
1 1 1 0.839835
2 0 0 1.00113
3 0 9201 0.942458
6 0 0 1.0281
7 0 0 0.993625

3
1 1 2 0.847493
2 0 0 0.828277
3 0 0 1.06321

1
1 0 0 0.701494

3
1 0 7044 0.860553
2 0 0 0.920988
3 0 0 1.06154

5
1 1 1 0.893641
2 2 3 0.92741
4 0 0 0.976693
5 0 0 1.01012
3 0 0 0.800389

1
1 0 0 0.849764

1
1 0 0 0.909353

3
1 1 2 0.857386
2 0 0 0.687028
3 0 0 1.04228

7
1 1 1 0.854253
2 0 5258 0.984347
4 0 0 0.953902
5 0 0 0.984404
3 1 2 0.894103
6 0 0 0.913476
7 0 0 1.03552

3
1 1 1 0.848745
2 0 0 0.965939
3 0 0 0.816172

3
1 1 1 0.799112
2 0 0 1.01977
3 0 0 0.821103

3
1 0 6354 0.879447
2 0 0 0.783171
3 0 0 0.876693

3
1 1 2 0.860545
2 0 0 0.883752
3 0 0 1.05968

3
1 0 728 0.816002
2 0 0 0.984566
3 0 0 0.801091

3
1 2 1 0.929581
2 0 0 0.829794
3 0 0 0.956539

3
1 0 490 0.797938
2 0 0 1.04288
3 0 0 0.733828

3
1 1 1 0.817192
2 0 0 1.02895
3 0 0 0.739888

3
1 2 2 0.811664
2 0 0 0.92203
3 0 0 1.01848

3
1 1 2 0.819425
2 0 0 0.741249
3 0 0 0.962306

5
1 0 1729 0.907164
2 0 1654 0.901187
4 0 0 0.843116
5 0 0 0.972733
3 0 0 0.94855

3
1 0 599 0.872894
2 0 0 1.02158
3 0 0 0.834795

3
1 1 1 0.889454
2 0 0 1.16488
3 0 0 0.823872

3
1 1 1 0.894029
2 0 0 1.03656
3 0 0 0.925548

7
1 0 7100 0.851349
2 0 0 0.778589
3 0 7663 1.06076
6 1 1 0.995971
12 0 0 1.23717
13 0 0 1.05692
7 0 0 1.11504

3
1 1 1 0.878035
2 0 0 1.09619
3 0 0 0.746015

3
1 1 1 0.781685
2 0 0 0.952266
3 0 0 0.80984

5
1 1 1 0.910516
2 0 134 1.07733
4 0 0 1.14432
5 0 0 1.08587
3 0 0 0.893307

3
1 1 1 0.932364
2 0 0 1.02358
3 0 0 0.785428

5
1 2 3 0.951376
2 0 0 0.909648
3 0 2493 0.918879
6 0 0 1.04643
7 0 0 0.986863

5
1 1 1 0.900846
2 2 1 0.961233
4 0 0 0.994315
5 0 0 1.01824
3 0 0 0.77835

3
1 1 2 0.824826
2 0 0 0.822263
3 0 0 1.05632

3
1 0 9696 0.79177
2 0 0 0.843481
3 0 0 1.01449

3
1 0 2090 0.856526
2 0 0 0.863935
3 0 0 0.899157

5
1 0 3025 0.842855
2 0 0 0.819807
3 0 4700 0.988213
6 0 0 1.05925
7 0 0 0.840009

5
1 0 1950 0.868222
2 0 0 0.832787
3 1 1 0.906284
6 0 0 1.03075
7 0 0 1.03091

3
1 1 1 0.908997
2 0 0 1.10294
3 0 0 0.82711

3
1 1 1 0.918958
2 0 0 0.957418
3 0 0 0.80407

3
1 1 1 0.857608
2 0 0 1.00763
3 0 0 0.68651

1
1 0 0 0.893254

3
1 1 1 0.863538
2 0 0 1.21396
3 0 0 0.786406

3
1 0 2865 0.836625
2 0 0 0.805562
3 0 0 1.04789

3
1 2 2 0.91974
2 0 0 0.83766
3 0 0 0.985738

5
1 0 9733 0.964782
2 1 1 0.81086
4 0 0 1.06731
5 0 0 0.847586
3 0 0 0.936321

3
1 0 876 0.794149
2 0 0 0.872056
3 0 0 0.754327

3
1 0 7729 0.824176
2 0 0 0.890388
3 0 0 1.00971

3
1 1 1 0.916562
2 0 0 1.01498
3 0 0 0.792328

3
1 0 2138 0.956713
2 0 0 0.855299
3 0 0 0.898743

3
1 1 1 0.848668
2 0 0 0.949497
3 0 0 0.82003

5
1 1 1 0.851111
2 0 0 0.974709
3 1 2 0.826848
6 0 0 0.874189
7 0 0 1.09643

3
1 1 2 0.824485
2 0 0 0.888783
3 0 0 0.954546

3
1 1 2 0.885967
2 0 0 0.841136
3 0 0 1.12899

3
1 0 965 0.782361
2 0 0 1.05512
3 0 0 0.832939

1
1 0 0 0.805826

3
1 1 2 0.825202
2 0 0 0.796356
3 0 0 0.986675

3
1 0 815 0.813567
2 0 0 0.97324
3 0 0 0.729304

5
1 0 1684 0.903835
2 0 1666 0.761404
4 0 0 0.755998
5 0 0 0.876766
3 0 0 1.07571

1
1 0 0 0.795528

1
1 0 0 0.687027

3
1 2 1 0.965484
2 0 0 0.91821
3 0 0 1.06191

3
1 0 2361 0.933795
2 0 0 0.863304
3 0 0 1.12429

1
1 0 0 0.862194

7
1 2 1 0.901964
2 0 6854 0.916119
4 0 0 0.877518
5 0 0 0.956017
3 2 3 0.98472
6 0 0 0.993252
7 0 0 0.838007

3
1 0 7056 0.836707
2 0 0 0.925806
3 0 0 0.993982

3
1 1 1 0.956841
2 0 0 0.932764
3 0 0 0.806402

3
1 0 2389 0.84466
2 0 0 0.83426
3 0 0 0.909053

5
1 0 9503 0.869529
2 0 0 0.773575
3 1 1 1.0631
6 0 0 1.00444
7 0 0 1.19528

3
1 0 515 0.852281
2 0 0 0.918592
3 0 0 0.848657

3
1 2 2 0.940436
2 0 0 0.803786
3 0 0 0.962077

3
1 1 1 0.762674
2 0 0 1.01611
3 0 0 0.860875

3
1 2 2 0.86908
2 0 0 0.920593
3 0 0 0.855953

3
1 0 9889 0.720484
2 0 0 0.699439
3 0 0 1.03591

3
1 0 3950 0.865663
2 0 0 0.847385
3 0 0 0.967783

1
1 0 0 0.820044

3
1 0 8747 0.739324
2 0 0 0.729678
3 0 0 1.02819

3
1 1 1 0.803722
2 0 0 1.02376
3 0 0 0.713209

3
1 1 2 0.849904
2 0 0 0.786797
3 0 0 1.03805

5
1 0 9515 0.730613
2 0 0 0.87076
3 1 1 1.02687
6 0 0 1.09137
7 0 0 1.02252

3
1 1 2 0.96695
2 0 0 0.764483
3 0 0 0.976033

3
1 1 1 0.893479
2 0 0 1.01698
3 0 0 0.785726

1
1 0 0 0.806135

3
1 1 2 0.870267
2 0 0 0.853066
3 0 0 1.05954

3
1 1 2 0.894405
2 0 0 0.750124
3 0 0 1.01148

3
1 2 4 0.918382
2 0 0 0.840919
3 0 0 0.919139

3
1 0 7798 0.735922
2 0 0 0.820469
3 0 0 1.11687

1
1 0 0 0.841861

3
1 2 4 0.816024
2 0 0 0.780254
3 0 0 0.992075

5
1 0 9509 0.835039
2 0 0 0.732875
3 0 9794 0.932683
6 0 0 0.943034
7 0 0 0.92243

3
1 1 1 0.93474
2 0 0 1.06334
3 0 0 0.818326

1
1 0 0 0.779955

3
1 2 4 0.82492
2 0 0 0.995045
3 0 0 0.917022

3
1 1 2 0.841429
2 0 0 0.735851
3 0 0 0.995657

5
1 1 1 0.875321
2 0 0 1.0902
3 1 2 0.855311
6 0 0 0.82305
7 0 0 0.973797

3
1 1 1 0.912083
2 0 0 1.12167
3 0 0 0.746938

5
1 0 6507 0.779663
2 1 2 0.908171
4 0 0 0.84083
5 0 0 1.01081
3 0 0 1.07307

1
1 0 0 0.841214

7
1 0 2467 0.990647
2 0 0 0.76123
3 2 3 0.97239
6 0 0 1.07749
7 1 2 0.877113
14 0 0 0.989169
15 0 0 0.908363

1
1 0 0 0.668849

3
1 0 1698 0.876526
2 0 0 0.771218
3 0 0 0.966921

3
1 1 1 0.838747
2 0 0 1.01838
3 0 0 0.886639

3
1 1 2 0.846429
2 0 0 0.865005
3 0 0 0.877469

3
1 1 1 0.824206
2 0 0 0.892414
3 0 0 0.807418

3
1 1 1 0.808502
2 0 0 1.00206
3 0 0 0.760152

3
1 2 3 0.8594
2 0 0 0.961578
3 0 0 0.998177

3
1 0 987 0.827253
2 0 0 1.04947
3 0 0 0.732537

1
1 0 0 0.808639

5
1 2 4 0.875189
2 0 0 0.860935
3 0 3256 1.05456
6 0 0 1.06724
7 0 0 0.928958

5
1 0 2136 0.936049
2 0 0 0.775241
3 1 2 0.989938
6 0 0 0.988776
7 0 0 1.08285

5
1 1 2 0.857386
2 0 0 0.762384
3 2 2 1.15073
6 0 0 0.947163
7 0 0 1.09719

3
1 1 1 0.933697
2 0 0 1.13107
3 0 0 0.98523

3
1 0 6148 0.863084
2 0 0 0.861823
3 0 0 1.0876

3
1 2 3 0.896316
2 0 0 0.775058
3 0 0 1.02339

3
1 2 4 0.850224
2 0 0 0.826467
3 0 0 0.885433

5
1 0 4916 0.795955
2 1 1 0.812038
4 0 0 0.99778
5 0 0 0.923168
3 0 0 1.09698

3
1 1 1 0.848106
2 0 0 0.945041
3 0 0 0.778119

3
1 1 2 0.871259
2 0 0 0.859298
3 0 0 0.946897

3
1 0 9854 0.800672
2 0 0 0.713284
3 0 0 0.931828

3
1 1 2 0.893595
2 0 0 0.783144
3 0 0 0.977484

3
1 1 1 0.891696
2 0 0 0.97305
3 0 0 0.820015

1
1 0 0 0.802808

3
1 1 2 0.843886
2 0 0 0.838036
3 0 0 0.834959

5
1 0 559 0.934718
2 0 0 1.1131
3 0 943 0.915517
6 0 0 1.11775
7 0 0 0.866765

3
1 1 1 0.893311
2 0 0 0.926289
3 0 0 0.841786

3
1 0 9304 0.884341
2 0 0 0.79284
3 0 0 0.984034

7
1 0 3754 0.889293
2 1 2 0.984368
4 0 0 0.925595
5 0 3688 1.01139
10 0 0 1.00609
11 0 0 1.0339
3 0 0 1.1102

3
1 0 2281 0.831313
2 0 0 0.824945
3 0 0 1.04835

3
1 1 1 0.781685
2 0 0 1.03911
3 0 0 0.77741

3
1 1 1 0.910516
2 0 0 1.07781
3 0 0 0.713628

3
1 1 1 0.932364
2 0 0 0.96717
3 0 0 0.848874

5
1 0 9123 0.791428
2 0 0 0.805463
3 2 2 1.03354
6 0 0 1.02303
7 0 0 1.03304

3
1 1 1 0.900846
2 0 0 1.02598
3 0 0 0.735494

3
1 1 2 0.824826
2 0 0 0.861837
3 0 0 1.07507

3
1 1 2 0.853945
2 0 0 0.832924
3 0 0 1.12392

3
1 1 1 0.83754
2 0 0 0.941153
3 0 0 0.748706

3
1 1 2 0.897596
2 0 0 0.811147
3 0 0 1.02037

3
1 1 1 0.90743
2 0 0 1.0204
3 0 0 0.87908

1
1 0 0 0.78776

3
1 1 1 0.918958
2 0 0 1.10886
3 0 0 0.814762

5
1 1 1 0.857608
2 0 0 1.02084
3 0 3475 0.932528
6 0 0 0.804364
7 0 0 0.995058

3
1 2 3 0.860255
2 0 0 0.958044
3 0 0 1.01367

3
1 0 6156 0.844788
2 0 0 0.894027
3 0 0 0.93371

3
1 1 1 0.916294
2 0 0 1.02524
3 0 0 0.76535

5
1 1 2 0.917929
2 0 0 0.820423
3 0 2018 1.05538
6 0 0 0.998078
7 0 0 0.869506

9
1 0 9733 0.964782
2 0 1973 0.904012
4 0 0 0.770039
5 0 0 1.0052
3 2 3 0.98082
6 0 0 0.894045
7 0 9927 0.964442
14 0 0 1.07873
15 0 0 1.14022

3
1 1 1 0.860957
2 0 0 0.988136
3 0 0 0.842051

3
1 1 1 0.876585
2 0 0 1.00748
3 0 0 0.697782

3
1 2 4 0.841022
2 0 0 0.79047
3 0 0 0.909181

5
1 1 1 0.879765
2 2 4 1.06696
4 0 0 1.01804
5 0 0 0.945973
3 0 0 0.797517

3
1 1 1 0.848668
2 0 0 1.11618
3 0 0 0.775756

5
1 1 1 0.851111
2 0 9164 1.17634
4 0 0 1.12785
5 0 0 1.05969
3 0 0 0.910074

5
1 1 2 0.824485
2 0 0 0.951538
3 0 7240 0.941344
6 0 0 1.07801
7 0 0 0.966497

1
1 0 0 0.896369

3
1 2 1 0.913199
2 0 0 0.85468
3 0 0 0.97435

7
1 0 2609 0.935555
2 0 0 0.77826
3 0 4455 1.02547
6 0 0 1.11281
7 0 8431 1.03509
14 0 0 1.00754
15 0 0 1.03156

3
1 0 294 0.95349
2 0 0 0.994586
3 0 0 0.866814

3
1 1 1 0.877947
2 0 0 1.08789
3 0 0 0.816883

3
1 1 1 0.865798
2 0 0 0.943988
3 0 0 0.805145

1
1 0 0 0.806608

3
1 0 8611 0.838138
2 0 0 0.726526
3 0 0 1.0248

3
1 1 2 0.908724
2 0 0 0.825473
3 0 0 1.00862

5
1 2 2 0.882737
2 0 0 0.859645
3 0 4601 0.939036
6 0 0 0.894003
7 0 0 0.932396

3
1 0 310 0.874176
2 0 0 1.11648
3 0 0 0.819686

3
1 1 2 0.905863
2 0 0 0.803221
3 0 0 1.04498

5
1 0 3148 0.841496
2 0 1684 0.980964
4 0 0 0.89266
5 0 0 1.02469
3 0 0 1.03325

3
1 0 8107 0.813724
2 0 0 0.846672
3 0 0 0.964938

3
1 2 1 0.967701
2 0 0 0.971832
3 0 0 0.975799

3
1 0 802 0.808181
2 0 0 0.936031
3 0 0 0.771583

3
1 0 369 0.844188
2 0 0 0.960388
3 0 0 0.918171

3
1 1 1 0.772927
2 0 0 1.06411
3 0 0 0.782198

3
1 1 1 0.972837
2 0 0 1.04368
3 0 0 0.751131

3
1 2 4 0.909879
2 0 0 0.924678
3 0 0 1.02397

1
1 0 0 0.834103

3
1 1 1 0.845736
2 0 0 0.906241
3 0 0 0.724077

9
1 0 9795 0.810145
2 0 0 0.863561
3 0 9925 1.04258
6 1 1 1.0568
12 2 4 1.00914
24 0 0 1.00892
25 0 0 1.02137
13 0 0 1.00329
7 0 0 0.91301

1
1 0 0 0.772575

3
1 0 6460 0.914323
2 0 0 0.941256
3 0 0 0.920835

3
1 1 2 0.849904
2 0 0 0.766692
3 0 0 1.11923

7
1 1 2 0.807593
2 0 1094 0.855327
4 0 0 0.894941
5 0 0 0.874556
3 0 8041 0.993596
6 0 0 0.937503
7 0 0 1.062

3
1 1 2 0.96695
2 0 0 0.808829
3 0 0 1.10499

3
1 0 7203 0.829234
2 0 0 0.768622
3 0 0 0.942572

3
1 0 311 0.72803
2 0 0 1.04444
3 0 0 0.855345

1
1 0 0 0.782083

5
1 1 2 0.894405
2 0 0 0.76536
3 2 4 1.07489
6 0 0 1.00025
7 0 0 0.989152

3
1 0 241 0.744966
2 0 0 1.0125
3 0 0 0.750314

3
1 1 2 0.878844
2 0 0 0.747321
3 0 0 1.02492

3
1 1 2 0.783461
2 0 0 0.761111
3 0 0 1.04499

3
1 1 2 0.862149
2 0 0 0.857862
3 0 0 0.805879

5
1 0 243 0.886569
2 2 2 1.06426
4 0 0 0.954308
5 0 0 1.093
3 0 0 0.904927

7
1 0 9685 0.814034
2 0 0 0.875601
3 0 9930 1.04646
6 0 0 0.979408
7 1 2 1.08062
14 0 0 1.04067
15 0 0 1.04162

3
1 1 1 0.7924
2 0 0 1.01211
3 0 0 0.784181

3
1 0 8966 0.80953
2 0 0 0.822972
3 0 0 1.04431

5
1 1 2 0.841429
2 0 0 0.751062
3 0 3203 1.01859
6 0 0 1.06494
7 0 0 1.05652

3
1 1 1 0.875321
2 0 0 0.966484
3 0 0 0.716459

5
1 1 1 0.912083
2 0 0 1.01134
3 2 4 0.895955
6 0 0 0.910315
7 0 0 0.908207

3
1 1 1 0.856348
2 0 0 0.951201
3 0 0 0.820359

5
1 0 3189 0.869401
2 0 80 0.664652
4 0 0 0.972627
5 0 0 0.766827
3 0 0 0.894752

3
1 1 1 0.78699
2 0 0 1.00666
3 0 0 0.754523

3
1 1 1 0.948626
2 0 0 0.995107
3 0 0 0.760855

3
1 1 2 0.877162
2 0 0 0.824251
3 0 0 0.982566

5
1 0 9383 0.764751
2 2 2 0.938362
4 0 0 0.9044
5 0 0 1.00454
3 0 0 1.10776

3
1 2 1 0.910869
2 0 0 0.892857
3 0 0 0.946277

3
1 0 9175 0.879674
2 0 0 0.836517
3 0 0 1.10126

3
1 0 521 0.814776
2 0 0 0.943821
3 0 0 0.772378

3
1 1 2 0.785405
2 0 0 0.72281
3 0 0 1.05793

3
1 2 4 0.879123
2 0 0 0.818631
3 0 0 0.819615

3
1 0 6027 0.875814
2 0 0 0.838761
3 0 0 0.909361

5
1 0 6920 0.860273
2 0 0 0.821037
3 0 8116 0.925403
6 0 0 1.04101
7 0 0 1.00795

3
1 0 2136 0.936049
2 0 0 0.751787
3 0 0 0.926362

1
1 0 0 0.883702

1
1 0 0 0.833394

5
1 0 6148 0.863084
2 0 0 0.870224
3 0 8689 0.948322
6 0 0 0.997599
7 0 0 0.931987

3
1 2 4 0.807249
2 0 0 0.791669
3 0 0 1.00807

3
1 0 139 0.813783
2 0 0 1.02133
3 0 0 0.810714

3
1 2 2 0.91471
2 0 0 0.812448
3 0 0 0.946061

5
1 2 3 0.869939
2 1 1 0.851652
4 0 0 1.04984
5 0 0 0.765459
3 0 0 0.979758

3
1 0 2175 0.902337
2 0 0 0.80143
3 0 0 0.96495

5
1 0 996 0.910975
2 2 3 1.06644
4 0 0 0.945036
5 0 0 1.04878
3 0 0 0.857933

7
1 0 4617 0.875217
2 2 3 0.916301
4 0 0 0.864314
5 0 573 1.10577
10 0 0 1.08509
11 0 0 1.0196
3 0 0 1.0852

1
1 0 0 0.80734

3
1 1 1 0.805547
2 0 0 1.02655
3 0 0 0.761779

3
1 2 4 0.886969
2 0 0 0.855859
3 0 0 0.905493

3
1 1 1 0.82248
2 0 0 1.14488
3 0 0 0.791859

3
1 0 729 0.798414
2 0 0 0.972728
3 0 0 0.803659

3
1 2 4 0.844112
2 0 0 0.84549
3 0 0 0.898956

3
1 0 3754 0.889293
2 0 0 0.815267
3 0 0 1.08392

5
1 0 2281 0.831313
2 0 90 0.748865
4 0 0 0.975131
5 0 0 0.799537
3 0 0 1.00725

1
1 0 0 0.890497

3
1 2 2 0.91196
2 0 0 0.893653
3 0 0 0.920693

3
1 1 1 0.932364
2 0 0 0.961332
3 0 0 0.734166

7
1 0 1024 0.788326
2 0 943 1.09537
4 0 0 1.02735
5 0 0 0.976593
3 0 9715 0.824852
6 0 0 0.765186
7 0 0 1.02175

3
1 0 930 0.847828
2 0 0 1.03669
3 0 0 0.797337

5
1 0 4511 0.832681
2 1 1 0.882644
4 0 0 1.11848
5 0 0 0.909542
3 0 0 1.04687

1
1 0 0 0.783878

9
1 0 1867 0.900053
2 1 2 0.803731
4 2 3 0.785708
8 0 0 0.866937
9 0 0 0.847545
5 0 0 0.977994
3 2 4 1.02255
6 0 0 1.15636
7 0 0 0.939776

3
1 1 2 0.782001
2 0 0 0.802169
3 0 0 0.962662

3
1 1 1 0.90743
2 0 0 0.940946
3 0 0 0.79399

5
1 1 2 0.811568
2 0 680 0.865437
4 0 0 1.03803
5 0 0 0.714419
3 0 0 1.04191

3
1 1 1 0.918958
2 0 0 0.896366
3 0 0 0.760961

1
1 0 0 0.911946

3
1 0 5545 0.876856
2 0 0 0.810542
3 0 0 0.920041

3
1 1 1 0.975713
2 0 0 1.14459
3 0 0 0.833322

3
1 0 4196 0.930914
2 0 0 0.894017
3 0 0 0.997865

1
1 0 0 0.671795

3
1 0 9733 0.964782
2 0 0 0.841433
3 0 0 1.0049

3
1 1 1 0.849924
2 0 0 1.03787
3 0 0 0.843116

5
1 1 1 0.903514
2 0 0 1.13334
3 2 2 0.931485
6 0 0 0.824033
7 0 0 0.981827

3
1 1 1 0.834723
2 0 0 0.970282
3 0 0 0.749443

3
1 0 6399 0.865862
2 0 0 0.804499
3 0 0 1.07876

7
1 1 1 0.848668
2 0 0 0.935517
3 1 2 0.870057
6 0 1029 0.794639
12 0 0 1.09961
13 0 0 0.904818
7 0 0 0.942931

3
1 1 1 0.851111
2 0 0 1.0088
3 0 0 0.777763

7
1 1 2 0.824485
2 1 1 0.957843
4 0 0 1.04395
5 0 0 0.807311
3 2 1 0.932829
6 0 0 1.01437
7 0 0 1.01835

3
1 1 1 0.918536
2 0 0 0.92958
3 0 0 0.793972

3
1 2 2 0.839827
2 0 0 0.869537
3 0 0 0.954153

1
1 0 0 0.775835

5
1 1 2 0.874967
2 0 1617 0.920386
4 0 0 0.831035
5 0 0 1.05448
3 0 0 0.879836

3
1 1 1 0.931227
2 0 0 0.909402
3 0 0 0.737791

3
1 0 2729 0.909887
2 0 0 0.86914
3 0 0 0.91552

3
1 1 2 0.862238
2 0 0 0.848397
3 0 0 0.941857

11
1 0 6894 0.871577
2 2 3 0.956574
4 0 0 0.935668
5 0 0 0.989029
3 0 8301 0.920456
6 0 7433 0.976176
12 0 7334 0.89196
24 0 0 1.06681
25 0 0 1.14456
13 0 0 0.973299
7 0 0 0.998517

3
1 0 938 0.87569
2 0 0 1.03966
3 0 0 0.871114

5
1 1 1 0.880579
2 0 0 1.02971
3 0 6026 0.945442
6 0 0 0.881614
7 0 0 0.881801

3
1 0 7377 0.874711
2 0 0 0.962648
3 0 0 1.03386

3
1 0 859 0.776924
2 0 0 0.937744
3 0 0 0.703908

1
1 0 0 0.816897

3
1 0 9917 0.846797
2 0 0 0.853721
3 0 0 0.890351

3
1 0 3052 0.898699
2 0 0 0.893264
3 0 0 1.17242

3
1 1 2 0.828816
2 0 0 0.812368
3 0 0 1.01584

3
1 0 869 0.822025
2 0 0 0.786978
3 0 0 0.796404

7
1 0 783 0.842063
2 0 449 1.00226
4 0 0 0.998829
5 0 609 1.09449
10 0 0 1.15713
11 0 0 0.928516
3 0 0 0.815819

3
1 1 1 0.972837
2 0 0 1.01995
3 0 0 0.851099

3
1 1 1 0.906406
2 0 0 1.06416
3 0 0 0.921813

3
1 1 2 0.856736
2 0 0 0.845077
3 0 0 1.04605

3
1 1 1 0.930384
2 0 0 1.14307
3 0 0 0.752431

1
1 0 0 0.683712

3
1 2 4 0.860162
2 0 0 0.894228
3 0 0 0.959832

1
1 0 0 0.83141

3
1 0 9891 0.889876
2 0 0 0.863655
3 0 0 0.996218

3
1 0 4771 0.847317
2 0 0 0.816967
3 0 0 0.977165

3
1 1 2 0.96695
2 0 0 0.815582
3 0 0 0.920161

7
1 1 1 0.853618
2 2 2 1.05264
4 0 0 0.942531
5 0 0 1.06838
3 1 2 0.853486
6 0 0 0.814417
7 0 0 1.00545

1
1 0 0 0.79609

1
1 0 0 0.839231

5
1 0 5609 0.867172
2 0 0 0.934925
3 1 2 0.953842
6 0 0 0.946499
7 0 0 1.03689

3
1 1 2 0.809021
2 0 0 0.761854
3 0 0 1.03566

3
1 1 2 0.878844
2 0 0 0.92987
3 0 0 0.981404

3
1 1 2 0.783461
2 0 0 0.768871
3 0 0 0.921892

3
1 0 9699 0.711882
2 0 0 0.834652
3 0 0 0.915639

1
1 0 0 0.741087

5
1 0 9685 0.814034
2 1 2 0.812747
4 0 0 0.83758
5 0 0 1.17832
3 0 0 1.00281

5
1 2 3 0.813156
2 2 2 0.800224
4 0 0 0.77272
5 0 0 0.898712
3 0 0 0.88303

5
1 1 1 0.90912
2 0 0 0.937649
3 1 2 0.78
6 0 0 0.813652
7 0 0 0.972077

5
1 0 303 0.777327
2 0 137 0.930779
4 0 0 0.957027
5 0 0 1.05182
3 0 0 0.729014

3
1 1 1 0.875321
2 0 0 1.00122
3 0 0 0.717457

1
1 0 0 0.723802

3
1 1 1 0.856348
2 0 0 1.06228
3 0 0 0.935593

3
1 1 1 0.900142
2 0 0 1.16695
3 0 0 0.743789

5
1 1 1 0.78699
2 0 2675 0.996934
4 0 0 0.989045
5 0 0 0.953173
3 0 0 0.710189

5
1 0 8377 0.873874
2 1 1 0.909194
4 0 0 1.02501
5 0 0 0.801874
3 0 0 0.988069

7
1 0 4690 0.914261
2 0 0 0.787144
3 2 4 1.09543
6 0 0 0.995476
7 0 6932 0.939291
14 0 0 0.934552
15 0 0 0.982487

3
1 1 2 0.880665
2 0 0 0.807256
3 0 0 1.09816

1
1 0 0 0.822224

3
1 2 1 0.977943
2 0 0 0.878927
3 0 0 1.00343

1
1 0 0 0.740204

3
1 0 1236 0.812919
2 0 0 1.09969
3 0 0 0.747974

3
1 1 1 0.954321
2 0 0 1.03475
3 0 0 0.743447

5
1 1 1 0.991354
2 0 8356 0.871788
4 0 0 1.10323
5 0 0 0.962748
3 0 0 0.823655

3
1 0 7446 0.832573
2 0 0 0.779774
3 0 0 0.896526

3
1 0 2136 0.936049
2 0 0 0.741963
3 0 0 1.07793

3
1 0 2838 0.883702
2 0 0 0.811527
3 0 0 0.972908

3
1 0 2600 0.964062
2 0 0 0.918632
3 0 0 1.11055

3
1 2 2 0.887166
2 0 0 0.784002
3 0 0 0.906686

3
1 1 2 0.865451
2 0 0 0.735829
3 0 0 1.20605

5
1 0 139 0.813783
2 0 87 0.967896
4 0 0 1.10556
5 0 0 0.974318
3 0 0 0.836085

3
1 0 6206 0.895171
2 0 0 0.849218
3 0 0 0.942579

3
1 0 191 0.806385
2 0 0 1.00561
3 0 0 0.805785

3
1 1 2 0.979182
2 0 0 0.770017
3 0 0 0.920255

5
1 0 8091 0.837706
2 0 0 0.787921
3 0 8794 1.00909
6 0 0 0.910466
7 0 0 1.0263

7
1 0 4617 0.875217
2 0 1939 0.902086
4 0 0 0.747301
5 0 0 0.957701
3 2 3 0.989312
6 0 0 0.996403
7 0 0 1.01268

3
1 1 1 0.927717
2 0 0 0.957402
3 0 0 0.942626

1
1 0 0 0.748131

3
1 0 9619 0.839445
2 0 0 0.809619
3 0 0 1.09748

5
1 1 1 0.955426
2 2 2 0.960797
4 0 0 1.01346
5 0 0 0.947401
3 0 0 0.851782

3
1 0 9225 0.85677
2 0 0 0.830593
3 0 0 0.870415

3
1 1 2 0.858929
2 0 0 0.743288
3 0 0 1.05499

3
1 1 2 0.924922
2 0 0 0.802116
3 0 0 1.02616

3
1 0 2281 0.831313
2 0 0 0.858542
3 0 0 1.00337

5
1 2 3 0.85593
2 0 0 0.919077
3 2 4 0.956173
6 0 0 0.940615
7 0 0 0.977288

3
1 1 1 0.860122
2 0 0 1.08161
3 0 0 0.892835

3
1 1 1 0.932364
2 0 0 0.905082
3 0 0 0.842591

3
1 1 2 0.88609
2 0 0 0.896022
3 0 0 0.890698

3
1 0 9304 0.854358
2 0 0 0.844616
3 0 0 0.973782

3
1 2 1 0.909351
2 0 0 0.980863
3 0 0 0.853397

3
1 0 761 0.830071
2 0 0 0.916499
3 0 0 0.869228

3
1 0 1867 0.900053
2 0 0 0.832307
3 0 0 1.0407

3
1 1 1 0.94379
2 0 0 0.954639
3 0 0 0.892499

5
1 2 3 0.975554
2 0 0 0.852579
3 0 4051 0.961314
6 0 0 1.01208
7 0 0 1.00525

5
1 0 23 0.796564
2 2 4 1.09171
4 0 0 0.991197
5 0 0 1.04066
3 0 0 0.809401

3
1 0 5652 0.867989
2 0 0 0.839451
3 0 0 0.933862

7
1 1 1 0.855163
2 0 0 1.0135
3 1 2 0.85941
6 0 1020 0.82263
12 0 0 0.982325
13 0 0 0.792492
7 0 0 0.953242

3
1 0 4788 0.911581
2 0 0 0.910827
3 0 0 1.03343

3
1 1 1 0.851414
2 0 0 0.982333
3 0 0 0.694609

3
1 0 1724 0.889026
2 0 0 0.802928
3 0 0 1.01119

3
1 1 1 0.832464
2 0 0 0.975163
3 0 0 0.790507

3
1 0 519 0.847102
2 0 0 1.13213
3 0 0 0.79014

3
1 1 2 0.867912
2 0 0 0.842682
3 0 0 0.983109

5
1 1 1 0.903514
2 0 5429 1.0352
4 0 0 1.06441
5 0 0 1.01948
3 0 0 0.74699

5
1 1 1 0.834723
2 0 2561 0.989686
4 0 0 0.980747
5 0 0 0.986583
3 0 0 0.719208

3
1 0 968 0.874974
2 0 0 1.1168
3 0 0 0.787908

5
1 1 1 0.848668
2 0 5086 0.99318
4 0 0 0.865912
5 0 0 1.05252
3 0 0 0.792464

3
1 1 1 0.851111
2 0 0 1.04407
3 0 0 0.78228

3
1 1 2 0.974696
2 0 0 0.680837
3 0 0 0.946345

1
1 0 0 0.893515

5
1 1 1 0.892376
2 0 2620 1.06793
4 0 0 0.9729
5 0 0 0.980683
3 0 0 0.833822

3
1 1 2 0.868051
2 0 0 0.828766
3 0 0 0.947705

5
1 0 9222 0.877327
2 0 0 0.85492
3 0 9492 0.941041
6 0 0 1.00898
7 0 0 0.930877

1
1 0 0 0.837275

3
1 1 1 0.916532
2 0 0 1.11077
3 0 0 0.913066

3
1 1 2 0.850752
2 0 0 0.85443
3 0 0 1.02303

3
1 0 4262 0.922829
2 0 0 0.843266
3 0 0 0.91656

7
1 1 1 0.940276
2 0 0 1.04182
3 1 2 0.835247
6 0 0 0.864289
7 0 3309 1.03422
14 0 0 1.0374
15 0 0 0.943154

3
1 1 1 0.880579
2 0 0 1.00879
3 0 0 0.87194

3
1 1 1 0.870474
2 0 0 1.07466
3 0 0 0.800197

1
1 0 0 0.761268

7
1 2 2 0.902239
2 0 3094 0.904939
4 0 2314 0.834014
8 0 0 0.842472
9 0 0 0.935733
5 0 0 1.22586
3 0 0 1.07806

1
1 0 0 0.741534

5
1 1 1 0.866104
2 0 0 1.0035
3 2 1 0.893913
6 0 0 0.864764
7 0 0 0.934391

5
1 1 2 0.828816
2 2 4 0.877063
4 0 0 0.785382
5 0 0 1.02201
3 0 0 0.985942

3
1 0 9694 0.797147
2 0 0 0.821011
3 0 0 0.966559

5
1 0 783 0.842063
2 0 327 0.985995
4 0 0 1.0084
5 0 0 0.955832
3 0 0 0.757606

3
1 0 8144 0.948551
2 0 0 0.874262
3 0 0 0.97009

5
1 1 2 0.861464
2 0 2101 0.806316
4 0 0 0.809452
5 0 0 0.873499
3 0 0 1.02211

5
1 1 1 0.899029
2 0 0 0.994063
3 1 2 0.936778
6 0 0 0.863621
7 0 0 1.03987

5
1 0 3107 0.844405
2 0 0 0.825106
3 0 9817 1.01041
6 0 0 1.04706
7 0 0 1.09269

3
1 1 2 0.921209
2 0 0 0.923933
3 0 0 1.07066

3
1 0 2274 0.853526
2 0 0 0.887705
3 0 0 0.913079

7
1 1 1 0.775582
2 0 5543 1.08855
4 0 994 1.00166
8 0 0 0.960046
9 0 0 0.995612
5 0 0 1.11642
3 0 0 0.8143

1
1 0 0 0.828106

3
1 0 261 0.962664
2 0 0 1.0234
3 0 0 0.995161

1
1 0 0 0.767255

3
1 0 7951 0.698966
2 0 0 0.640708
3 0 0 0.921935

1
1 0 0 0.81691

3
1 1 1 0.780385
2 0 0 1.089
3 0 0 0.742036

3
1 0 5609 0.867172
2 0 0 0.811712
3 0 0 1.01001

3
1 1 2 0.809021
2 0 0 0.841036
3 0 0 0.983057

3
1 2 3 0.968923
2 0 0 0.879986
3 0 0 1.01638

5
1 1 1 0.897204
2 0 9589 1.00431
4 0 0 0.973486
5 0 0 1.16692
3 0 0 0.802045

3
1 1 1 0.774046
2 0 0 0.943972
3 0 0 0.709293

3
1 1 2 0.818792
2 0 0 0.781136
3 0 0 0.905008

5
1 1 2 0.828733
2 0 0 0.757416
3 2 2 1.00702
6 0 0 0.908749
7 0 0 1.23621

3
1 2 4 0.856113
2 0 0 0.846246
3 0 0 0.948194

5
1 2 4 0.909612
2 0 8578 0.923625
4 0 0 0.950874
5 0 0 0.952538
3 0 0 1.00521

1
1 0 0 0.813511

3
1 1 1 0.875321
2 0 0 1.03501
3 0 0 0.951633

3
1 0 1276 0.708553
2 0 0 0.991508
3 0 0 0.844872

1
1 0 0 0.78084

11
1 0 9132 0.839963
2 1 1 0.87124
4 0 7952 0.841233
8 0 2877 0.943544
16 0 0 1.11721
17 0 0 0.958611
9 0 0 0.909002
5 0 0 0.809273
3 1 1 0.936332
6 0 0 1.01693
7 0 0 0.966763

1
1 0 0 0.710417

3
1 0 8377 0.873874
2 0 0 0.796649
3 0 0 0.981603

3
1 1 1 0.851886
2 0 0 0.88005
3 0 0 0.876855

5
1 1 2 0.941517
2 0 0 0.789244
3 0 3242 0.954383
6 0 0 0.952183
7 0 0 0.878022

1
1 0 0 0.802042

1
1 0 0 0.790045

3
1 1 1 0.827704
2 0 0 1.08041
3 0 0 0.792206

5
1 1 2 0.823975
2 0 251 0.805994
4 0 0 0.997876
5 0 0 0.98704
3 0 0 0.940885

3
1 2 3 0.867968
2 0 0 0.876638
3 0 0 1.00466

5
1 1 2 0.850522
2 0 0 0.786426
3 0 7184 0.936118
6 0 0 1.01105
7 0 0 1.02277

5
1 0 9128 0.781751
2 0 0 0.772116
3 0 9617 1.13652
6 0 0 0.975229
7 0 0 0.935871

3
1 1 2 0.90467
2 0 0 0.915409
3 0 0 0.982677

3
1 0 1613 0.986743
2 0 0 0.76785
3 0 0 0.913271

3
1 0 3601 0.850842
2 0 0 0.780655
3 0 0 1.06563

3
1 1 2 0.77152
2 0 0 0.790647
3 0 0 0.996329

3
1 1 1 0.822485
2 0 0 1.04499
3 0 0 0.682159

3
1 1 1 0.854945
2 0 0 1.06052
3 0 0 0.778726

5
1 1 1 0.803986
2 0 2293 1.04378
4 0 0 0.977642
5 0 0 1.0667
3 0 0 0.759075

3
1 0 4846 0.909166
2 0 0 0.765761
3 0 0 1.01002

7
1 1 2 0.979182
2 0 0 0.782536
3 0 5213 0.920537
6 0 1781 1.04364
12 0 0 1.00658
13 0 0 1.11493
7 0 0 1.11563

3
1 0 1300 0.850852
2 0 0 1.16376
3 0 0 0.899908

5
1 0 4617 0.875217
2 0 1939 0.902086
4 0 0 0.796155
5 0 0 0.993974
3 0 0 0.942197

3
1 1 1 0.82087
2 0 0 0.948911
3 0 0 0.886787

3
1 1 2 0.828626
2 0 0 0.875548
3 0 0 1.10582

1
1 0 0 0.88364

3
1 0 6356 0.827641
2 0 0 0.737022
3 0 0 0.966231

3
1 0 393 0.774694
2 0 0 0.943178
3 0 0 0.759578

1
1 0 0 0.77525

1
1 0 0 0.798593

3
1 2 2 0.890551
2 0 0 0.920606
3 0 0 0.917977

9
1 0 8318 0.89174
2 1 2 0.943739
4 1 1 0.849752
8 0 0 0.993286
9 0 5240 0.928175
18 0 0 0.829102
19 0 0 0.902603
5 0 0 0.937951
3 0 0 0.891466

3
1 1 1 0.860122
2 0 0 1.11202
3 0 0 0.806128

5
1 2 4 0.853122
2 0 2390 0.89232
4 0 0 0.783168
5 0 0 1.00234
3 0 0 0.907488

3
1 1 2 0.88609
2 0 0 0.812187
3 0 0 1.03341

3
1 0 9304 0.854358
2 0 0 0.78103
3 0 0 1.04284

1
1 0 0 0.87697

3
1 1 1 0.832612
2 0 0 0.938053
3 0 0 0.794387

3
1 0 1867 0.900053
2 0 0 0.802146
3 0 0 0.967186

3
1 2 3 0.908231
2 0 0 0.722897
3 0 0 0.955439

3
1 1 1 0.923268
2 0 0 0.943572
3 0 0 0.866857

3
1 1 1 0.865317
2 0 0 1.01723
3 0 0 0.854556

7
1 0 2053 0.844833
2 0 1684 0.881803
4 0 0 0.911535
5 0 0 1.0509
3 2 1 0.992806
6 0 0 1.07424
7 0 0 1.0358

3
1 0 7309 0.896011
2 0 0 0.834486
3 0 0 0.960588

3
1 0 9811 0.864291
2 0 0 0.863371
3 0 0 1.02557

3
1 2 3 0.934051
2 0 0 0.928755
3 0 0 0.910376

3
1 0 1724 0.889026
2 0 0 0.753233
3 0 0 1.1176

3
1 1 1 0.824624
2 0 0 0.946828
3 0 0 0.775402

3
1 1 1 0.827195
2 0 0 0.967861
3 0 0 0.841806

3
1 0 1010 0.907815
2 0 0 0.883093
3 0 0 0.846335

5
1 1 1 0.903514
2 0 7447 1.09858
4 0 0 1.07321
5 0 0 1.07568
3 0 0 0.782374

3
1 0 8247 0.876845
2 0 0 0.894878
3 0 0 0.87976

3
1 1 1 0.856613
2 0 0 0.90309
3 0 0 0.823474

3
1 1 1 0.848668
2 0 0 0.959116
3 0 0 0.806643

3
1 1 1 0.851111
2 0 0 1.03844
3 0 0 0.724704

3
1 1 2 0.974696
2 0 0 0.838954
3 0 0 0.994162

3
1 1 2 0.875948
2 0 0 0.77962
3 0 0 1.09286

3
1 1 1 0.847678
2 0 0 0.99916
3 0 0 0.85743

3
1 1 1 0.866004
2 0 0 1.07787
3 0 0 0.782344

1
1 0 0 0.805903

5
1 2 4 0.869833
2 0 4902 0.836455
4 0 0 0.903827
5 0 0 0.987023
3 0 0 1.03589

3
1 1 1 0.916532
2 0 0 0.998878
3 0 0 0.75194

3
1 1 2 0.850752
2 0 0 0.854613
3 0 0 0.946087

1
1 0 0 0.803946

3
1 2 3 0.866549
2 0 0 0.777592
3 0 0 0.815958

3
1 1 2 0.880465
2 0 0 0.890709
3 0 0 1.02924

3
1 1 1 0.870474
2 0 0 0.992555
3 0 0 0.734747

5
1 0 1243 0.8621
2 0 0 0.95417
3 1 2 0.93034
6 0 0 0.824537
7 0 0 0.975201

5
1 2 4 0.847671
2 2 3 0.932506
4 0 0 0.872273
5 0 0 1.05782
3 0 0 0.851596

1
1 0 0 0.881005

3
1 0 4599 0.932059
2 0 0 0.919302
3 0 0 0.962975

3
1 1 2 0.834648
2 0 0 0.838392
3 0 0 0.97816

7
1 2 4 0.808914
2 0 4244 0.966892
4 0 2883 0.909176
8 0 0 0.884916
9 0 0 0.966999
5 0 0 0.955404
3 0 0 0.936322

1
1 0 0 0.817251

5
1 0 1093 0.810745
2 0 70 1.06273
4 0 0 1.05241
5 0 0 0.892272
3 0 0 0.823782

3
1 0 938 0.85952
2 0 0 0.976382
3 0 0 0.762999

1
1 0 0 0.819038

5
1 0 842 0.888067
2 0 223 0.971265
4 0 0 0.984712
5 0 0 1.01678
3 0 0 0.86869

3
1 0 1910 0.891901
2 0 0 0.784505
3 0 0 1.08111

5
1 0 3340 0.914058
2 0 0 0.868852
3 2 4 1.01881
6 0 0 0.985572
7 0 0 0.88502

5
1 1 2 0.930479
2 0 9053 0.899666
4 0 0 0.859555
5 0 0 1.05167
3 0 0 1.0881

3
1 2 2 0.908876
2 0 0 0.918143
3 0 0 0.961395

3
1 0 725 0.853813
2 0 0 1.02207
3 0 0 0.904829

3
1 0 8778 0.799481
2 0 0 0.817237
3 0 0 0.928377

1
1 0 0 0.772701

5
1 1 2 0.833211
2 0 1997 0.883901
4 0 0 0.743688
5 0 0 0.945292
3 0 0 0.922201

5
1 0 9104 0.83644
2 0 0 0.69917
3 1 1 0.940168
6 0 0 0.935062
7 0 0 0.885227

3
1 0 6762 0.874932
2 0 0 0.895193
3 0 0 1.15143

7
1 1 1 0.866028
2 0 5406 0.973665
4 0 0 0.962363
5 0 0 1.01605
3 0 67 0.819383
6 0 0 1.00126
7 0 0 0.822309

5
1 1 1 0.896913
2 2 4 1.14749
4 0 0 1.13005
5 0 0 1.05067
3 0 0 0.740209

3
1 1 1 0.897204
2 0 0 1.03693
3 0 0 0.863976

3
1 1 1 0.882879
2 0 0 1.01071
3 0 0 0.696815

3
1 0 9476 0.812124
2 0 0 0.811594
3 0 0 1.01702

1
1 0 0 0.953556

3
1 0 9549 0.858788
2 0 0 0.863905
3 0 0 0.971738

5
1 0 3419 0.899603
2 0 533 0.906635
4 0 0 1.10759
5 0 0 0.83586
3 0 0 0.962001

3
1 0 675 0.740929
2 0 0 0.889335
3 0 0 0.817861

5
1 0 975 0.815331
2 2 4 0.928586
4 0 0 0.975091
5 0 0 1.02921
3 0 0 0.723099

5
1 1 2 0.88218
2 0 0 0.772599
3 2 2 0.964669
6 0 0 0.997357
7 0 0 1.00455

5
1 2 4 0.84894
2 0 0 0.824343
3 1 2 0.967576
6 0 0 0.881448
7 0 0 1.01265

3
1 0 9132 0.839963
2 0 0 0.787406
3 0 0 1.01492

3
1 0 393 0.841937
2 0 0 1.04738
3 0 0 0.851947

3
1 2 1 0.891855
2 0 0 0.847847
3 0 0 0.970197

5
1 2 1 0.915925
2 0 0 0.800387
3 2 4 0.879076
6 0 0 0.875758
7 0 0 0.91148

9
1 1 2 0.941517
2 0 0 0.834371
3 0 801 1.01447
6 0 614 0.956604
12 0 0 0.968819
13 2 4 0.946421
26 0 0 0.850326
27 0 0 1.10974
7 0 0 1.00044

3
1 1 1 0.785761
2 0 0 1.01183
3 0 0 0.739656

5
1 1 2 0.80903
2 0 0 0.790087
3 0 2011 0.988764
6 0 0 0.986586
7 0 0 1.01877

5
1 1 2 0.852384
2 0 0 0.757575
3 0 6037 0.968547
6 0 0 0.940349
7 0 0 0.960556

3
1 0 8753 0.825884
2 0 0 0.755766
3 0 0 0.86027

3
1 2 3 0.867968
2 0 0 0.914498
3 0 0 0.966917

3
1 1 1 0.896448
2 0 0 0.986502
3 0 0 0.773299

3
1 1 1 0.811688
2 0 0 0.994471
3 0 0 0.770464

3
1 0 5509 0.868127
2 0 0 0.854327
3 0 0 0.948126

3
1 0 1613 0.986743
2 0 0 0.800621
3 0 0 0.990703

5
1 0 9853 0.826171
2 2 4 0.758608
4 0 0 0.795084
5 0 0 0.94608
3 0 0 1.03385

3
1 1 2 0.904089
2 0 0 0.757579
3 0 0 0.884954

3
1 1 1 0.822485
2 0 0 0.981779
3 0 0 0.804978

3
1 1 1 0.854945
2 0 0 0.969771
3 0 0 0.937728

3
1 0 1719 0.902171
2 0 0 0.773053
3 0 0 1.01172

3
1 0 5805 0.857253
2 0 0 0.929079
3 0 0 1.02217

3
1 2 3 0.823146
2 0 0 0.802138
3 0 0 0.88955

1
1 0 0 0.80784

5
1 1 2 0.847283
2 0 0 0.810333
3 0 5899 1.01639
6 0 0 1.00108
7 0 0 1.03889

1
1 0 0 0.873379

1
1 0 0 0.787824

3
1 1 1 0.912796
2 0 0 1.0226
3 0 0 0.849748

5
1 0 8415 0.940996
2 0 3270 0.975587
4 0 0 0.996978
5 0 0 0.939963
3 0 0 0.952883

7
1 1 2 0.765333
2 1 1 0.859776
4 0 0 1.00352
5 0 9847 0.790307
10 0 0 0.742284
11 0 0 1.07589
3 0 0 0.960098

3
1 0 2660 0.777216
2 0 0 0.820371
3 0 0 1.00391

7
1 0 8042 0.74419
2 0 0 0.784287
3 1 2 0.934636
6 0 0 1.23802
7 2 3 1.10469
14 0 0 0.927874
15 0 0 1.04153

7
1 0 3094 0.872895
2 0 2868 0.785781
4 0 0 0.767012
5 0 0 0.934256
3 0 3812 0.923864
6 0 0 1.06701
7 0 0 0.872933

1
1 0 0 0.740537

5
1 1 1 0.860122
2 2 2 0.994179
4 0 0 1.30739
5 0 0 0.890951
3 0 0 0.699336

3
1 0 5311 0.899723
2 0 0 0.875325
3 0 0 1.05509

3
1 1 2 0.88609
2 0 0 0.843882
3 0 0 0.941135

3
1 1 2 0.932246
2 0 0 0.746363
3 0 0 1.05494

1
1 0 0 0.888748

5
1 1 1 0.832612
2 0 2117 1.10076
4 0 0 1.08973
5 0 0 1.08008
3 0 0 0.83757

3
1 0 219 0.846696
2 0 0 0.975606
3 0 0 0.848216

3
1 0 9695 0.791614
2 0 0 0.774556
3 0 0 0.964794

3
1 0 8209 0.814828
2 0 0 0.772139
3 0 0 0.971515

7
1 1 1 0.865317
2 2 3 0.918624
4 0 8373 0.949042
8 0 0 1.12667
9 0 0 0.966684
5 0 0 1.08559
3 0 0 0.874049

5
1 0 2053 0.844833
2 0 0 0.921561
3 1 2 0.980177
6 0 0 1.07121
7 0 0 1.01717

5
1 1 1 0.900466
2 0 0 0.902959
3 1 2 0.875503
6 0 0 0.783248
7 0 0 1.01996

3
1 2 2 0.905022
2 0 0 0.862605
3 0 0 0.950318

3
1 0 687 0.85817
2 0 0 0.967357
3 0 0 0.868658

3
1 0 1724 0.889026
2 0 0 0.785213
3 0 0 1.00407

3
1 1 2 0.894127
2 0 0 0.928524
3 0 0 1.01059

3
1 1 1 0.827195
2 0 0 0.936064
3 0 0 0.802111

7
1 2 1 0.896444
2 0 4560 0.936536
4 0 0 0.882856
5 0 0 0.990799
3 0 243 0.85655
6 0 0 1.06128
7 0 0 0.851524

3
1 0 9682 0.87548
2 0 0 0.851568
3 0 0 1.00387

5
1 0 5790 0.871219
2 2 4 0.855592
4 0 0 0.794166
5 0 0 0.886338
3 0 0 1.0629

5
1 2 2 1.00927
2 1 1 0.867754
4 0 0 0.963783
5 0 0 0.851417
3 0 0 0.901984

3
1 0 972 0.888349
2 0 0 0.942657
3 0 0 0.898545

5
1 1 1 0.851111
2 0 9960 1.06376
4 0 0 0.997763
5 0 0 1.09815
3 0 0 0.732109

3
1 0 118 0.827737
2 0 0 1.04074
3 0 0 0.839309

3
1 1 2 0.875948
2 0 0 0.82053
3 0 0 0.972153

5
1 1 2 0.915476
2 1 1 0.90026
4 0 0 1.03973
5 0 0 0.790734
3 0 0 0.987239

3
1 1 1 0.838704
2 0 0 1.04201
3 0 0 0.71555

3
1 0 8364 0.812861
2 0 0 0.868821
3 0 0 0.969339

5
1 0 2411 0.881538
2 2 4 0.941814
4 0 0 0.805342
5 0 0 1.02697
3 0 0 0.87392

3
1 1 2 0.800416
2 0 0 0.871314
3 0 0 1.02395

5
1 0 5968 0.920873
2 1 1 0.891309
4 0 0 0.946183
5 0 0 0.778353
3 0 0 0.905663

3
1 1 2 0.805056
2 0 0 0.751037
3 0 0 0.925906

5
1 2 3 0.862756
2 1 1 0.879152
4 0 0 1.07759
5 0 0 0.80303
3 0 0 1.05407

3
1 1 2 0.880465
2 0 0 0.788861
3 0 0 1.08625

3
1 1 1 0.870474
2 0 0 0.954492
3 0 0 0.716523

3
1 2 2 0.906597
2 0 0 0.80126
3 0 0 0.959805

3
1 1 1 0.886194
2 0 0 1.02139
3 0 0 0.897343

3
1 2 3 0.860816
2 0 0 0.823465
3 0 0 1.01552

3
1 2 4 0.828055
2 0 0 0.845199
3 0 0 0.903536

3
1 1 1 0.832691
2 0 0 0.996668
3 0 0 0.803606

3
1 0 5708 0.853289
2 0 0 0.779202
3 0 0 0.887261

1
1 0 0 0.738001

5
1 0 9592 0.833466
2 1 1 0.841603
4 0 0 1.0088
5 0 0 0.720753
3 0 0 0.967981

3
1 1 2 0.931759
2 0 0 0.768037
3 0 0 1.04388

1
1 0 0 0.780794

3
1 0 842 0.888067
2 0 0 0.94781
3 0 0 0.817778

3
1 0 3503 0.970595
2 0 0 0.870182
3 0 0 1.04844

1
1 0 0 0.920024

1
1 0 0 0.841896

5
1 1 2 0.883821
2 0 0 0.803742
3 2 3 1.11479
6 0 0 1.04028
7 0 0 0.987769

3
1 0 9335 0.8889
2 0 0 0.883891
3 0 0 1.08965

1
1 0 0 0.96378

5
1 1 1 0.946601
2 0 0 0.937383
3 2 2 0.907671
6 0 0 0.900939
7 0 0 0.874112

3
1 1 2 0.906426
2 0 0 0.92985
3 0 0 0.952032

5
1 0 6767 0.929806
2 0 0 0.917019
3 0 7003 1.08879
6 0 0 1.00864
7 0 0 1.12395

3
1 1 1 0.877107
2 0 0 1.02751
3 0 0 0.7021

9
1 0 6397 0.900856
2 0 0 0.866653
3 0 9738 0.927719
6 1 1 0.964539
12 0 0 1.00269
13 1 2 0.996812
26 0 0 1.07229
27 0 0 0.992391
7 0 0 0.937121

3
1 0 9058 0.860086
2 0 0 0.822933
3 0 0 0.955738

3
1 0 5252 0.843911
2 0 0 0.877992
3 0 0 0.813819

1
1 0 0 0.747262

1
1 0 0 0.812721

3
1 1 2 0.860213
2 0 0 0.893134
3 0 0 0.902295

1
1 0 0 0.730459

7
1 0 1127 0.914732
2 0 577 0.961904
4 2 4 1.0036
8 0 0 1.03383
9 0 0 0.939617
5 0 0 1.16955
3 0 0 0.86662

5
1 2 4 0.909593
2 0 1475 0.95218
4 0 0 0.791001
5 0 0 1.20256
3 0 0 0.907139

5
1 2 2 0.860107
2 0 0 0.867995
3 2 3 0.811387
6 0 0 0.835498
7 0 0 0.860077

3
1 0 9278 0.831303
2 0 0 0.741011
3 0 0 1.0619

3
1 1 1 0.9126
2 0 0 1.04667
3 0 0 0.819522

1
1 0 0 0.835129

5
1 2 4 0.831873
2 2 2 0.979637
4 0 0 0.855328
5 0 0 0.938901
3 0 0 0.84185

3
1 0 6728 0.819519
2 0 0 0.780995
3 0 0 0.872891

3
1 0 272 0.871733
2 0 0 0.966274
3 0 0 0.860312

7
1 1 1 0.848594
2 0 4969 1.12934
4 0 554 1.1029
8 0 0 1.02896
9 0 0 1.0713
5 0 0 0.998294
3 0 0 0.824027

3
1 1 1 0.785761
2 0 0 1.1448
3 0 0 0.760668

3
1 0 654 0.895837
2 0 0 0.983506
3 0 0 0.800191

7
1 0 1597 0.857516
2 0 815 0.842527
4 0 0 1.03629
5 0 0 0.723599
3 1 2 1.0128
6 0 0 1.00729
7 0 0 1.15548

3
1 0 8970 0.912697
2 0 0 0.823211
3 0 0 0.984767

3
1 0 2360 0.839328
2 0 0 0.82304
3 0 0 0.993672

5
1 0 9586 0.779768
2 0 844 0.820453
4 0 0 0.987454
5 0 0 0.805542
3 0 0 1.09311

3
1 0 8876 0.869713
2 0 0 0.876865
3 0 0 1.02513

1
1 0 0 0.677834

5
1 0 9669 0.865813
2 0 3309 0.912581
4 0 0 0.857154
5 0 0 0.951213
3 0 0 1.034

3
1 1 1 0.887879
2 0 0 0.963659
3 0 0 0.732584

3
1 1 2 0.904089
2 0 0 0.850454
3 0 0 0.987665

3
1 1 1 0.822485
2 0 0 1.01416
3 0 0 0.802536

3
1 0 2919 0.868243
2 0 0 0.849418
3 0 0 0.962551

3
1 0 9743 0.876483
2 0 0 0.784643
3 0 0 0.78151

1
1 0 0 0.901249

3
1 1 1 0.918484
2 0 0 0.960125
3 0 0 0.856749

3
1 0 286 0.776205
2 0 0 0.974095
3 0 0 0.863355

5
1 0 647 0.849569
2 1 2 1.21945
4 0 0 1.08412
5 0 0 0.921973
3 0 0 0.670195

5
1 2 1 0.926212
2 0 7174 0.885424
4 0 0 0.832441
5 0 0 0.93194
3 0 0 0.904051

3
1 1 1 0.816994
2 0 0 1.03504
3 0 0 0.867709

5
1 1 1 0.898992
2 0 0 0.958041
3 1 2 0.962594
6 0 0 0.863835
7 0 0 1.04109

3
1 2 4 0.843286
2 0 0 0.87582
3 0 0 0.913912

7
1 1 1 0.880249
2 0 0 0.991118
3 0 506 0.899224
6 0 0 1.02482
7 1 2 0.870831
14 0 0 0.850374
15 0 0 1.06633

3
1 0 2660 0.777216
2 0 0 0.7916
3 0 0 0.937699

1
1 0 0 0.913384

3
1 2 3 0.927213
2 0 0 0.880638
3 0 0 0.982426

3
1 1 2 0.926696
2 0 0 0.752384
3 0 0 1.06076

5
1 1 1 0.860122
2 0 0 1.0132
3 1 2 0.857652
6 0 0 0.820148
7 0 0 0.868438

7
1 1 1 0.928966
2 0 3637 1.05602
4 0 0 1.15338
5 2 2 1.03933
10 0 0 1.11323
11 0 0 0.974723
3 0 0 0.763492

3
1 1 2 0.805972
2 0 0 0.785344
3 0 0 0.992279

3
1 1 2 0.832928
2 0 0 0.811689
3 0 0 1.08659

5
1 0 8274 0.88781
2 1 1 0.95336
4 0 0 1.02479
5 0 0 0.92732
3 0 0 0.894699

1
1 0 0 0.767451

3
1 1 2 0.855705
2 0 0 0.845411
3 0 0 0.866243

3
1 0 86 0.791725
2 0 0 1.04089
3 0 0 0.80429

3
1 1 1 0.917867
2 0 0 0.998783
3 0 0 0.811459

9
1 1 1 0.865317
2 0 0 0.913317
3 1 2 0.834054
6 0 1929 0.895144
12 0 181 0.843943
24 0 0 1.09979
25 0 0 0.835123
13 0 0 1.01449
7 0 0 0.97644

3
1 0 2053 0.844833
2 0 0 0.773731
3 0 0 1.05827

3
1 1 1 0.900466
2 0 0 1.06831
3 0 0 0.754649

3
1 0 9009 0.863712
2 0 0 0.862396
3 0 0 1.045

3
1 1 2 0.8485
2 0 0 0.760702
3 0 0 0.92534

3
1 0 8077 0.941016
2 0 0 0.779822
3 0 0 1.00211

3
1 0 7301 0.867634
2 0 0 0.791013
3 0 0 0.948335

3
1 0 195 0.841219
2 0 0 0.953124
3 0 0 0.854875

3
1 0 4677 0.906614
2 0 0 0.832286
3 0 0 0.92714

3
1 1 1 0.858273
2 0 0 0.942342
3 0 0 0.717516

5
1 0 4540 0.898876
2 0 0 0.949007
3 1 1 0.971116
6 0 0 0.987264
7 0 0 0.997712

7
1 1 2 0.898007
2 0 0 0.701951
3 0 2912 1.02964
6 0 0 1.02483
7 0 6923 1.08853
14 0 0 1.10639
15 0 0 1.11718

1
1 0 0 0.771686

3
1 1 1 0.851111
2 0 0 1.11109
3 0 0 0.899578

3
1 1 2 0.934738
2 0 0 0.823023
3 0 0 1.141

9
1 2 2 0.941888
2 0 4589 0.915766
4 0 0 0.984262
5 2 1 0.936275
10 0 0 0.939693
11 0 0 1.05459
3 0 454 0.976708
6 0 0 0.945566
7 0 0 1.02521

5
1 0 1807 0.915203
2 0 1635 0.793025
4 0 0 0.761052
5 0 0 0.893955
3 0 0 0.978875

5
1 1 1 0.838704
2 0 2433 1.00067
4 0 0 1.00422
5 0 0 0.956871
3 0 0 0.859277

3
1 0 6052 0.885855
2 0 0 0.889476
3 0 0 0.899232

5
1 1 2 0.858835
2 0 0 0.873804
3 2 2 0.942577
6 0 0 0.899631
7 0 0 0.976532

1
1 0 0 0.840696

3
1 2 2 0.878628
2 0 0 0.950715
3 0 0 0.952199

3
1 1 1 0.813492
2 0 0 0.940097
3 0 0 0.783742

5
1 2 3 0.862756
2 1 1 0.879152
4 0 0 1.12364
5 0 0 0.77145
3 0 0 0.815238

3
1 1 2 0.880465
2 0 0 0.784821
3 0 0 0.891392

5
1 2 2 0.835956
2 0 5356 0.968361
4 0 0 0.779462
5 0 0 0.930647
3 0 0 0.879143

1
1 0 0 0.864808

3
1 1 1 0.886194
2 0 0 1.11327
3 0 0 0.799573

3
1 1 2 0.833003
2 0 0 0.871566
3 0 0 1.10147

3
1 1 2 0.87778
2 0 0 0.751858
3 0 0 0.945466

3
1 1 1 0.832691
2 0 0 1.15047
3 0 0 0.751188

3
1 1 1 0.894475
2 0 0 0.930259
3 0 0 0.890297

3
1 0 9359 0.831037
2 0 0 0.822571
3 0 0 0.981104

5
1 0 9592 0.833466
2 1 1 0.841603
4 0 0 1.11125
5 0 0 0.757823
3 0 0 0.956473

3
1 1 2 0.931759
2 0 0 0.751147
3 0 0 1.00704

1
1 0 0 0.800755

3
1 0 5217 0.892726
2 0 0 0.932287
3 0 0 0.899184

1
1 0 0 0.830319

3
1 0 398 0.816652
2 0 0 1.03238
3 0 0 0.748961

1
1 0 0 0.924427

3
1 1 1 0.905392
2 0 0 1.05955
3 0 0 0.869042

3
1 1 2 0.800371
2 0 0 0.756546
3 0 0 0.977948

3
1 0 42 0.814925
2 0 0 1.19881
3 0 0 0.761975

7
1 2 3 0.875133
2 2 2 0.87126
4 0 0 0.880049
5 0 0 1.00324
3 2 4 0.964227
6 0 0 1.03362
7 0 0 0.979327

3
1 0 4472 0.877612
2 0 0 0.7836
3 0 0 0.95397

1
1 0 0 0.742476

3
1 1 1 0.844617
2 0 0 1.05698
3 0 0 0.889648

5
1 0 8346 0.903159
2 0 0 0.826068
3 0 8673 0.939931
6 0 0 0.999552
7 0 0 0.906593

5
1 0 6010 0.861172
2 0 838 0.867133
4 0 0 0.980171
5 0 0 0.82059
3 0 0 1.03615

3
1 0 9304 0.815501
2 0 0 0.835661
3 0 0 1.03824

3
1 0 5602 0.877564
2 0 0 0.861593
3 0 0 0.945873

3
1 0 9967 0.807036
2 0 0 0.787273
3 0 0 0.956709

1
1 0 0 0.841235

5
1 0 5105 0.833487
2 1 2 0.858149
4 0 0 0.88008
5 0 0 0.983899
3 0 0 1.05981

5
1 0 818 0.732616
2 0 627 0.96734
4 0 0 0.952834
5 0 0 1.05374
3 0 0 0.851572

5
1 2 4 0.909593
2 0 1475 0.95218
4 0 0 0.806778
5 0 0 1.04102
3 0 0 1.01517

3
1 1 1 0.848711
2 0 0 0.988912
3 0 0 0.799029

1
1 0 0 0.710689

5
1 0 6861 0.884932
2 0 2990 0.828633
4 0 0 0.81746
5 0 0 0.97553
3 0 0 0.938752

3
1 1 2 0.807322
2 0 0 0.805707
3 0 0 1.05171

5
1 2 4 0.830928
2 0 8267 0.840776
4 0 0 0.857233
5 0 0 0.90733
3 0 0 0.881149

1
1 0 0 0.818495

3
1 0 7417 0.794896
2 0 0 0.806989
3 0 0 0.912184

3
1 0 3012 0.830961
2 0 0 0.840293
3 0 0 0.992517

3
1 1 1 0.785761
2 0 0 1.01804
3 0 0 0.759631

3
1 0 837 0.803328
2 0 0 0.989774
3 0 0 0.780467

3
1 1 1 0.842794
2 0 0 0.968289
3 0 0 0.714729

3
1 0 9775 0.841288
2 0 0 0.913983
3 0 0 1.06488

5
1 0 2360 0.839328
2 0 621 0.859226
4 0 0 0.920126
5 0 0 0.825568
3 0 0 0.85962

1
1 0 0 0.877431

1
1 0 0 0.864589

5
1 1 1 0.834366
2 0 0 0.915112
3 1 2 0.882759
6 0 0 0.883989
7 0 0 0.970798

5
1 1 2 0.888382
2 0 0 0.903375
3 0 1872 0.996476
6 0 0 0.960578
7 0 0 1.03228

3
1 1 1 0.887879
2 0 0 0.983337
3 0 0 0.801498

9
1 0 930 0.858404
2 0 323 0.916209
4 0 0 0.926118
5 0 0 1.0056
3 0 9842 0.797416
6 0 0 0.883752
7 0 9976 0.919819
14 0 0 1.12731
15 0 0 0.947452

3
1 2 4 0.812167
2 0 0 0.833506
3 0 0 0.859886

3
1 0 5157 0.926489
2 0 0 0.84395
3 0 0 0.985049

1
1 0 0 0.832214

3
1 0 9184 0.846322
2 0 0 0.84597
3 0 0 0.911328

3
1 1 1 0.810639
2 0 0 0.936458
3 0 0 0.835691

3
1 0 286 0.776205
2 0 0 0.884729
3 0 0 0.668147

3
1 1 1 0.799978
2 0 0 1.04105
3 0 0 0.751496

3
1 1 1 0.806213
2 0 0 1.22131
3 0 0 0.718777

3
1 1 2 0.864738
2 0 0 0.809018
3 0 0 0.977654

5
1 1 1 0.898992
2 0 0 1.05269
3 0 3586 0.918074
6 0 0 0.817971
7 0 0 0.954912

1
1 0 0 0.791437

3
1 2 3 0.982961
2 0 0 0.736446
3 0 0 1.05633

3
1 0 2660 0.777216
2 0 0 0.854473
3 0 0 0.950612

3
1 1 1 0.876308
2 0 0 1.06006
3 0 0 0.783342

5
1 0 220 0.999195
2 0 0 1.00493
3 1 2 0.971739
6 0 0 0.820872
7 0 0 0.969067

7
1 1 2 0.926696
2 0 0 0.870952
3 2 2 0.990434
6 0 0 0.921587
7 0 1421 1.14581
14 0 0 1.04224
15 0 0 1.07105

3
1 1 1 0.860122
2 0 0 0.886643
3 0 0 0.862482

3
1 1 1 0.928966
2 0 0 1.16073
3 0 0 0.928024

5
1 1 1 0.826785
2 0 0 1.03592
3 1 2 0.804195
6 0 0 0.713089
7 0 0 1.00759

3
1 0 6823 0.907556
2 0 0 0.886622
3 0 0 0.777935

3
1 1 1 0.838097
2 0 0 1.02036
3 0 0 0.970743

3
1 0 1801 0.821663
2 0 0 0.742905
3 0 0 1.00884

5
1 0 1640 0.835502
2 0 659 0.808351
4 0 0 1.00195
5 0 0 0.767369
3 0 0 0.929899

3
1 0 9763 0.851867
2 0 0 0.757052
3 0 0 0.937838

3
1 0 7818 0.855138
2 0 0 0.913535
3 0 0 1.01912

3
1 1 1 0.835995
2 0 0 0.995775
3 0 0 0.8288

3
1 0 7120 0.867418
2 0 0 0.9026
3 0 0 0.972615

3
1 1 1 0.900466
2 0 0 1.0528
3 0 0 0.879826

3
1 0 8078 0.799637
2 0 0 0.834146
3 0 0 1.0394

3
1 1 2 0.8485
2 0 0 0.73208
3 0 0 1.01697

1
1 0 0 0.771681

3
1 0 5088 0.925736
2 0 0 0.80192
3 0 0 1.01134

3
1 0 8951 0.792111
2 0 0 0.765343
3 0 0 1.0491

1
1 0 0 0.877339

1
1 0 0 0.806768

3
1 0 4053 0.88714
2 0 0 0.893999
3 0 0 0.91524

5
1 1 2 0.898007
2 0 150 0.761439
4 0 0 1.00113
5 0 0 0.74671
3 0 0 0.912708

3
1 0 202 0.831727
2 0 0 1.03419
3 0 0 0.800471

7
1 2 3 0.85986
2 0 0 0.855179
3 2 4 0.910816
6 0 5071 0.949224
12 0 0 0.978505
13 0 0 0.903963
7 0 0 0.913708

1
1 0 0 0.74657

1
1 0 0 0.841059

3
1 1 1 0.745967
2 0 0 1.02017
3 0 0 0.771802

5
1 1 1 0.838704
2 0 0 1.15243
3 1 2 0.846707
6 0 0 0.833918
7 0 0 1.01878

5
1 1 2 0.880315
2 0 0 0.738793
3 2 2 1.07286
6 0 0 0.961662
7 0 0 1.06689

3
1 1 1 0.880958
2 0 0 0.975508
3 0 0 0.769235

3
1 0 2266 0.968375
2 0 0 0.765027
3 0 0 0.937268

3
1 1 2 0.871749
2 0 0 0.799928
3 0 0 1.10859

7
1 0 4338 0.922999
2 0 3190 0.919528
4 0 0 0.978788
5 0 3960 0.933143
10 0 0 0.993042
11 0 0 0.999386
3 0 0 0.879795

7
1 1 2 0.973917
2 0 1664 1.04074
4 0 0 0.818799
5 0 0 0.977386
3 0 5414 1.0557
6 0 0 0.978904
7 0 0 0.971151

5
1 1 2 0.880465
2 0 0 0.957668
3 0 4051 1.00183
6 0 0 1.09548
7 0 0 1.00805

5
1 0 3039 0.87934
2 0 0 0.944093
3 2 4 1.08789
6 0 0 1.17441
7 0 0 0.974725

3
1 0 3306 0.854208
2 0 0 0.852682
3 0 0 0.893507

3
1 1 1 0.846611
2 0 0 0.90437
3 0 0 0.809933

3
1 1 2 0.833003
2 0 0 0.832816
3 0 0 1.03933

3
1 1 1 0.918193
2 0 0 0.999689
3 0 0 0.733361

3
1 1 1 0.832691
2 0 0 1.03839
3 0 0 0.794067

3
1 1 1 0.894475
2 0 0 0.922265
3 0 0 0.790515

5
1 0 8813 0.856579
2 0 0 0.820598
3 0 8910 0.967205
6 0 0 0.926107
7 0 0 0.937346

5
1 0 9592 0.833466
2 1 1 0.841603
4 0 0 1.02747
5 0 0 0.826525
3 0 0 0.9947

3
1 1 2 0.931759
2 0 0 0.706748
3 0 0 0.931429

3
1 0 4718 0.861747
2 0 0 0.901774
3 0 0 0.817443

3
1 0 417 0.907386
2 0 0 1.04319
3 0 0 0.781537

7
1 1 1 0.863858
2 0 5169 0.979105
4 0 0 0.998476
5 0 0 0.998692
3 0 6149 0.886364
6 0 0 0.729068
7 0 0 1.01153

3
1 0 8299 0.838801
2 0 0 0.813181
3 0 0 0.94597

5
1 0 5708 0.848516
2 1 1 1.05351
4 0 0 0.982161
5 0 0 0.807549
3 0 0 1.07989

5
1 0 176 0.796312
2 2 2 1.0477
4 0 0 0.920992
5 0 0 0.918981
3 0 0 0.82869

7
1 0 9827 0.774454
2 0 8802 0.885563
4 0 0 0.895336
5 2 3 0.947965
10 0 0 0.976523
11 0 0 0.931401
3 0 0 1.08874

5
1 1 2 0.91299
2 1 1 0.914194
4 0 0 0.949752
5 0 0 0.887966
3 0 0 1.01751

1
1 0 0 0.820532

5
1 0 3453 0.842927
2 0 1683 0.852529
4 0 0 0.739831
5 0 0 0.928961
3 0 0 0.95533

3
1 1 1 0.786828
2 0 0 0.980106
3 0 0 0.75497

3
1 1 1 0.844617
2 0 0 0.948388
3 0 0 0.817153

3
1 0 1015 0.795043
2 0 0 0.956288
3 0 0 0.746933

3
1 0 9883 0.830104
2 0 0 0.774989
3 0 0 1.00088

3
1 1 2 0.881418
2 0 0 0.814438
3 0 0 0.856961

1
1 0 0 0.945092

9
1 0 4061 0.84445
2 0 418 0.915976
4 0 0 1.02898
5 0 0 0.741192
3 0 5750 1.00713
6 2 3 1.07067
12 0 0 1.00221
13 0 0 1.14187
7 0 0 0.911741

3
1 0 6977 0.884102
2 0 0 0.823008
3 0 0 0.945059

3
1 1 1 0.935983
2 0 0 0.974627
3 0 0 0.807393

3
1 2 4 0.912834
2 0 0 0.8589
3 0 0 0.980981

5
1 2 4 0.909593
2 0 1475 0.95218
4 0 0 0.772684
5 0 0 1.07864
3 0 0 1.05655

5
1 1 1 0.867147
2 0 3765 0.968776
4 0 0 1.10866
5 0 0 0.872226
3 0 0 0.844878

3
1 1 1 0.890978
2 0 0 1.02148
3 0 0 0.843414

3
1 1 2 0.861529
2 0 0 0.728971
3 0 0 0.975926

3
1 1 1 0.86518
2 0 0 0.947391
3 0 0 0.826413

1
1 0 0 0.877643

3
1 0 843 0.89398
2 0 0 1.09702
3 0 0 0.834674

3
1 0 935 0.848881
2 0 0 1.02673
3 0 0 0.822146

3
1 1 1 0.923021
2 0 0 1.06135
3 0 0 0.85968

3
1 1 2 0.856013
2 0 0 0.810417
3 0 0 0.951671

5
1 0 657 0.943381
2 1 1 1.19902
4 0 0 0.940073
5 0 0 0.969265
3 0 0 0.897024

1
1 0 0 0.810347

1
1 0 0 0.747941

5
1 0 1487 0.897118
2 0 0 0.791224
3 2 4 1.12974
6 0 0 1.03687
7 0 0 1.11282

3
1 0 5116 0.904559
2 0 0 0.805388
3 0 0 0.960042

3
1 0 9889 0.747239
2 0 0 0.777161
3 0 0 1.01172

5
1 1 1 0.795064
2 0 0 0.967054
3 1 2 0.868847
6 0 0 0.853082
7 0 0 1.04492

3
1 1 2 0.888382
2 0 0 0.749321
3 0 0 0.955575

3
1 1 1 0.887879
2 0 0 0.957886
3 0 0 0.784948

1
1 0 0 0.748059

5
1 0 7800 0.819363
2 0 0 0.809571
3 0 8026 0.946712
6 0 0 1.09896
7 0 0 0.967511

3
1 1 1 0.844535
2 0 0 0.987888
3 0 0 0.837974

3
1 2 3 0.837631
2 0 0 0.882295
3 0 0 0.894993

3
1 2 3 0.855707
2 0 0 0.883645
3 0 0 0.949591

3
1 0 5183 0.891056
2 0 0 0.920786
3 0 0 0.897138

3
1 1 2 0.844147
2 0 0 0.799133
3 0 0 0.966462

3
1 1 1 0.799978
2 0 0 0.964681
3 0 0 0.752488

5
1 0 68 0.724912
2 0 0 0.944548
3 0 470 0.790544
6 0 0 1.05243
7 0 0 0.81143

5
1 0 5949 0.965757
2 0 1678 0.964937
4 0 0 0.730185
5 0 0 1.07369
3 0 0 0.907425

3
1 1 1 0.899502
2 0 0 0.858187
3 0 0 0.906997

1
1 0 0 0.772335

1
1 0 0 0.762609

3
1 0 7416 0.865505
2 0 0 0.884467
3 0 0 1.00386

3
1 1 1 0.876308
2 0 0 0.939668
3 0 0 0.798323

3
1 0 220 0.999195
2 0 0 0.987169
3 0 0 0.877438

3
1 1 1 0.954577
2 0 0 1.06353
3 0 0 0.709482

3
1 1 1 0.860122
2 0 0 1.02516
3 0 0 0.786585

5
1 1 1 0.928966
2 2 3 0.974794
4 0 0 0.992616
5 0 0 0.947954
3 0 0 0.768704

3
1 1 1 0.901219
2 0 0 0.920741
3 0 0 0.75242

3
1 0 8064 0.875496
2 0 0 0.804336
3 0 0 1.10601

1
1 0 0 0.872962

5
1 1 1 0.903134
2 0 0 1.06161
3 1 2 0.961942
6 0 0 0.956943
7 0 0 0.926796

3
1 0 1640 0.835502
2 0 0 0.861299
3 0 0 0.96608

5
1 0 644 1.00579
2 0 0 0.93405
3 2 3 0.920614
6 0 0 0.941342
7 0 0 1.02834

7
1 0 3006 0.913176
2 1 1 0.98615
4 0 0 0.938208
5 0 0 0.869811
3 0 6038 1.02836
6 0 0 1.02465
7 0 0 0.991731

3
1 1 1 0.835995
2 0 0 1.04203
3 0 0 0.779521

3
1 1 2 0.898929
2 0 0 0.90487
3 0 0 0.946872

3
1 0 1428 0.871097
2 0 0 0.940906
3 0 0 0.886466

3
1 1 2 0.887024
2 0 0 0.860902
3 0 0 0.983351

3
1 1 2 0.8485
2 0 0 0.818608
3 0 0 1.15774

3
1 2 2 0.919596
2 0 0 0.803538
3 0 0 1.09129

5
1 2 2 0.885351
2 0 0 0.894375
3 2 3 0.967017
6 0 0 0.917436
7 0 0 0.990725

3
1 1 2 0.843708
2 0 0 0.761454
3 0 0 0.957455

3
1 1 2 0.88995
2 0 0 0.841703
3 0 0 0.991611

1
1 0 0 0.78098

3
1 0 381 0.843041
2 0 0 1.02201
3 0 0 0.769835

7
1 1 1 0.834005
2 2 2 0.915701
4 0 8944 0.996934
8 0 0 0.979966
9 0 0 1.08637
5 0 0 0.999194
3 0 0 0.891998

3
1 0 670 0.776396
2 0 0 1.05872
3 0 0 0.85494

3
1 1 1 0.873617
2 0 0 1.04013
3 0 0 0.833042

3
1 0 3123 0.746705
2 0 0 0.826368
3 0 0 1.06516

3
1 2 3 0.823162
2 0 0 0.786874
3 0 0 0.987415

3
1 0 4519 0.854092
2 0 0 0.863234
3 0 0 0.843299

3
1 1 1 0.843798
2 0 0 0.99975
3 0 0 0.871737

3
1 1 1 0.831053
2 0 0 1.07301
3 0 0 0.748088

1
1 0 0 0.755592

3
1 0 2731 0.865918
2 0 0 0.79694
3 0 0 0.939251

3
1 1 2 0.871749
2 0 0 0.910001
3 0 0 1.08637

3
1 1 1 0.829411
2 0 0 0.931313
3 0 0 0.855966

5
1 1 2 0.973917
2 0 0 0.699211
3 2 2 0.926995
6 0 0 0.987094
7 0 0 0.96061

3
1 1 2 0.9081
2 0 0 0.878835
3 0 0 0.945248

3
1 0 630 0.853823
2 0 0 1.16184
3 0 0 0.772825

3
1 0 4980 0.885227
2 0 0 0.826304
3 0 0 0.958629

3
1 2 3 0.896891
2 0 0 0.793917
3 0 0 0.829812

3
1 0 2227 0.922678
2 0 0 0.835438
3 0 0 1.1356

3
1 0 93 0.846347
2 0 0 1.0966
3 0 0 0.883627

9
1 1 1 0.832691
2 0 2196 0.942115
4 2 2 0.997713
8 0 0 0.966082
9 0 0 1.03572
5 0 0 0.954002
3 0 8596 0.8483
6 0 0 0.770026
7 0 0 0.887305

9
1 1 2 0.929476
2 0 0 0.820201
3 0 9430 1.05127
6 0 4837 1.07265
12 0 0 0.972899
13 0 0 1.1592
7 0 9946 0.965408
14 0 0 0.965859
15 0 0 0.896601

3
1 0 7820 0.823255
2 0 0 0.904015
3 0 0 1.05683

3
1 0 9391 0.822093
2 0 0 0.817928
3 0 0 0.942271

7
1 1 2 0.931759
2 0 4853 0.862715
4 0 0 0.804163
5 0 7161 0.997736
10 0 0 0.995337
11 0 0 0.964349
3 0 0 1.11435

7
1 0 8688 0.828144
2 0 0 0.869386
3 1 1 1.06425
6 0 0 0.967499
7 2 4 1.00282
14 0 0 0.987447
15 0 0 0.987117

1
1 0 0 0.801825

5
1 1 2 0.867943
2 0 1773 0.869902
4 0 0 0.870087
5 0 0 0.896153
3 0 0 0.952862

3
1 1 1 0.814093
2 0 0 0.991585
3 0 0 0.837083

3
1 1 1 0.898455
2 0 0 0.965106
3 0 0 0.775205

3
1 0 7201 0.862307
2 0 0 0.913026
3 0 0 0.946026

3
1 1 1 0.752474
2 0 0 0.980669
3 0 0 0.746849

5
1 0 9535 0.892116
2 0 0 0.795756
3 0 9691 1.04983
6 0 0 1.04916
7 0 0 0.901925

7
1 1 1 0.824908
2 0 1928 0.93267
4 0 427 1.1407
8 0 0 0.992634
9 0 0 0.970553
5 0 0 1.02628
3 0 0 0.826748

3
1 2 4 0.88833
2 0 0 0.914321
3 0 0 0.956385

3
1 0 754 0.777711
2 0 0 1.13084
3 0 0 0.753814

3
1 2 4 0.872678
2 0 0 0.834988
3 0 0 0.886611

1
1 0 0 0.777999

3
1 0 131 0.861033
2 0 0 1.15527
3 0 0 0.827408

5
1 1 2 0.818737
2 1 1 0.913775
4 0 0 0.987771
5 0 0 0.856049
3 0 0 1.07621

3
1 1 1 0.832058
2 0 0 0.960251
3 0 0 0.889553

1
1 0 0 0.880931

5
1 0 7465 0.793647
2 0 0 0.730641
3 0 9280 0.973857
6 0 0 0.982363
7 0 0 1.04118

3
1 1 1 0.935983
2 0 0 1.03763
3 0 0 0.741622

3
1 0 9594 0.808301
2 0 0 0.764897
3 0 0 0.957964

5
1 2 4 0.909593
2 0 1475 0.95218
4 0 0 0.754608
5 0 0 1.10488
3 0 0 0.95638

3
1 1 1 0.867147
2 0 0 0.902108
3 0 0 0.824988

3
1 1 1 0.890978
2 0 0 0.96717
3 0 0 0.819546

3
1 1 2 0.861529
2 0 0 0.821908
3 0 0 0.934923

3
1 1 1 0.819767
2 0 0 1.10463
3 0 0 0.843576

5
1 1 1 0.876551
2 0 3500 0.973443
4 0 0 1.1143
5 0 0 0.929699
3 0 0 0.746117

3
1 0 843 0.89398
2 0 0 0.943127
3 0 0 0.851743

3
1 1 1 0.873773
2 0 0 1.06379
3 0 0 0.847448

3
1 0 1415 0.874277
2 0 0 0.795154
3 0 0 0.970979

5
1 1 1 0.897203
2 2 1 0.979282
4 0 0 0.865432
5 0 0 0.990517
3 0 0 0.773609

3
1 0 1270 0.846227
2 0 0 0.859682
3 0 0 1.09614

1
1 0 0 0.771839

1
1 0 0 0.733249

3
1 0 4344 0.902593
2 0 0 0.911432
3 0 0 0.971293

3
1 1 1 0.88258
2 0 0 1.04177
3 0 0 0.833962

1
1 0 0 0.788702

3
1 1 1 0.795064
2 0 0 1.0437
3 0 0 0.80792

3
1 1 2 0.888382
2 0 0 0.71515
3 0 0 0.979865

5
1 0 2347 0.873833
2 0 0 0.882839
3 1 1 1.03466
6 0 0 0.945726
7 0 0 1.30683

1
1 0 0 0.868892

3
1 1 2 0.811104
2 0 0 0.695605
3 0 0 1.08541

3
1 1 2 0.78984
2 0 0 0.743391
3 0 0 1.054

1
1 0 0 0.80471

1
1 0 0 0.798244

3
1 0 1825 0.889085
2 0 0 0.867196
3 0 0 0.877465

3
1 1 1 0.884788
2 0 0 1.11436
3 0 0 0.782199

3
1 0 312 0.874607
2 0 0 0.89433
3 0 0 0.886589

3
1 2 2 0.834147
2 0 0 0.783798
3 0 0 0.896164

3
1 0 92 0.7346
2 0 0 0.873641
3 0 0 0.756965

3
1 1 2 0.870376
2 0 0 0.893273
3 0 0 0.927416

5
1 0 1531 0.905836
2 0 0 0.835123
3 2 3 0.992923
6 0 0 0.98107
7 0 0 1.05589

5
1 1 1 0.842351
2 0 0 0.944878
3 1 2 0.82316
6 0 0 0.845082
7 0 0 1.06987

1
1 0 0 0.822168

1
1 0 0 0.867081

3
1 1 1 0.851292
2 0 0 0.996963
3 0 0 0.726468

3
1 1 2 0.863023
2 0 0 0.82996
3 0 0 1.08758

7
1 1 1 0.860122
2 0 9440 0.93205
4 0 0 0.966272
5 0 9794 1.05317
10 0 0 1.00462
11 0 0 1.06621
3 0 0 0.807516

3
1 2 1 0.841677
2 0 0 0.893113
3 0 0 0.89392

3
1 1 1 0.901219
2 0 0 1.00513
3 0 0 0.780037

3
1 1 2 0.800553
2 0 0 0.86492
3 0 0 0.93293

1
1 0 0 0.710633

1
1 0 0 0.771383

3
1 0 1640 0.835502
2 0 0 0.954558
3 0 0 0.933345

3
1 0 644 1.00579
2 0 0 1.00453
3 0 0 0.801544

5
1 0 3006 0.913176
2 1 1 0.98798
4 0 0 1.01281
5 0 0 0.765187
3 0 0 0.949128

5
1 1 1 0.835995
2 0 4586 1.15405
4 0 0 1.01574
5 0 0 1.13171
3 0 0 0.776335

3
1 0 3064 0.844562
2 0 0 0.75957
3 0 0 0.877503

5
1 2 2 0.853051
2 0 0 0.944426
3 0 5027 0.991753
6 0 0 0.922591
7 0 0 1.02177

3
1 2 3 0.836977
2 0 0 0.856602
3 0 0 0.930723

5
1 1 1 0.92139
2 0 0 1.02116
3 1 2 0.938197
6 0 0 0.752117
7 0 0 0.959982

3
1 2 3 0.893969
2 0 0 0.93766
3 0 0 0.947686

3
1 1 1 0.898546
2 0 0 0.932695
3 0 0 0.771466

3
1 2 2 0.868645
2 0 0 0.790772
3 0 0 0.922925

3
1 1 2 0.981027
2 0 0 0.915869
3 0 0 0.955645

3
1 1 2 0.852686
2 0 0 0.885361
3 0 0 1.0132

3
1 0 7445 0.92333
2 0 0 0.754576
3 0 0 1.0075

3
1 1 1 0.834005
2 0 0 1.0885
3 0 0 0.768135

3
1 0 7309 0.820174
2 0 0 1.07272
3 0 0 1.09654

5
1 0 7951 0.883163
2 0 0 0.825357
3 1 1 1.00685
6 0 0 1.02187
7 0 0 1.01885

1
1 0 0 0.695177

1
1 0 0 0.798018

5
1 0 8957 0.894629
2 0 4679 0.925876
4 0 0 0.839892
5 0 0 0.94554
3 0 0 0.887

3
1 1 1 0.843798
2 0 0 1.04577
3 0 0 0.842251

3
1 2 4 0.945861
2 0 0 0.904442
3 0 0 1.00012

3
1 1 2 0.87363
2 0 0 0.799265
3 0 0 1.08646

3
1 0 3426 0.903945
2 0 0 0.830738
3 0 0 0.979205

3
1 0 435 0.86738
2 0 0 1.12023
3 0 0 0.838358

5
1 0 6835 0.897855
2 1 1 0.854776
4 0 0 1.05193
5 0 0 0.957609
3 0 0 0.962289

3
1 0 7330 0.864862
2 0 0 0.884726
3 0 0 0.862193

5
1 1 1 0.850264
2 0 32 0.986532
4 0 0 1.15694
5 0 0 0.993043
3 0 0 0.846392

1
1 0 0 0.722773

3
1 2 1 0.90637
2 0 0 0.884604
3 0 0 0.980202

5
1 0 8922 0.84583
2 0 0 0.737743
3 2 3 0.915348
6 0 0 1.08719
7 0 0 0.982371

3
1 0 4442 0.880632
2 0 0 0.832604
3 0 0 0.906996

3
1 1 2 0.899544
2 0 0 0.79033
3 0 0 1.12646

3
1 1 1 0.832691
2 0 0 1.12296
3 0 0 0.859487

3
1 1 2 0.929476
2 0 0 0.860955
3 0 0 1.04735

5
1 1 2 0.885586
2 0 0 0.757008
3 2 3 0.997358
6 0 0 0.975501
7 0 0 1.0727

3
1 1 2 0.886769
2 0 0 0.889269
3 0 0 0.977521

5
1 1 2 0.931759
2 0 0 0.754892
3 2 4 0.948364
6 0 0 0.973648
7 0 0 0.93353

3
1 0 4700 0.875849
2 0 0 0.965759
3 0 0 1.02089

3
1 1 2 0.98185
2 0 0 0.747695
3 0 0 1.02771

1
1 0 0 0.770294

3
1 1 1 0.815198
2 0 0 0.969607
3 0 0 0.784378

3
1 1 1 0.898455
2 0 0 1.05872
3 0 0 0.868978

7
1 0 3558 0.91129
2 0 2062 0.828555
4 0 0 0.714684
5 0 0 1.08409
3 1 1 1.08567
6 0 0 0.920175
7 0 0 1.07503

3
1 1 1 0.752474
2 0 0 1.02431
3 0 0 0.767188

9
1 1 1 0.875902
2 2 4 1.08393
4 0 8724 1.07446
8 0 0 1.12017
9 0 0 1.04985
5 0 0 1.05392
3 0 6639 0.833822
6 0 0 0.834713
7 0 0 0.939938

5
1 2 4 0.919633
2 0 3568 0.92284
4 0 0 0.819824
5 0 0 1.04667
3 0 0 0.918768

5
1 0 286 0.784499
2 0 0 1.07241
3 0 476 0.814776
6 0 0 0.969002
7 0 0 0.780697

3
1 1 2 0.870692
2 0 0 0.893097
3 0 0 0.922075

1
1 0 0 0.857884

5
1 1 2 0.907825
2 0 551 0.893103
4 0 0 1.07119
5 0 0 0.818053
3 0 0 0.955545

3
1 0 270 0.794809
2 0 0 0.942698
3 0 0 0.887069

3
1 1 2 0.818737
2 0 0 0.75043
3 0 0 1.0055

1
1 0 0 0.799655

5
1 0 8787 0.798052
2 0 0 0.830854
3 1 2 0.948295
6 0 0 0.981966
7 0 0 1.08264

3
1 2 2 0.953855
2 0 0 0.932274
3 0 0 0.941885

3
1 1 1 0.935983
2 0 0 0.965818
3 0 0 0.772045

3
1 0 7444 0.827575
2 0 0 0.818031
3 0 0 0.967536

5
1 2 4 0.909593
2 0 1475 0.95218
4 0 0 0.735488
5 0 0 1.02626
3 0 0 0.97509

3
1 1 1 0.867147
2 0 0 0.921587
3 0 0 0.728263

3
1 1 1 0.890978
2 0 0 0.94883
3 0 0 0.801039

3
1 1 1 0.787762
2 0 0 1.16156
3 0 0 0.695802

1
1 0 0 0.78082

5
1 1 1 0.876551
2 0 0 0.985684
3 1 2 0.860701
6 0 0 0.806956
7 0 0 1.05065

1
1 0 0 0.692285

5
1 1 1 0.873773
2 2 1 1.00999
4 0 0 1.05147
5 0 0 0.932765
3 0 0 0.815792

3
1 1 2 0.873021
2 0 0 0.819161
3 0 0 0.986561

3
1 1 1 0.912523
2 0 0 0.969645
3 0 0 0.786057

3
1 0 2498 0.867814
2 0 0 0.968304
3 0 0 0.986201

3
1 0 767 0.83139
2 0 0 0.955128
3 0 0 0.826973

3
1 1 1 0.868123
2 0 0 0.999603
3 0 0 0.820558

3
1 1 1 0.977931
2 0 0 0.992784
3 0 0 0.762636

3
1 2 4 0.891815
2 0 0 0.915018
3 0 0 1.01483

5
1 2 4 0.918402
2 0 0 0.974166
3 0 8898 0.896625
6 0 0 0.986009
7 0 0 1.1166

3
1 1 1 0.795064
2 0 0 0.956831
3 0 0 0.824278

1
1 0 0 0.867254

5
1 0 2347 0.873833
2 0 0 0.857884
3 1 2 1.02202
6 0 0 1.02672
7 0 0 0.969042

3
1 1 1 0.832099
2 0 0 0.894327
3 0 0 0.800996

3
1 0 9588 0.8719
2 0 0 0.781918
3 0 0 0.941949

3
1 1 1 0.944007
2 0 0 0.914929
3 0 0 0.931933

3
1 0 9831 0.770012
2 0 0 0.780125
3 0 0 0.924015

5
1 1 1 0.826263
2 0 4359 0.961106
4 0 0 1.03627
5 0 0 1.03545
3 0 0 0.792193

5
1 0 2113 0.943081
2 0 0 0.831321
3 1 1 1.08336
6 0 0 0.954559
7 0 0 1.1489

3
1 2 3 0.962014
2 0 0 0.804625
3 0 0 1.06383

3
1 0 663 0.915989
2 0 0 0.958101
3 0 0 0.799723

1
1 0 0 0.86499

7
1 1 2 0.943534
2 0 210 0.776854
4 0 0 1.0359
5 0 0 0.824034
3 0 2323 0.935555
6 0 0 0.994605
7 0 0 1.0237

3
1 0 4567 0.812116
2 0 0 0.803996
3 0 0 0.911225

3
1 1 2 0.849802
2 0 0 0.773256
3 0 0 0.937228

3
1 1 1 0.855281
2 0 0 0.984775
3 0 0 0.74949

3
1 0 9883 0.827171
2 0 0 0.856393
3 0 0 0.937176

3
1 0 1179 0.934093
2 0 0 0.828898
3 0 0 0.986609

5
1 0 2684 0.875083
2 0 1465 0.801942
4 0 0 0.760931
5 0 0 0.967411
3 0 0 0.954105

3
1 1 2 0.863023
2 0 0 0.775903
3 0 0 0.987673

5
1 1 2 0.901986
2 0 0 0.879916
3 2 2 0.963178
6 0 0 0.977325
7 0 0 1.04499

3
1 1 1 0.800289
2 0 0 0.860572
3 0 0 0.793832

5
1 0 716 0.814693
2 2 2 0.908685
4 0 0 0.878561
5 0 0 0.957033
3 0 0 0.801968

1
1 0 0 0.805693

3
1 2 2 0.914963
2 0 0 0.8937
3 0 0 0.943813

1
1 0 0 0.748061

5
1 1 2 0.89523
2 0 0 0.834664
3 0 8181 0.9745
6 0 0 1.02096
7 0 0 0.981588

1
1 0 0 0.755765

3
1 1 1 0.910154
2 0 0 1.01189
3 0 0 0.770214

1
1 0 0 0.769772

3
1 2 4 0.885849
2 0 0 0.935473
3 0 0 0.994267

3
1 1 1 0.836166
2 0 0 0.96569
3 0 0 0.715227

3
1 0 4753 0.900473
2 0 0 0.896259
3 0 0 0.983517

1
1 0 0 0.863075

7
1 1 1 0.898891
2 0 0 1.14663
3 0 5063 0.857397
6 0 0 0.897102
7 1 2 0.914376
14 0 0 0.962295
15 0 0 0.939103

3
1 0 1017 0.922968
2 0 0 0.816722
3 0 0 0.928516

3
1 2 4 0.920075
2 0 0 0.852493
3 0 0 0.958394

3
1 0 8543 0.884573
2 0 0 0.937967
3 0 0 1.00518

3
1 1 1 0.819346
2 0 0 0.957414
3 0 0 0.940164

3
1 2 4 0.887852
2 0 0 0.887903
3 0 0 0.961568

3
1 1 1 0.834005
2 0 0 0.968346
3 0 0 0.773558

1
1 0 0 0.894712

3
1 1 1 0.847678
2 0 0 1.05689
3 0 0 0.833198

3
1 1 1 0.894344
2 0 0 1.04164
3 0 0 0.723416

1
1 0 0 0.738251

3
1 0 9489 0.800144
2 0 0 0.787581
3 0 0 0.907761

7
1 1 1 0.979586
2 0 507 0.844694
4 0 0 0.97973
5 0 0 0.909037
3 0 3038 0.899833
6 0 0 0.822699
7 0 0 0.981

5
1 2 4 0.945861
2 0 3291 0.896476
4 0 0 0.837562
5 0 0 1.02372
3 0 0 0.99591

5
1 1 2 0.918814
2 1 1 0.870916
4 0 0 1.00197
5 0 0 0.766583
3 0 0 0.960145

5
1 1 1 0.833223
2 0 4567 1.11653
4 0 0 1.04645
5 0 0 1.13416
3 0 0 0.846968

3
1 1 2 0.877378
2 0 0 0.860692
3 0 0 0.955484

1
1 0 0 0.828528

3
1 1 2 0.872865
2 0 0 0.828155
3 0 0 0.900879

3
1 0 5004 0.915966
2 0 0 0.86883
3 0 0 0.978876

3
1 1 2 0.901731
2 0 0 0.784644
3 0 0 1.01176

1
1 0 0 0.927873

5
1 2 2 0.864916
2 1 2 0.950435
4 0 0 0.997869
5 0 0 0.850152
3 0 0 1.05242

5
1 1 1 0.757085
2 0 0 0.992822
3 0 7816 0.852099
6 0 0 0.899685
7 0 0 1.08983

1
1 0 0 0.738095

7
1 2 4 0.845493
2 0 4303 0.87535
4 0 0 0.79002
5 0 0 0.939989
3 0 572 0.923522
6 0 0 0.976294
7 0 0 0.913698

3
1 1 2 0.929476
2 0 0 0.867967
3 0 0 1.06398

7
1 0 9768 0.813992
2 0 0 0.819348
3 2 2 1.00845
6 0 0 1.12856
7 2 3 1.1092
14 0 0 0.986869
15 0 0 1.01507

5
1 1 2 0.886769
2 0 0 0.871511
3 2 2 0.943803
6 0 0 1.05307
7 0 0 1.00925

3
1 1 2 0.800579
2 0 0 0.705726
3 0 0 0.882158

3
1 0 2297 0.88456
2 0 0 0.800761
3 0 0 0.986179

3
1 1 2 1.04589
2 0 0 0.759021
3 0 0 0.930398

3
1 1 1 0.90323
2 0 0 1.06158
3 0 0 0.750379

3
1 1 1 0.815198
2 0 0 0.907698
3 0 0 0.800692

1
1 0 0 0.804103

5
1 2 1 0.907575
2 0 0 0.906779
3 0 2085 1.10037
6 0 0 0.950788
7 0 0 1.02454

3
1 1 1 0.752474
2 0 0 1.04639
3 0 0 0.900035

3
1 1 1 0.889289
2 0 0 1.14888
3 0 0 0.933443

3
1 1 2 0.884018
2 0 0 0.875212
3 0 0 0.904795

3
1 0 8555 0.823992
2 0 0 0.805046
3 0 0 0.917131

1
1 0 0 0.831566

3
1 0 8858 0.77363
2 0 0 0.860931
3 0 0 0.88573

3
1 1 2 0.907825
2 0 0 0.780159
3 0 0 0.933789

1
1 0 0 0.758298

5
1 1 2 0.818737
2 1 1 0.847071
4 0 0 0.996255
5 0 0 0.886236
3 0 0 0.974597

1
1 0 0 0.847419

3
1 2 2 0.895066
2 0 0 0.854848
3 0 0 0.938482

3
1 1 2 0.854371
2 0 0 0.750905
3 0 0 1.01264

5
1 2 3 1.00333
2 0 2213 0.894131
4 0 0 0.737139
5 0 0 0.921849
3 0 0 0.995183

3
1 1 2 0.782438
2 0 0 0.816741
3 0 0 1.05093

3
1 1 2 0.878541
2 0 0 0.782135
3 0 0 0.979023

1
1 0 0 0.721683

3
1 1 2 0.936505
2 0 0 0.932307
3 0 0 0.928205

11
1 1 1 0.787762
2 2 3 1.0708
4 0 5875 1.03333
8 0 0 0.949763
9 0 0 1.12095
5 0 5161 1.02866
10 0 0 1.02804
11 0 0 0.93785
3 2 1 0.863792
6 0 0 0.857846
7 0 0 0.974499

3
1 0 9679 0.878408
2 0 0 0.920819
3 0 0 1.06205

1
1 0 0 0.795114

5
1 1 1 0.877629
2 0 0 1.1782
3 1 2 0.822135
6 0 0 0.810081
7 0 0 0.973012

3
1 1 1 0.873773
2 0 0 0.913785
3 0 0 0.827403

3
1 1 1 0.849196
2 0 0 1.07907
3 0 0 0.630393

3
1 1 1 0.912523
2 0 0 0.98406
3 0 0 0.832723

3
1 0 2498 0.867814
2 0 0 0.701163
3 0 0 1.04741

1
1 0 0 0.736345

3
1 1 1 0.868123
2 0 0 0.915157
3 0 0 0.666072

3
1 1 1 0.977931
2 0 0 0.979049
3 0 0 0.715423

3
1 0 9684 0.87509
2 0 0 0.86413
3 0 0 1.02188

3
1 1 1 0.778465
2 0 0 0.981615
3 0 0 0.786508

7
1 0 6692 0.873157
2 0 0 0.768091
3 0 9727 1.0359
6 0 0 0.956991
7 1 2 1.03748
14 0 0 1.0092
15 0 0 1.01524

3
1 0 1902 0.843505
2 0 0 0.820199
3 0 0 1.00036

3
1 0 3140 0.846585
2 0 0 0.880253
3 0 0 0.917438

3
1 1 1 0.832099
2 0 0 0.90908
3 0 0 0.889745

5
1 1 1 0.939751
2 2 1 1.00131
4 0 0 1.06353
5 0 0 0.956585
3 0 0 0.835555

3
1 1 1 0.944007
2 0 0 1.05791
3 0 0 0.809313

3
1 2 2 0.877788
2 0 0 0.875917
3 0 0 0.908933

1
1 0 0 0.929828

5
1 2 2 0.954461
2 0 0 0.814949
3 1 2 0.979177
6 0 0 0.977909
7 0 0 1.10634

3
1 0 4438 0.898
2 0 0 0.85264
3 0 0 0.979117

3
1 0 7642 0.980747
2 0 0 0.855496
3 0 0 1.00581

3
1 1 1 0.820655
2 0 0 1.05551
3 0 0 0.924046

5
1 1 2 0.956957
2 0 0 0.812116
3 0 9742 0.947161
6 0 0 0.905005
7 0 0 1.02239

3
1 0 7407 0.924203
2 0 0 0.80098
3 0 0 0.998884

1
1 0 0 0.797303

3
1 1 1 0.92667
2 0 0 1.08506
3 0 0 0.83665

7
1 0 861 0.758129
2 0 801 1.0583
4 0 580 1.0474
8 0 0 1.02196
9 0 0 1.18892
5 0 0 0.812368
3 0 0 0.801765

5
1 0 3023 0.922284
2 0 0 0.894288
3 0 4781 0.922312
6 0 0 0.966992
7 0 0 0.986105

3
1 0 574 0.939364
2 0 0 0.983801
3 0 0 0.842511

5
1 1 2 0.863023
2 0 0 0.830198
3 2 2 1.09699
6 0 0 1.02111
7 0 0 1.15071

3
1 1 2 0.851552
2 0 0 0.753258
3 0 0 1.11234

3
1 0 9291 0.836148
2 0 0 0.845531
3 0 0 0.983078

5
1 0 716 0.814693
2 1 1 1.02595
4 0 0 1.12528
5 0 0 0.911651
3 0 0 0.801772

5
1 1 1 0.910857
2 0 0 0.983217
3 0 9821 0.757903
6 0 0 0.760752
7 0 0 1.02494

7
1 0 6877 0.969662
2 0 2272 0.875204
4 0 0 0.890891
5 2 2 0.952768
10 0 0 1.03276
11 0 0 0.914902
3 0 0 1.00754

3
1 1 2 0.801925
2 0 0 0.785025
3 0 0 1.02795

3
1 0 886 0.832421
2 0 0 1.00997
3 0 0 0.725653

1
1 0 0 0.858284

1
1 0 0 0.967155

3
1 0 9911 0.849777
2 0 0 0.859375
3 0 0 0.913225

3
1 0 9791 0.776057
2 0 0 0.751122
3 0 0 1.00806

3
1 0 479 0.798893
2 0 0 0.966578
3 0 0 0.741416

3
1 0 7599 0.845053
2 0 0 0.740557
3 0 0 0.944098

3
1 1 1 0.91679
2 0 0 1.12342
3 0 0 0.733711

1
1 0 0 0.825733

5
1 0 3559 0.879346
2 0 3414 0.929892
4 0 0 0.853222
5 0 0 1.02938
3 0 0 0.882493

3
1 0 936 0.835902
2 0 0 0.914787
3 0 0 0.677295

5
1 1 2 0.977613
2 0 0 0.785121
3 2 2 0.944211
6 0 0 0.921188
7 0 0 1.0276

3
1 1 1 0.819346
2 0 0 1.07583
3 0 0 0.752089

3
1 0 9113 0.816938
2 0 0 0.822734
3 0 0 1.00712

3
1 1 1 0.886558
2 0 0 0.996667
3 0 0 0.764798

7
1 0 6295 0.901332
2 0 4162 0.934366
4 0 0 0.93769
5 0 0 0.951068
3 1 2 0.90696
6 0 0 0.966687
7 0 0 0.934047

5
1 0 4791 0.840243
2 1 1 0.924956
4 0 0 1.15313
5 0 0 0.853925
3 0 0 0.989552

3
1 0 9796 0.907462
2 0 0 0.95287
3 0 0 0.998029

3
1 0 7986 0.876027
2 0 0 0.846139
3 0 0 1.07293

3
1 2 4 0.892337
2 0 0 0.840003
3 0 0 0.955948

1
1 0 0 0.861006

3
1 0 2862 0.917993
2 0 0 0.838554
3 0 0 0.971145

5
1 0 4498 0.8441
2 1 1 0.954831
4 0 0 1.01392
5 0 0 0.878752
3 0 0 0.903632

3
1 1 1 0.833223
2 0 0 0.919937
3 0 0 0.867654

5
1 1 2 0.877378
2 1 1 0.963795
4 0 0 0.985124
5 0 0 0.767584
3 0 0 0.91089

3
1 1 1 0.819178
2 0 0 0.941434
3 0 0 0.778403

3
1 0 120 0.852852
2 0 0 1.016
3 0 0 0.830476

5
1 1 1 0.890841
2 0 4176 0.91934
4 0 0 1.046
5 0 0 1.10268
3 0 0 0.807796

3
1 2 1 0.941237
2 0 0 0.863293
3 0 0 0.943496

5
1 2 3 0.832362
2 0 0 0.837239
3 2 4 1.02238
6 0 0 0.978355
7 0 0 0.985863

3
1 0 3105 0.998513
2 0 0 0.927819
3 0 0 0.983629

3
1 1 1 0.853003
2 0 0 0.930047
3 0 0 0.774023

1
1 0 0 0.761738

3
1 1 2 0.919405
2 0 0 0.893808
3 0 0 0.869627

3
1 1 2 0.929476
2 0 0 0.854576
3 0 0 1.04167

3
1 1 1 0.847346
2 0 0 0.98873
3 0 0 0.762162

7
1 1 2 0.886769
2 0 0 0.85359
3 2 1 1.01166
6 0 972 0.98914
12 0 0 1.08919
13 0 0 0.927245
7 0 0 1.04008

5
1 1 2 0.859714
2 0 0 0.861883
3 2 4 1.0605
6 0 0 1.12643
7 0 0 1.0287

3
1 0 2297 0.88456
2 0 0 0.844441
3 0 0 0.913539

3
1 2 1 0.947054
2 0 0 0.951229
3 0 0 0.968271

5
1 0 756 0.884315
2 0 0 0.957269
3 1 2 0.906271
6 0 0 0.767167
7 0 0 0.892198

1
1 0 0 0.767662

3
1 2 1 0.922258
2 0 0 0.921005
3 0 0 0.929675

5
1 2 4 0.882229
2 0 0 0.863288
3 0 6076 0.893948
6 0 0 0.814717
7 0 0 1.08484

3
1 1 2 0.865103
2 0 0 0.865783
3 0 0 0.90826

7
1 1 1 0.889289
2 0 0 1.01338
3 0 1927 0.877038
6 1 2 0.848136
12 0 0 0.780688
13 0 0 0.888067
7 0 0 1.00872

3
1 1 2 0.884018
2 0 0 0.798555
3 0 0 0.928628

1
1 0 0 0.869701

3
1 2 3 0.823821
2 0 0 0.767602
3 0 0 1.00523

3
1 0 901 0.780122
2 0 0 1.11185
3 0 0 0.716605

3
1 1 1 0.863753
2 0 0 1.00773
3 0 0 0.722253

1
1 0 0 0.855829

3
1 0 4634 0.896395
2 0 0 0.867506
3 0 0 1.09662

5
1 0 2706 0.921543
2 2 2 0.841519
4 0 0 0.859773
5 0 0 0.909482
3 0 0 0.978381

5
1 1 2 0.874401
2 0 0 0.815551
3 0 6041 0.965416
6 0 0 1.022
7 0 0 0.862037

3
1 1 2 0.854371
2 0 0 0.792118
3 0 0 0.916089

5
1 1 1 0.920996
2 0 0 1.05149
3 2 4 0.986468
6 0 0 0.934499
7 0 0 0.983396

3
1 1 2 0.782438
2 0 0 0.762295
3 0 0 0.960098

5
1 1 2 0.878541
2 1 1 0.876923
4 0 0 0.955253
5 0 0 0.802144
3 0 0 1.10844

1
1 0 0 0.687685

3
1 0 5798 0.856081
2 0 0 0.817274
3 0 0 0.990004

5
1 2 1 0.883035
2 0 2133 0.857055
4 0 0 0.741165
5 0 0 0.956517
3 0 0 0.849881

3
1 1 1 0.873018
2 0 0 1.03453
3 0 0 0.779397

3
1 1 2 0.811841
2 0 0 0.775376
3 0 0 0.997945

5
1 1 1 0.877629
2 0 3257 1.03229
4 0 0 0.977179
5 0 0 0.947995
3 0 0 0.784042

3
1 2 2 0.936702
2 0 0 0.800042
3 0 0 0.983313

7
1 1 1 0.849196
2 0 8024 0.910105
4 2 4 0.964593
8 0 0 0.95074
9 0 0 1.0634
5 0 0 1.09274
3 0 0 0.964726

3
1 1 1 0.912523
2 0 0 1.01416
3 0 0 0.873831

5
1 0 2498 0.867814
2 0 1616 0.870533
4 0 0 0.862609
5 0 0 1.03244
3 0 0 1.04178

1
1 0 0 0.763926

5
1 0 9322 0.822718
2 0 0 0.776096
3 0 9947 0.98922
6 0 0 0.961055
7 0 0 0.968698

7
1 0 3847 0.854162
2 0 1528 0.926818
4 0 0 0.732775
5 0 0 0.980697
3 0 7931 0.904651
6 0 0 0.960434
7 0 0 0.940002

1
1 0 0 0.739983

3
1 1 1 0.778465
2 0 0 0.94871
3 0 0 0.722574

3
1 0 325 0.806777
2 0 0 1.08906
3 0 0 0.796024

3
1 0 973 0.80681
2 0 0 1.06518
3 0 0 0.880639

7
1 0 5213 0.938413
2 0 1496 0.937116
4 0 0 0.796934
5 0 0 1.18443
3 1 2 1.03644
6 0 0 1.02413
7 0 0 1.04744

1
1 0 0 0.818716

3
1 1 1 0.939751
2 0 0 1.03662
3 0 0 0.792347

3
1 1 2 0.873028
2 0 0 0.857825
3 0 0 0.89477

1
1 0 0 0.83379

5
1 0 9660 0.721335
2 0 0 0.79782
3 0 9745 1.05226
6 0 0 0.985064
7 0 0 0.974646

3
1 1 1 0.812384
2 0 0 1.09686
3 0 0 0.664059

3
1 1 1 0.879752
2 0 0 1.09645
3 0 0 0.857476

5
1 0 7642 0.980747
2 0 2911 0.961483
4 0 0 0.881886
5 0 0 1.00453
3 0 0 0.901786

3
1 1 1 0.820655
2 0 0 0.878129
3 0 0 0.769118

5
1 1 2 0.956957
2 1 1 0.877509
4 0 0 0.996333
5 0 0 0.814391
3 0 0 0.991248

3
1 0 8174 0.925739
2 0 0 0.878108
3 0 0 0.961671

1
1 0 0 0.797105

5
1 1 1 0.92667
2 2 3 1.09054
4 0 0 1.11161
5 0 0 1.02793
3 0 0 0.816984

5
1 0 7949 0.847557
2 0 0 0.874366
3 2 1 0.932983
6 0 0 0.929705
7 0 0 0.977355

9
1 0 4208 0.916733
2 0 3019 0.864134
4 0 0 0.802567
5 1 2 0.955025
10 0 0 0.976301
11 0 3967 0.913568
22 0 0 0.931228
23 0 0 1.02088
3 0 0 0.988364

3
1 1 1 0.943785
2 0 0 0.999102
3 0 0 0.913701

3
1 1 2 0.987629
2 0 0 0.925534
3 0 0 1.02071

3
1 1 1 0.866148
2 0 0 0.973481
3 0 0 0.820224

3
1 0 1767 0.858259
2 0 0 0.827827
3 0 0 0.959369

3
1 0 1931 0.880127
2 0 0 0.822361
3 0 0 0.908128

3
1 0 1630 0.867454
2 0 0 0.917205
3 0 0 0.831173

5
1 0 6877 0.969662
2 1 1 0.903895
4 0 0 0.907177
5 0 0 0.845815
3 0 0 0.969438

3
1 0 8812 0.856981
2 0 0 0.832415
3 0 0 0.962631

3
1 0 8232 0.9361
2 0 0 0.890098
3 0 0 0.957837

9
1 2 4 0.859468
2 0 0 0.917303
3 0 7297 1.05409
6 0 6201 0.997289
12 0 0 1.11261
13 0 0 0.913029
7 1 1 0.910609
14 0 0 1.023
15 0 0 0.867194

3
1 1 2 0.802316
2 0 0 0.818935
3 0 0 0.926468

3
1 1 2 0.872578
2 0 0 0.828822
3 0 0 0.952857

3
1 0 9900 0.663817
2 0 0 0.761287
3 0 0 0.912031

3
1 1 2 0.80399
2 0 0 0.665445
3 0 0 0.927453

5
1 0 8064 0.815507
2 0 0 0.739092
3 2 3 0.966799
6 0 0 0.999536
7 0 0 1.06816

5
1 1 2 0.88303
2 0 0 0.782304
3 0 3139 1.20598
6 0 0 1.09064
7 0 0 1.0437

3
1 1 1 0.763513
2 0 0 0.974017
3 0 0 0.750414

1
1 0 0 0.861273

1
1 0 0 0.803711

3
1 1 2 0.893152
2 0 0 0.79127
3 0 0 0.951473

3
1 1 1 0.819346
2 0 0 1.02078
3 0 0 0.787447

3
1 1 1 0.816229
2 0 0 1.01248
3 0 0 0.69473

3
1 0 37 0.811024
2 0 0 1.14225
3 0 0 0.796331

5
1 0 6295 0.901332
2 1 2 0.837871
4 0 0 0.834624
5 0 0 1.00764
3 0 0 0.956341

7
1 0 4791 0.840243
2 1 1 0.924956
4 0 0 0.999046
5 0 0 0.768983
3 2 4 1.04717
6 0 0 1.03184
7 0 0 0.885692

3
1 1 1 0.863985
2 0 0 0.914385
3 0 0 0.850495

5
1 2 4 0.764371
2 0 0 0.787466
3 0 5357 0.889243
6 0 0 0.993008
7 0 0 0.898938

3
1 1 2 0.926422
2 0 0 0.816849
3 0 0 1.0369

3
1 1 1 0.829575
2 0 0 0.892774
3 0 0 0.647498

5
1 1 2 0.89118
2 0 3070 0.877144
4 0 0 0.840648
5 0 0 1.05899
3 0 0 1.08748

3
1 0 9067 0.810831
2 0 0 0.890093
3 0 0 0.958117

5
1 0 7365 0.857236
2 0 0 0.743806
3 1 1 0.996438
6 0 0 1.04034
7 0 0 1.00466

3
1 1 1 0.898289
2 0 0 1.04077
3 0 0 0.856888

3
1 2 4 0.92171
2 0 0 0.867059
3 0 0 0.954927

1
1 0 0 0.781779

5
1 0 8611 0.936331
2 0 1896 0.918341
4 0 0 0.829563
5 0 0 0.944428
3 0 0 1.07874

3
1 2 3 0.911319
2 0 0 0.844233
3 0 0 0.925713

3
1 1 1 0.812598
2 0 0 1.10095
3 0 0 0.894152

3
1 2 2 0.852384
2 0 0 0.833465
3 0 0 1.08321

3
1 1 1 0.853003
2 0 0 0.946301
3 0 0 0.830129

5
1 1 2 0.870447
2 0 0 0.787517
3 0 1028 0.93445
6 0 0 1.13483
7 0 0 0.915467

3
1 2 3 0.90648
2 0 0 0.802975
3 0 0 0.953576

3
1 1 1 0.946839
2 0 0 0.973672
3 0 0 0.837468

9
1 0 588 0.895383
2 2 4 1.0475
4 0 0 0.93723
5 0 368 0.997259
10 0 0 1.06331
11 0 0 1.0968
3 1 2 0.768118
6 0 0 0.738914
7 0 0 0.90812

3
1 1 2 0.886769
2 0 0 0.798608
3 0 0 1.00211

3
1 1 2 0.859714
2 0 0 0.830527
3 0 0 0.97654

3
1 1 1 0.880449
2 0 0 0.94503
3 0 0 0.844318

3
1 1 1 0.842102
2 0 0 0.981484
3 0 0 0.797618

1
1 0 0 0.870288

5
1 1 2 1.00614
2 0 0 0.761786
3 0 6057 0.942517
6 0 0 0.957942
7 0 0 1.03451

5
1 1 2 0.872883
2 0 459 0.846942
4 0 0 1.03157
5 0 0 0.854525
3 0 0 1.01794

1
1 0 0 0.837649

5
1 1 2 0.865103
2 1 1 0.838454
4 0 0 1.11818
5 0 0 0.818798
3 0 0 0.991685

7
1 0 1711 0.999724
2 1 1 0.899111
4 0 0 1.02856
5 0 0 0.748729
3 1 1 1.16571
6 0 0 0.973979
7 0 0 1.11842

3
1 0 304 0.977707
2 0 0 1.09712
3 0 0 0.77006

3
1 1 1 0.932974
2 0 0 1.17712
3 0 0 1.03193

3
1 0 9304 0.722253
2 0 0 0.752768
3 0 0 1.11384

5
1 0 1757 0.878307
2 0 0 0.805048
3 1 2 1.01038
6 0 0 1.05433
7 0 0 1.04439

7
1 0 238 0.770585
2 0 101 0.820811
4 0 0 0.980061
5 0 210 1.00277
10 0 0 1.03082
11 0 0 0.994395
3 0 0 0.779408

3
1 1 2 0.823605
2 0 0 0.785066
3 0 0 0.889198

5
1 0 8335 0.863599
2 0 6734 0.852719
4 0 0 0.871156
5 0 0 0.899112
3 0 0 0.913728

7
1 0 229 0.882802
2 0 34 0.936009
4 0 0 1.06687
5 0 0 0.981649
3 0 721 0.804458
6 0 0 0.986172
7 0 0 0.782025

7
1 1 1 0.895614
2 0 0 1.08565
3 1 2 0.922532
6 0 0 0.715141
7 2 1 0.968179
14 0 0 1.0738
15 0 0 0.969447

3
1 1 2 0.856293
2 0 0 0.85403
3 0 0 0.894648

3
1 1 2 0.832255
2 0 0 0.844842
3 0 0 0.928825

3
1 0 6405 0.844126
2 0 0 0.786606
3 0 0 0.936136

5
1 2 1 0.921865
2 0 3194 0.895183
4 0 0 0.895085
5 0 0 0.960229
3 0 0 0.824151

7
1 1 2 0.872807
2 1 1 0.854955
4 0 0 1.00439
5 0 8548 0.882793
10 0 0 0.828295
11 0 0 0.925183
3 0 0 1.06412

3
1 1 1 0.808195
2 0 0 0.975909
3 0 0 0.801811

1
1 0 0 0.794154

3
1 1 1 0.879988
2 0 0 1.06457
3 0 0 0.856848

3
1 0 2475 0.867708
2 0 0 0.768738
3 0 0 0.935649

3
1 0 1759 0.963598
2 0 0 0.913136
3 0 0 0.974683

5
1 0 2074 0.879095
2 0 0 0.865805
3 1 1 0.931277
6 0 0 0.918653
7 0 0 0.963297

1
1 0 0 0.830302

5
1 1 1 0.725932
2 0 1647 0.878942
4 0 0 1.10546
5 0 0 0.850196
3 0 0 0.691694

3
1 0 9725 0.762019
2 0 0 0.725828
3 0 0 0.855851

3
1 0 2209 0.840194
2 0 0 0.834317
3 0 0 1.07727

1
1 0 0 0.702782

5
1 0 3847 0.854162
2 1 1 0.973759
4 0 0 1.00293
5 0 0 0.893263
3 0 0 1.03358

3
1 2 4 0.951727
2 0 0 0.898089
3 0 0 0.920172

5
1 1 2 0.825062
2 0 0 0.823264
3 0 2203 1.03539
6 0 0 1.03616
7 0 0 1.03974

7
1 0 351 0.778075
2 0 134 0.988997
4 0 0 1.01
5 2 2 1.14626
10 0 0 1.00205
11 0 0 0.984337
3 0 0 0.75997

3
1 0 973 0.80681
2 0 0 1.00314
3 0 0 0.875638

3
1 0 5213 0.938413
2 0 0 0.937481
3 0 0 1.08887

3
1 1 1 0.952943
2 0 0 0.843584
3 0 0 0.797165

3
1 1 1 0.939751
2 0 0 0.968814
3 0 0 0.768597

5
1 1 1 0.881444
2 0 0 1.00745
3 0 47 0.896183
6 0 0 1.06946
7 0 0 0.875315

1
1 0 0 0.849472

5
1 1 2 0.892964
2 1 1 0.91499
4 0 0 0.996959
5 0 0 0.823386
3 0 0 0.993834

3
1 0 17 0.796789
2 0 0 0.961337
3 0 0 0.744355

3
1 1 1 0.803481
2 0 0 0.991036
3 0 0 0.866502

1
1 0 0 0.706868

3
1 0 8133 0.828055
2 0 0 0.751977
3 0 0 1.10322

3
1 2 2 0.908713
2 0 0 0.752279
3 0 0 1.02769

3
1 0 581 0.766939
2 0 0 0.997811
3 0 0 0.780794

3
1 1 1 0.765644
2 0 0 1.15193
3 0 0 0.717285

3
1 1 1 0.92667
2 0 0 0.99398
3 0 0 0.80358

5
1 2 3 0.900002
2 0 9172 0.906482
4 0 0 0.923862
5 0 0 1.09956
3 0 0 0.952991

3
1 1 1 0.896721
2 0 0 1.0187
3 0 0 0.737569

3
1 0 8012 0.903184
2 0 0 0.941124
3 0 0 0.89138

3
1 1 1 0.885647
2 0 0 1.04049
3 0 0 0.814946

1
1 0 0 0.897628

5
1 0 1767 0.858259
2 0 0 0.909356
3 2 3 0.98623
6 0 0 1.00268
7 0 0 0.966962

3
1 2 3 0.913542
2 0 0 0.851723
3 0 0 0.950071

5
1 0 2414 0.874985
2 0 0 0.865462
3 0 9299 0.994107
6 0 0 1.01977
7 0 0 1.02997

3
1 0 3356 0.887098
2 0 0 0.926056
3 0 0 0.87817

3
1 0 7990 0.948554
2 0 0 0.889796
3 0 0 0.927382

1
1 0 0 0.955781

7
1 1 2 0.954503
2 1 1 0.9428
4 0 0 0.922431
5 2 1 0.820949
10 0 0 0.848009
11 0 0 0.873495
3 0 0 0.94572

3
1 0 614 0.889669
2 0 0 1.0011
3 0 0 0.900035

5
1 0 2198 0.974721
2 0 899 0.910701
4 0 0 0.975338
5 0 0 0.787436
3 0 0 0.86186

7
1 2 2 0.920469
2 0 9583 0.954266
4 0 0 0.984003
5 0 0 1.02254
3 2 4 0.918932
6 0 0 0.985191
7 0 0 1.00052

3
1 1 2 0.80399
2 0 0 0.911381
3 0 0 1.02457

1
1 0 0 0.816021

1
1 0 0 0.742353

3
1 1 1 0.853474
2 0 0 1.01111
3 0 0 0.684548

1
1 0 0 0.834821

3
1 0 9789 0.892915
2 0 0 0.961676
3 0 0 1.05906

9
1 1 2 0.893152
2 0 0 0.806155
3 0 5150 1.08407
6 2 2 0.940381
12 0 0 1.0933
13 0 0 1.00754
7 0 6753 1.03248
14 0 0 0.976929
15 0 0 0.956764

1
1 0 0 0.871413

3
1 2 4 0.894253
2 0 0 0.922613
3 0 0 1.00185

3
1 1 2 0.833749
2 0 0 0.784567
3 0 0 0.984462

5
1 0 3250 0.855955
2 0 1708 0.88599
4 0 0 0.844778
5 0 0 0.951605
3 0 0 0.852544

3
1 1 1 0.901791
2 0 0 1.10402
3 0 0 0.753072

5
1 0 8997 0.83464
2 0 0 0.674069
3 0 9768 1.08697
6 0 0 1.09327
7 0 0 1.14289

3
1 1 1 0.855054
2 0 0 1.04789
3 0 0 0.671872

3
1 0 888 0.99489
2 0 0 1.1286
3 0 0 0.827335

5
1 1 2 0.867569
2 0 0 0.837784
3 0 8815 1.01429
6 0 0 1.01407
7 0 0 1.06096

1
1 0 0 0.889452

5
1 0 8107 0.92536
2 0 0 0.6276
3 2 3 1.00853
6 0 0 0.973445
7 0 0 0.985483

7
1 1 1 0.923735
2 0 0 0.930956
3 0 3443 0.963306
6 1 2 1.01455
12 0 0 0.874227
13 0 0 1.00142
7 0 0 1.02631

3
1 2 1 0.908138
2 0 0 0.906473
3 0 0 0.929412

3
1 1 2 0.877933
2 0 0 0.777388
3 0 0 0.963089

5
1 0 7654 0.872369
2 0 0 0.829293
3 0 9414 0.953178
6 0 0 0.98123
7 0 0 1.05926

3
1 1 1 0.859571
2 0 0 1.01614
3 0 0 0.823488

3
1 1 2 0.810353
2 0 0 0.831551
3 0 0 0.930936

3
1 1 2 0.937619
2 0 0 0.932439
3 0 0 1.03322

5
1 2 2 0.852384
2 1 1 0.88618
4 0 0 1.07258
5 0 0 0.837375
3 0 0 0.993853

5
1 1 1 0.853003
2 0 3527 1.00911
4 0 0 0.979457
5 0 0 0.958763
3 0 0 0.851847

3
1 0 717 0.857516
2 0 0 1.00724
3 0 0 0.743529

5
1 2 4 0.940019
2 0 0 0.876885
3 0 619 0.903995
6 0 0 1.13649
7 0 0 0.834124

1
1 0 0 0.796002

3
1 0 8296 0.890662
2 0 0 0.768266
3 0 0 0.865202

3
1 1 1 0.880914
2 0 0 0.931878
3 0 0 0.817401

3
1 1 2 0.975939
2 0 0 0.986901
3 0 0 0.988371

5
1 1 1 0.880449
2 2 3 0.963156
4 0 0 1.02942
5 0 0 1.07511
3 0 0 0.854644

3
1 1 2 0.831658
2 0 0 0.920597
3 0 0 0.96819

7
1 1 1 0.895632
2 0 3522 0.919013
4 0 0 0.938449
5 0 0 0.811965
3 0 745 0.824284
6 0 0 1.04263
7 0 0 0.782817

3
1 2 3 0.912027
2 0 0 0.878352
3 0 0 0.894502

3
1 1 2 0.888377
2 0 0 0.777378
3 0 0 0.840786

3
1 2 1 0.847498
2 0 0 0.793577
3 0 0 0.975419

3
1 1 1 0.841999
2 0 0 1.01774
3 0 0 0.726917

5
1 0 1711 0.999724
2 0 0 0.767345
3 0 9495 1.18732
6 0 0 1.12902
7 0 0 1.13714

5
1 0 673 0.952266
2 0 0 0.942905
3 2 3 0.93512
6 0 0 0.789315
7 0 0 0.981109

5
1 1 1 0.934735
2 0 0 0.980476
3 1 2 0.996433
6 0 0 0.977201
7 0 0 1.07909

7
1 1 1 0.84407
2 0 0 1.00219
3 1 2 0.795483
6 0 471 0.921283
12 0 0 1.00545
13 0 0 0.841529
7 0 0 0.835659

5
1 0 1757 0.878307
2 0 0 0.734325
3 2 1 1.03361
6 0 0 1.11319
7 0 0 0.957719

3
1 1 1 0.866181
2 0 0 0.959686
3 0 0 0.739985

3
1 0 9090 0.854587
2 0 0 0.791221
3 0 0 1.05773

3
1 0 5938 0.82929
2 0 0 0.839843
3 0 0 0.995848

3
1 0 6626 0.863187
2 0 0 0.86474
3 0 0 0.925582

3
1 1 1 0.895614
2 0 0 1.0123
3 0 0 0.753601

3
1 1 2 0.828832
2 0 0 0.779755
3 0 0 0.991255

7
1 2 3 0.945688
2 1 2 0.945085
4 0 0 0.853245
5 0 0 0.990639
3 2 4 1.02497
6 0 0 1.06893
7 0 0 0.989213

3
1 1 2 0.958408
2 0 0 0.82257
3 0 0 0.975343

9
1 1 2 0.901398
2 0 0 0.813339
3 0 3889 1.00346
6 0 0 1.0326
7 0 4250 0.953082
14 0 0 1.00861
15 0 4750 0.988875
30 0 0 0.973169
31 0 0 1.01972

1
1 0 0 0.76063

3
1 1 2 0.916679
2 0 0 0.824175
3 0 0 0.998654

1
1 0 0 0.839821

3
1 1 2 0.873515
2 0 0 0.828196
3 0 0 1.03534

3
1 1 1 1.00214
2 0 0 1.05688
3 0 0 0.856468

5
1 0 4420 0.887102
2 1 2 0.909533
4 0 0 0.878369
5 0 0 1.02324
3 0 0 1.00557

3
1 1 1 0.89111
2 0 0 1.00179
3 0 0 0.745952

1
1 0 0 0.870732

3
1 1 1 0.725932
2 0 0 0.899954
3 0 0 0.763871

3
1 1 1 0.870491
2 0 0 0.888973
3 0 0 0.849307

5
1 1 1 0.859124
2 0 52 0.93468
4 0 0 1.06125
5 0 0 0.892977
3 0 0 0.898303

3
1 0 8739 0.797039
2 0 0 0.829119
3 0 0 0.980599

5
1 2 3 0.89509
2 1 1 0.93455
4 0 0 1.08059
5 0 0 0.860413
3 0 0 0.958203

3
1 1 1 0.822818
2 0 0 1.06704
3 0 0 0.746419

5
1 0 3941 0.824605
2 1 1 0.817893
4 0 0 1.07792
5 0 0 0.905304
3 0 0 0.79446

5
1 0 7422 0.88516
2 1 2 0.835117
4 0 0 0.776135
5 0 0 0.984304
3 0 0 0.778933

3
1 0 973 0.80681
2 0 0 0.942266
3 0 0 0.815637

5
1 0 1103 0.828719
2 0 1027 0.988994
4 0 0 1.20648
5 0 0 0.864259
3 0 0 0.844497

3
1 0 7832 0.881098
2 0 0 0.729241
3 0 0 0.955498

3
1 0 9913 0.926245
2 0 0 0.881141
3 0 0 1.03488

3
1 0 5792 0.81851
2 0 0 0.763895
3 0 0 0.999344

3
1 1 1 0.939413
2 0 0 0.978029
3 0 0 0.843654

5
1 2 1 0.914987
2 1 1 0.963461
4 0 0 1.09176
5 0 0 0.907028
3 0 0 0.84157

3
1 0 2248 0.993759
2 0 0 0.942478
3 0 0 1.01808

7
1 0 1982 0.880778
2 1 1 0.845189
4 0 0 0.988838
5 0 0 0.841698
3 2 3 0.981988
6 0 0 0.992736
7 0 0 0.955151

1
1 0 0 0.805755

3
1 1 2 0.833061
2 0 0 0.790711
3 0 0 1.13935

3
1 1 1 0.843082
2 0 0 0.960572
3 0 0 0.663451

3
1 1 2 0.719855
2 0 0 0.742366
3 0 0 0.999606

3
1 2 3 0.87289
2 0 0 0.895999
3 0 0 0.915613

3
1 1 1 0.884419
2 0 0 0.881689
3 0 0 0.8926

1
1 0 0 0.656503

3
1 1 1 0.853929
2 0 0 0.987999
3 0 0 0.79149

3
1 0 6343 0.874744
2 0 0 0.830365
3 0 0 0.852128

3
1 1 2 0.820409
2 0 0 0.79187
3 0 0 1.02952

3
1 1 1 0.897628
2 0 0 1.08425
3 0 0 0.813043

5
1 0 1767 0.858259
2 0 0 0.836826
3 0 7370 0.999766
6 0 0 1.02366
7 0 0 1.00628

3
1 2 2 0.947599
2 0 0 0.772414
3 0 0 0.878363

1
1 0 0 0.854939

5
1 0 3356 0.887098
2 0 867 0.912101
4 0 0 1.07574
5 0 0 0.759192
3 0 0 0.952222

3
1 1 1 0.972584
2 0 0 0.959747
3 0 0 0.883074

3
1 0 2735 0.974619
2 0 0 0.871937
3 0 0 1.15706

7
1 1 1 0.85614
2 0 4880 1.0563
4 0 77 1.01933
8 0 0 0.997825
9 0 0 1.0758
5 0 0 0.881632
3 0 0 0.732559

3
1 1 1 0.810428
2 0 0 1.16021
3 0 0 0.693184

3
1 0 2198 0.974721
2 0 0 0.816689
3 0 0 1.02933

3
1 0 1977 0.890372
2 0 0 0.873898
3 0 0 1.05359

3
1 1 2 0.886604
2 0 0 0.853749
3 0 0 0.988297

7
1 0 5102 0.856834
2 2 1 1.04179
4 0 0 1.00196
5 0 0 1.02859
3 2 1 0.914207
6 0 0 0.922619
7 0 0 0.875874

5
1 2 3 0.852806
2 0 0 0.871686
3 0 9805 0.95714
6 0 0 1.03186
7 0 0 0.927068

1
1 0 0 0.744474

3
1 1 2 0.883328
2 0 0 0.894874
3 0 0 0.970208

3
1 1 1 0.888219
2 0 0 0.941623
3 0 0 0.775046

3
1 0 1497 0.849403
2 0 0 0.875482
3 0 0 1.13896

3
1 1 1 0.839469
2 0 0 0.972391
3 0 0 0.930341

5
1 0 9335 0.856285
2 0 1904 0.890834
4 0 0 0.770092
5 0 0 1.07164
3 0 0 1.02423

3
1 0 834 0.838485
2 0 0 0.906042
3 0 0 0.878348

1
1 0 0 0.824006

3
1 1 1 0.981339
2 0 0 1.13075
3 0 0 0.767674

7
1 1 2 0.849254
2 0 0 0.883642
3 2 4 0.92471
6 0 9190 0.969934
12 0 0 0.910999
13 0 0 1.03068
7 0 0 1.0812

7
1 1 1 0.83068
2 0 628 1.05335
4 0 0 1.00688
5 0 3326 1.07842
10 0 0 1.16986
11 0 0 0.930802
3 0 0 0.679383

7
1 0 6076 0.806383
2 0 4720 0.876536
4 0 0 0.732388
5 0 5549 0.974816
10 0 0 0.935188
11 0 0 1.03931
3 0 0 0.972831

3
1 0 8800 0.857771
2 0 0 0.854131
3 0 0 1.07935

7
1 1 2 0.851403
2 0 1747 0.886652
4 1 1 0.921463
8 0 0 0.934445
9 0 0 0.760068
5 0 0 0.879757
3 0 0 0.937264

3
1 0 8934 0.828218
2 0 0 0.820628
3 0 0 0.964428

5
1 1 1 0.923735
2 2 1 0.981828
4 0 0 0.969429
5 0 0 1.00159
3 0 0 0.717118

3
1 1 2 0.846753
2 0 0 0.751268
3 0 0 0.903842

7
1 1 2 0.877933
2 0 8495 0.934186
4 0 0 0.968706
5 0 0 0.870794
3 0 2453 0.994894
6 0 0 1.01182
7 0 0 0.891677

3
1 0 9856 0.804369
2 0 0 0.806875
3 0 0 1.01871

3
1 1 2 0.787957
2 0 0 0.72187
3 0 0 0.977709

3
1 0 6634 0.892631
2 0 0 0.883924
3 0 0 1.07907

3
1 1 1 0.833885
2 0 0 0.941025
3 0 0 0.777604

1
1 0 0 0.831786

1
1 0 0 0.839776

3
1 0 79 0.834859
2 0 0 1.11856
3 0 0 0.858843

1
1 0 0 0.783332

7
1 1 1 0.86983
2 0 0 1.06253
3 1 2 0.889133
6 0 0 0.793842
7 0 1790 0.971829
14 0 0 0.971642
15 0 0 0.965795

3
1 1 2 0.930825
2 0 0 0.809496
3 0 0 1.11092

3
1 1 1 0.880914
2 0 0 0.986304
3 0 0 0.77124

3
1 2 4 0.901925
2 0 0 0.868763
3 0 0 0.91953

1
1 0 0 0.821672

3
1 1 2 0.867257
2 0 0 0.825009
3 0 0 1.09054

5
1 0 9111 0.932975
2 2 1 0.963204
4 0 0 1.00431
5 0 0 1.03768
3 0 0 0.903538

3
1 1 2 0.809337
2 0 0 0.863187
3 0 0 0.918037

1
1 0 0 0.823426

1
1 0 0 0.814707

3
1 1 1 0.841999
2 0 0 1.14105
3 0 0 0.863072

3
1 0 1711 0.999724
2 0 0 0.91811
3 0 0 1.04224

3
1 1 1 0.892804
2 0 0 1.01523
3 0 0 0.849571

5
1 1 1 0.934735
2 0 0 1.1972
3 0 8237 0.93695
6 0 0 0.923927
7 0 0 1.07422

1
1 0 0 0.828717

3
1 0 1247 0.975642
2 0 0 0.882455
3 0 0 0.865629

3
1 1 1 0.866181
2 0 0 1.08189
3 0 0 0.783402

3
1 2 2 0.844291
2 0 0 0.701211
3 0 0 0.956432

1
1 0 0 0.850855

1
1 0 0 0.833466

3
1 1 1 0.845792
2 0 0 1.0082
3 0 0 0.876985

3
1 1 2 0.854678
2 0 0 0.807749
3 0 0 1.02407

5
1 0 1418 0.875677
2 2 4 0.930621
4 0 0 0.936583
5 0 0 1.08096
3 0 0 0.918191

3
1 1 2 0.958408
2 0 0 0.76493
3 0 0 0.961065

3
1 1 2 0.904552
2 0 0 0.790124
3 0 0 0.981042

1
1 0 0 0.887801

3
1 1 2 0.916679
2 0 0 0.866664
3 0 0 1.01977

3
1 1 1 0.867393
2 0 0 0.96499
3 0 0 0.70256

3
1 0 4772 0.849497
2 0 0 0.836039
3 0 0 1.07275

3
1 1 1 1.00214
2 0 0 0.947202
3 0 0 0.745873

5
1 1 1 0.8359
2 0 0 0.922173
3 1 2 0.878899
6 0 0 0.838058
7 0 0 0.97127

3
1 0 7135 0.877614
2 0 0 0.802588
3 0 0 0.983596

3
1 0 390 0.807557
2 0 0 0.958276
3 0 0 0.789576

3
1 0 3198 0.885941
2 0 0 0.811414
3 0 0 0.90184

5
1 1 1 0.804005
2 0 2028 1.06432
4 0 0 1.09202
5 0 0 0.981657
3 0 0 0.803884

5
1 2 4 0.957076
2 0 0 1.01483
3 1 1 0.982395
6 0 0 0.986107
7 0 0 0.920282

1
1 0 0 0.730173

3
1 1 1 0.893295
2 0 0 0.942699
3 0 0 0.76344

3
1 1 1 0.898906
2 0 0 0.948333
3 0 0 0.927785

7
1 0 3941 0.824605
2 0 0 0.91831
3 2 2 1.04681
6 1 1 1.05934
12 0 0 1.14535
13 0 0 1.00921
7 0 0 1.09352

3
1 2 4 0.871658
2 0 0 0.70772
3 0 0 0.881347

5
1 1 2 0.898684
2 0 0 0.844235
3 2 3 1.05269
6 0 0 1.06108
7 0 0 1.17125

3
1 0 2118 0.900967
2 0 0 0.874051
3 0 0 0.954515

3
1 1 2 0.779707
2 0 0 0.73029
3 0 0 0.894365

3
1 0 9443 0.770631
2 0 0 0.779001
3 0 0 1.06166

3
1 0 3569 0.992541
2 0 0 0.916959
3 0 0 0.970319

1
1 0 0 0.88719

3
1 1 1 0.797596
2 0 0 1.0365
3 0 0 0.775119

3
1 2 4 0.781682
2 0 0 0.79244
3 0 0 0.943007

3
1 0 3932 0.844356
2 0 0 0.777066
3 0 0 0.980496

5
1 2 4 0.843463
2 0 0 0.819866
3 1 2 1.02597
6 0 0 0.946054
7 0 0 1.0139

5
1 1 1 0.855484
2 0 0 1.11745
3 1 2 0.847113
6 0 0 0.762285
7 0 0 0.886161

7
1 1 1 0.843082
2 2 3 1.03413
4 0 940 0.946342
8 0 0 1.0766
9 0 0 0.965624
5 0 0 0.944038
3 0 0 0.811178

3
1 1 2 0.825747
2 0 0 0.953109
3 0 0 0.976965

3
1 1 2 0.876008
2 0 0 0.777336
3 0 0 1.10689

3
1 0 8373 0.854429
2 0 0 0.786126
3 0 0 1.01005

3
1 0 455 0.750738
2 0 0 1.00914
3 0 0 0.768674

3
1 1 1 0.901808
2 0 0 0.94045
3 0 0 0.855718

3
1 0 335 0.804631
2 0 0 1.02065
3 0 0 0.795579

5
1 1 2 0.870813
2 0 0 0.93861
3 0 8996 1.03799
6 0 0 1.09064
7 0 0 1.03815

3
1 1 2 0.929945
2 0 0 0.807265
3 0 0 0.943974

1
1 0 0 0.8348

3
1 1 1 0.766945
2 0 0 0.936762
3 0 0 0.70456

3
1 0 8911 0.806104
2 0 0 0.678557
3 0 0 1.03041

7
1 0 2014 0.91305
2 0 124 0.81956
4 0 0 0.984908
5 1 2 0.80828
10 0 0 0.894394
11 0 0 0.993331
3 0 0 0.973037

5
1 1 1 0.972584
2 0 0 0.927449
3 1 2 0.857993
6 0 0 0.781744
7 0 0 1.06206

3
1 0 6727 0.844579
2 0 0 0.904592
3 0 0 0.969969

9
1 1 1 0.871007
2 2 4 0.96844
4 0 2432 0.999062
8 0 0 0.870122
9 0 6967 1.05567
18 0 0 0.944175
19 0 0 0.859015
5 0 0 0.981495
3 0 0 0.792974

3
1 1 1 0.764384
2 0 0 0.905187
3 0 0 0.813563

3
1 0 2198 0.974721
2 0 0 0.696956
3 0 0 0.926496

3
1 1 1 0.775239
2 0 0 1.02274
3 0 0 0.699143

3
1 0 8310 0.865172
2 0 0 0.909982
3 0 0 0.976348

3
1 2 3 0.866323
2 0 0 0.874744
3 0 0 1.09013

3
1 2 3 0.838346
2 0 0 0.793354
3 0 0 0.955596

5
1 0 304 0.793035
2 2 4 1.00575
4 0 0 0.937379
5 0 0 1.02671
3 0 0 0.847773

5
1 0 1676 0.885146
2 0 0 0.731994
3 2 1 0.973371
6 0 0 1.00928
7 0 0 0.956516

3
1 1 1 0.869796
2 0 0 1.06495
3 0 0 0.738342

3
1 0 1497 0.849403
2 0 0 0.757716
3 0 0 1.01175

3
1 1 1 0.900875
2 0 0 1.1032
3 0 0 0.798125

9
1 1 1 0.886856
2 0 3530 0.926512
4 0 592 1.07851
8 0 531 1.0112
16 0 0 1.02658
17 0 0 0.981172
9 0 0 0.992752
5 0 0 0.974642
3 0 0 0.86219

5
1 1 2 0.927009
2 0 0 0.868557
3 2 1 0.979181
6 0 0 0.927967
7 0 0 1.00653

9
1 0 4106 0.900481
2 2 4 0.824146
4 0 0 0.880769
5 0 0 0.961731
3 2 1 1.04076
6 0 5595 0.937264
12 0 0 0.950583
13 0 0 1.06309
7 0 0 0.955906

3
1 0 9037 0.817008
2 0 0 0.790322
3 0 0 1.04817

3
1 1 2 0.832543
2 0 0 0.826289
3 0 0 0.962209

3
1 0 8687 0.92338
2 0 0 0.840626
3 0 0 0.984386

3
1 1 2 0.850743
2 0 0 0.767342
3 0 0 1.0229

3
1 1 2 0.822051
2 0 0 0.890967
3 0 0 1.01128

3
1 0 2726 0.894728
2 0 0 0.895389
3 0 0 0.924095

1
1 0 0 0.805006

3
1 1 1 0.923735
2 0 0 1.15112
3 0 0 0.873737

5
1 1 2 0.890288
2 1 1 0.824491
4 0 0 1.08772
5 0 0 0.892938
3 0 0 0.933876

5
1 1 1 0.881702
2 2 4 0.954789
4 0 0 0.925966
5 0 0 1.05136
3 0 0 0.838641

7
1 2 2 0.890039
2 2 1 0.974568
4 0 0 0.943207
5 0 0 0.902777
3 1 1 0.915906
6 0 0 0.988929
7 0 0 0.896426

1
1 0 0 0.736755

1
1 0 0 0.779147

3
1 2 1 0.912467
2 0 0 0.925328
3 0 0 1.00458

3
1 0 619 0.783194
2 0 0 0.955501
3 0 0 0.772014

3
1 1 2 0.832377
2 0 0 0.769542
3 0 0 1.02806

3
1 0 3902 0.860204
2 0 0 0.764178
3 0 0 0.953509

3
1 1 1 0.869397
2 0 0 1.00068
3 0 0 0.776669

3
1 1 1 0.86983
2 0 0 1.12625
3 0 0 0.753644

3
1 0 815 0.869756
2 0 0 0.971899
3 0 0 0.826717

3
1 2 4 0.805912
2 0 0 0.783824
3 0 0 0.923761

3
1 1 2 0.860834
2 0 0 0.865378
3 0 0 0.939756

3
1 0 7838 0.815728
2 0 0 0.818379
3 0 0 0.989818

3
1 0 432 0.846276
2 0 0 0.939955
3 0 0 0.855902

3
1 0 5508 0.94961
2 0 0 0.7428
3 0 0 0.941199

3
1 1 2 0.809337
2 0 0 0.700163
3 0 0 1.07995

3
1 0 7863 0.905634
2 0 0 0.763772
3 0 0 0.939061

3
1 2 2 0.873699
2 0 0 0.906354
3 0 0 0.911478

5
1 1 2 0.815095
2 0 0 0.748596
3 0 6542 1.1702
6 0 0 1.08167
7 0 0 0.92355

3
1 0 1711 0.999724
2 0 0 0.785421
3 0 0 0.994898

3
1 2 3 0.873463
2 0 0 0.871286
3 0 0 0.957338

3
1 1 1 0.934735
2 0 0 1.00191
3 0 0 0.812227

3
1 2 2 1.07583
2 0 0 0.949417
3 0 0 0.869684

5
1 0 1247 0.975642
2 2 4 0.914639
4 0 0 0.871618
5 0 0 1.09281
3 0 0 1.00339

3
1 1 1 0.866181
2 0 0 1.09024
3 0 0 0.790767

3
1 0 9350 0.780618
2 0 0 0.720963
3 0 0 0.958275

3
1 1 1 0.850355
2 0 0 0.976756
3 0 0 0.840894

3
1 0 2502 0.892145
2 0 0 0.975975
3 0 0 1.08973

3
1 0 5046 0.877722
2 0 0 0.85018
3 0 0 0.923291

1
1 0 0 0.895297

3
1 0 1418 0.875677
2 0 0 0.747798
3 0 0 1.20715

3
1 1 1 0.854844
2 0 0 0.980696
3 0 0 0.810033

3
1 1 1 0.834149
2 0 0 1.09855
3 0 0 0.818428

3
1 2 4 0.856856
2 0 0 0.85438
3 0 0 0.875974

5
1 0 3571 0.788091
2 0 3343 0.765683
4 0 0 0.760159
5 0 0 1.0488
3 0 0 0.905954

3
1 0 314 0.814097
2 0 0 1.0158
3 0 0 0.704856

1
1 0 0 0.874475

3
1 2 2 0.862644
2 0 0 0.878146
3 0 0 0.981513

3
1 1 1 0.8359
2 0 0 0.970841
3 0 0 0.803663

3
1 1 2 0.819411
2 0 0 0.784763
3 0 0 0.956443

3
1 0 390 0.807557
2 0 0 1.07072
3 0 0 0.900468

1
1 0 0 0.829893

3
1 1 2 0.88601
2 0 0 0.870055
3 0 0 0.964115

3
1 1 2 0.903481
2 0 0 0.803269
3 0 0 1.01725

3
1 1 1 0.775286
2 0 0 0.909367
3 0 0 0.68407

3
1 0 818 0.777958
2 0 0 1.03503
3 0 0 0.779299

3
1 1 1 0.896744
2 0 0 1.08213
3 0 0 0.820951

3
1 2 3 0.925114
2 0 0 0.867113
3 0 0 1.03563

7
1 0 8929 0.808102
2 0 0 0.867997
3 2 4 0.993258
6 0 0 0.920592
7 1 2 0.836705
14 0 0 0.969097
15 0 0 0.990105

3
1 1 2 0.913591
2 0 0 0.712597
3 0 0 0.88806

1
1 0 0 0.919406

3
1 1 1 0.868858
2 0 0 1.21603
3 0 0 0.912772

3
1 0 8109 0.874837
2 0 0 0.874263
3 0 0 0.958656

3
1 0 6931 0.990207
2 0 0 0.825773
3 0 0 0.943288

5
1 2 2 0.834163
2 1 1 0.783684
4 0 0 1.07117
5 0 0 0.830718
3 0 0 0.92305

3
1 0 9470 0.866719
2 0 0 0.757593
3 0 0 1.07002

5
1 1 2 0.779898
2 0 0 0.859615
3 0 6910 1.0979
6 0 0 0.998531
7 0 0 1.1014

3
1 1 1 0.832467
2 0 0 1.02902
3 0 0 0.805412

5
1 1 1 0.916278
2 0 0 0.904035
3 1 2 0.880549
6 0 0 0.701869
7 0 0 1.04686

3
1 2 4 0.851642
2 0 0 0.839108
3 0 0 0.884714

3
1 0 9481 0.829249
2 0 0 0.835033
3 0 0 1.01197

5
1 2 1 0.943066
2 0 0 0.732798
3 0 4340 0.936167
6 0 0 0.925329
7 0 0 1.02297

1
1 0 0 0.820523

3
1 0 9880 0.940922
2 0 0 0.788895
3 0 0 1.0257

3
1 0 231 0.764739
2 0 0 0.933347
3 0 0 0.862849

1
1 0 0 0.729559

3
1 2 3 0.958315
2 0 0 0.962585
3 0 0 0.983889

3
1 0 658 0.831907
2 0 0 0.93156
3 0 0 0.822779

3
1 0 7714 0.83301
2 0 0 0.839218
3 0 0 0.975911

5
1 0 1690 0.886235
2 0 0 0.919176
3 2 3 1.00669
6 0 0 1.00645
7 0 0 0.886945

3
1 0 5131 0.874034
2 0 0 0.756645
3 0 0 0.981308

1
1 0 0 0.755191

3
1 1 2 0.897174
2 0 0 0.757445
3 0 0 1.08814

1
1 0 0 0.775158

3
1 0 467 0.830176
2 0 0 1.06222
3 0 0 0.829917

3
1 0 9269 0.813371
2 0 0 0.893283
3 0 0 0.945407

3
1 1 1 0.764384
2 0 0 1.1664
3 0 0 0.830954

5
1 1 2 0.865413
2 0 0 0.773359
3 0 9863 1.01604
6 0 0 0.950234
7 0 0 0.945149

7
1 1 1 0.775239
2 0 3071 1.02629
4 0 0 1.09224
5 0 7056 1.03557
10 0 0 1.02645
11 0 0 0.967107
3 0 0 0.798716

3
1 1 1 0.839365
2 0 0 1.0442
3 0 0 0.793126

5
1 2 2 0.872923
2 1 1 0.854306
4 0 0 1.01399
5 0 0 0.91132
3 0 0 0.901606

5
1 0 9298 0.911173
2 0 0 0.887674
3 2 3 0.996399
6 0 0 0.90602
7 0 0 0.973689

3
1 1 1 0.889933
2 0 0 1.12211
3 0 0 0.775708

9
1 0 5341 0.910167
2 0 3076 0.888808
4 0 48 0.816909
8 0 0 0.982751
9 0 558 0.834831
18 0 0 1.00615
19 0 0 0.825586
5 0 0 1.02601
3 0 0 0.859

3
1 1 1 0.869796
2 0 0 1.01753
3 0 0 0.890156

7
1 0 9508 0.858798
2 0 5238 0.851968
4 0 0 0.833312
5 0 0 0.876219
3 1 2 1.05646
6 0 0 0.992796
7 0 0 0.9754

3
1 1 1 0.900875
2 0 0 0.91622
3 0 0 0.832419

5
1 1 1 0.886856
2 0 0 1.1268
3 0 2727 0.769528
6 0 0 0.773904
7 0 0 0.796511

3
1 1 2 0.873355
2 0 0 0.941412
3 0 0 1.11846

3
1 0 5350 0.901077
2 0 0 0.85397
3 0 0 0.879502

3
1 1 2 0.854745
2 0 0 0.846848
3 0 0 0.94984

3
1 0 8614 0.875934
2 0 0 0.919104
3 0 0 1.06163

3
1 1 1 0.960695
2 0 0 0.926846
3 0 0 0.855368

3
1 1 1 0.837111
2 0 0 0.976325
3 0 0 0.896235

7
1 0 591 0.891157
2 1 2 1.08591
4 0 0 1.05147
5 0 134 0.936273
10 0 0 1.02558
11 0 0 1.04476
3 0 0 0.821344

5
1 1 1 0.86819
2 0 0 1.05677
3 1 2 0.867678
6 0 0 0.867039
7 0 0 0.966583

3
1 1 2 0.876541
2 0 0 0.7528
3 0 0 0.953736

5
1 0 3990 0.89377
2 0 0 0.800355
3 2 1 0.942231
6 0 0 1.06794
7 0 0 0.93496

3
1 0 4152 0.910103
2 0 0 0.868779
3 0 0 0.914265

5
1 2 2 1.00976
2 1 1 1.03073
4 0 0 1.18457
5 0 0 0.934619
3 0 0 1.05158

3
1 2 4 0.863591
2 0 0 0.778095
3 0 0 0.975564

3
1 1 1 1.0209
2 0 0 1.07862
3 0 0 0.785884

3
1 1 1 0.877042
2 0 0 1.02479
3 0 0 0.806356

3
1 1 1 0.808242
2 0 0 1.00746
3 0 0 0.917747

7
1 0 9502 0.812788
2 0 0 0.834756
3 0 9870 0.961092
6 1 1 1.13405
12 0 0 1.01364
13 0 0 0.917319
7 0 0 1.05608

5
1 0 6242 0.911604
2 1 2 0.89409
4 0 0 0.825632
5 0 0 1.05656
3 0 0 0.974041

5
1 2 4 0.864943
2 0 0 0.849441
3 0 1708 0.891477
6 0 0 0.900786
7 0 0 0.98319

3
1 1 1 0.897835
2 0 0 1.07784
3 0 0 0.709699

3
1 0 248 0.775969
2 0 0 0.975845
3 0 0 0.874202

3
1 1 2 0.875885
2 0 0 0.71608
3 0 0 1.02843

5
1 1 2 0.851938
2 0 0 0.757262
3 0 5897 0.941943
6 0 0 0.930546
7 0 0 1.05384

3
1 1 1 0.823515
2 0 0 0.974016
3 0 0 0.793821

3
1 0 7838 0.815728
2 0 0 0.850418
3 0 0 1.05625

3
1 0 5113 0.904532
2 0 0 0.867922
3 0 0 0.857125

3
1 0 390 0.764258
2 0 0 0.993611
3 0 0 0.789764

3
1 0 9663 0.862341
2 0 0 0.704985
3 0 0 0.997946

5
1 0 9559 0.795328
2 0 0 0.889927
3 0 9818 1.09436
6 0 0 1.06785
7 0 0 1.0852

3
1 2 1 0.88789
2 0 0 0.866075
3 0 0 0.923484

3
1 1 2 0.767619
2 0 0 0.732184
3 0 0 0.903033

5
1 2 2 0.995548
2 0 0 0.872813
3 0 500 0.934076
6 0 0 1.00254
7 0 0 0.903757

3
1 0 1944 0.860571
2 0 0 0.740852
3 0 0 1.12757

7
1 1 1 0.934735
2 2 3 1.00608
4 0 0 0.927896
5 2 4 1.03195
10 0 0 0.918568
11 0 0 0.911338
3 0 0 0.726364

1
1 0 0 0.769041

3
1 0 1247 0.975642
2 0 0 0.831011
3 0 0 1.03177

1
1 0 0 0.837711

9
1 0 4864 0.855055
2 0 363 0.900537
4 0 0 0.958172
5 2 4 0.918569
10 0 0 0.944828
11 0 0 0.955281
3 0 6394 1.02111
6 0 0 1.03992
7 0 0 0.975988

3
1 1 1 0.850355
2 0 0 1.0219
3 0 0 0.80662

3
1 2 1 0.916782
2 0 0 0.904417
3 0 0 0.96315

5
1 2 4 0.805366
2 0 0 0.78856
3 0 4721 0.846213
6 0 0 0.930262
7 0 0 0.956406

1
1 0 0 0.775251

3
1 0 1418 0.875677
2 0 0 0.756464
3 0 0 0.981485

3
1 1 1 0.899406
2 0 0 1.04983
3 0 0 0.890723

5
1 1 2 0.886442
2 0 0 0.895148
3 2 3 0.957504
6 0 0 0.958428
7 0 0 0.97821

3
1 1 1 0.795231
2 0 0 0.92646
3 0 0 0.818938

5
1 0 3571 0.788091
2 1 1 0.816288
4 0 0 1.05169
5 0 0 0.829964
3 0 0 1.0955

1
1 0 0 0.903341

3
1 0 578 0.843265
2 0 0 1.07134
3 0 0 0.779558

5
1 1 2 0.847754
2 0 3361 0.774104
4 0 0 0.846341
5 0 0 0.975997
3 0 0 1.03067

5
1 0 7742 0.853006
2 0 0 0.760514
3 2 3 0.977595
6 0 0 0.895843
7 0 0 0.839115

3
1 1 1 0.881905
2 0 0 1.03665
3 0 0 0.798496

7
1 1 2 0.903794
2 0 0 0.796284
3 0 8997 1.00956
6 0 0 0.897954
7 2 2 1.05535
14 0 0 0.987788
15 0 0 0.977232

5
1 1 2 0.914908
2 0 38 0.844486
4 0 0 1.00848
5 0 0 0.869763
3 0 0 1.13007

3
1 1 1 0.901395
2 0 0 1.01061
3 0 0 0.909469

7
1 1 2 0.805523
2 0 720 0.824877
4 0 0 0.856089
5 0 0 0.759119
3 0 6094 1.02569
6 0 0 0.952138
7 0 0 1.01879

7
1 0 2562 0.826873
2 1 2 0.84708
4 0 0 0.747318
5 0 1552 1.08305
10 0 0 1.02054
11 0 0 0.960867
3 0 0 0.926309

1
1 0 0 0.760843

3
1 0 274 0.818216
2 0 0 1.07481
3 0 0 0.831693

5
1 1 1 0.94547
2 2 1 1.05278
4 0 0 1.05075
5 0 0 1.04818
3 0 0 0.777969

5
1 1 1 0.852785
2 0 3171 0.996461
4 0 0 1.14384
5 0 0 1.01559
3 0 0 0.745969

3
1 1 2 0.828637
2 0 0 0.791439
3 0 0 0.971253

3
1 1 2 0.970345
2 0 0 0.80024
3 0 0 1.00455

3
1 1 1 0.933912
2 0 0 0.922248
3 0 0 0.872673

5
1 0 9110 0.857896
2 1 1 0.912534
4 0 0 1.06708
5 0 0 0.823314
3 0 0 1.11634

3
1 1 2 0.843882
2 0 0 0.780745
3 0 0 0.895911

3
1 1 2 1.02076
2 0 0 0.823898
3 0 0 0.937933

3
1 1 1 0.877432
2 0 0 1.02651
3 0 0 0.728965

1
1 0 0 0.853858

3
1 0 4907 0.961897
2 0 0 0.747976
3 0 0 1.02724

1
1 0 0 0.952091

5
1 0 9428 0.842544
2 0 3186 0.909278
4 0 0 0.842197
5 0 0 1.04094
3 0 0 0.97022

3
1 0 9263 0.79971
2 0 0 0.793902
3 0 0 1.00531

5
1 2 2 0.828187
2 0 0 0.891961
3 1 2 1.06104
6 0 0 0.944535
7 0 0 1.083

3
1 1 1 0.862979
2 0 0 1.13472
3 0 0 0.818139

1
1 0 0 0.74867

5
1 2 3 0.944567
2 0 0 0.76713
3 2 4 1.03244
6 0 0 1.03375
7 0 0 1.06138

7
1 0 7564 0.823243
2 0 1771 0.890062
4 0 0 0.837564
5 0 0 0.978247
3 2 2 1.00705
6 0 0 0.948227
7 0 0 0.973723

5
1 1 1 0.880781
2 0 0 1.04704
3 1 2 0.83471
6 0 0 0.825272
7 0 0 0.860456

3
1 0 9926 0.770853
2 0 0 0.763863
3 0 0 1.03001

3
1 0 1890 0.837391
2 0 0 0.661783
3 0 0 0.947871

3
1 1 2 0.819836
2 0 0 0.820914
3 0 0 0.871155

1
1 0 0 0.738202

1
1 0 0 0.893555

3
1 0 8144 0.891077
2 0 0 0.748145
3 0 0 1.04969

1
1 0 0 0.794687

5
1 0 1024 0.839318
2 2 1 1.01618
4 0 0 1.0526
5 0 0 1.059
3 0 0 0.828976

3
1 1 1 0.86865
2 0 0 1.13365
3 0 0 0.89886

3
1 1 1 0.764384
2 0 0 0.948926
3 0 0 0.808768

3
1 1 2 0.865413
2 0 0 0.803437
3 0 0 0.989415

3
1 1 1 0.775239
2 0 0 1.03888
3 0 0 0.759998

3
1 0 7389 0.81958
2 0 0 0.859992
3 0 0 0.854263

1
1 0 0 0.927358

3
1 0 7865 0.761772
2 0 0 0.705733
3 0 0 1.07469

1
1 0 0 0.725795

5
1 2 3 0.933176
2 1 1 0.885558
4 0 0 1.05247
5 0 0 0.893519
3 0 0 0.995601

3
1 0 9375 0.874004
2 0 0 0.840167
3 0 0 1.11188

3
1 0 7638 0.831912
2 0 0 0.777276
3 0 0 0.964318

3
1 0 365 0.701647
2 0 0 1.05821
3 0 0 0.783087

3
1 0 2989 0.952467
2 0 0 0.779091
3 0 0 0.994144

5
1 1 1 0.918653
2 0 4556 1.08257
4 0 0 1.0297
5 0 0 1.06841
3 0 0 0.731227

3
1 1 1 0.882257
2 0 0 0.969966
3 0 0 0.890716

3
1 1 2 0.970411
2 0 0 0.783515
3 0 0 1.01342

1
1 0 0 0.698754

3
1 1 1 0.960695
2 0 0 0.969985
3 0 0 0.799372

3
1 0 2000 0.860904
2 0 0 0.886064
3 0 0 0.974417

7
1 0 6877 0.906057
2 0 3498 0.920418
4 0 0 0.829654
5 1 2 1.02647
10 0 0 1.07399
11 0 0 0.959211
3 0 0 0.983587

3
1 1 1 0.86819
2 0 0 0.961267
3 0 0 0.822079

3
1 0 7808 0.816799
2 0 0 0.814305
3 0 0 0.914214

3
1 0 2591 0.917723
2 0 0 0.784421
3 0 0 1.03773

3
1 0 470 0.884314
2 0 0 0.971584
3 0 0 0.855142

7
1 1 2 0.893925
2 0 0 0.790907
3 2 1 1.00512
6 0 0 0.962884
7 0 8387 1.12766
14 0 0 1.13972
15 0 0 1.34978

3
1 0 7668 0.8785
2 0 0 0.94826
3 0 0 1.03045

3
1 0 4372 0.949123
2 0 0 0.910593
3 0 0 0.88539

5
1 1 1 0.877042
2 2 2 1.06987
4 0 0 0.955816
5 0 0 1.15329
3 0 0 0.850573

3
1 1 1 0.795208
2 0 0 1.03388
3 0 0 0.812517

3
1 1 2 0.897334
2 0 0 0.844287
3 0 0 0.915152

5
1 2 4 0.878386
2 1 1 0.917102
4 0 0 1.13436
5 0 0 0.822645
3 0 0 0.965262

3
1 0 7567 0.86163
2 0 0 0.870572
3 0 0 0.997445

3
1 1 1 0.897835
2 0 0 0.979015
3 0 0 0.777814

5
1 1 2 0.75755
2 0 0 0.88977
3 2 2 0.906025
6 0 0 0.945261
7 0 0 1.01895

3
1 0 8096 0.912734
2 0 0 0.827132
3 0 0 1.08996

3
1 2 4 0.830101
2 0 0 0.780229
3 0 0 0.894781

5
1 1 1 0.823515
2 0 0 1.00631
3 1 2 0.911088
6 0 0 0.702753
7 0 0 1.04792

3
1 1 2 0.821854
2 0 0 0.811033
3 0 0 0.823507

5
1 0 5150 0.871547
2 0 0 0.820203
3 1 1 1.00801
6 0 0 0.939889
7 0 0 1.02834

3
1 0 390 0.764258
2 0 0 1.02143
3 0 0 0.771409

3
1 1 1 0.827007
2 0 0 0.90493
3 0 0 0.891704

3
1 0 60 0.911604
2 0 0 0.901174
3 0 0 0.782899

3
1 1 1 0.932479
2 0 0 1.01923
3 0 0 0.928471

3
1 2 1 0.887387
2 0 0 0.794981
3 0 0 0.909721

3
1 1 1 0.911441
2 0 0 1.02517
3 0 0 0.927137

7
1 0 1944 0.860571
2 0 252 0.798007
4 0 0 1.0741
5 0 0 0.91309
3 1 1 1.03293
6 0 0 1.03735
7 0 0 1.07668

3
1 1 1 0.820576
2 0 0 1.1203
3 0 0 0.80761

1
1 0 0 0.672043

3
1 0 1247 0.975642
2 0 0 0.717653
3 0 0 0.99327

5
1 0 8855 0.756801
2 0 0 0.724458
3 1 2 0.937732
6 0 0 1.01606
7 0 0 1.02398

3
1 1 1 0.842843
2 0 0 0.87025
3 0 0 0.808922

3
1 1 1 0.850355
2 0 0 1.10888
3 0 0 0.804329

3
1 0 7169 0.957526
2 0 0 0.840216
3 0 0 0.901656

5
1 1 1 0.832933
2 0 1531 0.996968
4 0 0 1.13694
5 0 0 0.912104
3 0 0 0.788451

3
1 1 2 0.864914
2 0 0 0.839868
3 0 0 1.13442

3
1 0 1418 0.875677
2 0 0 0.876509
3 0 0 0.926026

3
1 0 6878 0.928138
2 0 0 0.959652
3 0 0 1.07591

3
1 0 689 0.744055
2 0 0 0.978204
3 0 0 0.758574

3
1 1 1 0.887257
2 0 0 1.08169
3 0 0 0.770236

3
1 1 2 0.913977
2 0 0 0.706436
3 0 0 1.02911

3
1 1 1 0.903341
2 0 0 0.990142
3 0 0 0.845349

1
1 0 0 0.776403

3
1 1 2 0.842229
2 0 0 0.912847
3 0 0 1.0407

3
1 0 3171 0.894865
2 0 0 0.826293
3 0 0 1.00473

5
1 1 1 0.887891
2 2 1 0.948169
4 0 0 0.950208
5 0 0 1.00587
3 0 0 0.808986

1
1 0 0 0.840418

1
1 0 0 0.805501

5
1 1 1 0.901395
2 0 0 0.97749
3 1 2 0.913078
6 0 0 0.847728
7 0 0 1.07044

3
1 1 2 0.853101
2 0 0 0.893911
3 0 0 1.0305

1
1 0 0 0.822261

3
1 2 4 0.917792
2 0 0 0.977845
3 0 0 0.928414

3
1 1 1 0.883078
2 0 0 1.05796
3 0 0 0.895127

3
1 1 2 0.882889
2 0 0 0.840419
3 0 0 1.0934

3
1 1 1 0.852785
2 0 0 0.97085
3 0 0 0.933682

1
1 0 0 0.788312

3
1 0 8466 0.832351
2 0 0 0.901318
3 0 0 0.997633

5
1 2 4 0.879586
2 0 0 0.842177
3 1 2 0.942628
6 0 0 0.920829
7 0 0 0.875091

9
1 2 3 0.922128
2 1 1 0.819705
4 0 3950 1.02362
8 0 0 0.958832
9 2 1 1.06446
18 0 0 1.10556
19 0 0 1.09823
5 0 0 0.766224
3 0 0 0.947172

3
1 2 2 0.951014
2 0 0 0.772972
3 0 0 0.96622

1
1 0 0 0.784021

3
1 1 2 0.835141
2 0 0 0.718105
3 0 0 0.985369

1
1 0 0 0.73354

3
1 0 2444 0.836926
2 0 0 0.822577
3 0 0 0.870148

5
1 1 1 0.874648
2 0 0 0.987138
3 1 2 0.858194
6 0 0 0.832125
7 0 0 0.946076

5
1 1 2 0.83955
2 0 9874 0.84709
4 0 0 0.822086
5 0 0 1.03128
3 0 0 0.917726

1
1 0 0 0.789978

5
1 0 1648 0.890484
2 0 0 0.732477
3 0 9552 1.00097
6 0 0 0.975231
7 0 0 1.04197

1
1 0 0 0.817594

5
1 0 5400 0.900459
2 1 1 0.841723
4 0 0 1.09037
5 0 0 0.773487
3 0 0 0.998251

5
1 0 2104 0.866181
2 0 0 0.894193
3 0 3932 0.90016
6 0 0 0.973412
7 0 0 1.00904

1
1 0 0 0.85543

3
1 1 1 0.880781
2 0 0 0.930011
3 0 0 0.746843

3
1 2 2 0.871224
2 0 0 0.845835
3 0 0 1.03739

3
1 0 1890 0.837391
2 0 0 0.845494
3 0 0 0.976289

3
1 0 2641 0.895565
2 0 0 0.890558
3 0 0 0.987853

1
1 0 0 0.809378

3
1 1 1 0.824988
2 0 0 0.901156
3 0 0 0.845643

3
1 0 5111 0.842227
2 0 0 0.826051
3 0 0 0.849949

3
1 1 2 0.830701
2 0 0 0.767839
3 0 0 1.0757

1
1 0 0 0.831106

3
1 1 1 0.86865
2 0 0 1.14291
3 0 0 0.770758

3
1 1 1 0.764384
2 0 0 1.06374
3 0 0 0.668116

3
1 0 7768 0.879194
2 0 0 0.787104
3 0 0 0.884842

5
1 0 6931 0.9298
2 0 0 0.855753
3 1 1 1.01678
6 0 0 1.04548
7 0 0 0.987372

3
1 1 2 0.867223
2 0 0 0.743024
3 0 0 1.10602

3
1 1 2 0.88833
2 0 0 0.850828
3 0 0 0.921128

3
1 1 1 0.716405
2 0 0 1.04177
3 0 0 0.784778

1
1 0 0 0.757108

3
1 1 1 0.991707
2 0 0 1.01548
3 0 0 0.812601

3
1 1 2 0.856602
2 0 0 0.81843
3 0 0 1.01673

3
1 0 9106 0.725811
2 0 0 0.749543
3 0 0 0.964329

1
1 0 0 0.839242

5
1 0 9332 0.843588
2 0 0 0.770503
3 0 9395 0.925974
6 0 0 1.09699
7 0 0 0.923485

7
1 0 4937 1.00956
2 1 2 1.02715
4 1 1 0.852812
8 0 0 0.909065
9 0 0 0.829126
5 0 0 1.03804
3 0 0 1.01979

5
1 0 219 0.834899
2 0 54 0.999987
4 0 0 0.884944
5 0 0 0.926955
3 0 0 0.835075

1
1 0 0 0.824534

3
1 1 2 0.918515
2 0 0 0.731172
3 0 0 0.991623

3
1 1 1 0.960695
2 0 0 1.0071
3 0 0 0.928249

3
1 2 4 0.867045
2 0 0 0.913884
3 0 0 0.882314

3
1 0 255 0.77277
2 0 0 1.03149
3 0 0 0.863986

7
1 1 2 0.897638
2 1 1 0.83854
4 0 5535 1.00739
8 0 0 0.973056
9 0 0 0.881813
5 0 0 0.872588
3 0 0 1.03835

1
1 0 0 0.757639

1
1 0 0 0.918338

7
1 1 1 0.891376
2 2 2 0.938491
4 0 0 1.0636
5 0 0 1.03645
3 0 9684 0.82476
6 0 0 0.787502
7 0 0 0.900423

1
1 0 0 0.786088

3
1 1 1 0.872969
2 0 0 1.12604
3 0 0 0.681545

3
1 0 9226 0.766005
2 0 0 0.791788
3 0 0 1.01576

3
1 2 1 0.858748
2 0 0 0.816673
3 0 0 0.938504

1
1 0 0 0.931912

5
1 1 2 0.897334
2 0 0 0.796701
3 2 2 0.884664
6 0 0 0.955091
7 0 0 0.973325

5
1 2 4 0.928065
2 0 5578 0.918876
4 0 0 0.886798
5 0 0 0.938643
3 0 0 0.959198

3
1 0 2590 0.885863
2 0 0 0.856093
3 0 0 1.05975

5
1 1 1 0.897835
2 0 0 0.968714
3 0 1845 0.999929
6 0 0 0.77453
7 0 0 0.903828

3
1 2 4 0.94979
2 0 0 0.82555
3 0 0 0.942341

3
1 0 8096 0.912734
2 0 0 0.823473
3 0 0 0.926061

5
1 0 213 0.902021
2 0 0 0.969102
3 0 3873 0.930927
6 0 0 0.811554
7 0 0 1.05948

3
1 1 1 0.823515
2 0 0 0.947245
3 0 0 0.949664

3
1 2 3 0.851369
2 0 0 0.728533
3 0 0 1.05648

3
1 0 1163 0.916488
2 0 0 0.725945
3 0 0 1.03406

9
1 1 1 0.804021
2 0 2704 1.0509
4 0 0 1.06509
5 0 0 0.984931
3 0 1275 0.885774
6 0 361 0.904972
12 0 0 1.12534
13 0 0 0.711461
7 0 0 0.999664

1
1 0 0 0.878486

3
1 0 304 0.724367
2 0 0 0.969285
3 0 0 0.826667

3
1 1 1 0.932479
2 0 0 1.06524
3 0 0 0.716098

1
1 0 0 0.746542

7
1 0 1606 0.941981
2 0 0 0.818336
3 1 1 0.915825
6 0 3125 0.932676
12 0 0 1.03783
13 0 0 1.00589
7 0 0 0.964582

3
1 0 1944 0.860571
2 0 0 0.849798
3 0 0 0.92033

3
1 1 1 0.820576
2 0 0 1.02827
3 0 0 0.844302

3
1 0 7511 0.915061
2 0 0 0.824419
3 0 0 1.04155

1
1 0 0 0.856913

3
1 0 5653 0.85373
2 0 0 0.855367
3 0 0 0.968537

5
1 1 1 0.842843
2 0 8577 0.981732
4 0 0 0.966073
5 0 0 1.0686
3 0 0 0.730992

3
1 1 1 0.907056
2 0 0 1.07708
3 0 0 0.783822

3
1 1 2 0.913373
2 0 0 0.828165
3 0 0 0.958026

5
1 1 1 0.832933
2 0 0 1.13824
3 0 5641 0.816577
6 0 0 0.73373
7 0 0 0.89043

3
1 0 1410 0.823636
2 0 0 0.806373
3 0 0 0.819109

3
1 0 1418 0.875677
2 0 0 0.879821
3 0 0 0.984814

3
1 0 9047 0.821533
2 0 0 0.868836
3 0 0 1.01273

5
1 2 4 0.890563
2 0 0 0.769261
3 0 7358 0.973197
6 0 0 0.878469
7 0 0 0.98623

7
1 1 1 0.887257
2 0 3445 1.02763
4 0 0 0.943321
5 2 4 0.981245
10 0 0 0.968235
11 0 0 0.907839
3 0 0 0.842568

3
1 1 2 0.913977
2 0 0 0.828534
3 0 0 1.00527

7
1 0 3015 0.870614
2 1 1 0.950229
4 0 0 0.971025
5 1 2 0.896887
10 0 0 0.834124
11 0 0 1.13181
3 0 0 0.924384

5
1 1 2 0.782884
2 0 0 0.64866
3 0 3147 1.08104
6 0 0 0.974532
7 0 0 1.01303

3
1 1 1 0.862481
2 0 0 1.03254
3 0 0 0.847229

3
1 1 1 0.916095
2 0 0 0.933513
3 0 0 0.798548

5
1 1 1 0.887891
2 0 7724 1.06666
4 0 0 1.12843
5 0 0 1.05816
3 0 0 0.915121

7
1 0 3299 0.859424
2 0 3095 0.763643
4 0 0 0.744908
5 0 0 0.951659
3 2 2 0.977163
6 0 0 0.991005
7 0 0 0.978744

3
1 1 2 0.866401
2 0 0 0.805191
3 0 0 0.9496

1
1 0 0 0.745492

5
1 1 2 0.874827
2 0 0 0.874864
3 0 2151 0.985162
6 0 0 0.964833
7 0 0 1.04509

5
1 1 2 0.861542
2 0 0 0.810318
3 0 3303 1.04359
6 0 0 0.931641
7 0 0 0.941309

3
1 1 1 0.911669
2 0 0 1.06061
3 0 0 0.821869

3
1 1 1 0.883078
2 0 0 0.984511
3 0 0 0.760875

3
1 1 1 0.898286
2 0 0 1.04197
3 0 0 0.845447

3
1 1 2 0.877882
2 0 0 0.873183
3 0 0 0.941965

3
1 0 8474 0.886355
2 0 0 0.776297
3 0 0 1.0427

3
1 1 1 0.884971
2 0 0 0.984321
3 0 0 0.864602

3
1 0 2571 0.931779
2 0 0 0.797773
3 0 0 0.935723

1
1 0 0 0.840251

5
1 2 2 0.917146
2 1 2 0.91679
4 0 0 0.868145
5 0 0 1.02948
3 0 0 0.987884

3
1 1 2 0.866331
2 0 0 0.779578
3 0 0 1.13745

7
1 0 2587 0.94253
2 0 575 0.94168
4 2 2 1.07229
8 0 0 0.913774
9 0 0 1.18214
5 0 0 0.88383
3 0 0 1.04843

3
1 1 1 0.827398
2 0 0 1.0231
3 0 0 0.813801

1
1 0 0 0.837915

3
1 1 1 0.839745
2 0 0 0.977756
3 0 0 0.838801

3
1 1 1 0.789408
2 0 0 0.899592
3 0 0 0.766744

5
1 2 3 0.746425
2 0 0 0.794949
3 2 4 0.87072
6 0 0 0.98053
7 0 0 0.970291

3
1 0 7382 0.838515
2 0 0 0.766243
3 0 0 1.00992

3
1 1 1 0.856591
2 0 0 0.92925
3 0 0 0.73978

5
1 0 2825 0.847585
2 1 2 0.952124
4 0 0 0.886715
5 0 0 1.04581
3 0 0 0.933339

1
1 0 0 0.834561

5
1 0 9816 0.765189
2 0 0 0.797041
3 2 1 0.970742
6 0 0 1.07269
7 0 0 1.11514

1
1 0 0 0.817841

5
1 0 8608 0.95919
2 0 0 0.903139
3 2 4 0.975307
6 0 0 0.88226
7 0 0 0.976724

3
1 1 2 0.893733
2 0 0 0.884572
3 0 0 0.849278

5
1 0 8241 0.841478
2 0 2099 0.837739
4 0 0 0.912168
5 0 0 1.00493
3 0 0 0.92717

5
1 0 8182 0.898469
2 0 0 0.926843
3 2 1 0.958164
6 0 0 1.07746
7 0 0 0.950287

3
1 1 1 0.860909
2 0 0 0.991944
3 0 0 0.719614

5
1 1 2 0.889187
2 0 0 0.870238
3 2 2 0.963106
6 0 0 0.919265
7 0 0 1.05525

3
1 1 2 0.9011
2 0 0 0.777623
3 0 0 0.981197

3
1 1 1 0.801024
2 0 0 0.914556
3 0 0 0.822687

3
1 1 1 0.86865
2 0 0 1.1507
3 0 0 0.812986

3
1 2 3 0.88351
2 0 0 0.974623
3 0 0 0.901457

1
1 0 0 0.851264

1
1 0 0 0.810192

3
1 1 2 0.867223
2 0 0 0.844919
3 0 0 1.02396

3
1 1 2 0.88833
2 0 0 0.819624
3 0 0 1.13142

1
1 0 0 0.811028

3
1 0 9794 0.775739
2 0 0 0.709178
3 0 0 0.948482

3
1 1 1 0.991707
2 0 0 1.00228
3 0 0 0.711308

3
1 0 64 0.758919
2 0 0 1.10015
3 0 0 0.809219

5
1 0 8068 0.860012
2 0 0 0.794633
3 2 2 0.893366
6 0 0 1.01913
7 0 0 0.893719

5
1 1 1 0.839242
2 0 8567 0.992945
4 0 0 0.973167
5 0 0 0.980517
3 0 0 0.784167

3
1 1 2 0.944968
2 0 0 0.798656
3 0 0 0.953994

3
1 1 1 0.85235
2 0 0 0.908535
3 0 0 0.838927

3
1 1 1 0.897018
2 0 0 0.917979
3 0 0 0.741389

1
1 0 0 0.805153

3
1 1 2 0.918515
2 0 0 0.857361
3 0 0 1.0015

5
1 0 1995 0.869952
2 0 0 0.792313
3 2 2 0.958832
6 0 0 1.06587
7 0 0 0.883396

3
1 1 1 0.861675
2 0 0 1.01655
3 0 0 0.789104

3
1 1 1 0.776602
2 0 0 1.02779
3 0 0 0.830176

3
1 1 2 0.897638
2 0 0 0.743519
3 0 0 0.981443

3
1 0 1948 0.91856
2 0 0 0.877774
3 0 0 0.896861

1
1 0 0 0.779388

1
1 0 0 0.723133

5
1 2 4 0.88884
2 0 0 0.924676
3 0 1582 0.870939
6 0 0 1.09128
7 0 0 0.889163

3
1 2 4 0.833522
2 0 0 0.786911
3 0 0 0.936509

3
1 0 3325 0.911673
2 0 0 0.860625
3 0 0 0.953534

5
1 1 2 0.890985
2 0 0 0.755729
3 0 2263 0.98871
6 0 0 1.04935
7 0 0 0.970903

5
1 0 4492 0.877801
2 0 0 0.815662
3 0 4633 0.936428
6 0 0 1.11237
7 0 0 0.992499

3
1 1 2 0.855064
2 0 0 0.71995
3 0 0 1.14043

3
1 1 1 0.804495
2 0 0 0.934175
3 0 0 0.840987

3
1 1 2 0.909553
2 0 0 0.842139
3 0 0 1.07784

3
1 2 3 0.907982
2 0 0 0.747199
3 0 0 1.05142

3
1 0 8840 0.934145
2 0 0 0.84746
3 0 0 1.088

7
1 0 7977 0.781748
2 0 0 0.801021
3 0 8037 0.947639
6 0 0 0.999634
7 0 9630 0.93057
14 0 0 0.940608
15 0 0 1.08987

5
1 0 7168 0.929954
2 0 4300 1.01564
4 0 0 0.856843
5 0 0 1.02627
3 0 0 0.966953

1
1 0 0 0.742248

7
1 0 1839 0.925696
2 0 0 0.885297
3 2 1 0.978056
6 0 0 1.01323
7 1 1 0.947387
14 0 0 1.00656
15 0 0 0.941037

3
1 0 1163 0.916488
2 0 0 0.806872
3 0 0 0.980709

5
1 1 1 0.804021
2 0 0 1.0176
3 0 1275 0.885774
6 0 0 0.830622
7 0 0 1.02191

5
1 0 9603 0.823814
2 1 2 0.946604
4 0 0 0.792563
5 0 0 1.1736
3 0 0 1.07416

5
1 1 2 0.866936
2 0 0 0.837644
3 0 8304 1.00901
6 0 0 1.049
7 0 0 1.03603

3
1 0 4262 0.898307
2 0 0 0.921211
3 0 0 0.902593

3
1 1 1 0.871389
2 0 0 1.18111
3 0 0 0.805651

3
1 0 1606 0.941981
2 0 0 0.754706
3 0 0 1.07898

3
1 1 1 0.913902
2 0 0 0.980535
3 0 0 0.837124

3
1 2 3 0.846127
2 0 0 0.83616
3 0 0 0.862228

5
1 0 1203 0.825656
2 0 357 0.819731
4 0 0 1.04268
5 0 0 0.826861
3 0 0 1.02257

1
1 0 0 0.87363

5
1 0 6272 0.92456
2 0 0 0.850407
3 1 1 0.972593
6 0 0 0.936915
7 0 0 1.04672

3
1 1 1 0.842843
2 0 0 0.924761
3 0 0 0.728949

7
1 1 1 0.907056
2 2 2 0.990099
4 0 0 1.11449
5 0 7944 1.00432
10 0 0 1.04867
11 0 0 1.10557
3 0 0 0.729225

3
1 0 3659 0.869785
2 0 0 0.919459
3 0 0 0.820492

3
1 2 3 0.830546
2 0 0 0.837311
3 0 0 0.886955

1
1 0 0 0.740079

3
1 2 4 0.86585
2 0 0 0.752943
3 0 0 0.880439

5
1 1 2 0.831923
2 0 0 0.876631
3 0 5655 1.01533
6 0 0 0.972948
7 0 0 1.00031

3
1 1 1 0.847186
2 0 0 0.974661
3 0 0 0.864644

3
1 0 2199 0.877689
2 0 0 0.831622
3 0 0 0.960787

3
1 1 2 0.870195
2 0 0 0.821102
3 0 0 0.943946

1
1 0 0 0.812126

3
1 0 1337 0.935544
2 0 0 0.873319
3 0 0 1.00689

3
1 1 1 0.862481
2 0 0 1.05272
3 0 0 0.783402

3
1 1 1 0.838858
2 0 0 1.00146
3 0 0 0.944717

5
1 1 1 0.887891
2 2 1 1.00084
4 0 0 0.941157
5 0 0 1.11689
3 0 0 0.75754

3
1 1 1 0.931151
2 0 0 1.0896
3 0 0 0.621845

1
1 0 0 0.783751

5
1 0 9436 0.864801
2 1 2 0.844081
4 0 0 0.927208
5 0 0 1.05198
3 0 0 0.99294

5
1 1 2 0.874827
2 1 1 0.927031
4 0 0 0.913037
5 0 0 0.843568
3 0 0 0.859018

3
1 1 2 0.850188
2 0 0 0.763525
3 0 0 0.95346

3
1 0 749 0.852049
2 0 0 1.11844
3 0 0 0.829664

3
1 1 1 0.883078
2 0 0 1.02805
3 0 0 0.82155

1
1 0 0 0.818874

9
1 1 2 0.877882
2 1 1 0.9191
4 0 0 0.971065
5 0 1568 0.941898
10 2 2 0.760964
20 0 0 0.811432
21 0 0 0.929277
11 0 0 1.11741
3 0 0 1.05482

3
1 0 6178 0.819182
2 0 0 0.784784
3 0 0 0.776195

3
1 0 8176 0.873719
2 0 0 0.944064
3 0 0 0.996583

5
1 0 8295 0.845582
2 0 0 0.85415
3 2 1 1.1289
6 0 0 0.913727
7 0 0 1.08782

5
1 0 1204 0.943206
2 0 0 0.810636
3 0 3713 0.902098
6 0 0 1.03777
7 0 0 0.836963

1
1 0 0 0.840936

5
1 1 2 0.866331
2 0 0 0.738879
3 2 2 0.99338
6 0 0 0.917798
7 0 0 1.01546

1
1 0 0 0.800907

3
1 2 4 0.843931
2 0 0 0.93251
3 0 0 0.835248

5
1 1 1 0.922463
2 0 0 1.01332
3 1 2 0.878184
6 0 0 0.744675
7 0 0 0.979605

5
1 1 1 0.818812
2 0 0 1.25547
3 1 2 0.88558
6 0 0 0.880147
7 0 0 1.01586

3
1 0 777 0.822971
2 0 0 0.974786
3 0 0 0.953538

3
1 0 5533 0.89043
2 0 0 0.827164
3 0 0 0.890352

3
1 2 1 0.881547
2 0 0 0.873746
3 0 0 0.908882

1
1 0 0 0.858853

3
1 0 812 0.893266
2 0 0 0.947041
3 0 0 0.87334

3
1 0 1647 0.871258
2 0 0 0.789671
3 0 0 0.97625

3
1 0 8427 0.8666
2 0 0 0.849108
3 0 0 0.876911

3
1 1 1 0.76789
2 0 0 1.17354
3 0 0 0.862498

3
1 0 8608 0.95919
2 0 0 0.89107
3 0 0 0.883654

5
1 2 4 0.851262
2 0 0 0.827753
3 0 2932 0.956507
6 0 0 0.882036
7 0 0 0.887834

1
1 0 0 0.743112

1
1 0 0 0.745989

3
1 1 1 0.860909
2 0 0 0.973793
3 0 0 0.741

3
1 0 5105 0.977265
2 0 0 0.862572
3 0 0 1.02467

3
1 0 1935 0.906719
2 0 0 0.902605
3 0 0 0.958967

3
1 0 7094 0.879831
2 0 0 0.88971
3 0 0 1.09557

5
1 0 7701 0.893411
2 1 1 0.865026
4 0 0 1.05204
5 0 0 0.852773
3 0 0 0.93801

5
1 0 9776 0.788213
2 0 0 0.763507
3 2 3 0.920757
6 0 0 0.881275
7 0 0 0.949199

1
1 0 0 0.69252

7
1 1 1 0.876904
2 0 0 1.10258
3 2 2 0.899977
6 0 0 0.764218
7 0 9789 0.963686
14 0 0 0.887226
15 0 0 0.902688

5
1 1 2 0.950422
2 0 0 0.854898
3 0 3814 0.959567
6 0 0 1.07912
7 0 0 0.920322

3
1 1 2 0.88833
2 0 0 0.901403
3 0 0 0.953068

3
1 0 3944 0.915681
2 0 0 0.870236
3 0 0 0.873075

7
1 1 1 0.953328
2 0 0 1.15406
3 0 9813 0.891599
6 0 0 0.870611
7 2 1 0.909023
14 0 0 1.04
15 0 0 1.05235

5
1 0 9485 0.783483
2 0 0 0.820163
3 0 9615 0.821962
6 0 0 0.928239
7 0 0 0.958274

7
1 2 3 0.85707
2 1 2 0.962761
4 0 0 0.956925
5 0 0 0.985044
3 0 7570 0.938722
6 0 0 1.03352
7 0 0 0.994809

3
1 1 1 0.913476
2 0 0 1.02242
3 0 0 0.73647

3
1 1 1 0.839242
2 0 0 0.975429
3 0 0 0.740824

5
1 1 2 0.944968
2 0 0 0.898166
3 2 3 0.986468
6 0 0 1.04597
7 0 0 0.985343

3
1 0 520 0.842705
2 0 0 1.01431
3 0 0 0.813549

3
1 0 8214 0.959698
2 0 0 0.884935
3 0 0 0.877691

3
1 1 2 0.877398
2 0 0 0.94801
3 0 0 1.05075

3
1 0 7147 0.79829
2 0 0 0.833462
3 0 0 0.954519

5
1 0 7883 0.835436
2 0 0 0.814298
3 2 1 1.01559
6 0 0 1.01219
7 0 0 1.0811

1
1 0 0 0.826256

3
1 1 1 0.776602
2 0 0 0.967489
3 0 0 0.809663

1
1 0 0 0.827767

1
1 0 0 0.709416

1
1 0 0 0.823756

5
1 0 2890 0.87557
2 0 0 0.755901
3 0 9669 0.980079
6 0 0 0.961136
7 0 0 1.05966

3
1 1 2 0.829491
2 0 0 0.835429
3 0 0 0.951635

3
1 0 7495 0.873702
2 0 0 0.86396
3 0 0 0.907649

3
1 1 1 0.882833
2 0 0 1.01588
3 0 0 0.719998

5
1 1 1 0.845365
2 0 0 1.09397
3 1 2 0.832072
6 0 0 0.788987
7 0 0 0.977559

1
1 0 0 0.770338

3
1 1 2 0.90415
2 0 0 0.858262
3 0 0 1.01173

5
1 1 1 0.880955
2 0 0 1.03592
3 1 2 0.913136
6 0 0 0.786182
7 0 0 1.04825

3
1 1 1 0.916214
2 0 0 1.07625
3 0 0 0.719278

3
1 1 1 0.839732
2 0 0 0.933739
3 0 0 0.770029

3
1 0 3614 0.821189
2 0 0 0.841979
3 0 0 1.0586

3
1 2 3 0.857041
2 0 0 0.870637
3 0 0 0.952308

1
1 0 0 0.79619

3
1 1 1 0.897488
2 0 0 0.956795
3 0 0 0.857099

3
1 0 5328 0.834049
2 0 0 0.815044
3 0 0 1.03626

1
1 0 0 0.819531

5
1 1 1 0.804021
2 0 0 0.881009
3 0 1275 0.885774
6 0 0 0.81847
7 0 0 0.965013

7
1 0 9603 0.823814
2 1 2 0.946604
4 0 0 0.840462
5 2 1 0.974412
10 0 0 0.998588
11 0 0 1.00832
3 0 0 0.990628

3
1 1 2 0.866936
2 0 0 0.763477
3 0 0 1.11533

3
1 0 1965 0.942156
2 0 0 0.844071
3 0 0 0.891329

3
1 2 4 0.836818
2 0 0 0.859469
3 0 0 0.924321

1
1 0 0 0.76622

3
1 0 3583 0.958438
2 0 0 0.87177
3 0 0 0.992871

3
1 0 9096 0.778178
2 0 0 0.76263
3 0 0 0.870162

3
1 0 1203 0.825656
2 0 0 0.800734
3 0 0 1.08807

5
1 1 1 0.945463
2 0 0 1.07726
3 0 8084 0.888744
6 0 0 0.845099
7 0 0 1.01351

3
1 1 2 0.943985
2 0 0 0.780239
3 0 0 1.10595

3
1 1 1 0.842843
2 0 0 0.94428
3 0 0 0.847269

7
1 1 1 0.907056
2 2 3 1.01686
4 0 0 1.07917
5 0 0 0.954571
3 0 1226 0.907052
6 0 0 0.770519
7 0 0 1.04914

3
1 2 3 0.853459
2 0 0 0.788566
3 0 0 0.907397

5
1 1 1 0.874234
2 2 3 1.07022
4 0 0 1.10546
5 0 0 0.985343
3 0 0 0.914053

3
1 1 2 0.854507
2 0 0 0.778229
3 0 0 1.0052

3
1 2 4 0.869754
2 0 0 0.888326
3 0 0 0.936113

3
1 2 3 0.845242
2 0 0 0.897763
3 0 0 0.898262

1
1 0 0 0.683845

5
1 0 2199 0.877689
2 0 0 0.786478
3 1 1 0.984434
6 0 0 0.95505
7 0 0 1.00413

7
1 0 8274 0.829843
2 0 0 0.782564
3 1 1 1.09178
6 0 9772 0.940964
12 0 0 0.932954
13 0 0 1.05525
7 0 0 0.973405

3
1 0 312 0.678592
2 0 0 1.02395
3 0 0 0.881161

1
1 0 0 0.811084

7
1 0 7076 0.933807
2 0 1085 0.903259
4 0 466 0.814308
8 0 0 1.07752
9 0 0 0.686336
5 0 0 1.03083
3 0 0 0.927121

3
1 0 2323 0.946074
2 0 0 0.719199
3 0 0 0.873617

3
1 2 1 0.859507
2 0 0 0.811976
3 0 0 0.902962

3
1 1 1 0.931151
2 0 0 1.08077
3 0 0 0.861253

3
1 2 1 0.864232
2 0 0 0.85916
3 0 0 0.908327

3
1 0 2188 0.848262
2 0 0 0.815248
3 0 0 0.86596

7
1 1 2 0.874827
2 1 1 0.927031
4 0 6293 0.932768
8 0 0 0.971927
9 0 0 0.925804
5 0 0 0.737179
3 0 0 0.997514

3
1 1 1 0.823077
2 0 0 1.07223
3 0 0 0.777115

3
1 0 3837 0.889079
2 0 0 0.801566
3 0 0 0.88022

3
1 1 1 0.883078
2 0 0 0.945656
3 0 0 0.759283

3
1 1 1 0.99968
2 0 0 1.06475
3 0 0 0.816891

3
1 0 3597 0.858826
2 0 0 0.846042
3 0 0 0.866295

3
1 2 1 0.872053
2 0 0 0.841022
3 0 0 0.96034

5
1 2 4 0.803856
2 0 0 0.854817
3 0 4877 0.874946
6 0 0 1.14236
7 0 0 0.9304

1
1 0 0 0.789322

3
1 1 1 0.829369
2 0 0 0.944118
3 0 0 0.799141

5
1 0 3047 0.825833
2 0 383 0.886615
4 0 0 1.05394
5 0 0 0.874054
3 0 0 0.949191

3
1 0 9672 0.749561
2 0 0 0.781881
3 0 0 0.998834

3
1 1 1 0.849112
2 0 0 0.977472
3 0 0 0.82962

3
1 2 1 0.861908
2 0 0 0.862562
3 0 0 0.847637

3
1 1 2 0.81917
2 0 0 0.742056
3 0 0 1.23515

3
1 1 2 0.863779
2 0 0 0.697139
3 0 0 1.01154

3
1 1 1 0.871705
2 0 0 1.0056
3 0 0 0.742842

5
1 1 1 0.950755
2 0 2199 0.983361
4 0 0 0.97095
5 0 0 0.969469
3 0 0 0.768995

5
1 0 8871 0.838766
2 0 3311 0.909878
4 0 0 0.818177
5 0 0 0.96336
3 0 0 0.957257

3
1 0 3078 0.87387
2 0 0 0.975454
3 0 0 0.869915

5
1 2 3 0.993685
2 0 0 0.874276
3 0 9584 0.965612
6 0 0 0.938405
7 0 0 1.0497

3
1 1 1 0.854598
2 0 0 0.966851
3 0 0 0.769707

3
1 1 2 0.864212
2 0 0 0.860717
3 0 0 0.981893

3
1 1 1 0.886767
2 0 0 0.996052
3 0 0 0.872005

7
1 1 1 0.912313
2 0 7900 1.02087
4 0 0 1.06775
5 0 0 0.966824
3 2 1 0.90979
6 0 0 0.811626
7 0 0 1.06914

5
1 2 4 0.965543
2 1 2 1.07761
4 0 0 0.948216
5 0 0 1.10459
3 0 0 0.867956

3
1 0 414 0.916282
2 0 0 1.04424
3 0 0 0.869255

3
1 1 2 0.940612
2 0 0 0.979628
3 0 0 1.08991

3
1 1 1 0.860909
2 0 0 1.01486
3 0 0 0.759513

3
1 0 8055 0.877379
2 0 0 0.858162
3 0 0 0.989715

3
1 0 9865 0.755453
2 0 0 0.782135
3 0 0 0.946747

3
1 1 1 0.84292
2 0 0 0.957921
3 0 0 0.811746

3
1 0 6877 0.817522
2 0 0 0.735645
3 0 0 0.920258

3
1 2 3 0.995266
2 0 0 0.996462
3 0 0 0.918974

3
1 1 1 0.817907
2 0 0 0.930418
3 0 0 0.792545

3
1 2 4 0.896095
2 0 0 0.93241
3 0 0 0.828652

5
1 2 4 0.854983
2 0 7067 0.855259
4 0 0 0.774386
5 0 0 0.95272
3 0 0 0.945682

7
1 0 8381 0.82757
2 0 0 0.77486
3 1 2 0.865966
6 0 0 1.10705
7 2 3 0.904585
14 0 0 1.00029
15 0 0 1.05272

1
1 0 0 0.810405

1
1 0 0 0.824377

3
1 1 1 0.893142
2 0 0 0.944768
3 0 0 0.78098

5
1 1 1 0.783112
2 0 4796 0.932247
4 0 0 0.892681
5 0 0 0.927603
3 0 0 0.825803

1
1 0 0 0.771388

3
1 1 1 0.839242
2 0 0 0.984134
3 0 0 0.927596

3
1 1 1 0.846535
2 0 0 0.88106
3 0 0 0.807719

3
1 0 9806 0.82401
2 0 0 0.784015
3 0 0 0.997441

7
1 0 4489 0.946109
2 1 2 0.910331
4 0 0 0.814159
5 0 0 0.99798
3 0 8291 0.988085
6 0 0 0.955133
7 0 0 0.951955

1
1 0 0 0.93023

3
1 1 1 0.866796
2 0 0 0.919652
3 0 0 0.817991

3
1 1 1 0.716955
2 0 0 0.962548
3 0 0 0.849448

3
1 0 4443 0.878628
2 0 0 0.826356
3 0 0 0.907618

5
1 1 1 0.776602
2 2 3 1.09108
4 0 0 1.22281
5 0 0 1.02039
3 0 0 0.918817

3
1 1 1 0.879484
2 0 0 1.1421
3 0 0 0.741356

3
1 1 2 0.842206
2 0 0 0.782273
3 0 0 1.07516

1
1 0 0 0.802888

5
1 0 6051 0.903854
2 0 1249 0.928829
4 0 0 0.670892
5 0 0 0.994747
3 0 0 0.895612

1
1 0 0 0.678612

3
1 0 7495 0.873702
2 0 0 0.825099
3 0 0 0.949149

3
1 1 1 0.882833
2 0 0 1.03359
3 0 0 0.813178

3
1 1 2 0.873448
2 0 0 0.869286
3 0 0 0.913412

3
1 1 1 0.750061
2 0 0 0.986803
3 0 0 0.73184

3
1 1 2 0.853251
2 0 0 0.731636
3 0 0 1.19877

3
1 1 1 0.880955
2 0 0 0.966541
3 0 0 0.780872

3
1 1 1 0.916214
2 0 0 1.02994
3 0 0 0.739723

3
1 0 1472 0.856737
2 0 0 0.820997
3 0 0 0.872196

5
1 1 2 0.944453
2 0 0 0.854467
3 0 7858 0.95604
6 0 0 0.987492
7 0 0 1.14599

3
1 1 1 0.865445
2 0 0 1.03039
3 0 0 0.758274

9
1 0 1375 0.946008
2 1 2 0.779462
4 0 0 0.758796
5 0 0 0.963446
3 0 8993 0.994365
6 1 1 1.02222
12 0 0 1.07703
13 0 0 0.988911
7 0 0 0.942251

3
1 1 1 0.897488
2 0 0 1.06834
3 0 0 0.859144

3
1 2 1 0.895144
2 0 0 0.781711
3 0 0 0.987125

3
1 1 2 0.901815
2 0 0 0.927124
3 0 0 0.931106

3
1 0 7429 0.783343
2 0 0 0.893204
3 0 0 0.976341

3
1 1 1 0.855154
2 0 0 0.946118
3 0 0 0.831114

3
1 1 2 0.866936
2 0 0 0.750508
3 0 0 0.966135

3
1 2 3 0.881698
2 0 0 0.817927
3 0 0 1.02265

3
1 1 2 0.88827
2 0 0 0.773798
3 0 0 0.942059

3
1 1 1 0.845196
2 0 0 0.856877
3 0 0 0.883477

3
1 0 1078 0.869979
2 0 0 0.914804
3 0 0 0.842628

7
1 1 2 0.868923
2 0 0 0.869445
3 0 7059 0.970235
6 0 0 0.880766
7 2 3 0.887674
14 0 0 1.03638
15 0 0 0.95536

3
1 0 9446 0.827019
2 0 0 0.840817
3 0 0 1.03374

5
1 1 1 0.910574
2 2 1 1.04437
4 0 0 0.878668
5 0 0 1.04935
3 0 0 0.742286

3
1 1 2 0.943985
2 0 0 0.878042
3 0 0 0.948793

3
1 0 7447 0.839026
2 0 0 0.799464
3 0 0 0.945904

3
1 1 2 0.854876
2 0 0 0.852865
3 0 0 0.964896

3
1 1 2 0.891515
2 0 0 0.801709
3 0 0 1.00243

7
1 0 1586 0.879007
2 0 0 0.772912
3 1 2 0.998811
6 0 0 0.977728
7 0 8246 0.91925
14 0 0 1.0225
15 0 0 0.971903

5
1 2 1 0.932223
2 0 8475 0.953799
4 0 0 0.915249
5 0 0 0.962059
3 0 0 0.963961

3
1 1 2 0.832119
2 0 0 0.801757
3 0 0 1.0674

3
1 0 6034 0.904159
2 0 0 0.860647
3 0 0 0.923333

3
1 2 4 0.896984
2 0 0 0.878735
3 0 0 0.985903

5
1 1 2 0.919057
2 1 1 0.917575
4 0 0 0.932687
5 0 0 0.770714
3 0 0 1.06232

1
1 0 0 0.849195

3
1 0 340 0.887631
2 0 0 1.18295
3 0 0 0.834933

5
1 0 5028 0.855571
2 0 0 0.911847
3 0 5465 0.866915
6 0 0 0.980887
7 0 0 0.849883

5
1 1 2 0.825836
2 0 0 0.799635
3 0 1427 0.955137
6 0 0 1.02202
7 0 0 0.933778

3
1 0 6454 0.855696
2 0 0 0.845593
3 0 0 1.05417

5
1 1 1 0.844715
2 0 8467 0.996866
4 0 0 1.16941
5 0 0 0.93808
3 0 0 0.87872

1
1 0 0 0.855644

3
1 0 8237 0.921655
2 0 0 0.740076
3 0 0 1.0869

3
1 0 5121 0.922765
2 0 0 0.911321
3 0 0 1.01856

3
1 0 559 0.887044
2 0 0 0.960108
3 0 0 0.650345

3
1 1 1 1.05726
2 0 0 1.06795
3 0 0 0.978258

5
1 2 3 0.885169
2 0 0 0.750922
3 1 2 0.823953
6 0 0 0.843205
7 0 0 0.864261

7
1 1 1 0.883078
2 0 6356 0.990712
4 0 540 1.02226
8 0 0 1.00712
9 0 0 0.987799
5 0 0 0.902559
3 0 0 0.869752

3
1 1 1 0.99968
2 0 0 0.941271
3 0 0 0.838558

1
1 0 0 0.857001

3
1 2 4 0.854988
2 0 0 0.830123
3 0 0 0.820098

3
1 0 5640 0.819816
2 0 0 0.898778
3 0 0 0.936538

5
1 0 1714 0.880124
2 0 556 0.839294
4 0 0 1.05347
5 0 0 0.753874
3 0 0 1.1285

1
1 0 0 0.740151

1
1 0 0 0.821361

5
1 1 2 0.80592
2 0 0 0.926736
3 2 2 1.04912
6 0 0 0.965072
7 0 0 0.996479

5
1 1 1 0.849112
2 0 0 1.00433
3 0 9869 0.810778
6 0 0 0.850479
7 0 0 1.00707

3
1 0 6031 0.816171
2 0 0 0.924923
3 0 0 0.912028

3
1 1 2 0.81917
2 0 0 0.789357
3 0 0 1.08909

1
1 0 0 0.786463

3
1 1 1 0.834963
2 0 0 1.02203
3 0 0 0.717139

5
1 1 1 0.950755
2 0 0 0.90928
3 0 244 0.733083
6 0 0 1.0204
7 0 0 0.696896

3
1 0 8865 0.815054
2 0 0 0.757149
3 0 0 0.967088

3
1 0 3078 0.87387
2 0 0 0.771311
3 0 0 1.06754

7
1 0 1340 0.841739
2 0 189 0.894093
4 0 0 0.990944
5 0 0 0.83616
3 1 2 0.936936
6 0 0 1.04711
7 0 0 1.01381

5
1 1 2 0.943839
2 0 0 0.901032
3 0 9700 0.983372
6 0 0 0.925731
7 0 0 0.996749

5
1 1 2 0.800952
2 0 0 0.78657
3 2 2 0.996081
6 0 0 0.931726
7 0 0 0.995654

3
1 1 1 0.854605
2 0 0 0.944489
3 0 0 0.681179

3
1 0 2440 0.858378
2 0 0 0.765988
3 0 0 1.00507

3
1 1 1 0.757318
2 0 0 1.09285
3 0 0 0.713603

5
1 0 7466 0.949184
2 0 0 0.919629
3 1 2 1.00977
6 0 0 1.08172
7 0 0 1.03645

7
1 1 2 0.940612
2 0 0 0.940794
3 0 4985 0.959603
6 0 0 1.09342
7 2 1 0.912986
14 0 0 1.10166
15 0 0 0.922942

1
1 0 0 0.797582

7
1 1 2 0.924745
2 1 1 0.960599
4 2 3 0.972194
8 0 0 1.03921
9 0 0 0.925632
5 0 0 0.870324
3 0 0 0.937078

1
1 0 0 0.910833

3
1 1 1 0.84292
2 0 0 0.975216
3 0 0 0.771664

3
1 1 1 0.846285
2 0 0 0.848277
3 0 0 0.849505

3
1 0 9385 0.892705
2 0 0 0.873811
3 0 0 0.944759

3
1 1 1 0.887394
2 0 0 1.02138
3 0 0 0.842079

3
1 2 4 0.813911
2 0 0 0.82359
3 0 0 0.961057

5
1 1 2 0.868783
2 0 0 0.714244
3 0 6562 0.943392
6 0 0 0.9744
7 0 0 0.978253

5
1 0 2305 0.94977
2 0 1816 0.924976
4 0 0 0.907034
5 0 0 0.986086
3 0 0 1.10318

5
1 2 3 0.80603
2 0 0 0.866288
3 0 2206 0.932245
6 0 0 0.9437
7 0 0 0.945596

3
1 0 8900 0.839806
2 0 0 0.739345
3 0 0 0.927316

3
1 1 1 0.893142
2 0 0 1.07611
3 0 0 0.77214

3
1 2 1 0.877217
2 0 0 0.880458
3 0 0 1.00244

3
1 1 1 0.882818
2 0 0 1.04797
3 0 0 0.683052

1
1 0 0 0.859153

7
1 2 4 0.888473
2 0 1323 0.998572
4 0 0 0.843099
5 1 2 1.08566
10 0 0 1.09247
11 0 0 1.06088
3 0 0 1.0495

3
1 0 773 0.851235
2 0 0 0.953649
3 0 0 0.866014

3
1 1 1 0.814418
2 0 0 1.09682
3 0 0 0.771887

3
1 0 522 0.788792
2 0 0 0.955001
3 0 0 0.809635

5
1 1 1 0.866796
2 0 0 1.09645
3 0 9853 0.673447
6 0 0 0.715777
7 0 0 0.980836

3
1 1 2 0.86159
2 0 0 0.815071
3 0 0 0.955359

5
1 0 1128 0.875151
2 0 0 0.977368
3 2 4 0.945214
6 0 0 0.922356
7 0 0 0.94825

1
1 0 0 0.88873

3
1 0 1204 0.851282
2 0 0 0.836856
3 0 0 0.850369

3
1 0 1860 0.911997
2 0 0 0.901815
3 0 0 0.943739

3
1 1 1 0.860085
2 0 0 1.05071
3 0 0 0.706237

3
1 0 4222 0.896141
2 0 0 0.903287
3 0 0 0.885827

3
1 0 9441 0.941433
2 0 0 0.904456
3 0 0 0.904845

5
1 2 4 0.924685
2 0 0 0.793631
3 0 8813 0.931052
6 0 0 1.0266
7 0 0 0.920495

3
1 1 1 0.882833
2 0 0 1.02392
3 0 0 0.835819

1
1 0 0 0.698398

3
1 1 1 0.750061
2 0 0 0.902091
3 0 0 0.755765

3
1 1 2 0.853251
2 0 0 0.871307
3 0 0 1.04914

3
1 0 9929 0.799701
2 0 0 0.861813
3 0 0 1.00347

3
1 1 1 0.811794
2 0 0 1.00362
3 0 0 0.835453

3
1 1 1 0.803521
2 0 0 1.02659
3 0 0 0.705414

3
1 0 6669 0.861559
2 0 0 0.884212
3 0 0 0.87344

3
1 1 1 0.865445
2 0 0 0.999727
3 0 0 0.787055

3
1 0 1375 0.946008
2 0 0 0.84484
3 0 0 0.976945

3
1 2 2 0.834809
2 0 0 0.928546
3 0 0 0.99418

3
1 1 2 1.01645
2 0 0 0.685444
3 0 0 1.079

3
1 1 2 0.901815
2 0 0 0.747649
3 0 0 0.947446

7
1 1 2 0.892394
2 0 0 0.80138
3 0 7003 0.995233
6 0 0 0.937528
7 0 9882 1.02988
14 0 0 0.884033
15 0 0 1.00124

5
1 1 1 0.855154
2 2 2 0.926055
4 0 0 0.906007
5 0 0 0.951268
3 0 0 0.803064

3
1 0 2914 0.962427
2 0 0 0.909757
3 0 0 1.04617

3
1 1 2 0.889019
2 0 0 0.695701
3 0 0 1.02552

5
1 0 7671 0.828194
2 0 0 0.885075
3 0 8193 0.990103
6 0 0 1.04659
7 0 0 0.932884

3
1 0 8279 0.963189
2 0 0 0.758362
3 0 0 0.990118

7
1 0 9845 0.81739
2 0 5043 0.846829
4 0 0 0.857584
5 0 0 0.961737
3 1 2 1.04458
6 0 0 0.962848
7 0 0 1.03686

7
1 1 2 0.957138
2 0 0 0.82312
3 2 1 0.906993
6 0 0 1.10915
7 2 4 0.945726
14 0 0 0.942918
15 0 0 0.989063

3
1 1 1 0.850882
2 0 0 1.1056
3 0 0 0.750278

3
1 1 1 0.893181
2 0 0 0.93525
3 0 0 0.808731

3
1 1 2 0.893852
2 0 0 0.886848
3 0 0 1.0058

3
1 2 4 0.764126
2 0 0 0.774159
3 0 0 0.867794

3
1 0 743 0.757908
2 0 0 0.958193
3 0 0 0.772423

3
1 0 6745 0.820111
2 0 0 0.736369
3 0 0 0.989347

7
1 0 1586 0.879007
2 0 729 0.905831
4 0 0 0.876202
5 0 0 0.868568
3 2 3 1.02584
6 0 0 0.94083
7 0 0 1.11158

3
1 0 4323 0.844969
2 0 0 0.747666
3 0 0 0.961701

3
1 1 2 0.832119
2 0 0 0.751534
3 0 0 1.01474

3
1 0 1941 0.897236
2 0 0 0.863811
3 0 0 0.956684

3
1 1 2 0.980778
2 0 0 0.838609
3 0 0 1.01192

5
1 1 1 0.978259
2 0 0 0.928468
3 2 3 0.88606
6 0 0 0.911665
7 0 0 0.952932

3
1 1 1 0.94058
2 0 0 0.998859
3 0 0 0.876919

3
1 1 1 0.860173
2 0 0 0.933168
3 0 0 0.859316

3
1 1 1 0.909769
2 0 0 1.09853
3 0 0 0.816832

7
1 1 2 0.825836
2 0 0 0.759565
3 2 2 0.933352
6 0 0 0.948955
7 0 7028 1.04725
14 0 0 1.00766
15 0 0 0.986362

5
1 2 1 0.856852
2 1 1 0.888641
4 0 0 1.01203
5 0 0 0.884244
3 0 0 0.825936

3
1 1 1 0.844715
2 0 0 0.973693
3 0 0 0.853736

3
1 1 1 0.865664
2 0 0 0.945169
3 0 0 0.867987

3
1 1 1 0.854617
2 0 0 0.90534
3 0 0 0.848401

1
1 0 0 0.818212

3
1 0 1323 0.881158
2 0 0 0.881335
3 0 0 1.08672

3
1 0 9927 0.854421
2 0 0 0.929726
3 0 0 1.14924

5
1 0 7081 0.873132
2 0 0 0.937336
3 2 1 1.08776
6 0 0 1.02317
7 0 0 1.1013

1
1 0 0 0.746015

5
1 2 4 0.823616
2 0 0 0.813696
3 0 1017 0.800716
6 0 0 0.904837
7 0 0 0.78801

5
1 1 1 0.821468
2 0 0 1.0035
3 0 1676 0.884566
6 0 0 0.706377
7 0 0 0.950483

3
1 1 2 0.897092
2 0 0 0.91948
3 0 0 0.891081

3
1 0 825 0.788838
2 0 0 1.01704
3 0 0 0.78751

1
1 0 0 0.792126

1
1 0 0 0.800764

3
1 0 2941 0.987155
2 0 0 0.795989
3 0 0 1.0209

3
1 1 2 0.870338
2 0 0 0.87816
3 0 0 0.988396

5
1 1 1 0.849112
2 0 9316 0.966762
4 0 0 0.962639
5 0 0 0.923642
3 0 0 0.784772

1
1 0 0 0.864737

3
1 2 1 0.882954
2 0 0 0.850855
3 0 0 0.896841

3
1 2 4 0.915485
2 0 0 0.930259
3 0 0 0.938499

5
1 0 9284 0.813984
2 0 0 0.825271
3 1 2 0.931949
6 0 0 1.08493
7 0 0 0.999541

3
1 1 1 0.950755
2 0 0 1.02478
3 0 0 0.826598

3
1 0 7732 0.838637
2 0 0 0.717027
3 0 0 0.888609

3
1 0 8766 0.900246
2 0 0 0.795868
3 0 0 0.982254

3
1 0 1340 0.841739
2 0 0 0.788049
3 0 0 1.08839

3
1 2 2 0.919821
2 0 0 0.876748
3 0 0 0.958187

3
1 0 8893 0.788961
2 0 0 0.865791
3 0 0 1.20498

1
1 0 0 0.713798

3
1 0 778 0.837554
2 0 0 0.998902
3 0 0 0.954219

3
1 0 7128 0.855889
2 0 0 0.796638
3 0 0 0.956563

5
1 0 7784 0.887576
2 2 3 0.882283
4 0 0 0.869309
5 0 0 1.05247
3 0 0 0.981714

3
1 1 2 0.940612
2 0 0 0.756313
3 0 0 1.05853

3
1 1 1 0.939951
2 0 0 0.939646
3 0 0 0.651331

5
1 0 1855 0.965409
2 1 2 0.759536
4 0 0 0.816837
5 0 0 1.03416
3 0 0 0.973515

3
1 0 3753 0.903315
2 0 0 0.733398
3 0 0 0.863634

3
1 1 1 0.84292
2 0 0 1.00294
3 0 0 0.862862

7
1 0 6575 0.933479
2 2 4 0.891185
4 0 0 0.968263
5 0 0 0.901643
3 2 3 0.884514
6 0 0 0.919905
7 0 0 0.955645

5
1 2 4 0.860576
2 0 5882 0.891763
4 0 0 0.922835
5 0 0 0.929554
3 0 0 1.03392

5
1 0 694 0.82083
2 0 577 1.03992
4 0 0 1.01212
5 0 0 1.07221
3 0 0 0.745235

5
1 0 5961 0.85514
2 0 0 0.821721
3 2 1 0.978483
6 0 0 1.04538
7 0 0 0.931119

3
1 1 2 0.883494
2 0 0 0.762117
3 0 0 0.93151

3
1 1 2 0.842747
2 0 0 0.805836
3 0 0 1.05505

5
1 1 2 0.905513
2 1 1 0.89807
4 0 0 0.98848
5 0 0 0.783625
3 0 0 1.03006

3
1 0 335 0.75583
2 0 0 0.997411
3 0 0 0.840228

3
1 1 2 0.893241
2 0 0 0.884189
3 0 0 0.980934

3
1 0 9374 0.795412
2 0 0 0.841186
3 0 0 1.10142

3
1 1 1 0.882818
2 0 0 0.918614
3 0 0 0.815934

5
1 1 2 0.859153
2 0 0 0.827917
3 2 2 1.02746
6 0 0 1.01075
7 0 0 1.01795

1
1 0 0 0.799133

5
1 0 9207 0.923621
2 0 0 0.904215
3 0 9342 1.1414
6 0 0 1.10356
7 0 0 1.10105

5
1 1 1 0.814418
2 2 1 0.979332
4 0 0 1.0341
5 0 0 0.962397
3 0 0 0.83369

5
1 0 522 0.788792
2 0 0 0.976327
3 1 1 0.801087
6 0 0 0.917505
7 0 0 0.886699

3
1 2 3 0.957836
2 0 0 0.852138
3 0 0 0.989231

3
1 1 1 0.920405
2 0 0 1.06233
3 0 0 0.79479

3
1 1 1 0.843093
2 0 0 1.03045
3 0 0 0.825782

3
1 0 6093 0.801938
2 0 0 0.766529
3 0 0 0.927888

5
1 1 1 0.861603
2 0 0 0.886613
3 0 3133 0.91295
6 0 0 0.796118
7 0 0 0.96047

3
1 0 1860 0.911997
2 0 0 0.813907
3 0 0 1.08154

5
1 2 1 0.897521
2 0 6125 0.87795
4 0 0 0.874838
5 0 0 1.1336
3 0 0 0.891216

5
1 1 1 0.878046
2 0 3004 1.08963
4 0 0 1.09179
5 0 0 1.04708
3 0 0 0.752837

1
1 0 0 0.773796

3
1 0 6293 0.902823
2 0 0 0.920633
3 0 0 0.923968

3
1 1 1 0.882833
2 0 0 1.1417
3 0 0 0.839429

3
1 1 1 0.875083
2 0 0 1.01306
3 0 0 0.754126

5
1 1 1 0.750061
2 2 3 1.0676
4 0 0 1.0441
5 0 0 0.956469
3 0 0 0.698482

5
1 1 2 0.853251
2 0 0 0.914695
3 0 6241 1.10682
6 0 0 1.09251
7 0 0 0.898355

5
1 2 2 0.880384
2 1 1 0.809541
4 0 0 1.03535
5 0 0 0.930253
3 0 0 0.972515

3
1 1 1 0.811794
2 0 0 1.02832
3 0 0 0.732537

1
1 0 0 0.822874

3
1 1 2 0.813182
2 0 0 0.788818
3 0 0 1.18281

7
1 1 1 0.865445
2 0 0 0.836898
3 0 595 0.680567
6 0 526 0.983346
12 0 0 1.05147
13 0 0 1.05941
7 0 0 0.759643

5
1 0 1375 0.946008
2 0 0 0.653336
3 0 4847 0.946208
6 0 0 1.04852
7 0 0 0.805052

5
1 0 8097 0.817592
2 0 0 0.822482
3 1 1 0.964989
6 0 0 1.07012
7 0 0 0.983029

3
1 0 1522 0.870118
2 0 0 0.820743
3 0 0 0.952881

3
1 1 2 0.924915
2 0 0 0.83771
3 0 0 0.986089

1
1 0 0 0.775697

3
1 1 1 0.855154
2 0 0 1.10141
3 0 0 0.728442

3
1 1 1 0.814772
2 0 0 1.01564
3 0 0 0.726326

5
1 0 683 0.819821
2 1 2 1.06867
4 0 0 1.00861
5 0 0 1.13246
3 0 0 0.834348

3
1 1 2 0.817306
2 0 0 0.851533
3 0 0 0.906605

3
1 0 5035 0.916272
2 0 0 0.889881
3 0 0 0.955636

3
1 0 7086 0.855541
2 0 0 0.830016
3 0 0 0.903993

3
1 1 2 0.957138
2 0 0 0.765466
3 0 0 1.00933

3
1 1 2 0.920732
2 0 0 0.681159
3 0 0 1.13747

3
1 1 1 0.893181
2 0 0 1.03977
3 0 0 0.871244

5
1 1 2 0.811401
2 0 0 0.794195
3 2 2 1.01797
6 0 0 0.930447
7 0 0 1.01578

3
1 0 7727 0.864436
2 0 0 0.82623
3 0 0 1.0437

3
1 0 743 0.757908
2 0 0 0.981678
3 0 0 0.756075

3
1 1 1 0.801982
2 0 0 1.15114
3 0 0 0.721589

9
1 0 1586 0.879007
2 1 2 0.803987
4 0 0 0.774137
5 0 0 0.9404
3 0 6498 0.989594
6 0 0 1.02607
7 0 7415 1.02085
14 0 0 1.03277
15 0 0 0.96365

5
1 0 58 0.770553
2 0 32 0.970748
4 0 0 1.0685
5 0 0 1.01076
3 0 0 0.758735

3
1 0 625 0.867082
2 0 0 1.1099
3 0 0 0.759759

3
1 0 795 0.800082
2 0 0 0.988039
3 0 0 0.821691

3
1 1 2 0.868046
2 0 0 0.895573
3 0 0 1.08717

5
1 0 4966 0.884578
2 0 0 0.778083
3 0 8851 1.05979
6 0 0 1.00114
7 0 0 1.06102

5
1 0 3517 0.902943
2 0 0 0.859694
3 2 2 0.923738
6 0 0 1.10818
7 0 0 0.940817

5
1 1 2 0.869499
2 1 1 0.859779
4 0 0 1.09464
5 0 0 0.81528
3 0 0 0.963684

3
1 2 4 0.883887
2 0 0 0.858045
3 0 0 0.96902

5
1 0 7657 0.833512
2 0 0 0.833243
3 0 8617 1.08505
6 0 0 1.0353
7 0 0 1.0369

3
1 1 2 0.906647
2 0 0 0.776539
3 0 0 1.06226

5
1 1 1 0.844715
2 2 4 1.05675
4 0 0 1.07661
5 0 0 0.972628
3 0 0 0.689644

7
1 1 1 0.865664
2 0 1596 0.967462
4 0 0 1.15765
5 0 0 0.984004
3 1 2 0.936694
6 0 0 0.852679
7 0 0 0.967068

1
1 0 0 0.920205

3
1 0 2446 0.918522
2 0 0 0.834013
3 0 0 1.02427

3
1 2 4 0.864329
2 0 0 0.798759
3 0 0 1.09067

3
1 0 9142 0.759449
2 0 0 0.75147
3 0 0 1.15376

3
1 0 2834 0.889372
2 0 0 0.940663
3 0 0 0.965661

3
1 1 1 0.920937
2 0 0 0.980033
3 0 0 0.756508

1
1 0 0 0.865495

5
1 2 1 0.838653
2 0 8816 0.83283
4 0 0 0.880776
5 0 0 0.96454
3 0 0 0.935754

3
1 1 1 0.789035
2 0 0 0.873023
3 0 0 0.734806

1
1 0 0 0.855488

1
1 0 0 0.856272

5
1 1 1 0.856487
2 2 4 1.15121
4 0 0 1.02263
5 0 0 0.90617
3 0 0 0.8414

3
1 0 9656 0.904871
2 0 0 0.989251
3 0 0 0.983892

3
1 2 2 0.863176
2 0 0 0.933297
3 0 0 1.05963

3
1 0 115 0.891991
2 0 0 0.839326
3 0 0 0.818194

1
1 0 0 0.916856

1
1 0 0 0.737416

3
1 1 1 0.865897
2 0 0 0.888571
3 0 0 0.872151

5
1 0 3263 0.87703
2 0 2709 0.966845
4 0 0 0.903023
5 0 0 1.03562
3 0 0 0.873486

3
1 0 639 0.743822
2 0 0 0.988171
3 0 0 0.815638

3
1 0 7051 0.759733
2 0 0 0.792232
3 0 0 0.824192

3
1 0 8766 0.900246
2 0 0 0.818511
3 0 0 0.967554

1
1 0 0 0.880133

3
1 1 1 0.913021
2 0 0 0.988731
3 0 0 0.86567

3
1 1 1 0.9387
2 0 0 1.00906
3 0 0 0.900526

3
1 1 2 0.897517
2 0 0 0.799536
3 0 0 0.904669

5
1 0 7582 0.884212
2 0 0 0.914947
3 2 4 0.957652
6 0 0 1.12668
7 0 0 0.959227

3
1 2 4 0.874292
2 0 0 0.820642
3 0 0 0.966933

3
1 0 7784 0.887576
2 0 0 0.835218
3 0 0 1.02891

3
1 0 1889 0.890092
2 0 0 0.795239
3 0 0 1.08239

5
1 0 3563 0.895357
2 0 0 0.810869
3 0 5953 1.01759
6 0 0 1.02354
7 0 0 0.936956

5
1 0 1855 0.965409
2 0 0 0.788671
3 0 4399 0.981993
6 0 0 1.00145
7 0 0 0.921076

9
1 1 1 0.765081
2 0 3146 0.978433
4 0 0 0.96248
5 0 0 0.923185
3 0 41 0.820981
6 0 0 0.875022
7 1 2 0.904502
14 0 0 0.8024
15 0 0 1.0123

3
1 2 2 0.794445
2 0 0 0.750294
3 0 0 0.884026

3
1 2 3 0.823921
2 0 0 0.832594
3 0 0 0.865962

5
1 1 2 0.918787
2 0 7641 0.805628
4 0 0 0.772648
5 0 0 0.95949
3 0 0 0.965015

1
1 0 0 0.832245

3
1 1 1 0.826882
2 0 0 1.05282
3 0 0 0.791098

7
1 1 2 0.883494
2 0 0 0.807899
3 0 1731 0.965466
6 2 2 1.07847
12 0 0 0.997429
13 0 0 0.947467
7 0 0 1.0609

3
1 0 101 0.716643
2 0 0 1.1193
3 0 0 0.749763

3
1 1 2 0.905513
2 0 0 0.8305
3 0 0 0.991729

3
1 0 9703 0.917455
2 0 0 0.82459
3 0 0 0.966195

3
1 1 2 0.802821
2 0 0 0.782382
3 0 0 1.00879

3
1 0 501 0.854581
2 0 0 0.928727
3 0 0 0.87477

5
1 0 7047 0.848491
2 0 1601 0.862342
4 0 0 0.864266
5 0 0 1.01615
3 0 0 0.952558

3
1 0 8512 0.79346
2 0 0 0.759611
3 0 0 1.08225

1
1 0 0 0.629197

5
1 0 5102 0.879087
2 0 0 0.844872
3 0 9349 0.989632
6 0 0 1.05192
7 0 0 1.02525

3
1 0 8480 0.838288
2 0 0 0.741299
3 0 0 1.01592

3
1 0 522 0.788792
2 0 0 1.03143
3 0 0 0.769622

5
1 0 1713 0.931113
2 0 656 0.86243
4 0 0 1.10325
5 0 0 0.825813
3 0 0 0.917246

5
1 0 737 0.865792
2 0 0 1.04424
3 1 2 0.857076
6 0 0 0.825726
7 0 0 1.08483

3
1 1 1 0.872318
2 0 0 0.947754
3 0 0 0.846818

1
1 0 0 0.911333

1
1 0 0 0.759971

1
1 0 0 1.0263

3
1 0 1647 0.904034
2 0 0 0.820114
3 0 0 1.00453

3
1 1 2 0.899987
2 0 0 0.895185
3 0 0 0.844834

3
1 2 2 0.91587
2 0 0 0.823085
3 0 0 0.952804

3
1 0 3586 0.937615
2 0 0 0.858051
3 0 0 0.891195

5
1 2 3 0.943699
2 0 0 0.810199
3 2 4 0.974929
6 0 0 0.899813
7 0 0 0.993598

3
1 1 1 0.875083
2 0 0 0.958763
3 0 0 0.849695

3
1 1 1 0.750061
2 0 0 1.14896
3 0 0 0.774769

7
1 1 2 0.853251
2 1 1 0.954997
4 0 0 1.01877
5 0 0 0.811851
3 0 7948 0.926375
6 0 0 0.979319
7 0 0 0.982266

3
1 2 4 0.895774
2 0 0 0.946154
3 0 0 0.871618

3
1 1 1 0.811794
2 0 0 0.951501
3 0 0 0.723538

3
1 0 4021 0.969928
2 0 0 0.888504
3 0 0 0.87141

5
1 1 2 0.813182
2 1 1 0.87292
4 0 0 1.01062
5 0 0 0.838219
3 0 0 0.964251

3
1 1 1 0.865445
2 0 0 1.0264
3 0 0 0.667085

3
1 0 1375 0.946008
2 0 0 0.852401
3 0 0 1.05751

5
1 0 9531 0.797091
2 0 0 0.802818
3 2 4 0.931465
6 0 0 0.98116
7 0 0 0.985823

5
1 0 507 0.947068
2 2 4 0.974183
4 0 0 0.975265
5 0 0 1.27763
3 0 0 0.843697

3
1 1 1 0.86221
2 0 0 1.01927
3 0 0 0.904425

3
1 1 2 0.810322
2 0 0 0.840528
3 0 0 0.97925

3
1 1 1 0.855154
2 0 0 1.09343
3 0 0 0.693197

1
1 0 0 0.80426

1
1 0 0 0.663521

3
1 1 1 0.841113
2 0 0 1.2235
3 0 0 0.795711

5
1 1 1 0.845097
2 0 0 0.96231
3 2 4 0.886061
6 0 0 0.88192
7 0 0 0.976448

1
1 0 0 0.719244

3
1 1 2 0.957138
2 0 0 0.787729
3 0 0 1.03555

3
1 1 1 0.841665
2 0 0 0.987538
3 0 0 0.835817

3
1 1 1 0.911932
2 0 0 0.909469
3 0 0 0.850933

3
1 0 9091 0.738338
2 0 0 0.756767
3 0 0 1.00807

7
1 2 3 0.869727
2 0 5637 0.860149
4 0 0 0.840089
5 0 0 0.859549
3 1 1 0.920751
6 0 0 0.946567
7 0 0 0.872365

5
1 0 1610 0.920501
2 0 0 0.852159
3 0 7057 0.929173
6 0 0 0.978539
7 0 0 0.88333

1
1 0 0 0.80523

3
1 2 4 0.823021
2 0 0 0.829516
3 0 0 0.878693

3
1 2 4 0.848378
2 0 0 0.786967
3 0 0 0.951137

5
1 0 503 0.80302
2 1 2 0.963121
4 0 0 1.13111
5 0 0 0.948601
3 0 0 0.780963

3
1 2 4 0.862028
2 0 0 0.824856
3 0 0 0.923063

1
1 0 0 0.92826

3
1 1 1 0.836762
2 0 0 0.950866
3 0 0 0.785975

3
1 0 3517 0.902943
2 0 0 0.847644
3 0 0 1.05014

5
1 1 2 0.869499
2 1 1 0.859779
4 0 0 0.902314
5 0 0 0.819295
3 0 0 1.04168

5
1 2 2 0.86857
2 0 3835 0.939067
4 0 0 0.863586
5 0 0 1.01619
3 0 0 0.903023

5
1 0 6651 0.891496
2 0 0 0.804713
3 2 4 1.05882
6 0 0 1.03723
7 0 0 0.967874

3
1 1 2 0.906647
2 0 0 0.762027
3 0 0 1.0941

3
1 1 2 0.884167
2 0 0 0.756855
3 0 0 0.986474

5
1 1 1 0.865664
2 2 1 1.08353
4 0 0 1.09577
5 0 0 1.08253
3 0 0 0.809172

5
1 1 1 0.920205
2 0 0 1.05855
3 2 3 0.917255
6 0 0 0.818638
7 0 0 0.87443

3
1 0 9672 0.832229
2 0 0 0.845966
3 0 0 1.03464

7
1 2 1 0.899435
2 0 0 0.886427
3 1 2 1.07196
6 0 0 0.987247
7 2 2 1.11857
14 0 0 1.07829
15 0 0 0.982794

3
1 1 2 0.845076
2 0 0 0.81382
3 0 0 0.848134

5
1 0 269 0.746375
2 0 90 0.955827
4 0 0 0.991158
5 0 0 1.05851
3 0 0 0.787603

3
1 1 1 0.920937
2 0 0 0.939702
3 0 0 0.830733

1
1 0 0 0.842011

3
1 2 2 0.914894
2 0 0 0.781466
3 0 0 1.06143

5
1 0 7392 0.90251
2 0 0 0.846362
3 2 1 0.868355
6 0 0 1.04126
7 0 0 1.01809

3
1 0 5398 0.855291
2 0 0 0.878357
3 0 0 0.953921

3
1 1 1 0.810336
2 0 0 1.06764
3 0 0 0.813921

1
1 0 0 0.899512

3
1 1 2 0.852557
2 0 0 0.749654
3 0 0 1.08262

3
1 1 2 0.82735
2 0 0 0.772374
3 0 0 0.897537

9
1 2 4 0.894026
2 1 1 0.894476
4 0 0 1.00415
5 1 2 0.945704
10 0 2750 0.967956
20 0 0 0.78866
21 0 0 0.91609
11 0 0 1.10284
3 0 0 0.875692

3
1 0 8728 0.793669
2 0 0 0.904567
3 0 0 0.918423

5
1 0 8066 0.904652
2 0 0 0.752586
3 2 2 1.01341
6 0 0 1.01052
7 0 0 0.984048

1
1 0 0 0.804905

9
1 0 4060 0.890494
2 0 0 0.862997
3 0 5191 0.997558
6 1 2 1.01619
12 0 0 1.0244
13 0 0 0.955424
7 2 1 0.918259
14 0 0 1.11918
15 0 0 0.900497

3
1 0 639 0.743822
2 0 0 0.988881
3 0 0 0.887377

3
1 1 1 0.830514
2 0 0 0.996587
3 0 0 0.705012

3
1 1 2 0.913545
2 0 0 0.751485
3 0 0 0.955008

5
1 1 1 0.911878
2 0 0 0.932539
3 0 6315 0.913299
6 0 0 0.856705
7 0 0 0.868585

3
1 1 1 0.818415
2 0 0 1.05006
3 0 0 0.765204

3
1 2 1 0.88725
2 0 0 0.8985
3 0 0 0.895026

3
1 1 2 0.77345
2 0 0 0.836587
3 0 0 1.02611

3
1 1 1 0.922068
2 0 0 0.969277
3 0 0 0.812186

3
1 0 9794 0.822475
2 0 0 0.868843
3 0 0 1.02839

9
1 0 1669 0.927112
2 1 1 0.95732
4 0 0 1.04329
5 0 0 0.798341
3 0 9269 0.949551
6 0 0 0.951301
7 0 9313 0.974896
14 0 0 1.01478
15 0 0 0.942866

3
1 2 4 0.890152
2 0 0 0.882531
3 0 0 0.91453

5
1 1 2 0.8746
2 1 1 0.922125
4 0 0 1.05319
5 0 0 0.86107
3 0 0 0.970205

3
1 0 1855 0.965409
2 0 0 0.888764
3 0 0 1.00257

3
1 1 1 0.765081
2 0 0 1.0086
3 0 0 0.806891

5
1 0 9740 0.890387
2 0 1661 0.89976
4 0 0 0.777999
5 0 0 1.09674
3 0 0 1.02984

3
1 0 9834 0.877891
2 0 0 0.86644
3 0 0 1.09508

3
1 1 2 0.887505
2 0 0 0.863194
3 0 0 1.00799

3
1 1 1 0.875437
2 0 0 0.987431
3 0 0 0.756386

1
1 0 0 0.865885

1
1 0 0 0.865797

7
1 0 1928 0.887154
2 1 2 0.921444
4 0 0 0.69735
5 0 738 1.1263
10 0 0 1.01541
11 0 0 1.08316
3 0 0 1.06688

3
1 2 4 0.850752
2 0 0 0.790837
3 0 0 0.843146

1
1 0 0 0.792377

