12
9999
0.0001
0.0002
0.0003
0.0004
0.0005
0.0006
0.0007
0.0008
0.0009
0.001
0.0011
0.0012
0.0013
0.0014
0.0015
0.0016
0.0017
0.0018
0.0019
0.002
0.0021
0.0022
0.0023
0.0024
0.0025
0.0026
0.0027
0.0028
0.0029
0.003
0.0031
0.0032
0.0033
0.0034
0.0035
0.0036
0.0037
0.0038
0.0039
0.004
0.0041
0.0042
0.0043
0.0044
0.0045
0.0046
0.0047
0.0048
0.0049
0.005
0.0051
0.0052
0.0053
0.0054
0.0055
0.0056
0.0057
0.0058
0.0059
0.006
0.0061
0.0062
0.0063
0.0064
0.0065
0.0066
0.0067
0.0068
0.0069
0.007
0.0071
0.0072
0.0073
0.0074
0.0075
0.0076
0.0077
0.0078
0.0079
0.008
0.0081
0.0082
0.0083
0.0084
0.0085
0.0086
0.0087
0.0088
0.0089
0.009
0.0091
0.0092
0.0093
0.0094
0.0095
0.0096
0.0097
0.0098
0.0099
0.01
0.0101
0.0102
0.0103
0.0104
0.0105
0.0106
0.0107
0.0108
0.0109
0.011
0.0111
0.0112
0.0113
0.0114
0.0115
0.0116
0.0117
0.0118
0.0119
0.012
0.0121
0.0122
0.0123
0.0124
0.0125
0.0126
0.0127
0.0128
0.0129
0.013
0.0131
0.0132
0.0133
0.0134
0.0135
0.0136
0.0137
0.0138
0.0139
0.014
0.0141
0.0142
0.0143
0.0144
0.0145
0.0146
0.0147
0.0148
0.0149
0.015
0.0151
0.0152
0.0153
0.0154
0.0155
0.0156
0.0157
0.0158
0.0159
0.016
0.0161
0.0162
0.0163
0.0164
0.0165
0.0166
0.0167
0.0168
0.0169
0.017
0.0171
0.0172
0.0173
0.0174
0.0175
0.0176
0.0177
0.0178
0.0179
0.018
0.0181
0.0182
0.0183
0.0184
0.0185
0.0186
0.0187
0.0188
0.0189
0.019
0.0191
0.0192
0.0193
0.0194
0.0195
0.0196
0.0197
0.0198
0.0199
0.02
0.0201
0.0202
0.0203
0.0204
0.0205
0.0206
0.0207
0.0208
0.0209
0.021
0.0211
0.0212
0.0213
0.0214
0.0215
0.0216
0.0217
0.0218
0.0219
0.022
0.0221
0.0222
0.0223
0.0224
0.0225
0.0226
0.0227
0.0228
0.0229
0.023
0.0231
0.0232
0.0233
0.0234
0.0235
0.0236
0.0237
0.0238
0.0239
0.024
0.0241
0.0242
0.0243
0.0244
0.0245
0.0246
0.0247
0.0248
0.0249
0.025
0.0251
0.0252
0.0253
0.0254
0.0255
0.0256
0.0257
0.0258
0.0259
0.026
0.0261
0.0262
0.0263
0.0264
0.0265
0.0266
0.0267
0.0268
0.0269
0.027
0.0271
0.0272
0.0273
0.0274
0.0275
0.0276
0.0277
0.0278
0.0279
0.028
0.0281
0.0282
0.0283
0.0284
0.0285
0.0286
0.0287
0.0288
0.0289
0.029
0.0291
0.0292
0.0293
0.0294
0.0295
0.0296
0.0297
0.0298
0.0299
0.03
0.0301
0.0302
0.0303
0.0304
0.0305
0.0306
0.0307
0.0308
0.0309
0.031
0.0311
0.0312
0.0313
0.0314
0.0315
0.0316
0.0317
0.0318
0.0319
0.032
0.0321
0.0322
0.0323
0.0324
0.0325
0.0326
0.0327
0.0328
0.0329
0.033
0.0331
0.0332
0.0333
0.0334
0.0335
0.0336
0.0337
0.0338
0.0339
0.034
0.0341
0.0342
0.0343
0.0344
0.0345
0.0346
0.0347
0.0348
0.0349
0.035
0.0351
0.0352
0.0353
0.0354
0.0355
0.0356
0.0357
0.0358
0.0359
0.036
0.0361
0.0362
0.0363
0.0364
0.0365
0.0366
0.0367
0.0368
0.0369
0.037
0.0371
0.0372
0.0373
0.0374
0.0375
0.0376
0.0377
0.0378
0.0379
0.038
0.0381
0.0382
0.0383
0.0384
0.0385
0.0386
0.0387
0.0388
0.0389
0.039
0.0391
0.0392
0.0393
0.0394
0.0395
0.0396
0.0397
0.0398
0.0399
0.04
0.0401
0.0402
0.0403
0.0404
0.0405
0.0406
0.0407
0.0408
0.0409
0.041
0.0411
0.0412
0.0413
0.0414
0.0415
0.0416
0.0417
0.0418
0.0419
0.042
0.0421
0.0422
0.0423
0.0424
0.0425
0.0426
0.0427
0.0428
0.0429
0.043
0.0431
0.0432
0.0433
0.0434
0.0435
0.0436
0.0437
0.0438
0.0439
0.044
0.0441
0.0442
0.0443
0.0444
0.0445
0.0446
0.0447
0.0448
0.0449
0.045
0.0451
0.0452
0.0453
0.0454
0.0455
0.0456
0.0457
0.0458
0.0459
0.046
0.0461
0.0462
0.0463
0.0464
0.0465
0.0466
0.0467
0.0468
0.0469
0.047
0.0471
0.0472
0.0473
0.0474
0.0475
0.0476
0.0477
0.0478
0.0479
0.048
0.0481
0.0482
0.0483
0.0484
0.0485
0.0486
0.0487
0.0488
0.0489
0.049
0.0491
0.0492
0.0493
0.0494
0.0495
0.0496
0.0497
0.0498
0.0499
0.05
0.0501
0.0502
0.0503
0.0504
0.0505
0.0506
0.0507
0.0508
0.0509
0.051
0.0511
0.0512
0.0513
0.0514
0.0515
0.0516
0.0517
0.0518
0.0519
0.052
0.0521
0.0522
0.0523
0.0524
0.0525
0.0526
0.0527
0.0528
0.0529
0.053
0.0531
0.0532
0.0533
0.0534
0.0535
0.0536
0.0537
0.0538
0.0539
0.054
0.0541
0.0542
0.0543
0.0544
0.0545
0.0546
0.0547
0.0548
0.0549
0.055
0.0551
0.0552
0.0553
0.0554
0.0555
0.0556
0.0557
0.0558
0.0559
0.056
0.0561
0.0562
0.0563
0.0564
0.0565
0.0566
0.0567
0.0568
0.0569
0.057
0.0571
0.0572
0.0573
0.0574
0.0575
0.0576
0.0577
0.0578
0.0579
0.058
0.0581
0.0582
0.0583
0.0584
0.0585
0.0586
0.0587
0.0588
0.0589
0.059
0.0591
0.0592
0.0593
0.0594
0.0595
0.0596
0.0597
0.0598
0.0599
0.06
0.0601
0.0602
0.0603
0.0604
0.0605
0.0606
0.0607
0.0608
0.0609
0.061
0.0611
0.0612
0.0613
0.0614
0.0615
0.0616
0.0617
0.0618
0.0619
0.062
0.0621
0.0622
0.0623
0.0624
0.0625
0.0626
0.0627
0.0628
0.0629
0.063
0.0631
0.0632
0.0633
0.0634
0.0635
0.0636
0.0637
0.0638
0.0639
0.064
0.0641
0.0642
0.0643
0.0644
0.0645
0.0646
0.0647
0.0648
0.0649
0.065
0.0651
0.0652
0.0653
0.0654
0.0655
0.0656
0.0657
0.0658
0.0659
0.066
0.0661
0.0662
0.0663
0.0664
0.0665
0.0666
0.0667
0.0668
0.0669
0.067
0.0671
0.0672
0.0673
0.0674
0.0675
0.0676
0.0677
0.0678
0.0679
0.068
0.0681
0.0682
0.0683
0.0684
0.0685
0.0686
0.0687
0.0688
0.0689
0.069
0.0691
0.0692
0.0693
0.0694
0.0695
0.0696
0.0697
0.0698
0.0699
0.07
0.0701
0.0702
0.0703
0.0704
0.0705
0.0706
0.0707
0.0708
0.0709
0.071
0.0711
0.0712
0.0713
0.0714
0.0715
0.0716
0.0717
0.0718
0.0719
0.072
0.0721
0.0722
0.0723
0.0724
0.0725
0.0726
0.0727
0.0728
0.0729
0.073
0.0731
0.0732
0.0733
0.0734
0.0735
0.0736
0.0737
0.0738
0.0739
0.074
0.0741
0.0742
0.0743
0.0744
0.0745
0.0746
0.0747
0.0748
0.0749
0.075
0.0751
0.0752
0.0753
0.0754
0.0755
0.0756
0.0757
0.0758
0.0759
0.076
0.0761
0.0762
0.0763
0.0764
0.0765
0.0766
0.0767
0.0768
0.0769
0.077
0.0771
0.0772
0.0773
0.0774
0.0775
0.0776
0.0777
0.0778
0.0779
0.078
0.0781
0.0782
0.0783
0.0784
0.0785
0.0786
0.0787
0.0788
0.0789
0.079
0.0791
0.0792
0.0793
0.0794
0.0795
0.0796
0.0797
0.0798
0.0799
0.08
0.0801
0.0802
0.0803
0.0804
0.0805
0.0806
0.0807
0.0808
0.0809
0.081
0.0811
0.0812
0.0813
0.0814
0.0815
0.0816
0.0817
0.0818
0.0819
0.082
0.0821
0.0822
0.0823
0.0824
0.0825
0.0826
0.0827
0.0828
0.0829
0.083
0.0831
0.0832
0.0833
0.0834
0.0835
0.0836
0.0837
0.0838
0.0839
0.084
0.0841
0.0842
0.0843
0.0844
0.0845
0.0846
0.0847
0.0848
0.0849
0.085
0.0851
0.0852
0.0853
0.0854
0.0855
0.0856
0.0857
0.0858
0.0859
0.086
0.0861
0.0862
0.0863
0.0864
0.0865
0.0866
0.0867
0.0868
0.0869
0.087
0.0871
0.0872
0.0873
0.0874
0.0875
0.0876
0.0877
0.0878
0.0879
0.088
0.0881
0.0882
0.0883
0.0884
0.0885
0.0886
0.0887
0.0888
0.0889
0.089
0.0891
0.0892
0.0893
0.0894
0.0895
0.0896
0.0897
0.0898
0.0899
0.09
0.0901
0.0902
0.0903
0.0904
0.0905
0.0906
0.0907
0.0908
0.0909
0.091
0.0911
0.0912
0.0913
0.0914
0.0915
0.0916
0.0917
0.0918
0.0919
0.092
0.0921
0.0922
0.0923
0.0924
0.0925
0.0926
0.0927
0.0928
0.0929
0.093
0.0931
0.0932
0.0933
0.0934
0.0935
0.0936
0.0937
0.0938
0.0939
0.094
0.0941
0.0942
0.0943
0.0944
0.0945
0.0946
0.0947
0.0948
0.0949
0.095
0.0951
0.0952
0.0953
0.0954
0.0955
0.0956
0.0957
0.0958
0.0959
0.096
0.0961
0.0962
0.0963
0.0964
0.0965
0.0966
0.0967
0.0968
0.0969
0.097
0.0971
0.0972
0.0973
0.0974
0.0975
0.0976
0.0977
0.0978
0.0979
0.098
0.0981
0.0982
0.0983
0.0984
0.0985
0.0986
0.0987
0.0988
0.0989
0.099
0.0991
0.0992
0.0993
0.0994
0.0995
0.0996
0.0997
0.0998
0.0999
0.1
0.1001
0.1002
0.1003
0.1004
0.1005
0.1006
0.1007
0.1008
0.1009
0.101
0.1011
0.1012
0.1013
0.1014
0.1015
0.1016
0.1017
0.1018
0.1019
0.102
0.1021
0.1022
0.1023
0.1024
0.1025
0.1026
0.1027
0.1028
0.1029
0.103
0.1031
0.1032
0.1033
0.1034
0.1035
0.1036
0.1037
0.1038
0.1039
0.104
0.1041
0.1042
0.1043
0.1044
0.1045
0.1046
0.1047
0.1048
0.1049
0.105
0.1051
0.1052
0.1053
0.1054
0.1055
0.1056
0.1057
0.1058
0.1059
0.106
0.1061
0.1062
0.1063
0.1064
0.1065
0.1066
0.1067
0.1068
0.1069
0.107
0.1071
0.1072
0.1073
0.1074
0.1075
0.1076
0.1077
0.1078
0.1079
0.108
0.1081
0.1082
0.1083
0.1084
0.1085
0.1086
0.1087
0.1088
0.1089
0.109
0.1091
0.1092
0.1093
0.1094
0.1095
0.1096
0.1097
0.1098
0.1099
0.11
0.1101
0.1102
0.1103
0.1104
0.1105
0.1106
0.1107
0.1108
0.1109
0.111
0.1111
0.1112
0.1113
0.1114
0.1115
0.1116
0.1117
0.1118
0.1119
0.112
0.1121
0.1122
0.1123
0.1124
0.1125
0.1126
0.1127
0.1128
0.1129
0.113
0.1131
0.1132
0.1133
0.1134
0.1135
0.1136
0.1137
0.1138
0.1139
0.114
0.1141
0.1142
0.1143
0.1144
0.1145
0.1146
0.1147
0.1148
0.1149
0.115
0.1151
0.1152
0.1153
0.1154
0.1155
0.1156
0.1157
0.1158
0.1159
0.116
0.1161
0.1162
0.1163
0.1164
0.1165
0.1166
0.1167
0.1168
0.1169
0.117
0.1171
0.1172
0.1173
0.1174
0.1175
0.1176
0.1177
0.1178
0.1179
0.118
0.1181
0.1182
0.1183
0.1184
0.1185
0.1186
0.1187
0.1188
0.1189
0.119
0.1191
0.1192
0.1193
0.1194
0.1195
0.1196
0.1197
0.1198
0.1199
0.12
0.1201
0.1202
0.1203
0.1204
0.1205
0.1206
0.1207
0.1208
0.1209
0.121
0.1211
0.1212
0.1213
0.1214
0.1215
0.1216
0.1217
0.1218
0.1219
0.122
0.1221
0.1222
0.1223
0.1224
0.1225
0.1226
0.1227
0.1228
0.1229
0.123
0.1231
0.1232
0.1233
0.1234
0.1235
0.1236
0.1237
0.1238
0.1239
0.124
0.1241
0.1242
0.1243
0.1244
0.1245
0.1246
0.1247
0.1248
0.1249
0.125
0.1251
0.1252
0.1253
0.1254
0.1255
0.1256
0.1257
0.1258
0.1259
0.126
0.1261
0.1262
0.1263
0.1264
0.1265
0.1266
0.1267
0.1268
0.1269
0.127
0.1271
0.1272
0.1273
0.1274
0.1275
0.1276
0.1277
0.1278
0.1279
0.128
0.1281
0.1282
0.1283
0.1284
0.1285
0.1286
0.1287
0.1288
0.1289
0.129
0.1291
0.1292
0.1293
0.1294
0.1295
0.1296
0.1297
0.1298
0.1299
0.13
0.1301
0.1302
0.1303
0.1304
0.1305
0.1306
0.1307
0.1308
0.1309
0.131
0.1311
0.1312
0.1313
0.1314
0.1315
0.1316
0.1317
0.1318
0.1319
0.132
0.1321
0.1322
0.1323
0.1324
0.1325
0.1326
0.1327
0.1328
0.1329
0.133
0.1331
0.1332
0.1333
0.1334
0.1335
0.1336
0.1337
0.1338
0.1339
0.134
0.1341
0.1342
0.1343
0.1344
0.1345
0.1346
0.1347
0.1348
0.1349
0.135
0.1351
0.1352
0.1353
0.1354
0.1355
0.1356
0.1357
0.1358
0.1359
0.136
0.1361
0.1362
0.1363
0.1364
0.1365
0.1366
0.1367
0.1368
0.1369
0.137
0.1371
0.1372
0.1373
0.1374
0.1375
0.1376
0.1377
0.1378
0.1379
0.138
0.1381
0.1382
0.1383
0.1384
0.1385
0.1386
0.1387
0.1388
0.1389
0.139
0.1391
0.1392
0.1393
0.1394
0.1395
0.1396
0.1397
0.1398
0.1399
0.14
0.1401
0.1402
0.1403
0.1404
0.1405
0.1406
0.1407
0.1408
0.1409
0.141
0.1411
0.1412
0.1413
0.1414
0.1415
0.1416
0.1417
0.1418
0.1419
0.142
0.1421
0.1422
0.1423
0.1424
0.1425
0.1426
0.1427
0.1428
0.1429
0.143
0.1431
0.1432
0.1433
0.1434
0.1435
0.1436
0.1437
0.1438
0.1439
0.144
0.1441
0.1442
0.1443
0.1444
0.1445
0.1446
0.1447
0.1448
0.1449
0.145
0.1451
0.1452
0.1453
0.1454
0.1455
0.1456
0.1457
0.1458
0.1459
0.146
0.1461
0.1462
0.1463
0.1464
0.1465
0.1466
0.1467
0.1468
0.1469
0.147
0.1471
0.1472
0.1473
0.1474
0.1475
0.1476
0.1477
0.1478
0.1479
0.148
0.1481
0.1482
0.1483
0.1484
0.1485
0.1486
0.1487
0.1488
0.1489
0.149
0.1491
0.1492
0.1493
0.1494
0.1495
0.1496
0.1497
0.1498
0.1499
0.15
0.1501
0.1502
0.1503
0.1504
0.1505
0.1506
0.1507
0.1508
0.1509
0.151
0.1511
0.1512
0.1513
0.1514
0.1515
0.1516
0.1517
0.1518
0.1519
0.152
0.1521
0.1522
0.1523
0.1524
0.1525
0.1526
0.1527
0.1528
0.1529
0.153
0.1531
0.1532
0.1533
0.1534
0.1535
0.1536
0.1537
0.1538
0.1539
0.154
0.1541
0.1542
0.1543
0.1544
0.1545
0.1546
0.1547
0.1548
0.1549
0.155
0.1551
0.1552
0.1553
0.1554
0.1555
0.1556
0.1557
0.1558
0.1559
0.156
0.1561
0.1562
0.1563
0.1564
0.1565
0.1566
0.1567
0.1568
0.1569
0.157
0.1571
0.1572
0.1573
0.1574
0.1575
0.1576
0.1577
0.1578
0.1579
0.158
0.1581
0.1582
0.1583
0.1584
0.1585
0.1586
0.1587
0.1588
0.1589
0.159
0.1591
0.1592
0.1593
0.1594
0.1595
0.1596
0.1597
0.1598
0.1599
0.16
0.1601
0.1602
0.1603
0.1604
0.1605
0.1606
0.1607
0.1608
0.1609
0.161
0.1611
0.1612
0.1613
0.1614
0.1615
0.1616
0.1617
0.1618
0.1619
0.162
0.1621
0.1622
0.1623
0.1624
0.1625
0.1626
0.1627
0.1628
0.1629
0.163
0.1631
0.1632
0.1633
0.1634
0.1635
0.1636
0.1637
0.1638
0.1639
0.164
0.1641
0.1642
0.1643
0.1644
0.1645
0.1646
0.1647
0.1648
0.1649
0.165
0.1651
0.1652
0.1653
0.1654
0.1655
0.1656
0.1657
0.1658
0.1659
0.166
0.1661
0.1662
0.1663
0.1664
0.1665
0.1666
0.1667
0.1668
0.1669
0.167
0.1671
0.1672
0.1673
0.1674
0.1675
0.1676
0.1677
0.1678
0.1679
0.168
0.1681
0.1682
0.1683
0.1684
0.1685
0.1686
0.1687
0.1688
0.1689
0.169
0.1691
0.1692
0.1693
0.1694
0.1695
0.1696
0.1697
0.1698
0.1699
0.17
0.1701
0.1702
0.1703
0.1704
0.1705
0.1706
0.1707
0.1708
0.1709
0.171
0.1711
0.1712
0.1713
0.1714
0.1715
0.1716
0.1717
0.1718
0.1719
0.172
0.1721
0.1722
0.1723
0.1724
0.1725
0.1726
0.1727
0.1728
0.1729
0.173
0.1731
0.1732
0.1733
0.1734
0.1735
0.1736
0.1737
0.1738
0.1739
0.174
0.1741
0.1742
0.1743
0.1744
0.1745
0.1746
0.1747
0.1748
0.1749
0.175
0.1751
0.1752
0.1753
0.1754
0.1755
0.1756
0.1757
0.1758
0.1759
0.176
0.1761
0.1762
0.1763
0.1764
0.1765
0.1766
0.1767
0.1768
0.1769
0.177
0.1771
0.1772
0.1773
0.1774
0.1775
0.1776
0.1777
0.1778
0.1779
0.178
0.1781
0.1782
0.1783
0.1784
0.1785
0.1786
0.1787
0.1788
0.1789
0.179
0.1791
0.1792
0.1793
0.1794
0.1795
0.1796
0.1797
0.1798
0.1799
0.18
0.1801
0.1802
0.1803
0.1804
0.1805
0.1806
0.1807
0.1808
0.1809
0.181
0.1811
0.1812
0.1813
0.1814
0.1815
0.1816
0.1817
0.1818
0.1819
0.182
0.1821
0.1822
0.1823
0.1824
0.1825
0.1826
0.1827
0.1828
0.1829
0.183
0.1831
0.1832
0.1833
0.1834
0.1835
0.1836
0.1837
0.1838
0.1839
0.184
0.1841
0.1842
0.1843
0.1844
0.1845
0.1846
0.1847
0.1848
0.1849
0.185
0.1851
0.1852
0.1853
0.1854
0.1855
0.1856
0.1857
0.1858
0.1859
0.186
0.1861
0.1862
0.1863
0.1864
0.1865
0.1866
0.1867
0.1868
0.1869
0.187
0.1871
0.1872
0.1873
0.1874
0.1875
0.1876
0.1877
0.1878
0.1879
0.188
0.1881
0.1882
0.1883
0.1884
0.1885
0.1886
0.1887
0.1888
0.1889
0.189
0.1891
0.1892
0.1893
0.1894
0.1895
0.1896
0.1897
0.1898
0.1899
0.19
0.1901
0.1902
0.1903
0.1904
0.1905
0.1906
0.1907
0.1908
0.1909
0.191
0.1911
0.1912
0.1913
0.1914
0.1915
0.1916
0.1917
0.1918
0.1919
0.192
0.1921
0.1922
0.1923
0.1924
0.1925
0.1926
0.1927
0.1928
0.1929
0.193
0.1931
0.1932
0.1933
0.1934
0.1935
0.1936
0.1937
0.1938
0.1939
0.194
0.1941
0.1942
0.1943
0.1944
0.1945
0.1946
0.1947
0.1948
0.1949
0.195
0.1951
0.1952
0.1953
0.1954
0.1955
0.1956
0.1957
0.1958
0.1959
0.196
0.1961
0.1962
0.1963
0.1964
0.1965
0.1966
0.1967
0.1968
0.1969
0.197
0.1971
0.1972
0.1973
0.1974
0.1975
0.1976
0.1977
0.1978
0.1979
0.198
0.1981
0.1982
0.1983
0.1984
0.1985
0.1986
0.1987
0.1988
0.1989
0.199
0.1991
0.1992
0.1993
0.1994
0.1995
0.1996
0.1997
0.1998
0.1999
0.2
0.2001
0.2002
0.2003
0.2004
0.2005
0.2006
0.2007
0.2008
0.2009
0.201
0.2011
0.2012
0.2013
0.2014
0.2015
0.2016
0.2017
0.2018
0.2019
0.202
0.2021
0.2022
0.2023
0.2024
0.2025
0.2026
0.2027
0.2028
0.2029
0.203
0.2031
0.2032
0.2033
0.2034
0.2035
0.2036
0.2037
0.2038
0.2039
0.204
0.2041
0.2042
0.2043
0.2044
0.2045
0.2046
0.2047
0.2048
0.2049
0.205
0.2051
0.2052
0.2053
0.2054
0.2055
0.2056
0.2057
0.2058
0.2059
0.206
0.2061
0.2062
0.2063
0.2064
0.2065
0.2066
0.2067
0.2068
0.2069
0.207
0.2071
0.2072
0.2073
0.2074
0.2075
0.2076
0.2077
0.2078
0.2079
0.208
0.2081
0.2082
0.2083
0.2084
0.2085
0.2086
0.2087
0.2088
0.2089
0.209
0.2091
0.2092
0.2093
0.2094
0.2095
0.2096
0.2097
0.2098
0.2099
0.21
0.2101
0.2102
0.2103
0.2104
0.2105
0.2106
0.2107
0.2108
0.2109
0.211
0.2111
0.2112
0.2113
0.2114
0.2115
0.2116
0.2117
0.2118
0.2119
0.212
0.2121
0.2122
0.2123
0.2124
0.2125
0.2126
0.2127
0.2128
0.2129
0.213
0.2131
0.2132
0.2133
0.2134
0.2135
0.2136
0.2137
0.2138
0.2139
0.214
0.2141
0.2142
0.2143
0.2144
0.2145
0.2146
0.2147
0.2148
0.2149
0.215
0.2151
0.2152
0.2153
0.2154
0.2155
0.2156
0.2157
0.2158
0.2159
0.216
0.2161
0.2162
0.2163
0.2164
0.2165
0.2166
0.2167
0.2168
0.2169
0.217
0.2171
0.2172
0.2173
0.2174
0.2175
0.2176
0.2177
0.2178
0.2179
0.218
0.2181
0.2182
0.2183
0.2184
0.2185
0.2186
0.2187
0.2188
0.2189
0.219
0.2191
0.2192
0.2193
0.2194
0.2195
0.2196
0.2197
0.2198
0.2199
0.22
0.2201
0.2202
0.2203
0.2204
0.2205
0.2206
0.2207
0.2208
0.2209
0.221
0.2211
0.2212
0.2213
0.2214
0.2215
0.2216
0.2217
0.2218
0.2219
0.222
0.2221
0.2222
0.2223
0.2224
0.2225
0.2226
0.2227
0.2228
0.2229
0.223
0.2231
0.2232
0.2233
0.2234
0.2235
0.2236
0.2237
0.2238
0.2239
0.224
0.2241
0.2242
0.2243
0.2244
0.2245
0.2246
0.2247
0.2248
0.2249
0.225
0.2251
0.2252
0.2253
0.2254
0.2255
0.2256
0.2257
0.2258
0.2259
0.226
0.2261
0.2262
0.2263
0.2264
0.2265
0.2266
0.2267
0.2268
0.2269
0.227
0.2271
0.2272
0.2273
0.2274
0.2275
0.2276
0.2277
0.2278
0.2279
0.228
0.2281
0.2282
0.2283
0.2284
0.2285
0.2286
0.2287
0.2288
0.2289
0.229
0.2291
0.2292
0.2293
0.2294
0.2295
0.2296
0.2297
0.2298
0.2299
0.23
0.2301
0.2302
0.2303
0.2304
0.2305
0.2306
0.2307
0.2308
0.2309
0.231
0.2311
0.2312
0.2313
0.2314
0.2315
0.2316
0.2317
0.2318
0.2319
0.232
0.2321
0.2322
0.2323
0.2324
0.2325
0.2326
0.2327
0.2328
0.2329
0.233
0.2331
0.2332
0.2333
0.2334
0.2335
0.2336
0.2337
0.2338
0.2339
0.234
0.2341
0.2342
0.2343
0.2344
0.2345
0.2346
0.2347
0.2348
0.2349
0.235
0.2351
0.2352
0.2353
0.2354
0.2355
0.2356
0.2357
0.2358
0.2359
0.236
0.2361
0.2362
0.2363
0.2364
0.2365
0.2366
0.2367
0.2368
0.2369
0.237
0.2371
0.2372
0.2373
0.2374
0.2375
0.2376
0.2377
0.2378
0.2379
0.238
0.2381
0.2382
0.2383
0.2384
0.2385
0.2386
0.2387
0.2388
0.2389
0.239
0.2391
0.2392
0.2393
0.2394
0.2395
0.2396
0.2397
0.2398
0.2399
0.24
0.2401
0.2402
0.2403
0.2404
0.2405
0.2406
0.2407
0.2408
0.2409
0.241
0.2411
0.2412
0.2413
0.2414
0.2415
0.2416
0.2417
0.2418
0.2419
0.242
0.2421
0.2422
0.2423
0.2424
0.2425
0.2426
0.2427
0.2428
0.2429
0.243
0.2431
0.2432
0.2433
0.2434
0.2435
0.2436
0.2437
0.2438
0.2439
0.244
0.2441
0.2442
0.2443
0.2444
0.2445
0.2446
0.2447
0.2448
0.2449
0.245
0.2451
0.2452
0.2453
0.2454
0.2455
0.2456
0.2457
0.2458
0.2459
0.246
0.2461
0.2462
0.2463
0.2464
0.2465
0.2466
0.2467
0.2468
0.2469
0.247
0.2471
0.2472
0.2473
0.2474
0.2475
0.2476
0.2477
0.2478
0.2479
0.248
0.2481
0.2482
0.2483
0.2484
0.2485
0.2486
0.2487
0.2488
0.2489
0.249
0.2491
0.2492
0.2493
0.2494
0.2495
0.2496
0.2497
0.2498
0.2499
0.25
0.2501
0.2502
0.2503
0.2504
0.2505
0.2506
0.2507
0.2508
0.2509
0.251
0.2511
0.2512
0.2513
0.2514
0.2515
0.2516
0.2517
0.2518
0.2519
0.252
0.2521
0.2522
0.2523
0.2524
0.2525
0.2526
0.2527
0.2528
0.2529
0.253
0.2531
0.2532
0.2533
0.2534
0.2535
0.2536
0.2537
0.2538
0.2539
0.254
0.2541
0.2542
0.2543
0.2544
0.2545
0.2546
0.2547
0.2548
0.2549
0.255
0.2551
0.2552
0.2553
0.2554
0.2555
0.2556
0.2557
0.2558
0.2559
0.256
0.2561
0.2562
0.2563
0.2564
0.2565
0.2566
0.2567
0.2568
0.2569
0.257
0.2571
0.2572
0.2573
0.2574
0.2575
0.2576
0.2577
0.2578
0.2579
0.258
0.2581
0.2582
0.2583
0.2584
0.2585
0.2586
0.2587
0.2588
0.2589
0.259
0.2591
0.2592
0.2593
0.2594
0.2595
0.2596
0.2597
0.2598
0.2599
0.26
0.2601
0.2602
0.2603
0.2604
0.2605
0.2606
0.2607
0.2608
0.2609
0.261
0.2611
0.2612
0.2613
0.2614
0.2615
0.2616
0.2617
0.2618
0.2619
0.262
0.2621
0.2622
0.2623
0.2624
0.2625
0.2626
0.2627
0.2628
0.2629
0.263
0.2631
0.2632
0.2633
0.2634
0.2635
0.2636
0.2637
0.2638
0.2639
0.264
0.2641
0.2642
0.2643
0.2644
0.2645
0.2646
0.2647
0.2648
0.2649
0.265
0.2651
0.2652
0.2653
0.2654
0.2655
0.2656
0.2657
0.2658
0.2659
0.266
0.2661
0.2662
0.2663
0.2664
0.2665
0.2666
0.2667
0.2668
0.2669
0.267
0.2671
0.2672
0.2673
0.2674
0.2675
0.2676
0.2677
0.2678
0.2679
0.268
0.2681
0.2682
0.2683
0.2684
0.2685
0.2686
0.2687
0.2688
0.2689
0.269
0.2691
0.2692
0.2693
0.2694
0.2695
0.2696
0.2697
0.2698
0.2699
0.27
0.2701
0.2702
0.2703
0.2704
0.2705
0.2706
0.2707
0.2708
0.2709
0.271
0.2711
0.2712
0.2713
0.2714
0.2715
0.2716
0.2717
0.2718
0.2719
0.272
0.2721
0.2722
0.2723
0.2724
0.2725
0.2726
0.2727
0.2728
0.2729
0.273
0.2731
0.2732
0.2733
0.2734
0.2735
0.2736
0.2737
0.2738
0.2739
0.274
0.2741
0.2742
0.2743
0.2744
0.2745
0.2746
0.2747
0.2748
0.2749
0.275
0.2751
0.2752
0.2753
0.2754
0.2755
0.2756
0.2757
0.2758
0.2759
0.276
0.2761
0.2762
0.2763
0.2764
0.2765
0.2766
0.2767
0.2768
0.2769
0.277
0.2771
0.2772
0.2773
0.2774
0.2775
0.2776
0.2777
0.2778
0.2779
0.278
0.2781
0.2782
0.2783
0.2784
0.2785
0.2786
0.2787
0.2788
0.2789
0.279
0.2791
0.2792
0.2793
0.2794
0.2795
0.2796
0.2797
0.2798
0.2799
0.28
0.2801
0.2802
0.2803
0.2804
0.2805
0.2806
0.2807
0.2808
0.2809
0.281
0.2811
0.2812
0.2813
0.2814
0.2815
0.2816
0.2817
0.2818
0.2819
0.282
0.2821
0.2822
0.2823
0.2824
0.2825
0.2826
0.2827
0.2828
0.2829
0.283
0.2831
0.2832
0.2833
0.2834
0.2835
0.2836
0.2837
0.2838
0.2839
0.284
0.2841
0.2842
0.2843
0.2844
0.2845
0.2846
0.2847
0.2848
0.2849
0.285
0.2851
0.2852
0.2853
0.2854
0.2855
0.2856
0.2857
0.2858
0.2859
0.286
0.2861
0.2862
0.2863
0.2864
0.2865
0.2866
0.2867
0.2868
0.2869
0.287
0.2871
0.2872
0.2873
0.2874
0.2875
0.2876
0.2877
0.2878
0.2879
0.288
0.2881
0.2882
0.2883
0.2884
0.2885
0.2886
0.2887
0.2888
0.2889
0.289
0.2891
0.2892
0.2893
0.2894
0.2895
0.2896
0.2897
0.2898
0.2899
0.29
0.2901
0.2902
0.2903
0.2904
0.2905
0.2906
0.2907
0.2908
0.2909
0.291
0.2911
0.2912
0.2913
0.2914
0.2915
0.2916
0.2917
0.2918
0.2919
0.292
0.2921
0.2922
0.2923
0.2924
0.2925
0.2926
0.2927
0.2928
0.2929
0.293
0.2931
0.2932
0.2933
0.2934
0.2935
0.2936
0.2937
0.2938
0.2939
0.294
0.2941
0.2942
0.2943
0.2944
0.2945
0.2946
0.2947
0.2948
0.2949
0.295
0.2951
0.2952
0.2953
0.2954
0.2955
0.2956
0.2957
0.2958
0.2959
0.296
0.2961
0.2962
0.2963
0.2964
0.2965
0.2966
0.2967
0.2968
0.2969
0.297
0.2971
0.2972
0.2973
0.2974
0.2975
0.2976
0.2977
0.2978
0.2979
0.298
0.2981
0.2982
0.2983
0.2984
0.2985
0.2986
0.2987
0.2988
0.2989
0.299
0.2991
0.2992
0.2993
0.2994
0.2995
0.2996
0.2997
0.2998
0.2999
0.3
0.3001
0.3002
0.3003
0.3004
0.3005
0.3006
0.3007
0.3008
0.3009
0.301
0.3011
0.3012
0.3013
0.3014
0.3015
0.3016
0.3017
0.3018
0.3019
0.302
0.3021
0.3022
0.3023
0.3024
0.3025
0.3026
0.3027
0.3028
0.3029
0.303
0.3031
0.3032
0.3033
0.3034
0.3035
0.3036
0.3037
0.3038
0.3039
0.304
0.3041
0.3042
0.3043
0.3044
0.3045
0.3046
0.3047
0.3048
0.3049
0.305
0.3051
0.3052
0.3053
0.3054
0.3055
0.3056
0.3057
0.3058
0.3059
0.306
0.3061
0.3062
0.3063
0.3064
0.3065
0.3066
0.3067
0.3068
0.3069
0.307
0.3071
0.3072
0.3073
0.3074
0.3075
0.3076
0.3077
0.3078
0.3079
0.308
0.3081
0.3082
0.3083
0.3084
0.3085
0.3086
0.3087
0.3088
0.3089
0.309
0.3091
0.3092
0.3093
0.3094
0.3095
0.3096
0.3097
0.3098
0.3099
0.31
0.3101
0.3102
0.3103
0.3104
0.3105
0.3106
0.3107
0.3108
0.3109
0.311
0.3111
0.3112
0.3113
0.3114
0.3115
0.3116
0.3117
0.3118
0.3119
0.312
0.3121
0.3122
0.3123
0.3124
0.3125
0.3126
0.3127
0.3128
0.3129
0.313
0.3131
0.3132
0.3133
0.3134
0.3135
0.3136
0.3137
0.3138
0.3139
0.314
0.3141
0.3142
0.3143
0.3144
0.3145
0.3146
0.3147
0.3148
0.3149
0.315
0.3151
0.3152
0.3153
0.3154
0.3155
0.3156
0.3157
0.3158
0.3159
0.316
0.3161
0.3162
0.3163
0.3164
0.3165
0.3166
0.3167
0.3168
0.3169
0.317
0.3171
0.3172
0.3173
0.3174
0.3175
0.3176
0.3177
0.3178
0.3179
0.318
0.3181
0.3182
0.3183
0.3184
0.3185
0.3186
0.3187
0.3188
0.3189
0.319
0.3191
0.3192
0.3193
0.3194
0.3195
0.3196
0.3197
0.3198
0.3199
0.32
0.3201
0.3202
0.3203
0.3204
0.3205
0.3206
0.3207
0.3208
0.3209
0.321
0.3211
0.3212
0.3213
0.3214
0.3215
0.3216
0.3217
0.3218
0.3219
0.322
0.3221
0.3222
0.3223
0.3224
0.3225
0.3226
0.3227
0.3228
0.3229
0.323
0.3231
0.3232
0.3233
0.3234
0.3235
0.3236
0.3237
0.3238
0.3239
0.324
0.3241
0.3242
0.3243
0.3244
0.3245
0.3246
0.3247
0.3248
0.3249
0.325
0.3251
0.3252
0.3253
0.3254
0.3255
0.3256
0.3257
0.3258
0.3259
0.326
0.3261
0.3262
0.3263
0.3264
0.3265
0.3266
0.3267
0.3268
0.3269
0.327
0.3271
0.3272
0.3273
0.3274
0.3275
0.3276
0.3277
0.3278
0.3279
0.328
0.3281
0.3282
0.3283
0.3284
0.3285
0.3286
0.3287
0.3288
0.3289
0.329
0.3291
0.3292
0.3293
0.3294
0.3295
0.3296
0.3297
0.3298
0.3299
0.33
0.3301
0.3302
0.3303
0.3304
0.3305
0.3306
0.3307
0.3308
0.3309
0.331
0.3311
0.3312
0.3313
0.3314
0.3315
0.3316
0.3317
0.3318
0.3319
0.332
0.3321
0.3322
0.3323
0.3324
0.3325
0.3326
0.3327
0.3328
0.3329
0.333
0.3331
0.3332
0.3333
0.3334
0.3335
0.3336
0.3337
0.3338
0.3339
0.334
0.3341
0.3342
0.3343
0.3344
0.3345
0.3346
0.3347
0.3348
0.3349
0.335
0.3351
0.3352
0.3353
0.3354
0.3355
0.3356
0.3357
0.3358
0.3359
0.336
0.3361
0.3362
0.3363
0.3364
0.3365
0.3366
0.3367
0.3368
0.3369
0.337
0.3371
0.3372
0.3373
0.3374
0.3375
0.3376
0.3377
0.3378
0.3379
0.338
0.3381
0.3382
0.3383
0.3384
0.3385
0.3386
0.3387
0.3388
0.3389
0.339
0.3391
0.3392
0.3393
0.3394
0.3395
0.3396
0.3397
0.3398
0.3399
0.34
0.3401
0.3402
0.3403
0.3404
0.3405
0.3406
0.3407
0.3408
0.3409
0.341
0.3411
0.3412
0.3413
0.3414
0.3415
0.3416
0.3417
0.3418
0.3419
0.342
0.3421
0.3422
0.3423
0.3424
0.3425
0.3426
0.3427
0.3428
0.3429
0.343
0.3431
0.3432
0.3433
0.3434
0.3435
0.3436
0.3437
0.3438
0.3439
0.344
0.3441
0.3442
0.3443
0.3444
0.3445
0.3446
0.3447
0.3448
0.3449
0.345
0.3451
0.3452
0.3453
0.3454
0.3455
0.3456
0.3457
0.3458
0.3459
0.346
0.3461
0.3462
0.3463
0.3464
0.3465
0.3466
0.3467
0.3468
0.3469
0.347
0.3471
0.3472
0.3473
0.3474
0.3475
0.3476
0.3477
0.3478
0.3479
0.348
0.3481
0.3482
0.3483
0.3484
0.3485
0.3486
0.3487
0.3488
0.3489
0.349
0.3491
0.3492
0.3493
0.3494
0.3495
0.3496
0.3497
0.3498
0.3499
0.35
0.3501
0.3502
0.3503
0.3504
0.3505
0.3506
0.3507
0.3508
0.3509
0.351
0.3511
0.3512
0.3513
0.3514
0.3515
0.3516
0.3517
0.3518
0.3519
0.352
0.3521
0.3522
0.3523
0.3524
0.3525
0.3526
0.3527
0.3528
0.3529
0.353
0.3531
0.3532
0.3533
0.3534
0.3535
0.3536
0.3537
0.3538
0.3539
0.354
0.3541
0.3542
0.3543
0.3544
0.3545
0.3546
0.3547
0.3548
0.3549
0.355
0.3551
0.3552
0.3553
0.3554
0.3555
0.3556
0.3557
0.3558
0.3559
0.356
0.3561
0.3562
0.3563
0.3564
0.3565
0.3566
0.3567
0.3568
0.3569
0.357
0.3571
0.3572
0.3573
0.3574
0.3575
0.3576
0.3577
0.3578
0.3579
0.358
0.3581
0.3582
0.3583
0.3584
0.3585
0.3586
0.3587
0.3588
0.3589
0.359
0.3591
0.3592
0.3593
0.3594
0.3595
0.3596
0.3597
0.3598
0.3599
0.36
0.3601
0.3602
0.3603
0.3604
0.3605
0.3606
0.3607
0.3608
0.3609
0.361
0.3611
0.3612
0.3613
0.3614
0.3615
0.3616
0.3617
0.3618
0.3619
0.362
0.3621
0.3622
0.3623
0.3624
0.3625
0.3626
0.3627
0.3628
0.3629
0.363
0.3631
0.3632
0.3633
0.3634
0.3635
0.3636
0.3637
0.3638
0.3639
0.364
0.3641
0.3642
0.3643
0.3644
0.3645
0.3646
0.3647
0.3648
0.3649
0.365
0.3651
0.3652
0.3653
0.3654
0.3655
0.3656
0.3657
0.3658
0.3659
0.366
0.3661
0.3662
0.3663
0.3664
0.3665
0.3666
0.3667
0.3668
0.3669
0.367
0.3671
0.3672
0.3673
0.3674
0.3675
0.3676
0.3677
0.3678
0.3679
0.368
0.3681
0.3682
0.3683
0.3684
0.3685
0.3686
0.3687
0.3688
0.3689
0.369
0.3691
0.3692
0.3693
0.3694
0.3695
0.3696
0.3697
0.3698
0.3699
0.37
0.3701
0.3702
0.3703
0.3704
0.3705
0.3706
0.3707
0.3708
0.3709
0.371
0.3711
0.3712
0.3713
0.3714
0.3715
0.3716
0.3717
0.3718
0.3719
0.372
0.3721
0.3722
0.3723
0.3724
0.3725
0.3726
0.3727
0.3728
0.3729
0.373
0.3731
0.3732
0.3733
0.3734
0.3735
0.3736
0.3737
0.3738
0.3739
0.374
0.3741
0.3742
0.3743
0.3744
0.3745
0.3746
0.3747
0.3748
0.3749
0.375
0.3751
0.3752
0.3753
0.3754
0.3755
0.3756
0.3757
0.3758
0.3759
0.376
0.3761
0.3762
0.3763
0.3764
0.3765
0.3766
0.3767
0.3768
0.3769
0.377
0.3771
0.3772
0.3773
0.3774
0.3775
0.3776
0.3777
0.3778
0.3779
0.378
0.3781
0.3782
0.3783
0.3784
0.3785
0.3786
0.3787
0.3788
0.3789
0.379
0.3791
0.3792
0.3793
0.3794
0.3795
0.3796
0.3797
0.3798
0.3799
0.38
0.3801
0.3802
0.3803
0.3804
0.3805
0.3806
0.3807
0.3808
0.3809
0.381
0.3811
0.3812
0.3813
0.3814
0.3815
0.3816
0.3817
0.3818
0.3819
0.382
0.3821
0.3822
0.3823
0.3824
0.3825
0.3826
0.3827
0.3828
0.3829
0.383
0.3831
0.3832
0.3833
0.3834
0.3835
0.3836
0.3837
0.3838
0.3839
0.384
0.3841
0.3842
0.3843
0.3844
0.3845
0.3846
0.3847
0.3848
0.3849
0.385
0.3851
0.3852
0.3853
0.3854
0.3855
0.3856
0.3857
0.3858
0.3859
0.386
0.3861
0.3862
0.3863
0.3864
0.3865
0.3866
0.3867
0.3868
0.3869
0.387
0.3871
0.3872
0.3873
0.3874
0.3875
0.3876
0.3877
0.3878
0.3879
0.388
0.3881
0.3882
0.3883
0.3884
0.3885
0.3886
0.3887
0.3888
0.3889
0.389
0.3891
0.3892
0.3893
0.3894
0.3895
0.3896
0.3897
0.3898
0.3899
0.39
0.3901
0.3902
0.3903
0.3904
0.3905
0.3906
0.3907
0.3908
0.3909
0.391
0.3911
0.3912
0.3913
0.3914
0.3915
0.3916
0.3917
0.3918
0.3919
0.392
0.3921
0.3922
0.3923
0.3924
0.3925
0.3926
0.3927
0.3928
0.3929
0.393
0.3931
0.3932
0.3933
0.3934
0.3935
0.3936
0.3937
0.3938
0.3939
0.394
0.3941
0.3942
0.3943
0.3944
0.3945
0.3946
0.3947
0.3948
0.3949
0.395
0.3951
0.3952
0.3953
0.3954
0.3955
0.3956
0.3957
0.3958
0.3959
0.396
0.3961
0.3962
0.3963
0.3964
0.3965
0.3966
0.3967
0.3968
0.3969
0.397
0.3971
0.3972
0.3973
0.3974
0.3975
0.3976
0.3977
0.3978
0.3979
0.398
0.3981
0.3982
0.3983
0.3984
0.3985
0.3986
0.3987
0.3988
0.3989
0.399
0.3991
0.3992
0.3993
0.3994
0.3995
0.3996
0.3997
0.3998
0.3999
0.4
0.4001
0.4002
0.4003
0.4004
0.4005
0.4006
0.4007
0.4008
0.4009
0.401
0.4011
0.4012
0.4013
0.4014
0.4015
0.4016
0.4017
0.4018
0.4019
0.402
0.4021
0.4022
0.4023
0.4024
0.4025
0.4026
0.4027
0.4028
0.4029
0.403
0.4031
0.4032
0.4033
0.4034
0.4035
0.4036
0.4037
0.4038
0.4039
0.404
0.4041
0.4042
0.4043
0.4044
0.4045
0.4046
0.4047
0.4048
0.4049
0.405
0.4051
0.4052
0.4053
0.4054
0.4055
0.4056
0.4057
0.4058
0.4059
0.406
0.4061
0.4062
0.4063
0.4064
0.4065
0.4066
0.4067
0.4068
0.4069
0.407
0.4071
0.4072
0.4073
0.4074
0.4075
0.4076
0.4077
0.4078
0.4079
0.408
0.4081
0.4082
0.4083
0.4084
0.4085
0.4086
0.4087
0.4088
0.4089
0.409
0.4091
0.4092
0.4093
0.4094
0.4095
0.4096
0.4097
0.4098
0.4099
0.41
0.4101
0.4102
0.4103
0.4104
0.4105
0.4106
0.4107
0.4108
0.4109
0.411
0.4111
0.4112
0.4113
0.4114
0.4115
0.4116
0.4117
0.4118
0.4119
0.412
0.4121
0.4122
0.4123
0.4124
0.4125
0.4126
0.4127
0.4128
0.4129
0.413
0.4131
0.4132
0.4133
0.4134
0.4135
0.4136
0.4137
0.4138
0.4139
0.414
0.4141
0.4142
0.4143
0.4144
0.4145
0.4146
0.4147
0.4148
0.4149
0.415
0.4151
0.4152
0.4153
0.4154
0.4155
0.4156
0.4157
0.4158
0.4159
0.416
0.4161
0.4162
0.4163
0.4164
0.4165
0.4166
0.4167
0.4168
0.4169
0.417
0.4171
0.4172
0.4173
0.4174
0.4175
0.4176
0.4177
0.4178
0.4179
0.418
0.4181
0.4182
0.4183
0.4184
0.4185
0.4186
0.4187
0.4188
0.4189
0.419
0.4191
0.4192
0.4193
0.4194
0.4195
0.4196
0.4197
0.4198
0.4199
0.42
0.4201
0.4202
0.4203
0.4204
0.4205
0.4206
0.4207
0.4208
0.4209
0.421
0.4211
0.4212
0.4213
0.4214
0.4215
0.4216
0.4217
0.4218
0.4219
0.422
0.4221
0.4222
0.4223
0.4224
0.4225
0.4226
0.4227
0.4228
0.4229
0.423
0.4231
0.4232
0.4233
0.4234
0.4235
0.4236
0.4237
0.4238
0.4239
0.424
0.4241
0.4242
0.4243
0.4244
0.4245
0.4246
0.4247
0.4248
0.4249
0.425
0.4251
0.4252
0.4253
0.4254
0.4255
0.4256
0.4257
0.4258
0.4259
0.426
0.4261
0.4262
0.4263
0.4264
0.4265
0.4266
0.4267
0.4268
0.4269
0.427
0.4271
0.4272
0.4273
0.4274
0.4275
0.4276
0.4277
0.4278
0.4279
0.428
0.4281
0.4282
0.4283
0.4284
0.4285
0.4286
0.4287
0.4288
0.4289
0.429
0.4291
0.4292
0.4293
0.4294
0.4295
0.4296
0.4297
0.4298
0.4299
0.43
0.4301
0.4302
0.4303
0.4304
0.4305
0.4306
0.4307
0.4308
0.4309
0.431
0.4311
0.4312
0.4313
0.4314
0.4315
0.4316
0.4317
0.4318
0.4319
0.432
0.4321
0.4322
0.4323
0.4324
0.4325
0.4326
0.4327
0.4328
0.4329
0.433
0.4331
0.4332
0.4333
0.4334
0.4335
0.4336
0.4337
0.4338
0.4339
0.434
0.4341
0.4342
0.4343
0.4344
0.4345
0.4346
0.4347
0.4348
0.4349
0.435
0.4351
0.4352
0.4353
0.4354
0.4355
0.4356
0.4357
0.4358
0.4359
0.436
0.4361
0.4362
0.4363
0.4364
0.4365
0.4366
0.4367
0.4368
0.4369
0.437
0.4371
0.4372
0.4373
0.4374
0.4375
0.4376
0.4377
0.4378
0.4379
0.438
0.4381
0.4382
0.4383
0.4384
0.4385
0.4386
0.4387
0.4388
0.4389
0.439
0.4391
0.4392
0.4393
0.4394
0.4395
0.4396
0.4397
0.4398
0.4399
0.44
0.4401
0.4402
0.4403
0.4404
0.4405
0.4406
0.4407
0.4408
0.4409
0.441
0.4411
0.4412
0.4413
0.4414
0.4415
0.4416
0.4417
0.4418
0.4419
0.442
0.4421
0.4422
0.4423
0.4424
0.4425
0.4426
0.4427
0.4428
0.4429
0.443
0.4431
0.4432
0.4433
0.4434
0.4435
0.4436
0.4437
0.4438
0.4439
0.444
0.4441
0.4442
0.4443
0.4444
0.4445
0.4446
0.4447
0.4448
0.4449
0.445
0.4451
0.4452
0.4453
0.4454
0.4455
0.4456
0.4457
0.4458
0.4459
0.446
0.4461
0.4462
0.4463
0.4464
0.4465
0.4466
0.4467
0.4468
0.4469
0.447
0.4471
0.4472
0.4473
0.4474
0.4475
0.4476
0.4477
0.4478
0.4479
0.448
0.4481
0.4482
0.4483
0.4484
0.4485
0.4486
0.4487
0.4488
0.4489
0.449
0.4491
0.4492
0.4493
0.4494
0.4495
0.4496
0.4497
0.4498
0.4499
0.45
0.4501
0.4502
0.4503
0.4504
0.4505
0.4506
0.4507
0.4508
0.4509
0.451
0.4511
0.4512
0.4513
0.4514
0.4515
0.4516
0.4517
0.4518
0.4519
0.452
0.4521
0.4522
0.4523
0.4524
0.4525
0.4526
0.4527
0.4528
0.4529
0.453
0.4531
0.4532
0.4533
0.4534
0.4535
0.4536
0.4537
0.4538
0.4539
0.454
0.4541
0.4542
0.4543
0.4544
0.4545
0.4546
0.4547
0.4548
0.4549
0.455
0.4551
0.4552
0.4553
0.4554
0.4555
0.4556
0.4557
0.4558
0.4559
0.456
0.4561
0.4562
0.4563
0.4564
0.4565
0.4566
0.4567
0.4568
0.4569
0.457
0.4571
0.4572
0.4573
0.4574
0.4575
0.4576
0.4577
0.4578
0.4579
0.458
0.4581
0.4582
0.4583
0.4584
0.4585
0.4586
0.4587
0.4588
0.4589
0.459
0.4591
0.4592
0.4593
0.4594
0.4595
0.4596
0.4597
0.4598
0.4599
0.46
0.4601
0.4602
0.4603
0.4604
0.4605
0.4606
0.4607
0.4608
0.4609
0.461
0.4611
0.4612
0.4613
0.4614
0.4615
0.4616
0.4617
0.4618
0.4619
0.462
0.4621
0.4622
0.4623
0.4624
0.4625
0.4626
0.4627
0.4628
0.4629
0.463
0.4631
0.4632
0.4633
0.4634
0.4635
0.4636
0.4637
0.4638
0.4639
0.464
0.4641
0.4642
0.4643
0.4644
0.4645
0.4646
0.4647
0.4648
0.4649
0.465
0.4651
0.4652
0.4653
0.4654
0.4655
0.4656
0.4657
0.4658
0.4659
0.466
0.4661
0.4662
0.4663
0.4664
0.4665
0.4666
0.4667
0.4668
0.4669
0.467
0.4671
0.4672
0.4673
0.4674
0.4675
0.4676
0.4677
0.4678
0.4679
0.468
0.4681
0.4682
0.4683
0.4684
0.4685
0.4686
0.4687
0.4688
0.4689
0.469
0.4691
0.4692
0.4693
0.4694
0.4695
0.4696
0.4697
0.4698
0.4699
0.47
0.4701
0.4702
0.4703
0.4704
0.4705
0.4706
0.4707
0.4708
0.4709
0.471
0.4711
0.4712
0.4713
0.4714
0.4715
0.4716
0.4717
0.4718
0.4719
0.472
0.4721
0.4722
0.4723
0.4724
0.4725
0.4726
0.4727
0.4728
0.4729
0.473
0.4731
0.4732
0.4733
0.4734
0.4735
0.4736
0.4737
0.4738
0.4739
0.474
0.4741
0.4742
0.4743
0.4744
0.4745
0.4746
0.4747
0.4748
0.4749
0.475
0.4751
0.4752
0.4753
0.4754
0.4755
0.4756
0.4757
0.4758
0.4759
0.476
0.4761
0.4762
0.4763
0.4764
0.4765
0.4766
0.4767
0.4768
0.4769
0.477
0.4771
0.4772
0.4773
0.4774
0.4775
0.4776
0.4777
0.4778
0.4779
0.478
0.4781
0.4782
0.4783
0.4784
0.4785
0.4786
0.4787
0.4788
0.4789
0.479
0.4791
0.4792
0.4793
0.4794
0.4795
0.4796
0.4797
0.4798
0.4799
0.48
0.4801
0.4802
0.4803
0.4804
0.4805
0.4806
0.4807
0.4808
0.4809
0.481
0.4811
0.4812
0.4813
0.4814
0.4815
0.4816
0.4817
0.4818
0.4819
0.482
0.4821
0.4822
0.4823
0.4824
0.4825
0.4826
0.4827
0.4828
0.4829
0.483
0.4831
0.4832
0.4833
0.4834
0.4835
0.4836
0.4837
0.4838
0.4839
0.484
0.4841
0.4842
0.4843
0.4844
0.4845
0.4846
0.4847
0.4848
0.4849
0.485
0.4851
0.4852
0.4853
0.4854
0.4855
0.4856
0.4857
0.4858
0.4859
0.486
0.4861
0.4862
0.4863
0.4864
0.4865
0.4866
0.4867
0.4868
0.4869
0.487
0.4871
0.4872
0.4873
0.4874
0.4875
0.4876
0.4877
0.4878
0.4879
0.488
0.4881
0.4882
0.4883
0.4884
0.4885
0.4886
0.4887
0.4888
0.4889
0.489
0.4891
0.4892
0.4893
0.4894
0.4895
0.4896
0.4897
0.4898
0.4899
0.49
0.4901
0.4902
0.4903
0.4904
0.4905
0.4906
0.4907
0.4908
0.4909
0.491
0.4911
0.4912
0.4913
0.4914
0.4915
0.4916
0.4917
0.4918
0.4919
0.492
0.4921
0.4922
0.4923
0.4924
0.4925
0.4926
0.4927
0.4928
0.4929
0.493
0.4931
0.4932
0.4933
0.4934
0.4935
0.4936
0.4937
0.4938
0.4939
0.494
0.4941
0.4942
0.4943
0.4944
0.4945
0.4946
0.4947
0.4948
0.4949
0.495
0.4951
0.4952
0.4953
0.4954
0.4955
0.4956
0.4957
0.4958
0.4959
0.496
0.4961
0.4962
0.4963
0.4964
0.4965
0.4966
0.4967
0.4968
0.4969
0.497
0.4971
0.4972
0.4973
0.4974
0.4975
0.4976
0.4977
0.4978
0.4979
0.498
0.4981
0.4982
0.4983
0.4984
0.4985
0.4986
0.4987
0.4988
0.4989
0.499
0.4991
0.4992
0.4993
0.4994
0.4995
0.4996
0.4997
0.4998
0.4999
0.5
0.5001
0.5002
0.5003
0.5004
0.5005
0.5006
0.5007
0.5008
0.5009
0.501
0.5011
0.5012
0.5013
0.5014
0.5015
0.5016
0.5017
0.5018
0.5019
0.502
0.5021
0.5022
0.5023
0.5024
0.5025
0.5026
0.5027
0.5028
0.5029
0.503
0.5031
0.5032
0.5033
0.5034
0.5035
0.5036
0.5037
0.5038
0.5039
0.504
0.5041
0.5042
0.5043
0.5044
0.5045
0.5046
0.5047
0.5048
0.5049
0.505
0.5051
0.5052
0.5053
0.5054
0.5055
0.5056
0.5057
0.5058
0.5059
0.506
0.5061
0.5062
0.5063
0.5064
0.5065
0.5066
0.5067
0.5068
0.5069
0.507
0.5071
0.5072
0.5073
0.5074
0.5075
0.5076
0.5077
0.5078
0.5079
0.508
0.5081
0.5082
0.5083
0.5084
0.5085
0.5086
0.5087
0.5088
0.5089
0.509
0.5091
0.5092
0.5093
0.5094
0.5095
0.5096
0.5097
0.5098
0.5099
0.51
0.5101
0.5102
0.5103
0.5104
0.5105
0.5106
0.5107
0.5108
0.5109
0.511
0.5111
0.5112
0.5113
0.5114
0.5115
0.5116
0.5117
0.5118
0.5119
0.512
0.5121
0.5122
0.5123
0.5124
0.5125
0.5126
0.5127
0.5128
0.5129
0.513
0.5131
0.5132
0.5133
0.5134
0.5135
0.5136
0.5137
0.5138
0.5139
0.514
0.5141
0.5142
0.5143
0.5144
0.5145
0.5146
0.5147
0.5148
0.5149
0.515
0.5151
0.5152
0.5153
0.5154
0.5155
0.5156
0.5157
0.5158
0.5159
0.516
0.5161
0.5162
0.5163
0.5164
0.5165
0.5166
0.5167
0.5168
0.5169
0.517
0.5171
0.5172
0.5173
0.5174
0.5175
0.5176
0.5177
0.5178
0.5179
0.518
0.5181
0.5182
0.5183
0.5184
0.5185
0.5186
0.5187
0.5188
0.5189
0.519
0.5191
0.5192
0.5193
0.5194
0.5195
0.5196
0.5197
0.5198
0.5199
0.52
0.5201
0.5202
0.5203
0.5204
0.5205
0.5206
0.5207
0.5208
0.5209
0.521
0.5211
0.5212
0.5213
0.5214
0.5215
0.5216
0.5217
0.5218
0.5219
0.522
0.5221
0.5222
0.5223
0.5224
0.5225
0.5226
0.5227
0.5228
0.5229
0.523
0.5231
0.5232
0.5233
0.5234
0.5235
0.5236
0.5237
0.5238
0.5239
0.524
0.5241
0.5242
0.5243
0.5244
0.5245
0.5246
0.5247
0.5248
0.5249
0.525
0.5251
0.5252
0.5253
0.5254
0.5255
0.5256
0.5257
0.5258
0.5259
0.526
0.5261
0.5262
0.5263
0.5264
0.5265
0.5266
0.5267
0.5268
0.5269
0.527
0.5271
0.5272
0.5273
0.5274
0.5275
0.5276
0.5277
0.5278
0.5279
0.528
0.5281
0.5282
0.5283
0.5284
0.5285
0.5286
0.5287
0.5288
0.5289
0.529
0.5291
0.5292
0.5293
0.5294
0.5295
0.5296
0.5297
0.5298
0.5299
0.53
0.5301
0.5302
0.5303
0.5304
0.5305
0.5306
0.5307
0.5308
0.5309
0.531
0.5311
0.5312
0.5313
0.5314
0.5315
0.5316
0.5317
0.5318
0.5319
0.532
0.5321
0.5322
0.5323
0.5324
0.5325
0.5326
0.5327
0.5328
0.5329
0.533
0.5331
0.5332
0.5333
0.5334
0.5335
0.5336
0.5337
0.5338
0.5339
0.534
0.5341
0.5342
0.5343
0.5344
0.5345
0.5346
0.5347
0.5348
0.5349
0.535
0.5351
0.5352
0.5353
0.5354
0.5355
0.5356
0.5357
0.5358
0.5359
0.536
0.5361
0.5362
0.5363
0.5364
0.5365
0.5366
0.5367
0.5368
0.5369
0.537
0.5371
0.5372
0.5373
0.5374
0.5375
0.5376
0.5377
0.5378
0.5379
0.538
0.5381
0.5382
0.5383
0.5384
0.5385
0.5386
0.5387
0.5388
0.5389
0.539
0.5391
0.5392
0.5393
0.5394
0.5395
0.5396
0.5397
0.5398
0.5399
0.54
0.5401
0.5402
0.5403
0.5404
0.5405
0.5406
0.5407
0.5408
0.5409
0.541
0.5411
0.5412
0.5413
0.5414
0.5415
0.5416
0.5417
0.5418
0.5419
0.542
0.5421
0.5422
0.5423
0.5424
0.5425
0.5426
0.5427
0.5428
0.5429
0.543
0.5431
0.5432
0.5433
0.5434
0.5435
0.5436
0.5437
0.5438
0.5439
0.544
0.5441
0.5442
0.5443
0.5444
0.5445
0.5446
0.5447
0.5448
0.5449
0.545
0.5451
0.5452
0.5453
0.5454
0.5455
0.5456
0.5457
0.5458
0.5459
0.546
0.5461
0.5462
0.5463
0.5464
0.5465
0.5466
0.5467
0.5468
0.5469
0.547
0.5471
0.5472
0.5473
0.5474
0.5475
0.5476
0.5477
0.5478
0.5479
0.548
0.5481
0.5482
0.5483
0.5484
0.5485
0.5486
0.5487
0.5488
0.5489
0.549
0.5491
0.5492
0.5493
0.5494
0.5495
0.5496
0.5497
0.5498
0.5499
0.55
0.5501
0.5502
0.5503
0.5504
0.5505
0.5506
0.5507
0.5508
0.5509
0.551
0.5511
0.5512
0.5513
0.5514
0.5515
0.5516
0.5517
0.5518
0.5519
0.552
0.5521
0.5522
0.5523
0.5524
0.5525
0.5526
0.5527
0.5528
0.5529
0.553
0.5531
0.5532
0.5533
0.5534
0.5535
0.5536
0.5537
0.5538
0.5539
0.554
0.5541
0.5542
0.5543
0.5544
0.5545
0.5546
0.5547
0.5548
0.5549
0.555
0.5551
0.5552
0.5553
0.5554
0.5555
0.5556
0.5557
0.5558
0.5559
0.556
0.5561
0.5562
0.5563
0.5564
0.5565
0.5566
0.5567
0.5568
0.5569
0.557
0.5571
0.5572
0.5573
0.5574
0.5575
0.5576
0.5577
0.5578
0.5579
0.558
0.5581
0.5582
0.5583
0.5584
0.5585
0.5586
0.5587
0.5588
0.5589
0.559
0.5591
0.5592
0.5593
0.5594
0.5595
0.5596
0.5597
0.5598
0.5599
0.56
0.5601
0.5602
0.5603
0.5604
0.5605
0.5606
0.5607
0.5608
0.5609
0.561
0.5611
0.5612
0.5613
0.5614
0.5615
0.5616
0.5617
0.5618
0.5619
0.562
0.5621
0.5622
0.5623
0.5624
0.5625
0.5626
0.5627
0.5628
0.5629
0.563
0.5631
0.5632
0.5633
0.5634
0.5635
0.5636
0.5637
0.5638
0.5639
0.564
0.5641
0.5642
0.5643
0.5644
0.5645
0.5646
0.5647
0.5648
0.5649
0.565
0.5651
0.5652
0.5653
0.5654
0.5655
0.5656
0.5657
0.5658
0.5659
0.566
0.5661
0.5662
0.5663
0.5664
0.5665
0.5666
0.5667
0.5668
0.5669
0.567
0.5671
0.5672
0.5673
0.5674
0.5675
0.5676
0.5677
0.5678
0.5679
0.568
0.5681
0.5682
0.5683
0.5684
0.5685
0.5686
0.5687
0.5688
0.5689
0.569
0.5691
0.5692
0.5693
0.5694
0.5695
0.5696
0.5697
0.5698
0.5699
0.57
0.5701
0.5702
0.5703
0.5704
0.5705
0.5706
0.5707
0.5708
0.5709
0.571
0.5711
0.5712
0.5713
0.5714
0.5715
0.5716
0.5717
0.5718
0.5719
0.572
0.5721
0.5722
0.5723
0.5724
0.5725
0.5726
0.5727
0.5728
0.5729
0.573
0.5731
0.5732
0.5733
0.5734
0.5735
0.5736
0.5737
0.5738
0.5739
0.574
0.5741
0.5742
0.5743
0.5744
0.5745
0.5746
0.5747
0.5748
0.5749
0.575
0.5751
0.5752
0.5753
0.5754
0.5755
0.5756
0.5757
0.5758
0.5759
0.576
0.5761
0.5762
0.5763
0.5764
0.5765
0.5766
0.5767
0.5768
0.5769
0.577
0.5771
0.5772
0.5773
0.5774
0.5775
0.5776
0.5777
0.5778
0.5779
0.578
0.5781
0.5782
0.5783
0.5784
0.5785
0.5786
0.5787
0.5788
0.5789
0.579
0.5791
0.5792
0.5793
0.5794
0.5795
0.5796
0.5797
0.5798
0.5799
0.58
0.5801
0.5802
0.5803
0.5804
0.5805
0.5806
0.5807
0.5808
0.5809
0.581
0.5811
0.5812
0.5813
0.5814
0.5815
0.5816
0.5817
0.5818
0.5819
0.582
0.5821
0.5822
0.5823
0.5824
0.5825
0.5826
0.5827
0.5828
0.5829
0.583
0.5831
0.5832
0.5833
0.5834
0.5835
0.5836
0.5837
0.5838
0.5839
0.584
0.5841
0.5842
0.5843
0.5844
0.5845
0.5846
0.5847
0.5848
0.5849
0.585
0.5851
0.5852
0.5853
0.5854
0.5855
0.5856
0.5857
0.5858
0.5859
0.586
0.5861
0.5862
0.5863
0.5864
0.5865
0.5866
0.5867
0.5868
0.5869
0.587
0.5871
0.5872
0.5873
0.5874
0.5875
0.5876
0.5877
0.5878
0.5879
0.588
0.5881
0.5882
0.5883
0.5884
0.5885
0.5886
0.5887
0.5888
0.5889
0.589
0.5891
0.5892
0.5893
0.5894
0.5895
0.5896
0.5897
0.5898
0.5899
0.59
0.5901
0.5902
0.5903
0.5904
0.5905
0.5906
0.5907
0.5908
0.5909
0.591
0.5911
0.5912
0.5913
0.5914
0.5915
0.5916
0.5917
0.5918
0.5919
0.592
0.5921
0.5922
0.5923
0.5924
0.5925
0.5926
0.5927
0.5928
0.5929
0.593
0.5931
0.5932
0.5933
0.5934
0.5935
0.5936
0.5937
0.5938
0.5939
0.594
0.5941
0.5942
0.5943
0.5944
0.5945
0.5946
0.5947
0.5948
0.5949
0.595
0.5951
0.5952
0.5953
0.5954
0.5955
0.5956
0.5957
0.5958
0.5959
0.596
0.5961
0.5962
0.5963
0.5964
0.5965
0.5966
0.5967
0.5968
0.5969
0.597
0.5971
0.5972
0.5973
0.5974
0.5975
0.5976
0.5977
0.5978
0.5979
0.598
0.5981
0.5982
0.5983
0.5984
0.5985
0.5986
0.5987
0.5988
0.5989
0.599
0.5991
0.5992
0.5993
0.5994
0.5995
0.5996
0.5997
0.5998
0.5999
0.6
0.6001
0.6002
0.6003
0.6004
0.6005
0.6006
0.6007
0.6008
0.6009
0.601
0.6011
0.6012
0.6013
0.6014
0.6015
0.6016
0.6017
0.6018
0.6019
0.602
0.6021
0.6022
0.6023
0.6024
0.6025
0.6026
0.6027
0.6028
0.6029
0.603
0.6031
0.6032
0.6033
0.6034
0.6035
0.6036
0.6037
0.6038
0.6039
0.604
0.6041
0.6042
0.6043
0.6044
0.6045
0.6046
0.6047
0.6048
0.6049
0.605
0.6051
0.6052
0.6053
0.6054
0.6055
0.6056
0.6057
0.6058
0.6059
0.606
0.6061
0.6062
0.6063
0.6064
0.6065
0.6066
0.6067
0.6068
0.6069
0.607
0.6071
0.6072
0.6073
0.6074
0.6075
0.6076
0.6077
0.6078
0.6079
0.608
0.6081
0.6082
0.6083
0.6084
0.6085
0.6086
0.6087
0.6088
0.6089
0.609
0.6091
0.6092
0.6093
0.6094
0.6095
0.6096
0.6097
0.6098
0.6099
0.61
0.6101
0.6102
0.6103
0.6104
0.6105
0.6106
0.6107
0.6108
0.6109
0.611
0.6111
0.6112
0.6113
0.6114
0.6115
0.6116
0.6117
0.6118
0.6119
0.612
0.6121
0.6122
0.6123
0.6124
0.6125
0.6126
0.6127
0.6128
0.6129
0.613
0.6131
0.6132
0.6133
0.6134
0.6135
0.6136
0.6137
0.6138
0.6139
0.614
0.6141
0.6142
0.6143
0.6144
0.6145
0.6146
0.6147
0.6148
0.6149
0.615
0.6151
0.6152
0.6153
0.6154
0.6155
0.6156
0.6157
0.6158
0.6159
0.616
0.6161
0.6162
0.6163
0.6164
0.6165
0.6166
0.6167
0.6168
0.6169
0.617
0.6171
0.6172
0.6173
0.6174
0.6175
0.6176
0.6177
0.6178
0.6179
0.618
0.6181
0.6182
0.6183
0.6184
0.6185
0.6186
0.6187
0.6188
0.6189
0.619
0.6191
0.6192
0.6193
0.6194
0.6195
0.6196
0.6197
0.6198
0.6199
0.62
0.6201
0.6202
0.6203
0.6204
0.6205
0.6206
0.6207
0.6208
0.6209
0.621
0.6211
0.6212
0.6213
0.6214
0.6215
0.6216
0.6217
0.6218
0.6219
0.622
0.6221
0.6222
0.6223
0.6224
0.6225
0.6226
0.6227
0.6228
0.6229
0.623
0.6231
0.6232
0.6233
0.6234
0.6235
0.6236
0.6237
0.6238
0.6239
0.624
0.6241
0.6242
0.6243
0.6244
0.6245
0.6246
0.6247
0.6248
0.6249
0.625
0.6251
0.6252
0.6253
0.6254
0.6255
0.6256
0.6257
0.6258
0.6259
0.626
0.6261
0.6262
0.6263
0.6264
0.6265
0.6266
0.6267
0.6268
0.6269
0.627
0.6271
0.6272
0.6273
0.6274
0.6275
0.6276
0.6277
0.6278
0.6279
0.628
0.6281
0.6282
0.6283
0.6284
0.6285
0.6286
0.6287
0.6288
0.6289
0.629
0.6291
0.6292
0.6293
0.6294
0.6295
0.6296
0.6297
0.6298
0.6299
0.63
0.6301
0.6302
0.6303
0.6304
0.6305
0.6306
0.6307
0.6308
0.6309
0.631
0.6311
0.6312
0.6313
0.6314
0.6315
0.6316
0.6317
0.6318
0.6319
0.632
0.6321
0.6322
0.6323
0.6324
0.6325
0.6326
0.6327
0.6328
0.6329
0.633
0.6331
0.6332
0.6333
0.6334
0.6335
0.6336
0.6337
0.6338
0.6339
0.634
0.6341
0.6342
0.6343
0.6344
0.6345
0.6346
0.6347
0.6348
0.6349
0.635
0.6351
0.6352
0.6353
0.6354
0.6355
0.6356
0.6357
0.6358
0.6359
0.636
0.6361
0.6362
0.6363
0.6364
0.6365
0.6366
0.6367
0.6368
0.6369
0.637
0.6371
0.6372
0.6373
0.6374
0.6375
0.6376
0.6377
0.6378
0.6379
0.638
0.6381
0.6382
0.6383
0.6384
0.6385
0.6386
0.6387
0.6388
0.6389
0.639
0.6391
0.6392
0.6393
0.6394
0.6395
0.6396
0.6397
0.6398
0.6399
0.64
0.6401
0.6402
0.6403
0.6404
0.6405
0.6406
0.6407
0.6408
0.6409
0.641
0.6411
0.6412
0.6413
0.6414
0.6415
0.6416
0.6417
0.6418
0.6419
0.642
0.6421
0.6422
0.6423
0.6424
0.6425
0.6426
0.6427
0.6428
0.6429
0.643
0.6431
0.6432
0.6433
0.6434
0.6435
0.6436
0.6437
0.6438
0.6439
0.644
0.6441
0.6442
0.6443
0.6444
0.6445
0.6446
0.6447
0.6448
0.6449
0.645
0.6451
0.6452
0.6453
0.6454
0.6455
0.6456
0.6457
0.6458
0.6459
0.646
0.6461
0.6462
0.6463
0.6464
0.6465
0.6466
0.6467
0.6468
0.6469
0.647
0.6471
0.6472
0.6473
0.6474
0.6475
0.6476
0.6477
0.6478
0.6479
0.648
0.6481
0.6482
0.6483
0.6484
0.6485
0.6486
0.6487
0.6488
0.6489
0.649
0.6491
0.6492
0.6493
0.6494
0.6495
0.6496
0.6497
0.6498
0.6499
0.65
0.6501
0.6502
0.6503
0.6504
0.6505
0.6506
0.6507
0.6508
0.6509
0.651
0.6511
0.6512
0.6513
0.6514
0.6515
0.6516
0.6517
0.6518
0.6519
0.652
0.6521
0.6522
0.6523
0.6524
0.6525
0.6526
0.6527
0.6528
0.6529
0.653
0.6531
0.6532
0.6533
0.6534
0.6535
0.6536
0.6537
0.6538
0.6539
0.654
0.6541
0.6542
0.6543
0.6544
0.6545
0.6546
0.6547
0.6548
0.6549
0.655
0.6551
0.6552
0.6553
0.6554
0.6555
0.6556
0.6557
0.6558
0.6559
0.656
0.6561
0.6562
0.6563
0.6564
0.6565
0.6566
0.6567
0.6568
0.6569
0.657
0.6571
0.6572
0.6573
0.6574
0.6575
0.6576
0.6577
0.6578
0.6579
0.658
0.6581
0.6582
0.6583
0.6584
0.6585
0.6586
0.6587
0.6588
0.6589
0.659
0.6591
0.6592
0.6593
0.6594
0.6595
0.6596
0.6597
0.6598
0.6599
0.66
0.6601
0.6602
0.6603
0.6604
0.6605
0.6606
0.6607
0.6608
0.6609
0.661
0.6611
0.6612
0.6613
0.6614
0.6615
0.6616
0.6617
0.6618
0.6619
0.662
0.6621
0.6622
0.6623
0.6624
0.6625
0.6626
0.6627
0.6628
0.6629
0.663
0.6631
0.6632
0.6633
0.6634
0.6635
0.6636
0.6637
0.6638
0.6639
0.664
0.6641
0.6642
0.6643
0.6644
0.6645
0.6646
0.6647
0.6648
0.6649
0.665
0.6651
0.6652
0.6653
0.6654
0.6655
0.6656
0.6657
0.6658
0.6659
0.666
0.6661
0.6662
0.6663
0.6664
0.6665
0.6666
0.6667
0.6668
0.6669
0.667
0.6671
0.6672
0.6673
0.6674
0.6675
0.6676
0.6677
0.6678
0.6679
0.668
0.6681
0.6682
0.6683
0.6684
0.6685
0.6686
0.6687
0.6688
0.6689
0.669
0.6691
0.6692
0.6693
0.6694
0.6695
0.6696
0.6697
0.6698
0.6699
0.67
0.6701
0.6702
0.6703
0.6704
0.6705
0.6706
0.6707
0.6708
0.6709
0.671
0.6711
0.6712
0.6713
0.6714
0.6715
0.6716
0.6717
0.6718
0.6719
0.672
0.6721
0.6722
0.6723
0.6724
0.6725
0.6726
0.6727
0.6728
0.6729
0.673
0.6731
0.6732
0.6733
0.6734
0.6735
0.6736
0.6737
0.6738
0.6739
0.674
0.6741
0.6742
0.6743
0.6744
0.6745
0.6746
0.6747
0.6748
0.6749
0.675
0.6751
0.6752
0.6753
0.6754
0.6755
0.6756
0.6757
0.6758
0.6759
0.676
0.6761
0.6762
0.6763
0.6764
0.6765
0.6766
0.6767
0.6768
0.6769
0.677
0.6771
0.6772
0.6773
0.6774
0.6775
0.6776
0.6777
0.6778
0.6779
0.678
0.6781
0.6782
0.6783
0.6784
0.6785
0.6786
0.6787
0.6788
0.6789
0.679
0.6791
0.6792
0.6793
0.6794
0.6795
0.6796
0.6797
0.6798
0.6799
0.68
0.6801
0.6802
0.6803
0.6804
0.6805
0.6806
0.6807
0.6808
0.6809
0.681
0.6811
0.6812
0.6813
0.6814
0.6815
0.6816
0.6817
0.6818
0.6819
0.682
0.6821
0.6822
0.6823
0.6824
0.6825
0.6826
0.6827
0.6828
0.6829
0.683
0.6831
0.6832
0.6833
0.6834
0.6835
0.6836
0.6837
0.6838
0.6839
0.684
0.6841
0.6842
0.6843
0.6844
0.6845
0.6846
0.6847
0.6848
0.6849
0.685
0.6851
0.6852
0.6853
0.6854
0.6855
0.6856
0.6857
0.6858
0.6859
0.686
0.6861
0.6862
0.6863
0.6864
0.6865
0.6866
0.6867
0.6868
0.6869
0.687
0.6871
0.6872
0.6873
0.6874
0.6875
0.6876
0.6877
0.6878
0.6879
0.688
0.6881
0.6882
0.6883
0.6884
0.6885
0.6886
0.6887
0.6888
0.6889
0.689
0.6891
0.6892
0.6893
0.6894
0.6895
0.6896
0.6897
0.6898
0.6899
0.69
0.6901
0.6902
0.6903
0.6904
0.6905
0.6906
0.6907
0.6908
0.6909
0.691
0.6911
0.6912
0.6913
0.6914
0.6915
0.6916
0.6917
0.6918
0.6919
0.692
0.6921
0.6922
0.6923
0.6924
0.6925
0.6926
0.6927
0.6928
0.6929
0.693
0.6931
0.6932
0.6933
0.6934
0.6935
0.6936
0.6937
0.6938
0.6939
0.694
0.6941
0.6942
0.6943
0.6944
0.6945
0.6946
0.6947
0.6948
0.6949
0.695
0.6951
0.6952
0.6953
0.6954
0.6955
0.6956
0.6957
0.6958
0.6959
0.696
0.6961
0.6962
0.6963
0.6964
0.6965
0.6966
0.6967
0.6968
0.6969
0.697
0.6971
0.6972
0.6973
0.6974
0.6975
0.6976
0.6977
0.6978
0.6979
0.698
0.6981
0.6982
0.6983
0.6984
0.6985
0.6986
0.6987
0.6988
0.6989
0.699
0.6991
0.6992
0.6993
0.6994
0.6995
0.6996
0.6997
0.6998
0.6999
0.7
0.7001
0.7002
0.7003
0.7004
0.7005
0.7006
0.7007
0.7008
0.7009
0.701
0.7011
0.7012
0.7013
0.7014
0.7015
0.7016
0.7017
0.7018
0.7019
0.702
0.7021
0.7022
0.7023
0.7024
0.7025
0.7026
0.7027
0.7028
0.7029
0.703
0.7031
0.7032
0.7033
0.7034
0.7035
0.7036
0.7037
0.7038
0.7039
0.704
0.7041
0.7042
0.7043
0.7044
0.7045
0.7046
0.7047
0.7048
0.7049
0.705
0.7051
0.7052
0.7053
0.7054
0.7055
0.7056
0.7057
0.7058
0.7059
0.706
0.7061
0.7062
0.7063
0.7064
0.7065
0.7066
0.7067
0.7068
0.7069
0.707
0.7071
0.7072
0.7073
0.7074
0.7075
0.7076
0.7077
0.7078
0.7079
0.708
0.7081
0.7082
0.7083
0.7084
0.7085
0.7086
0.7087
0.7088
0.7089
0.709
0.7091
0.7092
0.7093
0.7094
0.7095
0.7096
0.7097
0.7098
0.7099
0.71
0.7101
0.7102
0.7103
0.7104
0.7105
0.7106
0.7107
0.7108
0.7109
0.711
0.7111
0.7112
0.7113
0.7114
0.7115
0.7116
0.7117
0.7118
0.7119
0.712
0.7121
0.7122
0.7123
0.7124
0.7125
0.7126
0.7127
0.7128
0.7129
0.713
0.7131
0.7132
0.7133
0.7134
0.7135
0.7136
0.7137
0.7138
0.7139
0.714
0.7141
0.7142
0.7143
0.7144
0.7145
0.7146
0.7147
0.7148
0.7149
0.715
0.7151
0.7152
0.7153
0.7154
0.7155
0.7156
0.7157
0.7158
0.7159
0.716
0.7161
0.7162
0.7163
0.7164
0.7165
0.7166
0.7167
0.7168
0.7169
0.717
0.7171
0.7172
0.7173
0.7174
0.7175
0.7176
0.7177
0.7178
0.7179
0.718
0.7181
0.7182
0.7183
0.7184
0.7185
0.7186
0.7187
0.7188
0.7189
0.719
0.7191
0.7192
0.7193
0.7194
0.7195
0.7196
0.7197
0.7198
0.7199
0.72
0.7201
0.7202
0.7203
0.7204
0.7205
0.7206
0.7207
0.7208
0.7209
0.721
0.7211
0.7212
0.7213
0.7214
0.7215
0.7216
0.7217
0.7218
0.7219
0.722
0.7221
0.7222
0.7223
0.7224
0.7225
0.7226
0.7227
0.7228
0.7229
0.723
0.7231
0.7232
0.7233
0.7234
0.7235
0.7236
0.7237
0.7238
0.7239
0.724
0.7241
0.7242
0.7243
0.7244
0.7245
0.7246
0.7247
0.7248
0.7249
0.725
0.7251
0.7252
0.7253
0.7254
0.7255
0.7256
0.7257
0.7258
0.7259
0.726
0.7261
0.7262
0.7263
0.7264
0.7265
0.7266
0.7267
0.7268
0.7269
0.727
0.7271
0.7272
0.7273
0.7274
0.7275
0.7276
0.7277
0.7278
0.7279
0.728
0.7281
0.7282
0.7283
0.7284
0.7285
0.7286
0.7287
0.7288
0.7289
0.729
0.7291
0.7292
0.7293
0.7294
0.7295
0.7296
0.7297
0.7298
0.7299
0.73
0.7301
0.7302
0.7303
0.7304
0.7305
0.7306
0.7307
0.7308
0.7309
0.731
0.7311
0.7312
0.7313
0.7314
0.7315
0.7316
0.7317
0.7318
0.7319
0.732
0.7321
0.7322
0.7323
0.7324
0.7325
0.7326
0.7327
0.7328
0.7329
0.733
0.7331
0.7332
0.7333
0.7334
0.7335
0.7336
0.7337
0.7338
0.7339
0.734
0.7341
0.7342
0.7343
0.7344
0.7345
0.7346
0.7347
0.7348
0.7349
0.735
0.7351
0.7352
0.7353
0.7354
0.7355
0.7356
0.7357
0.7358
0.7359
0.736
0.7361
0.7362
0.7363
0.7364
0.7365
0.7366
0.7367
0.7368
0.7369
0.737
0.7371
0.7372
0.7373
0.7374
0.7375
0.7376
0.7377
0.7378
0.7379
0.738
0.7381
0.7382
0.7383
0.7384
0.7385
0.7386
0.7387
0.7388
0.7389
0.739
0.7391
0.7392
0.7393
0.7394
0.7395
0.7396
0.7397
0.7398
0.7399
0.74
0.7401
0.7402
0.7403
0.7404
0.7405
0.7406
0.7407
0.7408
0.7409
0.741
0.7411
0.7412
0.7413
0.7414
0.7415
0.7416
0.7417
0.7418
0.7419
0.742
0.7421
0.7422
0.7423
0.7424
0.7425
0.7426
0.7427
0.7428
0.7429
0.743
0.7431
0.7432
0.7433
0.7434
0.7435
0.7436
0.7437
0.7438
0.7439
0.744
0.7441
0.7442
0.7443
0.7444
0.7445
0.7446
0.7447
0.7448
0.7449
0.745
0.7451
0.7452
0.7453
0.7454
0.7455
0.7456
0.7457
0.7458
0.7459
0.746
0.7461
0.7462
0.7463
0.7464
0.7465
0.7466
0.7467
0.7468
0.7469
0.747
0.7471
0.7472
0.7473
0.7474
0.7475
0.7476
0.7477
0.7478
0.7479
0.748
0.7481
0.7482
0.7483
0.7484
0.7485
0.7486
0.7487
0.7488
0.7489
0.749
0.7491
0.7492
0.7493
0.7494
0.7495
0.7496
0.7497
0.7498
0.7499
0.75
0.7501
0.7502
0.7503
0.7504
0.7505
0.7506
0.7507
0.7508
0.7509
0.751
0.7511
0.7512
0.7513
0.7514
0.7515
0.7516
0.7517
0.7518
0.7519
0.752
0.7521
0.7522
0.7523
0.7524
0.7525
0.7526
0.7527
0.7528
0.7529
0.753
0.7531
0.7532
0.7533
0.7534
0.7535
0.7536
0.7537
0.7538
0.7539
0.754
0.7541
0.7542
0.7543
0.7544
0.7545
0.7546
0.7547
0.7548
0.7549
0.755
0.7551
0.7552
0.7553
0.7554
0.7555
0.7556
0.7557
0.7558
0.7559
0.756
0.7561
0.7562
0.7563
0.7564
0.7565
0.7566
0.7567
0.7568
0.7569
0.757
0.7571
0.7572
0.7573
0.7574
0.7575
0.7576
0.7577
0.7578
0.7579
0.758
0.7581
0.7582
0.7583
0.7584
0.7585
0.7586
0.7587
0.7588
0.7589
0.759
0.7591
0.7592
0.7593
0.7594
0.7595
0.7596
0.7597
0.7598
0.7599
0.76
0.7601
0.7602
0.7603
0.7604
0.7605
0.7606
0.7607
0.7608
0.7609
0.761
0.7611
0.7612
0.7613
0.7614
0.7615
0.7616
0.7617
0.7618
0.7619
0.762
0.7621
0.7622
0.7623
0.7624
0.7625
0.7626
0.7627
0.7628
0.7629
0.763
0.7631
0.7632
0.7633
0.7634
0.7635
0.7636
0.7637
0.7638
0.7639
0.764
0.7641
0.7642
0.7643
0.7644
0.7645
0.7646
0.7647
0.7648
0.7649
0.765
0.7651
0.7652
0.7653
0.7654
0.7655
0.7656
0.7657
0.7658
0.7659
0.766
0.7661
0.7662
0.7663
0.7664
0.7665
0.7666
0.7667
0.7668
0.7669
0.767
0.7671
0.7672
0.7673
0.7674
0.7675
0.7676
0.7677
0.7678
0.7679
0.768
0.7681
0.7682
0.7683
0.7684
0.7685
0.7686
0.7687
0.7688
0.7689
0.769
0.7691
0.7692
0.7693
0.7694
0.7695
0.7696
0.7697
0.7698
0.7699
0.77
0.7701
0.7702
0.7703
0.7704
0.7705
0.7706
0.7707
0.7708
0.7709
0.771
0.7711
0.7712
0.7713
0.7714
0.7715
0.7716
0.7717
0.7718
0.7719
0.772
0.7721
0.7722
0.7723
0.7724
0.7725
0.7726
0.7727
0.7728
0.7729
0.773
0.7731
0.7732
0.7733
0.7734
0.7735
0.7736
0.7737
0.7738
0.7739
0.774
0.7741
0.7742
0.7743
0.7744
0.7745
0.7746
0.7747
0.7748
0.7749
0.775
0.7751
0.7752
0.7753
0.7754
0.7755
0.7756
0.7757
0.7758
0.7759
0.776
0.7761
0.7762
0.7763
0.7764
0.7765
0.7766
0.7767
0.7768
0.7769
0.777
0.7771
0.7772
0.7773
0.7774
0.7775
0.7776
0.7777
0.7778
0.7779
0.778
0.7781
0.7782
0.7783
0.7784
0.7785
0.7786
0.7787
0.7788
0.7789
0.779
0.7791
0.7792
0.7793
0.7794
0.7795
0.7796
0.7797
0.7798
0.7799
0.78
0.7801
0.7802
0.7803
0.7804
0.7805
0.7806
0.7807
0.7808
0.7809
0.781
0.7811
0.7812
0.7813
0.7814
0.7815
0.7816
0.7817
0.7818
0.7819
0.782
0.7821
0.7822
0.7823
0.7824
0.7825
0.7826
0.7827
0.7828
0.7829
0.783
0.7831
0.7832
0.7833
0.7834
0.7835
0.7836
0.7837
0.7838
0.7839
0.784
0.7841
0.7842
0.7843
0.7844
0.7845
0.7846
0.7847
0.7848
0.7849
0.785
0.7851
0.7852
0.7853
0.7854
0.7855
0.7856
0.7857
0.7858
0.7859
0.786
0.7861
0.7862
0.7863
0.7864
0.7865
0.7866
0.7867
0.7868
0.7869
0.787
0.7871
0.7872
0.7873
0.7874
0.7875
0.7876
0.7877
0.7878
0.7879
0.788
0.7881
0.7882
0.7883
0.7884
0.7885
0.7886
0.7887
0.7888
0.7889
0.789
0.7891
0.7892
0.7893
0.7894
0.7895
0.7896
0.7897
0.7898
0.7899
0.79
0.7901
0.7902
0.7903
0.7904
0.7905
0.7906
0.7907
0.7908
0.7909
0.791
0.7911
0.7912
0.7913
0.7914
0.7915
0.7916
0.7917
0.7918
0.7919
0.792
0.7921
0.7922
0.7923
0.7924
0.7925
0.7926
0.7927
0.7928
0.7929
0.793
0.7931
0.7932
0.7933
0.7934
0.7935
0.7936
0.7937
0.7938
0.7939
0.794
0.7941
0.7942
0.7943
0.7944
0.7945
0.7946
0.7947
0.7948
0.7949
0.795
0.7951
0.7952
0.7953
0.7954
0.7955
0.7956
0.7957
0.7958
0.7959
0.796
0.7961
0.7962
0.7963
0.7964
0.7965
0.7966
0.7967
0.7968
0.7969
0.797
0.7971
0.7972
0.7973
0.7974
0.7975
0.7976
0.7977
0.7978
0.7979
0.798
0.7981
0.7982
0.7983
0.7984
0.7985
0.7986
0.7987
0.7988
0.7989
0.799
0.7991
0.7992
0.7993
0.7994
0.7995
0.7996
0.7997
0.7998
0.7999
0.8
0.8001
0.8002
0.8003
0.8004
0.8005
0.8006
0.8007
0.8008
0.8009
0.801
0.8011
0.8012
0.8013
0.8014
0.8015
0.8016
0.8017
0.8018
0.8019
0.802
0.8021
0.8022
0.8023
0.8024
0.8025
0.8026
0.8027
0.8028
0.8029
0.803
0.8031
0.8032
0.8033
0.8034
0.8035
0.8036
0.8037
0.8038
0.8039
0.804
0.8041
0.8042
0.8043
0.8044
0.8045
0.8046
0.8047
0.8048
0.8049
0.805
0.8051
0.8052
0.8053
0.8054
0.8055
0.8056
0.8057
0.8058
0.8059
0.806
0.8061
0.8062
0.8063
0.8064
0.8065
0.8066
0.8067
0.8068
0.8069
0.807
0.8071
0.8072
0.8073
0.8074
0.8075
0.8076
0.8077
0.8078
0.8079
0.808
0.8081
0.8082
0.8083
0.8084
0.8085
0.8086
0.8087
0.8088
0.8089
0.809
0.8091
0.8092
0.8093
0.8094
0.8095
0.8096
0.8097
0.8098
0.8099
0.81
0.8101
0.8102
0.8103
0.8104
0.8105
0.8106
0.8107
0.8108
0.8109
0.811
0.8111
0.8112
0.8113
0.8114
0.8115
0.8116
0.8117
0.8118
0.8119
0.812
0.8121
0.8122
0.8123
0.8124
0.8125
0.8126
0.8127
0.8128
0.8129
0.813
0.8131
0.8132
0.8133
0.8134
0.8135
0.8136
0.8137
0.8138
0.8139
0.814
0.8141
0.8142
0.8143
0.8144
0.8145
0.8146
0.8147
0.8148
0.8149
0.815
0.8151
0.8152
0.8153
0.8154
0.8155
0.8156
0.8157
0.8158
0.8159
0.816
0.8161
0.8162
0.8163
0.8164
0.8165
0.8166
0.8167
0.8168
0.8169
0.817
0.8171
0.8172
0.8173
0.8174
0.8175
0.8176
0.8177
0.8178
0.8179
0.818
0.8181
0.8182
0.8183
0.8184
0.8185
0.8186
0.8187
0.8188
0.8189
0.819
0.8191
0.8192
0.8193
0.8194
0.8195
0.8196
0.8197
0.8198
0.8199
0.82
0.8201
0.8202
0.8203
0.8204
0.8205
0.8206
0.8207
0.8208
0.8209
0.821
0.8211
0.8212
0.8213
0.8214
0.8215
0.8216
0.8217
0.8218
0.8219
0.822
0.8221
0.8222
0.8223
0.8224
0.8225
0.8226
0.8227
0.8228
0.8229
0.823
0.8231
0.8232
0.8233
0.8234
0.8235
0.8236
0.8237
0.8238
0.8239
0.824
0.8241
0.8242
0.8243
0.8244
0.8245
0.8246
0.8247
0.8248
0.8249
0.825
0.8251
0.8252
0.8253
0.8254
0.8255
0.8256
0.8257
0.8258
0.8259
0.826
0.8261
0.8262
0.8263
0.8264
0.8265
0.8266
0.8267
0.8268
0.8269
0.827
0.8271
0.8272
0.8273
0.8274
0.8275
0.8276
0.8277
0.8278
0.8279
0.828
0.8281
0.8282
0.8283
0.8284
0.8285
0.8286
0.8287
0.8288
0.8289
0.829
0.8291
0.8292
0.8293
0.8294
0.8295
0.8296
0.8297
0.8298
0.8299
0.83
0.8301
0.8302
0.8303
0.8304
0.8305
0.8306
0.8307
0.8308
0.8309
0.831
0.8311
0.8312
0.8313
0.8314
0.8315
0.8316
0.8317
0.8318
0.8319
0.832
0.8321
0.8322
0.8323
0.8324
0.8325
0.8326
0.8327
0.8328
0.8329
0.833
0.8331
0.8332
0.8333
0.8334
0.8335
0.8336
0.8337
0.8338
0.8339
0.834
0.8341
0.8342
0.8343
0.8344
0.8345
0.8346
0.8347
0.8348
0.8349
0.835
0.8351
0.8352
0.8353
0.8354
0.8355
0.8356
0.8357
0.8358
0.8359
0.836
0.8361
0.8362
0.8363
0.8364
0.8365
0.8366
0.8367
0.8368
0.8369
0.837
0.8371
0.8372
0.8373
0.8374
0.8375
0.8376
0.8377
0.8378
0.8379
0.838
0.8381
0.8382
0.8383
0.8384
0.8385
0.8386
0.8387
0.8388
0.8389
0.839
0.8391
0.8392
0.8393
0.8394
0.8395
0.8396
0.8397
0.8398
0.8399
0.84
0.8401
0.8402
0.8403
0.8404
0.8405
0.8406
0.8407
0.8408
0.8409
0.841
0.8411
0.8412
0.8413
0.8414
0.8415
0.8416
0.8417
0.8418
0.8419
0.842
0.8421
0.8422
0.8423
0.8424
0.8425
0.8426
0.8427
0.8428
0.8429
0.843
0.8431
0.8432
0.8433
0.8434
0.8435
0.8436
0.8437
0.8438
0.8439
0.844
0.8441
0.8442
0.8443
0.8444
0.8445
0.8446
0.8447
0.8448
0.8449
0.845
0.8451
0.8452
0.8453
0.8454
0.8455
0.8456
0.8457
0.8458
0.8459
0.846
0.8461
0.8462
0.8463
0.8464
0.8465
0.8466
0.8467
0.8468
0.8469
0.847
0.8471
0.8472
0.8473
0.8474
0.8475
0.8476
0.8477
0.8478
0.8479
0.848
0.8481
0.8482
0.8483
0.8484
0.8485
0.8486
0.8487
0.8488
0.8489
0.849
0.8491
0.8492
0.8493
0.8494
0.8495
0.8496
0.8497
0.8498
0.8499
0.85
0.8501
0.8502
0.8503
0.8504
0.8505
0.8506
0.8507
0.8508
0.8509
0.851
0.8511
0.8512
0.8513
0.8514
0.8515
0.8516
0.8517
0.8518
0.8519
0.852
0.8521
0.8522
0.8523
0.8524
0.8525
0.8526
0.8527
0.8528
0.8529
0.853
0.8531
0.8532
0.8533
0.8534
0.8535
0.8536
0.8537
0.8538
0.8539
0.854
0.8541
0.8542
0.8543
0.8544
0.8545
0.8546
0.8547
0.8548
0.8549
0.855
0.8551
0.8552
0.8553
0.8554
0.8555
0.8556
0.8557
0.8558
0.8559
0.856
0.8561
0.8562
0.8563
0.8564
0.8565
0.8566
0.8567
0.8568
0.8569
0.857
0.8571
0.8572
0.8573
0.8574
0.8575
0.8576
0.8577
0.8578
0.8579
0.858
0.8581
0.8582
0.8583
0.8584
0.8585
0.8586
0.8587
0.8588
0.8589
0.859
0.8591
0.8592
0.8593
0.8594
0.8595
0.8596
0.8597
0.8598
0.8599
0.86
0.8601
0.8602
0.8603
0.8604
0.8605
0.8606
0.8607
0.8608
0.8609
0.861
0.8611
0.8612
0.8613
0.8614
0.8615
0.8616
0.8617
0.8618
0.8619
0.862
0.8621
0.8622
0.8623
0.8624
0.8625
0.8626
0.8627
0.8628
0.8629
0.863
0.8631
0.8632
0.8633
0.8634
0.8635
0.8636
0.8637
0.8638
0.8639
0.864
0.8641
0.8642
0.8643
0.8644
0.8645
0.8646
0.8647
0.8648
0.8649
0.865
0.8651
0.8652
0.8653
0.8654
0.8655
0.8656
0.8657
0.8658
0.8659
0.866
0.8661
0.8662
0.8663
0.8664
0.8665
0.8666
0.8667
0.8668
0.8669
0.867
0.8671
0.8672
0.8673
0.8674
0.8675
0.8676
0.8677
0.8678
0.8679
0.868
0.8681
0.8682
0.8683
0.8684
0.8685
0.8686
0.8687
0.8688
0.8689
0.869
0.8691
0.8692
0.8693
0.8694
0.8695
0.8696
0.8697
0.8698
0.8699
0.87
0.8701
0.8702
0.8703
0.8704
0.8705
0.8706
0.8707
0.8708
0.8709
0.871
0.8711
0.8712
0.8713
0.8714
0.8715
0.8716
0.8717
0.8718
0.8719
0.872
0.8721
0.8722
0.8723
0.8724
0.8725
0.8726
0.8727
0.8728
0.8729
0.873
0.8731
0.8732
0.8733
0.8734
0.8735
0.8736
0.8737
0.8738
0.8739
0.874
0.8741
0.8742
0.8743
0.8744
0.8745
0.8746
0.8747
0.8748
0.8749
0.875
0.8751
0.8752
0.8753
0.8754
0.8755
0.8756
0.8757
0.8758
0.8759
0.876
0.8761
0.8762
0.8763
0.8764
0.8765
0.8766
0.8767
0.8768
0.8769
0.877
0.8771
0.8772
0.8773
0.8774
0.8775
0.8776
0.8777
0.8778
0.8779
0.878
0.8781
0.8782
0.8783
0.8784
0.8785
0.8786
0.8787
0.8788
0.8789
0.879
0.8791
0.8792
0.8793
0.8794
0.8795
0.8796
0.8797
0.8798
0.8799
0.88
0.8801
0.8802
0.8803
0.8804
0.8805
0.8806
0.8807
0.8808
0.8809
0.881
0.8811
0.8812
0.8813
0.8814
0.8815
0.8816
0.8817
0.8818
0.8819
0.882
0.8821
0.8822
0.8823
0.8824
0.8825
0.8826
0.8827
0.8828
0.8829
0.883
0.8831
0.8832
0.8833
0.8834
0.8835
0.8836
0.8837
0.8838
0.8839
0.884
0.8841
0.8842
0.8843
0.8844
0.8845
0.8846
0.8847
0.8848
0.8849
0.885
0.8851
0.8852
0.8853
0.8854
0.8855
0.8856
0.8857
0.8858
0.8859
0.886
0.8861
0.8862
0.8863
0.8864
0.8865
0.8866
0.8867
0.8868
0.8869
0.887
0.8871
0.8872
0.8873
0.8874
0.8875
0.8876
0.8877
0.8878
0.8879
0.888
0.8881
0.8882
0.8883
0.8884
0.8885
0.8886
0.8887
0.8888
0.8889
0.889
0.8891
0.8892
0.8893
0.8894
0.8895
0.8896
0.8897
0.8898
0.8899
0.89
0.8901
0.8902
0.8903
0.8904
0.8905
0.8906
0.8907
0.8908
0.8909
0.891
0.8911
0.8912
0.8913
0.8914
0.8915
0.8916
0.8917
0.8918
0.8919
0.892
0.8921
0.8922
0.8923
0.8924
0.8925
0.8926
0.8927
0.8928
0.8929
0.893
0.8931
0.8932
0.8933
0.8934
0.8935
0.8936
0.8937
0.8938
0.8939
0.894
0.8941
0.8942
0.8943
0.8944
0.8945
0.8946
0.8947
0.8948
0.8949
0.895
0.8951
0.8952
0.8953
0.8954
0.8955
0.8956
0.8957
0.8958
0.8959
0.896
0.8961
0.8962
0.8963
0.8964
0.8965
0.8966
0.8967
0.8968
0.8969
0.897
0.8971
0.8972
0.8973
0.8974
0.8975
0.8976
0.8977
0.8978
0.8979
0.898
0.8981
0.8982
0.8983
0.8984
0.8985
0.8986
0.8987
0.8988
0.8989
0.899
0.8991
0.8992
0.8993
0.8994
0.8995
0.8996
0.8997
0.8998
0.8999
0.9
0.9001
0.9002
0.9003
0.9004
0.9005
0.9006
0.9007
0.9008
0.9009
0.901
0.9011
0.9012
0.9013
0.9014
0.9015
0.9016
0.9017
0.9018
0.9019
0.902
0.9021
0.9022
0.9023
0.9024
0.9025
0.9026
0.9027
0.9028
0.9029
0.903
0.9031
0.9032
0.9033
0.9034
0.9035
0.9036
0.9037
0.9038
0.9039
0.904
0.9041
0.9042
0.9043
0.9044
0.9045
0.9046
0.9047
0.9048
0.9049
0.905
0.9051
0.9052
0.9053
0.9054
0.9055
0.9056
0.9057
0.9058
0.9059
0.906
0.9061
0.9062
0.9063
0.9064
0.9065
0.9066
0.9067
0.9068
0.9069
0.907
0.9071
0.9072
0.9073
0.9074
0.9075
0.9076
0.9077
0.9078
0.9079
0.908
0.9081
0.9082
0.9083
0.9084
0.9085
0.9086
0.9087
0.9088
0.9089
0.909
0.9091
0.9092
0.9093
0.9094
0.9095
0.9096
0.9097
0.9098
0.9099
0.91
0.9101
0.9102
0.9103
0.9104
0.9105
0.9106
0.9107
0.9108
0.9109
0.911
0.9111
0.9112
0.9113
0.9114
0.9115
0.9116
0.9117
0.9118
0.9119
0.912
0.9121
0.9122
0.9123
0.9124
0.9125
0.9126
0.9127
0.9128
0.9129
0.913
0.9131
0.9132
0.9133
0.9134
0.9135
0.9136
0.9137
0.9138
0.9139
0.914
0.9141
0.9142
0.9143
0.9144
0.9145
0.9146
0.9147
0.9148
0.9149
0.915
0.9151
0.9152
0.9153
0.9154
0.9155
0.9156
0.9157
0.9158
0.9159
0.916
0.9161
0.9162
0.9163
0.9164
0.9165
0.9166
0.9167
0.9168
0.9169
0.917
0.9171
0.9172
0.9173
0.9174
0.9175
0.9176
0.9177
0.9178
0.9179
0.918
0.9181
0.9182
0.9183
0.9184
0.9185
0.9186
0.9187
0.9188
0.9189
0.919
0.9191
0.9192
0.9193
0.9194
0.9195
0.9196
0.9197
0.9198
0.9199
0.92
0.9201
0.9202
0.9203
0.9204
0.9205
0.9206
0.9207
0.9208
0.9209
0.921
0.9211
0.9212
0.9213
0.9214
0.9215
0.9216
0.9217
0.9218
0.9219
0.922
0.9221
0.9222
0.9223
0.9224
0.9225
0.9226
0.9227
0.9228
0.9229
0.923
0.9231
0.9232
0.9233
0.9234
0.9235
0.9236
0.9237
0.9238
0.9239
0.924
0.9241
0.9242
0.9243
0.9244
0.9245
0.9246
0.9247
0.9248
0.9249
0.925
0.9251
0.9252
0.9253
0.9254
0.9255
0.9256
0.9257
0.9258
0.9259
0.926
0.9261
0.9262
0.9263
0.9264
0.9265
0.9266
0.9267
0.9268
0.9269
0.927
0.9271
0.9272
0.9273
0.9274
0.9275
0.9276
0.9277
0.9278
0.9279
0.928
0.9281
0.9282
0.9283
0.9284
0.9285
0.9286
0.9287
0.9288
0.9289
0.929
0.9291
0.9292
0.9293
0.9294
0.9295
0.9296
0.9297
0.9298
0.9299
0.93
0.9301
0.9302
0.9303
0.9304
0.9305
0.9306
0.9307
0.9308
0.9309
0.931
0.9311
0.9312
0.9313
0.9314
0.9315
0.9316
0.9317
0.9318
0.9319
0.932
0.9321
0.9322
0.9323
0.9324
0.9325
0.9326
0.9327
0.9328
0.9329
0.933
0.9331
0.9332
0.9333
0.9334
0.9335
0.9336
0.9337
0.9338
0.9339
0.934
0.9341
0.9342
0.9343
0.9344
0.9345
0.9346
0.9347
0.9348
0.9349
0.935
0.9351
0.9352
0.9353
0.9354
0.9355
0.9356
0.9357
0.9358
0.9359
0.936
0.9361
0.9362
0.9363
0.9364
0.9365
0.9366
0.9367
0.9368
0.9369
0.937
0.9371
0.9372
0.9373
0.9374
0.9375
0.9376
0.9377
0.9378
0.9379
0.938
0.9381
0.9382
0.9383
0.9384
0.9385
0.9386
0.9387
0.9388
0.9389
0.939
0.9391
0.9392
0.9393
0.9394
0.9395
0.9396
0.9397
0.9398
0.9399
0.94
0.9401
0.9402
0.9403
0.9404
0.9405
0.9406
0.9407
0.9408
0.9409
0.941
0.9411
0.9412
0.9413
0.9414
0.9415
0.9416
0.9417
0.9418
0.9419
0.942
0.9421
0.9422
0.9423
0.9424
0.9425
0.9426
0.9427
0.9428
0.9429
0.943
0.9431
0.9432
0.9433
0.9434
0.9435
0.9436
0.9437
0.9438
0.9439
0.944
0.9441
0.9442
0.9443
0.9444
0.9445
0.9446
0.9447
0.9448
0.9449
0.945
0.9451
0.9452
0.9453
0.9454
0.9455
0.9456
0.9457
0.9458
0.9459
0.946
0.9461
0.9462
0.9463
0.9464
0.9465
0.9466
0.9467
0.9468
0.9469
0.947
0.9471
0.9472
0.9473
0.9474
0.9475
0.9476
0.9477
0.9478
0.9479
0.948
0.9481
0.9482
0.9483
0.9484
0.9485
0.9486
0.9487
0.9488
0.9489
0.949
0.9491
0.9492
0.9493
0.9494
0.9495
0.9496
0.9497
0.9498
0.9499
0.95
0.9501
0.9502
0.9503
0.9504
0.9505
0.9506
0.9507
0.9508
0.9509
0.951
0.9511
0.9512
0.9513
0.9514
0.9515
0.9516
0.9517
0.9518
0.9519
0.952
0.9521
0.9522
0.9523
0.9524
0.9525
0.9526
0.9527
0.9528
0.9529
0.953
0.9531
0.9532
0.9533
0.9534
0.9535
0.9536
0.9537
0.9538
0.9539
0.954
0.9541
0.9542
0.9543
0.9544
0.9545
0.9546
0.9547
0.9548
0.9549
0.955
0.9551
0.9552
0.9553
0.9554
0.9555
0.9556
0.9557
0.9558
0.9559
0.956
0.9561
0.9562
0.9563
0.9564
0.9565
0.9566
0.9567
0.9568
0.9569
0.957
0.9571
0.9572
0.9573
0.9574
0.9575
0.9576
0.9577
0.9578
0.9579
0.958
0.9581
0.9582
0.9583
0.9584
0.9585
0.9586
0.9587
0.9588
0.9589
0.959
0.9591
0.9592
0.9593
0.9594
0.9595
0.9596
0.9597
0.9598
0.9599
0.96
0.9601
0.9602
0.9603
0.9604
0.9605
0.9606
0.9607
0.9608
0.9609
0.961
0.9611
0.9612
0.9613
0.9614
0.9615
0.9616
0.9617
0.9618
0.9619
0.962
0.9621
0.9622
0.9623
0.9624
0.9625
0.9626
0.9627
0.9628
0.9629
0.963
0.9631
0.9632
0.9633
0.9634
0.9635
0.9636
0.9637
0.9638
0.9639
0.964
0.9641
0.9642
0.9643
0.9644
0.9645
0.9646
0.9647
0.9648
0.9649
0.965
0.9651
0.9652
0.9653
0.9654
0.9655
0.9656
0.9657
0.9658
0.9659
0.966
0.9661
0.9662
0.9663
0.9664
0.9665
0.9666
0.9667
0.9668
0.9669
0.967
0.9671
0.9672
0.9673
0.9674
0.9675
0.9676
0.9677
0.9678
0.9679
0.968
0.9681
0.9682
0.9683
0.9684
0.9685
0.9686
0.9687
0.9688
0.9689
0.969
0.9691
0.9692
0.9693
0.9694
0.9695
0.9696
0.9697
0.9698
0.9699
0.97
0.9701
0.9702
0.9703
0.9704
0.9705
0.9706
0.9707
0.9708
0.9709
0.971
0.9711
0.9712
0.9713
0.9714
0.9715
0.9716
0.9717
0.9718
0.9719
0.972
0.9721
0.9722
0.9723
0.9724
0.9725
0.9726
0.9727
0.9728
0.9729
0.973
0.9731
0.9732
0.9733
0.9734
0.9735
0.9736
0.9737
0.9738
0.9739
0.974
0.9741
0.9742
0.9743
0.9744
0.9745
0.9746
0.9747
0.9748
0.9749
0.975
0.9751
0.9752
0.9753
0.9754
0.9755
0.9756
0.9757
0.9758
0.9759
0.976
0.9761
0.9762
0.9763
0.9764
0.9765
0.9766
0.9767
0.9768
0.9769
0.977
0.9771
0.9772
0.9773
0.9774
0.9775
0.9776
0.9777
0.9778
0.9779
0.978
0.9781
0.9782
0.9783
0.9784
0.9785
0.9786
0.9787
0.9788
0.9789
0.979
0.9791
0.9792
0.9793
0.9794
0.9795
0.9796
0.9797
0.9798
0.9799
0.98
0.9801
0.9802
0.9803
0.9804
0.9805
0.9806
0.9807
0.9808
0.9809
0.981
0.9811
0.9812
0.9813
0.9814
0.9815
0.9816
0.9817
0.9818
0.9819
0.982
0.9821
0.9822
0.9823
0.9824
0.9825
0.9826
0.9827
0.9828
0.9829
0.983
0.9831
0.9832
0.9833
0.9834
0.9835
0.9836
0.9837
0.9838
0.9839
0.984
0.9841
0.9842
0.9843
0.9844
0.9845
0.9846
0.9847
0.9848
0.9849
0.985
0.9851
0.9852
0.9853
0.9854
0.9855
0.9856
0.9857
0.9858
0.9859
0.986
0.9861
0.9862
0.9863
0.9864
0.9865
0.9866
0.9867
0.9868
0.9869
0.987
0.9871
0.9872
0.9873
0.9874
0.9875
0.9876
0.9877
0.9878
0.9879
0.988
0.9881
0.9882
0.9883
0.9884
0.9885
0.9886
0.9887
0.9888
0.9889
0.989
0.9891
0.9892
0.9893
0.9894
0.9895
0.9896
0.9897
0.9898
0.9899
0.99
0.9901
0.9902
0.9903
0.9904
0.9905
0.9906
0.9907
0.9908
0.9909
0.991
0.9911
0.9912
0.9913
0.9914
0.9915
0.9916
0.9917
0.9918
0.9919
0.992
0.9921
0.9922
0.9923
0.9924
0.9925
0.9926
0.9927
0.9928
0.9929
0.993
0.9931
0.9932
0.9933
0.9934
0.9935
0.9936
0.9937
0.9938
0.9939
0.994
0.9941
0.9942
0.9943
0.9944
0.9945
0.9946
0.9947
0.9948
0.9949
0.995
0.9951
0.9952
0.9953
0.9954
0.9955
0.9956
0.9957
0.9958
0.9959
0.996
0.9961
0.9962
0.9963
0.9964
0.9965
0.9966
0.9967
0.9968
0.9969
0.997
0.9971
0.9972
0.9973
0.9974
0.9975
0.9976
0.9977
0.9978
0.9979
0.998
0.9981
0.9982
0.9983
0.9984
0.9985
0.9986
0.9987
0.9988
0.9989
0.999
0.9991
0.9992
0.9993
0.9994
0.9995
0.9996
0.9997
0.9998
0.9999

3
1
2
3

5
1
2
3
4
5

4
1
2
3
4

4
1
2
3
4

4
1
2
3
4

4
1
2
3
4

4
1
2
3
4

1
1

2
1
2

2
1
2

5404
5
20.99
36.98
52.97
68.96
84.95
100.94
116.93
132.92
148.91
164.9
180.89
196.88
212.87
228.86
244.85
260.84
276.83
292.82
308.81
324.8
340.79
356.78
372.77
388.76
404.75
420.74
436.73
452.72
468.71
484.7
500.69
516.68
532.67
548.66
564.65
580.64
596.63
612.62
628.61
644.6
660.59
676.58
692.57
708.56
724.55
740.54
756.53
772.52
788.51
804.5
820.49
836.48
852.47
868.46
884.45
900.44
916.43
932.42
948.41
964.4
980.39
996.38
1012.37
1028.36
1044.35
1060.34
1076.33
1092.32
1108.31
1124.3
1140.29
1156.28
1172.27
1188.26
1204.25
1220.24
1236.23
1252.22
1268.21
1284.2
1300.19
1316.18
1332.17
1348.16
1364.15
1380.14
1396.13
1412.12
1428.11
1444.1
1460.09
1476.08
1492.07
1508.06
1524.05
1540.04
1556.03
1572.02
1588.01
1604
1619.99
1635.98
1651.97
1667.96
1683.95
1699.94
1715.93
1731.92
1747.91
1763.9
1779.89
1795.88
1811.87
1827.86
1843.85
1859.84
1875.83
1891.82
1907.81
1923.8
1939.79
1955.78
1971.77
1987.76
2003.75
2019.74
2035.73
2051.72
2067.71
2083.7
2099.69
2115.68
2131.67
2147.66
2163.65
2179.64
2195.63
2211.62
2227.61
2243.6
2259.59
2275.58
2291.57
2307.56
2323.55
2339.54
2355.53
2371.52
2387.51
2403.5
2419.49
2435.48
2451.47
2467.46
2483.45
2499.44
2515.43
2531.42
2547.41
2563.4
2579.39
2595.38
2611.37
2627.36
2643.35
2659.34
2675.33
2691.32
2707.31
2723.3
2739.29
2755.28
2771.27
2787.26
2803.25
2819.24
2835.23
2851.22
2867.21
2883.2
2899.19
2915.18
2931.17
2947.16
2963.15
2979.14
2995.13
3011.12
3027.11
3043.1
3059.09
3075.08
3091.07
3107.06
3123.05
3139.04
3155.03
3171.02
3187.01
3203
3218.99
3234.98
3250.97
3266.96
3282.95
3298.94
3314.93
3330.92
3346.91
3362.9
3378.89
3394.88
3410.87
3426.86
3442.85
3458.84
3474.83
3490.82
3506.81
3522.8
3538.79
3554.78
3570.77
3586.76
3602.75
3618.74
3634.73
3650.72
3666.71
3682.7
3698.69
3714.68
3730.67
3746.66
3762.65
3778.64
3794.63
3810.62
3826.61
3842.6
3858.59
3874.58
3890.57
3906.56
3922.55
3938.54
3954.53
3970.52
3986.51
4002.5
4018.49
4034.48
4050.47
4066.46
4082.45
4098.44
4114.43
4130.42
4146.41
4162.4
4178.39
4194.38
4210.37
4226.36
4242.35
4258.34
4274.33
4290.32
4306.31
4322.3
4338.29
4354.28
4370.27
4386.26
4402.25
4418.24
4434.23
4450.22
4466.21
4482.2
4498.19
4514.18
4530.17
4546.16
4562.15
4578.14
4594.13
4610.12
4626.11
4642.1
4658.09
4674.08
4690.07
4706.06
4722.05
4738.04
4754.03
4770.02
4786.01
4802
4817.99
4833.98
4849.97
4865.96
4881.95
4897.94
4913.93
4929.92
4945.91
4961.9
4977.89
4993.88
5009.87
5025.86
5041.85
5057.84
5073.83
5089.82
5105.81
5121.8
5137.79
5153.78
5169.77
5185.76
5201.75
5217.74
5233.73
5249.72
5265.71
5281.7
5297.69
5313.68
5329.67
5345.66
5361.65
5377.64
5393.63
5409.62
5425.61
5441.6
5457.59
5473.58
5489.57
5505.56
5521.55
5537.54
5553.53
5569.52
5585.51
5601.5
5617.49
5633.48
5649.47
5665.46
5681.45
5697.44
5713.43
5729.42
5745.41
5761.4
5777.39
5793.38
5809.37
5825.36
5841.35
5857.34
5873.33
5889.32
5905.31
5921.3
5937.29
5953.28
5969.27
5985.26
6001.25
6017.24
6033.23
6049.22
6065.21
6081.2
6097.19
6113.18
6129.17
6145.16
6161.15
6177.14
6193.13
6209.12
6225.11
6241.1
6257.09
6273.08
6289.07
6305.06
6321.05
6337.04
6353.03
6369.02
6385.01
6401
6416.99
6432.98
6448.97
6464.96
6480.95
6496.94
6512.93
6528.92
6544.91
6560.9
6576.89
6592.88
6608.87
6624.86
6640.85
6656.84
6672.83
6688.82
6704.81
6720.8
6736.79
6752.78
6768.77
6784.76
6800.75
6816.74
6832.73
6848.72
6864.71
6880.7
6896.69
6912.68
6928.67
6944.66
6960.65
6976.64
6992.63
7008.62
7024.61
7040.6
7056.59
7072.58
7088.57
7104.56
7120.55
7136.54
7152.53
7168.52
7184.51
7200.5
7216.49
7232.48
7248.47
7264.46
7280.45
7296.44
7312.43
7328.42
7344.41
7360.4
7376.39
7392.38
7408.37
7424.36
7440.35
7456.34
7472.33
7488.32
7504.31
7520.3
7536.29
7552.28
7568.27
7584.26
7600.25
7616.24
7632.23
7648.22
7664.21
7680.2
7696.19
7712.18
7728.17
7744.16
7760.15
7776.14
7792.13
7808.12
7824.11
7840.1
7856.09
7872.08
7888.07
7904.06
7920.05
7936.04
7952.03
7968.02
7984.01
8000
8015.99
8031.98
8047.97
8063.96
8079.95
8095.94
8111.93
8127.92
8143.91
8159.9
8175.89
8191.88
8207.87
8223.86
8239.85
8255.84
8271.83
8287.82
8303.81
8319.8
8335.79
8351.78
8367.77
8383.76
8399.75
8415.74
8431.73
8447.72
8463.71
8479.7
8495.69
8511.68
8527.67
8543.66
8559.65
8575.64
8591.63
8607.62
8623.61
8639.6
8655.59
8671.58
8687.57
8703.56
8719.55
8735.54
8751.53
8767.52
8783.51
8799.5
8815.49
8831.48
8847.47
8863.46
8879.45
8895.44
8911.43
8927.42
8943.41
8959.4
8975.39
8991.38
9007.37
9023.36
9039.35
9055.34
9071.33
9087.32
9103.31
9119.3
9135.29
9151.28
9167.27
9183.26
9199.25
9215.24
9231.23
9247.22
9263.21
9279.2
9295.19
9311.18
9327.17
9343.16
9359.15
9375.14
9391.13
9407.12
9423.11
9439.1
9455.09
9471.08
9487.07
9503.06
9519.05
9535.04
9551.03
9567.02
9583.01
9599
9614.99
9630.98
9646.97
9662.96
9678.95
9694.94
9710.93
9726.92
9742.91
9758.9
9774.89
9790.88
9806.87
9822.86
9838.85
9854.84
9870.83
9886.82
9902.81
9918.8
9934.79
9950.78
9966.77
9982.76
9998.75
10014.7
10030.7
10046.7
10062.7
10078.7
10094.7
10110.7
10126.7
10142.7
10158.7
10174.6
10190.6
10206.6
10222.6
10238.6
10254.6
10270.6
10286.6
10302.6
10318.6
10334.5
10350.5
10366.5
10382.5
10398.5
10414.5
10430.5
10446.5
10462.5
10478.5
10494.4
10510.4
10526.4
10542.4
10558.4
10574.4
10590.4
10606.4
10622.4
10638.4
10654.3
10670.3
10686.3
10702.3
10718.3
10734.3
10750.3
10766.3
10782.3
10798.3
10814.2
10830.2
10846.2
10862.2
10878.2
10894.2
10910.2
10926.2
10942.2
10958.2
10974.1
10990.1
11006.1
11022.1
11038.1
11054.1
11070.1
11086.1
11102.1
11118.1
11134
11150
11166
11182
11198
11214
11230
11246
11262
11278
11293.9
11309.9
11325.9
11341.9
11357.9
11373.9
11389.9
11405.9
11421.9
11437.9
11453.8
11469.8
11485.8
11501.8
11517.8
11533.8
11549.8
11565.8
11581.8
11597.8
11613.7
11629.7
11645.7
11661.7
11677.7
11693.7
11709.7
11725.7
11741.7
11757.7
11773.6
11789.6
11805.6
11821.6
11837.6
11853.6
11869.6
11885.6
11901.6
11917.6
11933.5
11949.5
11965.5
11981.5
11997.5
12013.5
12029.5
12045.5
12061.5
12077.5
12093.4
12109.4
12125.4
12141.4
12157.4
12173.4
12189.4
12205.4
12221.4
12237.4
12253.3
12269.3
12285.3
12301.3
12317.3
12333.3
12349.3
12365.3
12381.3
12397.3
12413.2
12429.2
12445.2
12461.2
12477.2
12493.2
12509.2
12525.2
12541.2
12557.2
12573.1
12589.1
12605.1
12621.1
12637.1
12653.1
12669.1
12685.1
12701.1
12717.1
12733
12749
12765
12781
12797
12813
12829
12845
12861
12877
12892.9
12908.9
12924.9
12940.9
12956.9
12972.9
12988.9
13004.9
13020.9
13036.9
13052.8
13068.8
13084.8
13100.8
13116.8
13132.8
13148.8
13164.8
13180.8
13196.8
13212.7
13228.7
13244.7
13260.7
13276.7
13292.7
13308.7
13324.7
13340.7
13356.7
13372.6
13388.6
13404.6
13420.6
13436.6
13452.6
13468.6
13484.6
13500.6
13516.6
13532.5
13548.5
13564.5
13580.5
13596.5
13612.5
13628.5
13644.5
13660.5
13676.5
13692.4
13708.4
13724.4
13740.4
13756.4
13772.4
13788.4
13804.4
13820.4
13836.4
13852.3
13868.3
13884.3
13900.3
13916.3
13932.3
13948.3
13964.3
13980.3
13996.3
14012.2
14028.2
14044.2
14060.2
14076.2
14092.2
14108.2
14124.2
14140.2
14156.2
14172.1
14188.1
14204.1
14220.1
14236.1
14252.1
14268.1
14284.1
14300.1
14316.1
14332
14348
14364
14380
14396
14412
14428
14444
14460
14476
14491.9
14507.9
14523.9
14539.9
14555.9
14571.9
14587.9
14603.9
14619.9
14635.9
14651.8
14667.8
14683.8
14699.8
14715.8
14731.8
14747.8
14763.8
14779.8
14795.8
14811.7
14827.7
14843.7
14859.7
14875.7
14891.7
14907.7
14923.7
14939.7
14955.7
14971.6
14987.6
15003.6
15019.6
15035.6
15051.6
15067.6
15083.6
15099.6
15115.6
15131.5
15147.5
15163.5
15179.5
15195.5
15211.5
15227.5
15243.5
15259.5
15275.5
15291.4
15307.4
15323.4
15339.4
15355.4
15371.4
15387.4
15403.4
15419.4
15435.4
15451.3
15467.3
15483.3
15499.3
15515.3
15531.3
15547.3
15563.3
15579.3
15595.3
15611.2
15627.2
15643.2
15659.2
15675.2
15691.2
15707.2
15723.2
15739.2
15755.2
15771.1
15787.1
15803.1
15819.1
15835.1
15851.1
15867.1
15883.1
15899.1
15915.1
15931
15947
15963
15979
15995
16011
16027
16043
16059
16075
16090.9
16106.9
16122.9
16138.9
16154.9
16170.9
16186.9
16202.9
16218.9
16234.9
16250.8
16266.8
16282.8
16298.8
16314.8
16330.8
16346.8
16362.8
16378.8
16394.8
16410.7
16426.7
16442.7
16458.7
16474.7
16490.7
16506.7
16522.7
16538.7
16554.7
16570.6
16586.6
16602.6
16618.6
16634.6
16650.6
16666.6
16682.6
16698.6
16714.6
16730.5
16746.5
16762.5
16778.5
16794.5
16810.5
16826.5
16842.5
16858.5
16874.5
16890.4
16906.4
16922.4
16938.4
16954.4
16970.4
16986.4
17002.4
17018.4
17034.4
17050.3
17066.3
17082.3
17098.3
17114.3
17130.3
17146.3
17162.3
17178.3
17194.3
17210.2
17226.2
17242.2
17258.2
17274.2
17290.2
17306.2
17322.2
17338.2
17354.2
17370.1
17386.1
17402.1
17418.1
17434.1
17450.1
17466.1
17482.1
17498.1
17514.1
17530
17546
17562
17578
17594
17610
17626
17642
17658
17674
17689.9
17705.9
17721.9
17737.9
17753.9
17769.9
17785.9
17801.9
17817.9
17833.9
17849.8
17865.8
17881.8
17897.8
17913.8
17929.8
17945.8
17961.8
17977.8
17993.8
18009.7
18025.7
18041.7
18057.7
18073.7
18089.7
18105.7
18121.7
18137.7
18153.7
18169.6
18185.6
18201.6
18217.6
18233.6
18249.6
18265.6
18281.6
18297.6
18313.6
18329.5
18345.5
18361.5
18377.5
18393.5
18409.5
18425.5
18441.5
18457.5
18473.5
18489.4
18505.4
18521.4
18537.4
18553.4
18569.4
18585.4
18601.4
18617.4
18633.4
18649.3
18665.3
18681.3
18697.3
18713.3
18729.3
18745.3
18761.3
18777.3
18793.3
18809.2
18825.2
18841.2
18857.2
18873.2
18889.2
18905.2
18921.2
18937.2
18953.2
18969.1
18985.1
19001.1
19017.1
19033.1
19049.1
19065.1
19081.1
19097.1
19113.1
19129
19145
19161
19177
19193
19209
19225
19241
19257
19273
19288.9
19304.9
19320.9
19336.9
19352.9
19368.9
19384.9
19400.9
19416.9
19432.9
19448.8
19464.8
19480.8
19496.8
19512.8
19528.8
19544.8
19560.8
19576.8
19592.8
19608.7
19624.7
19640.7
19656.7
19672.7
19688.7
19704.7
19720.7
19736.7
19752.7
19768.6
19784.6
19800.6
19816.6
19832.6
19848.6
19864.6
19880.6
19896.6
19912.6
19928.5
19944.5
19960.5
19976.5
19992.5
20008.5
20024.5
20040.5
20056.5
20072.5
20088.4
20104.4
20120.4
20136.4
20152.4
20168.4
20184.4
20200.4
20216.4
20232.4
20248.3
20264.3
20280.3
20296.3
20312.3
20328.3
20344.3
20360.3
20376.3
20392.3
20408.2
20424.2
20440.2
20456.2
20472.2
20488.2
20504.2
20520.2
20536.2
20552.2
20568.1
20584.1
20600.1
20616.1
20632.1
20648.1
20664.1
20680.1
20696.1
20712.1
20728
20744
20760
20776
20792
20808
20824
20840
20856
20872
20887.9
20903.9
20919.9
20935.9
20951.9
20967.9
20983.9
20999.9
21015.9
21031.9
21047.8
21063.8
21079.8
21095.8
21111.8
21127.8
21143.8
21159.8
21175.8
21191.8
21207.7
21223.7
21239.7
21255.7
21271.7
21287.7
21303.7
21319.7
21335.7
21351.7
21367.6
21383.6
21399.6
21415.6
21431.6
21447.6
21463.6
21479.6
21495.6
21511.6
21527.5
21543.5
21559.5
21575.5
21591.5
21607.5
21623.5
21639.5
21655.5
21671.5
21687.4
21703.4
21719.4
21735.4
21751.4
21767.4
21783.4
21799.4
21815.4
21831.4
21847.3
21863.3
21879.3
21895.3
21911.3
21927.3
21943.3
21959.3
21975.3
21991.3
22007.2
22023.2
22039.2
22055.2
22071.2
22087.2
22103.2
22119.2
22135.2
22151.2
22167.1
22183.1
22199.1
22215.1
22231.1
22247.1
22263.1
22279.1
22295.1
22311.1
22327
22343
22359
22375
22391
22407
22423
22439
22455
22471
22486.9
22502.9
22518.9
22534.9
22550.9
22566.9
22582.9
22598.9
22614.9
22630.9
22646.8
22662.8
22678.8
22694.8
22710.8
22726.8
22742.8
22758.8
22774.8
22790.8
22806.7
22822.7
22838.7
22854.7
22870.7
22886.7
22902.7
22918.7
22934.7
22950.7
22966.6
22982.6
22998.6
23014.6
23030.6
23046.6
23062.6
23078.6
23094.6
23110.6
23126.5
23142.5
23158.5
23174.5
23190.5
23206.5
23222.5
23238.5
23254.5
23270.5
23286.4
23302.4
23318.4
23334.4
23350.4
23366.4
23382.4
23398.4
23414.4
23430.4
23446.3
23462.3
23478.3
23494.3
23510.3
23526.3
23542.3
23558.3
23574.3
23590.3
23606.2
23622.2
23638.2
23654.2
23670.2
23686.2
23702.2
23718.2
23734.2
23750.2
23766.1
23782.1
23798.1
23814.1
23830.1
23846.1
23862.1
23878.1
23894.1
23910.1
23926
23942
23958
23974
23990
24006
24022
24038
24054
24070
24085.9
24101.9
24117.9
24133.9
24149.9
24165.9
24181.9
24197.9
24213.9
24229.9
24245.8
24261.8
24277.8
24293.8
24309.8
24325.8
24341.8
24357.8
24373.8
24389.8
24405.7
24421.7
24437.7
24453.7
24469.7
24485.7
24501.7
24517.7
24533.7
24549.7
24565.6
24581.6
24597.6
24613.6
24629.6
24645.6
24661.6
24677.6
24693.6
24709.6
24725.5
24741.5
24757.5
24773.5
24789.5
24805.5
24821.5
24837.5
24853.5
24869.5
24885.4
24901.4
24917.4
24933.4
24949.4
24965.4
24981.4
24997.4
25013.4
25029.4
25045.3
25061.3
25077.3
25093.3
25109.3
25125.3
25141.3
25157.3
25173.3
25189.3
25205.2
25221.2
25237.2
25253.2
25269.2
25285.2
25301.2
25317.2
25333.2
25349.2
25365.1
25381.1
25397.1
25413.1
25429.1
25445.1
25461.1
25477.1
25493.1
25509.1
25525
25541
25557
25573
25589
25605
25621
25637
25653
25669
25684.9
25700.9
25716.9
25732.9
25748.9
25764.9
25780.9
25796.9
25812.9
25828.9
25844.8
25860.8
25876.8
25892.8
25908.8
25924.8
25940.8
25956.8
25972.8
25988.8
26004.7
26020.7
26036.7
26052.7
26068.7
26084.7
26100.7
26116.7
26132.7
26148.7
26164.6
26180.6
26196.6
26212.6
26228.6
26244.6
26260.6
26276.6
26292.6
26308.6
26324.5
26340.5
26356.5
26372.5
26388.5
26404.5
26420.5
26436.5
26452.5
26468.5
26484.4
26500.4
26516.4
26532.4
26548.4
26564.4
26580.4
26596.4
26612.4
26628.4
26644.3
26660.3
26676.3
26692.3
26708.3
26724.3
26740.3
26756.3
26772.3
26788.3
26804.2
26820.2
26836.2
26852.2
26868.2
26884.2
26900.2
26916.2
26932.2
26948.2
26964.1
26980.1
26996.1
27012.1
27028.1
27044.1
27060.1
27076.1
27092.1
27108.1
27124
27140
27156
27172
27188
27204
27220
27236
27252
27268
27283.9
27299.9
27315.9
27331.9
27347.9
27363.9
27379.9
27395.9
27411.9
27427.9
27443.8
27459.8
27475.8
27491.8
27507.8
27523.8
27539.8
27555.8
27571.8
27587.8
27603.7
27619.7
27635.7
27651.7
27667.7
27683.7
27699.7
27715.7
27731.7
27747.7
27763.6
27779.6
27795.6
27811.6
27827.6
27843.6
27859.6
27875.6
27891.6
27907.6
27923.5
27939.5
27955.5
27971.5
27987.5
28003.5
28019.5
28035.5
28051.5
28067.5
28083.4
28099.4
28115.4
28131.4
28147.4
28163.4
28179.4
28195.4
28211.4
28227.4
28243.3
28259.3
28275.3
28291.3
28307.3
28323.3
28339.3
28355.3
28371.3
28387.3
28403.2
28419.2
28435.2
28451.2
28467.2
28483.2
28499.2
28515.2
28531.2
28547.2
28563.1
28579.1
28595.1
28611.1
28627.1
28643.1
28659.1
28675.1
28691.1
28707.1
28723
28739
28755
28771
28787
28803
28819
28835
28851
28867
28883
28898.9
28914.9
28930.9
28946.9
28962.9
28978.9
28994.9
29010.9
29026.9
29042.9
29058.8
29074.8
29090.8
29106.8
29122.8
29138.8
29154.8
29170.8
29186.8
29202.8
29218.7
29234.7
29250.7
29266.7
29282.7
29298.7
29314.7
29330.7
29346.7
29362.7
29378.6
29394.6
29410.6
29426.6
29442.6
29458.6
29474.6
29490.6
29506.6
29522.6
29538.5
29554.5
29570.5
29586.5
29602.5
29618.5
29634.5
29650.5
29666.5
29682.5
29698.4
29714.4
29730.4
29746.4
29762.4
29778.4
29794.4
29810.4
29826.4
29842.4
29858.3
29874.3
29890.3
29906.3
29922.3
29938.3
29954.3
29970.3
29986.3
30002.3
30018.2
30034.2
30050.2
30066.2
30082.2
30098.2
30114.2
30130.2
30146.2
30162.2
30178.1
30194.1
30210.1
30226.1
30242.1
30258.1
30274.1
30290.1
30306.1
30322.1
30338
30354
30370
30386
30402
30418
30434
30450
30466
30482
30497.9
30513.9
30529.9
30545.9
30561.9
30577.9
30593.9
30609.9
30625.9
30641.9
30657.8
30673.8
30689.8
30705.8
30721.8
30737.8
30753.8
30769.8
30785.8
30801.8
30817.7
30833.7
30849.7
30865.7
30881.7
30897.7
30913.7
30929.7
30945.7
30961.7
30977.6
30993.6
31009.6
31025.6
31041.6
31057.6
31073.6
31089.6
31105.6
31121.6
31137.5
31153.5
31169.5
31185.5
31201.5
31217.5
31233.5
31249.5
31265.5
31281.5
31297.4
31313.4
31329.4
31345.4
31361.4
31377.4
31393.4
31409.4
31425.4
31441.4
31457.3
31473.3
31489.3
31505.3
31521.3
31537.3
31553.3
31569.3
31585.3
31601.3
31617.2
31633.2
31649.2
31665.2
31681.2
31697.2
31713.2
31729.2
31745.2
31761.2
31777.1
31793.1
31809.1
31825.1
31841.1
31857.1
31873.1
31889.1
31905.1
31921.1
31937
31953
31969
31985
32001
32017
32033
32049
32065
32081
32096.9
32112.9
32128.9
32144.9
32160.9
32176.9
32192.9
32208.9
32224.9
32240.9
32256.8
32272.8
32288.8
32304.8
32320.8
32336.8
32352.8
32368.8
32384.8
32400.8
32416.7
32432.7
32448.7
32464.7
32480.7
32496.7
32512.7
32528.7
32544.7
32560.7
32576.6
32592.6
32608.6
32624.6
32640.6
32656.6
32672.6
32688.6
32704.6
32720.6
32736.5
32752.5
32768.5
32784.5
32800.5
32816.5
32832.5
32848.5
32864.5
32880.5
32896.4
32912.4
32928.4
32944.4
32960.4
32976.4
32992.4
33008.4
33024.4
33040.4
33056.3
33072.3
33088.3
33104.3
33120.3
33136.3
33152.3
33168.3
33184.3
33200.3
33216.2
33232.2
33248.2
33264.2
33280.2
33296.2
33312.2
33328.2
33344.2
33360.2
33376.1
33392.1
33408.1
33424.1
33440.1
33456.1
33472.1
33488.1
33504.1
33520.1
33536
33552
33568
33584
33600
33616
33632
33648
33664
33680
33695.9
33711.9
33727.9
33743.9
33759.9
33775.9
33791.9
33807.9
33823.9
33839.9
33855.8
33871.8
33887.8
33903.8
33919.8
33935.8
33951.8
33967.8
33983.8
33999.8
34015.7
34031.7
34047.7
34063.7
34079.7
34095.7
34111.7
34127.7
34143.7
34159.7
34175.6
34191.6
34207.6
34223.6
34239.6
34255.6
34271.6
34287.6
34303.6
34319.6
34335.5
34351.5
34367.5
34383.5
34399.5
34415.5
34431.5
34447.5
34463.5
34479.5
34495.4
34511.4
34527.4
34543.4
34559.4
34575.4
34591.4
34607.4
34623.4
34639.4
34655.3
34671.3
34687.3
34703.3
34719.3
34735.3
34751.3
34767.3
34783.3
34799.3
34815.2
34831.2
34847.2
34863.2
34879.2
34895.2
34911.2
34927.2
34943.2
34959.2
34975.1
34991.1
35007.1
35023.1
35039.1
35055.1
35071.1
35087.1
35103.1
35119.1
35135
35151
35167
35183
35199
35215
35231
35247
35263
35279
35294.9
35310.9
35326.9
35342.9
35358.9
35374.9
35390.9
35406.9
35422.9
35438.9
35454.8
35470.8
35486.8
35502.8
35518.8
35534.8
35550.8
35566.8
35582.8
35598.8
35614.7
35630.7
35646.7
35662.7
35678.7
35694.7
35710.7
35726.7
35742.7
35758.7
35774.6
35790.6
35806.6
35822.6
35838.6
35854.6
35870.6
35886.6
35902.6
35918.6
35934.5
35950.5
35966.5
35982.5
35998.5
36014.5
36030.5
36046.5
36062.5
36078.5
36094.4
36110.4
36126.4
36142.4
36158.4
36174.4
36190.4
36206.4
36222.4
36238.4
36254.3
36270.3
36286.3
36302.3
36318.3
36334.3
36350.3
36366.3
36382.3
36398.3
36414.2
36430.2
36446.2
36462.2
36478.2
36494.2
36510.2
36526.2
36542.2
36558.2
36574.1
36590.1
36606.1
36622.1
36638.1
36654.1
36670.1
36686.1
36702.1
36718.1
36734
36750
36766
36782
36798
36814
36830
36846
36862
36878
36893.9
36909.9
36925.9
36941.9
36957.9
36973.9
36989.9
37005.9
37021.9
37037.9
37053.8
37069.8
37085.8
37101.8
37117.8
37133.8
37149.8
37165.8
37181.8
37197.8
37213.7
37229.7
37245.7
37261.7
37277.7
37293.7
37309.7
37325.7
37341.7
37357.7
37373.6
37389.6
37405.6
37421.6
37437.6
37453.6
37469.6
37485.6
37501.6
37517.6
37533.5
37549.5
37565.5
37581.5
37597.5
37613.5
37629.5
37645.5
37661.5
37677.5
37693.4
37709.4
37725.4
37741.4
37757.4
37773.4
37789.4
37805.4
37821.4
37837.4
37853.3
37869.3
37885.3
37901.3
37917.3
37933.3
37949.3
37965.3
37981.3
37997.3
38013.2
38029.2
38045.2
38061.2
38077.2
38093.2
38109.2
38125.2
38141.2
38157.2
38173.1
38189.1
38205.1
38221.1
38237.1
38253.1
38269.1
38285.1
38301.1
38317.1
38333
38349
38365
38381
38397
38413
38429
38445
38461
38477
38492.9
38508.9
38524.9
38540.9
38556.9
38572.9
38588.9
38604.9
38620.9
38636.9
38652.8
38668.8
38684.8
38700.8
38716.8
38732.8
38748.8
38764.8
38780.8
38796.8
38812.7
38828.7
38844.7
38860.7
38876.7
38892.7
38908.7
38924.7
38940.7
38956.7
38972.6
38988.6
39004.6
39020.6
39036.6
39052.6
39068.6
39084.6
39100.6
39116.6
39132.5
39148.5
39164.5
39180.5
39196.5
39212.5
39228.5
39244.5
39260.5
39276.5
39292.4
39308.4
39324.4
39340.4
39356.4
39372.4
39388.4
39404.4
39420.4
39436.4
39452.3
39468.3
39484.3
39500.3
39516.3
39532.3
39548.3
39564.3
39580.3
39596.3
39612.2
39628.2
39644.2
39660.2
39676.2
39692.2
39708.2
39724.2
39740.2
39756.2
39772.1
39788.1
39804.1
39820.1
39836.1
39852.1
39868.1
39884.1
39900.1
39916.1
39932
39948
39964
39980
39996
40012
40028
40044
40060
40076
40091.9
40107.9
40123.9
40139.9
40155.9
40171.9
40187.9
40203.9
40219.9
40235.9
40251.8
40267.8
40283.8
40299.8
40315.8
40331.8
40347.8
40363.8
40379.8
40395.8
40411.7
40427.7
40443.7
40459.7
40475.7
40491.7
40507.7
40523.7
40539.7
40555.7
40571.6
40587.6
40603.6
40619.6
40635.6
40651.6
40667.6
40683.6
40699.6
40715.6
40731.5
40747.5
40763.5
40779.5
40795.5
40811.5
40827.5
40843.5
40859.5
40875.5
40891.4
40907.4
40923.4
40939.4
40955.4
40971.4
40987.4
41003.4
41019.4
41035.4
41051.3
41067.3
41083.3
41099.3
41115.3
41131.3
41147.3
41163.3
41179.3
41195.3
41211.2
41227.2
41243.2
41259.2
41275.2
41291.2
41307.2
41323.2
41339.2
41355.2
41371.1
41387.1
41403.1
41419.1
41435.1
41451.1
41467.1
41483.1
41499.1
41515.1
41531
41547
41563
41579
41595
41611
41627
41643
41659
41675
41690.9
41706.9
41722.9
41738.9
41754.9
41770.9
41786.9
41802.9
41818.9
41834.9
41850.8
41866.8
41882.8
41898.8
41914.8
41930.8
41946.8
41962.8
41978.8
41994.8
42010.7
42026.7
42042.7
42058.7
42074.7
42090.7
42106.7
42122.7
42138.7
42154.7
42170.6
42186.6
42202.6
42218.6
42234.6
42250.6
42266.6
42282.6
42298.6
42314.6
42330.5
42346.5
42362.5
42378.5
42394.5
42410.5
42426.5
42442.5
42458.5
42474.5
42490.4
42506.4
42522.4
42538.4
42554.4
42570.4
42586.4
42602.4
42618.4
42634.4
42650.3
42666.3
42682.3
42698.3
42714.3
42730.3
42746.3
42762.3
42778.3
42794.3
42810.2
42826.2
42842.2
42858.2
42874.2
42890.2
42906.2
42922.2
42938.2
42954.2
42970.1
42986.1
43002.1
43018.1
43034.1
43050.1
43066.1
43082.1
43098.1
43114.1
43130
43146
43162
43178
43194
43210
43226
43242
43258
43274
43289.9
43305.9
43321.9
43337.9
43353.9
43369.9
43385.9
43401.9
43417.9
43433.9
43449.8
43465.8
43481.8
43497.8
43513.8
43529.8
43545.8
43561.8
43577.8
43593.8
43609.7
43625.7
43641.7
43657.7
43673.7
43689.7
43705.7
43721.7
43737.7
43753.7
43769.6
43785.6
43801.6
43817.6
43833.6
43849.6
43865.6
43881.6
43897.6
43913.6
43929.5
43945.5
43961.5
43977.5
43993.5
44009.5
44025.5
44041.5
44057.5
44073.5
44089.4
44105.4
44121.4
44137.4
44153.4
44169.4
44185.4
44201.4
44217.4
44233.4
44249.3
44265.3
44281.3
44297.3
44313.3
44329.3
44345.3
44361.3
44377.3
44393.3
44409.2
44425.2
44441.2
44457.2
44473.2
44489.2
44505.2
44521.2
44537.2
44553.2
44569.1
44585.1
44601.1
44617.1
44633.1
44649.1
44665.1
44681.1
44697.1
44713.1
44729
44745
44761
44777
44793
44809
44825
44841
44857
44873
44888.9
44904.9
44920.9
44936.9
44952.9
44968.9
44984.9
45000.9
45016.9
45032.9
45048.8
45064.8
45080.8
45096.8
45112.8
45128.8
45144.8
45160.8
45176.8
45192.8
45208.7
45224.7
45240.7
45256.7
45272.7
45288.7
45304.7
45320.7
45336.7
45352.7
45368.6
45384.6
45400.6
45416.6
45432.6
45448.6
45464.6
45480.6
45496.6
45512.6
45528.5
45544.5
45560.5
45576.5
45592.5
45608.5
45624.5
45640.5
45656.5
45672.5
45688.4
45704.4
45720.4
45736.4
45752.4
45768.4
45784.4
45800.4
45816.4
45832.4
45848.3
45864.3
45880.3
45896.3
45912.3
45928.3
45944.3
45960.3
45976.3
45992.3
46008.2
46024.2
46040.2
46056.2
46072.2
46088.2
46104.2
46120.2
46136.2
46152.2
46168.1
46184.1
46200.1
46216.1
46232.1
46248.1
46264.1
46280.1
46296.1
46312.1
46328
46344
46360
46376
46392
46408
46424
46440
46456
46472
46487.9
46503.9
46519.9
46535.9
46551.9
46567.9
46583.9
46599.9
46615.9
46631.9
46647.8
46663.8
46679.8
46695.8
46711.8
46727.8
46743.8
46759.8
46775.8
46791.8
46807.7
46823.7
46839.7
46855.7
46871.7
46887.7
46903.7
46919.7
46935.7
46951.7
46967.6
46983.6
46999.6
47015.6
47031.6
47047.6
47063.6
47079.6
47095.6
47111.6
47127.5
47143.5
47159.5
47175.5
47191.5
47207.5
47223.5
47239.5
47255.5
47271.5
47287.4
47303.4
47319.4
47335.4
47351.4
47367.4
47383.4
47399.4
47415.4
47431.4
47447.3
47463.3
47479.3
47495.3
47511.3
47527.3
47543.3
47559.3
47575.3
47591.3
47607.2
47623.2
47639.2
47655.2
47671.2
47687.2
47703.2
47719.2
47735.2
47751.2
47767.1
47783.1
47799.1
47815.1
47831.1
47847.1
47863.1
47879.1
47895.1
47911.1
47927
47943
47959
47975
47991
48007
48023
48039
48055
48071
48086.9
48102.9
48118.9
48134.9
48150.9
48166.9
48182.9
48198.9
48214.9
48230.9
48246.8
48262.8
48278.8
48294.8
48310.8
48326.8
48342.8
48358.8
48374.8
48390.8
48406.7
48422.7
48438.7
48454.7
48470.7
48486.7
48502.7
48518.7
48534.7
48550.7
48566.6
48582.6
48598.6
48614.6
48630.6
48646.6
48662.6
48678.6
48694.6
48710.6
48726.5
48742.5
48758.5
48774.5
48790.5
48806.5
48822.5
48838.5
48854.5
48870.5
48886.4
48902.4
48918.4
48934.4
48950.4
48966.4
48982.4
48998.4
49014.4
49030.4
49046.3
49062.3
49078.3
49094.3
49110.3
49126.3
49142.3
49158.3
49174.3
49190.3
49206.2
49222.2
49238.2
49254.2
49270.2
49286.2
49302.2
49318.2
49334.2
49350.2
49366.1
49382.1
49398.1
49414.1
49430.1
49446.1
49462.1
49478.1
49494.1
49510.1
49526
49542
49558
49574
49590
49606
49622
49638
49654
49670
49685.9
49701.9
49717.9
49733.9
49749.9
49765.9
49781.9
49797.9
49813.9
49829.9
49845.8
49861.8
49877.8
49893.8
49909.8
49925.8
49941.8
49957.8
49973.8
49989.8
50005.7
50021.7
50037.7
50053.7
50069.7
50085.7
50101.7
50117.7
50133.7
50149.7
50165.6
50181.6
50197.6
50213.6
50229.6
50245.6
50261.6
50277.6
50293.6
50309.6
50325.5
50341.5
50357.5
50373.5
50389.5
50405.5
50421.5
50437.5
50453.5
50469.5
50485.4
50501.4
50517.4
50533.4
50549.4
50565.4
50581.4
50597.4
50613.4
50629.4
50645.3
50661.3
50677.3
50693.3
50709.3
50725.3
50741.3
50757.3
50773.3
50789.3
50805.2
50821.2
50837.2
50853.2
50869.2
50885.2
50901.2
50917.2
50933.2
50949.2
50965.1
50981.1
50997.1
51013.1
51029.1
51045.1
51061.1
51077.1
51093.1
51109.1
51125
51141
51157
51173
51189
51205
51221
51237
51253
51269
51284.9
51300.9
51316.9
51332.9
51348.9
51364.9
51380.9
51396.9
51412.9
51428.9
51444.8
51460.8
51476.8
51492.8
51508.8
51524.8
51540.8
51556.8
51572.8
51588.8
51604.7
51620.7
51636.7
51652.7
51668.7
51684.7
51700.7
51716.7
51732.7
51748.7
51764.6
51780.6
51796.6
51812.6
51828.6
51844.6
51860.6
51876.6
51892.6
51908.6
51924.5
51940.5
51956.5
51972.5
51988.5
52004.5
52020.5
52036.5
52052.5
52068.5
52084.4
52100.4
52116.4
52132.4
52148.4
52164.4
52180.4
52196.4
52212.4
52228.4
52244.3
52260.3
52276.3
52292.3
52308.3
52324.3
52340.3
52356.3
52372.3
52388.3
52404.2
52420.2
52436.2
52452.2
52468.2
52484.2
52500.2
52516.2
52532.2
52548.2
52564.1
52580.1
52596.1
52612.1
52628.1
52644.1
52660.1
52676.1
52692.1
52708.1
52724
52740
52756
52772
52788
52804
52820
52836
52852
52868
52883.9
52899.9
52915.9
52931.9
52947.9
52963.9
52979.9
52995.9
53011.9
53027.9
53043.8
53059.8
53075.8
53091.8
53107.8
53123.8
53139.8
53155.8
53171.8
53187.8
53203.7
53219.7
53235.7
53251.7
53267.7
53283.7
53299.7
53315.7
53331.7
53347.7
53363.6
53379.6
53395.6
53411.6
53427.6
53443.6
53459.6
53475.6
53491.6
53507.6
53523.5
53539.5
53555.5
53571.5
53587.5
53603.5
53619.5
53635.5
53651.5
53667.5
53683.4
53699.4
53715.4
53731.4
53747.4
53763.4
53779.4
53795.4
53811.4
53827.4
53843.3
53859.3
53875.3
53891.3
53907.3
53923.3
53939.3
53955.3
53971.3
53987.3
54003.2
54019.2
54035.2
54051.2
54067.2
54083.2
54099.2
54115.2
54131.2
54147.2
54163.1
54179.1
54195.1
54211.1
54227.1
54243.1
54259.1
54275.1
54291.1
54307.1
54323
54339
54355
54371
54387
54403
54419
54435
54451
54467
54482.9
54498.9
54514.9
54530.9
54546.9
54562.9
54578.9
54594.9
54610.9
54626.9
54642.8
54658.8
54674.8
54690.8
54706.8
54722.8
54738.8
54754.8
54770.8
54786.8
54802.7
54818.7
54834.7
54850.7
54866.7
54882.7
54898.7
54914.7
54930.7
54946.7
54962.6
54978.6
54994.6
55010.6
55026.6
55042.6
55058.6
55074.6
55090.6
55106.6
55122.5
55138.5
55154.5
55170.5
55186.5
55202.5
55218.5
55234.5
55250.5
55266.5
55282.4
55298.4
55314.4
55330.4
55346.4
55362.4
55378.4
55394.4
55410.4
55426.4
55442.3
55458.3
55474.3
55490.3
55506.3
55522.3
55538.3
55554.3
55570.3
55586.3
55602.2
55618.2
55634.2
55650.2
55666.2
55682.2
55698.2
55714.2
55730.2
55746.2
55762.1
55778.1
55794.1
55810.1
55826.1
55842.1
55858.1
55874.1
55890.1
55906.1
55922
55938
55954
55970
55986
56002
56018
56034
56050
56066
56081.9
56097.9
56113.9
56129.9
56145.9
56161.9
56177.9
56193.9
56209.9
56225.9
56241.8
56257.8
56273.8
56289.8
56305.8
56321.8
56337.8
56353.8
56369.8
56385.8
56401.7
56417.7
56433.7
56449.7
56465.7
56481.7
56497.7
56513.7
56529.7
56545.7
56561.6
56577.6
56593.6
56609.6
56625.6
56641.6
56657.6
56673.6
56689.6
56705.6
56721.5
56737.5
56753.5
56769.5
56785.5
56801.5
56817.5
56833.5
56849.5
56865.5
56881.4
56897.4
56913.4
56929.4
56945.4
56961.4
56977.4
56993.4
57009.4
57025.4
57041.3
57057.3
57073.3
57089.3
57105.3
57121.3
57137.3
57153.3
57169.3
57185.3
57201.2
57217.2
57233.2
57249.2
57265.2
57281.2
57297.2
57313.2
57329.2
57345.2
57361.1
57377.1
57393.1
57409.1
57425.1
57441.1
57457.1
57473.1
57489.1
57505.1
57521
57537
57553
57569
57585
57601
57617
57633
57649
57665
57681
57696.9
57712.9
57728.9
57744.9
57760.9
57776.9
57792.9
57808.9
57824.9
57840.9
57856.8
57872.8
57888.8
57904.8
57920.8
57936.8
57952.8
57968.8
57984.8
58000.8
58016.7
58032.7
58048.7
58064.7
58080.7
58096.7
58112.7
58128.7
58144.7
58160.7
58176.6
58192.6
58208.6
58224.6
58240.6
58256.6
58272.6
58288.6
58304.6
58320.6
58336.5
58352.5
58368.5
58384.5
58400.5
58416.5
58432.5
58448.5
58464.5
58480.5
58496.4
58512.4
58528.4
58544.4
58560.4
58576.4
58592.4
58608.4
58624.4
58640.4
58656.3
58672.3
58688.3
58704.3
58720.3
58736.3
58752.3
58768.3
58784.3
58800.3
58816.2
58832.2
58848.2
58864.2
58880.2
58896.2
58912.2
58928.2
58944.2
58960.2
58976.1
58992.1
59008.1
59024.1
59040.1
59056.1
59072.1
59088.1
59104.1
59120.1
59136
59152
59168
59184
59200
59216
59232
59248
59264
59280
59295.9
59311.9
59327.9
59343.9
59359.9
59375.9
59391.9
59407.9
59423.9
59439.9
59455.8
59471.8
59487.8
59503.8
59519.8
59535.8
59551.8
59567.8
59583.8
59599.8
59615.7
59631.7
59647.7
59663.7
59679.7
59695.7
59711.7
59727.7
59743.7
59759.7
59775.6
59791.6
59807.6
59823.6
59839.6
59855.6
59871.6
59887.6
59903.6
59919.6
59935.5
59951.5
59967.5
59983.5
59999.5
60015.5
60031.5
60047.5
60063.5
60079.5
60095.4
60111.4
60127.4
60143.4
60159.4
60175.4
60191.4
60207.4
60223.4
60239.4
60255.3
60271.3
60287.3
60303.3
60319.3
60335.3
60351.3
60367.3
60383.3
60399.3
60415.2
60431.2
60447.2
60463.2
60479.2
60495.2
60511.2
60527.2
60543.2
60559.2
60575.1
60591.1
60607.1
60623.1
60639.1
60655.1
60671.1
60687.1
60703.1
60719.1
60735
60751
60767
60783
60799
60815
60831
60847
60863
60879
60894.9
60910.9
60926.9
60942.9
60958.9
60974.9
60990.9
61006.9
61022.9
61038.9
61054.8
61070.8
61086.8
61102.8
61118.8
61134.8
61150.8
61166.8
61182.8
61198.8
61214.7
61230.7
61246.7
61262.7
61278.7
61294.7
61310.7
61326.7
61342.7
61358.7
61374.6
61390.6
61406.6
61422.6
61438.6
61454.6
61470.6
61486.6
61502.6
61518.6
61534.5
61550.5
61566.5
61582.5
61598.5
61614.5
61630.5
61646.5
61662.5
61678.5
61694.4
61710.4
61726.4
61742.4
61758.4
61774.4
61790.4
61806.4
61822.4
61838.4
61854.3
61870.3
61886.3
61902.3
61918.3
61934.3
61950.3
61966.3
61982.3
61998.3
62014.2
62030.2
62046.2
62062.2
62078.2
62094.2
62110.2
62126.2
62142.2
62158.2
62174.1
62190.1
62206.1
62222.1
62238.1
62254.1
62270.1
62286.1
62302.1
62318.1
62334
62350
62366
62382
62398
62414
62430
62446
62462
62478
62493.9
62509.9
62525.9
62541.9
62557.9
62573.9
62589.9
62605.9
62621.9
62637.9
62653.8
62669.8
62685.8
62701.8
62717.8
62733.8
62749.8
62765.8
62781.8
62797.8
62813.7
62829.7
62845.7
62861.7
62877.7
62893.7
62909.7
62925.7
62941.7
62957.7
62973.6
62989.6
63005.6
63021.6
63037.6
63053.6
63069.6
63085.6
63101.6
63117.6
63133.5
63149.5
63165.5
63181.5
63197.5
63213.5
63229.5
63245.5
63261.5
63277.5
63293.4
63309.4
63325.4
63341.4
63357.4
63373.4
63389.4
63405.4
63421.4
63437.4
63453.3
63469.3
63485.3
63501.3
63517.3
63533.3
63549.3
63565.3
63581.3
63597.3
63613.2
63629.2
63645.2
63661.2
63677.2
63693.2
63709.2
63725.2
63741.2
63757.2
63773.1
63789.1
63805.1
63821.1
63837.1
63853.1
63869.1
63885.1
63901.1
63917.1
63933
63949
63965
63981
63997
64013
64029
64045
64061
64077
64092.9
64108.9
64124.9
64140.9
64156.9
64172.9
64188.9
64204.9
64220.9
64236.9
64252.8
64268.8
64284.8
64300.8
64316.8
64332.8
64348.8
64364.8
64380.8
64396.8
64412.7
64428.7
64444.7
64460.7
64476.7
64492.7
64508.7
64524.7
64540.7
64556.7
64572.6
64588.6
64604.6
64620.6
64636.6
64652.6
64668.6
64684.6
64700.6
64716.6
64732.5
64748.5
64764.5
64780.5
64796.5
64812.5
64828.5
64844.5
64860.5
64876.5
64892.4
64908.4
64924.4
64940.4
64956.4
64972.4
64988.4
65004.4
65020.4
65036.4
65052.3
65068.3
65084.3
65100.3
65116.3
65132.3
65148.3
65164.3
65180.3
65196.3
65212.2
65228.2
65244.2
65260.2
65276.2
65292.2
65308.2
65324.2
65340.2
65356.2
65372.1
65388.1
65404.1
65420.1
65436.1
65452.1
65468.1
65484.1
65500.1
65516.1
65532
65548
65564
65580
65596
65612
65628
65644
65660
65676
65691.9
65707.9
65723.9
65739.9
65755.9
65771.9
65787.9
65803.9
65819.9
65835.9
65851.8
65867.8
65883.8
65899.8
65915.8
65931.8
65947.8
65963.8
65979.8
65995.8
66011.7
66027.7
66043.7
66059.7
66075.7
66091.7
66107.7
66123.7
66139.7
66155.7
66171.6
66187.6
66203.6
66219.6
66235.6
66251.6
66267.6
66283.6
66299.6
66315.6
66331.5
66347.5
66363.5
66379.5
66395.5
66411.5
66427.5
66443.5
66459.5
66475.5
66491.4
66507.4
66523.4
66539.4
66555.4
66571.4
66587.4
66603.4
66619.4
66635.4
66651.3
66667.3
66683.3
66699.3
66715.3
66731.3
66747.3
66763.3
66779.3
66795.3
66811.2
66827.2
66843.2
66859.2
66875.2
66891.2
66907.2
66923.2
66939.2
66955.2
66971.1
66987.1
67003.1
67019.1
67035.1
67051.1
67067.1
67083.1
67099.1
67115.1
67131
67147
67163
67179
67195
67211
67227
67243
67259
67275
67290.9
67306.9
67322.9
67338.9
67354.9
67370.9
67386.9
67402.9
67418.9
67434.9
67450.8
67466.8
67482.8
67498.8
67514.8
67530.8
67546.8
67562.8
67578.8
67594.8
67610.7
67626.7
67642.7
67658.7
67674.7
67690.7
67706.7
67722.7
67738.7
67754.7
67770.6
67786.6
67802.6
67818.6
67834.6
67850.6
67866.6
67882.6
67898.6
67914.6
67930.5
67946.5
67962.5
67978.5
67994.5
68010.5
68026.5
68042.5
68058.5
68074.5
68090.4
68106.4
68122.4
68138.4
68154.4
68170.4
68186.4
68202.4
68218.4
68234.4
68250.3
68266.3
68282.3
68298.3
68314.3
68330.3
68346.3
68362.3
68378.3
68394.3
68410.2
68426.2
68442.2
68458.2
68474.2
68490.2
68506.2
68522.2
68538.2
68554.2
68570.1
68586.1
68602.1
68618.1
68634.1
68650.1
68666.1
68682.1
68698.1
68714.1
68730
68746
68762
68778
68794
68810
68826
68842
68858
68874
68889.9
68905.9
68921.9
68937.9
68953.9
68969.9
68985.9
69001.9
69017.9
69033.9
69049.8
69065.8
69081.8
69097.8
69113.8
69129.8
69145.8
69161.8
69177.8
69193.8
69209.7
69225.7
69241.7
69257.7
69273.7
69289.7
69305.7
69321.7
69337.7
69353.7
69369.6
69385.6
69401.6
69417.6
69433.6
69449.6
69465.6
69481.6
69497.6
69513.6
69529.5
69545.5
69561.5
69577.5
69593.5
69609.5
69625.5
69641.5
69657.5
69673.5
69689.4
69705.4
69721.4
69737.4
69753.4
69769.4
69785.4
69801.4
69817.4
69833.4
69849.3
69865.3
69881.3
69897.3
69913.3
69929.3
69945.3
69961.3
69977.3
69993.3
70009.2
70025.2
70041.2
70057.2
70073.2
70089.2
70105.2
70121.2
70137.2
70153.2
70169.1
70185.1
70201.1
70217.1
70233.1
70249.1
70265.1
70281.1
70297.1
70313.1
70329
70345
70361
70377
70393
70409
70425
70441
70457
70473
70488.9
70504.9
70520.9
70536.9
70552.9
70568.9
70584.9
70600.9
70616.9
70632.9
70648.8
70664.8
70680.8
70696.8
70712.8
70728.8
70744.8
70760.8
70776.8
70792.8
70808.7
70824.7
70840.7
70856.7
70872.7
70888.7
70904.7
70920.7
70936.7
70952.7
70968.6
70984.6
71000.6
71016.6
71032.6
71048.6
71064.6
71080.6
71096.6
71112.6
71128.5
71144.5
71160.5
71176.5
71192.5
71208.5
71224.5
71240.5
71256.5
71272.5
71288.4
71304.4
71320.4
71336.4
71352.4
71368.4
71384.4
71400.4
71416.4
71432.4
71448.3
71464.3
71480.3
71496.3
71512.3
71528.3
71544.3
71560.3
71576.3
71592.3
71608.2
71624.2
71640.2
71656.2
71672.2
71688.2
71704.2
71720.2
71736.2
71752.2
71768.1
71784.1
71800.1
71816.1
71832.1
71848.1
71864.1
71880.1
71896.1
71912.1
71928
71944
71960
71976
71992
72008
72024
72040
72056
72072
72087.9
72103.9
72119.9
72135.9
72151.9
72167.9
72183.9
72199.9
72215.9
72231.9
72247.8
72263.8
72279.8
72295.8
72311.8
72327.8
72343.8
72359.8
72375.8
72391.8
72407.7
72423.7
72439.7
72455.7
72471.7
72487.7
72503.7
72519.7
72535.7
72551.7
72567.6
72583.6
72599.6
72615.6
72631.6
72647.6
72663.6
72679.6
72695.6
72711.6
72727.5
72743.5
72759.5
72775.5
72791.5
72807.5
72823.5
72839.5
72855.5
72871.5
72887.4
72903.4
72919.4
72935.4
72951.4
72967.4
72983.4
72999.4
73015.4
73031.4
73047.3
73063.3
73079.3
73095.3
73111.3
73127.3
73143.3
73159.3
73175.3
73191.3
73207.2
73223.2
73239.2
73255.2
73271.2
73287.2
73303.2
73319.2
73335.2
73351.2
73367.1
73383.1
73399.1
73415.1
73431.1
73447.1
73463.1
73479.1
73495.1
73511.1
73527
73543
73559
73575
73591
73607
73623
73639
73655
73671
73686.9
73702.9
73718.9
73734.9
73750.9
73766.9
73782.9
73798.9
73814.9
73830.9
73846.8
73862.8
73878.8
73894.8
73910.8
73926.8
73942.8
73958.8
73974.8
73990.8
74006.7
74022.7
74038.7
74054.7
74070.7
74086.7
74102.7
74118.7
74134.7
74150.7
74166.6
74182.6
74198.6
74214.6
74230.6
74246.6
74262.6
74278.6
74294.6
74310.6
74326.5
74342.5
74358.5
74374.5
74390.5
74406.5
74422.5
74438.5
74454.5
74470.5
74486.4
74502.4
74518.4
74534.4
74550.4
74566.4
74582.4
74598.4
74614.4
74630.4
74646.3
74662.3
74678.3
74694.3
74710.3
74726.3
74742.3
74758.3
74774.3
74790.3
74806.2
74822.2
74838.2
74854.2
74870.2
74886.2
74902.2
74918.2
74934.2
74950.2
74966.1
74982.1
74998.1
75014.1
75030.1
75046.1
75062.1
75078.1
75094.1
75110.1
75126
75142
75158
75174
75190
75206
75222
75238
75254
75270
75285.9
75301.9
75317.9
75333.9
75349.9
75365.9
75381.9
75397.9
75413.9
75429.9
75445.8
75461.8
75477.8
75493.8
75509.8
75525.8
75541.8
75557.8
75573.8
75589.8
75605.7
75621.7
75637.7
75653.7
75669.7
75685.7
75701.7
75717.7
75733.7
75749.7
75765.6
75781.6
75797.6
75813.6
75829.6
75845.6
75861.6
75877.6
75893.6
75909.6
75925.5
75941.5
75957.5
75973.5
75989.5
76005.5
76021.5
76037.5
76053.5
76069.5
76085.4
76101.4
76117.4
76133.4
76149.4
76165.4
76181.4
76197.4
76213.4
76229.4
76245.3
76261.3
76277.3
76293.3
76309.3
76325.3
76341.3
76357.3
76373.3
76389.3
76405.2
76421.2
76437.2
76453.2
76469.2
76485.2
76501.2
76517.2
76533.2
76549.2
76565.1
76581.1
76597.1
76613.1
76629.1
76645.1
76661.1
76677.1
76693.1
76709.1
76725
76741
76757
76773
76789
76805
76821
76837
76853
76869
76884.9
76900.9
76916.9
76932.9
76948.9
76964.9
76980.9
76996.9
77012.9
77028.9
77044.8
77060.8
77076.8
77092.8
77108.8
77124.8
77140.8
77156.8
77172.8
77188.8
77204.7
77220.7
77236.7
77252.7
77268.7
77284.7
77300.7
77316.7
77332.7
77348.7
77364.6
77380.6
77396.6
77412.6
77428.6
77444.6
77460.6
77476.6
77492.6
77508.6
77524.5
77540.5
77556.5
77572.5
77588.5
77604.5
77620.5
77636.5
77652.5
77668.5
77684.4
77700.4
77716.4
77732.4
77748.4
77764.4
77780.4
77796.4
77812.4
77828.4
77844.3
77860.3
77876.3
77892.3
77908.3
77924.3
77940.3
77956.3
77972.3
77988.3
78004.2
78020.2
78036.2
78052.2
78068.2
78084.2
78100.2
78116.2
78132.2
78148.2
78164.1
78180.1
78196.1
78212.1
78228.1
78244.1
78260.1
78276.1
78292.1
78308.1
78324
78340
78356
78372
78388
78404
78420
78436
78452
78468
78483.9
78499.9
78515.9
78531.9
78547.9
78563.9
78579.9
78595.9
78611.9
78627.9
78643.8
78659.8
78675.8
78691.8
78707.8
78723.8
78739.8
78755.8
78771.8
78787.8
78803.7
78819.7
78835.7
78851.7
78867.7
78883.7
78899.7
78915.7
78931.7
78947.7
78963.6
78979.6
78995.6
79011.6
79027.6
79043.6
79059.6
79075.6
79091.6
79107.6
79123.5
79139.5
79155.5
79171.5
79187.5
79203.5
79219.5
79235.5
79251.5
79267.5
79283.4
79299.4
79315.4
79331.4
79347.4
79363.4
79379.4
79395.4
79411.4
79427.4
79443.3
79459.3
79475.3
79491.3
79507.3
79523.3
79539.3
79555.3
79571.3
79587.3
79603.2
79619.2
79635.2
79651.2
79667.2
79683.2
79699.2
79715.2
79731.2
79747.2
79763.1
79779.1
79795.1
79811.1
79827.1
79843.1
79859.1
79875.1
79891.1
79907.1
79923
79939
79955
79971
79987
80003
80019
80035
80051
80067
80082.9
80098.9
80114.9
80130.9
80146.9
80162.9
80178.9
80194.9
80210.9
80226.9
80242.8
80258.8
80274.8
80290.8
80306.8
80322.8
80338.8
80354.8
80370.8
80386.8
80402.7
80418.7
80434.7
80450.7
80466.7
80482.7
80498.7
80514.7
80530.7
80546.7
80562.6
80578.6
80594.6
80610.6
80626.6
80642.6
80658.6
80674.6
80690.6
80706.6
80722.5
80738.5
80754.5
80770.5
80786.5
80802.5
80818.5
80834.5
80850.5
80866.5
80882.4
80898.4
80914.4
80930.4
80946.4
80962.4
80978.4
80994.4
81010.4
81026.4
81042.3
81058.3
81074.3
81090.3
81106.3
81122.3
81138.3
81154.3
81170.3
81186.3
81202.2
81218.2
81234.2
81250.2
81266.2
81282.2
81298.2
81314.2
81330.2
81346.2
81362.1
81378.1
81394.1
81410.1
81426.1
81442.1
81458.1
81474.1
81490.1
81506.1
81522
81538
81554
81570
81586
81602
81618
81634
81650
81666
81681.9
81697.9
81713.9
81729.9
81745.9
81761.9
81777.9
81793.9
81809.9
81825.9
81841.8
81857.8
81873.8
81889.8
81905.8
81921.8
81937.8
81953.8
81969.8
81985.8
82001.7
82017.7
82033.7
82049.7
82065.7
82081.7
82097.7
82113.7
82129.7
82145.7
82161.6
82177.6
82193.6
82209.6
82225.6
82241.6
82257.6
82273.6
82289.6
82305.6
82321.5
82337.5
82353.5
82369.5
82385.5
82401.5
82417.5
82433.5
82449.5
82465.5
82481.4
82497.4
82513.4
82529.4
82545.4
82561.4
82577.4
82593.4
82609.4
82625.4
82641.3
82657.3
82673.3
82689.3
82705.3
82721.3
82737.3
82753.3
82769.3
82785.3
82801.2
82817.2
82833.2
82849.2
82865.2
82881.2
82897.2
82913.2
82929.2
82945.2
82961.1
82977.1
82993.1
83009.1
83025.1
83041.1
83057.1
83073.1
83089.1
83105.1
83121
83137
83153
83169
83185
83201
83217
83233
83249
83265
83280.9
83296.9
83312.9
83328.9
83344.9
83360.9
83376.9
83392.9
83408.9
83424.9
83440.8
83456.8
83472.8
83488.8
83504.8
83520.8
83536.8
83552.8
83568.8
83584.8
83600.7
83616.7
83632.7
83648.7
83664.7
83680.7
83696.7
83712.7
83728.7
83744.7
83760.6
83776.6
83792.6
83808.6
83824.6
83840.6
83856.6
83872.6
83888.6
83904.6
83920.5
83936.5
83952.5
83968.5
83984.5
84000.5
84016.5
84032.5
84048.5
84064.5
84080.4
84096.4
84112.4
84128.4
84144.4
84160.4
84176.4
84192.4
84208.4
84224.4
84240.3
84256.3
84272.3
84288.3
84304.3
84320.3
84336.3
84352.3
84368.3
84384.3
84400.2
84416.2
84432.2
84448.2
84464.2
84480.2
84496.2
84512.2
84528.2
84544.2
84560.1
84576.1
84592.1
84608.1
84624.1
84640.1
84656.1
84672.1
84688.1
84704.1
84720
84736
84752
84768
84784
84800
84816
84832
84848
84864
84879.9
84895.9
84911.9
84927.9
84943.9
84959.9
84975.9
84991.9
85007.9
85023.9
85039.8
85055.8
85071.8
85087.8
85103.8
85119.8
85135.8
85151.8
85167.8
85183.8
85199.7
85215.7
85231.7
85247.7
85263.7
85279.7
85295.7
85311.7
85327.7
85343.7
85359.6
85375.6
85391.6
85407.6
85423.6
85439.6
85455.6
85471.6
85487.6
85503.6
85519.5
85535.5
85551.5
85567.5
85583.5
85599.5
85615.5
85631.5
85647.5
85663.5
85679.4
85695.4
85711.4
85727.4
85743.4
85759.4
85775.4
85791.4
85807.4
85823.4
85839.3
85855.3
85871.3
85887.3
85903.3
85919.3
85935.3
85951.3
85967.3
85983.3
85999.2
86015.2
86031.2
86047.2
86063.2
86079.2
86095.2
86111.2
86127.2
86143.2
86159.1
86175.1
86191.1
86207.1
86223.1
86239.1
86255.1
86271.1
86287.1
86303.1
86319
86335
86351
86367
86383
86399


100
12
100
3
1 10 1 0.804959
2 0 0 0.967779
3 0 0 0.747966

3
1 11 546 0.881505
2 0 0 0.928064
3 0 0 0.908729

3
1 10 1 0.914762
2 0 0 1.07114
3 0 0 0.813004

3
1 7 2 0.858509
2 0 0 0.812861
3 0 0 0.969591

5
1 9 1 0.885743
2 0 0 0.775895
3 3 3 0.986144
6 0 0 0.970658
7 0 0 0.968499

3
1 7 3 0.818692
2 0 0 0.794044
3 0 0 0.971242

3
1 4 3 0.874235
2 0 0 0.848303
3 0 0 1.06463

1
1 0 0 0.925314

3
1 1 1 0.916505
2 0 0 0.962652
3 0 0 0.789265

3
1 9 1 0.897568
2 0 0 0.813203
3 0 0 1.02755

7
1 2 3 0.881693
2 10 1 0.943868
4 0 0 1.07988
5 0 0 0.821208
3 2 4 0.928417
6 0 0 0.984449
7 0 0 0.942521

3
1 4 2 0.942505
2 0 0 0.833684
3 0 0 1.06129

3
1 5 2 0.888897
2 0 0 0.861229
3 0 0 0.87383

3
1 6 2 0.725312
2 0 0 0.851649
3 0 0 0.890837

3
1 10 1 0.829315
2 0 0 0.943435
3 0 0 0.844825

3
1 6 2 0.785426
2 0 0 0.768231
3 0 0 0.95382

3
1 10 1 0.884707
2 0 0 1.06077
3 0 0 0.859277

5
1 0 5847 0.807771
2 11 1283 0.854789
4 0 0 1.16217
5 0 0 0.829676
3 0 0 0.999271

3
1 10 1 0.905332
2 0 0 1.05231
3 0 0 0.684103

3
1 1 1 0.93227
2 0 0 1.02686
3 0 0 0.717336

3
1 11 2894 0.977797
2 0 0 1.03617
3 0 0 0.837965

3
1 7 1 0.799906
2 0 0 0.816264
3 0 0 0.9015

3
1 5 2 0.921555
2 0 0 0.946326
3 0 0 0.850847

3
1 9 1 0.964994
2 0 0 0.82927
3 0 0 0.985611

3
1 6 3 0.945988
2 0 0 0.900249
3 0 0 1.01615

3
1 2 3 0.876142
2 0 0 0.968612
3 0 0 0.881577

7
1 6 1 0.901286
2 2 2 0.876524
4 11 2571 1.22613
8 0 0 1.32577
9 0 0 0.956243
5 0 0 0.831353
3 0 0 0.933196

1
1 0 0 0.759185

5
1 0 2164 0.990424
2 2 4 0.963788
4 0 0 0.848347
5 0 0 1.01924
3 0 0 1.04481

3
1 6 2 0.897473
2 0 0 0.837676
3 0 0 0.969796

3
1 0 4409 0.919706
2 0 0 0.836674
3 0 0 0.902166

5
1 1 1 0.8517
2 0 0 1.05569
3 1 2 0.932489
6 0 0 0.867911
7 0 0 0.983149

5
1 0 2906 0.99127
2 0 0 0.953915
3 2 2 0.963586
6 0 0 0.960059
7 0 0 0.954198

3
1 7 1 0.90354
2 0 0 0.901651
3 0 0 0.949396

3
1 5 3 0.741431
2 0 0 0.802633
3 0 0 0.959556

3
1 1 1 0.882396
2 0 0 0.951293
3 0 0 0.735761

5
1 0 471 0.923687
2 0 0 0.806645
3 7 1 1.03004
6 0 0 0.993729
7 0 0 1.06391

3
1 1 2 0.844639
2 0 0 0.83293
3 0 0 0.978917

1
1 0 0 0.734458

3
1 1 1 0.866268
2 0 0 1.06736
3 0 0 0.819151

3
1 1 1 0.857732
2 0 0 0.875734
3 0 0 0.810834

1
1 0 0 0.81213

3
1 4 1 0.815096
2 0 0 0.79366
3 0 0 0.960685

3
1 1 2 0.842678
2 0 0 0.793145
3 0 0 1.00548

3
1 4 2 0.725824
2 0 0 0.750405
3 0 0 0.962715

3
1 5 3 0.826807
2 0 0 0.911682
3 0 0 0.974062

1
1 0 0 0.836476

3
1 4 3 0.674526
2 0 0 0.748978
3 0 0 0.993932

1
1 0 0 0.699939

1
1 0 0 0.709952

1
1 0 0 0.762349

3
1 0 2038 0.843799
2 0 0 0.875203
3 0 0 0.993431

3
1 2 3 0.827487
2 0 0 0.875428
3 0 0 0.916143

3
1 10 1 0.853298
2 0 0 0.926795
3 0 0 0.714362

3
1 1 1 0.889634
2 0 0 1.01605
3 0 0 0.822121

3
1 4 3 0.773619
2 0 0 0.784925
3 0 0 0.909852

3
1 1 1 0.886203
2 0 0 1.05524
3 0 0 0.768182

3
1 2 1 0.8912
2 0 0 0.905606
3 0 0 0.944381

3
1 3 1 0.864731
2 0 0 0.823057
3 0 0 0.993923

3
1 3 3 0.815786
2 0 0 0.84328
3 0 0 0.959241

3
1 2 2 0.914413
2 0 0 0.899327
3 0 0 0.930406

1
1 0 0 0.765563

3
1 5 1 0.880319
2 0 0 0.899954
3 0 0 0.984037

3
1 5 2 0.86795
2 0 0 0.775106
3 0 0 0.930507

3
1 4 3 0.806869
2 0 0 0.798568
3 0 0 1.05968

5
1 1 2 0.956908
2 0 0 0.938194
3 2 3 0.973151
6 0 0 0.984911
7 0 0 0.918234

3
1 2 3 0.897437
2 0 0 0.834212
3 0 0 0.973237

3
1 3 2 0.920257
2 0 0 0.975373
3 0 0 1.1149

5
1 3 3 0.885635
2 1 2 0.920618
4 0 0 0.842776
5 0 0 1.06433
3 0 0 0.974356

3
1 10 1 0.843659
2 0 0 0.957105
3 0 0 0.862381

5
1 11 92 0.796202
2 1 1 0.997043
4 0 0 1.05557
5 0 0 0.969534
3 0 0 0.793612

3
1 11 1343 0.856606
2 0 0 0.874821
3 0 0 0.838059

3
1 2 3 0.884772
2 0 0 0.885327
3 0 0 0.874973

9
1 0 1843 0.871655
2 5 3 0.936637
4 10 1 0.852726
8 0 0 0.958294
9 0 0 0.756066
5 0 0 1.04852
3 1 1 1.01156
6 0 0 1.06733
7 0 0 0.767372

3
1 1 2 0.865061
2 0 0 0.836015
3 0 0 0.984818

3
1 1 1 0.849811
2 0 0 1.08914
3 0 0 0.862561

5
1 9 1 0.884987
2 0 0 0.855361
3 7 2 1.0587
6 0 0 0.905703
7 0 0 0.924207

3
1 4 2 0.782058
2 0 0 0.882463
3 0 0 0.978627

3
1 3 1 0.81727
2 0 0 0.83386
3 0 0 0.903491

3
1 10 1 0.850864
2 0 0 0.965347
3 0 0 0.851794

1
1 0 0 0.759987

1
1 0 0 0.812564

3
1 6 2 0.796608
2 0 0 0.821746
3 0 0 0.938178

3
1 0 9062 0.845681
2 0 0 0.883894
3 0 0 0.986875

3
1 1 1 0.974077
2 0 0 1.02503
3 0 0 0.832632

5
1 3 2 0.871837
2 5 3 0.848318
4 0 0 0.91242
5 0 0 1.05552
3 0 0 0.953268

1
1 0 0 0.81526

1
1 0 0 0.855466

3
1 7 3 0.950516
2 0 0 0.857357
3 0 0 1.06504

3
1 0 4080 0.883563
2 0 0 0.733524
3 0 0 1.14561

3
1 1 1 0.860001
2 0 0 0.998907
3 0 0 0.915417

3
1 10 1 0.890558
2 0 0 1.03149
3 0 0 0.866995

3
1 7 3 0.875555
2 0 0 0.889684
3 0 0 1.02832

3
1 10 1 0.876655
2 0 0 1.02026
3 0 0 0.811308

3
1 10 1 0.867004
2 0 0 0.934159
3 0 0 0.784931

3
1 1 2 0.877082
2 0 0 0.798328
3 0 0 0.985009

3
1 1 2 0.793401
2 0 0 0.807218
3 0 0 0.986934

3
1 9 1 0.893384
2 0 0 0.805642
3 0 0 0.89071

3
1 9 1 0.847908
2 0 0 0.713011
3 0 0 0.942242

5
1 0 552 0.869686
2 0 0 0.794215
3 9 1 0.996346
6 0 0 0.972696
7 0 0 1.10805

3
1 7 1 0.933101
2 0 0 0.793982
3 0 0 1.06261

5
1 0 2292 0.773372
2 4 3 0.989032
4 0 0 0.932508
5 0 0 1.0292
3 0 0 1.13993

3
1 10 1 0.827745
2 0 0 1.05004
3 0 0 0.738846

3
1 10 1 0.86482
2 0 0 1.08599
3 0 0 0.827165

3
1 9 1 0.885743
2 0 0 0.732532
3 0 0 1.00718

3
1 10 1 0.837819
2 0 0 0.941053
3 0 0 0.805993

9
1 2 4 0.872383
2 0 0 0.873835
3 4 1 1.0133
6 9 1 0.953563
12 0 0 1.04691
13 11 1430 1.13326
26 0 0 0.927111
27 0 0 1.17284
7 0 0 0.994558

3
1 7 1 0.888759
2 0 0 0.870346
3 0 0 0.898371

1
1 0 0 0.765327

3
1 7 1 0.874996
2 0 0 0.897144
3 0 0 0.869453

3
1 11 9 0.797081
2 0 0 1.02692
3 0 0 0.783693

1
1 0 0 0.764539

3
1 4 1 0.86293
2 0 0 0.822618
3 0 0 0.884658

3
1 11 296 0.901845
2 0 0 0.903922
3 0 0 0.893133

3
1 10 1 0.829315
2 0 0 0.955884
3 0 0 0.782183

5
1 4 1 0.799305
2 0 0 0.76538
3 5 1 0.866584
6 0 0 0.929421
7 0 0 0.783821

3
1 1 2 0.866303
2 0 0 0.82737
3 0 0 1.03486

3
1 4 1 0.931731
2 0 0 0.916261
3 0 0 0.930643

3
1 9 1 0.894607
2 0 0 0.765751
3 0 0 1.14727

1
1 0 0 0.809205

5
1 11 2894 0.977797
2 3 2 1.04786
4 0 0 1.03619
5 0 0 0.851547
3 0 0 0.792073

1
1 0 0 0.846639

5
1 10 1 0.871479
2 11 1311 1.14346
4 0 0 0.987072
5 0 0 1.2715
3 0 0 0.764007

3
1 10 1 0.831116
2 0 0 1.02732
3 0 0 0.782334

5
1 0 278 0.898863
2 10 1 0.853862
4 0 0 0.908304
5 0 0 0.639083
3 0 0 0.965117

3
1 4 2 0.799474
2 0 0 0.816703
3 0 0 1.06408

1
1 0 0 0.642796

3
1 10 1 0.855884
2 0 0 1.1093
3 0 0 0.881072

3
1 0 2164 0.990424
2 0 0 0.834342
3 0 0 1.00955

1
1 0 0 0.893048

5
1 1 1 0.843825
2 11 4326 1.03847
4 0 0 1.17005
5 0 0 0.983517
3 0 0 0.870257

1
1 0 0 0.802516

3
1 0 2906 0.99127
2 0 0 0.913303
3 0 0 0.980176

3
1 4 2 0.844551
2 0 0 0.894439
3 0 0 0.9136

3
1 3 2 0.9593
2 0 0 0.889465
3 0 0 0.947453

1
1 0 0 0.880901

3
1 10 1 0.784341
2 0 0 0.98389
3 0 0 0.856705

3
1 3 2 0.968061
2 0 0 1.05804
3 0 0 0.981338

3
1 0 5113 0.917747
2 0 0 0.712416
3 0 0 1.00038

3
1 4 2 0.875942
2 0 0 0.868332
3 0 0 1.06764

3
1 1 1 0.857732
2 0 0 1.09374
3 0 0 0.805461

3
1 10 1 0.81429
2 0 0 1.08741
3 0 0 0.741772

3
1 10 1 0.838932
2 0 0 1.14665
3 0 0 0.868137

3
1 1 2 0.842678
2 0 0 0.813847
3 0 0 0.99024

1
1 0 0 0.838951

3
1 0 1323 0.851286
2 0 0 0.813332
3 0 0 0.925371

3
1 10 1 0.839944
2 0 0 1.04048
3 0 0 0.799141

3
1 6 3 0.733119
2 0 0 0.717715
3 0 0 0.936949

1
1 0 0 0.778673

3
1 4 3 0.835204
2 0 0 0.809151
3 0 0 1.09967

3
1 7 2 0.824013
2 0 0 0.825321
3 0 0 1.02141

1
1 0 0 0.749353

5
1 1 1 0.847523
2 6 1 0.930357
4 0 0 0.905449
5 0 0 0.961117
3 0 0 0.738713

5
1 3 2 0.86252
2 0 0 0.885086
3 9 1 0.920415
6 0 0 0.996605
7 0 0 0.942878

1
1 0 0 0.833824

3
1 7 3 0.822256
2 0 0 0.793238
3 0 0 1.0564

3
1 5 2 0.886503
2 0 0 0.718448
3 0 0 0.995125

1
1 0 0 0.832812

3
1 0 5293 0.909211
2 0 0 0.778338
3 0 0 0.956531

3
1 1 1 0.842427
2 0 0 0.89993
3 0 0 0.850229

3
1 5 3 0.857275
2 0 0 0.820592
3 0 0 0.883282

3
1 6 3 0.823477
2 0 0 0.858332
3 0 0 1.04157

1
1 0 0 0.816158

3
1 7 3 0.803646
2 0 0 0.804543
3 0 0 0.905141

3
1 1 2 0.82768
2 0 0 0.749717
3 0 0 1.00086

3
1 11 4830 0.948547
2 0 0 0.926264
3 0 0 0.85836

3
1 0 9656 0.776139
2 0 0 0.865017
3 0 0 1.06695

3
1 9 1 0.849406
2 0 0 0.750956
3 0 0 1.05904

5
1 10 1 0.89205
2 0 0 0.969303
3 0 2083 0.887504
6 0 0 0.920125
7 0 0 0.977531

3
1 1 2 0.874162
2 0 0 0.739675
3 0 0 1.03755

5
1 1 2 0.85804
2 0 0 0.726733
3 0 7772 1.01625
6 0 0 1.02132
7 0 0 0.889376

5
1 11 1711 0.966075
2 2 3 0.948464
4 0 0 0.911432
5 0 0 1.10939
3 0 0 0.795826

5
1 10 1 0.891619
2 2 4 0.966311
4 0 0 1.07283
5 0 0 0.900552
3 0 0 0.837353

3
1 10 1 0.894345
2 0 0 1.01556
3 0 0 0.869467

3
1 5 3 0.940378
2 0 0 0.916462
3 0 0 1.05123

3
1 1 1 0.849811
2 0 0 1.08229
3 0 0 0.801949

3
1 4 1 0.985095
2 0 0 0.885153
3 0 0 1.06992

5
1 1 2 0.966653
2 4 2 0.884474
4 0 0 0.806183
5 0 0 1.09257
3 0 0 0.931492

5
1 3 1 0.81727
2 4 2 0.948755
4 0 0 0.931563
5 0 0 0.974096
3 0 0 0.933405

7
1 6 1 0.938688
2 5 3 0.941281
4 0 0 1.0889
5 0 0 1.03286
3 4 2 0.93988
6 0 0 1.00832
7 0 0 1.17263

1
1 0 0 0.794631

3
1 10 1 0.792272
2 0 0 1.03706
3 0 0 0.741396

1
1 0 0 0.823318

3
1 11 1292 0.864908
2 0 0 0.868733
3 0 0 0.766574

3
1 0 336 0.856744
2 0 0 0.805938
3 0 0 0.915176

5
1 3 2 0.812311
2 3 1 0.947251
4 0 0 0.946532
5 0 0 1.05909
3 0 0 1.05709

3
1 9 1 0.881783
2 0 0 0.876617
3 0 0 0.848472

3
1 4 3 0.706795
2 0 0 0.780281
3 0 0 1.07937

3
1 6 3 0.871387
2 0 0 0.772241
3 0 0 1.07291

3
1 6 3 0.836621
2 0 0 0.783698
3 0 0 0.970873

3
1 1 1 0.8552
2 0 0 0.963531
3 0 0 0.76951

3
1 6 2 0.761077
2 0 0 0.7975
3 0 0 0.908495

3
1 5 3 0.898363
2 0 0 0.884821
3 0 0 1.01835

3
1 1 1 1.00854
2 0 0 1.00402
3 0 0 0.858117

5
1 5 2 0.852352
2 0 0 0.887366
3 5 3 0.960134
6 0 0 0.968749
7 0 0 1.02316

5
1 1 1 0.863659
2 0 0 0.998745
3 4 1 0.776644
6 0 0 0.786198
7 0 0 0.977045

5
1 1 1 0.969741
2 0 0 0.936703
3 3 1 0.899877
6 0 0 0.813005
7 0 0 1.08869

3
1 4 3 0.899309
2 0 0 0.919155
3 0 0 1.00042

3
1 6 2 0.836828
2 0 0 0.800449
3 0 0 1.12606

3
1 4 3 0.949804
2 0 0 0.963905
3 0 0 1.02774

3
1 11 1182 0.858433
2 0 0 0.909384
3 0 0 0.875135

3
1 4 3 0.921055
2 0 0 0.898673
3 0 0 1.03384

1
1 0 0 0.893997

3
1 0 8167 0.920408
2 0 0 0.828539
3 0 0 0.985166

3
1 1 2 0.826001
2 0 0 0.818265
3 0 0 1.07367

3
1 11 2924 0.807076
2 0 0 1.01887
3 0 0 0.843228

7
1 0 694 0.994406
2 0 331 0.853714
4 0 0 0.807264
5 0 0 0.927265
3 0 6668 0.954715
6 0 0 1.10121
7 0 0 0.892069

3
1 3 1 0.903141
2 0 0 0.810608
3 0 0 0.992262

3
1 6 3 0.785672
2 0 0 0.804617
3 0 0 1.02498

3
1 1 1 0.852599
2 0 0 1.0736
3 0 0 0.89816

3
1 7 3 0.850623
2 0 0 0.799081
3 0 0 1.00791

1
1 0 0 0.941789

5
1 4 1 0.86293
2 0 0 0.836115
3 11 1756 0.89381
6 0 0 1.13204
7 0 0 0.947776

3
1 6 2 0.927251
2 0 0 0.875031
3 0 0 0.97241

3
1 10 1 0.832569
2 0 0 1.16233
3 0 0 0.822318

1
1 0 0 0.82367

1
1 0 0 0.804415

3
1 3 3 0.778158
2 0 0 0.772299
3 0 0 0.942766

3
1 9 1 0.894607
2 0 0 0.830137
3 0 0 0.935318

3
1 3 3 0.755712
2 0 0 0.76376
3 0 0 1.0272

3
1 10 1 0.899982
2 0 0 1.03241
3 0 0 0.820268

3
1 10 1 0.847056
2 0 0 0.924282
3 0 0 0.762905

3
1 10 1 0.871479
2 0 0 1.04746
3 0 0 0.750754

1
1 0 0 0.810092

3
1 0 278 0.898863
2 0 0 0.834091
3 0 0 1.02316

3
1 10 1 0.909468
2 0 0 1.02082
3 0 0 0.821817

3
1 6 2 0.93919
2 0 0 0.865977
3 0 0 0.996852

7
1 9 1 0.868605
2 0 0 0.770393
3 5 1 0.964797
6 7 1 1.09468
12 0 0 1.11089
13 0 0 0.987077
7 0 0 0.940802

3
1 10 1 0.865007
2 0 0 1.00831
3 0 0 0.780671

1
1 0 0 0.899949

3
1 1 1 0.843825
2 0 0 1.0523
3 0 0 0.905279

1
1 0 0 0.768784

3
1 0 2906 0.99127
2 0 0 0.812301
3 0 0 0.967538

3
1 10 1 0.791425
2 0 0 1.00854
3 0 0 0.824108

5
1 3 3 0.858103
2 1 2 0.814027
4 0 0 0.763066
5 0 0 1.0521
3 0 0 1.05159

3
1 1 2 0.833071
2 0 0 0.842465
3 0 0 0.981322

5
1 10 1 0.784341
2 11 3753 1.00902
4 0 0 0.934344
5 0 0 0.946153
3 0 0 0.785793

1
1 0 0 0.823022

1
1 0 0 0.834052

3
1 9 1 0.851398
2 0 0 0.8755
3 0 0 0.990136

3
1 0 1557 0.888162
2 0 0 0.861844
3 0 0 1.01901

5
1 11 4729 0.852532
2 0 0 0.901659
3 4 1 1.03263
6 0 0 0.999791
7 0 0 0.973894

3
1 10 1 0.838932
2 0 0 1.02194
3 0 0 0.795548

3
1 0 4922 0.859523
2 0 0 0.815562
3 0 0 1.02378

3
1 1 1 0.838951
2 0 0 1.09229
3 0 0 0.956941

5
1 2 3 0.917651
2 1 1 0.912957
4 0 0 1.11388
5 0 0 0.843364
3 0 0 0.960199

3
1 10 1 0.839944
2 0 0 0.949977
3 0 0 0.776822

3
1 10 1 0.857791
2 0 0 1.04445
3 0 0 0.774748

1
1 0 0 0.887569

1
1 0 0 0.771836

1
1 0 0 0.810063

5
1 7 3 0.835095
2 0 0 0.85979
3 0 6791 0.958259
6 0 0 0.931069
7 0 0 1.0644

3
1 1 1 0.847523
2 0 0 1.06616
3 0 0 0.770583

1
1 0 0 0.7314

1
1 0 0 0.84738

3
1 4 2 0.779391
2 0 0 0.766706
3 0 0 0.949606

1
1 0 0 0.775546

3
1 4 3 0.753217
2 0 0 0.752636
3 0 0 1.01501

3
1 10 1 0.911014
2 0 0 1.03575
3 0 0 0.718322

1
1 0 0 0.822958

3
1 0 4427 0.910571
2 0 0 0.891981
3 0 0 0.888648

3
1 0 6678 0.904988
2 0 0 0.83691
3 0 0 0.930881

3
1 6 2 0.837175
2 0 0 0.727673
3 0 0 1.00908

3
1 1 2 0.804271
2 0 0 0.798333
3 0 0 1.13621

3
1 5 2 0.876566
2 0 0 0.927709
3 0 0 0.920587

3
1 0 5093 0.94713
2 0 0 0.852794
3 0 0 1.01954

3
1 10 1 0.762656
2 0 0 0.80617
3 0 0 0.730333

3
1 9 1 0.781872
2 0 0 0.824353
3 0 0 1.00017

3
1 10 1 0.89205
2 0 0 0.982602
3 0 0 0.759827

3
1 1 2 0.874162
2 0 0 0.708197
3 0 0 0.965574

3
1 1 2 0.85804
2 0 0 0.813469
3 0 0 1.01038

3
1 5 1 0.902941
2 0 0 0.879151
3 0 0 0.949073

1
1 0 0 0.828452

3
1 11 3503 0.914641
2 0 0 0.955668
3 0 0 0.870407

1
1 0 0 0.894323

3
1 1 2 0.916811
2 0 0 0.869328
3 0 0 0.897907

3
1 0 2788 0.902173
2 0 0 0.761245
3 0 0 0.956781

3
1 3 2 0.91148
2 0 0 0.898151
3 0 0 0.980945

5
1 7 3 0.71103
2 7 2 0.737904
4 0 0 0.747488
5 0 0 0.987494
3 0 0 0.990391

1
1 0 0 0.78004

3
1 4 3 0.818773
2 0 0 0.801314
3 0 0 0.99259

3
1 10 1 0.792272
2 0 0 1.00907
3 0 0 0.912167

3
1 0 5843 0.938405
2 0 0 0.859179
3 0 0 0.952889

3
1 4 2 0.851424
2 0 0 0.84706
3 0 0 1.17069

1
1 0 0 0.917429

3
1 11 3957 0.988103
2 0 0 0.996029
3 0 0 0.891815

3
1 9 1 0.930295
2 0 0 0.898147
3 0 0 1.08508

3
1 10 1 0.83212
2 0 0 1.0866
3 0 0 0.799297

1
1 0 0 0.771316

3
1 4 2 0.834915
2 0 0 0.927452
3 0 0 1.08938

3
1 6 3 0.825327
2 0 0 0.825641
3 0 0 1.04487

3
1 0 9774 0.771521
2 0 0 0.774635
3 0 0 1.05134

3
1 5 2 0.786825
2 0 0 0.824203
3 0 0 0.989499

3
1 4 3 0.784385
2 0 0 0.782154
3 0 0 0.954708

3
1 4 3 0.873796
2 0 0 0.844822
3 0 0 0.94724

3
1 1 1 0.863659
2 0 0 0.90233
3 0 0 0.821677

3
1 1 1 0.969741
2 0 0 1.03117
3 0 0 0.74529

3
1 3 2 0.864666
2 0 0 0.883111
3 0 0 0.979741

3
1 9 1 0.939035
2 0 0 0.789422
3 0 0 0.944347

3
1 4 2 0.837907
2 0 0 0.932907
3 0 0 0.977583

5
1 5 3 0.880131
2 0 3834 0.872168
4 0 0 0.865388
5 0 0 0.887265
3 0 0 0.986341

5
1 1 2 0.894987
2 6 2 0.857975
4 0 0 0.857137
5 0 0 0.905341
3 0 0 1.0889

3
1 0 322 0.919502
2 0 0 0.707676
3 0 0 0.969124

1
1 0 0 0.807824

3
1 1 1 0.829597
2 0 0 0.887907
3 0 0 0.745302

5
1 0 9618 0.839475
2 0 0 0.795419
3 2 2 0.987602
6 0 0 0.983068
7 0 0 0.99857

3
1 0 694 0.994406
2 0 0 0.784429
3 0 0 1.07269

7
1 3 1 0.903141
2 10 1 0.917539
4 0 0 0.863718
5 0 0 0.809129
3 7 2 0.991212
6 0 0 1.0545
7 0 0 0.949025

3
1 4 3 0.893736
2 0 0 0.844601
3 0 0 0.977489

1
1 0 0 0.855526

5
1 5 1 0.918793
2 11 2143 0.821962
4 0 0 0.883333
5 0 0 0.846513
3 0 0 0.970257

1
1 0 0 0.810842

3
1 9 1 0.964184
2 0 0 0.876622
3 0 0 1.0225

5
1 11 860 0.855152
2 11 60 0.957435
4 0 0 0.956746
5 0 0 0.93523
3 0 0 0.916478

3
1 1 1 0.857765
2 0 0 1.03172
3 0 0 0.84521

3
1 9 1 0.935605
2 0 0 0.742002
3 0 0 0.96844

3
1 6 3 0.795531
2 0 0 0.777284
3 0 0 0.971656

3
1 0 2529 0.867866
2 0 0 0.953641
3 0 0 0.863271

3
1 1 2 0.836583
2 0 0 0.778562
3 0 0 0.875442

3
1 7 3 0.84838
2 0 0 0.855284
3 0 0 1.04231

3
1 6 1 0.937093
2 0 0 0.918632
3 0 0 0.934917

5
1 7 2 0.823384
2 0 0 0.841749
3 0 3164 0.965752
6 0 0 1.04491
7 0 0 0.952629

3
1 10 1 0.871479
2 0 0 1.0528
3 0 0 0.678167

1
1 0 0 0.786792

3
1 0 278 0.898863
2 0 0 0.93264
3 0 0 0.992169

3
1 10 1 0.894058
2 0 0 0.874607
3 0 0 0.892929

1
1 0 0 0.821975

5
1 9 1 0.868605
2 0 0 0.797699
3 7 3 1.15186
6 0 0 1.09499
7 0 0 0.973985

3
1 10 1 0.922516
2 0 0 1.07497
3 0 0 0.835923

1
1 0 0 0.920449

1
1 0 0 0.777668

3
1 5 2 0.848813
2 0 0 0.870911
3 0 0 0.988945

3
1 7 2 0.883647
2 0 0 0.966575
3 0 0 0.867399

3
1 10 1 0.791425
2 0 0 1.00167
3 0 0 0.786135

3
1 1 1 0.927981
2 0 0 1.00788
3 0 0 0.845588

3
1 1 2 0.833071
2 0 0 0.808739
3 0 0 0.993788

3
1 0 8603 0.835821
2 0 0 0.838386
3 0 0 0.864754

3
1 3 2 0.841597
2 0 0 0.83672
3 0 0 1.11803

3
1 10 1 0.885216
2 0 0 0.974536
3 0 0 0.786657

3
1 4 1 0.847492
2 0 0 0.792261
3 0 0 0.951975

3
1 1 1 0.790066
2 0 0 1.05931
3 0 0 0.707813

3
1 9 1 0.881484
2 0 0 0.874316
3 0 0 0.903619

3
1 0 5931 0.867756
2 0 0 0.731701
3 0 0 1.08428

5
1 11 2080 0.848874
2 4 1 1.02943
4 0 0 0.907122
5 0 0 1.09333
3 0 0 0.862328

3
1 6 3 0.868515
2 0 0 0.890643
3 0 0 1.00135

3
1 7 1 0.879396
2 0 0 0.792589
3 0 0 0.872976

3
1 10 1 0.839944
2 0 0 0.980587
3 0 0 0.816091

3
1 1 2 0.858911
2 0 0 0.898572
3 0 0 1.03472

3
1 10 1 0.914611
2 0 0 1.07337
3 0 0 0.725435

7
1 0 8002 0.856251
2 0 522 0.915977
4 0 0 0.811862
5 0 0 1.18024
3 10 1 1.05732
6 0 0 1.0107
7 0 0 1.05095

5
1 5 1 0.828123
2 2 3 1.01446
4 0 0 1.00205
5 0 0 0.944498
3 0 0 0.864982

3
1 1 1 0.883392
2 0 0 0.9909
3 0 0 0.82498

3
1 1 1 0.847523
2 0 0 0.919203
3 0 0 0.86417

3
1 7 2 1.02749
2 0 0 1.04448
3 0 0 0.954978

3
1 7 3 0.752717
2 0 0 0.752173
3 0 0 0.995205

3
1 10 1 0.756849
2 0 0 1.02837
3 0 0 0.70481

3
1 3 3 0.826344
2 0 0 0.777169
3 0 0 0.963865

3
1 4 2 0.878785
2 0 0 0.796606
3 0 0 1.02566

3
1 10 1 0.911014
2 0 0 1.14083
3 0 0 0.740604

1
1 0 0 0.815519

3
1 10 1 0.862824
2 0 0 0.879875
3 0 0 0.727729

3
1 6 3 0.82017
2 0 0 0.831041
3 0 0 0.939014

1
1 0 0 0.746177

3
1 1 2 0.804271
2 0 0 0.852553
3 0 0 0.99837

3
1 10 1 0.818559
2 0 0 1.02033
3 0 0 0.816221

5
1 4 3 0.797074
2 0 0 0.808226
3 0 4587 1.04916
6 0 0 1.00951
7 0 0 1.02242

5
1 0 4708 0.90581
2 0 0 0.749598
3 4 3 0.88286
6 0 0 0.873762
7 0 0 1.13214

3
1 10 1 0.864768
2 0 0 0.881666
3 0 0 0.816671

5
1 4 2 0.853426
2 0 0 0.879184
3 11 3654 0.924652
6 0 0 0.998821
7 0 0 0.952239

1
1 0 0 0.783353

3
1 1 1 0.896118
2 0 0 0.865417
3 0 0 0.89279

3
1 9 1 0.878978
2 0 0 0.855559
3 0 0 1.10611

3
1 6 2 0.812021
2 0 0 0.894369
3 0 0 0.948145

5
1 1 1 0.842416
2 0 0 1.01891
3 11 4966 0.768029
6 0 0 0.767324
7 0 0 1.0126

3
1 5 3 0.809407
2 0 0 0.78477
3 0 0 1.02918

1
1 0 0 0.757389

3
1 4 3 0.865722
2 0 0 0.847883
3 0 0 1.04125

3
1 9 1 0.896016
2 0 0 0.733485
3 0 0 0.994314

3
1 6 2 0.879906
2 0 0 0.934419
3 0 0 1.00244

3
1 11 2327 0.981016
2 0 0 0.953507
3 0 0 0.951369

3
1 3 3 0.775112
2 0 0 0.793247
3 0 0 1.07297

5
1 5 2 0.871341
2 0 921 0.8868
4 0 0 0.860721
5 0 0 0.959951
3 0 0 0.992064

3
1 3 3 0.815463
2 0 0 0.832933
3 0 0 0.98494

1
1 0 0 0.929763

1
1 0 0 0.756041

5
1 7 2 0.80214
2 0 0 0.769271
3 4 1 1.02242
6 0 0 0.984803
7 0 0 0.964962

3
1 6 2 0.889632
2 0 0 0.813914
3 0 0 0.942536

5
1 1 1 0.920773
2 11 4383 1.02986
4 0 0 1.08156
5 0 0 1.01509
3 0 0 0.840237

3
1 4 1 0.896018
2 0 0 0.86429
3 0 0 0.956542

5
1 10 1 0.864132
2 0 6756 1.04665
4 0 0 1.04928
5 0 0 1.00075
3 0 0 0.850134

3
1 4 2 0.870076
2 0 0 0.803442
3 0 0 1.08279

3
1 11 2827 0.85879
2 0 0 1.01834
3 0 0 0.860557

3
1 7 3 0.829503
2 0 0 0.82173
3 0 0 0.892122

3
1 4 3 0.813187
2 0 0 0.961193
3 0 0 1.05492

1
1 0 0 0.791152

3
1 4 2 0.912965
2 0 0 0.944039
3 0 0 0.909105

3
1 1 1 0.969741
2 0 0 0.988802
3 0 0 0.869805

5
1 1 1 0.859363
2 0 0 0.987923
3 1 2 0.763535
6 0 0 0.817926
7 0 0 0.911133

5
1 3 3 0.784618
2 11 1466 0.914153
4 0 0 0.983784
5 0 0 0.905064
3 0 0 1.09907

1
1 0 0 0.681588

3
1 5 3 0.847257
2 0 0 0.865593
3 0 0 0.894668

3
1 3 1 0.905413
2 0 0 0.909289
3 0 0 1.02921

3
1 10 1 0.892295
2 0 0 0.952187
3 0 0 0.88871

3
1 5 2 0.748339
2 0 0 0.831569
3 0 0 0.919379

3
1 2 1 0.961126
2 0 0 0.881012
3 0 0 1.03113

3
1 1 1 0.817447
2 0 0 1.10871
3 0 0 0.752888

3
1 0 694 0.994406
2 0 0 0.836537
3 0 0 0.900067

1
1 0 0 0.894958

5
1 3 1 0.845499
2 0 0 0.797935
3 3 3 0.983857
6 0 0 0.94655
7 0 0 0.943989

3
1 9 1 0.88223
2 0 0 0.742302
3 0 0 0.943542

5
1 0 2641 0.912958
2 0 260 0.887416
4 0 0 0.812848
5 0 0 0.925197
3 0 0 0.806827

1
1 0 0 0.86698

3
1 9 1 0.964184
2 0 0 0.792443
3 0 0 0.934516

3
1 11 4047 0.894408
2 0 0 0.968678
3 0 0 0.87013

3
1 1 1 0.857765
2 0 0 1.05514
3 0 0 0.800043

1
1 0 0 0.818265

3
1 0 7051 0.796921
2 0 0 0.977883
3 0 0 0.925862

1
1 0 0 0.69616

9
1 9 1 0.829477
2 0 4029 0.911225
4 0 0 0.799714
5 0 0 1.06253
3 2 3 0.942715
6 3 1 1.0291
12 0 0 0.967261
13 0 0 1.03238
7 0 0 0.972828

3
1 4 2 0.845172
2 0 0 0.900175
3 0 0 0.961117

3
1 0 9371 0.74541
2 0 0 0.79867
3 0 0 0.964885

3
1 6 3 0.838705
2 0 0 0.849507
3 0 0 0.905267

3
1 4 2 0.774414
2 0 0 0.772471
3 0 0 1.07424

3
1 0 141 0.855659
2 0 0 0.945301
3 0 0 0.878123

3
1 0 278 0.898863
2 0 0 0.758421
3 0 0 1.00379

3
1 4 2 0.843244
2 0 0 0.842004
3 0 0 0.904747

3
1 1 1 0.873389
2 0 0 1.12103
3 0 0 0.703214

3
1 9 1 0.866289
2 0 0 0.69158
3 0 0 1.12467

3
1 10 1 0.922516
2 0 0 1.18574
3 0 0 0.926884

3
1 0 7524 0.91352
2 0 0 0.913158
3 0 0 0.934031

1
1 0 0 0.802021

1
1 0 0 0.742501

1
1 0 0 0.849959

3
1 9 1 0.87439
2 0 0 0.893012
3 0 0 1.0042

3
1 1 1 0.927981
2 0 0 1.00164
3 0 0 0.817215

3
1 4 2 0.803751
2 0 0 0.854592
3 0 0 1.0068

5
1 11 2704 0.899055
2 0 2167 0.927054
4 0 0 0.871958
5 0 0 1.03524
3 0 0 0.879699

1
1 0 0 0.800291

3
1 10 1 0.885216
2 0 0 1.10049
3 0 0 0.761406

3
1 4 1 0.847492
2 0 0 0.816415
3 0 0 1.01849

3
1 1 1 0.790066
2 0 0 1.01868
3 0 0 0.763398

3
1 5 2 0.883942
2 0 0 0.895571
3 0 0 1.14305

1
1 0 0 0.907314

5
1 10 1 0.955842
2 0 0 1.00448
3 0 4394 0.97177
6 0 0 0.882724
7 0 0 0.993517

3
1 5 1 0.861737
2 0 0 0.918063
3 0 0 0.838762

3
1 5 3 0.725495
2 0 0 0.703432
3 0 0 0.896891

3
1 10 1 0.839944
2 0 0 0.999241
3 0 0 0.766824

5
1 1 2 0.922153
2 0 0 0.798383
3 11 2511 1.06331
6 0 0 1.02452
7 0 0 1.11904

5
1 7 1 0.811753
2 0 0 0.86207
3 11 3464 1.0286
6 0 0 0.912994
7 0 0 1.04428

3
1 2 3 0.89415
2 0 0 0.927024
3 0 0 0.856433

3
1 9 1 0.957197
2 0 0 0.809053
3 0 0 0.948637

3
1 1 1 0.883392
2 0 0 1.05441
3 0 0 0.768833

3
1 1 1 0.847523
2 0 0 1.05718
3 0 0 0.78661

3
1 11 1424 0.859108
2 0 0 1.02872
3 0 0 0.943782

3
1 1 1 0.831788
2 0 0 1.1209
3 0 0 0.752773

3
1 10 1 0.756849
2 0 0 1.02145
3 0 0 0.883296

3
1 1 2 0.81286
2 0 0 0.860682
3 0 0 1.15803

3
1 4 1 0.870874
2 0 0 0.803603
3 0 0 1.02754

5
1 10 1 0.911014
2 11 590 0.978291
4 0 0 0.919222
5 0 0 0.929482
3 0 0 0.955598

3
1 11 2698 0.924025
2 0 0 0.900898
3 0 0 0.805967

5
1 5 1 0.867311
2 9 1 0.984067
4 0 0 0.87033
5 0 0 1.01638
3 0 0 0.875916

1
1 0 0 0.846231

1
1 0 0 0.800328

3
1 10 1 0.864066
2 0 0 1.03051
3 0 0 0.818211

3
1 10 1 0.818559
2 0 0 1.08999
3 0 0 0.727157

3
1 10 1 0.828029
2 0 0 1.04826
3 0 0 0.761934

1
1 0 0 0.740901

3
1 6 2 0.756754
2 0 0 0.771974
3 0 0 0.949403

3
1 7 3 0.83476
2 0 0 0.765478
3 0 0 0.990059

5
1 1 1 0.899658
2 0 0 0.920263
3 6 2 0.873328
6 0 0 0.852668
7 0 0 0.94822

3
1 7 2 0.843749
2 0 0 0.847894
3 0 0 1.02421

5
1 3 2 0.997054
2 6 2 0.94888
4 0 0 0.978449
5 0 0 1.02026
3 0 0 0.839882

3
1 9 1 0.921265
2 0 0 0.739843
3 0 0 1.01417

3
1 4 3 0.780874
2 0 0 0.765379
3 0 0 1.10633

1
1 0 0 0.864539

1
1 0 0 0.833644

3
1 5 3 0.767223
2 0 0 0.727651
3 0 0 0.941302

3
1 1 2 0.883441
2 0 0 0.914018
3 0 0 1.01704

1
1 0 0 0.74843

3
1 7 3 0.854454
2 0 0 0.881485
3 0 0 1.08913

3
1 0 4167 0.888762
2 0 0 0.858098
3 0 0 0.969762

3
1 4 3 0.812074
2 0 0 0.80155
3 0 0 1.05732

3
1 1 1 0.854801
2 0 0 0.891619
3 0 0 0.818095

5
1 7 3 0.850195
2 5 2 0.881469
4 0 0 0.800703
5 0 0 0.944662
3 0 0 1.03548

3
1 0 8521 0.838637
2 0 0 0.905932
3 0 0 0.899068

3
1 6 3 0.755124
2 0 0 0.882149
3 0 0 1.0558

3
1 10 1 0.899886
2 0 0 1.00378
3 0 0 0.853565

1
1 0 0 0.75984

5
1 3 3 0.833126
2 6 2 0.819867
4 0 0 0.792461
5 0 0 0.923761
3 0 0 0.86296

7
1 0 7374 0.824466
2 6 3 0.796899
4 4 2 0.805486
8 0 0 0.82172
9 0 0 1.1232
5 0 0 1.02687
3 0 0 1.00502

3
1 0 5197 0.784398
2 0 0 0.745533
3 0 0 0.984361

1
1 0 0 0.81625

3
1 1 1 0.851359
2 0 0 1.0467
3 0 0 0.819283

1
1 0 0 0.825426

3
1 0 715 0.866883
2 0 0 0.80953
3 0 0 1.08513

7
1 3 2 0.869152
2 0 0 0.858497
3 11 4690 0.891968
6 0 8718 1.01899
12 0 0 1.02928
13 0 0 0.971956
7 0 0 0.960255

5
1 9 1 0.827629
2 0 0 0.799947
3 7 3 1.08463
6 0 0 1.23753
7 0 0 0.999312

3
1 1 1 0.859363
2 0 0 1.0258
3 0 0 0.815804

1
1 0 0 0.818426

3
1 3 3 0.849611
2 0 0 0.832473
3 0 0 0.912749

3
1 10 1 0.918959
2 0 0 0.856232
3 0 0 0.867018

3
1 3 1 0.863033
2 0 0 0.81437
3 0 0 1.00276

3
1 10 1 0.858244
2 0 0 1.06778
3 0 0 0.854149

3
1 0 2082 0.949714
2 0 0 0.792722
3 0 0 1.14514

3
1 1 2 0.851518
2 0 0 0.86915
3 0 0 0.81848

3
1 4 2 0.884894
2 0 0 0.962239
3 0 0 1.13884

3
1 0 694 0.994406
2 0 0 0.882384
3 0 0 0.95546

3
1 4 3 0.84614
2 0 0 0.901342
3 0 0 1.00265

7
1 2 1 0.931391
2 6 1 0.987783
4 0 5160 1.18779
8 0 0 0.943118
9 0 0 1.05815
5 0 0 0.801174
3 0 0 0.755136

3
1 1 1 0.851463
2 0 0 1.05486
3 0 0 0.802408

5
1 3 2 0.889587
2 9 1 0.902447
4 0 0 0.874176
5 0 0 1.0195
3 0 0 0.9952

5
1 0 4393 0.871395
2 0 0 0.842286
3 7 3 0.902871
6 0 0 0.932267
7 0 0 1.04367

3
1 7 3 0.828865
2 0 0 0.813315
3 0 0 1.05061

3
1 2 3 0.832266
2 0 0 0.874083
3 0 0 0.930685

5
1 11 1955 0.859716
2 0 0 0.962084
3 7 2 0.809897
6 0 0 0.765703
7 0 0 1.00332

3
1 5 3 0.787049
2 0 0 0.845862
3 0 0 1.05977

3
1 9 1 0.876686
2 0 0 0.783806
3 0 0 0.860048

1
1 0 0 0.857259

5
1 4 1 0.936301
2 0 0 0.755412
3 7 2 1.02087
6 0 0 1.05225
7 0 0 0.86123

3
1 0 9690 0.793841
2 0 0 0.852692
3 0 0 1.00101

3
1 7 2 0.85653
2 0 0 0.862487
3 0 0 0.875543

3
1 10 1 0.787797
2 0 0 0.94902
3 0 0 0.914146

5
1 3 1 0.813286
2 0 0 0.917648
3 2 2 1.05288
6 0 0 1.0342
7 0 0 0.957327

1
1 0 0 0.851563

3
1 5 3 0.910813
2 0 0 0.808146
3 0 0 0.863958

3
1 11 4129 0.965207
2 0 0 0.929029
3 0 0 0.955931

5
1 5 3 0.910039
2 4 3 0.85234
4 0 0 0.876642
5 0 0 0.918835
3 0 0 0.961001

3
1 6 2 0.745235
2 0 0 0.763664
3 0 0 1.00722

3
1 7 3 0.87528
2 0 0 0.832666
3 0 0 0.976182

5
1 9 1 0.754261
2 0 0 0.830935
3 5 2 0.922271
6 0 0 1.06776
7 0 0 1.10702

3
1 1 1 0.861526
2 0 0 1.06224
3 0 0 0.862928

3
1 10 1 0.840113
2 0 0 0.92673
3 0 0 0.772901

1
1 0 0 0.87029

3
1 5 3 0.755242
2 0 0 0.89191
3 0 0 0.860857

3
1 5 2 0.875311
2 0 0 0.745256
3 0 0 1.08487

3
1 2 2 0.879656
2 0 0 0.889869
3 0 0 0.933064

1
1 0 0 0.879622

3
1 7 3 0.851542
2 0 0 0.839255
3 0 0 0.970537

3
1 10 1 0.885216
2 0 0 0.93597
3 0 0 0.946162

5
1 4 1 0.847492
2 0 0 0.900522
3 11 3146 1.0656
6 0 0 1.19177
7 0 0 0.856704

3
1 1 1 0.790066
2 0 0 0.941326
3 0 0 0.804084

3
1 10 1 0.82414
2 0 0 0.953301
3 0 0 0.823242

3
1 4 3 0.817854
2 0 0 0.763399
3 0 0 1.00194

1
1 0 0 0.800832

1
1 0 0 0.855231

3
1 5 2 0.842811
2 0 0 0.891641
3 0 0 1.02328

3
1 10 1 0.839944
2 0 0 1.04897
3 0 0 0.701845

3
1 1 2 0.922153
2 0 0 0.690558
3 0 0 0.902457

3
1 10 1 0.804779
2 0 0 1.15152
3 0 0 0.767905

5
1 11 2355 0.865727
2 2 2 0.990553
4 0 0 0.919595
5 0 0 0.967054
3 0 0 0.928738

5
1 0 1459 0.955431
2 0 0 0.882786
3 6 1 0.9843
6 0 0 1.04006
7 0 0 1.05534

3
1 4 2 0.794935
2 0 0 0.796654
3 0 0 0.917743

3
1 1 1 0.847523
2 0 0 1.01329
3 0 0 0.830988

3
1 10 1 0.848208
2 0 0 1.17568
3 0 0 0.753046

5
1 1 1 0.831788
2 6 1 1.03261
4 0 0 0.957997
5 0 0 1.14534
3 0 0 0.83472

3
1 10 1 0.756849
2 0 0 1.12261
3 0 0 0.933219

3
1 5 2 0.834997
2 0 0 0.85858
3 0 0 1.02258

3
1 11 2110 0.901645
2 0 0 0.877949
3 0 0 0.879833

5
1 6 2 0.865556
2 0 0 0.879009
3 2 1 0.946914
6 0 0 0.994817
7 0 0 0.990959

1
1 0 0 0.815986

7
1 7 3 0.845565
2 0 3647 0.913925
4 0 0 0.898037
5 7 1 0.973076
10 0 0 0.974298
11 0 0 1.03718
3 0 0 1.06219

3
1 1 2 0.883022
2 0 0 0.813063
3 0 0 0.978816

3
1 9 1 0.90163
2 0 0 0.849415
3 0 0 0.996051

3
1 10 1 0.864066
2 0 0 0.90509
3 0 0 0.847297

3
1 10 1 0.818559
2 0 0 1.11805
3 0 0 0.902976

7
1 1 2 0.906287
2 10 1 0.903814
4 0 0 1.03957
5 0 0 0.715826
3 11 3393 0.961492
6 0 0 0.935576
7 0 0 1.03991

3
1 9 1 0.983457
2 0 0 0.897914
3 0 0 1.03591

3
1 10 1 0.81873
2 0 0 1.07148
3 0 0 0.808816

1
1 0 0 0.744166

3
1 10 1 0.766237
2 0 0 0.986957
3 0 0 0.820429

7
1 10 1 0.971384
2 3 1 0.916957
4 0 0 1.03491
5 0 0 1.04386
3 4 3 0.838013
6 0 0 0.699983
7 0 0 0.936864

1
1 0 0 0.656306

1
1 0 0 0.850312

3
1 1 1 0.866356
2 0 0 0.949711
3 0 0 0.888866

5
1 0 7931 0.822926
2 0 0 0.743155
3 2 4 0.972505
6 0 0 0.967939
7 0 0 1.04684

3
1 1 1 0.820869
2 0 0 1.0324
3 0 0 0.946856

1
1 0 0 0.772294

3
1 0 9694 0.909789
2 0 0 0.870311
3 0 0 1.01094

1
1 0 0 0.72654

1
1 0 0 0.735479

5
1 9 1 0.821642
2 0 0 0.856957
3 2 3 0.941651
6 0 0 0.884817
7 0 0 1.02904

3
1 10 1 0.859866
2 0 0 0.986228
3 0 0 0.86479

3
1 4 3 0.750709
2 0 0 0.757618
3 0 0 0.947732

3
1 1 2 0.864422
2 0 0 0.776282
3 0 0 0.942708

3
1 9 1 0.92803
2 0 0 0.790601
3 0 0 1.16318

3
1 1 2 0.848179
2 0 0 0.867381
3 0 0 0.941996

5
1 10 1 0.899886
2 6 1 0.948619
4 0 0 0.907213
5 0 0 1.00513
3 0 0 0.905237

3
1 6 3 0.775646
2 0 0 0.76949
3 0 0 1.01414

3
1 9 1 0.852304
2 0 0 0.745117
3 0 0 1.12868

3
1 10 1 0.869062
2 0 0 0.988219
3 0 0 0.881077

1
1 0 0 0.870133

3
1 7 1 0.849014
2 0 0 0.903811
3 0 0 1.00912

1
1 0 0 0.795628

3
1 6 1 0.845405
2 0 0 0.830712
3 0 0 0.854994

1
1 0 0 0.77022

3
1 4 2 0.824379
2 0 0 0.80213
3 0 0 1.05467

1
1 0 0 0.783821

3
1 1 1 0.859363
2 0 0 1.12548
3 0 0 0.833729

1
1 0 0 0.849929

5
1 1 1 0.858582
2 0 0 0.978292
3 4 3 0.850826
6 0 0 0.827818
7 0 0 1.00319

1
1 0 0 0.815488

3
1 0 4535 0.881616
2 0 0 0.832447
3 0 0 1.01489

3
1 9 1 0.812004
2 0 0 0.752495
3 0 0 0.930736

1
1 0 0 0.86018

3
1 7 3 0.773691
2 0 0 0.763393
3 0 0 1.08034

3
1 0 2978 0.910026
2 0 0 0.874807
3 0 0 0.922551

3
1 6 2 0.967731
2 0 0 1.00091
3 0 0 1.04591

1
1 0 0 0.898331

3
1 1 1 0.891296
2 0 0 0.993729
3 0 0 0.795047

3
1 0 1318 0.931466
2 0 0 0.738153
3 0 0 1.03459

3
1 4 3 0.935674
2 0 0 0.954631
3 0 0 1.01979

3
1 4 3 0.783134
2 0 0 0.762414
3 0 0 0.985281

3
1 10 1 0.829671
2 0 0 0.959534
3 0 0 0.879658

3
1 3 3 0.823087
2 0 0 0.784526
3 0 0 0.966034

1
1 0 0 0.862599

3
1 5 3 0.898526
2 0 0 0.945874
3 0 0 0.931607

3
1 0 3022 0.889675
2 0 0 0.926912
3 0 0 1.12835

1
1 0 0 0.810445

3
1 10 1 0.884043
2 0 0 1.09386
3 0 0 0.871725

3
1 10 1 0.858595
2 0 0 1.01175
3 0 0 0.76903

1
1 0 0 0.858414

3
1 1 1 0.880668
2 0 0 1.01602
3 0 0 0.855727

3
1 1 2 0.910005
2 0 0 0.877745
3 0 0 1.13974

1
1 0 0 0.789333

3
1 0 2511 0.854488
2 0 0 0.864928
3 0 0 0.90264

1
1 0 0 0.784701

1
1 0 0 0.789988

3
1 6 1 0.935967
2 0 0 0.939063
3 0 0 0.877901

3
1 1 1 0.806639
2 0 0 1.0367
3 0 0 0.756807

3
1 0 9209 0.773173
2 0 0 0.75869
3 0 0 1.07832

3
1 1 2 0.882317
2 0 0 0.805373
3 0 0 1.04687

7
1 10 1 0.914458
2 0 0 0.989326
3 4 1 0.920527
6 0 0 0.833712
7 11 2348 0.951008
14 0 0 0.972966
15 0 0 1.01253

3
1 9 1 0.896712
2 0 0 0.776905
3 0 0 0.958532

3
1 9 1 0.88269
2 0 0 0.8716
3 0 0 1.04632

3
1 6 2 0.828833
2 0 0 0.784095
3 0 0 1.04057

3
1 10 1 0.931136
2 0 0 1.04714
3 0 0 0.804227

3
1 3 3 0.828274
2 0 0 0.841457
3 0 0 1.00521

1
1 0 0 0.920757

3
1 3 2 0.830817
2 0 0 0.79227
3 0 0 0.939026

5
1 4 1 0.847492
2 0 0 0.870021
3 11 3146 1.0656
6 0 0 1.09441
7 0 0 0.85352

7
1 1 1 0.790066
2 0 0 0.913052
3 1 2 0.923191
6 4 1 0.854091
12 0 0 0.846885
13 0 0 0.994806
7 0 0 1.07682

3
1 10 1 0.82414
2 0 0 1.06858
3 0 0 0.824771

3
1 4 2 0.795881
2 0 0 0.762523
3 0 0 0.912464

5
1 0 9549 0.863503
2 3 3 0.80024
4 0 0 0.813727
5 0 0 0.910018
3 0 0 0.975418

3
1 1 2 0.785801
2 0 0 0.854016
3 0 0 1.13062

3
1 5 2 0.842123
2 0 0 0.832393
3 0 0 1.01

3
1 5 3 0.802099
2 0 0 0.76401
3 0 0 0.966374

3
1 3 1 0.905938
2 0 0 0.80837
3 0 0 0.915287

3
1 9 1 0.861359
2 0 0 0.8487
3 0 0 1.00108

3
1 10 1 0.90002
2 0 0 1.03862
3 0 0 0.825462

1
1 0 0 0.938084

1
1 0 0 0.775384

3
1 6 3 0.770222
2 0 0 0.780742
3 0 0 0.947182

3
1 10 1 0.848208
2 0 0 1.09916
3 0 0 0.804657

3
1 1 1 0.93331
2 0 0 0.983995
3 0 0 0.914388

3
1 10 1 0.756849
2 0 0 1.08858
3 0 0 0.834954

1
1 0 0 0.844416

5
1 0 3654 0.958217
2 0 0 1.05395
3 0 9563 1.01208
6 0 0 0.932432
7 0 0 0.891809

1
1 0 0 0.777585

5
1 0 6357 0.905386
2 0 0 0.830222
3 9 1 1.06966
6 0 0 1.17378
7 0 0 0.987553

3
1 4 3 0.805017
2 0 0 0.777076
3 0 0 0.962486

1
1 0 0 0.968503

1
1 0 0 0.905005

3
1 6 2 0.889588
2 0 0 0.872548
3 0 0 0.889811

3
1 9 1 0.850334
2 0 0 0.794103
3 0 0 0.96061

5
1 1 2 0.906287
2 4 2 0.864631
4 0 0 0.857825
5 0 0 0.961346
3 0 0 0.9146

1
1 0 0 0.782734

3
1 10 1 0.81873
2 0 0 1.13822
3 0 0 0.848241

1
1 0 0 0.955957

3
1 10 1 0.766237
2 0 0 1.09855
3 0 0 0.849546

3
1 0 3152 0.876783
2 0 0 0.8577
3 0 0 0.920296

3
1 11 3313 0.915342
2 0 0 0.922557
3 0 0 0.830928

3
1 5 2 0.85306
2 0 0 0.854617
3 0 0 0.968402

3
1 1 1 0.866356
2 0 0 0.917877
3 0 0 0.815354

3
1 1 1 0.892822
2 0 0 0.975155
3 0 0 0.923622

3
1 1 1 0.820869
2 0 0 0.895933
3 0 0 0.810818

3
1 11 246 0.848575
2 0 0 0.945053
3 0 0 0.759881

1
1 0 0 0.840129

3
1 10 1 0.878913
2 0 0 1.08255
3 0 0 0.754162

1
1 0 0 0.788185

3
1 4 3 0.916357
2 0 0 0.848554
3 0 0 1.14401

5
1 10 1 0.859866
2 0 0 1.15061
3 0 9829 0.747559
6 0 0 0.770549
7 0 0 0.938105

5
1 10 1 0.83884
2 11 2425 0.935862
4 0 0 1.1023
5 0 0 0.989769
3 0 0 0.771982

1
1 0 0 0.766558

1
1 0 0 0.81603

3
1 1 2 0.848179
2 0 0 0.838557
3 0 0 0.93104

1
1 0 0 0.714948

1
1 0 0 0.844063

3
1 10 1 0.828605
2 0 0 1.00213
3 0 0 0.876233

1
1 0 0 0.732695

3
1 11 1524 0.851966
2 0 0 0.921025
3 0 0 0.885991

1
1 0 0 0.891265

1
1 0 0 0.739157

1
1 0 0 0.799493

3
1 9 1 0.842072
2 0 0 0.729341
3 0 0 1.00657

7
1 2 2 0.840103
2 2 1 0.946287
4 0 0 0.880021
5 0 0 0.963416
3 10 1 1.02451
6 0 0 1.02493
7 0 0 0.974603

1
1 0 0 0.790274

3
1 1 1 0.859363
2 0 0 0.941649
3 0 0 0.894572

3
1 0 8922 0.775206
2 0 0 0.771792
3 0 0 0.93

5
1 1 2 0.916965
2 0 0 0.878065
3 2 4 1.09352
6 0 0 1.01459
7 0 0 1.01869

1
1 0 0 0.794184

1
1 0 0 0.754106

5
1 1 1 0.903581
2 2 3 1.03759
4 0 0 1.0975
5 0 0 1.06252
3 0 0 0.751757

7
1 0 1778 0.994262
2 9 1 0.842722
4 0 0 0.744201
5 0 0 0.960108
3 7 1 0.961841
6 0 0 0.924448
7 0 0 1.0197

3
1 4 3 0.872782
2 0 0 0.911257
3 0 0 1.02772

3
1 10 1 0.846313
2 0 0 1.0882
3 0 0 0.79297

3
1 1 1 0.757535
2 0 0 1.08903
3 0 0 0.824999

5
1 6 1 0.876716
2 9 1 0.96859
4 0 0 0.887201
5 0 0 1.06068
3 0 0 0.991189

3
1 9 1 0.848735
2 0 0 0.741035
3 0 0 1.02041

3
1 5 3 0.833365
2 0 0 0.856999
3 0 0 1.08909

1
1 0 0 0.937904

3
1 4 2 0.815288
2 0 0 0.815293
3 0 0 0.875933

3
1 3 1 0.943847
2 0 0 0.930243
3 0 0 0.935501

3
1 3 2 0.867887
2 0 0 0.843684
3 0 0 1.06177

3
1 4 1 0.896892
2 0 0 0.906525
3 0 0 1.02889

3
1 10 1 0.977323
2 0 0 1.0354
3 0 0 0.780583

3
1 7 3 0.830425
2 0 0 0.874511
3 0 0 1.03945

1
1 0 0 0.882346

3
1 1 1 0.886664
2 0 0 1.07374
3 0 0 0.717621

3
1 10 1 0.858595
2 0 0 0.97732
3 0 0 0.820287

3
1 6 2 0.835073
2 0 0 0.810279
3 0 0 0.976172

3
1 4 3 0.967604
2 0 0 0.997194
3 0 0 0.97325

3
1 9 1 0.926913
2 0 0 0.853777
3 0 0 1.06532

3
1 11 4478 0.853681
2 0 0 0.956003
3 0 0 0.806534

3
1 0 2511 0.854488
2 0 0 0.878707
3 0 0 0.952278

3
1 9 1 0.811926
2 0 0 0.934988
3 0 0 0.974781

3
1 6 2 0.968073
2 0 0 0.876304
3 0 0 0.919059

3
1 6 3 0.86979
2 0 0 0.925853
3 0 0 0.966236

1
1 0 0 0.826688

3
1 10 1 0.871113
2 0 0 0.999389
3 0 0 0.773306

3
1 1 2 0.882317
2 0 0 0.892167
3 0 0 1.05563

3
1 1 2 0.746798
2 0 0 0.711812
3 0 0 0.916663

3
1 9 1 0.896712
2 0 0 0.806673
3 0 0 0.995358

1
1 0 0 0.878073

3
1 7 3 0.774439
2 0 0 0.776671
3 0 0 1.10829

3
1 10 1 0.931136
2 0 0 0.889631
3 0 0 0.723051

3
1 9 1 0.840546
2 0 0 0.772183
3 0 0 0.967772

5
1 0 8876 0.921414
2 10 1 0.874377
4 0 0 1.1252
5 0 0 0.700998
3 0 0 1.00928

3
1 4 2 0.813677
2 0 0 0.918937
3 0 0 1.03359

5
1 4 1 0.847492
2 0 0 0.76228
3 11 3146 1.0656
6 0 0 1.0661
7 0 0 0.86934

3
1 1 1 0.790066
2 0 0 0.96301
3 0 0 0.910735

3
1 6 1 0.870853
2 0 0 0.857803
3 0 0 0.956512

3
1 3 1 0.871376
2 0 0 0.986704
3 0 0 0.995765

3
1 11 87 0.711057
2 0 0 1.00533
3 0 0 0.804976

1
1 0 0 0.791138

3
1 4 2 0.764568
2 0 0 0.797081
3 0 0 1.04177

3
1 5 2 0.907057
2 0 0 0.819065
3 0 0 0.963362

5
1 5 1 0.823898
2 2 3 1.00474
4 0 0 0.973835
5 0 0 1.16973
3 0 0 0.832172

5
1 6 2 0.757099
2 0 0 0.734525
3 11 482 1.04883
6 0 0 1.00765
7 0 0 1.03218

3
1 4 3 0.955003
2 0 0 0.843523
3 0 0 1.05453

3
1 0 2150 0.938084
2 0 0 0.836452
3 0 0 1.10607

3
1 1 2 0.788229
2 0 0 0.893843
3 0 0 1.08952

3
1 6 1 0.870163
2 0 0 0.889607
3 0 0 0.92475

1
1 0 0 0.751494

3
1 1 1 0.93331
2 0 0 1.00155
3 0 0 0.774363

1
1 0 0 0.839266

3
1 5 2 0.881607
2 0 0 0.870192
3 0 0 0.960972

3
1 1 1 0.82889
2 0 0 0.972876
3 0 0 0.832778

3
1 5 2 0.853017
2 0 0 0.782128
3 0 0 0.848511

5
1 3 2 0.926307
2 3 1 0.916866
4 0 0 0.897436
5 0 0 1.10848
3 0 0 1.01396

3
1 11 3492 0.893325
2 0 0 0.972312
3 0 0 0.873943

3
1 7 2 0.844859
2 0 0 0.910418
3 0 0 0.938328

5
1 6 3 0.795305
2 4 3 0.823927
4 0 0 0.831841
5 0 0 1.02755
3 0 0 0.931047

3
1 5 3 0.897269
2 0 0 0.852628
3 0 0 1.08898

3
1 4 1 0.95833
2 0 0 0.863523
3 0 0 1.01917

3
1 9 1 0.875964
2 0 0 0.804078
3 0 0 0.911507

3
1 9 1 0.836428
2 0 0 0.743347
3 0 0 0.977067

3
1 7 3 0.850828
2 0 0 0.910486
3 0 0 0.9144

3
1 5 2 0.813282
2 0 0 0.797239
3 0 0 0.976853

3
1 4 3 0.865032
2 0 0 0.84432
3 0 0 0.984159

3
1 0 7460 0.845345
2 0 0 0.863184
3 0 0 0.938145

1
1 0 0 0.858956

3
1 11 2972 0.877038
2 0 0 0.90468
3 0 0 0.900368

7
1 11 1370 0.871554
2 0 0 1.06012
3 7 1 0.834812
6 0 0 0.82118
7 7 3 0.960042
14 0 0 0.935692
15 0 0 1.04921

3
1 10 1 0.938845
2 0 0 0.982218
3 0 0 0.784219

3
1 1 1 0.820869
2 0 0 1.07127
3 0 0 0.698417

3
1 0 781 0.912507
2 0 0 0.836181
3 0 0 0.886893

5
1 5 2 0.888711
2 0 2652 0.994166
4 0 0 0.838131
5 0 0 1.05402
3 0 0 0.987709

3
1 10 1 0.878913
2 0 0 1.00449
3 0 0 0.787924

1
1 0 0 0.92863

3
1 1 1 0.876693
2 0 0 1.01336
3 0 0 0.722741

3
1 5 3 0.852782
2 0 0 0.819153
3 0 0 1.11793

3
1 10 1 0.83884
2 0 0 1.00292
3 0 0 0.88751

1
1 0 0 0.8938

3
1 1 1 0.780069
2 0 0 0.997005
3 0 0 0.694199

3
1 1 1 0.789038
2 0 0 0.978193
3 0 0 0.788375

3
1 7 2 0.711638
2 0 0 0.720094
3 0 0 1.0145

3
1 3 1 0.834546
2 0 0 0.812816
3 0 0 0.944309

1
1 0 0 0.860899

1
1 0 0 0.778469

3
1 1 1 0.859318
2 0 0 0.918413
3 0 0 0.793472

1
1 0 0 0.903903

3
1 4 3 0.767468
2 0 0 0.768575
3 0 0 1.02307

3
1 7 3 0.804525
2 0 0 0.753155
3 0 0 1.01308

5
1 9 1 0.842072
2 0 0 0.863339
3 5 2 0.988929
6 0 0 1.01614
7 0 0 0.963854

3
1 2 3 0.799172
2 0 0 0.852958
3 0 0 0.923438

1
1 0 0 0.744801

3
1 9 1 0.846892
2 0 0 0.866129
3 0 0 0.897773

3
1 3 2 0.752814
2 0 0 0.832326
3 0 0 0.97893

3
1 0 4857 0.848816
2 0 0 0.781078
3 0 0 0.951319

1
1 0 0 0.849158

5
1 10 1 0.899909
2 0 0 0.970126
3 2 3 0.853045
6 0 0 0.861929
7 0 0 0.992129

1
1 0 0 0.791539

3
1 10 1 0.997298
2 0 0 1.14122
3 0 0 0.786819

3
1 1 2 0.933722
2 0 0 0.727697
3 0 0 1.19143

3
1 10 1 0.846313
2 0 0 1.07223
3 0 0 0.671677

1
1 0 0 0.793022

5
1 0 3758 0.884662
2 3 2 0.857107
4 0 0 0.848416
5 0 0 0.934375
3 0 0 0.91916

3
1 9 1 0.950046
2 0 0 0.841573
3 0 0 1.08316

3
1 9 1 0.843967
2 0 0 0.835124
3 0 0 1.08411

1
1 0 0 0.805255

1
1 0 0 0.848776

1
1 0 0 0.778589

3
1 2 4 0.841973
2 0 0 0.849699
3 0 0 0.899067

3
1 7 1 0.851287
2 0 0 0.860506
3 0 0 0.91721

3
1 1 2 0.921846
2 0 0 0.817181
3 0 0 0.981029

3
1 6 3 0.917395
2 0 0 0.900963
3 0 0 1.10619

5
1 5 2 0.866319
2 0 5053 0.960116
4 0 0 0.941733
5 0 0 0.978406
3 0 0 1.02273

3
1 5 1 0.942289
2 0 0 0.858636
3 0 0 0.95682

3
1 10 1 0.858595
2 0 0 0.961738
3 0 0 0.845638

3
1 10 1 0.869172
2 0 0 0.961782
3 0 0 0.734356

3
1 10 1 0.8989
2 0 0 1.02759
3 0 0 0.808331

3
1 5 2 0.906459
2 0 0 0.855081
3 0 0 0.879

3
1 7 3 0.816695
2 0 0 0.792873
3 0 0 1.0702

3
1 11 2922 0.92518
2 0 0 1.05709
3 0 0 0.819697

3
1 1 1 0.859291
2 0 0 0.993813
3 0 0 0.822322

5
1 5 3 0.892723
2 10 1 0.939087
4 0 0 0.960681
5 0 0 0.934694
3 0 0 0.889964

7
1 5 2 0.81607
2 5 1 0.888308
4 1 2 0.877164
8 0 0 0.890184
9 0 0 0.953405
5 0 0 0.890785
3 0 0 0.996899

1
1 0 0 0.867414

1
1 0 0 0.869653

3
1 6 3 0.855046
2 0 0 0.838128
3 0 0 0.981043

3
1 6 3 0.979407
2 0 0 1.00034
3 0 0 1.06679

3
1 9 1 0.896712
2 0 0 0.874319
3 0 0 0.931565

3
1 11 1835 0.859506
2 0 0 0.936088
3 0 0 0.868384

5
1 1 1 0.886578
2 0 0 1.0592
3 7 1 0.908105
6 0 0 0.839612
7 0 0 0.923049

3
1 0 2960 0.888701
2 0 0 0.878524
3 0 0 1.02093

3
1 9 1 0.804459
2 0 0 0.759968
3 0 0 0.849156

3
1 1 2 0.933208
2 0 0 0.826246
3 0 0 1.10556

1
1 0 0 0.708987

3
1 4 1 0.884044
2 0 0 0.787131
3 0 0 0.92126

5
1 1 1 0.923688
2 11 1689 0.937384
4 0 0 1.01762
5 0 0 0.989785
3 0 0 0.89127

3
1 10 1 0.8292
2 0 0 1.01989
3 0 0 0.826156

3
1 10 1 0.954006
2 0 0 0.974512
3 0 0 0.777888

3
1 10 1 0.857189
2 0 0 0.959403
3 0 0 0.867738

3
1 6 3 0.905343
2 0 0 0.908539
3 0 0 0.798703

1
1 0 0 0.860554

1
1 0 0 0.753323

1
1 0 0 0.787207

3
1 5 2 0.844689
2 0 0 0.838283
3 0 0 0.919051

3
1 1 2 0.758666
2 0 0 0.748986
3 0 0 0.998363

3
1 5 3 0.839979
2 0 0 0.960984
3 0 0 1.17203

3
1 4 2 0.758769
2 0 0 0.856614
3 0 0 1.03326

3
1 4 2 0.88437
2 0 0 0.874498
3 0 0 0.953579

3
1 10 1 0.931099
2 0 0 0.920552
3 0 0 0.796979

5
1 11 4351 0.866389
2 4 1 0.936224
4 0 0 0.924807
5 0 0 1.00984
3 0 0 0.940548

1
1 0 0 0.834673

3
1 0 9085 0.8743
2 0 0 0.851691
3 0 0 1.05458

3
1 4 3 0.761119
2 0 0 0.833725
3 0 0 1.10161

3
1 5 2 0.891675
2 0 0 0.826497
3 0 0 1.01016

5
1 4 2 0.830514
2 1 1 0.887089
4 0 0 0.995023
5 0 0 0.778975
3 0 0 0.930976

3
1 10 1 0.94512
2 0 0 1.06318
3 0 0 0.898245

1
1 0 0 0.770064

1
1 0 0 0.775453

7
1 11 2587 0.864888
2 6 1 0.990776
4 10 1 1.07651
8 0 0 1.11146
9 0 0 0.960335
5 0 0 0.956123
3 0 0 0.946462

3
1 0 72 0.940299
2 0 0 0.858282
3 0 0 1.07495

3
1 1 2 0.823955
2 0 0 0.756413
3 0 0 1.02434

3
1 3 2 0.832762
2 0 0 0.872555
3 0 0 0.967236

3
1 7 2 0.865131
2 0 0 0.83246
3 0 0 0.811002

3
1 4 2 0.826039
2 0 0 0.853997
3 0 0 0.942661

1
1 0 0 0.874033

3
1 7 1 0.915935
2 0 0 0.948732
3 0 0 0.947238

3
1 9 1 0.876449
2 0 0 0.756808
3 0 0 0.976897

3
1 11 1719 0.879837
2 0 0 0.878319
3 0 0 0.857301

3
1 0 3199 0.884778
2 0 0 0.804866
3 0 0 0.935643

5
1 4 3 0.806575
2 0 0 0.712784
3 11 3348 0.90814
6 0 0 0.911379
7 0 0 0.842807

3
1 10 1 0.894306
2 0 0 0.95723
3 0 0 0.815479

3
1 0 9652 0.857625
2 0 0 0.880693
3 0 0 0.999679

3
1 4 2 0.816297
2 0 0 0.895406
3 0 0 1.01533

3
1 10 1 0.878913
2 0 0 0.967689
3 0 0 0.862687

3
1 0 3909 0.919355
2 0 0 0.746283
3 0 0 1.05687

3
1 1 1 0.876693
2 0 0 0.954459
3 0 0 0.779367

3
1 6 2 0.939634
2 0 0 0.857153
3 0 0 1.0409

3
1 0 3386 0.91608
2 0 0 0.849705
3 0 0 0.957021

1
1 0 0 0.837307

5
1 3 2 0.833821
2 11 3523 1.01369
4 0 0 0.99751
5 0 0 1.04722
3 0 0 0.973256

3
1 1 1 0.789038
2 0 0 1.124
3 0 0 0.703318

1
1 0 0 0.723925

3
1 1 1 0.846919
2 0 0 1.06895
3 0 0 0.779422

3
1 10 1 0.796438
2 0 0 1.05732
3 0 0 0.814929

3
1 1 2 0.868105
2 0 0 0.839245
3 0 0 0.937469

3
1 6 2 0.697446
2 0 0 0.75811
3 0 0 1.09039

3
1 3 2 0.760859
2 0 0 0.717276
3 0 0 0.87383

1
1 0 0 0.737731

1
1 0 0 0.800531

5
1 6 1 0.896564
2 0 0 0.929151
3 5 1 0.94812
6 0 0 0.877297
7 0 0 0.933309

3
1 0 6086 0.780974
2 0 0 0.894568
3 0 0 1.04057

3
1 3 1 0.902684
2 0 0 0.871859
3 0 0 0.922576

3
1 7 3 0.764118
2 0 0 0.767658
3 0 0 1.05981

3
1 10 1 0.760733
2 0 0 1.06549
3 0 0 0.813543

3
1 1 1 0.889223
2 0 0 1.00649
3 0 0 0.771206

1
1 0 0 0.737195

5
1 10 1 0.899909
2 5 1 0.99474
4 0 0 1.03383
5 0 0 0.912129
3 0 0 0.825409

5
1 6 1 0.896442
2 0 0 0.913544
3 11 2081 0.933833
6 0 0 0.84435
7 0 0 1.03625

1
1 0 0 0.859212

3
1 3 3 0.736384
2 0 0 0.721969
3 0 0 1.08205

3
1 10 1 0.846313
2 0 0 1.01949
3 0 0 0.739989

3
1 10 1 0.795533
2 0 0 0.99678
3 0 0 0.842146

3
1 1 1 0.920402
2 0 0 1.03852
3 0 0 0.72712

3
1 5 2 0.761252
2 0 0 0.889841
3 0 0 1.04018

3
1 1 1 0.838105
2 0 0 1.02291
3 0 0 0.694642

5
1 0 4467 0.896405
2 0 0 0.783486
3 0 6345 1.00804
6 0 0 0.957495
7 0 0 0.988036

5
1 6 2 0.903024
2 6 1 0.89684
4 0 0 0.955582
5 0 0 0.914027
3 0 0 0.938092

1
1 0 0 0.793911

3
1 1 2 0.924179
2 0 0 0.829176
3 0 0 1.0709

3
1 10 1 0.851243
2 0 0 0.957948
3 0 0 0.740762

3
1 1 2 0.921846
2 0 0 0.847168
3 0 0 1.02047

3
1 1 2 0.896305
2 0 0 0.781594
3 0 0 0.897483

3
1 6 3 0.809585
2 0 0 0.774841
3 0 0 0.93792

1
1 0 0 0.83615

5
1 0 1138 0.907334
2 7 2 0.860408
4 0 0 0.863118
5 0 0 1.17347
3 0 0 1.03978

3
1 1 2 0.899211
2 0 0 0.722329
3 0 0 1.0389

3
1 10 1 0.8989
2 0 0 0.91636
3 0 0 0.753043

1
1 0 0 0.854425

3
1 9 1 0.823068
2 0 0 0.852991
3 0 0 1.04828

3
1 1 2 0.825885
2 0 0 0.849644
3 0 0 1.15189

1
1 0 0 0.721911

3
1 4 2 0.871886
2 0 0 0.943293
3 0 0 1.07229

3
1 1 1 0.862715
2 0 0 1.14807
3 0 0 0.901304

3
1 1 1 0.91961
2 0 0 0.878295
3 0 0 0.781623

3
1 0 7873 0.831216
2 0 0 0.953494
3 0 0 1.01012

3
1 11 1315 0.807937
2 0 0 0.997916
3 0 0 0.828756

1
1 0 0 0.873905

1
1 0 0 0.787348

3
1 1 1 0.892018
2 0 0 1.1327
3 0 0 0.848203

5
1 1 1 0.886578
2 11 2328 1.09557
4 0 0 1.00276
5 0 0 0.920807
3 0 0 0.859722

5
1 11 2917 0.932527
2 11 438 0.931342
4 0 0 0.852526
5 0 0 0.907268
3 0 0 0.757051

5
1 10 1 0.907726
2 0 0 0.966884
3 9 1 0.909358
6 0 0 0.809938
7 0 0 1.02958

3
1 9 1 0.94157
2 0 0 0.906954
3 0 0 1.12718

1
1 0 0 0.867107

3
1 3 1 0.888066
2 0 0 0.836309
3 0 0 0.899885

3
1 1 1 0.923688
2 0 0 1.17418
3 0 0 0.738001

7
1 3 1 0.979959
2 4 1 0.951548
4 0 0 0.828776
5 0 0 1.02978
3 3 3 1.00543
6 0 0 0.928475
7 0 0 1.02198

3
1 3 1 0.820385
2 0 0 0.903878
3 0 0 0.895357

3
1 10 1 0.857189
2 0 0 1.0575
3 0 0 0.777408

3
1 10 1 0.940324
2 0 0 1.04392
3 0 0 0.860209

7
1 9 1 0.815845
2 6 2 0.877173
4 0 0 0.85754
5 0 0 0.925713
3 7 2 0.849325
6 0 0 0.824223
7 0 0 0.76941

3
1 1 1 0.878966
2 0 0 0.865797
3 0 0 0.841507

3
1 0 9746 0.864215
2 0 0 0.945923
3 0 0 0.829379

1
1 0 0 0.815012

3
1 1 2 0.863116
2 0 0 0.8651
3 0 0 0.946651

3
1 3 1 0.780193
2 0 0 0.851517
3 0 0 0.845653

3
1 5 2 0.822449
2 0 0 0.734119
3 0 0 1.05183

3
1 1 1 0.877283
2 0 0 0.920238
3 0 0 0.82398

3
1 1 2 0.914653
2 0 0 0.826
3 0 0 1.05531

3
1 6 1 0.901756
2 0 0 1.0485
3 0 0 0.883286

1
1 0 0 0.848063

7
1 7 2 0.857775
2 0 0 0.888659
3 7 3 1.01917
6 3 1 0.963457
12 0 0 0.981674
13 0 0 1.08084
7 0 0 0.992471

3
1 4 3 0.679976
2 0 0 0.712494
3 0 0 1.11329

5
1 0 4776 0.907329
2 0 0 0.868597
3 11 1907 0.904111
6 0 0 0.896823
7 0 0 0.922499

3
1 1 2 0.846284
2 0 0 0.790662
3 0 0 0.945319

3
1 10 1 0.94512
2 0 0 0.973799
3 0 0 0.709677

5
1 0 9581 0.861033
2 0 0 0.860983
3 4 2 1.04774
6 0 0 0.968168
7 0 0 0.91109

3
1 5 3 0.891009
2 0 0 0.882878
3 0 0 1.02011

3
1 5 3 0.804731
2 0 0 0.810821
3 0 0 0.955107

5
1 0 4234 0.905257
2 6 2 0.838604
4 0 0 0.838868
5 0 0 1.01502
3 0 0 1.06462

1
1 0 0 0.893484

3
1 9 1 0.844473
2 0 0 0.925975
3 0 0 0.977264

1
1 0 0 0.904657

3
1 10 1 0.829968
2 0 0 0.867503
3 0 0 0.942674

3
1 0 7953 0.821095
2 0 0 0.756968
3 0 0 0.977947

1
1 0 0 0.826967

3
1 1 1 0.902738
2 0 0 1.03247
3 0 0 0.850208

1
1 0 0 0.727956

7
1 0 3199 0.884778
2 0 0 0.94711
3 5 3 1.02382
6 0 7814 1.07193
12 0 0 1.0079
13 0 0 0.961322
7 0 0 1.04981

5
1 4 2 0.884953
2 0 0 0.931191
3 9 1 0.875035
6 0 0 1.06256
7 0 0 0.961294

3
1 9 1 0.871496
2 0 0 0.866461
3 0 0 0.901251

5
1 11 4369 0.871913
2 2 2 0.895224
4 0 0 1.03589
5 0 0 0.977343
3 0 0 0.875348

5
1 11 76 0.914763
2 0 0 1.0379
3 5 2 0.882695
6 0 0 0.844774
7 0 0 1.04112

3
1 7 3 0.758465
2 0 0 0.744142
3 0 0 0.896367

3
1 6 3 0.769467
2 0 0 0.776095
3 0 0 0.958217

1
1 0 0 0.881054

3
1 9 1 0.81801
2 0 0 0.896088
3 0 0 0.919156

5
1 6 3 0.857351
2 10 1 0.960806
4 0 0 1.0863
5 0 0 0.752462
3 0 0 0.972197

3
1 1 1 0.973776
2 0 0 0.968007
3 0 0 0.878953

3
1 11 3856 0.932849
2 0 0 0.880362
3 0 0 0.916746

5
1 5 2 0.82962
2 9 1 0.97368
4 0 0 0.940338
5 0 0 1.05055
3 0 0 0.865572

3
1 1 2 0.845517
2 0 0 0.803123
3 0 0 0.956533

3
1 0 7043 0.846938
2 0 0 0.874221
3 0 0 1.05516

3
1 10 1 0.812866
2 0 0 1.06952
3 0 0 0.857327

5
1 4 1 0.858985
2 0 0 0.79859
3 11 1674 0.924454
6 0 0 1.13322
7 0 0 0.959772

7
1 4 2 0.806722
2 0 0 0.836941
3 0 3400 1.00852
6 4 3 1.00294
12 0 0 1.04611
13 0 0 0.915805
7 0 0 0.942809

1
1 0 0 0.7585

3
1 10 1 0.750932
2 0 0 0.968872
3 0 0 0.7804

3
1 7 3 0.774955
2 0 0 0.746713
3 0 0 0.991275

5
1 3 2 0.806047
2 4 3 0.768996
4 0 0 0.727346
5 0 0 1.07955
3 0 0 1.16191

3
1 4 3 0.864464
2 0 0 0.887658
3 0 0 1.05579

3
1 4 3 0.785787
2 0 0 0.798524
3 0 0 0.926475

3
1 4 2 0.874325
2 0 0 0.852049
3 0 0 0.958005

3
1 1 2 0.915021
2 0 0 0.943805
3 0 0 0.875568

3
1 6 1 0.859598
2 0 0 0.799759
3 0 0 0.886631

3
1 6 3 0.780447
2 0 0 0.752208
3 0 0 0.894041

3
1 6 3 0.832641
2 0 0 0.86802
3 0 0 1.02385

3
1 3 1 0.919273
2 0 0 0.920055
3 0 0 0.904837

3
1 7 3 0.750221
2 0 0 0.763848
3 0 0 0.950649

3
1 4 2 0.996652
2 0 0 0.891687
3 0 0 0.93565

3
1 11 5296 0.92672
2 0 0 0.896149
3 0 0 0.941573

3
1 0 8924 0.87591
2 0 0 0.872982
3 0 0 0.988385

3
1 1 1 0.920402
2 0 0 1.0356
3 0 0 0.729509

3
1 10 1 0.720657
2 0 0 0.967819
3 0 0 0.633508

3
1 1 1 0.838105
2 0 0 0.929239
3 0 0 0.835229

3
1 1 1 0.805113
2 0 0 0.943595
3 0 0 0.744028

5
1 5 2 0.836786
2 7 3 0.824671
4 0 0 0.819484
5 0 0 1.03528
3 0 0 0.972023

3
1 5 3 0.829797
2 0 0 0.829238
3 0 0 1.00969

3
1 4 1 0.891181
2 0 0 0.814621
3 0 0 0.901421

5
1 10 1 0.851243
2 11 2279 0.995207
4 0 0 0.996049
5 0 0 0.974605
3 0 0 0.818943

3
1 1 2 0.921846
2 0 0 0.798067
3 0 0 1.12965

3
1 9 1 0.828832
2 0 0 0.844292
3 0 0 0.937431

3
1 10 1 0.826506
2 0 0 1.19213
3 0 0 0.814421

3
1 2 1 0.785552
2 0 0 0.844379
3 0 0 0.825266

3
1 1 1 0.775132
2 0 0 1.11253
3 0 0 0.804462

1
1 0 0 0.805118

3
1 10 1 0.8989
2 0 0 1.10027
3 0 0 0.787305

1
1 0 0 0.870264

3
1 9 1 0.823068
2 0 0 0.652602
3 0 0 1.00277

3
1 1 2 0.825885
2 0 0 0.873235
3 0 0 0.948514

1
1 0 0 0.891453

3
1 10 1 0.832148
2 0 0 0.955889
3 0 0 0.926932

3
1 11 2906 0.859219
2 0 0 0.99182
3 0 0 0.714315

3
1 1 2 0.762464
2 0 0 0.762706
3 0 0 0.995543

3
1 7 3 0.774789
2 0 0 0.757505
3 0 0 0.869979

3
1 7 3 0.731821
2 0 0 0.719232
3 0 0 0.97143

3
1 2 1 0.947996
2 0 0 0.97957
3 0 0 0.978332

3
1 10 1 0.868179
2 0 0 1.11586
3 0 0 0.766335

3
1 9 1 0.910289
2 0 0 0.857222
3 0 0 0.967453

5
1 1 1 0.886578
2 0 2267 0.993708
4 0 0 1.1062
5 0 0 1.0177
3 0 0 0.807399

3
1 4 3 0.867086
2 0 0 0.894489
3 0 0 1.02782

1
1 0 0 0.820993

3
1 6 3 0.894424
2 0 0 0.915525
3 0 0 1.07725

5
1 5 2 0.906125
2 0 4059 0.918505
4 0 0 0.865858
5 0 0 0.929111
3 0 0 0.926933

7
1 9 1 0.919971
2 0 0 0.864117
3 11 1191 0.956156
6 3 2 0.944629
12 0 0 1.05735
13 0 0 1.04442
7 0 0 1.21133

3
1 1 1 0.923688
2 0 0 1.09059
3 0 0 0.82979

3
1 3 2 0.800327
2 0 0 0.859831
3 0 0 0.918208

5
1 6 2 0.894049
2 0 3703 0.916906
4 0 0 0.803617
5 0 0 1.20652
3 0 0 1.01062

3
1 10 1 0.857189
2 0 0 0.938089
3 0 0 0.832943

1
1 0 0 0.754594

3
1 10 1 0.854699
2 0 0 0.988048
3 0 0 0.859429

5
1 1 2 0.955232
2 0 0 0.860779
3 5 1 0.985987
6 0 0 1.05822
7 0 0 0.931499

3
1 7 3 0.847265
2 0 0 0.890855
3 0 0 1.06451

3
1 3 3 0.923897
2 0 0 0.91503
3 0 0 0.952995

3
1 5 2 0.797189
2 0 0 0.792004
3 0 0 1.03224

3
1 4 1 0.897091
2 0 0 0.935228
3 0 0 0.884519

3
1 4 3 0.75716
2 0 0 0.812152
3 0 0 1.04486

3
1 7 3 0.830489
2 0 0 0.758687
3 0 0 1.01933

3
1 9 1 0.910507
2 0 0 0.911128
3 0 0 1.00617

3
1 3 3 0.978749
2 0 0 0.948773
3 0 0 1.02602

5
1 7 2 0.882372
2 0 0 0.893415
3 2 2 1.08151
6 0 0 0.890988
7 0 0 0.975563

3
1 10 1 0.809902
2 0 0 1.16324
3 0 0 0.815444

3
1 4 3 0.767449
2 0 0 0.808176
3 0 0 1.00346

3
1 7 2 0.903618
2 0 0 0.893609
3 0 0 0.999663

3
1 1 2 0.846284
2 0 0 0.844884
3 0 0 0.969338

3
1 2 4 0.793537
2 0 0 0.782183
3 0 0 0.960114

3
1 0 521 0.849687
2 0 0 0.863021
3 0 0 0.85036

3
1 5 3 0.771186
2 0 0 0.808027
3 0 0 1.06457

1
1 0 0 0.854518

3
1 7 3 0.866801
2 0 0 0.797158
3 0 0 0.98373

3
1 3 1 0.90371
2 0 0 0.865002
3 0 0 1.02903

3
1 7 2 0.831411
2 0 0 0.858444
3 0 0 0.996185

1
1 0 0 0.867962

3
1 6 1 0.859816
2 0 0 0.897708
3 0 0 0.995089

1
1 0 0 0.809387

3
1 5 3 0.844717
2 0 0 0.790058
3 0 0 0.943105

3
1 11 2084 0.964503
2 0 0 0.900168
3 0 0 0.900865

3
1 4 2 0.873658
2 0 0 0.892162
3 0 0 1.0546

3
1 2 2 0.907311
2 0 0 0.913129
3 0 0 0.906931

3
1 10 1 0.853358
2 0 0 0.950881
3 0 0 0.732929

5
1 1 1 0.843402
2 6 1 0.929203
4 0 0 0.921811
5 0 0 1.04567
3 0 0 0.782332

3
1 4 2 0.932622
2 0 0 0.965676
3 0 0 1.04065

5
1 0 233 0.876389
2 0 0 0.760407
3 3 1 0.992396
6 0 0 1.04771
7 0 0 1.10164

3
1 1 1 0.809322
2 0 0 0.879904
3 0 0 0.756791

5
1 11 1800 0.842308
2 1 1 0.912535
4 0 0 0.995374
5 0 0 0.904365
3 0 0 0.821047

1
1 0 0 0.870205

3
1 4 1 0.875419
2 0 0 0.874099
3 0 0 0.880582

1
1 0 0 0.858971

3
1 1 1 0.973776
2 0 0 0.969355
3 0 0 0.826486

1
1 0 0 0.821866

3
1 4 2 0.985959
2 0 0 0.817469
3 0 0 1.08919

5
1 9 1 0.872773
2 0 0 0.829608
3 0 9338 1.06966
6 0 0 1.06492
7 0 0 1.06218

3
1 0 1104 0.838189
2 0 0 0.732587
3 0 0 1.07161

3
1 10 1 0.812866
2 0 0 1.02938
3 0 0 0.806991

3
1 4 1 0.858985
2 0 0 0.764666
3 0 0 1.12374

3
1 6 3 0.713655
2 0 0 0.679754
3 0 0 1.03453

3
1 4 3 0.864639
2 0 0 0.947298
3 0 0 1.12032

3
1 6 2 0.785671
2 0 0 0.739838
3 0 0 1.07103

3
1 11 1705 0.941491
2 0 0 0.952358
3 0 0 0.919629

5
1 9 1 0.858599
2 0 5284 0.980451
4 0 0 0.874341
5 0 0 1.00584
3 0 0 0.904412

3
1 1 1 0.779498
2 0 0 0.994537
3 0 0 0.868006

1
1 0 0 0.905523

1
1 0 0 0.754209

3
1 7 3 0.764724
2 0 0 0.778282
3 0 0 0.961543

7
1 9 1 0.891684
2 0 0 0.824893
3 3 2 0.971676
6 0 0 1.00344
7 0 3222 0.954107
14 0 0 0.930922
15 0 0 0.992888

3
1 1 2 0.769801
2 0 0 0.865994
3 0 0 1.04247

3
1 4 3 0.776471
2 0 0 0.789853
3 0 0 1.09421

1
1 0 0 0.824018

3
1 0 6689 0.924333
2 0 0 0.826508
3 0 0 0.898916

5
1 0 825 0.862731
2 0 0 0.824603
3 6 3 0.878947
6 0 0 0.87976
7 0 0 0.970903

3
1 0 8888 0.822426
2 0 0 0.846442
3 0 0 1.08864

5
1 4 3 0.865864
2 10 1 0.888241
4 0 0 0.975754
5 0 0 0.772725
3 0 0 0.968187

3
1 4 3 0.739242
2 0 0 0.751869
3 0 0 1.14234

3
1 7 3 0.774049
2 0 0 0.736207
3 0 0 1.04107

3
1 1 1 0.838105
2 0 0 1.10322
3 0 0 0.782137

3
1 9 1 0.863526
2 0 0 0.902178
3 0 0 1.00333

1
1 0 0 0.772229

5
1 2 4 0.880683
2 6 1 0.891465
4 0 0 0.914619
5 0 0 0.895433
3 0 0 0.912676

1
1 0 0 0.690898

1
1 0 0 0.868843

3
1 1 1 0.82818
2 0 0 1.11879
3 0 0 0.771673

3
1 3 2 0.868266
2 0 0 0.809379
3 0 0 0.960968

3
1 2 4 0.825093
2 0 0 0.853169
3 0 0 1.0653

3
1 3 2 0.799302
2 0 0 0.852569
3 0 0 1.0242

3
1 1 1 0.775132
2 0 0 1.00346
3 0 0 0.766678

3
1 1 1 0.842281
2 0 0 1.04431
3 0 0 0.720118

3
1 0 5343 0.887236
2 0 0 0.817234
3 0 0 0.960833

3
1 10 1 0.810146
2 0 0 1.10971
3 0 0 0.870593

3
1 1 1 0.79522
2 0 0 0.84243
3 0 0 0.801605

3
1 1 2 0.825885
2 0 0 0.749212
3 0 0 0.983646

3
1 10 1 0.891453
2 0 0 0.963332
3 0 0 0.76463

5
1 6 3 0.866476
2 0 8649 0.859811
4 0 0 0.891889
5 0 0 1.01033
3 0 0 0.988248

3
1 11 2906 0.859219
2 0 0 1.02765
3 0 0 0.853588

3
1 1 1 0.890992
2 0 0 0.944022
3 0 0 0.817728

1
1 0 0 0.88913

3
1 9 1 0.848566
2 0 0 0.840261
3 0 0 0.944492

3
1 7 3 0.780475
2 0 0 0.769692
3 0 0 0.972714

3
1 10 1 0.868179
2 0 0 0.943767
3 0 0 0.774766

3
1 4 2 0.844353
2 0 0 0.854207
3 0 0 0.893928

3
1 1 1 0.886578
2 0 0 1.00514
3 0 0 0.780355

3
1 10 1 0.857712
2 0 0 0.933153
3 0 0 0.882952

5
1 2 4 0.869671
2 0 0 0.937731
3 10 1 0.978546
6 0 0 0.970142
7 0 0 0.924737

1
1 0 0 0.741586

1
1 0 0 0.836634

3
1 9 1 0.919971
2 0 0 0.725276
3 0 0 1.04897

5
1 7 3 0.852274
2 6 2 0.773138
4 0 0 0.787433
5 0 0 1.14295
3 0 0 1.0449

3
1 10 1 0.948691
2 0 0 1.05866
3 0 0 0.830227

3
1 6 2 0.894049
2 0 0 0.94375
3 0 0 0.911234

3
1 5 3 0.871116
2 0 0 0.911191
3 0 0 1.07114

1
1 0 0 0.789195

3
1 7 3 0.929722
2 0 0 0.987936
3 0 0 0.995965

1
1 0 0 0.918456

5
1 4 2 0.861654
2 1 2 0.872688
4 0 0 0.835431
5 0 0 1.13329
3 0 0 0.925751

1
1 0 0 0.9005

3
1 6 2 0.862125
2 0 0 0.794302
3 0 0 0.942772

5
1 11 1322 0.834399
2 3 3 1.0088
4 0 0 1.12275
5 0 0 0.963445
3 0 0 0.958785

1
1 0 0 0.807846

3
1 4 1 0.857375
2 0 0 0.879336
3 0 0 0.993023

5
1 9 1 0.910507
2 0 0 0.801358
3 6 3 1.01183
6 0 0 0.954063
7 0 0 1.04262

3
1 1 1 0.869443
2 0 0 0.967593
3 0 0 0.777749

3
1 10 1 0.930588
2 0 0 0.929688
3 0 0 0.860849

3
1 10 1 0.834089
2 0 0 0.930886
3 0 0 0.801157

1
1 0 0 0.793293

3
1 6 3 0.859422
2 0 0 0.904221
3 0 0 1.01347

5
1 1 1 0.880079
2 0 0 0.987683
3 0 730 0.919376
6 0 0 0.7738
7 0 0 1.03467

3
1 1 2 0.895865
2 0 0 0.833911
3 0 0 1.03064

3
1 2 2 0.883053
2 0 0 0.953612
3 0 0 0.939625

3
1 5 3 0.839548
2 0 0 0.772532
3 0 0 1.04216

3
1 9 1 1.00972
2 0 0 0.862754
3 0 0 1.04653

3
1 4 2 0.787191
2 0 0 0.789531
3 0 0 1.00351

3
1 1 1 0.849416
2 0 0 0.830395
3 0 0 0.853766

3
1 7 2 0.908317
2 0 0 0.914325
3 0 0 0.875744

3
1 3 2 0.869674
2 0 0 0.901921
3 0 0 0.84275

3
1 9 1 0.834466
2 0 0 0.743391
3 0 0 1.01631

5
1 0 677 0.903873
2 0 0 0.865114
3 0 7065 0.880561
6 0 0 0.914396
7 0 0 0.864034

1
1 0 0 0.791692

5
1 3 1 0.888098
2 6 3 0.903366
4 0 0 0.892428
5 0 0 1.03557
3 0 0 0.954961

3
1 10 1 0.886713
2 0 0 1.1388
3 0 0 0.692103

3
1 5 2 0.803343
2 0 0 0.879566
3 0 0 0.976666

5
1 10 1 0.853358
2 0 0 0.982987
3 4 1 0.932932
6 0 0 0.730801
7 0 0 1.02541

3
1 7 3 0.879896
2 0 0 0.85929
3 0 0 1.10125

5
1 9 1 0.810879
2 4 2 0.793992
4 0 0 0.780453
5 0 0 1.07893
3 0 0 1.04847

3
1 6 2 0.940966
2 0 0 0.86221
3 0 0 0.93639

3
1 7 2 0.836219
2 0 0 0.906312
3 0 0 1.02575

3
1 0 4130 0.93932
2 0 0 0.903458
3 0 0 1.03732

3
1 1 1 0.843268
2 0 0 1.22118
3 0 0 0.875877

3
1 0 984 0.964185
2 0 0 0.755087
3 0 0 0.923816

3
1 11 148 0.853503
2 0 0 0.954834
3 0 0 0.876096

3
1 4 2 0.896203
2 0 0 0.860595
3 0 0 0.949276

3
1 10 1 0.834551
2 0 0 1.07043
3 0 0 0.795588

5
1 6 3 0.722426
2 0 0 0.766378
3 0 2564 1.00837
6 0 0 1.05758
7 0 0 1.18215

3
1 11 4254 0.808296
2 0 0 0.813691
3 0 0 0.772948

3
1 0 1814 0.862045
2 0 0 0.829866
3 0 0 1.01227

3
1 10 1 0.812866
2 0 0 0.925305
3 0 0 0.727711

3
1 1 1 0.910662
2 0 0 1.10989
3 0 0 0.802487

3
1 7 3 0.837665
2 0 0 0.772699
3 0 0 0.896558

5
1 11 2662 0.887013
2 0 0 0.868212
3 7 3 0.90166
6 0 0 0.897325
7 0 0 0.950201

3
1 4 2 0.833844
2 0 0 0.824943
3 0 0 1.01791

3
1 5 3 0.833642
2 0 0 0.8986
3 0 0 1.04767

5
1 9 1 0.858599
2 11 2827 0.844269
4 0 0 0.911692
5 0 0 0.850479
3 0 0 1.0041

3
1 6 3 0.764181
2 0 0 0.787867
3 0 0 1.01725

3
1 3 2 0.876712
2 0 0 0.909043
3 0 0 1.0428

3
1 2 3 0.82204
2 0 0 0.819674
3 0 0 0.762412

3
1 7 2 0.910331
2 0 0 0.865125
3 0 0 1.01745

3
1 10 1 0.818238
2 0 0 1.0377
3 0 0 0.921657

3
1 1 2 0.769801
2 0 0 0.881451
3 0 0 0.803454

3
1 9 1 0.875594
2 0 0 0.951181
3 0 0 0.988979

1
1 0 0 0.754582

3
1 2 4 0.864653
2 0 0 0.858553
3 0 0 0.812668

3
1 7 3 0.811746
2 0 0 0.78109
3 0 0 1.01832

3
1 1 1 0.898961
2 0 0 1.00962
3 0 0 0.91701

3
1 11 2980 0.928793
2 0 0 1.02834
3 0 0 0.922114

3
1 11 1452 0.82391
2 0 0 0.997357
3 0 0 0.875079

1
1 0 0 0.755579

3
1 1 1 0.838105
2 0 0 1.01698
3 0 0 0.825316

3
1 5 1 0.895685
2 0 0 0.924701
3 0 0 1.02805

7
1 6 3 0.804433
2 10 1 0.847425
4 11 4701 1.0457
8 0 0 1.04608
9 0 0 0.886132
5 0 0 0.791206
3 0 0 1.09109

3
1 11 5382 0.671444
2 0 0 0.683811
3 0 0 0.922775

1
1 0 0 0.823813

3
1 10 1 0.76022
2 0 0 1.06318
3 0 0 0.795046

1
1 0 0 0.753682

1
1 0 0 0.761712

1
1 0 0 0.756207

7
1 4 1 0.911868
2 9 1 0.870696
4 5 2 0.886396
8 0 0 0.861263
9 0 0 0.860167
5 0 0 1.07937
3 0 0 1.0131

3
1 1 1 0.775132
2 0 0 0.971608
3 0 0 0.917849

3
1 1 1 0.842281
2 0 0 0.95091
3 0 0 0.756761

3
1 5 2 0.910659
2 0 0 0.905687
3 0 0 0.860604

3
1 10 1 0.810146
2 0 0 1.06956
3 0 0 0.831571

5
1 3 2 0.87904
2 0 0 0.910422
3 2 1 0.875827
6 0 0 1.01795
7 0 0 0.847463

3
1 1 1 0.920189
2 0 0 0.954565
3 0 0 0.925091

3
1 10 1 0.891453
2 0 0 0.979014
3 0 0 0.715737

3
1 4 2 0.784854
2 0 0 0.661443
3 0 0 1.07865

3
1 10 1 0.828452
2 0 0 1.01495
3 0 0 0.764016

3
1 0 7613 0.838509
2 0 0 0.815376
3 0 0 0.876008

5
1 6 2 0.855564
2 0 0 0.794786
3 0 966 1.02149
6 0 0 1.03547
7 0 0 1.13369

3
1 9 1 0.848566
2 0 0 0.889028
3 0 0 1.09216

3
1 9 1 0.913907
2 0 0 0.78928
3 0 0 0.96373

1
1 0 0 0.860206

3
1 7 3 0.75462
2 0 0 0.952881
3 0 0 0.928251

3
1 1 1 0.861628
2 0 0 1.02794
3 0 0 0.772491

3
1 10 1 0.857712
2 0 0 0.948822
3 0 0 0.802716

3
1 10 1 0.837782
2 0 0 0.925013
3 0 0 0.732838

3
1 1 2 0.824921
2 0 0 0.854784
3 0 0 0.925857

5
1 1 1 0.827471
2 0 0 0.955315
3 6 2 0.826805
6 0 0 0.830015
7 0 0 0.989922

3
1 0 7331 0.915072
2 0 0 0.948255
3 0 0 0.988868

1
1 0 0 0.75199

3
1 10 1 0.914313
2 0 0 1.07608
3 0 0 0.876592

3
1 4 2 0.712719
2 0 0 0.804178
3 0 0 0.942183

3
1 4 3 0.791858
2 0 0 0.694983
3 0 0 0.963766

1
1 0 0 0.852174

3
1 10 1 0.918319
2 0 0 0.995086
3 0 0 0.842885

3
1 9 1 0.858046
2 0 0 0.836297
3 0 0 0.902377

3
1 1 2 0.900719
2 0 0 0.789725
3 0 0 1.04685

3
1 0 829 0.865178
2 0 0 0.87632
3 0 0 0.976198

3
1 5 3 0.817406
2 0 0 0.814148
3 0 0 0.989686

3
1 7 3 0.939001
2 0 0 0.87817
3 0 0 1.01707

3
1 9 1 0.839006
2 0 0 0.838059
3 0 0 0.978213

3
1 7 3 0.885197
2 0 0 0.862402
3 0 0 0.954668

3
1 9 1 0.95593
2 0 0 0.841387
3 0 0 0.999892

5
1 10 1 0.901396
2 0 0 1.0135
3 5 2 0.796443
6 0 0 0.825818
7 0 0 0.978536

5
1 4 2 0.809223
2 0 3722 0.882968
4 0 0 0.781643
5 0 0 1.00556
3 0 0 0.903559

3
1 1 1 0.929276
2 0 0 0.981675
3 0 0 0.946394

9
1 2 3 0.886657
2 9 1 0.938054
4 0 0 1.00544
5 0 0 0.964277
3 11 1296 1.00888
6 0 0 0.959322
7 4 1 0.998577
14 0 0 1.00943
15 0 0 0.90702

1
1 0 0 0.852829

1
1 0 0 0.750824

3
1 5 3 0.858383
2 0 0 0.833122
3 0 0 1.04398

3
1 0 8979 0.854472
2 0 0 0.830455
3 0 0 1.01133

3
1 1 1 0.915132
2 0 0 1.04518
3 0 0 0.886408

5
1 9 1 0.938442
2 0 0 0.828562
3 3 1 0.956405
6 0 0 0.912503
7 0 0 1.16721

3
1 10 1 0.87845
2 0 0 0.892388
3 0 0 0.782655

3
1 10 1 0.97499
2 0 0 0.988146
3 0 0 0.81856

3
1 10 1 0.927725
2 0 0 1.16991
3 0 0 0.769784

3
1 10 1 0.857349
2 0 0 1.08718
3 0 0 0.879756

3
1 9 1 0.834466
2 0 0 0.828957
3 0 0 0.915291

3
1 9 1 0.9323
2 0 0 0.729982
3 0 0 1.08246

3
1 4 3 0.857192
2 0 0 0.845381
3 0 0 0.88011

3
1 0 9120 0.893485
2 0 0 0.910264
3 0 0 0.935317

3
1 9 1 0.867515
2 0 0 0.993102
3 0 0 1.00704

3
1 4 1 0.863054
2 0 0 0.811804
3 0 0 1.00241

3
1 3 2 0.805459
2 0 0 0.795397
3 0 0 0.949534

3
1 0 8427 0.865639
2 0 0 0.865894
3 0 0 0.944744

3
1 1 1 0.895227
2 0 0 0.971114
3 0 0 0.85913

5
1 4 3 0.867668
2 6 3 0.896557
4 0 0 0.875765
5 0 0 0.992117
3 0 0 1.06161

1
1 0 0 0.8924

3
1 0 4256 0.917937
2 0 0 0.789651
3 0 0 0.955371

3
1 1 1 0.823139
2 0 0 1.05534
3 0 0 0.8383

3
1 7 2 0.802671
2 0 0 0.854669
3 0 0 1.07831

3
1 7 3 0.813322
2 0 0 0.783977
3 0 0 1.0628

3
1 1 2 0.990298
2 0 0 0.820083
3 0 0 0.968476

5
1 2 3 0.985441
2 0 0 0.975518
3 4 3 1.01161
6 0 0 0.983918
7 0 0 1.17145

3
1 7 3 0.907998
2 0 0 0.894156
3 0 0 1.06303

3
1 1 2 0.863724
2 0 0 0.89981
3 0 0 0.899449

5
1 1 2 0.825249
2 0 0 0.744626
3 7 2 0.870572
6 0 0 0.926829
7 0 0 1.03689

3
1 6 3 0.878957
2 0 0 0.767794
3 0 0 1.02309

3
1 0 3438 0.914978
2 0 0 0.95313
3 0 0 0.982775

3
1 9 1 0.951741
2 0 0 0.904583
3 0 0 0.949329

3
1 2 3 0.838868
2 0 0 0.762363
3 0 0 0.947544

3
1 5 2 0.852632
2 0 0 0.873388
3 0 0 0.991016

3
1 9 1 0.935099
2 0 0 0.858267
3 0 0 1.00487

3
1 7 3 0.751662
2 0 0 0.89024
3 0 0 0.950966

1
1 0 0 0.810426

5
1 3 1 0.834842
2 6 3 0.872484
4 0 0 0.896537
5 0 0 0.893245
3 0 0 0.875538

3
1 11 2993 0.869257
2 0 0 0.863215
3 0 0 0.730958

5
1 2 4 0.914174
2 5 3 0.944521
4 0 0 0.962405
5 0 0 0.897016
3 0 0 0.955993

5
1 10 1 0.818238
2 0 0 1.06202
3 6 3 0.77746
6 0 0 0.772383
7 0 0 0.913024

5
1 4 1 0.790033
2 0 0 0.803635
3 11 1631 0.926913
6 0 0 1.09088
7 0 0 0.937522

3
1 1 1 0.897837
2 0 0 0.939109
3 0 0 0.810883

3
1 4 2 0.80471
2 0 0 0.7882
3 0 0 0.919132

3
1 1 1 0.860411
2 0 0 0.980315
3 0 0 0.842413

3
1 11 452 0.864996
2 0 0 0.946097
3 0 0 0.893471

3
1 0 9913 0.887344
2 0 0 0.904372
3 0 0 0.995841

3
1 4 1 0.853898
2 0 0 0.863787
3 0 0 0.91902

3
1 6 3 0.746907
2 0 0 0.76454
3 0 0 0.98483

3
1 4 3 0.847079
2 0 0 0.843596
3 0 0 0.911463

3
1 1 1 0.863774
2 0 0 1.09679
3 0 0 0.85033

3
1 4 3 0.851742
2 0 0 0.786762
3 0 0 1.00379

1
1 0 0 0.866954

5
1 9 1 0.876691
2 5 2 0.834275
4 0 0 0.842306
5 0 0 1.00304
3 0 0 0.993211

3
1 4 2 0.806229
2 0 0 0.897762
3 0 0 1.01002

3
1 4 3 0.837025
2 0 0 0.783402
3 0 0 1.07933

5
1 10 1 0.870201
2 0 7557 1.03064
4 0 0 1.06027
5 0 0 1.01547
3 0 0 0.78548

3
1 0 7239 0.886446
2 0 0 0.893327
3 0 0 1.06085

1
1 0 0 0.771154

3
1 2 2 0.879546
2 0 0 0.829973
3 0 0 0.983114

3
1 4 3 0.710039
2 0 0 0.703803
3 0 0 1.03475

3
1 3 3 0.759607
2 0 0 0.742563
3 0 0 1.01328

3
1 3 3 0.818766
2 0 0 0.802869
3 0 0 0.887257

3
1 0 2794 0.915119
2 0 0 0.845476
3 0 0 0.904044

5
1 2 1 0.856051
2 7 2 0.787315
4 0 0 0.924455
5 0 0 0.957414
3 0 0 0.93037

3
1 5 2 0.873672
2 0 0 0.836371
3 0 0 0.997968

3
1 10 1 0.891453
2 0 0 1.01708
3 0 0 0.869287

3
1 5 2 0.862173
2 0 0 0.960756
3 0 0 1.09476

5
1 10 1 0.828452
2 7 1 1.0235
4 0 0 0.964851
5 0 0 1.03517
3 0 0 0.76274

1
1 0 0 0.741839

3
1 1 1 0.848403
2 0 0 1.08812
3 0 0 0.748196

3
1 10 1 0.88732
2 0 0 1.0014
3 0 0 0.900099

3
1 0 5836 0.878684
2 0 0 0.874535
3 0 0 0.986011

1
1 0 0 0.772494

3
1 3 3 0.859943
2 0 0 0.862495
3 0 0 0.87978

3
1 0 3624 0.850324
2 0 0 0.807669
3 0 0 0.891026

3
1 10 1 0.857712
2 0 0 1.01536
3 0 0 0.69524

1
1 0 0 0.780796

5
1 4 1 0.948396
2 3 3 0.877138
4 0 0 0.875539
5 0 0 1.0853
3 0 0 0.956357

5
1 1 1 0.904614
2 2 3 0.999994
4 0 0 1.1287
5 0 0 0.979791
3 0 0 0.815793

3
1 7 3 0.692901
2 0 0 0.874455
3 0 0 1.04189

3
1 10 1 0.915338
2 0 0 0.87616
3 0 0 0.736813

3
1 9 1 0.946709
2 0 0 0.740044
3 0 0 1.04051

3
1 5 1 0.946973
2 0 0 0.971275
3 0 0 0.903629

3
1 9 1 0.879564
2 0 0 0.887629
3 0 0 1.02073

3
1 7 3 0.767557
2 0 0 0.797898
3 0 0 0.95564

3
1 10 1 0.918319
2 0 0 0.903148
3 0 0 0.675522

3
1 6 3 0.848761
2 0 0 0.875561
3 0 0 0.866187

3
1 11 1842 0.916361
2 0 0 1.08942
3 0 0 0.876851

3
1 10 1 0.93752
2 0 0 1.00545
3 0 0 0.807746

3
1 10 1 0.852364
2 0 0 1.04793
3 0 0 0.69947

5
1 10 1 0.836881
2 2 2 1.02799
4 0 0 1.04117
5 0 0 0.908953
3 0 0 0.833449

3
1 9 1 0.839006
2 0 0 0.836822
3 0 0 1.14686

3
1 7 3 0.872894
2 0 0 0.830516
3 0 0 0.942825

3
1 9 1 0.95593
2 0 0 0.703106
3 0 0 0.960278

3
1 10 1 0.901396
2 0 0 0.998586
3 0 0 0.764388

3
1 0 311 0.899764
2 0 0 0.869518
3 0 0 0.906481

3
1 0 6972 0.961961
2 0 0 0.887102
3 0 0 0.900349

3
1 7 2 0.830291
2 0 0 0.949191
3 0 0 0.925021

5
1 10 1 0.980486
2 0 0 0.980047
3 11 2079 0.836705
6 0 0 0.78071
7 0 0 0.888944

3
1 10 1 0.895855
2 0 0 0.890572
3 0 0 0.743985

3
1 10 1 0.92655
2 0 0 1.19978
3 0 0 0.77769

3
1 9 1 0.90224
2 0 0 0.831364
3 0 0 1.03402

3
1 11 2884 0.913308
2 0 0 0.979441
3 0 0 0.916907

3
1 1 2 0.939818
2 0 0 0.783174
3 0 0 0.951119

3
1 6 2 0.892399
2 0 0 0.922374
3 0 0 1.02085

3
1 6 2 0.854083
2 0 0 0.812119
3 0 0 1.04955

3
1 1 1 0.844069
2 0 0 0.832364
3 0 0 0.837179

3
1 3 1 0.81319
2 0 0 0.903237
3 0 0 1.0337

3
1 10 1 0.906576
2 0 0 0.941694
3 0 0 0.796398

3
1 5 3 0.767627
2 0 0 0.889361
3 0 0 1.02453

3
1 1 2 0.881724
2 0 0 0.862277
3 0 0 0.931899

3
1 6 2 0.826466
2 0 0 0.847164
3 0 0 0.960013

1
1 0 0 0.852883

7
1 1 2 0.909886
2 0 0 0.818888
3 2 2 0.974128
6 6 1 0.937568
12 0 0 1.09332
13 0 0 0.853443
7 0 0 0.856627

3
1 9 1 0.934599
2 0 0 0.89811
3 0 0 1.01284

5
1 9 1 0.887552
2 0 0 0.888478
3 0 9025 1.02278
6 0 0 0.995081
7 0 0 1.11034

3
1 10 1 0.858642
2 0 0 0.931583
3 0 0 0.864089

3
1 10 1 0.824637
2 0 0 0.967849
3 0 0 0.840501

3
1 9 1 0.927894
2 0 0 0.859331
3 0 0 0.909478

3
1 2 3 0.898996
2 0 0 0.881492
3 0 0 0.90019

5
1 2 1 0.84484
2 0 0 0.88154
3 7 1 0.902901
6 0 0 0.846271
7 0 0 0.994107

7
1 4 2 0.934265
2 0 0 0.82051
3 11 1558 0.924068
6 4 3 1.06336
12 0 0 0.930474
13 0 0 0.896414
7 0 0 0.923307

3
1 4 3 0.830866
2 0 0 0.942881
3 0 0 0.918327

3
1 7 3 0.890107
2 0 0 0.816474
3 0 0 1.126

3
1 6 2 0.815208
2 0 0 0.853448
3 0 0 0.98019

5
1 1 1 0.859588
2 0 0 1.01003
3 4 2 0.892591
6 0 0 0.890857
7 0 0 1.13589

1
1 0 0 0.822771

1
1 0 0 0.774094

3
1 1 2 0.95024
2 0 0 0.970177
3 0 0 0.949956

3
1 11 5260 0.840909
2 0 0 0.839746
3 0 0 0.809426

5
1 1 2 0.948469
2 1 1 0.850356
4 0 0 0.971002
5 0 0 0.826122
3 0 0 0.995016

3
1 0 4483 0.90116
2 0 0 0.819942
3 0 0 0.99291

1
1 0 0 0.800135

7
1 9 1 0.877074
2 11 4491 0.953474
4 0 0 0.94613
5 0 0 0.818304
3 0 9587 1.12065
6 0 0 1.09528
7 0 0 1.09323

3
1 11 3184 0.879708
2 0 0 0.941408
3 0 0 0.831587

3
1 0 8329 0.864482
2 0 0 0.800973
3 0 0 1.05108

3
1 9 1 0.825385
2 0 0 0.860219
3 0 0 1.04924

3
1 3 2 0.925088
2 0 0 0.877101
3 0 0 1.00212

1
1 0 0 0.772739

1
1 0 0 0.872819

1
1 0 0 0.800078

5
1 1 1 0.866592
2 0 0 1.10792
3 4 3 0.838093
6 0 0 0.838488
7 0 0 1.03308

3
1 4 3 0.940664
2 0 0 0.954112
3 0 0 1.05482

3
1 10 1 0.856371
2 0 0 0.935272
3 0 0 0.808796

1
1 0 0 0.852088

3
1 5 2 0.836854
2 0 0 0.841434
3 0 0 0.992682

1
1 0 0 0.881244

3
1 7 3 0.871499
2 0 0 0.85092
3 0 0 0.960609

3
1 10 1 0.921002
2 0 0 0.950892
3 0 0 0.875912

5
1 1 1 0.863774
2 2 2 0.993342
4 0 0 1.06984
5 0 0 1.01722
3 0 0 0.824971

3
1 7 3 0.82515
2 0 0 0.815258
3 0 0 0.963531

3
1 3 2 0.823457
2 0 0 0.878192
3 0 0 1.03419

3
1 4 1 0.846505
2 0 0 0.830328
3 0 0 0.845873

3
1 1 2 0.890399
2 0 0 0.823872
3 0 0 1.04686

1
1 0 0 0.855751

1
1 0 0 0.858023

1
1 0 0 0.884027

3
1 10 1 0.845919
2 0 0 0.991866
3 0 0 0.815004

7
1 2 3 0.847095
2 0 0 0.906159
3 2 4 1.01625
6 0 0 0.86196
7 4 2 0.982201
14 0 0 0.968124
15 0 0 1.05392

1
1 0 0 0.745032

5
1 0 38 1.0135
2 0 0 0.773559
3 5 3 0.999187
6 0 0 0.970593
7 0 0 1.19154

3
1 6 2 0.793105
2 0 0 0.870453
3 0 0 0.929965

3
1 4 3 0.733209
2 0 0 0.811877
3 0 0 1.04853

3
1 1 2 0.873516
2 0 0 0.871953
3 0 0 0.963795

3
1 4 2 0.861549
2 0 0 0.881707
3 0 0 1.02113

1
1 0 0 0.701692

3
1 1 2 0.821526
2 0 0 0.846958
3 0 0 0.93373

5
1 10 1 0.828452
2 3 1 1.06936
4 0 0 1.04553
5 0 0 1.06469
3 0 0 0.773896

3
1 6 3 0.782657
2 0 0 0.691944
3 0 0 1.00025

7
1 1 1 0.848403
2 0 0 1.09221
3 4 2 0.888957
6 0 0 0.701993
7 2 4 1.01098
14 0 0 0.952554
15 0 0 0.931469

3
1 10 1 0.88732
2 0 0 0.937133
3 0 0 0.862222

3
1 1 1 0.804932
2 0 0 1.02685
3 0 0 0.94062

3
1 10 1 0.848349
2 0 0 0.891888
3 0 0 0.777422

1
1 0 0 0.907415

3
1 0 3777 0.844991
2 0 0 0.832487
3 0 0 0.951101

1
1 0 0 0.833192

3
1 7 1 0.894976
2 0 0 0.82029
3 0 0 0.906547

3
1 11 3064 0.849069
2 0 0 0.893203
3 0 0 0.881267

3
1 5 2 0.881158
2 0 0 0.778144
3 0 0 0.932559

3
1 5 3 0.744345
2 0 0 0.786358
3 0 0 1.07661

3
1 10 1 0.915338
2 0 0 1.00403
3 0 0 0.847119

3
1 6 2 0.790337
2 0 0 0.802735
3 0 0 1.0253

3
1 4 1 0.898507
2 0 0 0.82542
3 0 0 0.956872

3
1 1 1 0.831977
2 0 0 0.965683
3 0 0 0.735655

5
1 11 2926 0.912124
2 10 1 0.96267
4 0 0 1.15768
5 0 0 0.955474
3 0 0 0.836327

3
1 10 1 0.918319
2 0 0 0.987726
3 0 0 0.78948

3
1 10 1 0.852958
2 0 0 1.00834
3 0 0 0.811259

3
1 5 3 0.769395
2 0 0 0.778686
3 0 0 0.960381

3
1 10 1 0.93752
2 0 0 0.97957
3 0 0 0.796142

3
1 7 3 0.650185
2 0 0 0.671256
3 0 0 1.05365

3
1 10 1 0.836881
2 0 0 0.931695
3 0 0 0.81423

3
1 0 3014 0.9274
2 0 0 0.944945
3 0 0 0.899082

3
1 11 1498 0.867064
2 0 0 1.1005
3 0 0 0.890768

3
1 7 3 0.790166
2 0 0 0.892471
3 0 0 0.994613

3
1 3 3 0.80958
2 0 0 0.788426
3 0 0 1.01137

3
1 1 1 0.899893
2 0 0 1.12288
3 0 0 0.956137

3
1 1 1 0.842224
2 0 0 1.03225
3 0 0 0.751058

3
1 5 3 0.941703
2 0 0 0.891978
3 0 0 1.01783

3
1 0 9550 0.848005
2 0 0 0.867374
3 0 0 0.850042

1
1 0 0 0.765668

1
1 0 0 0.853904

3
1 9 1 0.90224
2 0 0 0.74728
3 0 0 1.09328

3
1 10 1 0.867076
2 0 0 1.02907
3 0 0 0.864845

3
1 1 2 0.93043
2 0 0 0.895213
3 0 0 0.920257

3
1 4 1 0.986268
2 0 0 0.84793
3 0 0 1.00397

3
1 0 5326 0.898233
2 0 0 0.894014
3 0 0 1.04772

1
1 0 0 0.738128

3
1 3 3 0.940035
2 0 0 0.939596
3 0 0 1.03803

3
1 10 1 0.906576
2 0 0 1.00755
3 0 0 0.830192

3
1 10 1 0.850365
2 0 0 1.06963
3 0 0 0.868063

1
1 0 0 0.886299

1
1 0 0 0.743692

3
1 0 4222 0.878163
2 0 0 0.900395
3 0 0 0.913656

5
1 1 2 0.960513
2 0 0 0.698505
3 5 2 0.991602
6 0 0 0.985919
7 0 0 0.994449

3
1 10 1 0.945565
2 0 0 1.19489
3 0 0 0.889226

3
1 4 2 0.853264
2 0 0 0.886169
3 0 0 1.03923

1
1 0 0 0.856236

5
1 10 1 0.824637
2 0 0 1.12289
3 7 1 0.938263
6 0 0 0.865622
7 0 0 0.976978

1
1 0 0 0.825365

1
1 0 0 0.858607

3
1 9 1 0.887469
2 0 0 0.756102
3 0 0 1.02186

3
1 9 1 0.851979
2 0 0 0.915834
3 0 0 0.871527

3
1 10 1 0.942155
2 0 0 0.985853
3 0 0 0.835071

3
1 0 2378 0.871774
2 0 0 0.88413
3 0 0 1.07752

3
1 1 2 0.830479
2 0 0 0.787662
3 0 0 0.971943

3
1 6 2 0.907619
2 0 0 0.851441
3 0 0 1.10136

3
1 4 3 0.770141
2 0 0 0.801653
3 0 0 1.14078

7
1 1 1 0.918182
2 4 1 0.933917
4 0 8477 1.00046
8 0 0 0.932556
9 0 0 1.03574
5 0 0 1.01857
3 0 0 0.867096

3
1 3 2 0.804093
2 0 0 0.840827
3 0 0 0.921843

5
1 7 1 0.89124
2 0 0 0.918857
3 1 2 1.00241
6 0 0 0.941374
7 0 0 1.02474

3
1 1 2 0.948469
2 0 0 0.774066
3 0 0 1.07224

5
1 3 1 0.887006
2 0 0 0.878456
3 3 2 1.07834
6 0 0 1.07985
7 0 0 0.934052

3
1 0 4536 0.907201
2 0 0 0.870677
3 0 0 0.991872

3
1 9 1 0.877074
2 0 0 0.816694
3 0 0 1.05943

3
1 5 2 0.846552
2 0 0 0.86879
3 0 0 0.98471

3
1 4 2 0.833205
2 0 0 0.816301
3 0 0 0.98176

3
1 0 6710 0.85239
2 0 0 0.821916
3 0 0 0.964808

3
1 1 1 0.914702
2 0 0 0.97173
3 0 0 0.773059

3
1 1 2 0.811447
2 0 0 0.783627
3 0 0 0.989973

1
1 0 0 0.82322

3
1 2 2 0.884572
2 0 0 0.957559
3 0 0 0.935032

3
1 10 1 0.84128
2 0 0 0.969233
3 0 0 0.937156

1
1 0 0 0.816574

5
1 7 1 0.85945
2 0 0 0.88052
3 2 4 0.970146
6 0 0 1.00201
7 0 0 0.976075

3
1 3 2 0.87777
2 0 0 0.799083
3 0 0 0.937306

3
1 9 1 0.97839
2 0 0 0.760994
3 0 0 0.968696

5
1 3 1 0.941743
2 0 0 0.870219
3 11 3188 0.987879
6 0 0 1.08488
7 0 0 0.994302

3
1 0 1578 1.0219
2 0 0 0.876289
3 0 0 1.0585

5
1 10 1 0.921002
2 0 0 1.01908
3 4 1 0.892183
6 0 0 0.802678
7 0 0 0.985488

3
1 10 1 0.895926
2 0 0 0.92077
3 0 0 0.833011

3
1 5 2 0.900805
2 0 0 0.868806
3 0 0 1.04146

1
1 0 0 0.84308

3
1 7 3 0.743742
2 0 0 0.781732
3 0 0 1.04573

3
1 11 3967 0.979005
2 0 0 0.869531
3 0 0 0.961919

3
1 9 1 0.93074
2 0 0 0.895604
3 0 0 0.932281

3
1 3 1 0.940346
2 0 0 0.96121
3 0 0 0.948313

3
1 3 3 0.841012
2 0 0 0.922166
3 0 0 1.05849

1
1 0 0 0.810048

7
1 4 2 0.839858
2 1 2 0.831361
4 0 0 0.754349
5 0 0 0.961757
3 2 3 1.10448
6 0 0 1.0361
7 0 0 1.14069

3
1 0 9210 0.803589
2 0 0 0.814387
3 0 0 1.11644

3
1 9 1 0.867942
2 0 0 0.898617
3 0 0 1.02803

3
1 7 2 0.855523
2 0 0 0.695893
3 0 0 0.904309

3
1 2 4 0.816905
2 0 0 0.896071
3 0 0 1.08113

3
1 9 1 0.950486
2 0 0 0.764906
3 0 0 1.00174

3
1 5 1 0.863059
2 0 0 0.956774
3 0 0 0.954428

3
1 1 1 0.791637
2 0 0 1.04743
3 0 0 0.824466

5
1 1 1 0.938523
2 0 0 0.934892
3 6 3 0.800363
6 0 0 0.757399
7 0 0 1.07811

3
1 9 1 0.764037
2 0 0 0.812813
3 0 0 0.956711

3
1 4 3 0.722153
2 0 0 0.725666
3 0 0 0.957131

3
1 10 1 0.840949
2 0 0 0.955696
3 0 0 0.808759

1
1 0 0 0.91637

3
1 1 1 0.804932
2 0 0 1.05864
3 0 0 0.820435

9
1 10 1 0.848349
2 2 1 1.09199
4 0 0 0.913716
5 11 2385 0.976377
10 0 0 0.976888
11 0 0 0.964147
3 7 2 0.819942
6 0 0 0.781188
7 0 0 0.926554

1
1 0 0 0.758265

1
1 0 0 0.786381

3
1 4 3 0.763149
2 0 0 0.81094
3 0 0 0.992022

3
1 5 3 0.815268
2 0 0 0.794668
3 0 0 0.938937

3
1 10 1 0.943603
2 0 0 1.12092
3 0 0 0.803022

3
1 4 3 0.827797
2 0 0 0.816362
3 0 0 0.904297

3
1 6 1 0.987772
2 0 0 0.908391
3 0 0 0.92459

3
1 4 3 0.867825
2 0 0 0.81268
3 0 0 1.12402

5
1 0 873 0.932832
2 4 2 0.924659
4 0 0 0.989436
5 0 0 1.099
3 0 0 0.94732

1
1 0 0 0.739749

3
1 3 1 0.808617
2 0 0 0.959623
3 0 0 1.02278

3
1 3 3 0.782683
2 0 0 0.731884
3 0 0 0.990201

3
1 10 1 0.918319
2 0 0 0.972962
3 0 0 0.810369

3
1 10 1 0.852958
2 0 0 0.993209
3 0 0 0.810677

5
1 4 3 0.96569
2 0 2323 1.02666
4 0 0 1.00211
5 0 0 1.00472
3 0 0 0.940683

3
1 10 1 0.93752
2 0 0 1.09142
3 0 0 0.783641

5
1 1 1 0.87173
2 0 7502 1.04086
4 0 0 0.998067
5 0 0 0.980422
3 0 0 0.864556

3
1 6 3 0.730592
2 0 0 0.734348
3 0 0 1.00237

3
1 11 781 0.887289
2 0 0 1.01943
3 0 0 0.935459

3
1 7 3 0.694244
2 0 0 0.706739
3 0 0 1.02594

1
1 0 0 0.800783

3
1 5 3 0.823978
2 0 0 0.842802
3 0 0 0.963788

3
1 1 2 0.846166
2 0 0 0.681835
3 0 0 0.966635

3
1 1 1 0.842224
2 0 0 1.00434
3 0 0 0.802714

3
1 1 1 0.867042
2 0 0 1.0853
3 0 0 0.84645

3
1 10 1 0.885914
2 0 0 1.14935
3 0 0 0.801146

1
1 0 0 0.856062

3
1 0 9878 0.820838
2 0 0 0.886285
3 0 0 0.973535

3
1 4 3 0.847007
2 0 0 0.752352
3 0 0 0.903764

3
1 10 1 0.867076
2 0 0 0.954188
3 0 0 0.841938

3
1 11 2638 0.914511
2 0 0 0.975292
3 0 0 0.840099

3
1 1 1 0.963568
2 0 0 1.04809
3 0 0 0.844479

5
1 4 1 0.851163
2 9 1 0.870956
4 0 0 0.853213
5 0 0 0.972799
3 0 0 0.969027

3
1 5 3 0.819537
2 0 0 0.843541
3 0 0 1.04321

3
1 1 1 0.866469
2 0 0 0.958785
3 0 0 0.842409

3
1 3 3 0.837806
2 0 0 0.90142
3 0 0 0.930064

3
1 6 2 0.777354
2 0 0 0.75475
3 0 0 1.01609

3
1 5 2 0.800667
2 0 0 0.865272
3 0 0 1.0183

1
1 0 0 0.828216

3
1 10 1 0.86298
2 0 0 1.09797
3 0 0 0.75497

1
1 0 0 0.917193

3
1 10 1 0.945565
2 0 0 0.964123
3 0 0 0.873906

5
1 10 1 0.880769
2 4 1 1.0819
4 0 0 1.10211
5 0 0 1.05879
3 0 0 0.914402

5
1 11 425 0.901388
2 1 2 1.09008
4 0 0 0.894545
5 0 0 1.00072
3 0 0 0.910907

3
1 4 2 0.885681
2 0 0 0.845428
3 0 0 0.919856

5
1 11 938 0.863889
2 6 1 1.03538
4 0 0 1.03931
5 0 0 1.00407
3 0 0 0.976984

3
1 3 2 0.805649
2 0 0 0.859383
3 0 0 0.999547

3
1 9 1 0.887469
2 0 0 0.810779
3 0 0 0.888193

5
1 10 1 0.907038
2 2 2 0.901199
4 0 0 0.981236
5 0 0 0.846737
3 0 0 0.709109

3
1 0 3978 0.875739
2 0 0 0.754378
3 0 0 0.985942

3
1 0 2378 0.871774
2 0 0 0.877639
3 0 0 0.979424

3
1 4 1 0.934212
2 0 0 0.847365
3 0 0 0.974483

5
1 0 4064 0.919016
2 4 1 0.89685
4 0 0 0.890585
5 0 0 1.02188
3 0 0 0.972379

3
1 4 2 0.761799
2 0 0 0.742389
3 0 0 0.946708

3
1 1 1 0.918182
2 0 0 0.996163
3 0 0 0.837493

5
1 6 2 0.808741
2 0 0 0.843045
3 9 1 0.899305
6 0 0 0.989952
7 0 0 0.871041

3
1 1 2 0.858421
2 0 0 0.785965
3 0 0 0.973654

3
1 9 1 0.864937
2 0 0 0.921955
3 0 0 1.05051

3
1 1 1 0.876357
2 0 0 1.06691
3 0 0 0.850451

1
1 0 0 0.872586

3
1 5 3 0.781996
2 0 0 0.789071
3 0 0 1.07456

3
1 3 2 0.926679
2 0 0 0.88776
3 0 0 0.91859

3
1 1 1 0.911642
2 0 0 1.00312
3 0 0 0.733307

7
1 0 6710 0.85239
2 0 6372 0.819802
4 0 4791 0.782208
8 0 0 0.839829
9 0 0 1.0352
5 0 0 1.10285
3 0 0 1.04807

1
1 0 0 0.80235

3
1 1 2 0.811447
2 0 0 0.774509
3 0 0 1.08492

5
1 9 1 0.814298
2 11 4166 0.935225
4 0 0 0.936901
5 0 0 0.903556
3 0 0 1.03252

3
1 10 1 0.907662
2 0 0 0.996382
3 0 0 0.881767

3
1 11 4339 0.914807
2 0 0 0.90716
3 0 0 0.932354

3
1 1 2 0.891022
2 0 0 0.79155
3 0 0 0.88628

3
1 2 4 0.868421
2 0 0 0.870641
3 0 0 1.05258

3
1 10 1 0.938585
2 0 0 1.10001
3 0 0 0.80472

3
1 9 1 0.97839
2 0 0 0.847439
3 0 0 1.16064

5
1 9 1 0.824151
2 0 0 0.888564
3 6 2 0.918298
6 0 0 0.971133
7 0 0 0.957085

3
1 9 1 0.893527
2 0 0 0.764149
3 0 0 1.00319

5
1 10 1 0.921002
2 2 2 1.04982
4 0 0 1.0645
5 0 0 0.950088
3 0 0 0.817244

3
1 9 1 0.832063
2 0 0 0.937012
3 0 0 0.975779

5
1 9 1 0.823383
2 0 0 0.773363
3 3 3 1.01816
6 0 0 1.04888
7 0 0 0.975984

3
1 10 1 0.940791
2 0 0 1.05926
3 0 0 0.85485

3
1 4 3 0.851105
2 0 0 0.93768
3 0 0 0.974782

5
1 10 1 0.875582
2 2 3 1.0381
4 0 0 1.00957
5 0 0 1.01192
3 0 0 0.880181

3
1 9 1 0.93074
2 0 0 0.843914
3 0 0 0.899402

3
1 4 1 0.831631
2 0 0 0.85184
3 0 0 1.01438

3
1 5 1 0.881044
2 0 0 0.942918
3 0 0 0.868981

1
1 0 0 0.705728

3
1 4 3 0.875556
2 0 0 0.912935
3 0 0 0.945249

5
1 10 1 0.951521
2 0 0 0.984093
3 0 2386 0.881443
6 0 0 0.960603
7 0 0 0.982212

3
1 5 3 0.882781
2 0 0 0.872294
3 0 0 1.03415

1
1 0 0 0.892167

3
1 0 2847 0.84643
2 0 0 0.793595
3 0 0 0.980454

3
1 7 3 0.774303
2 0 0 0.752647
3 0 0 1.05593

3
1 4 2 0.863837
2 0 0 0.839882
3 0 0 0.996318

3
1 3 1 0.865279
2 0 0 0.871217
3 0 0 0.99797

3
1 3 3 0.801904
2 0 0 0.779344
3 0 0 1.03851

5
1 5 2 0.828893
2 0 520 1.03565
4 0 0 0.790988
5 0 0 1.03713
3 0 0 1.00127

3
1 7 3 0.793548
2 0 0 0.752543
3 0 0 1.05445

3
1 7 2 0.869714
2 0 0 0.851507
3 0 0 0.961519

3
1 1 2 0.845092
2 0 0 0.794302
3 0 0 1.04677

3
1 4 2 0.784387
2 0 0 0.803785
3 0 0 0.964714

3
1 10 1 0.848349
2 0 0 1.00496
3 0 0 0.783606

3
1 6 2 0.901537
2 0 0 0.870125
3 0 0 1.13799

3
1 5 3 0.820268
2 0 0 0.921323
3 0 0 1.01244

3
1 9 1 0.840684
2 0 0 0.745933
3 0 0 0.913398

5
1 4 2 0.797444
2 0 4654 0.792958
4 0 0 0.728225
5 0 0 0.934399
3 0 0 1.00157

3
1 10 1 0.943603
2 0 0 1.00552
3 0 0 0.76083

3
1 5 2 0.845703
2 0 0 0.715914
3 0 0 0.865543

1
1 0 0 0.864032

1
1 0 0 0.912813

3
1 10 1 0.921014
2 0 0 0.965622
3 0 0 0.731555

1
1 0 0 0.763953

1
1 0 0 0.800365

1
1 0 0 0.79727

3
1 10 1 0.918319
2 0 0 1.13952
3 0 0 0.939334

3
1 10 1 0.852958
2 0 0 0.990176
3 0 0 0.863417

3
1 5 3 0.792374
2 0 0 0.769226
3 0 0 1.14303

3
1 10 1 0.850913
2 0 0 0.988779
3 0 0 0.893919

3
1 1 2 0.950096
2 0 0 0.815923
3 0 0 0.984263

3
1 4 1 0.851149
2 0 0 0.901105
3 0 0 0.861184

3
1 5 3 0.772195
2 0 0 0.779679
3 0 0 1.06925

3
1 10 1 0.818829
2 0 0 0.987456
3 0 0 0.764108

3
1 3 2 0.779584
2 0 0 0.737324
3 0 0 0.95554

3
1 11 1442 0.882284
2 0 0 1.10151
3 0 0 0.92617

1
1 0 0 0.768622

5
1 5 2 0.795067
2 0 0 0.789936
3 0 5888 0.914631
6 0 0 1.03832
7 0 0 0.961376

3
1 4 3 0.793947
2 0 0 0.785008
3 0 0 0.923

3
1 10 1 0.885914
2 0 0 1.03686
3 0 0 0.783876

5
1 9 1 0.903489
2 0 0 0.875459
3 5 2 0.970808
6 0 0 1.07908
7 0 0 0.943367

3
1 5 2 0.88162
2 0 0 0.843318
3 0 0 1.06665

3
1 6 3 0.826465
2 0 0 0.900113
3 0 0 0.90286

3
1 10 1 0.867076
2 0 0 0.977466
3 0 0 0.808324

3
1 10 1 0.861433
2 0 0 0.951945
3 0 0 0.818738

3
1 1 1 0.963568
2 0 0 1.05986
3 0 0 0.829726

3
1 6 3 0.780609
2 0 0 0.78967
3 0 0 0.990397

3
1 1 1 0.870771
2 0 0 0.965239
3 0 0 0.789403

3
1 7 2 0.89388
2 0 0 0.899942
3 0 0 0.995035

3
1 10 1 0.882924
2 0 0 0.894548
3 0 0 0.83381

1
1 0 0 0.809532

3
1 1 1 0.883878
2 0 0 1.083
3 0 0 0.845756

3
1 3 3 0.896461
2 0 0 0.847589
3 0 0 1.00597

1
1 0 0 0.859725

5
1 4 2 0.913005
2 4 1 0.895577
4 0 0 0.898335
5 0 0 0.927152
3 0 0 0.990083

1
1 0 0 0.830912

3
1 10 1 0.880769
2 0 0 0.923564
3 0 0 0.796843

5
1 9 1 0.936264
2 6 1 0.901961
4 0 0 0.920576
5 0 0 0.898869
3 0 0 0.900791

3
1 10 1 0.939939
2 0 0 1.04043
3 0 0 0.838874

3
1 11 2503 0.892093
2 0 0 0.991689
3 0 0 0.845367

3
1 10 1 0.959774
2 0 0 1.0776
3 0 0 0.814059

3
1 3 1 0.901179
2 0 0 0.869418
3 0 0 0.966121

5
1 10 1 0.907038
2 0 0 0.998639
3 7 3 0.693509
6 0 0 0.711746
7 0 0 0.940881

1
1 0 0 0.794269

3
1 4 1 0.852792
2 0 0 0.843596
3 0 0 0.868595

3
1 5 3 0.88643
2 0 0 1.06675
3 0 0 1.03788

3
1 0 4064 0.919016
2 0 0 0.78549
3 0 0 1.10088

5
1 1 1 0.894399
2 11 3907 0.949346
4 0 0 1.03314
5 0 0 0.975927
3 0 0 0.761007

3
1 1 1 0.918182
2 0 0 0.960446
3 0 0 0.850487

7
1 2 1 0.88928
2 7 2 0.937655
4 0 7064 0.929136
8 0 0 0.823886
9 0 0 1.0454
5 0 0 0.988799
3 0 0 1.00011

1
1 0 0 0.768822

3
1 9 1 0.864937
2 0 0 0.994817
3 0 0 0.977788

3
1 1 1 0.876357
2 0 0 0.972476
3 0 0 0.85413

1
1 0 0 0.772387

3
1 11 2670 0.863198
2 0 0 1.05233
3 0 0 0.899221

5
1 5 3 0.816716
2 0 0 0.887574
3 11 865 0.876012
6 0 0 0.979006
7 0 0 1.00669

3
1 4 2 0.784772
2 0 0 0.703934
3 0 0 0.96986

3
1 1 2 0.976429
2 0 0 0.722955
3 0 0 0.881118

3
1 4 1 0.921868
2 0 0 0.837533
3 0 0 1.01034

1
1 0 0 0.929648

3
1 1 2 0.828796
2 0 0 0.716692
3 0 0 1.16798

3
1 0 9558 0.855504
2 0 0 0.88819
3 0 0 0.920286

3
1 6 2 0.910368
2 0 0 0.775529
3 0 0 0.953535

7
1 11 179 0.914052
2 0 0 0.957414
3 10 1 0.903907
6 0 9596 0.991255
12 0 0 1.06331
13 0 0 1.00905
7 0 0 0.756344

3
1 4 2 0.775315
2 0 0 0.796177
3 0 0 0.96553

1
1 0 0 0.853036

5
1 9 1 0.97839
2 0 0 0.844192
3 6 2 0.94783
6 0 0 1.0536
7 0 0 1.0605

1
1 0 0 0.835338

3
1 4 2 0.938999
2 0 0 0.949832
3 0 0 1.08615

3
1 5 3 0.898895
2 0 0 0.904419
3 0 0 1.10522

3
1 2 2 0.855022
2 0 0 0.884936
3 0 0 0.838479

3
1 1 1 0.928169
2 0 0 0.974296
3 0 0 0.808177

1
1 0 0 0.766968

5
1 2 3 0.881039
2 0 0 0.954282
3 11 3386 0.923934
6 0 0 1.06151
7 0 0 0.909187

3
1 10 1 0.875582
2 0 0 1.01009
3 0 0 0.908175

3
1 0 3527 0.922193
2 0 0 0.902927
3 0 0 0.938435

3
1 6 2 0.896709
2 0 0 0.909575
3 0 0 1.03735

3
1 3 3 0.750025
2 0 0 0.941079
3 0 0 0.919662

1
1 0 0 0.792923

3
1 10 1 0.822474
2 0 0 0.994767
3 0 0 0.828835

3
1 10 1 0.863739
2 0 0 1.16858
3 0 0 0.820795

3
1 2 2 0.832834
2 0 0 0.932214
3 0 0 0.750164

3
1 4 2 0.94046
2 0 0 0.856641
3 0 0 1.04197

3
1 9 1 0.884478
2 0 0 0.86925
3 0 0 1.01485

3
1 9 1 0.918646
2 0 0 0.807789
3 0 0 1.04359

9
1 10 1 0.911386
2 0 7944 0.940849
4 0 0 1.05442
5 0 8865 1.01794
10 0 0 1.05081
11 6 1 1.00019
22 0 0 0.956322
23 0 0 0.99362
3 0 0 0.837287

1
1 0 0 0.970946

1
1 0 0 0.779039

3
1 3 1 0.860245
2 0 0 0.87963
3 0 0 0.950379

1
1 0 0 0.84522

3
1 5 3 0.669681
2 0 0 0.727993
3 0 0 0.90879

3
1 5 3 0.835035
2 0 0 0.738615
3 0 0 1.01166

3
1 9 1 0.984703
2 0 0 0.798683
3 0 0 1.0804

3
1 0 9425 0.822614
2 0 0 0.803354
3 0 0 1.06236

3
1 0 3281 0.883394
2 0 0 0.913611
3 0 0 1.02946

1
1 0 0 0.864671

5
1 6 2 0.829507
2 4 3 0.82363
4 0 0 0.863681
5 0 0 0.965659
3 0 0 0.980128

5
1 6 2 0.920468
2 9 1 0.909548
4 0 0 0.788806
5 0 0 1.05368
3 0 0 1.02045

3
1 10 1 0.929219
2 0 0 1.0736
3 0 0 0.777985

3
1 4 1 0.819963
2 0 0 0.836925
3 0 0 0.881213

5
1 4 1 0.852781
2 0 0 0.869575
3 11 3110 0.94846
6 0 0 1.06704
7 0 0 0.921217

3
1 5 2 0.824725
2 0 0 0.895523
3 0 0 1.1458

3
1 10 1 0.921014
2 0 0 1.08679
3 0 0 0.714039

3
1 5 3 0.764564
2 0 0 0.83134
3 0 0 0.825902

3
1 5 3 0.723881
2 0 0 0.735172
3 0 0 0.962167

3
1 2 3 0.903618
2 0 0 0.829174
3 0 0 0.902541

1
1 0 0 0.798862

1
1 0 0 0.807547

7
1 0 1725 0.93131
2 6 1 0.889994
4 0 0 0.930415
5 0 0 0.947248
3 10 1 1.01031
6 0 0 0.906922
7 0 0 1.0339

3
1 2 2 0.880197
2 0 0 0.91309
3 0 0 0.888622

3
1 1 2 0.950096
2 0 0 0.883544
3 0 0 0.938649

1
1 0 0 0.787438

3
1 0 4353 0.849114
2 0 0 0.700696
3 0 0 0.891287

3
1 9 1 0.81276
2 0 0 0.765389
3 0 0 0.903752

3
1 5 2 0.856586
2 0 0 0.833758
3 0 0 0.936668

3
1 1 1 0.862899
2 0 0 0.968072
3 0 0 0.715171

1
1 0 0 0.810546

5
1 1 1 0.970854
2 0 0 0.977501
3 1 2 0.957163
6 0 0 0.672886
7 0 0 0.909654

3
1 10 1 0.893451
2 0 0 0.845767
3 0 0 0.71616

3
1 10 1 0.885914
2 0 0 1.04409
3 0 0 0.782396

7
1 1 2 0.890668
2 10 1 0.853407
4 0 0 0.919172
5 0 0 0.859493
3 11 3804 0.903811
6 0 0 1.03479
7 0 0 0.9879

3
1 1 1 0.865006
2 0 0 0.833603
3 0 0 0.853501

7
1 9 1 0.91309
2 7 2 0.824289
4 0 0 0.877167
5 0 0 0.921685
3 2 1 0.967209
6 0 0 1.0196
7 0 0 0.97714

3
1 10 1 0.867076
2 0 0 0.980946
3 0 0 0.734053

3
1 5 3 0.77337
2 0 0 0.873229
3 0 0 1.0825

3
1 1 1 0.963568
2 0 0 0.964179
3 0 0 0.723464

1
1 0 0 0.780991

3
1 1 1 0.870771
2 0 0 0.948877
3 0 0 0.786673

1
1 0 0 0.794236

5
1 10 1 0.882924
2 0 0 1.07902
3 9 1 0.860342
6 0 0 0.791313
7 0 0 0.966944

3
1 0 8507 0.872848
2 0 0 0.85366
3 0 0 0.923667

3
1 1 1 0.883878
2 0 0 1.09236
3 0 0 0.916735

1
1 0 0 0.962797

3
1 0 671 0.822442
2 0 0 0.876994
3 0 0 1.03414

3
1 0 9938 0.695755
2 0 0 0.696349
3 0 0 0.96439

5
1 2 1 0.929401
2 11 2578 0.951787
4 0 0 0.916975
5 0 0 0.858148
3 0 0 0.969953

1
1 0 0 0.827165

3
1 1 1 0.89948
2 0 0 0.960426
3 0 0 0.821644

3
1 6 3 0.736181
2 0 0 0.720214
3 0 0 0.973015

3
1 10 1 0.862488
2 0 0 1.00015
3 0 0 0.831636

1
1 0 0 0.799128

7
1 5 1 0.85034
2 2 2 0.998699
4 0 0 0.945766
5 0 0 1.05985
3 3 2 0.986411
6 0 0 0.973445
7 0 0 1.02344

3
1 3 3 0.867052
2 0 0 0.845977
3 0 0 1.06532

1
1 0 0 0.827326

7
1 4 1 0.912965
2 6 1 0.951559
4 0 0 0.98225
5 0 0 0.798553
3 3 2 0.921292
6 0 0 0.924258
7 0 0 1.08443

3
1 7 3 0.838042
2 0 0 0.899839
3 0 0 0.984788

1
1 0 0 0.901426

7
1 2 2 0.905242
2 0 0 0.918609
3 11 158 0.992566
6 2 3 1.16414
12 0 0 1.09069
13 0 0 0.934957
7 0 0 0.970224

3
1 1 1 0.918182
2 0 0 0.94664
3 0 0 0.820612

3
1 6 2 0.836443
2 0 0 0.83843
3 0 0 0.984749

3
1 2 1 0.868164
2 0 0 0.769546
3 0 0 0.882208

3
1 0 8867 0.972571
2 0 0 0.897773
3 0 0 1.04236

3
1 1 1 0.876357
2 0 0 1.04395
3 0 0 0.758991

3
1 3 3 0.911215
2 0 0 0.77721
3 0 0 1.02407

3
1 3 2 1.01125
2 0 0 0.989005
3 0 0 0.992169

5
1 11 2506 1.00347
2 0 0 1.11051
3 9 1 0.951195
6 0 0 0.859995
7 0 0 1.04957

3
1 0 547 0.928987
2 0 0 0.885676
3 0 0 0.93336

3
1 0 595 0.870383
2 0 0 0.864489
3 0 0 0.847938

3
1 9 1 0.923893
2 0 0 0.889494
3 0 0 1.12897

3
1 2 4 0.824857
2 0 0 0.779164
3 0 0 0.922729

3
1 7 3 0.827705
2 0 0 0.831108
3 0 0 0.961197

1
1 0 0 0.870893

3
1 5 3 0.89087
2 0 0 0.934103
3 0 0 0.839414

1
1 0 0 0.794043

1
1 0 0 0.982666

5
1 5 2 0.869178
2 0 0 0.872736
3 4 1 0.933281
6 0 0 0.811348
7 0 0 1.04004

1
1 0 0 0.855274

5
1 9 1 0.85684
2 0 0 0.801378
3 0 5779 1.04517
6 0 0 0.973531
7 0 0 1.03417

3
1 1 1 0.866735
2 0 0 0.983892
3 0 0 0.843718

3
1 5 2 0.908455
2 0 0 0.842813
3 0 0 1.03106

3
1 2 2 0.874155
2 0 0 0.880168
3 0 0 0.956449

3
1 1 1 0.928169
2 0 0 1.00019
3 0 0 0.794215

5
1 9 1 0.842082
2 0 0 0.758173
3 0 6498 0.92902
6 0 0 0.967508
7 0 0 0.915033

5
1 6 2 0.824828
2 0 0 0.867089
3 6 3 0.987334
6 0 0 1.03821
7 0 0 1.07344

3
1 5 3 0.839865
2 0 0 0.808317
3 0 0 0.959587

7
1 0 3297 0.781561
2 0 0 0.882502
3 6 1 0.995852
6 0 0 1.00655
7 11 696 0.93739
14 0 0 0.945571
15 0 0 0.965687

3
1 10 1 0.884054
2 0 0 0.904855
3 0 0 0.827036

3
1 9 1 0.920732
2 0 0 0.89233
3 0 0 0.93159

3
1 3 3 0.771519
2 0 0 0.7432
3 0 0 1.11376

5
1 10 1 0.956909
2 0 0 1.05728
3 3 2 0.903558
6 0 0 0.841755
7 0 0 1.04063

3
1 10 1 0.863739
2 0 0 1.06053
3 0 0 0.813169

3
1 2 1 0.838517
2 0 0 0.844866
3 0 0 0.814938

3
1 1 2 0.917483
2 0 0 0.88244
3 0 0 0.968934

3
1 9 1 0.884478
2 0 0 0.971855
3 0 0 1.00731

3
1 5 3 0.844522
2 0 0 0.862663
3 0 0 0.949692

5
1 11 1181 0.836173
2 0 0 1.02845
3 9 1 0.90274
6 0 0 0.845373
7 0 0 0.996378

3
1 9 1 0.870652
2 0 0 0.744976
3 0 0 1.09034

3
1 9 1 0.895027
2 0 0 0.858571
3 0 0 0.978451

1
1 0 0 0.824194

1
1 0 0 0.932569

3
1 5 3 0.669681
2 0 0 0.891808
3 0 0 1.03714

3
1 7 3 0.745948
2 0 0 0.752461
3 0 0 0.992693

1
1 0 0 0.84177

7
1 5 3 0.817695
2 1 2 0.800285
4 0 0 0.917274
5 0 0 1.10523
3 11 1248 0.924658
6 0 0 0.957724
7 0 0 0.907506

1
1 0 0 0.86898

3
1 4 2 0.834804
2 0 0 0.749913
3 0 0 0.901421

3
1 10 1 0.865092
2 0 0 0.987634
3 0 0 0.941173

5
1 1 2 0.871649
2 0 0 0.806152
3 4 1 1.08717
6 0 0 1.02954
7 0 0 0.97438

3
1 4 2 0.892554
2 0 0 0.927144
3 0 0 0.976874

3
1 5 3 0.831625
2 0 0 0.8295
3 0 0 1.00607

7
1 4 1 0.852781
2 1 1 0.74041
4 0 0 1.03845
5 0 0 0.765809
3 11 3110 0.94846
6 0 0 1.19764
7 0 0 0.927925

3
1 9 1 0.868764
2 0 0 0.738771
3 0 0 0.851884

3
1 5 3 0.895716
2 0 0 0.930052
3 0 0 0.973706

3
1 7 3 0.760769
2 0 0 0.755182
3 0 0 0.940178

5
1 10 1 0.951724
2 0 0 0.994686
3 5 3 0.963726
6 0 0 0.981139
7 0 0 1.01678

3
1 4 2 0.860752
2 0 0 0.87147
3 0 0 1.05703

5
1 11 5153 0.871003
2 0 0 0.824633
3 11 5394 0.966041
6 0 0 0.974803
7 0 0 1.01221

3
1 0 9710 0.730066
2 0 0 0.814445
3 0 0 0.892726

3
1 7 3 0.802007
2 0 0 0.808452
3 0 0 0.963076

3
1 10 1 0.924982
2 0 0 1.05576
3 0 0 0.75533

3
1 1 1 0.872598
2 0 0 0.919279
3 0 0 0.875112

3
1 6 2 0.829119
2 0 0 0.758969
3 0 0 0.928989

3
1 6 2 0.857418
2 0 0 0.822998
3 0 0 0.791739

5
1 9 1 0.868178
2 0 88 0.891775
4 0 0 0.807945
5 0 0 0.949753
3 0 0 0.922653

3
1 3 1 0.874033
2 0 0 0.792013
3 0 0 0.923325

1
1 0 0 0.804011

3
1 10 1 0.749786
2 0 0 1.10657
3 0 0 0.798258

3
1 11 86 0.884987
2 0 0 1.04464
3 0 0 0.903514

1
1 0 0 0.702813

3
1 6 2 0.865249
2 0 0 0.886137
3 0 0 0.937324

3
1 5 2 0.913837
2 0 0 0.85538
3 0 0 0.840473

3
1 0 9693 0.869881
2 0 0 0.806095
3 0 0 1.06201

7
1 11 1647 0.846994
2 0 0 0.894282
3 3 3 0.871628
6 0 5207 0.931789
12 0 0 0.859265
13 0 0 1.04909
7 0 0 1.05694

3
1 10 1 0.867076
2 0 0 1.15531
3 0 0 0.769754

3
1 1 1 0.76059
2 0 0 0.89493
3 0 0 0.773722

5
1 1 1 0.963568
2 0 7045 1.02444
4 0 0 0.939572
5 0 0 0.973351
3 0 0 0.742832

3
1 4 3 0.73159
2 0 0 0.645689
3 0 0 1.00224

3
1 5 2 0.891447
2 0 0 0.816217
3 0 0 1.03994

1
1 0 0 0.86542

1
1 0 0 0.793461

3
1 10 1 0.863515
2 0 0 1.0604
3 0 0 0.81113

5
1 1 1 0.883878
2 0 0 1.006
3 4 2 0.813245
6 0 0 0.78678
7 0 0 0.900242

3
1 10 1 0.939737
2 0 0 1.04981
3 0 0 0.897062

3
1 6 2 0.801433
2 0 0 0.836619
3 0 0 0.885414

3
1 6 3 0.917661
2 0 0 0.884825
3 0 0 1.05353

1
1 0 0 0.880402

3
1 5 3 0.870973
2 0 0 0.850638
3 0 0 1.13907

3
1 4 2 0.796009
2 0 0 0.866048
3 0 0 0.904953

3
1 4 3 0.949427
2 0 0 0.914029
3 0 0 1.02518

3
1 10 1 0.862488
2 0 0 1.03118
3 0 0 0.777954

3
1 3 3 0.798321
2 0 0 0.771303
3 0 0 0.999467

3
1 4 3 0.70356
2 0 0 0.75712
3 0 0 1.06597

3
1 9 1 0.819399
2 0 0 0.764391
3 0 0 0.96046

3
1 0 4539 0.867892
2 0 0 0.795919
3 0 0 1.09027

3
1 1 1 0.85863
2 0 0 0.941705
3 0 0 0.864196

3
1 10 1 0.876033
2 0 0 1.02727
3 0 0 0.696681

5
1 4 3 0.891196
2 11 2856 0.90719
4 0 0 0.988931
5 0 0 0.780378
3 0 0 0.987413

5
1 2 2 0.905242
2 0 0 0.968598
3 6 1 0.964144
6 0 0 0.896111
7 0 0 1.10919

7
1 1 1 0.918182
2 11 4809 1.00131
4 0 0 1.016
5 0 0 0.964621
3 1 2 0.895953
6 0 0 0.877546
7 0 0 1.07415

3
1 1 2 0.849004
2 0 0 0.891548
3 0 0 1.0949

3
1 1 1 0.768285
2 0 0 0.911678
3 0 0 0.75156

3
1 3 3 0.927522
2 0 0 0.735488
3 0 0 1.20622

7
1 3 3 0.917604
2 1 2 0.867893
4 0 0 0.947709
5 5 3 1.02245
10 0 0 1.07501
11 0 0 1.1173
3 0 0 0.965199

3
1 10 1 0.831134
2 0 0 1.04707
3 0 0 0.824391

3
1 11 733 0.915868
2 0 0 0.957583
3 0 0 0.882165

3
1 4 3 0.845703
2 0 0 0.874134
3 0 0 1.03333

3
1 11 1526 0.849265
2 0 0 0.970721
3 0 0 0.925151

1
1 0 0 0.779137

1
1 0 0 0.897946

3
1 1 1 0.957128
2 0 0 1.20339
3 0 0 0.837938

3
1 2 3 0.901749
2 0 0 0.899191
3 0 0 0.942846

3
1 10 1 0.856617
2 0 0 0.962701
3 0 0 0.744807

3
1 1 1 0.915839
2 0 0 1.02711
3 0 0 0.807025

1
1 0 0 0.842178

1
1 0 0 0.844205

1
1 0 0 0.961331

1
1 0 0 0.789074

3
1 4 1 0.878734
2 0 0 0.879669
3 0 0 1.05499

3
1 7 3 0.88823
2 0 0 0.870594
3 0 0 0.937997

3
1 0 4497 0.867273
2 0 0 0.789456
3 0 0 0.914431

5
1 9 1 0.959745
2 6 2 0.929966
4 0 0 0.913574
5 0 0 0.904916
3 0 0 1.04642

3
1 9 1 0.894979
2 0 0 0.793752
3 0 0 0.951597

3
1 11 3427 0.874652
2 0 0 0.974181
3 0 0 0.981709

3
1 3 3 0.798982
2 0 0 0.779413
3 0 0 1.00362

3
1 4 3 0.9427
2 0 0 0.942436
3 0 0 0.996055

3
1 4 2 1.013
2 0 0 0.905484
3 0 0 1.08197

5
1 4 2 0.843071
2 9 1 0.90351
4 0 0 0.884891
5 0 0 0.997923
3 0 0 0.954618

3
1 5 2 0.793854
2 0 0 0.803491
3 0 0 0.933291

3
1 1 2 0.886071
2 0 0 0.901029
3 0 0 0.937849

3
1 10 1 0.956909
2 0 0 0.963813
3 0 0 0.781651

3
1 4 2 0.849249
2 0 0 0.859851
3 0 0 1.07394

3
1 5 3 0.698227
2 0 0 0.872254
3 0 0 1.00669

3
1 1 1 0.850251
2 0 0 0.951235
3 0 0 0.791155

3
1 1 1 0.889682
2 0 0 0.930619
3 0 0 0.845359

1
1 0 0 0.795655

3
1 2 4 0.812616
2 0 0 0.780996
3 0 0 0.937926

7
1 9 1 0.870652
2 0 0 0.793774
3 3 3 0.975868
6 0 6176 0.980718
12 0 0 0.926857
13 0 0 0.997812
7 0 0 1.03773

3
1 0 5825 0.89856
2 0 0 0.879445
3 0 0 1.05261

3
1 3 2 0.933274
2 0 0 0.892337
3 0 0 0.964598

3
1 0 5159 0.944551
2 0 0 0.945655
3 0 0 1.034

3
1 0 7995 0.90176
2 0 0 0.872666
3 0 0 1.05872

3
1 1 1 0.836368
2 0 0 1.02277
3 0 0 0.902016

1
1 0 0 0.797423

3
1 1 2 0.88648
2 0 0 0.733479
3 0 0 0.950325

3
1 2 4 0.908741
2 0 0 0.839737
3 0 0 0.876214

1
1 0 0 0.934459

5
1 10 1 0.865092
2 0 0 0.978714
3 1 2 0.788981
6 0 0 0.836587
7 0 0 0.880973

3
1 1 1 0.890095
2 0 0 0.992307
3 0 0 0.752377

3
1 9 1 0.888854
2 0 0 0.805191
3 0 0 0.950778

5
1 7 1 0.896641
2 0 0 0.833318
3 2 3 0.975764
6 0 0 1.03042
7 0 0 0.950756

3
1 4 1 0.852781
2 0 0 0.875921
3 0 0 0.930464

5
1 9 1 0.868764
2 0 0 0.878414
3 2 4 1.13041
6 0 0 1.04448
7 0 0 0.955698

3
1 4 2 0.859848
2 0 0 0.852457
3 0 0 0.984958

5
1 0 4185 0.841635
2 1 2 0.800026
4 0 0 0.822414
5 0 0 0.94826
3 0 0 1.08856

3
1 4 3 0.821119
2 0 0 0.808726
3 0 0 0.913816

5
1 3 1 0.829866
2 0 0 0.879859
3 5 1 0.968419
6 0 0 1.04312
7 0 0 0.863392

7
1 6 2 0.817656
2 0 0 0.836232
3 2 3 1.04547
6 0 0 0.938714
7 11 4032 1.17085
14 0 0 1.0086
15 0 0 1.07283

3
1 4 3 0.777222
2 0 0 0.811893
3 0 0 0.98853

3
1 5 2 0.894549
2 0 0 0.833142
3 0 0 0.985897

5
1 11 12 0.830279
2 0 0 1.00658
3 1 1 0.830951
6 0 0 1.13559
7 0 0 0.866808

1
1 0 0 0.683357

3
1 3 3 0.799595
2 0 0 0.746696
3 0 0 0.874882

5
1 9 1 0.869011
2 0 0 0.842217
3 4 2 1.15988
6 0 0 1.07156
7 0 0 1.02004

3
1 9 1 0.92782
2 0 0 0.77371
3 0 0 1.11286

3
1 10 1 0.856817
2 0 0 0.969282
3 0 0 0.862883

3
1 7 3 0.846932
2 0 0 0.837171
3 0 0 0.996215

3
1 10 1 0.749786
2 0 0 1.13125
3 0 0 0.913153

3
1 1 2 0.809428
2 0 0 0.847861
3 0 0 1.00915

1
1 0 0 0.723991

1
1 0 0 0.781035

3
1 3 3 0.892078
2 0 0 0.807941
3 0 0 0.896471

5
1 6 3 0.726527
2 0 0 0.759773
3 0 5919 0.936784
6 0 0 0.899658
7 0 0 0.99835

5
1 11 2903 0.893017
2 7 3 1.03607
4 0 0 1.01449
5 0 0 1.02251
3 0 0 0.814301

1
1 0 0 0.902685

3
1 1 1 0.76059
2 0 0 1.10992
3 0 0 0.839513

1
1 0 0 0.801481

3
1 0 5537 0.869904
2 0 0 0.871499
3 0 0 0.863905

3
1 4 3 0.876057
2 0 0 0.884167
3 0 0 1.03525

3
1 0 9695 0.81946
2 0 0 0.756213
3 0 0 1.12181

1
1 0 0 0.762403

3
1 10 1 0.863515
2 0 0 1.02244
3 0 0 0.897314

3
1 1 1 0.883878
2 0 0 1.05355
3 0 0 0.815935

1
1 0 0 0.658765

1
1 0 0 0.821244

3
1 5 3 0.777326
2 0 0 0.754483
3 0 0 0.974027

3
1 7 3 0.903032
2 0 0 0.905362
3 0 0 0.905756

3
1 0 9040 0.909264
2 0 0 0.948025
3 0 0 1.00066

3
1 7 3 0.789133
2 0 0 0.751053
3 0 0 0.992462

3
1 1 1 0.783138
2 0 0 0.821723
3 0 0 0.788024

3
1 9 1 0.861636
2 0 0 0.886603
3 0 0 0.909376

3
1 6 2 0.924485
2 0 0 0.881705
3 0 0 1.02587

5
1 7 3 0.951419
2 0 0 0.862233
3 0 4783 0.982547
6 0 0 0.852187
7 0 0 0.963317

5
1 7 3 0.839388
2 10 1 0.885749
4 0 0 1.07533
5 0 0 0.874042
3 0 0 0.865202

3
1 10 1 0.92873
2 0 0 1.17247
3 0 0 0.784199

5
1 1 1 0.85863
2 4 1 0.97383
4 0 0 0.967825
5 0 0 1.07473
3 0 0 0.927757

3
1 10 1 0.876033
2 0 0 1.06853
3 0 0 0.847844

3
1 10 1 0.811486
2 0 0 1.04556
3 0 0 0.802787

1
1 0 0 0.862305

3
1 9 1 0.866676
2 0 0 0.837897
3 0 0 1.13195

3
1 6 3 0.721876
2 0 0 0.732705
3 0 0 0.978775

3
1 10 1 0.886889
2 0 0 0.925028
3 0 0 0.734103

3
1 11 1541 0.857051
2 0 0 0.928749
3 0 0 0.786711

5
1 10 1 0.80883
2 7 1 0.997093
4 0 0 1.11674
5 0 0 1.01503
3 0 0 0.707249

3
1 6 2 0.950591
2 0 0 0.908442
3 0 0 0.97431

3
1 3 2 0.844792
2 0 0 0.844604
3 0 0 0.914798

5
1 3 2 0.880935
2 0 0 0.959148
3 4 1 1.06255
6 0 0 1.0911
7 0 0 1.08443

1
1 0 0 0.821003

5
1 0 1482 0.889076
2 0 0 0.827164
3 0 7596 1.0961
6 0 0 1.11782
7 0 0 0.98885

3
1 5 3 0.878677
2 0 0 0.881673
3 0 0 0.945435

3
1 1 1 0.957128
2 0 0 1.09278
3 0 0 0.67462

1
1 0 0 0.914738

3
1 10 1 0.856617
2 0 0 0.992803
3 0 0 0.786843

3
1 10 1 0.920449
2 0 0 0.925343
3 0 0 0.734462

3
1 10 1 0.846914
2 0 0 0.891793
3 0 0 0.855907

3
1 1 1 0.855985
2 0 0 1.09907
3 0 0 0.802282

1
1 0 0 0.917481

3
1 1 1 0.932784
2 0 0 0.931151
3 0 0 0.839189

3
1 1 2 0.905103
2 0 0 0.952359
3 0 0 0.912757

7
1 0 9844 0.94981
2 0 3953 0.919941
4 0 0 0.863488
5 0 0 1.089
3 5 2 1.04743
6 0 0 0.986579
7 0 0 1.00679

3
1 9 1 0.891612
2 0 0 0.808208
3 0 0 1.03754

1
1 0 0 0.772638

3
1 6 3 0.879882
2 0 0 0.891979
3 0 0 1.00449

3
1 0 1838 0.825475
2 0 0 0.84136
3 0 0 0.863012

3
1 5 3 0.826424
2 0 0 0.841215
3 0 0 0.956934

1
1 0 0 0.850133

5
1 4 2 1.013
2 9 1 0.889199
4 0 0 0.816463
5 0 0 1.00203
3 0 0 0.977363

3
1 6 3 0.915032
2 0 0 0.831093
3 0 0 0.940943

5
1 7 3 0.844611
2 4 1 0.912147
4 0 0 0.876957
5 0 0 1.08793
3 0 0 0.922784

3
1 0 1579 0.967286
2 0 0 0.895062
3 0 0 0.968117

3
1 10 1 0.956909
2 0 0 0.911674
3 0 0 0.787244

3
1 10 1 0.96326
2 0 0 1.20487
3 0 0 0.910335

1
1 0 0 0.760813

3
1 9 1 0.969216
2 0 0 0.870057
3 0 0 0.949767

3
1 11 2462 0.818497
2 0 0 0.906605
3 0 0 0.867848

3
1 10 1 0.862737
2 0 0 1.08451
3 0 0 0.779104

3
1 4 1 0.908113
2 0 0 1.01793
3 0 0 0.923613

3
1 0 8016 0.834288
2 0 0 0.82997
3 0 0 0.875462

5
1 0 1015 0.91977
2 10 1 0.903331
4 0 0 1.05697
5 0 0 0.823145
3 0 0 0.826135

1
1 0 0 0.831157

3
1 1 1 0.830394
2 0 0 0.903059
3 0 0 0.980051

5
1 11 2407 0.897991
2 0 0 0.985688
3 7 2 0.865944
6 0 0 0.892399
7 0 0 1.03533

1
1 0 0 0.785387

3
1 7 3 0.940107
2 0 0 0.863416
3 0 0 0.939336

3
1 10 1 0.978739
2 0 0 1.11565
3 0 0 0.794945

5
1 9 1 0.888628
2 0 0 0.864149
3 5 2 0.936423
6 0 0 0.928178
7 0 0 0.959871

1
1 0 0 0.873612

3
1 2 4 0.858477
2 0 0 0.860469
3 0 0 0.944618

3
1 1 1 0.890095
2 0 0 1.04016
3 0 0 0.929373

1
1 0 0 0.837257

3
1 10 1 0.896161
2 0 0 1.032
3 0 0 0.817531

3
1 5 3 0.776546
2 0 0 0.769468
3 0 0 0.88333

3
1 9 1 0.868764
2 0 0 0.946265
3 0 0 0.9311

7
1 5 2 0.861461
2 6 3 0.814566
4 1 2 0.870198
8 0 0 0.833379
9 0 0 1.10246
5 0 0 0.984335
3 0 0 1.057

3
1 4 3 0.729848
2 0 0 0.790768
3 0 0 1.01625

3
1 9 1 0.856553
2 0 0 0.745363
3 0 0 1.05069

1
1 0 0 0.871966

3
1 2 3 0.909372
2 0 0 0.813419
3 0 0 0.967002

5
1 1 1 0.818537
2 0 0 0.884465
3 11 4896 1.00007
6 0 0 0.815423
7 0 0 0.990729

3
1 1 2 0.882709
2 0 0 0.970529
3 0 0 1.01819

3
1 11 303 0.902797
2 0 0 0.898491
3 0 0 0.899866

1
1 0 0 0.828423

1
1 0 0 0.88214

3
1 11 5156 0.828426
2 0 0 0.861772
3 0 0 0.8328

5
1 5 3 0.773015
2 0 0 0.848292
3 11 983 0.932275
6 0 0 1.05577
7 0 0 0.917873

1
1 0 0 0.770107

3
1 9 1 0.856759
2 0 0 0.645318
3 0 0 0.990895

3
1 10 1 0.920736
2 0 0 0.975745
3 0 0 0.777697

3
1 0 2975 0.947073
2 0 0 0.90864
3 0 0 0.935912

3
1 9 1 0.829668
2 0 0 0.887872
3 0 0 1.00245

3
1 3 1 0.910528
2 0 0 0.898153
3 0 0 0.950123

3
1 9 1 0.849117
2 0 0 0.839442
3 0 0 0.887942

1
1 0 0 0.750584

3
1 10 1 0.831371
2 0 0 0.944795
3 0 0 0.866335

1
1 0 0 0.759565

3
1 0 5506 0.826503
2 0 0 0.850401
3 0 0 0.977287

3
1 6 2 0.804399
2 0 0 0.792839
3 0 0 0.863629

1
1 0 0 0.834015

3
1 7 3 0.86483
2 0 0 0.893472
3 0 0 1.01486

3
1 3 2 0.791471
2 0 0 0.781748
3 0 0 0.908238

3
1 4 1 0.871077
2 0 0 0.866594
3 0 0 0.946583

3
1 11 1312 0.912859
2 0 0 1.01042
3 0 0 0.881958

3
1 9 1 0.888566
2 0 0 0.829878
3 0 0 0.971022

3
1 9 1 0.841618
2 0 0 0.828896
3 0 0 0.902846

5
1 5 3 0.782022
2 4 2 0.795585
4 0 0 0.789109
5 0 0 1.06841
3 0 0 1.12232

1
1 0 0 0.808175

3
1 6 3 0.792226
2 0 0 0.876615
3 0 0 1.03167

3
1 6 3 0.806763
2 0 0 0.779035
3 0 0 1.03972

1
1 0 0 0.751388

3
1 10 1 0.84033
2 0 0 1.07194
3 0 0 0.801218

1
1 0 0 0.816961

5
1 4 2 0.950371
2 4 1 0.89421
4 0 0 0.900016
5 0 0 0.96166
3 0 0 1.04639

1
1 0 0 0.717991

1
1 0 0 0.760312

5
1 10 1 0.92873
2 0 0 1.02031
3 11 107 0.854281
6 0 0 1.07518
7 0 0 0.878175

3
1 11 146 0.913993
2 0 0 1.11202
3 0 0 0.879157

5
1 10 1 0.876033
2 0 0 1.18804
3 1 2 0.937345
6 0 0 0.790987
7 0 0 1.11893

3
1 11 1138 0.896175
2 0 0 1.02963
3 0 0 0.871989

1
1 0 0 0.87056

3
1 1 1 0.848321
2 0 0 1.07251
3 0 0 0.878764

3
1 1 1 0.877026
2 0 0 0.9726
3 0 0 0.739763

3
1 10 1 0.886889
2 0 0 0.890279
3 0 0 0.748666

3
1 3 1 0.878572
2 0 0 0.925375
3 0 0 0.939152

3
1 10 1 0.80883
2 0 0 0.966256
3 0 0 0.823287

3
1 6 2 0.792136
2 0 0 0.753176
3 0 0 0.924148

3
1 5 2 0.852956
2 0 0 0.824836
3 0 0 1.01052

5
1 5 1 0.8637
2 1 1 0.954395
4 0 0 1.09319
5 0 0 0.888873
3 0 0 0.826884

7
1 1 2 0.853735
2 0 0 0.836228
3 4 2 1.02397
6 0 0 0.955989
7 5 1 1.00239
14 0 0 1.09236
15 0 0 1.013

3
1 10 1 0.856935
2 0 0 1.00062
3 0 0 0.807465

1
1 0 0 0.846478

3
1 1 1 0.957128
2 0 0 1.13974
3 0 0 0.752766

3
1 10 1 0.936137
2 0 0 0.961133
3 0 0 0.920573

3
1 9 1 0.905095
2 0 0 0.775539
3 0 0 0.920288

1
1 0 0 0.805623

5
1 0 86 0.901897
2 1 1 0.729662
4 0 0 1.0072
5 0 0 0.780606
3 0 0 0.98847

5
1 1 1 0.855985
2 0 6182 1.05888
4 0 0 1.12672
5 0 0 0.999918
3 0 0 0.786272

7
1 10 1 0.858386
2 4 1 1.08493
4 5 1 0.997409
8 0 0 1.00311
9 0 0 1.04471
5 0 0 0.917373
3 0 0 0.827022

3
1 1 1 0.932784
2 0 0 1.1741
3 0 0 0.795274

1
1 0 0 0.835445

3
1 0 9844 0.94981
2 0 0 0.838634
3 0 0 1.04423

3
1 1 2 0.957141
2 0 0 0.929932
3 0 0 1.03038

3
1 10 1 0.903798
2 0 0 1.08174
3 0 0 0.870263

1
1 0 0 0.77816

3
1 7 3 0.84587
2 0 0 0.90363
3 0 0 0.977263

5
1 6 3 0.912162
2 3 3 0.851025
4 0 0 0.82857
5 0 0 0.931259
3 0 0 1.0654

3
1 5 2 0.8248
2 0 0 0.797155
3 0 0 0.989858

3
1 10 1 0.804279
2 0 0 1.02197
3 0 0 0.789391

5
1 0 4297 0.94557
2 7 3 0.81213
4 0 0 0.806757
5 0 0 0.957658
3 0 0 0.945469

3
1 2 1 0.868004
2 0 0 0.906184
3 0 0 0.876867

3
1 3 2 0.913631
2 0 0 0.900946
3 0 0 0.99579

3
1 7 2 0.873574
2 0 0 0.846094
3 0 0 0.898238

3
1 3 3 0.770234
2 0 0 0.925781
3 0 0 0.988779

3
1 9 1 0.897952
2 0 0 0.897062
3 0 0 0.924155

5
1 0 3874 0.829534
2 2 4 0.796495
4 0 0 0.797555
5 0 0 0.93395
3 0 0 0.92514

1
1 0 0 0.869624

3
1 5 3 0.8135
2 0 0 0.803381
3 0 0 0.968265

3
1 10 1 0.793562
2 0 0 1.07169
3 0 0 0.784841

3
1 6 1 0.888256
2 0 0 0.855087
3 0 0 0.859679

3
1 2 2 0.876357
2 0 0 0.954554
3 0 0 0.922002

3
1 0 9425 0.764122
2 0 0 0.790418
3 0 0 0.900823

3
1 0 69 0.850586
2 0 0 0.786458
3 0 0 1.03102

3
1 1 2 0.911732
2 0 0 0.807441
3 0 0 0.957587

3
1 10 1 0.859903
2 0 0 0.883287
3 0 0 0.96026

3
1 9 1 0.868302
2 0 0 0.770786
3 0 0 0.958392

3
1 10 1 0.978739
2 0 0 0.9432
3 0 0 0.844285

3
1 4 2 0.800744
2 0 0 0.688762
3 0 0 1.00362

3
1 1 2 0.85127
2 0 0 0.997896
3 0 0 1.08702

3
1 10 1 0.830895
2 0 0 0.984601
3 0 0 0.786968

3
1 1 2 1.00427
2 0 0 0.810183
3 0 0 0.992237

1
1 0 0 0.804552

3
1 1 1 0.903469
2 0 0 1.18095
3 0 0 0.844007

3
1 1 1 0.833987
2 0 0 0.924812
3 0 0 0.895896

3
1 1 2 0.860569
2 0 0 0.904348
3 0 0 0.841747

3
1 1 2 0.797321
2 0 0 0.951954
3 0 0 0.986532

3
1 3 1 0.858492
2 0 0 0.8367
3 0 0 0.948464

1
1 0 0 0.905585

3
1 11 5312 0.788459
2 0 0 0.804468
3 0 0 0.991978

3
1 5 3 0.902263
2 0 0 0.907376
3 0 0 0.994193

5
1 11 1445 0.873669
2 0 0 0.99903
3 11 1541 0.833762
6 0 0 1.0816
7 0 0 0.842743

1
1 0 0 0.818341

3
1 11 4462 0.975629
2 0 0 0.915073
3 0 0 0.881049

1
1 0 0 0.836831

5
1 2 4 0.924482
2 5 2 0.89579
4 0 0 0.835244
5 0 0 0.966698
3 0 0 0.833182

1
1 0 0 0.692933

3
1 11 5307 0.92839
2 0 0 0.934512
3 0 0 1.08968

3
1 4 1 0.941598
2 0 0 0.977259
3 0 0 1.02756

1
1 0 0 0.981425

3
1 1 1 0.803913
2 0 0 1.02323
3 0 0 0.803369

3
1 1 2 0.815213
2 0 0 0.706496
3 0 0 1.03487

3
1 6 3 0.727394
2 0 0 0.849812
3 0 0 1.01014

3
1 7 1 0.947837
2 0 0 0.884111
3 0 0 1.03737

3
1 5 3 0.779694
2 0 0 0.877847
3 0 0 1.01214

3
1 7 3 0.875707
2 0 0 0.85403
3 0 0 1.03279

3
1 9 1 0.910457
2 0 0 0.802481
3 0 0 0.896413

1
1 0 0 0.802502

1
1 0 0 0.866343

3
1 6 3 0.864379
2 0 0 0.904864
3 0 0 1.10856

3
1 10 1 0.822889
2 0 0 0.907292
3 0 0 0.891684

3
1 7 3 0.735791
2 0 0 0.759052
3 0 0 0.921978

1
1 0 0 0.82665

3
1 0 9846 0.843412
2 0 0 0.808335
3 0 0 1.06715

3
1 9 1 0.891351
2 0 0 0.873244
3 0 0 0.919845

7
1 9 1 0.888566
2 0 0 0.805111
3 5 1 0.945733
6 0 7804 0.960528
12 0 0 0.969238
13 0 0 1.03643
7 0 0 1.00332

3
1 9 1 0.922125
2 0 0 0.838507
3 0 0 0.904379

3
1 1 2 0.899873
2 0 0 0.85788
3 0 0 0.953491

3
1 1 1 0.730681
2 0 0 1.02466
3 0 0 0.812218

1
1 0 0 0.868461

3
1 4 2 0.85027
2 0 0 0.799158
3 0 0 0.911693

3
1 9 1 0.882934
2 0 0 0.850794
3 0 0 0.968766

1
1 0 0 0.735028

7
1 1 2 0.921
2 0 0 0.883564
3 2 4 0.985496
6 0 0 0.870172
7 0 7691 1.01161
14 0 0 1.09747
15 0 0 1.0397

3
1 6 2 0.797523
2 0 0 0.728308
3 0 0 0.944447

3
1 0 3801 0.792783
2 0 0 0.81302
3 0 0 0.866169

3
1 4 1 0.778431
2 0 0 0.766609
3 0 0 0.960149

3
1 10 1 0.92873
2 0 0 1.0798
3 0 0 0.74061

3
1 1 1 0.786616
2 0 0 0.890438
3 0 0 0.861567

3
1 10 1 0.916368
2 0 0 0.964271
3 0 0 0.729335

3
1 10 1 0.807298
2 0 0 1.04259
3 0 0 0.722188

1
1 0 0 0.756928

5
1 11 2808 0.869109
2 2 1 0.87418
4 0 0 0.956059
5 0 0 0.859033
3 0 0 0.779655

5
1 4 2 0.876492
2 0 0 0.869518
3 4 3 0.903856
6 0 0 1.01778
7 0 0 0.94499

3
1 10 1 0.886889
2 0 0 1.01738
3 0 0 0.840984

3
1 11 1208 0.925553
2 0 0 0.908094
3 0 0 0.879963

3
1 10 1 0.80883
2 0 0 1.01142
3 0 0 0.801712

3
1 9 1 0.871677
2 0 0 0.757004
3 0 0 1.04624

3
1 0 5235 0.924947
2 0 0 0.86179
3 0 0 1.0244

3
1 3 1 0.88615
2 0 0 0.951832
3 0 0 0.891209

3
1 3 1 0.875914
2 0 0 0.857652
3 0 0 1.04815

5
1 1 2 0.946895
2 0 0 0.745031
3 3 2 1.00373
6 0 0 1.00891
7 0 0 0.973551

3
1 10 1 0.846478
2 0 0 1.04248
3 0 0 0.732058

3
1 1 1 0.957128
2 0 0 1.11328
3 0 0 0.833735

1
1 0 0 0.794367

1
1 0 0 0.81122

3
1 1 2 0.860098
2 0 0 0.886497
3 0 0 1.01034

3
1 9 1 0.803331
2 0 0 0.78378
3 0 0 1.03394

3
1 4 3 0.793522
2 0 0 0.819627
3 0 0 1.06708

3
1 10 1 0.858386
2 0 0 1.07785
3 0 0 0.752621

3
1 2 4 0.878778
2 0 0 0.892585
3 0 0 0.880717

3
1 10 1 0.836326
2 0 0 1.10167
3 0 0 0.822265

1
1 0 0 0.751359

3
1 4 2 0.806848
2 0 0 0.787053
3 0 0 1.04421

5
1 4 2 0.845852
2 0 0 0.801392
3 2 4 0.980366
6 0 0 0.9274
7 0 0 1.07562

1
1 0 0 0.769863

5
1 5 1 0.919983
2 0 0 1.07901
3 3 1 0.984
6 0 0 0.982631
7 0 0 0.893368

3
1 1 1 0.922428
2 0 0 1.02842
3 0 0 0.800518

5
1 9 1 0.967528
2 0 0 0.813645
3 6 1 0.996585
6 0 0 0.923333
7 0 0 0.973121

3
1 10 1 0.804279
2 0 0 1.03974
3 0 0 0.866788

3
1 3 1 0.898858
2 0 0 0.894534
3 0 0 1.00623

3
1 10 1 0.931447
2 0 0 1.09688
3 0 0 0.853045

3
1 7 3 0.925024
2 0 0 0.900429
3 0 0 1.04154

5
1 10 1 0.838328
2 5 1 0.993844
4 0 0 1.01095
5 0 0 1.02118
3 0 0 0.894757

3
1 6 2 0.860787
2 0 0 0.890919
3 0 0 1.13414

3
1 4 3 0.803228
2 0 0 0.745032
3 0 0 1.01304

3
1 1 2 0.875564
2 0 0 0.892823
3 0 0 0.870678

3
1 9 1 0.894314
2 0 0 0.856276
3 0 0 0.946974

5
1 1 1 0.855237
2 7 1 1.00303
4 0 0 0.998306
5 0 0 0.969001
3 0 0 0.748046

3
1 10 1 0.901876
2 0 0 1.08512
3 0 0 0.824921

3
1 1 1 0.941963
2 0 0 1.01127
3 0 0 0.852001

1
1 0 0 0.812486

7
1 7 2 0.919858
2 0 0 1.02427
3 9 1 0.950006
6 0 0 1.11356
7 4 1 0.995938
14 0 0 1.16477
15 0 0 1.02622

3
1 0 69 0.850586
2 0 0 0.808806
3 0 0 1.03388

3
1 3 2 0.72393
2 0 0 0.763566
3 0 0 1.06871

3
1 10 1 0.859903
2 0 0 0.942991
3 0 0 0.724711

3
1 9 1 0.868302
2 0 0 0.837253
3 0 0 0.942513

3
1 1 2 0.870943
2 0 0 0.863185
3 0 0 0.947132

5
1 3 1 0.916238
2 6 3 0.959679
4 0 0 0.900963
5 0 0 0.979078
3 0 0 1.07223

3
1 0 5072 0.923523
2 0 0 0.83376
3 0 0 0.980983

3
1 4 1 0.874712
2 0 0 0.779226
3 0 0 0.905011

3
1 1 2 1.00427
2 0 0 0.862187
3 0 0 1.03773

3
1 5 3 0.742468
2 0 0 0.736074
3 0 0 1.00974

3
1 4 2 0.819838
2 0 0 0.849155
3 0 0 0.925869

5
1 1 1 0.879455
2 0 0 0.950645
3 7 3 0.838997
6 0 0 0.788558
7 0 0 0.950559

3
1 0 5010 0.830984
2 0 0 0.889074
3 0 0 0.975623

5
1 7 3 0.89786
2 0 5816 0.912694
4 0 0 0.830778
5 0 0 0.973574
3 0 0 0.962418

3
1 9 1 0.950113
2 0 0 0.878033
3 0 0 0.980642

3
1 9 1 0.838615
2 0 0 0.859719
3 0 0 1.02067

3
1 2 4 0.915638
2 0 0 0.809892
3 0 0 1.03913

3
1 5 2 0.86502
2 0 0 0.791733
3 0 0 1.06381

3
1 9 1 0.997148
2 0 0 0.916032
3 0 0 1.02046

3
1 10 1 0.877929
2 0 0 0.947818
3 0 0 0.960244

1
1 0 0 0.820004

5
1 4 2 0.878172
2 0 0 0.837908
3 0 4954 0.917448
6 0 0 1.00423
7 0 0 0.958838

3
1 10 1 0.877537
2 0 0 1.00179
3 0 0 0.795639

1
1 0 0 0.843143

3
1 0 9958 0.8423
2 0 0 0.798836
3 0 0 0.962797

5
1 4 1 0.941598
2 0 0 0.842176
3 11 2884 1.02747
6 0 0 1.25666
7 0 0 0.933524

1
1 0 0 0.812053

3
1 1 1 0.803913
2 0 0 1.02787
3 0 0 0.784214

3
1 10 1 0.790055
2 0 0 1.0573
3 0 0 0.751004

3
1 0 3926 0.897084
2 0 0 0.794777
3 0 0 0.947441

3
1 5 2 0.873791
2 0 0 0.838251
3 0 0 0.836387

1
1 0 0 0.942614

3
1 3 2 0.96046
2 0 0 0.984983
3 0 0 0.899417

3
1 9 1 0.910457
2 0 0 0.857505
3 0 0 0.980276

3
1 6 3 0.880405
2 0 0 0.809336
3 0 0 0.952585

5
1 0 4848 1.01176
2 7 2 0.918177
4 0 0 0.9136
5 0 0 1.05184
3 0 0 0.979194

3
1 11 1303 0.725164
2 0 0 1.03693
3 0 0 0.889001

3
1 7 3 0.761979
2 0 0 0.76603
3 0 0 1.14707

3
1 7 2 0.807929
2 0 0 0.823261
3 0 0 0.921797

1
1 0 0 0.902775

1
1 0 0 0.821095

1
1 0 0 0.748026

3
1 11 4478 0.943046
2 0 0 1.0061
3 0 0 0.945611

3
1 6 2 0.777352
2 0 0 0.730945
3 0 0 0.994322

3
1 2 3 0.836301
2 0 0 0.931679
3 0 0 0.893893

3
1 10 1 0.834382
2 0 0 1.05596
3 0 0 0.836678

5
1 10 1 0.913999
2 0 0 0.903281
3 7 3 0.938997
6 0 0 0.97371
7 0 0 0.988917

3
1 7 3 0.808633
2 0 0 0.828425
3 0 0 1.12741

5
1 10 1 0.881628
2 0 0 0.992773
3 5 2 0.856557
6 0 0 0.888466
7 0 0 0.996194

3
1 4 3 0.837885
2 0 0 0.808877
3 0 0 0.994464

3
1 1 2 0.921
2 0 0 0.795494
3 0 0 0.989382

5
1 7 3 0.905096
2 9 1 1.00187
4 0 0 0.851244
5 0 0 1.09904
3 0 0 0.891542

3
1 10 1 0.843882
2 0 0 1.03853
3 0 0 0.914536

3
1 9 1 0.861688
2 0 0 0.861745
3 0 0 1.04574

1
1 0 0 0.616209

1
1 0 0 0.860448

3
1 10 1 0.916368
2 0 0 0.920865
3 0 0 0.709198

3
1 10 1 0.835733
2 0 0 0.985605
3 0 0 0.78214

3
1 1 1 0.821578
2 0 0 1.08798
3 0 0 0.825662

3
1 11 2808 0.869109
2 0 0 0.89605
3 0 0 0.803464

1
1 0 0 0.807954

1
1 0 0 0.822586

1
1 0 0 0.809103

1
1 0 0 0.809777

1
1 0 0 0.745744

1
1 0 0 0.785817

3
1 1 2 0.885417
2 0 0 0.786964
3 0 0 1.0249

1
1 0 0 0.877705

3
1 1 2 0.946895
2 0 0 0.860714
3 0 0 0.957406

3
1 10 1 0.846478
2 0 0 1.01687
3 0 0 0.844063

1
1 0 0 0.90633

3
1 10 1 0.872761
2 0 0 0.946783
3 0 0 0.809999

3
1 10 1 0.804473
2 0 0 0.890124
3 0 0 0.810742

1
1 0 0 0.802727

3
1 1 1 0.897982
2 0 0 0.994873
3 0 0 0.888376

3
1 4 2 0.898726
2 0 0 0.79803
3 0 0 0.90211

3
1 10 1 0.891325
2 0 0 1.04864
3 0 0 0.857313

3
1 9 1 0.825902
2 0 0 0.765695
3 0 0 0.976523

3
1 10 1 0.836326
2 0 0 0.979236
3 0 0 0.857874

1
1 0 0 0.886415

3
1 1 2 0.76944
2 0 0 0.77815
3 0 0 1.04107

1
1 0 0 0.873733

3
1 4 3 0.80292
2 0 0 0.714868
3 0 0 1.10534

3
1 10 1 0.823922
2 0 0 0.980092
3 0 0 0.810893

3
1 1 1 0.922428
2 0 0 1.095
3 0 0 0.678729

3
1 10 1 0.871745
2 0 0 1.23618
3 0 0 0.754655

3
1 9 1 0.891013
2 0 0 0.769875
3 0 0 1.01515

1
1 0 0 0.755321

3
1 6 3 0.8145
2 0 0 0.805882
3 0 0 0.91378

5
1 10 1 0.918014
2 0 0 1.0177
3 4 3 0.758009
6 0 0 0.74576
7 0 0 0.934452

3
1 11 5289 0.835476
2 0 0 0.868835
3 0 0 0.977119

9
1 0 1647 1.01401
2 1 2 1.01288
4 0 0 0.94587
5 0 0 1.0189
3 1 2 1.00247
6 0 0 1.01158
7 2 4 0.885324
14 0 0 0.814783
15 0 0 1.03575

5
1 0 2118 0.974943
2 0 0 0.902802
3 6 1 0.904048
6 0 0 0.911102
7 0 0 0.944442

3
1 4 2 0.825786
2 0 0 0.825476
3 0 0 1.02197

5
1 4 2 0.889911
2 5 3 0.891001
4 0 0 0.887047
5 0 0 0.907915
3 0 0 0.93955

5
1 11 719 0.848244
2 11 343 1.12177
4 0 0 0.935623
5 0 0 1.18894
3 0 0 0.975754

3
1 10 1 0.901876
2 0 0 0.960648
3 0 0 0.76542

3
1 1 1 0.941963
2 0 0 1.07855
3 0 0 0.807745

5
1 1 2 0.881036
2 0 0 0.867103
3 11 526 1.01563
6 0 0 0.938122
7 0 0 1.02036

1
1 0 0 0.81865

1
1 0 0 0.823374

3
1 0 6412 0.936208
2 0 0 0.842995
3 0 0 1.02684

3
1 0 913 0.915699
2 0 0 0.887084
3 0 0 1.00588

1
1 0 0 0.787036

3
1 7 3 0.913393
2 0 0 0.859039
3 0 0 0.978985

1
1 0 0 0.931889

3
1 7 2 0.79248
2 0 0 0.842515
3 0 0 0.882942

3
1 4 1 0.812597
2 0 0 0.830837
3 0 0 0.837707

3
1 4 3 0.891342
2 0 0 0.84354
3 0 0 0.864479

3
1 7 2 0.927917
2 0 0 0.974696
3 0 0 1.01983

3
1 3 1 0.879053
2 0 0 0.917701
3 0 0 1.10678

3
1 1 1 0.879455
2 0 0 0.997756
3 0 0 0.758028

3
1 0 5766 0.831166
2 0 0 0.853214
3 0 0 0.95081

3
1 4 2 0.803335
2 0 0 0.92507
3 0 0 1.01344

7
1 11 1203 0.885706
2 11 867 0.936802
4 11 779 0.862289
8 0 0 0.943149
9 0 0 0.922194
5 0 0 0.980888
3 0 0 1.03448

3
1 5 3 0.745255
2 0 0 0.78167
3 0 0 1.03458

3
1 11 2842 0.814545
2 0 0 0.836236
3 0 0 0.718639

3
1 4 1 0.987072
2 0 0 0.872365
3 0 0 0.979107

3
1 9 1 0.997148
2 0 0 0.716948
3 0 0 0.949933

3
1 5 2 0.906613
2 0 0 0.841124
3 0 0 0.936771

5
1 5 1 0.893616
2 0 1388 0.938579
4 0 0 0.891148
5 0 0 1.06552
3 0 0 0.851411

3
1 11 494 0.907213
2 0 0 1.01621
3 0 0 0.92986

3
1 10 1 0.877537
2 0 0 1.11513
3 0 0 0.840434

3
1 10 1 0.816707
2 0 0 0.946427
3 0 0 0.739986

3
1 3 3 0.94058
2 0 0 0.89453
3 0 0 0.833458

7
1 4 1 0.941598
2 0 0 0.903267
3 11 2884 1.02747
6 0 4541 1.05839
12 0 0 1.02344
13 0 0 1.11944
7 0 0 0.935775

5
1 5 3 0.870896
2 0 3572 0.934304
4 0 0 0.905997
5 0 0 0.914073
3 0 0 0.972479

5
1 3 3 0.855623
2 1 2 0.856834
4 0 0 0.768058
5 0 0 1.03715
3 0 0 1.01055

1
1 0 0 0.830485

5
1 1 1 0.963991
2 2 3 1.05911
4 0 0 1.07718
5 0 0 0.963461
3 0 0 0.813339

3
1 4 3 0.785221
2 0 0 0.857786
3 0 0 0.901773

1
1 0 0 0.7772

1
1 0 0 0.811469

3
1 11 1401 0.855674
2 0 0 0.970484
3 0 0 0.855705

3
1 10 1 0.862831
2 0 0 1.05553
3 0 0 0.89356

5
1 6 3 0.793029
2 11 2211 0.814427
4 0 0 0.822017
5 0 0 0.786408
3 0 0 1.01467

3
1 1 1 0.905892
2 0 0 1.08586
3 0 0 0.873981

3
1 5 2 0.909399
2 0 0 0.846311
3 0 0 1.00151

5
1 5 1 0.882856
2 0 0 0.936873
3 1 2 1.00811
6 0 0 1.03126
7 0 0 1.00362

3
1 6 3 0.781583
2 0 0 0.865919
3 0 0 0.978789

5
1 6 1 0.851417
2 2 1 0.84376
4 0 0 0.959462
5 0 0 0.8875
3 0 0 0.82168

3
1 10 1 0.796753
2 0 0 0.980109
3 0 0 0.808306

5
1 5 3 0.82557
2 7 3 0.915619
4 0 0 0.893612
5 0 0 1.08206
3 0 0 1.04052

1
1 0 0 0.738912

1
1 0 0 0.771863

3
1 2 3 0.913788
2 0 0 0.898508
3 0 0 0.923748

3
1 6 2 0.785991
2 0 0 0.848923
3 0 0 1.02674

3
1 1 1 0.896245
2 0 0 1.01318
3 0 0 0.902899

1
1 0 0 0.869675

5
1 5 3 0.76768
2 11 1410 0.789788
4 0 0 1.04121
5 0 0 0.778325
3 0 0 1.04133

5
1 0 2696 0.948909
2 10 1 0.957849
4 0 0 1.01735
5 0 0 0.84457
3 0 0 0.931424

5
1 7 3 0.905096
2 9 1 1.00187
4 0 0 0.712203
5 0 0 1.07197
3 0 0 0.956791

3
1 2 4 0.832101
2 0 0 0.817574
3 0 0 0.90416

3
1 7 2 0.869845
2 0 0 0.87684
3 0 0 1.09759

1
1 0 0 0.847854

1
1 0 0 0.977964

3
1 10 1 0.916368
2 0 0 1.05528
3 0 0 0.718918

1
1 0 0 0.739909

3
1 0 3908 0.814197
2 0 0 0.829779
3 0 0 0.862917

3
1 11 2808 0.869109
2 0 0 1.05814
3 0 0 0.853969

3
1 7 3 0.790788
2 0 0 0.860224
3 0 0 0.987067

3
1 10 1 0.860393
2 0 0 0.990508
3 0 0 0.893918

3
1 1 2 0.902853
2 0 0 0.730868
3 0 0 1.02232

3
1 4 2 0.794578
2 0 0 0.890257
3 0 0 1.07943

1
1 0 0 0.762362

3
1 7 3 0.713675
2 0 0 0.729297
3 0 0 1.03113

3
1 0 7360 0.856226
2 0 0 0.822236
3 0 0 1.0217

1
1 0 0 0.843507

3
1 1 2 0.946895
2 0 0 0.737805
3 0 0 1.01383

1
1 0 0 0.88948

3
1 9 1 0.838211
2 0 0 0.80991
3 0 0 0.907557

3
1 10 1 0.872761
2 0 0 1.12041
3 0 0 0.791323

3
1 3 3 0.698954
2 0 0 0.744433
3 0 0 0.982156

3
1 5 2 0.795524
2 0 0 0.802693
3 0 0 0.886533

3
1 9 1 0.928226
2 0 0 0.770882
3 0 0 0.95698

3
1 10 1 0.812409
2 0 0 1.00402
3 0 0 0.715612

3
1 11 145 0.85457
2 0 0 0.989982
3 0 0 0.842359

3
1 1 1 0.911452
2 0 0 1.03899
3 0 0 0.749213

3
1 10 1 0.836326
2 0 0 0.989822
3 0 0 0.85165

3
1 10 1 0.866679
2 0 0 1.15875
3 0 0 0.837006

3
1 0 3701 0.877874
2 0 0 0.862175
3 0 0 1.00327

3
1 6 3 0.80871
2 0 0 0.834106
3 0 0 0.900759

5
1 4 3 0.838762
2 0 0 0.801963
3 11 3361 1.02285
6 0 0 1.11457
7 0 0 1.05799

3
1 10 1 0.823922
2 0 0 1.00954
3 0 0 0.750412

5
1 1 2 0.829538
2 0 0 0.787115
3 7 3 1.0621
6 0 0 1.04635
7 0 0 0.977836

1
1 0 0 0.825151

1
1 0 0 0.890493

3
1 0 5608 0.851975
2 0 0 0.72862
3 0 0 1.07023

1
1 0 0 0.76699

3
1 1 1 0.834734
2 0 0 1.03033
3 0 0 0.799393

1
1 0 0 0.696497

1
1 0 0 0.834225

3
1 6 3 0.716353
2 0 0 0.811051
3 0 0 0.975435

3
1 5 3 0.75307
2 0 0 0.782816
3 0 0 0.958758

3
1 1 2 0.859927
2 0 0 0.844849
3 0 0 1.08232

3
1 6 2 0.851595
2 0 0 0.825154
3 0 0 1.06451

5
1 0 3629 0.985985
2 0 2377 0.913181
4 0 0 0.896478
5 0 0 1.02606
3 0 0 0.887108

3
1 6 1 0.855141
2 0 0 0.87858
3 0 0 0.918958

5
1 6 3 0.963259
2 4 3 0.991833
4 0 0 0.940886
5 0 0 1.01356
3 0 0 0.962955

7
1 5 3 0.896709
2 10 1 0.857108
4 2 4 1.09571
8 0 0 1.07269
9 0 0 1.03888
5 0 0 0.861504
3 0 0 1.1743

3
1 5 3 0.68831
2 0 0 0.751049
3 0 0 1.03205

3
1 11 4563 0.879412
2 0 0 0.918783
3 0 0 0.837969

7
1 9 1 0.83816
2 0 6953 0.848585
4 5 2 0.844108
8 0 0 0.86377
9 0 0 0.882157
5 0 0 0.952433
3 0 0 0.887002

3
1 10 1 0.980572
2 0 0 0.929601
3 0 0 0.785618

3
1 10 1 0.872777
2 0 0 1.05782
3 0 0 0.821891

3
1 1 2 0.922172
2 0 0 0.842382
3 0 0 0.903996

3
1 3 3 0.849036
2 0 0 0.879445
3 0 0 1.12795

5
1 5 2 0.907072
2 10 1 0.915403
4 0 0 0.95818
5 0 0 0.873394
3 0 0 0.972679

3
1 6 3 0.842333
2 0 0 0.864529
3 0 0 1.03625

1
1 0 0 0.823021

1
1 0 0 0.891443

3
1 1 1 0.879455
2 0 0 1.04748
3 0 0 0.771049

3
1 4 2 0.884305
2 0 0 0.8513
3 0 0 0.974243

3
1 3 3 0.812216
2 0 0 0.839898
3 0 0 0.958228

1
1 0 0 0.924886

3
1 10 1 0.869345
2 0 0 0.943258
3 0 0 0.827163

3
1 6 3 0.944473
2 0 0 0.907525
3 0 0 0.917576

3
1 0 1692 0.820163
2 0 0 0.937097
3 0 0 0.971828

3
1 6 2 0.920008
2 0 0 0.937351
3 0 0 1.01534

3
1 0 3594 0.840027
2 0 0 0.831034
3 0 0 0.85274

3
1 3 2 0.816172
2 0 0 0.869359
3 0 0 0.921487

3
1 0 5166 0.856666
2 0 0 0.865713
3 0 0 0.821425

3
1 3 2 0.925574
2 0 0 0.92348
3 0 0 1.01237

3
1 2 2 0.829365
2 0 0 0.890569
3 0 0 0.81484

3
1 4 3 0.800262
2 0 0 0.925377
3 0 0 0.9168

5
1 4 1 0.941598
2 0 0 0.809182
3 11 2884 1.02747
6 0 0 1.04189
7 0 0 0.754507

3
1 3 3 0.770412
2 0 0 0.862488
3 0 0 1.0332

3
1 1 2 0.84948
2 0 0 0.79794
3 0 0 1.03474

7
1 0 3339 0.880306
2 0 3239 0.852622
4 0 0 0.838307
5 0 0 0.963369
3 11 2332 0.981348
6 0 0 1.0601
7 0 0 0.862418

3
1 1 1 0.963991
2 0 0 1.02092
3 0 0 0.773018

3
1 3 2 0.931424
2 0 0 0.905659
3 0 0 1.0296

5
1 6 1 0.86978
2 0 0 1.04345
3 1 1 0.914788
6 0 0 1.08475
7 0 0 0.871142

3
1 5 3 0.736485
2 0 0 0.7276
3 0 0 0.932262

3
1 10 1 0.86761
2 0 0 1.06369
3 0 0 0.782851

3
1 6 3 0.849493
2 0 0 0.782368
3 0 0 0.956145

1
1 0 0 0.93253

3
1 3 2 0.895135
2 0 0 0.904898
3 0 0 1.06298

3
1 4 1 0.970667
2 0 0 0.813583
3 0 0 1.0748

3
1 1 2 1.01774
2 0 0 0.885416
3 0 0 0.848741

3
1 1 2 0.864149
2 0 0 0.712736
3 0 0 0.999826

3
1 9 1 0.951752
2 0 0 0.941975
3 0 0 0.977182

3
1 3 1 0.930084
2 0 0 0.922357
3 0 0 0.954472

3
1 10 1 0.831593
2 0 0 1.09106
3 0 0 0.846342

3
1 3 3 0.849597
2 0 0 0.86452
3 0 0 0.993218

1
1 0 0 0.791985

3
1 4 2 0.829069
2 0 0 0.88039
3 0 0 0.845002

5
1 10 1 0.85806
2 3 1 1.0285
4 0 0 1.0288
5 0 0 0.902709
3 0 0 0.90139

1
1 0 0 0.83294

3
1 3 1 0.907117
2 0 0 0.868634
3 0 0 0.984011

1
1 0 0 0.84607

3
1 9 1 0.838795
2 0 0 0.816642
3 0 0 1.04144

7
1 11 2643 0.951657
2 10 1 1.07551
4 0 0 1.07387
5 0 0 1.09153
3 9 1 0.896948
6 0 0 0.925416
7 0 0 0.926915

3
1 2 4 0.843649
2 0 0 0.781283
3 0 0 0.950255

3
1 10 1 0.809636
2 0 0 0.995606
3 0 0 0.789348

3
1 4 2 0.817972
2 0 0 0.773027
3 0 0 0.922615

3
1 0 8963 0.742372
2 0 0 0.83921
3 0 0 0.994816

3
1 10 1 0.916368
2 0 0 1.12834
3 0 0 0.771021

1
1 0 0 0.801448

1
1 0 0 0.855991

3
1 7 1 0.897252
2 0 0 0.827445
3 0 0 0.953208

3
1 4 1 0.890007
2 0 0 0.874533
3 0 0 0.944047

3
1 10 1 0.860393
2 0 0 1.1602
3 0 0 0.70581

5
1 1 2 0.902853
2 0 9950 0.724639
4 0 0 0.750431
5 0 0 1.11194
3 0 0 1.00131

3
1 10 1 0.954925
2 0 0 1.05793
3 0 0 0.886892

5
1 1 2 0.860527
2 0 0 0.721556
3 6 3 0.907029
6 0 0 0.946937
7 0 0 0.920542

5
1 6 3 0.877255
2 4 2 0.85285
4 0 0 0.948381
5 0 0 0.976033
3 0 0 0.968261

3
1 4 3 0.686731
2 0 0 0.754487
3 0 0 1.01986

1
1 0 0 0.878926

5
1 7 3 0.850445
2 4 3 0.829927
4 0 0 0.832913
5 0 0 0.978227
3 0 0 1.10474

3
1 6 3 0.86212
2 0 0 0.923636
3 0 0 0.8851

3
1 6 2 0.895584
2 0 0 0.878921
3 0 0 0.977883

3
1 9 1 0.851568
2 0 0 0.777946
3 0 0 0.984345

5
1 2 4 0.899801
2 0 0 0.896278
3 6 1 0.96858
6 0 0 0.933633
7 0 0 0.96752

3
1 3 3 0.815243
2 0 0 0.892071
3 0 0 1.02913

5
1 1 2 0.87502
2 4 2 0.843142
4 0 0 0.903534
5 0 0 1.10401
3 0 0 1.10697

3
1 0 4551 0.859709
2 0 0 0.868159
3 0 0 0.836175

3
1 1 1 0.862845
2 0 0 0.984095
3 0 0 0.834696

1
1 0 0 0.752049

1
1 0 0 0.775929

3
1 10 1 0.866679
2 0 0 1.11352
3 0 0 0.828997

1
1 0 0 0.825944

3
1 3 1 0.821211
2 0 0 0.917007
3 0 0 0.945486

3
1 10 1 0.8038
2 0 0 0.966918
3 0 0 0.761509

3
1 11 2666 0.820844
2 0 0 1.02115
3 0 0 0.844624

1
1 0 0 0.86698

3
1 0 4991 0.934615
2 0 0 0.875397
3 0 0 0.968093

1
1 0 0 0.913283

3
1 1 1 0.843746
2 0 0 1.01501
3 0 0 0.672704

5
1 0 6437 0.838762
2 0 0 0.854391
3 2 1 0.898333
6 0 0 0.988323
7 0 0 0.962583

3
1 1 1 0.834734
2 0 0 1.02584
3 0 0 0.759416

3
1 7 3 0.822375
2 0 0 0.825299
3 0 0 0.96085

3
1 10 1 0.766954
2 0 0 1.04362
3 0 0 0.84183

3
1 5 3 0.718109
2 0 0 0.743553
3 0 0 1.0045

3
1 3 3 0.680815
2 0 0 0.691043
3 0 0 0.99997

3
1 3 3 0.771358
2 0 0 0.747885
3 0 0 0.950496

3
1 10 1 0.890904
2 0 0 0.943391
3 0 0 0.876756

5
1 11 5360 0.803649
2 7 3 0.818674
4 0 0 0.778193
5 0 0 0.921953
3 0 0 1.0236

5
1 10 1 0.845772
2 0 4335 0.956086
4 0 0 1.05204
5 0 0 0.889743
3 0 0 0.898387

3
1 11 3454 0.829105
2 0 0 0.820038
3 0 0 0.940994

5
1 1 2 0.898767
2 0 0 0.716908
3 0 3696 0.926116
6 0 0 0.955826
7 0 0 0.930987

3
1 1 2 0.921393
2 0 0 0.761299
3 0 0 0.949739

5
1 4 2 0.868395
2 1 2 0.900488
4 0 0 0.84598
5 0 0 1.04421
3 0 0 1.04866

3
1 9 1 0.846374
2 0 0 0.857427
3 0 0 0.925967

5
1 1 2 0.964559
2 10 1 0.903681
4 0 0 0.981455
5 0 0 0.775593
3 0 0 0.98277

1
1 0 0 0.726232

5
1 11 4155 1.00616
2 0 0 1.0486
3 3 2 0.926291
6 0 0 0.896651
7 0 0 0.844708

3
1 7 1 0.753154
2 0 0 0.937869
3 0 0 0.962957

5
1 11 5275 0.796985
2 0 0 0.798041
3 0 6682 0.795962
6 0 0 0.880078
7 0 0 0.926304

3
1 6 2 0.749284
2 0 0 0.843158
3 0 0 1.00759

3
1 0 4161 0.866043
2 0 0 0.761011
3 0 0 0.894019

3
1 10 1 0.838838
2 0 0 0.888209
3 0 0 0.783678

3
1 1 1 0.879455
2 0 0 1.00406
3 0 0 0.817426

7
1 4 2 0.884305
2 0 0 0.888854
3 9 1 1.02711
6 0 0 1.02605
7 4 3 0.932054
14 0 0 1.02165
15 0 0 0.938353

1
1 0 0 0.746175

3
1 6 2 0.874384
2 0 0 0.862441
3 0 0 1.06563

3
1 4 1 0.903452
2 0 0 0.886407
3 0 0 0.928835

1
1 0 0 0.842224

5
1 9 1 0.955424
2 0 1971 0.964157
4 0 0 0.838622
5 0 0 1.04541
3 0 0 1.07984

1
1 0 0 0.79317

3
1 1 1 0.850439
2 0 0 1.06177
3 0 0 0.856763

7
1 7 2 0.971039
2 5 2 0.958713
4 0 0 0.965411
5 0 0 1.00239
3 1 2 1.0547
6 0 0 0.935532
7 0 0 1.0254

3
1 1 1 0.859409
2 0 0 0.962735
3 0 0 0.799735

3
1 0 4600 0.917381
2 0 0 0.913114
3 0 0 1.07777

1
1 0 0 0.827724

3
1 10 1 0.827824
2 0 0 0.945252
3 0 0 0.812136

5
1 4 1 0.941598
2 0 0 0.885446
3 11 2884 1.02747
6 0 0 1.08947
7 0 0 0.892375

5
1 7 3 0.84229
2 10 1 0.867771
4 0 0 0.992157
5 0 0 0.92546
3 0 0 0.985775

3
1 4 2 0.909187
2 0 0 0.897613
3 0 0 0.944935

1
1 0 0 0.816637

1
1 0 0 0.847698

3
1 5 2 0.77819
2 0 0 0.911758
3 0 0 1.02381

3
1 4 3 0.755381
2 0 0 0.806617
3 0 0 0.930774

3
1 5 3 0.851087
2 0 0 0.876042
3 0 0 1.03057

3
1 10 1 0.947753
2 0 0 0.998936
3 0 0 0.89766

3
1 10 1 0.858038
2 0 0 0.989872
3 0 0 0.810618

3
1 1 1 0.904275
2 0 0 0.934942
3 0 0 0.901411

3
1 7 2 0.788744
2 0 0 0.86563
3 0 0 0.947707

3
1 1 1 0.881035
2 0 0 0.989816
3 0 0 0.825206

3
1 0 3444 0.937541
2 0 0 0.824104
3 0 0 0.912972

3
1 11 2704 0.919967
2 0 0 0.926612
3 0 0 0.853964

1
1 0 0 0.791685

3
1 3 2 0.802835
2 0 0 0.806386
3 0 0 1.0621

3
1 10 1 0.889018
2 0 0 0.888461
3 0 0 0.879537

5
1 9 1 0.854263
2 0 0 0.820099
3 2 2 0.927308
6 0 0 0.852627
7 0 0 1.01437

3
1 1 1 0.864672
2 0 0 0.979844
3 0 0 0.80669

5
1 1 2 0.900361
2 0 0 0.902375
3 6 3 0.929061
6 0 0 0.966678
7 0 0 1.06472

3
1 5 2 0.867757
2 0 0 0.872689
3 0 0 0.969009

3
1 0 3624 0.867801
2 0 0 0.863871
3 0 0 0.931542

3
1 1 1 0.815177
2 0 0 1.05397
3 0 0 0.834425

3
1 5 2 0.799252
2 0 0 0.840296
3 0 0 0.969838

3
1 10 1 0.946558
2 0 0 0.984088
3 0 0 0.819548

3
1 6 3 1.02704
2 0 0 0.930926
3 0 0 0.973692

7
1 1 1 0.860752
2 0 0 1.02282
3 3 2 0.873375
6 1 2 0.895129
12 0 0 0.959521
13 0 0 0.941171
7 0 0 0.974003

3
1 2 4 0.836985
2 0 0 0.801501
3 0 0 0.84904

3
1 9 1 0.970678
2 0 0 0.814738
3 0 0 1.00482

3
1 1 2 0.846371
2 0 0 0.889424
3 0 0 1.09825

3
1 10 1 0.916368
2 0 0 0.915563
3 0 0 0.954822

3
1 6 3 0.695335
2 0 0 0.770668
3 0 0 1.03233

3
1 0 4393 0.800718
2 0 0 0.855642
3 0 0 0.815492

3
1 9 1 0.761765
2 0 0 0.775823
3 0 0 0.871625

3
1 3 3 0.904887
2 0 0 0.867978
3 0 0 1.11543

5
1 10 1 0.860393
2 5 1 1.04184
4 0 0 1.16356
5 0 0 0.940336
3 0 0 0.818571

3
1 10 1 0.785379
2 0 0 1.1064
3 0 0 0.837794

3
1 1 2 0.868868
2 0 0 0.7276
3 0 0 0.983431

11
1 0 1585 0.861272
2 3 2 0.907318
4 0 105 0.91708
8 0 0 0.875473
9 0 0 1.01751
5 3 3 1.08467
10 2 2 1.08817
20 0 0 1.0083
21 0 0 0.965658
11 0 0 1.05251
3 0 0 0.850913

3
1 5 3 0.930832
2 0 0 0.869294
3 0 0 0.935498

5
1 3 3 0.68136
2 4 3 0.709586
4 0 0 0.730545
5 0 0 1.03048
3 0 0 1.02003

3
1 4 1 0.872185
2 0 0 0.863321
3 0 0 0.921265

5
1 1 1 0.830208
2 5 1 0.970354
4 0 0 1.07758
5 0 0 1.00367
3 0 0 0.656382

3
1 1 2 0.838344
2 0 0 0.866979
3 0 0 0.940808

1
1 0 0 0.857378

1
1 0 0 0.778499

3
1 7 3 0.857657
2 0 0 0.809937
3 0 0 0.963798

3
1 5 3 0.835077
2 0 0 0.960863
3 0 0 1.10699

3
1 6 2 0.86438
2 0 0 0.820287
3 0 0 0.971511

1
1 0 0 0.755823

5
1 10 1 0.882401
2 0 0 1.05137
3 0 5925 0.893029
6 0 0 0.878731
7 0 0 0.996425

1
1 0 0 0.746208

3
1 11 2886 0.931662
2 0 0 1.04213
3 0 0 0.852822

3
1 3 1 0.898247
2 0 0 0.90467
3 0 0 0.933159

3
1 1 1 0.92455
2 0 0 1.16448
3 0 0 0.848809

1
1 0 0 0.901401

5
1 1 1 0.792437
2 0 0 0.979244
3 7 3 0.826125
6 0 0 0.84493
7 0 0 1.06133

1
1 0 0 0.74259

3
1 4 2 0.829057
2 0 0 0.732424
3 0 0 1.07554

3
1 0 5548 0.880864
2 0 0 0.927047
3 0 0 0.991496

5
1 7 3 0.939929
2 1 2 0.893826
4 0 0 0.755228
5 0 0 1.01503
3 0 0 1.16716

5
1 1 1 0.843746
2 0 0 0.944167
3 6 3 0.82262
6 0 0 0.81422
7 0 0 1.12068

3
1 1 1 0.881545
2 0 0 1.04827
3 0 0 0.744876

5
1 1 1 0.874729
2 0 3930 0.947788
4 0 0 0.912405
5 0 0 1.00235
3 0 0 0.883639

3
1 4 3 0.822968
2 0 0 0.791017
3 0 0 1.13348

3
1 7 2 0.810744
2 0 0 0.892528
3 0 0 1.03495

1
1 0 0 0.881121

1
1 0 0 0.904355

3
1 0 9906 0.904617
2 0 0 0.843804
3 0 0 0.96181

3
1 2 4 0.793501
2 0 0 0.795865
3 0 0 0.857353

5
1 7 2 0.872122
2 0 0 0.851891
3 1 2 0.886774
6 0 0 0.89519
7 0 0 0.938019

3
1 7 3 0.733918
2 0 0 0.707319
3 0 0 0.95022

1
1 0 0 0.757409

3
1 6 1 0.889419
2 0 0 0.947822
3 0 0 0.806281

3
1 10 1 0.828558
2 0 0 0.979404
3 0 0 0.756517

3
1 9 1 0.899351
2 0 0 0.803278
3 0 0 1.09886

3
1 9 1 0.846374
2 0 0 0.826827
3 0 0 0.935909

1
1 0 0 0.893076

7
1 6 1 0.909083
2 5 2 0.995759
4 5 1 0.939234
8 0 0 0.943472
9 0 0 0.761459
5 0 0 0.94857
3 0 0 0.858827

3
1 3 1 0.885684
2 0 0 0.808302
3 0 0 0.961449

1
1 0 0 0.762516

3
1 9 1 0.868338
2 0 0 0.762047
3 0 0 1.05597

1
1 0 0 1.00982

3
1 3 3 0.820999
2 0 0 0.870558
3 0 0 0.978647

5
1 9 1 0.827149
2 1 1 0.967609
4 0 0 0.964084
5 0 0 0.794961
3 0 0 0.961786

3
1 1 1 0.879455
2 0 0 0.97037
3 0 0 0.851093

3
1 7 3 0.815985
2 0 0 0.80545
3 0 0 0.962963

3
1 1 1 0.809624
2 0 0 1.07564
3 0 0 0.799161

3
1 5 2 0.776841
2 0 0 0.741815
3 0 0 1.0304

5
1 9 1 0.851692
2 0 0 0.866276
3 4 1 0.939161
6 0 0 0.895897
7 0 0 0.909161

1
1 0 0 0.782077

3
1 3 2 0.940108
2 0 0 0.864098
3 0 0 0.92116

3
1 9 1 0.904684
2 0 0 0.830648
3 0 0 1.05323

5
1 0 5682 0.928917
2 10 1 0.839101
4 0 0 0.992768
5 0 0 0.713969
3 0 0 1.00244

3
1 10 1 0.894983
2 0 0 1.0617
3 0 0 0.783641

5
1 9 1 0.864529
2 4 2 0.897535
4 0 0 0.862708
5 0 0 1.02109
3 0 0 1.06193

1
1 0 0 0.75473

3
1 0 4267 0.868813
2 0 0 0.862761
3 0 0 0.985184

3
1 7 1 0.912491
2 0 0 0.916224
3 0 0 0.994245

7
1 4 1 0.941598
2 2 4 0.91343
4 0 0 0.943782
5 0 0 0.98164
3 11 2884 1.02747
6 0 0 1.01393
7 0 0 0.843857

1
1 0 0 0.822023

1
1 0 0 0.802332

3
1 1 1 0.932894
2 0 0 0.935272
3 0 0 0.963856

3
1 5 3 0.90026
2 0 0 0.905753
3 0 0 0.950729

5
1 11 2791 0.951448
2 0 0 0.972053
3 6 2 0.732501
6 0 0 0.722768
7 0 0 0.948143

1
1 0 0 0.851659

3
1 10 1 0.90047
2 0 0 1.17598
3 0 0 0.772814

3
1 5 1 0.946796
2 0 0 0.94722
3 0 0 0.992156

3
1 11 2216 0.886213
2 0 0 1.04337
3 0 0 0.85508

3
1 1 1 0.904275
2 0 0 0.999197
3 0 0 0.782013

5
1 11 5214 0.854519
2 6 1 1.02404
4 0 0 0.938452
5 0 0 1.0031
3 0 0 0.98075

1
1 0 0 0.880832

1
1 0 0 0.742109

3
1 10 1 0.870193
2 0 0 0.84885
3 0 0 0.881097

3
1 4 1 0.948475
2 0 0 0.859924
3 0 0 1.07534

3
1 3 3 0.766387
2 0 0 0.806928
3 0 0 1.02388

3
1 0 3204 0.908365
2 0 0 0.874853
3 0 0 0.9402

5
1 2 2 0.872416
2 1 1 0.979913
4 0 0 1.20799
5 0 0 0.86988
3 0 0 0.971257

3
1 1 1 0.864672
2 0 0 1.06181
3 0 0 0.848318

3
1 1 1 0.89653
2 0 0 1.06382
3 0 0 0.666367

3
1 11 3225 0.857594
2 0 0 0.841759
3 0 0 0.961684

3
1 6 2 0.772434
2 0 0 0.802897
3 0 0 0.96431

3
1 0 3539 0.848629
2 0 0 0.923751
3 0 0 0.935797

5
1 4 3 0.817314
2 3 2 0.867898
4 0 0 0.849287
5 0 0 0.946779
3 0 0 1.13893

1
1 0 0 0.863814

3
1 5 2 0.860608
2 0 0 0.879906
3 0 0 0.939548

5
1 10 1 0.983682
2 0 2361 1.1516
4 0 0 1.03406
5 0 0 1.16924
3 0 0 0.790546

1
1 0 0 0.735418

3
1 9 1 0.789425
2 0 0 0.849047
3 0 0 0.931549

7
1 1 2 0.846371
2 0 0 0.824305
3 11 2272 1.09259
6 0 0 1.03452
7 0 190 1.04196
14 0 0 0.981606
15 0 0 1.0098

3
1 10 1 0.916368
2 0 0 1.08604
3 0 0 0.83831

5
1 11 1465 0.836814
2 4 1 0.893435
4 0 0 1.00763
5 0 0 0.984589
3 0 0 0.883872

3
1 9 1 0.903426
2 0 0 0.799352
3 0 0 1.07434

3
1 4 2 0.979936
2 0 0 0.848075
3 0 0 0.984198

3
1 6 1 0.897851
2 0 0 1.03207
3 0 0 0.919711

3
1 6 2 0.842489
2 0 0 0.834806
3 0 0 0.862597

3
1 1 2 0.899131
2 0 0 0.937169
3 0 0 0.974482

3
1 3 3 0.832935
2 0 0 0.82818
3 0 0 0.948315

3
1 3 3 0.779604
2 0 0 0.768967
3 0 0 0.94721

3
1 10 1 0.865542
2 0 0 1.02756
3 0 0 0.889442

1
1 0 0 0.780222

3
1 9 1 0.847356
2 0 0 0.761425
3 0 0 0.971576

5
1 10 1 0.871942
2 0 1185 0.926715
4 0 0 1.10454
5 0 0 0.939429
3 0 0 0.888059

3
1 7 3 0.756539
2 0 0 0.84491
3 0 0 0.952176

3
1 1 1 0.803629
2 0 0 0.994573
3 0 0 0.765969

3
1 3 3 0.827226
2 0 0 0.786391
3 0 0 0.983631

5
1 11 3823 0.978168
2 0 0 0.876852
3 3 3 0.799574
6 0 0 0.779274
7 0 0 1.06112

3
1 10 1 0.885341
2 0 0 1.04007
3 0 0 0.824324

1
1 0 0 0.871837

3
1 5 3 0.88466
2 0 0 0.862382
3 0 0 1.06881

3
1 10 1 0.882401
2 0 0 0.910825
3 0 0 0.684524

3
1 6 3 0.783684
2 0 0 0.801577
3 0 0 0.999173

3
1 4 3 0.782298
2 0 0 0.76748
3 0 0 0.928499

1
1 0 0 0.853323

3
1 1 1 0.92455
2 0 0 1.03399
3 0 0 0.762699

3
1 10 1 1.04787
2 0 0 0.929866
3 0 0 0.757759

5
1 1 1 0.792437
2 2 1 0.997235
4 0 0 1.03716
5 0 0 0.99991
3 0 0 0.906346

3
1 2 3 0.878538
2 0 0 0.874663
3 0 0 1.0082

1
1 0 0 0.894265

5
1 2 1 0.873851
2 3 1 0.909469
4 0 0 0.923744
5 0 0 0.955619
3 0 0 0.957879

1
1 0 0 0.815651

1
1 0 0 0.787337

5
1 1 1 0.881545
2 0 0 0.982883
3 11 2372 0.748752
6 0 0 0.80102
7 0 0 0.740063

3
1 1 1 0.874729
2 0 0 0.971435
3 0 0 0.763799

3
1 10 1 0.888408
2 0 0 1.10411
3 0 0 0.84753

3
1 10 1 0.83354
2 0 0 1.09672
3 0 0 0.863146

5
1 1 1 0.773581
2 2 1 0.985301
4 0 0 0.991586
5 0 0 0.878194
3 0 0 0.697687

3
1 4 2 0.81891
2 0 0 0.823674
3 0 0 0.944305

3
1 6 2 0.789415
2 0 0 0.73777
3 0 0 0.980164

3
1 5 2 0.85979
2 0 0 0.877016
3 0 0 0.901727

3
1 10 1 0.844474
2 0 0 0.846932
3 0 0 0.776512

5
1 2 2 0.889071
2 10 1 0.943201
4 0 0 1.09512
5 0 0 0.897438
3 0 0 0.971406

3
1 3 2 0.824506
2 0 0 0.929085
3 0 0 1.02533

3
1 4 3 0.749358
2 0 0 0.839668
3 0 0 0.953744

5
1 5 2 0.836797
2 0 4247 0.809883
4 0 0 0.829615
5 0 0 1.00772
3 0 0 0.910396

1
1 0 0 0.816689

5
1 6 1 0.882481
2 2 2 0.888648
4 0 0 1.01272
5 0 0 0.781197
3 0 0 0.852648

3
1 11 1566 0.902201
2 0 0 1.06846
3 0 0 0.872393

1
1 0 0 0.639002

3
1 6 3 0.824831
2 0 0 0.828968
3 0 0 1.00095

3
1 11 2819 0.858921
2 0 0 1.07354
3 0 0 0.780443

1
1 0 0 0.895886

5
1 3 1 0.908365
2 10 1 0.862428
4 0 0 0.963437
5 0 0 0.823633
3 0 0 0.951284

1
1 0 0 0.734669

5
1 9 1 0.827149
2 2 1 0.818471
4 0 0 0.949971
5 0 0 0.886138
3 0 0 1.06871

3
1 4 2 0.813678
2 0 0 0.7753
3 0 0 1.0313

3
1 11 268 0.852058
2 0 0 0.888338
3 0 0 0.841503

3
1 7 3 0.841742
2 0 0 0.83941
3 0 0 0.920506

3
1 4 3 0.853493
2 0 0 0.826691
3 0 0 1.00573

3
1 9 1 0.851692
2 0 0 0.848976
3 0 0 1.14209

3
1 0 5887 0.80503
2 0 0 0.813277
3 0 0 1.09205

3
1 1 1 0.86959
2 0 0 0.92644
3 0 0 0.843002

5
1 9 1 0.888934
2 0 0 0.700506
3 4 2 1.0214
6 0 0 1.11107
7 0 0 1.01364

3
1 10 1 0.863601
2 0 0 0.977864
3 0 0 0.806285

3
1 10 1 0.894983
2 0 0 0.995549
3 0 0 0.80366

1
1 0 0 0.789901

3
1 11 4999 0.867905
2 0 0 0.864246
3 0 0 0.880287

3
1 2 4 0.953076
2 0 0 0.931988
3 0 0 0.97646

3
1 10 1 0.876502
2 0 0 1.07012
3 0 0 0.842581

5
1 4 1 0.941598
2 0 0 0.879941
3 11 2884 1.02747
6 0 0 1.00577
7 0 0 0.870445

3
1 9 1 0.854435
2 0 0 0.855675
3 0 0 1.05934

3
1 10 1 0.819431
2 0 0 0.935985
3 0 0 0.816744

1
1 0 0 0.816287

3
1 1 1 0.822488
2 0 0 1.0298
3 0 0 0.855514

3
1 9 1 0.871879
2 0 0 0.787075
3 0 0 0.908521

1
1 0 0 0.863113

3
1 10 1 0.90047
2 0 0 1.01203
3 0 0 0.822375

5
1 0 6387 0.829492
2 0 0 0.678692
3 3 3 1.05293
6 0 0 0.970183
7 0 0 0.991429

3
1 0 5395 0.874356
2 0 0 0.88687
3 0 0 0.964238

3
1 9 1 0.880576
2 0 0 0.854655
3 0 0 0.992355

3
1 1 1 0.965002
2 0 0 0.957168
3 0 0 0.831975

3
1 9 1 0.987724
2 0 0 0.95579
3 0 0 1.01607

3
1 5 3 0.825803
2 0 0 0.810475
3 0 0 0.993018

3
1 6 3 0.902321
2 0 0 0.850554
3 0 0 0.993366

3
1 1 1 0.89032
2 0 0 1.06653
3 0 0 0.847874

1
1 0 0 0.924825

1
1 0 0 0.875537

5
1 9 1 0.860777
2 0 0 0.843978
3 11 3529 0.916924
6 0 0 0.949743
7 0 0 0.950526

5
1 5 2 0.850244
2 0 0 0.879536
3 11 3837 0.966928
6 0 0 0.966178
7 0 0 1.07166

3
1 11 4738 0.878598
2 0 0 0.913029
3 0 0 1.00225

3
1 1 1 0.81893
2 0 0 1.02359
3 0 0 0.749726

3
1 4 3 0.701551
2 0 0 0.726766
3 0 0 0.819328

3
1 10 1 0.84398
2 0 0 1.02441
3 0 0 0.823342

3
1 4 3 0.900476
2 0 0 0.957414
3 0 0 0.953677

3
1 7 3 0.80332
2 0 0 0.906101
3 0 0 0.832373

1
1 0 0 0.835369

3
1 10 1 0.983682
2 0 0 1.04176
3 0 0 0.815052

5
1 1 2 0.88162
2 5 2 0.88216
4 0 0 0.790398
5 0 0 1.05853
3 0 0 1.00919

3
1 3 2 0.841563
2 0 0 0.895281
3 0 0 0.99115

3
1 0 7154 0.867508
2 0 0 0.858204
3 0 0 0.913181

3
1 3 2 0.864947
2 0 0 0.882898
3 0 0 0.859782

3
1 9 1 0.866147
2 0 0 0.85954
3 0 0 0.885149

3
1 9 1 0.857705
2 0 0 0.882811
3 0 0 1.03392

7
1 4 2 0.979936
2 1 2 0.868404
4 0 0 0.803373
5 6 2 1.03085
10 0 0 0.935391
11 0 0 0.922984
3 0 0 0.940456

1
1 0 0 0.700021

1
1 0 0 0.963284

3
1 1 2 0.92379
2 0 0 0.942911
3 0 0 0.814615

5
1 7 2 0.872259
2 0 0 0.826633
3 0 5132 0.919892
6 0 0 1.0102
7 0 0 0.988656

3
1 2 2 0.837271
2 0 0 1.00427
3 0 0 0.937324

3
1 10 1 0.865542
2 0 0 0.956864
3 0 0 0.796212

3
1 1 2 0.896558
2 0 0 0.75057
3 0 0 1.06805

3
1 11 209 0.973079
2 0 0 1.07672
3 0 0 0.970953

3
1 1 2 0.934225
2 0 0 0.868045
3 0 0 1.06393

3
1 6 2 0.841915
2 0 0 0.846035
3 0 0 1.01534

3
1 9 1 0.906328
2 0 0 0.871213
3 0 0 0.896

3
1 6 3 0.776908
2 0 0 0.794484
3 0 0 1.00019

3
1 1 1 0.828971
2 0 0 1.1047
3 0 0 0.87632

1
1 0 0 0.897791

1
1 0 0 0.846005

7
1 0 5705 0.8633
2 0 0 0.849006
3 11 1529 1.00945
6 0 0 1.07469
7 2 3 1.06232
14 0 0 0.947635
15 0 0 0.995357

3
1 1 2 0.811486
2 0 0 0.888787
3 0 0 1.1135

3
1 6 3 0.710538
2 0 0 0.870468
3 0 0 0.960329

3
1 7 3 0.772561
2 0 0 0.746011
3 0 0 1.08098

3
1 4 3 0.824091
2 0 0 0.883652
3 0 0 1.02517

5
1 4 1 0.815245
2 0 0 0.81135
3 11 3036 0.950071
6 0 0 1.10209
7 0 0 0.77987

3
1 10 1 0.901979
2 0 0 1.00056
3 0 0 0.762947

3
1 9 1 0.878639
2 0 0 0.814653
3 0 0 1.01147

3
1 4 3 0.708337
2 0 0 0.750817
3 0 0 1.06976

3
1 1 1 0.946339
2 0 0 1.07156
3 0 0 0.796743

3
1 7 3 0.798647
2 0 0 0.780834
3 0 0 0.905471

5
1 4 3 0.803365
2 7 3 0.771292
4 0 0 0.775897
5 0 0 0.859882
3 0 0 1.10537

1
1 0 0 0.788356

3
1 6 3 0.885353
2 0 0 0.891355
3 0 0 0.887755

3
1 11 1579 0.863466
2 0 0 1.01809
3 0 0 0.968392

3
1 9 1 0.822428
2 0 0 0.764617
3 0 0 1.06717

3
1 10 1 0.83354
2 0 0 1.06258
3 0 0 0.737257

3
1 1 1 0.773581
2 0 0 0.977774
3 0 0 0.777978

3
1 1 1 0.893445
2 0 0 1.08564
3 0 0 0.729498

1
1 0 0 0.868558

3
1 7 2 0.82433
2 0 0 0.811379
3 0 0 0.905072

3
1 9 1 0.893511
2 0 0 0.773251
3 0 0 0.962792

3
1 5 2 0.83413
2 0 0 0.795725
3 0 0 0.979299

1
1 0 0 0.847315

3
1 11 3940 0.912057
2 0 0 0.911944
3 0 0 0.931165

3
1 0 5129 0.867435
2 0 0 0.869073
3 0 0 0.996846

1
1 0 0 0.808645

1
1 0 0 0.833921

1
1 0 0 0.838012

5
1 7 3 0.889657
2 11 4206 0.928938
4 0 0 0.917183
5 0 0 0.942979
3 0 0 0.838158

3
1 3 1 0.816541
2 0 0 0.844441
3 0 0 0.928928

3
1 10 1 0.875156
2 0 0 1.04211
3 0 0 0.740724

5
1 0 8878 0.79826
2 0 0 0.911698
3 0 9131 1.03993
6 0 0 1.07234
7 0 0 0.951634

5
1 2 1 0.849435
2 10 1 0.87302
4 0 0 0.977522
5 0 0 0.868744
3 0 0 0.876561

3
1 3 1 0.922054
2 0 0 0.905419
3 0 0 0.898001

3
1 1 1 0.896205
2 0 0 0.867927
3 0 0 0.857989

5
1 4 2 0.816234
2 0 0 0.828127
3 11 4994 0.928447
6 0 0 0.904363
7 0 0 0.938121

3
1 5 2 0.790404
2 0 0 0.795564
3 0 0 1.00451

3
1 5 3 0.764463
2 0 0 0.723241
3 0 0 1.00927

5
1 2 4 0.844579
2 0 0 0.840594
3 0 7665 0.892257
6 0 0 0.942594
7 0 0 1.05416

5
1 0 4391 0.797865
2 0 0 0.897144
3 4 2 1.02495
6 0 0 0.970633
7 0 0 0.955546

1
1 0 0 0.772538

3
1 4 3 0.837494
2 0 0 0.877565
3 0 0 1.06666

3
1 11 5323 0.793161
2 0 0 0.797914
3 0 0 1.00603

1
1 0 0 0.878169

3
1 3 3 0.806584
2 0 0 0.804536
3 0 0 1.16158

3
1 6 2 0.854397
2 0 0 0.776057
3 0 0 0.997518

5
1 11 2723 0.841906
2 0 0 1.04247
3 5 3 0.897535
6 0 0 0.898064
7 0 0 0.967481

3
1 5 3 0.911194
2 0 0 0.882119
3 0 0 0.918646

3
1 10 1 0.92251
2 0 0 0.93781
3 0 0 0.907747

5
1 4 1 0.941598
2 3 1 0.879089
4 0 0 0.79668
5 0 0 0.997905
3 0 0 0.988531

3
1 9 1 0.854435
2 0 0 0.900826
3 0 0 1.02934

3
1 1 1 0.829467
2 0 0 1.0997
3 0 0 0.702132

1
1 0 0 0.822189

3
1 10 1 0.931263
2 0 0 0.916829
3 0 0 0.771504

1
1 0 0 0.84324

3
1 9 1 0.841696
2 0 0 0.721472
3 0 0 0.997437

3
1 10 1 0.90047
2 0 0 1.15548
3 0 0 0.956678

1
1 0 0 0.729025

3
1 0 5395 0.874356
2 0 0 0.820603
3 0 0 1.03148

3
1 5 1 0.870942
2 0 0 0.920608
3 0 0 0.911845

5
1 1 1 0.965002
2 11 91 1.04374
4 0 0 1.082
5 0 0 1.03036
3 0 0 0.806612

1
1 0 0 0.737224

3
1 11 3336 0.888106
2 0 0 0.941269
3 0 0 0.988397

3
1 7 2 0.912262
2 0 0 0.907263
3 0 0 1.15732

5
1 1 1 0.89032
2 0 0 1.07268
3 9 1 0.911648
6 0 0 0.802335
7 0 0 1.02987

3
1 11 369 0.955981
2 0 0 0.944427
3 0 0 0.924489

3
1 5 3 0.786304
2 0 0 0.791072
3 0 0 1.01914

1
1 0 0 0.925059

3
1 7 2 0.950441
2 0 0 0.765158
3 0 0 0.78044

3
1 1 1 0.878415
2 0 0 1.03691
3 0 0 0.805985

3
1 1 1 0.81893
2 0 0 1.0074
3 0 0 0.782943

3
1 7 2 0.811406
2 0 0 0.995625
3 0 0 0.918552

3
1 10 1 0.886796
2 0 0 1.10764
3 0 0 0.792009

1
1 0 0 0.821647

3
1 1 2 0.889873
2 0 0 0.873003
3 0 0 0.901638

1
1 0 0 0.806157

5
1 7 3 0.864335
2 4 3 0.850143
4 0 0 0.871868
5 0 0 0.934426
3 0 0 0.96581

3
1 5 3 0.965093
2 0 0 0.822977
3 0 0 1.02705

1
1 0 0 0.862226

3
1 11 2915 0.898489
2 0 0 0.878481
3 0 0 0.775219

3
1 11 5256 0.897399
2 0 0 0.983302
3 0 0 1.0193

3
1 11 4896 0.881051
2 0 0 0.887527
3 0 0 0.940156

5
1 1 2 0.935634
2 3 1 0.919269
4 0 0 0.969012
5 0 0 0.930648
3 0 0 1.09886

3
1 4 2 0.979936
2 0 0 0.816018
3 0 0 0.973817

3
1 0 6335 0.946687
2 0 0 0.855371
3 0 0 1.05241

3
1 9 1 0.897134
2 0 0 0.801296
3 0 0 1.05663

3
1 4 2 0.841457
2 0 0 0.821831
3 0 0 1.04834

3
1 5 2 0.863978
2 0 0 0.867989
3 0 0 0.991107

3
1 9 1 0.947328
2 0 0 0.798395
3 0 0 0.880949

3
1 10 1 0.865542
2 0 0 0.944824
3 0 0 0.758367

3
1 9 1 0.933951
2 0 0 0.778425
3 0 0 1.03072

3
1 0 9431 0.853216
2 0 0 0.82893
3 0 0 1.13015

3
1 1 1 0.998845
2 0 0 1.015
3 0 0 0.790394

3
1 1 1 0.868749
2 0 0 0.970193
3 0 0 0.764762

3
1 10 1 0.934737
2 0 0 1.02237
3 0 0 0.905342

3
1 3 2 0.967667
2 0 0 0.938839
3 0 0 0.986434

3
1 4 1 0.880306
2 0 0 0.912305
3 0 0 0.965837

3
1 0 6531 0.857999
2 0 0 0.788848
3 0 0 1.064

3
1 10 1 0.922577
2 0 0 0.994081
3 0 0 0.804865

5
1 11 2279 0.879597
2 0 0 1.01647
3 1 2 0.911653
6 0 0 0.885814
7 0 0 1.02131

3
1 1 1 0.843369
2 0 0 0.95867
3 0 0 0.823259

3
1 6 2 0.909192
2 0 0 0.874875
3 0 0 1.0431

3
1 3 2 0.861939
2 0 0 0.842358
3 0 0 0.954077

3
1 6 3 0.785283
2 0 0 0.783011
3 0 0 1.0042

3
1 5 3 0.842592
2 0 0 0.844527
3 0 0 0.955117

3
1 10 1 0.901979
2 0 0 1.10197
3 0 0 0.871219

5
1 7 2 0.893171
2 7 1 0.878243
4 0 0 0.815566
5 0 0 0.9737
3 0 0 0.952125

3
1 9 1 0.913699
2 0 0 0.875088
3 0 0 0.989209

3
1 1 1 0.946339
2 0 0 1.00436
3 0 0 0.888031

1
1 0 0 0.891039

1
1 0 0 0.759962

5
1 3 3 0.831562
2 4 3 0.802678
4 0 0 0.811555
5 0 0 1.04577
3 0 0 0.992595

3
1 9 1 0.884403
2 0 0 0.846991
3 0 0 1.13928

3
1 0 9691 0.900052
2 0 0 0.863488
3 0 0 1.01885

3
1 3 2 0.922242
2 0 0 0.865067
3 0 0 0.949398

1
1 0 0 0.768305

3
1 1 1 0.773581
2 0 0 1.00795
3 0 0 0.808311

1
1 0 0 0.701019

3
1 10 1 0.838608
2 0 0 1.04915
3 0 0 0.765042

5
1 11 2918 0.878069
2 0 0 1.11366
3 5 2 0.802347
6 0 0 0.828698
7 0 0 1.02116

3
1 9 1 0.893511
2 0 0 0.732469
3 0 0 1.03955

3
1 1 1 0.850184
2 0 0 1.01364
3 0 0 0.727726

5
1 0 9835 0.915842
2 4 2 0.913547
4 0 0 0.909263
5 0 0 1.06212
3 0 0 1.06463

1
1 0 0 0.864683

1
1 0 0 0.854885

1
1 0 0 0.800371

3
1 1 2 0.877478
2 0 0 0.796432
3 0 0 1.01491

3
1 3 1 0.891242
2 0 0 0.838823
3 0 0 0.992196

1
1 0 0 0.750079

3
1 11 1309 0.957244
2 0 0 0.946452
3 0 0 0.884963

1
1 0 0 0.844872

3
1 10 1 0.83987
2 0 0 1.09738
3 0 0 0.850314

3
1 0 2668 0.876414
2 0 0 0.834921
3 0 0 0.919804

1
1 0 0 0.854042

7
1 1 1 0.896205
2 5 1 1.02486
4 0 0 1.04658
5 0 7187 1.05741
10 0 0 0.983925
11 0 0 1.09618
3 0 0 0.773616

3
1 3 2 0.827643
2 0 0 0.854384
3 0 0 0.962561

1
1 0 0 0.761954

3
1 4 1 0.833074
2 0 0 0.840066
3 0 0 1.1019

3
1 11 2780 0.82288
2 0 0 0.83217
3 0 0 0.7948

3
1 10 1 0.855875
2 0 0 0.964021
3 0 0 0.831117

9
1 2 2 0.792205
2 10 1 1.00166
4 11 538 1.07418
8 0 0 0.962951
9 0 0 1.03642
5 0 0 0.793748
3 11 5377 0.802964
6 0 0 0.767788
7 0 0 0.886504

3
1 4 2 0.817657
2 0 0 0.757389
3 0 0 1.04182

3
1 10 1 0.865268
2 0 0 1.07692
3 0 0 0.838713

1
1 0 0 0.787079

3
1 3 3 0.829376
2 0 0 0.86538
3 0 0 1.05876

1
1 0 0 0.881817

1
1 0 0 0.930795

3
1 9 1 0.818955
2 0 0 0.784047
3 0 0 0.887936

5
1 2 1 0.879611
2 0 0 0.864472
3 6 2 0.898137
6 0 0 0.840975
7 0 0 0.901731

3
1 10 1 0.835634
2 0 0 0.976866
3 0 0 0.780802

7
1 9 1 0.854435
2 0 0 0.77526
3 6 3 1.15816
6 0 0 1.20431
7 11 3497 1.08037
14 0 0 0.961142
15 0 0 0.861443

3
1 0 2108 0.932831
2 0 0 0.877175
3 0 0 1.04371

5
1 3 2 0.814762
2 0 0 0.884701
3 3 3 0.830251
6 0 0 0.908743
7 0 0 1.10487

3
1 10 1 0.931263
2 0 0 0.822059
3 0 0 0.840699

3
1 3 3 0.741068
2 0 0 0.782754
3 0 0 0.947216

3
1 11 63 0.868527
2 0 0 1.04827
3 0 0 0.916027

3
1 3 2 0.884144
2 0 0 0.910477
3 0 0 0.977785

1
1 0 0 0.748373

3
1 7 3 0.771894
2 0 0 0.754135
3 0 0 0.97751

3
1 10 1 0.819013
2 0 0 1.01282
3 0 0 0.782107

3
1 10 1 0.825629
2 0 0 1.01837
3 0 0 0.81967

3
1 6 3 0.850908
2 0 0 0.862596
3 0 0 1.05831

3
1 5 1 0.871281
2 0 0 0.919262
3 0 0 0.889796

3
1 7 2 0.925289
2 0 0 0.929443
3 0 0 1.09028

3
1 1 1 0.89032
2 0 0 1.13442
3 0 0 0.834113

3
1 4 3 0.798614
2 0 0 0.827742
3 0 0 1.00117

5
1 0 4310 0.937856
2 4 3 0.789001
4 0 0 0.803687
5 0 0 1.00187
3 0 0 0.886763

1
1 0 0 0.808005

3
1 5 2 0.846946
2 0 0 0.778246
3 0 0 0.955972

3
1 1 1 0.878415
2 0 0 0.998374
3 0 0 0.796912

3
1 1 1 0.81893
2 0 0 1.07258
3 0 0 0.858446

3
1 10 1 0.957461
2 0 0 1.16039
3 0 0 0.859054

3
1 4 3 0.891378
2 0 0 0.848857
3 0 0 1.01345

3
1 0 572 0.881695
2 0 0 0.870708
3 0 0 1.04366

1
1 0 0 0.829812

3
1 1 1 0.852496
2 0 0 1.0013
3 0 0 0.916239

3
1 4 1 0.81181
2 0 0 0.802681
3 0 0 0.913161

1
1 0 0 0.70538

1
1 0 0 0.982147

3
1 10 1 0.919818
2 0 0 1.08682
3 0 0 0.808133

3
1 0 6694 0.88457
2 0 0 0.85263
3 0 0 0.900185

3
1 7 2 0.973206
2 0 0 0.936709
3 0 0 0.917992

3
1 1 1 0.905894
2 0 0 1.01638
3 0 0 0.819444

1
1 0 0 0.785995

3
1 2 4 0.842572
2 0 0 0.801484
3 0 0 0.911605

3
1 9 1 0.897134
2 0 0 0.87273
3 0 0 1.03639

1
1 0 0 0.8518

3
1 5 2 0.83569
2 0 0 0.894097
3 0 0 1.08954

3
1 7 3 0.871212
2 0 0 1.02956
3 0 0 1.03149

3
1 6 2 0.85876
2 0 0 0.861217
3 0 0 1.11291

3
1 9 1 0.933951
2 0 0 0.736293
3 0 0 1.07914

3
1 10 1 0.814642
2 0 0 0.973913
3 0 0 0.861464

3
1 7 2 0.8706
2 0 0 0.823639
3 0 0 0.914739

1
1 0 0 0.849105

1
1 0 0 0.851281

3
1 0 293 0.874575
2 0 0 0.865982
3 0 0 0.848145

3
1 0 880 0.952684
2 0 0 0.935556
3 0 0 1.0887

1
1 0 0 0.778406

3
1 4 2 0.83005
2 0 0 0.891437
3 0 0 1.10945

3
1 1 2 0.852079
2 0 0 0.757101
3 0 0 0.966524

3
1 11 4781 0.86209
2 0 0 0.864353
3 0 0 1.00029

3
1 10 1 0.939239
2 0 0 1.09835
3 0 0 0.829714

3
1 10 1 0.915134
2 0 0 1.08577
3 0 0 0.883683

1
1 0 0 0.782431

7
1 11 5356 0.781619
2 6 1 0.882449
4 0 0 0.911479
5 0 0 0.939114
3 1 2 0.951282
6 0 0 1.03004
7 0 0 0.989258

1
1 0 0 0.828197

3
1 9 1 0.950599
2 0 0 0.801586
3 0 0 0.99591

3
1 9 1 0.898085
2 0 0 0.781513
3 0 0 1.01821

3
1 11 5230 0.897263
2 0 0 0.988645
3 0 0 0.875105

3
1 10 1 0.87801
2 0 0 1.01022
3 0 0 0.781365

3
1 10 1 0.775425
2 0 0 0.970133
3 0 0 0.827168

1
1 0 0 0.84724

3
1 3 1 0.850334
2 0 0 0.834433
3 0 0 0.877618

3
1 3 3 0.885211
2 0 0 0.776109
3 0 0 0.985411

7
1 11 5183 0.874796
2 5 3 0.834526
4 10 1 0.829196
8 0 0 1.07564
9 0 0 0.794692
5 0 0 1.02738
3 0 0 1.02706

3
1 7 2 0.909143
2 0 0 0.878947
3 0 0 1.13065

3
1 9 1 0.87244
2 0 0 0.890923
3 0 0 1.05338

3
1 0 8659 0.866537
2 0 0 0.830967
3 0 0 0.857142

3
1 10 1 0.838608
2 0 0 0.988564
3 0 0 0.779947

3
1 10 1 0.899159
2 0 0 1.04969
3 0 0 0.924071

3
1 9 1 0.893511
2 0 0 0.869162
3 0 0 1.01193

5
1 1 1 0.850184
2 11 1611 0.996602
4 0 0 0.956275
5 0 0 0.878988
3 0 0 0.713388

1
1 0 0 0.757483

5
1 1 2 0.810582
2 0 0 0.725037
3 6 2 1.04018
6 0 0 0.980513
7 0 0 1.01665

3
1 4 3 0.7889
2 0 0 0.786287
3 0 0 1.04528

5
1 6 3 0.835803
2 0 1746 0.920403
4 0 0 0.791783
5 0 0 0.975933
3 0 0 1.06021

3
1 1 2 0.877478
2 0 0 0.828949
3 0 0 1.06142

3
1 4 3 0.823952
2 0 0 0.838661
3 0 0 1.01266

1
1 0 0 0.725539

1
1 0 0 0.816858

3
1 5 2 0.83834
2 0 0 0.845946
3 0 0 1.03714

1
1 0 0 0.859712

1
1 0 0 0.880781

3
1 3 1 0.864526
2 0 0 0.896223
3 0 0 0.882211

3
1 3 3 0.881502
2 0 0 0.858916
3 0 0 1.12071

3
1 6 3 0.807793
2 0 0 0.830468
3 0 0 0.987695

3
1 7 2 0.859782
2 0 0 0.8828
3 0 0 0.988983

3
1 5 3 0.957482
2 0 0 0.90588
3 0 0 1.00873

3
1 11 1328 0.83613
2 0 0 0.936364
3 0 0 0.813283

5
1 11 2874 0.892486
2 0 0 0.901853
3 7 1 1.00237
6 0 0 0.973084
7 0 0 1.00474

3
1 0 8580 0.843198
2 0 0 0.732773
3 0 0 0.967727

1
1 0 0 0.847973

3
1 10 1 0.865268
2 0 0 0.989356
3 0 0 0.819956

3
1 10 1 0.865422
2 0 0 1.04147
3 0 0 0.814432

3
1 11 4655 0.93438
2 0 0 0.8967
3 0 0 0.996845

3
1 6 2 0.802792
2 0 0 0.869527
3 0 0 0.908417

3
1 4 3 0.750281
2 0 0 0.721888
3 0 0 1.00982

1
1 0 0 0.73917

3
1 6 3 0.812897
2 0 0 0.812215
3 0 0 0.943106

3
1 10 1 0.835634
2 0 0 0.898769
3 0 0 0.764315

3
1 3 1 0.915093
2 0 0 0.862376
3 0 0 1.00274

3
1 7 3 0.938383
2 0 0 0.883575
3 0 0 0.993803

3
1 10 1 0.877096
2 0 0 1.08534
3 0 0 0.762235

3
1 1 2 0.952409
2 0 0 0.801767
3 0 0 1.01489

5
1 3 1 0.901073
2 2 3 0.833581
4 0 0 0.82204
5 0 0 0.910223
3 0 0 1.0267

3
1 1 2 0.893448
2 0 0 0.901753
3 0 0 1.08789

1
1 0 0 0.773443

3
1 9 1 0.830366
2 0 0 0.788838
3 0 0 1.10314

3
1 1 1 0.938219
2 0 0 1.01966
3 0 0 0.790148

5
1 10 1 0.819013
2 2 4 0.986971
4 0 0 1.0024
5 0 0 0.897683
3 0 0 0.835271

1
1 0 0 0.928453

3
1 5 3 0.81517
2 0 0 0.792171
3 0 0 1.00724

3
1 1 1 0.899356
2 0 0 1.0898
3 0 0 0.857088

3
1 1 1 0.882993
2 0 0 1.01294
3 0 0 0.82688

3
1 1 1 0.89032
2 0 0 0.959916
3 0 0 0.782813

3
1 7 3 0.805319
2 0 0 0.778958
3 0 0 1.07217

3
1 11 2836 0.786127
2 0 0 1.02279
3 0 0 0.919708

5
1 0 6307 0.808005
2 0 0 0.805035
3 3 2 1.0926
6 0 0 1.05306
7 0 0 0.953004

1
1 0 0 0.813546

3
1 4 2 0.856931
2 0 0 0.860282
3 0 0 1.10612

3
1 3 3 0.70157
2 0 0 0.713058
3 0 0 0.902644

3
1 10 1 0.957461
2 0 0 0.924648
3 0 0 0.78884

3
1 1 1 0.801596
2 0 0 1.18827
3 0 0 0.890934

3
1 6 2 0.84678
2 0 0 0.81983
3 0 0 1.00583

3
1 0 1804 0.956283
2 0 0 0.861494
3 0 0 0.870312

1
1 0 0 0.903108

3
1 1 1 0.832924
2 0 0 1.11092
3 0 0 0.870739

3
1 4 1 0.851845
2 0 0 0.900267
3 0 0 0.947644

5
1 11 2423 0.787985
2 4 1 0.896341
4 0 0 0.843572
5 0 0 1.12833
3 0 0 0.845014

3
1 2 1 0.92853
2 0 0 1.06627
3 0 0 0.894866

3
1 4 1 0.900746
2 0 0 0.85014
3 0 0 0.941866

3
1 7 3 0.715056
2 0 0 0.711526
3 0 0 0.977829

3
1 5 2 0.855265
2 0 0 0.870143
3 0 0 1.00131

3
1 1 2 0.936999
2 0 0 0.982605
3 0 0 0.994455

3
1 1 1 0.874306
2 0 0 1.00124
3 0 0 0.702181

3
1 10 1 0.960254
2 0 0 0.995992
3 0 0 0.920828

3
1 1 2 0.806586
2 0 0 0.853632
3 0 0 1.03486

1
1 0 0 0.682958

3
1 4 2 0.905262
2 0 0 0.816195
3 0 0 0.99897

3
1 7 3 0.890867
2 0 0 0.900643
3 0 0 1.06766

3
1 3 1 0.919373
2 0 0 0.962483
3 0 0 0.979708

3
1 11 2888 0.867714
2 0 0 1.10354
3 0 0 0.758085

3
1 1 1 0.870531
2 0 0 1.00437
3 0 0 0.907874

3
1 5 3 0.824273
2 0 0 0.787115
3 0 0 1.09177

1
1 0 0 0.88941

5
1 7 3 0.846119
2 10 1 0.934166
4 0 0 1.00259
5 0 0 0.837622
3 0 0 0.970195

1
1 0 0 0.734207

3
1 11 1240 0.918779
2 0 0 0.90061
3 0 0 0.924549

1
1 0 0 0.963609

3
1 3 2 0.893442
2 0 0 0.847463
3 0 0 0.989069

1
1 0 0 0.922448

3
1 5 1 0.935589
2 0 0 0.923889
3 0 0 0.962295

7
1 10 1 0.915134
2 11 782 1.05569
4 0 0 1.0243
5 11 871 1.09197
10 0 0 0.933622
11 0 0 1.07949
3 0 0 0.884249

1
1 0 0 0.828019

3
1 6 2 0.799193
2 0 0 0.897251
3 0 0 1.0007

1
1 0 0 0.757135

3
1 9 1 0.932362
2 0 0 0.866191
3 0 0 0.973857

3
1 5 2 0.827455
2 0 0 0.818287
3 0 0 1.02742

5
1 9 1 0.871975
2 0 0 0.885835
3 0 5945 0.911825
6 0 0 1.00772
7 0 0 1.001

7
1 11 4427 0.867431
2 6 2 0.884954
4 0 0 0.948039
5 5 1 0.949008
10 0 0 1.0456
11 0 0 1.01413
3 0 0 0.873665

3
1 10 1 0.775425
2 0 0 1.00333
3 0 0 0.789183

1
1 0 0 0.61079

3
1 2 4 0.921515
2 0 0 0.95944
3 0 0 0.904995

3
1 6 1 1.05149
2 0 0 0.911974
3 0 0 0.936253

3
1 5 2 0.856863
2 0 0 0.945118
3 0 0 1.00645

1
1 0 0 0.794035

3
1 1 2 0.930398
2 0 0 0.808839
3 0 0 1.11802

3
1 2 3 0.954805
2 0 0 0.847352
3 0 0 0.954598

5
1 10 1 0.838608
2 0 0 0.988165
3 7 1 0.863559
6 0 0 0.791838
7 0 0 0.942318

3
1 10 1 0.899159
2 0 0 1.00149
3 0 0 0.738021

5
1 4 1 0.85625
2 10 1 0.900768
4 0 0 1.08807
5 0 0 0.863816
3 0 0 1.00178

3
1 1 1 0.850184
2 0 0 0.923085
3 0 0 0.787544

3
1 1 1 0.81495
2 0 0 1.05187
3 0 0 0.913072

1
1 0 0 0.785464

1
1 0 0 0.881622

3
1 11 4726 0.895032
2 0 0 0.917187
3 0 0 0.995656

1
1 0 0 0.840596

3
1 1 1 0.847277
2 0 0 1.01651
3 0 0 0.818791

3
1 9 1 0.915014
2 0 0 0.875737
3 0 0 0.972171

3
1 4 3 0.827814
2 0 0 0.78039
3 0 0 1.12124

1
1 0 0 0.70849

1
1 0 0 0.837548

3
1 1 2 0.889415
2 0 0 0.72588
3 0 0 0.955927

1
1 0 0 0.706563

3
1 0 6277 0.908086
2 0 0 0.862886
3 0 0 0.925913

3
1 9 1 0.850524
2 0 0 0.847688
3 0 0 0.970238

5
1 0 4619 0.801724
2 0 0 0.792629
3 3 3 1.04899
6 0 0 1.07176
7 0 0 1.09936

3
1 10 1 0.840165
2 0 0 1.06268
3 0 0 0.828363

1
1 0 0 0.853193

3
1 6 3 0.952852
2 0 0 0.902135
3 0 0 1.02452

1
1 0 0 0.851906

3
1 5 3 0.78554
2 0 0 0.760732
3 0 0 0.929309

3
1 10 1 0.849642
2 0 0 0.967913
3 0 0 0.786766

3
1 11 54 0.862563
2 0 0 0.963845
3 0 0 0.854021

3
1 1 2 0.932685
2 0 0 0.775289
3 0 0 0.936991

3
1 5 3 0.804788
2 0 0 0.841848
3 0 0 0.883225

3
1 11 2283 0.924438
2 0 0 0.959611
3 0 0 0.850309

3
1 6 2 0.880413
2 0 0 0.942841
3 0 0 0.990082

3
1 6 2 0.826561
2 0 0 0.862376
3 0 0 1.1724

3
1 10 1 0.835634
2 0 0 1.02123
3 0 0 0.834589

3
1 3 1 0.915093
2 0 0 0.779876
3 0 0 0.916208

3
1 7 3 0.752418
2 0 0 0.817585
3 0 0 0.938206

3
1 3 3 0.765346
2 0 0 0.741929
3 0 0 1.03047

3
1 5 3 0.712404
2 0 0 0.734732
3 0 0 1.03248

3
1 10 1 0.896018
2 0 0 1.05389
3 0 0 0.78027

3
1 3 3 0.88549
2 0 0 0.956085
3 0 0 1.03561

3
1 9 1 0.8505
2 0 0 0.844497
3 0 0 1.01116

3
1 9 1 0.830366
2 0 0 0.730725
3 0 0 1.06156

3
1 11 1544 0.929579
2 0 0 0.922955
3 0 0 0.860139

5
1 5 1 0.859086
2 11 3936 0.994522
4 0 0 0.99143
5 0 0 0.968727
3 0 0 0.906187

3
1 9 1 0.928453
2 0 0 0.857431
3 0 0 1.06557

3
1 0 6563 0.949252
2 0 0 0.851544
3 0 0 0.904587

3
1 1 1 0.899356
2 0 0 1.04292
3 0 0 0.830356

3
1 11 18 0.791255
2 0 0 1.09964
3 0 0 0.816122

3
1 1 1 0.89032
2 0 0 0.952905
3 0 0 0.834029

3
1 11 5010 0.837946
2 0 0 0.863583
3 0 0 0.862127

5
1 1 1 0.868353
2 5 1 0.910399
4 0 0 1.01924
5 0 0 0.933038
3 0 0 0.786511

7
1 3 1 0.880488
2 0 0 0.964744
3 2 3 0.882763
6 0 0 1.05559
7 2 4 0.883412
14 0 0 1.05407
15 0 0 0.986158

3
1 1 1 0.885811
2 0 0 0.978913
3 0 0 0.800442

3
1 4 2 0.69198
2 0 0 0.803854
3 0 0 0.967587

3
1 4 3 0.846166
2 0 0 0.774726
3 0 0 1.01261

5
1 5 2 0.797264
2 0 0 0.75278
3 1 2 0.89511
6 0 0 0.991495
7 0 0 0.886314

3
1 1 1 0.801596
2 0 0 0.965775
3 0 0 0.795036

5
1 10 1 0.859678
2 3 1 1.06967
4 0 0 1.01885
5 0 0 1.0161
3 0 0 0.841883

1
1 0 0 0.871771

3
1 10 1 0.86628
2 0 0 0.926859
3 0 0 0.838304

3
1 6 3 0.853384
2 0 0 0.881958
3 0 0 1.12815

3
1 10 1 0.940075
2 0 0 0.893554
3 0 0 0.742495

5
1 11 2423 0.787985
2 4 1 0.896341
4 0 0 0.911378
5 0 0 1.21005
3 0 0 0.86744

7
1 11 2874 0.88919
2 7 3 0.95682
4 3 1 0.970442
8 0 0 1.012
9 0 0 1.0812
5 0 0 1.02209
3 0 0 0.742796

1
1 0 0 0.766819

3
1 1 1 0.887815
2 0 0 1.12356
3 0 0 0.861113

3
1 5 3 0.94683
2 0 0 0.89957
3 0 0 1.05777

3
1 6 2 0.95688
2 0 0 1.00393
3 0 0 0.930152

3
1 1 1 0.874306
2 0 0 1.06083
3 0 0 0.748371

3
1 3 1 0.904287
2 0 0 0.921635
3 0 0 0.874374

5
1 9 1 0.893038
2 0 0 0.834388
3 6 1 1.01993
6 0 0 1.06469
7 0 0 1.08573

3
1 4 2 0.875333
2 0 0 0.843897
3 0 0 0.976315

3
1 11 4962 0.867102
2 0 0 0.923807
3 0 0 0.907129

3
1 9 1 0.883792
2 0 0 0.883288
3 0 0 0.928339

3
1 9 1 0.881161
2 0 0 0.754763
3 0 0 0.867875

3
1 0 8573 0.860026
2 0 0 0.753572
3 0 0 0.925547

3
1 1 1 0.870531
2 0 0 1.06066
3 0 0 0.880133

3
1 3 2 0.742164
2 0 0 0.876326
3 0 0 1.04519

5
1 4 3 0.841253
2 5 3 0.904545
4 0 0 0.899052
5 0 0 0.94039
3 0 0 0.9909

3
1 1 1 0.85633
2 0 0 1.02504
3 0 0 0.830793

5
1 4 3 0.713475
2 7 3 0.721951
4 0 0 0.716358
5 0 0 0.999885
3 0 0 1.04232

5
1 9 1 0.879126
2 4 2 0.876807
4 0 0 0.816919
5 0 0 0.917386
3 0 0 1.07907

5
1 11 2781 0.946716
2 4 1 1.0227
4 0 0 0.880609
5 0 0 1.16372
3 0 0 0.834102

3
1 3 3 0.80196
2 0 0 0.823855
3 0 0 1.0623

3
1 4 3 0.85408
2 0 0 0.838759
3 0 0 0.92063

3
1 0 4215 0.958613
2 0 0 0.961988
3 0 0 0.855571

3
1 10 1 0.915134
2 0 0 1.07592
3 0 0 0.822817

3
1 1 1 0.834876
2 0 0 1.01506
3 0 0 0.846762

3
1 5 2 0.876361
2 0 0 0.858312
3 0 0 1.00053

3
1 5 2 0.89719
2 0 0 0.904706
3 0 0 0.958094

3
1 3 1 0.951598
2 0 0 0.968114
3 0 0 1.1027

1
1 0 0 0.90122

5
1 1 2 0.901576
2 0 0 0.897254
3 0 9625 0.962451
6 0 0 0.981482
7 0 0 1.10178

1
1 0 0 0.82249

3
1 10 1 0.84027
2 0 0 1.08855
3 0 0 0.80255

1
1 0 0 0.847695

3
1 1 2 0.770264
2 0 0 0.740763
3 0 0 1.04454

3
1 3 3 0.800564
2 0 0 0.856758
3 0 0 0.967612

3
1 4 3 0.86284
2 0 0 0.820472
3 0 0 1.03145

3
1 2 3 0.824662
2 0 0 0.811978
3 0 0 0.954789

3
1 10 1 0.892813
2 0 0 0.9777
3 0 0 0.705037

3
1 6 2 0.851778
2 0 0 0.74968
3 0 0 0.972611

3
1 7 2 0.867392
2 0 0 0.880032
3 0 0 1.058

3
1 10 1 0.850001
2 0 0 0.933176
3 0 0 0.893354

5
1 2 2 0.880044
2 6 1 0.89431
4 0 0 1.14669
5 0 0 0.878125
3 0 0 0.962444

3
1 1 1 0.850184
2 0 0 1.05493
3 0 0 0.773969

3
1 1 1 0.81495
2 0 0 0.994599
3 0 0 0.800391

3
1 7 3 0.882374
2 0 0 0.907846
3 0 0 0.922219

5
1 10 1 0.887369
2 0 0 1.03304
3 6 2 0.887013
6 0 0 0.896072
7 0 0 1.01154

3
1 3 1 0.885696
2 0 0 0.835024
3 0 0 0.891907

3
1 1 1 0.863813
2 0 0 1.01744
3 0 0 0.834107

3
1 9 1 0.84282
2 0 0 0.940216
3 0 0 0.974222

1
1 0 0 0.793262

3
1 3 1 0.92439
2 0 0 0.916406
3 0 0 0.865823

3
1 3 3 0.833957
2 0 0 0.884029
3 0 0 1.01629

1
1 0 0 0.809061

3
1 1 2 0.889415
2 0 0 0.825728
3 0 0 1.00121

1
1 0 0 0.768812

3
1 10 1 0.86607
2 0 0 0.985338
3 0 0 0.772131

1
1 0 0 0.739117

1
1 0 0 0.860595

3
1 5 3 0.941712
2 0 0 0.878837
3 0 0 0.973727

3
1 5 3 0.898081
2 0 0 0.835008
3 0 0 0.936188

1
1 0 0 0.727059

3
1 0 2263 0.829477
2 0 0 0.873973
3 0 0 0.859774

3
1 2 3 0.903106
2 0 0 0.908516
3 0 0 0.925159

3
1 1 1 0.920173
2 0 0 0.987947
3 0 0 0.760213

1
1 0 0 0.791642

5
1 9 1 0.824646
2 0 0 0.905192
3 5 1 0.962115
6 0 0 0.992703
7 0 0 0.956919

3
1 2 2 0.877881
2 0 0 0.907279
3 0 0 0.898697

3
1 3 1 0.911619
2 0 0 0.900684
3 0 0 0.911097

3
1 10 1 0.836857
2 0 0 0.997544
3 0 0 0.875906

3
1 1 2 0.811954
2 0 0 0.688366
3 0 0 1.04201

1
1 0 0 0.839599

3
1 1 1 0.859693
2 0 0 1.01447
3 0 0 0.810286

3
1 9 1 0.830581
2 0 0 0.786232
3 0 0 0.973918

5
1 11 2103 0.871168
2 10 1 0.957968
4 0 0 1.03308
5 0 0 0.848852
3 0 0 0.858384

3
1 4 1 0.925562
2 0 0 0.920902
3 0 0 0.903271

3
1 1 1 0.83881
2 0 0 0.97686
3 0 0 0.826195

3
1 5 2 0.826212
2 0 0 0.793236
3 0 0 0.889409

1
1 0 0 0.807469

3
1 3 1 0.862637
2 0 0 0.825176
3 0 0 0.894904

3
1 6 2 0.82022
2 0 0 0.796311
3 0 0 0.984535

3
1 5 2 0.85326
2 0 0 0.853458
3 0 0 1.0021

3
1 9 1 0.928453
2 0 0 0.777398
3 0 0 1.12697

3
1 0 6563 0.949252
2 0 0 0.817445
3 0 0 1.01243

3
1 1 2 1.0174
2 0 0 0.765042
3 0 0 0.960348

1
1 0 0 0.761294

5
1 11 2723 0.91642
2 11 2072 1.01744
4 0 0 1.03954
5 0 0 0.953619
3 0 0 0.886951

3
1 9 1 0.886106
2 0 0 0.873252
3 0 0 1.07879

1
1 0 0 0.87932

3
1 5 3 0.90057
2 0 0 0.923373
3 0 0 1.04984

3
1 1 1 0.885811
2 0 0 0.999922
3 0 0 0.736632

1
1 0 0 0.881057

3
1 1 1 0.823003
2 0 0 0.983085
3 0 0 0.64623

3
1 3 2 0.879447
2 0 0 0.883258
3 0 0 0.987842

5
1 11 2919 0.873054
2 6 1 0.925667
4 0 0 0.917247
5 0 0 0.921427
3 0 0 0.865022

3
1 10 1 0.859678
2 0 0 0.935702
3 0 0 0.892459

3
1 4 2 0.751655
2 0 0 0.827564
3 0 0 0.981476

1
1 0 0 0.76942

5
1 0 7509 0.834697
2 0 0 0.872471
3 4 2 0.936141
6 0 0 0.953635
7 0 0 0.98237

3
1 10 1 0.940075
2 0 0 1.06793
3 0 0 0.824353

3
1 10 1 0.793805
2 0 0 1.06475
3 0 0 0.73317

7
1 4 2 0.846853
2 10 1 0.914169
4 7 1 0.935002
8 0 0 0.956231
9 0 0 0.918011
5 0 0 0.873692
3 0 0 1.0712

3
1 6 1 0.867612
2 0 0 0.812466
3 0 0 0.946613

3
1 4 2 0.831011
2 0 0 0.829436
3 0 0 0.99105

1
1 0 0 0.860341

3
1 6 2 0.837948
2 0 0 0.865789
3 0 0 0.917304

3
1 3 3 0.826938
2 0 0 0.895423
3 0 0 0.959736

3
1 1 1 0.916898
2 0 0 0.955708
3 0 0 0.793567

3
1 10 1 0.797236
2 0 0 0.971989
3 0 0 0.745371

5
1 0 5600 0.835014
2 0 0 0.703479
3 10 1 0.950087
6 0 0 0.952361
7 0 0 0.986495

1
1 0 0 0.878033

3
1 5 2 0.867217
2 0 0 0.785853
3 0 0 0.90125

5
1 11 4260 1.0158
2 11 3174 0.892057
4 0 0 0.986627
5 0 0 0.974005
3 0 0 0.961375

1
1 0 0 0.790263

3
1 5 3 0.847135
2 0 0 0.944589
3 0 0 0.886952

7
1 9 1 0.977852
2 0 1327 0.898016
4 0 0 0.901009
5 7 1 1.01228
10 0 0 0.994871
11 0 0 1.04372
3 0 0 1.0372

1
1 0 0 0.904258

3
1 1 1 0.780686
2 0 0 1.02103
3 0 0 0.906452

3
1 2 4 0.897129
2 0 0 0.869886
3 0 0 0.869388

3
1 1 1 0.817089
2 0 0 0.906611
3 0 0 0.870663

3
1 11 2781 0.946716
2 0 0 0.973879
3 0 0 0.679034

1
1 0 0 0.872678

3
1 0 6871 0.881441
2 0 0 0.887126
3 0 0 1.12418

3
1 7 1 0.875345
2 0 0 0.872631
3 0 0 0.99817

3
1 1 2 0.855125
2 0 0 0.867603
3 0 0 0.950238

3
1 10 1 0.820264
2 0 0 1.15011
3 0 0 0.746664

3
1 10 1 0.856875
2 0 0 0.936178
3 0 0 0.80451

3
1 7 3 0.847558
2 0 0 0.787922
3 0 0 0.963162

1
1 0 0 0.927441

3
1 11 61 0.920199
2 0 0 1.04043
3 0 0 0.862903

3
1 1 2 0.844314
2 0 0 0.927331
3 0 0 0.989359

3
1 1 1 0.94632
2 0 0 0.976014
3 0 0 0.784281

3
1 4 3 0.924148
2 0 0 0.887088
3 0 0 0.931097

3
1 4 2 0.959508
2 0 0 0.855484
3 0 0 1.11992

7
1 0 5155 0.817589
2 0 0 0.907204
3 10 1 1.00635
6 0 0 1.03368
7 11 2076 1.01477
14 0 0 1.09366
15 0 0 1.00823

3
1 5 3 0.87293
2 0 0 0.868396
3 0 0 0.884242

3
1 6 1 0.871381
2 0 0 0.850301
3 0 0 0.956834

5
1 1 2 0.920585
2 0 0 0.840025
3 11 5333 1.06679
6 0 0 1.03985
7 0 0 0.976168

3
1 10 1 0.892813
2 0 0 1.04894
3 0 0 0.796822

1
1 0 0 0.803322

1
1 0 0 0.844018

3
1 7 1 0.864366
2 0 0 0.886167
3 0 0 0.903273

7
1 2 2 0.880044
2 6 1 0.900571
4 0 0 1.07862
5 0 0 0.876797
3 6 1 0.895487
6 0 0 0.860439
7 0 0 1.00991

3
1 3 1 0.958353
2 0 0 0.938808
3 0 0 0.982917

3
1 10 1 0.894308
2 0 0 1.04972
3 0 0 0.789808

3
1 4 2 0.828523
2 0 0 0.759596
3 0 0 0.969536

3
1 10 1 0.887369
2 0 0 0.973831
3 0 0 0.8244

3
1 10 1 0.808403
2 0 0 0.969845
3 0 0 0.889612

3
1 1 1 0.863813
2 0 0 0.966366
3 0 0 0.726411

1
1 0 0 0.812711

3
1 6 3 0.808616
2 0 0 0.838859
3 0 0 1.04794

3
1 3 1 0.988085
2 0 0 0.946285
3 0 0 0.935274

3
1 0 9026 0.848081
2 0 0 0.95328
3 0 0 0.868047

5
1 7 3 0.832533
2 0 0 0.848382
3 0 7935 1.03221
6 0 0 0.957857
7 0 0 1.00963

7
1 0 5874 0.866106
2 0 0 0.836648
3 10 1 0.954981
6 0 0 0.86624
7 9 1 1.04741
14 0 0 0.972859
15 0 0 1.0015

3
1 3 2 0.944083
2 0 0 0.953087
3 0 0 0.896371

3
1 10 1 0.86607
2 0 0 1.01886
3 0 0 0.79874

3
1 6 3 0.913482
2 0 0 0.920857
3 0 0 1.0104

1
1 0 0 0.738995

5
1 1 2 0.850862
2 0 0 0.796421
3 2 3 0.987736
6 0 0 1.00064
7 0 0 0.94005

3
1 6 2 0.752236
2 0 0 0.832466
3 0 0 0.881817

3
1 7 3 0.770001
2 0 0 0.850451
3 0 0 1.01121

1
1 0 0 0.90703

3
1 6 2 0.87156
2 0 0 0.884361
3 0 0 1.08635

1
1 0 0 0.712045

7
1 4 1 0.818613
2 0 0 0.808403
3 11 1667 0.955321
6 6 1 1.15998
12 0 0 1.16961
13 0 0 1.01034
7 0 0 0.912972

5
1 9 1 0.824646
2 1 1 0.9021
4 0 0 1.03937
5 0 0 0.811301
3 0 0 1.0116

3
1 4 2 0.801137
2 0 0 0.783795
3 0 0 0.975874

3
1 7 3 0.842801
2 0 0 0.839384
3 0 0 1.06903

1
1 0 0 0.859096

1
1 0 0 0.828229

3
1 6 2 0.870295
2 0 0 0.812605
3 0 0 0.970169

1
1 0 0 0.743848

3
1 3 3 0.92604
2 0 0 0.88369
3 0 0 1.00038

3
1 1 2 0.873504
2 0 0 0.808296
3 0 0 1.0189

3
1 2 1 0.84696
2 0 0 0.835476
3 0 0 1.03894

3
1 4 3 0.8564
2 0 0 0.781956
3 0 0 1.00082

3
1 3 2 0.868704
2 0 0 0.870369
3 0 0 1.06716

3
1 3 2 0.835442
2 0 0 0.875781
3 0 0 0.975535

3
1 5 1 0.908121
2 0 0 1.0057
3 0 0 0.834215

1
1 0 0 0.788808

3
1 1 2 0.816409
2 0 0 0.83194
3 0 0 1.11425

3
1 7 2 0.913186
2 0 0 0.832114
3 0 0 0.999277

3
1 10 1 0.880877
2 0 0 1.09297
3 0 0 0.770545

3
1 4 3 0.841903
2 0 0 0.864309
3 0 0 1.04739

5
1 1 1 0.802176
2 0 0 1.03465
3 5 2 0.859707
6 0 0 0.752735
7 0 0 1.07562

5
1 10 1 0.878876
2 0 0 1.09101
3 3 1 0.884238
6 0 0 0.842041
7 0 0 1.04113

5
1 5 3 0.811498
2 5 2 0.843367
4 0 0 0.795013
5 0 0 0.999425
3 0 0 0.995265

3
1 0 9492 0.779082
2 0 0 0.810233
3 0 0 1.07588

3
1 4 1 0.847691
2 0 0 0.797845
3 0 0 1.0266

3
1 4 3 0.800817
2 0 0 0.803783
3 0 0 0.974481

3
1 5 2 0.817885
2 0 0 0.759674
3 0 0 0.974871

3
1 7 3 0.833236
2 0 0 0.867366
3 0 0 0.918113

1
1 0 0 0.808615

3
1 9 1 0.809936
2 0 0 0.817789
3 0 0 1.04994

3
1 2 2 0.963782
2 0 0 0.919713
3 0 0 0.885861

5
1 4 3 0.818113
2 1 2 0.850345
4 0 0 0.853054
5 0 0 0.901155
3 0 0 1.01756

3
1 2 4 0.892223
2 0 0 0.865779
3 0 0 1.05668

3
1 6 2 0.785335
2 0 0 0.889858
3 0 0 0.937397

3
1 10 1 0.940075
2 0 0 1.1009
3 0 0 0.814671

3
1 10 1 0.793805
2 0 0 0.955181
3 0 0 0.779341

1
1 0 0 0.845166

1
1 0 0 0.830638

3
1 2 4 0.882409
2 0 0 0.838322
3 0 0 0.847337

5
1 6 1 0.859858
2 0 0 0.829798
3 11 970 0.994388
6 0 0 0.839769
7 0 0 0.931505

1
1 0 0 0.847455

5
1 2 2 0.878703
2 3 2 0.888782
4 0 0 0.829669
5 0 0 0.974984
3 0 0 0.919937

5
1 1 1 0.916898
2 11 1840 0.99212
4 0 0 1.05719
5 0 0 0.905838
3 0 0 0.768949

3
1 10 1 0.797236
2 0 0 1.0747
3 0 0 0.823674

3
1 10 1 0.924413
2 0 0 0.992618
3 0 0 0.833633

3
1 9 1 0.90517
2 0 0 0.87882
3 0 0 1.12615

3
1 7 3 0.819084
2 0 0 0.790938
3 0 0 0.931385

3
1 1 1 0.865964
2 0 0 0.927871
3 0 0 0.753705

3
1 10 1 0.826387
2 0 0 1.11337
3 0 0 0.691249

1
1 0 0 0.776386

3
1 9 1 0.977852
2 0 0 0.878521
3 0 0 1.00113

3
1 5 1 0.826912
2 0 0 0.988967
3 0 0 0.794194

3
1 2 4 0.914507
2 0 0 0.834424
3 0 0 0.918028

3
1 5 3 0.705642
2 0 0 0.718477
3 0 0 0.986996

3
1 7 3 0.749513
2 0 0 0.839586
3 0 0 1.0433

3
1 4 3 0.850269
2 0 0 0.820547
3 0 0 0.933976

3
1 10 1 0.98727
2 0 0 1.06029
3 0 0 0.79129

1
1 0 0 0.843138

3
1 1 1 0.89409
2 0 0 1.01884
3 0 0 0.756702

3
1 1 2 0.855125
2 0 0 0.788062
3 0 0 0.913043

3
1 0 7289 0.865665
2 0 0 0.967412
3 0 0 1.0967

5
1 7 3 0.821961
2 0 0 0.893515
3 11 1980 0.904541
6 0 0 0.925352
7 0 0 1.12076

3
1 1 1 0.802091
2 0 0 1.07354
3 0 0 0.777143

3
1 1 1 0.879974
2 0 0 1.15804
3 0 0 0.854135

3
1 5 2 0.812775
2 0 0 0.869256
3 0 0 0.846624

3
1 1 2 0.867617
2 0 0 0.843376
3 0 0 0.972025

1
1 0 0 0.919068

5
1 10 1 0.822197
2 0 5938 1.00569
4 0 0 1.00021
5 0 0 1.09825
3 0 0 0.897723

3
1 9 1 0.890916
2 0 0 0.704777
3 0 0 0.904715

1
1 0 0 0.796939

3
1 1 1 0.8599
2 0 0 0.961293
3 0 0 0.858789

3
1 0 3406 0.976731
2 0 0 0.866696
3 0 0 0.937549

3
1 3 3 0.819959
2 0 0 0.759528
3 0 0 0.897951

1
1 0 0 0.84814

3
1 4 3 0.874125
2 0 0 0.802931
3 0 0 0.964767

3
1 9 1 0.843983
2 0 0 0.863852
3 0 0 1.02601

3
1 11 4016 0.847733
2 0 0 0.819494
3 0 0 0.916288

3
1 4 3 0.897276
2 0 0 0.904494
3 0 0 0.997986

3
1 10 1 0.845392
2 0 0 1.02409
3 0 0 0.910578

3
1 1 2 0.860749
2 0 0 0.916239
3 0 0 1.07972

5
1 7 3 0.79286
2 6 2 0.802185
4 0 0 0.746424
5 0 0 1.03276
3 0 0 1.01906

3
1 4 3 0.907015
2 0 0 0.865414
3 0 0 1.0431

3
1 10 1 0.808403
2 0 0 1.04415
3 0 0 0.75606

1
1 0 0 0.912581

3
1 11 1368 0.926705
2 0 0 0.988458
3 0 0 0.886299

3
1 10 1 0.894391
2 0 0 1.0822
3 0 0 0.808859

3
1 7 1 0.983
2 0 0 0.989045
3 0 0 1.01303

3
1 1 1 0.812313
2 0 0 1.05484
3 0 0 0.847836

5
1 5 2 0.91608
2 7 2 0.934989
4 0 0 0.946735
5 0 0 0.870129
3 0 0 0.996713

1
1 0 0 0.786644

7
1 1 2 0.899034
2 0 0 0.845044
3 6 2 0.902549
6 0 0 0.954745
7 2 3 1.16278
14 0 0 1.08171
15 0 0 0.99788

1
1 0 0 0.807679

1
1 0 0 0.779317

1
1 0 0 0.781351

3
1 7 2 0.846687
2 0 0 0.974269
3 0 0 0.920633

3
1 4 2 0.806224
2 0 0 0.831801
3 0 0 0.955031

3
1 10 1 0.825662
2 0 0 1.0487
3 0 0 0.801552

3
1 0 4583 0.904641
2 0 0 0.786691
3 0 0 0.987736

3
1 11 2902 0.883962
2 0 0 1.05322
3 0 0 0.871515

1
1 0 0 0.863671

1
1 0 0 0.784883

3
1 5 3 0.780821
2 0 0 0.801989
3 0 0 1.14666

5
1 5 2 0.801021
2 0 0 0.858247
3 6 1 0.979746
6 0 0 0.99738
7 0 0 0.927071

3
1 10 1 0.847733
2 0 0 1.0929
3 0 0 0.865562

3
1 10 1 0.881891
2 0 0 1.03768
3 0 0 0.859965

3
1 5 3 0.785192
2 0 0 0.857514
3 0 0 0.919701

3
1 4 2 0.839824
2 0 0 0.790308
3 0 0 1.12405

5
1 4 1 0.88986
2 0 0 0.812594
3 11 3191 0.95079
6 0 0 1.13416
7 0 0 0.860494

1
1 0 0 0.765543

1
1 0 0 0.692233

1
1 0 0 0.91435

3
1 6 1 0.893564
2 0 0 0.938692
3 0 0 0.908227

3
1 1 2 0.862977
2 0 0 0.798335
3 0 0 1.00203

3
1 4 2 0.806929
2 0 0 0.782625
3 0 0 1.03981

3
1 1 2 0.87969
2 0 0 0.787519
3 0 0 1.05534

1
1 0 0 0.881462

3
1 3 3 0.824252
2 0 0 0.778963
3 0 0 1.02132

3
1 9 1 0.875676
2 0 0 0.756103
3 0 0 0.927403

3
1 9 1 0.886483
2 0 0 0.902262
3 0 0 1.08114

3
1 7 1 0.894014
2 0 0 0.923176
3 0 0 0.949284

1
1 0 0 0.790957

3
1 10 1 0.878876
2 0 0 1.12292
3 0 0 0.84413

5
1 0 7990 0.848563
2 0 0 0.872659
3 2 2 0.935336
6 0 0 0.984359
7 0 0 0.936868

3
1 10 1 0.815554
2 0 0 0.932331
3 0 0 0.699425

3
1 10 1 0.876577
2 0 0 0.865504
3 0 0 0.829055

3
1 6 3 0.840239
2 0 0 0.81909
3 0 0 1.08979

3
1 7 3 0.911794
2 0 0 0.930481
3 0 0 0.9607

1
1 0 0 0.738677

3
1 0 2426 0.918395
2 0 0 0.862637
3 0 0 1.01313

1
1 0 0 0.728081

3
1 9 1 0.952472
2 0 0 0.761779
3 0 0 0.928595

1
1 0 0 0.909578

5
1 5 2 0.846857
2 2 1 0.904353
4 0 0 0.933438
5 0 0 0.875314
3 0 0 1.0459

3
1 9 1 0.805089
2 0 0 0.88256
3 0 0 1.02799

5
1 10 1 0.940075
2 5 1 0.955949
4 0 0 1.06786
5 0 0 0.869089
3 0 0 0.822119

5
1 6 3 0.807958
2 7 2 0.786526
4 0 0 0.867608
5 0 0 1.08827
3 0 0 1.0935

3
1 4 3 0.87968
2 0 0 0.802312
3 0 0 1.04688

3
1 6 3 0.805278
2 0 0 0.847361
3 0 0 1.00781

3
1 10 1 0.891418
2 0 0 0.952585
3 0 0 0.826968

3
1 7 3 0.757264
2 0 0 0.817508
3 0 0 1.02134

3
1 1 1 0.828865
2 0 0 0.928467
3 0 0 0.757471

5
1 3 1 0.998239
2 0 0 0.885832
3 3 3 1.02811
6 0 0 1.0686
7 0 0 0.971442

7
1 2 3 0.95245
2 10 1 0.976436
4 11 1188 1.06419
8 0 0 0.901823
9 0 0 1.00269
5 0 0 0.874687
3 0 0 0.906432

3
1 9 1 0.888258
2 0 0 0.912699
3 0 0 1.00596

3
1 7 2 0.849774
2 0 0 0.859982
3 0 0 0.860428

1
1 0 0 0.781334

3
1 9 1 0.818721
2 0 0 0.901815
3 0 0 1.07658

3
1 1 1 0.865964
2 0 0 1.07683
3 0 0 0.778469

5
1 11 2588 0.839649
2 7 2 0.981111
4 0 0 0.955767
5 0 0 0.970474
3 0 0 0.753366

5
1 9 1 0.902113
2 0 0 0.880069
3 3 3 0.941763
6 0 0 0.954027
7 0 0 0.968355

3
1 1 1 0.818222
2 0 0 1.18528
3 0 0 0.797801

3
1 5 3 0.83748
2 0 0 0.864143
3 0 0 0.94251

3
1 7 1 0.843302
2 0 0 0.864199
3 0 0 0.93357

5
1 2 2 0.886946
2 6 1 0.927666
4 0 0 1.1176
5 0 0 0.89713
3 0 0 0.893294

5
1 10 1 0.933642
2 3 1 1.07138
4 0 0 1.05076
5 0 0 0.965391
3 0 0 0.885234

1
1 0 0 0.734585

3
1 1 1 0.858164
2 0 0 1.03594
3 0 0 0.861462

3
1 9 1 0.849049
2 0 0 0.875359
3 0 0 0.926732

3
1 9 1 0.83123
2 0 0 0.861617
3 0 0 1.02709

3
1 4 1 0.886404
2 0 0 0.860745
3 0 0 0.885379

3
1 6 3 0.780858
2 0 0 0.795772
3 0 0 0.953847

1
1 0 0 0.781669

3
1 1 1 0.802091
2 0 0 0.940686
3 0 0 0.771669

5
1 1 1 0.879974
2 0 0 1.1141
3 7 1 0.921327
6 0 0 0.898063
7 0 0 0.970487

1
1 0 0 0.814508

3
1 9 1 0.955315
2 0 0 0.83952
3 0 0 0.943472

3
1 9 1 0.914353
2 0 0 0.759703
3 0 0 0.924957

3
1 10 1 0.822197
2 0 0 1.07441
3 0 0 0.831903

3
1 10 1 0.906122
2 0 0 0.886325
3 0 0 0.792237

3
1 7 1 0.980045
2 0 0 0.950073
3 0 0 0.878219

3
1 1 1 0.8599
2 0 0 1.05477
3 0 0 0.86672

1
1 0 0 0.908474

3
1 4 3 0.948045
2 0 0 0.945348
3 0 0 0.991486

3
1 11 1933 0.964925
2 0 0 0.93665
3 0 0 0.993688

3
1 1 1 0.918849
2 0 0 0.996593
3 0 0 0.900072

1
1 0 0 0.712422

3
1 4 2 0.788726
2 0 0 0.849705
3 0 0 1.00894

3
1 1 1 0.865625
2 0 0 1.08452
3 0 0 0.749071

3
1 3 2 0.916132
2 0 0 0.88621
3 0 0 0.849403

3
1 5 3 0.816178
2 0 0 0.830759
3 0 0 1.0077

3
1 1 1 0.884206
2 0 0 1.12077
3 0 0 0.864386

3
1 6 2 0.922065
2 0 0 0.743801
3 0 0 0.950028

1
1 0 0 0.81511

3
1 3 1 0.911632
2 0 0 0.951065
3 0 0 0.927245

3
1 11 338 0.764341
2 0 0 1.0238
3 0 0 0.884189

3
1 10 1 0.776631
2 0 0 0.929567
3 0 0 0.899348

3
1 1 1 0.997607
2 0 0 0.938374
3 0 0 0.779361

5
1 1 1 0.812313
2 2 4 1.04023
4 0 0 0.940737
5 0 0 0.998467
3 0 0 0.822918

5
1 0 5652 0.897296
2 5 2 0.858981
4 0 0 0.817536
5 0 0 1.07016
3 0 0 0.96201

3
1 0 2922 0.855843
2 0 0 0.77303
3 0 0 1.04712

3
1 0 4700 0.928256
2 0 0 0.829208
3 0 0 1.01577

3
1 0 2213 0.900696
2 0 0 0.975169
3 0 0 0.913464

3
1 1 1 0.904049
2 0 0 1.04383
3 0 0 0.858857

3
1 5 1 0.897998
2 0 0 0.967196
3 0 0 0.915066

3
1 1 2 0.809715
2 0 0 0.824591
3 0 0 0.957391

3
1 6 3 0.788112
2 0 0 0.809481
3 0 0 1.06436

1
1 0 0 0.802911

3
1 4 2 0.792939
2 0 0 0.776979
3 0 0 0.901067

3
1 11 2902 0.883962
2 0 0 1.10739
3 0 0 0.760148

3
1 9 1 0.93833
2 0 0 0.76029
3 0 0 1.10469

3
1 4 3 0.767175
2 0 0 0.746751
3 0 0 0.961487

3
1 10 1 0.88326
2 0 0 0.950666
3 0 0 0.876093

3
1 3 3 0.84702
2 0 0 0.868072
3 0 0 1.02382

3
1 10 1 0.847733
2 0 0 0.92435
3 0 0 0.879385

3
1 10 1 0.881891
2 0 0 1.00615
3 0 0 0.789317

3
1 4 3 0.881209
2 0 0 0.810277
3 0 0 1.0235

5
1 0 5140 0.909583
2 0 0 0.876964
3 11 1902 0.95007
6 0 0 0.92794
7 0 0 0.936765

3
1 10 1 0.934506
2 0 0 1.09428
3 0 0 0.875998

7
1 10 1 0.90056
2 0 0 1.00761
3 7 3 0.776159
6 3 3 0.810875
12 0 0 0.816967
13 0 0 0.867279
7 0 0 0.944866

1
1 0 0 0.749921

3
1 6 1 0.926057
2 0 0 0.889289
3 0 0 0.930756

5
1 1 1 0.899591
2 0 3942 0.989301
4 0 0 0.959147
5 0 0 0.964623
3 0 0 0.801507

3
1 1 2 0.862977
2 0 0 0.852076
3 0 0 0.995685

1
1 0 0 0.724154

3
1 5 3 0.804448
2 0 0 0.866956
3 0 0 0.977829

3
1 4 2 0.961922
2 0 0 0.92071
3 0 0 0.977523

1
1 0 0 0.800656

3
1 1 2 0.825842
2 0 0 0.847683
3 0 0 1.12054

3
1 3 3 0.824884
2 0 0 0.862386
3 0 0 0.951983

3
1 0 9890 0.800382
2 0 0 0.790085
3 0 0 0.915224

3
1 9 1 0.911941
2 0 0 0.770152
3 0 0 1.00272

3
1 5 3 0.842113
2 0 0 0.82076
3 0 0 0.977543

3
1 2 2 0.859655
2 0 0 0.875046
3 0 0 0.941318

3
1 7 3 0.939068
2 0 0 0.84523
3 0 0 1.00387

1
1 0 0 0.765416

3
1 10 1 0.800238
2 0 0 1.08885
3 0 0 0.867426

3
1 1 1 0.836522
2 0 0 1.05853
3 0 0 0.842956

5
1 1 2 0.829671
2 0 0 0.763197
3 4 3 0.911167
6 0 0 0.86903
7 0 0 0.9618

3
1 0 1983 0.821445
2 0 0 0.945952
3 0 0 0.948461

3
1 1 2 0.818336
2 0 0 0.782885
3 0 0 1.00511

1
1 0 0 0.661655

3
1 9 1 0.877613
2 0 0 0.850282
3 0 0 0.982379

5
1 4 1 0.928713
2 0 0 0.910522
3 11 2700 0.936933
6 0 0 1.27441
7 0 0 1.00235

3
1 7 3 0.878101
2 0 0 0.824184
3 0 0 0.935191

3
1 11 1229 0.879491
2 0 0 0.993196
3 0 0 0.992773

1
1 0 0 0.779703

3
1 10 1 0.765588
2 0 0 0.995942
3 0 0 0.762386

3
1 9 1 0.773913
2 0 0 0.834998
3 0 0 1.06564

3
1 5 3 0.749241
2 0 0 0.857821
3 0 0 1.10202

3
1 2 4 0.867873
2 0 0 0.838149
3 0 0 0.9126

5
1 1 1 0.828865
2 0 0 1.04039
3 4 3 0.822159
6 0 0 0.836041
7 0 0 1.00512

1
1 0 0 0.754631

1
1 0 0 0.80483

7
1 4 3 0.889387
2 0 0 0.915642
3 11 2787 0.999834
6 0 4008 0.893769
12 0 0 0.902886
13 0 0 1.1073
7 0 0 1.00085

1
1 0 0 0.87118

3
1 3 2 0.949587
2 0 0 0.875217
3 0 0 1.03259

1
1 0 0 0.949048

3
1 1 1 0.865964
2 0 0 0.938153
3 0 0 0.781356

3
1 4 3 0.813528
2 0 0 0.868478
3 0 0 1.06383

3
1 10 1 0.88604
2 0 0 1.01179
3 0 0 0.736845

3
1 5 2 0.863456
2 0 0 0.871323
3 0 0 1.00886

1
1 0 0 0.750886

3
1 9 1 0.913669
2 0 0 0.904602
3 0 0 1.04981

5
1 11 2886 0.8039
2 6 1 1.02728
4 0 0 0.97555
5 0 0 1.02172
3 0 0 0.754163

1
1 0 0 0.965152

3
1 1 1 0.835404
2 0 0 0.993401
3 0 0 0.789308

3
1 5 3 0.812904
2 0 0 0.803152
3 0 0 1.11928

5
1 9 1 0.865198
2 0 0 0.847756
3 7 1 1.0522
6 0 0 0.914247
7 0 0 1.07019

1
1 0 0 0.890937

7
1 6 2 0.922852
2 5 1 0.897349
4 0 0 0.847415
5 4 3 0.800569
10 0 0 0.796359
11 0 0 1.01046
3 0 0 0.815212

3
1 5 3 0.832859
2 0 0 0.788754
3 0 0 1.13839

3
1 1 1 0.913813
2 0 0 1.07595
3 0 0 0.875531

5
1 11 1551 0.868932
2 5 3 0.963153
4 0 0 0.941425
5 0 0 0.90469
3 0 0 0.791611

3
1 6 2 0.82641
2 0 0 0.829767
3 0 0 1.057

3
1 4 3 0.920732
2 0 0 0.923423
3 0 0 0.954784

3
1 10 1 0.878287
2 0 0 0.980425
3 0 0 0.743373

3
1 9 1 0.914353
2 0 0 0.795292
3 0 0 1.04646

1
1 0 0 0.806227

5
1 4 3 0.860731
2 2 3 0.827902
4 0 0 0.831593
5 0 0 0.82865
3 0 0 0.991501

1
1 0 0 0.90372

3
1 1 1 0.8599
2 0 0 1.04719
3 0 0 0.643012

3
1 6 3 0.924673
2 0 0 0.944158
3 0 0 0.873467

3
1 6 1 0.981187
2 0 0 0.999338
3 0 0 0.848954

1
1 0 0 0.838904

3
1 4 2 0.912208
2 0 0 0.846326
3 0 0 0.857463

3
1 9 1 0.825148
2 0 0 0.76657
3 0 0 1.06385

1
1 0 0 0.845362

3
1 2 1 0.898192
2 0 0 0.864065
3 0 0 0.885635

3
1 4 2 0.888229
2 0 0 0.854617
3 0 0 1.06565

3
1 3 3 0.847738
2 0 0 0.996725
3 0 0 1.0024

3
1 1 1 0.884206
2 0 0 0.988745
3 0 0 0.73785

3
1 0 3903 0.914406
2 0 0 0.863058
3 0 0 0.961511

1
1 0 0 0.862326

1
1 0 0 0.862256

3
1 7 1 0.845248
2 0 0 0.900718
3 0 0 0.872643

3
1 10 1 0.776631
2 0 0 0.982447
3 0 0 0.755441

3
1 11 52 0.929409
2 0 0 1.04871
3 0 0 0.920667

3
1 1 1 0.812313
2 0 0 1.03834
3 0 0 0.799187

3
1 0 4016 0.932996
2 0 0 0.818213
3 0 0 0.993122

5
1 2 3 0.916592
2 1 1 0.916517
4 0 0 0.922049
5 0 0 0.86949
3 0 0 0.957606

3
1 1 1 0.872602
2 0 0 0.893235
3 0 0 0.650093

3
1 1 1 0.890848
2 0 0 0.997611
3 0 0 0.867949

3
1 1 1 0.904049
2 0 0 1.02723
3 0 0 0.829568

3
1 5 3 0.90038
2 0 0 0.851356
3 0 0 0.923934

5
1 7 2 0.927987
2 9 1 0.92096
4 0 0 0.857309
5 0 0 0.942733
3 0 0 1.08618

7
1 9 1 0.87452
2 10 1 0.916977
4 0 0 1.07725
5 0 0 0.918101
3 3 1 0.989766
6 0 0 1.02791
7 0 0 0.963335

3
1 4 3 0.832946
2 0 0 0.868938
3 0 0 1.0284

1
1 0 0 0.840923

3
1 9 1 0.951958
2 0 0 0.784299
3 0 0 0.981098

3
1 4 1 0.906983
2 0 0 0.881685
3 0 0 0.916375

3
1 7 1 0.906939
2 0 0 0.918066
3 0 0 0.959303

3
1 1 1 0.896083
2 0 0 1.05586
3 0 0 0.734194

3
1 2 2 0.858633
2 0 0 0.964273
3 0 0 0.801386

5
1 0 4759 0.915935
2 0 0 0.877127
3 9 1 0.979108
6 0 0 0.922368
7 0 0 0.992794

3
1 11 4963 0.896676
2 0 0 0.981146
3 0 0 0.999242

3
1 10 1 0.848515
2 0 0 0.859593
3 0 0 0.84368

3
1 7 3 0.702247
2 0 0 0.729229
3 0 0 0.893054

5
1 10 1 0.934506
2 5 1 0.883156
4 0 0 0.975112
5 0 0 0.818961
3 0 0 0.685681

3
1 9 1 0.87777
2 0 0 0.862768
3 0 0 0.912019

3
1 6 3 1.01469
2 0 0 0.957538
3 0 0 0.853261

3
1 3 2 0.750911
2 0 0 0.800907
3 0 0 0.99521

3
1 10 1 0.895649
2 0 0 0.938747
3 0 0 0.789889

5
1 1 2 0.862977
2 1 1 0.90878
4 0 0 0.976591
5 0 0 0.812191
3 0 0 1.02876

3
1 5 2 0.805507
2 0 0 0.834325
3 0 0 0.944844

3
1 0 9885 0.703018
2 0 0 0.761065
3 0 0 0.983877

1
1 0 0 0.719533

1
1 0 0 0.860801

3
1 3 1 0.923354
2 0 0 0.904142
3 0 0 1.07588

1
1 0 0 0.775083

3
1 11 1619 0.972816
2 0 0 0.912429
3 0 0 0.926888

3
1 7 3 0.781275
2 0 0 0.810606
3 0 0 0.893969

3
1 1 2 0.84779
2 0 0 0.780476
3 0 0 0.957803

3
1 7 3 0.819279
2 0 0 0.911389
3 0 0 0.944891

5
1 7 3 0.948352
2 11 2903 0.952372
4 0 0 1.00194
5 0 0 0.861581
3 0 0 1.03891

3
1 11 4107 0.875866
2 0 0 0.860339
3 0 0 0.851026

5
1 10 1 0.80489
2 0 0 1.03685
3 3 2 0.850092
6 0 0 0.893185
7 0 0 1.00786

1
1 0 0 0.751874

3
1 5 3 0.841547
2 0 0 0.83188
3 0 0 0.892713

11
1 6 3 0.851577
2 10 1 0.90063
4 0 0 0.951004
5 9 1 0.867101
10 0 0 0.857369
11 5 1 1.03947
22 0 0 0.897297
23 0 6814 1.00604
46 0 0 0.974237
47 0 0 1.0219
3 0 0 0.921179

3
1 9 1 0.825535
2 0 0 0.893933
3 0 0 1.01652

3
1 10 1 0.833835
2 0 0 0.994151
3 0 0 0.787891

3
1 9 1 0.938563
2 0 0 0.784956
3 0 0 1.06006

3
1 4 1 0.928713
2 0 0 0.892925
3 0 0 1.07531

5
1 9 1 0.814553
2 0 0 0.768578
3 5 3 0.894713
6 0 0 1.00228
7 0 0 1.07741

3
1 4 3 0.79934
2 0 0 0.76813
3 0 0 1.09075

3
1 6 3 0.834815
2 0 0 0.845085
3 0 0 0.898261

3
1 10 1 0.765588
2 0 0 0.961824
3 0 0 0.76152

3
1 1 1 0.836673
2 0 0 0.875118
3 0 0 0.74669

3
1 6 2 0.842303
2 0 0 0.84221
3 0 0 1.08565

1
1 0 0 0.826911

3
1 4 3 0.946869
2 0 0 0.933237
3 0 0 0.966383

3
1 5 3 0.84025
2 0 0 0.841082
3 0 0 0.956131

3
1 4 3 0.806766
2 0 0 0.835584
3 0 0 1.01736

3
1 0 9763 0.775315
2 0 0 0.86422
3 0 0 0.994671

3
1 6 1 0.941767
2 0 0 0.832459
3 0 0 0.864464

3
1 0 5541 0.854504
2 0 0 0.789055
3 0 0 0.976676

3
1 6 3 0.871922
2 0 0 0.888595
3 0 0 1.00148

5
1 4 2 0.838947
2 0 0 0.805249
3 3 1 1.07179
6 0 0 1.02266
7 0 0 0.974719

5
1 4 3 0.928371
2 10 1 0.920882
4 0 0 0.970387
5 0 0 0.770553
3 0 0 0.944605

3
1 10 1 0.88604
2 0 0 0.992083
3 0 0 0.844792

5
1 4 2 0.80903
2 0 0 0.82693
3 0 7594 1.00452
6 0 0 0.946392
7 0 0 1.00555

3
1 2 3 0.8419
2 0 0 0.870037
3 0 0 0.89848

3
1 9 1 0.913669
2 0 0 0.851893
3 0 0 0.969772

3
1 3 2 0.799731
2 0 0 0.913619
3 0 0 0.931873

3
1 6 3 0.927649
2 0 0 0.964984
3 0 0 1.11898

3
1 11 1189 0.818882
2 0 0 0.892815
3 0 0 0.826992

3
1 4 3 0.790515
2 0 0 0.772287
3 0 0 1.06848

3
1 10 1 0.831966
2 0 0 0.984977
3 0 0 0.864238

1
1 0 0 0.764868

5
1 4 3 0.801872
2 3 3 0.781999
4 0 0 0.736331
5 0 0 1.00743
3 0 0 0.945918

3
1 1 2 0.943326
2 0 0 0.876684
3 0 0 1.0167

3
1 1 1 0.913813
2 0 0 0.93717
3 0 0 0.856496

3
1 1 2 0.87228
2 0 0 0.905558
3 0 0 0.989608

3
1 10 1 1.01292
2 0 0 1.12556
3 0 0 1.02472

3
1 5 2 0.769267
2 0 0 0.815583
3 0 0 1.00454

3
1 9 1 0.7494
2 0 0 0.780653
3 0 0 0.919111

3
1 11 92 0.865468
2 0 0 1.07188
3 0 0 0.804125

5
1 2 1 0.909773
2 6 1 0.916728
4 0 0 1.13861
5 0 0 0.918773
3 0 0 0.897458

1
1 0 0 0.788272

3
1 9 1 0.925794
2 0 0 0.983602
3 0 0 0.997277

3
1 1 1 0.887279
2 0 0 1.0362
3 0 0 0.922159

3
1 7 3 0.704098
2 0 0 0.720548
3 0 0 1.00395

5
1 10 1 0.883306
2 2 2 0.981071
4 0 0 1.05326
5 0 0 0.928375
3 0 0 0.680836

3
1 1 1 0.868632
2 0 0 1.12951
3 0 0 0.796997

3
1 1 2 0.833008
2 0 0 0.751402
3 0 0 1.12853

3
1 4 2 0.745232
2 0 0 0.815025
3 0 0 0.942413

3
1 5 3 0.80609
2 0 0 0.783247
3 0 0 0.932237

3
1 2 4 0.841413
2 0 0 0.930021
3 0 0 0.884791

3
1 5 3 0.695255
2 0 0 0.738967
3 0 0 1.08256

3
1 5 2 0.846777
2 0 0 0.80367
3 0 0 0.92445

3
1 0 6326 0.810896
2 0 0 0.817439
3 0 0 0.949828

3
1 1 1 0.871263
2 0 0 1.09168
3 0 0 0.88836

3
1 11 1788 0.975546
2 0 0 0.978099
3 0 0 0.901189

3
1 2 3 0.9409
2 0 0 0.955948
3 0 0 0.953899

3
1 6 3 0.846988
2 0 0 0.941317
3 0 0 1.01285

3
1 11 3616 0.87797
2 0 0 0.972393
3 0 0 0.888526

3
1 9 1 0.86691
2 0 0 0.712287
3 0 0 0.992639

3
1 1 1 0.812313
2 0 0 0.941432
3 0 0 0.791924

1
1 0 0 0.946989

3
1 0 9758 0.850387
2 0 0 0.729241
3 0 0 1.11506

1
1 0 0 0.984763

5
1 7 1 0.91393
2 0 0 0.893967
3 9 1 0.949092
6 0 0 1.02443
7 0 0 1.02797

3
1 1 1 0.904049
2 0 0 1.02432
3 0 0 0.760545

3
1 10 1 0.890285
2 0 0 0.953072
3 0 0 0.771192

3
1 5 3 0.849249
2 0 0 0.797705
3 0 0 0.98179

3
1 4 1 0.849246
2 0 0 0.874591
3 0 0 0.885188

1
1 0 0 0.796279

7
1 4 1 0.890776
2 0 3438 0.94357
4 0 0 0.777522
5 0 0 1.00158
3 0 7575 0.930772
6 0 0 0.994592
7 0 0 0.928642

5
1 10 1 0.891381
2 0 0 0.901355
3 2 3 0.914043
6 0 0 0.870219
7 0 0 0.949949

5
1 4 1 0.906983
2 10 1 0.889987
4 0 0 0.92887
5 0 0 0.811263
3 0 0 0.943659

5
1 11 2942 0.862821
2 4 1 1.03865
4 0 0 0.97389
5 0 0 1.09541
3 0 0 0.832283

3
1 6 3 0.877893
2 0 0 0.875988
3 0 0 0.929988

3
1 3 3 0.918739
2 0 0 0.893898
3 0 0 0.901573

3
1 1 1 0.799482
2 0 0 1.0875
3 0 0 0.777939

3
1 10 1 0.892673
2 0 0 0.973663
3 0 0 0.898942

7
1 3 2 0.943082
2 0 4869 0.941999
4 0 0 0.752875
5 5 1 1.02427
10 0 0 1.02305
11 0 0 1.02722
3 0 0 1.07146

3
1 10 1 0.804687
2 0 0 0.881788
3 0 0 0.791877

1
1 0 0 0.773898

3
1 9 1 0.87777
2 0 0 0.830062
3 0 0 1.02243

5
1 7 3 0.805584
2 10 1 0.834643
4 0 0 1.06837
5 0 0 0.838673
3 0 0 0.983958

3
1 3 1 0.802599
2 0 0 0.905227
3 0 0 1.15444

3
1 3 3 0.768608
2 0 0 0.765309
3 0 0 0.953443

3
1 10 1 0.865834
2 0 0 1.10232
3 0 0 0.779464

3
1 5 2 0.899421
2 0 0 0.926349
3 0 0 1.0534

3
1 4 2 0.883866
2 0 0 0.89819
3 0 0 0.937938

3
1 10 1 0.886332
2 0 0 0.90809
3 0 0 0.840583

5
1 10 1 0.827854
2 2 3 0.976631
4 0 0 0.905297
5 0 0 1.02055
3 0 0 0.693931

1
1 0 0 0.866755

3
1 10 1 0.919259
2 0 0 1.03257
3 0 0 0.781234

3
1 9 1 0.838751
2 0 0 0.761125
3 0 0 0.962785

1
1 0 0 0.849506

3
1 5 3 0.828781
2 0 0 0.852794
3 0 0 0.901489

3
1 11 5384 0.817594
2 0 0 0.799805
3 0 0 0.917422

3
1 11 3979 0.77961
2 0 0 0.809969
3 0 0 0.888693

1
1 0 0 0.89069

3
1 10 1 0.858747
2 0 0 0.898374
3 0 0 0.792662

3
1 6 3 0.881517
2 0 0 0.881166
3 0 0 0.945959

3
1 10 1 0.825305
2 0 0 0.949229
3 0 0 0.797135

3
1 5 3 0.747338
2 0 0 0.787313
3 0 0 0.913059

1
1 0 0 0.825155

5
1 9 1 0.909215
2 0 0 0.808644
3 0 9345 1.06593
6 0 0 1.0248
7 0 0 1.06556

5
1 6 2 0.973336
2 0 0 0.88582
3 0 8228 0.956851
6 0 0 1.03938
7 0 0 1.05976

5
1 11 2433 0.86639
2 0 0 1.02352
3 6 1 0.877669
6 0 0 0.88744
7 0 0 1.08284

5
1 11 2427 0.872176
2 11 2422 0.917559
4 0 0 0.931399
5 0 0 0.912715
3 0 0 0.901735

3
1 7 2 0.839766
2 0 0 0.805788
3 0 0 1.021

7
1 6 3 0.766555
2 1 2 0.793872
4 0 0 0.838708
5 0 0 0.942073
3 11 3138 0.945381
6 0 0 0.959897
7 0 0 0.972071

1
1 0 0 0.802523

5
1 3 3 0.82388
2 6 1 0.905013
4 0 0 0.931337
5 0 0 0.930713
3 0 0 0.907694

3
1 0 7792 0.871945
2 0 0 0.890788
3 0 0 0.907086

1
1 0 0 0.753912

3
1 4 2 0.778196
2 0 0 0.821641
3 0 0 1.12225

3
1 9 1 0.866861
2 0 0 0.858101
3 0 0 0.977435

1
1 0 0 0.924367

3
1 10 1 0.921878
2 0 0 1.01451
3 0 0 0.768474

3
1 6 2 0.841619
2 0 0 0.763753
3 0 0 1.04866

1
1 0 0 0.81567

3
1 1 1 0.956662
2 0 0 0.997011
3 0 0 0.772038

3
1 6 3 0.803051
2 0 0 0.887851
3 0 0 1.04932

1
1 0 0 0.813484

5
1 3 2 0.861086
2 0 0 0.838325
3 11 3781 0.997209
6 0 0 0.993507
7 0 0 0.995986

1
1 0 0 0.86037

3
1 1 1 0.855009
2 0 0 0.970955
3 0 0 0.776274

3
1 9 1 0.826681
2 0 0 0.89772
3 0 0 1.0111

3
1 3 2 0.965888
2 0 0 0.725186
3 0 0 0.980734

5
1 7 3 0.857444
2 0 1594 0.883723
4 0 0 0.87231
5 0 0 0.923152
3 0 0 0.882902

3
1 1 1 0.923052
2 0 0 0.911123
3 0 0 0.909115

5
1 4 1 0.89917
2 0 0 0.786908
3 11 3400 1.02719
6 0 0 1.05459
7 0 0 0.942616

3
1 10 1 0.831966
2 0 0 1.05726
3 0 0 0.836961

1
1 0 0 1.01062

3
1 10 1 0.830719
2 0 0 0.932076
3 0 0 0.778577

3
1 4 3 0.781511
2 0 0 0.733224
3 0 0 0.996778

1
1 0 0 0.778025

3
1 9 1 0.873344
2 0 0 0.793313
3 0 0 1.02568

3
1 7 2 0.812902
2 0 0 0.882354
3 0 0 0.915525

3
1 3 2 0.829491
2 0 0 0.799802
3 0 0 1.08159

3
1 2 4 0.913739
2 0 0 0.919555
3 0 0 0.930346

3
1 10 1 0.979386
2 0 0 1.00821
3 0 0 0.953452

3
1 4 2 0.852704
2 0 0 0.856886
3 0 0 1.06832

3
1 3 3 0.901137
2 0 0 0.919594
3 0 0 1.01305

5
1 10 1 0.865893
2 2 2 1.03464
4 0 0 1.10072
5 0 0 0.929478
3 0 0 0.778623

3
1 1 2 0.879388
2 0 0 0.823613
3 0 0 0.944333

3
1 11 2818 0.821943
2 0 0 0.852478
3 0 0 0.891063

5
1 10 1 0.883306
2 11 2435 1.10051
4 0 0 0.990925
5 0 0 0.984327
3 0 0 0.788075

3
1 1 1 0.87044
2 0 0 1.02496
3 0 0 0.830539

3
1 1 2 0.833008
2 0 0 0.802025
3 0 0 0.981407

1
1 0 0 0.929695

5
1 11 843 0.895447
2 0 9734 0.865613
4 0 0 0.916618
5 0 0 1.02034
3 0 0 0.918835

3
1 6 3 0.747007
2 0 0 0.750077
3 0 0 0.971745

1
1 0 0 0.774243

1
1 0 0 0.781676

5
1 7 1 0.912806
2 0 0 0.82302
3 1 2 0.978521
6 0 0 0.962943
7 0 0 1.01931

3
1 6 3 0.874095
2 0 0 0.907266
3 0 0 0.946451

3
1 4 3 0.79838
2 0 0 0.822339
3 0 0 0.944424

5
1 11 1540 0.868764
2 9 1 0.948884
4 0 0 0.945028
5 0 0 1.01534
3 0 0 0.833129

3
1 5 2 0.930951
2 0 0 0.835861
3 0 0 0.94587

3
1 11 3967 0.844982
2 0 0 0.811334
3 0 0 0.943175

3
1 0 6425 0.965234
2 0 0 0.792708
3 0 0 0.938168

3
1 1 1 0.812313
2 0 0 1.02706
3 0 0 0.850547

3
1 11 3851 0.866694
2 0 0 0.866268
3 0 0 0.910149

5
1 1 1 0.829265
2 2 4 1.04091
4 0 0 1.08712
5 0 0 0.961836
3 0 0 0.709747

3
1 4 3 0.826488
2 0 0 0.851343
3 0 0 1.00232

5
1 6 1 0.884501
2 2 1 0.865715
4 0 0 1.16512
5 0 0 0.834017
3 0 0 0.860058

7
1 1 1 0.948889
2 7 1 0.981978
4 0 0 1.08636
5 0 3332 0.966202
10 0 0 0.964708
11 0 0 0.943637
3 0 0 0.73698

1
1 0 0 0.879815

3
1 2 2 0.97824
2 0 0 0.835354
3 0 0 0.931123

3
1 9 1 0.929116
2 0 0 0.916711
3 0 0 0.955365

3
1 1 1 0.887869
2 0 0 1.08922
3 0 0 0.891925

3
1 5 2 0.877256
2 0 0 0.808707
3 0 0 0.954619

3
1 11 2147 0.88808
2 0 0 0.931015
3 0 0 0.838092

3
1 11 2811 0.910395
2 0 0 1.01356
3 0 0 0.779306

5
1 11 2942 0.862821
2 4 1 1.03865
4 0 0 0.960004
5 0 0 1.1463
3 0 0 0.783245

1
1 0 0 0.783684

3
1 9 1 0.871514
2 0 0 0.854637
3 0 0 0.983571

3
1 1 1 0.799482
2 0 0 1.11862
3 0 0 0.872358

3
1 10 1 0.892673
2 0 0 1.09225
3 0 0 0.850499

3
1 10 1 0.783445
2 0 0 1.0111
3 0 0 0.894139

1
1 0 0 0.750848

3
1 9 1 0.785562
2 0 0 0.793734
3 0 0 0.922943

5
1 10 1 0.977253
2 11 4352 1.0334
4 0 0 0.997712
5 0 0 1.0237
3 0 0 0.875613

3
1 4 3 0.849513
2 0 0 0.877897
3 0 0 1.0334

1
1 0 0 0.835999

3
1 7 2 0.961082
2 0 0 0.920934
3 0 0 1.00476

3
1 9 1 0.853867
2 0 0 0.817821
3 0 0 1.1155

1
1 0 0 0.826642

5
1 10 1 0.922204
2 2 1 0.954736
4 0 0 1.04356
5 0 0 0.975399
3 0 0 0.810775

3
1 10 1 0.886332
2 0 0 0.967303
3 0 0 0.883615

3
1 0 4588 0.95938
2 0 0 0.890546
3 0 0 1.04565

1
1 0 0 0.803442

3
1 9 1 0.874709
2 0 0 0.912114
3 0 0 1.01085

3
1 4 3 0.796873
2 0 0 0.830203
3 0 0 1.02829

3
1 1 2 0.854885
2 0 0 0.772006
3 0 0 0.969691

3
1 5 3 0.844872
2 0 0 0.841115
3 0 0 1.00319

3
1 11 20 0.769025
2 0 0 1.11164
3 0 0 0.745587

3
1 1 2 0.894849
2 0 0 0.82134
3 0 0 0.920415

3
1 5 3 0.799801
2 0 0 0.874396
3 0 0 1.00527

3
1 10 1 0.858747
2 0 0 1.02586
3 0 0 0.737967

5
1 0 2464 0.829833
2 11 5373 0.927335
4 0 0 0.928018
5 0 0 1.11807
3 0 0 0.881449

3
1 1 1 0.89349
2 0 0 1.11696
3 0 0 0.837279

3
1 5 1 0.839186
2 0 0 0.920697
3 0 0 0.933852

3
1 3 3 0.751469
2 0 0 0.744426
3 0 0 0.967703

3
1 6 3 0.840518
2 0 0 0.842862
3 0 0 1.04959

3
1 10 1 0.879212
2 0 0 1.0649
3 0 0 0.789395

5
1 4 2 0.880814
2 0 0 0.760819
3 1 2 0.986033
6 0 0 1.00508
7 0 0 0.937727

1
1 0 0 0.878451

3
1 7 3 0.902901
2 0 0 0.837041
3 0 0 1.03863

3
1 6 3 0.766555
2 0 0 0.854802
3 0 0 0.919893

1
1 0 0 0.849427

3
1 4 2 0.882436
2 0 0 0.749652
3 0 0 0.961961

7
1 0 7222 0.941476
2 0 0 0.916622
3 1 1 1.05316
6 0 0 0.965088
7 6 2 0.989306
14 0 0 0.953952
15 0 0 0.986458

3
1 9 1 0.981929
2 0 0 0.836692
3 0 0 1.0357

1
1 0 0 0.889527

3
1 9 1 0.866861
2 0 0 0.835283
3 0 0 1.11707

5
1 0 7886 0.898949
2 0 5207 0.907576
4 0 0 0.870916
5 0 0 1.01747
3 0 0 0.999261

3
1 10 1 0.953708
2 0 0 0.978602
3 0 0 0.813547

3
1 1 1 0.861741
2 0 0 0.899842
3 0 0 0.729916

5
1 3 3 0.76393
2 1 1 0.888885
4 0 0 0.952998
5 0 0 0.830041
3 0 0 0.942966

3
1 0 8355 0.938009
2 0 0 0.791542
3 0 0 0.989159

3
1 10 1 0.928502
2 0 0 1.11948
3 0 0 0.811995

3
1 6 2 0.743351
2 0 0 0.8193
3 0 0 0.950256

3
1 3 1 0.862122
2 0 0 0.827218
3 0 0 0.971026

3
1 6 2 0.907031
2 0 0 0.84737
3 0 0 0.975015

3
1 4 2 0.787415
2 0 0 0.773891
3 0 0 0.904966

3
1 9 1 0.826681
2 0 0 0.813531
3 0 0 1.04153

3
1 10 1 0.897978
2 0 0 1.08909
3 0 0 0.741093

1
1 0 0 0.784579

7
1 0 9687 0.875036
2 11 4399 0.826146
4 0 0 0.960241
5 0 0 0.940849
3 3 1 1.07473
6 0 0 0.966051
7 0 0 1.22232

3
1 4 2 0.74498
2 0 0 0.706008
3 0 0 0.900995

1
1 0 0 0.841061

3
1 10 1 0.915353
2 0 0 0.920757
3 0 0 0.770763

3
1 7 3 0.793819
2 0 0 0.811423
3 0 0 1.01291

5
1 7 3 0.865607
2 3 1 0.875586
4 0 0 0.842441
5 0 0 0.905964
3 0 0 1.10127

3
1 6 2 0.922564
2 0 0 0.854333
3 0 0 1.07513

1
1 0 0 0.884808

3
1 5 3 0.814598
2 0 0 0.924831
3 0 0 1.01105

3
1 4 3 0.801026
2 0 0 0.792766
3 0 0 0.94639

3
1 1 1 0.804631
2 0 0 1.04452
3 0 0 0.805552

3
1 10 1 0.979386
2 0 0 0.900484
3 0 0 0.78902

5
1 0 5102 0.881099
2 0 0 0.883581
3 2 2 0.962494
6 0 0 0.950628
7 0 0 0.942403

3
1 7 3 0.890129
2 0 0 0.924293
3 0 0 0.949708

1
1 0 0 0.840423

3
1 9 1 0.849927
2 0 0 0.812674
3 0 0 0.987394

3
1 10 1 0.98773
2 0 0 0.916286
3 0 0 0.808554

3
1 1 1 0.876518
2 0 0 1.04692
3 0 0 0.855179

3
1 0 5075 0.825767
2 0 0 0.871762
3 0 0 0.86552

5
1 3 3 0.885453
2 1 1 0.934208
4 0 0 1.08482
5 0 0 0.877779
3 0 0 0.985548

5
1 0 8385 0.815521
2 0 0 0.811344
3 11 3279 0.91969
6 0 0 1.05336
7 0 0 0.988194

3
1 4 3 0.910749
2 0 0 0.851752
3 0 0 0.999079

7
1 10 1 0.880887
2 0 0 1.01813
3 4 1 0.893426
6 5 1 0.888116
12 0 0 0.847238
13 0 0 0.946825
7 0 0 1.02503

5
1 4 2 0.900129
2 5 3 0.879123
4 0 0 0.879672
5 0 0 0.95546
3 0 0 0.853004

3
1 11 83 0.814747
2 0 0 0.978178
3 0 0 0.861108

3
1 5 2 0.885294
2 0 0 0.920207
3 0 0 1.02877

1
1 0 0 0.814576

3
1 0 9671 0.897341
2 0 0 0.868557
3 0 0 1.04406

3
1 10 1 0.891894
2 0 0 1.00697
3 0 0 0.862453

3
1 3 3 0.771196
2 0 0 0.770399
3 0 0 1.09222

3
1 5 3 0.77982
2 0 0 0.762125
3 0 0 1.08124

3
1 1 1 0.909369
2 0 0 1.0825
3 0 0 0.720428

5
1 2 1 0.855125
2 3 1 1.03432
4 0 0 0.994738
5 0 0 1.04305
3 0 0 0.888163

3
1 9 1 0.83212
2 0 0 0.737182
3 0 0 1.01654

5
1 10 1 0.915356
2 6 1 1.06983
4 0 0 1.07906
5 0 0 1.11259
3 0 0 0.85866

3
1 6 2 0.752169
2 0 0 0.756594
3 0 0 1.03426

5
1 6 1 0.884501
2 7 2 0.965736
4 0 0 0.930232
5 0 0 0.928895
3 0 0 0.850466

3
1 5 2 0.814989
2 0 0 0.811599
3 0 0 0.959057

3
1 4 3 0.798078
2 0 0 0.856251
3 0 0 1.11603

5
1 5 2 0.844668
2 7 3 0.883407
4 0 0 0.899422
5 0 0 0.92551
3 0 0 1.07178

3
1 1 2 0.739089
2 0 0 0.782898
3 0 0 0.914856

3
1 3 1 0.817514
2 0 0 0.86332
3 0 0 0.911518

3
1 3 3 0.743371
2 0 0 0.756874
3 0 0 0.903784

3
1 6 3 0.844102
2 0 0 0.820045
3 0 0 1.04409

3
1 7 3 0.849522
2 0 0 0.886916
3 0 0 0.987574

3
1 1 1 0.908104
2 0 0 1.03426
3 0 0 0.972099

3
1 9 1 0.828513
2 0 0 0.773266
3 0 0 0.987758

3
1 10 1 0.929645
2 0 0 1.00042
3 0 0 0.966351

1
1 0 0 0.760492

1
1 0 0 0.800632

3
1 10 1 0.783445
2 0 0 1.04661
3 0 0 0.758968

3
1 3 1 0.941031
2 0 0 0.943545
3 0 0 1.04737

7
1 5 2 0.882073
2 0 0 0.90696
3 4 1 0.955762
6 2 4 0.889342
12 0 0 0.928188
13 0 0 0.877273
7 0 0 0.93162

3
1 10 1 0.977253
2 0 0 1.02965
3 0 0 0.789022

3
1 0 3573 0.948093
2 0 0 0.844903
3 0 0 1.07185

5
1 4 1 0.835999
2 0 0 0.9743
3 11 2643 0.915207
6 0 0 1.10968
7 0 0 0.850166

3
1 1 2 0.822556
2 0 0 0.950834
3 0 0 0.927614

3
1 1 1 0.83395
2 0 0 0.962124
3 0 0 0.735969

3
1 9 1 0.910206
2 0 0 0.833224
3 0 0 0.909283

1
1 0 0 0.773591

5
1 10 1 0.886332
2 0 0 0.985307
3 9 1 0.880373
6 0 0 0.876947
7 0 0 0.969567

3
1 3 3 0.808615
2 0 0 0.862511
3 0 0 0.993315

3
1 9 1 0.881843
2 0 0 0.866307
3 0 0 0.972284

3
1 4 3 0.753849
2 0 0 0.79137
3 0 0 0.976676

3
1 10 1 0.86364
2 0 0 0.981926
3 0 0 0.885318

3
1 0 8358 0.88698
2 0 0 0.82794
3 0 0 0.990371

3
1 6 1 0.85698
2 0 0 0.800696
3 0 0 0.941596

3
1 3 3 0.824884
2 0 0 0.836751
3 0 0 1.10046

3
1 2 2 0.887968
2 0 0 0.868847
3 0 0 0.906546

1
1 0 0 0.8721

3
1 10 1 0.858747
2 0 0 0.947764
3 0 0 0.858305

3
1 4 3 0.763602
2 0 0 0.74422
3 0 0 0.996232

3
1 1 1 0.89349
2 0 0 0.978832
3 0 0 0.717884

3
1 4 1 0.810672
2 0 0 0.742772
3 0 0 0.90765

3
1 6 3 0.883583
2 0 0 0.819448
3 0 0 1.07447

3
1 3 1 0.907443
2 0 0 0.888553
3 0 0 0.903052

3
1 7 3 0.87098
2 0 0 0.954766
3 0 0 0.894389

3
1 1 1 0.956163
2 0 0 0.927456
3 0 0 0.793512

3
1 4 2 0.904174
2 0 0 0.913333
3 0 0 1.04143

3
1 6 3 0.844553
2 0 0 0.881816
3 0 0 0.836287

3
1 1 2 0.882277
2 0 0 0.784384
3 0 0 1.02663

5
1 1 1 0.847744
2 0 7175 0.959185
4 0 0 1.03918
5 0 0 1.11237
3 0 0 0.81558

1
1 0 0 0.768796

3
1 7 3 0.783106
2 0 0 0.804397
3 0 0 0.985186

3
1 3 3 0.820185
2 0 0 0.796323
3 0 0 0.935141

5
1 4 3 0.887331
2 10 1 0.895477
4 0 0 1.09218
5 0 0 0.882425
3 0 0 1.0537

7
1 7 3 0.861149
2 1 2 0.885553
4 0 0 0.798606
5 0 0 1.14897
3 0 3974 0.964559
6 0 0 1.05649
7 0 0 1.02721

3
1 1 1 0.893586
2 0 0 0.911073
3 0 0 0.825172

3
1 10 1 0.953708
2 0 0 0.925293
3 0 0 0.795396

5
1 11 3041 0.876293
2 0 0 0.975636
3 5 2 0.932695
6 0 0 0.890941
7 0 0 0.935842

3
1 9 1 0.85183
2 0 0 0.772793
3 0 0 1.0445

3
1 7 2 0.956259
2 0 0 0.790522
3 0 0 1.09152

3
1 7 3 0.793676
2 0 0 0.854989
3 0 0 1.00805

3
1 7 1 0.853123
2 0 0 0.925422
3 0 0 0.921846

5
1 11 2772 0.882874
2 6 1 0.963809
4 0 0 1.1286
5 0 0 0.908898
3 0 0 0.849135

1
1 0 0 0.839201

3
1 9 1 0.890403
2 0 0 0.889798
3 0 0 0.976304

3
1 3 2 0.860189
2 0 0 0.870202
3 0 0 1.11845

1
1 0 0 0.923725

1
1 0 0 0.810153

3
1 10 1 0.970356
2 0 0 0.949718
3 0 0 0.961534

3
1 1 1 0.901723
2 0 0 1.10626
3 0 0 0.830304

3
1 11 2573 0.915617
2 0 0 1.02119
3 0 0 0.88454

3
1 0 6493 0.825657
2 0 0 0.824467
3 0 0 0.908658

3
1 3 3 0.769741
2 0 0 0.815379
3 0 0 0.922362

3
1 4 3 0.737334
2 0 0 0.743634
3 0 0 1.09729

5
1 1 1 0.978471
2 0 1230 1.02887
4 0 0 1.04965
5 0 0 1.06228
3 0 0 0.88677

3
1 7 3 0.896929
2 0 0 0.851926
3 0 0 1.01088

3
1 6 3 0.719395
2 0 0 0.723295
3 0 0 0.835646

3
1 5 3 0.841275
2 0 0 0.829077
3 0 0 0.944003

1
1 0 0 0.74885

3
1 10 1 0.979386
2 0 0 1.13099
3 0 0 0.826904

3
1 10 1 0.912832
2 0 0 0.886772
3 0 0 0.897003

1
1 0 0 0.926407

5
1 4 2 0.852564
2 0 0 0.82363
3 11 1445 0.861698
6 0 0 1.07748
7 0 0 1.00782

3
1 9 1 0.849927
2 0 0 0.777995
3 0 0 0.979553

3
1 10 1 0.98773
2 0 0 0.945598
3 0 0 0.779019

3
1 10 1 0.933404
2 0 0 1.04581
3 0 0 0.869027

3
1 7 3 0.857578
2 0 0 0.882996
3 0 0 1.01064

3
1 9 1 0.863901
2 0 0 0.935604
3 0 0 0.956957

1
1 0 0 0.846696

1
1 0 0 0.792522

3
1 10 1 0.880887
2 0 0 1.05263
3 0 0 0.860047

1
1 0 0 0.838199

3
1 10 1 0.86733
2 0 0 0.994078
3 0 0 0.816289

1
1 0 0 0.816199

5
1 1 2 0.855612
2 0 0 0.876545
3 5 3 0.997887
6 0 0 0.987857
7 0 0 1.02642

1
1 0 0 0.924334

3
1 5 3 0.931521
2 0 0 0.888571
3 0 0 0.959414

5
1 5 2 0.870994
2 0 0 0.868954
3 0 2366 1.04013
6 0 0 0.983918
7 0 0 0.897414

1
1 0 0 0.814423

3
1 1 1 0.909369
2 0 0 1.01403
3 0 0 0.857375

3
1 10 1 0.876815
2 0 0 0.970602
3 0 0 0.87232

1
1 0 0 0.789049

3
1 10 1 0.915356
2 0 0 1.16992
3 0 0 0.719052

3
1 1 2 0.849948
2 0 0 0.808818
3 0 0 1.0739

3
1 4 2 0.903833
2 0 0 0.793949
3 0 0 0.962386

5
1 7 2 0.940617
2 6 3 0.958272
4 0 0 0.948029
5 0 0 0.952421
3 0 0 0.96788

5
1 9 1 0.786247
2 0 0 0.765987
3 11 2514 0.939473
6 0 0 1.009
7 0 0 1.01525

3
1 0 9836 0.786949
2 0 0 0.819383
3 0 0 1.08348

3
1 10 1 0.875266
2 0 0 0.90888
3 0 0 0.85989

3
1 7 3 0.775462
2 0 0 0.824212
3 0 0 0.878703

1
1 0 0 0.805694

3
1 11 3993 0.883916
2 0 0 0.906042
3 0 0 0.991793

1
1 0 0 0.890951

3
1 1 1 1.00739
2 0 0 1.0262
3 0 0 0.77972

3
1 4 2 0.850325
2 0 0 0.78471
3 0 0 0.892292

3
1 0 5704 0.885095
2 0 0 0.789891
3 0 0 0.971107

3
1 1 1 0.819
2 0 0 1.08921
3 0 0 0.848465

3
1 4 3 0.835893
2 0 0 0.857791
3 0 0 1.04512

1
1 0 0 0.822322

1
1 0 0 0.841163

7
1 2 4 0.814535
2 11 5250 0.865945
4 7 2 0.861607
8 0 0 0.891842
9 0 0 0.9556
5 0 0 1.05326
3 0 0 0.976241

1
1 0 0 0.752361

5
1 10 1 0.851345
2 0 0 1.05805
3 6 3 0.860458
6 0 0 0.902762
7 0 0 1.02356

7
1 4 1 0.835999
2 10 1 0.998406
4 0 0 1.00839
5 0 0 0.750315
3 11 2643 0.915207
6 0 0 1.06514
7 0 0 0.838493

3
1 2 1 0.961638
2 0 0 0.975186
3 0 0 0.895628

3
1 1 2 0.929032
2 0 0 0.883599
3 0 0 0.967084

3
1 9 1 0.910206
2 0 0 0.620422
3 0 0 1.06245

3
1 1 1 0.990055
2 0 0 1.01
3 0 0 0.802474

3
1 10 1 0.886332
2 0 0 0.940059
3 0 0 0.927029

1
1 0 0 0.921106

3
1 2 2 0.94471
2 0 0 0.937589
3 0 0 0.930831

3
1 5 2 0.79667
2 0 0 0.901435
3 0 0 0.941428

1
1 0 0 0.816979

3
1 3 1 0.874401
2 0 0 0.875441
3 0 0 0.909093

3
1 0 8222 0.957539
2 0 0 0.937908
3 0 0 1.07461

1
1 0 0 0.91555

5
1 3 2 0.841057
2 0 0 0.799849
3 0 4685 0.946964
6 0 0 0.99523
7 0 0 0.966682

3
1 0 3600 0.911766
2 0 0 0.818572
3 0 0 0.967246

3
1 6 2 0.836469
2 0 0 0.765853
3 0 0 1.05268

5
1 9 1 0.820148
2 0 0 0.892778
3 0 6533 1.06282
6 0 0 1.07406
7 0 0 1.134

3
1 7 3 0.898594
2 0 0 0.97977
3 0 0 1.08651

3
1 2 4 0.873606
2 0 0 0.788968
3 0 0 0.842747

3
1 11 5349 0.842126
2 0 0 0.772598
3 0 0 1.01296

3
1 11 4345 0.831109
2 0 0 0.921047
3 0 0 0.909075

3
1 5 2 0.813905
2 0 0 0.849651
3 0 0 0.973227

3
1 10 1 0.891773
2 0 0 0.950414
3 0 0 0.657391

3
1 6 1 0.846204
2 0 0 0.886721
3 0 0 0.840152

7
1 2 1 0.885184
2 0 5380 0.847145
4 0 0 0.868549
5 6 2 0.999379
10 0 0 1.03872
11 0 0 1.11072
3 0 0 0.817837

3
1 9 1 0.857155
2 0 0 0.817238
3 0 0 1.01607

3
1 1 1 0.847744
2 0 0 1.03497
3 0 0 0.736344

1
1 0 0 0.788697

3
1 6 3 0.902729
2 0 0 0.86289
3 0 0 1.02573

1
1 0 0 0.822116

5
1 4 3 0.887331
2 10 1 0.895477
4 0 0 1.02689
5 0 0 0.813056
3 0 0 0.933422

5
1 1 1 0.803093
2 0 0 1.01205
3 1 2 0.818963
6 0 0 0.813904
7 0 0 1.03855

1
1 0 0 0.857808

3
1 6 3 0.832575
2 0 0 0.79397
3 0 0 1.03999

3
1 3 1 0.930018
2 0 0 0.822542
3 0 0 0.923546

5
1 9 1 0.85183
2 0 0 0.866316
3 11 1334 1.07098
6 0 0 1.04693
7 0 0 0.918086

3
1 1 2 0.839119
2 0 0 0.816898
3 0 0 1.03707

3
1 6 2 0.856365
2 0 0 0.822244
3 0 0 0.98431

3
1 7 3 0.9024
2 0 0 0.917448
3 0 0 1.15081

3
1 11 2772 0.882874
2 0 0 1.0838
3 0 0 0.761688

3
1 1 1 0.884899
2 0 0 1.00387
3 0 0 0.815062

3
1 0 7930 0.816931
2 0 0 0.817529
3 0 0 0.901845

1
1 0 0 0.779354

3
1 4 2 0.880946
2 0 0 0.889106
3 0 0 0.902809

3
1 1 2 0.84391
2 0 0 0.727704
3 0 0 0.949647

3
1 10 1 0.970356
2 0 0 0.946392
3 0 0 0.785645

5
1 11 2771 0.84032
2 7 1 1.05136
4 0 0 1.09958
5 0 0 1.03137
3 0 0 0.923099

3
1 3 3 0.832783
2 0 0 0.79397
3 0 0 1.00896

5
1 0 6493 0.825657
2 0 4851 0.889194
4 0 0 0.949724
5 0 0 1.03422
3 0 0 0.987959

3
1 0 4999 0.91883
2 0 0 0.804551
3 0 0 0.9453

3
1 10 1 0.860257
2 0 0 0.888185
3 0 0 0.771941

3
1 5 3 0.860526
2 0 0 0.889517
3 0 0 0.98411

1
1 0 0 0.802648

3
1 6 2 0.779509
2 0 0 1.02057
3 0 0 1.03255

3
1 9 1 0.872067
2 0 0 0.805551
3 0 0 0.949174

1
1 0 0 0.799086

5
1 4 2 0.763157
2 0 0 0.804594
3 9 1 1.09296
6 0 0 0.985671
7 0 0 1.07512

1
1 0 0 0.836

5
1 4 2 0.681379
2 0 0 0.760626
3 6 1 0.958285
6 0 0 1.04378
7 0 0 0.749814

3
1 4 3 0.790323
2 0 0 0.82032
3 0 0 1.01391

3
1 3 3 0.729183
2 0 0 0.778011
3 0 0 1.00899

3
1 7 3 0.830932
2 0 0 0.929162
3 0 0 1.00715

3
1 10 1 0.933404
2 0 0 1.07841
3 0 0 0.779838

3
1 11 2703 0.802173
2 0 0 0.826031
3 0 0 0.773983

3
1 7 3 0.932294
2 0 0 0.878473
3 0 0 0.972299

3
1 10 1 0.980779
2 0 0 1.21502
3 0 0 0.929378

3
1 1 1 0.867038
2 0 0 1.04803
3 0 0 0.815018

3
1 10 1 0.880887
2 0 0 1.00262
3 0 0 0.924475

3
1 1 1 0.887932
2 0 0 0.992012
3 0 0 0.935415

3
1 10 1 0.86733
2 0 0 0.968291
3 0 0 0.806632

3
1 3 3 0.909898
2 0 0 0.867617
3 0 0 1.15914

3
1 1 2 0.855612
2 0 0 0.802842
3 0 0 1.0016

1
1 0 0 0.900774

3
1 4 3 0.715249
2 0 0 0.719283
3 0 0 1.06348

3
1 7 2 0.785444
2 0 0 0.762928
3 0 0 0.991328

3
1 1 1 0.855511
2 0 0 1.08736
3 0 0 0.796617

3
1 9 1 0.913051
2 0 0 0.761518
3 0 0 1.08128

3
1 11 141 0.699739
2 0 0 1.03642
3 0 0 0.854656

3
1 7 2 0.866493
2 0 0 0.872855
3 0 0 0.8418

3
1 10 1 0.915356
2 0 0 1.00991
3 0 0 0.809761

1
1 0 0 0.87904

1
1 0 0 0.81926

3
1 1 1 1.00356
2 0 0 1.07613
3 0 0 0.852151

3
1 4 1 0.809014
2 0 0 0.833289
3 0 0 0.801822

3
1 6 2 0.851828
2 0 0 0.869401
3 0 0 0.939683

5
1 10 1 0.876248
2 11 4893 1.12327
4 0 0 1.15005
5 0 0 1.02141
3 0 0 0.832763

3
1 11 2848 0.911187
2 0 0 1.0165
3 0 0 0.850333

3
1 0 8744 0.856158
2 0 0 0.908748
3 0 0 0.973983

3
1 10 1 0.886162
2 0 0 1.01695
3 0 0 0.784218

3
1 6 2 0.827351
2 0 0 0.720407
3 0 0 1.09366

1
1 0 0 0.806138

3
1 4 1 0.892456
2 0 0 0.881001
3 0 0 1.08502

1
1 0 0 0.84644

3
1 1 1 0.819
2 0 0 0.924189
3 0 0 0.791026

3
1 3 2 0.880857
2 0 0 0.890123
3 0 0 1.02606

3
1 2 2 0.852361
2 0 0 1.02928
3 0 0 0.901331

3
1 4 3 0.739944
2 0 0 0.751875
3 0 0 0.997975

7
1 2 1 0.918636
2 0 0 0.829288
3 3 3 0.878374
6 4 3 0.87901
12 0 0 0.863307
13 0 0 0.952502
7 0 0 1.03681

3
1 4 2 0.737671
2 0 0 0.792508
3 0 0 0.938781

3
1 0 8389 0.789462
2 0 0 0.826141
3 0 0 1.00416

5
1 4 1 0.835999
2 0 0 0.815499
3 11 2643 0.915207
6 0 0 1.14517
7 0 0 0.901486

1
1 0 0 0.80923

1
1 0 0 0.967785

1
1 0 0 0.831354

3
1 1 1 0.990055
2 0 0 0.96799
3 0 0 0.825403

3
1 10 1 0.886332
2 0 0 1.10044
3 0 0 0.824863

3
1 9 1 0.926419
2 0 0 0.891673
3 0 0 1.06389

5
1 9 1 0.876135
2 0 0 0.752395
3 3 3 1.02435
6 0 0 1.04808
7 0 0 0.984186

3
1 1 2 0.873313
2 0 0 0.760984
3 0 0 1.04876

3
1 2 4 0.862534
2 0 0 0.919716
3 0 0 0.981187

3
1 3 2 0.818031
2 0 0 0.818562
3 0 0 0.983229

3
1 1 1 0.837749
2 0 0 1.11439
3 0 0 0.788372

3
1 10 1 0.879774
2 0 0 1.0642
3 0 0 0.815678

3
1 10 1 0.821114
2 0 0 0.954077
3 0 0 0.794436

3
1 0 6350 0.857203
2 0 0 0.758466
3 0 0 1.00644

3
1 1 1 0.857757
2 0 0 1.07362
3 0 0 0.770721

7
1 9 1 0.820148
2 6 2 0.928281
4 0 0 0.904137
5 0 0 1.03882
3 5 1 1.0391
6 0 0 1.03982
7 0 0 1.0612

1
1 0 0 0.840819

5
1 2 2 0.919396
2 0 0 0.796918
3 7 1 0.894247
6 0 0 0.923319
7 0 0 1.05272

3
1 3 3 0.791554
2 0 0 0.902755
3 0 0 0.971007

3
1 7 3 0.786083
2 0 0 0.797564
3 0 0 0.922838

3
1 1 1 0.875498
2 0 0 0.873775
3 0 0 0.842413

3
1 7 2 0.909633
2 0 0 0.914812
3 0 0 0.879949

3
1 7 2 0.826314
2 0 0 0.882424
3 0 0 1.01429

5
1 2 1 0.885184
2 6 1 0.988142
4 0 0 1.21319
5 0 0 0.900872
3 0 0 0.858854

3
1 7 3 0.951546
2 0 0 0.909014
3 0 0 0.934157

3
1 1 1 0.847744
2 0 0 1.06248
3 0 0 0.849581

3
1 1 2 0.884286
2 0 0 0.761004
3 0 0 0.878804

3
1 5 3 0.809841
2 0 0 0.815333
3 0 0 0.991801

3
1 3 3 0.800165
2 0 0 0.813169
3 0 0 0.895117

3
1 5 3 0.953491
2 0 0 0.839501
3 0 0 0.999866

5
1 0 5732 0.810542
2 0 0 0.914933
3 10 1 0.927373
6 0 0 1.08287
7 0 0 1.00726

1
1 0 0 0.723227

3
1 6 2 0.715019
2 0 0 0.871072
3 0 0 1.07103

3
1 1 1 0.812169
2 0 0 1.10431
3 0 0 0.778138

1
1 0 0 0.875441

3
1 1 2 0.839119
2 0 0 0.740638
3 0 0 1.05499

5
1 5 1 0.893451
2 4 1 0.966847
4 0 0 0.840954
5 0 0 1.01042
3 0 0 0.88973

3
1 5 3 0.806467
2 0 0 0.786126
3 0 0 1.09476

1
1 0 0 0.895208

3
1 3 1 0.934789
2 0 0 0.869266
3 0 0 1.13982

1
1 0 0 0.841231

3
1 4 3 0.773159
2 0 0 0.802466
3 0 0 1.01416

3
1 3 3 0.730042
2 0 0 0.828606
3 0 0 1.06472

3
1 1 2 0.84391
2 0 0 0.679609
3 0 0 1.07152

3
1 7 3 0.848086
2 0 0 0.82008
3 0 0 0.909121

5
1 2 4 0.853813
2 4 2 0.930276
4 0 0 0.939863
5 0 0 0.938431
3 0 0 0.919261

1
1 0 0 0.701581

1
1 0 0 0.797988

3
1 1 1 0.858529
2 0 0 1.16272
3 0 0 0.714491

3
1 1 2 0.913688
2 0 0 0.873035
3 0 0 1.00335

1
1 0 0 0.89758

5
1 1 1 0.830703
2 0 0 1.09199
3 5 2 0.901542
6 0 0 0.851432
7 0 0 0.907433

1
1 0 0 0.825294

3
1 9 1 0.83066
2 0 0 0.942959
3 0 0 1.10088

1
1 0 0 0.797643

3
1 7 2 0.858045
2 0 0 0.957103
3 0 0 0.975502

5
1 1 1 0.843977
2 5 1 1.09235
4 0 0 1.02797
5 0 0 1.02443
3 0 0 0.689128

3
1 6 3 0.822082
2 0 0 0.840677
3 0 0 1.03251

3
1 4 3 0.803536
2 0 0 0.873824
3 0 0 1.18827

3
1 9 1 0.883441
2 0 0 0.903222
3 0 0 1.02044

3
1 7 3 0.821757
2 0 0 0.811301
3 0 0 0.967886

5
1 10 1 0.803593
2 0 0 0.87036
3 5 3 0.805018
6 0 0 0.776841
7 0 0 0.85013

1
1 0 0 0.81447

3
1 9 1 0.819983
2 0 0 0.802918
3 0 0 0.895056

3
1 0 5335 0.92768
2 0 0 0.843313
3 0 0 1.0279

3
1 6 2 0.78224
2 0 0 0.816559
3 0 0 0.9302

3
1 10 1 0.950533
2 0 0 1.08504
3 0 0 0.666411

5
1 6 1 0.894092
2 5 1 0.885992
4 0 0 1.01795
5 0 0 0.830445
3 0 0 0.928937

3
1 9 1 0.933793
2 0 0 0.842049
3 0 0 1.0916

3
1 4 1 0.92654
2 0 0 0.911785
3 0 0 1.05041

3
1 5 2 0.824694
2 0 0 0.807257
3 0 0 1.01859

1
1 0 0 0.867775

5
1 6 2 0.892225
2 0 0 0.836204
3 1 2 0.991203
6 0 0 1.06414
7 0 0 0.925856

3
1 6 3 0.880001
2 0 0 0.904043
3 0 0 1.04922

3
1 7 3 0.845963
2 0 0 0.841701
3 0 0 1.0173

3
1 9 1 0.913051
2 0 0 0.89221
3 0 0 0.979936

3
1 4 2 0.800248
2 0 0 0.882024
3 0 0 0.98609

5
1 6 2 0.792884
2 0 8918 0.808744
4 0 0 0.808571
5 0 0 1.0035
3 0 0 0.971797

1
1 0 0 0.821447

3
1 9 1 0.953085
2 0 0 0.9095
3 0 0 0.839795

5
1 4 1 0.863762
2 0 0 0.855299
3 2 2 0.979993
6 0 0 1.13759
7 0 0 0.946015

3
1 10 1 0.925681
2 0 0 1.00234
3 0 0 0.705354

3
1 3 2 0.887537
2 0 0 0.881113
3 0 0 1.08527

3
1 10 1 0.850887
2 0 0 1.12733
3 0 0 0.815936

3
1 6 3 0.786991
2 0 0 0.762759
3 0 0 1.05888

1
1 0 0 0.762213

3
1 7 3 0.836313
2 0 0 0.92191
3 0 0 1.04025

3
1 10 1 0.886162
2 0 0 1.11126
3 0 0 0.903533

3
1 0 5734 0.918531
2 0 0 0.832285
3 0 0 1.04019

3
1 4 2 0.787434
2 0 0 0.749003
3 0 0 1.06665

7
1 11 4882 0.836285
2 10 1 0.877916
4 0 0 1.12958
5 0 0 0.908287
3 0 3382 1.01515
6 0 0 1.02807
7 0 0 0.827805

3
1 11 2833 0.794625
2 0 0 1.04532
3 0 0 0.755744

3
1 5 3 0.818401
2 0 0 0.878739
3 0 0 0.952434

3
1 4 3 0.90803
2 0 0 0.862157
3 0 0 0.946014

5
1 2 2 0.852361
2 11 5216 0.883295
4 0 0 0.870016
5 0 0 1.04115
3 0 0 0.801603

5
1 10 1 0.842801
2 0 6614 0.93402
4 0 0 0.905683
5 0 0 0.978731
3 0 0 0.902401

1
1 0 0 0.741594

3
1 3 2 0.832144
2 0 0 0.85188
3 0 0 0.938222

3
1 10 1 0.807387
2 0 0 0.921221
3 0 0 0.763975

3
1 7 1 0.999244
2 0 0 0.756828
3 0 0 0.873711

3
1 10 1 0.874977
2 0 0 0.98463
3 0 0 0.821182

5
1 2 3 0.912612
2 0 0 0.961179
3 11 2706 1.07658
6 0 0 1.03243
7 0 0 0.962031

3
1 9 1 0.831354
2 0 0 0.882196
3 0 0 1.10844

3
1 1 1 0.990055
2 0 0 1.01384
3 0 0 0.79714

3
1 0 8319 0.810965
2 0 0 0.862425
3 0 0 0.895806

3
1 5 2 0.845981
2 0 0 0.794798
3 0 0 0.960381

3
1 9 1 0.876135
2 0 0 0.803155
3 0 0 0.989263

3
1 5 2 0.905436
2 0 0 0.865019
3 0 0 0.983464

5
1 5 2 0.80121
2 0 0 0.81019
3 0 5143 0.90488
6 0 0 0.945176
7 0 0 1.13844

1
1 0 0 0.845276

5
1 1 1 0.837749
2 0 0 1.12965
3 1 2 0.888928
6 0 0 0.783125
7 0 0 1.02262

1
1 0 0 0.870492

5
1 2 4 0.868155
2 0 0 0.890151
3 7 1 1.07954
6 0 0 1.00064
7 0 0 1.01811

3
1 6 2 0.862126
2 0 0 0.874341
3 0 0 1.06749

5
1 1 1 0.857757
2 2 3 0.98309
4 0 0 1.11067
5 0 0 1.02463
3 0 0 0.868495

3
1 1 1 0.861864
2 0 0 1.03314
3 0 0 0.844314

5
1 0 4791 0.907857
2 0 0 0.83828
3 2 2 1.02002
6 0 0 0.978191
7 0 0 1.02118

5
1 11 2568 0.868358
2 4 1 0.957786
4 0 0 0.897506
5 0 0 1.16188
3 0 0 0.851253

3
1 4 3 0.796382
2 0 0 0.807878
3 0 0 0.946862

1
1 0 0 0.867542

3
1 7 3 0.857007
2 0 0 0.837245
3 0 0 1.07072

3
1 5 1 0.846953
2 0 0 0.884838
3 0 0 0.909168

1
1 0 0 0.733246

3
1 1 1 0.891133
2 0 0 1.01328
3 0 0 0.671212

3
1 1 2 1.04955
2 0 0 0.862865
3 0 0 0.956712

3
1 1 1 0.847744
2 0 0 1.01647
3 0 0 0.906867

5
1 10 1 0.901682
2 0 6169 1.07824
4 0 0 1.00624
5 0 0 1.13136
3 0 0 1.01244

1
1 0 0 0.875225

3
1 11 1180 0.838528
2 0 0 0.929979
3 0 0 0.780218

1
1 0 0 0.897243

5
1 4 2 0.812392
2 0 0 0.873144
3 3 1 0.886368
6 0 0 0.872492
7 0 0 0.969658

3
1 3 1 0.908087
2 0 0 0.738476
3 0 0 1.00424

5
1 6 1 0.913846
2 0 0 0.930812
3 7 1 0.940415
6 0 0 0.953924
7 0 0 1.10896

3
1 1 1 0.812169
2 0 0 0.976067
3 0 0 0.82952

1
1 0 0 0.727926

3
1 1 2 0.839119
2 0 0 0.786454
3 0 0 0.957962

3
1 4 3 0.823916
2 0 0 0.858257
3 0 0 0.923723

3
1 11 4176 0.911779
2 0 0 0.830942
3 0 0 0.956888

3
1 6 3 0.777703
2 0 0 0.893945
3 0 0 0.954593

3
1 0 3397 0.874689
2 0 0 0.873879
3 0 0 0.864073

3
1 6 2 0.847736
2 0 0 0.856704
3 0 0 0.961685

3
1 5 3 0.77467
2 0 0 0.794604
3 0 0 1.05619

3
1 1 1 0.879871
2 0 0 0.974275
3 0 0 0.781181

1
1 0 0 0.783848

3
1 4 2 0.851223
2 0 0 0.833897
3 0 0 1.02035

3
1 9 1 0.921761
2 0 0 0.81533
3 0 0 0.954326

1
1 0 0 0.877562

1
1 0 0 0.805672

1
1 0 0 0.887565

3
1 1 2 0.913688
2 0 0 0.769456
3 0 0 1.00348

1
1 0 0 0.819416

3
1 3 2 0.792899
2 0 0 0.770236
3 0 0 1.05181

1
1 0 0 0.825866

3
1 9 1 0.83066
2 0 0 0.762506
3 0 0 0.950423

1
1 0 0 0.847875

3
1 6 2 0.851072
2 0 0 0.878084
3 0 0 1.04728

3
1 1 1 0.843977
2 0 0 1.01344
3 0 0 0.856286

3
1 1 1 0.843528
2 0 0 1.05418
3 0 0 0.852856

1
1 0 0 0.920132

3
1 3 1 0.875762
2 0 0 0.800521
3 0 0 1.11521

7
1 11 2850 0.851444
2 1 1 0.937397
4 0 0 1.15378
5 5 3 0.919979
10 0 0 0.867008
11 0 0 1.01587
3 0 0 0.850485

3
1 10 1 0.803593
2 0 0 0.963156
3 0 0 0.725532

3
1 7 3 0.853429
2 0 0 0.867979
3 0 0 0.919715

3
1 1 2 0.809228
2 0 0 0.851926
3 0 0 1.11485

1
1 0 0 0.790369

3
1 11 3834 0.858898
2 0 0 0.891252
3 0 0 0.9572

3
1 9 1 0.816619
2 0 0 0.835862
3 0 0 0.892554

3
1 3 3 0.782647
2 0 0 0.728268
3 0 0 0.992436

1
1 0 0 0.861539

3
1 1 1 0.843313
2 0 0 1.05321
3 0 0 0.825671

3
1 10 1 0.862348
2 0 0 1.06536
3 0 0 0.739583

3
1 9 1 0.911484
2 0 0 0.85012
3 0 0 1.01061

3
1 6 3 0.753722
2 0 0 0.814983
3 0 0 0.975563

5
1 0 152 0.852676
2 0 0 0.849743
3 7 1 1.01436
6 0 0 0.902214
7 0 0 0.963824

1
1 0 0 0.803917

3
1 1 1 0.807395
2 0 0 1.05473
3 0 0 0.89773

1
1 0 0 0.779312

1
1 0 0 0.888475

5
1 7 1 0.88155
2 4 3 0.846621
4 0 0 0.818182
5 0 0 1.15542
3 0 0 0.999085

3
1 7 3 0.839769
2 0 0 0.827896
3 0 0 1.01405

3
1 4 3 0.909798
2 0 0 0.930982
3 0 0 0.856467

3
1 10 1 0.925681
2 0 0 0.93457
3 0 0 0.904336

3
1 10 1 0.899842
2 0 0 0.962415
3 0 0 0.7986

3
1 10 1 0.850887
2 0 0 0.958309
3 0 0 0.808443

3
1 0 9598 0.832826
2 0 0 0.921879
3 0 0 0.975884

5
1 9 1 0.907901
2 0 0 0.779227
3 3 1 1.00694
6 0 0 0.938289
7 0 0 0.950596

3
1 3 3 0.848774
2 0 0 0.835387
3 0 0 1.05946

3
1 10 1 0.886162
2 0 0 1.05013
3 0 0 0.776033

3
1 4 3 0.875402
2 0 0 0.876664
3 0 0 0.916752

7
1 10 1 0.890596
2 2 2 0.960808
4 0 0 1.03902
5 0 0 0.998134
3 6 2 0.820353
6 0 0 0.869496
7 0 0 0.962802

7
1 11 2957 0.872434
2 9 1 0.922696
4 0 0 0.881769
5 6 1 1.06619
10 0 0 1.04273
11 0 0 1.03863
3 0 0 0.771126

3
1 0 5464 0.910741
2 0 0 0.828623
3 0 0 1.03767

3
1 1 2 0.890928
2 0 0 0.807765
3 0 0 0.995629

3
1 2 4 0.850599
2 0 0 0.847388
3 0 0 0.910601

3
1 1 1 0.860662
2 0 0 1.06544
3 0 0 0.739419

3
1 4 2 0.862914
2 0 0 0.801482
3 0 0 1.02383

3
1 9 1 0.877329
2 0 0 0.883047
3 0 0 0.930136

3
1 5 3 0.86126
2 0 0 0.865652
3 0 0 0.898849

5
1 10 1 0.807387
2 2 2 0.960365
4 0 0 1.20017
5 0 0 0.924705
3 0 0 0.777042

3
1 6 3 0.791293
2 0 0 0.807517
3 0 0 1.07355

1
1 0 0 0.814746

5
1 1 1 0.90601
2 0 0 0.989743
3 1 2 0.813694
6 0 0 0.74975
7 0 0 0.862644

3
1 5 2 0.782458
2 0 0 0.947575
3 0 0 1.06493

3
1 10 1 0.780387
2 0 0 1.00388
3 0 0 0.845826

3
1 10 1 0.904896
2 0 0 0.944039
3 0 0 0.770923

5
1 5 2 0.859461
2 0 0 0.886142
3 11 3837 0.992116
6 0 0 1.01061
7 0 0 1.01894

3
1 9 1 0.876135
2 0 0 0.826169
3 0 0 1.01681

3
1 10 1 0.84007
2 0 0 0.904857
3 0 0 0.814889

3
1 7 2 0.792389
2 0 0 0.831222
3 0 0 0.95178

7
1 11 5284 0.863885
2 5 3 0.88854
4 6 2 0.87931
8 0 0 0.824486
9 0 0 0.971847
5 0 0 0.943172
3 0 0 1.03999

3
1 6 3 0.869532
2 0 0 0.842132
3 0 0 0.996107

1
1 0 0 0.787351

3
1 6 2 0.843722
2 0 0 0.813508
3 0 0 0.92926

3
1 4 3 0.885912
2 0 0 1.00848
3 0 0 1.11323

5
1 1 1 0.908812
2 0 0 1.00754
3 5 3 0.812512
6 0 0 0.770383
7 0 0 0.986228

3
1 4 2 0.894358
2 0 0 0.905699
3 0 0 1.10628

3
1 1 2 0.890442
2 0 0 0.811274
3 0 0 0.991305

5
1 11 2568 0.868358
2 4 1 0.957786
4 0 0 0.861582
5 0 0 0.98246
3 0 0 0.89464

3
1 10 1 0.840873
2 0 0 0.951182
3 0 0 0.738708

3
1 7 2 0.833594
2 0 0 0.834596
3 0 0 0.924892

5
1 0 1242 0.901134
2 10 1 0.870562
4 0 0 0.965061
5 0 0 0.894464
3 0 0 0.964129

3
1 9 1 0.838436
2 0 0 0.841982
3 0 0 0.99546

3
1 4 2 0.963744
2 0 0 0.843492
3 0 0 0.990976

3
1 0 5732 0.954424
2 0 0 0.815017
3 0 0 1.10041

1
1 0 0 0.808782

1
1 0 0 0.869597

5
1 10 1 0.964407
2 0 0 0.954972
3 7 3 0.74193
6 0 0 0.843203
7 0 0 0.998051

3
1 4 1 0.867798
2 0 0 0.825807
3 0 0 0.847153

3
1 5 2 0.845456
2 0 0 0.798584
3 0 0 0.99583

3
1 11 5176 0.865551
2 0 0 0.928627
3 0 0 0.877311

3
1 4 1 0.883237
2 0 0 0.784411
3 0 0 0.993354

5
1 2 1 1.00385
2 6 1 0.923006
4 0 0 1.16802
5 0 0 0.893894
3 0 0 0.971674

3
1 11 866 0.857898
2 0 0 0.940312
3 0 0 0.817797

1
1 0 0 0.835485

1
1 0 0 0.841731

1
1 0 0 0.904281

5
1 7 2 0.891177
2 0 0 0.899324
3 1 2 0.969461
6 0 0 0.976109
7 0 0 0.982333

3
1 10 1 0.900546
2 0 0 1.04581
3 0 0 0.774497

5
1 10 1 0.787847
2 0 0 0.982587
3 0 7730 0.949565
6 0 0 0.944397
7 0 0 0.956571

3
1 0 9935 0.830304
2 0 0 0.759324
3 0 0 0.95719

3
1 4 1 0.861548
2 0 0 0.874287
3 0 0 0.944413

3
1 6 3 0.831035
2 0 0 0.871872
3 0 0 1.03772

3
1 6 3 0.827439
2 0 0 0.867214
3 0 0 0.920871

1
1 0 0 0.827991

5
1 10 1 0.848185
2 11 4788 0.980339
4 0 0 1.02946
5 0 0 0.957025
3 0 0 0.68418

5
1 1 1 0.773202
2 0 0 0.935507
3 7 3 0.775914
6 0 0 0.765839
7 0 0 1.09097

3
1 3 2 0.919806
2 0 0 0.849149
3 0 0 1.02345

3
1 7 3 0.784298
2 0 0 0.897574
3 0 0 1.00768

1
1 0 0 0.855604

7
1 0 6897 0.912631
2 3 3 0.887164
4 0 0 0.879957
5 0 0 0.927737
3 10 1 0.907128
6 0 0 1.05249
7 0 0 0.913697

3
1 7 3 0.81789
2 0 0 0.838203
3 0 0 0.780772

3
1 7 1 0.848311
2 0 0 0.822557
3 0 0 0.882769

5
1 11 1780 0.854175
2 0 0 1.02834
3 10 1 0.844322
6 0 0 0.867468
7 0 0 0.880021

1
1 0 0 0.719209

5
1 4 3 0.830556
2 4 1 0.819419
4 0 0 0.819707
5 0 0 0.923355
3 0 0 1.081

3
1 9 1 0.883117
2 0 0 0.803342
3 0 0 0.916892

3
1 1 1 0.843977
2 0 0 0.97674
3 0 0 0.861639

3
1 7 3 0.833313
2 0 0 0.765951
3 0 0 1.08652

3
1 1 1 0.90864
2 0 0 1.04352
3 0 0 0.931398

5
1 1 1 0.78939
2 0 297 0.847165
4 0 0 1.11339
5 0 0 0.917631
3 0 0 0.818996

3
1 5 2 0.900483
2 0 0 0.8329
3 0 0 1.06494

3
1 0 6554 0.938517
2 0 0 0.943873
3 0 0 1.02153

1
1 0 0 0.684665

3
1 1 2 0.943669
2 0 0 0.787412
3 0 0 0.918612

1
1 0 0 0.911331

5
1 9 1 0.874693
2 0 0 0.810708
3 0 2198 0.909727
6 0 0 0.987946
7 0 0 0.997641

3
1 9 1 0.841264
2 0 0 0.898265
3 0 0 0.970455

5
1 10 1 0.941047
2 0 0 0.96963
3 3 3 0.899655
6 0 0 0.893433
7 0 0 1.04168

3
1 2 4 0.916364
2 0 0 0.915325
3 0 0 0.890717

3
1 2 1 0.885452
2 0 0 0.940595
3 0 0 0.906737

3
1 7 2 0.773848
2 0 0 0.75285
3 0 0 0.969959

3
1 0 4412 0.888527
2 0 0 0.899953
3 0 0 0.877963

3
1 1 1 0.876328
2 0 0 1.00009
3 0 0 0.768654

5
1 4 2 0.900187
2 9 1 0.845083
4 0 0 0.833868
5 0 0 0.997713
3 0 0 1.06161

5
1 7 3 0.783688
2 9 1 0.846755
4 0 0 0.865209
5 0 0 0.894427
3 0 0 0.988513

3
1 4 2 0.759176
2 0 0 0.741022
3 0 0 0.999621

3
1 0 4236 0.83295
2 0 0 0.940486
3 0 0 0.815983

1
1 0 0 0.743423

5
1 0 9652 0.850894
2 0 0 0.801815
3 11 2499 1.07636
6 0 0 0.873538
7 0 0 1.06937

3
1 3 3 0.850547
2 0 0 0.877665
3 0 0 0.83249

5
1 2 1 0.936843
2 0 0 0.921977
3 9 1 0.922429
6 0 0 0.914761
7 0 0 1.00113

3
1 9 1 0.868301
2 0 0 0.89739
3 0 0 0.987541

1
1 0 0 0.891046

3
1 10 1 0.850887
2 0 0 1.07915
3 0 0 0.851394

1
1 0 0 0.868019

1
1 0 0 0.782616

3
1 4 3 0.811521
2 0 0 0.817635
3 0 0 0.988033

1
1 0 0 0.794178

3
1 0 607 0.861564
2 0 0 0.882001
3 0 0 1.11123

3
1 10 1 0.890596
2 0 0 1.04668
3 0 0 0.76299

3
1 4 1 0.863141
2 0 0 0.836627
3 0 0 0.879687

5
1 6 3 0.837739
2 10 1 0.93875
4 0 0 1.05838
5 0 0 0.733312
3 0 0 1.08049

3
1 10 1 0.828134
2 0 0 1.0496
3 0 0 0.890145

3
1 5 3 0.822317
2 0 0 0.840596
3 0 0 0.998716

1
1 0 0 0.865567

3
1 10 1 0.858296
2 0 0 0.989162
3 0 0 0.787604

3
1 9 1 0.877329
2 0 0 0.812731
3 0 0 0.969928

3
1 0 6100 0.878426
2 0 0 0.855008
3 0 0 1.01785

5
1 10 1 0.807387
2 0 0 0.958046
3 5 3 0.840451
6 0 0 0.795988
7 0 0 0.98013

3
1 10 1 0.915403
2 0 0 1.16239
3 0 0 0.822335

1
1 0 0 0.894262

3
1 6 3 0.802767
2 0 0 0.836306
3 0 0 1.02245

3
1 3 1 0.84144
2 0 0 0.790319
3 0 0 1.06939

1
1 0 0 0.781195

3
1 10 1 0.854531
2 0 0 0.949479
3 0 0 0.746368

3
1 6 3 0.869414
2 0 0 0.890284
3 0 0 0.99406

5
1 6 2 0.829712
2 0 0 0.78924
3 6 3 1.1025
6 0 0 1.08361
7 0 0 1.02009

3
1 5 3 0.819398
2 0 0 0.756723
3 0 0 0.883863

5
1 5 3 0.924953
2 0 9780 0.916404
4 0 0 0.933471
5 0 0 0.910499
3 0 0 0.95965

1
1 0 0 0.972645

3
1 0 5598 0.863855
2 0 0 0.871185
3 0 0 0.988874

3
1 4 2 0.861586
2 0 0 0.719097
3 0 0 0.884731

3
1 7 1 0.890684
2 0 0 0.907883
3 0 0 0.983687

3
1 1 2 0.809476
2 0 0 0.790092
3 0 0 0.933811

1
1 0 0 0.820907

3
1 10 1 0.842269
2 0 0 1.08006
3 0 0 0.734776

3
1 1 2 0.890442
2 0 0 0.793196
3 0 0 0.967652

5
1 11 2568 0.868358
2 4 1 0.957786
4 0 0 0.859642
5 0 0 1.2168
3 0 0 0.806749

3
1 0 5483 0.81855
2 0 0 0.782076
3 0 0 1.01301

3
1 9 1 0.878695
2 0 0 0.79157
3 0 0 1.00359

3
1 11 2823 0.92716
2 0 0 0.976133
3 0 0 0.862241

3
1 10 1 0.808373
2 0 0 0.911044
3 0 0 0.864118

3
1 2 2 0.889781
2 0 0 0.929024
3 0 0 0.818973

3
1 4 3 0.805841
2 0 0 0.835084
3 0 0 0.974083

3
1 9 1 0.986796
2 0 0 0.91146
3 0 0 0.94316

3
1 1 1 0.869597
2 0 0 1.19331
3 0 0 0.885525

3
1 0 455 0.93566
2 0 0 0.938676
3 0 0 1.04275

3
1 5 1 0.849643
2 0 0 0.960089
3 0 0 0.898445

3
1 11 220 0.843378
2 0 0 0.887126
3 0 0 0.795129

5
1 7 3 0.752506
2 9 1 0.8364
4 0 0 0.727151
5 0 0 0.97502
3 0 0 0.902183

3
1 1 2 0.865489
2 0 0 0.740986
3 0 0 0.911478

5
1 2 1 1.00385
2 6 1 0.923006
4 0 0 1.0799
5 0 0 0.834541
3 0 0 0.928028

3
1 10 1 0.818692
2 0 0 1.01161
3 0 0 0.695462

3
1 10 1 0.774919
2 0 0 0.963926
3 0 0 0.835985

1
1 0 0 0.917208

1
1 0 0 0.858227

5
1 2 1 0.873441
2 1 1 0.890775
4 0 0 1.04785
5 0 0 0.809598
3 0 0 0.835264

3
1 10 1 0.887242
2 0 0 0.934626
3 0 0 0.853204

3
1 5 3 0.710284
2 0 0 0.722636
3 0 0 0.985344

3
1 3 3 0.91002
2 0 0 0.870606
3 0 0 1.09928

3
1 4 3 0.95557
2 0 0 0.955901
3 0 0 1.11076

3
1 2 4 0.809924
2 0 0 0.831305
3 0 0 0.923069

3
1 1 2 0.84382
2 0 0 0.80941
3 0 0 1.14979

3
1 5 3 0.801694
2 0 0 0.789296
3 0 0 0.966659

3
1 7 3 0.730561
2 0 0 0.841848
3 0 0 0.892257

3
1 1 1 0.773202
2 0 0 1.04408
3 0 0 0.782974

3
1 6 3 0.794674
2 0 0 0.88488
3 0 0 0.962204

3
1 6 2 0.76371
2 0 0 0.760608
3 0 0 0.976514

5
1 0 5231 0.931418
2 0 0 0.89316
3 2 3 0.99453
6 0 0 1.0808
7 0 0 0.995376

3
1 5 1 0.981733
2 0 0 0.97415
3 0 0 0.856611

1
1 0 0 0.848591

5
1 7 3 0.957792
2 0 0 0.916354
3 0 7613 1.05084
6 0 0 0.935379
7 0 0 1.01649

1
1 0 0 0.872853

3
1 10 1 0.866475
2 0 0 0.98824
3 0 0 0.77326

3
1 1 1 0.863055
2 0 0 1.06123
3 0 0 0.675096

1
1 0 0 0.784677

3
1 9 1 0.893731
2 0 0 0.824241
3 0 0 1.12296

3
1 3 3 0.792386
2 0 0 0.79602
3 0 0 0.944575

3
1 7 3 0.767698
2 0 0 0.907296
3 0 0 1.13258

3
1 1 2 0.879555
2 0 0 0.903075
3 0 0 0.981979

3
1 5 3 0.794169
2 0 0 0.894561
3 0 0 0.85102

3
1 5 2 0.862123
2 0 0 0.821929
3 0 0 0.94997

3
1 10 1 0.850785
2 0 0 0.980777
3 0 0 0.721147

3
1 0 8105 0.817319
2 0 0 0.814237
3 0 0 0.854733

3
1 4 3 0.850911
2 0 0 0.733396
3 0 0 0.855821

3
1 7 2 0.863368
2 0 0 0.868614
3 0 0 1.06995

3
1 9 1 0.841264
2 0 0 0.882356
3 0 0 1.01394

3
1 10 1 0.919172
2 0 0 1.0528
3 0 0 0.821772

5
1 3 1 0.872615
2 1 1 0.979873
4 0 0 1.0112
5 0 0 0.848555
3 0 0 1.03337

3
1 4 1 0.808896
2 0 0 0.801586
3 0 0 0.845251

3
1 10 1 0.908811
2 0 0 1.04363
3 0 0 0.897629

5
1 0 2594 0.957795
2 0 0 0.924092
3 2 4 0.961814
6 0 0 1.00266
7 0 0 1.00025

5
1 7 1 0.912706
2 0 0 0.795335
3 9 1 0.912109
6 0 0 0.923105
7 0 0 0.891243

7
1 4 2 0.900187
2 0 9457 0.79838
4 0 0 0.915211
5 0 0 0.908657
3 11 2581 1.01111
6 0 0 1.12405
7 0 0 1.00129

1
1 0 0 0.760615

3
1 7 3 0.827255
2 0 0 0.819599
3 0 0 1.12945

5
1 1 1 0.845225
2 0 4317 1.02614
4 0 0 0.971562
5 0 0 0.996236
3 0 0 0.78735

3
1 5 2 0.862468
2 0 0 0.812533
3 0 0 0.928855

3
1 2 4 0.927657
2 0 0 0.849317
3 0 0 0.974089

5
1 9 1 0.802117
2 0 0 0.811732
3 5 1 1.0205
6 0 0 0.952691
7 0 0 0.94858

1
1 0 0 0.827769

3
1 4 3 0.765439
2 0 0 0.794256
3 0 0 0.883838

3
1 11 1925 0.861221
2 0 0 0.913964
3 0 0 0.815065

3
1 0 1841 0.897202
2 0 0 0.908512
3 0 0 0.935257

3
1 4 2 0.86292
2 0 0 0.879614
3 0 0 0.917521

3
1 3 3 0.805099
2 0 0 0.7948
3 0 0 1.04768

3
1 1 2 0.820026
2 0 0 0.793641
3 0 0 1.03191

3
1 1 1 0.825116
2 0 0 1.03023
3 0 0 0.817821

3
1 1 1 0.894602
2 0 0 0.980998
3 0 0 0.839381

3
1 10 1 0.870004
2 0 0 0.959162
3 0 0 0.74826

3
1 1 2 0.904837
2 0 0 0.840909
3 0 0 0.97981

3
1 0 5762 0.85741
2 0 0 0.747502
3 0 0 1.00643

1
1 0 0 0.814987

1
1 0 0 0.894257

3
1 10 1 0.822268
2 0 0 1.05505
3 0 0 0.729294

5
1 3 3 0.875756
2 9 1 0.922876
4 0 0 0.953939
5 0 0 0.933707
3 0 0 0.955902

3
1 6 3 0.911618
2 0 0 1.00687
3 0 0 0.984631

3
1 4 2 0.876857
2 0 0 0.811686
3 0 0 1.10996

3
1 1 1 0.794166
2 0 0 0.956194
3 0 0 0.830191

1
1 0 0 0.823811

3
1 7 2 0.892464
2 0 0 0.871513
3 0 0 0.841829

3
1 10 1 0.882929
2 0 0 1.04117
3 0 0 0.860118

1
1 0 0 0.834393

5
1 9 1 0.965853
2 0 0 0.842886
3 3 1 1.03209
6 0 0 0.980902
7 0 0 0.96187

3
1 10 1 0.854531
2 0 0 1.1258
3 0 0 0.811284

1
1 0 0 0.894565

3
1 10 1 0.87467
2 0 0 0.888587
3 0 0 0.883127

3
1 3 3 0.852163
2 0 0 0.842467
3 0 0 1.01132

1
1 0 0 0.749217

3
1 1 2 0.891125
2 0 0 0.678594
3 0 0 0.896662

3
1 10 1 0.917703
2 0 0 1.05571
3 0 0 0.927954

3
1 11 2939 0.877
2 0 0 0.893152
3 0 0 0.906269

3
1 2 1 0.909118
2 0 0 0.882648
3 0 0 0.835175

3
1 9 1 0.82791
2 0 0 0.842129
3 0 0 0.996944

3
1 11 266 0.807793
2 0 0 0.845872
3 0 0 0.83016

3
1 3 1 0.895695
2 0 0 0.790321
3 0 0 0.894244

3
1 0 2739 0.885565
2 0 0 0.880543
3 0 0 0.901803

5
1 11 2568 0.868358
2 4 1 0.957786
4 0 0 0.820495
5 0 0 1.10812
3 0 0 0.776654

3
1 0 3188 0.906347
2 0 0 0.953179
3 0 0 0.859085

5
1 0 9073 0.863918
2 7 2 0.9298
4 0 0 0.951029
5 0 0 0.975807
3 0 0 1.07768

3
1 11 2823 0.92716
2 0 0 0.981642
3 0 0 0.761818

3
1 10 1 0.880033
2 0 0 0.969002
3 0 0 0.81285

5
1 3 2 0.811528
2 4 3 0.795639
4 0 0 0.780507
5 0 0 0.962287
3 0 0 0.95347

5
1 4 3 0.850268
2 5 3 0.855255
4 0 0 0.865138
5 0 0 0.854463
3 0 0 1.04271

7
1 4 1 0.851261
2 10 1 0.856935
4 0 0 1.09072
5 0 0 0.766972
3 3 2 1.00905
6 0 0 0.893188
7 0 0 0.959351

3
1 1 1 0.869597
2 0 0 1.03464
3 0 0 0.770538

1
1 0 0 0.786542

5
1 2 1 0.992117
2 6 1 1.08582
4 0 0 1.04785
5 0 0 0.664713
3 0 0 0.902336

3
1 7 1 0.819713
2 0 0 0.832751
3 0 0 0.823556

1
1 0 0 0.77856

3
1 5 1 0.979028
2 0 0 1.02178
3 0 0 0.985828

5
1 2 1 1.00385
2 0 0 0.927097
3 0 3747 0.971281
6 0 0 0.900296
7 0 0 1.04856

3
1 0 5583 0.937498
2 0 0 1.0001
3 0 0 0.942637

1
1 0 0 0.705686

3
1 4 1 0.922224
2 0 0 0.903486
3 0 0 0.928655

5
1 6 2 0.817184
2 0 0 0.871026
3 9 1 0.970867
6 0 0 0.887923
7 0 0 0.943353

3
1 0 6602 0.831357
2 0 0 0.850101
3 0 0 0.955347

5
1 10 1 0.887242
2 0 4259 1.03837
4 0 0 0.946716
5 0 0 1.02858
3 0 0 0.964353

3
1 6 2 0.719508
2 0 0 0.735839
3 0 0 0.799805

5
1 1 2 0.789952
2 10 1 0.885369
4 0 0 1.06717
5 0 0 0.787891
3 0 0 1.03242

3
1 6 3 0.660823
2 0 0 0.686208
3 0 0 1.06918

3
1 7 3 0.96038
2 0 0 0.875895
3 0 0 0.971448

3
1 4 2 0.826144
2 0 0 0.780271
3 0 0 1.12486

3
1 11 3058 0.91547
2 0 0 1.08515
3 0 0 0.919385

3
1 6 3 0.839725
2 0 0 0.818855
3 0 0 0.940287

3
1 6 2 0.789685
2 0 0 0.901438
3 0 0 0.909717

3
1 7 3 0.822947
2 0 0 0.93895
3 0 0 1.05513

3
1 10 1 0.888082
2 0 0 0.941174
3 0 0 0.788604

3
1 4 3 0.801762
2 0 0 0.779551
3 0 0 0.947217

1
1 0 0 0.810323

3
1 0 5360 0.866194
2 0 0 0.832068
3 0 0 1.04428

3
1 5 1 0.856077
2 0 0 0.94614
3 0 0 0.892681

3
1 6 2 0.946945
2 0 0 0.831159
3 0 0 1.09182

3
1 1 1 0.988559
2 0 0 0.984993
3 0 0 0.758482

3
1 4 2 0.885974
2 0 0 0.84229
3 0 0 1.0516

3
1 0 7722 0.858462
2 0 0 0.896689
3 0 0 0.883998

1
1 0 0 0.861085

3
1 10 1 0.784823
2 0 0 0.85741
3 0 0 0.78852

1
1 0 0 0.819762

1
1 0 0 0.82318

3
1 1 2 0.846229
2 0 0 0.830437
3 0 0 0.936756

5
1 11 1512 0.838458
2 0 0 1.05383
3 5 3 0.87785
6 0 0 0.851272
7 0 0 1.03054

1
1 0 0 0.937173

5
1 5 2 0.865219
2 0 0 0.787286
3 11 4081 1.00387
6 0 0 0.968702
7 0 0 1.08751

5
1 6 2 0.875329
2 4 3 0.894794
4 0 0 0.858305
5 0 0 1.05372
3 0 0 0.949947

5
1 1 2 0.931541
2 0 0 0.856815
3 0 9438 1.04268
6 0 0 1.02566
7 0 0 0.862759

1
1 0 0 0.815855

1
1 0 0 0.9201

1
1 0 0 0.668472

3
1 4 3 0.834874
2 0 0 0.771749
3 0 0 1.1372

3
1 10 1 0.908811
2 0 0 1.12052
3 0 0 0.855015

5
1 1 1 0.895201
2 0 0 1.10036
3 0 9510 0.791403
6 0 0 0.815518
7 0 0 0.951341

3
1 0 5501 0.981346
2 0 0 0.826279
3 0 0 0.975752

5
1 4 1 0.925223
2 1 1 0.896096
4 0 0 1.09238
5 0 0 0.773216
3 0 0 0.976632

3
1 3 3 0.832226
2 0 0 0.871614
3 0 0 0.971034

3
1 1 2 0.932403
2 0 0 0.83386
3 0 0 1.06955

3
1 1 1 0.845225
2 0 0 0.979453
3 0 0 0.789817

3
1 10 1 0.882763
2 0 0 1.13162
3 0 0 0.905123

3
1 10 1 0.992322
2 0 0 1.12947
3 0 0 0.859778

3
1 7 3 0.881787
2 0 0 0.905176
3 0 0 0.951336

3
1 11 1755 0.860605
2 0 0 0.972424
3 0 0 0.924377

3
1 6 3 0.742456
2 0 0 0.744891
3 0 0 1.01899

1
1 0 0 0.684513

3
1 5 3 0.825532
2 0 0 0.733695
3 0 0 1.05375

3
1 11 5316 0.770456
2 0 0 0.797331
3 0 0 0.935067

1
1 0 0 0.773048

3
1 1 2 0.820026
2 0 0 0.910922
3 0 0 0.970234

5
1 1 1 0.825116
2 0 0 0.996783
3 1 2 0.96213
6 0 0 0.735448
7 0 0 1.01416

3
1 3 3 0.891609
2 0 0 0.913898
3 0 0 1.00491

3
1 10 1 0.870004
2 0 0 0.974844
3 0 0 0.819341

3
1 1 2 0.904837
2 0 0 0.835298
3 0 0 0.978395

1
1 0 0 0.82668

5
1 6 2 0.877756
2 0 0 1.06096
3 9 1 0.910734
6 0 0 0.869055
7 0 0 0.965891

3
1 1 1 0.86748
2 0 0 1.01822
3 0 0 0.696806

3
1 10 1 0.822268
2 0 0 0.984725
3 0 0 0.79141

3
1 1 2 0.88293
2 0 0 0.853338
3 0 0 0.974846

3
1 7 3 0.798796
2 0 0 0.82551
3 0 0 1.00881

3
1 7 3 0.795649
2 0 0 0.806579
3 0 0 0.961982

3
1 1 1 0.80491
2 0 0 1.00424
3 0 0 0.897497

1
1 0 0 0.850099

3
1 3 2 0.711029
2 0 0 0.731076
3 0 0 0.889775

5
1 10 1 0.984828
2 11 3531 0.973348
4 0 0 1.05658
5 0 0 0.831985
3 0 0 0.783575

5
1 1 2 0.855053
2 0 0 0.777647
3 11 361 1.06518
6 0 0 1.00937
7 0 0 1.05422

3
1 11 5234 0.931266
2 0 0 0.928475
3 0 0 1.00551

3
1 4 2 0.918078
2 0 0 0.861378
3 0 0 1.00943

3
1 10 1 0.918449
2 0 0 1.21157
3 0 0 0.840689

3
1 7 2 0.927447
2 0 0 0.919776
3 0 0 1.09218

3
1 6 2 0.876054
2 0 0 0.862299
3 0 0 1.07001

3
1 7 2 0.930734
2 0 0 0.912318
3 0 0 0.984084

1
1 0 0 0.858183

3
1 1 2 0.840144
2 0 0 0.851399
3 0 0 1.00775

3
1 1 2 0.794308
2 0 0 0.733015
3 0 0 0.933407

3
1 1 1 0.933306
2 0 0 0.98692
3 0 0 0.87112

3
1 5 2 0.837615
2 0 0 0.887309
3 0 0 1.01257

3
1 6 2 0.735335
2 0 0 0.803086
3 0 0 1.05965

3
1 3 1 0.895695
2 0 0 0.734881
3 0 0 0.957926

1
1 0 0 0.858889

1
1 0 0 0.687049

5
1 11 3493 0.960813
2 0 0 0.975356
3 4 3 0.905865
6 0 0 0.890881
7 0 0 0.950431

5
1 4 2 0.814082
2 0 4428 0.881368
4 0 0 0.81824
5 0 0 0.912854
3 0 0 0.910089

5
1 11 1958 0.968995
2 4 1 0.97422
4 0 0 0.889313
5 0 0 1.07519
3 0 0 0.96304

3
1 1 1 0.9049
2 0 0 0.992748
3 0 0 0.865503

3
1 6 2 0.878789
2 0 0 1.02711
3 0 0 0.970675

1
1 0 0 0.785358

1
1 0 0 0.82364

1
1 0 0 0.843251

3
1 1 1 0.899783
2 0 0 1.06934
3 0 0 0.736933

5
1 2 1 0.992117
2 6 1 1.08582
4 0 0 1.18348
5 0 0 0.835328
3 0 0 0.949487

1
1 0 0 0.88568

3
1 9 1 0.878613
2 0 0 0.881901
3 0 0 0.971288

3
1 9 1 0.941779
2 0 0 0.742566
3 0 0 0.899824

1
1 0 0 0.823906

3
1 0 5160 0.931927
2 0 0 0.94268
3 0 0 0.907308

1
1 0 0 0.72096

3
1 6 2 0.8554
2 0 0 0.891906
3 0 0 0.794608

1
1 0 0 0.772292

7
1 10 1 0.901899
2 0 0 1.01525
3 2 4 0.935102
6 0 0 0.911247
7 0 833 0.967682
14 0 0 1.02822
15 0 0 0.89748

3
1 1 1 0.872236
2 0 0 1.1105
3 0 0 0.848127

3
1 7 1 0.906894
2 0 0 0.868328
3 0 0 0.868777

3
1 1 2 0.897301
2 0 0 0.851517
3 0 0 0.949375

5
1 11 4455 0.859105
2 0 0 0.926277
3 3 2 0.983414
6 0 0 0.93466
7 0 0 1.0102

3
1 10 1 0.939874
2 0 0 0.961007
3 0 0 0.838717

3
1 10 1 0.882028
2 0 0 1.0095
3 0 0 0.804868

3
1 5 3 0.87266
2 0 0 0.898855
3 0 0 0.980784

3
1 0 7058 0.902502
2 0 0 0.872624
3 0 0 0.888957

3
1 4 3 0.852052
2 0 0 0.832563
3 0 0 0.9277

3
1 0 3193 1.05326
2 0 0 0.879411
3 0 0 0.918516

3
1 0 6591 0.95304
2 0 0 0.982681
3 0 0 0.950378

5
1 2 4 0.904558
2 0 4913 0.959505
4 0 0 0.909696
5 0 0 1.03982
3 0 0 1.00524

5
1 4 3 0.830925
2 0 0 0.837452
3 11 2076 1.05599
6 0 0 0.970577
7 0 0 1.00848

1
1 0 0 0.790993

1
1 0 0 0.736539

3
1 5 2 0.867154
2 0 0 0.85637
3 0 0 0.994721

3
1 9 1 0.992166
2 0 0 0.805105
3 0 0 0.892836

3
1 0 5032 0.889785
2 0 0 0.844245
3 0 0 0.97078

3
1 1 1 0.916976
2 0 0 1.02173
3 0 0 0.729802

3
1 0 444 0.956914
2 0 0 0.812673
3 0 0 0.943746

5
1 10 1 0.784823
2 2 1 0.959807
4 0 0 1.01481
5 0 0 1.05394
3 0 0 0.856095

3
1 7 2 0.853568
2 0 0 0.844997
3 0 0 0.910118

1
1 0 0 0.735361

3
1 1 2 0.846229
2 0 0 0.863478
3 0 0 1.13143

3
1 10 1 0.881135
2 0 0 1.0472
3 0 0 0.749689

5
1 9 1 0.8411
2 0 0 0.891918
3 5 1 0.992709
6 0 0 1.00532
7 0 0 0.963218

3
1 5 2 0.895405
2 0 0 0.86228
3 0 0 0.99606

3
1 0 5598 0.870319
2 0 0 0.81513
3 0 0 0.930062

1
1 0 0 0.747208

5
1 1 2 0.933212
2 0 23 0.790955
4 0 0 1.10878
5 0 0 0.78293
3 0 0 1.08352

3
1 1 1 0.849101
2 0 0 1.0012
3 0 0 0.753886

3
1 5 3 0.822823
2 0 0 0.897261
3 0 0 1.04405

3
1 1 1 0.816296
2 0 0 0.957647
3 0 0 0.774953

3
1 7 2 0.79239
2 0 0 0.74791
3 0 0 0.963198

3
1 5 2 0.90047
2 0 0 0.922067
3 0 0 1.0226

3
1 4 1 0.871593
2 0 0 0.930954
3 0 0 1.07277

5
1 4 1 0.925223
2 0 0 0.944569
3 11 3047 0.972763
6 0 0 1.20792
7 0 0 0.852702

3
1 6 2 0.929249
2 0 0 0.845654
3 0 0 0.863755

1
1 0 0 0.781917

3
1 0 3885 0.879637
2 0 0 0.872013
3 0 0 1.02697

3
1 10 1 0.882763
2 0 0 1.00219
3 0 0 0.734517

1
1 0 0 0.784409

3
1 1 1 0.931423
2 0 0 1.01964
3 0 0 0.711878

5
1 6 1 0.904436
2 2 2 0.965843
4 0 0 1.0492
5 0 0 0.893676
3 0 0 0.979997

3
1 10 1 0.822241
2 0 0 1.02399
3 0 0 0.860522

3
1 0 9837 0.907152
2 0 0 0.935843
3 0 0 1.00397

3
1 4 2 0.768168
2 0 0 0.871369
3 0 0 1.04551

7
1 3 1 0.908209
2 0 0 0.844279
3 11 1957 0.96028
6 0 0 0.975774
7 9 1 0.992645
14 0 0 1.00714
15 0 0 1.03469

3
1 1 1 0.812902
2 0 0 0.919472
3 0 0 0.810741

1
1 0 0 0.742458

3
1 4 1 0.747409
2 0 0 0.839665
3 0 0 0.964866

1
1 0 0 0.788923

3
1 6 2 0.867923
2 0 0 0.830785
3 0 0 0.843263

1
1 0 0 0.743925

3
1 4 3 0.892995
2 0 0 0.800302
3 0 0 0.904802

3
1 6 3 0.791518
2 0 0 0.828393
3 0 0 0.856228

3
1 4 1 0.998038
2 0 0 1.05912
3 0 0 1.01003

3
1 10 1 0.822268
2 0 0 0.943185
3 0 0 0.847992

3
1 6 2 0.854121
2 0 0 0.719558
3 0 0 0.871791

3
1 2 2 0.828341
2 0 0 0.972617
3 0 0 0.893423

3
1 1 1 0.833849
2 0 0 1.01805
3 0 0 0.809033

5
1 1 1 0.80491
2 0 0 0.925057
3 4 3 0.886957
6 0 0 0.811973
7 0 0 1.00419

3
1 11 4674 0.902351
2 0 0 1.01361
3 0 0 0.916039

3
1 11 1715 0.854527
2 0 0 0.818405
3 0 0 0.818024

3
1 10 1 0.958714
2 0 0 1.08284
3 0 0 0.711288

5
1 1 2 0.855053
2 0 0 0.729857
3 2 3 1.0585
6 0 0 1.02597
7 0 0 0.999402

3
1 4 3 0.902793
2 0 0 0.939412
3 0 0 1.06973

3
1 11 2877 0.799287
2 0 0 1.01178
3 0 0 0.874423

1
1 0 0 0.894259

3
1 2 3 0.825754
2 0 0 0.849552
3 0 0 0.841251

1
1 0 0 0.775128

3
1 10 1 0.837257
2 0 0 0.868942
3 0 0 0.866849

3
1 1 1 0.880687
2 0 0 0.978371
3 0 0 0.737456

1
1 0 0 0.911591

3
1 2 3 0.861472
2 0 0 0.896814
3 0 0 0.951968

1
1 0 0 0.877671

3
1 9 1 0.919291
2 0 0 0.900201
3 0 0 0.937947

5
1 6 3 0.875722
2 11 72 0.786429
4 0 0 1.02224
5 0 0 0.807768
3 0 0 1.10044

3
1 6 2 0.8365
2 0 0 0.847308
3 0 0 0.860879

11
1 1 1 0.826406
2 0 5117 1.00314
4 0 3294 1.03158
8 0 0 1.00104
9 0 0 1.03181
5 6 1 0.91889
10 0 0 1.06836
11 0 0 1.03635
3 6 2 0.910136
6 0 0 0.891295
7 0 0 0.99451

5
1 6 2 0.789916
2 11 1940 0.950761
4 0 0 1.02309
5 0 0 0.856493
3 0 0 0.928512

1
1 0 0 0.899688

3
1 7 2 0.724184
2 0 0 0.689837
3 0 0 0.907621

3
1 10 1 0.830924
2 0 0 0.943768
3 0 0 0.802835

3
1 4 2 0.747397
2 0 0 0.781267
3 0 0 0.972898

3
1 4 1 0.884115
2 0 0 0.965938
3 0 0 0.978521

3
1 3 1 0.884162
2 0 0 0.832239
3 0 0 0.96263

3
1 10 1 0.818148
2 0 0 0.90582
3 0 0 0.795783

5
1 7 3 0.901739
2 1 2 0.900891
4 0 0 0.907829
5 0 0 0.969823
3 0 0 1.07563

3
1 4 2 0.797551
2 0 0 0.829745
3 0 0 0.966207

3
1 9 1 0.858304
2 0 0 0.751724
3 0 0 1.04224

3
1 10 1 0.884457
2 0 0 1.05484
3 0 0 0.883924

7
1 6 1 0.871373
2 7 1 0.911012
4 0 0 1.03315
5 0 0 0.965304
3 2 4 0.968382
6 0 0 0.879172
7 0 0 1.06047

3
1 9 1 0.941779
2 0 0 0.687542
3 0 0 0.965838

5
1 11 5211 0.827433
2 0 0 0.959153
3 1 1 1.03589
6 0 0 0.885686
7 0 0 0.953016

5
1 9 1 0.890079
2 0 0 0.880605
3 11 289 1.04042
6 0 0 1.01555
7 0 0 1.03498

3
1 7 1 0.852354
2 0 0 0.889619
3 0 0 0.964769

3
1 6 3 0.846431
2 0 0 0.691258
3 0 0 0.96671

3
1 7 3 0.884149
2 0 0 0.901987
3 0 0 0.998994

3
1 10 1 0.901899
2 0 0 0.995391
3 0 0 0.815224

3
1 5 3 0.799049
2 0 0 0.745011
3 0 0 0.918482

3
1 1 1 0.786233
2 0 0 1.03963
3 0 0 0.874071

3
1 1 1 0.85874
2 0 0 1.09809
3 0 0 0.836291

7
1 9 1 0.868122
2 11 686 0.759601
4 0 0 0.993914
5 0 0 0.761623
3 6 3 0.918738
6 0 0 0.960823
7 0 0 0.895031

1
1 0 0 0.742865

3
1 5 3 0.895902
2 0 0 0.903471
3 0 0 0.934016

3
1 5 3 0.792121
2 0 0 0.777916
3 0 0 1.00701

3
1 9 1 0.825213
2 0 0 0.871701
3 0 0 1.06869

1
1 0 0 0.834903

1
1 0 0 0.760186

3
1 7 3 0.89589
2 0 0 0.882095
3 0 0 1.0016

3
1 1 1 0.86124
2 0 0 0.921172
3 0 0 0.827536

3
1 0 5516 0.793468
2 0 0 0.841656
3 0 0 0.989207

1
1 0 0 0.877672

7
1 1 1 0.914461
2 11 1583 1.03578
4 0 0 1.03081
5 0 0 0.929662
3 0 4780 0.899541
6 0 0 0.835773
7 0 0 0.855187

3
1 10 1 0.894178
2 0 0 1.03105
3 0 0 0.935734

3
1 4 2 0.855633
2 0 0 0.921736
3 0 0 0.914671

3
1 1 2 0.878472
2 0 0 0.900928
3 0 0 0.922569

3
1 1 2 0.805819
2 0 0 0.801251
3 0 0 0.830914

1
1 0 0 0.90003

5
1 10 1 0.840629
2 0 0 0.967093
3 2 2 0.960537
6 0 0 0.880731
7 0 0 0.967613

5
1 6 3 0.947735
2 10 1 0.97467
4 0 0 0.955871
5 0 0 0.709368
3 0 0 0.950165

3
1 9 1 0.899056
2 0 0 0.725583
3 0 0 1.00953

3
1 11 74 0.811147
2 0 0 1.02022
3 0 0 0.831251

3
1 4 2 0.762428
2 0 0 0.74666
3 0 0 1.01242

3
1 10 1 0.851541
2 0 0 1.00038
3 0 0 0.803612

3
1 10 1 0.833836
2 0 0 1.00625
3 0 0 0.943203

5
1 10 1 0.861216
2 0 0 0.990818
3 11 1319 0.865383
6 0 0 1.06554
7 0 0 0.910505

3
1 4 3 0.732041
2 0 0 0.709765
3 0 0 0.98006

5
1 4 3 0.840744
2 9 1 0.82553
4 0 0 0.806246
5 0 0 1.00739
3 0 0 0.931951

3
1 0 4411 0.899123
2 0 0 0.770744
3 0 0 0.975283

3
1 5 2 0.838488
2 0 0 0.797707
3 0 0 0.872283

3
1 1 1 0.816296
2 0 0 1.13649
3 0 0 0.939793

1
1 0 0 0.841857

1
1 0 0 0.807728

3
1 11 4893 0.855331
2 0 0 0.866621
3 0 0 1.08178

5
1 4 1 0.925223
2 0 0 0.747116
3 11 3047 0.972763
6 0 0 1.09722
7 0 0 0.880715

1
1 0 0 0.790776

7
1 11 3994 0.884172
2 6 2 0.885448
4 1 1 0.887402
8 0 0 0.918355
9 0 0 0.914612
5 0 0 0.89999
3 0 0 0.984174

3
1 10 1 0.813411
2 0 0 0.908157
3 0 0 0.803555

3
1 10 1 0.902689
2 0 0 1.11922
3 0 0 0.797535

3
1 1 2 0.860825
2 0 0 0.780087
3 0 0 0.997637

3
1 1 1 0.931423
2 0 0 1.09478
3 0 0 0.758223

5
1 1 2 0.951463
2 0 0 0.867418
3 3 2 0.985933
6 0 0 1.02647
7 0 0 1.00602

3
1 6 3 0.856953
2 0 0 0.957599
3 0 0 0.813366

3
1 7 3 0.717915
2 0 0 0.726682
3 0 0 1.07802

3
1 10 1 0.780899
2 0 0 0.804699
3 0 0 0.783244

5
1 0 2724 0.842135
2 0 0 0.795425
3 3 1 0.885307
6 0 0 0.857007
7 0 0 1.00454

3
1 0 9833 0.926013
2 0 0 0.794039
3 0 0 1.02021

5
1 9 1 0.928672
2 0 0 0.888518
3 4 1 1.00018
6 0 0 0.971672
7 0 0 0.995091

3
1 9 1 0.900382
2 0 0 0.902931
3 0 0 0.824763

3
1 10 1 0.85117
2 0 0 1.23661
3 0 0 0.795665

3
1 1 2 0.844575
2 0 0 0.876957
3 0 0 1.03527

3
1 6 2 0.785442
2 0 0 0.85262
3 0 0 0.952014

7
1 9 1 0.827055
2 0 0 0.850281
3 11 147 0.993833
6 0 0 0.940921
7 6 3 1.11757
14 0 0 1.05075
15 0 0 0.971764

1
1 0 0 0.7492

1
1 0 0 0.810559

3
1 6 3 0.776053
2 0 0 0.840093
3 0 0 0.975996

3
1 10 1 0.925132
2 0 0 0.961941
3 0 0 0.795689

1
1 0 0 0.842594

3
1 6 3 0.905473
2 0 0 0.907406
3 0 0 0.941385

3
1 1 1 0.80491
2 0 0 0.971665
3 0 0 0.693361

3
1 1 1 0.868578
2 0 0 0.995131
3 0 0 0.851437

3
1 5 3 0.887182
2 0 0 0.831054
3 0 0 1.00094

3
1 6 3 0.836823
2 0 0 0.827089
3 0 0 1.1122

3
1 1 1 0.857164
2 0 0 1.10192
3 0 0 0.770446

5
1 0 6452 0.854919
2 0 0 0.97611
3 5 1 1.01534
6 0 0 1.02905
7 0 0 0.997659

3
1 11 2877 0.799287
2 0 0 1.05551
3 0 0 0.857069

3
1 6 2 0.894556
2 0 0 0.852374
3 0 0 0.913293

1
1 0 0 0.887775

5
1 6 3 0.745986
2 3 3 0.791902
4 0 0 0.815659
5 0 0 0.944851
3 0 0 0.917721

3
1 10 1 0.837257
2 0 0 0.948249
3 0 0 0.72811

3
1 1 1 0.880687
2 0 0 1.05393
3 0 0 0.904475

3
1 3 3 0.785911
2 0 0 0.791
3 0 0 0.965652

3
1 5 2 0.860639
2 0 0 0.67134
3 0 0 0.963727

1
1 0 0 0.975157

3
1 3 1 0.944196
2 0 0 0.881109
3 0 0 0.970399

3
1 10 1 0.85921
2 0 0 1.01045
3 0 0 0.774584

3
1 10 1 0.809704
2 0 0 0.901488
3 0 0 0.756973

3
1 1 1 0.835448
2 0 0 1.07196
3 0 0 0.826463

3
1 4 2 0.870789
2 0 0 0.965473
3 0 0 1.05421

3
1 4 2 0.939487
2 0 0 0.821
3 0 0 0.975492

3
1 5 3 0.840654
2 0 0 0.838003
3 0 0 0.951516

3
1 4 2 0.882741
2 0 0 0.907229
3 0 0 0.904173

1
1 0 0 0.850557

1
1 0 0 0.792537

3
1 7 3 0.853015
2 0 0 0.862983
3 0 0 0.948569

3
1 7 1 0.947523
2 0 0 0.853298
3 0 0 1.07705

3
1 10 1 0.896855
2 0 0 0.942024
3 0 0 0.796388

7
1 0 3408 0.943019
2 2 4 0.961769
4 0 0 0.845734
5 0 0 1.08859
3 11 4694 0.942408
6 0 0 0.970525
7 0 0 0.894158

3
1 7 2 0.805313
2 0 0 0.904236
3 0 0 1.04737

3
1 9 1 0.940609
2 0 0 0.809916
3 0 0 1.02397

3
1 7 3 0.758052
2 0 0 0.795739
3 0 0 0.831864

3
1 1 1 0.805871
2 0 0 0.955306
3 0 0 0.795251

3
1 9 1 0.877866
2 0 0 0.75991
3 0 0 1.05788

3
1 3 2 0.830209
2 0 0 0.929108
3 0 0 0.983734

3
1 6 3 0.91055
2 0 0 0.810258
3 0 0 0.900794

3
1 6 2 0.831987
2 0 0 0.884702
3 0 0 1.11037

3
1 11 5033 0.936549
2 0 0 0.979183
3 0 0 0.789595

3
1 10 1 0.906392
2 0 0 0.980509
3 0 0 0.889888

3
1 11 43 0.914519
2 0 0 1.18696
3 0 0 0.935585

3
1 4 3 0.938905
2 0 0 0.922727
3 0 0 1.01433

1
1 0 0 0.765189

3
1 6 3 0.727336
2 0 0 0.706282
3 0 0 0.86856

3
1 9 1 0.850826
2 0 0 0.849423
3 0 0 0.96695

3
1 5 2 0.847376
2 0 0 0.920553
3 0 0 1.06733

1
1 0 0 0.842426

3
1 0 4182 0.89804
2 0 0 0.813018
3 0 0 0.988505

3
1 11 855 1.0103
2 0 0 0.953527
3 0 0 1.00512

3
1 7 1 0.797271
2 0 0 0.826206
3 0 0 0.904077

3
1 7 2 0.843622
2 0 0 0.844763
3 0 0 0.911263

3
1 0 9763 0.820984
2 0 0 0.818309
3 0 0 1.03848

3
1 4 1 0.867768
2 0 0 0.787681
3 0 0 0.967001

3
1 10 1 0.936131
2 0 0 0.94692
3 0 0 0.709109

3
1 1 1 0.914461
2 0 0 0.925358
3 0 0 0.787495

3
1 7 1 0.899586
2 0 0 0.855031
3 0 0 1.00262

3
1 1 2 0.978871
2 0 0 0.941285
3 0 0 1.03071

3
1 9 1 0.96447
2 0 0 0.791832
3 0 0 0.984625

1
1 0 0 0.878786

3
1 2 1 0.916824
2 0 0 0.99245
3 0 0 0.938105

3
1 9 1 0.864525
2 0 0 0.8472
3 0 0 0.997989

3
1 3 3 0.815734
2 0 0 0.828547
3 0 0 1.01111

3
1 7 3 0.826513
2 0 0 0.876763
3 0 0 1.1466

5
1 2 4 0.846942
2 0 0 0.890805
3 11 4435 1.05958
6 0 0 0.996812
7 0 0 0.973161

1
1 0 0 0.785118

5
1 0 3177 0.884685
2 0 908 0.909057
4 0 0 0.900032
5 0 0 0.998318
3 0 0 0.998448

5
1 7 3 0.784246
2 0 0 0.773086
3 11 2656 1.03642
6 0 0 1.04753
7 0 0 0.953399

3
1 5 2 0.827082
2 0 0 0.880763
3 0 0 0.996565

1
1 0 0 0.81862

3
1 10 1 0.84914
2 0 0 0.920801
3 0 0 0.735224

3
1 4 3 0.774685
2 0 0 0.775198
3 0 0 0.976695

3
1 5 3 0.859761
2 0 0 0.895878
3 0 0 0.979238

3
1 4 2 0.856055
2 0 0 0.810525
3 0 0 1.03859

1
1 0 0 0.859828

3
1 0 4531 0.935294
2 0 0 0.819989
3 0 0 1.04782

5
1 2 4 0.891955
2 0 0 0.85207
3 11 216 0.99311
6 0 0 0.897494
7 0 0 0.929943

5
1 5 2 0.893909
2 0 0 0.915445
3 1 2 0.996403
6 0 0 1.02625
7 0 0 1.13022

5
1 9 1 0.858935
2 0 0 0.757326
3 3 1 1.0111
6 0 0 0.983871
7 0 0 1.08867

3
1 9 1 0.901002
2 0 0 0.824795
3 0 0 1.00578

3
1 10 1 0.813411
2 0 0 0.960199
3 0 0 0.855674

3
1 10 1 0.902689
2 0 0 1.10039
3 0 0 0.813522

3
1 5 3 0.773609
2 0 0 0.807143
3 0 0 1.00899

3
1 1 1 0.931423
2 0 0 1.09016
3 0 0 0.765576

7
1 3 2 0.863529
2 11 2415 0.831257
4 0 0 0.783281
5 9 1 0.875332
10 0 0 0.953064
11 0 0 0.892302
3 0 0 0.964054

3
1 10 1 0.879151
2 0 0 0.956062
3 0 0 0.853384

3
1 4 3 0.824986
2 0 0 0.83292
3 0 0 1.0023

1
1 0 0 0.7721

5
1 2 1 0.916075
2 6 1 0.923884
4 0 0 1.07947
5 0 0 0.948396
3 0 0 0.921746

3
1 5 3 0.885198
2 0 0 0.895222
3 0 0 0.885047

3
1 10 1 0.82087
2 0 0 0.940926
3 0 0 0.762212

3
1 5 3 0.833603
2 0 0 0.826552
3 0 0 1.00557

3
1 10 1 0.85117
2 0 0 0.94646
3 0 0 0.809463

3
1 5 2 0.826371
2 0 0 0.912164
3 0 0 0.965359

1
1 0 0 0.761262

5
1 1 2 0.86641
2 0 0 0.731335
3 7 2 1.00526
6 0 0 0.923975
7 0 0 0.891868

5
1 4 1 0.871281
2 0 0 0.834966
3 11 3092 1.11519
6 0 0 1.12174
7 0 0 0.891684

3
1 1 1 0.772298
2 0 0 1.0312
3 0 0 0.802356

3
1 4 3 0.852904
2 0 0 0.879222
3 0 0 0.98644

3
1 7 3 0.808347
2 0 0 0.789006
3 0 0 1.01251

3
1 0 8198 0.812167
2 0 0 0.833305
3 0 0 0.969846

3
1 1 1 0.912565
2 0 0 1.15526
3 0 0 0.861178

3
1 4 2 0.841296
2 0 0 0.809562
3 0 0 0.970269

3
1 4 3 0.921351
2 0 0 0.968062
3 0 0 1.07359

3
1 0 9881 0.802624
2 0 0 0.815286
3 0 0 1.05111

1
1 0 0 0.743258

3
1 1 1 0.857164
2 0 0 1.04526
3 0 0 0.829652

3
1 0 6452 0.854919
2 0 0 0.954143
3 0 0 0.984444

3
1 11 2877 0.799287
2 0 0 1.06613
3 0 0 0.695952

1
1 0 0 0.793755

3
1 6 1 0.876948
2 0 0 0.9264
3 0 0 1.00265

5
1 0 9676 0.777863
2 1 1 0.77936
4 0 0 1.03121
5 0 0 0.734139
3 0 0 0.906249

3
1 0 8682 0.963046
2 0 0 0.774694
3 0 0 0.973657

3
1 1 1 0.880687
2 0 0 0.985353
3 0 0 0.78728

3
1 1 1 0.784907
2 0 0 1.08866
3 0 0 0.824386

3
1 7 3 0.89721
2 0 0 0.904174
3 0 0 0.969451

3
1 10 1 0.82048
2 0 0 0.999733
3 0 0 0.813992

3
1 3 1 0.944196
2 0 0 0.743745
3 0 0 1.04585

3
1 10 1 0.85921
2 0 0 0.946294
3 0 0 0.872251

3
1 10 1 0.809704
2 0 0 0.982392
3 0 0 0.771517

5
1 1 1 0.835448
2 11 4636 1.0818
4 0 0 1.00732
5 0 0 1.06624
3 0 0 0.786217

5
1 1 1 0.908897
2 0 4449 0.988814
4 0 0 1.03951
5 0 0 1.03086
3 0 0 0.698172

3
1 4 3 0.927506
2 0 0 0.937873
3 0 0 1.02405

5
1 0 6713 0.816679
2 11 1812 0.860212
4 0 0 0.95643
5 0 0 0.843837
3 0 0 0.993087

3
1 5 2 0.845226
2 0 0 0.836121
3 0 0 0.985992

5
1 0 5874 0.841834
2 0 0 0.996734
3 11 1241 0.880157
6 0 0 0.920269
7 0 0 0.845507

5
1 9 1 0.885965
2 1 1 0.845806
4 0 0 0.891164
5 0 0 0.729923
3 0 0 0.935881

1
1 0 0 0.775032

3
1 4 2 0.868643
2 0 0 0.764145
3 0 0 0.952713

5
1 10 1 0.849797
2 4 1 1.00058
4 0 0 1.05913
5 0 0 1.05854
3 0 0 0.840789

3
1 5 2 0.864229
2 0 0 0.853165
3 0 0 0.918397

3
1 3 2 0.842913
2 0 0 0.980782
3 0 0 1.03922

3
1 9 1 0.940609
2 0 0 0.815925
3 0 0 1.07663

1
1 0 0 0.729611

3
1 9 1 0.923393
2 0 0 0.819801
3 0 0 1.09742

3
1 9 1 0.877866
2 0 0 0.725744
3 0 0 0.831286

3
1 6 2 0.728891
2 0 0 0.813234
3 0 0 1.0499

3
1 6 3 0.865402
2 0 0 0.800256
3 0 0 1.07941

1
1 0 0 0.943318

5
1 5 3 0.930133
2 5 2 0.933481
4 0 0 0.915148
5 0 0 0.971007
3 0 0 1.01473

3
1 9 1 0.877028
2 0 0 0.796703
3 0 0 0.973563

5
1 11 1434 0.849639
2 4 1 0.930101
4 0 0 0.94636
5 0 0 1.05784
3 0 0 0.863348

1
1 0 0 0.89896

5
1 10 1 0.841177
2 0 0 0.969328
3 1 2 0.834133
6 0 0 0.757063
7 0 0 0.913908

1
1 0 0 0.834139

3
1 1 2 0.85693
2 0 0 0.852584
3 0 0 0.925991

1
1 0 0 0.72908

1
1 0 0 0.835592

3
1 1 1 0.90544
2 0 0 1.11641
3 0 0 0.930155

1
1 0 0 0.853968

3
1 1 1 0.844652
2 0 0 0.990934
3 0 0 0.81924

5
1 5 3 0.886374
2 0 9631 0.872356
4 0 0 0.871407
5 0 0 0.978759
3 0 0 0.876108

1
1 0 0 0.762137

3
1 0 8764 0.906889
2 0 0 0.848329
3 0 0 0.990818

3
1 0 6432 0.988084
2 0 0 0.977285
3 0 0 0.91281

1
1 0 0 0.922651

3
1 5 2 0.857448
2 0 0 0.899778
3 0 0 0.932985

5
1 1 2 0.978871
2 0 0 0.866385
3 2 3 1.10597
6 0 0 1.10547
7 0 0 0.938203

3
1 6 2 0.906524
2 0 0 0.842567
3 0 0 0.857967

3
1 3 2 0.86641
2 0 0 0.908163
3 0 0 0.863258

1
1 0 0 0.76962

3
1 10 1 0.821806
2 0 0 0.999259
3 0 0 0.797044

5
1 2 3 0.88237
2 10 1 0.93862
4 0 0 0.905073
5 0 0 0.842171
3 0 0 0.877271

3
1 1 2 0.859028
2 0 0 0.85296
3 0 0 1.0681

3
1 1 1 0.925061
2 0 0 0.893434
3 0 0 0.925671

3
1 1 2 0.891351
2 0 0 0.805286
3 0 0 1.15533

3
1 0 3177 0.884685
2 0 0 0.965551
3 0 0 1.01104

3
1 10 1 0.887875
2 0 0 0.945099
3 0 0 0.735323

1
1 0 0 0.774769

3
1 6 1 0.902589
2 0 0 0.88367
3 0 0 0.887508

1
1 0 0 0.946077

3
1 6 3 0.827929
2 0 0 0.849475
3 0 0 0.914622

1
1 0 0 0.739558

3
1 10 1 0.857681
2 0 0 0.981984
3 0 0 0.726872

3
1 6 2 0.996769
2 0 0 0.89053
3 0 0 0.969746

5
1 11 5376 0.791765
2 0 0 0.903934
3 11 5397 1.16264
6 0 0 0.96568
7 0 0 0.987826

3
1 9 1 0.826231
2 0 0 0.836319
3 0 0 0.90365

3
1 2 4 0.816094
2 0 0 0.800589
3 0 0 0.867681

3
1 1 1 0.816882
2 0 0 1.13258
3 0 0 0.830825

3
1 9 1 0.901002
2 0 0 0.818594
3 0 0 0.953314

3
1 10 1 0.927395
2 0 0 1.02369
3 0 0 0.822826

3
1 5 2 0.865649
2 0 0 0.87675
3 0 0 0.995501

3
1 7 3 0.798844
2 0 0 0.739441
3 0 0 0.991485

3
1 9 1 0.914512
2 0 0 0.822237
3 0 0 1.04264

3
1 10 1 0.93465
2 0 0 0.934811
3 0 0 0.860368

3
1 3 1 0.850704
2 0 0 0.785587
3 0 0 0.997919

3
1 0 231 0.92574
2 0 0 0.852185
3 0 0 1.07115

3
1 6 3 0.880697
2 0 0 0.815322
3 0 0 1.0432

5
1 6 2 0.899742
2 10 1 0.911712
4 0 0 1.07492
5 0 0 0.711235
3 0 0 0.827877

3
1 9 1 0.959379
2 0 0 0.947058
3 0 0 1.05342

3
1 6 2 0.803386
2 0 0 0.810089
3 0 0 1.0349

3
1 0 5144 0.894128
2 0 0 0.758058
3 0 0 1.0178

3
1 3 3 0.86264
2 0 0 0.804115
3 0 0 0.932416

3
1 1 2 0.856228
2 0 0 0.909467
3 0 0 0.969469

5
1 1 1 0.834205
2 0 8541 0.932646
4 0 0 0.968405
5 0 0 1.03275
3 0 0 0.752526

3
1 5 3 0.826983
2 0 0 0.867557
3 0 0 0.907962

5
1 4 1 0.871281
2 0 0 0.85879
3 11 3092 1.11519
6 0 0 1.00525
7 0 0 0.866534

3
1 7 3 0.872745
2 0 0 0.841027
3 0 0 1.04097

3
1 5 3 0.696077
2 0 0 0.736172
3 0 0 0.953023

1
1 0 0 0.781609

3
1 1 1 0.798131
2 0 0 1.01124
3 0 0 0.878634

3
1 0 5275 0.847904
2 0 0 0.702956
3 0 0 0.925734

1
1 0 0 0.831996

3
1 4 2 0.701156
2 0 0 0.731645
3 0 0 0.931013

3
1 7 2 0.938376
2 0 0 0.911764
3 0 0 0.910197

3
1 10 1 0.893845
2 0 0 0.82965
3 0 0 0.928783

3
1 1 1 0.857164
2 0 0 1.03665
3 0 0 0.833823

1
1 0 0 0.853962

1
1 0 0 0.82815

3
1 5 1 0.909397
2 0 0 0.978205
3 0 0 0.904751

3
1 5 1 0.84338
2 0 0 0.9403
3 0 0 1.10208

3
1 5 3 0.867899
2 0 0 0.825735
3 0 0 0.927006

1
1 0 0 0.755152

7
1 11 3220 0.897734
2 0 0 0.923856
3 7 2 0.906975
6 7 1 0.896101
12 0 0 0.901097
13 0 0 1.09576
7 0 0 1.02407

3
1 1 1 0.784907
2 0 0 0.96892
3 0 0 0.843811

3
1 10 1 0.873513
2 0 0 1.16993
3 0 0 0.814286

3
1 10 1 0.82048
2 0 0 1.02309
3 0 0 0.760478

3
1 10 1 0.889587
2 0 0 1.09926
3 0 0 0.85698

1
1 0 0 0.767491

1
1 0 0 0.879437

1
1 0 0 0.843763

3
1 1 1 0.908897
2 0 0 0.980838
3 0 0 0.806631

3
1 10 1 0.827045
2 0 0 1.13413
3 0 0 0.732974

1
1 0 0 0.825313

3
1 10 1 0.865361
2 0 0 1.05918
3 0 0 0.809482

3
1 1 1 0.827081
2 0 0 0.980545
3 0 0 0.832828

3
1 7 3 0.879718
2 0 0 0.8267
3 0 0 1.03886

3
1 10 1 0.835936
2 0 0 0.903205
3 0 0 0.829708

5
1 4 3 0.840352
2 3 3 0.868771
4 0 0 0.903332
5 0 0 0.981153
3 0 0 1.00308

1
1 0 0 0.887179

3
1 5 2 0.800882
2 0 0 0.768392
3 0 0 0.869715

5
1 4 2 0.759199
2 0 0 0.788235
3 9 1 0.991532
6 0 0 1.00055
7 0 0 0.967784

3
1 9 1 0.940609
2 0 0 0.775654
3 0 0 1.13131

3
1 11 1438 0.914058
2 0 0 0.969856
3 0 0 0.802865

3
1 11 2794 0.882499
2 0 0 1.03182
3 0 0 0.775865

3
1 9 1 0.877866
2 0 0 0.865737
3 0 0 0.991003

3
1 9 1 0.835173
2 0 0 0.820842
3 0 0 1.02335

1
1 0 0 0.808889

9
1 0 9355 0.889184
2 2 3 0.875672
4 0 0 0.949994
5 5 1 0.899652
10 0 0 0.968435
11 0 0 0.846795
3 2 4 1.00555
6 0 0 0.89149
7 0 0 1.02521

5
1 1 1 0.863822
2 11 4635 1.00383
4 0 0 1.01871
5 0 0 1.02446
3 0 0 0.843897

5
1 9 1 0.877028
2 0 8695 0.796197
4 0 0 0.772533
5 0 0 0.7982
3 0 0 0.902388

5
1 9 1 0.895872
2 0 0 0.843592
3 3 3 0.976105
6 0 0 0.980248
7 0 0 0.973023

3
1 3 3 0.838684
2 0 0 0.844813
3 0 0 0.93919

5
1 4 1 0.918709
2 0 0 0.780327
3 4 2 1.02227
6 0 0 0.964544
7 0 0 0.889354

3
1 0 1170 0.907316
2 0 0 0.907039
3 0 0 0.909433

3
1 10 1 0.794587
2 0 0 0.959069
3 0 0 0.846078

3
1 5 3 0.827252
2 0 0 0.772827
3 0 0 0.970185

1
1 0 0 0.823549

3
1 6 3 0.824045
2 0 0 0.809713
3 0 0 0.978274

3
1 6 2 0.842323
2 0 0 0.855936
3 0 0 0.888561

5
1 1 1 0.844652
2 5 1 1.00535
4 0 0 1.16063
5 0 0 0.889602
3 0 0 0.770016

3
1 9 1 0.864045
2 0 0 0.834042
3 0 0 1.05497

3
1 10 1 0.855196
2 0 0 1.16513
3 0 0 0.771591

1
1 0 0 0.761329

5
1 7 1 0.887154
2 0 0 0.910803
3 4 1 0.949687
6 0 0 0.989778
7 0 0 0.883332

1
1 0 0 0.768908

3
1 10 1 0.913847
2 0 0 1.05293
3 0 0 0.963545

3
1 1 2 0.978871
2 0 0 0.75556
3 0 0 1.00509

3
1 6 3 0.775957
2 0 0 0.750964
3 0 0 1.01818

3
1 1 2 0.953338
2 0 0 0.936399
3 0 0 0.911586

3
1 2 4 0.940265
2 0 0 0.957498
3 0 0 0.93022

5
1 1 2 0.805028
2 6 2 0.827668
4 0 0 0.874511
5 0 0 0.948405
3 0 0 0.984197

1
1 0 0 0.90162

3
1 6 2 0.842387
2 0 0 0.82481
3 0 0 0.903905

3
1 10 1 1.00192
2 0 0 0.951977
3 0 0 0.844474

5
1 4 3 0.833078
2 0 0 0.863445
3 0 6453 1.06593
6 0 0 1.05829
7 0 0 0.976954

3
1 11 630 0.804159
2 0 0 0.92632
3 0 0 0.821873

3
1 0 5651 0.952375
2 0 0 0.799236
3 0 0 0.972575

5
1 5 1 0.84195
2 1 2 0.845907
4 0 0 0.82188
5 0 0 1.08234
3 0 0 0.886744

1
1 0 0 0.776156

3
1 10 1 0.943175
2 0 0 1.14315
3 0 0 0.807046

3
1 5 1 0.939622
2 0 0 0.914993
3 0 0 1.00432

5
1 0 3944 0.852428
2 0 0 0.878348
3 6 2 0.932057
6 0 0 0.961676
7 0 0 0.95359

3
1 7 2 0.841519
2 0 0 0.917533
3 0 0 0.937188

3
1 10 1 0.822038
2 0 0 0.862222
3 0 0 0.855644

1
1 0 0 0.873151

3
1 5 2 0.874967
2 0 0 0.914786
3 0 0 1.02155

3
1 7 1 0.858349
2 0 0 0.848634
3 0 0 0.947231

3
1 1 1 0.816882
2 0 0 0.883604
3 0 0 0.77379

3
1 4 2 0.802262
2 0 0 0.715865
3 0 0 0.937382

3
1 9 1 0.912034
2 0 0 0.866244
3 0 0 1.06796

3
1 5 2 0.86339
2 0 0 0.771243
3 0 0 0.9691

3
1 0 9914 0.775845
2 0 0 0.754238
3 0 0 1.14579

3
1 0 4046 0.917174
2 0 0 0.794047
3 0 0 0.997697

7
1 5 2 1.01897
2 3 1 0.950048
4 0 0 0.921412
5 0 0 1.00587
3 5 3 1.01015
6 0 0 0.853072
7 0 0 0.930497

5
1 3 1 0.868563
2 0 0 0.921912
3 0 9089 1.0496
6 0 0 0.988105
7 0 0 1.00868

3
1 1 1 0.815168
2 0 0 1.00354
3 0 0 0.851533

3
1 4 2 0.778347
2 0 0 0.77632
3 0 0 0.914552

3
1 5 2 0.822998
2 0 0 0.79503
3 0 0 0.94043

3
1 2 2 0.932996
2 0 0 0.916382
3 0 0 0.807642

3
1 4 1 0.942702
2 0 0 0.95831
3 0 0 1.03288

7
1 4 2 0.91258
2 0 0 0.920017
3 2 2 1.22389
6 0 0 0.958237
7 1 2 0.938125
14 0 0 0.890146
15 0 0 0.955445

3
1 1 2 0.915947
2 0 0 0.769677
3 0 0 1.11495

3
1 6 2 0.857808
2 0 0 0.887261
3 0 0 0.971202

3
1 4 3 0.870747
2 0 0 0.791605
3 0 0 0.958079

3
1 1 2 0.978411
2 0 0 0.995771
3 0 0 0.877617

1
1 0 0 0.903503

3
1 0 8289 0.848069
2 0 0 0.797974
3 0 0 0.990612

1
1 0 0 0.831735

3
1 1 1 0.854531
2 0 0 1.001
3 0 0 0.772072

3
1 1 1 0.798131
2 0 0 1.02662
3 0 0 0.760965

3
1 10 1 0.846416
2 0 0 0.948036
3 0 0 0.790772

1
1 0 0 0.887688

3
1 11 74 0.889526
2 0 0 0.98977
3 0 0 0.884214

1
1 0 0 0.813919

3
1 4 3 0.767527
2 0 0 0.795912
3 0 0 1.03813

3
1 1 2 0.824768
2 0 0 0.752083
3 0 0 0.983755

1
1 0 0 0.799216

3
1 10 1 0.83985
2 0 0 0.96648
3 0 0 0.752922

3
1 1 2 0.849198
2 0 0 0.856639
3 0 0 0.931402

3
1 10 1 0.99879
2 0 0 0.878086
3 0 0 0.850982

3
1 9 1 0.87204
2 0 0 0.804018
3 0 0 0.985095

3
1 10 1 0.843858
2 0 0 0.97517
3 0 0 0.762882

3
1 4 2 0.811996
2 0 0 0.839098
3 0 0 0.952976

3
1 3 3 0.835175
2 0 0 0.818794
3 0 0 1.00429

3
1 11 1562 0.866841
2 0 0 0.941988
3 0 0 0.907963

3
1 10 1 0.89231
2 0 0 0.965356
3 0 0 0.820391

3
1 10 1 0.889587
2 0 0 1.08887
3 0 0 0.836978

5
1 2 2 0.923363
2 0 0 0.928327
3 2 4 0.913773
6 0 0 0.841561
7 0 0 1.02767

1
1 0 0 0.899493

3
1 1 1 0.782808
2 0 0 1.04641
3 0 0 0.836254

1
1 0 0 0.864449

3
1 4 1 0.891749
2 0 0 0.8863
3 0 0 0.904117

1
1 0 0 0.808914

3
1 0 1895 0.925418
2 0 0 0.880751
3 0 0 0.945373

1
1 0 0 0.773466

5
1 10 1 0.866068
2 0 0 1.09252
3 7 2 0.864105
6 0 0 0.869773
7 0 0 1.06094

3
1 3 3 0.875425
2 0 0 0.841474
3 0 0 1.0244

3
1 1 1 0.827299
2 0 0 0.913153
3 0 0 0.747138

3
1 10 1 0.881605
2 0 0 0.910958
3 0 0 0.778336

3
1 6 1 0.886541
2 0 0 0.857677
3 0 0 0.879323

3
1 10 1 0.917482
2 0 0 1.06564
3 0 0 0.777778

3
1 3 3 1.00045
2 0 0 0.915694
3 0 0 1.02946

3
1 1 2 0.832223
2 0 0 0.822198
3 0 0 0.95731

3
1 11 2794 0.882499
2 0 0 0.954939
3 0 0 0.788815

3
1 9 1 0.905224
2 0 0 0.733205
3 0 0 0.924476

3
1 9 1 0.835173
2 0 0 0.961278
3 0 0 1.0247

3
1 4 1 0.851691
2 0 0 0.823113
3 0 0 0.929572

5
1 11 2885 0.855424
2 4 1 0.98459
4 0 0 0.846069
5 0 0 1.21749
3 0 0 0.82338

3
1 1 1 0.863822
2 0 0 1.11494
3 0 0 0.873243

3
1 1 2 0.904585
2 0 0 0.862546
3 0 0 1.04902

5
1 6 2 0.863375
2 10 1 0.844482
4 0 0 1.13835
5 0 0 0.794828
3 0 0 0.940866

1
1 0 0 0.708728

3
1 10 1 0.863711
2 0 0 1.10236
3 0 0 0.823794

5
1 3 1 0.884891
2 4 2 0.895497
4 0 0 0.856629
5 0 0 0.932925
3 0 0 1.01492

3
1 4 2 0.784774
2 0 0 0.824532
3 0 0 0.87077

3
1 7 1 0.854714
2 0 0 0.843519
3 0 0 0.999979

3
1 0 6181 0.905129
2 0 0 0.791901
3 0 0 1.01131

5
1 10 1 0.848894
2 2 2 0.853035
4 0 0 0.997415
5 0 0 0.885674
3 0 0 0.863576

3
1 0 3433 0.873825
2 0 0 0.761852
3 0 0 1.0154

3
1 1 1 0.844652
2 0 0 0.930891
3 0 0 0.753479

3
1 3 2 0.777544
2 0 0 0.752466
3 0 0 1.00721

1
1 0 0 0.825142

3
1 1 1 0.905097
2 0 0 1.00216
3 0 0 0.799038

3
1 1 2 0.898972
2 0 0 0.755634
3 0 0 0.953851

3
1 1 1 0.853393
2 0 0 0.899149
3 0 0 0.870461

3
1 10 1 0.913847
2 0 0 0.977136
3 0 0 0.830478

3
1 3 2 0.875399
2 0 0 0.909765
3 0 0 0.95489

3
1 0 9596 0.795417
2 0 0 0.814833
3 0 0 0.931841

1
1 0 0 0.714149

3
1 5 2 0.809766
2 0 0 0.852815
3 0 0 1.11981

1
1 0 0 0.830194

3
1 1 1 0.924249
2 0 0 1.07426
3 0 0 0.822878

3
1 6 2 0.901286
2 0 0 1.087
3 0 0 0.883786

3
1 5 3 0.828745
2 0 0 0.706272
3 0 0 1.13311

3
1 6 2 0.783634
2 0 0 0.798334
3 0 0 0.894775

3
1 6 2 0.797874
2 0 0 0.890959
3 0 0 0.998802

5
1 3 3 0.890623
2 7 2 0.882462
4 0 0 0.864528
5 0 0 0.954999
3 0 0 0.977963

1
1 0 0 0.817762

3
1 1 2 0.81639
2 0 0 0.855422
3 0 0 1.00543

3
1 10 1 0.905688
2 0 0 1.00984
3 0 0 0.835921

3
1 1 1 0.867027
2 0 0 0.995308
3 0 0 0.76179

5
1 5 1 0.93449
2 0 0 0.992566
3 11 1171 0.960743
6 0 0 0.990332
7 0 0 1.0368

1
1 0 0 0.809106

5
1 10 1 0.822038
2 0 0 0.988524
3 9 1 0.854636
6 0 0 0.833015
7 0 0 1.09754

1
1 0 0 0.867568

3
1 7 3 0.847221
2 0 0 0.838775
3 0 0 0.918623

3
1 4 1 0.988248
2 0 0 0.787508
3 0 0 0.920537

3
1 7 3 0.873079
2 0 0 0.907594
3 0 0 1.13967

3
1 9 1 0.891483
2 0 0 0.889222
3 0 0 1.10088

3
1 9 1 0.822898
2 0 0 0.845177
3 0 0 1.04888

3
1 10 1 0.93142
2 0 0 1.06776
3 0 0 0.799672

3
1 3 1 0.902286
2 0 0 0.859886
3 0 0 1.04168

3
1 1 1 0.884259
2 0 0 1.00465
3 0 0 0.867797

3
1 7 2 0.813516
2 0 0 0.76749
3 0 0 0.950341

3
1 9 1 0.786338
2 0 0 0.80034
3 0 0 0.869801

1
1 0 0 0.822753

3
1 3 1 0.944619
2 0 0 1.04126
3 0 0 0.980214

1
1 0 0 0.866472

5
1 0 4014 0.947479
2 0 0 0.907204
3 3 1 0.995772
6 0 0 1.00568
7 0 0 0.984113

1
1 0 0 0.76963

1
1 0 0 0.85969

3
1 9 1 0.910757
2 0 0 0.786066
3 0 0 0.992975

3
1 4 3 0.785807
2 0 0 0.768921
3 0 0 1.00085

3
1 1 2 0.891305
2 0 0 0.823038
3 0 0 1.0067

3
1 10 1 0.962453
2 0 0 0.937935
3 0 0 0.944878

3
1 6 1 0.934183
2 0 0 0.842275
3 0 0 0.94318

5
1 0 208 0.86769
2 11 4269 0.849252
4 0 0 0.99387
5 0 0 1.02739
3 0 0 0.970652

3
1 1 2 0.853181
2 0 0 0.810821
3 0 0 0.953199

3
1 10 1 0.897527
2 0 0 1.03766
3 0 0 0.820042

3
1 1 1 0.867556
2 0 0 0.847479
3 0 0 0.849001

3
1 10 1 0.846416
2 0 0 0.937855
3 0 0 0.784133

5
1 11 2878 0.916634
2 4 1 0.942397
4 0 0 0.89618
5 0 0 1.09965
3 0 0 0.757161

1
1 0 0 0.769211

7
1 0 9596 0.876015
2 5 3 0.891554
4 10 1 0.871398
8 0 0 1.04495
9 0 0 0.883633
5 0 0 0.962158
3 0 0 0.95782

3
1 6 3 0.71264
2 0 0 0.730274
3 0 0 1.02169

1
1 0 0 0.818585

3
1 6 2 0.915594
2 0 0 0.851435
3 0 0 1.02462

3
1 1 1 0.867271
2 0 0 0.930182
3 0 0 0.871955

1
1 0 0 0.807095

3
1 1 1 0.823514
2 0 0 1.04756
3 0 0 0.867409

3
1 9 1 0.87204
2 0 0 0.793061
3 0 0 1.05926

3
1 10 1 0.843858
2 0 0 0.927108
3 0 0 0.812622

3
1 5 2 0.774018
2 0 0 0.766835
3 0 0 0.916151

3
1 2 4 0.831606
2 0 0 0.822072
3 0 0 0.951628

3
1 4 2 0.851186
2 0 0 0.873399
3 0 0 0.979069

3
1 10 1 0.89231
2 0 0 0.985513
3 0 0 0.835579

3
1 4 1 0.846625
2 0 0 0.79524
3 0 0 0.873198

3
1 0 4956 0.834142
2 0 0 0.783065
3 0 0 0.930878

3
1 4 2 0.999121
2 0 0 0.695827
3 0 0 1.04352

3
1 9 1 0.853308
2 0 0 0.882808
3 0 0 0.846537

5
1 10 1 0.896344
2 0 0 1.15295
3 6 2 0.767715
6 0 0 0.754018
7 0 0 0.967067

1
1 0 0 0.8573

5
1 7 2 0.823712
2 0 0 0.970004
3 1 2 1.12156
6 0 0 0.939028
7 0 0 0.997592

3
1 3 1 0.830018
2 0 0 0.839579
3 0 0 1.03206

5
1 1 1 0.803991
2 2 2 0.937747
4 0 0 0.973631
5 0 0 0.981292
3 0 0 0.807234

3
1 10 1 0.866068
2 0 0 1.02527
3 0 0 0.81435

3
1 2 3 0.882839
2 0 0 0.957556
3 0 0 0.886087

3
1 1 1 0.827299
2 0 0 1.02361
3 0 0 0.70129

3
1 4 2 0.910156
2 0 0 0.928064
3 0 0 1.08368

3
1 10 1 0.824722
2 0 0 1.01153
3 0 0 0.803143

1
1 0 0 0.88043

1
1 0 0 0.709623

3
1 1 2 0.832046
2 0 0 0.790417
3 0 0 1.03687

3
1 1 1 0.870276
2 0 0 1.00195
3 0 0 0.769715

5
1 11 2082 0.903744
2 0 0 0.960045
3 1 2 0.776575
6 0 0 0.791017
7 0 0 1.00061

1
1 0 0 0.787447

3
1 2 3 1.02416
2 0 0 0.950993
3 0 0 0.963219

3
1 11 2885 0.855424
2 0 0 1.07201
3 0 0 0.860118

3
1 1 1 0.863822
2 0 0 1.01133
3 0 0 0.80828

3
1 7 3 0.826857
2 0 0 0.84502
3 0 0 1.11918

3
1 4 3 0.852056
2 0 0 0.863776
3 0 0 0.987026

3
1 11 3359 0.874349
2 0 0 0.941526
3 0 0 0.94588

3
1 1 1 0.933519
2 0 0 0.987892
3 0 0 0.817833

5
1 1 1 0.887834
2 0 0 1.05983
3 5 3 0.859977
6 0 0 0.861475
7 0 0 0.935226

1
1 0 0 0.845783

3
1 10 1 0.891971
2 0 0 1.1541
3 0 0 0.810854

3
1 11 1735 0.864188
2 0 0 0.99732
3 0 0 0.85963

3
1 10 1 0.848894
2 0 0 1.05187
3 0 0 0.836129

3
1 0 3433 0.873825
2 0 0 0.821468
3 0 0 0.970238

1
1 0 0 0.90003

5
1 10 1 0.900216
2 0 44 1.09001
4 0 0 0.956803
5 0 0 1.04514
3 0 0 0.854563

3
1 10 1 0.822346
2 0 0 0.968716
3 0 0 0.77306

5
1 1 1 0.870426
2 0 0 0.97633
3 4 3 0.942033
6 0 0 0.90201
7 0 0 1.25997

1
1 0 0 0.947565

1
1 0 0 0.790927

5
1 9 1 0.912065
2 0 0 0.829833
3 6 1 1.03411
6 0 0 0.980659
7 0 0 0.971478

3
1 11 5366 0.778541
2 0 0 0.795272
3 0 0 1.0411

5
1 0 3543 0.899334
2 3 1 0.852221
4 0 0 0.800566
5 0 0 0.916425
3 0 0 0.915265

1
1 0 0 0.686016

3
1 1 2 0.838248
2 0 0 0.819202
3 0 0 0.921122

3
1 9 1 0.817268
2 0 0 0.860241
3 0 0 0.967233

1
1 0 0 0.765536

3
1 7 3 0.868292
2 0 0 0.894656
3 0 0 1.02806

3
1 0 8783 0.831224
2 0 0 0.806869
3 0 0 0.931731

3
1 10 1 0.844418
2 0 0 0.988199
3 0 0 0.873953

1
1 0 0 0.750687

3
1 11 104 0.75453
2 0 0 0.860273
3 0 0 0.75292

3
1 10 1 0.832077
2 0 0 1.04954
3 0 0 0.794695

5
1 11 2869 0.848809
2 4 1 0.902655
4 0 0 0.915625
5 0 0 1.10845
3 0 0 0.838193

5
1 10 1 0.945579
2 0 0 1.12984
3 3 3 0.98428
6 0 0 1.04588
7 0 0 0.946763

3
1 1 1 0.867027
2 0 0 1.02902
3 0 0 0.860253

1
1 0 0 0.78472

3
1 1 2 0.857845
2 0 0 0.761063
3 0 0 0.950762

5
1 10 1 0.822038
2 0 0 0.97585
3 9 1 0.854636
6 0 0 0.864523
7 0 0 1.10006

3
1 6 1 0.853502
2 0 0 0.784676
3 0 0 0.912935

3
1 7 1 0.854286
2 0 0 0.883606
3 0 0 0.980745

3
1 5 2 0.793547
2 0 0 0.856252
3 0 0 0.928114

3
1 9 1 0.851082
2 0 0 0.717064
3 0 0 1.14963

5
1 10 1 0.86821
2 4 1 1.05213
4 0 0 1.03754
5 0 0 0.943825
3 0 0 0.862112

3
1 5 3 0.907465
2 0 0 0.896207
3 0 0 1.02557

7
1 10 1 0.991045
2 11 3601 1.05424
4 0 0 1.14441
5 0 0 0.956582
3 4 3 0.830436
6 0 0 0.842128
7 0 0 1.10761

5
1 0 1342 0.92741
2 10 1 1.03678
4 0 0 1.14052
5 0 0 0.912798
3 0 0 1.02079

3
1 1 1 0.884259
2 0 0 1.1668
3 0 0 0.751588

1
1 0 0 0.83804

3
1 7 3 0.961667
2 0 0 0.950987
3 0 0 0.996182

1
1 0 0 0.846867

3
1 3 1 0.913154
2 0 0 0.785139
3 0 0 0.917029

3
1 10 1 0.892699
2 0 0 1.10766
3 0 0 0.886574

3
1 5 3 0.933955
2 0 0 0.95092
3 0 0 0.937158

3
1 0 9757 0.947541
2 0 0 0.808671
3 0 0 1.06995

3
1 3 3 0.886724
2 0 0 0.851224
3 0 0 1.00205

1
1 0 0 0.797766

3
1 7 1 0.868123
2 0 0 0.825584
3 0 0 0.864462

3
1 0 762 0.897269
2 0 0 0.921251
3 0 0 0.976213

1
1 0 0 0.745206

3
1 1 2 0.885119
2 0 0 0.850334
3 0 0 1.02442

3
1 5 3 0.815367
2 0 0 0.80745
3 0 0 0.981246

3
1 3 1 0.847938
2 0 0 0.88978
3 0 0 1.08026

3
1 10 1 0.897527
2 0 0 1.01853
3 0 0 0.834488

5
1 9 1 0.821496
2 0 0 0.803066
3 2 4 0.91799
6 0 0 0.913023
7 0 0 0.949566

3
1 3 2 0.887928
2 0 0 0.857071
3 0 0 0.914092

5
1 11 2878 0.916634
2 4 1 0.942397
4 0 0 0.86349
5 0 0 1.02436
3 0 0 0.817514

5
1 5 2 0.759488
2 0 1407 0.975519
4 0 0 0.886391
5 0 0 0.964132
3 0 0 0.952604

7
1 0 9596 0.876015
2 5 3 0.891554
4 10 1 0.871398
8 0 0 1.01707
9 0 0 0.840054
5 0 0 1.01147
3 0 0 1.02354

3
1 1 1 0.908172
2 0 0 1.01297
3 0 0 0.788122

3
1 9 1 0.823288
2 0 0 0.800164
3 0 0 0.944818

3
1 0 2997 0.876648
2 0 0 0.794034
3 0 0 1.03354

3
1 4 2 0.756839
2 0 0 0.903537
3 0 0 0.972965

3
1 4 1 0.869161
2 0 0 0.710827
3 0 0 1.00925

3
1 1 2 0.822393
2 0 0 0.694056
3 0 0 0.934528

1
1 0 0 0.738214

1
1 0 0 0.806343

3
1 3 2 0.784622
2 0 0 0.772533
3 0 0 0.890306

3
1 9 1 0.877011
2 0 0 0.843853
3 0 0 1.04413

3
1 11 5125 0.816628
2 0 0 0.82217
3 0 0 1.00501

5
1 0 7667 0.860126
2 5 2 0.855197
4 0 0 0.853725
5 0 0 0.970211
3 0 0 0.899413

5
1 7 3 0.868705
2 6 2 0.887232
4 0 0 0.871258
5 0 0 1.04766
3 0 0 0.913205

3
1 10 1 0.81172
2 0 0 0.918183
3 0 0 0.800754

3
1 4 2 0.760418
2 0 0 0.788848
3 0 0 0.960831

3
1 7 2 0.797258
2 0 0 0.788307
3 0 0 0.968717

3
1 6 3 0.883508
2 0 0 0.818036
3 0 0 1.06154

1
1 0 0 0.830681

3
1 10 1 0.838541
2 0 0 1.09545
3 0 0 0.772506

3
1 3 3 0.852297
2 0 0 0.79785
3 0 0 1.06572

3
1 2 1 0.889915
2 0 0 0.897262
3 0 0 0.818767

5
1 4 1 0.852528
2 6 3 0.943731
4 0 0 0.956551
5 0 0 1.02845
3 0 0 0.905144

3
1 7 2 0.853148
2 0 0 0.846455
3 0 0 1.0556

3
1 1 1 0.827299
2 0 0 0.986784
3 0 0 0.793634

1
1 0 0 0.792448

3
1 10 1 0.824722
2 0 0 1.11698
3 0 0 0.750621

3
1 1 1 0.859716
2 0 0 1.04455
3 0 0 0.839677

3
1 5 3 0.868873
2 0 0 0.803303
3 0 0 0.934714

3
1 1 2 0.832046
2 0 0 0.928076
3 0 0 1.05577

3
1 3 3 0.889366
2 0 0 0.918432
3 0 0 0.956948

5
1 7 1 0.920984
2 6 1 0.953431
4 0 0 0.980363
5 0 0 0.839886
3 0 0 0.909112

3
1 1 1 0.891094
2 0 0 0.947546
3 0 0 0.788959

3
1 0 5976 0.939103
2 0 0 0.833325
3 0 0 1.04499

3
1 11 2885 0.855424
2 0 0 0.988726
3 0 0 0.852233

3
1 1 1 0.860819
2 0 0 1.09778
3 0 0 0.904416

3
1 6 3 0.833612
2 0 0 0.839546
3 0 0 0.993873

1
1 0 0 0.760949

3
1 4 2 0.823378
2 0 0 0.804305
3 0 0 1.10353

3
1 6 2 0.838814
2 0 0 0.881366
3 0 0 1.01754

3
1 1 1 0.887834
2 0 0 0.941811
3 0 0 0.81628

3
1 1 1 0.964731
2 0 0 0.998816
3 0 0 0.839903

3
1 7 3 0.786298
2 0 0 0.808987
3 0 0 0.973194

3
1 4 3 0.755204
2 0 0 0.812184
3 0 0 0.980848

1
1 0 0 0.753241

3
1 1 2 0.876601
2 0 0 0.87282
3 0 0 0.908909

3
1 5 2 0.887161
2 0 0 0.854544
3 0 0 1.01266

3
1 10 1 0.900216
2 0 0 0.991924
3 0 0 0.73368

3
1 10 1 0.822346
2 0 0 0.995451
3 0 0 0.813402

3
1 1 1 0.870426
2 0 0 1.07262
3 0 0 0.914482

3
1 11 3961 0.965766
2 0 0 1.02733
3 0 0 0.963837

3
1 0 3206 0.938154
2 0 0 0.902949
3 0 0 0.994434

5
1 9 1 0.912065
2 10 1 0.809749
4 0 0 1.18813
5 0 0 0.764099
3 0 0 0.985525

7
1 9 1 0.944623
2 11 166 0.817616
4 0 0 0.928632
5 0 0 0.793364
3 0 5753 1.00045
6 0 0 0.92289
7 0 0 1.07545

3
1 6 2 0.932451
2 0 0 0.9522
3 0 0 1.03567

3
1 10 1 0.848257
2 0 0 1.09036
3 0 0 0.808714

1
1 0 0 0.825216

3
1 3 3 0.811702
2 0 0 0.773546
3 0 0 0.897326

3
1 4 3 0.874266
2 0 0 0.830017
3 0 0 1.02316

7
1 6 2 0.728995
2 6 1 0.832778
4 0 0 0.891218
5 0 0 0.890866
3 9 1 1.00137
6 0 0 1.08121
7 0 0 0.991174

3
1 5 3 0.901126
2 0 0 0.800615
3 0 0 0.914375

3
1 1 1 0.82797
2 0 0 1.10708
3 0 0 0.748082

3
1 4 3 0.825613
2 0 0 0.743171
3 0 0 1.08298

1
1 0 0 0.850462

3
1 1 1 0.892857
2 0 0 0.956164
3 0 0 0.792265

3
1 10 1 0.901849
2 0 0 1.02529
3 0 0 0.739506

3
1 10 1 0.945579
2 0 0 1.05022
3 0 0 0.755763

3
1 1 1 0.867027
2 0 0 1.03909
3 0 0 0.719574

3
1 4 3 0.879993
2 0 0 0.886574
3 0 0 1.06269

5
1 0 8814 0.949785
2 0 0 0.954506
3 7 2 0.94665
6 0 0 0.903169
7 0 0 0.963708

3
1 5 3 0.80711
2 0 0 0.790478
3 0 0 0.891081

3
1 1 1 0.998517
2 0 0 1.03143
3 0 0 0.772361

3
1 9 1 0.918729
2 0 0 0.805935
3 0 0 1.04409

3
1 7 3 0.887759
2 0 0 0.876415
3 0 0 1.01195

3
1 1 2 1.06993
2 0 0 0.81112
3 0 0 1.13282

5
1 2 2 0.943756
2 0 0 0.950937
3 3 1 0.929423
6 0 0 1.02953
7 0 0 0.832355

3
1 2 2 0.926729
2 0 0 0.954682
3 0 0 0.919502

3
1 1 1 0.879096
2 0 0 1.00905
3 0 0 0.876521

3
1 2 1 0.939774
2 0 0 0.828601
3 0 0 0.917267

3
1 2 2 0.868034
2 0 0 0.878608
3 0 0 0.87957

5
1 11 4486 0.864672
2 0 0 0.879204
3 6 2 0.872494
6 0 0 0.831821
7 0 0 0.895837

3
1 11 1283 0.801547
2 0 0 0.895262
3 0 0 0.831042

1
1 0 0 0.929475

3
1 5 3 0.853443
2 0 0 0.803387
3 0 0 1.09807

3
1 10 1 0.892699
2 0 0 1.14912
3 0 0 0.866546

3
1 11 175 0.767877
2 0 0 0.908573
3 0 0 0.816789

3
1 11 2963 0.86062
2 0 0 0.913394
3 0 0 0.796456

3
1 4 3 0.953453
2 0 0 0.931913
3 0 0 1.09791

5
1 11 1710 0.913872
2 4 1 0.994821
4 0 0 0.859679
5 0 0 1.04972
3 0 0 1.05732

7
1 9 1 0.878026
2 0 0 0.882637
3 2 1 1.0392
6 4 2 0.927616
12 0 0 1.08055
13 0 0 0.928108
7 0 0 0.977531

5
1 5 2 0.845931
2 0 0 0.881095
3 5 3 0.926435
6 0 0 0.958512
7 0 0 1.00818

1
1 0 0 0.830861

3
1 4 3 0.788833
2 0 0 0.804856
3 0 0 0.90018

3
1 4 2 0.911394
2 0 0 0.856439
3 0 0 0.963844

3
1 0 4996 0.884111
2 0 0 0.797705
3 0 0 1.00411

1
1 0 0 0.794401

5
1 9 1 0.821496
2 0 0 0.774349
3 7 1 1.01705
6 0 0 0.932775
7 0 0 1.02006

3
1 1 1 0.819
2 0 0 0.983342
3 0 0 0.875968

3
1 0 8891 0.804966
2 0 0 0.78614
3 0 0 0.99616

3
1 3 1 0.873959
2 0 0 0.801162
3 0 0 1.00074

1
1 0 0 0.890488

3
1 4 1 0.879811
2 0 0 0.757266
3 0 0 0.977955

7
1 9 1 0.843239
2 0 3438 0.945073
4 2 4 0.883684
8 0 0 0.907457
9 0 0 1.02741
5 0 0 1.00826
3 0 0 0.989626

5
1 10 1 0.913341
2 0 0 0.977408
3 4 3 0.831001
6 0 0 0.911826
7 0 0 0.988003

3
1 6 2 0.83899
2 0 0 0.825665
3 0 0 1.11057

3
1 0 4470 0.915228
2 0 0 0.912101
3 0 0 0.962443

3
1 7 1 0.87091
2 0 0 0.920345
3 0 0 0.99764

3
1 2 4 0.852589
2 0 0 0.79943
3 0 0 1.01777

3
1 11 1740 0.807922
2 0 0 0.898342
3 0 0 0.7132

1
1 0 0 0.77251

3
1 9 1 0.877011
2 0 0 0.767001
3 0 0 1.02943

3
1 1 1 0.916591
2 0 0 1.04043
3 0 0 0.763151

3
1 9 1 0.834644
2 0 0 0.770778
3 0 0 1.0133

3
1 4 2 0.770921
2 0 0 0.784593
3 0 0 0.938166

3
1 4 3 0.74215
2 0 0 0.745775
3 0 0 1.09507

3
1 1 1 0.861682
2 0 0 0.883026
3 0 0 0.837471

3
1 1 1 0.916197
2 0 0 0.830599
3 0 0 0.754647

3
1 1 1 0.888114
2 0 0 1.05241
3 0 0 0.878889

1
1 0 0 0.785088

3
1 1 2 0.899528
2 0 0 0.842361
3 0 0 1.00967

3
1 0 8719 0.867799
2 0 0 0.888957
3 0 0 1.05032

1
1 0 0 0.809169

3
1 5 2 0.924699
2 0 0 0.871371
3 0 0 1.06852

3
1 6 3 0.897661
2 0 0 0.874182
3 0 0 1.01133

3
1 11 5124 0.825177
2 0 0 0.87072
3 0 0 0.928115

1
1 0 0 0.721649

3
1 4 3 0.856944
2 0 0 0.85643
3 0 0 0.981578

3
1 1 1 0.859716
2 0 0 1.05951
3 0 0 0.763472

3
1 3 2 0.872593
2 0 0 0.798479
3 0 0 0.950943

3
1 10 1 0.799249
2 0 0 1.00955
3 0 0 0.773097

3
1 4 2 0.835162
2 0 0 0.900064
3 0 0 1.11881

3
1 1 2 0.898622
2 0 0 0.824106
3 0 0 1.00435

3
1 7 3 0.820931
2 0 0 0.793148
3 0 0 0.994

3
1 7 2 0.799586
2 0 0 0.86017
3 0 0 0.995146

5
1 11 2885 0.855424
2 4 1 0.971478
4 0 0 0.890104
5 0 0 1.10234
3 0 0 0.793097

3
1 1 1 0.860819
2 0 0 1.01039
3 0 0 0.779004

3
1 3 1 0.996542
2 0 0 0.967199
3 0 0 1.04442

3
1 6 3 0.82311
2 0 0 0.744378
3 0 0 0.9429

3
1 2 4 0.868343
2 0 0 0.911874
3 0 0 0.926491

3
1 11 3379 0.925581
2 0 0 0.932642
3 0 0 0.978188

3
1 5 3 0.938347
2 0 0 0.865949
3 0 0 0.92148

5
1 1 1 0.964731
2 0 0 1.07159
3 9 1 0.866585
6 0 0 0.863499
7 0 0 0.885406

3
1 7 1 0.920496
2 0 0 0.881611
3 0 0 0.904116

3
1 0 2474 0.960954
2 0 0 0.78303
3 0 0 0.954456

3
1 4 3 0.840912
2 0 0 0.851718
3 0 0 1.119

3
1 5 2 0.853936
2 0 0 0.845813
3 0 0 0.853095

1
1 0 0 0.769441

3
1 7 2 0.822092
2 0 0 0.927535
3 0 0 0.903913

3
1 4 3 0.871244
2 0 0 0.869109
3 0 0 0.968344

3
1 0 8374 0.823635
2 0 0 0.785448
3 0 0 1.01526

3
1 4 2 0.814541
2 0 0 0.871278
3 0 0 0.982437

3
1 0 3206 0.938154
2 0 0 0.780638
3 0 0 0.970246

1
1 0 0 0.921568

3
1 2 1 0.902831
2 0 0 0.807011
3 0 0 0.954688

3
1 5 3 0.774272
2 0 0 0.824094
3 0 0 0.944916

3
1 10 1 0.848257
2 0 0 0.977341
3 0 0 0.771833

1
1 0 0 0.911511

5
1 4 3 1.01414
2 10 1 0.973389
4 0 0 1.13527
5 0 0 0.882676
3 0 0 1.05005

3
1 0 6226 0.871985
2 0 0 0.848743
3 0 0 0.930532

5
1 1 2 0.836284
2 7 2 0.881021
4 0 0 0.87131
5 0 0 0.998957
3 0 0 1.05867

3
1 2 2 0.86135
2 0 0 0.860201
3 0 0 0.874627

3
1 0 1252 0.942293
2 0 0 0.839981
3 0 0 0.918297

3
1 1 2 0.905853
2 0 0 0.995247
3 0 0 0.87349

3
1 10 1 0.798295
2 0 0 1.0846
3 0 0 0.747119

3
1 7 3 0.762731
2 0 0 0.831313
3 0 0 1.04887

3
1 10 1 0.901849
2 0 0 0.997325
3 0 0 0.722681

3
1 10 1 0.945579
2 0 0 1.0681
3 0 0 0.79507

3
1 1 1 0.867027
2 0 0 0.930858
3 0 0 0.71787

5
1 4 2 0.811729
2 0 0 0.849814
3 0 3733 1.0188
6 0 0 1.08148
7 0 0 0.991402

3
1 5 3 0.882095
2 0 0 0.799382
3 0 0 1.00048

3
1 7 1 0.922381
2 0 0 0.876367
3 0 0 0.889465

3
1 1 1 0.998517
2 0 0 0.904581
3 0 0 0.809343

7
1 11 2303 0.86668
2 2 2 0.896716
4 4 1 0.895838
8 0 0 0.891955
9 0 0 1.02274
5 0 0 0.950593
3 0 0 0.796557

1
1 0 0 0.796744

3
1 11 2167 0.888392
2 0 0 0.937238
3 0 0 0.832

5
1 6 3 0.755298
2 1 1 0.817149
4 0 0 1.01845
5 0 0 0.788721
3 0 0 0.950461

3
1 1 1 0.882207
2 0 0 1.10747
3 0 0 0.969682

5
1 1 2 0.824657
2 0 0 0.794454
3 11 280 0.918118
6 0 0 1.00829
7 0 0 0.919823

3
1 4 2 0.78326
2 0 0 0.718254
3 0 0 0.863072

5
1 5 2 0.901053
2 0 0 0.882342
3 1 2 0.993777
6 0 0 0.99003
7 0 0 1.03341

3
1 2 4 0.802776
2 0 0 0.837535
3 0 0 0.9799

5
1 6 1 0.837988
2 2 1 0.92208
4 0 0 1.21026
5 0 0 0.780355
3 0 0 1.00917

3
1 5 3 0.806149
2 0 0 0.868095
3 0 0 0.968358

3
1 1 1 0.806164
2 0 0 0.985923
3 0 0 0.748722

3
1 4 2 0.90169
2 0 0 0.915034
3 0 0 1.01926

3
1 1 2 0.847609
2 0 0 0.81711
3 0 0 1.02883

5
1 11 2963 0.86062
2 7 3 0.980813
4 0 0 0.98821
5 0 0 1.03279
3 0 0 0.878914

3
1 0 9140 0.798069
2 0 0 0.830303
3 0 0 1.01695

3
1 4 2 0.924034
2 0 0 0.937031
3 0 0 0.824066

1
1 0 0 0.826052

3
1 1 1 0.901745
2 0 0 1.1856
3 0 0 0.861145

3
1 9 1 0.862961
2 0 0 0.796356
3 0 0 0.963928

5
1 6 2 0.835622
2 0 0 0.869269
3 0 1062 1.0084
6 0 0 1.08919
7 0 0 1.07652

1
1 0 0 0.843375

3
1 6 2 0.942978
2 0 0 0.96088
3 0 0 0.993606

3
1 3 3 0.866172
2 0 0 0.961897
3 0 0 0.998886

5
1 9 1 0.821496
2 5 2 0.819577
4 0 0 0.791357
5 0 0 0.995552
3 0 0 0.941581

3
1 11 104 0.839277
2 0 0 1.02234
3 0 0 1.00496

3
1 10 1 0.844629
2 0 0 1.26527
3 0 0 0.741988

3
1 7 3 0.760356
2 0 0 0.699905
3 0 0 0.944681

3
1 0 9978 0.819146
2 0 0 0.907916
3 0 0 1.02875

3
1 10 1 0.907486
2 0 0 1.0374
3 0 0 0.8317

7
1 9 1 0.843239
2 0 0 0.829289
3 2 3 0.990147
6 6 2 1.12776
12 0 0 1.00243
13 0 0 0.94771
7 0 0 0.89225

3
1 1 2 0.906564
2 0 0 0.881082
3 0 0 1.08827

3
1 1 2 0.905324
2 0 0 0.815803
3 0 0 0.947153

1
1 0 0 0.826453

1
1 0 0 0.788525

5
1 6 3 0.867013
2 3 1 0.876227
4 0 0 0.83719
5 0 0 0.907025
3 0 0 0.98546

5
1 10 1 0.910314
2 2 2 1.14217
4 0 0 1.09413
5 0 0 1.11739
3 0 0 0.837975

3
1 9 1 0.872246
2 0 0 0.876042
3 0 0 1.02348

3
1 7 3 0.787768
2 0 0 0.844442
3 0 0 1.01616

5
1 1 1 0.916591
2 11 930 1.01978
4 0 0 1.02738
5 0 0 0.993612
3 0 0 0.797284

1
1 0 0 0.868578

3
1 6 1 0.872252
2 0 0 1.01234
3 0 0 0.884714

3
1 7 3 0.780995
2 0 0 0.786203
3 0 0 1.00034

1
1 0 0 0.861451

1
1 0 0 0.796861

1
1 0 0 0.714197

5
1 7 1 0.885918
2 0 0 0.830005
3 2 3 0.906616
6 0 0 0.86412
7 0 0 0.858921

3
1 9 1 0.884812
2 0 0 0.681755
3 0 0 1.1044

5
1 7 3 0.877356
2 9 1 0.912436
4 0 0 0.87215
5 0 0 1.0168
3 0 0 0.898303

3
1 7 3 0.78597
2 0 0 0.746273
3 0 0 1.07854

5
1 7 3 0.864675
2 1 1 0.861903
4 0 0 1.00061
5 0 0 0.817916
3 0 0 0.900935

3
1 3 1 0.828076
2 0 0 0.845675
3 0 0 1.08414

3
1 4 1 0.813943
2 0 0 0.836339
3 0 0 0.934676

3
1 5 2 0.890928
2 0 0 0.850733
3 0 0 0.947212

1
1 0 0 0.781977

3
1 1 1 0.859716
2 0 0 0.97231
3 0 0 0.824381

1
1 0 0 0.788598

3
1 0 4892 0.90772
2 0 0 0.894916
3 0 0 0.977454

5
1 3 2 0.844991
2 0 1468 0.933613
4 0 0 0.751353
5 0 0 0.887919
3 0 0 0.939177

3
1 4 3 0.78114
2 0 0 0.711556
3 0 0 1.11169

3
1 11 2168 0.915047
2 0 0 0.934114
3 0 0 0.883307

3
1 5 3 0.756478
2 0 0 0.799943
3 0 0 1.01433

3
1 4 1 0.910726
2 0 0 0.763331
3 0 0 0.907729

3
1 1 1 0.860819
2 0 0 1.04784
3 0 0 0.872601

3
1 7 2 0.856081
2 0 0 0.865752
3 0 0 0.987356

3
1 1 1 0.856087
2 0 0 1.00216
3 0 0 0.732283

5
1 6 2 0.808409
2 0 0 0.932605
3 2 1 1.06647
6 0 0 0.966095
7 0 0 0.937225

3
1 0 837 0.831777
2 0 0 0.972427
3 0 0 0.830151

1
1 0 0 0.859339

3
1 1 1 0.964731
2 0 0 0.889022
3 0 0 0.738441

5
1 4 1 0.839466
2 10 1 0.872936
4 0 0 1.07981
5 0 0 0.81803
3 0 0 0.876304

3
1 7 1 0.866635
2 0 0 0.971554
3 0 0 0.929379

1
1 0 0 0.782123

3
1 7 3 0.872797
2 0 0 0.753591
3 0 0 1.02959

3
1 4 2 0.780855
2 0 0 0.825963
3 0 0 0.92023

1
1 0 0 0.798002

3
1 10 1 0.85773
2 0 0 0.919523
3 0 0 0.835019

3
1 6 3 0.812144
2 0 0 0.836421
3 0 0 0.965442

3
1 0 6514 0.924767
2 0 0 0.869777
3 0 0 0.935595

3
1 0 580 0.860677
2 0 0 0.822163
3 0 0 0.975839

3
1 3 3 0.885135
2 0 0 0.950519
3 0 0 0.993509

1
1 0 0 0.738649

1
1 0 0 0.954852

1
1 0 0 0.73064

3
1 5 3 0.88659
2 0 0 0.851266
3 0 0 0.931535

3
1 3 3 0.813723
2 0 0 0.839419
3 0 0 0.946303

3
1 1 2 0.962663
2 0 0 0.945823
3 0 0 0.974931

3
1 3 1 0.889789
2 0 0 0.951535
3 0 0 1.09258

3
1 4 3 0.838017
2 0 0 0.831999
3 0 0 1.19159

3
1 1 2 0.900116
2 0 0 0.883022
3 0 0 0.909629

3
1 6 3 0.896328
2 0 0 0.879731
3 0 0 0.992015

3
1 10 1 0.798295
2 0 0 0.962982
3 0 0 0.86896

3
1 7 3 0.806298
2 0 0 0.824143
3 0 0 0.998816

5
1 10 1 0.901849
2 11 2349 0.982481
4 0 0 1.15583
5 0 0 1.02549
3 0 0 0.835517

3
1 7 3 0.796966
2 0 0 0.866897
3 0 0 0.906383

3
1 1 1 0.867027
2 0 0 1.00744
3 0 0 0.888836

3
1 10 1 0.841538
2 0 0 0.894607
3 0 0 0.858755

3
1 4 1 0.889969
2 0 0 0.840993
3 0 0 1.06406

5
1 0 4543 0.797668
2 0 3508 0.925241
4 0 0 0.882487
5 0 0 1.02037
3 0 0 1.09249

3
1 1 1 0.998517
2 0 0 1.2041
3 0 0 0.782285

3
1 4 3 0.840582
2 0 0 0.850383
3 0 0 0.992579

3
1 0 9842 0.782043
2 0 0 0.778708
3 0 0 1.04623

3
1 5 3 0.829299
2 0 0 0.869365
3 0 0 1.03571

3
1 10 1 0.822195
2 0 0 0.961804
3 0 0 0.757814

3
1 1 1 0.882207
2 0 0 0.968828
3 0 0 0.838038

3
1 1 2 0.851172
2 0 0 0.909119
3 0 0 0.94619

3
1 1 1 0.924536
2 0 0 1.01333
3 0 0 0.753766

5
1 1 1 0.786187
2 3 1 1.11652
4 0 0 1.0855
5 0 0 0.990993
3 0 0 0.776621

3
1 10 1 0.859055
2 0 0 1.04419
3 0 0 0.791128

3
1 6 3 0.770984
2 0 0 0.80134
3 0 0 1.03332

1
1 0 0 0.861953

3
1 10 1 0.854486
2 0 0 1.04885
3 0 0 0.874277

1
1 0 0 0.739375

3
1 1 1 0.839733
2 0 0 0.899744
3 0 0 0.832472

3
1 6 3 0.916944
2 0 0 0.849133
3 0 0 0.860114

3
1 5 3 0.772331
2 0 0 0.80556
3 0 0 0.97778

1
1 0 0 0.882077

3
1 9 1 0.826052
2 0 0 0.80145
3 0 0 1.11964

3
1 1 1 0.901745
2 0 0 1.05144
3 0 0 0.877223

1
1 0 0 0.92393

3
1 0 9974 0.874468
2 0 0 0.768695
3 0 0 1.09666

3
1 0 9025 0.94759
2 0 0 0.913325
3 0 0 0.979405

3
1 9 1 0.793735
2 0 0 0.803228
3 0 0 0.992785

3
1 1 1 0.968446
2 0 0 1.02118
3 0 0 0.796806

5
1 10 1 0.823808
2 0 9852 1.02162
4 0 0 0.987767
5 0 0 1.08198
3 0 0 0.832733

3
1 6 3 0.844645
2 0 0 0.867643
3 0 0 1.04143

3
1 11 1367 0.868747
2 0 0 0.984228
3 0 0 0.832044

3
1 9 1 0.87393
2 0 0 0.885712
3 0 0 0.988985

1
1 0 0 0.969782

3
1 10 1 0.907486
2 0 0 0.945256
3 0 0 0.783164

3
1 9 1 0.843239
2 0 0 0.843778
3 0 0 1.0582

1
1 0 0 0.879949

3
1 1 2 0.905324
2 0 0 0.756895
3 0 0 1.10912

3
1 1 2 0.879902
2 0 0 0.866633
3 0 0 0.878465

3
1 10 1 0.894458
2 0 0 0.983297
3 0 0 0.747007

3
1 10 1 0.870624
2 0 0 1.05267
3 0 0 0.897219

1
1 0 0 0.936237

5
1 1 2 0.900826
2 7 2 0.797943
4 0 0 0.780704
5 0 0 0.916888
3 0 0 0.993578

3
1 10 1 0.829525
2 0 0 1.04249
3 0 0 0.90916

3
1 11 4014 0.974585
2 0 0 0.927299
3 0 0 0.807255

3
1 7 3 0.8519
2 0 0 0.785805
3 0 0 1.12065

3
1 2 2 0.885213
2 0 0 0.905354
3 0 0 0.901221

3
1 4 2 0.791123
2 0 0 0.799161
3 0 0 0.934486

1
1 0 0 0.903097

3
1 9 1 0.773502
2 0 0 0.907694
3 0 0 1.10067

1
1 0 0 0.762847

3
1 5 2 0.794944
2 0 0 0.824577
3 0 0 1.01481

1
1 0 0 0.832968

3
1 5 2 0.81965
2 0 0 0.803589
3 0 0 0.981674

1
1 0 0 0.84694

5
1 1 2 0.760518
2 0 2357 0.897777
4 0 0 0.799302
5 0 0 0.925757
3 0 0 1.00889

7
1 9 1 0.844901
2 0 0 0.819355
3 7 1 0.992738
6 0 0 0.925431
7 2 2 1.0296
14 0 0 1.1271
15 0 0 1.09097

3
1 11 2739 0.865799
2 0 0 0.932769
3 0 0 0.761454

3
1 5 3 0.77798
2 0 0 0.908041
3 0 0 1.00757

1
1 0 0 0.794665

3
1 1 2 0.855551
2 0 0 0.878398
3 0 0 0.903384

3
1 5 3 0.742682
2 0 0 0.650669
3 0 0 1.10397

3
1 0 4704 0.864633
2 0 0 0.758223
3 0 0 0.899839

3
1 1 1 0.843411
2 0 0 1.04058
3 0 0 0.809958

3
1 7 3 0.886875
2 0 0 0.85348
3 0 0 1.04559

1
1 0 0 0.808773

1
1 0 0 0.764848

3
1 1 2 0.864547
2 0 0 0.856905
3 0 0 0.949153

3
1 3 1 0.91242
2 0 0 0.883955
3 0 0 0.990976

3
1 0 8785 0.811713
2 0 0 0.723329
3 0 0 0.985433

5
1 1 1 0.856087
2 7 1 1.0224
4 0 0 1.02565
5 0 0 0.829339
3 0 0 0.791187

3
1 10 1 0.79304
2 0 0 1.10133
3 0 0 0.759799

3
1 10 1 0.848168
2 0 0 0.999381
3 0 0 0.821606

3
1 10 1 0.874705
2 0 0 0.876453
3 0 0 0.775525

3
1 1 2 0.875264
2 0 0 0.8417
3 0 0 0.871177

3
1 4 3 0.847698
2 0 0 0.780331
3 0 0 0.940473

3
1 0 8581 0.841098
2 0 0 0.846924
3 0 0 1.04319

3
1 0 3687 0.90607
2 0 0 0.75634
3 0 0 1.01658

3
1 7 3 0.913816
2 0 0 0.887825
3 0 0 1.01707

3
1 6 3 0.822301
2 0 0 0.825413
3 0 0 1.03129

1
1 0 0 0.851222

3
1 10 1 0.85773
2 0 0 0.933671
3 0 0 0.774931

3
1 3 2 0.851227
2 0 0 0.857663
3 0 0 0.955713

3
1 4 3 0.706299
2 0 0 0.85636
3 0 0 1.01458

1
1 0 0 0.782082

3
1 6 3 0.779796
2 0 0 0.738243
3 0 0 1.0453

3
1 1 2 0.879326
2 0 0 0.806769
3 0 0 0.946867

3
1 4 3 0.811425
2 0 0 0.850782
3 0 0 0.986724

3
1 5 3 0.865751
2 0 0 0.859189
3 0 0 1.03254

3
1 6 2 0.827941
2 0 0 0.77961
3 0 0 0.920751

3
1 4 3 0.767662
2 0 0 0.759738
3 0 0 0.959095

3
1 11 1458 0.942382
2 0 0 0.95962
3 0 0 0.841914

7
1 2 3 0.92782
2 0 2819 0.96097
4 0 0 0.924491
5 0 0 0.992701
3 2 4 0.943647
6 0 0 1.02103
7 0 0 0.957198

3
1 4 3 0.809979
2 0 0 0.969051
3 0 0 0.942948

3
1 1 2 0.926795
2 0 0 0.873828
3 0 0 1.03748

3
1 10 1 0.8815
2 0 0 1.06041
3 0 0 0.793312

5
1 0 3029 0.831757
2 4 2 0.889968
4 0 0 0.921103
5 0 0 0.991914
3 0 0 0.999083

3
1 10 1 0.858426
2 0 0 0.940812
3 0 0 0.769969

5
1 10 1 0.86609
2 0 4519 1.03923
4 0 0 1.06892
5 0 0 0.976541
3 0 0 0.799556

3
1 3 3 0.731134
2 0 0 0.745371
3 0 0 0.975529

3
1 1 2 0.87208
2 0 0 0.871119
3 0 0 0.995932

3
1 6 3 0.864184
2 0 0 0.732104
3 0 0 0.931816

5
1 1 1 0.832671
2 0 0 1.03106
3 0 6172 1.06155
6 0 0 1.03761
7 0 0 0.978177

3
1 6 2 0.856794
2 0 0 0.820995
3 0 0 1.01956

3
1 1 1 0.913206
2 0 0 0.985178
3 0 0 0.929874

3
1 5 1 0.833335
2 0 0 0.804356
3 0 0 0.900196

3
1 0 9817 0.862224
2 0 0 0.94746
3 0 0 0.912345

3
1 6 3 0.854359
2 0 0 0.907972
3 0 0 1.06176

3
1 10 1 0.822195
2 0 0 1.03669
3 0 0 0.930507

3
1 1 1 0.882207
2 0 0 0.953805
3 0 0 0.782985

3
1 4 2 0.901361
2 0 0 0.890746
3 0 0 0.966831

5
1 5 3 0.857332
2 0 0 0.808177
3 11 3035 1.04578
6 0 0 0.967061
7 0 0 1.00935

3
1 1 1 0.786187
2 0 0 1.15305
3 0 0 0.762895

3
1 10 1 0.859055
2 0 0 1.09893
3 0 0 0.887388

3
1 4 2 0.837633
2 0 0 0.76925
3 0 0 0.890618

3
1 6 2 0.835295
2 0 0 0.826685
3 0 0 0.931529

3
1 1 2 0.871971
2 0 0 0.824524
3 0 0 1.04805

3
1 0 3009 0.914992
2 0 0 0.88589
3 0 0 1.01989

3
1 10 1 0.882609
2 0 0 1.05271
3 0 0 0.841383

3
1 1 1 0.884881
2 0 0 1.06369
3 0 0 0.845151

5
1 4 1 0.824695
2 0 0 0.733126
3 11 2293 1.00623
6 0 0 1.06817
7 0 0 0.842386

3
1 0 9738 0.65998
2 0 0 0.820419
3 0 0 1.0739

3
1 10 1 0.891279
2 0 0 1.05295
3 0 0 0.71264

3
1 5 3 0.774355
2 0 0 0.759388
3 0 0 0.993088

5
1 7 1 0.870643
2 10 1 0.855236
4 0 0 1.01662
5 0 0 0.839389
3 0 0 0.964516

3
1 1 2 0.872643
2 0 0 0.919912
3 0 0 0.986975

3
1 10 1 0.884935
2 0 0 1.07807
3 0 0 0.758168

3
1 10 1 0.921901
2 0 0 1.00891
3 0 0 0.7697

5
1 1 1 0.846071
2 11 269 0.93719
4 0 0 0.974729
5 0 0 0.922662
3 0 0 0.755917

3
1 11 2977 0.861533
2 0 0 0.923014
3 0 0 0.918512

3
1 4 2 0.81382
2 0 0 0.830446
3 0 0 1.01439

3
1 7 3 0.852675
2 0 0 0.832245
3 0 0 0.99117

3
1 10 1 0.931276
2 0 0 0.952924
3 0 0 0.959313

1
1 0 0 0.763801

1
1 0 0 0.82256

3
1 4 2 0.862164
2 0 0 0.822652
3 0 0 0.941242

3
1 10 1 0.913653
2 0 0 1.09815
3 0 0 0.923388

3
1 1 2 0.905324
2 0 0 0.939254
3 0 0 1.08668

3
1 5 1 0.87093
2 0 0 0.916389
3 0 0 0.86764

5
1 10 1 0.894458
2 0 0 1.01762
3 9 1 0.91747
6 0 0 0.900633
7 0 0 0.96494

3
1 0 3767 0.816984
2 0 0 0.863459
3 0 0 0.912604

3
1 1 2 0.936237
2 0 0 0.852231
3 0 0 1.0728

5
1 0 9441 0.796025
2 0 0 0.930288
3 3 2 1.07367
6 0 0 1.06958
7 0 0 0.997992

3
1 3 3 0.791734
2 0 0 0.799969
3 0 0 0.999287

1
1 0 0 0.83359

3
1 10 1 0.911883
2 0 0 0.959652
3 0 0 0.745159

3
1 11 499 0.9084
2 0 0 0.886059
3 0 0 0.864752

3
1 9 1 0.829229
2 0 0 0.829878
3 0 0 1.07803

3
1 2 1 0.856502
2 0 0 0.96917
3 0 0 0.890945

3
1 2 1 0.892721
2 0 0 0.916284
3 0 0 0.898268

3
1 3 1 0.891919
2 0 0 0.802759
3 0 0 1.00709

3
1 5 3 0.805776
2 0 0 0.807493
3 0 0 1.05324

3
1 6 3 0.830205
2 0 0 0.760805
3 0 0 1.13115

3
1 9 1 0.908711
2 0 0 0.866845
3 0 0 1.15316

3
1 9 1 0.803273
2 0 0 1.02154
3 0 0 1.13011

5
1 10 1 0.838319
2 4 1 0.934228
4 0 0 0.966899
5 0 0 1.0655
3 0 0 0.760963

3
1 3 2 0.839882
2 0 0 0.85121
3 0 0 0.929507

3
1 11 2739 0.865799
2 0 0 1.02431
3 0 0 0.812301

3
1 7 3 0.68139
2 0 0 0.81892
3 0 0 1.13767

3
1 1 2 0.8364
2 0 0 0.759048
3 0 0 0.986344

1
1 0 0 0.632199

1
1 0 0 0.998027

3
1 9 1 0.927541
2 0 0 0.819744
3 0 0 0.932331

5
1 1 1 0.843411
2 0 0 1.03304
3 5 3 0.848232
6 0 0 0.851333
7 0 0 0.963444

1
1 0 0 0.785692

3
1 0 8902 0.923124
2 0 0 0.953518
3 0 0 1.01601

1
1 0 0 0.779472

5
1 10 1 0.888026
2 0 7854 0.900888
4 0 0 0.882787
5 0 0 0.961697
3 0 0 0.74404

3
1 1 2 0.858831
2 0 0 0.853807
3 0 0 1.06333

3
1 5 3 0.780002
2 0 0 0.783277
3 0 0 1.04521

3
1 3 3 0.759943
2 0 0 0.735543
3 0 0 0.932502

3
1 3 3 0.868452
2 0 0 0.815267
3 0 0 1.00644

5
1 7 2 0.912512
2 0 0 0.904776
3 11 3927 0.936518
6 0 0 0.954983
7 0 0 1.03165

3
1 10 1 0.874705
2 0 0 1.03975
3 0 0 0.772372

7
1 0 5612 0.904159
2 0 0 0.897997
3 3 1 0.931194
6 0 0 0.904744
7 11 248 1.01482
14 0 0 0.953787
15 0 0 1.14225

1
1 0 0 0.835654

3
1 11 2754 0.916176
2 0 0 0.977335
3 0 0 0.815458

3
1 4 2 0.80273
2 0 0 0.686387
3 0 0 1.10314

1
1 0 0 0.805018

5
1 1 1 0.820718
2 0 2222 0.903866
4 0 0 0.979524
5 0 0 1.04331
3 0 0 0.702093

3
1 0 7516 0.992203
2 0 0 0.921409
3 0 0 0.958931

3
1 9 1 0.866845
2 0 0 0.866502
3 0 0 1.05113

3
1 9 1 0.866312
2 0 0 0.846947
3 0 0 1.28792

3
1 4 3 0.897871
2 0 0 0.960109
3 0 0 0.976635

3
1 9 1 0.792855
2 0 0 0.79659
3 0 0 0.9882

3
1 10 1 0.94522
2 0 0 0.977031
3 0 0 0.85274

7
1 5 3 0.854557
2 7 3 0.864696
4 5 2 0.855788
8 0 0 0.775097
9 0 0 1.07983
5 0 0 1.04894
3 0 0 0.91651

1
1 0 0 0.868028

3
1 5 3 0.758048
2 0 0 0.705849
3 0 0 1.05759

3
1 4 3 0.803257
2 0 0 0.850521
3 0 0 1.02703

3
1 6 3 0.938182
2 0 0 0.834886
3 0 0 1.07988

3
1 1 2 0.828578
2 0 0 0.813874
3 0 0 1.00161

3
1 10 1 0.836178
2 0 0 0.874947
3 0 0 0.701459

3
1 11 4953 0.84794
2 0 0 0.846296
3 0 0 0.960631

3
1 11 1078 0.8225
2 0 0 0.978561
3 0 0 0.861662

1
1 0 0 0.73871

7
1 11 3329 0.966299
2 4 1 0.952615
4 0 0 0.816782
5 0 0 1.09866
3 2 1 0.927598
6 0 0 0.975758
7 0 0 0.930505

3
1 11 884 0.864324
2 0 0 0.896551
3 0 0 0.867908

3
1 5 2 0.832154
2 0 0 0.825925
3 0 0 0.992155

3
1 11 1205 0.902315
2 0 0 0.902783
3 0 0 0.9044

3
1 6 2 0.789915
2 0 0 0.789655
3 0 0 1.01022

3
1 7 1 0.777844
2 0 0 0.75205
3 0 0 0.856598

3
1 10 1 0.89068
2 0 0 1.12838
3 0 0 0.918305

3
1 2 1 0.876962
2 0 0 0.882849
3 0 0 0.873604

3
1 6 3 0.763543
2 0 0 0.783622
3 0 0 1.01707

3
1 5 3 0.825048
2 0 0 0.842996
3 0 0 1.01385

3
1 11 4229 0.932737
2 0 0 0.919932
3 0 0 0.916668

5
1 4 2 0.772585
2 3 2 0.8302
4 0 0 0.829772
5 0 0 0.912483
3 0 0 0.974437

3
1 11 245 0.876326
2 0 0 1.0846
3 0 0 0.878128

1
1 0 0 0.844681

3
1 6 2 0.93275
2 0 0 0.891274
3 0 0 0.836222

3
1 6 2 1.00134
2 0 0 0.959223
3 0 0 0.931939

3
1 5 3 0.999787
2 0 0 0.937454
3 0 0 0.966449

3
1 10 1 0.859055
2 0 0 1.1383
3 0 0 0.817049

3
1 10 1 0.789544
2 0 0 1.20219
3 0 0 0.749273

3
1 11 3692 0.935587
2 0 0 0.949715
3 0 0 0.879535

3
1 10 1 0.850739
2 0 0 0.938454
3 0 0 0.790828

3
1 4 1 0.91876
2 0 0 0.96237
3 0 0 1.01667

3
1 10 1 0.867048
2 0 0 0.956227
3 0 0 0.700891

1
1 0 0 0.809445

3
1 10 1 0.90216
2 0 0 1.08899
3 0 0 0.827352

3
1 0 5407 0.863892
2 0 0 0.823177
3 0 0 1.04098

5
1 3 2 0.966247
2 1 2 0.984712
4 0 0 0.858903
5 0 0 1.03455
3 0 0 0.985891

3
1 10 1 0.898262
2 0 0 0.964453
3 0 0 0.868972

3
1 6 3 0.841714
2 0 0 0.806484
3 0 0 0.912058

3
1 6 2 0.875731
2 0 0 0.988786
3 0 0 0.913586

3
1 10 1 0.884935
2 0 0 1.09942
3 0 0 0.869095

3
1 10 1 0.921901
2 0 0 0.989342
3 0 0 0.877776

3
1 1 1 0.846071
2 0 0 1.15974
3 0 0 0.785006

3
1 10 1 0.741152
2 0 0 0.946656
3 0 0 0.770446

3
1 7 3 0.783827
2 0 0 0.719966
3 0 0 0.954984

1
1 0 0 0.865293

3
1 3 2 0.751438
2 0 0 0.78372
3 0 0 1.03143

3
1 10 1 0.871246
2 0 0 1.01301
3 0 0 0.8329

3
1 3 2 0.843852
2 0 0 0.825566
3 0 0 1.01336

3
1 11 13 0.974978
2 0 0 0.921897
3 0 0 0.925367

3
1 10 1 0.913653
2 0 0 0.948818
3 0 0 0.801949

3
1 1 2 0.905324
2 0 0 0.889658
3 0 0 0.945178

5
1 4 1 0.885678
2 0 0 0.834944
3 11 2157 1.05507
6 0 0 1.01188
7 0 0 0.759388

5
1 6 3 0.815154
2 6 2 0.883121
4 0 0 0.810112
5 0 0 1.03962
3 0 0 1.04298

3
1 0 3767 0.816984
2 0 0 0.890924
3 0 0 1.06041

1
1 0 0 0.778516

3
1 10 1 0.889801
2 0 0 1.00919
3 0 0 0.858803

3
1 7 3 0.894508
2 0 0 0.856224
3 0 0 0.84386

3
1 2 4 0.97808
2 0 0 0.930357
3 0 0 1.08192

3
1 6 3 0.921964
2 0 0 0.9184
3 0 0 0.992777

3
1 4 3 0.843555
2 0 0 0.920364
3 0 0 0.929115

3
1 7 3 0.887193
2 0 0 0.877953
3 0 0 1.04881

5
1 4 3 0.862674
2 11 838 0.91738
4 0 0 0.90907
5 0 0 0.949683
3 0 0 0.976653

5
1 0 9345 0.814721
2 0 0 0.672375
3 10 1 0.985794
6 0 0 1.01526
7 0 0 1.09529

3
1 3 1 0.858793
2 0 0 0.851464
3 0 0 0.96249

3
1 0 7338 0.75966
2 0 0 0.71815
3 0 0 0.875016

3
1 5 3 0.853332
2 0 0 0.854079
3 0 0 1.04991

3
1 4 2 0.970031
2 0 0 0.84673
3 0 0 1.09059

3
1 0 2764 0.907105
2 0 0 0.929186
3 0 0 0.936566

3
1 7 2 0.899366
2 0 0 0.887689
3 0 0 0.976906

3
1 1 2 0.873365
2 0 0 0.882965
3 0 0 1.11427

3
1 10 1 0.899464
2 0 0 0.897399
3 0 0 0.768789

3
1 1 2 0.868819
2 0 0 0.900995
3 0 0 1.02249

3
1 3 3 0.925075
2 0 0 0.925582
3 0 0 1.06515

3
1 9 1 0.916118
2 0 0 0.720988
3 0 0 1.04069

9
1 0 4544 0.833697
2 4 1 0.914618
4 0 0 0.842938
5 10 1 0.963271
10 0 0 0.971942
11 6 2 0.983699
22 0 0 0.965839
23 0 0 1.06756
3 0 0 0.875851

3
1 9 1 0.839807
2 0 0 0.870508
3 0 0 1.06181

3
1 1 1 0.843411
2 0 0 1.00253
3 0 0 0.787807

3
1 4 3 0.740589
2 0 0 0.750507
3 0 0 0.893954

1
1 0 0 0.847913

3
1 5 2 0.854615
2 0 0 0.85088
3 0 0 0.949702

5
1 10 1 0.888026
2 0 1631 1.09291
4 0 0 0.919622
5 0 0 1.17127
3 0 0 0.845972

3
1 10 1 0.894389
2 0 0 0.943727
3 0 0 0.691161

3
1 5 3 0.807435
2 0 0 0.835595
3 0 0 0.9315

1
1 0 0 0.868632

1
1 0 0 0.778358

3
1 5 3 0.904836
2 0 0 0.86782
3 0 0 0.990303

1
1 0 0 0.852194

3
1 6 3 0.877361
2 0 0 0.891347
3 0 0 1.05964

3
1 10 1 0.884738
2 0 0 0.88127
3 0 0 0.887048

3
1 0 9588 0.872331
2 0 0 0.976781
3 0 0 0.899084

3
1 4 3 0.906997
2 0 0 0.786922
3 0 0 0.970286

1
1 0 0 0.843799

3
1 1 1 0.820718
2 0 0 1.0224
3 0 0 0.695477

1
1 0 0 0.839864

1
1 0 0 0.83659

3
1 4 3 0.714334
2 0 0 0.753745
3 0 0 0.984169

3
1 4 2 0.816745
2 0 0 0.845905
3 0 0 0.906906

1
1 0 0 0.776457

3
1 10 1 0.94522
2 0 0 0.937475
3 0 0 0.808729

3
1 4 3 0.802148
2 0 0 0.809256
3 0 0 1.00296

3
1 6 2 0.839989
2 0 0 0.848022
3 0 0 1.10196

3
1 1 2 0.85366
2 0 0 0.736838
3 0 0 1.05857

7
1 6 1 0.935416
2 2 4 0.879371
4 0 0 0.94076
5 0 0 0.912338
3 11 4433 0.960542
6 0 0 1.05235
7 0 0 0.973135

5
1 11 4891 0.846896
2 5 1 0.917483
4 0 0 0.962505
5 0 0 0.832698
3 0 0 1.02695

3
1 4 3 0.844635
2 0 0 0.812404
3 0 0 1.03479

3
1 11 2893 0.869772
2 0 0 0.959484
3 0 0 0.736927

3
1 10 1 0.884577
2 0 0 1.06665
3 0 0 0.877866

3
1 1 1 0.886801
2 0 0 1.02244
3 0 0 0.771679

1
1 0 0 0.782776

3
1 5 1 0.868803
2 0 0 0.869652
3 0 0 0.850824

3
1 3 3 0.789858
2 0 0 0.800074
3 0 0 0.993267

5
1 3 1 0.758291
2 0 0 0.847468
3 3 2 1.0063
6 0 0 0.951959
7 0 0 0.880785

3
1 9 1 0.847285
2 0 0 0.771165
3 0 0 0.923392

3
1 7 2 0.834129
2 0 0 0.824165
3 0 0 0.82335

3
1 5 2 0.810727
2 0 0 0.756823
3 0 0 1.00163

3
1 1 1 0.850173
2 0 0 0.965397
3 0 0 0.802543

3
1 3 1 0.978345
2 0 0 0.854067
3 0 0 0.983726

5
1 0 5719 0.931123
2 9 1 0.91529
4 0 0 0.902581
5 0 0 0.957579
3 0 0 0.908108

3
1 9 1 0.919014
2 0 0 0.888008
3 0 0 1.04607

1
1 0 0 0.812836

3
1 4 2 0.73741
2 0 0 0.854038
3 0 0 1.11765

3
1 6 3 0.805599
2 0 0 0.758958
3 0 0 0.990971

3
1 7 2 0.790418
2 0 0 0.793151
3 0 0 1.07394

5
1 0 277 0.883428
2 0 0 0.973683
3 6 2 0.878806
6 0 0 0.801894
7 0 0 0.926847

1
1 0 0 0.851303

3
1 1 2 0.836535
2 0 0 0.841331
3 0 0 1.02263

3
1 6 2 0.888007
2 0 0 0.897953
3 0 0 0.854652

3
1 6 3 0.819416
2 0 0 0.838891
3 0 0 1.15204

3
1 4 1 0.815805
2 0 0 0.831125
3 0 0 0.994833

5
1 10 1 0.850739
2 11 4277 0.897092
4 0 0 0.934738
5 0 0 0.95062
3 0 0 0.795571

7
1 2 3 1.04919
2 10 1 0.949807
4 0 0 0.998058
5 9 1 0.955005
10 0 0 0.854462
11 0 0 1.01378
3 0 0 0.916156

3
1 10 1 0.867048
2 0 0 1.0175
3 0 0 0.88691

3
1 1 1 0.862996
2 0 0 0.886153
3 0 0 0.830573

3
1 10 1 0.90216
2 0 0 1.11016
3 0 0 0.865609

3
1 2 3 0.858923
2 0 0 0.900325
3 0 0 0.991436

3
1 11 1527 0.877225
2 0 0 0.980286
3 0 0 0.85823

3
1 10 1 0.898262
2 0 0 1.02844
3 0 0 0.841312

3
1 1 1 0.942553
2 0 0 1.14554
3 0 0 0.743142

5
1 1 2 0.93691
2 0 0 0.882767
3 6 2 0.975464
6 0 0 0.928521
7 0 0 1.0937

3
1 4 1 0.856386
2 0 0 0.876262
3 0 0 0.99454

5
1 10 1 0.921901
2 0 0 1.00597
3 4 1 0.831
6 0 0 0.850981
7 0 0 0.974344

3
1 1 1 0.846071
2 0 0 1.09727
3 0 0 0.765308

1
1 0 0 0.833162

3
1 1 1 0.857864
2 0 0 1.01199
3 0 0 0.808338

5
1 4 3 0.816588
2 0 9663 0.756244
4 0 0 0.782642
5 0 0 1.02392
3 0 0 0.897131

3
1 9 1 0.857576
2 0 0 0.880815
3 0 0 0.948896

3
1 10 1 0.871246
2 0 0 1.03245
3 0 0 0.910695

3
1 9 1 0.875215
2 0 0 0.770759
3 0 0 0.925627

3
1 1 1 0.802913
2 0 0 1.0334
3 0 0 0.722426

3
1 10 1 0.913653
2 0 0 1.04839
3 0 0 0.846423

3
1 1 1 0.88003
2 0 0 0.9641
3 0 0 0.892113

5
1 4 1 0.885678
2 0 0 0.915419
3 11 2157 1.05507
6 0 0 1.18309
7 0 0 0.849823

5
1 0 946 0.847521
2 7 1 0.818846
4 0 0 0.859008
5 0 0 0.798697
3 0 0 0.864551

3
1 4 1 0.821636
2 0 0 0.829534
3 0 0 0.822514

3
1 9 1 0.884833
2 0 0 0.797935
3 0 0 0.995774

3
1 10 1 0.889801
2 0 0 0.995176
3 0 0 0.92339

3
1 1 1 0.826743
2 0 0 1.09331
3 0 0 0.825304

3
1 6 3 0.752496
2 0 0 0.766329
3 0 0 0.931123

3
1 4 2 0.869764
2 0 0 0.820255
3 0 0 0.847649

5
1 1 1 0.896418
2 7 1 1.12454
4 0 0 1.0743
5 0 0 1.09191
3 0 0 0.809424

3
1 0 5805 0.84752
2 0 0 0.915291
3 0 0 0.977689

3
1 5 2 0.898208
2 0 0 0.829281
3 0 0 1.01768

5
1 1 2 0.884293
2 0 0 0.7999
3 11 2533 1.03233
6 0 0 0.916395
7 0 0 1.00561

3
1 11 1956 0.898623
2 0 0 0.9439
3 0 0 0.895385

3
1 0 7394 0.88306
2 0 0 0.840279
3 0 0 0.967056

3
1 2 4 0.867641
2 0 0 0.911011
3 0 0 1.16993

3
1 10 1 0.832567
2 0 0 0.906305
3 0 0 0.891234

3
1 5 3 0.722943
2 0 0 0.775673
3 0 0 0.937829

3
1 10 1 0.872265
2 0 0 0.996179
3 0 0 0.77164

3
1 1 1 0.911081
2 0 0 0.987131
3 0 0 0.741206

3
1 1 2 0.94859
2 0 0 0.701348
3 0 0 1.04159

5
1 0 4070 0.935061
2 0 0 0.897041
3 1 2 0.946728
6 0 0 0.948909
7 0 0 0.899164

1
1 0 0 0.8534

5
1 7 1 0.871819
2 3 2 0.881855
4 0 0 0.913092
5 0 0 0.913424
3 0 0 1.04862

7
1 0 4544 0.833697
2 0 0 0.857565
3 7 2 1.02909
6 7 1 1.00512
12 0 0 0.98258
13 0 0 1.16205
7 0 0 0.944329

3
1 10 1 0.895097
2 0 0 1.00882
3 0 0 0.75671

3
1 1 1 0.928338
2 0 0 0.985053
3 0 0 0.983211

7
1 3 2 0.84345
2 7 1 0.846261
4 0 0 0.805443
5 0 0 0.85919
3 1 2 0.969127
6 0 0 1.01865
7 0 0 0.94647

3
1 6 3 0.888807
2 0 0 0.87934
3 0 0 1.04435

3
1 5 3 0.940592
2 0 0 0.84548
3 0 0 0.858462

5
1 0 3496 0.817775
2 3 3 0.899727
4 0 0 0.862316
5 0 0 0.964083
3 0 0 1.04856

3
1 5 3 0.76941
2 0 0 0.858145
3 0 0 1.04984

5
1 6 2 0.77435
2 4 2 0.825766
4 0 0 0.815833
5 0 0 0.939853
3 0 0 0.901847

3
1 0 6890 0.872463
2 0 0 0.809803
3 0 0 0.948096

5
1 3 2 0.837813
2 6 3 0.759625
4 0 0 0.774913
5 0 0 1.03949
3 0 0 0.940454

3
1 4 3 0.786321
2 0 0 0.780328
3 0 0 0.930794

1
1 0 0 0.887577

1
1 0 0 0.838753

3
1 0 8185 0.863706
2 0 0 0.837936
3 0 0 1.02274

3
1 5 2 0.75862
2 0 0 0.872622
3 0 0 0.910738

3
1 5 3 0.727032
2 0 0 0.721627
3 0 0 0.937384

3
1 10 1 0.882722
2 0 0 1.04572
3 0 0 0.797898

1
1 0 0 0.760628

1
1 0 0 0.834539

3
1 9 1 0.898045
2 0 0 0.804834
3 0 0 1.15614

3
1 6 3 0.907594
2 0 0 0.896798
3 0 0 0.959972

3
1 11 1823 0.788036
2 0 0 0.977076
3 0 0 0.794046

3
1 5 3 0.952317
2 0 0 0.952489
3 0 0 0.873461

3
1 6 3 0.867528
2 0 0 0.846444
3 0 0 0.904731

5
1 4 2 0.734342
2 5 1 0.747788
4 0 0 0.729088
5 0 0 0.715141
3 0 0 1.02809

1
1 0 0 0.707614

3
1 7 3 0.868654
2 0 0 0.861733
3 0 0 0.92412

1
1 0 0 0.760147

5
1 2 2 0.942357
2 11 2094 1.05729
4 0 0 0.877366
5 0 0 0.967738
3 0 0 0.920291

3
1 9 1 0.8842
2 0 0 0.842171
3 0 0 1.02365

3
1 11 4147 0.884211
2 0 0 0.895667
3 0 0 0.838752

1
1 0 0 0.807438

3
1 4 3 0.794467
2 0 0 0.81119
3 0 0 1.05805

1
1 0 0 0.893508

3
1 9 1 0.859789
2 0 0 0.876544
3 0 0 0.986721

1
1 0 0 0.832981

3
1 5 2 0.834903
2 0 0 0.720643
3 0 0 0.949118

3
1 10 1 0.83792
2 0 0 0.996268
3 0 0 0.825967

3
1 0 6699 0.880771
2 0 0 0.878795
3 0 0 0.879434

3
1 11 2677 0.81297
2 0 0 1.05154
3 0 0 0.819366

3
1 1 1 0.850173
2 0 0 0.937076
3 0 0 0.705458

1
1 0 0 0.657436

5
1 11 162 0.936072
2 0 0 1.04269
3 4 2 0.90136
6 0 0 0.932327
7 0 0 0.914185

3
1 1 1 0.827331
2 0 0 0.936797
3 0 0 0.906647

3
1 6 3 0.892889
2 0 0 0.866947
3 0 0 1.15093

1
1 0 0 0.772362

3
1 9 1 0.883771
2 0 0 0.894197
3 0 0 0.958567

3
1 10 1 0.933492
2 0 0 1.05403
3 0 0 0.879031

3
1 7 3 0.814395
2 0 0 0.801744
3 0 0 1.00247

3
1 5 2 0.780107
2 0 0 0.778692
3 0 0 0.791734

1
1 0 0 0.801964

3
1 6 2 0.861867
2 0 0 0.798601
3 0 0 1.03972

5
1 9 1 0.845791
2 0 0 0.807781
3 4 3 1.11576
6 0 0 1.10241
7 0 0 1.02384

3
1 4 1 0.815805
2 0 0 0.876263
3 0 0 1.04736

3
1 1 1 0.85966
2 0 0 0.967822
3 0 0 0.827536

3
1 4 3 0.767092
2 0 0 0.790052
3 0 0 0.968222

3
1 9 1 0.841887
2 0 0 0.734677
3 0 0 1.03942

3
1 0 1226 0.922379
2 0 0 0.843023
3 0 0 0.939076

3
1 1 1 0.979394
2 0 0 1.16281
3 0 0 0.8632

5
1 11 24 0.783111
2 0 0 1.04168
3 4 3 0.791683
6 0 0 0.799004
7 0 0 1.12616

3
1 5 2 0.859462
2 0 0 0.858942
3 0 0 0.963982

3
1 10 1 0.898262
2 0 0 0.947239
3 0 0 0.746255

5
1 1 1 0.942553
2 0 0 1.09939
3 7 3 0.861815
6 0 0 0.868489
7 0 0 1.0663

3
1 11 3664 0.879148
2 0 0 1.01874
3 0 0 1.01768

1
1 0 0 0.862482

1
1 0 0 0.867614

3
1 1 1 0.846071
2 0 0 1.0382
3 0 0 0.830461

5
1 11 5386 0.943945
2 2 4 0.897686
4 0 0 0.832635
5 0 0 0.977378
3 0 0 1.01488

1
1 0 0 0.845588

3
1 2 3 0.919762
2 0 0 0.982237
3 0 0 0.905625

3
1 7 2 0.875206
2 0 0 0.919355
3 0 0 0.880527

3
1 10 1 0.871246
2 0 0 1.07217
3 0 0 0.882959

3
1 0 7753 0.900164
2 0 0 0.866546
3 0 0 1.05029

3
1 7 2 0.852054
2 0 0 0.844973
3 0 0 0.949601

3
1 10 1 0.913653
2 0 0 1.01592
3 0 0 0.770859

3
1 1 1 0.88003
2 0 0 1.08375
3 0 0 0.733381

5
1 4 1 0.919883
2 9 1 0.826757
4 0 0 0.719067
5 0 0 0.963574
3 0 0 1.00841

5
1 0 4888 0.886041
2 0 0 0.88148
3 1 1 0.974054
6 0 0 0.928378
7 0 0 1.00289

3
1 10 1 0.91146
2 0 0 0.904752
3 0 0 0.819444

3
1 11 822 0.998889
2 0 0 1.07707
3 0 0 1.0679

1
1 0 0 0.847268

3
1 1 1 0.826743
2 0 0 1.05486
3 0 0 0.765247

3
1 0 9692 0.784631
2 0 0 0.778868
3 0 0 1.00557

3
1 7 2 0.853234
2 0 0 0.834438
3 0 0 0.904446

3
1 1 1 0.896418
2 0 0 1.24659
3 0 0 0.776161

5
1 1 2 0.871959
2 10 1 0.844645
4 0 0 0.989139
5 0 0 0.853276
3 0 0 0.932375

1
1 0 0 0.835344

5
1 3 1 0.882331
2 0 0 0.83511
3 7 1 0.918062
6 0 0 0.951299
7 0 0 0.955545

5
1 3 3 0.870196
2 9 1 0.929109
4 0 0 0.840003
5 0 0 1.00299
3 0 0 0.853045

1
1 0 0 0.785

3
1 9 1 0.92071
2 0 0 0.838041
3 0 0 0.961343

3
1 10 1 0.832567
2 0 0 1.0265
3 0 0 0.731498

3
1 5 3 0.912989
2 0 0 0.880522
3 0 0 0.966594

3
1 10 1 0.872265
2 0 0 1.09142
3 0 0 0.740376

5
1 11 4993 0.91418
2 1 1 0.931861
4 0 0 0.982785
5 0 0 0.938383
3 0 0 0.939877

3
1 6 2 0.8222
2 0 0 0.953674
3 0 0 0.899474

3
1 6 2 0.79242
2 0 0 0.814316
3 0 0 1.03706

3
1 0 3872 0.902988
2 0 0 0.854572
3 0 0 0.909462

1
1 0 0 0.868702

3
1 4 2 0.810407
2 0 0 0.832499
3 0 0 0.938694

3
1 10 1 0.930077
2 0 0 0.942623
3 0 0 0.770895

1
1 0 0 0.790675

5
1 10 1 0.857063
2 0 0 1.10751
3 3 1 0.85191
6 0 0 0.911874
7 0 0 1.16148

1
1 0 0 0.777166

1
1 0 0 0.874754

7
1 0 3496 0.817775
2 7 3 0.922695
4 0 0 0.81343
5 0 0 0.941832
3 2 4 1.05914
6 0 0 0.905768
7 0 0 1.00055

5
1 5 3 0.887446
2 7 1 0.883473
4 0 0 0.89136
5 0 0 1.0621
3 0 0 1.09904

3
1 1 1 1.00657
2 0 0 0.92667
3 0 0 0.985039

3
1 0 5793 0.915519
2 0 0 0.845696
3 0 0 1.02385

3
1 9 1 0.807768
2 0 0 0.814403
3 0 0 1.06441

3
1 9 1 0.904104
2 0 0 0.884303
3 0 0 0.890902

3
1 5 3 0.788229
2 0 0 0.807875
3 0 0 1.0599

3
1 1 1 0.877995
2 0 0 1.01412
3 0 0 0.808317

1
1 0 0 0.898982

5
1 6 2 0.811288
2 0 0 0.89429
3 6 3 1.06623
6 0 0 0.937539
7 0 0 0.940541

3
1 0 9763 0.806506
2 0 0 0.772688
3 0 0 1.20727

3
1 3 2 0.797788
2 0 0 0.787311
3 0 0 0.979804

3
1 9 1 0.922489
2 0 0 0.838544
3 0 0 0.991391

3
1 0 1837 0.89481
2 0 0 0.908121
3 0 0 0.844579

1
1 0 0 0.902885

3
1 1 2 0.825882
2 0 0 0.857835
3 0 0 0.930247

3
1 7 3 0.86778
2 0 0 0.889986
3 0 0 1.02833

1
1 0 0 0.745431

1
1 0 0 0.707856

3
1 9 1 0.78969
2 0 0 0.924599
3 0 0 1.01953

1
1 0 0 0.90066

3
1 5 3 0.842081
2 0 0 0.829581
3 0 0 0.975897

3
1 3 3 0.793562
2 0 0 0.878033
3 0 0 0.9706

1
1 0 0 0.754075

3
1 4 3 0.726872
2 0 0 0.734131
3 0 0 0.928973

1
1 0 0 0.800761

3
1 0 2489 0.878553
2 0 0 0.934126
3 0 0 0.941889

3
1 10 1 0.82336
2 0 0 1.04304
3 0 0 0.782991

3
1 0 4485 0.893515
2 0 0 0.782823
3 0 0 0.924494

5
1 9 1 0.859789
2 0 0 0.814225
3 3 2 1.06987
6 0 0 1.10245
7 0 0 1.03355

3
1 4 3 0.807812
2 0 0 0.929866
3 0 0 1.00344

3
1 5 3 0.803337
2 0 0 0.762704
3 0 0 0.955302

1
1 0 0 0.845966

3
1 11 2595 0.88541
2 0 0 1.03573
3 0 0 0.735216

5
1 4 3 0.936296
2 1 1 0.916968
4 0 0 1.03231
5 0 0 0.868873
3 0 0 0.973217

3
1 7 3 0.853325
2 0 0 0.852711
3 0 0 0.965664

5
1 5 2 0.775519
2 0 0 0.769737
3 2 1 0.894677
6 0 0 0.988904
7 0 0 1.01802

3
1 4 3 0.855322
2 0 0 0.831713
3 0 0 1.01092

3
1 9 1 0.919766
2 0 0 0.833239
3 0 0 1.08161

1
1 0 0 0.876267

3
1 3 3 0.791738
2 0 0 0.849293
3 0 0 1.07884

1
1 0 0 0.881713

1
1 0 0 0.685164

5
1 0 9330 0.829877
2 9 1 0.888831
4 0 0 0.796065
5 0 0 1.0039
3 0 0 0.946684

3
1 9 1 0.793848
2 0 0 0.874345
3 0 0 1.06685

3
1 10 1 0.780937
2 0 0 0.92751
3 0 0 0.75749

5
1 5 2 0.780888
2 0 0 0.77137
3 3 1 0.890075
6 0 0 0.903149
7 0 0 0.953817

3
1 7 2 0.790341
2 0 0 0.804569
3 0 0 0.876414

1
1 0 0 0.802618

3
1 7 3 0.793966
2 0 0 0.75949
3 0 0 1.06205

5
1 2 4 0.925605
2 11 1301 0.892954
4 0 0 1.1433
5 0 0 0.930707
3 0 0 1.07226

3
1 6 2 0.829375
2 0 0 0.742829
3 0 0 1.02097

5
1 10 1 0.838187
2 0 0 0.969995
3 2 4 0.847487
6 0 0 0.823603
7 0 0 0.919829

1
1 0 0 0.748331

3
1 10 1 0.893031
2 0 0 1.03452
3 0 0 0.799797

3
1 4 3 0.948411
2 0 0 0.901315
3 0 0 1.00569

3
1 10 1 0.898262
2 0 0 1.00959
3 0 0 0.882036

3
1 1 1 0.942553
2 0 0 1.05403
3 0 0 0.811395

3
1 3 1 0.885714
2 0 0 0.919027
3 0 0 0.860642

3
1 3 1 0.920697
2 0 0 0.770671
3 0 0 0.98915

3
1 1 2 0.896751
2 0 0 0.73372
3 0 0 0.926294

3
1 10 1 0.950359
2 0 0 1.07658
3 0 0 0.842889

3
1 11 4534 0.95342
2 0 0 0.951459
3 0 0 0.961345

3
1 10 1 0.865796
2 0 0 1.03537
3 0 0 0.810426

1
1 0 0 0.702186

3
1 9 1 0.949912
2 0 0 0.859235
3 0 0 0.990749

3
1 0 7980 0.814819
2 0 0 0.946746
3 0 0 0.972897

3
1 10 1 0.930812
2 0 0 1.0272
3 0 0 0.801345

3
1 0 7254 0.905232
2 0 0 0.839962
3 0 0 0.944942

1
1 0 0 0.918869

3
1 1 2 0.86108
2 0 0 0.897371
3 0 0 0.861494

3
1 0 571 0.910031
2 0 0 0.837311
3 0 0 1.01151

3
1 0 4888 0.886041
2 0 0 0.7334
3 0 0 1.00808

7
1 10 1 0.91146
2 4 1 1.01409
4 0 0 1.10937
5 0 0 0.962092
3 11 2940 0.820767
6 0 0 0.963334
7 0 0 1.01777

3
1 1 1 0.872284
2 0 0 1.06031
3 0 0 0.77008

3
1 0 556 0.850298
2 0 0 0.930911
3 0 0 0.839457

5
1 10 1 0.90661
2 0 0 1.14803
3 9 1 0.912816
6 0 0 0.849569
7 0 0 0.993653

3
1 4 3 0.878662
2 0 0 0.894604
3 0 0 0.942643

3
1 0 5523 0.866703
2 0 0 0.870586
3 0 0 0.957047

3
1 1 2 0.840784
2 0 0 0.838774
3 0 0 0.883637

3
1 0 5758 0.892866
2 0 0 0.890567
3 0 0 0.902999

3
1 4 1 0.815611
2 0 0 0.833768
3 0 0 1.01299

5
1 7 1 0.897515
2 0 0 0.879346
3 5 1 0.899966
6 0 0 0.87886
7 0 0 0.942015

1
1 0 0 0.836095

7
1 5 3 0.766629
2 1 2 0.795352
4 0 0 0.775089
5 4 3 1.05506
10 0 0 1.02003
11 0 0 1.01696
3 0 0 1.01388

3
1 6 3 0.933977
2 0 0 0.875047
3 0 0 1.00061

3
1 10 1 0.832567
2 0 0 1.12248
3 0 0 0.827948

1
1 0 0 0.824967

3
1 10 1 0.872265
2 0 0 1.03612
3 0 0 0.819717

3
1 10 1 0.851359
2 0 0 1.00515
3 0 0 0.890485

1
1 0 0 0.797758

3
1 10 1 0.882215
2 0 0 1.03599
3 0 0 0.699988

3
1 1 2 0.83466
2 0 0 0.830819
3 0 0 0.980261

3
1 5 2 0.795003
2 0 0 0.786523
3 0 0 0.879497

3
1 7 3 0.902007
2 0 0 0.868523
3 0 0 0.974029

3
1 10 1 0.930077
2 0 0 1.13747
3 0 0 0.802513

7
1 4 2 0.819295
2 0 0 0.746618
3 9 1 1.06421
6 0 0 1.02565
7 4 3 0.950949
14 0 0 0.944069
15 0 0 1.07034

1
1 0 0 0.837718

5
1 4 2 0.810186
2 1 1 0.92367
4 0 0 1.01624
5 0 0 0.717
3 0 0 0.948004

1
1 0 0 0.942909

3
1 1 1 0.931359
2 0 0 1.12466
3 0 0 0.727766

3
1 6 2 0.84716
2 0 0 0.828949
3 0 0 1.04323

3
1 7 2 0.919793
2 0 0 0.939555
3 0 0 0.95671

3
1 3 3 0.910926
2 0 0 0.821264
3 0 0 1.03723

3
1 7 2 0.946858
2 0 0 0.925305
3 0 0 1.05746

5
1 1 2 0.912248
2 0 0 0.913285
3 4 3 1.07626
6 0 0 1.00368
7 0 0 0.970793

3
1 6 2 0.861564
2 0 0 1.01739
3 0 0 0.971777

1
1 0 0 0.932241

5
1 11 323 0.950308
2 0 0 0.8598
3 11 2740 0.901082
6 0 0 0.920277
7 0 0 0.818256

3
1 7 2 0.811762
2 0 0 0.80031
3 0 0 0.996453

1
1 0 0 0.870501

3
1 9 1 0.962886
2 0 0 0.948779
3 0 0 1.03941

7
1 2 3 0.972223
2 11 1306 0.978432
4 0 0 1.04703
5 0 0 0.95843
3 4 3 0.855076
6 0 0 0.831423
7 0 0 0.888329

3
1 6 2 0.944121
2 0 0 0.917967
3 0 0 1.0188

3
1 4 2 0.926608
2 0 0 0.92445
3 0 0 0.972035

3
1 0 6842 0.94069
2 0 0 0.909513
3 0 0 1.01131

1
1 0 0 0.891539

3
1 10 1 0.891468
2 0 0 1.21732
3 0 0 0.815288

3
1 10 1 0.931292
2 0 0 0.958616
3 0 0 0.930271

1
1 0 0 0.77839

3
1 6 1 0.790981
2 0 0 0.841004
3 0 0 0.776655

3
1 4 1 0.839273
2 0 0 0.87508
3 0 0 0.964943

1
1 0 0 0.808144

5
1 11 2830 0.869962
2 0 0 0.900424
3 6 1 0.831922
6 0 0 0.793351
7 0 0 1.11048

3
1 6 2 0.791482
2 0 0 0.845494
3 0 0 1.01802

1
1 0 0 0.728399

1
1 0 0 0.802367

3
1 10 1 0.82336
2 0 0 0.959633
3 0 0 0.849481

3
1 5 3 0.710325
2 0 0 0.720402
3 0 0 1.06452

1
1 0 0 0.759771

3
1 0 5929 0.882421
2 0 0 0.810931
3 0 0 0.884932

3
1 4 3 0.794673
2 0 0 0.837155
3 0 0 1.08386

3
1 1 2 0.835144
2 0 0 0.830171
3 0 0 1.02446

3
1 0 2546 0.844448
2 0 0 0.783551
3 0 0 1.04885

1
1 0 0 0.907702

3
1 0 5858 0.899509
2 0 0 0.850005
3 0 0 1.08013

5
1 0 9253 0.935674
2 0 0 0.802583
3 0 9729 0.965566
6 0 0 1.10038
7 0 0 1.11849

3
1 3 3 0.725343
2 0 0 0.753902
3 0 0 0.865027

3
1 9 1 0.919766
2 0 0 0.862575
3 0 0 0.941528

7
1 3 3 0.854717
2 0 0 0.826572
3 0 4920 0.927434
6 0 4056 0.949783
12 0 0 0.948188
13 0 0 1.04996
7 0 0 1.05124

5
1 10 1 0.871473
2 0 2795 1.06798
4 0 0 0.999676
5 0 0 1.03509
3 0 0 0.786195

3
1 0 9455 0.814396
2 0 0 0.812777
3 0 0 1.03493

1
1 0 0 0.84155

3
1 11 1786 0.909416
2 0 0 0.920703
3 0 0 0.887959

3
1 9 1 0.793848
2 0 0 0.787094
3 0 0 1.00573

5
1 11 1402 0.821887
2 11 738 0.955452
4 0 0 0.944527
5 0 0 1.00264
3 0 0 0.853659

3
1 10 1 0.850396
2 0 0 1.10594
3 0 0 0.7206

1
1 0 0 0.810271

3
1 1 2 0.7736
2 0 0 0.813526
3 0 0 1.00947

1
1 0 0 0.833201

3
1 1 1 0.80707
2 0 0 1.01546
3 0 0 0.871868

3
1 6 3 0.760595
2 0 0 0.675542
3 0 0 0.99495

1
1 0 0 0.789088

3
1 6 2 0.83197
2 0 0 0.784878
3 0 0 0.911253

7
1 10 1 0.893031
2 11 3124 1.00332
4 0 0 1.07686
5 0 8770 1.03155
10 0 0 1.02886
11 0 0 0.943911
3 0 0 0.776666

3
1 3 3 0.764617
2 0 0 0.769201
3 0 0 1.03984

3
1 10 1 0.898262
2 0 0 0.950619
3 0 0 0.773135

3
1 1 2 0.804637
2 0 0 0.821822
3 0 0 1.08713

3
1 3 1 0.881332
2 0 0 0.865762
3 0 0 1.01799

1
1 0 0 0.890374

3
1 2 2 0.910464
2 0 0 0.923595
3 0 0 0.920562

3
1 10 1 0.950359
2 0 0 0.983995
3 0 0 0.748317

3
1 1 2 0.879012
2 0 0 0.826203
3 0 0 0.95076

3
1 10 1 0.865796
2 0 0 1.07996
3 0 0 0.829509

1
1 0 0 0.824505

3
1 9 1 0.949912
2 0 0 0.840008
3 0 0 0.970487

3
1 4 3 0.780531
2 0 0 0.79543
3 0 0 1.149

3
1 4 2 0.724029
2 0 0 0.757746
3 0 0 0.9554

5
1 7 2 0.930924
2 9 1 0.93353
4 0 0 0.84508
5 0 0 1.09718
3 0 0 0.916387

3
1 6 3 0.854057
2 0 0 0.866728
3 0 0 1.01999

3
1 1 2 0.873247
2 0 0 0.820081
3 0 0 1.03485

3
1 10 1 0.889311
2 0 0 0.985806
3 0 0 0.742323

3
1 5 1 0.903992
2 0 0 0.861726
3 0 0 0.906554

3
1 5 1 0.92105
2 0 0 0.956464
3 0 0 0.907248

1
1 0 0 0.866687

3
1 10 1 0.883899
2 0 0 1.158
3 0 0 0.815867

3
1 5 3 0.913565
2 0 0 0.840866
3 0 0 0.851919

3
1 4 2 1.01419
2 0 0 1.03121
3 0 0 0.952517

3
1 6 2 1.02953
2 0 0 0.942155
3 0 0 0.932105

3
1 6 1 0.947504
2 0 0 0.930189
3 0 0 0.926031

1
1 0 0 0.850292

3
1 10 1 0.900444
2 0 0 0.996536
3 0 0 0.849811

3
1 6 1 0.969279
2 0 0 0.974472
3 0 0 0.855279

1
1 0 0 0.887582

3
1 0 9774 0.927537
2 0 0 0.943677
3 0 0 0.852634

3
1 4 3 0.865295
2 0 0 0.765621
3 0 0 1.07868

5
1 10 1 0.832567
2 2 2 1.00785
4 0 0 1.02156
5 0 0 1.0012
3 0 0 0.915901

3
1 4 2 0.891062
2 0 0 0.857932
3 0 0 0.869175

3
1 0 2549 0.890002
2 0 0 0.883191
3 0 0 0.955483

1
1 0 0 0.920238

3
1 5 3 0.84475
2 0 0 0.831287
3 0 0 0.920972

5
1 4 1 0.866824
2 0 0 0.817587
3 11 2901 0.97895
6 0 0 1.10432
7 0 0 0.847216

3
1 1 1 0.836005
2 0 0 0.998595
3 0 0 0.793364

3
1 1 1 0.847059
2 0 0 0.921176
3 0 0 0.784125

3
1 5 3 0.902584
2 0 0 0.90095
3 0 0 0.962548

3
1 10 1 0.885451
2 0 0 0.936844
3 0 0 0.830761

3
1 5 1 0.836969
2 0 0 0.86623
3 0 0 0.961569

3
1 9 1 0.849597
2 0 0 0.928716
3 0 0 0.993754

3
1 3 2 0.833254
2 0 0 0.82236
3 0 0 1.04224

5
1 4 2 0.865923
2 10 1 0.860531
4 0 0 1.0344
5 0 0 0.768719
3 0 0 1.04053

3
1 1 1 0.931359
2 0 0 1.03651
3 0 0 0.727065

1
1 0 0 0.793149

3
1 5 3 0.767703
2 0 0 0.754682
3 0 0 1.04034

3
1 7 3 0.798037
2 0 0 0.836872
3 0 0 0.941189

5
1 1 2 0.924461
2 1 1 0.896798
4 0 0 0.995563
5 0 0 0.755019
3 0 0 1.08995

3
1 1 2 0.912248
2 0 0 0.827309
3 0 0 0.987439

3
1 10 1 0.928289
2 0 0 1.05702
3 0 0 0.795481

3
1 5 3 0.907378
2 0 0 0.761699
3 0 0 1.10144

5
1 11 323 0.950308
2 0 0 0.966552
3 11 2740 0.901082
6 0 0 1.00371
7 0 0 0.856167

3
1 7 3 0.875726
2 0 0 0.807922
3 0 0 1.09424

3
1 7 2 0.893645
2 0 0 0.922449
3 0 0 0.974198

3
1 10 1 0.820286
2 0 0 0.954633
3 0 0 0.762813

3
1 6 2 0.784659
2 0 0 0.841515
3 0 0 1.16651

3
1 6 3 0.810893
2 0 0 0.790082
3 0 0 0.905444

3
1 1 1 0.852605
2 0 0 1.04679
3 0 0 0.889286

1
1 0 0 0.88999

5
1 2 4 0.843348
2 0 0 0.816071
3 5 1 0.852331
6 0 0 0.99929
7 0 0 0.881799

3
1 10 1 0.891468
2 0 0 0.974355
3 0 0 0.756152

7
1 11 521 0.944296
2 1 1 0.97138
4 0 0 0.985584
5 0 0 0.928111
3 10 1 0.946837
6 0 0 1.02659
7 0 0 0.915453

3
1 0 9884 0.927209
2 0 0 0.873504
3 0 0 0.845525

3
1 9 1 0.939939
2 0 0 0.855865
3 0 0 1.07781

3
1 10 1 0.86256
2 0 0 1.05014
3 0 0 0.826569

5
1 11 5056 0.978421
2 10 1 0.966214
4 0 0 0.960305
5 0 0 0.880654
3 0 0 0.939518

3
1 6 3 0.943758
2 0 0 0.840195
3 0 0 1.00742

5
1 3 1 0.997809
2 0 0 0.984968
3 9 1 1.00913
6 0 0 0.968371
7 0 0 0.982955

3
1 6 3 0.893034
2 0 0 0.960479
3 0 0 1.02611

3
1 4 2 0.843461
2 0 0 0.855496
3 0 0 0.914068

3
1 10 1 0.82336
2 0 0 1.14223
3 0 0 0.87892

3
1 11 1457 0.87491
2 0 0 0.936244
3 0 0 0.814856

1
1 0 0 0.887925

3
1 4 3 0.697916
2 0 0 0.669861
3 0 0 1.08212

3
1 10 1 0.801684
2 0 0 1.01669
3 0 0 0.811

3
1 1 2 0.835144
2 0 0 0.776871
3 0 0 0.967183

3
1 4 3 0.766916
2 0 0 0.793622
3 0 0 0.91772

3
1 1 1 0.974216
2 0 0 0.993399
3 0 0 0.722218

1
1 0 0 0.792498

3
1 4 2 0.736871
2 0 0 0.866702
3 0 0 0.973346

3
1 7 3 0.794191
2 0 0 0.75555
3 0 0 0.991123

3
1 0 9529 0.860452
2 0 0 0.824885
3 0 0 1.00458

3
1 7 3 0.86048
2 0 0 0.88339
3 0 0 1.04351

3
1 4 1 0.89842
2 0 0 0.828911
3 0 0 0.916152

1
1 0 0 0.71063

1
1 0 0 0.888227

3
1 1 1 0.966584
2 0 0 1.08547
3 0 0 0.828613

3
1 6 3 0.858641
2 0 0 0.794517
3 0 0 0.973841

5
1 1 2 0.93588
2 0 0 0.922477
3 3 3 0.986518
6 0 0 1.05711
7 0 0 1.13335

3
1 1 2 0.824891
2 0 0 0.815918
3 0 0 0.962357

3
1 4 1 0.887895
2 0 0 0.899055
3 0 0 0.959934

5
1 10 1 0.870427
2 0 0 0.961299
3 2 3 0.892935
6 0 0 0.91388
7 0 0 0.906871

1
1 0 0 0.765593

3
1 9 1 0.911917
2 0 0 0.850705
3 0 0 0.981882

5
1 11 5220 0.868563
2 5 2 0.841539
4 0 0 0.839199
5 0 0 0.96438
3 0 0 1.05468

5
1 10 1 0.893933
2 0 0 1.04486
3 7 3 0.732405
6 0 0 0.706111
7 0 0 1.09914

1
1 0 0 0.766743

5
1 10 1 0.766771
2 0 0 1.02153
3 7 3 0.787118
6 0 0 0.774395
7 0 0 1.02046

1
1 0 0 0.864377

3
1 10 1 0.898262
2 0 0 1.05094
3 0 0 0.775063

3
1 1 2 0.811175
2 0 0 0.687439
3 0 0 0.980446

3
1 6 3 0.774394
2 0 0 0.749702
3 0 0 0.940692

1
1 0 0 0.818995

3
1 4 3 0.774067
2 0 0 0.821503
3 0 0 1.07161

3
1 7 3 0.797727
2 0 0 0.805696
3 0 0 0.948948

3
1 3 2 0.92128
2 0 0 0.898966
3 0 0 1.09089

3
1 11 2859 0.829052
2 0 0 1.0019
3 0 0 0.802915

3
1 1 1 0.831474
2 0 0 1.05107
3 0 0 0.859357

3
1 4 1 0.893612
2 0 0 0.86145
3 0 0 0.916784

5
1 0 3604 0.857558
2 0 0 0.775043
3 10 1 1.05294
6 0 0 1.17474
7 0 0 0.923595

5
1 5 3 0.789434
2 6 3 0.840281
4 0 0 0.760676
5 0 0 1.10517
3 0 0 0.871732

1
1 0 0 0.874353

3
1 0 1830 0.99766
2 0 0 0.969345
3 0 0 0.977122

3
1 1 2 0.873247
2 0 0 0.853926
3 0 0 1.0957

1
1 0 0 0.823864

1
1 0 0 0.751165

3
1 5 3 0.859201
2 0 0 0.839265
3 0 0 0.999274

5
1 1 2 0.901319
2 11 1237 0.833005
4 0 0 0.924733
5 0 0 0.824355
3 0 0 0.980483

3
1 10 1 0.911461
2 0 0 0.896455
3 0 0 0.844712

3
1 1 1 0.88982
2 0 0 0.993292
3 0 0 0.785084

1
1 0 0 0.839918

3
1 0 9051 0.874197
2 0 0 0.850072
3 0 0 1.02285

5
1 1 2 0.930895
2 3 2 0.869824
4 0 0 0.87773
5 0 0 0.94156
3 0 0 1.15128

3
1 5 1 0.902809
2 0 0 0.900594
3 0 0 0.897656

3
1 7 3 0.846992
2 0 0 0.869689
3 0 0 1.0297

3
1 5 2 0.834877
2 0 0 0.797468
3 0 0 0.927349

1
1 0 0 0.750749

3
1 4 2 0.828966
2 0 0 0.799233
3 0 0 1.01619

3
1 11 2119 0.938006
2 0 0 1.10335
3 0 0 1.06219

3
1 6 2 0.860573
2 0 0 0.845056
3 0 0 0.976814

3
1 10 1 0.864936
2 0 0 1.08525
3 0 0 0.860278

3
1 3 1 0.851664
2 0 0 0.897003
3 0 0 1.00969

3
1 1 2 0.871382
2 0 0 0.889063
3 0 0 1.10153

5
1 10 1 0.921149
2 5 1 0.986401
4 0 0 1.08837
5 0 0 1.01295
3 0 0 0.871576

3
1 0 7200 0.87558
2 0 0 0.918207
3 0 0 0.993294

1
1 0 0 0.953121

3
1 2 1 0.901372
2 0 0 0.900478
3 0 0 0.88414

3
1 7 3 0.819919
2 0 0 0.82122
3 0 0 1.06087

1
1 0 0 0.857669

3
1 0 6284 0.826623
2 0 0 0.860994
3 0 0 0.983825

5
1 3 3 0.848688
2 5 3 0.850735
4 0 0 0.89667
5 0 0 1.03293
3 0 0 0.988275

3
1 4 3 0.689024
2 0 0 0.796232
3 0 0 0.935437

1
1 0 0 0.821566

3
1 1 1 0.931359
2 0 0 1.06871
3 0 0 0.781463

1
1 0 0 0.920515

3
1 10 1 0.851599
2 0 0 0.93816
3 0 0 0.882769

5
1 1 2 0.825413
2 0 0 0.903186
3 6 3 1.00461
6 0 0 1.05857
7 0 0 0.972699

3
1 4 3 0.714173
2 0 0 0.778547
3 0 0 1.02829

1
1 0 0 0.915649

3
1 10 1 0.928289
2 0 0 1.08232
3 0 0 0.810363

3
1 5 3 0.825206
2 0 0 0.806208
3 0 0 1.10948

3
1 5 2 0.822373
2 0 0 0.862256
3 0 0 1.06682

3
1 4 3 0.946685
2 0 0 0.95556
3 0 0 1.01432

3
1 4 3 0.794649
2 0 0 0.871855
3 0 0 0.899363

3
1 10 1 0.820286
2 0 0 0.915795
3 0 0 0.764498

3
1 0 8286 0.790279
2 0 0 0.729626
3 0 0 1.15007

3
1 7 3 0.796804
2 0 0 0.856467
3 0 0 0.9269

1
1 0 0 0.777503

3
1 10 1 0.85109
2 0 0 1.07984
3 0 0 0.888943

3
1 1 2 0.878654
2 0 0 0.855632
3 0 0 0.934079

3
1 4 3 0.857353
2 0 0 0.88372
3 0 0 0.91042

1
1 0 0 0.908383

3
1 7 3 0.823783
2 0 0 0.806241
3 0 0 0.940483

3
1 2 4 0.899749
2 0 0 0.9075
3 0 0 0.94916

3
1 10 1 0.86256
2 0 0 1.0849
3 0 0 0.844986

1
1 0 0 0.793149

3
1 7 3 0.815733
2 0 0 0.800017
3 0 0 0.982475

3
1 4 3 0.9755
2 0 0 0.909291
3 0 0 1.09539

3
1 11 1727 0.852944
2 0 0 0.841831
3 0 0 0.876623

3
1 0 5272 0.890298
2 0 0 0.888733
3 0 0 0.920627

3
1 10 1 0.82336
2 0 0 1.14351
3 0 0 0.82332

3
1 0 4221 1.07571
2 0 0 0.862935
3 0 0 1.07046

5
1 9 1 0.913983
2 10 1 0.902039
4 0 0 0.905573
5 0 0 0.796475
3 0 0 1.03219

3
1 9 1 0.92094
2 0 0 0.920956
3 0 0 0.922195

3
1 10 1 0.801684
2 0 0 0.991101
3 0 0 0.819534

5
1 1 1 0.938347
2 11 1584 0.944008
4 0 0 1.04369
5 0 0 0.949799
3 0 0 0.875716

3
1 9 1 0.936313
2 0 0 0.849962
3 0 0 1.0731

3
1 1 1 0.974216
2 0 0 1.01821
3 0 0 0.869035

3
1 7 3 0.777538
2 0 0 0.795208
3 0 0 0.867455

3
1 10 1 0.883304
2 0 0 1.0388
3 0 0 0.77188

3
1 0 9732 0.725479
2 0 0 0.854469
3 0 0 0.987711

3
1 5 3 0.755933
2 0 0 0.770306
3 0 0 0.894327

3
1 1 2 0.939625
2 0 0 0.764758
3 0 0 0.883925

3
1 9 1 0.857695
2 0 0 0.913079
3 0 0 0.947619

1
1 0 0 0.794014

3
1 4 2 0.887918
2 0 0 0.789766
3 0 0 0.931335

1
1 0 0 0.801745

5
1 4 3 0.794833
2 0 0 0.852161
3 0 7070 1.08227
6 0 0 1.01141
7 0 0 0.993826

3
1 7 3 0.746437
2 0 0 0.691925
3 0 0 0.993633

3
1 3 1 0.820377
2 0 0 0.897821
3 0 0 0.968905

1
1 0 0 0.712943

3
1 1 1 0.904759
2 0 0 1.08079
3 0 0 0.833522

3
1 4 1 0.851124
2 0 0 0.761045
3 0 0 0.990553

3
1 7 1 1.00274
2 0 0 0.97083
3 0 0 0.978031

3
1 10 1 0.854469
2 0 0 1.03223
3 0 0 0.926679

3
1 7 3 0.810866
2 0 0 0.80289
3 0 0 0.940821

3
1 11 2764 0.84894
2 0 0 1.11138
3 0 0 0.758423

3
1 10 1 0.766771
2 0 0 0.908927
3 0 0 0.838507

3
1 4 3 0.799767
2 0 0 0.805434
3 0 0 1.0627

3
1 9 1 0.850413
2 0 0 0.851773
3 0 0 0.869165

1
1 0 0 0.768204

3
1 9 1 0.854113
2 0 0 0.814349
3 0 0 0.925723

3
1 1 2 0.796729
2 0 0 0.86831
3 0 0 1.00511

3
1 1 1 0.861062
2 0 0 1.0677
3 0 0 0.762352

1
1 0 0 0.77289

3
1 5 3 0.748369
2 0 0 0.727239
3 0 0 0.947835

5
1 4 1 0.898945
2 0 0 0.86177
3 11 1947 0.914888
6 0 0 1.04925
7 0 0 0.808606

3
1 1 2 0.937271
2 0 0 0.780516
3 0 0 0.921157

1
1 0 0 0.80562

3
1 4 2 0.825359
2 0 0 0.808414
3 0 0 1.03546

3
1 1 1 0.817586
2 0 0 0.964509
3 0 0 0.747968

1
1 0 0 0.876592

3
1 1 1 0.861981
2 0 0 1.0091
3 0 0 0.851076

1
1 0 0 0.848205

1
1 0 0 0.794321

3
1 7 2 0.908402
2 0 0 0.874569
3 0 0 1.04626

3
1 1 1 0.877435
2 0 0 1.09593
3 0 0 0.829087

5
1 3 3 0.90407
2 7 3 0.857398
4 0 0 0.83831
5 0 0 1.1367
3 0 0 0.988596

5
1 10 1 0.911461
2 0 0 1.03343
3 6 3 0.984722
6 0 0 0.984768
7 0 0 0.974252

5
1 1 1 0.88982
2 5 1 1.06333
4 0 0 0.983403
5 0 0 1.00413
3 0 0 0.793713

3
1 4 2 0.907728
2 0 0 0.930109
3 0 0 0.966674

1
1 0 0 0.942764

1
1 0 0 0.933895

3
1 9 1 0.953742
2 0 0 0.728268
3 0 0 1.00032

3
1 5 3 0.747132
2 0 0 0.706092
3 0 0 0.94693

3
1 6 3 0.856883
2 0 0 0.794534
3 0 0 0.946809

5
1 6 3 0.874035
2 0 0 0.704518
3 11 2412 1.056
6 0 0 1.10755
7 0 0 0.866359

5
1 9 1 0.819725
2 1 1 0.947534
4 0 0 1.04062
5 0 0 0.851496
3 0 0 1.1323

3
1 5 2 0.887158
2 0 0 0.91025
3 0 0 0.941046

3
1 4 2 0.891211
2 0 0 0.908566
3 0 0 0.894653

3
1 7 3 0.735723
2 0 0 0.815565
3 0 0 0.993672

3
1 5 3 0.839926
2 0 0 0.718884
3 0 0 1.04286

3
1 11 5319 0.848834
2 0 0 0.94584
3 0 0 0.980399

3
1 7 1 0.882822
2 0 0 0.887974
3 0 0 0.963579

3
1 2 1 0.97666
2 0 0 0.900959
3 0 0 0.943768

3
1 7 1 0.926179
2 0 0 0.847811
3 0 0 0.890567

3
1 11 4878 0.950257
2 0 0 0.848161
3 0 0 1.00496

3
1 3 1 0.914059
2 0 0 0.8616
3 0 0 0.982816

3
1 4 1 0.868222
2 0 0 0.936708
3 0 0 1.04292

3
1 1 2 0.96564
2 0 0 0.913924
3 0 0 1.1537

3
1 3 1 0.930709
2 0 0 0.958409
3 0 0 1.00643

1
1 0 0 0.767294

3
1 9 1 0.902903
2 0 0 0.907388
3 0 0 1.01053

3
1 1 1 0.86284
2 0 0 1.03525
3 0 0 0.780719

1
1 0 0 0.929684

3
1 6 2 0.905775
2 0 0 0.912555
3 0 0 1.15774

5
1 1 2 0.825413
2 1 1 0.86684
4 0 0 1.0196
5 0 0 0.881825
3 0 0 1.04779

3
1 5 2 0.817519
2 0 0 0.891239
3 0 0 0.956195

3
1 10 1 0.889667
2 0 0 1.02099
3 0 0 0.681422

3
1 10 1 0.928289
2 0 0 1.06215
3 0 0 0.774913

5
1 10 1 0.807544
2 0 0 0.976408
3 6 3 0.807591
6 0 0 0.826086
7 0 0 0.899435

3
1 1 1 0.846416
2 0 0 1.10477
3 0 0 0.846837

7
1 11 2724 0.789975
2 0 0 1.04211
3 7 3 0.93683
6 0 5800 0.852999
12 0 0 0.892934
13 0 0 0.93616
7 0 0 1.02732

1
1 0 0 0.771562

5
1 10 1 0.820286
2 2 4 1.02247
4 0 0 1.00972
5 0 0 1.02085
3 0 0 0.748115

3
1 4 2 0.863015
2 0 0 0.832578
3 0 0 0.989797

5
1 4 1 0.93116
2 6 2 0.955173
4 0 0 0.911601
5 0 0 0.940859
3 0 0 1.02399

7
1 4 2 0.903499
2 7 2 0.913247
4 10 1 0.912736
8 0 0 1.01606
9 0 0 0.8039
5 0 0 0.969404
3 0 0 0.984418

3
1 10 1 0.85109
2 0 0 1.05082
3 0 0 0.761814

3
1 10 1 0.874168
2 0 0 0.989464
3 0 0 0.775109

3
1 3 3 0.792959
2 0 0 0.833341
3 0 0 0.911448

5
1 1 1 0.892242
2 0 0 1.16234
3 9 1 0.98751
6 0 0 0.793134
7 0 0 0.928009

3
1 0 9566 0.805913
2 0 0 0.735591
3 0 0 0.965815

3
1 7 1 0.884497
2 0 0 0.85027
3 0 0 0.9348

1
1 0 0 0.84144

3
1 0 9460 0.812936
2 0 0 0.836008
3 0 0 0.919608

3
1 9 1 0.884546
2 0 0 0.818605
3 0 0 1.10853

3
1 6 2 0.924885
2 0 0 0.963491
3 0 0 0.928432

3
1 11 4726 0.865839
2 0 0 0.863785
3 0 0 0.854837

5
1 3 3 0.867361
2 1 1 0.862615
4 0 0 1.01484
5 0 0 0.814018
3 0 0 0.842684

5
1 10 1 0.952678
2 0 0 0.942429
3 5 2 0.963924
6 0 0 0.891115
7 0 0 0.991429

3
1 0 7923 0.849023
2 0 0 0.733856
3 0 0 0.998977

7
1 11 2195 0.857835
2 6 1 0.934356
4 4 3 1.08145
8 0 0 1.03821
9 0 0 0.964517
5 0 0 0.855911
3 0 0 0.90975

3
1 9 1 0.853212
2 0 0 0.85047
3 0 0 1.02856

3
1 10 1 0.801684
2 0 0 0.899692
3 0 0 0.777653

3
1 10 1 0.933797
2 0 0 0.941713
3 0 0 0.776877

3
1 1 2 0.885587
2 0 0 0.925427
3 0 0 0.984788

3
1 1 1 0.974216
2 0 0 0.940994
3 0 0 0.854274

3
1 3 3 1.00807
2 0 0 0.894054
3 0 0 0.917993

3
1 10 1 0.883304
2 0 0 1.11447
3 0 0 0.916003

5
1 0 3426 1.03421
2 0 0 0.964729
3 4 2 0.991537
6 0 0 0.960649
7 0 0 0.959824

3
1 6 3 0.86361
2 0 0 0.848871
3 0 0 1.17788

1
1 0 0 0.886599

1
1 0 0 0.847478

5
1 11 5156 0.871013
2 0 0 0.875026
3 1 1 0.896128
6 0 0 1.02355
7 0 0 0.920256

3
1 5 3 0.829681
2 0 0 0.79628
3 0 0 1.01979

3
1 10 1 0.802261
2 0 0 1.14032
3 0 0 0.841014

3
1 5 3 0.700256
2 0 0 0.845409
3 0 0 0.97273

3
1 3 2 0.908797
2 0 0 0.934597
3 0 0 0.97867

3
1 10 1 0.795707
2 0 0 0.981299
3 0 0 0.750255

3
1 7 3 0.641113
2 0 0 0.644309
3 0 0 1.10417

1
1 0 0 0.706275

5
1 11 3447 0.940043
2 7 1 0.96762
4 0 0 1.03184
5 0 0 0.979727
3 0 0 0.883894

3
1 9 1 0.894945
2 0 0 0.783461
3 0 0 0.867899

3
1 5 3 0.725475
2 0 0 0.762801
3 0 0 0.916376

3
1 1 1 0.927952
2 0 0 0.911446
3 0 0 0.857147

3
1 4 3 0.912719
2 0 0 0.926873
3 0 0 1.08691

1
1 0 0 0.840232

3
1 7 3 0.833699
2 0 0 0.901801
3 0 0 0.980732

3
1 10 1 0.821885
2 0 0 0.877137
3 0 0 0.838244

3
1 6 2 0.832041
2 0 0 0.788578
3 0 0 1.01884

5
1 5 3 0.794124
2 9 1 0.891143
4 0 0 0.72372
5 0 0 1.22303
3 0 0 0.975721

3
1 4 3 0.840069
2 0 0 0.851176
3 0 0 0.988058

1
1 0 0 0.930055

3
1 4 3 0.81883
2 0 0 0.746466
3 0 0 1.05168

3
1 4 3 0.787978
2 0 0 0.845631
3 0 0 0.974696

5
1 10 1 0.861458
2 0 0 0.920082
3 3 2 0.846164
6 0 0 0.861955
7 0 0 0.90072

1
1 0 0 0.8006

1
1 0 0 0.896933

3
1 1 1 0.828386
2 0 0 1.02339
3 0 0 0.776794

1
1 0 0 0.849031

3
1 7 3 0.790462
2 0 0 0.77884
3 0 0 0.870869

3
1 6 2 0.760822
2 0 0 0.734293
3 0 0 0.954587

3
1 4 3 0.868487
2 0 0 0.913593
3 0 0 0.957915

3
1 0 9521 0.763845
2 0 0 0.830902
3 0 0 1.19363

3
1 3 1 0.852032
2 0 0 0.819135
3 0 0 0.990929

3
1 9 1 0.798198
2 0 0 0.7083
3 0 0 0.946928

3
1 7 3 0.802124
2 0 0 0.79607
3 0 0 0.969642

1
1 0 0 0.912715

1
1 0 0 0.911958

3
1 4 3 0.778633
2 0 0 0.82711
3 0 0 0.995823

3
1 1 1 0.867369
2 0 0 1.15712
3 0 0 0.778696

9
1 10 1 0.778847
2 0 0 0.968783
3 5 2 0.820801
6 0 6120 0.836525
12 0 0 0.884704
13 4 2 0.880658
26 0 0 0.950448
27 0 0 0.900974
7 0 0 1.08574

5
1 11 5078 0.946467
2 10 1 0.923222
4 0 0 0.996843
5 0 0 0.797095
3 0 0 0.876775

5
1 11 2902 0.856178
2 4 1 0.992106
4 0 0 0.898079
5 0 0 1.15444
3 0 0 0.85402

3
1 11 5367 0.851325
2 0 0 0.773931
3 0 0 0.840384

3
1 1 1 0.835476
2 0 0 0.944031
3 0 0 0.779039

3
1 1 2 0.900275
2 0 0 0.891957
3 0 0 0.970839

5
1 4 3 0.858153
2 0 8686 0.878598
4 0 0 0.857313
5 0 0 0.921246
3 0 0 0.968086

1
1 0 0 0.773562

5
1 1 2 0.860594
2 0 0 0.802311
3 11 806 0.960651
6 0 0 0.988106
7 0 0 0.983738

5
1 0 6479 0.834314
2 0 0 0.804791
3 1 1 0.854822
6 0 0 0.965946
7 0 0 0.854661

3
1 0 1738 0.873311
2 0 0 0.904051
3 0 0 0.848066

3
1 4 3 0.84467
2 0 0 0.808588
3 0 0 1.06986

1
1 0 0 0.834939

3
1 9 1 0.901062
2 0 0 0.912902
3 0 0 0.9277

3
1 0 5796 0.832472
2 0 0 0.858254
3 0 0 0.977208

3
1 4 3 0.789938
2 0 0 0.821934
3 0 0 0.905006

3
1 1 2 0.91018
2 0 0 0.886449
3 0 0 1.05005

3
1 11 1529 0.819171
2 0 0 1.08799
3 0 0 0.890886

3
1 1 1 0.930913
2 0 0 0.881008
3 0 0 0.822556

3
1 3 2 0.865397
2 0 0 0.833279
3 0 0 0.858843

3
1 3 3 0.810092
2 0 0 0.827756
3 0 0 0.975127

3
1 1 1 0.86284
2 0 0 1.11036
3 0 0 0.862555

7
1 3 2 0.940437
2 10 1 0.939391
4 11 367 1.10041
8 0 0 1.10629
9 0 0 1.07992
5 0 0 0.923096
3 0 0 0.958936

3
1 9 1 0.872324
2 0 0 0.872499
3 0 0 1.01547

5
1 1 2 0.825413
2 0 0 0.944014
3 4 1 1.02892
6 0 0 1.02495
7 0 0 1.02357

3
1 0 1571 0.925251
2 0 0 0.91331
3 0 0 0.964356

3
1 4 2 0.86894
2 0 0 0.835449
3 0 0 0.921251

5
1 10 1 0.928289
2 0 0 1.00135
3 0 3912 0.884646
6 0 0 0.986596
7 0 0 1.01432

3
1 4 2 0.838661
2 0 0 0.780699
3 0 0 0.93475

3
1 4 2 0.952516
2 0 0 0.815718
3 0 0 1.03275

5
1 4 1 0.941738
2 0 0 0.951999
3 11 2361 1.07097
6 0 0 0.996172
7 0 0 0.93979

3
1 6 3 0.993145
2 0 0 0.99984
3 0 0 0.943836

5
1 5 1 0.981709
2 10 1 0.921433
4 0 0 1.04688
5 0 0 0.996224
3 0 0 0.982091

3
1 9 1 1.01424
2 0 0 0.915258
3 0 0 0.980986

3
1 10 1 0.771409
2 0 0 1.08184
3 0 0 0.858087

1
1 0 0 0.729927

3
1 10 1 0.85109
2 0 0 0.8494
3 0 0 0.93735

3
1 10 1 0.874168
2 0 0 0.966442
3 0 0 0.80145

3
1 7 1 0.867984
2 0 0 0.89889
3 0 0 1.11246

3
1 1 1 0.892242
2 0 0 1.01162
3 0 0 0.880411

1
1 0 0 0.821537

3
1 5 3 0.825334
2 0 0 0.827736
3 0 0 1.1019

3
1 2 4 0.910089
2 0 0 0.959264
3 0 0 0.912828

3
1 1 1 0.797109
2 0 0 1.03404
3 0 0 0.726233

3
1 3 2 0.835073
2 0 0 0.847448
3 0 0 0.916373

3
1 0 1061 0.884185
2 0 0 0.882373
3 0 0 0.902445

3
1 4 2 0.765711
2 0 0 0.829207
3 0 0 0.989374

5
1 3 3 0.867361
2 1 1 0.900701
4 0 0 1.06124
5 0 0 0.829565
3 0 0 0.98729

5
1 10 1 0.952678
2 11 4782 1.06232
4 0 0 1.13923
5 0 0 0.940203
3 0 0 0.764297

7
1 10 1 0.991337
2 11 3100 1.04218
4 0 0 0.989099
5 4 1 1.05812
10 0 0 1.04631
11 0 0 0.883389
3 0 0 0.769714

1
1 0 0 0.788617

3
1 11 392 0.906871
2 0 0 0.948027
3 0 0 0.912522

3
1 4 3 0.803441
2 0 0 0.830925
3 0 0 1.09858

3
1 10 1 0.893003
2 0 0 1.03038
3 0 0 0.833188

3
1 7 3 0.853197
2 0 0 0.947545
3 0 0 1.01205

3
1 1 1 0.974216
2 0 0 0.982512
3 0 0 0.730466

3
1 4 1 0.879219
2 0 0 0.824804
3 0 0 0.946423

3
1 10 1 1.01202
2 0 0 0.921685
3 0 0 0.858655

5
1 0 9089 0.849309
2 0 0 0.834287
3 10 1 1.00306
6 0 0 1.02411
7 0 0 1.04386

3
1 0 7692 0.87324
2 0 0 0.86163
3 0 0 1.02641

3
1 10 1 0.971693
2 0 0 1.03845
3 0 0 0.91196

3
1 7 2 0.842892
2 0 0 0.843636
3 0 0 0.871771

3
1 9 1 0.889427
2 0 0 0.836948
3 0 0 0.998574

3
1 5 1 0.917518
2 0 0 0.84889
3 0 0 0.988711

3
1 10 1 0.802261
2 0 0 0.87307
3 0 0 0.931263

1
1 0 0 0.882225

5
1 9 1 0.808326
2 0 0 0.813152
3 2 4 0.967344
6 0 0 0.982507
7 0 0 0.980103

3
1 10 1 0.795707
2 0 0 1.12962
3 0 0 0.820865

3
1 7 3 0.907654
2 0 0 0.834058
3 0 0 1.01665

3
1 10 1 0.833287
2 0 0 1.04369
3 0 0 0.768161

3
1 5 1 0.81001
2 0 0 0.939601
3 0 0 0.917636

3
1 6 2 0.907124
2 0 0 0.898941
3 0 0 0.840038

1
1 0 0 0.713451

5
1 1 1 0.927952
2 2 2 1.00111
4 0 0 0.986592
5 0 0 0.955781
3 0 0 0.755353

3
1 9 1 0.811023
2 0 0 0.857815
3 0 0 1.04731

3
1 4 3 0.708261
2 0 0 0.651289
3 0 0 0.99475

3
1 10 1 0.857803
2 0 0 0.934453
3 0 0 0.831191

1
1 0 0 0.789201

3
1 9 1 0.847256
2 0 0 0.846024
3 0 0 0.938343

3
1 1 2 0.949192
2 0 0 0.76533
3 0 0 0.921714

5
1 1 1 0.872241
2 0 6772 1.19989
4 0 0 1.02062
5 0 0 1.05627
3 0 0 0.815039

5
1 0 7374 0.86064
2 0 0 0.863544
3 11 3620 0.950349
6 0 0 0.977511
7 0 0 0.962345

3
1 11 5311 0.878729
2 0 0 0.930235
3 0 0 0.976601

3
1 4 3 0.881792
2 0 0 0.877612
3 0 0 0.980211

3
1 9 1 0.923845
2 0 0 0.952968
3 0 0 0.839225

3
1 2 1 0.877484
2 0 0 0.974674
3 0 0 0.895545

3
1 7 1 0.891692
2 0 0 0.93264
3 0 0 0.793721

3
1 1 1 0.828386
2 0 0 0.951547
3 0 0 0.774546

5
1 5 3 0.763318
2 1 1 0.818109
4 0 0 1.0035
5 0 0 0.83187
3 0 0 1.01107

1
1 0 0 0.70682

3
1 5 3 0.781479
2 0 0 0.814395
3 0 0 0.985647

3
1 6 2 0.782066
2 0 0 0.718586
3 0 0 1.03883

3
1 1 2 0.858658
2 0 0 0.783378
3 0 0 0.950199

3
1 3 3 0.844207
2 0 0 0.780001
3 0 0 1.10109

5
1 9 1 0.798198
2 0 0 0.842435
3 4 2 0.983694
6 0 0 0.994895
7 0 0 0.994453

3
1 9 1 0.839177
2 0 0 0.759244
3 0 0 0.995907

3
1 4 2 0.839398
2 0 0 0.768635
3 0 0 0.91046

3
1 10 1 0.824462
2 0 0 1.07056
3 0 0 0.751342

3
1 3 3 0.814404
2 0 0 0.842506
3 0 0 1.01918

3
1 7 2 0.804676
2 0 0 0.944879
3 0 0 0.893235

5
1 3 2 0.926067
2 9 1 0.879001
4 0 0 0.838552
5 0 0 0.929055
3 0 0 0.900692

3
1 3 2 0.846391
2 0 0 0.825105
3 0 0 0.889588

3
1 11 2902 0.856178
2 0 0 0.96072
3 0 0 0.64854

1
1 0 0 0.865712

3
1 7 3 0.851031
2 0 0 0.865294
3 0 0 1.0442

7
1 0 2314 0.92543
2 0 0 0.821801
3 5 2 1.07355
6 0 0 1.01993
7 7 1 0.986686
14 0 0 0.888588
15 0 0 0.902881

3
1 11 3455 0.839639
2 0 0 0.87654
3 0 0 0.907892

3
1 4 3 0.853009
2 0 0 0.798086
3 0 0 1.02946

3
1 7 3 0.913261
2 0 0 0.933098
3 0 0 1.19657

3
1 5 2 0.800836
2 0 0 0.847141
3 0 0 0.943464

3
1 3 1 0.856047
2 0 0 0.868227
3 0 0 0.915805

5
1 11 2581 0.807647
2 4 1 0.977156
4 0 0 0.798533
5 0 0 1.11376
3 0 0 0.868638

3
1 6 2 0.756876
2 0 0 0.774749
3 0 0 0.914646

1
1 0 0 0.783645

3
1 10 1 0.894322
2 0 0 1.06017
3 0 0 0.893572

3
1 11 47 0.76442
2 0 0 1.04824
3 0 0 0.769051

5
1 1 2 0.91018
2 0 0 0.7389
3 5 1 0.872994
6 0 0 0.958885
7 0 0 0.981702

3
1 6 3 0.891917
2 0 0 0.760414
3 0 0 1.10159

3
1 1 1 0.874356
2 0 0 1.08678
3 0 0 0.820457

3
1 9 1 0.951449
2 0 0 0.857808
3 0 0 1.11054

5
1 4 3 0.849275
2 0 0 0.859801
3 0 7143 1.11241
6 0 0 0.970305
7 0 0 1.0078

1
1 0 0 0.855037

3
1 3 1 0.799942
2 0 0 0.889005
3 0 0 1.02698

5
1 5 2 0.922985
2 0 0 0.810121
3 11 5019 0.911623
6 0 0 0.938684
7 0 0 0.974847

1
1 0 0 0.877417

3
1 11 1333 0.819401
2 0 0 0.95964
3 0 0 0.886524

3
1 0 4907 0.872402
2 0 0 0.905008
3 0 0 1.02536

3
1 1 2 0.963816
2 0 0 0.836483
3 0 0 0.984022

3
1 1 2 0.929346
2 0 0 0.76518
3 0 0 1.03269

3
1 4 2 0.89894
2 0 0 0.894399
3 0 0 0.918333

3
1 1 1 0.898125
2 0 0 1.07404
3 0 0 0.865906

5
1 5 1 0.984491
2 4 1 0.976686
4 0 0 0.845119
5 0 0 1.03357
3 0 0 0.91134

3
1 11 2705 0.880773
2 0 0 1.05781
3 0 0 0.832992

1
1 0 0 0.773592

3
1 7 1 0.975126
2 0 0 0.970394
3 0 0 1.03296

5
1 4 2 0.870667
2 9 1 0.942834
4 0 0 0.879014
5 0 0 1.22173
3 0 0 0.968534

3
1 10 1 0.85109
2 0 0 1.0475
3 0 0 0.780127

3
1 0 4172 0.874845
2 0 0 0.82064
3 0 0 0.98956

5
1 5 3 0.88383
2 1 2 0.899871
4 0 0 0.768458
5 0 0 1.06641
3 0 0 0.964029

5
1 1 1 0.892242
2 0 9764 1.06982
4 0 0 1.06555
5 0 0 1.03357
3 0 0 0.762538

3
1 5 3 0.863788
2 0 0 0.849636
3 0 0 0.971258

3
1 9 1 0.846051
2 0 0 0.836076
3 0 0 1.0683

1
1 0 0 0.940357

3
1 1 1 0.868247
2 0 0 1.02985
3 0 0 0.828486

3
1 5 1 0.903708
2 0 0 0.899261
3 0 0 0.940444

3
1 3 1 0.93006
2 0 0 0.781127
3 0 0 0.937749

3
1 11 5300 0.841135
2 0 0 0.844773
3 0 0 0.963825

3
1 1 1 0.803301
2 0 0 1.02552
3 0 0 0.819533

1
1 0 0 0.846134

1
1 0 0 0.935752

1
1 0 0 0.784111

3
1 10 1 0.891387
2 0 0 1.00379
3 0 0 0.857619

3
1 1 1 0.796154
2 0 0 0.903505
3 0 0 0.828512

3
1 1 2 0.957528
2 0 0 0.953155
3 0 0 0.892149

3
1 1 2 0.891923
2 0 0 0.884112
3 0 0 0.881232

3
1 1 2 0.809464
2 0 0 0.820335
3 0 0 1.00837

3
1 11 4645 0.859964
2 0 0 0.913008
3 0 0 0.963454

3
1 10 1 1.01202
2 0 0 1.0544
3 0 0 0.733844

3
1 1 2 0.864299
2 0 0 0.853904
3 0 0 0.890423

3
1 4 2 0.918871
2 0 0 0.857271
3 0 0 0.925562

3
1 10 1 0.971693
2 0 0 1.06548
3 0 0 0.840796

5
1 4 1 0.954995
2 1 1 0.966672
4 0 0 0.971412
5 0 0 0.956629
3 0 0 0.94509

5
1 5 2 0.912799
2 0 0 0.863105
3 5 3 0.962203
6 0 0 0.99198
7 0 0 0.835436

5
1 3 2 0.833973
2 0 0 0.849285
3 3 3 0.965936
6 0 0 0.885381
7 0 0 0.979476

1
1 0 0 0.873253

3
1 4 2 0.958459
2 0 0 0.81477
3 0 0 1.03452

3
1 2 1 0.825532
2 0 0 0.874073
3 0 0 0.829683

3
1 10 1 0.795707
2 0 0 0.975902
3 0 0 0.789034

1
1 0 0 0.897075

1
1 0 0 0.776367

7
1 0 4115 0.938663
2 0 0 0.811728
3 3 2 1.06583
6 0 0 0.978302
7 11 568 1.0324
14 0 0 0.962299
15 0 0 0.957736

3
1 3 3 0.738554
2 0 0 0.823161
3 0 0 1.04737

3
1 10 1 0.90251
2 0 0 1.0843
3 0 0 0.77335

5
1 4 3 0.947432
2 3 3 0.969067
4 0 0 0.868934
5 0 0 1.09304
3 0 0 1.13518

3
1 6 3 1.07762
2 0 0 1.0639
3 0 0 1.05842

1
1 0 0 0.871927

3
1 4 3 0.76598
2 0 0 0.777191
3 0 0 0.878869

3
1 0 5349 0.942359
2 0 0 0.880326
3 0 0 0.990945

3
1 0 7658 0.855676
2 0 0 0.852695
3 0 0 0.89547

3
1 7 3 0.818768
2 0 0 0.801807
3 0 0 0.823854

3
1 0 9625 0.885802
2 0 0 0.86653
3 0 0 0.961299

3
1 6 2 0.773904
2 0 0 0.81143
3 0 0 0.876812

5
1 11 4588 0.930064
2 10 1 0.931934
4 0 0 1.02076
5 0 0 0.878814
3 0 0 0.873445

3
1 6 2 0.914132
2 0 0 0.896239
3 0 0 0.937922

3
1 6 3 0.737133
2 0 0 0.758082
3 0 0 1.05185

3
1 4 3 0.708615
2 0 0 0.723084
3 0 0 0.999986

3
1 1 1 0.90234
2 0 0 0.922198
3 0 0 0.681819

3
1 9 1 0.843028
2 0 0 0.944155
3 0 0 1.08669

3
1 1 1 0.882205
2 0 0 1.05413
3 0 0 0.803885

3
1 5 3 0.884688
2 0 0 0.804885
3 0 0 1.0454

1
1 0 0 0.848337

1
1 0 0 0.808158

3
1 10 1 0.812933
2 0 0 1.04424
3 0 0 0.825304

3
1 5 2 0.861976
2 0 0 0.758658
3 0 0 1.04222

3
1 9 1 0.798198
2 0 0 0.982265
3 0 0 1.08077

3
1 7 3 0.834983
2 0 0 0.907774
3 0 0 1.06196

3
1 4 3 0.777106
2 0 0 0.835501
3 0 0 1.03764

3
1 9 1 0.870273
2 0 0 0.800446
3 0 0 0.943413

3
1 0 2717 0.890914
2 0 0 0.841918
3 0 0 0.885772

3
1 4 3 0.687337
2 0 0 0.71741
3 0 0 0.945012

3
1 4 3 0.748556
2 0 0 0.773874
3 0 0 1.01281

3
1 7 3 0.849909
2 0 0 0.759142
3 0 0 0.959014

3
1 5 2 0.812688
2 0 0 0.809745
3 0 0 1.04393

3
1 11 1386 0.88357
2 0 0 1.06599
3 0 0 0.832984

1
1 0 0 0.929373

1
1 0 0 0.841113

5
1 1 2 0.854635
2 10 1 0.872941
4 0 0 0.977516
5 0 0 0.778634
3 0 0 0.945069

3
1 10 1 0.780376
2 0 0 1.05235
3 0 0 0.817172

3
1 1 1 0.839175
2 0 0 0.999199
3 0 0 0.73639

1
1 0 0 0.857862

3
1 9 1 0.859882
2 0 0 0.770736
3 0 0 0.894904

5
1 11 2581 0.807647
2 4 1 0.977156
4 0 0 0.794334
5 0 0 1.18304
3 0 0 0.853438

1
1 0 0 0.906557

1
1 0 0 0.810292

3
1 10 1 0.894322
2 0 0 1.00122
3 0 0 0.857589

5
1 4 2 0.845553
2 0 0 0.791749
3 11 2985 1.04187
6 0 0 1.14281
7 0 0 0.975746

3
1 1 2 0.875683
2 0 0 0.93304
3 0 0 0.836245

1
1 0 0 0.814788

5
1 1 1 0.874356
2 11 734 1.05275
4 0 0 1.14036
5 0 0 1.07845
3 0 0 0.764344

3
1 6 2 0.869625
2 0 0 0.93349
3 0 0 1.03789

3
1 5 3 0.793269
2 0 0 0.837985
3 0 0 1.00843

3
1 4 3 0.778973
2 0 0 0.837875
3 0 0 1.07946

3
1 1 2 0.812144
2 0 0 0.862599
3 0 0 0.949114

3
1 10 1 0.872289
2 0 0 0.947614
3 0 0 0.757652

3
1 9 1 0.877417
2 0 0 0.830238
3 0 0 1.0235

3
1 11 2591 0.773621
2 0 0 0.85893
3 0 0 0.879046

1
1 0 0 0.715527

3
1 1 2 0.963816
2 0 0 0.787427
3 0 0 1.08571

5
1 0 9866 0.860011
2 1 2 0.878709
4 0 0 0.815008
5 0 0 0.897572
3 0 0 0.996296

3
1 7 3 0.798316
2 0 0 0.776268
3 0 0 1.00798

1
1 0 0 0.775655

3
1 9 1 0.901841
2 0 0 0.871204
3 0 0 0.90921

5
1 10 1 0.878574
2 11 4251 0.986051
4 0 0 1.03263
5 0 0 0.88076
3 0 0 0.82109

3
1 3 3 0.784263
2 0 0 0.820999
3 0 0 1.0439

3
1 4 1 0.889432
2 0 0 0.914372
3 0 0 0.953784

3
1 2 3 0.936352
2 0 0 0.877365
3 0 0 0.875378

3
1 10 1 0.85109
2 0 0 1.06621
3 0 0 0.83683

3
1 3 1 0.848382
2 0 0 0.812756
3 0 0 0.929978

3
1 5 3 0.88383
2 0 0 0.968005
3 0 0 1.01044

3
1 1 2 0.923352
2 0 0 0.741122
3 0 0 1.02599

3
1 5 1 0.906739
2 0 0 0.9524
3 0 0 0.973483

1
1 0 0 0.857559

3
1 10 1 0.936016
2 0 0 0.940076
3 0 0 0.814316

3
1 1 1 0.868247
2 0 0 0.966949
3 0 0 0.845101

3
1 9 1 0.910549
2 0 0 0.857086
3 0 0 1.12556

3
1 2 4 0.907181
2 0 0 0.90861
3 0 0 1.02478

3
1 10 1 0.88487
2 0 0 1.05097
3 0 0 0.737178

5
1 0 1420 0.906047
2 0 0 0.855768
3 0 4434 1.00021
6 0 0 0.859411
7 0 0 1.05538

3
1 7 1 0.872786
2 0 0 0.831659
3 0 0 0.988127

1
1 0 0 0.919743

1
1 0 0 0.840517

3
1 11 370 0.882407
2 0 0 0.922525
3 0 0 0.898272

3
1 1 1 0.796154
2 0 0 0.887943
3 0 0 0.852288

3
1 4 2 0.858207
2 0 0 0.798814
3 0 0 0.998918

1
1 0 0 0.837218

3
1 5 2 0.921484
2 0 0 0.945074
3 0 0 0.985914

3
1 10 1 0.928134
2 0 0 0.901211
3 0 0 0.857865

3
1 0 2891 0.85524
2 0 0 0.851709
3 0 0 0.960856

3
1 1 2 0.959548
2 0 0 0.826284
3 0 0 0.890622

3
1 10 1 0.879599
2 0 0 1.06349
3 0 0 0.961884

3
1 10 1 0.971693
2 0 0 0.972621
3 0 0 0.816052

3
1 10 1 0.801656
2 0 0 0.893789
3 0 0 0.781763

3
1 10 1 0.958248
2 0 0 1.10715
3 0 0 0.812706

3
1 9 1 0.778501
2 0 0 0.743006
3 0 0 1.03271

5
1 3 3 0.797877
2 0 0 0.910904
3 11 2290 0.972616
6 0 0 0.91927
7 0 0 0.979266

3
1 4 2 0.958459
2 0 0 0.877339
3 0 0 1.0313

3
1 4 2 0.776439
2 0 0 0.899866
3 0 0 1.02616

3
1 11 3364 0.904946
2 0 0 0.97171
3 0 0 0.892785

3
1 0 9599 0.725168
2 0 0 0.738689
3 0 0 1.11242

3
1 2 2 0.931126
2 0 0 0.975641
3 0 0 0.856344

3
1 6 3 0.781951
2 0 0 0.760647
3 0 0 1.0045

3
1 10 1 0.830899
2 0 0 1.03109
3 0 0 0.8756

3
1 3 2 0.806461
2 0 0 0.806623
3 0 0 0.988202

1
1 0 0 0.805254

5
1 4 2 0.840884
2 0 0 0.930145
3 9 1 0.980997
6 0 0 0.970787
7 0 0 1.01463

7
1 3 2 0.809301
2 9 1 0.868746
4 10 1 0.874096
8 0 0 1.0471
9 0 0 0.926778
5 0 0 1.07793
3 0 0 0.972994

1
1 0 0 0.741341

3
1 0 3494 0.847472
2 0 0 0.788584
3 0 0 0.84293

3
1 10 1 0.867041
2 0 0 1.10805
3 0 0 0.825115

3
1 0 7421 0.828327
2 0 0 0.84206
3 0 0 0.959575

3
1 0 7130 0.866484
2 0 0 0.869598
3 0 0 0.988766

3
1 10 1 0.857915
2 0 0 1.04244
3 0 0 0.741309

3
1 7 3 0.836876
2 0 0 0.784239
3 0 0 0.9009

3
1 6 2 0.844258
2 0 0 0.827509
3 0 0 0.980629

3
1 9 1 0.867884
2 0 0 0.824673
3 0 0 1.07391

3
1 9 1 0.906176
2 0 0 0.823809
3 0 0 0.941868

3
1 1 1 0.90234
2 0 0 1.0868
3 0 0 0.832858

3
1 4 2 0.886344
2 0 0 0.931335
3 0 0 0.966594

3
1 1 2 0.869261
2 0 0 0.870324
3 0 0 1.11948

3
1 4 3 0.811767
2 0 0 0.769213
3 0 0 0.925209

3
1 5 2 0.862555
2 0 0 0.854594
3 0 0 0.848433

3
1 4 3 0.803739
2 0 0 0.78
3 0 0 0.947869

5
1 11 1363 0.880845
2 0 218 0.907508
4 0 0 1.03248
5 0 0 0.938973
3 0 0 0.879512

3
1 10 1 0.829608
2 0 0 1.01344
3 0 0 0.765512

3
1 4 3 0.851713
2 0 0 0.822489
3 0 0 1.09892

1
1 0 0 0.753598

3
1 4 3 0.906083
2 0 0 0.925391
3 0 0 0.822619

1
1 0 0 0.837508

5
1 5 2 0.861969
2 0 0 0.896081
3 6 1 1.14379
6 0 0 1.01576
7 0 0 0.951387

3
1 0 4059 0.89642
2 0 0 0.869905
3 0 0 0.921939

1
1 0 0 0.755898

3
1 6 3 0.899411
2 0 0 0.893675
3 0 0 1.02281

1
1 0 0 0.833218

3
1 0 9976 0.806474
2 0 0 0.824748
3 0 0 0.990869

5
1 0 9424 0.86307
2 0 0 0.719765
3 11 3840 0.917478
6 0 0 1.00786
7 0 0 0.990628

3
1 9 1 0.864971
2 0 0 0.731209
3 0 0 0.917955

3
1 7 3 0.808487
2 0 0 0.832076
3 0 0 1.01368

3
1 10 1 0.780376
2 0 0 0.938969
3 0 0 0.778665

3
1 5 2 0.80607
2 0 0 0.836596
3 0 0 1.01597

1
1 0 0 0.869416

3
1 10 1 0.928418
2 0 0 0.936781
3 0 0 0.784307

5
1 3 2 0.904153
2 0 0 0.825123
3 11 1582 0.977087
6 0 0 0.973349
7 0 0 0.996201

3
1 11 2908 0.909056
2 0 0 1.10207
3 0 0 0.803804

3
1 1 1 0.89016
2 0 0 1.00335
3 0 0 0.846501

3
1 10 1 0.894322
2 0 0 1.14455
3 0 0 0.817375

1
1 0 0 0.846936

1
1 0 0 0.846914

1
1 0 0 0.808526

5
1 4 2 0.829902
2 9 1 1.02157
4 0 0 0.904804
5 0 0 0.958213
3 0 0 1.0233

3
1 5 3 0.822176
2 0 0 0.691117
3 0 0 0.834891

3
1 10 1 0.895456
2 0 0 1.04249
3 0 0 0.908807

3
1 9 1 0.84151
2 0 0 0.761277
3 0 0 1.00701

3
1 10 1 0.923435
2 0 0 0.978477
3 0 0 0.775872

3
1 10 1 0.872289
2 0 0 1.01063
3 0 0 0.901808

3
1 5 3 0.770026
2 0 0 0.785054
3 0 0 1.05798

5
1 11 2591 0.773621
2 4 1 0.887859
4 0 0 0.736858
5 0 0 1.20584
3 0 0 0.926825

5
1 9 1 0.862215
2 0 0 0.900541
3 2 1 0.987666
6 0 0 0.976122
7 0 0 1.03363

3
1 10 1 0.848153
2 0 0 1.10695
3 0 0 0.745061

3
1 4 2 0.815304
2 0 0 0.882048
3 0 0 0.935831

3
1 6 3 0.807845
2 0 0 0.831741
3 0 0 0.983319

3
1 7 3 0.844546
2 0 0 0.801402
3 0 0 0.965612

3
1 4 2 0.908123
2 0 0 0.918179
3 0 0 0.944261

3
1 10 1 0.878574
2 0 0 1.09347
3 0 0 0.793018

3
1 7 3 0.794369
2 0 0 0.773701
3 0 0 0.990335

3
1 10 1 0.872592
2 0 0 1.01605
3 0 0 0.765771

3
1 10 1 0.870707
2 0 0 0.939611
3 0 0 0.715615

3
1 9 1 0.872323
2 0 0 0.888086
3 0 0 1.07858

5
1 10 1 0.857965
2 0 0 1.0694
3 6 3 0.88747
6 0 0 0.890454
7 0 0 0.96642

3
1 2 1 0.930441
2 0 0 0.982358
3 0 0 0.959045

3
1 9 1 0.766509
2 0 0 0.896643
3 0 0 1.09281

5
1 5 3 0.832604
2 7 3 0.819306
4 0 0 0.812836
5 0 0 1.02869
3 0 0 1.07337

3
1 1 1 0.942988
2 0 0 1.02454
3 0 0 0.790808

3
1 10 1 0.880465
2 0 0 0.950412
3 0 0 0.836149

3
1 1 1 0.868247
2 0 0 1.01488
3 0 0 0.841228

5
1 9 1 0.892324
2 0 0 0.794584
3 0 5491 1.02275
6 0 0 0.992098
7 0 0 1.07932

3
1 7 3 0.822644
2 0 0 0.860422
3 0 0 1.1276

1
1 0 0 0.816539

3
1 2 1 0.8424
2 0 0 0.981645
3 0 0 0.846526

5
1 5 2 0.994511
2 4 2 0.831917
4 0 0 0.871867
5 0 0 0.86555
3 0 0 1.08269

7
1 1 2 0.928223
2 0 0 0.801219
3 4 3 1.03557
6 0 0 1.00011
7 11 814 1.06478
14 0 0 0.918711
15 0 0 0.879647

3
1 0 9984 0.936845
2 0 0 0.864186
3 0 0 0.954263

3
1 9 1 0.947475
2 0 0 0.898285
3 0 0 1.01334

3
1 1 1 0.796154
2 0 0 1.156
3 0 0 0.856518

3
1 4 2 0.948453
2 0 0 0.905003
3 0 0 1.09857

5
1 7 2 0.813108
2 11 3033 0.946418
4 0 0 1.00482
5 0 0 0.798233
3 0 0 1.01804

3
1 10 1 0.936451
2 0 0 1.05189
3 0 0 0.983407

1
1 0 0 0.780134

3
1 9 1 0.859941
2 0 0 0.966302
3 0 0 1.099

3
1 0 8854 0.875244
2 0 0 0.719784
3 0 0 0.900648

3
1 10 1 0.879599
2 0 0 1.10939
3 0 0 0.849339

1
1 0 0 0.855386

1
1 0 0 0.951425

3
1 10 1 0.958248
2 0 0 0.999104
3 0 0 0.895222

3
1 9 1 0.802513
2 0 0 0.76084
3 0 0 0.967428

5
1 7 1 0.78877
2 0 0 0.822462
3 10 1 0.900952
6 0 0 1.07632
7 0 0 0.907128

3
1 9 1 0.929973
2 0 0 0.824727
3 0 0 0.876649

3
1 5 3 0.771925
2 0 0 0.729804
3 0 0 0.872279

3
1 4 2 0.911702
2 0 0 0.884872
3 0 0 0.960815

3
1 2 1 0.909793
2 0 0 0.897485
3 0 0 1.03436

1
1 0 0 0.816988

3
1 0 3941 0.892765
2 0 0 0.94776
3 0 0 1.09461

3
1 10 1 0.830899
2 0 0 0.945671
3 0 0 0.805211

7
1 6 3 0.915824
2 1 2 0.914698
4 0 3480 0.883363
8 0 0 0.766105
9 0 0 1.06227
5 0 0 0.964643
3 0 0 0.988387

3
1 4 3 0.790563
2 0 0 0.837456
3 0 0 0.961888

3
1 3 2 0.771576
2 0 0 0.819459
3 0 0 1.02116

3
1 10 1 0.827247
2 0 0 1.08483
3 0 0 0.750019

3
1 4 3 0.754922
2 0 0 0.747993
3 0 0 1.03264

1
1 0 0 0.847194

3
1 2 4 0.923373
2 0 0 0.869675
3 0 0 0.96509

3
1 1 1 0.82268
2 0 0 0.960163
3 0 0 0.748812

1
1 0 0 0.840348

1
1 0 0 0.871074

3
1 0 25 0.884537
2 0 0 1.03483
3 0 0 0.845469

3
1 4 3 0.874559
2 0 0 0.819479
3 0 0 1.07064

5
1 9 1 0.867884
2 0 0 0.954663
3 0 6366 1.03435
6 0 0 1.00929
7 0 0 0.975708

3
1 2 4 0.96335
2 0 0 0.993245
3 0 0 0.989881

3
1 4 1 0.781176
2 0 0 0.813189
3 0 0 0.919804

5
1 1 2 0.869088
2 0 0 0.618802
3 11 4918 0.940904
6 0 0 0.919228
7 0 0 0.907697

1
1 0 0 0.823743

3
1 4 2 0.84102
2 0 0 0.901731
3 0 0 1.05167

3
1 9 1 0.898188
2 0 0 0.877444
3 0 0 0.9975

5
1 6 2 0.925782
2 9 1 0.857479
4 0 0 0.802408
5 0 0 0.889359
3 0 0 0.947153

3
1 3 2 0.916192
2 0 0 0.938051
3 0 0 0.923272

5
1 10 1 0.829608
2 0 0 0.951362
3 7 3 0.884157
6 0 0 0.822615
7 0 0 0.947074

3
1 4 1 0.929334
2 0 0 0.779281
3 0 0 1.02812

3
1 5 2 0.852862
2 0 0 0.866011
3 0 0 0.944845

3
1 10 1 0.883889
2 0 0 1.01534
3 0 0 0.829321

1
1 0 0 0.768776

1
1 0 0 0.898079

3
1 10 1 0.874221
2 0 0 0.915223
3 0 0 0.802281

1
1 0 0 0.768158

3
1 1 2 0.941727
2 0 0 0.822739
3 0 0 0.913894

5
1 11 3386 0.863608
2 10 1 0.884423
4 0 0 1.15989
5 0 0 0.874666
3 0 0 0.932486

3
1 0 2995 0.880183
2 0 0 0.846903
3 0 0 0.976548

1
1 0 0 0.806607

3
1 3 1 0.859415
2 0 0 0.868015
3 0 0 0.929728

3
1 6 3 0.772121
2 0 0 0.720646
3 0 0 1.01159

3
1 10 1 0.780376
2 0 0 0.912499
3 0 0 0.845559

1
1 0 0 0.752617

3
1 11 1472 0.832148
2 0 0 0.966039
3 0 0 0.860082

3
1 10 1 0.928418
2 0 0 0.958126
3 0 0 0.839307

3
1 6 2 0.910542
2 0 0 0.771848
3 0 0 1.00182

3
1 11 2908 0.909056
2 0 0 0.954154
3 0 0 0.76771

1
1 0 0 0.804029

3
1 10 1 0.894322
2 0 0 0.95844
3 0 0 0.737383

1
1 0 0 0.915753

5
1 2 1 0.861812
2 0 0 0.867491
3 2 2 0.875207
6 0 0 1.02111
7 0 0 0.826472

3
1 0 5197 0.880662
2 0 0 0.888002
3 0 0 0.982322

3
1 4 2 0.772758
2 0 0 0.794495
3 0 0 0.933964

1
1 0 0 0.802863

5
1 10 1 0.874044
2 0 0 1.0402
3 0 8407 0.844706
6 0 0 0.877055
7 0 0 0.860531

3
1 0 2569 0.886405
2 0 0 0.890437
3 0 0 0.892721

3
1 11 1687 0.857542
2 0 0 0.992359
3 0 0 0.94439

3
1 10 1 0.872289
2 0 0 0.875264
3 0 0 0.733827

3
1 1 1 0.852943
2 0 0 0.994883
3 0 0 0.776673

3
1 3 3 0.869288
2 0 0 0.869604
3 0 0 1.09864

3
1 9 1 0.862215
2 0 0 0.795117
3 0 0 0.995456

3
1 10 1 0.848153
2 0 0 0.970516
3 0 0 0.81544

3
1 2 4 0.828091
2 0 0 0.774621
3 0 0 0.973145

1
1 0 0 0.769241

3
1 5 2 0.830254
2 0 0 0.772847
3 0 0 1.00059

3
1 1 1 0.846821
2 0 0 0.956423
3 0 0 0.756364

3
1 11 2268 0.927437
2 0 0 0.958702
3 0 0 0.954912

5
1 0 5653 0.833291
2 0 0 0.852835
3 7 3 1.01575
6 0 0 0.875725
7 0 0 1.06773

1
1 0 0 0.867933

3
1 10 1 0.870707
2 0 0 1.01551
3 0 0 0.816297

1
1 0 0 0.716537

3
1 10 1 0.857965
2 0 0 1.0676
3 0 0 0.870028

3
1 10 1 0.968878
2 0 0 1.01061
3 0 0 0.898714

5
1 6 2 0.834206
2 4 3 0.742295
4 0 0 0.751626
5 0 0 0.855087
3 0 0 0.936195

3
1 0 4988 0.821664
2 0 0 0.762493
3 0 0 0.896828

3
1 1 1 0.942988
2 0 0 1.02843
3 0 0 0.725477

3
1 5 2 0.903817
2 0 0 0.896023
3 0 0 1.08597

3
1 1 1 0.868247
2 0 0 0.986293
3 0 0 0.820252

5
1 1 1 0.879485
2 0 0 1.01139
3 9 1 0.842085
6 0 0 0.778743
7 0 0 0.969398

3
1 4 3 0.855873
2 0 0 0.801789
3 0 0 1.16908

3
1 10 1 0.92723
2 0 0 1.03302
3 0 0 0.810226

5
1 4 3 0.92484
2 9 1 0.908445
4 0 0 0.919836
5 0 0 0.916634
3 0 0 1.03046

3
1 0 7493 0.932309
2 0 0 0.948625
3 0 0 0.935291

3
1 10 1 0.89511
2 0 0 1.0889
3 0 0 0.90866

3
1 4 1 0.84466
2 0 0 0.873256
3 0 0 0.928283

3
1 9 1 0.947475
2 0 0 0.837939
3 0 0 0.895808

3
1 4 2 0.852244
2 0 0 0.826476
3 0 0 0.901269

1
1 0 0 0.832181

7
1 7 2 0.813108
2 11 3033 0.946418
4 4 1 0.971779
8 0 0 0.930727
9 0 0 1.27728
5 0 0 0.830358
3 0 0 1.00685

3
1 3 3 0.856632
2 0 0 0.835038
3 0 0 0.914556

1
1 0 0 0.878927

3
1 9 1 0.859941
2 0 0 0.852872
3 0 0 1.00721

3
1 2 1 0.922039
2 0 0 0.825054
3 0 0 0.854287

3
1 5 1 0.869992
2 0 0 0.959888
3 0 0 0.981289

1
1 0 0 0.812738

3
1 4 2 0.799156
2 0 0 0.79839
3 0 0 1.02593

1
1 0 0 0.883669

3
1 10 1 0.824322
2 0 0 1.11647
3 0 0 0.842044

3
1 6 3 0.936607
2 0 0 1.04073
3 0 0 0.903132

3
1 9 1 0.881353
2 0 0 0.74157
3 0 0 1.0962

3
1 9 1 0.816818
2 0 0 0.802935
3 0 0 0.949372

1
1 0 0 0.722863

3
1 11 2205 0.900751
2 0 0 1.06633
3 0 0 0.891972

3
1 6 3 0.792247
2 0 0 0.869806
3 0 0 1.01919

3
1 10 1 0.881373
2 0 0 1.20525
3 0 0 0.68041

3
1 9 1 0.876751
2 0 0 0.929591
3 0 0 1.06141

5
1 11 34 1.02685
2 11 22 0.979512
4 0 0 1.0565
5 0 0 1.01103
3 0 0 0.85054

1
1 0 0 0.920621

5
1 9 1 0.89947
2 0 0 0.83201
3 6 1 1.05722
6 0 0 0.925037
7 0 0 1.01793

3
1 6 3 0.701892
2 0 0 0.693198
3 0 0 0.960986

3
1 5 2 0.93183
2 0 0 0.994159
3 0 0 0.951641

3
1 1 1 0.899417
2 0 0 0.946051
3 0 0 0.878757

3
1 3 1 0.837445
2 0 0 0.876139
3 0 0 0.939721

3
1 6 1 0.86717
2 0 0 0.97343
3 0 0 0.917141

3
1 10 1 0.848926
2 0 0 1.05728
3 0 0 0.817673

3
1 3 1 0.912372
2 0 0 0.879092
3 0 0 1.00152

3
1 7 3 0.773533
2 0 0 0.710265
3 0 0 0.90317

1
1 0 0 0.720805

1
1 0 0 0.800613

3
1 9 1 0.869207
2 0 0 0.834576
3 0 0 1.03051

3
1 10 1 0.987526
2 0 0 1.15978
3 0 0 0.741446

1
1 0 0 0.706598

3
1 0 2893 0.879509
2 0 0 0.845349
3 0 0 1.07875

1
1 0 0 0.903028

3
1 2 2 1.00326
2 0 0 1.03916
3 0 0 0.952793

3
1 1 1 0.889218
2 0 0 1.06557
3 0 0 0.87156

3
1 9 1 0.785787
2 0 0 0.894244
3 0 0 0.956234

3
1 9 1 0.91218
2 0 0 0.759487
3 0 0 0.97241

1
1 0 0 0.79281

3
1 0 8887 0.817295
2 0 0 0.832155
3 0 0 0.98949

1
1 0 0 0.877736

3
1 11 3540 0.916696
2 0 0 0.934195
3 0 0 0.943238

1
1 0 0 0.875813

3
1 0 1427 0.86559
2 0 0 0.911373
3 0 0 0.931642

3
1 4 1 0.85562
2 0 0 0.88007
3 0 0 0.883604

3
1 3 3 0.823955
2 0 0 0.791952
3 0 0 1.01935

3
1 3 2 0.888727
2 0 0 0.900178
3 0 0 1.02784

5
1 5 3 0.843345
2 0 0 0.822724
3 0 6708 1.07419
6 0 0 0.974455
7 0 0 0.993586

3
1 0 9748 0.767457
2 0 0 0.812686
3 0 0 1.02154

5
1 4 3 0.905935
2 0 0 0.826187
3 0 4066 0.984129
6 0 0 0.997846
7 0 0 0.996185

5
1 1 2 0.872902
2 0 0 0.830141
3 2 3 1.03332
6 0 0 1.10106
7 0 0 0.982854

3
1 9 1 0.876112
2 0 0 0.803337
3 0 0 1.06038

5
1 4 2 0.802623
2 0 0 0.839574
3 11 3049 1.01931
6 0 0 1.10043
7 0 0 0.969344

5
1 11 838 0.867541
2 7 2 0.912064
4 0 0 0.859093
5 0 0 0.916998
3 0 0 0.838577

3
1 4 3 0.812774
2 0 0 0.853203
3 0 0 1.05237

3
1 7 3 0.764902
2 0 0 0.763545
3 0 0 1.02993

3
1 4 1 0.834935
2 0 0 0.826545
3 0 0 0.931587

3
1 7 1 0.827381
2 0 0 0.863632
3 0 0 0.912992

1
1 0 0 0.716487

1
1 0 0 0.887009

3
1 3 2 0.805225
2 0 0 0.798321
3 0 0 1.06705

3
1 5 2 0.799838
2 0 0 0.866264
3 0 0 0.930639

1
1 0 0 0.760983

3
1 6 2 0.788457
2 0 0 0.931447
3 0 0 0.928259

3
1 10 1 0.874044
2 0 0 1.05893
3 0 0 0.812836

3
1 7 3 0.856225
2 0 0 0.787785
3 0 0 0.863032

3
1 10 1 0.92499
2 0 0 1.00623
3 0 0 0.835258

3
1 10 1 0.872289
2 0 0 1.06882
3 0 0 0.927652

5
1 1 1 0.852943
2 3 1 0.986855
4 0 0 1.00128
5 0 0 1.02795
3 0 0 0.770334

3
1 4 3 0.810146
2 0 0 0.798953
3 0 0 0.970296

3
1 1 1 0.87599
2 0 0 1.07985
3 0 0 0.922953

3
1 2 4 0.87924
2 0 0 0.847738
3 0 0 0.888106

3
1 10 1 0.881103
2 0 0 1.04088
3 0 0 0.783578

3
1 7 3 0.806619
2 0 0 0.788422
3 0 0 1.02657

3
1 1 2 0.869775
2 0 0 0.7561
3 0 0 0.915891

3
1 10 1 0.857653
2 0 0 1.00548
3 0 0 0.785652

1
1 0 0 0.809477

1
1 0 0 0.866122

3
1 10 1 0.82878
2 0 0 0.981153
3 0 0 0.834135

3
1 6 3 0.83261
2 0 0 0.847589
3 0 0 1.06019

3
1 5 3 0.875034
2 0 0 0.828794
3 0 0 1.06444

5
1 2 2 0.852971
2 6 3 0.926936
4 0 0 0.955433
5 0 0 0.866802
3 0 0 0.869929

5
1 10 1 0.968878
2 6 1 0.989443
4 0 0 1.02002
5 0 0 0.988869
3 0 0 0.789414

5
1 0 9196 0.962186
2 0 0 0.909072
3 1 2 0.860239
6 0 0 0.961984
7 0 0 0.90876

5
1 0 4988 0.821664
2 0 0 0.827266
3 5 1 0.977037
6 0 0 1.00854
7 0 0 0.939114

3
1 3 1 0.789702
2 0 0 0.812225
3 0 0 0.955167

1
1 0 0 0.762233

3
1 1 1 0.852851
2 0 0 1.02329
3 0 0 0.789254

3
1 1 1 0.879485
2 0 0 0.914092
3 0 0 0.869579

1
1 0 0 0.756251

3
1 10 1 0.92723
2 0 0 1.03485
3 0 0 0.705649

5
1 2 2 0.896763
2 1 1 0.835822
4 0 0 1.02442
5 0 0 0.909105
3 0 0 0.810961

3
1 11 2811 0.983613
2 0 0 0.977659
3 0 0 0.767477

9
1 10 1 0.89511
2 0 5110 1.00779
4 0 0 1.05944
5 5 1 1.09577
10 0 0 0.880501
11 0 0 1.04335
3 9 1 0.874234
6 0 0 0.766706
7 0 0 0.892602

3
1 11 1329 0.901435
2 0 0 1.05605
3 0 0 0.830175

3
1 1 1 0.92843
2 0 0 0.884917
3 0 0 0.887434

3
1 1 2 0.831139
2 0 0 0.963435
3 0 0 0.91485

3
1 9 1 0.903274
2 0 0 0.838303
3 0 0 1.04091

7
1 7 2 0.813108
2 11 3033 0.946418
4 4 1 0.971779
8 0 0 0.861995
9 0 0 1.21439
5 0 0 0.817174
3 0 0 0.916821

1
1 0 0 0.841242

3
1 0 5794 0.888729
2 0 0 0.845596
3 0 0 1.01902

3
1 7 1 0.908498
2 0 0 0.837835
3 0 0 0.935479

1
1 0 0 0.904472

3
1 0 6607 0.862484
2 0 0 0.87274
3 0 0 0.923893

3
1 7 3 0.808576
2 0 0 0.778683
3 0 0 0.926345

5
1 0 8975 0.901092
2 7 3 0.873873
4 0 0 0.873294
5 0 0 0.800436
3 0 0 0.887883

3
1 10 1 0.874502
2 0 0 1.03578
3 0 0 0.793942

5
1 0 7154 0.946814
2 0 0 0.93036
3 1 2 0.913059
6 0 0 1.00642
7 0 0 1.05125

9
1 7 1 0.935941
2 10 1 0.913126
4 0 0 0.959593
5 11 3557 0.960349
10 0 0 0.930191
11 0 0 1.08728
3 9 1 0.85171
6 0 0 1.05125
7 0 0 0.972463

3
1 2 2 0.867597
2 0 0 0.91342
3 0 0 0.906539

3
1 4 1 0.867138
2 0 0 0.848192
3 0 0 0.871185

1
1 0 0 0.916883

3
1 1 1 0.850072
2 0 0 1.07539
3 0 0 0.823324

1
1 0 0 0.795519

3
1 10 1 0.84755
2 0 0 1.03602
3 0 0 0.792752

5
1 6 2 0.86177
2 4 2 0.870455
4 0 0 0.878097
5 0 0 0.984525
3 0 0 1.06315

3
1 0 5679 0.799454
2 0 0 0.820457
3 0 0 0.773996

1
1 0 0 0.809817

3
1 11 1932 0.938378
2 0 0 0.982815
3 0 0 0.881509

3
1 1 2 0.880147
2 0 0 0.722502
3 0 0 1.03784

5
1 1 2 0.916201
2 3 1 0.905869
4 0 0 0.88548
5 0 0 0.966633
3 0 0 0.982166

3
1 10 1 0.899626
2 0 0 0.978154
3 0 0 0.806967

1
1 0 0 0.877999

9
1 6 1 0.86717
2 2 1 0.97343
4 0 0 1.04099
5 4 2 0.956777
10 0 0 0.95024
11 0 0 1.11822
3 2 4 1.01582
6 0 0 0.973056
7 0 0 1.06816

3
1 10 1 0.848926
2 0 0 0.980682
3 0 0 0.834349

1
1 0 0 0.895507

3
1 9 1 0.879908
2 0 0 0.815911
3 0 0 1.01746

3
1 10 1 0.874415
2 0 0 0.948494
3 0 0 0.772047

3
1 3 3 0.852501
2 0 0 0.860663
3 0 0 0.996552

3
1 11 2644 0.861298
2 0 0 0.860187
3 0 0 0.860525

3
1 4 3 0.822127
2 0 0 0.825227
3 0 0 0.990357

3
1 3 3 0.811502
2 0 0 0.81629
3 0 0 1.02798

3
1 3 2 0.776969
2 0 0 0.859144
3 0 0 0.889877

3
1 1 1 0.915673
2 0 0 1.05453
3 0 0 0.84018

3
1 1 1 0.845549
2 0 0 0.961063
3 0 0 0.802261

1
1 0 0 0.848

5
1 2 2 0.909455
2 0 0 0.822621
3 4 2 0.99577
6 0 0 0.989519
7 0 0 0.895596

3
1 0 9873 0.818816
2 0 0 0.790296
3 0 0 0.958635

3
1 10 1 0.921461
2 0 0 1.01762
3 0 0 0.876194

3
1 5 2 0.772593
2 0 0 0.806147
3 0 0 1.02471

1
1 0 0 0.843965

3
1 9 1 0.953396
2 0 0 0.941204
3 0 0 1.08571

5
1 1 1 0.907244
2 0 0 1.0898
3 9 1 0.902294
6 0 0 0.818062
7 0 0 1.0001

1
1 0 0 0.743128

3
1 0 3145 0.87546
2 0 0 0.873379
3 0 0 0.909077

5
1 6 1 0.89045
2 0 0 0.84996
3 2 1 1.06122
6 0 0 1.01457
7 0 0 1.13476

5
1 4 2 0.892892
2 0 0 0.824949
3 5 1 1.00238
6 0 0 0.975273
7 0 0 1.16007

1
1 0 0 0.853388

5
1 1 1 0.854059
2 0 2908 1.01035
4 0 0 0.959282
5 0 0 0.994695
3 0 0 0.774307

1
1 0 0 0.898084

3
1 1 2 0.872902
2 0 0 0.678324
3 0 0 0.855034

3
1 6 2 0.870721
2 0 0 0.761215
3 0 0 0.963542

5
1 6 1 0.921874
2 2 4 1.04597
4 0 0 0.948785
5 0 0 1.05198
3 0 0 0.786599

3
1 7 3 0.926901
2 0 0 0.956347
3 0 0 1.09056

1
1 0 0 0.817968

1
1 0 0 0.898255

5
1 1 2 0.838756
2 0 0 0.864278
3 6 3 1.08914
6 0 0 1.10424
7 0 0 0.934064

3
1 7 3 0.724144
2 0 0 0.774154
3 0 0 0.96975

5
1 3 1 0.792631
2 0 0 0.904446
3 6 1 0.947789
6 0 0 0.997864
7 0 0 0.979861

3
1 5 3 0.70933
2 0 0 0.789531
3 0 0 1.06461

3
1 4 3 0.877243
2 0 0 0.730013
3 0 0 0.842489

3
1 5 3 0.843655
2 0 0 0.853957
3 0 0 1.24732

3
1 7 3 0.839319
2 0 0 1.00644
3 0 0 0.955759

3
1 1 2 0.789783
2 0 0 0.844406
3 0 0 0.995402

1
1 0 0 0.789171

3
1 10 1 0.833543
2 0 0 1.07015
3 0 0 0.819127

3
1 10 1 0.92499
2 0 0 1.02812
3 0 0 0.75633

3
1 10 1 0.872289
2 0 0 0.920665
3 0 0 0.797133

1
1 0 0 0.668491

3
1 9 1 0.90479
2 0 0 0.797002
3 0 0 0.998805

5
1 2 2 0.964217
2 6 1 0.965497
4 0 0 1.13674
5 0 0 0.857862
3 0 0 1.05658

5
1 4 1 0.862173
2 10 1 0.878254
4 0 0 1.02599
5 0 0 0.790524
3 0 0 0.91108

3
1 6 2 0.864697
2 0 0 0.829857
3 0 0 0.948879

3
1 6 2 0.805196
2 0 0 0.769768
3 0 0 0.890577

3
1 1 2 0.869775
2 0 0 0.850041
3 0 0 1.07407

5
1 1 2 0.972508
2 0 0 0.842923
3 0 7227 0.898833
6 0 0 0.9785
7 0 0 1.04493

3
1 3 2 0.841683
2 0 0 0.894256
3 0 0 1.00261

3
1 3 2 0.843564
2 0 0 0.877823
3 0 0 0.903267

1
1 0 0 0.800892

3
1 10 1 0.855103
2 0 0 1.05543
3 0 0 0.816327

3
1 1 1 0.84776
2 0 0 1.04237
3 0 0 0.802534

1
1 0 0 0.843039

1
1 0 0 0.720711

3
1 5 3 0.857607
2 0 0 0.836581
3 0 0 1.06832

1
1 0 0 0.871553

1
1 0 0 0.861334

3
1 5 3 0.897781
2 0 0 0.908152
3 0 0 0.884206

5
1 1 1 0.852851
2 2 3 1.0076
4 0 0 1.06712
5 0 0 1.01229
3 0 0 0.804506

3
1 10 1 0.868863
2 0 0 0.932024
3 0 0 0.861747

1
1 0 0 0.769128

3
1 4 2 0.747076
2 0 0 0.808982
3 0 0 0.9637

3
1 0 9649 0.933304
2 0 0 0.839852
3 0 0 0.952536

3
1 6 2 0.935628
2 0 0 0.906517
3 0 0 0.977526

5
1 4 2 0.814247
2 6 3 0.78596
4 0 0 0.808514
5 0 0 0.912218
3 0 0 1.12986

5
1 3 3 0.778854
2 9 1 0.881921
4 0 0 0.779935
5 0 0 1.09326
3 0 0 1.05302

5
1 1 1 0.92843
2 11 3456 1.17709
4 0 0 1.24564
5 0 0 1.0013
3 0 0 0.752575

3
1 5 2 0.832943
2 0 0 0.761359
3 0 0 1.08028

5
1 9 1 0.903274
2 0 0 0.774887
3 0 8263 1.03182
6 0 0 0.994777
7 0 0 1.01838

7
1 7 2 0.813108
2 1 1 0.897172
4 11 4095 0.963527
8 0 0 0.950825
9 0 0 1.06183
5 0 0 0.77281
3 0 0 0.988837

3
1 10 1 0.923815
2 0 0 0.963344
3 0 0 0.811311

3
1 10 1 0.969188
2 0 0 0.950785
3 0 0 0.91827

3
1 5 3 0.818165
2 0 0 0.853343
3 0 0 1.10895

3
1 0 5675 0.919147
2 0 0 0.833148
3 0 0 0.99687

5
1 0 6419 0.866979
2 4 2 0.9577
4 0 0 0.946776
5 0 0 1.07734
3 0 0 0.993357

5
1 6 1 0.939588
2 0 6980 0.88727
4 0 0 0.912123
5 0 0 0.868121
3 0 0 0.836439

3
1 3 1 0.834495
2 0 0 0.866996
3 0 0 0.934988

3
1 11 2440 0.789528
2 0 0 1.07586
3 0 0 0.903766

3
1 1 1 0.799506
2 0 0 1.05744
3 0 0 0.723244

5
1 11 1671 0.747605
2 0 0 0.785255
3 5 3 0.746428
6 0 0 0.75874
7 0 0 0.943627

5
1 2 3 0.915686
2 0 0 0.864112
3 7 2 0.799325
6 0 0 0.79747
7 0 0 1.0274

1
1 0 0 0.872222

1
1 0 0 0.859825

3
1 9 1 0.960174
2 0 0 0.887295
3 0 0 1.05445

3
1 7 1 0.93355
2 0 0 0.888118
3 0 0 0.997897

3
1 5 3 0.772849
2 0 0 0.80332
3 0 0 1.05686

3
1 10 1 0.944255
2 0 0 1.08646
3 0 0 0.899744

3
1 3 1 0.858397
2 0 0 0.861514
3 0 0 0.853036

3
1 3 1 0.85875
2 0 0 0.950842
3 0 0 1.03984

5
1 4 1 0.865627
2 0 0 0.81569
3 7 1 1.05533
6 0 0 1.0296
7 0 0 0.984238

3
1 9 1 0.874673
2 0 0 0.877199
3 0 0 0.969499

5
1 1 2 0.916201
2 0 0 0.85678
3 11 3478 1.08088
6 0 0 1.19509
7 0 0 1.02471

3
1 10 1 0.899626
2 0 0 1.0287
3 0 0 0.772408

3
1 4 2 0.850381
2 0 0 0.834471
3 0 0 0.917292

1
1 0 0 0.889584

3
1 0 8355 0.89469
2 0 0 0.865587
3 0 0 0.967055

3
1 3 3 0.743505
2 0 0 0.745591
3 0 0 0.981676

3
1 0 787 0.913667
2 0 0 0.866703
3 0 0 0.899966

3
1 7 3 0.748899
2 0 0 0.82324
3 0 0 1.03794

3
1 9 1 0.864726
2 0 0 0.889531
3 0 0 1.00902

3
1 1 1 0.862851
2 0 0 0.936756
3 0 0 0.737707

3
1 10 1 0.810232
2 0 0 0.999697
3 0 0 0.881178

3
1 0 1949 0.892245
2 0 0 0.813043
3 0 0 1.06341

1
1 0 0 0.741679

3
1 1 1 0.915673
2 0 0 1.02311
3 0 0 0.771312

3
1 1 1 0.845549
2 0 0 0.94882
3 0 0 0.875094

1
1 0 0 0.796951

3
1 4 3 0.825577
2 0 0 0.818698
3 0 0 0.99657

3
1 10 1 0.795969
2 0 0 1.00454
3 0 0 0.898008

3
1 6 3 0.870533
2 0 0 0.919584
3 0 0 1.05125

3
1 10 1 0.819741
2 0 0 1.00457
3 0 0 0.758507

3
1 5 2 0.900476
2 0 0 0.939243
3 0 0 0.943274

3
1 9 1 0.880652
2 0 0 0.820429
3 0 0 1.01378

3
1 11 5167 0.761096
2 0 0 0.847243
3 0 0 0.994255

3
1 4 3 0.838973
2 0 0 0.773352
3 0 0 1.02348

3
1 4 2 0.854159
2 0 0 0.797114
3 0 0 1.01358

3
1 10 1 0.931159
2 0 0 1.18558
3 0 0 0.773638

1
1 0 0 0.839517

5
1 4 1 0.84334
2 0 0 0.848496
3 11 2173 0.962965
6 0 0 1.04391
7 0 0 0.802811

5
1 5 1 0.943451
2 4 2 0.953006
4 0 0 0.922869
5 0 0 0.974643
3 0 0 1.00783

3
1 6 2 0.951884
2 0 0 0.943621
3 0 0 1.04513

1
1 0 0 0.87245

3
1 6 3 0.869405
2 0 0 0.867107
3 0 0 0.886196

3
1 3 3 0.691252
2 0 0 0.698492
3 0 0 1.04731

3
1 4 3 0.724785
2 0 0 0.767286
3 0 0 0.942397

3
1 0 354 1.00532
2 0 0 0.884019
3 0 0 0.935389

3
1 4 1 0.954987
2 0 0 0.96692
3 0 0 0.962373

3
1 9 1 0.850167
2 0 0 0.853082
3 0 0 0.9666

3
1 10 1 0.844576
2 0 0 1.06179
3 0 0 0.754561

1
1 0 0 0.728625

3
1 0 6463 0.919152
2 0 0 0.817481
3 0 0 1.03095

1
1 0 0 0.812384

3
1 1 2 0.897707
2 0 0 0.968774
3 0 0 1.08596

3
1 1 1 0.784116
2 0 0 1.03083
3 0 0 0.883393

1
1 0 0 0.856438

5
1 1 2 0.875621
2 0 0 0.809625
3 5 1 1.00914
6 0 0 1.03964
7 0 0 1.0262

5
1 10 1 0.893775
2 2 2 0.996772
4 0 0 1.18544
5 0 0 0.990072
3 0 0 0.865647

3
1 4 3 0.85217
2 0 0 0.915072
3 0 0 1.01382

3
1 10 1 0.872289
2 0 0 1.06322
3 0 0 0.856204

1
1 0 0 0.717219

5
1 9 1 0.80784
2 0 0 0.792495
3 0 3886 1.05531
6 0 0 1.07457
7 0 0 0.990522

1
1 0 0 0.821397

1
1 0 0 0.737154

3
1 2 4 0.78764
2 0 0 0.817141
3 0 0 0.951249

3
1 1 2 0.891418
2 0 0 0.839555
3 0 0 0.932306

3
1 11 126 0.892138
2 0 0 1.0101
3 0 0 0.877842

3
1 1 2 0.972508
2 0 0 0.770522
3 0 0 0.947546

3
1 1 2 0.86979
2 0 0 0.782919
3 0 0 0.960165

3
1 4 2 0.931854
2 0 0 0.821221
3 0 0 1.03676

3
1 4 2 0.918245
2 0 0 0.81221
3 0 0 1.16455

3
1 9 1 0.824132
2 0 0 0.804091
3 0 0 0.92914

3
1 1 1 0.84776
2 0 0 1.05078
3 0 0 0.717556

3
1 6 2 0.935008
2 0 0 0.87002
3 0 0 0.979605

1
1 0 0 0.758368

5
1 1 1 0.875048
2 0 0 0.906413
3 6 3 0.939974
6 0 0 0.866216
7 0 0 1.01583

5
1 3 2 0.95713
2 9 1 0.948799
4 0 0 0.889181
5 0 0 0.917006
3 0 0 0.905709

5
1 11 2108 0.837593
2 6 1 1.06505
4 0 0 1.10783
5 0 0 0.902859
3 0 0 0.921414

3
1 4 3 0.796767
2 0 0 0.880773
3 0 0 0.944423

1
1 0 0 0.815045

3
1 0 5955 0.88845
2 0 0 0.860848
3 0 0 0.946868

5
1 6 3 0.882377
2 5 3 0.780123
4 0 0 0.779626
5 0 0 0.935346
3 0 0 1.0261

1
1 0 0 0.878974

3
1 4 2 0.8034
2 0 0 0.848061
3 0 0 0.97557

3
1 7 1 0.862369
2 0 0 0.831778
3 0 0 1.00986

3
1 9 1 0.847829
2 0 0 0.727144
3 0 0 0.852643

3
1 10 1 0.798765
2 0 0 1.12611
3 0 0 0.78295

3
1 3 3 0.798332
2 0 0 0.757182
3 0 0 1.00191

3
1 11 3408 0.896375
2 0 0 0.928304
3 0 0 0.851089

3
1 2 3 0.872075
2 0 0 0.873606
3 0 0 0.95966

3
1 11 356 0.876673
2 0 0 0.924047
3 0 0 0.81031

3
1 0 4873 0.890054
2 0 0 0.795623
3 0 0 0.986247

3
1 1 2 0.846527
2 0 0 0.780696
3 0 0 0.957182

3
1 10 1 0.871187
2 0 0 1.083
3 0 0 0.82055

1
1 0 0 0.762255

3
1 6 2 0.813717
2 0 0 0.832812
3 0 0 1.00104

1
1 0 0 0.816789

7
1 0 3970 0.896843
2 0 1110 0.918187
4 0 0 0.851934
5 0 0 0.940906
3 10 1 0.90259
6 0 0 1.09715
7 0 0 0.908005

3
1 11 4505 0.913419
2 0 0 1.024
3 0 0 0.884681

3
1 5 2 0.816306
2 0 0 0.798288
3 0 0 1.04564

3
1 10 1 0.907236
2 0 0 0.975083
3 0 0 0.818675

3
1 4 3 0.761283
2 0 0 0.805564
3 0 0 0.952835

1
1 0 0 0.895736

3
1 1 2 0.910918
2 0 0 0.84611
3 0 0 1.05065

5
1 4 1 0.858793
2 0 4213 0.903377
4 0 0 0.844539
5 0 0 0.925573
3 0 0 0.972464

3
1 1 1 0.926087
2 0 0 0.954499
3 0 0 0.758281

3
1 6 3 0.799896
2 0 0 0.74751
3 0 0 0.944464

3
1 7 3 0.882704
2 0 0 0.828139
3 0 0 0.935949

1
1 0 0 0.953123

3
1 0 4952 0.89134
2 0 0 0.887526
3 0 0 1.01891

3
1 1 1 0.956237
2 0 0 1.14735
3 0 0 0.79572

3
1 9 1 0.874673
2 0 0 0.885326
3 0 0 1.04279

3
1 1 2 0.916201
2 0 0 0.914699
3 0 0 1.00981

3
1 1 1 0.830194
2 0 0 1.01773
3 0 0 0.810657

3
1 4 2 0.801646
2 0 0 0.766659
3 0 0 0.807665

3
1 3 2 0.930833
2 0 0 0.90982
3 0 0 1.1632

3
1 1 2 0.864239
2 0 0 0.881086
3 0 0 0.883467

5
1 0 9723 0.841155
2 4 2 0.861276
4 0 0 0.863637
5 0 0 0.985016
3 0 0 1.13461

3
1 4 3 0.842601
2 0 0 0.945177
3 0 0 1.00715

5
1 10 1 0.853624
2 0 3211 0.950567
4 0 0 1.02916
5 0 0 0.956582
3 0 0 0.866277

5
1 9 1 0.864726
2 0 0 0.766824
3 0 8903 0.968309
6 0 0 0.947356
7 0 0 1.05685

3
1 9 1 0.82163
2 0 0 0.885149
3 0 0 1.00834

3
1 10 1 0.810232
2 0 0 0.9704
3 0 0 0.701278

3
1 4 3 0.879185
2 0 0 0.860741
3 0 0 0.956142

3
1 3 1 0.832339
2 0 0 0.829609
3 0 0 0.943105

3
1 1 1 0.915673
2 0 0 1.05175
3 0 0 0.817633

3
1 1 1 0.845549
2 0 0 1.01351
3 0 0 0.835629

7
1 0 4415 0.889904
2 0 3151 0.933316
4 0 0 0.952941
5 1 1 0.946604
10 0 0 1.00166
11 0 0 1.06692
3 0 0 0.997838

3
1 2 3 0.87602
2 0 0 0.855899
3 0 0 0.89312

3
1 10 1 0.795969
2 0 0 1.08526
3 0 0 0.746639

3
1 0 2012 0.965147
2 0 0 0.97343
3 0 0 0.9198

3
1 5 3 0.791516
2 0 0 0.826606
3 0 0 1.02875

3
1 7 3 0.808364
2 0 0 0.819395
3 0 0 0.98684

3
1 6 3 0.803876
2 0 0 0.766553
3 0 0 1.09907

3
1 5 1 0.857951
2 0 0 0.935947
3 0 0 0.972716

1
1 0 0 0.835952

3
1 0 6195 0.858598
2 0 0 0.900336
3 0 0 0.82803

1
1 0 0 0.793842

3
1 1 1 0.839517
2 0 0 1.01149
3 0 0 0.819279

3
1 4 3 0.81803
2 0 0 0.766744
3 0 0 1.00987

5
1 10 1 0.859484
2 11 3213 0.980016
4 0 0 0.974917
5 0 0 0.889769
3 0 0 0.849137

3
1 10 1 0.855829
2 0 0 1.01939
3 0 0 0.734066

5
1 4 1 0.877924
2 0 0 0.932099
3 11 3129 1.0108
6 0 0 1.13682
7 0 0 0.858203

1
1 0 0 0.970292

5
1 5 3 0.877183
2 1 1 0.905162
4 0 0 1.08981
5 0 0 0.813652
3 0 0 1.07554

3
1 11 4713 0.887791
2 0 0 0.918148
3 0 0 0.895418

3
1 11 448 0.904846
2 0 0 0.931527
3 0 0 0.860458

3
1 6 3 0.788208
2 0 0 0.780871
3 0 0 0.960508

5
1 9 1 0.850167
2 0 0 0.827845
3 11 2329 0.987353
6 0 0 1.1374
7 0 0 1.04422

3
1 6 2 0.86304
2 0 0 0.767315
3 0 0 1.20368

3
1 10 1 0.900188
2 0 0 0.9302
3 0 0 0.762158

1
1 0 0 0.795203

3
1 3 1 0.895887
2 0 0 0.832072
3 0 0 0.886882

3
1 4 3 0.783908
2 0 0 0.917428
3 0 0 0.977196

5
1 0 1426 0.926368
2 11 2674 0.942395
4 0 0 0.888578
5 0 0 0.8738
3 0 0 0.946895

1
1 0 0 0.681789

5
1 0 6258 0.877191
2 0 0 0.90499
3 9 1 0.967317
6 0 0 0.99725
7 0 0 0.972131

1
1 0 0 0.951248

3
1 10 1 0.984259
2 0 0 1.13688
3 0 0 0.767178

1
1 0 0 0.875298

5
1 10 1 0.87314
2 2 2 1.0897
4 0 0 1.09973
5 0 0 0.984462
3 0 0 0.884457

3
1 3 2 0.972567
2 0 0 0.923768
3 0 0 0.848068

1
1 0 0 0.766939

3
1 0 8328 0.892168
2 0 0 0.836693
3 0 0 0.920102

3
1 1 2 0.786135
2 0 0 0.806252
3 0 0 1.06795

3
1 0 3287 0.879883
2 0 0 0.9028
3 0 0 0.973873

3
1 11 16 0.898309
2 0 0 0.931718
3 0 0 0.858208

1
1 0 0 0.814268

7
1 1 2 0.86979
2 2 2 0.892433
4 0 0 0.973979
5 0 0 0.971884
3 4 3 0.929928
6 0 0 0.930239
7 0 0 0.964655

3
1 0 1901 0.908672
2 0 0 0.961855
3 0 0 0.954236

5
1 0 8725 0.897861
2 0 0 0.827813
3 0 9005 1.11463
6 0 0 0.999387
7 0 0 0.933873

1
1 0 0 0.850118

3
1 7 2 0.872577
2 0 0 0.858259
3 0 0 0.98353

3
1 0 5640 0.904597
2 0 0 0.858896
3 0 0 0.99827

3
1 6 2 0.873693
2 0 0 0.806826
3 0 0 0.898986

5
1 10 1 0.85252
2 2 2 0.900335
4 0 0 1.10034
5 0 0 0.827564
3 0 0 0.87091

1
1 0 0 0.918599

5
1 11 2499 0.891972
2 0 0 0.818275
3 7 3 0.945267
6 0 0 0.925318
7 0 0 1.02658

3
1 10 1 0.781601
2 0 0 0.898151
3 0 0 0.834809

3
1 5 3 0.840593
2 0 0 0.869284
3 0 0 0.910956

1
1 0 0 0.779508

1
1 0 0 0.766971

5
1 4 3 1.02527
2 0 0 0.958721
3 11 1529 0.976765
6 0 0 0.961262
7 0 0 0.926018

3
1 4 3 0.855736
2 0 0 0.830468
3 0 0 1.06678

5
1 1 2 0.909927
2 0 0 0.841477
3 4 2 1.03907
6 0 0 0.963057
7 0 0 1.03409

3
1 9 1 0.85103
2 0 0 0.802722
3 0 0 0.982543

5
1 2 3 0.845606
2 0 0 0.889075
3 2 4 0.897134
6 0 0 1.00366
7 0 0 0.860872

3
1 9 1 0.833735
2 0 0 0.889554
3 0 0 0.964498

3
1 9 1 0.880942
2 0 0 0.756054
3 0 0 0.942201

3
1 10 1 0.916689
2 0 0 1.02872
3 0 0 0.802703

3
1 10 1 0.804282
2 0 0 1.0873
3 0 0 0.822066

3
1 10 1 0.888133
2 0 0 1.02103
3 0 0 0.777699

1
1 0 0 0.687673

1
1 0 0 0.819921

3
1 4 2 0.971326
2 0 0 0.872909
3 0 0 0.983792

3
1 9 1 0.798412
2 0 0 0.768977
3 0 0 0.970305

3
1 3 3 0.669324
2 0 0 0.702526
3 0 0 0.980612

3
1 3 3 0.959471
2 0 0 0.887773
3 0 0 1.15832

3
1 10 1 0.924923
2 0 0 0.954608
3 0 0 0.826509

1
1 0 0 0.944568

5
1 0 9862 0.888543
2 10 1 0.849621
4 0 0 1.0395
5 0 0 0.832392
3 0 0 0.93989

3
1 4 2 0.826727
2 0 0 0.829346
3 0 0 1.02081

3
1 10 1 0.941315
2 0 0 0.973451
3 0 0 0.958987

5
1 7 3 0.806793
2 0 0 0.784619
3 0 2597 0.852692
6 0 0 0.996002
7 0 0 0.870604

3
1 5 3 0.815671
2 0 0 0.834472
3 0 0 0.996355

3
1 6 3 0.754818
2 0 0 0.744962
3 0 0 1.04392

3
1 0 7221 0.930425
2 0 0 0.918516
3 0 0 0.916913

3
1 3 1 0.786945
2 0 0 0.803832
3 0 0 1.12694

1
1 0 0 0.905974

3
1 4 3 0.884776
2 0 0 0.842906
3 0 0 0.953774

1
1 0 0 0.812936

3
1 7 1 0.948449
2 0 0 0.937943
3 0 0 0.939606

3
1 1 1 0.881878
2 0 0 1.01867
3 0 0 0.850339

3
1 1 2 0.939565
2 0 0 0.779601
3 0 0 0.899183

5
1 1 1 0.850635
2 4 1 1.07875
4 0 0 1.07827
5 0 0 0.888006
3 0 0 0.87137

3
1 10 1 0.899961
2 0 0 1.15786
3 0 0 0.816259

3
1 1 2 0.878377
2 0 0 0.850481
3 0 0 0.905568

3
1 5 3 0.81856
2 0 0 0.830472
3 0 0 1.04391

3
1 3 3 0.931566
2 0 0 0.921942
3 0 0 0.910858

5
1 6 2 0.91011
2 0 0 0.917742
3 2 3 1.02126
6 0 0 0.945313
7 0 0 1.00978

3
1 9 1 0.864726
2 0 0 0.89099
3 0 0 1.00886

3
1 9 1 0.82163
2 0 0 0.858066
3 0 0 0.995408

3
1 7 1 0.901399
2 0 0 0.87869
3 0 0 0.934001

3
1 1 2 0.919283
2 0 0 0.776062
3 0 0 1.02256

3
1 10 1 0.922603
2 0 0 0.978889
3 0 0 0.84114

5
1 6 2 0.825197
2 0 0 0.841134
3 7 1 0.970617
6 0 0 1.02884
7 0 0 1.03329

3
1 1 1 0.845549
2 0 0 0.998947
3 0 0 0.92282

5
1 0 4415 0.889904
2 0 0 0.864979
3 11 5012 0.977348
6 0 0 0.96633
7 0 0 0.910578

5
1 4 2 0.873797
2 1 2 0.898801
4 0 0 0.828198
5 0 0 1.0004
3 0 0 1.02163

3
1 10 1 0.795969
2 0 0 0.965392
3 0 0 0.719255

3
1 11 2589 0.986384
2 0 0 1.03515
3 0 0 0.773231

5
1 10 1 0.824564
2 0 1309 1.15205
4 0 0 0.949697
5 0 0 1.11456
3 0 0 0.778839

3
1 1 1 0.942471
2 0 0 1.00006
3 0 0 0.808458

3
1 5 2 0.797363
2 0 0 0.832645
3 0 0 0.910609

3
1 6 3 0.88237
2 0 0 0.930823
3 0 0 0.885823

5
1 4 2 0.892608
2 0 0 0.906586
3 2 4 1.1632
6 0 0 0.965577
7 0 0 1.02104

5
1 10 1 0.921816
2 0 0 0.941378
3 11 2499 0.901912
6 0 0 0.920817
7 0 0 0.909634

3
1 5 3 0.792748
2 0 0 0.788534
3 0 0 0.839484

3
1 5 3 0.918759
2 0 0 0.894727
3 0 0 0.908084

3
1 5 2 0.879154
2 0 0 0.844577
3 0 0 1.02272

3
1 9 1 0.854268
2 0 0 0.817021
3 0 0 1.05076

3
1 7 3 0.756274
2 0 0 0.734724
3 0 0 0.862404

5
1 4 1 0.877924
2 0 0 0.836228
3 11 3129 1.0108
6 0 0 1.06652
7 0 0 0.799134

3
1 11 5376 0.726972
2 0 0 0.771562
3 0 0 0.934627

5
1 5 3 0.877183
2 1 1 0.905162
4 0 0 1.02902
5 0 0 0.788983
3 0 0 1.01051

3
1 10 1 0.891481
2 0 0 0.89793
3 0 0 0.738421

3
1 1 1 0.835094
2 0 0 1.05798
3 0 0 0.775639

3
1 6 3 0.92614
2 0 0 0.800595
3 0 0 1.01255

3
1 9 1 0.89236
2 0 0 0.873848
3 0 0 1.06208

5
1 9 1 0.922416
2 0 0 0.919761
3 11 4528 1.16389
6 0 0 1.21052
7 0 0 1.02511

3
1 0 8538 0.82547
2 0 0 0.877375
3 0 0 1.00222

3
1 1 2 0.901107
2 0 0 0.796084
3 0 0 0.887431

3
1 7 3 0.815839
2 0 0 0.922186
3 0 0 1.16547

3
1 0 6817 0.807652
2 0 0 0.851878
3 0 0 0.97614

3
1 11 2918 0.88797
2 0 0 0.922353
3 0 0 0.740484

3
1 1 1 0.866476
2 0 0 1.00543
3 0 0 0.794289

1
1 0 0 0.805315

3
1 6 2 0.850819
2 0 0 0.913679
3 0 0 1.07261

3
1 10 1 0.984259
2 0 0 0.932582
3 0 0 0.654508

3
1 3 3 0.900169
2 0 0 0.832909
3 0 0 0.897325

3
1 10 1 0.87314
2 0 0 1.03672
3 0 0 0.785417

1
1 0 0 0.770296

5
1 1 1 0.914095
2 11 1511 1.01411
4 0 0 0.969176
5 0 0 1.0155
3 0 0 0.758261

3
1 11 758 0.885452
2 0 0 0.997297
3 0 0 0.922531

1
1 0 0 0.805237

1
1 0 0 0.769317

1
1 0 0 0.814383

7
1 10 1 0.857592
2 0 0 1.05364
3 4 2 0.90746
6 1 2 0.905706
12 0 0 0.85237
13 0 0 0.918933
7 0 0 1.12105

5
1 1 2 0.86979
2 0 0 0.720843
3 7 1 0.980111
6 0 0 1.04752
7 0 0 1.0814

3
1 9 1 0.829413
2 0 0 0.805159
3 0 0 0.922198

5
1 1 1 0.884663
2 3 1 0.989106
4 0 0 0.946299
5 0 0 0.976494
3 0 0 0.753698

3
1 2 4 0.900409
2 0 0 0.921788
3 0 0 0.91601

1
1 0 0 0.811997

3
1 3 2 0.842063
2 0 0 0.885746
3 0 0 0.95092

5
1 1 1 0.904761
2 0 0 0.93157
3 9 1 0.929116
6 0 0 0.821501
7 0 0 0.931926

3
1 10 1 0.85252
2 0 0 0.878543
3 0 0 0.806834

3
1 3 3 0.940116
2 0 0 0.95803
3 0 0 1.05241

1
1 0 0 0.777422

3
1 4 1 0.87502
2 0 0 0.765193
3 0 0 0.991368

3
1 5 2 0.886695
2 0 0 0.936921
3 0 0 1.07289

3
1 1 1 0.811332
2 0 0 1.10276
3 0 0 0.852018

3
1 10 1 0.828168
2 0 0 0.917301
3 0 0 0.824297

3
1 4 3 0.785047
2 0 0 0.794897
3 0 0 0.921439

3
1 10 1 0.855833
2 0 0 0.987659
3 0 0 0.765637

3
1 4 3 0.708367
2 0 0 0.744052
3 0 0 0.972926

1
1 0 0 0.801548

5
1 1 1 0.854591
2 0 0 0.954349
3 5 2 0.823614
6 0 0 0.836448
7 0 0 1.04053

3
1 3 1 0.856433
2 0 0 0.859956
3 0 0 1.07521

3
1 5 3 0.967645
2 0 0 0.899734
3 0 0 0.932255

7
1 11 1483 1.00132
2 2 3 1.0501
4 0 0 1.15865
5 0 870 0.94559
10 0 0 0.912291
11 0 0 1.05335
3 0 0 0.849842

3
1 7 3 0.870163
2 0 0 0.806287
3 0 0 0.907065

1
1 0 0 0.918249

1
1 0 0 1.00661

1
1 0 0 0.807731

1
1 0 0 0.773945

3
1 3 1 0.839937
2 0 0 0.843073
3 0 0 1.01279

1
1 0 0 0.734505

1
1 0 0 0.7622

3
1 4 2 0.982807
2 0 0 0.959796
3 0 0 0.958074

3
1 4 2 0.893169
2 0 0 0.937301
3 0 0 0.936853

5
1 0 9862 0.888543
2 10 1 0.849621
4 0 0 0.969133
5 0 0 0.751719
3 0 0 0.931586

3
1 7 2 0.731577
2 0 0 0.743914
3 0 0 0.923584

5
1 1 2 0.936877
2 0 0 0.876685
3 0 8107 0.967944
6 0 0 0.883224
7 0 0 0.974466

1
1 0 0 0.876913

3
1 6 2 0.838292
2 0 0 0.824951
3 0 0 0.987325

3
1 6 2 0.809281
2 0 0 0.816121
3 0 0 1.00764

3
1 10 1 0.833158
2 0 0 1.09922
3 0 0 0.77732

1
1 0 0 0.81229

3
1 1 1 0.964633
2 0 0 1.10035
3 0 0 0.856947

3
1 4 2 0.924485
2 0 0 0.929
3 0 0 0.913173

3
1 0 7283 0.956215
2 0 0 0.839565
3 0 0 0.917744

3
1 9 1 0.951308
2 0 0 0.938313
3 0 0 0.977757

3
1 5 3 0.764328
2 0 0 0.727035
3 0 0 1.0505

5
1 1 1 0.890827
2 0 7658 0.850379
4 0 0 0.93455
5 0 0 0.878943
3 0 0 0.779519

9
1 1 1 0.965792
2 0 6134 1.04967
4 7 1 1.06957
8 0 0 1.0728
9 0 0 1.02682
5 0 0 0.982512
3 1 2 0.970458
6 0 0 0.896584
7 0 0 1.04279

3
1 4 1 0.836939
2 0 0 0.871153
3 0 0 0.854871

5
1 1 2 0.878377
2 0 0 0.850753
3 11 3419 1.0815
6 0 0 1.08313
7 0 0 0.992239

1
1 0 0 0.854753

3
1 10 1 0.932609
2 0 0 0.978013
3 0 0 0.794129

1
1 0 0 0.928117

1
1 0 0 0.88425

3
1 0 6942 0.869779
2 0 0 0.814552
3 0 0 0.945935

3
1 9 1 0.865412
2 0 0 0.838345
3 0 0 0.94061

1
1 0 0 0.833815

1
1 0 0 0.829023

3
1 2 3 0.88481
2 0 0 1.0298
3 0 0 0.968931

5
1 6 3 0.896177
2 9 1 0.871111
4 0 0 0.747736
5 0 0 0.969179
3 0 0 0.994514

7
1 2 3 0.920482
2 1 1 0.93392
4 0 0 1.03929
5 0 4902 0.836218
10 0 0 0.738074
11 0 0 0.945447
3 0 0 0.988877

3
1 4 2 0.873797
2 0 0 0.779055
3 0 0 0.976327

3
1 1 2 0.859085
2 0 0 0.88847
3 0 0 1.00437

3
1 10 1 0.871316
2 0 0 1.0689
3 0 0 0.84454

3
1 10 1 0.824564
2 0 0 1.10443
3 0 0 0.72672

3
1 3 3 0.932234
2 0 0 0.884672
3 0 0 0.894333

3
1 5 2 0.914544
2 0 0 0.951209
3 0 0 1.01642

1
1 0 0 0.832068

1
1 0 0 0.91883

3
1 9 1 0.882294
2 0 0 0.764526
3 0 0 1.04487

3
1 4 2 0.790175
2 0 0 0.832217
3 0 0 0.931841

1
1 0 0 0.794714

3
1 7 3 0.793645
2 0 0 0.852915
3 0 0 0.930562

5
1 11 2155 0.931402
2 9 1 1.00158
4 0 0 0.973472
5 0 0 1.05463
3 0 0 0.867347

1
1 0 0 0.825429

5
1 4 1 0.877924
2 0 0 0.848459
3 11 3129 1.0108
6 0 0 1.19501
7 0 0 0.874045

3
1 4 1 0.864007
2 0 0 0.880548
3 0 0 0.823373

5
1 1 2 0.915135
2 0 0 0.926762
3 4 3 1.05761
6 0 0 1.08466
7 0 0 1.07192

3
1 7 3 0.83516
2 0 0 0.851697
3 0 0 0.983282

5
1 1 1 0.835094
2 11 2395 0.971651
4 0 0 0.975207
5 0 0 1.01539
3 0 0 0.706804

3
1 4 2 0.882556
2 0 0 0.839018
3 0 0 1.00836

3
1 11 2327 0.844985
2 0 0 0.846132
3 0 0 0.834615

3
1 6 2 0.797272
2 0 0 0.826249
3 0 0 0.973496

5
1 1 1 0.914917
2 11 5274 0.99155
4 0 0 1.05963
5 0 0 0.858998
3 0 0 0.741749

3
1 0 9196 0.775019
2 0 0 0.769352
3 0 0 0.924349

3
1 9 1 0.916901
2 0 0 0.785993
3 0 0 0.941065

3
1 9 1 0.876507
2 0 0 0.844601
3 0 0 0.957446

7
1 0 3476 0.866333
2 7 2 0.791274
4 0 0 0.858761
5 2 2 0.86342
10 0 0 1.00288
11 0 0 1.04127
3 0 0 1.1594

3
1 10 1 0.861727
2 0 0 0.950749
3 0 0 0.829821

7
1 2 2 0.91278
2 0 0 0.918377
3 6 1 0.900967
6 0 0 0.868288
7 11 3584 0.9839
14 0 0 1.01702
15 0 0 0.979391

3
1 1 1 0.904874
2 0 0 1.00198
3 0 0 0.882464

3
1 10 1 0.984259
2 0 0 1.03205
3 0 0 0.793387

3
1 5 3 0.692129
2 0 0 0.807402
3 0 0 1.12201

3
1 10 1 0.87314
2 0 0 1.06391
3 0 0 0.768216

3
1 7 2 0.934812
2 0 0 0.974228
3 0 0 0.987015

3
1 1 1 0.914095
2 0 0 0.978336
3 0 0 0.852126

3
1 11 2532 0.987556
2 0 0 0.978595
3 0 0 0.955066

3
1 3 3 0.711855
2 0 0 0.729691
3 0 0 1.00599

3
1 9 1 0.874767
2 0 0 0.768296
3 0 0 0.89967

5
1 4 3 0.743609
2 1 1 0.805289
4 0 0 0.918931
5 0 0 0.879115
3 0 0 1.02066

3
1 10 1 0.866859
2 0 0 0.938527
3 0 0 0.720224

3
1 0 4806 0.834497
2 0 0 0.828315
3 0 0 0.9784

5
1 9 1 0.930142
2 1 1 0.940782
4 0 0 0.961453
5 0 0 0.774669
3 0 0 1.06025

3
1 1 1 0.884663
2 0 0 0.953506
3 0 0 0.800352

3
1 6 3 0.804146
2 0 0 0.779594
3 0 0 0.976411

3
1 10 1 0.834067
2 0 0 1.01878
3 0 0 0.848783

1
1 0 0 0.795727

3
1 1 1 0.904761
2 0 0 1.09154
3 0 0 0.741723

1
1 0 0 0.864674

1
1 0 0 0.797606

3
1 6 3 0.895367
2 0 0 0.849539
3 0 0 0.993286

3
1 10 1 0.920482
2 0 0 1.04032
3 0 0 0.892322

5
1 11 2256 0.945181
2 0 0 0.970727
3 0 5700 0.988506
6 0 0 0.880835
7 0 0 1.15607

3
1 0 2306 0.829947
2 0 0 0.854186
3 0 0 0.991107

3
1 10 1 0.828168
2 0 0 1.03211
3 0 0 0.805918

3
1 7 3 0.826032
2 0 0 0.695959
3 0 0 0.987343

3
1 4 3 0.827914
2 0 0 0.843291
3 0 0 1.06667

3
1 1 2 0.835523
2 0 0 0.814213
3 0 0 1.13042

3
1 4 3 0.776393
2 0 0 0.830179
3 0 0 1.10232

3
1 1 1 0.854591
2 0 0 0.962367
3 0 0 0.71338

1
1 0 0 0.919098

3
1 10 1 0.889533
2 0 0 0.985832
3 0 0 0.838719

3
1 9 1 0.761142
2 0 0 0.780806
3 0 0 0.875475

3
1 10 1 0.897889
2 0 0 1.24563
3 0 0 0.684456

1
1 0 0 0.817248

3
1 4 3 0.792883
2 0 0 0.759509
3 0 0 0.958946

3
1 6 3 0.899841
2 0 0 0.910457
3 0 0 0.944155

3
1 3 1 0.901379
2 0 0 0.807573
3 0 0 0.973693

3
1 1 2 0.841449
2 0 0 0.795918
3 0 0 1.04687

3
1 11 134 0.852548
2 0 0 1.10487
3 0 0 0.884318

1
1 0 0 0.853371

3
1 2 1 0.835051
2 0 0 0.915974
3 0 0 0.844256

3
1 0 6711 0.872066
2 0 0 0.866556
3 0 0 0.959295

3
1 6 2 0.787883
2 0 0 0.8582
3 0 0 0.973248

1
1 0 0 0.860694

5
1 11 3109 0.93389
2 4 1 0.930774
4 0 0 0.89992
5 0 0 0.983395
3 0 0 0.84529

3
1 4 3 0.851001
2 0 0 0.882986
3 0 0 1.17355

3
1 11 71 0.807782
2 0 0 0.902554
3 0 0 0.780833

3
1 9 1 0.827983
2 0 0 0.836127
3 0 0 0.913963

1
1 0 0 0.818385

1
1 0 0 0.785664

3
1 10 1 0.873179
2 0 0 1.01661
3 0 0 0.712545

1
1 0 0 0.92231

3
1 9 1 0.890199
2 0 0 0.809438
3 0 0 0.952114

3
1 4 2 0.97114
2 0 0 0.903799
3 0 0 0.935493

3
1 10 1 0.875156
2 0 0 1.0706
3 0 0 1.06212

3
1 7 3 0.779532
2 0 0 0.830621
3 0 0 1.08644

1
1 0 0 0.847601

3
1 6 2 0.798888
2 0 0 0.824309
3 0 0 0.990437

5
1 1 2 0.878377
2 0 0 0.848949
3 5 3 1.06546
6 0 0 0.98484
7 0 0 0.926134

3
1 2 1 0.912696
2 0 0 0.808889
3 0 0 0.916049

3
1 10 1 0.932609
2 0 0 0.955849
3 0 0 0.69814

3
1 3 3 0.835688
2 0 0 0.806159
3 0 0 1.14589

3
1 1 1 0.912549
2 0 0 0.95519
3 0 0 0.783551

3
1 11 4551 0.940055
2 0 0 0.921162
3 0 0 0.875064

3
1 1 1 0.849525
2 0 0 1.05471
3 0 0 0.855258

1
1 0 0 0.77447

3
1 4 1 0.865693
2 0 0 0.891613
3 0 0 1.00432

3
1 1 1 0.898408
2 0 0 0.920438
3 0 0 0.831258

5
1 5 2 0.797603
2 0 0 0.87565
3 5 3 0.943889
6 0 0 0.984814
7 0 0 1.04222

3
1 1 1 0.913912
2 0 0 0.889777
3 0 0 0.69841

1
1 0 0 0.897793

3
1 9 1 0.874433
2 0 0 0.878974
3 0 0 1.03645

3
1 4 2 0.87053
2 0 0 0.927633
3 0 0 1.11465

3
1 5 3 0.783669
2 0 0 0.806659
3 0 0 1.02439

3
1 9 1 0.947804
2 0 0 0.939812
3 0 0 0.976459

1
1 0 0 0.830084

3
1 0 401 0.863099
2 0 0 0.884702
3 0 0 0.8632

3
1 1 1 0.796105
2 0 0 0.888639
3 0 0 0.827655

7
1 1 2 0.887521
2 0 0 0.812222
3 0 4550 0.95091
6 6 3 1.0234
12 0 0 0.969602
13 0 0 0.946713
7 0 0 1.00057

3
1 0 3296 0.969578
2 0 0 0.949266
3 0 0 1.03622

3
1 1 2 0.955851
2 0 0 0.881774
3 0 0 0.930556

3
1 11 1398 0.868137
2 0 0 0.903681
3 0 0 0.91944

1
1 0 0 0.851836

5
1 5 2 0.869821
2 0 0 0.85113
3 7 1 0.901033
6 0 0 0.930475
7 0 0 0.98978

7
1 4 1 0.877924
2 10 1 0.856965
4 0 0 1.0791
5 0 0 0.819305
3 11 3129 1.0108
6 0 0 1.01207
7 0 0 0.90892

3
1 0 4726 0.895108
2 0 0 1.0133
3 0 0 0.943004

1
1 0 0 0.804145

3
1 4 2 0.790583
2 0 0 0.870864
3 0 0 1.02654

3
1 11 6 0.781819
2 0 0 1.07154
3 0 0 0.765219

3
1 10 1 0.901195
2 0 0 0.954171
3 0 0 0.838226

3
1 0 9451 0.834682
2 0 0 0.894577
3 0 0 1.10349

3
1 2 3 0.800504
2 0 0 0.79104
3 0 0 0.890724

3
1 0 664 0.886898
2 0 0 0.948852
3 0 0 0.886323

3
1 6 3 0.846198
2 0 0 0.797311
3 0 0 1.03122

5
1 4 2 0.79216
2 5 2 0.874143
4 0 0 0.843265
5 0 0 0.962801
3 0 0 0.876418

1
1 0 0 0.813867

5
1 1 2 0.929284
2 6 2 0.766197
4 0 0 0.786141
5 0 0 1.04631
3 0 0 0.909984

3
1 10 1 0.861727
2 0 0 1.01544
3 0 0 0.736883

3
1 9 1 0.904642
2 0 0 0.834766
3 0 0 1.03491

3
1 2 2 0.88369
2 0 0 0.936598
3 0 0 0.900451

3
1 4 3 0.866647
2 0 0 0.879799
3 0 0 0.889528

3
1 11 5232 0.81156
2 0 0 0.790842
3 0 0 0.870506

5
1 10 1 0.87314
2 0 9388 1.02018
4 0 0 1.05582
5 0 0 1.0624
3 0 0 0.899429

3
1 9 1 0.864869
2 0 0 0.920727
3 0 0 1.03636

1
1 0 0 0.892128

3
1 11 2831 0.854437
2 0 0 0.94374
3 0 0 0.715244

3
1 11 1248 0.898037
2 0 0 1.01964
3 0 0 0.901143

3
1 0 3031 0.943794
2 0 0 0.863121
3 0 0 0.924343

3
1 0 9976 0.891791
2 0 0 0.860642
3 0 0 0.928921

3
1 10 1 0.911092
2 0 0 1.0454
3 0 0 0.870961

3
1 6 2 0.838545
2 0 0 0.743642
3 0 0 1.01464

1
1 0 0 0.807306

3
1 1 2 0.825058
2 0 0 0.910991
3 0 0 0.918177

3
1 7 3 0.950004
2 0 0 0.939182
3 0 0 0.998602

3
1 11 108 0.863247
2 0 0 0.978706
3 0 0 0.848536

3
1 0 6715 0.895395
2 0 0 0.798959
3 0 0 0.947959

3
1 1 1 0.904761
2 0 0 1.04294
3 0 0 0.784812

3
1 3 3 0.704557
2 0 0 0.821435
3 0 0 0.95516

3
1 11 2884 0.818698
2 0 0 0.855629
3 0 0 0.829995

3
1 1 1 0.900403
2 0 0 0.909864
3 0 0 0.752977

3
1 3 1 0.902081
2 0 0 0.906788
3 0 0 1.02547

3
1 10 1 0.876943
2 0 0 0.935203
3 0 0 0.860763

3
1 10 1 0.894367
2 0 0 0.951485
3 0 0 0.866169

3
1 4 2 0.899004
2 0 0 0.888402
3 0 0 1.02734

3
1 0 81 0.85367
2 0 0 0.962619
3 0 0 0.850124

5
1 10 1 0.87159
2 0 0 0.979779
3 7 2 0.823387
6 0 0 0.856037
7 0 0 0.923098

3
1 1 2 0.835523
2 0 0 0.765035
3 0 0 0.979126

1
1 0 0 0.753546

3
1 1 1 0.854591
2 0 0 1.022
3 0 0 0.952443

5
1 7 2 0.88383
2 10 1 0.854492
4 0 0 0.930872
5 0 0 0.866623
3 0 0 0.857545

3
1 10 1 0.889533
2 0 0 0.941286
3 0 0 0.781799

3
1 9 1 0.761142
2 0 0 0.875178
3 0 0 0.86188

3
1 10 1 0.897889
2 0 0 1.00323
3 0 0 0.868923

3
1 6 3 0.831912
2 0 0 0.815065
3 0 0 0.897248

3
1 10 1 0.814799
2 0 0 0.954636
3 0 0 0.730519

1
1 0 0 0.767931

3
1 10 1 0.776681
2 0 0 0.921569
3 0 0 0.813321

1
1 0 0 0.775221

5
1 0 2980 0.865281
2 4 2 0.932836
4 0 0 0.864533
5 0 0 1.0517
3 0 0 0.992524

1
1 0 0 0.805134

3
1 3 1 0.909858
2 0 0 0.804047
3 0 0 0.983185

3
1 4 3 0.754718
2 0 0 0.812844
3 0 0 1.06076

3
1 9 1 0.881278
2 0 0 0.76948
3 0 0 1.01394

3
1 7 3 0.852521
2 0 0 0.840931
3 0 0 1.05922

7
1 11 3109 0.93389
2 4 1 0.930774
4 0 0 0.771954
5 0 0 1.26548
3 0 1296 0.882779
6 0 0 0.903166
7 0 0 0.943454

5
1 11 2928 0.837179
2 5 3 1.00291
4 0 0 0.956276
5 0 0 1.1271
3 0 0 0.866883

3
1 4 2 0.868191
2 0 0 0.839818
3 0 0 1.03768

3
1 0 1918 0.905704
2 0 0 0.850069
3 0 0 0.994931

1
1 0 0 0.812894

3
1 4 3 0.800761
2 0 0 0.778638
3 0 0 0.986336

3
1 6 2 0.82916
2 0 0 0.798138
3 0 0 1.093

3
1 3 3 0.805173
2 0 0 0.824696
3 0 0 0.94335

5
1 9 1 0.890199
2 2 2 0.843111
4 0 0 0.860266
5 0 0 0.832563
3 0 0 1.05014

3
1 0 9820 0.847689
2 0 0 0.826283
3 0 0 0.922558

3
1 9 1 0.77523
2 0 0 0.902804
3 0 0 0.946652

1
1 0 0 0.77878

1
1 0 0 0.682787

3
1 9 1 0.962022
2 0 0 0.845065
3 0 0 1.05476

3
1 1 2 0.799372
2 0 0 0.819416
3 0 0 0.929871

3
1 5 2 0.856009
2 0 0 0.865401
3 0 0 0.939689

3
1 10 1 0.932609
2 0 0 1.01333
3 0 0 0.83909

3
1 5 2 0.888202
2 0 0 0.830154
3 0 0 0.91377

7
1 1 1 0.912549
2 11 2870 1.14254
4 0 0 1.0336
5 0 0 1.04822
3 4 1 0.969241
6 0 0 0.8966
7 0 0 0.960116

5
1 1 2 0.908653
2 1 1 0.932006
4 0 0 1.08799
5 0 0 0.85048
3 0 0 1.03529

3
1 6 3 0.91397
2 0 0 0.947343
3 0 0 0.89531

9
1 1 2 0.877587
2 4 2 0.926666
4 0 0 0.897053
5 0 0 0.951284
3 11 3726 1.01648
6 11 1559 1.07316
12 0 0 1.04443
13 0 0 0.984209
7 0 0 0.966363

3
1 10 1 0.89141
2 0 0 1.16118
3 0 0 0.741509

3
1 10 1 0.883192
2 0 0 1.18139
3 0 0 0.725973

5
1 5 2 0.819976
2 0 0 0.762689
3 5 3 1.12901
6 0 0 0.959975
7 0 0 0.949616

3
1 10 1 0.847074
2 0 0 1.00356
3 0 0 0.775037

5
1 3 1 0.887246
2 0 0 0.92947
3 2 4 0.837003
6 0 0 0.885201
7 0 0 0.765797

3
1 1 1 0.894387
2 0 0 1.0941
3 0 0 0.781153

3
1 4 2 0.892216
2 0 0 0.907777
3 0 0 0.968322

9
1 5 3 0.831801
2 11 5328 0.76409
4 0 0 0.82721
5 0 0 0.946392
3 0 6259 0.980598
6 11 1761 0.963404
12 0 0 0.988037
13 0 0 0.974349
7 0 0 1.04649

3
1 5 2 0.818913
2 0 0 0.805845
3 0 0 0.885722

1
1 0 0 0.869488

5
1 7 1 0.831551
2 0 0 0.878433
3 0 5760 0.961024
6 0 0 0.888362
7 0 0 1.16351

5
1 2 2 0.870991
2 1 1 0.899139
4 0 0 1.09672
5 0 0 0.882913
3 0 0 0.90298

1
1 0 0 0.793635

3
1 11 2935 0.849913
2 0 0 0.941952
3 0 0 0.81988

3
1 9 1 0.866252
2 0 0 0.837977
3 0 0 1.0123

3
1 1 2 0.887787
2 0 0 0.778993
3 0 0 1.03699

3
1 10 1 0.85649
2 0 0 1.04997
3 0 0 0.862423

3
1 3 3 0.874374
2 0 0 0.885804
3 0 0 1.04529

3
1 0 6250 0.88959
2 0 0 0.869473
3 0 0 0.942266

1
1 0 0 0.970326

3
1 3 2 0.892338
2 0 0 0.888608
3 0 0 0.983098

3
1 10 1 0.952696
2 0 0 0.964006
3 0 0 0.806711

5
1 4 3 0.898543
2 10 1 0.880547
4 0 0 0.958541
5 0 0 0.826794
3 0 0 1.05787

3
1 10 1 0.901195
2 0 0 0.950063
3 0 0 0.809515

3
1 10 1 0.826071
2 0 0 0.965821
3 0 0 0.8574

3
1 5 2 0.862733
2 0 0 0.857046
3 0 0 1.05176

3
1 9 1 0.889142
2 0 0 0.923015
3 0 0 0.990319

3
1 6 2 0.872867
2 0 0 0.784275
3 0 0 1.00654

3
1 1 2 0.899071
2 0 0 0.821683
3 0 0 1.00815

3
1 7 2 0.80786
2 0 0 0.773111
3 0 0 0.954669

3
1 9 1 0.936932
2 0 0 0.827569
3 0 0 0.909658

3
1 4 3 0.862864
2 0 0 0.792594
3 0 0 0.935544

1
1 0 0 0.830321

5
1 10 1 0.943393
2 0 0 0.988609
3 2 4 0.910994
6 0 0 0.897006
7 0 0 0.91551

3
1 11 2877 0.904624
2 0 0 1.03871
3 0 0 0.813803

5
1 1 2 0.786102
2 0 0 0.774999
3 7 3 0.936491
6 0 0 0.962929
7 0 0 1.07619

3
1 3 3 0.873753
2 0 0 0.862426
3 0 0 1.10815

3
1 1 1 0.835442
2 0 0 1.01491
3 0 0 0.765277

3
1 5 3 0.911616
2 0 0 0.881937
3 0 0 1.08252

5
1 9 1 0.853351
2 0 0 0.868836
3 0 5038 1.0212
6 0 0 0.983078
7 0 0 1.01011

3
1 3 1 0.910363
2 0 0 0.851923
3 0 0 0.942368

5
1 9 1 0.84487
2 4 2 0.821402
4 0 0 0.785762
5 0 0 0.992442
3 0 0 0.953504

3
1 5 3 0.79683
2 0 0 0.820927
3 0 0 1.04684

3
1 6 2 0.836154
2 0 0 0.803725
3 0 0 0.972455

3
1 0 2972 0.883197
2 0 0 0.888437
3 0 0 1.02197

3
1 5 1 0.899425
2 0 0 1.06571
3 0 0 0.898255

3
1 6 2 0.839728
2 0 0 0.832294
3 0 0 0.959871

3
1 10 1 0.828328
2 0 0 1.00674
3 0 0 0.743479

1
1 0 0 0.88358

1
1 0 0 0.811201

3
1 5 3 0.791715
2 0 0 0.830683
3 0 0 0.953066

3
1 6 1 0.898102
2 0 0 0.877901
3 0 0 0.909364

3
1 6 3 0.816678
2 0 0 0.871637
3 0 0 0.972776

5
1 10 1 0.853496
2 2 2 0.932074
4 0 0 1.06318
5 0 0 0.947757
3 0 0 0.812359

3
1 7 3 0.796282
2 0 0 0.712471
3 0 0 1.10128

3
1 11 1042 0.891055
2 0 0 0.995499
3 0 0 0.898105

3
1 10 1 0.90325
2 0 0 1.09458
3 0 0 0.690512

3
1 4 2 0.788604
2 0 0 0.766828
3 0 0 1.00567

3
1 3 1 0.888992
2 0 0 0.881132
3 0 0 1.00714

3
1 3 2 0.847125
2 0 0 0.755346
3 0 0 1.03246

3
1 6 3 0.893663
2 0 0 0.881294
3 0 0 0.979434

5
1 1 2 0.96229
2 5 2 0.975876
4 0 0 0.927366
5 0 0 0.939676
3 0 0 1.00611

3
1 9 1 0.960254
2 0 0 0.887379
3 0 0 0.996987

3
1 1 2 0.906329
2 0 0 0.941514
3 0 0 1.01479

1
1 0 0 0.831133

3
1 3 1 0.911792
2 0 0 0.769911
3 0 0 0.997001

3
1 10 1 0.875598
2 0 0 1.00803
3 0 0 0.761301

3
1 0 8342 0.840666
2 0 0 0.835891
3 0 0 0.984048

9
1 9 1 0.841726
2 4 2 0.80329
4 0 0 0.869295
5 0 0 1.06769
3 2 2 0.995891
6 0 0 0.979526
7 6 1 1.01303
14 0 0 0.914464
15 0 0 0.975638

3
1 0 1199 0.93148
2 0 0 0.840062
3 0 0 0.998142

3
1 11 3336 0.874569
2 0 0 0.846388
3 0 0 0.842643

3
1 5 2 0.840487
2 0 0 0.772324
3 0 0 1.01008

3
1 3 3 0.74652
2 0 0 0.787922
3 0 0 1.05306

3
1 4 3 0.839605
2 0 0 0.781886
3 0 0 1.08271

1
1 0 0 0.882736

1
1 0 0 0.783144

3
1 1 1 0.907272
2 0 0 1.01534
3 0 0 0.781879

3
1 10 1 0.908717
2 0 0 0.97363
3 0 0 0.861678

5
1 11 3109 0.93389
2 4 1 0.930774
4 0 0 0.824577
5 0 0 1.14532
3 0 0 0.900021

5
1 5 2 0.86556
2 9 1 0.836152
4 0 0 0.886381
5 0 0 1.02059
3 0 0 0.854015

3
1 1 1 0.832109
2 0 0 1.03643
3 0 0 0.847883

3
1 4 2 0.905818
2 0 0 0.902677
3 0 0 0.913867

3
1 1 1 0.905482
2 0 0 0.93937
3 0 0 0.869178

3
1 7 3 0.93832
2 0 0 0.89155
3 0 0 0.868775

3
1 7 2 0.778656
2 0 0 0.809127
3 0 0 0.964332

3
1 6 1 0.866207
2 0 0 0.855263
3 0 0 0.805568

3
1 7 3 0.88448
2 0 0 0.890637
3 0 0 0.897936

1
1 0 0 0.864577

3
1 7 3 0.845093
2 0 0 0.85745
3 0 0 1.07426

3
1 5 2 0.810961
2 0 0 0.869167
3 0 0 1.01483

3
1 7 2 0.775843
2 0 0 0.780117
3 0 0 0.862411

3
1 7 3 0.752089
2 0 0 0.69276
3 0 0 1.0715

5
1 5 3 0.82459
2 0 4365 0.852349
4 0 0 0.828308
5 0 0 0.839667
3 0 0 1.00243

1
1 0 0 0.787467

3
1 6 2 0.878993
2 0 0 0.938948
3 0 0 1.03829

3
1 10 1 0.872409
2 0 0 0.954651
3 0 0 0.866654

3
1 0 5693 0.894084
2 0 0 0.916667
3 0 0 1.01649

3
1 7 1 0.881959
2 0 0 0.821644
3 0 0 0.910097

3
1 1 2 0.820263
2 0 0 0.789284
3 0 0 0.827566

3
1 1 2 0.877587
2 0 0 0.780213
3 0 0 0.968118

5
1 10 1 0.89141
2 11 4341 0.955554
4 0 0 1.03412
5 0 0 0.909853
3 0 0 0.821995

3
1 9 1 0.892068
2 0 0 0.880513
3 0 0 0.978248

1
1 0 0 0.88456

3
1 10 1 0.847074
2 0 0 1.04973
3 0 0 0.725149

3
1 11 4044 0.883392
2 0 0 1.01845
3 0 0 0.959431

5
1 1 1 0.894387
2 6 1 0.980506
4 0 0 0.994737
5 0 0 1.02082
3 0 0 0.712286

1
1 0 0 0.894342

3
1 6 2 0.863669
2 0 0 0.806182
3 0 0 0.929227

3
1 3 1 0.940669
2 0 0 0.923818
3 0 0 0.907388

3
1 5 3 0.861708
2 0 0 0.908615
3 0 0 0.910864

3
1 10 1 1.03304
2 0 0 0.932139
3 0 0 0.886545

3
1 5 3 0.871561
2 0 0 0.858388
3 0 0 0.938722

3
1 5 3 0.863083
2 0 0 0.739924
3 0 0 1.05021

3
1 1 2 0.884523
2 0 0 0.763291
3 0 0 0.993722

3
1 4 2 0.883685
2 0 0 0.87135
3 0 0 1.07389

5
1 10 1 0.870045
2 0 0 1.00419
3 4 3 0.881094
6 0 0 0.882778
7 0 0 0.961141

5
1 10 1 0.85649
2 11 4140 1.07554
4 0 0 1.04307
5 0 0 1.02656
3 0 0 0.871479

5
1 1 2 0.876587
2 11 1950 0.827881
4 0 0 0.937196
5 0 0 0.855825
3 0 0 0.982764

3
1 4 3 0.778319
2 0 0 0.801227
3 0 0 1.18669

5
1 4 3 0.857893
2 10 1 0.811159
4 0 0 1.13071
5 0 0 0.712603
3 0 0 0.875192

1
1 0 0 0.931119

3
1 10 1 0.952696
2 0 0 1.00046
3 0 0 0.834403

3
1 1 2 0.949721
2 0 0 0.879803
3 0 0 1.04841

3
1 4 2 0.904156
2 0 0 0.90182
3 0 0 0.935226

3
1 5 2 0.798656
2 0 0 0.816795
3 0 0 0.973276

3
1 1 1 0.906294
2 0 0 1.01965
3 0 0 0.668219

5
1 1 1 0.949133
2 11 1300 0.999035
4 0 0 1.05259
5 0 0 1.06438
3 0 0 0.785974

3
1 5 3 0.909167
2 0 0 0.983072
3 0 0 1.08223

3
1 1 2 0.899071
2 0 0 0.821762
3 0 0 1.09669

3
1 4 1 0.821458
2 0 0 0.807847
3 0 0 0.9145

3
1 1 2 0.853659
2 0 0 0.90976
3 0 0 1.08712

3
1 10 1 0.822943
2 0 0 0.942443
3 0 0 0.772164

3
1 10 1 0.853107
2 0 0 0.981916
3 0 0 0.815354

3
1 0 6117 0.866502
2 0 0 0.809529
3 0 0 0.971613

3
1 11 2877 0.904624
2 0 0 1.01534
3 0 0 0.846386

3
1 1 2 0.786102
2 0 0 0.816969
3 0 0 0.909787

5
1 10 1 0.866588
2 11 4808 1.02582
4 0 0 1.09262
5 0 0 1.00615
3 0 0 0.871494

3
1 5 3 0.753292
2 0 0 0.752953
3 0 0 0.926099

5
1 5 3 0.766548
2 4 3 0.771292
4 0 0 0.81729
5 0 0 1.04843
3 0 0 1.0462

3
1 7 3 0.891842
2 0 0 0.790351
3 0 0 0.921065

3
1 11 2322 0.930704
2 0 0 0.968996
3 0 0 0.89803

5
1 7 3 0.849016
2 3 3 0.830908
4 0 0 0.846076
5 0 0 0.85769
3 0 0 0.974618

3
1 11 3370 0.953574
2 0 0 0.874769
3 0 0 0.984109

3
1 5 2 0.870061
2 0 0 0.823855
3 0 0 1.05232

1
1 0 0 0.738893

7
1 4 2 0.846935
2 1 2 0.835813
4 0 0 0.79554
5 0 0 1.07138
3 0 648 0.928783
6 0 0 1.11286
7 0 0 0.906142

3
1 10 1 0.881609
2 0 0 0.987697
3 0 0 0.817014

7
1 0 9511 0.785951
2 6 2 0.927604
4 0 0 0.929637
5 0 0 0.984684
3 2 1 1.05282
6 0 0 1.02868
7 0 0 0.999438

1
1 0 0 0.864917

3
1 3 3 0.843373
2 0 0 0.807388
3 0 0 1.03091

7
1 1 1 0.858705
2 0 781 1.02685
4 0 0 1.11903
5 0 0 0.947371
3 11 5373 0.900683
6 0 0 0.970461
7 0 0 1.0965

1
1 0 0 0.880677

3
1 6 3 0.840524
2 0 0 0.76534
3 0 0 1.05082

9
1 1 1 0.912597
2 11 5097 0.844158
4 0 0 1.00948
5 0 0 0.916214
3 2 2 0.92791
6 0 0 0.867046
7 2 4 1.02443
14 0 0 1.00352
15 0 0 0.886871

3
1 7 3 0.757772
2 0 0 0.725166
3 0 0 0.896231

3
1 4 2 0.871333
2 0 0 0.826406
3 0 0 0.979873

1
1 0 0 0.892434

3
1 0 9800 0.794544
2 0 0 0.839361
3 0 0 0.985597

5
1 1 2 0.895053
2 3 2 0.888966
4 0 0 0.93092
5 0 0 0.936785
3 0 0 0.887821

1
1 0 0 0.76594

3
1 6 2 0.880374
2 0 0 0.877735
3 0 0 0.871441

3
1 1 1 0.96233
2 0 0 1.00118
3 0 0 0.897566

5
1 6 2 0.890812
2 0 0 0.853373
3 0 7488 0.981929
6 0 0 0.986108
7 0 0 0.930971

3
1 1 2 0.906329
2 0 0 0.811321
3 0 0 1.00006

3
1 6 2 0.738489
2 0 0 0.720239
3 0 0 0.956885

3
1 10 1 0.941191
2 0 0 1.09276
3 0 0 0.839689

7
1 0 2536 0.875686
2 0 1628 0.870589
4 0 535 0.857287
8 0 0 0.901752
9 0 0 0.982055
5 0 0 0.758435
3 0 0 0.963221

3
1 1 1 0.815925
2 0 0 0.960083
3 0 0 0.805507

3
1 1 1 0.882571
2 0 0 1.01651
3 0 0 0.848448

3
1 4 3 0.751682
2 0 0 0.739633
3 0 0 1.08382

3
1 6 3 0.847029
2 0 0 0.886821
3 0 0 0.902186

3
1 3 3 0.757951
2 0 0 0.77148
3 0 0 0.879751

7
1 9 1 0.895786
2 0 0 0.824921
3 6 1 1.01604
6 0 0 0.979206
7 6 2 1.02868
14 0 0 1.04458
15 0 0 0.955266

3
1 9 1 0.823416
2 0 0 0.825289
3 0 0 1.03911

3
1 0 411 0.83556
2 0 0 0.814721
3 0 0 0.863138

3
1 10 1 0.85347
2 0 0 0.879092
3 0 0 0.833856

1
1 0 0 0.895786

3
1 5 2 0.851156
2 0 0 0.802089
3 0 0 0.952569

5
1 11 3109 0.93389
2 4 1 0.930774
4 0 0 0.875047
5 0 0 1.17515
3 0 0 0.938028

3
1 1 1 0.917309
2 0 0 0.955735
3 0 0 1.01485

5
1 1 1 0.832109
2 7 1 0.884111
4 0 0 1.01799
5 0 0 0.956713
3 0 0 0.798191

3
1 10 1 0.903156
2 0 0 0.883123
3 0 0 0.663403

7
1 3 3 0.857558
2 4 1 0.871284
4 0 0 0.882189
5 7 2 1.029
10 0 0 0.960624
11 0 0 1.03275
3 0 0 0.933033

3
1 9 1 0.840012
2 0 0 0.759112
3 0 0 0.910321

3
1 4 3 0.816714
2 0 0 0.823112
3 0 0 1.00575

3
1 10 1 0.928656
2 0 0 1.05161
3 0 0 0.864964

1
1 0 0 0.815795

3
1 5 1 0.902957
2 0 0 0.964075
3 0 0 0.901722

3
1 9 1 0.90799
2 0 0 0.82992
3 0 0 0.917336

3
1 3 3 0.843971
2 0 0 0.849986
3 0 0 0.841822

5
1 6 2 0.823654
2 0 1587 0.936072
4 0 0 0.854774
5 0 0 0.973866
3 0 0 1.02477

3
1 0 8613 0.920944
2 0 0 0.826757
3 0 0 1.03882

3
1 10 1 0.797342
2 0 0 0.9863
3 0 0 0.829469

3
1 7 3 0.789104
2 0 0 0.889383
3 0 0 0.976873

1
1 0 0 0.777109

3
1 4 3 0.812424
2 0 0 0.723392
3 0 0 1.04807

3
1 5 3 0.885114
2 0 0 0.840349
3 0 0 1.01014

5
1 4 3 0.791391
2 1 2 0.879131
4 0 0 0.882024
5 0 0 1.02255
3 0 0 0.975051

5
1 10 1 0.863529
2 0 0 0.969976
3 4 3 0.675798
6 0 0 0.689154
7 0 0 0.949408

3
1 11 2731 0.89371
2 0 0 0.894162
3 0 0 0.824708

3
1 5 3 0.867603
2 0 0 0.837794
3 0 0 0.942884

3
1 3 1 0.854373
2 0 0 0.883181
3 0 0 1.00585

3
1 0 9914 0.807652
2 0 0 0.852501
3 0 0 1.09427

3
1 10 1 0.862771
2 0 0 0.950034
3 0 0 0.815952

5
1 0 4956 0.861052
2 0 0 0.95405
3 4 2 0.904903
6 0 0 0.923043
7 0 0 0.896418

3
1 4 3 0.781335
2 0 0 0.696261
3 0 0 1.02791

3
1 9 1 0.821611
2 0 0 0.90159
3 0 0 1.12352

3
1 11 1394 0.882376
2 0 0 0.992759
3 0 0 0.869347

1
1 0 0 0.894935

1
1 0 0 0.797801

3
1 9 1 0.87529
2 0 0 0.720783
3 0 0 1.02483

3
1 1 1 0.808153
2 0 0 1.04677
3 0 0 0.891295

1
1 0 0 0.939902

1
1 0 0 0.840799

5
1 10 1 0.828437
2 2 2 1.03059
4 0 0 1.09297
5 0 0 0.943581
3 0 0 0.732735

3
1 1 1 0.90074
2 0 0 1.11142
3 0 0 0.865808

1
1 0 0 0.894308

3
1 7 3 0.846065
2 0 0 0.855213
3 0 0 1.12708

3
1 1 2 0.928138
2 0 0 0.852499
3 0 0 1.08474

3
1 11 3258 0.831374
2 0 0 0.904952
3 0 0 0.760054

3
1 4 2 0.811683
2 0 0 0.85543
3 0 0 1.0189

3
1 10 1 0.952696
2 0 0 1.00671
3 0 0 0.853242

3
1 3 3 0.896667
2 0 0 0.85501
3 0 0 1.00967

3
1 4 3 0.820272
2 0 0 0.770766
3 0 0 1.07083

3
1 0 2058 0.91839
2 0 0 0.845836
3 0 0 1.06172

5
1 1 1 0.906294
2 0 0 1.09776
3 1 2 0.932156
6 0 0 0.870772
7 0 0 0.967885

3
1 1 1 0.949133
2 0 0 0.887165
3 0 0 0.793049

3
1 5 1 0.804089
2 0 0 0.837758
3 0 0 0.790444

5
1 3 1 0.917487
2 0 0 0.879716
3 4 2 1.00258
6 0 0 0.959037
7 0 0 0.968058

3
1 0 4485 0.90049
2 0 0 0.938142
3 0 0 0.91529

3
1 9 1 0.850763
2 0 0 0.828802
3 0 0 0.972125

3
1 0 5167 0.880951
2 0 0 0.758998
3 0 0 1.01335

3
1 10 1 0.853107
2 0 0 1.11373
3 0 0 0.706589

3
1 10 1 0.856824
2 0 0 1.04294
3 0 0 0.720985

5
1 11 2877 0.904624
2 0 0 1.06439
3 7 2 0.90069
6 0 0 0.840976
7 0 0 1.07397

3
1 5 3 0.85527
2 0 0 0.765901
3 0 0 0.957539

3
1 0 1996 1.00459
2 0 0 0.924566
3 0 0 0.926502

3
1 1 2 0.903689
2 0 0 0.879808
3 0 0 1.02337

3
1 10 1 0.896172
2 0 0 1.18381
3 0 0 0.800108

3
1 1 1 0.873582
2 0 0 1.04623
3 0 0 0.871387

1
1 0 0 0.776888

3
1 10 1 0.857418
2 0 0 1.15026
3 0 0 0.882251

3
1 6 2 0.879394
2 0 0 0.877088
3 0 0 1.04727

3
1 10 1 0.85896
2 0 0 0.893141
3 0 0 0.815971

3
1 4 2 0.95393
2 0 0 0.946746
3 0 0 1.00285

3
1 10 1 0.984688
2 0 0 0.95377
3 0 0 0.864825

3
1 10 1 0.881609
2 0 0 1.04711
3 0 0 0.821309

3
1 9 1 0.825564
2 0 0 0.755761
3 0 0 0.947343

3
1 7 3 0.939314
2 0 0 0.928672
3 0 0 1.05668

3
1 5 1 0.907752
2 0 0 0.997294
3 0 0 0.906969

3
1 1 1 0.858705
2 0 0 0.989904
3 0 0 0.786689

3
1 7 3 0.784009
2 0 0 0.863431
3 0 0 1.01001

3
1 4 3 0.715067
2 0 0 0.748337
3 0 0 1.08094

3
1 4 1 0.953847
2 0 0 0.746067
3 0 0 0.905849

3
1 9 1 0.856645
2 0 0 0.827331
3 0 0 1.00306

3
1 5 1 0.93208
2 0 0 0.943516
3 0 0 0.946961

3
1 1 1 0.841509
2 0 0 1.08749
3 0 0 0.783346

3
1 11 704 0.866447
2 0 0 0.898038
3 0 0 0.826688

3
1 9 1 0.904849
2 0 0 0.902734
3 0 0 1.00023

3
1 1 2 0.851509
2 0 0 0.780678
3 0 0 0.937412

3
1 1 1 0.907922
2 0 0 1.07589
3 0 0 0.764932

1
1 0 0 0.750951

3
1 9 1 0.828488
2 0 0 0.716564
3 0 0 0.986574

3
1 3 1 0.864134
2 0 0 0.843572
3 0 0 0.995633

1
1 0 0 0.874921

3
1 5 2 0.902862
2 0 0 0.89831
3 0 0 1.11232

1
1 0 0 0.729818

1
1 0 0 0.860457

3
1 1 1 0.882571
2 0 0 1.06619
3 0 0 0.72241

3
1 9 1 0.851104
2 0 0 0.936997
3 0 0 0.983872

1
1 0 0 0.89771

3
1 5 3 0.802263
2 0 0 0.786221
3 0 0 0.900411

3
1 5 1 0.887124
2 0 0 0.900863
3 0 0 0.795551

3
1 11 251 0.810043
2 0 0 0.915655
3 0 0 0.904838

3
1 4 3 0.846682
2 0 0 0.720872
3 0 0 0.95136

1
1 0 0 0.811878

3
1 6 2 0.85528
2 0 0 0.890355
3 0 0 1.04476

3
1 10 1 0.889207
2 0 0 0.934809
3 0 0 0.872775

5
1 0 9167 0.830631
2 5 3 0.813881
4 0 0 0.834801
5 0 0 0.944007
3 0 0 0.933039

3
1 6 2 0.873892
2 0 0 0.813853
3 0 0 1.01674

3
1 4 2 0.889904
2 0 0 0.901525
3 0 0 1.00393

1
1 0 0 0.856222

3
1 4 1 0.900295
2 0 0 0.895663
3 0 0 1.06413

3
1 5 3 0.897544
2 0 0 0.901536
3 0 0 0.969477

1
1 0 0 0.871403

3
1 10 1 0.928656
2 0 0 1.01404
3 0 0 0.778437

5
1 4 2 0.926509
2 0 0 0.831186
3 2 3 1.09298
6 0 0 1.07992
7 0 0 0.879275

3
1 6 3 0.870331
2 0 0 0.885384
3 0 0 0.92296

3
1 1 1 0.853695
2 0 0 1.11339
3 0 0 0.831953

1
1 0 0 0.817949

5
1 9 1 0.880911
2 0 0 0.815835
3 3 2 1.01914
6 0 0 0.954087
7 0 0 1.06471

5
1 5 3 0.850575
2 0 0 0.907266
3 0 7833 1.03024
6 0 0 1.11422
7 0 0 1.11261

3
1 7 3 0.831281
2 0 0 0.758733
3 0 0 0.922165

3
1 1 2 0.977378
2 0 0 0.767966
3 0 0 1.08971

3
1 10 1 0.944379
2 0 0 1.12621
3 0 0 0.783799

3
1 1 2 0.950783
2 0 0 0.950664
3 0 0 0.867505

3
1 1 1 0.810688
2 0 0 1.06802
3 0 0 0.866686

3
1 1 2 0.834272
2 0 0 0.729061
3 0 0 0.909021

3
1 1 1 0.801903
2 0 0 0.91803
3 0 0 0.818223

1
1 0 0 0.772524

3
1 4 2 0.801418
2 0 0 0.732495
3 0 0 0.994221

3
1 11 2122 0.881813
2 0 0 0.999553
3 0 0 0.795842

3
1 10 1 0.84955
2 0 0 0.865817
3 0 0 0.85399

3
1 10 1 0.931902
2 0 0 0.985775
3 0 0 0.964894

3
1 0 1583 0.865292
2 0 0 0.924946
3 0 0 0.938551

3
1 6 3 0.723988
2 0 0 0.729498
3 0 0 0.927001

5
1 0 6213 0.845053
2 0 0 0.793968
3 6 1 0.987066
6 0 0 0.986364
7 0 0 1.09641

3
1 1 1 0.929732
2 0 0 0.965083
3 0 0 0.797572

1
1 0 0 0.891334

1
1 0 0 0.841983

5
1 7 1 0.805829
2 0 0 0.870242
3 9 1 1.0234
6 0 0 0.886259
7 0 0 1.0187

1
1 0 0 0.858843

1
1 0 0 0.79178

3
1 0 8920 0.891776
2 0 0 0.8659
3 0 0 0.95474

3
1 7 3 0.885261
2 0 0 0.931012
3 0 0 0.91562

3
1 1 1 0.90074
2 0 0 0.949374
3 0 0 0.716666

3
1 4 3 0.781019
2 0 0 0.780232
3 0 0 0.962644

5
1 11 4556 0.872287
2 11 1896 0.928668
4 0 0 0.892428
5 0 0 0.96568
3 0 0 0.930552

3
1 3 1 0.849934
2 0 0 0.90585
3 0 0 0.974996

3
1 9 1 0.851626
2 0 0 0.848649
3 0 0 0.962412

3
1 1 2 0.844875
2 0 0 0.780759
3 0 0 0.896126

3
1 10 1 0.850108
2 0 0 0.951891
3 0 0 0.833973

5
1 0 9652 0.894481
2 0 0 0.865421
3 2 4 0.938879
6 0 0 1.003
7 0 0 0.969245

5
1 9 1 0.831071
2 0 0 0.891489
3 11 3146 1.0942
6 0 0 1.17538
7 0 0 0.920055

1
1 0 0 0.745091

3
1 1 1 0.906294
2 0 0 0.974923
3 0 0 0.833249

3
1 10 1 0.961763
2 0 0 1.03516
3 0 0 0.879241

7
1 5 1 0.93048
2 0 8396 0.941676
4 0 0 0.948958
5 0 0 0.96572
3 2 2 1.05765
6 0 0 1.07286
7 0 0 0.893681

5
1 6 1 0.966674
2 0 0 1.03625
3 4 2 1.00594
6 0 0 0.942592
7 0 0 0.980979

1
1 0 0 0.892434

1
1 0 0 0.863104

3
1 10 1 0.885204
2 0 0 1.04567
3 0 0 0.926714

3
1 10 1 0.853107
2 0 0 0.977614
3 0 0 0.821683

3
1 4 3 0.860131
2 0 0 0.807221
3 0 0 0.953026

3
1 10 1 0.887849
2 0 0 0.963177
3 0 0 0.826389

5
1 2 1 0.840205
2 0 0 0.935936
3 9 1 0.92668
6 0 0 0.900097
7 0 0 0.949902

3
1 3 1 0.862061
2 0 0 0.890791
3 0 0 0.964376

3
1 10 1 0.946936
2 0 0 0.98318
3 0 0 0.769778

3
1 0 3756 0.896786
2 0 0 0.914018
3 0 0 0.959943

3
1 0 7771 0.788422
2 0 0 0.76487
3 0 0 0.903649

5
1 9 1 0.972498
2 0 0 0.777428
3 5 2 0.931574
6 0 0 0.91779
7 0 0 1.00734

3
1 4 2 0.975319
2 0 0 0.879858
3 0 0 0.923838

1
1 0 0 0.845689

3
1 10 1 0.85896
2 0 0 1.03511
3 0 0 0.76342

3
1 0 5088 0.868779
2 0 0 0.828444
3 0 0 1.0229

1
1 0 0 0.799203

3
1 4 2 0.88344
2 0 0 0.86903
3 0 0 0.911088

3
1 2 1 0.802421
2 0 0 0.881539
3 0 0 0.901498

3
1 6 2 0.861331
2 0 0 0.86415
3 0 0 1.06264

3
1 1 1 0.839699
2 0 0 0.911997
3 0 0 0.843307

3
1 1 1 0.858705
2 0 0 0.987457
3 0 0 0.791576

3
1 11 3613 0.899165
2 0 0 0.825579
3 0 0 0.854988

5
1 2 2 0.948644
2 0 0 0.934758
3 1 2 0.930679
6 0 0 0.920955
7 0 0 0.947253

1
1 0 0 0.881424

3
1 10 1 0.885108
2 0 0 0.9222
3 0 0 0.871102

3
1 5 1 0.895402
2 0 0 1.06942
3 0 0 1.01622

3
1 11 1929 0.811416
2 0 0 1.00127
3 0 0 0.840017

1
1 0 0 0.810121

3
1 3 1 0.857069
2 0 0 0.825937
3 0 0 0.99243

3
1 5 3 0.794411
2 0 0 0.849149
3 0 0 0.963763

3
1 1 1 0.907922
2 0 0 0.989306
3 0 0 0.796972

3
1 10 1 0.747366
2 0 0 1.06657
3 0 0 0.784439

5
1 9 1 0.828488
2 1 1 0.885434
4 0 0 1.18974
5 0 0 0.773134
3 0 0 0.953244

3
1 6 2 0.744822
2 0 0 0.813801
3 0 0 0.893486

3
1 3 1 0.857399
2 0 0 0.874415
3 0 0 0.885027

3
1 3 3 0.780406
2 0 0 0.721721
3 0 0 0.949633

3
1 9 1 0.860777
2 0 0 0.83715
3 0 0 0.970078

1
1 0 0 0.758848

3
1 4 3 0.870036
2 0 0 0.936593
3 0 0 0.937864

3
1 10 1 0.793863
2 0 0 0.991846
3 0 0 0.800413

3
1 4 2 0.865068
2 0 0 0.676165
3 0 0 1.01219

5
1 9 1 0.828509
2 0 0 0.797223
3 4 3 0.980019
6 0 0 0.910796
7 0 0 1.03081

3
1 9 1 0.928833
2 0 0 0.769908
3 0 0 1.09599

9
1 7 3 0.817401
2 7 1 0.936029
4 1 2 0.928112
8 0 0 0.906177
9 0 0 0.981476
5 10 1 0.887685
10 0 0 0.876265
11 0 0 0.995585
3 0 0 1.00392

3
1 5 3 0.777496
2 0 0 0.714279
3 0 0 1.11971

3
1 5 1 0.853869
2 0 0 0.864799
3 0 0 0.910825

3
1 5 2 0.881517
2 0 0 0.935467
3 0 0 1.11255

5
1 1 2 0.919125
2 0 0 0.78713
3 0 7662 1.01298
6 0 0 1.09931
7 0 0 1.11404

3
1 9 1 0.852242
2 0 0 0.903759
3 0 0 1.04923

3
1 1 1 0.794849
2 0 0 0.980524
3 0 0 0.733392

3
1 4 1 0.890417
2 0 0 0.913793
3 0 0 0.963806

3
1 6 3 0.817542
2 0 0 0.848023
3 0 0 1.02407

3
1 11 4973 0.813633
2 0 0 0.813855
3 0 0 0.856252

1
1 0 0 0.828734

5
1 2 4 0.834718
2 0 0 0.823774
3 3 2 0.96553
6 0 0 0.882292
7 0 0 1.04859

3
1 10 1 0.798974
2 0 0 0.880493
3 0 0 0.784317

1
1 0 0 0.881814

1
1 0 0 0.825253

3
1 4 1 0.829367
2 0 0 0.817035
3 0 0 0.946122

3
1 7 3 0.871808
2 0 0 0.873192
3 0 0 1.02361

3
1 4 3 0.85125
2 0 0 0.778247
3 0 0 0.953765

3
1 6 3 0.801261
2 0 0 0.948784
3 0 0 1.00061

1
1 0 0 0.886632

3
1 9 1 0.891826
2 0 0 0.907363
3 0 0 1.06743

3
1 10 1 0.944379
2 0 0 1.12117
3 0 0 0.732983

3
1 1 1 0.834743
2 0 0 1.0136
3 0 0 0.749113

1
1 0 0 0.88986

3
1 1 1 0.839468
2 0 0 0.905132
3 0 0 0.841785

1
1 0 0 0.734327

3
1 1 2 0.888354
2 0 0 0.902876
3 0 0 0.967053

5
1 2 2 0.821195
2 9 1 0.955166
4 0 0 0.943922
5 0 0 0.950112
3 0 0 0.928063

1
1 0 0 0.783213

3
1 3 2 0.839086
2 0 0 0.861855
3 0 0 0.903974

3
1 7 2 0.74584
2 0 0 0.751341
3 0 0 0.949624

5
1 2 1 0.892642
2 0 0 1.00264
3 10 1 0.919768
6 0 0 0.963704
7 0 0 0.977194

3
1 7 1 0.823661
2 0 0 0.885842
3 0 0 0.776277

1
1 0 0 0.884201

3
1 1 2 0.875953
2 0 0 0.840969
3 0 0 1.00314

5
1 4 1 0.831475
2 0 0 0.820369
3 11 2719 1.05603
6 0 0 1.08668
7 0 0 0.828654

3
1 5 3 0.734951
2 0 0 0.752052
3 0 0 0.97586

3
1 3 3 0.808333
2 0 0 0.839726
3 0 0 1.01778

3
1 3 3 0.90713
2 0 0 0.76394
3 0 0 1.00648

3
1 4 2 0.906939
2 0 0 0.909201
3 0 0 0.92944

3
1 9 1 0.791423
2 0 0 0.86184
3 0 0 0.995203

3
1 3 3 0.752965
2 0 0 0.734821
3 0 0 0.941465

3
1 1 1 0.90074
2 0 0 0.921673
3 0 0 0.855065

3
1 0 3330 0.839799
2 0 0 0.838573
3 0 0 0.906898

1
1 0 0 0.878168

3
1 10 1 0.889544
2 0 0 0.982063
3 0 0 0.789475

3
1 11 1460 0.954222
2 0 0 0.932171
3 0 0 0.998278

3
1 2 1 0.904999
2 0 0 0.995707
3 0 0 0.951185

3
1 10 1 0.850108
2 0 0 1.03616
3 0 0 0.808381

3
1 2 4 0.885777
2 0 0 0.822322
3 0 0 0.895038

3
1 11 2954 0.893447
2 0 0 1.03219
3 0 0 0.855452

9
1 5 1 0.979748
2 7 1 0.982037
4 10 1 0.954187
8 0 0 1.07821
9 0 0 0.98154
5 0 0 0.951161
3 7 1 0.97275
6 0 0 0.893554
7 0 0 0.95189

3
1 10 1 0.793198
2 0 0 1.04523
3 0 0 0.799128

3
1 10 1 0.961763
2 0 0 1.02684
3 0 0 0.76561

1
1 0 0 0.742748

3
1 2 3 0.96191
2 0 0 0.956798
3 0 0 0.901043

1
1 0 0 0.744697

3
1 5 2 0.932949
2 0 0 0.79534
3 0 0 0.903287

3
1 10 1 0.885204
2 0 0 1.1541
3 0 0 0.768244

3
1 1 1 0.950647
2 0 0 0.963762
3 0 0 0.864011

5
1 9 1 0.883383
2 1 1 0.839192
4 0 0 1.08449
5 0 0 0.88854
3 0 0 0.915692

3
1 9 1 0.888963
2 0 0 0.883414
3 0 0 0.942448

3
1 0 8548 0.832603
2 0 0 0.766903
3 0 0 0.999806

5
1 9 1 0.898772
2 0 0 0.930838
3 0 8794 1.01108
6 0 0 1.10786
7 0 0 0.949256

3
1 10 1 0.975531
2 0 0 0.975823
3 0 0 0.8068

3
1 11 4070 0.97411
2 0 0 1.04483
3 0 0 0.904256

3
1 6 3 0.801502
2 0 0 0.807496
3 0 0 1.0204

3
1 9 1 0.972498
2 0 0 0.744454
3 0 0 1.04434

3
1 1 1 0.907803
2 0 0 1.08298
3 0 0 0.887673

3
1 0 1992 0.904464
2 0 0 0.833608
3 0 0 0.951262

3
1 10 1 0.85896
2 0 0 1.04819
3 0 0 0.931135

3
1 4 3 0.788891
2 0 0 0.840995
3 0 0 1.02092

1
1 0 0 0.778291

1
1 0 0 0.857237

3
1 10 1 0.85632
2 0 0 0.988847
3 0 0 0.804504

3
1 3 1 0.995179
2 0 0 0.88143
3 0 0 0.981978

3
1 4 3 0.882897
2 0 0 0.926254
3 0 0 0.960221

3
1 4 1 0.900663
2 0 0 0.851139
3 0 0 0.850277

3
1 1 2 0.956506
2 0 0 1.01406
3 0 0 1.04887

3
1 1 1 0.841943
2 0 0 0.906852
3 0 0 0.84206

3
1 1 1 0.7515
2 0 0 0.987562
3 0 0 0.7615

3
1 0 8585 0.868662
2 0 0 0.8114
3 0 0 0.967246

3
1 2 1 0.816184
2 0 0 0.932616
3 0 0 1.00675

3
1 7 1 0.892188
2 0 0 0.880521
3 0 0 0.916826

5
1 4 1 0.965037
2 0 0 0.853611
3 5 1 1.00463
6 0 0 1.1483
7 0 0 0.906322

3
1 9 1 0.835086
2 0 0 0.744417
3 0 0 1.05837

3
1 3 3 0.820867
2 0 0 0.785355
3 0 0 0.949215

3
1 1 1 0.907922
2 0 0 1.0912
3 0 0 0.800509

9
1 3 1 0.846334
2 0 0 0.862775
3 5 2 0.969417
6 6 1 0.929
12 4 2 0.954486
24 0 0 0.959579
25 0 0 0.986588
13 0 0 1.20216
7 0 0 1.02813

7
1 9 1 0.828488
2 10 1 0.911751
4 11 82 1.06144
8 0 0 1.06767
9 0 0 1.05835
5 0 0 0.769379
3 0 0 1.13277

3
1 7 3 0.894546
2 0 0 0.853746
3 0 0 0.984916

5
1 1 2 0.977416
2 1 1 0.974317
4 0 0 1.05461
5 0 0 0.848646
3 0 0 0.953937

3
1 6 3 0.821422
2 0 0 0.815389
3 0 0 1.04622

3
1 4 2 0.940866
2 0 0 0.833954
3 0 0 1.01464

5
1 2 2 0.92509
2 3 1 0.901534
4 0 0 0.883215
5 0 0 1.00637
3 0 0 0.949071

1
1 0 0 0.885731

3
1 10 1 0.793863
2 0 0 1.03328
3 0 0 0.805506

3
1 10 1 0.891243
2 0 0 0.971636
3 0 0 0.88175

3
1 6 2 0.81421
2 0 0 0.834956
3 0 0 0.952699

1
1 0 0 0.774934

1
1 0 0 0.811811

3
1 5 2 0.948542
2 0 0 0.807004
3 0 0 0.977042

3
1 10 1 0.958724
2 0 0 1.04844
3 0 0 0.916529

1
1 0 0 0.834256

1
1 0 0 0.791342

3
1 6 3 0.87839
2 0 0 0.81172
3 0 0 0.95945

5
1 6 2 0.80195
2 0 6133 0.830231
4 0 0 0.821915
5 0 0 0.960779
3 0 0 0.986379

3
1 9 1 0.903821
2 0 0 0.776045
3 0 0 0.93805

3
1 1 2 0.892596
2 0 0 0.861611
3 0 0 0.98958

3
1 9 1 0.834263
2 0 0 0.822895
3 0 0 1.00139

3
1 11 5333 0.822658
2 0 0 0.813539
3 0 0 0.875306

1
1 0 0 0.786887

3
1 6 3 0.833853
2 0 0 0.820265
3 0 0 1.02488

3
1 3 3 0.947971
2 0 0 0.96492
3 0 0 1.03903

1
1 0 0 0.96474

3
1 11 2438 0.875582
2 0 0 0.981789
3 0 0 0.776406

1
1 0 0 0.726519

5
1 1 1 0.883146
2 7 1 1.02794
4 0 0 1.02133
5 0 0 0.961124
3 0 0 0.727997

5
1 4 3 0.824393
2 9 1 0.86874
4 0 0 0.811364
5 0 0 1.01041
3 0 0 1.00169

1
1 0 0 0.840924

5
1 7 2 0.782461
2 0 0 0.877702
3 7 3 1.0713
6 0 0 0.961825
7 0 0 1.00831

1
1 0 0 0.742958

3
1 7 1 0.83187
2 0 0 0.785232
3 0 0 0.980777

3
1 6 2 0.803521
2 0 0 0.818925
3 0 0 1.0179

3
1 1 1 0.839468
2 0 0 1.05224
3 0 0 0.80384

5
1 4 1 1.01794
2 0 0 0.801395
3 11 3341 1.03931
6 0 0 1.09643
7 0 0 0.950724

3
1 1 1 0.919363
2 0 0 1.025
3 0 0 0.778652

3
1 3 3 0.798532
2 0 0 0.836695
3 0 0 1.04891

1
1 0 0 0.894306

3
1 1 2 0.925876
2 0 0 0.798095
3 0 0 0.993233

3
1 6 3 0.961204
2 0 0 0.929847
3 0 0 0.935327

1
1 0 0 0.871736

3
1 0 9793 0.825873
2 0 0 0.861119
3 0 0 0.982603

1
1 0 0 0.779936

3
1 7 2 0.881737
2 0 0 0.874734
3 0 0 1.03163

5
1 4 1 0.831475
2 0 0 0.945461
3 11 2719 1.05603
6 0 0 1.16367
7 0 0 0.861148

3
1 10 1 0.844702
2 0 0 1.02996
3 0 0 0.755391

3
1 3 3 0.693744
2 0 0 0.90407
3 0 0 0.932286

3
1 2 2 0.845688
2 0 0 1.03556
3 0 0 0.894574

3
1 4 2 0.75497
2 0 0 0.747743
3 0 0 1.07786

3
1 3 2 0.914451
2 0 0 0.772964
3 0 0 0.982928

1
1 0 0 0.874428

3
1 1 1 0.84425
2 0 0 0.964525
3 0 0 0.85951

1
1 0 0 0.783042

5
1 5 3 0.831575
2 4 3 0.801735
4 0 0 0.79848
5 0 0 0.950876
3 0 0 1.0134

3
1 9 1 0.869064
2 0 0 0.861625
3 0 0 0.938919

3
1 11 219 0.821
2 0 0 0.910558
3 0 0 0.784643

3
1 10 1 0.919029
2 0 0 0.997784
3 0 0 0.72585

3
1 9 1 0.918735
2 0 0 0.855616
3 0 0 0.946108

3
1 5 3 0.839333
2 0 0 0.875066
3 0 0 1.05028

5
1 1 1 0.914347
2 0 0 0.961934
3 1 2 0.949832
6 0 0 0.860677
7 0 0 0.905224

3
1 7 3 0.968983
2 0 0 0.97293
3 0 0 1.0061

3
1 10 1 0.793198
2 0 0 1.06316
3 0 0 0.926009

3
1 7 2 0.845733
2 0 0 0.90144
3 0 0 1.00801

1
1 0 0 0.821498

3
1 5 2 0.776095
2 0 0 0.815525
3 0 0 0.996156

3
1 10 1 0.765857
2 0 0 1.14932
3 0 0 0.717378

3
1 11 5276 0.834416
2 0 0 0.872271
3 0 0 0.973474

3
1 9 1 0.838898
2 0 0 0.833439
3 0 0 0.827573

3
1 2 1 0.899555
2 0 0 1.10063
3 0 0 0.879931

3
1 1 2 0.829644
2 0 0 0.733375
3 0 0 1.01736

3
1 0 1550 0.809465
2 0 0 0.864076
3 0 0 0.853846

3
1 1 1 0.849857
2 0 0 0.969121
3 0 0 0.762416

3
1 6 3 0.746962
2 0 0 0.752885
3 0 0 1.03915

3
1 10 1 0.975531
2 0 0 1.04266
3 0 0 0.818408

1
1 0 0 0.891319

3
1 6 2 0.772885
2 0 0 0.884466
3 0 0 1.08655

3
1 10 1 0.859188
2 0 0 0.964072
3 0 0 0.906501

3
1 1 1 0.907803
2 0 0 0.861193
3 0 0 0.813744

3
1 0 3044 0.897696
2 0 0 0.9615
3 0 0 0.867641

3
1 5 3 0.813935
2 0 0 0.762602
3 0 0 1.10043

3
1 11 2830 0.906687
2 0 0 1.08804
3 0 0 0.907162

3
1 9 1 0.875101
2 0 0 0.878893
3 0 0 0.896353

1
1 0 0 0.85144

3
1 3 3 0.831008
2 0 0 0.776481
3 0 0 0.909049

3
1 5 3 0.832106
2 0 0 0.867805
3 0 0 1.14201

1
1 0 0 0.86904

3
1 1 1 0.93705
2 0 0 1.01549
3 0 0 0.703869

3
1 10 1 0.855201
2 0 0 1.00339
3 0 0 0.799029

3
1 1 1 0.841943
2 0 0 1.04889
3 0 0 0.869926

1
1 0 0 0.776999

3
1 9 1 0.885164
2 0 0 0.8804
3 0 0 0.994535

3
1 4 1 0.853491
2 0 0 1.01284
3 0 0 0.971456

3
1 1 1 0.852632
2 0 0 1.03576
3 0 0 0.70528

3
1 1 1 1.00331
2 0 0 0.962979
3 0 0 0.91655

1
1 0 0 0.771474

3
1 1 1 0.923662
2 0 0 0.947165
3 0 0 0.818612

3
1 4 1 0.933988
2 0 0 0.938204
3 0 0 1.02686

3
1 4 2 0.825603
2 0 0 0.810446
3 0 0 0.844215

3
1 9 1 0.94203
2 0 0 0.927384
3 0 0 1.05385

3
1 11 4058 0.959871
2 0 0 0.963759
3 0 0 0.971812

3
1 1 2 0.977416
2 0 0 0.8719
3 0 0 1.10748

3
1 6 3 0.897599
2 0 0 0.88552
3 0 0 1.08329

3
1 10 1 0.950302
2 0 0 0.94223
3 0 0 0.886329

3
1 1 2 0.827506
2 0 0 0.861293
3 0 0 0.934776

5
1 9 1 0.855971
2 0 0 0.876495
3 4 3 0.909293
6 0 0 0.848286
7 0 0 0.930335

3
1 10 1 0.793863
2 0 0 1.08675
3 0 0 0.818901

3
1 6 1 0.850472
2 0 0 0.919778
3 0 0 0.939216

1
1 0 0 0.864978

3
1 11 1458 0.838476
2 0 0 0.979164
3 0 0 0.923198

1
1 0 0 0.807635

3
1 5 1 0.870945
2 0 0 0.93658
3 0 0 0.847077

1
1 0 0 0.831674

3
1 11 1642 0.879784
2 0 0 1.02187
3 0 0 0.869648

5
1 1 1 0.733144
2 2 3 0.958635
4 0 0 0.999267
5 0 0 0.920041
3 0 0 0.759358

3
1 4 3 0.861073
2 0 0 0.920819
3 0 0 1.09134

5
1 5 2 0.859363
2 0 0 0.887405
3 0 7359 0.950749
6 0 0 1.01397
7 0 0 0.973505

1
1 0 0 0.921266

1
1 0 0 0.813407

3
1 5 2 0.742251
2 0 0 0.756317
3 0 0 0.965912

3
1 4 3 0.77284
2 0 0 0.715949
3 0 0 0.97027

1
1 0 0 0.827527

3
1 4 3 0.862301
2 0 0 0.873309
3 0 0 0.984058

1
1 0 0 0.772642

3
1 4 1 0.862976
2 0 0 0.934858
3 0 0 0.966183

7
1 10 1 0.974159
2 0 3954 0.943399
4 11 1129 0.991248
8 0 0 0.950804
9 0 0 1.02401
5 0 0 0.99265
3 0 0 0.739631

3
1 0 1284 0.871433
2 0 0 0.909641
3 0 0 0.912022

5
1 7 2 0.908343
2 0 0 0.818718
3 7 3 0.942289
6 0 0 0.936648
7 0 0 1.01157

3
1 11 580 0.881448
2 0 0 0.967766
3 0 0 0.915726

3
1 4 2 0.761917
2 0 0 0.735895
3 0 0 0.979829

3
1 5 1 0.959451
2 0 0 0.93938
3 0 0 0.994768

3
1 10 1 0.790833
2 0 0 0.92473
3 0 0 0.836555

1
1 0 0 0.741879

3
1 3 1 0.930224
2 0 0 0.786136
3 0 0 1.06851

5
1 9 1 0.816594
2 0 0 0.874805
3 7 2 0.929852
6 0 0 0.97826
7 0 0 1.1051

3
1 1 2 0.863225
2 0 0 0.711536
3 0 0 0.978304

1
1 0 0 0.869213

3
1 7 3 0.843873
2 0 0 0.758553
3 0 0 0.933001

1
1 0 0 0.839345

3
1 10 1 0.903482
2 0 0 1.01494
3 0 0 0.765954

3
1 10 1 0.895244
2 0 0 1.04778
3 0 0 0.81407

3
1 11 4097 0.864763
2 0 0 0.871158
3 0 0 0.887357

5
1 9 1 0.839593
2 0 0 0.826915
3 11 4449 1.01855
6 0 0 1.01477
7 0 0 0.944723

1
1 0 0 0.906553

3
1 10 1 0.831749
2 0 0 0.944199
3 0 0 0.779111

5
1 4 1 0.831475
2 0 0 0.754934
3 11 2719 1.05603
6 0 0 1.04046
7 0 0 0.766852

3
1 4 2 0.783452
2 0 0 0.79103
3 0 0 0.848267

3
1 0 2294 0.944853
2 0 0 0.797862
3 0 0 1.02321

3
1 1 2 0.911179
2 0 0 0.826226
3 0 0 0.878878

5
1 1 1 0.869495
2 11 657 1.01582
4 0 0 0.995989
5 0 0 1.0515
3 0 0 0.927284

1
1 0 0 0.716838

7
1 10 1 0.795501
2 2 2 0.988034
4 11 5130 1.05223
8 0 0 1.04383
9 0 0 1.01119
5 0 0 0.941362
3 0 0 0.86976

3
1 10 1 0.817659
2 0 0 1.05851
3 0 0 0.95049

5
1 11 1065 0.898198
2 0 0 0.926609
3 11 3428 0.849543
6 0 0 0.922991
7 0 0 0.922595

1
1 0 0 0.694327

3
1 9 1 0.872125
2 0 0 0.807046
3 0 0 1.07559

3
1 5 2 0.96682
2 0 0 0.91767
3 0 0 1.05118

3
1 10 1 0.814051
2 0 0 0.979176
3 0 0 0.759418

3
1 1 2 0.898571
2 0 0 0.797689
3 0 0 1.17802

1
1 0 0 0.716692

3
1 6 2 0.885014
2 0 0 0.801153
3 0 0 0.963377

1
1 0 0 0.946156

1
1 0 0 0.86649

1
1 0 0 0.813567

3
1 10 1 0.842698
2 0 0 1.09783
3 0 0 0.834518

3
1 1 2 0.865227
2 0 0 0.780857
3 0 0 0.901948

3
1 6 2 0.942459
2 0 0 0.802314
3 0 0 1.05042

1
1 0 0 0.845941

3
1 7 2 0.884847
2 0 0 1.00347
3 0 0 0.932487

3
1 10 1 0.844284
2 0 0 1.02569
3 0 0 0.921402

3
1 1 2 0.829644
2 0 0 0.770576
3 0 0 0.984059

3
1 9 1 0.910655
2 0 0 0.839112
3 0 0 1.03336

1
1 0 0 0.919694

3
1 0 1757 0.871013
2 0 0 0.945892
3 0 0 0.968825

3
1 10 1 0.975531
2 0 0 0.995643
3 0 0 0.738788

3
1 0 3143 0.931766
2 0 0 0.819842
3 0 0 0.954816

3
1 10 1 0.832681
2 0 0 1.08299
3 0 0 0.750079

1
1 0 0 0.806033

3
1 9 1 0.796144
2 0 0 0.866086
3 0 0 1.09548

3
1 9 1 0.831946
2 0 0 0.767502
3 0 0 1.04619

3
1 6 3 0.867953
2 0 0 0.846077
3 0 0 0.946631

3
1 3 2 0.902147
2 0 0 0.857878
3 0 0 0.969376

5
1 11 2585 0.977294
2 10 1 1.01738
4 0 0 1.10242
5 0 0 1.03015
3 0 0 0.776858

5
1 5 3 0.767745
2 0 8548 0.785159
4 0 0 0.775459
5 0 0 0.881163
3 0 0 1.16063

5
1 11 155 0.850318
2 0 0 0.968921
3 4 1 0.846693
6 0 0 0.805025
7 0 0 1.03361

3
1 1 1 0.846312
2 0 0 1.0414
3 0 0 0.788259

1
1 0 0 0.874198

3
1 6 2 0.872469
2 0 0 0.749715
3 0 0 1.0798

3
1 10 1 0.855201
2 0 0 1.05055
3 0 0 0.931599

3
1 1 1 0.841943
2 0 0 0.986845
3 0 0 0.76774

1
1 0 0 0.768343

3
1 10 1 0.907537
2 0 0 1.03977
3 0 0 0.798613

3
1 10 1 0.964225
2 0 0 1.16427
3 0 0 0.727671

1
1 0 0 0.869733

3
1 0 2600 0.897745
2 0 0 0.903208
3 0 0 0.983175

7
1 6 2 0.869493
2 1 2 0.826411
4 0 0 0.842045
5 0 0 0.911088
3 0 1474 0.975125
6 0 0 0.947245
7 0 0 0.976316

3
1 4 2 0.783104
2 0 0 0.840258
3 0 0 1.1658

1
1 0 0 0.790457

3
1 1 1 0.885855
2 0 0 1.05636
3 0 0 0.8153

3
1 9 1 0.94203
2 0 0 0.748607
3 0 0 1.13989

1
1 0 0 0.893186

5
1 11 2152 0.990112
2 0 0 0.958256
3 9 1 0.997359
6 0 0 0.956933
7 0 0 1.03038

1
1 0 0 0.849188

5
1 11 2966 0.886678
2 0 0 0.968251
3 4 1 0.902103
6 0 0 1.03516
7 0 0 0.875518

3
1 4 2 0.86393
2 0 0 0.9739
3 0 0 1.06212

3
1 1 1 0.852238
2 0 0 0.866357
3 0 0 0.790218

3
1 10 1 0.793863
2 0 0 1.01759
3 0 0 0.770731

3
1 9 1 0.892385
2 0 0 0.757412
3 0 0 0.969837

3
1 1 2 0.894327
2 0 0 0.868695
3 0 0 0.929665

5
1 10 1 0.890347
2 0 4023 1.04241
4 0 0 1.03244
5 0 0 1.0502
3 0 0 0.84616

3
1 3 1 0.920899
2 0 0 0.882473
3 0 0 1.03885

5
1 9 1 0.818958
2 11 109 0.809757
4 0 0 0.946688
5 0 0 0.796035
3 0 0 0.984298

3
1 1 1 0.855686
2 0 0 1.0475
3 0 0 0.871754

3
1 10 1 0.94685
2 0 0 1.03499
3 0 0 0.762655

3
1 1 1 0.984875
2 0 0 0.953359
3 0 0 0.963134

3
1 2 3 0.931607
2 0 0 0.928975
3 0 0 0.956119

3
1 4 3 0.751242
2 0 0 0.763221
3 0 0 0.964794

3
1 1 2 0.927421
2 0 0 0.716476
3 0 0 1.03328

3
1 1 1 0.847983
2 0 0 1.07442
3 0 0 0.924717

3
1 10 1 0.815277
2 0 0 0.92054
3 0 0 0.812629

5
1 7 1 0.907747
2 11 2076 0.894683
4 0 0 0.921529
5 0 0 0.829108
3 0 0 0.972207

3
1 7 1 0.893482
2 0 0 0.798557
3 0 0 0.928173

3
1 6 2 0.831331
2 0 0 0.857539
3 0 0 1.12817

1
1 0 0 0.814201

3
1 0 8319 0.873467
2 0 0 0.903198
3 0 0 1.02082

3
1 10 1 0.974159
2 0 0 0.977606
3 0 0 0.713239

3
1 10 1 0.784214
2 0 0 1.01848
3 0 0 0.757702

3
1 2 4 0.876171
2 0 0 0.883552
3 0 0 0.976521

5
1 10 1 0.879016
2 3 1 0.987445
4 0 0 1.00285
5 0 0 0.862864
3 0 0 0.809743

3
1 6 2 0.797514
2 0 0 0.818332
3 0 0 0.982656

3
1 5 2 0.828354
2 0 0 0.910694
3 0 0 0.915202

3
1 4 3 0.771963
2 0 0 0.876226
3 0 0 1.10716

3
1 3 3 0.786398
2 0 0 0.757656
3 0 0 1.05902

1
1 0 0 0.769507

3
1 9 1 0.816594
2 0 0 0.811332
3 0 0 1.00206

3
1 4 2 0.871966
2 0 0 0.864927
3 0 0 0.980716

7
1 10 1 0.907425
2 0 0 1.04482
3 3 2 0.817036
6 5 2 0.851619
12 0 0 0.874863
13 0 0 1.03903
7 0 0 0.918379

3
1 4 2 0.861458
2 0 0 0.86686
3 0 0 0.9822

1
1 0 0 0.784052

3
1 11 1373 0.873775
2 0 0 0.897621
3 0 0 0.891224

3
1 0 9342 0.802645
2 0 0 0.811214
3 0 0 0.839254

3
1 0 4068 0.921626
2 0 0 0.80263
3 0 0 1.02401

3
1 5 2 0.805283
2 0 0 0.820539
3 0 0 0.90263

3
1 5 3 0.832277
2 0 0 0.813565
3 0 0 1.08763

1
1 0 0 0.779771

5
1 4 1 0.831475
2 0 0 0.826267
3 11 2719 1.05603
6 0 0 1.03692
7 0 0 0.833413

1
1 0 0 0.776589

3
1 3 3 0.75577
2 0 0 0.862944
3 0 0 0.997124

3
1 2 1 0.858951
2 0 0 0.995138
3 0 0 0.95618

5
1 0 2134 0.887562
2 4 2 0.917289
4 0 0 0.894817
5 0 0 0.904385
3 0 0 0.884982

5
1 1 2 0.90567
2 0 0 0.941455
3 2 1 0.903351
6 0 0 0.949555
7 0 0 0.946919

3
1 4 3 0.872147
2 0 0 0.856637
3 0 0 1.1181

1
1 0 0 0.762511

3
1 1 1 0.9088
2 0 0 1.1628
3 0 0 0.849432

1
1 0 0 0.765876

1
1 0 0 0.806704

3
1 1 1 0.887524
2 0 0 1.06142
3 0 0 0.836657

3
1 5 3 0.860533
2 0 0 0.75792
3 0 0 0.9207

3
1 0 7213 0.933817
2 0 0 0.909355
3 0 0 0.970966

3
1 4 3 0.791405
2 0 0 0.792886
3 0 0 0.931965

7
1 3 2 0.810436
2 3 1 0.855444
4 0 0 0.891086
5 11 4493 0.986846
10 0 0 1.0328
11 0 0 0.992641
3 0 0 1.00069

1
1 0 0 0.785997

1
1 0 0 0.80989

3
1 3 3 0.859758
2 0 0 0.957341
3 0 0 0.912313

1
1 0 0 0.858518

5
1 1 2 0.865227
2 0 0 0.828508
3 0 868 1.02357
6 0 0 0.870564
7 0 0 0.871429

1
1 0 0 0.764788

3
1 7 1 0.85058
2 0 0 0.842804
3 0 0 0.842704

5
1 5 2 0.860123
2 0 2095 0.868534
4 0 0 0.91734
5 0 0 0.891233
3 0 0 0.962339

3
1 0 3344 0.821877
2 0 0 0.874068
3 0 0 0.976748

3
1 2 1 0.870221
2 0 0 0.993543
3 0 0 0.86861

3
1 7 3 0.760549
2 0 0 0.789757
3 0 0 1.06481

3
1 1 1 0.919694
2 0 0 0.975153
3 0 0 0.756187

1
1 0 0 0.946446

5
1 1 2 0.887717
2 1 1 0.858761
4 0 0 0.96718
5 0 0 0.840655
3 0 0 1.01833

3
1 10 1 0.912676
2 0 0 0.947401
3 0 0 0.819896

3
1 5 3 1.02175
2 0 0 0.868442
3 0 0 1.03497

3
1 7 3 0.876845
2 0 0 0.862152
3 0 0 1.0686

3
1 2 2 0.893091
2 0 0 0.982586
3 0 0 0.922297

3
1 5 2 1.00946
2 0 0 0.893196
3 0 0 0.999962

1
1 0 0 0.859464

3
1 4 3 0.904757
2 0 0 0.887216
3 0 0 1.09414

3
1 11 2585 0.977294
2 0 0 0.98444
3 0 0 0.842299

3
1 6 3 0.804335
2 0 0 0.781469
3 0 0 0.9691

3
1 10 1 0.942426
2 0 0 1.02949
3 0 0 0.896361

1
1 0 0 0.760662

9
1 1 2 0.803661
2 0 0 0.80552
3 0 1161 1.03934
6 0 0 0.929502
7 3 2 1.0696
14 3 1 0.887245
28 0 0 0.907355
29 0 0 1.02479
15 0 0 1.00506

5
1 6 2 0.794166
2 0 0 0.90322
3 7 1 0.984524
6 0 0 0.865499
7 0 0 1.07323

3
1 10 1 0.866953
2 0 0 0.921347
3 0 0 0.763622

3
1 11 2850 0.924606
2 0 0 1.03689
3 0 0 0.889761

3
1 10 1 0.81079
2 0 0 1.10601
3 0 0 0.785995

3
1 10 1 0.907537
2 0 0 0.984742
3 0 0 0.781129

5
1 10 1 0.83847
2 5 1 1.08695
4 0 0 0.963419
5 0 0 1.00765
3 0 0 0.821958

3
1 11 2335 0.931534
2 0 0 0.928701
3 0 0 0.942094

3
1 2 2 0.897114
2 0 0 0.984674
3 0 0 0.925007

3
1 9 1 0.796711
2 0 0 0.758561
3 0 0 0.965894

3
1 7 3 0.849596
2 0 0 0.907087
3 0 0 1.03624

5
1 0 9846 0.695571
2 6 3 0.67738
4 0 0 0.683653
5 0 0 1.02168
3 0 0 1.05365

3
1 6 3 0.8308
2 0 0 0.821762
3 0 0 1.12117

3
1 9 1 0.94203
2 0 0 0.873818
3 0 0 1.01384

1
1 0 0 0.808116

3
1 0 4780 0.940994
2 0 0 0.746447
3 0 0 0.977869

1
1 0 0 0.79913

3
1 10 1 0.910676
2 0 0 1.04238
3 0 0 0.880885

3
1 3 2 0.861827
2 0 0 0.853993
3 0 0 0.928155

1
1 0 0 0.898608

3
1 1 1 0.911685
2 0 0 1.09326
3 0 0 0.829726

1
1 0 0 0.88126

3
1 5 3 0.817425
2 0 0 0.814768
3 0 0 1.10664

5
1 6 1 0.988967
2 0 0 0.942145
3 5 1 0.919582
6 0 0 0.907662
7 0 0 1.00049

1
1 0 0 0.942258

5
1 9 1 0.818958
2 0 0 0.799445
3 4 2 0.909989
6 0 0 1.00075
7 0 0 1.07756

5
1 1 1 0.855686
2 2 4 1.06175
4 0 0 0.967588
5 0 0 1.0303
3 0 0 0.809573

3
1 11 4364 0.84486
2 0 0 0.925258
3 0 0 1.02294

1
1 0 0 0.683815

3
1 3 2 0.898502
2 0 0 0.916559
3 0 0 0.967511

3
1 1 2 0.949338
2 0 0 0.933339
3 0 0 0.99462

3
1 10 1 0.885857
2 0 0 0.981811
3 0 0 0.769171

3
1 2 3 0.924936
2 0 0 0.929879
3 0 0 0.906239

1
1 0 0 0.950281

3
1 1 1 0.783089
2 0 0 1.12817
3 0 0 0.817151

3
1 1 1 0.845279
2 0 0 0.932848
3 0 0 0.86404

3
1 9 1 0.815156
2 0 0 0.91634
3 0 0 0.996111

3
1 1 2 0.859929
2 0 0 0.848806
3 0 0 0.966208

5
1 6 2 0.822058
2 0 0 0.817641
3 6 3 1.16027
6 0 0 1.08592
7 0 0 0.846354

3
1 1 2 1.03292
2 0 0 0.734597
3 0 0 0.989821

3
1 1 1 0.901442
2 0 0 1.08139
3 0 0 0.786455

3
1 5 3 0.877372
2 0 0 0.845924
3 0 0 1.13649

3
1 9 1 0.858602
2 0 0 0.828675
3 0 0 1.1923

3
1 11 3274 0.94897
2 0 0 0.883122
3 0 0 0.931266

3
1 7 3 0.846145
2 0 0 0.782004
3 0 0 0.967434

3
1 4 2 0.786615
2 0 0 0.878437
3 0 0 0.944255

1
1 0 0 0.762845

1
1 0 0 0.813103

3
1 1 1 0.897262
2 0 0 0.990996
3 0 0 0.729658

3
1 9 1 0.848233
2 0 0 0.84368
3 0 0 1.02207

3
1 10 1 0.843823
2 0 0 0.989248
3 0 0 0.684147

1
1 0 0 0.941495

1
1 0 0 0.867064

1
1 0 0 0.836013

3
1 6 3 0.798658
2 0 0 0.775815
3 0 0 0.972665

1
1 0 0 0.879032

3
1 10 1 0.905351
2 0 0 0.926399
3 0 0 0.937725

5
1 0 8753 0.784146
2 4 1 0.841572
4 0 0 0.832222
5 0 0 1.0163
3 0 0 1.06186

5
1 3 3 0.831505
2 7 1 0.878406
4 0 0 0.859267
5 0 0 0.997295
3 0 0 1.0028

9
1 4 1 0.831475
2 5 3 0.941082
4 0 0 0.828372
5 0 0 1.0233
3 11 2719 1.05603
6 0 0 1.1724
7 0 529 0.859627
14 0 0 1.00011
15 0 0 0.956954

3
1 5 2 0.808402
2 0 0 0.807179
3 0 0 0.949829

5
1 1 1 0.817131
2 0 0 0.923745
3 7 3 0.736278
6 0 0 0.742713
7 0 0 1.04868

3
1 7 3 0.801187
2 0 0 0.831113
3 0 0 1.01916

3
1 0 3076 0.825626
2 0 0 0.827088
3 0 0 0.905913

3
1 11 1236 0.803186
2 0 0 0.918631
3 0 0 0.819076

3
1 10 1 0.853499
2 0 0 0.887496
3 0 0 0.818203

3
1 1 1 0.822998
2 0 0 1.02624
3 0 0 0.806415

3
1 9 1 0.891976
2 0 0 0.732338
3 0 0 1.04748

5
1 10 1 0.834743
2 5 1 0.991413
4 0 0 0.986303
5 0 0 0.997173
3 0 0 0.954638

1
1 0 0 0.838091

3
1 5 2 0.846322
2 0 0 0.859385
3 0 0 1.05222

3
1 1 1 0.876639
2 0 0 1.00087
3 0 0 0.951236

3
1 9 1 0.850262
2 0 0 0.799288
3 0 0 0.855542

3
1 3 1 0.826759
2 0 0 0.741724
3 0 0 0.990874

1
1 0 0 0.826366

3
1 10 1 0.817141
2 0 0 1.01295
3 0 0 0.75951

1
1 0 0 0.763397

3
1 4 2 0.758185
2 0 0 0.768761
3 0 0 1.04686

1
1 0 0 0.748508

3
1 10 1 0.852935
2 0 0 1.02483
3 0 0 0.717612

3
1 7 2 0.880504
2 0 0 0.863758
3 0 0 1.0284

3
1 5 1 0.875537
2 0 0 0.979599
3 0 0 0.837212

3
1 4 3 0.85752
2 0 0 0.882583
3 0 0 1.02081

3
1 4 3 0.691679
2 0 0 0.705365
3 0 0 0.999876

5
1 11 2911 0.821807
2 11 1124 1.05802
4 0 0 0.951087
5 0 0 1.06982
3 0 0 0.838249

3
1 11 1216 0.928178
2 0 0 1.06405
3 0 0 0.916994

3
1 1 1 0.919694
2 0 0 0.974854
3 0 0 0.843933

3
1 5 3 0.852728
2 0 0 0.786844
3 0 0 0.98838

3
1 1 2 0.887717
2 0 0 0.871201
3 0 0 0.981091

3
1 0 2142 0.917729
2 0 0 0.856804
3 0 0 1.00077

3
1 1 1 0.902744
2 0 0 1.06293
3 0 0 0.818277

3
1 4 3 0.881606
2 0 0 0.841926
3 0 0 0.821248

1
1 0 0 0.993904

5
1 0 3907 0.936308
2 3 2 0.886619
4 0 0 0.888231
5 0 0 1.10744
3 0 0 1.01841

5
1 4 1 0.948763
2 0 0 0.896879
3 11 2685 0.980949
6 0 0 1.02018
7 0 0 0.831927

3
1 3 1 0.916825
2 0 0 0.908235
3 0 0 0.951029

3
1 11 5271 0.841103
2 0 0 0.834884
3 0 0 0.892057

3
1 5 3 0.893683
2 0 0 0.96105
3 0 0 1.05846

5
1 10 1 0.942426
2 4 1 1.14202
4 0 0 1.03812
5 0 0 1.02021
3 0 0 0.903365

3
1 1 1 0.885949
2 0 0 0.886911
3 0 0 0.840791

3
1 4 3 0.834845
2 0 0 0.832082
3 0 0 0.976466

3
1 1 1 1.01041
2 0 0 1.21502
3 0 0 0.799305

3
1 5 2 0.857966
2 0 0 0.879004
3 0 0 0.957617

3
1 10 1 0.846907
2 0 0 1.06804
3 0 0 0.854517

3
1 0 3586 0.845906
2 0 0 0.884342
3 0 0 0.879462

3
1 10 1 0.907537
2 0 0 0.968295
3 0 0 0.758578

3
1 1 2 0.958803
2 0 0 0.792908
3 0 0 1.11361

3
1 9 1 0.914659
2 0 0 0.824337
3 0 0 0.907501

3
1 0 8857 0.932365
2 0 0 0.897793
3 0 0 0.999091

3
1 3 3 0.80746
2 0 0 0.803912
3 0 0 0.893068

3
1 7 3 0.73977
2 0 0 0.745446
3 0 0 0.957637

3
1 11 4557 0.889192
2 0 0 0.93014
3 0 0 0.847139

1
1 0 0 0.981002

3
1 11 5374 0.919506
2 0 0 0.882495
3 0 0 1.12358

5
1 4 3 0.986484
2 7 2 1.00782
4 0 0 0.977409
5 0 0 0.991927
3 0 0 1.13971

3
1 5 3 0.808365
2 0 0 0.864968
3 0 0 1.03752

1
1 0 0 0.661802

3
1 10 1 0.910676
2 0 0 1.07887
3 0 0 0.85859

3
1 2 4 0.785086
2 0 0 0.844353
3 0 0 0.832343

3
1 1 2 0.870898
2 0 0 0.843252
3 0 0 0.957301

3
1 2 3 0.934923
2 0 0 0.904226
3 0 0 0.958406

1
1 0 0 0.81301

3
1 3 1 0.925317
2 0 0 0.796652
3 0 0 0.895474

3
1 10 1 1.06228
2 0 0 0.931232
3 0 0 0.741739

3
1 1 1 0.859362
2 0 0 0.899217
3 0 0 0.817429

3
1 9 1 0.818958
2 0 0 0.766222
3 0 0 0.955519

1
1 0 0 0.847119

5
1 1 1 1.00476
2 2 4 0.96651
4 0 0 0.983006
5 0 0 1.18471
3 0 0 0.789207

3
1 10 1 0.793453
2 0 0 1.09211
3 0 0 0.835213

3
1 9 1 0.824526
2 0 0 0.898385
3 0 0 0.925487

5
1 1 1 0.890895
2 2 2 0.967469
4 0 0 1.04986
5 0 0 0.864032
3 0 0 0.852719

3
1 4 3 0.877263
2 0 0 0.952701
3 0 0 1.00067

3
1 9 1 0.852353
2 0 0 0.828988
3 0 0 1.06484

3
1 4 2 0.848713
2 0 0 0.858661
3 0 0 1.05486

3
1 0 9000 0.850278
2 0 0 0.786413
3 0 0 1.02741

3
1 1 1 0.845279
2 0 0 0.931666
3 0 0 0.850937

3
1 7 3 0.918382
2 0 0 0.898419
3 0 0 0.864887

5
1 10 1 0.905523
2 0 0 1.13884
3 0 3801 0.869241
6 0 0 0.896676
7 0 0 1.10525

3
1 1 2 0.944961
2 0 0 0.770273
3 0 0 1.00266

3
1 4 3 0.859917
2 0 0 0.792481
3 0 0 0.982794

1
1 0 0 0.950685

5
1 0 1630 0.930993
2 0 0 0.943899
3 5 1 0.885691
6 0 0 0.974307
7 0 0 0.969236

1
1 0 0 0.783116

3
1 1 2 0.893428
2 0 0 0.849021
3 0 0 0.92509

3
1 9 1 0.876936
2 0 0 0.820528
3 0 0 1.02065

3
1 4 2 0.882661
2 0 0 0.842444
3 0 0 0.941727

3
1 10 1 0.890653
2 0 0 1.18785
3 0 0 0.820773

5
1 1 2 0.822743
2 0 0 0.801328
3 5 2 1.01348
6 0 0 1.02551
7 0 0 0.922069

3
1 7 2 0.961082
2 0 0 0.884894
3 0 0 1.09204

3
1 9 1 0.848233
2 0 0 0.874546
3 0 0 1.00105

3
1 10 1 0.843823
2 0 0 0.988974
3 0 0 0.773793

3
1 3 3 0.854802
2 0 0 0.904336
3 0 0 1.01169

3
1 0 6857 0.837304
2 0 0 0.774406
3 0 0 0.934462

5
1 4 1 0.82131
2 0 0 0.799379
3 11 2121 0.930416
6 0 0 1.12411
7 0 0 0.786746

3
1 6 3 0.837699
2 0 0 0.848447
3 0 0 0.956107

3
1 6 3 0.783455
2 0 0 0.75106
3 0 0 0.9311

3
1 10 1 0.905351
2 0 0 1.01404
3 0 0 0.757851

3
1 4 2 0.823996
2 0 0 0.863533
3 0 0 1.0878

3
1 10 1 0.851617
2 0 0 0.963053
3 0 0 0.832228

3
1 4 2 0.868679
2 0 0 0.880795
3 0 0 1.0399

3
1 6 3 0.742221
2 0 0 0.731276
3 0 0 1.01241

5
1 7 2 1.04711
2 2 4 0.903661
4 0 0 0.929188
5 0 0 0.913286
3 0 0 1.0043

1
1 0 0 0.860285

3
1 9 1 0.918459
2 0 0 0.90337
3 0 0 1.02051

3
1 5 3 0.765017
2 0 0 0.791292
3 0 0 0.928494

3
1 10 1 0.853499
2 0 0 1.02989
3 0 0 0.726627

1
1 0 0 0.802525

3
1 11 51 0.726048
2 0 0 0.993553
3 0 0 0.719066

3
1 10 1 0.867639
2 0 0 1.14978
3 0 0 0.852926

3
1 1 2 0.843767
2 0 0 0.881223
3 0 0 0.962081

1
1 0 0 0.823211

3
1 11 5083 0.894467
2 0 0 0.908283
3 0 0 0.965482

3
1 4 3 0.857207
2 0 0 0.850605
3 0 0 0.954089

7
1 9 1 0.904285
2 10 1 0.847085
4 0 0 1.052
5 0 0 0.902774
3 11 4286 0.946557
6 0 0 1.0094
7 0 0 0.851853

1
1 0 0 0.881588

1
1 0 0 0.829891

3
1 10 1 0.828927
2 0 0 0.976485
3 0 0 0.868643

3
1 5 2 0.842956
2 0 0 0.833995
3 0 0 1.04005

5
1 1 1 0.856889
2 0 0 1.03173
3 4 1 0.899795
6 0 0 0.882554
7 0 0 0.948056

5
1 11 2799 0.860117
2 7 3 1.05149
4 0 0 1.03531
5 0 0 0.987692
3 0 0 0.771817

5
1 9 1 0.845116
2 0 0 0.749032
3 2 4 0.881503
6 0 0 1.01401
7 0 0 0.978838

5
1 5 3 0.731717
2 6 3 0.760889
4 0 0 0.733774
5 0 0 1.00141
3 0 0 0.914336

3
1 4 3 0.64156
2 0 0 0.675559
3 0 0 1.01764

3
1 6 3 0.847714
2 0 0 0.830827
3 0 0 0.907985

3
1 11 2911 0.821807
2 0 0 0.982053
3 0 0 0.889115

7
1 6 2 0.944113
2 2 1 0.86345
4 0 0 1.01091
5 0 0 0.788031
3 4 1 1.06837
6 0 0 0.928248
7 0 0 0.992641

1
1 0 0 0.901986

1
1 0 0 0.676701

3
1 10 1 0.807044
2 0 0 0.939632
3 0 0 0.856851

1
1 0 0 0.878023

1
1 0 0 0.764026

3
1 1 1 0.867161
2 0 0 0.998902
3 0 0 0.663192

3
1 7 3 0.786489
2 0 0 0.815351
3 0 0 0.955745

3
1 4 2 0.858426
2 0 0 0.663939
3 0 0 1.0184

5
1 4 1 0.948763
2 0 0 0.908761
3 11 2685 0.980949
6 0 0 1.10224
7 0 0 0.830966

3
1 9 1 0.839624
2 0 0 0.89642
3 0 0 1.05399

1
1 0 0 0.759739

5
1 0 9618 0.895216
2 0 0 0.7274
3 5 1 0.949899
6 0 0 0.979852
7 0 0 1.0277

3
1 6 3 0.988371
2 0 0 0.814816
3 0 0 0.995905

3
1 6 3 0.991028
2 0 0 0.973009
3 0 0 0.839349

3
1 1 1 0.873553
2 0 0 1.17036
3 0 0 0.86881

3
1 2 1 0.902921
2 0 0 0.840489
3 0 0 0.873718

3
1 10 1 0.914326
2 0 0 1.07777
3 0 0 0.994366

1
1 0 0 0.786244

3
1 1 1 0.864758
2 0 0 0.982111
3 0 0 0.901767

3
1 6 2 0.813374
2 0 0 0.826772
3 0 0 1.16394

3
1 3 2 0.826504
2 0 0 0.910375
3 0 0 0.982469

3
1 1 2 0.861101
2 0 0 0.86877
3 0 0 0.978871

3
1 2 1 0.906851
2 0 0 0.976851
3 0 0 0.869835

3
1 4 3 0.868333
2 0 0 0.75171
3 0 0 0.929033

5
1 7 2 0.920093
2 4 1 0.931091
4 0 0 0.978103
5 0 0 1.02918
3 0 0 0.944632

3
1 1 1 0.822332
2 0 0 1.04821
3 0 0 0.71051

3
1 7 2 0.883718
2 0 0 0.864745
3 0 0 0.944417

1
1 0 0 0.859562

3
1 0 9823 0.862238
2 0 0 0.942027
3 0 0 0.9527

5
1 10 1 0.868649
2 11 3271 1.02605
4 0 0 1.02139
5 0 0 0.948409
3 0 0 0.801498

7
1 10 1 0.858911
2 5 1 0.936818
4 0 0 1.05371
5 0 0 0.884758
3 7 3 0.832462
6 0 0 0.815009
7 0 0 1.02434

1
1 0 0 0.809618

3
1 4 1 0.838971
2 0 0 0.831668
3 0 0 0.931981

3
1 5 3 0.848156
2 0 0 0.916364
3 0 0 1.04092

3
1 0 9270 0.824079
2 0 0 0.817147
3 0 0 0.984756

3
1 10 1 0.775914
2 0 0 0.994282
3 0 0 0.823231

3
1 7 2 0.890083
2 0 0 0.873645
3 0 0 0.938943

3
1 6 3 0.848169
2 0 0 0.857633
3 0 0 0.991011

3
1 1 1 0.859362
2 0 0 1.02666
3 0 0 0.846379

3
1 9 1 0.818958
2 0 0 0.823568
3 0 0 1.0886

3
1 4 2 0.873746
2 0 0 0.849789
3 0 0 0.988307

1
1 0 0 0.79228

3
1 9 1 0.81061
2 0 0 0.850484
3 0 0 0.946963

1
1 0 0 0.838396

3
1 1 1 0.890895
2 0 0 0.978052
3 0 0 0.720821

5
1 2 4 0.881767
2 4 3 0.83361
4 0 0 0.86381
5 0 0 1.0171
3 0 0 1.05329

5
1 2 2 0.913028
2 0 3333 1.03345
4 0 0 0.941535
5 0 0 1.08363
3 0 0 0.922338

3
1 1 1 0.9462
2 0 0 1.00716
3 0 0 0.757004

5
1 11 2800 0.881872
2 0 0 0.923471
3 1 1 0.90035
6 0 0 0.94785
7 0 0 0.908508

3
1 7 3 0.731844
2 0 0 0.752945
3 0 0 1.02006

3
1 1 1 0.844117
2 0 0 1.07877
3 0 0 0.777251

7
1 10 1 0.926585
2 7 1 1.01714
4 0 0 1.0792
5 0 0 1.07342
3 5 2 0.832607
6 0 0 0.86614
7 0 0 0.941502

3
1 5 2 0.887408
2 0 0 0.910702
3 0 0 0.973884

5
1 0 2868 0.901515
2 0 0 0.771244
3 1 2 0.956306
6 0 0 0.908905
7 0 0 1.01307

1
1 0 0 0.865923

3
1 7 2 0.896452
2 0 0 0.844387
3 0 0 0.998085

3
1 1 2 0.905431
2 0 0 0.831433
3 0 0 0.993824

5
1 11 2221 0.866098
2 1 2 1.06559
4 0 0 1.04631
5 0 0 0.942588
3 0 0 0.896128

3
1 5 3 0.875383
2 0 0 0.923686
3 0 0 0.944798

3
1 10 1 0.886386
2 0 0 1.05396
3 0 0 0.874252

3
1 3 1 0.912049
2 0 0 0.811596
3 0 0 0.935894

5
1 1 2 0.822743
2 0 0 0.876621
3 5 3 1.03205
6 0 0 1.00287
7 0 0 1.04334

3
1 6 3 0.860533
2 0 0 0.850099
3 0 0 0.882219

3
1 9 1 0.833206
2 0 0 0.847979
3 0 0 1.0417

3
1 2 1 0.826957
2 0 0 0.863277
3 0 0 0.806637

3
1 10 1 0.906082
2 0 0 1.07157
3 0 0 0.79806

3
1 9 1 0.900113
2 0 0 0.85373
3 0 0 0.996743

3
1 9 1 0.852856
2 0 0 0.840846
3 0 0 1.01181

3
1 1 2 0.863943
2 0 0 0.91343
3 0 0 0.934947

3
1 1 2 0.880417
2 0 0 0.764489
3 0 0 1.11269

1
1 0 0 0.770327

5
1 4 3 0.809766
2 1 2 0.825545
4 0 0 0.880637
5 0 0 1.01425
3 0 0 1.1342

5
1 7 3 0.942649
2 0 0 0.846253
3 11 3012 0.964301
6 0 0 1.02808
7 0 0 0.891871

3
1 10 1 0.806048
2 0 0 0.915381
3 0 0 0.806189

3
1 7 3 0.807563
2 0 0 0.847261
3 0 0 0.890954

1
1 0 0 0.886595

1
1 0 0 0.759071

1
1 0 0 0.804626

3
1 5 2 0.816774
2 0 0 0.766018
3 0 0 1.02001

3
1 10 1 0.853499
2 0 0 0.984367
3 0 0 0.805652

3
1 9 1 0.943768
2 0 0 0.872301
3 0 0 1.00331

1
1 0 0 0.906175

1
1 0 0 0.867718

1
1 0 0 0.867252

3
1 7 3 0.837623
2 0 0 0.901219
3 0 0 0.916375

3
1 6 3 0.802054
2 0 0 0.758672
3 0 0 0.95185

3
1 10 1 0.879063
2 0 0 1.20885
3 0 0 0.855796

3
1 7 1 0.830395
2 0 0 0.795047
3 0 0 0.913478

7
1 6 2 0.824996
2 0 0 0.790444
3 6 3 0.935533
6 0 2999 0.92507
12 0 0 0.946713
13 0 0 1.02277
7 0 0 1.06176

1
1 0 0 0.782298

5
1 9 1 0.906831
2 0 0 0.890656
3 11 1097 0.949452
6 0 0 1.0208
7 0 0 0.911947

3
1 4 3 0.79715
2 0 0 0.775033
3 0 0 1.00529

3
1 1 1 0.856889
2 0 0 0.94753
3 0 0 0.837836

3
1 4 2 0.824471
2 0 0 0.747844
3 0 0 0.967339

5
1 1 1 0.894292
2 0 8867 0.935503
4 0 0 1.05742
5 0 0 1.08232
3 0 0 0.904748

3
1 2 1 0.867424
2 0 0 0.944282
3 0 0 0.92705

3
1 4 2 0.859728
2 0 0 0.853806
3 0 0 0.954084

3
1 9 1 0.832026
2 0 0 0.785552
3 0 0 1.04434

5
1 11 2911 0.821807
2 3 2 0.975969
4 0 0 1.0027
5 0 0 0.937253
3 0 0 0.752135

3
1 0 8723 0.777369
2 0 0 0.802557
3 0 0 1.10877

3
1 10 1 0.873517
2 0 0 1.08717
3 0 0 0.804614

3
1 4 3 0.888744
2 0 0 0.831833
3 0 0 1.10988

5
1 9 1 0.879178
2 0 0 0.903308
3 3 2 0.979031
6 0 0 0.856552
7 0 0 1.02879

1
1 0 0 0.851533

1
1 0 0 0.85554

3
1 1 1 0.867161
2 0 0 1.03576
3 0 0 0.704858

1
1 0 0 0.917717

3
1 6 2 0.735163
2 0 0 0.816286
3 0 0 1.07067

3
1 4 2 0.758442
2 0 0 0.761696
3 0 0 0.955661

3
1 10 1 0.777684
2 0 0 0.955735
3 0 0 0.747799

1
1 0 0 0.742898

5
1 1 1 0.829988
2 11 1379 0.91526
4 0 0 0.911667
5 0 0 0.967812
3 0 0 0.810617

1
1 0 0 0.804936

1
1 0 0 0.841825

3
1 7 1 0.810861
2 0 0 0.758222
3 0 0 0.924327

3
1 4 3 0.74959
2 0 0 0.724407
3 0 0 1.01711

3
1 5 2 0.853198
2 0 0 0.908567
3 0 0 0.990627

5
1 10 1 0.910349
2 11 354 0.974061
4 0 0 1.01329
5 0 0 1.03145
3 0 0 0.811746

5
1 9 1 0.94254
2 0 0 0.771764
3 11 573 1.04606
6 0 0 1.06463
7 0 0 1.1181

3
1 3 1 0.876346
2 0 0 0.887556
3 0 0 1.07508

3
1 2 3 0.926859
2 0 0 0.898341
3 0 0 0.980657

5
1 9 1 0.965278
2 0 0 0.878103
3 5 1 0.955951
6 0 0 0.911515
7 0 0 1.03441

3
1 5 2 0.88992
2 0 0 0.747841
3 0 0 0.986513

3
1 2 3 0.897406
2 0 0 0.968587
3 0 0 0.8999

3
1 1 1 0.856852
2 0 0 1.00851
3 0 0 0.850844

1
1 0 0 0.758774

3
1 10 1 0.888941
2 0 0 0.929837
3 0 0 0.765907

3
1 6 2 0.749503
2 0 0 0.816539
3 0 0 0.989688

3
1 9 1 0.871161
2 0 0 0.873248
3 0 0 0.990353

3
1 10 1 0.868649
2 0 0 0.91551
3 0 0 0.800924

3
1 9 1 0.817925
2 0 0 0.805288
3 0 0 1.06729

3
1 1 2 1.00081
2 0 0 1.0274
3 0 0 1.05739

3
1 0 9201 0.817554
2 0 0 0.803669
3 0 0 0.994634

1
1 0 0 0.874106

3
1 5 3 0.81
2 0 0 0.821583
3 0 0 1.0688

3
1 10 1 0.775914
2 0 0 0.904158
3 0 0 0.836579

1
1 0 0 0.860446

3
1 9 1 0.892619
2 0 0 0.759323
3 0 0 1.00048

3
1 4 3 0.844802
2 0 0 0.915055
3 0 0 0.926195

3
1 2 1 0.933208
2 0 0 1.01561
3 0 0 0.902955

3
1 5 2 0.861227
2 0 0 0.790012
3 0 0 1.00403

3
1 3 1 0.844885
2 0 0 0.932426
3 0 0 1.09097

3
1 10 1 0.892118
2 0 0 1.11801
3 0 0 0.849625

3
1 10 1 0.945108
2 0 0 0.916337
3 0 0 0.736294

3
1 1 1 0.890895
2 0 0 1.19394
3 0 0 0.842329

3
1 6 3 0.838628
2 0 0 0.828985
3 0 0 1.05652

3
1 10 1 0.932591
2 0 0 0.966707
3 0 0 0.799676

1
1 0 0 0.853383

1
1 0 0 0.930347

3
1 5 2 0.873993
2 0 0 0.887691
3 0 0 0.93247

3
1 9 1 0.865952
2 0 0 0.784357
3 0 0 0.986858

3
1 10 1 0.926585
2 0 0 1.02725
3 0 0 0.765963

3
1 3 2 0.891293
2 0 0 0.833818
3 0 0 0.992893

1
1 0 0 0.828667

3
1 0 7137 0.89707
2 0 0 0.889033
3 0 0 0.993564

3
1 1 2 0.902737
2 0 0 0.819847
3 0 0 0.967598

3
1 10 1 0.920336
2 0 0 1.07303
3 0 0 0.717962

1
1 0 0 1.01832

3
1 1 1 0.964898
2 0 0 0.986331
3 0 0 0.74442

1
1 0 0 0.863673

3
1 9 1 0.92836
2 0 0 0.77347
3 0 0 1.13085

3
1 6 2 0.837487
2 0 0 0.896635
3 0 0 0.883093

5
1 5 3 0.879309
2 11 3778 0.879669
4 0 0 0.911314
5 0 0 0.896917
3 0 0 1.10379

5
1 11 2459 0.968874
2 0 0 0.981367
3 3 3 0.877995
6 0 0 0.83498
7 0 0 1.03525

1
1 0 0 0.831135

5
1 5 3 0.921238
2 11 1410 0.915354
4 0 0 0.990693
5 0 0 0.853175
3 0 0 1.02725

3
1 1 1 0.857974
2 0 0 1.07481
3 0 0 0.863087

3
1 10 1 0.784418
2 0 0 1.02517
3 0 0 0.762942

3
1 2 4 0.795701
2 0 0 0.926313
3 0 0 0.984627

3
1 5 1 0.932973
2 0 0 1.01884
3 0 0 0.945465

3
1 11 2478 0.825091
2 0 0 0.865725
3 0 0 0.802354

1
1 0 0 0.784323

3
1 6 2 0.848182
2 0 0 0.910042
3 0 0 1.11132

3
1 6 3 0.908421
2 0 0 0.909281
3 0 0 0.924984

3
1 10 1 0.816444
2 0 0 0.999543
3 0 0 0.835582

3
1 1 2 0.913956
2 0 0 0.838598
3 0 0 1.07626

3
1 7 1 0.922839
2 0 0 0.938191
3 0 0 0.880248

3
1 6 3 0.764327
2 0 0 0.772023
3 0 0 0.911667

3
1 5 3 0.904557
2 0 0 0.826512
3 0 0 0.967663

3
1 10 1 0.933295
2 0 0 0.940201
3 0 0 0.838224

3
1 10 1 0.867916
2 0 0 0.933498
3 0 0 0.917069

3
1 7 3 0.692121
2 0 0 0.720372
3 0 0 0.883341

3
1 4 2 0.841721
2 0 0 0.834141
3 0 0 0.997977

3
1 9 1 0.896079
2 0 0 0.752049
3 0 0 0.946389

3
1 5 3 0.743122
2 0 0 0.852164
3 0 0 1.12374

3
1 3 3 0.840036
2 0 0 0.841006
3 0 0 1.02642

5
1 1 1 0.942077
2 7 1 1.11532
4 0 0 1.06721
5 0 0 0.983398
3 0 0 0.814262

3
1 4 3 0.880455
2 0 0 0.795835
3 0 0 0.907196

3
1 1 1 1.01563
2 0 0 0.967127
3 0 0 0.942007

5
1 4 1 0.89535
2 9 1 0.904906
4 0 0 0.979096
5 0 0 0.973494
3 0 0 1.05244

5
1 11 5324 0.850696
2 0 0 0.90416
3 9 1 0.983562
6 0 0 1.00675
7 0 0 1.02652

3
1 4 2 0.871536
2 0 0 0.798298
3 0 0 0.87524

3
1 0 5372 0.925061
2 0 0 0.806154
3 0 0 0.881343

1
1 0 0 0.845648

3
1 0 6659 0.9213
2 0 0 0.863229
3 0 0 0.91806

3
1 10 1 0.871272
2 0 0 0.948041
3 0 0 0.770519

1
1 0 0 0.771239

3
1 0 8765 0.926744
2 0 0 0.77883
3 0 0 1.01685

5
1 11 2911 0.821807
2 4 1 0.968683
4 0 0 0.847119
5 0 0 1.37319
3 0 0 0.914821

3
1 10 1 0.799884
2 0 0 1.08881
3 0 0 0.837008

3
1 10 1 0.873517
2 0 0 1.02703
3 0 0 0.806791

1
1 0 0 0.740448

5
1 7 2 0.844741
2 0 0 0.856847
3 0 1288 0.910607
6 0 0 0.966048
7 0 0 1.06189

1
1 0 0 0.877838

3
1 7 2 0.796092
2 0 0 0.866257
3 0 0 0.998126

3
1 4 3 0.798449
2 0 0 0.867186
3 0 0 0.97645

5
1 0 9414 0.829625
2 7 2 0.83573
4 0 0 0.852541
5 0 0 1.02487
3 0 0 1.02458

1
1 0 0 0.80913

3
1 11 1544 0.983406
2 0 0 0.998335
3 0 0 0.901531

3
1 10 1 0.777684
2 0 0 0.913796
3 0 0 0.686526

3
1 9 1 0.855095
2 0 0 0.865158
3 0 0 1.03129

1
1 0 0 0.749659

3
1 4 3 0.765924
2 0 0 0.831695
3 0 0 1.03522

3
1 9 1 0.86557
2 0 0 0.796651
3 0 0 0.957305

5
1 10 1 0.889342
2 5 1 0.973622
4 0 0 1.0586
5 0 0 0.929596
3 0 0 0.83658

1
1 0 0 0.88661

1
1 0 0 0.73639

3
1 4 1 0.869145
2 0 0 0.792019
3 0 0 0.918791

3
1 0 8811 0.941061
2 0 0 0.833397
3 0 0 0.89791

3
1 4 3 0.793144
2 0 0 0.795204
3 0 0 1.07278

5
1 1 1 0.886595
2 0 0 1.01247
3 1 2 0.8917
6 0 0 0.900934
7 0 0 1.09867

1
1 0 0 0.865496

1
1 0 0 0.823715

3
1 10 1 0.921873
2 0 0 0.978397
3 0 0 0.83071

3
1 3 3 0.842347
2 0 0 0.830872
3 0 0 0.926723

3
1 10 1 0.931219
2 0 0 1.0004
3 0 0 0.834293

3
1 0 5780 0.956561
2 0 0 1.09834
3 0 0 1.08421

1
1 0 0 0.771088

3
1 5 3 0.796027
2 0 0 0.795612
3 0 0 1.01426

3
1 3 3 0.923579
2 0 0 0.943923
3 0 0 0.909641

1
1 0 0 0.802272

3
1 11 5096 0.834026
2 0 0 0.88226
3 0 0 0.867613

3
1 11 5334 0.788821
2 0 0 0.692536
3 0 0 0.962202

5
1 1 1 0.923897
2 5 1 1.07755
4 0 0 1.133
5 0 0 1.04308
3 0 0 0.799227

3
1 9 1 0.8706
2 0 0 0.834106
3 0 0 0.978827

3
1 11 2933 0.952815
2 0 0 0.932757
3 0 0 0.938085

3
1 4 3 0.793531
2 0 0 0.813726
3 0 0 0.984628

3
1 9 1 0.878219
2 0 0 0.820909
3 0 0 1.05319

5
1 3 1 0.983554
2 11 65 0.95048
4 0 0 0.97835
5 0 0 0.904564
3 0 0 0.867868

3
1 11 3059 0.953431
2 0 0 1.04733
3 0 0 0.929068

3
1 10 1 0.891638
2 0 0 1.02938
3 0 0 0.846864

3
1 3 1 0.844885
2 0 0 0.824161
3 0 0 1.01428

3
1 10 1 0.892118
2 0 0 0.984553
3 0 0 0.823034

3
1 10 1 0.945108
2 0 0 0.983495
3 0 0 0.760858

3
1 3 3 0.819601
2 0 0 0.780791
3 0 0 1.04339

3
1 1 1 0.897701
2 0 0 0.996458
3 0 0 0.883988

3
1 10 1 0.932591
2 0 0 0.901655
3 0 0 0.789412

1
1 0 0 0.899052

3
1 4 3 0.829604
2 0 0 0.75872
3 0 0 1.05361

5
1 0 3467 0.915995
2 0 0 0.846163
3 0 5764 0.988577
6 0 0 0.885889
7 0 0 1.09608

5
1 5 2 0.932552
2 0 0 0.830449
3 0 2798 1.01727
6 0 0 0.98586
7 0 0 0.941253

3
1 4 3 0.911716
2 0 0 0.831199
3 0 0 0.876002

3
1 5 3 0.965541
2 0 0 0.859965
3 0 0 1.13672

1
1 0 0 0.980962

3
1 10 1 0.911526
2 0 0 1.15159
3 0 0 0.917324

1
1 0 0 0.906434

3
1 4 3 0.812274
2 0 0 0.708026
3 0 0 1.03945

1
1 0 0 0.841604

3
1 1 1 0.964898
2 0 0 1.05285
3 0 0 0.867081

5
1 3 3 0.827736
2 0 0 0.833039
3 0 2219 0.996088
6 0 0 1.01561
7 0 0 1.04589

3
1 1 2 0.820144
2 0 0 0.872386
3 0 0 1.01419

3
1 9 1 0.881088
2 0 0 0.798902
3 0 0 1.03587

3
1 1 1 0.873191
2 0 0 1.01899
3 0 0 0.782212

3
1 1 1 0.797966
2 0 0 1.00764
3 0 0 0.834208

1
1 0 0 0.88796

1
1 0 0 0.823152

3
1 9 1 0.874123
2 0 0 0.8215
3 0 0 0.916877

3
1 10 1 0.784418
2 0 0 1.02203
3 0 0 0.76202

1
1 0 0 0.942114

3
1 4 3 0.759056
2 0 0 0.971975
3 0 0 1.0769

3
1 1 1 0.885373
2 0 0 0.929372
3 0 0 0.788934

5
1 11 2456 0.899997
2 2 1 1.06326
4 0 0 1.11164
5 0 0 0.984774
3 0 0 0.836619

5
1 10 1 0.891212
2 0 0 1.06275
3 9 1 0.897126
6 0 0 0.899534
7 0 0 1.00128

3
1 5 3 0.73457
2 0 0 0.76209
3 0 0 1.05704

3
1 9 1 0.772917
2 0 0 0.780496
3 0 0 0.930259

3
1 7 2 0.87777
2 0 0 0.862943
3 0 0 0.853278

3
1 7 3 0.92978
2 0 0 0.922744
3 0 0 1.02002

3
1 3 3 0.906828
2 0 0 0.833396
3 0 0 1.00726

3
1 10 1 0.820839
2 0 0 0.995254
3 0 0 0.830343

3
1 1 1 0.921562
2 0 0 0.998822
3 0 0 0.921886

3
1 10 1 0.931891
2 0 0 0.952122
3 0 0 0.766044

3
1 1 2 0.861636
2 0 0 0.809477
3 0 0 1.01182

3
1 4 3 0.815814
2 0 0 0.888258
3 0 0 1.01303

1
1 0 0 0.824491

3
1 6 2 0.837248
2 0 0 0.893399
3 0 0 1.02769

3
1 1 2 0.87714
2 0 0 0.893549
3 0 0 1.01525

1
1 0 0 0.738007

5
1 3 2 0.862423
2 11 2615 0.970856
4 0 0 1.04762
5 0 0 0.83661
3 0 0 0.971113

3
1 4 2 0.759695
2 0 0 0.844228
3 0 0 0.911024

5
1 0 9660 0.881969
2 0 0 0.906449
3 1 1 0.917755
6 0 0 1.19765
7 0 0 1.08161

3
1 9 1 0.857612
2 0 0 0.774016
3 0 0 0.996952

3
1 3 3 0.839323
2 0 0 0.812914
3 0 0 1.04892

3
1 1 2 0.904604
2 0 0 0.775605
3 0 0 1.03897

3
1 1 1 0.887909
2 0 0 1.01513
3 0 0 0.799918

3
1 4 1 0.964977
2 0 0 0.894862
3 0 0 0.927218

3
1 2 4 0.909932
2 0 0 0.842044
3 0 0 0.909832

3
1 0 4046 0.962752
2 0 0 0.874401
3 0 0 0.924895

3
1 10 1 0.905348
2 0 0 0.999464
3 0 0 0.829824

3
1 0 2684 0.907917
2 0 0 0.783132
3 0 0 1.12959

3
1 10 1 0.799884
2 0 0 0.973445
3 0 0 0.852454

3
1 10 1 0.873517
2 0 0 1.0083
3 0 0 0.762621

3
1 0 9162 0.815947
2 0 0 0.766694
3 0 0 0.952905

3
1 4 2 0.835603
2 0 0 0.766237
3 0 0 0.966209

3
1 6 2 0.852537
2 0 0 0.922303
3 0 0 1.02856

3
1 1 1 0.833628
2 0 0 0.945885
3 0 0 0.805747

3
1 3 3 0.758809
2 0 0 0.670338
3 0 0 1.08041

3
1 1 2 0.849583
2 0 0 0.806434
3 0 0 0.946965

3
1 6 3 0.784659
2 0 0 0.80342
3 0 0 0.936367

3
1 1 2 0.853007
2 0 0 0.846265
3 0 0 0.922385

3
1 10 1 0.777684
2 0 0 0.999569
3 0 0 0.764002

3
1 11 1309 0.806726
2 0 0 0.934528
3 0 0 0.874901

1
1 0 0 0.828397

3
1 1 1 0.848619
2 0 0 0.995943
3 0 0 0.785795

1
1 0 0 0.740821

1
1 0 0 0.967329

3
1 10 1 0.762235
2 0 0 0.934502
3 0 0 0.772243

5
1 3 3 0.840243
2 9 1 0.918296
4 0 0 0.816115
5 0 0 0.977722
3 0 0 1.08657

3
1 0 1606 0.825659
2 0 0 0.918822
3 0 0 0.890725

3
1 4 3 0.839315
2 0 0 0.807707
3 0 0 0.938309

1
1 0 0 0.821506

3
1 5 3 0.747606
2 0 0 0.742595
3 0 0 0.997797

3
1 4 2 0.96111
2 0 0 0.760916
3 0 0 0.924941

3
1 2 2 0.872342
2 0 0 0.867724
3 0 0 0.839065

5
1 9 1 0.897013
2 11 70 0.853916
4 0 0 0.936473
5 0 0 0.86177
3 0 0 0.923256

3
1 1 1 0.786704
2 0 0 1.00553
3 0 0 0.79055

3
1 10 1 0.931219
2 0 0 1.01378
3 0 0 0.742647

5
1 6 1 0.924644
2 2 1 0.945039
4 0 0 1.03946
5 0 0 0.839561
3 0 0 0.934964

1
1 0 0 0.800528

5
1 3 1 0.834056
2 0 0 0.845614
3 10 1 1.06958
6 0 0 1.02
7 0 0 1.12058

3
1 4 2 0.885988
2 0 0 0.827551
3 0 0 0.962577

3
1 4 2 0.82737
2 0 0 0.938754
3 0 0 0.99954

5
1 1 2 0.890977
2 0 0 0.717651
3 3 2 0.946406
6 0 0 0.912534
7 0 0 1.00546

3
1 11 5384 0.770682
2 0 0 0.911285
3 0 0 1.00158

3
1 4 3 0.798841
2 0 0 0.775288
3 0 0 0.984187

3
1 10 1 0.907212
2 0 0 0.971258
3 0 0 0.811325

3
1 0 2683 0.90721
2 0 0 0.816122
3 0 0 1.02792

1
1 0 0 0.810686

3
1 2 2 0.916255
2 0 0 0.851501
3 0 0 0.982537

3
1 9 1 0.831948
2 0 0 0.810476
3 0 0 1.04323

3
1 10 1 0.825919
2 0 0 0.915545
3 0 0 0.731271

3
1 11 4958 0.88993
2 0 0 0.821726
3 0 0 0.908197

3
1 4 3 0.902254
2 0 0 0.930753
3 0 0 0.976855

1
1 0 0 0.890257

1
1 0 0 0.85109

3
1 1 1 0.92816
2 0 0 0.987115
3 0 0 0.816744

3
1 4 1 0.920408
2 0 0 0.868414
3 0 0 0.918176

3
1 0 6323 0.793607
2 0 0 0.877253
3 0 0 0.892834

1
1 0 0 0.814888

3
1 1 2 0.859762
2 0 0 0.833258
3 0 0 1.04917

1
1 0 0 0.891219

3
1 0 4648 0.927612
2 0 0 0.904806
3 0 0 0.957313

3
1 5 3 0.750396
2 0 0 0.778135
3 0 0 0.989204

3
1 0 830 0.848129
2 0 0 0.958021
3 0 0 0.826059

1
1 0 0 0.750044

7
1 10 1 0.911526
2 2 2 1.05787
4 0 0 1.00691
5 0 0 1.05852
3 6 1 0.94374
6 0 0 0.988668
7 0 0 0.905212

5
1 0 3590 0.989344
2 0 0 0.827366
3 9 1 0.93921
6 0 0 1.04381
7 0 0 0.864495

3
1 0 83 0.878501
2 0 0 0.784095
3 0 0 0.938278

3
1 0 3587 0.919117
2 0 0 0.806641
3 0 0 0.920001

3
1 1 1 0.964898
2 0 0 1.05381
3 0 0 0.711967

5
1 6 2 0.790757
2 1 1 0.870694
4 0 0 1.14719
5 0 0 0.781364
3 0 0 1.02959

3
1 7 3 0.796043
2 0 0 0.697153
3 0 0 0.91971

5
1 4 1 0.864908
2 0 0 0.886752
3 0 9675 1.03858
6 0 0 0.957923
7 0 0 1.08324

3
1 1 1 0.873191
2 0 0 1.07381
3 0 0 0.837784

3
1 1 1 0.797966
2 0 0 1.06992
3 0 0 0.81877

1
1 0 0 0.917855

1
1 0 0 0.897296

5
1 9 1 0.874123
2 6 2 0.822122
4 0 0 0.871109
5 0 0 0.922483
3 0 0 0.999796

5
1 5 2 0.86927
2 0 0 0.812281
3 0 7674 1.09386
6 0 0 1.02023
7 0 0 0.947752

1
1 0 0 0.991686

3
1 10 1 0.815621
2 0 0 0.958311
3 0 0 0.699453

5
1 9 1 0.873723
2 0 4702 0.866689
4 0 0 0.889446
5 0 0 0.892077
3 0 0 1.08619

3
1 10 1 0.864926
2 0 0 1.09378
3 0 0 0.808796

3
1 4 3 0.841593
2 0 0 0.794489
3 0 0 1.0586

1
1 0 0 0.786711

1
1 0 0 0.883654

3
1 1 1 0.939058
2 0 0 0.959012
3 0 0 0.89916

5
1 9 1 0.857021
2 11 2092 0.862141
4 0 0 0.868942
5 0 0 0.903993
3 0 0 0.99798

1
1 0 0 0.848801

3
1 4 2 0.825335
2 0 0 0.857213
3 0 0 1.12246

3
1 1 1 0.921562
2 0 0 1.03619
3 0 0 0.765861

3
1 6 3 0.884726
2 0 0 0.877644
3 0 0 1.01374

3
1 3 2 0.88559
2 0 0 0.819815
3 0 0 1.01444

3
1 1 1 0.910092
2 0 0 0.93638
3 0 0 0.906982

3
1 11 2079 0.902522
2 0 0 0.981526
3 0 0 0.931439

5
1 5 2 0.873647
2 9 1 0.899507
4 0 0 0.889383
5 0 0 0.964167
3 0 0 1.04137

3
1 1 2 0.87714
2 0 0 0.749368
3 0 0 1.0257

3
1 1 1 0.904424
2 0 0 1.05919
3 0 0 0.91931

1
1 0 0 0.805362

1
1 0 0 0.79002

5
1 2 2 0.911589
2 1 1 0.914264
4 0 0 0.92763
5 0 0 0.907439
3 0 0 0.924969

3
1 9 1 0.857612
2 0 0 0.818133
3 0 0 1.01471

3
1 4 3 0.894743
2 0 0 0.887288
3 0 0 1.11401

3
1 11 2827 0.897188
2 0 0 0.97944
3 0 0 0.712016

5
1 0 9371 0.856228
2 0 0 0.858613
3 3 2 0.905763
6 0 0 0.911737
7 0 0 0.967677

3
1 10 1 0.804532
2 0 0 1.09303
3 0 0 0.770653

1
1 0 0 0.821159

3
1 1 1 0.868946
2 0 0 1.00587
3 0 0 0.898746

1
1 0 0 0.867786

3
1 9 1 0.861012
2 0 0 0.749661
3 0 0 0.972477

3
1 6 2 0.90976
2 0 0 0.898492
3 0 0 0.982058

3
1 6 3 0.877402
2 0 0 0.832097
3 0 0 1.07116

1
1 0 0 0.952219

1
1 0 0 0.845754

5
1 9 1 0.991116
2 6 2 1.01216
4 0 0 0.967463
5 0 0 1.01416
3 0 0 1.07204

3
1 1 1 0.833628
2 0 0 1.07872
3 0 0 0.840913

3
1 5 3 0.752827
2 0 0 0.78038
3 0 0 0.97238

3
1 0 4765 0.943046
2 0 0 0.842898
3 0 0 0.986969

7
1 4 2 0.828806
2 0 0 0.850477
3 7 1 0.989595
6 0 0 0.97999
7 2 3 0.859398
14 0 0 1.01898
15 0 0 1.06769

1
1 0 0 0.731347

3
1 10 1 0.777684
2 0 0 0.980745
3 0 0 0.77334

3
1 9 1 0.825147
2 0 0 0.817739
3 0 0 0.977424

3
1 9 1 0.867999
2 0 0 0.764828
3 0 0 0.973137

1
1 0 0 0.874905

3
1 4 2 0.890668
2 0 0 0.905679
3 0 0 1.08209

3
1 4 3 0.953055
2 0 0 0.837769
3 0 0 0.971892

3
1 10 1 0.762235
2 0 0 1.03455
3 0 0 0.797888

3
1 3 3 0.949938
2 0 0 0.951126
3 0 0 1.0883

1
1 0 0 0.730065

5
1 3 1 0.944571
2 0 0 0.84916
3 2 2 0.898204
6 0 0 1.2429
7 0 0 0.956148

3
1 0 9380 0.781756
2 0 0 0.780698
3 0 0 0.861903

3
1 6 2 0.833537
2 0 0 0.788439
3 0 0 0.873276

3
1 3 2 0.855412
2 0 0 0.883576
3 0 0 0.930385

3
1 7 2 0.805178
2 0 0 0.791232
3 0 0 1.04942

3
1 9 1 0.897013
2 0 0 0.807466
3 0 0 0.914871

3
1 1 1 0.786704
2 0 0 1.0222
3 0 0 0.813776

3
1 10 1 0.838462
2 0 0 1.01448
3 0 0 0.756669

1
1 0 0 0.798847

1
1 0 0 0.714567

5
1 4 3 0.894826
2 7 3 0.890494
4 0 0 0.900912
5 0 0 1.00886
3 0 0 0.960866

3
1 10 1 0.874373
2 0 0 0.968907
3 0 0 0.81019

3
1 1 2 0.96359
2 0 0 0.940349
3 0 0 1.00867

3
1 7 3 0.794705
2 0 0 0.800673
3 0 0 1.02435

5
1 11 5384 0.770682
2 1 1 0.825211
4 0 0 1.1046
5 0 0 0.838436
3 0 0 0.99726

3
1 9 1 0.886243
2 0 0 0.787157
3 0 0 0.922343

1
1 0 0 0.815985

3
1 1 2 0.836991
2 0 0 0.86866
3 0 0 0.930255

3
1 10 1 0.84474
2 0 0 1.02723
3 0 0 0.77152

1
1 0 0 0.851001

1
1 0 0 0.88804

3
1 9 1 0.928735
2 0 0 0.907119
3 0 0 0.964796

5
1 2 1 0.819765
2 3 1 0.932748
4 0 0 0.885149
5 0 0 0.941747
3 0 0 0.83417

1
1 0 0 0.837798

3
1 4 2 0.806759
2 0 0 0.848935
3 0 0 1.13943

1
1 0 0 0.873421

3
1 1 1 0.92816
2 0 0 1.06696
3 0 0 0.837006

3
1 10 1 0.949395
2 0 0 0.988183
3 0 0 0.789647

1
1 0 0 0.830773

3
1 4 2 0.830818
2 0 0 0.873456
3 0 0 1.0031

3
1 6 3 0.91813
2 0 0 0.868862
3 0 0 0.996246

7
1 0 5153 0.825517
2 0 0 0.883985
3 0 8184 0.962664
6 0 0 1.00869
7 11 4386 1.0171
14 0 0 1.01354
15 0 0 1.05767

7
1 11 2798 0.850856
2 4 1 0.971245
4 3 1 1.04636
8 0 0 1.04096
9 0 0 1.12367
5 0 0 1.17973
3 0 0 0.741754

3
1 1 1 0.845926
2 0 0 0.988437
3 0 0 0.769733

3
1 1 1 0.950142
2 0 0 1.14803
3 0 0 0.831841

1
1 0 0 0.802501

3
1 5 2 0.847261
2 0 0 0.81011
3 0 0 1.03091

3
1 5 2 0.804124
2 0 0 0.831356
3 0 0 0.88947

3
1 5 3 0.801438
2 0 0 0.788477
3 0 0 1.03981

1
1 0 0 0.799974

3
1 1 2 0.856131
2 0 0 0.923623
3 0 0 0.901521

3
1 11 543 0.869985
2 0 0 0.948211
3 0 0 0.871636

3
1 1 2 0.913879
2 0 0 0.819342
3 0 0 1.0333

3
1 1 1 0.808417
2 0 0 1.00502
3 0 0 0.847988

3
1 0 5167 0.854239
2 0 0 0.819872
3 0 0 0.881175

1
1 0 0 0.850363

3
1 6 1 0.905415
2 0 0 0.960331
3 0 0 0.863211

3
1 10 1 0.897296
2 0 0 0.975207
3 0 0 0.727192

5
1 6 3 0.874389
2 0 0 0.856563
3 0 6992 0.989154
6 0 0 1.07258
7 0 0 1.02309

1
1 0 0 0.830082

3
1 9 1 0.909739
2 0 0 0.980757
3 0 0 0.937297

3
1 4 2 0.844755
2 0 0 0.81244
3 0 0 0.89837

3
1 6 3 0.832937
2 0 0 0.873858
3 0 0 0.946016

3
1 1 1 0.932031
2 0 0 1.04647
3 0 0 0.845148

1
1 0 0 0.778848

3
1 5 3 0.885919
2 0 0 0.976576
3 0 0 0.95068

3
1 6 2 0.885106
2 0 0 0.856936
3 0 0 1.08145

3
1 9 1 0.880296
2 0 0 0.852063
3 0 0 0.949891

3
1 0 3067 0.86911
2 0 0 0.856039
3 0 0 0.919538

5
1 5 2 0.884269
2 1 1 0.922138
4 0 0 1.09578
5 0 0 0.876314
3 0 0 1.01114

3
1 7 1 0.931901
2 0 0 0.849327
3 0 0 0.938048

5
1 1 1 0.921562
2 3 1 1.06675
4 0 0 0.994671
5 0 0 0.96745
3 0 0 0.791897

3
1 5 3 0.757639
2 0 0 0.803057
3 0 0 0.942051

3
1 10 1 0.831041
2 0 0 1.1217
3 0 0 0.788762

3
1 4 1 0.975851
2 0 0 0.814838
3 0 0 0.951551

3
1 1 1 0.826913
2 0 0 0.893146
3 0 0 0.893713

3
1 10 1 0.922501
2 0 0 0.932391
3 0 0 0.935311

3
1 10 1 0.78887
2 0 0 1.0154
3 0 0 0.779675

3
1 9 1 0.857936
2 0 0 0.766423
3 0 0 0.918915

5
1 2 2 0.905486
2 0 0 0.943054
3 6 1 0.925007
6 0 0 0.869998
7 0 0 1.1437

3
1 9 1 0.805837
2 0 0 0.746775
3 0 0 1.02706

3
1 1 2 0.913286
2 0 0 0.807319
3 0 0 1.00481

3
1 2 4 0.92731
2 0 0 0.852937
3 0 0 0.979124

3
1 2 3 0.962179
2 0 0 0.925147
3 0 0 0.932577

5
1 11 4737 0.908283
2 0 8953 0.894944
4 0 0 0.911236
5 0 0 0.846767
3 0 0 0.919082

3
1 11 58 0.798429
2 0 0 1.02005
3 0 0 0.854507

3
1 10 1 0.882671
2 0 0 1.04173
3 0 0 0.885448

3
1 9 1 0.848118
2 0 0 0.874614
3 0 0 0.947588

1
1 0 0 0.775034

3
1 0 1673 0.908239
2 0 0 0.926147
3 0 0 0.916082

3
1 9 1 0.861012
2 0 0 0.877165
3 0 0 0.90039

3
1 10 1 0.792537
2 0 0 0.995009
3 0 0 0.743885

5
1 5 3 0.818266
2 9 1 0.926672
4 0 0 0.853637
5 0 0 1.03947
3 0 0 0.989182

3
1 4 2 0.893816
2 0 0 0.881357
3 0 0 1.08279

1
1 0 0 0.86506

3
1 7 2 0.931399
2 0 0 0.913599
3 0 0 1.07261

3
1 3 3 0.843587
2 0 0 0.754795
3 0 0 1.04666

3
1 9 1 0.945046
2 0 0 0.790492
3 0 0 1.04762

5
1 4 1 0.892796
2 0 0 0.876849
3 2 3 0.924339
6 0 0 1.02426
7 0 0 0.994731

3
1 0 4105 0.86802
2 0 0 0.793769
3 0 0 1.02556

3
1 7 3 0.77638
2 0 0 0.791195
3 0 0 1.01044

3
1 3 1 0.872731
2 0 0 0.874134
3 0 0 0.961223

3
1 5 3 0.849605
2 0 0 0.897477
3 0 0 0.902177

5
1 6 3 0.809679
2 9 1 0.834911
4 0 0 0.848556
5 0 0 0.930849
3 0 0 1.09184

3
1 1 1 0.874905
2 0 0 1.06351
3 0 0 0.859509

1
1 0 0 0.781872

3
1 11 36 0.814411
2 0 0 0.879835
3 0 0 0.855141

1
1 0 0 0.81424

3
1 6 3 0.826522
2 0 0 0.775085
3 0 0 1.12454

3
1 5 2 0.878316
2 0 0 0.828632
3 0 0 0.941984

5
1 3 3 0.85391
2 0 5914 0.942942
4 0 0 0.825838
5 0 0 0.932953
3 0 0 0.991422

3
1 3 3 0.896878
2 0 0 0.894072
3 0 0 0.916182

5
1 11 5034 0.915174
2 3 3 0.944041
4 0 0 0.914275
5 0 0 0.960571
3 0 0 0.926054

3
1 9 1 0.818743
2 0 0 0.824922
3 0 0 1.00294

3
1 6 2 0.82493
2 0 0 0.819323
3 0 0 1.05385

3
1 2 3 0.847283
2 0 0 0.892296
3 0 0 0.862585

3
1 9 1 0.793847
2 0 0 0.70256
3 0 0 0.929831

3
1 6 2 0.825571
2 0 0 0.781252
3 0 0 1.01654

3
1 0 8702 0.822659
2 0 0 0.817569
3 0 0 0.902247

3
1 5 3 0.802346
2 0 0 0.829539
3 0 0 1.04281

3
1 4 2 0.786087
2 0 0 0.755642
3 0 0 0.938684

3
1 10 1 0.874373
2 0 0 0.973406
3 0 0 0.84378

1
1 0 0 0.801781

3
1 3 1 0.887806
2 0 0 0.821746
3 0 0 0.953214

3
1 0 9777 0.717135
2 0 0 0.752593
3 0 0 1.07103

3
1 9 1 0.886243
2 0 0 0.962524
3 0 0 1.06625

3
1 1 1 0.883748
2 0 0 1.04802
3 0 0 0.761464

3
1 3 2 0.887338
2 0 0 0.862793
3 0 0 1.02386

3
1 10 1 0.84474
2 0 0 1.03863
3 0 0 0.794799

3
1 9 1 0.875659
2 0 0 0.878158
3 0 0 1.05727

3
1 4 2 0.789501
2 0 0 0.836317
3 0 0 0.975104

3
1 10 1 0.872807
2 0 0 1.03203
3 0 0 0.79753

1
1 0 0 0.829289

5
1 1 2 0.891276
2 1 1 0.833779
4 0 0 0.897951
5 0 0 0.76785
3 0 0 1.00366

1
1 0 0 0.860271

3
1 11 5312 0.786176
2 0 0 0.82854
3 0 0 1.03931

3
1 0 922 0.817185
2 0 0 0.92822
3 0 0 0.831163

3
1 10 1 0.949395
2 0 0 1.12286
3 0 0 0.735115

3
1 10 1 0.815771
2 0 0 0.973888
3 0 0 0.782996

5
1 0 4049 0.86217
2 2 3 0.793856
4 0 0 0.835176
5 0 0 0.96978
3 0 0 1.03473

3
1 10 1 0.819399
2 0 0 1.06752
3 0 0 0.87722

3
1 5 2 0.873988
2 0 0 0.839674
3 0 0 1.05976

5
1 11 2798 0.850856
2 4 1 0.971245
4 0 0 0.873235
5 0 0 1.10758
3 0 0 0.7805

3
1 4 3 0.8978
2 0 0 0.739551
3 0 0 1.02514

3
1 1 1 0.950142
2 0 0 0.933494
3 0 0 0.846235

5
1 10 1 0.935203
2 2 2 0.899294
4 0 0 0.999114
5 0 0 0.957308
3 0 0 0.88971

3
1 11 1627 0.894137
2 0 0 0.875404
3 0 0 0.820307

3
1 1 1 0.886066
2 0 0 1.01656
3 0 0 0.959979

3
1 10 1 0.877603
2 0 0 0.970068
3 0 0 0.788127

3
1 0 9958 0.734428
2 0 0 0.782246
3 0 0 1.04439

5
1 5 2 0.86121
2 0 0 0.83085
3 0 6516 0.95674
6 0 0 0.982989
7 0 0 1.11554

3
1 10 1 0.872559
2 0 0 1.20815
3 0 0 0.910833

3
1 4 3 0.731381
2 0 0 0.763814
3 0 0 1.1078

1
1 0 0 0.811082

1
1 0 0 0.834957

3
1 7 3 0.889005
2 0 0 0.83515
3 0 0 0.854388

3
1 11 4361 0.854562
2 0 0 0.867196
3 0 0 0.844428

5
1 10 1 0.897296
2 2 2 1.00566
4 0 0 0.990096
5 0 0 0.97238
3 0 0 0.920788

5
1 5 2 0.860158
2 0 0 0.845605
3 11 5246 0.924717
6 0 0 0.984073
7 0 0 0.912666

3
1 3 3 0.835584
2 0 0 0.744469
3 0 0 0.985253

3
1 1 2 0.911271
2 0 0 0.908384
3 0 0 1.07831

3
1 4 1 0.990189
2 0 0 0.911764
3 0 0 1.00287

3
1 10 1 0.865867
2 0 0 1.05372
3 0 0 0.730558

3
1 7 1 0.919431
2 0 0 0.807766
3 0 0 0.919365

3
1 10 1 0.895704
2 0 0 0.990341
3 0 0 0.898474

3
1 0 6529 0.895421
2 0 0 0.867774
3 0 0 0.933563

3
1 0 9504 0.877729
2 0 0 0.822228
3 0 0 0.961572

3
1 1 1 0.869937
2 0 0 1.15771
3 0 0 0.79681

1
1 0 0 0.803893

5
1 4 2 0.894781
2 4 1 0.917779
4 0 0 0.860105
5 0 0 0.935045
3 0 0 1.01072

3
1 4 2 0.873311
2 0 0 0.903062
3 0 0 1.04299

3
1 1 1 0.921562
2 0 0 1.07006
3 0 0 0.865398

3
1 7 1 0.859141
2 0 0 0.820384
3 0 0 0.955567

3
1 6 3 0.795851
2 0 0 0.798214
3 0 0 0.973247

3
1 1 1 0.91113
2 0 0 1.10457
3 0 0 0.813744

5
1 1 2 0.87253
2 0 0 0.810352
3 11 4721 1.12475
6 0 0 1.11208
7 0 0 0.946769

1
1 0 0 0.801526

3
1 10 1 0.78887
2 0 0 1.17359
3 0 0 0.927808

3
1 1 2 0.862697
2 0 0 0.846753
3 0 0 0.976489

3
1 6 3 0.874385
2 0 0 0.86154
3 0 0 0.847524

5
1 11 1308 0.952668
2 4 2 1.06611
4 0 0 1.03461
5 0 0 1.0422
3 0 0 0.847556

3
1 3 3 0.839514
2 0 0 0.824403
3 0 0 1.00175

3
1 11 3534 0.864215
2 0 0 0.832615
3 0 0 0.938499

3
1 10 1 0.869773
2 0 0 0.912626
3 0 0 0.874106

7
1 9 1 1.00538
2 0 0 0.847657
3 5 1 0.946853
6 0 0 1.06883
7 2 2 0.989908
14 0 0 1.04464
15 0 0 0.912765

5
1 6 3 0.823794
2 4 3 0.792359
4 0 0 0.80807
5 0 0 0.993365
3 0 0 0.865408

3
1 1 1 0.893423
2 0 0 1.06231
3 0 0 0.770775

3
1 9 1 0.902856
2 0 0 0.811092
3 0 0 0.984643

3
1 4 3 0.827021
2 0 0 0.880562
3 0 0 0.963898

3
1 1 2 0.819012
2 0 0 0.792141
3 0 0 0.978615

3
1 1 1 0.895669
2 0 0 1.13119
3 0 0 0.850183

3
1 2 4 0.847798
2 0 0 0.816946
3 0 0 0.983

3
1 1 1 0.881375
2 0 0 0.912376
3 0 0 0.942498

3
1 9 1 0.867542
2 0 0 0.861439
3 0 0 0.899441

3
1 1 1 0.919663
2 0 0 0.905601
3 0 0 0.790672

3
1 5 3 0.855657
2 0 0 0.834125
3 0 0 0.936877

3
1 4 3 0.874753
2 0 0 0.868138
3 0 0 0.947643

5
1 7 2 0.825848
2 0 0 0.856837
3 0 3565 1.00785
6 0 0 0.9854
7 0 0 1.02158

3
1 11 4958 0.836176
2 0 0 0.845429
3 0 0 0.890655

3
1 6 3 0.809068
2 0 0 0.81991
3 0 0 1.01534

3
1 5 3 0.778176
2 0 0 0.757791
3 0 0 0.937627

3
1 4 3 0.888442
2 0 0 0.916013
3 0 0 1.08899

1
1 0 0 0.827717

3
1 0 8984 0.873722
2 0 0 0.915168
3 0 0 1.05144

3
1 3 3 0.917062
2 0 0 0.931469
3 0 0 1.03496

1
1 0 0 0.854202

3
1 0 4909 0.866436
2 0 0 0.826447
3 0 0 1.00937

3
1 9 1 0.797857
2 0 0 0.814469
3 0 0 0.907596

3
1 10 1 0.888222
2 0 0 0.954007
3 0 0 0.830458

3
1 10 1 0.889282
2 0 0 0.929569
3 0 0 0.869946

3
1 5 1 0.919096
2 0 0 0.906058
3 0 0 0.943839

3
1 1 2 0.822904
2 0 0 0.770125
3 0 0 1.01629

3
1 5 3 0.848666
2 0 0 0.814654
3 0 0 1.06726

3
1 9 1 0.818743
2 0 0 0.824802
3 0 0 0.842467

1
1 0 0 0.759418

3
1 4 2 0.838481
2 0 0 0.8033
3 0 0 0.962925

5
1 9 1 0.793847
2 0 0 0.90751
3 6 1 0.967492
6 0 0 0.950128
7 0 0 0.996007

3
1 4 3 0.786859
2 0 0 0.792348
3 0 0 0.863069

11
1 11 3548 0.885048
2 4 1 0.908613
4 10 1 0.880653
8 0 0 0.980329
9 0 0 0.851806
5 1 2 0.970451
10 0 0 1.06194
11 0 0 0.990173
3 4 3 0.958276
6 0 0 0.91332
7 0 0 1.07752

3
1 5 3 0.77202
2 0 0 0.886889
3 0 0 0.969197

3
1 3 3 0.921306
2 0 0 0.8918
3 0 0 1.0011

3
1 0 9739 0.875834
2 0 0 0.855573
3 0 0 1.02067

3
1 4 1 0.928032
2 0 0 0.869965
3 0 0 0.891652

3
1 7 3 0.779049
2 0 0 0.790235
3 0 0 0.959009

3
1 1 1 0.853577
2 0 0 0.968173
3 0 0 0.85552

3
1 6 2 0.734534
2 0 0 0.690299
3 0 0 0.88801

3
1 1 1 0.883748
2 0 0 0.986455
3 0 0 0.674162

3
1 5 3 0.768449
2 0 0 0.776562
3 0 0 0.854277

3
1 10 1 0.84474
2 0 0 0.93073
3 0 0 0.835853

1
1 0 0 0.825994

3
1 10 1 0.847434
2 0 0 0.845199
3 0 0 0.85168

3
1 10 1 0.864741
2 0 0 1.01625
3 0 0 0.88554

3
1 7 3 0.885064
2 0 0 0.952782
3 0 0 1.01637

3
1 1 2 0.891276
2 0 0 0.817442
3 0 0 1.10482

3
1 1 2 0.898291
2 0 0 0.771023
3 0 0 0.966651

5
1 3 1 0.897084
2 6 2 0.93586
4 0 0 0.935098
5 0 0 0.99984
3 0 0 0.96483

3
1 4 2 0.90569
2 0 0 0.915997
3 0 0 0.978351

3
1 10 1 0.949395
2 0 0 0.934518
3 0 0 0.771966

3
1 10 1 0.815771
2 0 0 1.10924
3 0 0 0.86922

5
1 5 2 0.871713
2 1 1 0.878327
4 0 0 1.0253
5 0 0 0.813848
3 0 0 0.964632

3
1 10 1 0.819399
2 0 0 1.0433
3 0 0 0.811335

3
1 1 1 0.89878
2 0 0 1.01675
3 0 0 0.787374

3
1 11 2798 0.850856
2 0 0 0.956135
3 0 0 0.726774

5
1 4 3 0.8978
2 1 2 0.872169
4 0 0 0.782242
5 0 0 1.00451
3 0 0 0.936317

3
1 1 1 0.950142
2 0 0 1.0627
3 0 0 0.787658

1
1 0 0 0.908617

3
1 11 2759 0.788023
2 0 0 0.944331
3 0 0 0.842217

3
1 1 1 0.886066
2 0 0 0.883201
3 0 0 0.679311

3
1 5 2 0.868073
2 0 0 0.803796
3 0 0 0.985777

3
1 5 1 0.884753
2 0 0 0.891058
3 0 0 0.918645

3
1 6 3 0.822912
2 0 0 0.750179
3 0 0 1.05396

3
1 6 2 0.872264
2 0 0 0.927773
3 0 0 1.02694

3
1 2 4 0.90533
2 0 0 0.860894
3 0 0 0.899996

3
1 10 1 0.782633
2 0 0 0.932585
3 0 0 0.844891

3
1 0 8942 0.783446
2 0 0 0.776234
3 0 0 0.911674

7
1 3 1 0.861548
2 0 0 0.804209
3 11 3515 0.93957
6 9 1 0.977004
12 0 0 0.925821
13 0 0 0.887294
7 0 0 1.03722

1
1 0 0 0.758502

3
1 3 2 0.845266
2 0 0 0.832265
3 0 0 0.943052

3
1 11 119 0.911818
2 0 0 0.934753
3 0 0 0.898575

3
1 0 4054 0.892086
2 0 0 0.824225
3 0 0 0.941276

3
1 6 2 0.782452
2 0 0 0.798183
3 0 0 0.991621

1
1 0 0 0.870343

3
1 4 2 0.843904
2 0 0 0.937429
3 0 0 1.00835

3
1 2 4 0.854651
2 0 0 0.806448
3 0 0 0.868539

5
1 10 1 0.895704
2 0 0 0.980084
3 9 1 0.926585
6 0 0 0.747247
7 0 0 0.961759

3
1 7 3 0.884551
2 0 0 0.804344
3 0 0 1.01977

3
1 5 3 0.844874
2 0 0 0.958505
3 0 0 1.0477

3
1 1 1 0.869937
2 0 0 1.1244
3 0 0 0.82629

3
1 6 3 0.840254
2 0 0 0.742378
3 0 0 0.999024

3
1 10 1 0.857218
2 0 0 0.973451
3 0 0 0.819318

3
1 7 2 0.927762
2 0 0 0.877674
3 0 0 1.00786

3
1 1 1 0.921562
2 0 0 0.992377
3 0 0 0.759718

3
1 10 1 0.885464
2 0 0 1.24594
3 0 0 0.821993

1
1 0 0 0.870175

3
1 11 2288 0.897207
2 0 0 1.01404
3 0 0 0.920381

3
1 7 3 0.876384
2 0 0 0.776009
3 0 0 0.946103

3
1 1 2 0.879495
2 0 0 0.765446
3 0 0 1.02303

3
1 10 1 0.899589
2 0 0 1.11832
3 0 0 0.852161

7
1 10 1 0.912171
2 0 0 1.15213
3 9 1 0.865076
6 0 0 0.800308
7 7 2 0.920226
14 0 0 0.973377
15 0 0 1.2056

1
1 0 0 0.829392

5
1 7 2 0.880498
2 0 0 0.855136
3 0 1171 0.980935
6 0 0 0.914645
7 0 0 0.924176

3
1 9 1 0.941605
2 0 0 0.826663
3 0 0 0.944283

5
1 4 1 0.903713
2 0 0 0.852654
3 9 1 0.908129
6 0 0 0.900893
7 0 0 1.01476

3
1 10 1 0.869773
2 0 0 1.07939
3 0 0 0.872047

1
1 0 0 0.793466

3
1 0 7927 0.859565
2 0 0 0.864391
3 0 0 0.980178

3
1 1 2 0.908953
2 0 0 0.932385
3 0 0 0.945395

7
1 9 1 0.902856
2 0 0 0.775523
3 0 4432 0.905459
6 0 0 0.887424
7 2 1 0.986779
14 0 0 0.925037
15 0 0 1.07011

3
1 1 2 0.851592
2 0 0 0.880231
3 0 0 0.983624

3
1 5 1 0.931907
2 0 0 0.943115
3 0 0 0.924127

3
1 4 3 0.929323
2 0 0 0.848051
3 0 0 1.11519

3
1 9 1 0.926505
2 0 0 0.81579
3 0 0 0.946983

3
1 2 4 0.816895
2 0 0 0.79327
3 0 0 0.872661

5
1 0 7622 0.979502
2 6 3 0.922262
4 0 0 0.941406
5 0 0 1.11556
3 0 0 0.957767

3
1 7 3 0.831782
2 0 0 0.861634
3 0 0 1.06243

1
1 0 0 0.88335

3
1 1 1 0.892733
2 0 0 0.940682
3 0 0 0.898458

3
1 7 1 0.84457
2 0 0 0.856661
3 0 0 0.993246

3
1 7 1 0.820243
2 0 0 0.915668
3 0 0 0.934255

5
1 4 2 0.882049
2 0 0 0.824077
3 0 9409 0.933834
6 0 0 0.937676
7 0 0 1.003

3
1 2 2 0.960207
2 0 0 0.969536
3 0 0 0.897677

3
1 9 1 0.847803
2 0 0 0.833546
3 0 0 1.15605

3
1 4 1 0.879749
2 0 0 0.857027
3 0 0 0.896791

3
1 4 1 0.834127
2 0 0 0.818277
3 0 0 1.01337

3
1 3 2 0.84875
2 0 0 0.931871
3 0 0 0.941074

3
1 10 1 0.854202
2 0 0 0.992912
3 0 0 0.844586

3
1 0 4909 0.866436
2 0 0 0.847053
3 0 0 0.954416

3
1 10 1 0.883225
2 0 0 0.969507
3 0 0 0.788199

5
1 3 3 0.912766
2 1 1 0.911929
4 0 0 0.973273
5 0 0 0.835139
3 0 0 0.946046

1
1 0 0 0.781501

3
1 6 2 0.881554
2 0 0 0.762957
3 0 0 1.07334

5
1 9 1 0.904516
2 0 0 0.951546
3 3 1 0.925316
6 0 0 0.960375
7 0 0 0.998595

3
1 2 4 0.80277
2 0 0 0.799963
3 0 0 1.01842

3
1 10 1 0.860893
2 0 0 1.09263
3 0 0 0.820783

3
1 0 1600 0.824377
2 0 0 0.803545
3 0 0 1.18937

5
1 1 1 0.849454
2 0 0 0.993671
3 11 1138 0.857671
6 0 0 0.892256
7 0 0 0.852354

5
1 1 2 0.806156
2 4 2 0.795532
4 0 0 0.785805
5 0 0 0.943642
3 0 0 0.969383

1
1 0 0 0.723408

3
1 3 3 0.905893
2 0 0 0.852802
3 0 0 0.960011

3
1 10 1 0.844057
2 0 0 0.978058
3 0 0 0.803221

1
1 0 0 0.757201

5
1 4 2 0.86341
2 9 1 0.916436
4 0 0 0.827306
5 0 0 0.935124
3 0 0 0.924729

3
1 5 2 0.808682
2 0 0 0.737936
3 0 0 1.01281

5
1 3 3 0.913031
2 3 1 0.944451
4 0 0 0.823191
5 0 0 1.04229
3 0 0 0.983023

3
1 5 3 0.803817
2 0 0 0.788437
3 0 0 1.0117

5
1 6 2 0.800927
2 0 0 0.888296
3 11 420 1.0298
6 0 0 1.10091
7 0 0 0.922731

3
1 1 1 0.883748
2 0 0 1.02101
3 0 0 0.759558

3
1 7 3 0.870922
2 0 0 0.870907
3 0 0 0.973701

3
1 9 1 0.903371
2 0 0 0.826293
3 0 0 1.03196

1
1 0 0 0.825605

3
1 7 3 0.768201
2 0 0 0.807285
3 0 0 0.992765

3
1 6 3 0.807611
2 0 0 0.74331
3 0 0 0.784377

3
1 7 2 0.777788
2 0 0 0.749779
3 0 0 0.961274

5
1 4 2 0.847758
2 0 6369 0.860558
4 0 0 0.842623
5 0 0 0.887685
3 0 0 1.01715

5
1 11 1662 0.868204
2 0 0 0.824023
3 2 2 0.863208
6 0 0 0.903197
7 0 0 0.881294

1
1 0 0 0.828175

5
1 1 2 0.899354
2 6 2 0.74818
4 0 0 0.755975
5 0 0 1.00383
3 0 0 0.956808

3
1 9 1 0.884782
2 0 0 0.811375
3 0 0 0.924835

3
1 4 1 0.9106
2 0 0 0.903582
3 0 0 0.949158

5
1 5 2 0.871713
2 1 1 0.878327
4 0 0 1.15369
5 0 0 0.776926
3 0 0 1.00651

3
1 7 2 0.904733
2 0 0 0.895326
3 0 0 0.902572

3
1 1 1 0.89878
2 0 0 0.983503
3 0 0 0.847573

3
1 11 1716 0.959527
2 0 0 1.15608
3 0 0 0.82847

3
1 1 1 0.864816
2 0 0 1.10084
3 0 0 0.836415

3
1 1 1 0.950142
2 0 0 1.15606
3 0 0 0.858148

3
1 11 71 0.837019
2 0 0 0.873109
3 0 0 0.872501

3
1 11 2759 0.788023
2 0 0 1.08666
3 0 0 0.770759

3
1 1 1 0.886066
2 0 0 0.924894
3 0 0 0.812356

3
1 1 1 0.798921
2 0 0 1.04639
3 0 0 0.822702

3
1 6 3 0.812013
2 0 0 0.811572
3 0 0 0.989417

5
1 6 2 0.865175
2 0 0 0.82446
3 1 2 0.994574
6 0 0 0.947422
7 0 0 0.999397

3
1 10 1 0.923945
2 0 0 0.99261
3 0 0 0.826757

3
1 1 1 0.846456
2 0 0 1.09612
3 0 0 0.71958

3
1 4 3 0.80264
2 0 0 0.807434
3 0 0 0.970179

3
1 1 1 0.82999
2 0 0 0.914274
3 0 0 0.862197

3
1 1 1 0.849267
2 0 0 0.92652
3 0 0 0.793594

3
1 11 5068 0.77089
2 0 0 0.735269
3 0 0 0.900439

5
1 1 2 0.891798
2 0 0 0.916183
3 7 1 1.09203
6 0 0 0.913975
7 0 0 0.913464

3
1 5 3 0.81683
2 0 0 0.884048
3 0 0 1.08167

3
1 3 3 0.896921
2 0 0 0.863285
3 0 0 0.985877

3
1 11 171 0.865584
2 0 0 0.951113
3 0 0 0.87629

1
1 0 0 0.823066

3
1 9 1 0.891252
2 0 0 0.854582
3 0 0 1.13801

3
1 1 1 0.879607
2 0 0 1.05607
3 0 0 0.894812

3
1 10 1 0.895704
2 0 0 0.934478
3 0 0 0.851165

1
1 0 0 0.826877

3
1 10 1 0.884853
2 0 0 1.04111
3 0 0 0.894299

1
1 0 0 0.762117

1
1 0 0 0.754237

3
1 3 2 0.82416
2 0 0 0.804851
3 0 0 0.881539

1
1 0 0 0.823628

7
1 0 5148 0.970997
2 0 0 0.900938
3 7 1 0.982652
6 0 6266 0.902984
12 0 0 0.919735
13 0 0 0.900443
7 0 0 1.07901

3
1 9 1 0.781387
2 0 0 0.779499
3 0 0 0.949566

5
1 9 1 0.825548
2 0 0 0.805919
3 0 2192 0.96389
6 0 0 1.03412
7 0 0 1.02853

3
1 4 3 0.861767
2 0 0 0.827458
3 0 0 0.879771

3
1 2 3 0.855706
2 0 0 0.91956
3 0 0 0.873605

3
1 1 1 0.951789
2 0 0 1.0381
3 0 0 0.868714

3
1 1 2 0.915177
2 0 0 0.886077
3 0 0 0.926913

3
1 10 1 0.912171
2 0 0 1.08988
3 0 0 0.784731

3
1 4 3 0.910496
2 0 0 0.914671
3 0 0 1.00506

3
1 2 4 0.965192
2 0 0 0.990503
3 0 0 0.932635

3
1 4 2 0.841131
2 0 0 0.818202
3 0 0 1.04218

3
1 9 1 0.981149
2 0 0 0.856986
3 0 0 1.14337

3
1 0 1383 0.83712
2 0 0 0.931919
3 0 0 0.825136

3
1 1 1 0.876654
2 0 0 0.902721
3 0 0 0.686615

3
1 6 3 0.82856
2 0 0 0.803079
3 0 0 0.979089

1
1 0 0 0.799963

1
1 0 0 0.861523

3
1 1 2 0.851592
2 0 0 0.907306
3 0 0 1.21304

5
1 0 2789 0.931068
2 0 0 0.781805
3 1 1 0.909873
6 0 0 1.03362
7 0 0 0.947803

7
1 10 1 0.816486
2 2 4 1.004
4 0 0 1.01786
5 0 0 0.968574
3 3 3 0.806927
6 0 0 0.777013
7 0 0 1.02791

3
1 10 1 0.794931
2 0 0 0.967816
3 0 0 0.858078

3
1 0 1701 0.852142
2 0 0 0.816696
3 0 0 0.932163

3
1 6 2 0.82349
2 0 0 1.05348
3 0 0 0.893068

3
1 6 3 0.887973
2 0 0 0.788665
3 0 0 0.91345

1
1 0 0 0.819173

3
1 4 3 0.855095
2 0 0 0.899963
3 0 0 0.925659

1
1 0 0 0.801142

3
1 6 2 0.906074
2 0 0 0.825591
3 0 0 0.919263

1
1 0 0 0.961463

3
1 5 2 0.820828
2 0 0 0.753045
3 0 0 0.986171

1
1 0 0 0.797583

3
1 10 1 0.961336
2 0 0 1.07898
3 0 0 0.804038

3
1 3 1 1.0248
2 0 0 0.899359
3 0 0 0.917286

3
1 0 9664 0.852588
2 0 0 0.801854
3 0 0 0.898864

5
1 6 1 0.858137
2 2 2 0.868968
4 0 0 1.09236
5 0 0 0.915131
3 0 0 1.03864

1
1 0 0 0.805202

5
1 10 1 0.883225
2 2 1 1.04141
4 0 0 0.965536
5 0 0 0.865696
3 0 0 0.803182

3
1 5 3 0.904804
2 0 0 0.927504
3 0 0 1.08318

3
1 10 1 0.925261
2 0 0 1.15728
3 0 0 0.945646

3
1 11 4080 0.931619
2 0 0 0.872006
3 0 0 0.794221

3
1 9 1 0.887871
2 0 0 0.911006
3 0 0 0.999977

3
1 3 2 0.854478
2 0 0 0.923413
3 0 0 0.998661

3
1 10 1 0.860893
2 0 0 1.01857
3 0 0 0.894073

1
1 0 0 0.737936

1
1 0 0 0.818838

1
1 0 0 0.926455

3
1 4 1 0.977829
2 0 0 0.945315
3 0 0 0.997056

5
1 2 2 0.864535
2 0 0 0.884355
3 4 2 0.894853
6 0 0 0.885047
7 0 0 0.892208

3
1 10 1 0.844057
2 0 0 1.04704
3 0 0 0.72587

3
1 0 5746 0.818316
2 0 0 0.820967
3 0 0 0.86531

3
1 0 7271 0.860995
2 0 0 0.791867
3 0 0 0.979099

3
1 7 3 0.856605
2 0 0 0.84908
3 0 0 0.936416

5
1 0 3696 0.92987
2 0 0 0.980514
3 9 1 1.01213
6 0 0 0.949335
7 0 0 1.04969

3
1 7 3 0.677566
2 0 0 0.67657
3 0 0 0.98056

3
1 6 3 0.846611
2 0 0 0.91683
3 0 0 0.963128

3
1 7 3 0.789562
2 0 0 0.864234
3 0 0 0.890733

3
1 9 1 0.796925
2 0 0 0.697408
3 0 0 0.995576

3
1 5 2 0.895392
2 0 0 0.854723
3 0 0 0.979282

3
1 10 1 0.860655
2 0 0 0.922815
3 0 0 0.726848

3
1 7 3 0.826182
2 0 0 0.797028
3 0 0 1.00842

3
1 11 2800 0.807659
2 0 0 1.12278
3 0 0 0.804008

3
1 4 1 0.909483
2 0 0 0.877864
3 0 0 0.911225

3
1 1 2 0.819969
2 0 0 0.845299
3 0 0 1.00938

5
1 11 1662 0.868204
2 4 1 0.922781
4 0 0 0.796096
5 0 0 1.14862
3 0 0 0.818707

1
1 0 0 0.796926

3
1 1 2 0.899354
2 0 0 0.849784
3 0 0 1.09496

1
1 0 0 0.799496

1
1 0 0 0.685019

1
1 0 0 0.717828

3
1 10 1 0.895578
2 0 0 1.12106
3 0 0 0.887778

3
1 1 1 0.89878
2 0 0 1.0933
3 0 0 0.787879

3
1 5 3 0.86004
2 0 0 0.81808
3 0 0 1.0168

3
1 1 1 0.923427
2 0 0 0.965164
3 0 0 0.918019

1
1 0 0 0.811518

3
1 2 2 0.910988
2 0 0 0.850021
3 0 0 1.07204

3
1 3 1 0.819343
2 0 0 0.807429
3 0 0 0.917117

3
1 11 2389 0.907111
2 0 0 1.01103
3 0 0 0.782783

3
1 1 1 0.798921
2 0 0 1.01636
3 0 0 0.823913

3
1 6 2 0.85524
2 0 0 0.824949
3 0 0 0.989811

3
1 4 2 0.937837
2 0 0 0.948213
3 0 0 1.06791

3
1 10 1 0.923945
2 0 0 1.05829
3 0 0 0.845598

3
1 1 1 0.846456
2 0 0 1.2715
3 0 0 0.839916

3
1 9 1 0.861791
2 0 0 0.891709
3 0 0 0.988513

5
1 1 1 0.82999
2 3 1 1.04199
4 0 0 1.10932
5 0 0 0.941375
3 0 0 0.74338

3
1 1 1 0.849267
2 0 0 1.01801
3 0 0 0.705032

3
1 10 1 0.893143
2 0 0 1.13885
3 0 0 0.681806

3
1 3 3 0.877707
2 0 0 0.797504
3 0 0 1.0926

3
1 4 3 0.860326
2 0 0 0.826634
3 0 0 0.99621

3
1 9 1 0.840185
2 0 0 0.816321
3 0 0 1.09468

1
1 0 0 0.842946

3
1 7 3 0.849607
2 0 0 0.876178
3 0 0 0.815992

1
1 0 0 0.833708

1
1 0 0 0.929272

3
1 10 1 0.895704
2 0 0 1.00866
3 0 0 0.784342

3
1 1 2 0.828237
2 0 0 0.847416
3 0 0 0.996762

3
1 10 1 0.884853
2 0 0 0.906956
3 0 0 0.777876

3
1 0 1981 0.92824
2 0 0 0.77601
3 0 0 0.985391

1
1 0 0 0.84158

3
1 10 1 0.748501
2 0 0 1.02008
3 0 0 0.69144

3
1 6 2 0.853313
2 0 0 0.888005
3 0 0 1.02444

3
1 0 6589 0.83693
2 0 0 0.801072
3 0 0 1.01221

1
1 0 0 0.915822

3
1 6 2 0.824771
2 0 0 0.738537
3 0 0 1.04025

1
1 0 0 0.892223

3
1 4 2 0.832047
2 0 0 0.72236
3 0 0 0.990776

3
1 10 1 0.817847
2 0 0 1.01433
3 0 0 0.808921

3
1 1 2 0.915177
2 0 0 0.778745
3 0 0 1.06851

1
1 0 0 0.772708

3
1 4 1 0.837919
2 0 0 0.874191
3 0 0 0.950175

3
1 3 3 0.936533
2 0 0 0.775551
3 0 0 0.988657

3
1 7 1 0.897173
2 0 0 0.853951
3 0 0 1.08395

3
1 4 2 0.84602
2 0 0 0.857014
3 0 0 0.99267

5
1 10 1 0.793784
2 5 1 0.984639
4 0 0 1.02271
5 0 0 0.956993
3 0 0 0.890151

3
1 1 2 1.03568
2 0 0 0.864827
3 0 0 0.991016

5
1 9 1 0.8376
2 0 0 0.890043
3 4 2 1.06182
6 0 0 0.997495
7 0 0 0.936431

3
1 9 1 0.802389
2 0 0 0.945111
3 0 0 1.07787

3
1 1 2 0.91987
2 0 0 0.769176
3 0 0 0.9887

3
1 10 1 0.710133
2 0 0 1.06489
3 0 0 0.848246

5
1 0 2789 0.931068
2 0 0 0.83092
3 7 1 1.07808
6 0 0 1.1051
7 0 0 1.1255

3
1 6 3 0.82322
2 0 0 0.835675
3 0 0 0.992596

7
1 2 4 0.895612
2 3 1 0.89665
4 0 0 0.840983
5 4 1 1.06087
10 0 0 0.994817
11 0 0 1.03853
3 0 0 0.918695

3
1 11 4578 0.906334
2 0 0 0.9031
3 0 0 0.926781

3
1 9 1 0.8631
2 0 0 0.86056
3 0 0 1.03972

3
1 4 3 0.721751
2 0 0 0.754619
3 0 0 0.9995

1
1 0 0 0.850509

3
1 4 2 0.856613
2 0 0 0.873705
3 0 0 0.903531

5
1 2 2 0.845958
2 0 0 1.00789
3 3 3 0.929318
6 0 0 0.870944
7 0 0 0.999602

3
1 6 3 0.876182
2 0 0 0.926113
3 0 0 1.08565

3
1 7 3 0.799938
2 0 0 0.857446
3 0 0 0.913233

3
1 4 1 0.940024
2 0 0 0.90274
3 0 0 0.961686

5
1 3 1 0.85527
2 0 0 0.852142
3 2 3 0.887018
6 0 0 1.11505
7 0 0 1.02066

3
1 9 1 0.805408
2 0 0 0.782785
3 0 0 0.928619

3
1 4 2 0.792117
2 0 0 0.730476
3 0 0 0.982268

3
1 1 1 0.92273
2 0 0 0.996727
3 0 0 0.764267

3
1 7 3 0.923287
2 0 0 0.879546
3 0 0 1.07316

5
1 6 2 0.811396
2 0 0 0.846301
3 7 1 1.06847
6 0 0 1.05292
7 0 0 0.938087

5
1 4 2 0.813258
2 0 0 0.866913
3 3 1 0.988772
6 0 0 0.999088
7 0 0 1.03485

3
1 4 1 0.854079
2 0 0 0.791314
3 0 0 0.987662

3
1 5 2 0.86502
2 0 0 0.886718
3 0 0 1.06429

5
1 1 1 0.887697
2 5 1 0.959006
4 0 0 1.10041
5 0 0 0.91335
3 0 0 0.838963

3
1 5 3 0.724801
2 0 0 0.75161
3 0 0 0.977716

3
1 5 2 0.932204
2 0 0 0.84265
3 0 0 1.01254

3
1 11 3284 0.936697
2 0 0 0.916597
3 0 0 0.936938

5
1 0 4291 0.906906
2 1 1 0.790554
4 0 0 0.882851
5 0 0 0.788624
3 0 0 1.0349

3
1 9 1 0.89606
2 0 0 0.894598
3 0 0 1.03398

5
1 5 3 0.989136
2 11 4876 0.961233
4 0 0 0.947753
5 0 0 0.991639
3 0 0 1.0083

3
1 7 2 0.906499
2 0 0 0.88719
3 0 0 0.967141

3
1 6 3 0.843321
2 0 0 0.868015
3 0 0 0.988809

3
1 10 1 0.844057
2 0 0 1.08281
3 0 0 0.892699

3
1 10 1 0.919938
2 0 0 1.0587
3 0 0 0.806637

5
1 11 1534 0.932816
2 6 2 0.925105
4 0 0 0.896767
5 0 0 0.943774
3 0 0 0.815319

3
1 3 3 0.82788
2 0 0 0.863149
3 0 0 0.899061

5
1 9 1 0.933143
2 0 0 0.800582
3 7 3 0.95738
6 0 0 0.939893
7 0 0 1.02251

3
1 11 2896 0.868344
2 0 0 1.03829
3 0 0 0.750894

5
1 6 3 0.816182
2 10 1 0.806269
4 0 0 0.985754
5 0 0 0.876308
3 0 0 1.01657

3
1 7 3 0.841735
2 0 0 0.684939
3 0 0 0.897083

3
1 1 2 0.887745
2 0 0 0.761427
3 0 0 0.950683

3
1 1 1 0.829194
2 0 0 1.11422
3 0 0 0.750377

3
1 10 1 0.830127
2 0 0 1.07673
3 0 0 0.866273

1
1 0 0 0.79752

3
1 9 1 0.904039
2 0 0 0.886124
3 0 0 1.0434

3
1 7 2 0.853226
2 0 0 0.85637
3 0 0 1.01546

3
1 6 1 0.898298
2 0 0 0.890669
3 0 0 0.843982

3
1 5 3 0.753229
2 0 0 0.791857
3 0 0 0.955123

3
1 1 2 0.870784
2 0 0 0.79324
3 0 0 0.952152

3
1 1 2 0.899354
2 0 0 0.875308
3 0 0 0.986407

3
1 1 2 0.923616
2 0 0 0.822337
3 0 0 0.862792

3
1 2 2 0.932717
2 0 0 1.08448
3 0 0 0.873259

5
1 9 1 0.867916
2 0 0 0.884726
3 4 3 0.95798
6 0 0 1.00355
7 0 0 0.992547

1
1 0 0 0.75167

1
1 0 0 0.655838

1
1 0 0 0.910809

3
1 7 2 0.856663
2 0 0 0.839189
3 0 0 0.85195

3
1 4 3 0.872527
2 0 0 0.809765
3 0 0 1.04572

3
1 4 3 0.801381
2 0 0 0.754332
3 0 0 0.974005

3
1 10 1 0.878813
2 0 0 0.995267
3 0 0 0.854644

3
1 0 9860 0.783136
2 0 0 0.854379
3 0 0 1.0081

3
1 7 1 0.936839
2 0 0 0.897779
3 0 0 0.99163

3
1 10 1 0.823971
2 0 0 0.948933
3 0 0 0.741608

3
1 6 2 0.847537
2 0 0 0.875859
3 0 0 0.964003

3
1 10 1 0.923945
2 0 0 0.951329
3 0 0 0.874967

3
1 5 3 0.814831
2 0 0 0.838272
3 0 0 1.12828

7
1 11 2771 0.925971
2 4 1 0.937525
4 0 0 0.878643
5 0 0 1.13508
3 5 2 0.881296
6 0 0 0.882264
7 0 0 0.879695

5
1 2 1 0.92967
2 11 1349 0.91206
4 0 0 1.1316
5 0 0 0.887108
3 0 0 0.959279

3
1 1 1 0.849267
2 0 0 1.03714
3 0 0 0.77407

3
1 10 1 0.893143
2 0 0 1.10122
3 0 0 0.817568

3
1 11 2149 0.891482
2 0 0 0.909462
3 0 0 0.922387

3
1 10 1 0.828602
2 0 0 1.13351
3 0 0 0.761495

3
1 10 1 0.905158
2 0 0 1.04857
3 0 0 0.77026

3
1 10 1 0.842158
2 0 0 0.889888
3 0 0 0.80117

3
1 11 1439 0.976273
2 0 0 0.962001
3 0 0 0.875419

3
1 4 3 0.912377
2 0 0 0.878144
3 0 0 0.987683

3
1 1 1 0.815237
2 0 0 1.012
3 0 0 0.813561

3
1 6 1 0.846378
2 0 0 0.824411
3 0 0 0.957602

1
1 0 0 0.738454

7
1 1 2 0.849435
2 0 989 0.878085
4 0 0 0.922502
5 0 0 0.904296
3 3 1 1.01133
6 0 0 0.974662
7 0 0 1.12114

5
1 9 1 1.0141
2 0 0 0.843983
3 2 1 0.928358
6 0 0 0.992286
7 0 0 0.950083

3
1 10 1 0.868
2 0 0 0.960731
3 0 0 0.763709

5
1 10 1 0.902132
2 0 0 1.03299
3 4 3 0.910306
6 0 0 0.935721
7 0 0 1.0242

3
1 2 4 0.856687
2 0 0 0.759621
3 0 0 0.837373

5
1 10 1 0.938194
2 0 0 1.07977
3 1 2 0.935022
6 0 0 0.852464
7 0 0 0.98873

3
1 4 3 0.831017
2 0 0 0.831093
3 0 0 1.07498

3
1 10 1 0.944848
2 0 0 1.03978
3 0 0 0.729551

3
1 10 1 0.877374
2 0 0 1.04681
3 0 0 0.701525

3
1 1 2 0.964894
2 0 0 0.887974
3 0 0 0.916876

3
1 7 3 0.822066
2 0 0 0.842774
3 0 0 0.989676

1
1 0 0 0.836349

1
1 0 0 0.861875

5
1 5 2 0.861377
2 6 3 0.876762
4 0 0 0.92632
5 0 0 0.987309
3 0 0 0.952595

3
1 6 3 0.831474
2 0 0 0.826194
3 0 0 1.06075

3
1 6 2 0.717128
2 0 0 0.740754
3 0 0 1.02581

3
1 7 3 0.829215
2 0 0 0.797844
3 0 0 1.00529

3
1 5 3 0.920467
2 0 0 0.899472
3 0 0 0.933006

3
1 1 2 1.03568
2 0 0 0.847145
3 0 0 0.95103

3
1 3 3 0.765928
2 0 0 0.751342
3 0 0 0.968992

1
1 0 0 0.871947

1
1 0 0 0.758662

3
1 1 2 0.881773
2 0 0 0.887595
3 0 0 0.902243

3
1 0 2789 0.931068
2 0 0 0.722519
3 0 0 0.961251

3
1 1 2 0.964534
2 0 0 0.875169
3 0 0 0.965545

3
1 5 3 0.914104
2 0 0 0.92625
3 0 0 0.910972

3
1 10 1 0.982583
2 0 0 0.92109
3 0 0 0.859462

3
1 6 3 0.876021
2 0 0 0.886699
3 0 0 0.979175

3
1 9 1 0.825017
2 0 0 0.781581
3 0 0 1.01908

3
1 3 3 1.0474
2 0 0 1.04912
3 0 0 0.96889

3
1 10 1 0.890549
2 0 0 0.933857
3 0 0 0.870177

3
1 3 2 0.876847
2 0 0 0.859567
3 0 0 0.976674

3
1 10 1 0.877314
2 0 0 0.945065
3 0 0 0.838982

3
1 5 2 0.866055
2 0 0 0.882449
3 0 0 1.12868

5
1 4 3 0.853048
2 0 0 0.796559
3 0 5631 1.0533
6 0 0 0.937837
7 0 0 0.946282

1
1 0 0 0.835748

3
1 10 1 0.931551
2 0 0 1.14234
3 0 0 0.977068

3
1 6 2 0.91596
2 0 0 0.888334
3 0 0 1.09064

5
1 0 5569 0.940391
2 0 0 0.887208
3 4 3 0.987766
6 0 0 0.942333
7 0 0 1.1733

3
1 10 1 0.925049
2 0 0 1.03353
3 0 0 0.968936

3
1 0 9969 0.825157
2 0 0 0.813789
3 0 0 1.01037

3
1 6 3 0.813266
2 0 0 0.83436
3 0 0 0.909988

3
1 0 9473 0.834408
2 0 0 0.850954
3 0 0 0.963499

3
1 0 3921 0.908702
2 0 0 0.806901
3 0 0 0.911716

5
1 1 1 0.858375
2 4 1 0.975624
4 0 0 0.98217
5 0 0 0.831165
3 0 0 0.710309

3
1 5 3 0.941377
2 0 0 0.903212
3 0 0 0.977763

3
1 3 2 0.832845
2 0 0 0.957971
3 0 0 1.0015

3
1 9 1 0.812764
2 0 0 0.842167
3 0 0 0.965331

3
1 6 3 0.649908
2 0 0 0.631576
3 0 0 0.99413

5
1 9 1 0.89606
2 0 0 0.846457
3 0 1972 1.00468
6 0 0 0.991921
7 0 0 0.992264

3
1 0 7472 0.888844
2 0 0 0.865127
3 0 0 0.899834

3
1 1 2 0.940257
2 0 0 0.722558
3 0 0 1.00172

3
1 7 3 0.864564
2 0 0 0.93191
3 0 0 1.06006

5
1 2 2 0.952908
2 3 1 0.938563
4 0 0 0.987973
5 0 0 1.26125
3 0 0 0.979018

3
1 10 1 0.919938
2 0 0 0.937929
3 0 0 0.879809

3
1 3 2 0.824486
2 0 0 0.819024
3 0 0 0.883977

3
1 0 8467 0.837631
2 0 0 0.963181
3 0 0 0.969661

1
1 0 0 0.83353

3
1 11 2896 0.868344
2 0 0 1.11352
3 0 0 0.771473

3
1 2 2 0.901187
2 0 0 0.885741
3 0 0 1.00223

1
1 0 0 0.881344

3
1 0 9689 0.874803
2 0 0 0.874509
3 0 0 1.01953

3
1 7 3 0.816294
2 0 0 0.807175
3 0 0 1.11332

3
1 10 1 0.830127
2 0 0 0.970804
3 0 0 0.821963

3
1 9 1 0.831825
2 0 0 0.770715
3 0 0 0.99607

7
1 9 1 0.904039
2 10 1 0.828684
4 6 1 0.979643
8 0 0 0.997309
9 0 0 1.00582
5 0 0 0.759112
3 0 0 0.98318

3
1 10 1 0.90522
2 0 0 0.968444
3 0 0 0.769818

3
1 7 2 0.873748
2 0 0 0.801494
3 0 0 0.986901

5
1 2 3 0.88079
2 0 0 0.835402
3 1 2 0.855477
6 0 0 0.892869
7 0 0 0.935083

5
1 3 3 0.80262
2 10 1 0.826992
4 0 0 1.04785
5 0 0 0.78929
3 0 0 1.0367

3
1 1 2 0.899354
2 0 0 0.862875
3 0 0 0.973967

3
1 11 5340 0.8375
2 0 0 0.869157
3 0 0 0.971845

5
1 7 3 0.717801
2 5 3 0.774535
4 0 0 0.796746
5 0 0 1.06317
3 0 0 0.947016

1
1 0 0 0.681904

3
1 1 2 0.833024
2 0 0 0.672264
3 0 0 1.01107

3
1 9 1 1.02097
2 0 0 0.94954
3 0 0 1.0006

5
1 0 8441 0.891279
2 9 1 0.892147
4 0 0 0.931519
5 0 0 1.09573
3 0 0 0.919915

3
1 4 1 0.912815
2 0 0 0.872697
3 0 0 1.00107

3
1 5 1 0.867098
2 0 0 0.890915
3 0 0 0.898731

1
1 0 0 0.803919

5
1 10 1 0.878813
2 2 3 1.00162
4 0 0 1.07577
5 0 0 0.862903
3 0 0 0.783781

3
1 4 3 0.728027
2 0 0 0.871089
3 0 0 1.05591

3
1 5 2 0.819212
2 0 0 0.77962
3 0 0 0.976944

3
1 5 2 0.765289
2 0 0 0.809614
3 0 0 0.977099

3
1 5 3 0.76623
2 0 0 0.804364
3 0 0 0.918436

1
1 0 0 0.767492

1
1 0 0 0.855215

5
1 11 2771 0.925971
2 4 1 0.937525
4 0 0 0.89143
5 0 0 1.14542
3 0 0 0.787226

3
1 1 1 0.842719
2 0 0 1.07657
3 0 0 0.83834

7
1 4 3 0.896682
2 4 2 0.852977
4 0 0 0.882528
5 2 2 0.962646
10 0 0 1.08125
11 0 0 1.10522
3 0 0 0.973963

5
1 0 8750 0.972389
2 5 2 0.906875
4 0 0 0.91206
5 0 0 0.955849
3 0 0 0.956764

9
1 4 2 0.877038
2 0 3253 0.838959
4 0 0 0.862973
5 0 5065 1.0929
10 0 0 0.974124
11 0 0 1.05811
3 6 1 0.995325
6 0 0 0.967886
7 0 0 0.973659

3
1 6 2 0.793165
2 0 0 0.772201
3 0 0 1.06052

3
1 10 1 0.905158
2 0 0 1.00884
3 0 0 0.776197

3
1 10 1 0.842158
2 0 0 0.958868
3 0 0 0.77008

3
1 2 1 0.916196
2 0 0 0.927063
3 0 0 0.930518

5
1 1 2 0.948008
2 1 1 0.924848
4 0 0 1.08406
5 0 0 0.926773
3 0 0 1.05231

3
1 1 1 0.815237
2 0 0 1.01392
3 0 0 0.830374

1
1 0 0 0.732114

1
1 0 0 0.771917

3
1 7 3 0.87624
2 0 0 0.829116
3 0 0 0.900322

3
1 1 2 0.835516
2 0 0 0.899599
3 0 0 1.00542

5
1 11 3770 0.898964
2 0 0 0.846419
3 5 2 0.902505
6 0 0 0.894387
7 0 0 0.944619

3
1 10 1 0.902132
2 0 0 1.0976
3 0 0 0.855137

3
1 1 1 0.840473
2 0 0 1.07483
3 0 0 0.791017

3
1 5 3 0.816614
2 0 0 0.857603
3 0 0 0.926815

3
1 4 1 0.934006
2 0 0 0.789216
3 0 0 0.934017

3
1 5 1 0.881177
2 0 0 0.861949
3 0 0 0.877011

3
1 10 1 0.877374
2 0 0 0.945048
3 0 0 0.733431

3
1 3 3 0.840959
2 0 0 0.820528
3 0 0 1.15521

5
1 7 3 0.822066
2 0 0 0.923869
3 11 2929 0.939352
6 0 0 1.0628
7 0 0 0.982532

3
1 7 1 0.853141
2 0 0 0.784931
3 0 0 0.9549

3
1 1 1 0.857488
2 0 0 0.985005
3 0 0 0.84314

1
1 0 0 0.922012

3
1 7 3 0.844997
2 0 0 0.843707
3 0 0 0.970276

3
1 4 2 0.715038
2 0 0 0.778156
3 0 0 0.91404

3
1 10 1 0.872989
2 0 0 1.05828
3 0 0 0.809323

3
1 1 1 0.806016
2 0 0 1.0423
3 0 0 0.875808

3
1 4 2 0.828923
2 0 0 0.76737
3 0 0 0.899295

5
1 9 1 0.802208
2 1 1 0.856989
4 0 0 1.03835
5 0 0 0.797087
3 0 0 0.909322

1
1 0 0 0.723467

5
1 2 4 0.869685
2 0 0 0.76656
3 9 1 1.01996
6 0 0 0.962952
7 0 0 1.03475

3
1 4 3 0.923482
2 0 0 0.88749
3 0 0 0.975345

7
1 5 1 0.860364
2 10 1 0.980021
4 0 0 1.05656
5 0 0 0.998566
3 11 2850 1.06705
6 0 0 1.00122
7 0 0 0.960345

5
1 10 1 0.837618
2 11 2876 1.13917
4 0 0 1.08388
5 0 0 1.05704
3 0 0 0.802003

3
1 5 3 0.825857
2 0 0 0.850968
3 0 0 0.998144

3
1 4 3 0.784767
2 0 0 0.803168
3 0 0 1.01359

1
1 0 0 0.873172

3
1 9 1 0.825017
2 0 0 0.820317
3 0 0 1.06372

3
1 1 1 0.941385
2 0 0 0.98275
3 0 0 0.717457

3
1 3 1 0.954225
2 0 0 0.885472
3 0 0 0.995989

5
1 10 1 0.866304
2 0 0 0.96062
3 0 6726 0.915892
6 0 0 0.918106
7 0 0 0.998843

3
1 10 1 0.877314
2 0 0 0.955501
3 0 0 0.759418

3
1 10 1 0.862881
2 0 0 1.06086
3 0 0 0.698129

3
1 6 3 0.806229
2 0 0 0.880795
3 0 0 0.951755

5
1 0 4896 0.81515
2 0 0 0.842396
3 11 1334 0.942596
6 0 0 0.942688
7 0 0 1.02368

3
1 0 9111 0.88175
2 0 0 0.913066
3 0 0 0.955088

3
1 3 2 0.809671
2 0 0 0.831722
3 0 0 0.957849

3
1 5 2 0.859975
2 0 0 0.811015
3 0 0 1.08864

5
1 11 328 0.865699
2 0 0 0.920972
3 7 1 0.969703
6 0 0 1.0323
7 0 0 0.965496

1
1 0 0 0.819654

5
1 0 680 0.887883
2 0 0 0.916699
3 4 2 0.883918
6 0 0 0.883905
7 0 0 0.892304

1
1 0 0 0.859581

3
1 7 3 0.82831
2 0 0 0.799398
3 0 0 1.05991

3
1 3 3 0.841452
2 0 0 0.816665
3 0 0 0.978567

3
1 6 1 0.92414
2 0 0 0.915288
3 0 0 0.871759

3
1 10 1 0.837437
2 0 0 1.00975
3 0 0 0.727222

7
1 9 1 0.955239
2 1 1 0.929383
4 0 0 1.05829
5 0 0 0.831585
3 5 1 1.01522
6 0 0 1.11274
7 0 0 0.975466

3
1 0 9013 0.875456
2 0 0 0.93428
3 0 0 0.986249

3
1 3 1 0.904821
2 0 0 0.824673
3 0 0 1.06335

5
1 10 1 0.853778
2 0 6607 1.00987
4 0 0 1.10951
5 0 0 1.10151
3 0 0 0.880116

3
1 5 3 0.855228
2 0 0 0.818469
3 0 0 1.03724

3
1 6 2 0.811179
2 0 0 0.843688
3 0 0 0.969055

1
1 0 0 0.768332

1
1 0 0 0.835789

3
1 1 1 0.910029
2 0 0 0.979559
3 0 0 0.949632

5
1 9 1 0.853067
2 0 0 0.841911
3 3 3 0.957316
6 0 0 0.885511
7 0 0 0.97027

1
1 0 0 0.818459

5
1 11 2896 0.868344
2 4 3 0.96565
4 0 0 1.05371
5 0 0 0.95612
3 0 0 0.852972

5
1 1 2 0.903695
2 0 0 0.868001
3 4 2 0.959852
6 0 0 0.898063
7 0 0 1.04691

5
1 2 1 0.772836
2 0 0 0.825756
3 3 3 0.791706
6 0 0 0.822422
7 0 0 0.986297

3
1 1 2 0.932847
2 0 0 0.822298
3 0 0 0.930936

3
1 10 1 0.926103
2 0 0 1.02233
3 0 0 0.830457

3
1 1 1 0.861467
2 0 0 1.07758
3 0 0 0.959174

3
1 9 1 0.831825
2 0 0 0.835428
3 0 0 1.05342

3
1 9 1 0.904039
2 0 0 0.70913
3 0 0 0.941185

9
1 3 1 0.964934
2 11 1645 1.00852
4 2 3 1.05809
8 1 1 0.977919
16 0 0 0.947124
17 0 0 0.974385
9 0 0 1.09783
5 0 0 0.911664
3 0 0 0.964105

1
1 0 0 0.916824

1
1 0 0 0.786604

3
1 3 3 0.80262
2 0 0 0.879738
3 0 0 1.01244

3
1 10 1 0.81513
2 0 0 1.03247
3 0 0 0.950914

3
1 4 3 0.919297
2 0 0 0.836694
3 0 0 1.04159

3
1 1 1 0.879391
2 0 0 1.03634
3 0 0 0.790785

1
1 0 0 0.703291

1
1 0 0 0.882551

3
1 6 3 0.89807
2 0 0 0.912505
3 0 0 1.02169

5
1 11 2188 0.822494
2 11 1577 0.854688
4 0 0 0.945734
5 0 0 0.924974
3 0 0 0.833558

3
1 6 2 0.857575
2 0 0 0.882772
3 0 0 0.91034

3
1 10 1 0.772033
2 0 0 0.923676
3 0 0 0.822796

3
1 4 2 0.833615
2 0 0 0.854499
3 0 0 1.01344

3
1 1 2 0.822264
2 0 0 0.776548
3 0 0 0.942306

1
1 0 0 0.9302

3
1 3 2 0.807623
2 0 0 0.822696
3 0 0 0.882787

3
1 4 2 0.854176
2 0 0 0.803662
3 0 0 1.02333

11
1 7 2 0.899483
2 0 0 0.79742
3 2 1 1.0503
6 0 0 0.938129
7 3 1 1.07203
14 7 3 0.977376
28 0 0 1.01665
29 0 0 1.05076
15 2 3 1.13919
30 0 0 0.99001
31 0 0 0.949388

3
1 0 9789 0.875039
2 0 0 0.956838
3 0 0 0.986531

3
1 4 1 0.797648
2 0 0 0.818622
3 0 0 0.881953

3
1 11 2771 0.925971
2 0 0 0.961861
3 0 0 0.731331

1
1 0 0 0.790148

3
1 7 1 0.911015
2 0 0 0.912268
3 0 0 0.877095

5
1 4 3 0.827706
2 5 3 0.846643
4 0 0 0.837478
5 0 0 1.03642
3 0 0 0.980202

3
1 4 2 0.869495
2 0 0 0.84976
3 0 0 0.970218

3
1 1 1 0.910443
2 0 0 1.13062
3 0 0 0.739584

3
1 5 3 0.825923
2 0 0 0.806242
3 0 0 0.970834

3
1 10 1 0.842158
2 0 0 1.03287
3 0 0 0.838748

3
1 10 1 0.863344
2 0 0 0.933377
3 0 0 0.73101

1
1 0 0 1.01861

5
1 1 1 0.815237
2 0 0 1.00542
3 9 1 0.88359
6 0 0 0.745624
7 0 0 0.913708

5
1 11 3612 0.827506
2 0 0 0.841344
3 7 1 0.949442
6 0 0 0.85868
7 0 0 1.00218

3
1 3 3 0.903774
2 0 0 0.818546
3 0 0 1.00748

3
1 6 2 0.841696
2 0 0 0.808341
3 0 0 1.01322

5
1 1 2 0.835516
2 0 0 0.890969
3 11 4168 1.0722
6 0 0 1.04456
7 0 0 0.953181

5
1 5 3 0.899536
2 1 2 0.910627
4 0 0 0.802993
5 0 0 0.979655
3 0 0 0.872905

3
1 5 3 0.760733
2 0 0 0.767501
3 0 0 0.919749

5
1 1 1 0.840473
2 2 1 1.0556
4 0 0 1.03982
5 0 0 1.04124
3 0 0 0.880436

3
1 1 2 0.910706
2 0 0 0.848118
3 0 0 1.07867

3
1 4 1 0.850543
2 0 0 0.821947
3 0 0 0.993243

1
1 0 0 0.81807

3
1 10 1 0.877374
2 0 0 1.03121
3 0 0 0.820056

5
1 4 3 0.855446
2 0 0 0.854416
3 0 2523 0.930949
6 0 0 1.01038
7 0 0 1.00484

3
1 6 3 0.73482
2 0 0 0.704387
3 0 0 1.04201

1
1 0 0 0.798909

3
1 1 1 0.857488
2 0 0 1.04662
3 0 0 0.834145

3
1 6 2 0.944206
2 0 0 0.894571
3 0 0 0.926879

3
1 1 1 0.941764
2 0 0 1.05742
3 0 0 0.901618

5
1 0 3373 0.903565
2 0 0 0.771872
3 11 5189 1.06738
6 0 0 1.0343
7 0 0 1.01443

3
1 10 1 0.872989
2 0 0 0.940429
3 0 0 0.766807

3
1 5 3 0.893516
2 0 0 0.850999
3 0 0 1.03696

1
1 0 0 0.974387

3
1 3 3 0.838853
2 0 0 0.839076
3 0 0 1.08355

1
1 0 0 0.789145

1
1 0 0 0.727314

3
1 9 1 0.899856
2 0 0 0.803678
3 0 0 1.01211

5
1 5 3 0.84667
2 10 1 0.860467
4 0 0 1.03477
5 0 0 0.792898
3 0 0 1.08981

3
1 10 1 0.837618
2 0 0 0.99272
3 0 0 0.744532

3
1 6 3 0.889478
2 0 0 0.862303
3 0 0 1.05339

1
1 0 0 0.874961

5
1 9 1 0.933316
2 0 0 0.847649
3 5 3 0.944563
6 0 0 1.01656
7 0 0 1.07843

3
1 6 1 0.978245
2 0 0 0.924829
3 0 0 0.959196

3
1 5 2 0.798093
2 0 0 0.814925
3 0 0 0.866823

5
1 2 4 0.797218
2 0 0 0.860432
3 1 2 0.857823
6 0 0 0.883557
7 0 0 1.04058

1
1 0 0 0.802866

3
1 10 1 0.877314
2 0 0 1.07987
3 0 0 0.770233

5
1 10 1 0.862881
2 11 4014 1.05503
4 0 0 1.07698
5 0 0 1.05996
3 0 0 0.757584

1
1 0 0 0.929296

3
1 0 4896 0.81515
2 0 0 0.770568
3 0 0 1.07361

3
1 10 1 0.825503
2 0 0 0.985303
3 0 0 0.791876

3
1 9 1 0.912194
2 0 0 0.791332
3 0 0 0.976714

3
1 0 4727 0.917138
2 0 0 0.814244
3 0 0 0.935058

1
1 0 0 0.816946

3
1 10 1 0.819654
2 0 0 0.901348
3 0 0 0.746441

5
1 3 1 0.895583
2 0 0 0.901901
3 2 1 0.926799
6 0 0 0.944233
7 0 0 0.969727

3
1 0 3466 0.846839
2 0 0 0.881177
3 0 0 0.961875

3
1 4 2 0.758222
2 0 0 0.765082
3 0 0 1.20338

3
1 0 9653 0.891718
2 0 0 0.880145
3 0 0 1.05959

3
1 7 3 0.813354
2 0 0 0.779526
3 0 0 0.956202

3
1 1 1 0.873787
2 0 0 1.06515
3 0 0 0.850008

5
1 9 1 0.955239
2 0 0 0.754335
3 6 2 1.11961
6 0 0 1.14445
7 0 0 0.949176

3
1 10 1 0.879656
2 0 0 1.12894
3 0 0 0.75238

3
1 9 1 0.899886
2 0 0 0.866026
3 0 0 1.02738

3
1 4 3 0.853624
2 0 0 0.790053
3 0 0 0.943571

3
1 4 3 0.781993
2 0 0 0.734933
3 0 0 0.981173

3
1 10 1 0.874085
2 0 0 1.06755
3 0 0 0.903883

3
1 1 2 0.815376
2 0 0 0.918643
3 0 0 1.17497

3
1 5 2 0.755895
2 0 0 0.736353
3 0 0 0.856807

3
1 1 1 0.910029
2 0 0 0.993833
3 0 0 0.783003

3
1 11 1222 0.908125
2 0 0 1.02924
3 0 0 0.931636

3
1 1 2 0.795893
2 0 0 0.855847
3 0 0 1.07789

3
1 6 2 0.831559
2 0 0 0.805406
3 0 0 0.960566

3
1 1 2 0.903695
2 0 0 0.815324
3 0 0 0.971141

3
1 4 2 0.940251
2 0 0 0.803478
3 0 0 1.01428

3
1 3 3 0.844518
2 0 0 0.877961
3 0 0 1.01604

5
1 2 4 0.9451
2 1 2 0.953358
4 0 0 0.972246
5 0 0 0.985632
3 0 0 0.951513

3
1 1 1 0.861467
2 0 0 0.99687
3 0 0 0.762296

1
1 0 0 0.828167

3
1 10 1 0.862631
2 0 0 0.983974
3 0 0 0.894987

3
1 9 1 0.856053
2 0 0 0.816861
3 0 0 1.00972

3
1 6 3 0.972167
2 0 0 0.901105
3 0 0 0.948275

5
1 11 2930 0.965875
2 4 1 0.949182
4 0 0 0.900725
5 0 0 1.12482
3 0 0 0.864373

3
1 5 3 0.864175
2 0 0 0.84169
3 0 0 1.04349

1
1 0 0 0.860168

9
1 3 1 0.87503
2 0 2120 0.862382
4 0 0 0.999579
5 0 0 0.966291
3 1 2 0.983957
6 10 1 0.981732
12 0 0 0.917871
13 0 0 1.06091
7 0 0 1.05806

3
1 10 1 0.924244
2 0 0 1.01648
3 0 0 0.775029

5
1 6 3 0.872177
2 6 1 0.9369
4 0 0 0.963435
5 0 0 0.912203
3 0 0 1.12835

7
1 0 7289 0.902032
2 5 2 0.893235
4 0 0 0.972291
5 0 0 1.02391
3 3 3 0.959548
6 0 0 0.988669
7 0 0 1.10808

5
1 1 2 0.961976
2 0 0 0.98487
3 0 8828 0.967792
6 0 0 0.959648
7 0 0 0.941455

1
1 0 0 0.758968

3
1 7 3 0.864934
2 0 0 0.774121
3 0 0 0.982902

3
1 10 1 0.772033
2 0 0 1.03735
3 0 0 0.681934

3
1 1 2 0.921972
2 0 0 0.834428
3 0 0 1.00206

1
1 0 0 0.788392

3
1 6 2 0.836469
2 0 0 0.86748
3 0 0 1.10549

3
1 6 3 0.865461
2 0 0 0.812861
3 0 0 0.877616

1
1 0 0 0.754866

5
1 5 2 0.895062
2 7 2 0.906109
4 0 0 0.918543
5 0 0 1.05598
3 0 0 1.04574

5
1 6 3 0.89258
2 4 2 0.928806
4 0 0 0.946825
5 0 0 0.99143
3 0 0 0.944167

3
1 4 1 0.833754
2 0 0 0.865739
3 0 0 0.949405

3
1 11 2771 0.925971
2 0 0 1.03609
3 0 0 0.777614

3
1 3 1 0.920686
2 0 0 0.853725
3 0 0 0.931214

3
1 4 2 0.754467
2 0 0 0.773883
3 0 0 0.784294

1
1 0 0 0.75599

3
1 10 1 0.827255
2 0 0 1.10208
3 0 0 0.793018

3
1 1 1 0.910443
2 0 0 1.05271
3 0 0 0.813354

3
1 9 1 0.822241
2 0 0 0.776643
3 0 0 0.985998

3
1 10 1 0.829472
2 0 0 0.912591
3 0 0 0.937065

1
1 0 0 0.807295

3
1 1 2 0.904859
2 0 0 0.901876
3 0 0 0.877294

3
1 9 1 0.947377
2 0 0 0.819996
3 0 0 0.968474

3
1 7 3 0.756716
2 0 0 0.750107
3 0 0 0.96837

3
1 4 2 0.791205
2 0 0 0.781505
3 0 0 0.91055

1
1 0 0 0.873995

3
1 1 1 0.82699
2 0 0 0.922878
3 0 0 0.905147

1
1 0 0 0.856396

5
1 3 2 0.710377
2 0 1725 0.969827
4 0 0 0.822583
5 0 0 1.0433
3 0 0 1.03154

3
1 1 1 0.840473
2 0 0 1.05765
3 0 0 0.78436

3
1 11 1323 0.950527
2 0 0 0.902109
3 0 0 0.901193

3
1 10 1 0.838384
2 0 0 0.90703
3 0 0 0.849331

3
1 10 1 0.938896
2 0 0 0.997456
3 0 0 0.838192

3
1 0 1242 0.900366
2 0 0 0.948449
3 0 0 0.922071

1
1 0 0 0.806236

3
1 6 2 0.81446
2 0 0 0.809954
3 0 0 1.17336

3
1 5 2 0.812362
2 0 0 0.808075
3 0 0 1.01253

3
1 1 1 0.857488
2 0 0 1.03739
3 0 0 0.779324

3
1 10 1 0.881587
2 0 0 0.873758
3 0 0 0.773888

3
1 5 2 0.854109
2 0 0 0.878148
3 0 0 0.892356

1
1 0 0 0.885377

1
1 0 0 0.771281

1
1 0 0 0.749985

3
1 1 1 0.861997
2 0 0 1.09996
3 0 0 0.856125

3
1 9 1 0.961973
2 0 0 0.918062
3 0 0 1.0346

3
1 7 2 0.870126
2 0 0 0.830811
3 0 0 1.00381

1
1 0 0 0.875396

3
1 4 2 0.904308
2 0 0 0.905851
3 0 0 0.918933

1
1 0 0 0.788051

5
1 10 1 0.887887
2 0 0 0.97787
3 5 3 0.831253
6 0 0 0.832358
7 0 0 0.946588

1
1 0 0 0.88605

1
1 0 0 0.842191

1
1 0 0 0.853452

3
1 4 2 0.797827
2 0 0 0.777561
3 0 0 0.910654

3
1 11 4317 0.852278
2 0 0 0.87484
3 0 0 0.822739

1
1 0 0 0.812522

3
1 0 196 0.86648
2 0 0 0.925372
3 0 0 0.980635

