3
9999
0.0001
0.0002
0.0003
0.0004
0.0005
0.0006
0.0007
0.0008
0.0009
0.001
0.0011
0.0012
0.0013
0.0014
0.0015
0.0016
0.0017
0.0018
0.0019
0.002
0.0021
0.0022
0.0023
0.0024
0.0025
0.0026
0.0027
0.0028
0.0029
0.003
0.0031
0.0032
0.0033
0.0034
0.0035
0.0036
0.0037
0.0038
0.0039
0.004
0.0041
0.0042
0.0043
0.0044
0.0045
0.0046
0.0047
0.0048
0.0049
0.005
0.0051
0.0052
0.0053
0.0054
0.0055
0.0056
0.0057
0.0058
0.0059
0.006
0.0061
0.0062
0.0063
0.0064
0.0065
0.0066
0.0067
0.0068
0.0069
0.007
0.0071
0.0072
0.0073
0.0074
0.0075
0.0076
0.0077
0.0078
0.0079
0.008
0.0081
0.0082
0.0083
0.0084
0.0085
0.0086
0.0087
0.0088
0.0089
0.009
0.0091
0.0092
0.0093
0.0094
0.0095
0.0096
0.0097
0.0098
0.0099
0.01
0.0101
0.0102
0.0103
0.0104
0.0105
0.0106
0.0107
0.0108
0.0109
0.011
0.0111
0.0112
0.0113
0.0114
0.0115
0.0116
0.0117
0.0118
0.0119
0.012
0.0121
0.0122
0.0123
0.0124
0.0125
0.0126
0.0127
0.0128
0.0129
0.013
0.0131
0.0132
0.0133
0.0134
0.0135
0.0136
0.0137
0.0138
0.0139
0.014
0.0141
0.0142
0.0143
0.0144
0.0145
0.0146
0.0147
0.0148
0.0149
0.015
0.0151
0.0152
0.0153
0.0154
0.0155
0.0156
0.0157
0.0158
0.0159
0.016
0.0161
0.0162
0.0163
0.0164
0.0165
0.0166
0.0167
0.0168
0.0169
0.017
0.0171
0.0172
0.0173
0.0174
0.0175
0.0176
0.0177
0.0178
0.0179
0.018
0.0181
0.0182
0.0183
0.0184
0.0185
0.0186
0.0187
0.0188
0.0189
0.019
0.0191
0.0192
0.0193
0.0194
0.0195
0.0196
0.0197
0.0198
0.0199
0.02
0.0201
0.0202
0.0203
0.0204
0.0205
0.0206
0.0207
0.0208
0.0209
0.021
0.0211
0.0212
0.0213
0.0214
0.0215
0.0216
0.0217
0.0218
0.0219
0.022
0.0221
0.0222
0.0223
0.0224
0.0225
0.0226
0.0227
0.0228
0.0229
0.023
0.0231
0.0232
0.0233
0.0234
0.0235
0.0236
0.0237
0.0238
0.0239
0.024
0.0241
0.0242
0.0243
0.0244
0.0245
0.0246
0.0247
0.0248
0.0249
0.025
0.0251
0.0252
0.0253
0.0254
0.0255
0.0256
0.0257
0.0258
0.0259
0.026
0.0261
0.0262
0.0263
0.0264
0.0265
0.0266
0.0267
0.0268
0.0269
0.027
0.0271
0.0272
0.0273
0.0274
0.0275
0.0276
0.0277
0.0278
0.0279
0.028
0.0281
0.0282
0.0283
0.0284
0.0285
0.0286
0.0287
0.0288
0.0289
0.029
0.0291
0.0292
0.0293
0.0294
0.0295
0.0296
0.0297
0.0298
0.0299
0.03
0.0301
0.0302
0.0303
0.0304
0.0305
0.0306
0.0307
0.0308
0.0309
0.031
0.0311
0.0312
0.0313
0.0314
0.0315
0.0316
0.0317
0.0318
0.0319
0.032
0.0321
0.0322
0.0323
0.0324
0.0325
0.0326
0.0327
0.0328
0.0329
0.033
0.0331
0.0332
0.0333
0.0334
0.0335
0.0336
0.0337
0.0338
0.0339
0.034
0.0341
0.0342
0.0343
0.0344
0.0345
0.0346
0.0347
0.0348
0.0349
0.035
0.0351
0.0352
0.0353
0.0354
0.0355
0.0356
0.0357
0.0358
0.0359
0.036
0.0361
0.0362
0.0363
0.0364
0.0365
0.0366
0.0367
0.0368
0.0369
0.037
0.0371
0.0372
0.0373
0.0374
0.0375
0.0376
0.0377
0.0378
0.0379
0.038
0.0381
0.0382
0.0383
0.0384
0.0385
0.0386
0.0387
0.0388
0.0389
0.039
0.0391
0.0392
0.0393
0.0394
0.0395
0.0396
0.0397
0.0398
0.0399
0.04
0.0401
0.0402
0.0403
0.0404
0.0405
0.0406
0.0407
0.0408
0.0409
0.041
0.0411
0.0412
0.0413
0.0414
0.0415
0.0416
0.0417
0.0418
0.0419
0.042
0.0421
0.0422
0.0423
0.0424
0.0425
0.0426
0.0427
0.0428
0.0429
0.043
0.0431
0.0432
0.0433
0.0434
0.0435
0.0436
0.0437
0.0438
0.0439
0.044
0.0441
0.0442
0.0443
0.0444
0.0445
0.0446
0.0447
0.0448
0.0449
0.045
0.0451
0.0452
0.0453
0.0454
0.0455
0.0456
0.0457
0.0458
0.0459
0.046
0.0461
0.0462
0.0463
0.0464
0.0465
0.0466
0.0467
0.0468
0.0469
0.047
0.0471
0.0472
0.0473
0.0474
0.0475
0.0476
0.0477
0.0478
0.0479
0.048
0.0481
0.0482
0.0483
0.0484
0.0485
0.0486
0.0487
0.0488
0.0489
0.049
0.0491
0.0492
0.0493
0.0494
0.0495
0.0496
0.0497
0.0498
0.0499
0.05
0.0501
0.0502
0.0503
0.0504
0.0505
0.0506
0.0507
0.0508
0.0509
0.051
0.0511
0.0512
0.0513
0.0514
0.0515
0.0516
0.0517
0.0518
0.0519
0.052
0.0521
0.0522
0.0523
0.0524
0.0525
0.0526
0.0527
0.0528
0.0529
0.053
0.0531
0.0532
0.0533
0.0534
0.0535
0.0536
0.0537
0.0538
0.0539
0.054
0.0541
0.0542
0.0543
0.0544
0.0545
0.0546
0.0547
0.0548
0.0549
0.055
0.0551
0.0552
0.0553
0.0554
0.0555
0.0556
0.0557
0.0558
0.0559
0.056
0.0561
0.0562
0.0563
0.0564
0.0565
0.0566
0.0567
0.0568
0.0569
0.057
0.0571
0.0572
0.0573
0.0574
0.0575
0.0576
0.0577
0.0578
0.0579
0.058
0.0581
0.0582
0.0583
0.0584
0.0585
0.0586
0.0587
0.0588
0.0589
0.059
0.0591
0.0592
0.0593
0.0594
0.0595
0.0596
0.0597
0.0598
0.0599
0.06
0.0601
0.0602
0.0603
0.0604
0.0605
0.0606
0.0607
0.0608
0.0609
0.061
0.0611
0.0612
0.0613
0.0614
0.0615
0.0616
0.0617
0.0618
0.0619
0.062
0.0621
0.0622
0.0623
0.0624
0.0625
0.0626
0.0627
0.0628
0.0629
0.063
0.0631
0.0632
0.0633
0.0634
0.0635
0.0636
0.0637
0.0638
0.0639
0.064
0.0641
0.0642
0.0643
0.0644
0.0645
0.0646
0.0647
0.0648
0.0649
0.065
0.0651
0.0652
0.0653
0.0654
0.0655
0.0656
0.0657
0.0658
0.0659
0.066
0.0661
0.0662
0.0663
0.0664
0.0665
0.0666
0.0667
0.0668
0.0669
0.067
0.0671
0.0672
0.0673
0.0674
0.0675
0.0676
0.0677
0.0678
0.0679
0.068
0.0681
0.0682
0.0683
0.0684
0.0685
0.0686
0.0687
0.0688
0.0689
0.069
0.0691
0.0692
0.0693
0.0694
0.0695
0.0696
0.0697
0.0698
0.0699
0.07
0.0701
0.0702
0.0703
0.0704
0.0705
0.0706
0.0707
0.0708
0.0709
0.071
0.0711
0.0712
0.0713
0.0714
0.0715
0.0716
0.0717
0.0718
0.0719
0.072
0.0721
0.0722
0.0723
0.0724
0.0725
0.0726
0.0727
0.0728
0.0729
0.073
0.0731
0.0732
0.0733
0.0734
0.0735
0.0736
0.0737
0.0738
0.0739
0.074
0.0741
0.0742
0.0743
0.0744
0.0745
0.0746
0.0747
0.0748
0.0749
0.075
0.0751
0.0752
0.0753
0.0754
0.0755
0.0756
0.0757
0.0758
0.0759
0.076
0.0761
0.0762
0.0763
0.0764
0.0765
0.0766
0.0767
0.0768
0.0769
0.077
0.0771
0.0772
0.0773
0.0774
0.0775
0.0776
0.0777
0.0778
0.0779
0.078
0.0781
0.0782
0.0783
0.0784
0.0785
0.0786
0.0787
0.0788
0.0789
0.079
0.0791
0.0792
0.0793
0.0794
0.0795
0.0796
0.0797
0.0798
0.0799
0.08
0.0801
0.0802
0.0803
0.0804
0.0805
0.0806
0.0807
0.0808
0.0809
0.081
0.0811
0.0812
0.0813
0.0814
0.0815
0.0816
0.0817
0.0818
0.0819
0.082
0.0821
0.0822
0.0823
0.0824
0.0825
0.0826
0.0827
0.0828
0.0829
0.083
0.0831
0.0832
0.0833
0.0834
0.0835
0.0836
0.0837
0.0838
0.0839
0.084
0.0841
0.0842
0.0843
0.0844
0.0845
0.0846
0.0847
0.0848
0.0849
0.085
0.0851
0.0852
0.0853
0.0854
0.0855
0.0856
0.0857
0.0858
0.0859
0.086
0.0861
0.0862
0.0863
0.0864
0.0865
0.0866
0.0867
0.0868
0.0869
0.087
0.0871
0.0872
0.0873
0.0874
0.0875
0.0876
0.0877
0.0878
0.0879
0.088
0.0881
0.0882
0.0883
0.0884
0.0885
0.0886
0.0887
0.0888
0.0889
0.089
0.0891
0.0892
0.0893
0.0894
0.0895
0.0896
0.0897
0.0898
0.0899
0.09
0.0901
0.0902
0.0903
0.0904
0.0905
0.0906
0.0907
0.0908
0.0909
0.091
0.0911
0.0912
0.0913
0.0914
0.0915
0.0916
0.0917
0.0918
0.0919
0.092
0.0921
0.0922
0.0923
0.0924
0.0925
0.0926
0.0927
0.0928
0.0929
0.093
0.0931
0.0932
0.0933
0.0934
0.0935
0.0936
0.0937
0.0938
0.0939
0.094
0.0941
0.0942
0.0943
0.0944
0.0945
0.0946
0.0947
0.0948
0.0949
0.095
0.0951
0.0952
0.0953
0.0954
0.0955
0.0956
0.0957
0.0958
0.0959
0.096
0.0961
0.0962
0.0963
0.0964
0.0965
0.0966
0.0967
0.0968
0.0969
0.097
0.0971
0.0972
0.0973
0.0974
0.0975
0.0976
0.0977
0.0978
0.0979
0.098
0.0981
0.0982
0.0983
0.0984
0.0985
0.0986
0.0987
0.0988
0.0989
0.099
0.0991
0.0992
0.0993
0.0994
0.0995
0.0996
0.0997
0.0998
0.0999
0.1
0.1001
0.1002
0.1003
0.1004
0.1005
0.1006
0.1007
0.1008
0.1009
0.101
0.1011
0.1012
0.1013
0.1014
0.1015
0.1016
0.1017
0.1018
0.1019
0.102
0.1021
0.1022
0.1023
0.1024
0.1025
0.1026
0.1027
0.1028
0.1029
0.103
0.1031
0.1032
0.1033
0.1034
0.1035
0.1036
0.1037
0.1038
0.1039
0.104
0.1041
0.1042
0.1043
0.1044
0.1045
0.1046
0.1047
0.1048
0.1049
0.105
0.1051
0.1052
0.1053
0.1054
0.1055
0.1056
0.1057
0.1058
0.1059
0.106
0.1061
0.1062
0.1063
0.1064
0.1065
0.1066
0.1067
0.1068
0.1069
0.107
0.1071
0.1072
0.1073
0.1074
0.1075
0.1076
0.1077
0.1078
0.1079
0.108
0.1081
0.1082
0.1083
0.1084
0.1085
0.1086
0.1087
0.1088
0.1089
0.109
0.1091
0.1092
0.1093
0.1094
0.1095
0.1096
0.1097
0.1098
0.1099
0.11
0.1101
0.1102
0.1103
0.1104
0.1105
0.1106
0.1107
0.1108
0.1109
0.111
0.1111
0.1112
0.1113
0.1114
0.1115
0.1116
0.1117
0.1118
0.1119
0.112
0.1121
0.1122
0.1123
0.1124
0.1125
0.1126
0.1127
0.1128
0.1129
0.113
0.1131
0.1132
0.1133
0.1134
0.1135
0.1136
0.1137
0.1138
0.1139
0.114
0.1141
0.1142
0.1143
0.1144
0.1145
0.1146
0.1147
0.1148
0.1149
0.115
0.1151
0.1152
0.1153
0.1154
0.1155
0.1156
0.1157
0.1158
0.1159
0.116
0.1161
0.1162
0.1163
0.1164
0.1165
0.1166
0.1167
0.1168
0.1169
0.117
0.1171
0.1172
0.1173
0.1174
0.1175
0.1176
0.1177
0.1178
0.1179
0.118
0.1181
0.1182
0.1183
0.1184
0.1185
0.1186
0.1187
0.1188
0.1189
0.119
0.1191
0.1192
0.1193
0.1194
0.1195
0.1196
0.1197
0.1198
0.1199
0.12
0.1201
0.1202
0.1203
0.1204
0.1205
0.1206
0.1207
0.1208
0.1209
0.121
0.1211
0.1212
0.1213
0.1214
0.1215
0.1216
0.1217
0.1218
0.1219
0.122
0.1221
0.1222
0.1223
0.1224
0.1225
0.1226
0.1227
0.1228
0.1229
0.123
0.1231
0.1232
0.1233
0.1234
0.1235
0.1236
0.1237
0.1238
0.1239
0.124
0.1241
0.1242
0.1243
0.1244
0.1245
0.1246
0.1247
0.1248
0.1249
0.125
0.1251
0.1252
0.1253
0.1254
0.1255
0.1256
0.1257
0.1258
0.1259
0.126
0.1261
0.1262
0.1263
0.1264
0.1265
0.1266
0.1267
0.1268
0.1269
0.127
0.1271
0.1272
0.1273
0.1274
0.1275
0.1276
0.1277
0.1278
0.1279
0.128
0.1281
0.1282
0.1283
0.1284
0.1285
0.1286
0.1287
0.1288
0.1289
0.129
0.1291
0.1292
0.1293
0.1294
0.1295
0.1296
0.1297
0.1298
0.1299
0.13
0.1301
0.1302
0.1303
0.1304
0.1305
0.1306
0.1307
0.1308
0.1309
0.131
0.1311
0.1312
0.1313
0.1314
0.1315
0.1316
0.1317
0.1318
0.1319
0.132
0.1321
0.1322
0.1323
0.1324
0.1325
0.1326
0.1327
0.1328
0.1329
0.133
0.1331
0.1332
0.1333
0.1334
0.1335
0.1336
0.1337
0.1338
0.1339
0.134
0.1341
0.1342
0.1343
0.1344
0.1345
0.1346
0.1347
0.1348
0.1349
0.135
0.1351
0.1352
0.1353
0.1354
0.1355
0.1356
0.1357
0.1358
0.1359
0.136
0.1361
0.1362
0.1363
0.1364
0.1365
0.1366
0.1367
0.1368
0.1369
0.137
0.1371
0.1372
0.1373
0.1374
0.1375
0.1376
0.1377
0.1378
0.1379
0.138
0.1381
0.1382
0.1383
0.1384
0.1385
0.1386
0.1387
0.1388
0.1389
0.139
0.1391
0.1392
0.1393
0.1394
0.1395
0.1396
0.1397
0.1398
0.1399
0.14
0.1401
0.1402
0.1403
0.1404
0.1405
0.1406
0.1407
0.1408
0.1409
0.141
0.1411
0.1412
0.1413
0.1414
0.1415
0.1416
0.1417
0.1418
0.1419
0.142
0.1421
0.1422
0.1423
0.1424
0.1425
0.1426
0.1427
0.1428
0.1429
0.143
0.1431
0.1432
0.1433
0.1434
0.1435
0.1436
0.1437
0.1438
0.1439
0.144
0.1441
0.1442
0.1443
0.1444
0.1445
0.1446
0.1447
0.1448
0.1449
0.145
0.1451
0.1452
0.1453
0.1454
0.1455
0.1456
0.1457
0.1458
0.1459
0.146
0.1461
0.1462
0.1463
0.1464
0.1465
0.1466
0.1467
0.1468
0.1469
0.147
0.1471
0.1472
0.1473
0.1474
0.1475
0.1476
0.1477
0.1478
0.1479
0.148
0.1481
0.1482
0.1483
0.1484
0.1485
0.1486
0.1487
0.1488
0.1489
0.149
0.1491
0.1492
0.1493
0.1494
0.1495
0.1496
0.1497
0.1498
0.1499
0.15
0.1501
0.1502
0.1503
0.1504
0.1505
0.1506
0.1507
0.1508
0.1509
0.151
0.1511
0.1512
0.1513
0.1514
0.1515
0.1516
0.1517
0.1518
0.1519
0.152
0.1521
0.1522
0.1523
0.1524
0.1525
0.1526
0.1527
0.1528
0.1529
0.153
0.1531
0.1532
0.1533
0.1534
0.1535
0.1536
0.1537
0.1538
0.1539
0.154
0.1541
0.1542
0.1543
0.1544
0.1545
0.1546
0.1547
0.1548
0.1549
0.155
0.1551
0.1552
0.1553
0.1554
0.1555
0.1556
0.1557
0.1558
0.1559
0.156
0.1561
0.1562
0.1563
0.1564
0.1565
0.1566
0.1567
0.1568
0.1569
0.157
0.1571
0.1572
0.1573
0.1574
0.1575
0.1576
0.1577
0.1578
0.1579
0.158
0.1581
0.1582
0.1583
0.1584
0.1585
0.1586
0.1587
0.1588
0.1589
0.159
0.1591
0.1592
0.1593
0.1594
0.1595
0.1596
0.1597
0.1598
0.1599
0.16
0.1601
0.1602
0.1603
0.1604
0.1605
0.1606
0.1607
0.1608
0.1609
0.161
0.1611
0.1612
0.1613
0.1614
0.1615
0.1616
0.1617
0.1618
0.1619
0.162
0.1621
0.1622
0.1623
0.1624
0.1625
0.1626
0.1627
0.1628
0.1629
0.163
0.1631
0.1632
0.1633
0.1634
0.1635
0.1636
0.1637
0.1638
0.1639
0.164
0.1641
0.1642
0.1643
0.1644
0.1645
0.1646
0.1647
0.1648
0.1649
0.165
0.1651
0.1652
0.1653
0.1654
0.1655
0.1656
0.1657
0.1658
0.1659
0.166
0.1661
0.1662
0.1663
0.1664
0.1665
0.1666
0.1667
0.1668
0.1669
0.167
0.1671
0.1672
0.1673
0.1674
0.1675
0.1676
0.1677
0.1678
0.1679
0.168
0.1681
0.1682
0.1683
0.1684
0.1685
0.1686
0.1687
0.1688
0.1689
0.169
0.1691
0.1692
0.1693
0.1694
0.1695
0.1696
0.1697
0.1698
0.1699
0.17
0.1701
0.1702
0.1703
0.1704
0.1705
0.1706
0.1707
0.1708
0.1709
0.171
0.1711
0.1712
0.1713
0.1714
0.1715
0.1716
0.1717
0.1718
0.1719
0.172
0.1721
0.1722
0.1723
0.1724
0.1725
0.1726
0.1727
0.1728
0.1729
0.173
0.1731
0.1732
0.1733
0.1734
0.1735
0.1736
0.1737
0.1738
0.1739
0.174
0.1741
0.1742
0.1743
0.1744
0.1745
0.1746
0.1747
0.1748
0.1749
0.175
0.1751
0.1752
0.1753
0.1754
0.1755
0.1756
0.1757
0.1758
0.1759
0.176
0.1761
0.1762
0.1763
0.1764
0.1765
0.1766
0.1767
0.1768
0.1769
0.177
0.1771
0.1772
0.1773
0.1774
0.1775
0.1776
0.1777
0.1778
0.1779
0.178
0.1781
0.1782
0.1783
0.1784
0.1785
0.1786
0.1787
0.1788
0.1789
0.179
0.1791
0.1792
0.1793
0.1794
0.1795
0.1796
0.1797
0.1798
0.1799
0.18
0.1801
0.1802
0.1803
0.1804
0.1805
0.1806
0.1807
0.1808
0.1809
0.181
0.1811
0.1812
0.1813
0.1814
0.1815
0.1816
0.1817
0.1818
0.1819
0.182
0.1821
0.1822
0.1823
0.1824
0.1825
0.1826
0.1827
0.1828
0.1829
0.183
0.1831
0.1832
0.1833
0.1834
0.1835
0.1836
0.1837
0.1838
0.1839
0.184
0.1841
0.1842
0.1843
0.1844
0.1845
0.1846
0.1847
0.1848
0.1849
0.185
0.1851
0.1852
0.1853
0.1854
0.1855
0.1856
0.1857
0.1858
0.1859
0.186
0.1861
0.1862
0.1863
0.1864
0.1865
0.1866
0.1867
0.1868
0.1869
0.187
0.1871
0.1872
0.1873
0.1874
0.1875
0.1876
0.1877
0.1878
0.1879
0.188
0.1881
0.1882
0.1883
0.1884
0.1885
0.1886
0.1887
0.1888
0.1889
0.189
0.1891
0.1892
0.1893
0.1894
0.1895
0.1896
0.1897
0.1898
0.1899
0.19
0.1901
0.1902
0.1903
0.1904
0.1905
0.1906
0.1907
0.1908
0.1909
0.191
0.1911
0.1912
0.1913
0.1914
0.1915
0.1916
0.1917
0.1918
0.1919
0.192
0.1921
0.1922
0.1923
0.1924
0.1925
0.1926
0.1927
0.1928
0.1929
0.193
0.1931
0.1932
0.1933
0.1934
0.1935
0.1936
0.1937
0.1938
0.1939
0.194
0.1941
0.1942
0.1943
0.1944
0.1945
0.1946
0.1947
0.1948
0.1949
0.195
0.1951
0.1952
0.1953
0.1954
0.1955
0.1956
0.1957
0.1958
0.1959
0.196
0.1961
0.1962
0.1963
0.1964
0.1965
0.1966
0.1967
0.1968
0.1969
0.197
0.1971
0.1972
0.1973
0.1974
0.1975
0.1976
0.1977
0.1978
0.1979
0.198
0.1981
0.1982
0.1983
0.1984
0.1985
0.1986
0.1987
0.1988
0.1989
0.199
0.1991
0.1992
0.1993
0.1994
0.1995
0.1996
0.1997
0.1998
0.1999
0.2
0.2001
0.2002
0.2003
0.2004
0.2005
0.2006
0.2007
0.2008
0.2009
0.201
0.2011
0.2012
0.2013
0.2014
0.2015
0.2016
0.2017
0.2018
0.2019
0.202
0.2021
0.2022
0.2023
0.2024
0.2025
0.2026
0.2027
0.2028
0.2029
0.203
0.2031
0.2032
0.2033
0.2034
0.2035
0.2036
0.2037
0.2038
0.2039
0.204
0.2041
0.2042
0.2043
0.2044
0.2045
0.2046
0.2047
0.2048
0.2049
0.205
0.2051
0.2052
0.2053
0.2054
0.2055
0.2056
0.2057
0.2058
0.2059
0.206
0.2061
0.2062
0.2063
0.2064
0.2065
0.2066
0.2067
0.2068
0.2069
0.207
0.2071
0.2072
0.2073
0.2074
0.2075
0.2076
0.2077
0.2078
0.2079
0.208
0.2081
0.2082
0.2083
0.2084
0.2085
0.2086
0.2087
0.2088
0.2089
0.209
0.2091
0.2092
0.2093
0.2094
0.2095
0.2096
0.2097
0.2098
0.2099
0.21
0.2101
0.2102
0.2103
0.2104
0.2105
0.2106
0.2107
0.2108
0.2109
0.211
0.2111
0.2112
0.2113
0.2114
0.2115
0.2116
0.2117
0.2118
0.2119
0.212
0.2121
0.2122
0.2123
0.2124
0.2125
0.2126
0.2127
0.2128
0.2129
0.213
0.2131
0.2132
0.2133
0.2134
0.2135
0.2136
0.2137
0.2138
0.2139
0.214
0.2141
0.2142
0.2143
0.2144
0.2145
0.2146
0.2147
0.2148
0.2149
0.215
0.2151
0.2152
0.2153
0.2154
0.2155
0.2156
0.2157
0.2158
0.2159
0.216
0.2161
0.2162
0.2163
0.2164
0.2165
0.2166
0.2167
0.2168
0.2169
0.217
0.2171
0.2172
0.2173
0.2174
0.2175
0.2176
0.2177
0.2178
0.2179
0.218
0.2181
0.2182
0.2183
0.2184
0.2185
0.2186
0.2187
0.2188
0.2189
0.219
0.2191
0.2192
0.2193
0.2194
0.2195
0.2196
0.2197
0.2198
0.2199
0.22
0.2201
0.2202
0.2203
0.2204
0.2205
0.2206
0.2207
0.2208
0.2209
0.221
0.2211
0.2212
0.2213
0.2214
0.2215
0.2216
0.2217
0.2218
0.2219
0.222
0.2221
0.2222
0.2223
0.2224
0.2225
0.2226
0.2227
0.2228
0.2229
0.223
0.2231
0.2232
0.2233
0.2234
0.2235
0.2236
0.2237
0.2238
0.2239
0.224
0.2241
0.2242
0.2243
0.2244
0.2245
0.2246
0.2247
0.2248
0.2249
0.225
0.2251
0.2252
0.2253
0.2254
0.2255
0.2256
0.2257
0.2258
0.2259
0.226
0.2261
0.2262
0.2263
0.2264
0.2265
0.2266
0.2267
0.2268
0.2269
0.227
0.2271
0.2272
0.2273
0.2274
0.2275
0.2276
0.2277
0.2278
0.2279
0.228
0.2281
0.2282
0.2283
0.2284
0.2285
0.2286
0.2287
0.2288
0.2289
0.229
0.2291
0.2292
0.2293
0.2294
0.2295
0.2296
0.2297
0.2298
0.2299
0.23
0.2301
0.2302
0.2303
0.2304
0.2305
0.2306
0.2307
0.2308
0.2309
0.231
0.2311
0.2312
0.2313
0.2314
0.2315
0.2316
0.2317
0.2318
0.2319
0.232
0.2321
0.2322
0.2323
0.2324
0.2325
0.2326
0.2327
0.2328
0.2329
0.233
0.2331
0.2332
0.2333
0.2334
0.2335
0.2336
0.2337
0.2338
0.2339
0.234
0.2341
0.2342
0.2343
0.2344
0.2345
0.2346
0.2347
0.2348
0.2349
0.235
0.2351
0.2352
0.2353
0.2354
0.2355
0.2356
0.2357
0.2358
0.2359
0.236
0.2361
0.2362
0.2363
0.2364
0.2365
0.2366
0.2367
0.2368
0.2369
0.237
0.2371
0.2372
0.2373
0.2374
0.2375
0.2376
0.2377
0.2378
0.2379
0.238
0.2381
0.2382
0.2383
0.2384
0.2385
0.2386
0.2387
0.2388
0.2389
0.239
0.2391
0.2392
0.2393
0.2394
0.2395
0.2396
0.2397
0.2398
0.2399
0.24
0.2401
0.2402
0.2403
0.2404
0.2405
0.2406
0.2407
0.2408
0.2409
0.241
0.2411
0.2412
0.2413
0.2414
0.2415
0.2416
0.2417
0.2418
0.2419
0.242
0.2421
0.2422
0.2423
0.2424
0.2425
0.2426
0.2427
0.2428
0.2429
0.243
0.2431
0.2432
0.2433
0.2434
0.2435
0.2436
0.2437
0.2438
0.2439
0.244
0.2441
0.2442
0.2443
0.2444
0.2445
0.2446
0.2447
0.2448
0.2449
0.245
0.2451
0.2452
0.2453
0.2454
0.2455
0.2456
0.2457
0.2458
0.2459
0.246
0.2461
0.2462
0.2463
0.2464
0.2465
0.2466
0.2467
0.2468
0.2469
0.247
0.2471
0.2472
0.2473
0.2474
0.2475
0.2476
0.2477
0.2478
0.2479
0.248
0.2481
0.2482
0.2483
0.2484
0.2485
0.2486
0.2487
0.2488
0.2489
0.249
0.2491
0.2492
0.2493
0.2494
0.2495
0.2496
0.2497
0.2498
0.2499
0.25
0.2501
0.2502
0.2503
0.2504
0.2505
0.2506
0.2507
0.2508
0.2509
0.251
0.2511
0.2512
0.2513
0.2514
0.2515
0.2516
0.2517
0.2518
0.2519
0.252
0.2521
0.2522
0.2523
0.2524
0.2525
0.2526
0.2527
0.2528
0.2529
0.253
0.2531
0.2532
0.2533
0.2534
0.2535
0.2536
0.2537
0.2538
0.2539
0.254
0.2541
0.2542
0.2543
0.2544
0.2545
0.2546
0.2547
0.2548
0.2549
0.255
0.2551
0.2552
0.2553
0.2554
0.2555
0.2556
0.2557
0.2558
0.2559
0.256
0.2561
0.2562
0.2563
0.2564
0.2565
0.2566
0.2567
0.2568
0.2569
0.257
0.2571
0.2572
0.2573
0.2574
0.2575
0.2576
0.2577
0.2578
0.2579
0.258
0.2581
0.2582
0.2583
0.2584
0.2585
0.2586
0.2587
0.2588
0.2589
0.259
0.2591
0.2592
0.2593
0.2594
0.2595
0.2596
0.2597
0.2598
0.2599
0.26
0.2601
0.2602
0.2603
0.2604
0.2605
0.2606
0.2607
0.2608
0.2609
0.261
0.2611
0.2612
0.2613
0.2614
0.2615
0.2616
0.2617
0.2618
0.2619
0.262
0.2621
0.2622
0.2623
0.2624
0.2625
0.2626
0.2627
0.2628
0.2629
0.263
0.2631
0.2632
0.2633
0.2634
0.2635
0.2636
0.2637
0.2638
0.2639
0.264
0.2641
0.2642
0.2643
0.2644
0.2645
0.2646
0.2647
0.2648
0.2649
0.265
0.2651
0.2652
0.2653
0.2654
0.2655
0.2656
0.2657
0.2658
0.2659
0.266
0.2661
0.2662
0.2663
0.2664
0.2665
0.2666
0.2667
0.2668
0.2669
0.267
0.2671
0.2672
0.2673
0.2674
0.2675
0.2676
0.2677
0.2678
0.2679
0.268
0.2681
0.2682
0.2683
0.2684
0.2685
0.2686
0.2687
0.2688
0.2689
0.269
0.2691
0.2692
0.2693
0.2694
0.2695
0.2696
0.2697
0.2698
0.2699
0.27
0.2701
0.2702
0.2703
0.2704
0.2705
0.2706
0.2707
0.2708
0.2709
0.271
0.2711
0.2712
0.2713
0.2714
0.2715
0.2716
0.2717
0.2718
0.2719
0.272
0.2721
0.2722
0.2723
0.2724
0.2725
0.2726
0.2727
0.2728
0.2729
0.273
0.2731
0.2732
0.2733
0.2734
0.2735
0.2736
0.2737
0.2738
0.2739
0.274
0.2741
0.2742
0.2743
0.2744
0.2745
0.2746
0.2747
0.2748
0.2749
0.275
0.2751
0.2752
0.2753
0.2754
0.2755
0.2756
0.2757
0.2758
0.2759
0.276
0.2761
0.2762
0.2763
0.2764
0.2765
0.2766
0.2767
0.2768
0.2769
0.277
0.2771
0.2772
0.2773
0.2774
0.2775
0.2776
0.2777
0.2778
0.2779
0.278
0.2781
0.2782
0.2783
0.2784
0.2785
0.2786
0.2787
0.2788
0.2789
0.279
0.2791
0.2792
0.2793
0.2794
0.2795
0.2796
0.2797
0.2798
0.2799
0.28
0.2801
0.2802
0.2803
0.2804
0.2805
0.2806
0.2807
0.2808
0.2809
0.281
0.2811
0.2812
0.2813
0.2814
0.2815
0.2816
0.2817
0.2818
0.2819
0.282
0.2821
0.2822
0.2823
0.2824
0.2825
0.2826
0.2827
0.2828
0.2829
0.283
0.2831
0.2832
0.2833
0.2834
0.2835
0.2836
0.2837
0.2838
0.2839
0.284
0.2841
0.2842
0.2843
0.2844
0.2845
0.2846
0.2847
0.2848
0.2849
0.285
0.2851
0.2852
0.2853
0.2854
0.2855
0.2856
0.2857
0.2858
0.2859
0.286
0.2861
0.2862
0.2863
0.2864
0.2865
0.2866
0.2867
0.2868
0.2869
0.287
0.2871
0.2872
0.2873
0.2874
0.2875
0.2876
0.2877
0.2878
0.2879
0.288
0.2881
0.2882
0.2883
0.2884
0.2885
0.2886
0.2887
0.2888
0.2889
0.289
0.2891
0.2892
0.2893
0.2894
0.2895
0.2896
0.2897
0.2898
0.2899
0.29
0.2901
0.2902
0.2903
0.2904
0.2905
0.2906
0.2907
0.2908
0.2909
0.291
0.2911
0.2912
0.2913
0.2914
0.2915
0.2916
0.2917
0.2918
0.2919
0.292
0.2921
0.2922
0.2923
0.2924
0.2925
0.2926
0.2927
0.2928
0.2929
0.293
0.2931
0.2932
0.2933
0.2934
0.2935
0.2936
0.2937
0.2938
0.2939
0.294
0.2941
0.2942
0.2943
0.2944
0.2945
0.2946
0.2947
0.2948
0.2949
0.295
0.2951
0.2952
0.2953
0.2954
0.2955
0.2956
0.2957
0.2958
0.2959
0.296
0.2961
0.2962
0.2963
0.2964
0.2965
0.2966
0.2967
0.2968
0.2969
0.297
0.2971
0.2972
0.2973
0.2974
0.2975
0.2976
0.2977
0.2978
0.2979
0.298
0.2981
0.2982
0.2983
0.2984
0.2985
0.2986
0.2987
0.2988
0.2989
0.299
0.2991
0.2992
0.2993
0.2994
0.2995
0.2996
0.2997
0.2998
0.2999
0.3
0.3001
0.3002
0.3003
0.3004
0.3005
0.3006
0.3007
0.3008
0.3009
0.301
0.3011
0.3012
0.3013
0.3014
0.3015
0.3016
0.3017
0.3018
0.3019
0.302
0.3021
0.3022
0.3023
0.3024
0.3025
0.3026
0.3027
0.3028
0.3029
0.303
0.3031
0.3032
0.3033
0.3034
0.3035
0.3036
0.3037
0.3038
0.3039
0.304
0.3041
0.3042
0.3043
0.3044
0.3045
0.3046
0.3047
0.3048
0.3049
0.305
0.3051
0.3052
0.3053
0.3054
0.3055
0.3056
0.3057
0.3058
0.3059
0.306
0.3061
0.3062
0.3063
0.3064
0.3065
0.3066
0.3067
0.3068
0.3069
0.307
0.3071
0.3072
0.3073
0.3074
0.3075
0.3076
0.3077
0.3078
0.3079
0.308
0.3081
0.3082
0.3083
0.3084
0.3085
0.3086
0.3087
0.3088
0.3089
0.309
0.3091
0.3092
0.3093
0.3094
0.3095
0.3096
0.3097
0.3098
0.3099
0.31
0.3101
0.3102
0.3103
0.3104
0.3105
0.3106
0.3107
0.3108
0.3109
0.311
0.3111
0.3112
0.3113
0.3114
0.3115
0.3116
0.3117
0.3118
0.3119
0.312
0.3121
0.3122
0.3123
0.3124
0.3125
0.3126
0.3127
0.3128
0.3129
0.313
0.3131
0.3132
0.3133
0.3134
0.3135
0.3136
0.3137
0.3138
0.3139
0.314
0.3141
0.3142
0.3143
0.3144
0.3145
0.3146
0.3147
0.3148
0.3149
0.315
0.3151
0.3152
0.3153
0.3154
0.3155
0.3156
0.3157
0.3158
0.3159
0.316
0.3161
0.3162
0.3163
0.3164
0.3165
0.3166
0.3167
0.3168
0.3169
0.317
0.3171
0.3172
0.3173
0.3174
0.3175
0.3176
0.3177
0.3178
0.3179
0.318
0.3181
0.3182
0.3183
0.3184
0.3185
0.3186
0.3187
0.3188
0.3189
0.319
0.3191
0.3192
0.3193
0.3194
0.3195
0.3196
0.3197
0.3198
0.3199
0.32
0.3201
0.3202
0.3203
0.3204
0.3205
0.3206
0.3207
0.3208
0.3209
0.321
0.3211
0.3212
0.3213
0.3214
0.3215
0.3216
0.3217
0.3218
0.3219
0.322
0.3221
0.3222
0.3223
0.3224
0.3225
0.3226
0.3227
0.3228
0.3229
0.323
0.3231
0.3232
0.3233
0.3234
0.3235
0.3236
0.3237
0.3238
0.3239
0.324
0.3241
0.3242
0.3243
0.3244
0.3245
0.3246
0.3247
0.3248
0.3249
0.325
0.3251
0.3252
0.3253
0.3254
0.3255
0.3256
0.3257
0.3258
0.3259
0.326
0.3261
0.3262
0.3263
0.3264
0.3265
0.3266
0.3267
0.3268
0.3269
0.327
0.3271
0.3272
0.3273
0.3274
0.3275
0.3276
0.3277
0.3278
0.3279
0.328
0.3281
0.3282
0.3283
0.3284
0.3285
0.3286
0.3287
0.3288
0.3289
0.329
0.3291
0.3292
0.3293
0.3294
0.3295
0.3296
0.3297
0.3298
0.3299
0.33
0.3301
0.3302
0.3303
0.3304
0.3305
0.3306
0.3307
0.3308
0.3309
0.331
0.3311
0.3312
0.3313
0.3314
0.3315
0.3316
0.3317
0.3318
0.3319
0.332
0.3321
0.3322
0.3323
0.3324
0.3325
0.3326
0.3327
0.3328
0.3329
0.333
0.3331
0.3332
0.3333
0.3334
0.3335
0.3336
0.3337
0.3338
0.3339
0.334
0.3341
0.3342
0.3343
0.3344
0.3345
0.3346
0.3347
0.3348
0.3349
0.335
0.3351
0.3352
0.3353
0.3354
0.3355
0.3356
0.3357
0.3358
0.3359
0.336
0.3361
0.3362
0.3363
0.3364
0.3365
0.3366
0.3367
0.3368
0.3369
0.337
0.3371
0.3372
0.3373
0.3374
0.3375
0.3376
0.3377
0.3378
0.3379
0.338
0.3381
0.3382
0.3383
0.3384
0.3385
0.3386
0.3387
0.3388
0.3389
0.339
0.3391
0.3392
0.3393
0.3394
0.3395
0.3396
0.3397
0.3398
0.3399
0.34
0.3401
0.3402
0.3403
0.3404
0.3405
0.3406
0.3407
0.3408
0.3409
0.341
0.3411
0.3412
0.3413
0.3414
0.3415
0.3416
0.3417
0.3418
0.3419
0.342
0.3421
0.3422
0.3423
0.3424
0.3425
0.3426
0.3427
0.3428
0.3429
0.343
0.3431
0.3432
0.3433
0.3434
0.3435
0.3436
0.3437
0.3438
0.3439
0.344
0.3441
0.3442
0.3443
0.3444
0.3445
0.3446
0.3447
0.3448
0.3449
0.345
0.3451
0.3452
0.3453
0.3454
0.3455
0.3456
0.3457
0.3458
0.3459
0.346
0.3461
0.3462
0.3463
0.3464
0.3465
0.3466
0.3467
0.3468
0.3469
0.347
0.3471
0.3472
0.3473
0.3474
0.3475
0.3476
0.3477
0.3478
0.3479
0.348
0.3481
0.3482
0.3483
0.3484
0.3485
0.3486
0.3487
0.3488
0.3489
0.349
0.3491
0.3492
0.3493
0.3494
0.3495
0.3496
0.3497
0.3498
0.3499
0.35
0.3501
0.3502
0.3503
0.3504
0.3505
0.3506
0.3507
0.3508
0.3509
0.351
0.3511
0.3512
0.3513
0.3514
0.3515
0.3516
0.3517
0.3518
0.3519
0.352
0.3521
0.3522
0.3523
0.3524
0.3525
0.3526
0.3527
0.3528
0.3529
0.353
0.3531
0.3532
0.3533
0.3534
0.3535
0.3536
0.3537
0.3538
0.3539
0.354
0.3541
0.3542
0.3543
0.3544
0.3545
0.3546
0.3547
0.3548
0.3549
0.355
0.3551
0.3552
0.3553
0.3554
0.3555
0.3556
0.3557
0.3558
0.3559
0.356
0.3561
0.3562
0.3563
0.3564
0.3565
0.3566
0.3567
0.3568
0.3569
0.357
0.3571
0.3572
0.3573
0.3574
0.3575
0.3576
0.3577
0.3578
0.3579
0.358
0.3581
0.3582
0.3583
0.3584
0.3585
0.3586
0.3587
0.3588
0.3589
0.359
0.3591
0.3592
0.3593
0.3594
0.3595
0.3596
0.3597
0.3598
0.3599
0.36
0.3601
0.3602
0.3603
0.3604
0.3605
0.3606
0.3607
0.3608
0.3609
0.361
0.3611
0.3612
0.3613
0.3614
0.3615
0.3616
0.3617
0.3618
0.3619
0.362
0.3621
0.3622
0.3623
0.3624
0.3625
0.3626
0.3627
0.3628
0.3629
0.363
0.3631
0.3632
0.3633
0.3634
0.3635
0.3636
0.3637
0.3638
0.3639
0.364
0.3641
0.3642
0.3643
0.3644
0.3645
0.3646
0.3647
0.3648
0.3649
0.365
0.3651
0.3652
0.3653
0.3654
0.3655
0.3656
0.3657
0.3658
0.3659
0.366
0.3661
0.3662
0.3663
0.3664
0.3665
0.3666
0.3667
0.3668
0.3669
0.367
0.3671
0.3672
0.3673
0.3674
0.3675
0.3676
0.3677
0.3678
0.3679
0.368
0.3681
0.3682
0.3683
0.3684
0.3685
0.3686
0.3687
0.3688
0.3689
0.369
0.3691
0.3692
0.3693
0.3694
0.3695
0.3696
0.3697
0.3698
0.3699
0.37
0.3701
0.3702
0.3703
0.3704
0.3705
0.3706
0.3707
0.3708
0.3709
0.371
0.3711
0.3712
0.3713
0.3714
0.3715
0.3716
0.3717
0.3718
0.3719
0.372
0.3721
0.3722
0.3723
0.3724
0.3725
0.3726
0.3727
0.3728
0.3729
0.373
0.3731
0.3732
0.3733
0.3734
0.3735
0.3736
0.3737
0.3738
0.3739
0.374
0.3741
0.3742
0.3743
0.3744
0.3745
0.3746
0.3747
0.3748
0.3749
0.375
0.3751
0.3752
0.3753
0.3754
0.3755
0.3756
0.3757
0.3758
0.3759
0.376
0.3761
0.3762
0.3763
0.3764
0.3765
0.3766
0.3767
0.3768
0.3769
0.377
0.3771
0.3772
0.3773
0.3774
0.3775
0.3776
0.3777
0.3778
0.3779
0.378
0.3781
0.3782
0.3783
0.3784
0.3785
0.3786
0.3787
0.3788
0.3789
0.379
0.3791
0.3792
0.3793
0.3794
0.3795
0.3796
0.3797
0.3798
0.3799
0.38
0.3801
0.3802
0.3803
0.3804
0.3805
0.3806
0.3807
0.3808
0.3809
0.381
0.3811
0.3812
0.3813
0.3814
0.3815
0.3816
0.3817
0.3818
0.3819
0.382
0.3821
0.3822
0.3823
0.3824
0.3825
0.3826
0.3827
0.3828
0.3829
0.383
0.3831
0.3832
0.3833
0.3834
0.3835
0.3836
0.3837
0.3838
0.3839
0.384
0.3841
0.3842
0.3843
0.3844
0.3845
0.3846
0.3847
0.3848
0.3849
0.385
0.3851
0.3852
0.3853
0.3854
0.3855
0.3856
0.3857
0.3858
0.3859
0.386
0.3861
0.3862
0.3863
0.3864
0.3865
0.3866
0.3867
0.3868
0.3869
0.387
0.3871
0.3872
0.3873
0.3874
0.3875
0.3876
0.3877
0.3878
0.3879
0.388
0.3881
0.3882
0.3883
0.3884
0.3885
0.3886
0.3887
0.3888
0.3889
0.389
0.3891
0.3892
0.3893
0.3894
0.3895
0.3896
0.3897
0.3898
0.3899
0.39
0.3901
0.3902
0.3903
0.3904
0.3905
0.3906
0.3907
0.3908
0.3909
0.391
0.3911
0.3912
0.3913
0.3914
0.3915
0.3916
0.3917
0.3918
0.3919
0.392
0.3921
0.3922
0.3923
0.3924
0.3925
0.3926
0.3927
0.3928
0.3929
0.393
0.3931
0.3932
0.3933
0.3934
0.3935
0.3936
0.3937
0.3938
0.3939
0.394
0.3941
0.3942
0.3943
0.3944
0.3945
0.3946
0.3947
0.3948
0.3949
0.395
0.3951
0.3952
0.3953
0.3954
0.3955
0.3956
0.3957
0.3958
0.3959
0.396
0.3961
0.3962
0.3963
0.3964
0.3965
0.3966
0.3967
0.3968
0.3969
0.397
0.3971
0.3972
0.3973
0.3974
0.3975
0.3976
0.3977
0.3978
0.3979
0.398
0.3981
0.3982
0.3983
0.3984
0.3985
0.3986
0.3987
0.3988
0.3989
0.399
0.3991
0.3992
0.3993
0.3994
0.3995
0.3996
0.3997
0.3998
0.3999
0.4
0.4001
0.4002
0.4003
0.4004
0.4005
0.4006
0.4007
0.4008
0.4009
0.401
0.4011
0.4012
0.4013
0.4014
0.4015
0.4016
0.4017
0.4018
0.4019
0.402
0.4021
0.4022
0.4023
0.4024
0.4025
0.4026
0.4027
0.4028
0.4029
0.403
0.4031
0.4032
0.4033
0.4034
0.4035
0.4036
0.4037
0.4038
0.4039
0.404
0.4041
0.4042
0.4043
0.4044
0.4045
0.4046
0.4047
0.4048
0.4049
0.405
0.4051
0.4052
0.4053
0.4054
0.4055
0.4056
0.4057
0.4058
0.4059
0.406
0.4061
0.4062
0.4063
0.4064
0.4065
0.4066
0.4067
0.4068
0.4069
0.407
0.4071
0.4072
0.4073
0.4074
0.4075
0.4076
0.4077
0.4078
0.4079
0.408
0.4081
0.4082
0.4083
0.4084
0.4085
0.4086
0.4087
0.4088
0.4089
0.409
0.4091
0.4092
0.4093
0.4094
0.4095
0.4096
0.4097
0.4098
0.4099
0.41
0.4101
0.4102
0.4103
0.4104
0.4105
0.4106
0.4107
0.4108
0.4109
0.411
0.4111
0.4112
0.4113
0.4114
0.4115
0.4116
0.4117
0.4118
0.4119
0.412
0.4121
0.4122
0.4123
0.4124
0.4125
0.4126
0.4127
0.4128
0.4129
0.413
0.4131
0.4132
0.4133
0.4134
0.4135
0.4136
0.4137
0.4138
0.4139
0.414
0.4141
0.4142
0.4143
0.4144
0.4145
0.4146
0.4147
0.4148
0.4149
0.415
0.4151
0.4152
0.4153
0.4154
0.4155
0.4156
0.4157
0.4158
0.4159
0.416
0.4161
0.4162
0.4163
0.4164
0.4165
0.4166
0.4167
0.4168
0.4169
0.417
0.4171
0.4172
0.4173
0.4174
0.4175
0.4176
0.4177
0.4178
0.4179
0.418
0.4181
0.4182
0.4183
0.4184
0.4185
0.4186
0.4187
0.4188
0.4189
0.419
0.4191
0.4192
0.4193
0.4194
0.4195
0.4196
0.4197
0.4198
0.4199
0.42
0.4201
0.4202
0.4203
0.4204
0.4205
0.4206
0.4207
0.4208
0.4209
0.421
0.4211
0.4212
0.4213
0.4214
0.4215
0.4216
0.4217
0.4218
0.4219
0.422
0.4221
0.4222
0.4223
0.4224
0.4225
0.4226
0.4227
0.4228
0.4229
0.423
0.4231
0.4232
0.4233
0.4234
0.4235
0.4236
0.4237
0.4238
0.4239
0.424
0.4241
0.4242
0.4243
0.4244
0.4245
0.4246
0.4247
0.4248
0.4249
0.425
0.4251
0.4252
0.4253
0.4254
0.4255
0.4256
0.4257
0.4258
0.4259
0.426
0.4261
0.4262
0.4263
0.4264
0.4265
0.4266
0.4267
0.4268
0.4269
0.427
0.4271
0.4272
0.4273
0.4274
0.4275
0.4276
0.4277
0.4278
0.4279
0.428
0.4281
0.4282
0.4283
0.4284
0.4285
0.4286
0.4287
0.4288
0.4289
0.429
0.4291
0.4292
0.4293
0.4294
0.4295
0.4296
0.4297
0.4298
0.4299
0.43
0.4301
0.4302
0.4303
0.4304
0.4305
0.4306
0.4307
0.4308
0.4309
0.431
0.4311
0.4312
0.4313
0.4314
0.4315
0.4316
0.4317
0.4318
0.4319
0.432
0.4321
0.4322
0.4323
0.4324
0.4325
0.4326
0.4327
0.4328
0.4329
0.433
0.4331
0.4332
0.4333
0.4334
0.4335
0.4336
0.4337
0.4338
0.4339
0.434
0.4341
0.4342
0.4343
0.4344
0.4345
0.4346
0.4347
0.4348
0.4349
0.435
0.4351
0.4352
0.4353
0.4354
0.4355
0.4356
0.4357
0.4358
0.4359
0.436
0.4361
0.4362
0.4363
0.4364
0.4365
0.4366
0.4367
0.4368
0.4369
0.437
0.4371
0.4372
0.4373
0.4374
0.4375
0.4376
0.4377
0.4378
0.4379
0.438
0.4381
0.4382
0.4383
0.4384
0.4385
0.4386
0.4387
0.4388
0.4389
0.439
0.4391
0.4392
0.4393
0.4394
0.4395
0.4396
0.4397
0.4398
0.4399
0.44
0.4401
0.4402
0.4403
0.4404
0.4405
0.4406
0.4407
0.4408
0.4409
0.441
0.4411
0.4412
0.4413
0.4414
0.4415
0.4416
0.4417
0.4418
0.4419
0.442
0.4421
0.4422
0.4423
0.4424
0.4425
0.4426
0.4427
0.4428
0.4429
0.443
0.4431
0.4432
0.4433
0.4434
0.4435
0.4436
0.4437
0.4438
0.4439
0.444
0.4441
0.4442
0.4443
0.4444
0.4445
0.4446
0.4447
0.4448
0.4449
0.445
0.4451
0.4452
0.4453
0.4454
0.4455
0.4456
0.4457
0.4458
0.4459
0.446
0.4461
0.4462
0.4463
0.4464
0.4465
0.4466
0.4467
0.4468
0.4469
0.447
0.4471
0.4472
0.4473
0.4474
0.4475
0.4476
0.4477
0.4478
0.4479
0.448
0.4481
0.4482
0.4483
0.4484
0.4485
0.4486
0.4487
0.4488
0.4489
0.449
0.4491
0.4492
0.4493
0.4494
0.4495
0.4496
0.4497
0.4498
0.4499
0.45
0.4501
0.4502
0.4503
0.4504
0.4505
0.4506
0.4507
0.4508
0.4509
0.451
0.4511
0.4512
0.4513
0.4514
0.4515
0.4516
0.4517
0.4518
0.4519
0.452
0.4521
0.4522
0.4523
0.4524
0.4525
0.4526
0.4527
0.4528
0.4529
0.453
0.4531
0.4532
0.4533
0.4534
0.4535
0.4536
0.4537
0.4538
0.4539
0.454
0.4541
0.4542
0.4543
0.4544
0.4545
0.4546
0.4547
0.4548
0.4549
0.455
0.4551
0.4552
0.4553
0.4554
0.4555
0.4556
0.4557
0.4558
0.4559
0.456
0.4561
0.4562
0.4563
0.4564
0.4565
0.4566
0.4567
0.4568
0.4569
0.457
0.4571
0.4572
0.4573
0.4574
0.4575
0.4576
0.4577
0.4578
0.4579
0.458
0.4581
0.4582
0.4583
0.4584
0.4585
0.4586
0.4587
0.4588
0.4589
0.459
0.4591
0.4592
0.4593
0.4594
0.4595
0.4596
0.4597
0.4598
0.4599
0.46
0.4601
0.4602
0.4603
0.4604
0.4605
0.4606
0.4607
0.4608
0.4609
0.461
0.4611
0.4612
0.4613
0.4614
0.4615
0.4616
0.4617
0.4618
0.4619
0.462
0.4621
0.4622
0.4623
0.4624
0.4625
0.4626
0.4627
0.4628
0.4629
0.463
0.4631
0.4632
0.4633
0.4634
0.4635
0.4636
0.4637
0.4638
0.4639
0.464
0.4641
0.4642
0.4643
0.4644
0.4645
0.4646
0.4647
0.4648
0.4649
0.465
0.4651
0.4652
0.4653
0.4654
0.4655
0.4656
0.4657
0.4658
0.4659
0.466
0.4661
0.4662
0.4663
0.4664
0.4665
0.4666
0.4667
0.4668
0.4669
0.467
0.4671
0.4672
0.4673
0.4674
0.4675
0.4676
0.4677
0.4678
0.4679
0.468
0.4681
0.4682
0.4683
0.4684
0.4685
0.4686
0.4687
0.4688
0.4689
0.469
0.4691
0.4692
0.4693
0.4694
0.4695
0.4696
0.4697
0.4698
0.4699
0.47
0.4701
0.4702
0.4703
0.4704
0.4705
0.4706
0.4707
0.4708
0.4709
0.471
0.4711
0.4712
0.4713
0.4714
0.4715
0.4716
0.4717
0.4718
0.4719
0.472
0.4721
0.4722
0.4723
0.4724
0.4725
0.4726
0.4727
0.4728
0.4729
0.473
0.4731
0.4732
0.4733
0.4734
0.4735
0.4736
0.4737
0.4738
0.4739
0.474
0.4741
0.4742
0.4743
0.4744
0.4745
0.4746
0.4747
0.4748
0.4749
0.475
0.4751
0.4752
0.4753
0.4754
0.4755
0.4756
0.4757
0.4758
0.4759
0.476
0.4761
0.4762
0.4763
0.4764
0.4765
0.4766
0.4767
0.4768
0.4769
0.477
0.4771
0.4772
0.4773
0.4774
0.4775
0.4776
0.4777
0.4778
0.4779
0.478
0.4781
0.4782
0.4783
0.4784
0.4785
0.4786
0.4787
0.4788
0.4789
0.479
0.4791
0.4792
0.4793
0.4794
0.4795
0.4796
0.4797
0.4798
0.4799
0.48
0.4801
0.4802
0.4803
0.4804
0.4805
0.4806
0.4807
0.4808
0.4809
0.481
0.4811
0.4812
0.4813
0.4814
0.4815
0.4816
0.4817
0.4818
0.4819
0.482
0.4821
0.4822
0.4823
0.4824
0.4825
0.4826
0.4827
0.4828
0.4829
0.483
0.4831
0.4832
0.4833
0.4834
0.4835
0.4836
0.4837
0.4838
0.4839
0.484
0.4841
0.4842
0.4843
0.4844
0.4845
0.4846
0.4847
0.4848
0.4849
0.485
0.4851
0.4852
0.4853
0.4854
0.4855
0.4856
0.4857
0.4858
0.4859
0.486
0.4861
0.4862
0.4863
0.4864
0.4865
0.4866
0.4867
0.4868
0.4869
0.487
0.4871
0.4872
0.4873
0.4874
0.4875
0.4876
0.4877
0.4878
0.4879
0.488
0.4881
0.4882
0.4883
0.4884
0.4885
0.4886
0.4887
0.4888
0.4889
0.489
0.4891
0.4892
0.4893
0.4894
0.4895
0.4896
0.4897
0.4898
0.4899
0.49
0.4901
0.4902
0.4903
0.4904
0.4905
0.4906
0.4907
0.4908
0.4909
0.491
0.4911
0.4912
0.4913
0.4914
0.4915
0.4916
0.4917
0.4918
0.4919
0.492
0.4921
0.4922
0.4923
0.4924
0.4925
0.4926
0.4927
0.4928
0.4929
0.493
0.4931
0.4932
0.4933
0.4934
0.4935
0.4936
0.4937
0.4938
0.4939
0.494
0.4941
0.4942
0.4943
0.4944
0.4945
0.4946
0.4947
0.4948
0.4949
0.495
0.4951
0.4952
0.4953
0.4954
0.4955
0.4956
0.4957
0.4958
0.4959
0.496
0.4961
0.4962
0.4963
0.4964
0.4965
0.4966
0.4967
0.4968
0.4969
0.497
0.4971
0.4972
0.4973
0.4974
0.4975
0.4976
0.4977
0.4978
0.4979
0.498
0.4981
0.4982
0.4983
0.4984
0.4985
0.4986
0.4987
0.4988
0.4989
0.499
0.4991
0.4992
0.4993
0.4994
0.4995
0.4996
0.4997
0.4998
0.4999
0.5
0.5001
0.5002
0.5003
0.5004
0.5005
0.5006
0.5007
0.5008
0.5009
0.501
0.5011
0.5012
0.5013
0.5014
0.5015
0.5016
0.5017
0.5018
0.5019
0.502
0.5021
0.5022
0.5023
0.5024
0.5025
0.5026
0.5027
0.5028
0.5029
0.503
0.5031
0.5032
0.5033
0.5034
0.5035
0.5036
0.5037
0.5038
0.5039
0.504
0.5041
0.5042
0.5043
0.5044
0.5045
0.5046
0.5047
0.5048
0.5049
0.505
0.5051
0.5052
0.5053
0.5054
0.5055
0.5056
0.5057
0.5058
0.5059
0.506
0.5061
0.5062
0.5063
0.5064
0.5065
0.5066
0.5067
0.5068
0.5069
0.507
0.5071
0.5072
0.5073
0.5074
0.5075
0.5076
0.5077
0.5078
0.5079
0.508
0.5081
0.5082
0.5083
0.5084
0.5085
0.5086
0.5087
0.5088
0.5089
0.509
0.5091
0.5092
0.5093
0.5094
0.5095
0.5096
0.5097
0.5098
0.5099
0.51
0.5101
0.5102
0.5103
0.5104
0.5105
0.5106
0.5107
0.5108
0.5109
0.511
0.5111
0.5112
0.5113
0.5114
0.5115
0.5116
0.5117
0.5118
0.5119
0.512
0.5121
0.5122
0.5123
0.5124
0.5125
0.5126
0.5127
0.5128
0.5129
0.513
0.5131
0.5132
0.5133
0.5134
0.5135
0.5136
0.5137
0.5138
0.5139
0.514
0.5141
0.5142
0.5143
0.5144
0.5145
0.5146
0.5147
0.5148
0.5149
0.515
0.5151
0.5152
0.5153
0.5154
0.5155
0.5156
0.5157
0.5158
0.5159
0.516
0.5161
0.5162
0.5163
0.5164
0.5165
0.5166
0.5167
0.5168
0.5169
0.517
0.5171
0.5172
0.5173
0.5174
0.5175
0.5176
0.5177
0.5178
0.5179
0.518
0.5181
0.5182
0.5183
0.5184
0.5185
0.5186
0.5187
0.5188
0.5189
0.519
0.5191
0.5192
0.5193
0.5194
0.5195
0.5196
0.5197
0.5198
0.5199
0.52
0.5201
0.5202
0.5203
0.5204
0.5205
0.5206
0.5207
0.5208
0.5209
0.521
0.5211
0.5212
0.5213
0.5214
0.5215
0.5216
0.5217
0.5218
0.5219
0.522
0.5221
0.5222
0.5223
0.5224
0.5225
0.5226
0.5227
0.5228
0.5229
0.523
0.5231
0.5232
0.5233
0.5234
0.5235
0.5236
0.5237
0.5238
0.5239
0.524
0.5241
0.5242
0.5243
0.5244
0.5245
0.5246
0.5247
0.5248
0.5249
0.525
0.5251
0.5252
0.5253
0.5254
0.5255
0.5256
0.5257
0.5258
0.5259
0.526
0.5261
0.5262
0.5263
0.5264
0.5265
0.5266
0.5267
0.5268
0.5269
0.527
0.5271
0.5272
0.5273
0.5274
0.5275
0.5276
0.5277
0.5278
0.5279
0.528
0.5281
0.5282
0.5283
0.5284
0.5285
0.5286
0.5287
0.5288
0.5289
0.529
0.5291
0.5292
0.5293
0.5294
0.5295
0.5296
0.5297
0.5298
0.5299
0.53
0.5301
0.5302
0.5303
0.5304
0.5305
0.5306
0.5307
0.5308
0.5309
0.531
0.5311
0.5312
0.5313
0.5314
0.5315
0.5316
0.5317
0.5318
0.5319
0.532
0.5321
0.5322
0.5323
0.5324
0.5325
0.5326
0.5327
0.5328
0.5329
0.533
0.5331
0.5332
0.5333
0.5334
0.5335
0.5336
0.5337
0.5338
0.5339
0.534
0.5341
0.5342
0.5343
0.5344
0.5345
0.5346
0.5347
0.5348
0.5349
0.535
0.5351
0.5352
0.5353
0.5354
0.5355
0.5356
0.5357
0.5358
0.5359
0.536
0.5361
0.5362
0.5363
0.5364
0.5365
0.5366
0.5367
0.5368
0.5369
0.537
0.5371
0.5372
0.5373
0.5374
0.5375
0.5376
0.5377
0.5378
0.5379
0.538
0.5381
0.5382
0.5383
0.5384
0.5385
0.5386
0.5387
0.5388
0.5389
0.539
0.5391
0.5392
0.5393
0.5394
0.5395
0.5396
0.5397
0.5398
0.5399
0.54
0.5401
0.5402
0.5403
0.5404
0.5405
0.5406
0.5407
0.5408
0.5409
0.541
0.5411
0.5412
0.5413
0.5414
0.5415
0.5416
0.5417
0.5418
0.5419
0.542
0.5421
0.5422
0.5423
0.5424
0.5425
0.5426
0.5427
0.5428
0.5429
0.543
0.5431
0.5432
0.5433
0.5434
0.5435
0.5436
0.5437
0.5438
0.5439
0.544
0.5441
0.5442
0.5443
0.5444
0.5445
0.5446
0.5447
0.5448
0.5449
0.545
0.5451
0.5452
0.5453
0.5454
0.5455
0.5456
0.5457
0.5458
0.5459
0.546
0.5461
0.5462
0.5463
0.5464
0.5465
0.5466
0.5467
0.5468
0.5469
0.547
0.5471
0.5472
0.5473
0.5474
0.5475
0.5476
0.5477
0.5478
0.5479
0.548
0.5481
0.5482
0.5483
0.5484
0.5485
0.5486
0.5487
0.5488
0.5489
0.549
0.5491
0.5492
0.5493
0.5494
0.5495
0.5496
0.5497
0.5498
0.5499
0.55
0.5501
0.5502
0.5503
0.5504
0.5505
0.5506
0.5507
0.5508
0.5509
0.551
0.5511
0.5512
0.5513
0.5514
0.5515
0.5516
0.5517
0.5518
0.5519
0.552
0.5521
0.5522
0.5523
0.5524
0.5525
0.5526
0.5527
0.5528
0.5529
0.553
0.5531
0.5532
0.5533
0.5534
0.5535
0.5536
0.5537
0.5538
0.5539
0.554
0.5541
0.5542
0.5543
0.5544
0.5545
0.5546
0.5547
0.5548
0.5549
0.555
0.5551
0.5552
0.5553
0.5554
0.5555
0.5556
0.5557
0.5558
0.5559
0.556
0.5561
0.5562
0.5563
0.5564
0.5565
0.5566
0.5567
0.5568
0.5569
0.557
0.5571
0.5572
0.5573
0.5574
0.5575
0.5576
0.5577
0.5578
0.5579
0.558
0.5581
0.5582
0.5583
0.5584
0.5585
0.5586
0.5587
0.5588
0.5589
0.559
0.5591
0.5592
0.5593
0.5594
0.5595
0.5596
0.5597
0.5598
0.5599
0.56
0.5601
0.5602
0.5603
0.5604
0.5605
0.5606
0.5607
0.5608
0.5609
0.561
0.5611
0.5612
0.5613
0.5614
0.5615
0.5616
0.5617
0.5618
0.5619
0.562
0.5621
0.5622
0.5623
0.5624
0.5625
0.5626
0.5627
0.5628
0.5629
0.563
0.5631
0.5632
0.5633
0.5634
0.5635
0.5636
0.5637
0.5638
0.5639
0.564
0.5641
0.5642
0.5643
0.5644
0.5645
0.5646
0.5647
0.5648
0.5649
0.565
0.5651
0.5652
0.5653
0.5654
0.5655
0.5656
0.5657
0.5658
0.5659
0.566
0.5661
0.5662
0.5663
0.5664
0.5665
0.5666
0.5667
0.5668
0.5669
0.567
0.5671
0.5672
0.5673
0.5674
0.5675
0.5676
0.5677
0.5678
0.5679
0.568
0.5681
0.5682
0.5683
0.5684
0.5685
0.5686
0.5687
0.5688
0.5689
0.569
0.5691
0.5692
0.5693
0.5694
0.5695
0.5696
0.5697
0.5698
0.5699
0.57
0.5701
0.5702
0.5703
0.5704
0.5705
0.5706
0.5707
0.5708
0.5709
0.571
0.5711
0.5712
0.5713
0.5714
0.5715
0.5716
0.5717
0.5718
0.5719
0.572
0.5721
0.5722
0.5723
0.5724
0.5725
0.5726
0.5727
0.5728
0.5729
0.573
0.5731
0.5732
0.5733
0.5734
0.5735
0.5736
0.5737
0.5738
0.5739
0.574
0.5741
0.5742
0.5743
0.5744
0.5745
0.5746
0.5747
0.5748
0.5749
0.575
0.5751
0.5752
0.5753
0.5754
0.5755
0.5756
0.5757
0.5758
0.5759
0.576
0.5761
0.5762
0.5763
0.5764
0.5765
0.5766
0.5767
0.5768
0.5769
0.577
0.5771
0.5772
0.5773
0.5774
0.5775
0.5776
0.5777
0.5778
0.5779
0.578
0.5781
0.5782
0.5783
0.5784
0.5785
0.5786
0.5787
0.5788
0.5789
0.579
0.5791
0.5792
0.5793
0.5794
0.5795
0.5796
0.5797
0.5798
0.5799
0.58
0.5801
0.5802
0.5803
0.5804
0.5805
0.5806
0.5807
0.5808
0.5809
0.581
0.5811
0.5812
0.5813
0.5814
0.5815
0.5816
0.5817
0.5818
0.5819
0.582
0.5821
0.5822
0.5823
0.5824
0.5825
0.5826
0.5827
0.5828
0.5829
0.583
0.5831
0.5832
0.5833
0.5834
0.5835
0.5836
0.5837
0.5838
0.5839
0.584
0.5841
0.5842
0.5843
0.5844
0.5845
0.5846
0.5847
0.5848
0.5849
0.585
0.5851
0.5852
0.5853
0.5854
0.5855
0.5856
0.5857
0.5858
0.5859
0.586
0.5861
0.5862
0.5863
0.5864
0.5865
0.5866
0.5867
0.5868
0.5869
0.587
0.5871
0.5872
0.5873
0.5874
0.5875
0.5876
0.5877
0.5878
0.5879
0.588
0.5881
0.5882
0.5883
0.5884
0.5885
0.5886
0.5887
0.5888
0.5889
0.589
0.5891
0.5892
0.5893
0.5894
0.5895
0.5896
0.5897
0.5898
0.5899
0.59
0.5901
0.5902
0.5903
0.5904
0.5905
0.5906
0.5907
0.5908
0.5909
0.591
0.5911
0.5912
0.5913
0.5914
0.5915
0.5916
0.5917
0.5918
0.5919
0.592
0.5921
0.5922
0.5923
0.5924
0.5925
0.5926
0.5927
0.5928
0.5929
0.593
0.5931
0.5932
0.5933
0.5934
0.5935
0.5936
0.5937
0.5938
0.5939
0.594
0.5941
0.5942
0.5943
0.5944
0.5945
0.5946
0.5947
0.5948
0.5949
0.595
0.5951
0.5952
0.5953
0.5954
0.5955
0.5956
0.5957
0.5958
0.5959
0.596
0.5961
0.5962
0.5963
0.5964
0.5965
0.5966
0.5967
0.5968
0.5969
0.597
0.5971
0.5972
0.5973
0.5974
0.5975
0.5976
0.5977
0.5978
0.5979
0.598
0.5981
0.5982
0.5983
0.5984
0.5985
0.5986
0.5987
0.5988
0.5989
0.599
0.5991
0.5992
0.5993
0.5994
0.5995
0.5996
0.5997
0.5998
0.5999
0.6
0.6001
0.6002
0.6003
0.6004
0.6005
0.6006
0.6007
0.6008
0.6009
0.601
0.6011
0.6012
0.6013
0.6014
0.6015
0.6016
0.6017
0.6018
0.6019
0.602
0.6021
0.6022
0.6023
0.6024
0.6025
0.6026
0.6027
0.6028
0.6029
0.603
0.6031
0.6032
0.6033
0.6034
0.6035
0.6036
0.6037
0.6038
0.6039
0.604
0.6041
0.6042
0.6043
0.6044
0.6045
0.6046
0.6047
0.6048
0.6049
0.605
0.6051
0.6052
0.6053
0.6054
0.6055
0.6056
0.6057
0.6058
0.6059
0.606
0.6061
0.6062
0.6063
0.6064
0.6065
0.6066
0.6067
0.6068
0.6069
0.607
0.6071
0.6072
0.6073
0.6074
0.6075
0.6076
0.6077
0.6078
0.6079
0.608
0.6081
0.6082
0.6083
0.6084
0.6085
0.6086
0.6087
0.6088
0.6089
0.609
0.6091
0.6092
0.6093
0.6094
0.6095
0.6096
0.6097
0.6098
0.6099
0.61
0.6101
0.6102
0.6103
0.6104
0.6105
0.6106
0.6107
0.6108
0.6109
0.611
0.6111
0.6112
0.6113
0.6114
0.6115
0.6116
0.6117
0.6118
0.6119
0.612
0.6121
0.6122
0.6123
0.6124
0.6125
0.6126
0.6127
0.6128
0.6129
0.613
0.6131
0.6132
0.6133
0.6134
0.6135
0.6136
0.6137
0.6138
0.6139
0.614
0.6141
0.6142
0.6143
0.6144
0.6145
0.6146
0.6147
0.6148
0.6149
0.615
0.6151
0.6152
0.6153
0.6154
0.6155
0.6156
0.6157
0.6158
0.6159
0.616
0.6161
0.6162
0.6163
0.6164
0.6165
0.6166
0.6167
0.6168
0.6169
0.617
0.6171
0.6172
0.6173
0.6174
0.6175
0.6176
0.6177
0.6178
0.6179
0.618
0.6181
0.6182
0.6183
0.6184
0.6185
0.6186
0.6187
0.6188
0.6189
0.619
0.6191
0.6192
0.6193
0.6194
0.6195
0.6196
0.6197
0.6198
0.6199
0.62
0.6201
0.6202
0.6203
0.6204
0.6205
0.6206
0.6207
0.6208
0.6209
0.621
0.6211
0.6212
0.6213
0.6214
0.6215
0.6216
0.6217
0.6218
0.6219
0.622
0.6221
0.6222
0.6223
0.6224
0.6225
0.6226
0.6227
0.6228
0.6229
0.623
0.6231
0.6232
0.6233
0.6234
0.6235
0.6236
0.6237
0.6238
0.6239
0.624
0.6241
0.6242
0.6243
0.6244
0.6245
0.6246
0.6247
0.6248
0.6249
0.625
0.6251
0.6252
0.6253
0.6254
0.6255
0.6256
0.6257
0.6258
0.6259
0.626
0.6261
0.6262
0.6263
0.6264
0.6265
0.6266
0.6267
0.6268
0.6269
0.627
0.6271
0.6272
0.6273
0.6274
0.6275
0.6276
0.6277
0.6278
0.6279
0.628
0.6281
0.6282
0.6283
0.6284
0.6285
0.6286
0.6287
0.6288
0.6289
0.629
0.6291
0.6292
0.6293
0.6294
0.6295
0.6296
0.6297
0.6298
0.6299
0.63
0.6301
0.6302
0.6303
0.6304
0.6305
0.6306
0.6307
0.6308
0.6309
0.631
0.6311
0.6312
0.6313
0.6314
0.6315
0.6316
0.6317
0.6318
0.6319
0.632
0.6321
0.6322
0.6323
0.6324
0.6325
0.6326
0.6327
0.6328
0.6329
0.633
0.6331
0.6332
0.6333
0.6334
0.6335
0.6336
0.6337
0.6338
0.6339
0.634
0.6341
0.6342
0.6343
0.6344
0.6345
0.6346
0.6347
0.6348
0.6349
0.635
0.6351
0.6352
0.6353
0.6354
0.6355
0.6356
0.6357
0.6358
0.6359
0.636
0.6361
0.6362
0.6363
0.6364
0.6365
0.6366
0.6367
0.6368
0.6369
0.637
0.6371
0.6372
0.6373
0.6374
0.6375
0.6376
0.6377
0.6378
0.6379
0.638
0.6381
0.6382
0.6383
0.6384
0.6385
0.6386
0.6387
0.6388
0.6389
0.639
0.6391
0.6392
0.6393
0.6394
0.6395
0.6396
0.6397
0.6398
0.6399
0.64
0.6401
0.6402
0.6403
0.6404
0.6405
0.6406
0.6407
0.6408
0.6409
0.641
0.6411
0.6412
0.6413
0.6414
0.6415
0.6416
0.6417
0.6418
0.6419
0.642
0.6421
0.6422
0.6423
0.6424
0.6425
0.6426
0.6427
0.6428
0.6429
0.643
0.6431
0.6432
0.6433
0.6434
0.6435
0.6436
0.6437
0.6438
0.6439
0.644
0.6441
0.6442
0.6443
0.6444
0.6445
0.6446
0.6447
0.6448
0.6449
0.645
0.6451
0.6452
0.6453
0.6454
0.6455
0.6456
0.6457
0.6458
0.6459
0.646
0.6461
0.6462
0.6463
0.6464
0.6465
0.6466
0.6467
0.6468
0.6469
0.647
0.6471
0.6472
0.6473
0.6474
0.6475
0.6476
0.6477
0.6478
0.6479
0.648
0.6481
0.6482
0.6483
0.6484
0.6485
0.6486
0.6487
0.6488
0.6489
0.649
0.6491
0.6492
0.6493
0.6494
0.6495
0.6496
0.6497
0.6498
0.6499
0.65
0.6501
0.6502
0.6503
0.6504
0.6505
0.6506
0.6507
0.6508
0.6509
0.651
0.6511
0.6512
0.6513
0.6514
0.6515
0.6516
0.6517
0.6518
0.6519
0.652
0.6521
0.6522
0.6523
0.6524
0.6525
0.6526
0.6527
0.6528
0.6529
0.653
0.6531
0.6532
0.6533
0.6534
0.6535
0.6536
0.6537
0.6538
0.6539
0.654
0.6541
0.6542
0.6543
0.6544
0.6545
0.6546
0.6547
0.6548
0.6549
0.655
0.6551
0.6552
0.6553
0.6554
0.6555
0.6556
0.6557
0.6558
0.6559
0.656
0.6561
0.6562
0.6563
0.6564
0.6565
0.6566
0.6567
0.6568
0.6569
0.657
0.6571
0.6572
0.6573
0.6574
0.6575
0.6576
0.6577
0.6578
0.6579
0.658
0.6581
0.6582
0.6583
0.6584
0.6585
0.6586
0.6587
0.6588
0.6589
0.659
0.6591
0.6592
0.6593
0.6594
0.6595
0.6596
0.6597
0.6598
0.6599
0.66
0.6601
0.6602
0.6603
0.6604
0.6605
0.6606
0.6607
0.6608
0.6609
0.661
0.6611
0.6612
0.6613
0.6614
0.6615
0.6616
0.6617
0.6618
0.6619
0.662
0.6621
0.6622
0.6623
0.6624
0.6625
0.6626
0.6627
0.6628
0.6629
0.663
0.6631
0.6632
0.6633
0.6634
0.6635
0.6636
0.6637
0.6638
0.6639
0.664
0.6641
0.6642
0.6643
0.6644
0.6645
0.6646
0.6647
0.6648
0.6649
0.665
0.6651
0.6652
0.6653
0.6654
0.6655
0.6656
0.6657
0.6658
0.6659
0.666
0.6661
0.6662
0.6663
0.6664
0.6665
0.6666
0.6667
0.6668
0.6669
0.667
0.6671
0.6672
0.6673
0.6674
0.6675
0.6676
0.6677
0.6678
0.6679
0.668
0.6681
0.6682
0.6683
0.6684
0.6685
0.6686
0.6687
0.6688
0.6689
0.669
0.6691
0.6692
0.6693
0.6694
0.6695
0.6696
0.6697
0.6698
0.6699
0.67
0.6701
0.6702
0.6703
0.6704
0.6705
0.6706
0.6707
0.6708
0.6709
0.671
0.6711
0.6712
0.6713
0.6714
0.6715
0.6716
0.6717
0.6718
0.6719
0.672
0.6721
0.6722
0.6723
0.6724
0.6725
0.6726
0.6727
0.6728
0.6729
0.673
0.6731
0.6732
0.6733
0.6734
0.6735
0.6736
0.6737
0.6738
0.6739
0.674
0.6741
0.6742
0.6743
0.6744
0.6745
0.6746
0.6747
0.6748
0.6749
0.675
0.6751
0.6752
0.6753
0.6754
0.6755
0.6756
0.6757
0.6758
0.6759
0.676
0.6761
0.6762
0.6763
0.6764
0.6765
0.6766
0.6767
0.6768
0.6769
0.677
0.6771
0.6772
0.6773
0.6774
0.6775
0.6776
0.6777
0.6778
0.6779
0.678
0.6781
0.6782
0.6783
0.6784
0.6785
0.6786
0.6787
0.6788
0.6789
0.679
0.6791
0.6792
0.6793
0.6794
0.6795
0.6796
0.6797
0.6798
0.6799
0.68
0.6801
0.6802
0.6803
0.6804
0.6805
0.6806
0.6807
0.6808
0.6809
0.681
0.6811
0.6812
0.6813
0.6814
0.6815
0.6816
0.6817
0.6818
0.6819
0.682
0.6821
0.6822
0.6823
0.6824
0.6825
0.6826
0.6827
0.6828
0.6829
0.683
0.6831
0.6832
0.6833
0.6834
0.6835
0.6836
0.6837
0.6838
0.6839
0.684
0.6841
0.6842
0.6843
0.6844
0.6845
0.6846
0.6847
0.6848
0.6849
0.685
0.6851
0.6852
0.6853
0.6854
0.6855
0.6856
0.6857
0.6858
0.6859
0.686
0.6861
0.6862
0.6863
0.6864
0.6865
0.6866
0.6867
0.6868
0.6869
0.687
0.6871
0.6872
0.6873
0.6874
0.6875
0.6876
0.6877
0.6878
0.6879
0.688
0.6881
0.6882
0.6883
0.6884
0.6885
0.6886
0.6887
0.6888
0.6889
0.689
0.6891
0.6892
0.6893
0.6894
0.6895
0.6896
0.6897
0.6898
0.6899
0.69
0.6901
0.6902
0.6903
0.6904
0.6905
0.6906
0.6907
0.6908
0.6909
0.691
0.6911
0.6912
0.6913
0.6914
0.6915
0.6916
0.6917
0.6918
0.6919
0.692
0.6921
0.6922
0.6923
0.6924
0.6925
0.6926
0.6927
0.6928
0.6929
0.693
0.6931
0.6932
0.6933
0.6934
0.6935
0.6936
0.6937
0.6938
0.6939
0.694
0.6941
0.6942
0.6943
0.6944
0.6945
0.6946
0.6947
0.6948
0.6949
0.695
0.6951
0.6952
0.6953
0.6954
0.6955
0.6956
0.6957
0.6958
0.6959
0.696
0.6961
0.6962
0.6963
0.6964
0.6965
0.6966
0.6967
0.6968
0.6969
0.697
0.6971
0.6972
0.6973
0.6974
0.6975
0.6976
0.6977
0.6978
0.6979
0.698
0.6981
0.6982
0.6983
0.6984
0.6985
0.6986
0.6987
0.6988
0.6989
0.699
0.6991
0.6992
0.6993
0.6994
0.6995
0.6996
0.6997
0.6998
0.6999
0.7
0.7001
0.7002
0.7003
0.7004
0.7005
0.7006
0.7007
0.7008
0.7009
0.701
0.7011
0.7012
0.7013
0.7014
0.7015
0.7016
0.7017
0.7018
0.7019
0.702
0.7021
0.7022
0.7023
0.7024
0.7025
0.7026
0.7027
0.7028
0.7029
0.703
0.7031
0.7032
0.7033
0.7034
0.7035
0.7036
0.7037
0.7038
0.7039
0.704
0.7041
0.7042
0.7043
0.7044
0.7045
0.7046
0.7047
0.7048
0.7049
0.705
0.7051
0.7052
0.7053
0.7054
0.7055
0.7056
0.7057
0.7058
0.7059
0.706
0.7061
0.7062
0.7063
0.7064
0.7065
0.7066
0.7067
0.7068
0.7069
0.707
0.7071
0.7072
0.7073
0.7074
0.7075
0.7076
0.7077
0.7078
0.7079
0.708
0.7081
0.7082
0.7083
0.7084
0.7085
0.7086
0.7087
0.7088
0.7089
0.709
0.7091
0.7092
0.7093
0.7094
0.7095
0.7096
0.7097
0.7098
0.7099
0.71
0.7101
0.7102
0.7103
0.7104
0.7105
0.7106
0.7107
0.7108
0.7109
0.711
0.7111
0.7112
0.7113
0.7114
0.7115
0.7116
0.7117
0.7118
0.7119
0.712
0.7121
0.7122
0.7123
0.7124
0.7125
0.7126
0.7127
0.7128
0.7129
0.713
0.7131
0.7132
0.7133
0.7134
0.7135
0.7136
0.7137
0.7138
0.7139
0.714
0.7141
0.7142
0.7143
0.7144
0.7145
0.7146
0.7147
0.7148
0.7149
0.715
0.7151
0.7152
0.7153
0.7154
0.7155
0.7156
0.7157
0.7158
0.7159
0.716
0.7161
0.7162
0.7163
0.7164
0.7165
0.7166
0.7167
0.7168
0.7169
0.717
0.7171
0.7172
0.7173
0.7174
0.7175
0.7176
0.7177
0.7178
0.7179
0.718
0.7181
0.7182
0.7183
0.7184
0.7185
0.7186
0.7187
0.7188
0.7189
0.719
0.7191
0.7192
0.7193
0.7194
0.7195
0.7196
0.7197
0.7198
0.7199
0.72
0.7201
0.7202
0.7203
0.7204
0.7205
0.7206
0.7207
0.7208
0.7209
0.721
0.7211
0.7212
0.7213
0.7214
0.7215
0.7216
0.7217
0.7218
0.7219
0.722
0.7221
0.7222
0.7223
0.7224
0.7225
0.7226
0.7227
0.7228
0.7229
0.723
0.7231
0.7232
0.7233
0.7234
0.7235
0.7236
0.7237
0.7238
0.7239
0.724
0.7241
0.7242
0.7243
0.7244
0.7245
0.7246
0.7247
0.7248
0.7249
0.725
0.7251
0.7252
0.7253
0.7254
0.7255
0.7256
0.7257
0.7258
0.7259
0.726
0.7261
0.7262
0.7263
0.7264
0.7265
0.7266
0.7267
0.7268
0.7269
0.727
0.7271
0.7272
0.7273
0.7274
0.7275
0.7276
0.7277
0.7278
0.7279
0.728
0.7281
0.7282
0.7283
0.7284
0.7285
0.7286
0.7287
0.7288
0.7289
0.729
0.7291
0.7292
0.7293
0.7294
0.7295
0.7296
0.7297
0.7298
0.7299
0.73
0.7301
0.7302
0.7303
0.7304
0.7305
0.7306
0.7307
0.7308
0.7309
0.731
0.7311
0.7312
0.7313
0.7314
0.7315
0.7316
0.7317
0.7318
0.7319
0.732
0.7321
0.7322
0.7323
0.7324
0.7325
0.7326
0.7327
0.7328
0.7329
0.733
0.7331
0.7332
0.7333
0.7334
0.7335
0.7336
0.7337
0.7338
0.7339
0.734
0.7341
0.7342
0.7343
0.7344
0.7345
0.7346
0.7347
0.7348
0.7349
0.735
0.7351
0.7352
0.7353
0.7354
0.7355
0.7356
0.7357
0.7358
0.7359
0.736
0.7361
0.7362
0.7363
0.7364
0.7365
0.7366
0.7367
0.7368
0.7369
0.737
0.7371
0.7372
0.7373
0.7374
0.7375
0.7376
0.7377
0.7378
0.7379
0.738
0.7381
0.7382
0.7383
0.7384
0.7385
0.7386
0.7387
0.7388
0.7389
0.739
0.7391
0.7392
0.7393
0.7394
0.7395
0.7396
0.7397
0.7398
0.7399
0.74
0.7401
0.7402
0.7403
0.7404
0.7405
0.7406
0.7407
0.7408
0.7409
0.741
0.7411
0.7412
0.7413
0.7414
0.7415
0.7416
0.7417
0.7418
0.7419
0.742
0.7421
0.7422
0.7423
0.7424
0.7425
0.7426
0.7427
0.7428
0.7429
0.743
0.7431
0.7432
0.7433
0.7434
0.7435
0.7436
0.7437
0.7438
0.7439
0.744
0.7441
0.7442
0.7443
0.7444
0.7445
0.7446
0.7447
0.7448
0.7449
0.745
0.7451
0.7452
0.7453
0.7454
0.7455
0.7456
0.7457
0.7458
0.7459
0.746
0.7461
0.7462
0.7463
0.7464
0.7465
0.7466
0.7467
0.7468
0.7469
0.747
0.7471
0.7472
0.7473
0.7474
0.7475
0.7476
0.7477
0.7478
0.7479
0.748
0.7481
0.7482
0.7483
0.7484
0.7485
0.7486
0.7487
0.7488
0.7489
0.749
0.7491
0.7492
0.7493
0.7494
0.7495
0.7496
0.7497
0.7498
0.7499
0.75
0.7501
0.7502
0.7503
0.7504
0.7505
0.7506
0.7507
0.7508
0.7509
0.751
0.7511
0.7512
0.7513
0.7514
0.7515
0.7516
0.7517
0.7518
0.7519
0.752
0.7521
0.7522
0.7523
0.7524
0.7525
0.7526
0.7527
0.7528
0.7529
0.753
0.7531
0.7532
0.7533
0.7534
0.7535
0.7536
0.7537
0.7538
0.7539
0.754
0.7541
0.7542
0.7543
0.7544
0.7545
0.7546
0.7547
0.7548
0.7549
0.755
0.7551
0.7552
0.7553
0.7554
0.7555
0.7556
0.7557
0.7558
0.7559
0.756
0.7561
0.7562
0.7563
0.7564
0.7565
0.7566
0.7567
0.7568
0.7569
0.757
0.7571
0.7572
0.7573
0.7574
0.7575
0.7576
0.7577
0.7578
0.7579
0.758
0.7581
0.7582
0.7583
0.7584
0.7585
0.7586
0.7587
0.7588
0.7589
0.759
0.7591
0.7592
0.7593
0.7594
0.7595
0.7596
0.7597
0.7598
0.7599
0.76
0.7601
0.7602
0.7603
0.7604
0.7605
0.7606
0.7607
0.7608
0.7609
0.761
0.7611
0.7612
0.7613
0.7614
0.7615
0.7616
0.7617
0.7618
0.7619
0.762
0.7621
0.7622
0.7623
0.7624
0.7625
0.7626
0.7627
0.7628
0.7629
0.763
0.7631
0.7632
0.7633
0.7634
0.7635
0.7636
0.7637
0.7638
0.7639
0.764
0.7641
0.7642
0.7643
0.7644
0.7645
0.7646
0.7647
0.7648
0.7649
0.765
0.7651
0.7652
0.7653
0.7654
0.7655
0.7656
0.7657
0.7658
0.7659
0.766
0.7661
0.7662
0.7663
0.7664
0.7665
0.7666
0.7667
0.7668
0.7669
0.767
0.7671
0.7672
0.7673
0.7674
0.7675
0.7676
0.7677
0.7678
0.7679
0.768
0.7681
0.7682
0.7683
0.7684
0.7685
0.7686
0.7687
0.7688
0.7689
0.769
0.7691
0.7692
0.7693
0.7694
0.7695
0.7696
0.7697
0.7698
0.7699
0.77
0.7701
0.7702
0.7703
0.7704
0.7705
0.7706
0.7707
0.7708
0.7709
0.771
0.7711
0.7712
0.7713
0.7714
0.7715
0.7716
0.7717
0.7718
0.7719
0.772
0.7721
0.7722
0.7723
0.7724
0.7725
0.7726
0.7727
0.7728
0.7729
0.773
0.7731
0.7732
0.7733
0.7734
0.7735
0.7736
0.7737
0.7738
0.7739
0.774
0.7741
0.7742
0.7743
0.7744
0.7745
0.7746
0.7747
0.7748
0.7749
0.775
0.7751
0.7752
0.7753
0.7754
0.7755
0.7756
0.7757
0.7758
0.7759
0.776
0.7761
0.7762
0.7763
0.7764
0.7765
0.7766
0.7767
0.7768
0.7769
0.777
0.7771
0.7772
0.7773
0.7774
0.7775
0.7776
0.7777
0.7778
0.7779
0.778
0.7781
0.7782
0.7783
0.7784
0.7785
0.7786
0.7787
0.7788
0.7789
0.779
0.7791
0.7792
0.7793
0.7794
0.7795
0.7796
0.7797
0.7798
0.7799
0.78
0.7801
0.7802
0.7803
0.7804
0.7805
0.7806
0.7807
0.7808
0.7809
0.781
0.7811
0.7812
0.7813
0.7814
0.7815
0.7816
0.7817
0.7818
0.7819
0.782
0.7821
0.7822
0.7823
0.7824
0.7825
0.7826
0.7827
0.7828
0.7829
0.783
0.7831
0.7832
0.7833
0.7834
0.7835
0.7836
0.7837
0.7838
0.7839
0.784
0.7841
0.7842
0.7843
0.7844
0.7845
0.7846
0.7847
0.7848
0.7849
0.785
0.7851
0.7852
0.7853
0.7854
0.7855
0.7856
0.7857
0.7858
0.7859
0.786
0.7861
0.7862
0.7863
0.7864
0.7865
0.7866
0.7867
0.7868
0.7869
0.787
0.7871
0.7872
0.7873
0.7874
0.7875
0.7876
0.7877
0.7878
0.7879
0.788
0.7881
0.7882
0.7883
0.7884
0.7885
0.7886
0.7887
0.7888
0.7889
0.789
0.7891
0.7892
0.7893
0.7894
0.7895
0.7896
0.7897
0.7898
0.7899
0.79
0.7901
0.7902
0.7903
0.7904
0.7905
0.7906
0.7907
0.7908
0.7909
0.791
0.7911
0.7912
0.7913
0.7914
0.7915
0.7916
0.7917
0.7918
0.7919
0.792
0.7921
0.7922
0.7923
0.7924
0.7925
0.7926
0.7927
0.7928
0.7929
0.793
0.7931
0.7932
0.7933
0.7934
0.7935
0.7936
0.7937
0.7938
0.7939
0.794
0.7941
0.7942
0.7943
0.7944
0.7945
0.7946
0.7947
0.7948
0.7949
0.795
0.7951
0.7952
0.7953
0.7954
0.7955
0.7956
0.7957
0.7958
0.7959
0.796
0.7961
0.7962
0.7963
0.7964
0.7965
0.7966
0.7967
0.7968
0.7969
0.797
0.7971
0.7972
0.7973
0.7974
0.7975
0.7976
0.7977
0.7978
0.7979
0.798
0.7981
0.7982
0.7983
0.7984
0.7985
0.7986
0.7987
0.7988
0.7989
0.799
0.7991
0.7992
0.7993
0.7994
0.7995
0.7996
0.7997
0.7998
0.7999
0.8
0.8001
0.8002
0.8003
0.8004
0.8005
0.8006
0.8007
0.8008
0.8009
0.801
0.8011
0.8012
0.8013
0.8014
0.8015
0.8016
0.8017
0.8018
0.8019
0.802
0.8021
0.8022
0.8023
0.8024
0.8025
0.8026
0.8027
0.8028
0.8029
0.803
0.8031
0.8032
0.8033
0.8034
0.8035
0.8036
0.8037
0.8038
0.8039
0.804
0.8041
0.8042
0.8043
0.8044
0.8045
0.8046
0.8047
0.8048
0.8049
0.805
0.8051
0.8052
0.8053
0.8054
0.8055
0.8056
0.8057
0.8058
0.8059
0.806
0.8061
0.8062
0.8063
0.8064
0.8065
0.8066
0.8067
0.8068
0.8069
0.807
0.8071
0.8072
0.8073
0.8074
0.8075
0.8076
0.8077
0.8078
0.8079
0.808
0.8081
0.8082
0.8083
0.8084
0.8085
0.8086
0.8087
0.8088
0.8089
0.809
0.8091
0.8092
0.8093
0.8094
0.8095
0.8096
0.8097
0.8098
0.8099
0.81
0.8101
0.8102
0.8103
0.8104
0.8105
0.8106
0.8107
0.8108
0.8109
0.811
0.8111
0.8112
0.8113
0.8114
0.8115
0.8116
0.8117
0.8118
0.8119
0.812
0.8121
0.8122
0.8123
0.8124
0.8125
0.8126
0.8127
0.8128
0.8129
0.813
0.8131
0.8132
0.8133
0.8134
0.8135
0.8136
0.8137
0.8138
0.8139
0.814
0.8141
0.8142
0.8143
0.8144
0.8145
0.8146
0.8147
0.8148
0.8149
0.815
0.8151
0.8152
0.8153
0.8154
0.8155
0.8156
0.8157
0.8158
0.8159
0.816
0.8161
0.8162
0.8163
0.8164
0.8165
0.8166
0.8167
0.8168
0.8169
0.817
0.8171
0.8172
0.8173
0.8174
0.8175
0.8176
0.8177
0.8178
0.8179
0.818
0.8181
0.8182
0.8183
0.8184
0.8185
0.8186
0.8187
0.8188
0.8189
0.819
0.8191
0.8192
0.8193
0.8194
0.8195
0.8196
0.8197
0.8198
0.8199
0.82
0.8201
0.8202
0.8203
0.8204
0.8205
0.8206
0.8207
0.8208
0.8209
0.821
0.8211
0.8212
0.8213
0.8214
0.8215
0.8216
0.8217
0.8218
0.8219
0.822
0.8221
0.8222
0.8223
0.8224
0.8225
0.8226
0.8227
0.8228
0.8229
0.823
0.8231
0.8232
0.8233
0.8234
0.8235
0.8236
0.8237
0.8238
0.8239
0.824
0.8241
0.8242
0.8243
0.8244
0.8245
0.8246
0.8247
0.8248
0.8249
0.825
0.8251
0.8252
0.8253
0.8254
0.8255
0.8256
0.8257
0.8258
0.8259
0.826
0.8261
0.8262
0.8263
0.8264
0.8265
0.8266
0.8267
0.8268
0.8269
0.827
0.8271
0.8272
0.8273
0.8274
0.8275
0.8276
0.8277
0.8278
0.8279
0.828
0.8281
0.8282
0.8283
0.8284
0.8285
0.8286
0.8287
0.8288
0.8289
0.829
0.8291
0.8292
0.8293
0.8294
0.8295
0.8296
0.8297
0.8298
0.8299
0.83
0.8301
0.8302
0.8303
0.8304
0.8305
0.8306
0.8307
0.8308
0.8309
0.831
0.8311
0.8312
0.8313
0.8314
0.8315
0.8316
0.8317
0.8318
0.8319
0.832
0.8321
0.8322
0.8323
0.8324
0.8325
0.8326
0.8327
0.8328
0.8329
0.833
0.8331
0.8332
0.8333
0.8334
0.8335
0.8336
0.8337
0.8338
0.8339
0.834
0.8341
0.8342
0.8343
0.8344
0.8345
0.8346
0.8347
0.8348
0.8349
0.835
0.8351
0.8352
0.8353
0.8354
0.8355
0.8356
0.8357
0.8358
0.8359
0.836
0.8361
0.8362
0.8363
0.8364
0.8365
0.8366
0.8367
0.8368
0.8369
0.837
0.8371
0.8372
0.8373
0.8374
0.8375
0.8376
0.8377
0.8378
0.8379
0.838
0.8381
0.8382
0.8383
0.8384
0.8385
0.8386
0.8387
0.8388
0.8389
0.839
0.8391
0.8392
0.8393
0.8394
0.8395
0.8396
0.8397
0.8398
0.8399
0.84
0.8401
0.8402
0.8403
0.8404
0.8405
0.8406
0.8407
0.8408
0.8409
0.841
0.8411
0.8412
0.8413
0.8414
0.8415
0.8416
0.8417
0.8418
0.8419
0.842
0.8421
0.8422
0.8423
0.8424
0.8425
0.8426
0.8427
0.8428
0.8429
0.843
0.8431
0.8432
0.8433
0.8434
0.8435
0.8436
0.8437
0.8438
0.8439
0.844
0.8441
0.8442
0.8443
0.8444
0.8445
0.8446
0.8447
0.8448
0.8449
0.845
0.8451
0.8452
0.8453
0.8454
0.8455
0.8456
0.8457
0.8458
0.8459
0.846
0.8461
0.8462
0.8463
0.8464
0.8465
0.8466
0.8467
0.8468
0.8469
0.847
0.8471
0.8472
0.8473
0.8474
0.8475
0.8476
0.8477
0.8478
0.8479
0.848
0.8481
0.8482
0.8483
0.8484
0.8485
0.8486
0.8487
0.8488
0.8489
0.849
0.8491
0.8492
0.8493
0.8494
0.8495
0.8496
0.8497
0.8498
0.8499
0.85
0.8501
0.8502
0.8503
0.8504
0.8505
0.8506
0.8507
0.8508
0.8509
0.851
0.8511
0.8512
0.8513
0.8514
0.8515
0.8516
0.8517
0.8518
0.8519
0.852
0.8521
0.8522
0.8523
0.8524
0.8525
0.8526
0.8527
0.8528
0.8529
0.853
0.8531
0.8532
0.8533
0.8534
0.8535
0.8536
0.8537
0.8538
0.8539
0.854
0.8541
0.8542
0.8543
0.8544
0.8545
0.8546
0.8547
0.8548
0.8549
0.855
0.8551
0.8552
0.8553
0.8554
0.8555
0.8556
0.8557
0.8558
0.8559
0.856
0.8561
0.8562
0.8563
0.8564
0.8565
0.8566
0.8567
0.8568
0.8569
0.857
0.8571
0.8572
0.8573
0.8574
0.8575
0.8576
0.8577
0.8578
0.8579
0.858
0.8581
0.8582
0.8583
0.8584
0.8585
0.8586
0.8587
0.8588
0.8589
0.859
0.8591
0.8592
0.8593
0.8594
0.8595
0.8596
0.8597
0.8598
0.8599
0.86
0.8601
0.8602
0.8603
0.8604
0.8605
0.8606
0.8607
0.8608
0.8609
0.861
0.8611
0.8612
0.8613
0.8614
0.8615
0.8616
0.8617
0.8618
0.8619
0.862
0.8621
0.8622
0.8623
0.8624
0.8625
0.8626
0.8627
0.8628
0.8629
0.863
0.8631
0.8632
0.8633
0.8634
0.8635
0.8636
0.8637
0.8638
0.8639
0.864
0.8641
0.8642
0.8643
0.8644
0.8645
0.8646
0.8647
0.8648
0.8649
0.865
0.8651
0.8652
0.8653
0.8654
0.8655
0.8656
0.8657
0.8658
0.8659
0.866
0.8661
0.8662
0.8663
0.8664
0.8665
0.8666
0.8667
0.8668
0.8669
0.867
0.8671
0.8672
0.8673
0.8674
0.8675
0.8676
0.8677
0.8678
0.8679
0.868
0.8681
0.8682
0.8683
0.8684
0.8685
0.8686
0.8687
0.8688
0.8689
0.869
0.8691
0.8692
0.8693
0.8694
0.8695
0.8696
0.8697
0.8698
0.8699
0.87
0.8701
0.8702
0.8703
0.8704
0.8705
0.8706
0.8707
0.8708
0.8709
0.871
0.8711
0.8712
0.8713
0.8714
0.8715
0.8716
0.8717
0.8718
0.8719
0.872
0.8721
0.8722
0.8723
0.8724
0.8725
0.8726
0.8727
0.8728
0.8729
0.873
0.8731
0.8732
0.8733
0.8734
0.8735
0.8736
0.8737
0.8738
0.8739
0.874
0.8741
0.8742
0.8743
0.8744
0.8745
0.8746
0.8747
0.8748
0.8749
0.875
0.8751
0.8752
0.8753
0.8754
0.8755
0.8756
0.8757
0.8758
0.8759
0.876
0.8761
0.8762
0.8763
0.8764
0.8765
0.8766
0.8767
0.8768
0.8769
0.877
0.8771
0.8772
0.8773
0.8774
0.8775
0.8776
0.8777
0.8778
0.8779
0.878
0.8781
0.8782
0.8783
0.8784
0.8785
0.8786
0.8787
0.8788
0.8789
0.879
0.8791
0.8792
0.8793
0.8794
0.8795
0.8796
0.8797
0.8798
0.8799
0.88
0.8801
0.8802
0.8803
0.8804
0.8805
0.8806
0.8807
0.8808
0.8809
0.881
0.8811
0.8812
0.8813
0.8814
0.8815
0.8816
0.8817
0.8818
0.8819
0.882
0.8821
0.8822
0.8823
0.8824
0.8825
0.8826
0.8827
0.8828
0.8829
0.883
0.8831
0.8832
0.8833
0.8834
0.8835
0.8836
0.8837
0.8838
0.8839
0.884
0.8841
0.8842
0.8843
0.8844
0.8845
0.8846
0.8847
0.8848
0.8849
0.885
0.8851
0.8852
0.8853
0.8854
0.8855
0.8856
0.8857
0.8858
0.8859
0.886
0.8861
0.8862
0.8863
0.8864
0.8865
0.8866
0.8867
0.8868
0.8869
0.887
0.8871
0.8872
0.8873
0.8874
0.8875
0.8876
0.8877
0.8878
0.8879
0.888
0.8881
0.8882
0.8883
0.8884
0.8885
0.8886
0.8887
0.8888
0.8889
0.889
0.8891
0.8892
0.8893
0.8894
0.8895
0.8896
0.8897
0.8898
0.8899
0.89
0.8901
0.8902
0.8903
0.8904
0.8905
0.8906
0.8907
0.8908
0.8909
0.891
0.8911
0.8912
0.8913
0.8914
0.8915
0.8916
0.8917
0.8918
0.8919
0.892
0.8921
0.8922
0.8923
0.8924
0.8925
0.8926
0.8927
0.8928
0.8929
0.893
0.8931
0.8932
0.8933
0.8934
0.8935
0.8936
0.8937
0.8938
0.8939
0.894
0.8941
0.8942
0.8943
0.8944
0.8945
0.8946
0.8947
0.8948
0.8949
0.895
0.8951
0.8952
0.8953
0.8954
0.8955
0.8956
0.8957
0.8958
0.8959
0.896
0.8961
0.8962
0.8963
0.8964
0.8965
0.8966
0.8967
0.8968
0.8969
0.897
0.8971
0.8972
0.8973
0.8974
0.8975
0.8976
0.8977
0.8978
0.8979
0.898
0.8981
0.8982
0.8983
0.8984
0.8985
0.8986
0.8987
0.8988
0.8989
0.899
0.8991
0.8992
0.8993
0.8994
0.8995
0.8996
0.8997
0.8998
0.8999
0.9
0.9001
0.9002
0.9003
0.9004
0.9005
0.9006
0.9007
0.9008
0.9009
0.901
0.9011
0.9012
0.9013
0.9014
0.9015
0.9016
0.9017
0.9018
0.9019
0.902
0.9021
0.9022
0.9023
0.9024
0.9025
0.9026
0.9027
0.9028
0.9029
0.903
0.9031
0.9032
0.9033
0.9034
0.9035
0.9036
0.9037
0.9038
0.9039
0.904
0.9041
0.9042
0.9043
0.9044
0.9045
0.9046
0.9047
0.9048
0.9049
0.905
0.9051
0.9052
0.9053
0.9054
0.9055
0.9056
0.9057
0.9058
0.9059
0.906
0.9061
0.9062
0.9063
0.9064
0.9065
0.9066
0.9067
0.9068
0.9069
0.907
0.9071
0.9072
0.9073
0.9074
0.9075
0.9076
0.9077
0.9078
0.9079
0.908
0.9081
0.9082
0.9083
0.9084
0.9085
0.9086
0.9087
0.9088
0.9089
0.909
0.9091
0.9092
0.9093
0.9094
0.9095
0.9096
0.9097
0.9098
0.9099
0.91
0.9101
0.9102
0.9103
0.9104
0.9105
0.9106
0.9107
0.9108
0.9109
0.911
0.9111
0.9112
0.9113
0.9114
0.9115
0.9116
0.9117
0.9118
0.9119
0.912
0.9121
0.9122
0.9123
0.9124
0.9125
0.9126
0.9127
0.9128
0.9129
0.913
0.9131
0.9132
0.9133
0.9134
0.9135
0.9136
0.9137
0.9138
0.9139
0.914
0.9141
0.9142
0.9143
0.9144
0.9145
0.9146
0.9147
0.9148
0.9149
0.915
0.9151
0.9152
0.9153
0.9154
0.9155
0.9156
0.9157
0.9158
0.9159
0.916
0.9161
0.9162
0.9163
0.9164
0.9165
0.9166
0.9167
0.9168
0.9169
0.917
0.9171
0.9172
0.9173
0.9174
0.9175
0.9176
0.9177
0.9178
0.9179
0.918
0.9181
0.9182
0.9183
0.9184
0.9185
0.9186
0.9187
0.9188
0.9189
0.919
0.9191
0.9192
0.9193
0.9194
0.9195
0.9196
0.9197
0.9198
0.9199
0.92
0.9201
0.9202
0.9203
0.9204
0.9205
0.9206
0.9207
0.9208
0.9209
0.921
0.9211
0.9212
0.9213
0.9214
0.9215
0.9216
0.9217
0.9218
0.9219
0.922
0.9221
0.9222
0.9223
0.9224
0.9225
0.9226
0.9227
0.9228
0.9229
0.923
0.9231
0.9232
0.9233
0.9234
0.9235
0.9236
0.9237
0.9238
0.9239
0.924
0.9241
0.9242
0.9243
0.9244
0.9245
0.9246
0.9247
0.9248
0.9249
0.925
0.9251
0.9252
0.9253
0.9254
0.9255
0.9256
0.9257
0.9258
0.9259
0.926
0.9261
0.9262
0.9263
0.9264
0.9265
0.9266
0.9267
0.9268
0.9269
0.927
0.9271
0.9272
0.9273
0.9274
0.9275
0.9276
0.9277
0.9278
0.9279
0.928
0.9281
0.9282
0.9283
0.9284
0.9285
0.9286
0.9287
0.9288
0.9289
0.929
0.9291
0.9292
0.9293
0.9294
0.9295
0.9296
0.9297
0.9298
0.9299
0.93
0.9301
0.9302
0.9303
0.9304
0.9305
0.9306
0.9307
0.9308
0.9309
0.931
0.9311
0.9312
0.9313
0.9314
0.9315
0.9316
0.9317
0.9318
0.9319
0.932
0.9321
0.9322
0.9323
0.9324
0.9325
0.9326
0.9327
0.9328
0.9329
0.933
0.9331
0.9332
0.9333
0.9334
0.9335
0.9336
0.9337
0.9338
0.9339
0.934
0.9341
0.9342
0.9343
0.9344
0.9345
0.9346
0.9347
0.9348
0.9349
0.935
0.9351
0.9352
0.9353
0.9354
0.9355
0.9356
0.9357
0.9358
0.9359
0.936
0.9361
0.9362
0.9363
0.9364
0.9365
0.9366
0.9367
0.9368
0.9369
0.937
0.9371
0.9372
0.9373
0.9374
0.9375
0.9376
0.9377
0.9378
0.9379
0.938
0.9381
0.9382
0.9383
0.9384
0.9385
0.9386
0.9387
0.9388
0.9389
0.939
0.9391
0.9392
0.9393
0.9394
0.9395
0.9396
0.9397
0.9398
0.9399
0.94
0.9401
0.9402
0.9403
0.9404
0.9405
0.9406
0.9407
0.9408
0.9409
0.941
0.9411
0.9412
0.9413
0.9414
0.9415
0.9416
0.9417
0.9418
0.9419
0.942
0.9421
0.9422
0.9423
0.9424
0.9425
0.9426
0.9427
0.9428
0.9429
0.943
0.9431
0.9432
0.9433
0.9434
0.9435
0.9436
0.9437
0.9438
0.9439
0.944
0.9441
0.9442
0.9443
0.9444
0.9445
0.9446
0.9447
0.9448
0.9449
0.945
0.9451
0.9452
0.9453
0.9454
0.9455
0.9456
0.9457
0.9458
0.9459
0.946
0.9461
0.9462
0.9463
0.9464
0.9465
0.9466
0.9467
0.9468
0.9469
0.947
0.9471
0.9472
0.9473
0.9474
0.9475
0.9476
0.9477
0.9478
0.9479
0.948
0.9481
0.9482
0.9483
0.9484
0.9485
0.9486
0.9487
0.9488
0.9489
0.949
0.9491
0.9492
0.9493
0.9494
0.9495
0.9496
0.9497
0.9498
0.9499
0.95
0.9501
0.9502
0.9503
0.9504
0.9505
0.9506
0.9507
0.9508
0.9509
0.951
0.9511
0.9512
0.9513
0.9514
0.9515
0.9516
0.9517
0.9518
0.9519
0.952
0.9521
0.9522
0.9523
0.9524
0.9525
0.9526
0.9527
0.9528
0.9529
0.953
0.9531
0.9532
0.9533
0.9534
0.9535
0.9536
0.9537
0.9538
0.9539
0.954
0.9541
0.9542
0.9543
0.9544
0.9545
0.9546
0.9547
0.9548
0.9549
0.955
0.9551
0.9552
0.9553
0.9554
0.9555
0.9556
0.9557
0.9558
0.9559
0.956
0.9561
0.9562
0.9563
0.9564
0.9565
0.9566
0.9567
0.9568
0.9569
0.957
0.9571
0.9572
0.9573
0.9574
0.9575
0.9576
0.9577
0.9578
0.9579
0.958
0.9581
0.9582
0.9583
0.9584
0.9585
0.9586
0.9587
0.9588
0.9589
0.959
0.9591
0.9592
0.9593
0.9594
0.9595
0.9596
0.9597
0.9598
0.9599
0.96
0.9601
0.9602
0.9603
0.9604
0.9605
0.9606
0.9607
0.9608
0.9609
0.961
0.9611
0.9612
0.9613
0.9614
0.9615
0.9616
0.9617
0.9618
0.9619
0.962
0.9621
0.9622
0.9623
0.9624
0.9625
0.9626
0.9627
0.9628
0.9629
0.963
0.9631
0.9632
0.9633
0.9634
0.9635
0.9636
0.9637
0.9638
0.9639
0.964
0.9641
0.9642
0.9643
0.9644
0.9645
0.9646
0.9647
0.9648
0.9649
0.965
0.9651
0.9652
0.9653
0.9654
0.9655
0.9656
0.9657
0.9658
0.9659
0.966
0.9661
0.9662
0.9663
0.9664
0.9665
0.9666
0.9667
0.9668
0.9669
0.967
0.9671
0.9672
0.9673
0.9674
0.9675
0.9676
0.9677
0.9678
0.9679
0.968
0.9681
0.9682
0.9683
0.9684
0.9685
0.9686
0.9687
0.9688
0.9689
0.969
0.9691
0.9692
0.9693
0.9694
0.9695
0.9696
0.9697
0.9698
0.9699
0.97
0.9701
0.9702
0.9703
0.9704
0.9705
0.9706
0.9707
0.9708
0.9709
0.971
0.9711
0.9712
0.9713
0.9714
0.9715
0.9716
0.9717
0.9718
0.9719
0.972
0.9721
0.9722
0.9723
0.9724
0.9725
0.9726
0.9727
0.9728
0.9729
0.973
0.9731
0.9732
0.9733
0.9734
0.9735
0.9736
0.9737
0.9738
0.9739
0.974
0.9741
0.9742
0.9743
0.9744
0.9745
0.9746
0.9747
0.9748
0.9749
0.975
0.9751
0.9752
0.9753
0.9754
0.9755
0.9756
0.9757
0.9758
0.9759
0.976
0.9761
0.9762
0.9763
0.9764
0.9765
0.9766
0.9767
0.9768
0.9769
0.977
0.9771
0.9772
0.9773
0.9774
0.9775
0.9776
0.9777
0.9778
0.9779
0.978
0.9781
0.9782
0.9783
0.9784
0.9785
0.9786
0.9787
0.9788
0.9789
0.979
0.9791
0.9792
0.9793
0.9794
0.9795
0.9796
0.9797
0.9798
0.9799
0.98
0.9801
0.9802
0.9803
0.9804
0.9805
0.9806
0.9807
0.9808
0.9809
0.981
0.9811
0.9812
0.9813
0.9814
0.9815
0.9816
0.9817
0.9818
0.9819
0.982
0.9821
0.9822
0.9823
0.9824
0.9825
0.9826
0.9827
0.9828
0.9829
0.983
0.9831
0.9832
0.9833
0.9834
0.9835
0.9836
0.9837
0.9838
0.9839
0.984
0.9841
0.9842
0.9843
0.9844
0.9845
0.9846
0.9847
0.9848
0.9849
0.985
0.9851
0.9852
0.9853
0.9854
0.9855
0.9856
0.9857
0.9858
0.9859
0.986
0.9861
0.9862
0.9863
0.9864
0.9865
0.9866
0.9867
0.9868
0.9869
0.987
0.9871
0.9872
0.9873
0.9874
0.9875
0.9876
0.9877
0.9878
0.9879
0.988
0.9881
0.9882
0.9883
0.9884
0.9885
0.9886
0.9887
0.9888
0.9889
0.989
0.9891
0.9892
0.9893
0.9894
0.9895
0.9896
0.9897
0.9898
0.9899
0.99
0.9901
0.9902
0.9903
0.9904
0.9905
0.9906
0.9907
0.9908
0.9909
0.991
0.9911
0.9912
0.9913
0.9914
0.9915
0.9916
0.9917
0.9918
0.9919
0.992
0.9921
0.9922
0.9923
0.9924
0.9925
0.9926
0.9927
0.9928
0.9929
0.993
0.9931
0.9932
0.9933
0.9934
0.9935
0.9936
0.9937
0.9938
0.9939
0.994
0.9941
0.9942
0.9943
0.9944
0.9945
0.9946
0.9947
0.9948
0.9949
0.995
0.9951
0.9952
0.9953
0.9954
0.9955
0.9956
0.9957
0.9958
0.9959
0.996
0.9961
0.9962
0.9963
0.9964
0.9965
0.9966
0.9967
0.9968
0.9969
0.997
0.9971
0.9972
0.9973
0.9974
0.9975
0.9976
0.9977
0.9978
0.9979
0.998
0.9981
0.9982
0.9983
0.9984
0.9985
0.9986
0.9987
0.9988
0.9989
0.999
0.9991
0.9992
0.9993
0.9994
0.9995
0.9996
0.9997
0.9998
0.9999

5
1
2
3
4
5

5404
5
20.99
36.98
52.97
68.96
84.95
100.94
116.93
132.92
148.91
164.9
180.89
196.88
212.87
228.86
244.85
260.84
276.83
292.82
308.81
324.8
340.79
356.78
372.77
388.76
404.75
420.74
436.73
452.72
468.71
484.7
500.69
516.68
532.67
548.66
564.65
580.64
596.63
612.62
628.61
644.6
660.59
676.58
692.57
708.56
724.55
740.54
756.53
772.52
788.51
804.5
820.49
836.48
852.47
868.46
884.45
900.44
916.43
932.42
948.41
964.4
980.39
996.38
1012.37
1028.36
1044.35
1060.34
1076.33
1092.32
1108.31
1124.3
1140.29
1156.28
1172.27
1188.26
1204.25
1220.24
1236.23
1252.22
1268.21
1284.2
1300.19
1316.18
1332.17
1348.16
1364.15
1380.14
1396.13
1412.12
1428.11
1444.1
1460.09
1476.08
1492.07
1508.06
1524.05
1540.04
1556.03
1572.02
1588.01
1604
1619.99
1635.98
1651.97
1667.96
1683.95
1699.94
1715.93
1731.92
1747.91
1763.9
1779.89
1795.88
1811.87
1827.86
1843.85
1859.84
1875.83
1891.82
1907.81
1923.8
1939.79
1955.78
1971.77
1987.76
2003.75
2019.74
2035.73
2051.72
2067.71
2083.7
2099.69
2115.68
2131.67
2147.66
2163.65
2179.64
2195.63
2211.62
2227.61
2243.6
2259.59
2275.58
2291.57
2307.56
2323.55
2339.54
2355.53
2371.52
2387.51
2403.5
2419.49
2435.48
2451.47
2467.46
2483.45
2499.44
2515.43
2531.42
2547.41
2563.4
2579.39
2595.38
2611.37
2627.36
2643.35
2659.34
2675.33
2691.32
2707.31
2723.3
2739.29
2755.28
2771.27
2787.26
2803.25
2819.24
2835.23
2851.22
2867.21
2883.2
2899.19
2915.18
2931.17
2947.16
2963.15
2979.14
2995.13
3011.12
3027.11
3043.1
3059.09
3075.08
3091.07
3107.06
3123.05
3139.04
3155.03
3171.02
3187.01
3203
3218.99
3234.98
3250.97
3266.96
3282.95
3298.94
3314.93
3330.92
3346.91
3362.9
3378.89
3394.88
3410.87
3426.86
3442.85
3458.84
3474.83
3490.82
3506.81
3522.8
3538.79
3554.78
3570.77
3586.76
3602.75
3618.74
3634.73
3650.72
3666.71
3682.7
3698.69
3714.68
3730.67
3746.66
3762.65
3778.64
3794.63
3810.62
3826.61
3842.6
3858.59
3874.58
3890.57
3906.56
3922.55
3938.54
3954.53
3970.52
3986.51
4002.5
4018.49
4034.48
4050.47
4066.46
4082.45
4098.44
4114.43
4130.42
4146.41
4162.4
4178.39
4194.38
4210.37
4226.36
4242.35
4258.34
4274.33
4290.32
4306.31
4322.3
4338.29
4354.28
4370.27
4386.26
4402.25
4418.24
4434.23
4450.22
4466.21
4482.2
4498.19
4514.18
4530.17
4546.16
4562.15
4578.14
4594.13
4610.12
4626.11
4642.1
4658.09
4674.08
4690.07
4706.06
4722.05
4738.04
4754.03
4770.02
4786.01
4802
4817.99
4833.98
4849.97
4865.96
4881.95
4897.94
4913.93
4929.92
4945.91
4961.9
4977.89
4993.88
5009.87
5025.86
5041.85
5057.84
5073.83
5089.82
5105.81
5121.8
5137.79
5153.78
5169.77
5185.76
5201.75
5217.74
5233.73
5249.72
5265.71
5281.7
5297.69
5313.68
5329.67
5345.66
5361.65
5377.64
5393.63
5409.62
5425.61
5441.6
5457.59
5473.58
5489.57
5505.56
5521.55
5537.54
5553.53
5569.52
5585.51
5601.5
5617.49
5633.48
5649.47
5665.46
5681.45
5697.44
5713.43
5729.42
5745.41
5761.4
5777.39
5793.38
5809.37
5825.36
5841.35
5857.34
5873.33
5889.32
5905.31
5921.3
5937.29
5953.28
5969.27
5985.26
6001.25
6017.24
6033.23
6049.22
6065.21
6081.2
6097.19
6113.18
6129.17
6145.16
6161.15
6177.14
6193.13
6209.12
6225.11
6241.1
6257.09
6273.08
6289.07
6305.06
6321.05
6337.04
6353.03
6369.02
6385.01
6401
6416.99
6432.98
6448.97
6464.96
6480.95
6496.94
6512.93
6528.92
6544.91
6560.9
6576.89
6592.88
6608.87
6624.86
6640.85
6656.84
6672.83
6688.82
6704.81
6720.8
6736.79
6752.78
6768.77
6784.76
6800.75
6816.74
6832.73
6848.72
6864.71
6880.7
6896.69
6912.68
6928.67
6944.66
6960.65
6976.64
6992.63
7008.62
7024.61
7040.6
7056.59
7072.58
7088.57
7104.56
7120.55
7136.54
7152.53
7168.52
7184.51
7200.5
7216.49
7232.48
7248.47
7264.46
7280.45
7296.44
7312.43
7328.42
7344.41
7360.4
7376.39
7392.38
7408.37
7424.36
7440.35
7456.34
7472.33
7488.32
7504.31
7520.3
7536.29
7552.28
7568.27
7584.26
7600.25
7616.24
7632.23
7648.22
7664.21
7680.2
7696.19
7712.18
7728.17
7744.16
7760.15
7776.14
7792.13
7808.12
7824.11
7840.1
7856.09
7872.08
7888.07
7904.06
7920.05
7936.04
7952.03
7968.02
7984.01
8000
8015.99
8031.98
8047.97
8063.96
8079.95
8095.94
8111.93
8127.92
8143.91
8159.9
8175.89
8191.88
8207.87
8223.86
8239.85
8255.84
8271.83
8287.82
8303.81
8319.8
8335.79
8351.78
8367.77
8383.76
8399.75
8415.74
8431.73
8447.72
8463.71
8479.7
8495.69
8511.68
8527.67
8543.66
8559.65
8575.64
8591.63
8607.62
8623.61
8639.6
8655.59
8671.58
8687.57
8703.56
8719.55
8735.54
8751.53
8767.52
8783.51
8799.5
8815.49
8831.48
8847.47
8863.46
8879.45
8895.44
8911.43
8927.42
8943.41
8959.4
8975.39
8991.38
9007.37
9023.36
9039.35
9055.34
9071.33
9087.32
9103.31
9119.3
9135.29
9151.28
9167.27
9183.26
9199.25
9215.24
9231.23
9247.22
9263.21
9279.2
9295.19
9311.18
9327.17
9343.16
9359.15
9375.14
9391.13
9407.12
9423.11
9439.1
9455.09
9471.08
9487.07
9503.06
9519.05
9535.04
9551.03
9567.02
9583.01
9599
9614.99
9630.98
9646.97
9662.96
9678.95
9694.94
9710.93
9726.92
9742.91
9758.9
9774.89
9790.88
9806.87
9822.86
9838.85
9854.84
9870.83
9886.82
9902.81
9918.8
9934.79
9950.78
9966.77
9982.76
9998.75
10014.7
10030.7
10046.7
10062.7
10078.7
10094.7
10110.7
10126.7
10142.7
10158.7
10174.6
10190.6
10206.6
10222.6
10238.6
10254.6
10270.6
10286.6
10302.6
10318.6
10334.5
10350.5
10366.5
10382.5
10398.5
10414.5
10430.5
10446.5
10462.5
10478.5
10494.4
10510.4
10526.4
10542.4
10558.4
10574.4
10590.4
10606.4
10622.4
10638.4
10654.3
10670.3
10686.3
10702.3
10718.3
10734.3
10750.3
10766.3
10782.3
10798.3
10814.2
10830.2
10846.2
10862.2
10878.2
10894.2
10910.2
10926.2
10942.2
10958.2
10974.1
10990.1
11006.1
11022.1
11038.1
11054.1
11070.1
11086.1
11102.1
11118.1
11134
11150
11166
11182
11198
11214
11230
11246
11262
11278
11293.9
11309.9
11325.9
11341.9
11357.9
11373.9
11389.9
11405.9
11421.9
11437.9
11453.8
11469.8
11485.8
11501.8
11517.8
11533.8
11549.8
11565.8
11581.8
11597.8
11613.7
11629.7
11645.7
11661.7
11677.7
11693.7
11709.7
11725.7
11741.7
11757.7
11773.6
11789.6
11805.6
11821.6
11837.6
11853.6
11869.6
11885.6
11901.6
11917.6
11933.5
11949.5
11965.5
11981.5
11997.5
12013.5
12029.5
12045.5
12061.5
12077.5
12093.4
12109.4
12125.4
12141.4
12157.4
12173.4
12189.4
12205.4
12221.4
12237.4
12253.3
12269.3
12285.3
12301.3
12317.3
12333.3
12349.3
12365.3
12381.3
12397.3
12413.2
12429.2
12445.2
12461.2
12477.2
12493.2
12509.2
12525.2
12541.2
12557.2
12573.1
12589.1
12605.1
12621.1
12637.1
12653.1
12669.1
12685.1
12701.1
12717.1
12733
12749
12765
12781
12797
12813
12829
12845
12861
12877
12892.9
12908.9
12924.9
12940.9
12956.9
12972.9
12988.9
13004.9
13020.9
13036.9
13052.8
13068.8
13084.8
13100.8
13116.8
13132.8
13148.8
13164.8
13180.8
13196.8
13212.7
13228.7
13244.7
13260.7
13276.7
13292.7
13308.7
13324.7
13340.7
13356.7
13372.6
13388.6
13404.6
13420.6
13436.6
13452.6
13468.6
13484.6
13500.6
13516.6
13532.5
13548.5
13564.5
13580.5
13596.5
13612.5
13628.5
13644.5
13660.5
13676.5
13692.4
13708.4
13724.4
13740.4
13756.4
13772.4
13788.4
13804.4
13820.4
13836.4
13852.3
13868.3
13884.3
13900.3
13916.3
13932.3
13948.3
13964.3
13980.3
13996.3
14012.2
14028.2
14044.2
14060.2
14076.2
14092.2
14108.2
14124.2
14140.2
14156.2
14172.1
14188.1
14204.1
14220.1
14236.1
14252.1
14268.1
14284.1
14300.1
14316.1
14332
14348
14364
14380
14396
14412
14428
14444
14460
14476
14491.9
14507.9
14523.9
14539.9
14555.9
14571.9
14587.9
14603.9
14619.9
14635.9
14651.8
14667.8
14683.8
14699.8
14715.8
14731.8
14747.8
14763.8
14779.8
14795.8
14811.7
14827.7
14843.7
14859.7
14875.7
14891.7
14907.7
14923.7
14939.7
14955.7
14971.6
14987.6
15003.6
15019.6
15035.6
15051.6
15067.6
15083.6
15099.6
15115.6
15131.5
15147.5
15163.5
15179.5
15195.5
15211.5
15227.5
15243.5
15259.5
15275.5
15291.4
15307.4
15323.4
15339.4
15355.4
15371.4
15387.4
15403.4
15419.4
15435.4
15451.3
15467.3
15483.3
15499.3
15515.3
15531.3
15547.3
15563.3
15579.3
15595.3
15611.2
15627.2
15643.2
15659.2
15675.2
15691.2
15707.2
15723.2
15739.2
15755.2
15771.1
15787.1
15803.1
15819.1
15835.1
15851.1
15867.1
15883.1
15899.1
15915.1
15931
15947
15963
15979
15995
16011
16027
16043
16059
16075
16090.9
16106.9
16122.9
16138.9
16154.9
16170.9
16186.9
16202.9
16218.9
16234.9
16250.8
16266.8
16282.8
16298.8
16314.8
16330.8
16346.8
16362.8
16378.8
16394.8
16410.7
16426.7
16442.7
16458.7
16474.7
16490.7
16506.7
16522.7
16538.7
16554.7
16570.6
16586.6
16602.6
16618.6
16634.6
16650.6
16666.6
16682.6
16698.6
16714.6
16730.5
16746.5
16762.5
16778.5
16794.5
16810.5
16826.5
16842.5
16858.5
16874.5
16890.4
16906.4
16922.4
16938.4
16954.4
16970.4
16986.4
17002.4
17018.4
17034.4
17050.3
17066.3
17082.3
17098.3
17114.3
17130.3
17146.3
17162.3
17178.3
17194.3
17210.2
17226.2
17242.2
17258.2
17274.2
17290.2
17306.2
17322.2
17338.2
17354.2
17370.1
17386.1
17402.1
17418.1
17434.1
17450.1
17466.1
17482.1
17498.1
17514.1
17530
17546
17562
17578
17594
17610
17626
17642
17658
17674
17689.9
17705.9
17721.9
17737.9
17753.9
17769.9
17785.9
17801.9
17817.9
17833.9
17849.8
17865.8
17881.8
17897.8
17913.8
17929.8
17945.8
17961.8
17977.8
17993.8
18009.7
18025.7
18041.7
18057.7
18073.7
18089.7
18105.7
18121.7
18137.7
18153.7
18169.6
18185.6
18201.6
18217.6
18233.6
18249.6
18265.6
18281.6
18297.6
18313.6
18329.5
18345.5
18361.5
18377.5
18393.5
18409.5
18425.5
18441.5
18457.5
18473.5
18489.4
18505.4
18521.4
18537.4
18553.4
18569.4
18585.4
18601.4
18617.4
18633.4
18649.3
18665.3
18681.3
18697.3
18713.3
18729.3
18745.3
18761.3
18777.3
18793.3
18809.2
18825.2
18841.2
18857.2
18873.2
18889.2
18905.2
18921.2
18937.2
18953.2
18969.1
18985.1
19001.1
19017.1
19033.1
19049.1
19065.1
19081.1
19097.1
19113.1
19129
19145
19161
19177
19193
19209
19225
19241
19257
19273
19288.9
19304.9
19320.9
19336.9
19352.9
19368.9
19384.9
19400.9
19416.9
19432.9
19448.8
19464.8
19480.8
19496.8
19512.8
19528.8
19544.8
19560.8
19576.8
19592.8
19608.7
19624.7
19640.7
19656.7
19672.7
19688.7
19704.7
19720.7
19736.7
19752.7
19768.6
19784.6
19800.6
19816.6
19832.6
19848.6
19864.6
19880.6
19896.6
19912.6
19928.5
19944.5
19960.5
19976.5
19992.5
20008.5
20024.5
20040.5
20056.5
20072.5
20088.4
20104.4
20120.4
20136.4
20152.4
20168.4
20184.4
20200.4
20216.4
20232.4
20248.3
20264.3
20280.3
20296.3
20312.3
20328.3
20344.3
20360.3
20376.3
20392.3
20408.2
20424.2
20440.2
20456.2
20472.2
20488.2
20504.2
20520.2
20536.2
20552.2
20568.1
20584.1
20600.1
20616.1
20632.1
20648.1
20664.1
20680.1
20696.1
20712.1
20728
20744
20760
20776
20792
20808
20824
20840
20856
20872
20887.9
20903.9
20919.9
20935.9
20951.9
20967.9
20983.9
20999.9
21015.9
21031.9
21047.8
21063.8
21079.8
21095.8
21111.8
21127.8
21143.8
21159.8
21175.8
21191.8
21207.7
21223.7
21239.7
21255.7
21271.7
21287.7
21303.7
21319.7
21335.7
21351.7
21367.6
21383.6
21399.6
21415.6
21431.6
21447.6
21463.6
21479.6
21495.6
21511.6
21527.5
21543.5
21559.5
21575.5
21591.5
21607.5
21623.5
21639.5
21655.5
21671.5
21687.4
21703.4
21719.4
21735.4
21751.4
21767.4
21783.4
21799.4
21815.4
21831.4
21847.3
21863.3
21879.3
21895.3
21911.3
21927.3
21943.3
21959.3
21975.3
21991.3
22007.2
22023.2
22039.2
22055.2
22071.2
22087.2
22103.2
22119.2
22135.2
22151.2
22167.1
22183.1
22199.1
22215.1
22231.1
22247.1
22263.1
22279.1
22295.1
22311.1
22327
22343
22359
22375
22391
22407
22423
22439
22455
22471
22486.9
22502.9
22518.9
22534.9
22550.9
22566.9
22582.9
22598.9
22614.9
22630.9
22646.8
22662.8
22678.8
22694.8
22710.8
22726.8
22742.8
22758.8
22774.8
22790.8
22806.7
22822.7
22838.7
22854.7
22870.7
22886.7
22902.7
22918.7
22934.7
22950.7
22966.6
22982.6
22998.6
23014.6
23030.6
23046.6
23062.6
23078.6
23094.6
23110.6
23126.5
23142.5
23158.5
23174.5
23190.5
23206.5
23222.5
23238.5
23254.5
23270.5
23286.4
23302.4
23318.4
23334.4
23350.4
23366.4
23382.4
23398.4
23414.4
23430.4
23446.3
23462.3
23478.3
23494.3
23510.3
23526.3
23542.3
23558.3
23574.3
23590.3
23606.2
23622.2
23638.2
23654.2
23670.2
23686.2
23702.2
23718.2
23734.2
23750.2
23766.1
23782.1
23798.1
23814.1
23830.1
23846.1
23862.1
23878.1
23894.1
23910.1
23926
23942
23958
23974
23990
24006
24022
24038
24054
24070
24085.9
24101.9
24117.9
24133.9
24149.9
24165.9
24181.9
24197.9
24213.9
24229.9
24245.8
24261.8
24277.8
24293.8
24309.8
24325.8
24341.8
24357.8
24373.8
24389.8
24405.7
24421.7
24437.7
24453.7
24469.7
24485.7
24501.7
24517.7
24533.7
24549.7
24565.6
24581.6
24597.6
24613.6
24629.6
24645.6
24661.6
24677.6
24693.6
24709.6
24725.5
24741.5
24757.5
24773.5
24789.5
24805.5
24821.5
24837.5
24853.5
24869.5
24885.4
24901.4
24917.4
24933.4
24949.4
24965.4
24981.4
24997.4
25013.4
25029.4
25045.3
25061.3
25077.3
25093.3
25109.3
25125.3
25141.3
25157.3
25173.3
25189.3
25205.2
25221.2
25237.2
25253.2
25269.2
25285.2
25301.2
25317.2
25333.2
25349.2
25365.1
25381.1
25397.1
25413.1
25429.1
25445.1
25461.1
25477.1
25493.1
25509.1
25525
25541
25557
25573
25589
25605
25621
25637
25653
25669
25684.9
25700.9
25716.9
25732.9
25748.9
25764.9
25780.9
25796.9
25812.9
25828.9
25844.8
25860.8
25876.8
25892.8
25908.8
25924.8
25940.8
25956.8
25972.8
25988.8
26004.7
26020.7
26036.7
26052.7
26068.7
26084.7
26100.7
26116.7
26132.7
26148.7
26164.6
26180.6
26196.6
26212.6
26228.6
26244.6
26260.6
26276.6
26292.6
26308.6
26324.5
26340.5
26356.5
26372.5
26388.5
26404.5
26420.5
26436.5
26452.5
26468.5
26484.4
26500.4
26516.4
26532.4
26548.4
26564.4
26580.4
26596.4
26612.4
26628.4
26644.3
26660.3
26676.3
26692.3
26708.3
26724.3
26740.3
26756.3
26772.3
26788.3
26804.2
26820.2
26836.2
26852.2
26868.2
26884.2
26900.2
26916.2
26932.2
26948.2
26964.1
26980.1
26996.1
27012.1
27028.1
27044.1
27060.1
27076.1
27092.1
27108.1
27124
27140
27156
27172
27188
27204
27220
27236
27252
27268
27283.9
27299.9
27315.9
27331.9
27347.9
27363.9
27379.9
27395.9
27411.9
27427.9
27443.8
27459.8
27475.8
27491.8
27507.8
27523.8
27539.8
27555.8
27571.8
27587.8
27603.7
27619.7
27635.7
27651.7
27667.7
27683.7
27699.7
27715.7
27731.7
27747.7
27763.6
27779.6
27795.6
27811.6
27827.6
27843.6
27859.6
27875.6
27891.6
27907.6
27923.5
27939.5
27955.5
27971.5
27987.5
28003.5
28019.5
28035.5
28051.5
28067.5
28083.4
28099.4
28115.4
28131.4
28147.4
28163.4
28179.4
28195.4
28211.4
28227.4
28243.3
28259.3
28275.3
28291.3
28307.3
28323.3
28339.3
28355.3
28371.3
28387.3
28403.2
28419.2
28435.2
28451.2
28467.2
28483.2
28499.2
28515.2
28531.2
28547.2
28563.1
28579.1
28595.1
28611.1
28627.1
28643.1
28659.1
28675.1
28691.1
28707.1
28723
28739
28755
28771
28787
28803
28819
28835
28851
28867
28883
28898.9
28914.9
28930.9
28946.9
28962.9
28978.9
28994.9
29010.9
29026.9
29042.9
29058.8
29074.8
29090.8
29106.8
29122.8
29138.8
29154.8
29170.8
29186.8
29202.8
29218.7
29234.7
29250.7
29266.7
29282.7
29298.7
29314.7
29330.7
29346.7
29362.7
29378.6
29394.6
29410.6
29426.6
29442.6
29458.6
29474.6
29490.6
29506.6
29522.6
29538.5
29554.5
29570.5
29586.5
29602.5
29618.5
29634.5
29650.5
29666.5
29682.5
29698.4
29714.4
29730.4
29746.4
29762.4
29778.4
29794.4
29810.4
29826.4
29842.4
29858.3
29874.3
29890.3
29906.3
29922.3
29938.3
29954.3
29970.3
29986.3
30002.3
30018.2
30034.2
30050.2
30066.2
30082.2
30098.2
30114.2
30130.2
30146.2
30162.2
30178.1
30194.1
30210.1
30226.1
30242.1
30258.1
30274.1
30290.1
30306.1
30322.1
30338
30354
30370
30386
30402
30418
30434
30450
30466
30482
30497.9
30513.9
30529.9
30545.9
30561.9
30577.9
30593.9
30609.9
30625.9
30641.9
30657.8
30673.8
30689.8
30705.8
30721.8
30737.8
30753.8
30769.8
30785.8
30801.8
30817.7
30833.7
30849.7
30865.7
30881.7
30897.7
30913.7
30929.7
30945.7
30961.7
30977.6
30993.6
31009.6
31025.6
31041.6
31057.6
31073.6
31089.6
31105.6
31121.6
31137.5
31153.5
31169.5
31185.5
31201.5
31217.5
31233.5
31249.5
31265.5
31281.5
31297.4
31313.4
31329.4
31345.4
31361.4
31377.4
31393.4
31409.4
31425.4
31441.4
31457.3
31473.3
31489.3
31505.3
31521.3
31537.3
31553.3
31569.3
31585.3
31601.3
31617.2
31633.2
31649.2
31665.2
31681.2
31697.2
31713.2
31729.2
31745.2
31761.2
31777.1
31793.1
31809.1
31825.1
31841.1
31857.1
31873.1
31889.1
31905.1
31921.1
31937
31953
31969
31985
32001
32017
32033
32049
32065
32081
32096.9
32112.9
32128.9
32144.9
32160.9
32176.9
32192.9
32208.9
32224.9
32240.9
32256.8
32272.8
32288.8
32304.8
32320.8
32336.8
32352.8
32368.8
32384.8
32400.8
32416.7
32432.7
32448.7
32464.7
32480.7
32496.7
32512.7
32528.7
32544.7
32560.7
32576.6
32592.6
32608.6
32624.6
32640.6
32656.6
32672.6
32688.6
32704.6
32720.6
32736.5
32752.5
32768.5
32784.5
32800.5
32816.5
32832.5
32848.5
32864.5
32880.5
32896.4
32912.4
32928.4
32944.4
32960.4
32976.4
32992.4
33008.4
33024.4
33040.4
33056.3
33072.3
33088.3
33104.3
33120.3
33136.3
33152.3
33168.3
33184.3
33200.3
33216.2
33232.2
33248.2
33264.2
33280.2
33296.2
33312.2
33328.2
33344.2
33360.2
33376.1
33392.1
33408.1
33424.1
33440.1
33456.1
33472.1
33488.1
33504.1
33520.1
33536
33552
33568
33584
33600
33616
33632
33648
33664
33680
33695.9
33711.9
33727.9
33743.9
33759.9
33775.9
33791.9
33807.9
33823.9
33839.9
33855.8
33871.8
33887.8
33903.8
33919.8
33935.8
33951.8
33967.8
33983.8
33999.8
34015.7
34031.7
34047.7
34063.7
34079.7
34095.7
34111.7
34127.7
34143.7
34159.7
34175.6
34191.6
34207.6
34223.6
34239.6
34255.6
34271.6
34287.6
34303.6
34319.6
34335.5
34351.5
34367.5
34383.5
34399.5
34415.5
34431.5
34447.5
34463.5
34479.5
34495.4
34511.4
34527.4
34543.4
34559.4
34575.4
34591.4
34607.4
34623.4
34639.4
34655.3
34671.3
34687.3
34703.3
34719.3
34735.3
34751.3
34767.3
34783.3
34799.3
34815.2
34831.2
34847.2
34863.2
34879.2
34895.2
34911.2
34927.2
34943.2
34959.2
34975.1
34991.1
35007.1
35023.1
35039.1
35055.1
35071.1
35087.1
35103.1
35119.1
35135
35151
35167
35183
35199
35215
35231
35247
35263
35279
35294.9
35310.9
35326.9
35342.9
35358.9
35374.9
35390.9
35406.9
35422.9
35438.9
35454.8
35470.8
35486.8
35502.8
35518.8
35534.8
35550.8
35566.8
35582.8
35598.8
35614.7
35630.7
35646.7
35662.7
35678.7
35694.7
35710.7
35726.7
35742.7
35758.7
35774.6
35790.6
35806.6
35822.6
35838.6
35854.6
35870.6
35886.6
35902.6
35918.6
35934.5
35950.5
35966.5
35982.5
35998.5
36014.5
36030.5
36046.5
36062.5
36078.5
36094.4
36110.4
36126.4
36142.4
36158.4
36174.4
36190.4
36206.4
36222.4
36238.4
36254.3
36270.3
36286.3
36302.3
36318.3
36334.3
36350.3
36366.3
36382.3
36398.3
36414.2
36430.2
36446.2
36462.2
36478.2
36494.2
36510.2
36526.2
36542.2
36558.2
36574.1
36590.1
36606.1
36622.1
36638.1
36654.1
36670.1
36686.1
36702.1
36718.1
36734
36750
36766
36782
36798
36814
36830
36846
36862
36878
36893.9
36909.9
36925.9
36941.9
36957.9
36973.9
36989.9
37005.9
37021.9
37037.9
37053.8
37069.8
37085.8
37101.8
37117.8
37133.8
37149.8
37165.8
37181.8
37197.8
37213.7
37229.7
37245.7
37261.7
37277.7
37293.7
37309.7
37325.7
37341.7
37357.7
37373.6
37389.6
37405.6
37421.6
37437.6
37453.6
37469.6
37485.6
37501.6
37517.6
37533.5
37549.5
37565.5
37581.5
37597.5
37613.5
37629.5
37645.5
37661.5
37677.5
37693.4
37709.4
37725.4
37741.4
37757.4
37773.4
37789.4
37805.4
37821.4
37837.4
37853.3
37869.3
37885.3
37901.3
37917.3
37933.3
37949.3
37965.3
37981.3
37997.3
38013.2
38029.2
38045.2
38061.2
38077.2
38093.2
38109.2
38125.2
38141.2
38157.2
38173.1
38189.1
38205.1
38221.1
38237.1
38253.1
38269.1
38285.1
38301.1
38317.1
38333
38349
38365
38381
38397
38413
38429
38445
38461
38477
38492.9
38508.9
38524.9
38540.9
38556.9
38572.9
38588.9
38604.9
38620.9
38636.9
38652.8
38668.8
38684.8
38700.8
38716.8
38732.8
38748.8
38764.8
38780.8
38796.8
38812.7
38828.7
38844.7
38860.7
38876.7
38892.7
38908.7
38924.7
38940.7
38956.7
38972.6
38988.6
39004.6
39020.6
39036.6
39052.6
39068.6
39084.6
39100.6
39116.6
39132.5
39148.5
39164.5
39180.5
39196.5
39212.5
39228.5
39244.5
39260.5
39276.5
39292.4
39308.4
39324.4
39340.4
39356.4
39372.4
39388.4
39404.4
39420.4
39436.4
39452.3
39468.3
39484.3
39500.3
39516.3
39532.3
39548.3
39564.3
39580.3
39596.3
39612.2
39628.2
39644.2
39660.2
39676.2
39692.2
39708.2
39724.2
39740.2
39756.2
39772.1
39788.1
39804.1
39820.1
39836.1
39852.1
39868.1
39884.1
39900.1
39916.1
39932
39948
39964
39980
39996
40012
40028
40044
40060
40076
40091.9
40107.9
40123.9
40139.9
40155.9
40171.9
40187.9
40203.9
40219.9
40235.9
40251.8
40267.8
40283.8
40299.8
40315.8
40331.8
40347.8
40363.8
40379.8
40395.8
40411.7
40427.7
40443.7
40459.7
40475.7
40491.7
40507.7
40523.7
40539.7
40555.7
40571.6
40587.6
40603.6
40619.6
40635.6
40651.6
40667.6
40683.6
40699.6
40715.6
40731.5
40747.5
40763.5
40779.5
40795.5
40811.5
40827.5
40843.5
40859.5
40875.5
40891.4
40907.4
40923.4
40939.4
40955.4
40971.4
40987.4
41003.4
41019.4
41035.4
41051.3
41067.3
41083.3
41099.3
41115.3
41131.3
41147.3
41163.3
41179.3
41195.3
41211.2
41227.2
41243.2
41259.2
41275.2
41291.2
41307.2
41323.2
41339.2
41355.2
41371.1
41387.1
41403.1
41419.1
41435.1
41451.1
41467.1
41483.1
41499.1
41515.1
41531
41547
41563
41579
41595
41611
41627
41643
41659
41675
41690.9
41706.9
41722.9
41738.9
41754.9
41770.9
41786.9
41802.9
41818.9
41834.9
41850.8
41866.8
41882.8
41898.8
41914.8
41930.8
41946.8
41962.8
41978.8
41994.8
42010.7
42026.7
42042.7
42058.7
42074.7
42090.7
42106.7
42122.7
42138.7
42154.7
42170.6
42186.6
42202.6
42218.6
42234.6
42250.6
42266.6
42282.6
42298.6
42314.6
42330.5
42346.5
42362.5
42378.5
42394.5
42410.5
42426.5
42442.5
42458.5
42474.5
42490.4
42506.4
42522.4
42538.4
42554.4
42570.4
42586.4
42602.4
42618.4
42634.4
42650.3
42666.3
42682.3
42698.3
42714.3
42730.3
42746.3
42762.3
42778.3
42794.3
42810.2
42826.2
42842.2
42858.2
42874.2
42890.2
42906.2
42922.2
42938.2
42954.2
42970.1
42986.1
43002.1
43018.1
43034.1
43050.1
43066.1
43082.1
43098.1
43114.1
43130
43146
43162
43178
43194
43210
43226
43242
43258
43274
43289.9
43305.9
43321.9
43337.9
43353.9
43369.9
43385.9
43401.9
43417.9
43433.9
43449.8
43465.8
43481.8
43497.8
43513.8
43529.8
43545.8
43561.8
43577.8
43593.8
43609.7
43625.7
43641.7
43657.7
43673.7
43689.7
43705.7
43721.7
43737.7
43753.7
43769.6
43785.6
43801.6
43817.6
43833.6
43849.6
43865.6
43881.6
43897.6
43913.6
43929.5
43945.5
43961.5
43977.5
43993.5
44009.5
44025.5
44041.5
44057.5
44073.5
44089.4
44105.4
44121.4
44137.4
44153.4
44169.4
44185.4
44201.4
44217.4
44233.4
44249.3
44265.3
44281.3
44297.3
44313.3
44329.3
44345.3
44361.3
44377.3
44393.3
44409.2
44425.2
44441.2
44457.2
44473.2
44489.2
44505.2
44521.2
44537.2
44553.2
44569.1
44585.1
44601.1
44617.1
44633.1
44649.1
44665.1
44681.1
44697.1
44713.1
44729
44745
44761
44777
44793
44809
44825
44841
44857
44873
44888.9
44904.9
44920.9
44936.9
44952.9
44968.9
44984.9
45000.9
45016.9
45032.9
45048.8
45064.8
45080.8
45096.8
45112.8
45128.8
45144.8
45160.8
45176.8
45192.8
45208.7
45224.7
45240.7
45256.7
45272.7
45288.7
45304.7
45320.7
45336.7
45352.7
45368.6
45384.6
45400.6
45416.6
45432.6
45448.6
45464.6
45480.6
45496.6
45512.6
45528.5
45544.5
45560.5
45576.5
45592.5
45608.5
45624.5
45640.5
45656.5
45672.5
45688.4
45704.4
45720.4
45736.4
45752.4
45768.4
45784.4
45800.4
45816.4
45832.4
45848.3
45864.3
45880.3
45896.3
45912.3
45928.3
45944.3
45960.3
45976.3
45992.3
46008.2
46024.2
46040.2
46056.2
46072.2
46088.2
46104.2
46120.2
46136.2
46152.2
46168.1
46184.1
46200.1
46216.1
46232.1
46248.1
46264.1
46280.1
46296.1
46312.1
46328
46344
46360
46376
46392
46408
46424
46440
46456
46472
46487.9
46503.9
46519.9
46535.9
46551.9
46567.9
46583.9
46599.9
46615.9
46631.9
46647.8
46663.8
46679.8
46695.8
46711.8
46727.8
46743.8
46759.8
46775.8
46791.8
46807.7
46823.7
46839.7
46855.7
46871.7
46887.7
46903.7
46919.7
46935.7
46951.7
46967.6
46983.6
46999.6
47015.6
47031.6
47047.6
47063.6
47079.6
47095.6
47111.6
47127.5
47143.5
47159.5
47175.5
47191.5
47207.5
47223.5
47239.5
47255.5
47271.5
47287.4
47303.4
47319.4
47335.4
47351.4
47367.4
47383.4
47399.4
47415.4
47431.4
47447.3
47463.3
47479.3
47495.3
47511.3
47527.3
47543.3
47559.3
47575.3
47591.3
47607.2
47623.2
47639.2
47655.2
47671.2
47687.2
47703.2
47719.2
47735.2
47751.2
47767.1
47783.1
47799.1
47815.1
47831.1
47847.1
47863.1
47879.1
47895.1
47911.1
47927
47943
47959
47975
47991
48007
48023
48039
48055
48071
48086.9
48102.9
48118.9
48134.9
48150.9
48166.9
48182.9
48198.9
48214.9
48230.9
48246.8
48262.8
48278.8
48294.8
48310.8
48326.8
48342.8
48358.8
48374.8
48390.8
48406.7
48422.7
48438.7
48454.7
48470.7
48486.7
48502.7
48518.7
48534.7
48550.7
48566.6
48582.6
48598.6
48614.6
48630.6
48646.6
48662.6
48678.6
48694.6
48710.6
48726.5
48742.5
48758.5
48774.5
48790.5
48806.5
48822.5
48838.5
48854.5
48870.5
48886.4
48902.4
48918.4
48934.4
48950.4
48966.4
48982.4
48998.4
49014.4
49030.4
49046.3
49062.3
49078.3
49094.3
49110.3
49126.3
49142.3
49158.3
49174.3
49190.3
49206.2
49222.2
49238.2
49254.2
49270.2
49286.2
49302.2
49318.2
49334.2
49350.2
49366.1
49382.1
49398.1
49414.1
49430.1
49446.1
49462.1
49478.1
49494.1
49510.1
49526
49542
49558
49574
49590
49606
49622
49638
49654
49670
49685.9
49701.9
49717.9
49733.9
49749.9
49765.9
49781.9
49797.9
49813.9
49829.9
49845.8
49861.8
49877.8
49893.8
49909.8
49925.8
49941.8
49957.8
49973.8
49989.8
50005.7
50021.7
50037.7
50053.7
50069.7
50085.7
50101.7
50117.7
50133.7
50149.7
50165.6
50181.6
50197.6
50213.6
50229.6
50245.6
50261.6
50277.6
50293.6
50309.6
50325.5
50341.5
50357.5
50373.5
50389.5
50405.5
50421.5
50437.5
50453.5
50469.5
50485.4
50501.4
50517.4
50533.4
50549.4
50565.4
50581.4
50597.4
50613.4
50629.4
50645.3
50661.3
50677.3
50693.3
50709.3
50725.3
50741.3
50757.3
50773.3
50789.3
50805.2
50821.2
50837.2
50853.2
50869.2
50885.2
50901.2
50917.2
50933.2
50949.2
50965.1
50981.1
50997.1
51013.1
51029.1
51045.1
51061.1
51077.1
51093.1
51109.1
51125
51141
51157
51173
51189
51205
51221
51237
51253
51269
51284.9
51300.9
51316.9
51332.9
51348.9
51364.9
51380.9
51396.9
51412.9
51428.9
51444.8
51460.8
51476.8
51492.8
51508.8
51524.8
51540.8
51556.8
51572.8
51588.8
51604.7
51620.7
51636.7
51652.7
51668.7
51684.7
51700.7
51716.7
51732.7
51748.7
51764.6
51780.6
51796.6
51812.6
51828.6
51844.6
51860.6
51876.6
51892.6
51908.6
51924.5
51940.5
51956.5
51972.5
51988.5
52004.5
52020.5
52036.5
52052.5
52068.5
52084.4
52100.4
52116.4
52132.4
52148.4
52164.4
52180.4
52196.4
52212.4
52228.4
52244.3
52260.3
52276.3
52292.3
52308.3
52324.3
52340.3
52356.3
52372.3
52388.3
52404.2
52420.2
52436.2
52452.2
52468.2
52484.2
52500.2
52516.2
52532.2
52548.2
52564.1
52580.1
52596.1
52612.1
52628.1
52644.1
52660.1
52676.1
52692.1
52708.1
52724
52740
52756
52772
52788
52804
52820
52836
52852
52868
52883.9
52899.9
52915.9
52931.9
52947.9
52963.9
52979.9
52995.9
53011.9
53027.9
53043.8
53059.8
53075.8
53091.8
53107.8
53123.8
53139.8
53155.8
53171.8
53187.8
53203.7
53219.7
53235.7
53251.7
53267.7
53283.7
53299.7
53315.7
53331.7
53347.7
53363.6
53379.6
53395.6
53411.6
53427.6
53443.6
53459.6
53475.6
53491.6
53507.6
53523.5
53539.5
53555.5
53571.5
53587.5
53603.5
53619.5
53635.5
53651.5
53667.5
53683.4
53699.4
53715.4
53731.4
53747.4
53763.4
53779.4
53795.4
53811.4
53827.4
53843.3
53859.3
53875.3
53891.3
53907.3
53923.3
53939.3
53955.3
53971.3
53987.3
54003.2
54019.2
54035.2
54051.2
54067.2
54083.2
54099.2
54115.2
54131.2
54147.2
54163.1
54179.1
54195.1
54211.1
54227.1
54243.1
54259.1
54275.1
54291.1
54307.1
54323
54339
54355
54371
54387
54403
54419
54435
54451
54467
54482.9
54498.9
54514.9
54530.9
54546.9
54562.9
54578.9
54594.9
54610.9
54626.9
54642.8
54658.8
54674.8
54690.8
54706.8
54722.8
54738.8
54754.8
54770.8
54786.8
54802.7
54818.7
54834.7
54850.7
54866.7
54882.7
54898.7
54914.7
54930.7
54946.7
54962.6
54978.6
54994.6
55010.6
55026.6
55042.6
55058.6
55074.6
55090.6
55106.6
55122.5
55138.5
55154.5
55170.5
55186.5
55202.5
55218.5
55234.5
55250.5
55266.5
55282.4
55298.4
55314.4
55330.4
55346.4
55362.4
55378.4
55394.4
55410.4
55426.4
55442.3
55458.3
55474.3
55490.3
55506.3
55522.3
55538.3
55554.3
55570.3
55586.3
55602.2
55618.2
55634.2
55650.2
55666.2
55682.2
55698.2
55714.2
55730.2
55746.2
55762.1
55778.1
55794.1
55810.1
55826.1
55842.1
55858.1
55874.1
55890.1
55906.1
55922
55938
55954
55970
55986
56002
56018
56034
56050
56066
56081.9
56097.9
56113.9
56129.9
56145.9
56161.9
56177.9
56193.9
56209.9
56225.9
56241.8
56257.8
56273.8
56289.8
56305.8
56321.8
56337.8
56353.8
56369.8
56385.8
56401.7
56417.7
56433.7
56449.7
56465.7
56481.7
56497.7
56513.7
56529.7
56545.7
56561.6
56577.6
56593.6
56609.6
56625.6
56641.6
56657.6
56673.6
56689.6
56705.6
56721.5
56737.5
56753.5
56769.5
56785.5
56801.5
56817.5
56833.5
56849.5
56865.5
56881.4
56897.4
56913.4
56929.4
56945.4
56961.4
56977.4
56993.4
57009.4
57025.4
57041.3
57057.3
57073.3
57089.3
57105.3
57121.3
57137.3
57153.3
57169.3
57185.3
57201.2
57217.2
57233.2
57249.2
57265.2
57281.2
57297.2
57313.2
57329.2
57345.2
57361.1
57377.1
57393.1
57409.1
57425.1
57441.1
57457.1
57473.1
57489.1
57505.1
57521
57537
57553
57569
57585
57601
57617
57633
57649
57665
57681
57696.9
57712.9
57728.9
57744.9
57760.9
57776.9
57792.9
57808.9
57824.9
57840.9
57856.8
57872.8
57888.8
57904.8
57920.8
57936.8
57952.8
57968.8
57984.8
58000.8
58016.7
58032.7
58048.7
58064.7
58080.7
58096.7
58112.7
58128.7
58144.7
58160.7
58176.6
58192.6
58208.6
58224.6
58240.6
58256.6
58272.6
58288.6
58304.6
58320.6
58336.5
58352.5
58368.5
58384.5
58400.5
58416.5
58432.5
58448.5
58464.5
58480.5
58496.4
58512.4
58528.4
58544.4
58560.4
58576.4
58592.4
58608.4
58624.4
58640.4
58656.3
58672.3
58688.3
58704.3
58720.3
58736.3
58752.3
58768.3
58784.3
58800.3
58816.2
58832.2
58848.2
58864.2
58880.2
58896.2
58912.2
58928.2
58944.2
58960.2
58976.1
58992.1
59008.1
59024.1
59040.1
59056.1
59072.1
59088.1
59104.1
59120.1
59136
59152
59168
59184
59200
59216
59232
59248
59264
59280
59295.9
59311.9
59327.9
59343.9
59359.9
59375.9
59391.9
59407.9
59423.9
59439.9
59455.8
59471.8
59487.8
59503.8
59519.8
59535.8
59551.8
59567.8
59583.8
59599.8
59615.7
59631.7
59647.7
59663.7
59679.7
59695.7
59711.7
59727.7
59743.7
59759.7
59775.6
59791.6
59807.6
59823.6
59839.6
59855.6
59871.6
59887.6
59903.6
59919.6
59935.5
59951.5
59967.5
59983.5
59999.5
60015.5
60031.5
60047.5
60063.5
60079.5
60095.4
60111.4
60127.4
60143.4
60159.4
60175.4
60191.4
60207.4
60223.4
60239.4
60255.3
60271.3
60287.3
60303.3
60319.3
60335.3
60351.3
60367.3
60383.3
60399.3
60415.2
60431.2
60447.2
60463.2
60479.2
60495.2
60511.2
60527.2
60543.2
60559.2
60575.1
60591.1
60607.1
60623.1
60639.1
60655.1
60671.1
60687.1
60703.1
60719.1
60735
60751
60767
60783
60799
60815
60831
60847
60863
60879
60894.9
60910.9
60926.9
60942.9
60958.9
60974.9
60990.9
61006.9
61022.9
61038.9
61054.8
61070.8
61086.8
61102.8
61118.8
61134.8
61150.8
61166.8
61182.8
61198.8
61214.7
61230.7
61246.7
61262.7
61278.7
61294.7
61310.7
61326.7
61342.7
61358.7
61374.6
61390.6
61406.6
61422.6
61438.6
61454.6
61470.6
61486.6
61502.6
61518.6
61534.5
61550.5
61566.5
61582.5
61598.5
61614.5
61630.5
61646.5
61662.5
61678.5
61694.4
61710.4
61726.4
61742.4
61758.4
61774.4
61790.4
61806.4
61822.4
61838.4
61854.3
61870.3
61886.3
61902.3
61918.3
61934.3
61950.3
61966.3
61982.3
61998.3
62014.2
62030.2
62046.2
62062.2
62078.2
62094.2
62110.2
62126.2
62142.2
62158.2
62174.1
62190.1
62206.1
62222.1
62238.1
62254.1
62270.1
62286.1
62302.1
62318.1
62334
62350
62366
62382
62398
62414
62430
62446
62462
62478
62493.9
62509.9
62525.9
62541.9
62557.9
62573.9
62589.9
62605.9
62621.9
62637.9
62653.8
62669.8
62685.8
62701.8
62717.8
62733.8
62749.8
62765.8
62781.8
62797.8
62813.7
62829.7
62845.7
62861.7
62877.7
62893.7
62909.7
62925.7
62941.7
62957.7
62973.6
62989.6
63005.6
63021.6
63037.6
63053.6
63069.6
63085.6
63101.6
63117.6
63133.5
63149.5
63165.5
63181.5
63197.5
63213.5
63229.5
63245.5
63261.5
63277.5
63293.4
63309.4
63325.4
63341.4
63357.4
63373.4
63389.4
63405.4
63421.4
63437.4
63453.3
63469.3
63485.3
63501.3
63517.3
63533.3
63549.3
63565.3
63581.3
63597.3
63613.2
63629.2
63645.2
63661.2
63677.2
63693.2
63709.2
63725.2
63741.2
63757.2
63773.1
63789.1
63805.1
63821.1
63837.1
63853.1
63869.1
63885.1
63901.1
63917.1
63933
63949
63965
63981
63997
64013
64029
64045
64061
64077
64092.9
64108.9
64124.9
64140.9
64156.9
64172.9
64188.9
64204.9
64220.9
64236.9
64252.8
64268.8
64284.8
64300.8
64316.8
64332.8
64348.8
64364.8
64380.8
64396.8
64412.7
64428.7
64444.7
64460.7
64476.7
64492.7
64508.7
64524.7
64540.7
64556.7
64572.6
64588.6
64604.6
64620.6
64636.6
64652.6
64668.6
64684.6
64700.6
64716.6
64732.5
64748.5
64764.5
64780.5
64796.5
64812.5
64828.5
64844.5
64860.5
64876.5
64892.4
64908.4
64924.4
64940.4
64956.4
64972.4
64988.4
65004.4
65020.4
65036.4
65052.3
65068.3
65084.3
65100.3
65116.3
65132.3
65148.3
65164.3
65180.3
65196.3
65212.2
65228.2
65244.2
65260.2
65276.2
65292.2
65308.2
65324.2
65340.2
65356.2
65372.1
65388.1
65404.1
65420.1
65436.1
65452.1
65468.1
65484.1
65500.1
65516.1
65532
65548
65564
65580
65596
65612
65628
65644
65660
65676
65691.9
65707.9
65723.9
65739.9
65755.9
65771.9
65787.9
65803.9
65819.9
65835.9
65851.8
65867.8
65883.8
65899.8
65915.8
65931.8
65947.8
65963.8
65979.8
65995.8
66011.7
66027.7
66043.7
66059.7
66075.7
66091.7
66107.7
66123.7
66139.7
66155.7
66171.6
66187.6
66203.6
66219.6
66235.6
66251.6
66267.6
66283.6
66299.6
66315.6
66331.5
66347.5
66363.5
66379.5
66395.5
66411.5
66427.5
66443.5
66459.5
66475.5
66491.4
66507.4
66523.4
66539.4
66555.4
66571.4
66587.4
66603.4
66619.4
66635.4
66651.3
66667.3
66683.3
66699.3
66715.3
66731.3
66747.3
66763.3
66779.3
66795.3
66811.2
66827.2
66843.2
66859.2
66875.2
66891.2
66907.2
66923.2
66939.2
66955.2
66971.1
66987.1
67003.1
67019.1
67035.1
67051.1
67067.1
67083.1
67099.1
67115.1
67131
67147
67163
67179
67195
67211
67227
67243
67259
67275
67290.9
67306.9
67322.9
67338.9
67354.9
67370.9
67386.9
67402.9
67418.9
67434.9
67450.8
67466.8
67482.8
67498.8
67514.8
67530.8
67546.8
67562.8
67578.8
67594.8
67610.7
67626.7
67642.7
67658.7
67674.7
67690.7
67706.7
67722.7
67738.7
67754.7
67770.6
67786.6
67802.6
67818.6
67834.6
67850.6
67866.6
67882.6
67898.6
67914.6
67930.5
67946.5
67962.5
67978.5
67994.5
68010.5
68026.5
68042.5
68058.5
68074.5
68090.4
68106.4
68122.4
68138.4
68154.4
68170.4
68186.4
68202.4
68218.4
68234.4
68250.3
68266.3
68282.3
68298.3
68314.3
68330.3
68346.3
68362.3
68378.3
68394.3
68410.2
68426.2
68442.2
68458.2
68474.2
68490.2
68506.2
68522.2
68538.2
68554.2
68570.1
68586.1
68602.1
68618.1
68634.1
68650.1
68666.1
68682.1
68698.1
68714.1
68730
68746
68762
68778
68794
68810
68826
68842
68858
68874
68889.9
68905.9
68921.9
68937.9
68953.9
68969.9
68985.9
69001.9
69017.9
69033.9
69049.8
69065.8
69081.8
69097.8
69113.8
69129.8
69145.8
69161.8
69177.8
69193.8
69209.7
69225.7
69241.7
69257.7
69273.7
69289.7
69305.7
69321.7
69337.7
69353.7
69369.6
69385.6
69401.6
69417.6
69433.6
69449.6
69465.6
69481.6
69497.6
69513.6
69529.5
69545.5
69561.5
69577.5
69593.5
69609.5
69625.5
69641.5
69657.5
69673.5
69689.4
69705.4
69721.4
69737.4
69753.4
69769.4
69785.4
69801.4
69817.4
69833.4
69849.3
69865.3
69881.3
69897.3
69913.3
69929.3
69945.3
69961.3
69977.3
69993.3
70009.2
70025.2
70041.2
70057.2
70073.2
70089.2
70105.2
70121.2
70137.2
70153.2
70169.1
70185.1
70201.1
70217.1
70233.1
70249.1
70265.1
70281.1
70297.1
70313.1
70329
70345
70361
70377
70393
70409
70425
70441
70457
70473
70488.9
70504.9
70520.9
70536.9
70552.9
70568.9
70584.9
70600.9
70616.9
70632.9
70648.8
70664.8
70680.8
70696.8
70712.8
70728.8
70744.8
70760.8
70776.8
70792.8
70808.7
70824.7
70840.7
70856.7
70872.7
70888.7
70904.7
70920.7
70936.7
70952.7
70968.6
70984.6
71000.6
71016.6
71032.6
71048.6
71064.6
71080.6
71096.6
71112.6
71128.5
71144.5
71160.5
71176.5
71192.5
71208.5
71224.5
71240.5
71256.5
71272.5
71288.4
71304.4
71320.4
71336.4
71352.4
71368.4
71384.4
71400.4
71416.4
71432.4
71448.3
71464.3
71480.3
71496.3
71512.3
71528.3
71544.3
71560.3
71576.3
71592.3
71608.2
71624.2
71640.2
71656.2
71672.2
71688.2
71704.2
71720.2
71736.2
71752.2
71768.1
71784.1
71800.1
71816.1
71832.1
71848.1
71864.1
71880.1
71896.1
71912.1
71928
71944
71960
71976
71992
72008
72024
72040
72056
72072
72087.9
72103.9
72119.9
72135.9
72151.9
72167.9
72183.9
72199.9
72215.9
72231.9
72247.8
72263.8
72279.8
72295.8
72311.8
72327.8
72343.8
72359.8
72375.8
72391.8
72407.7
72423.7
72439.7
72455.7
72471.7
72487.7
72503.7
72519.7
72535.7
72551.7
72567.6
72583.6
72599.6
72615.6
72631.6
72647.6
72663.6
72679.6
72695.6
72711.6
72727.5
72743.5
72759.5
72775.5
72791.5
72807.5
72823.5
72839.5
72855.5
72871.5
72887.4
72903.4
72919.4
72935.4
72951.4
72967.4
72983.4
72999.4
73015.4
73031.4
73047.3
73063.3
73079.3
73095.3
73111.3
73127.3
73143.3
73159.3
73175.3
73191.3
73207.2
73223.2
73239.2
73255.2
73271.2
73287.2
73303.2
73319.2
73335.2
73351.2
73367.1
73383.1
73399.1
73415.1
73431.1
73447.1
73463.1
73479.1
73495.1
73511.1
73527
73543
73559
73575
73591
73607
73623
73639
73655
73671
73686.9
73702.9
73718.9
73734.9
73750.9
73766.9
73782.9
73798.9
73814.9
73830.9
73846.8
73862.8
73878.8
73894.8
73910.8
73926.8
73942.8
73958.8
73974.8
73990.8
74006.7
74022.7
74038.7
74054.7
74070.7
74086.7
74102.7
74118.7
74134.7
74150.7
74166.6
74182.6
74198.6
74214.6
74230.6
74246.6
74262.6
74278.6
74294.6
74310.6
74326.5
74342.5
74358.5
74374.5
74390.5
74406.5
74422.5
74438.5
74454.5
74470.5
74486.4
74502.4
74518.4
74534.4
74550.4
74566.4
74582.4
74598.4
74614.4
74630.4
74646.3
74662.3
74678.3
74694.3
74710.3
74726.3
74742.3
74758.3
74774.3
74790.3
74806.2
74822.2
74838.2
74854.2
74870.2
74886.2
74902.2
74918.2
74934.2
74950.2
74966.1
74982.1
74998.1
75014.1
75030.1
75046.1
75062.1
75078.1
75094.1
75110.1
75126
75142
75158
75174
75190
75206
75222
75238
75254
75270
75285.9
75301.9
75317.9
75333.9
75349.9
75365.9
75381.9
75397.9
75413.9
75429.9
75445.8
75461.8
75477.8
75493.8
75509.8
75525.8
75541.8
75557.8
75573.8
75589.8
75605.7
75621.7
75637.7
75653.7
75669.7
75685.7
75701.7
75717.7
75733.7
75749.7
75765.6
75781.6
75797.6
75813.6
75829.6
75845.6
75861.6
75877.6
75893.6
75909.6
75925.5
75941.5
75957.5
75973.5
75989.5
76005.5
76021.5
76037.5
76053.5
76069.5
76085.4
76101.4
76117.4
76133.4
76149.4
76165.4
76181.4
76197.4
76213.4
76229.4
76245.3
76261.3
76277.3
76293.3
76309.3
76325.3
76341.3
76357.3
76373.3
76389.3
76405.2
76421.2
76437.2
76453.2
76469.2
76485.2
76501.2
76517.2
76533.2
76549.2
76565.1
76581.1
76597.1
76613.1
76629.1
76645.1
76661.1
76677.1
76693.1
76709.1
76725
76741
76757
76773
76789
76805
76821
76837
76853
76869
76884.9
76900.9
76916.9
76932.9
76948.9
76964.9
76980.9
76996.9
77012.9
77028.9
77044.8
77060.8
77076.8
77092.8
77108.8
77124.8
77140.8
77156.8
77172.8
77188.8
77204.7
77220.7
77236.7
77252.7
77268.7
77284.7
77300.7
77316.7
77332.7
77348.7
77364.6
77380.6
77396.6
77412.6
77428.6
77444.6
77460.6
77476.6
77492.6
77508.6
77524.5
77540.5
77556.5
77572.5
77588.5
77604.5
77620.5
77636.5
77652.5
77668.5
77684.4
77700.4
77716.4
77732.4
77748.4
77764.4
77780.4
77796.4
77812.4
77828.4
77844.3
77860.3
77876.3
77892.3
77908.3
77924.3
77940.3
77956.3
77972.3
77988.3
78004.2
78020.2
78036.2
78052.2
78068.2
78084.2
78100.2
78116.2
78132.2
78148.2
78164.1
78180.1
78196.1
78212.1
78228.1
78244.1
78260.1
78276.1
78292.1
78308.1
78324
78340
78356
78372
78388
78404
78420
78436
78452
78468
78483.9
78499.9
78515.9
78531.9
78547.9
78563.9
78579.9
78595.9
78611.9
78627.9
78643.8
78659.8
78675.8
78691.8
78707.8
78723.8
78739.8
78755.8
78771.8
78787.8
78803.7
78819.7
78835.7
78851.7
78867.7
78883.7
78899.7
78915.7
78931.7
78947.7
78963.6
78979.6
78995.6
79011.6
79027.6
79043.6
79059.6
79075.6
79091.6
79107.6
79123.5
79139.5
79155.5
79171.5
79187.5
79203.5
79219.5
79235.5
79251.5
79267.5
79283.4
79299.4
79315.4
79331.4
79347.4
79363.4
79379.4
79395.4
79411.4
79427.4
79443.3
79459.3
79475.3
79491.3
79507.3
79523.3
79539.3
79555.3
79571.3
79587.3
79603.2
79619.2
79635.2
79651.2
79667.2
79683.2
79699.2
79715.2
79731.2
79747.2
79763.1
79779.1
79795.1
79811.1
79827.1
79843.1
79859.1
79875.1
79891.1
79907.1
79923
79939
79955
79971
79987
80003
80019
80035
80051
80067
80082.9
80098.9
80114.9
80130.9
80146.9
80162.9
80178.9
80194.9
80210.9
80226.9
80242.8
80258.8
80274.8
80290.8
80306.8
80322.8
80338.8
80354.8
80370.8
80386.8
80402.7
80418.7
80434.7
80450.7
80466.7
80482.7
80498.7
80514.7
80530.7
80546.7
80562.6
80578.6
80594.6
80610.6
80626.6
80642.6
80658.6
80674.6
80690.6
80706.6
80722.5
80738.5
80754.5
80770.5
80786.5
80802.5
80818.5
80834.5
80850.5
80866.5
80882.4
80898.4
80914.4
80930.4
80946.4
80962.4
80978.4
80994.4
81010.4
81026.4
81042.3
81058.3
81074.3
81090.3
81106.3
81122.3
81138.3
81154.3
81170.3
81186.3
81202.2
81218.2
81234.2
81250.2
81266.2
81282.2
81298.2
81314.2
81330.2
81346.2
81362.1
81378.1
81394.1
81410.1
81426.1
81442.1
81458.1
81474.1
81490.1
81506.1
81522
81538
81554
81570
81586
81602
81618
81634
81650
81666
81681.9
81697.9
81713.9
81729.9
81745.9
81761.9
81777.9
81793.9
81809.9
81825.9
81841.8
81857.8
81873.8
81889.8
81905.8
81921.8
81937.8
81953.8
81969.8
81985.8
82001.7
82017.7
82033.7
82049.7
82065.7
82081.7
82097.7
82113.7
82129.7
82145.7
82161.6
82177.6
82193.6
82209.6
82225.6
82241.6
82257.6
82273.6
82289.6
82305.6
82321.5
82337.5
82353.5
82369.5
82385.5
82401.5
82417.5
82433.5
82449.5
82465.5
82481.4
82497.4
82513.4
82529.4
82545.4
82561.4
82577.4
82593.4
82609.4
82625.4
82641.3
82657.3
82673.3
82689.3
82705.3
82721.3
82737.3
82753.3
82769.3
82785.3
82801.2
82817.2
82833.2
82849.2
82865.2
82881.2
82897.2
82913.2
82929.2
82945.2
82961.1
82977.1
82993.1
83009.1
83025.1
83041.1
83057.1
83073.1
83089.1
83105.1
83121
83137
83153
83169
83185
83201
83217
83233
83249
83265
83280.9
83296.9
83312.9
83328.9
83344.9
83360.9
83376.9
83392.9
83408.9
83424.9
83440.8
83456.8
83472.8
83488.8
83504.8
83520.8
83536.8
83552.8
83568.8
83584.8
83600.7
83616.7
83632.7
83648.7
83664.7
83680.7
83696.7
83712.7
83728.7
83744.7
83760.6
83776.6
83792.6
83808.6
83824.6
83840.6
83856.6
83872.6
83888.6
83904.6
83920.5
83936.5
83952.5
83968.5
83984.5
84000.5
84016.5
84032.5
84048.5
84064.5
84080.4
84096.4
84112.4
84128.4
84144.4
84160.4
84176.4
84192.4
84208.4
84224.4
84240.3
84256.3
84272.3
84288.3
84304.3
84320.3
84336.3
84352.3
84368.3
84384.3
84400.2
84416.2
84432.2
84448.2
84464.2
84480.2
84496.2
84512.2
84528.2
84544.2
84560.1
84576.1
84592.1
84608.1
84624.1
84640.1
84656.1
84672.1
84688.1
84704.1
84720
84736
84752
84768
84784
84800
84816
84832
84848
84864
84879.9
84895.9
84911.9
84927.9
84943.9
84959.9
84975.9
84991.9
85007.9
85023.9
85039.8
85055.8
85071.8
85087.8
85103.8
85119.8
85135.8
85151.8
85167.8
85183.8
85199.7
85215.7
85231.7
85247.7
85263.7
85279.7
85295.7
85311.7
85327.7
85343.7
85359.6
85375.6
85391.6
85407.6
85423.6
85439.6
85455.6
85471.6
85487.6
85503.6
85519.5
85535.5
85551.5
85567.5
85583.5
85599.5
85615.5
85631.5
85647.5
85663.5
85679.4
85695.4
85711.4
85727.4
85743.4
85759.4
85775.4
85791.4
85807.4
85823.4
85839.3
85855.3
85871.3
85887.3
85903.3
85919.3
85935.3
85951.3
85967.3
85983.3
85999.2
86015.2
86031.2
86047.2
86063.2
86079.2
86095.2
86111.2
86127.2
86143.2
86159.1
86175.1
86191.1
86207.1
86223.1
86239.1
86255.1
86271.1
86287.1
86303.1
86319
86335
86351
86367
86383
86399


100
3
100
3
1 1 4 0.930594
2 0 0 0.954984
3 0 0 1.00717

1
1 0 0 0.784205

3
1 0 1521 0.887996
2 0 0 0.93699
3 0 0 0.860627

3
1 2 5396 0.92542
2 0 0 0.999303
3 0 0 1.08252

3
1 0 9943 0.855176
2 0 0 0.868327
3 0 0 1.12495

5
1 2 552 0.837173
2 0 5900 0.913218
4 0 0 1.03976
5 0 0 0.908413
3 0 0 0.818199

3
1 0 7576 0.849125
2 0 0 0.823325
3 0 0 0.931633

7
1 0 522 0.946883
2 0 0 1.19613
3 2 549 0.913254
6 0 7328 0.947435
12 0 0 0.879782
13 0 0 0.995056
7 0 0 0.932433

3
1 0 976 0.848954
2 0 0 0.964219
3 0 0 0.890755

3
1 0 1544 0.807835
2 0 0 1.03725
3 0 0 0.836626

3
1 0 7730 0.897048
2 0 0 0.736186
3 0 0 0.868795

5
1 1 4 0.878686
2 0 0 0.905873
3 0 9460 1.11392
6 0 0 1.08835
7 0 0 0.899648

3
1 1 3 0.951025
2 0 0 0.980915
3 0 0 1.00717

3
1 2 5185 0.691872
2 0 0 0.717467
3 0 0 1.01089

3
1 0 3199 0.958566
2 0 0 0.7562
3 0 0 0.967259

1
1 0 0 0.826113

3
1 2 4794 0.932387
2 0 0 0.903134
3 0 0 0.977764

5
1 0 2371 0.950291
2 0 0 0.894168
3 2 3039 1.1308
6 0 0 1.06635
7 0 0 0.848018

3
1 0 8126 0.796461
2 0 0 0.797673
3 0 0 0.947773

3
1 1 1 0.848555
2 0 0 0.912742
3 0 0 0.861066

1
1 0 0 0.885045

3
1 0 8864 0.860271
2 0 0 0.857948
3 0 0 0.963632

1
1 0 0 0.797465

7
1 2 3022 0.91663
2 2 741 1.03381
4 1 1 0.993769
8 0 0 1.03862
9 0 0 1.0067
5 0 0 1.06614
3 0 0 0.89202

1
1 0 0 0.746913

3
1 1 3 0.988326
2 0 0 0.820748
3 0 0 0.972049

3
1 0 6333 0.847823
2 0 0 0.884204
3 0 0 0.836522

5
1 1 4 0.881928
2 2 2023 0.933077
4 0 0 1.00277
5 0 0 0.879985
3 0 0 0.948907

3
1 0 1377 0.903607
2 0 0 1.02191
3 0 0 0.906246

3
1 0 4086 0.886931
2 0 0 0.828605
3 0 0 0.984009

3
1 0 9252 0.941303
2 0 0 0.881387
3 0 0 0.981036

3
1 0 5829 0.870532
2 0 0 0.873797
3 0 0 0.870442

5
1 0 6584 0.866786
2 0 3904 0.895299
4 0 0 0.827091
5 0 0 1.04156
3 0 0 0.916902

3
1 1 1 1.04789
2 0 0 0.907931
3 0 0 0.97877

3
1 1 4 0.956977
2 0 0 0.786249
3 0 0 0.857147

3
1 2 3439 1.02944
2 0 0 0.990358
3 0 0 1.00807

5
1 0 8927 0.775811
2 0 0 0.871864
3 1 3 1.09124
6 0 0 1.03076
7 0 0 0.976139

3
1 0 1202 0.864919
2 0 0 0.943595
3 0 0 0.909228

5
1 2 4201 0.924585
2 0 0 1.00158
3 2 5240 0.98699
6 0 0 0.900725
7 0 0 0.951485

9
1 0 1523 0.869462
2 1 2 0.987442
4 0 0 1.09635
5 2 1308 0.979899
10 0 0 1.03063
11 1 4 0.936856
22 0 0 1.04302
23 0 0 0.914948
3 0 0 0.739903

3
1 0 1550 0.971357
2 0 0 1.05011
3 0 0 0.807895

3
1 0 7050 0.851035
2 0 0 0.908319
3 0 0 0.984861

1
1 0 0 0.779878

5
1 1 2 0.9067
2 0 0 0.934736
3 1 3 0.877949
6 0 0 0.951366
7 0 0 0.896683

5
1 0 7868 0.908702
2 0 0 0.786101
3 2 3778 0.985567
6 0 0 0.932271
7 0 0 1.16759

3
1 0 3031 0.853562
2 0 0 0.761169
3 0 0 0.865351

3
1 1 1 0.853454
2 0 0 0.851231
3 0 0 0.91923

3
1 0 4040 0.870967
2 0 0 0.841176
3 0 0 1.03539

1
1 0 0 0.868047

3
1 0 6069 0.926169
2 0 0 0.91949
3 0 0 0.939493

3
1 0 1595 0.869236
2 0 0 0.92981
3 0 0 0.947306

3
1 0 2505 0.93421
2 0 0 0.969278
3 0 0 0.95102

1
1 0 0 0.705822

3
1 1 1 0.876042
2 0 0 0.880304
3 0 0 0.937128

3
1 2 5391 0.800621
2 0 0 0.870507
3 0 0 0.872866

7
1 2 5302 0.794293
2 0 0 0.830919
3 0 1370 0.966722
6 0 0 1.08118
7 0 8381 0.906637
14 0 0 0.990699
15 0 0 1.03322

7
1 0 3443 0.924753
2 0 0 0.797781
3 1 4 0.92173
6 2 1281 0.924666
12 0 0 0.976285
13 0 0 0.900542
7 0 0 0.968557

1
1 0 0 0.900441

5
1 2 4663 0.79031
2 0 0 0.867506
3 2 4791 0.988351
6 0 0 0.895262
7 0 0 1.1703

5
1 2 3990 0.856652
2 0 0 0.896482
3 1 4 0.864518
6 0 0 0.766475
7 0 0 1.07972

3
1 0 1767 0.888183
2 0 0 1.00013
3 0 0 0.847218

1
1 0 0 0.876987

3
1 0 8840 0.8762
2 0 0 0.863636
3 0 0 0.998645

3
1 0 299 0.81466
2 0 0 0.981294
3 0 0 0.818587

3
1 0 6304 0.845139
2 0 0 0.831927
3 0 0 1.02423

5
1 1 3 0.889385
2 0 0 0.924721
3 2 129 0.953469
6 0 0 1.0117
7 0 0 0.902121

3
1 1 1 0.786996
2 0 0 0.878097
3 0 0 0.7719

3
1 0 3362 0.930007
2 0 0 0.905991
3 0 0 0.890186

3
1 0 4041 0.895078
2 0 0 0.773371
3 0 0 1.00197

3
1 1 1 1.00295
2 0 0 0.947324
3 0 0 0.975919

3
1 0 5577 0.849456
2 0 0 0.777601
3 0 0 0.940896

5
1 1 3 0.981489
2 2 4605 0.920913
4 0 0 0.927381
5 0 0 0.938459
3 0 0 0.929095

3
1 0 6532 0.873094
2 0 0 0.857564
3 0 0 0.928443

3
1 2 1912 0.782962
2 0 0 0.990149
3 0 0 0.930222

5
1 0 935 0.777649
2 1 4 0.907247
4 0 0 0.930652
5 0 0 1.01362
3 0 0 0.723455

1
1 0 0 0.815625

5
1 0 7537 0.825467
2 0 0 0.859159
3 0 8218 0.993086
6 0 0 1.02719
7 0 0 0.974923

3
1 0 1645 0.86279
2 0 0 0.945269
3 0 0 0.839028

3
1 0 2530 0.873352
2 0 0 0.856496
3 0 0 0.923043

3
1 2 4726 0.830875
2 0 0 0.850409
3 0 0 0.910679

5
1 1 1 0.858299
2 0 5797 0.925198
4 0 0 0.896842
5 0 0 1.0459
3 0 0 0.854511

3
1 1 3 0.959307
2 0 0 0.957928
3 0 0 0.911466

1
1 0 0 0.798622

1
1 0 0 0.813776

1
1 0 0 0.761163

5
1 0 9762 0.886532
2 1 4 0.952115
4 0 0 0.935728
5 0 0 1.05955
3 0 0 0.979697

3
1 0 2754 0.890779
2 0 0 0.832663
3 0 0 1.08317

5
1 2 160 0.801153
2 0 5867 0.976254
4 0 0 0.950088
5 0 0 0.962579
3 0 0 0.818856

3
1 0 2112 0.953394
2 0 0 0.949551
3 0 0 0.930558

3
1 1 4 0.876734
2 0 0 0.901808
3 0 0 0.879336

3
1 2 346 0.84463
2 0 0 0.961504
3 0 0 0.892126

3
1 0 526 0.774296
2 0 0 0.893657
3 0 0 0.894818

3
1 0 1356 0.853967
2 0 0 1.07471
3 0 0 0.801397

3
1 1 1 0.874679
2 0 0 0.941026
3 0 0 0.899907

5
1 2 4805 0.819321
2 0 4608 0.899681
4 0 0 0.886278
5 0 0 0.90909
3 0 0 0.922113

5
1 0 9084 0.806781
2 0 0 0.841838
3 2 4292 0.994352
6 0 0 1.04335
7 0 0 1.04835

1
1 0 0 0.797031

3
1 2 1068 0.856488
2 0 0 0.97832
3 0 0 0.791598

3
1 0 1473 0.955397
2 0 0 0.981259
3 0 0 0.961328

7
1 2 52 0.774727
2 2 27 1.07568
4 0 0 1.10308
5 2 46 0.988381
10 0 0 0.90424
11 0 0 0.967195
3 0 0 0.792836

5
1 0 4457 0.843198
2 0 0 0.823283
3 2 3966 0.94018
6 0 0 0.929538
7 0 0 0.914286

11
1 2 1011 0.83402
2 1 2 0.942644
4 1 1 0.938533
8 0 0 0.964469
9 2 181 0.906827
18 0 0 1.09343
19 0 0 1.17325
5 0 0 1.05436
3 1 1 0.924668
6 0 0 0.939005
7 0 0 0.889307

3
1 1 2 0.886535
2 0 0 1.04632
3 0 0 0.925595

1
1 0 0 0.815707

3
1 2 4792 0.792308
2 0 0 0.771674
3 0 0 0.890031

3
1 0 3095 0.85992
2 0 0 0.901801
3 0 0 0.900331

7
1 2 2761 0.96963
2 0 4716 0.951922
4 0 0 0.960722
5 2 1523 0.979886
10 0 0 1.0501
11 0 0 0.994488
3 0 0 0.816406

5
1 0 5353 0.865863
2 0 0 0.926812
3 2 214 0.949925
6 0 0 0.868623
7 0 0 0.881876

7
1 0 957 0.903857
2 1 3 0.932347
4 0 0 1.14501
5 0 0 0.989356
3 1 3 0.913583
6 0 0 0.887542
7 0 0 0.932525

1
1 0 0 0.777793

5
1 1 2 0.941247
2 0 0 0.981208
3 0 9136 0.988601
6 0 0 0.949437
7 0 0 1.02689

3
1 0 1614 0.923508
2 0 0 0.89662
3 0 0 0.881655

1
1 0 0 0.860167

3
1 0 2278 0.924177
2 0 0 0.89123
3 0 0 0.897587

1
1 0 0 0.803034

5
1 0 673 0.788004
2 0 48 1.11036
4 0 0 0.955223
5 0 0 0.955859
3 0 0 0.760208

3
1 0 3839 0.929452
2 0 0 0.7215
3 0 0 1.02371

3
1 0 8355 0.883779
2 0 0 0.957534
3 0 0 1.08629

1
1 0 0 0.788036

5
1 0 6680 0.901781
2 0 5068 0.866327
4 0 0 0.888346
5 0 0 1.0644
3 0 0 0.917569

1
1 0 0 0.901555

3
1 0 45 0.812437
2 0 0 0.907037
3 0 0 0.799514

1
1 0 0 0.864256

3
1 0 1129 0.818338
2 0 0 1.03482
3 0 0 0.801656

5
1 2 3668 0.884752
2 0 0 0.887238
3 0 3471 0.944309
6 0 0 0.972882
7 0 0 0.954058

3
1 0 270 0.90402
2 0 0 0.958767
3 0 0 0.819151

5
1 0 1237 0.880188
2 0 0 1.00062
3 1 2 0.956873
6 0 0 0.908427
7 0 0 0.923352

3
1 0 827 0.767436
2 0 0 0.871895
3 0 0 0.821376

3
1 0 3598 0.88961
2 0 0 0.74873
3 0 0 0.958385

3
1 1 3 0.840953
2 0 0 0.822664
3 0 0 0.836386

1
1 0 0 0.855088

5
1 0 8671 0.887068
2 1 4 0.927726
4 0 0 0.920524
5 0 0 0.870373
3 0 0 0.842855

7
1 0 6584 0.866786
2 0 3904 0.895299
4 0 0 0.802451
5 0 0 0.970339
3 1 3 0.912858
6 0 0 0.970621
7 0 0 1.02863

3
1 0 6215 0.976907
2 0 0 0.915512
3 0 0 0.957291

5
1 2 1035 0.916335
2 0 0 0.946544
3 1 3 0.971547
6 0 0 0.975987
7 0 0 1.05634

3
1 1 4 0.920971
2 0 0 0.922503
3 0 0 0.962382

3
1 0 9700 0.870707
2 0 0 0.85862
3 0 0 0.964866

3
1 1 2 0.810343
2 0 0 0.791632
3 0 0 0.82158

11
1 0 6444 0.884381
2 0 4637 0.879437
4 0 175 0.873626
8 2 2890 0.9452
16 0 0 0.942309
17 0 0 0.967365
9 0 3091 0.832173
18 0 0 0.857979
19 0 0 1.05832
5 0 0 1.02589
3 0 0 0.874947

3
1 0 1643 0.852742
2 0 0 1.00657
3 0 0 0.897766

3
1 2 3011 0.922082
2 0 0 0.954377
3 0 0 0.911928

1
1 0 0 0.953994

3
1 2 432 0.865807
2 0 0 0.95903
3 0 0 0.901221

3
1 0 9416 0.863926
2 0 0 0.794818
3 0 0 0.945175

5
1 0 1409 0.867692
2 1 1 1.00117
4 0 0 1.03444
5 0 0 1.02754
3 0 0 0.774614

3
1 2 4666 0.836536
2 0 0 0.878018
3 0 0 0.914786

3
1 0 1732 0.834921
2 0 0 0.989718
3 0 0 0.83694

1
1 0 0 0.758412

3
1 0 6615 0.924062
2 0 0 0.900554
3 0 0 1.07457

3
1 2 4831 0.982892
2 0 0 0.96365
3 0 0 1.02539

1
1 0 0 0.820441

5
1 0 6736 0.960873
2 0 0 0.865632
3 1 4 1.0582
6 0 0 1.00252
7 0 0 1.01478

3
1 0 1887 0.889512
2 0 0 0.955606
3 0 0 0.932354

3
1 0 5403 0.911576
2 0 0 0.86454
3 0 0 0.893995

5
1 2 458 1.01666
2 2 238 1.05881
4 0 0 0.995772
5 0 0 0.901808
3 0 0 1.07646

3
1 0 9413 0.781061
2 0 0 0.908777
3 0 0 1.05305

3
1 2 5357 0.813281
2 0 0 0.816443
3 0 0 1.01671

3
1 0 7179 0.862969
2 0 0 0.848869
3 0 0 1.02932

5
1 0 8940 0.814142
2 0 0 0.75073
3 2 2501 0.919741
6 0 0 0.933507
7 0 0 1.02653

3
1 2 434 0.778151
2 0 0 0.939902
3 0 0 0.782206

5
1 0 365 0.850014
2 2 560 0.968015
4 0 0 0.922634
5 0 0 0.891315
3 0 0 0.72844

5
1 2 121 0.821851
2 0 0 0.991493
3 2 754 0.897139
6 0 0 1.04448
7 0 0 0.874151

1
1 0 0 0.921644

5
1 1 2 0.819748
2 0 5079 0.954981
4 0 0 0.923696
5 0 0 0.834271
3 0 0 0.908036

9
1 0 7512 0.8673
2 0 1904 0.90381
4 0 0 0.97566
5 0 0 0.955421
3 0 9072 0.948033
6 0 0 1.06645
7 1 4 0.980892
14 0 0 1.07648
15 0 0 1.06682

3
1 1 1 0.926108
2 0 0 0.916314
3 0 0 0.889695

3
1 0 9621 0.887877
2 0 0 0.792615
3 0 0 1.00085

3
1 1 1 0.915054
2 0 0 0.949067
3 0 0 0.921673

5
1 1 4 0.874677
2 0 0 0.874489
3 2 2911 0.970432
6 0 0 1.02635
7 0 0 1.06059

5
1 0 3089 0.925647
2 0 0 0.830936
3 1 2 1.05078
6 0 0 0.954926
7 0 0 1.08678

3
1 2 164 0.804238
2 0 0 1.04873
3 0 0 0.826637

7
1 2 4441 0.91286
2 0 6987 0.988195
4 0 0 0.900711
5 0 0 1.02156
3 0 1596 1.04983
6 0 0 0.940784
7 0 0 1.02754

5
1 0 3716 0.867684
2 0 0 0.7205
3 1 4 0.946842
6 0 0 1.09818
7 0 0 1.09874

3
1 0 564 0.864535
2 0 0 0.983828
3 0 0 0.783176

3
1 0 4550 0.964256
2 0 0 0.796275
3 0 0 0.993121

3
1 2 5075 0.9618
2 0 0 0.899506
3 0 0 1.10784

3
1 0 1814 0.934029
2 0 0 0.991969
3 0 0 0.809289

3
1 2 1618 0.976831
2 0 0 1.00751
3 0 0 0.99295

5
1 2 997 0.877109
2 0 3334 0.940274
4 0 0 0.883225
5 0 0 0.899107
3 0 0 0.765112

3
1 2 5170 0.910098
2 0 0 0.881798
3 0 0 0.9866

1
1 0 0 0.827301

1
1 0 0 0.873177

3
1 1 3 0.861246
2 0 0 0.9305
3 0 0 0.913758

1
1 0 0 0.735014

7
1 0 669 0.818126
2 1 1 1.03714
4 0 0 1.06318
5 0 0 0.94161
3 0 1794 0.907273
6 0 0 1.0234
7 0 0 0.843546

1
1 0 0 0.864302

3
1 2 3148 0.812792
2 0 0 0.93802
3 0 0 0.826417

5
1 0 372 0.790897
2 0 182 0.968078
4 0 0 1.00227
5 0 0 1.12516
3 0 0 0.716065

3
1 0 1088 0.893792
2 0 0 0.984164
3 0 0 0.89804

3
1 2 3344 0.930448
2 0 0 0.843374
3 0 0 0.910581

3
1 0 9481 0.86353
2 0 0 0.89435
3 0 0 1.15191

5
1 1 3 0.922582
2 0 8554 0.903541
4 0 0 0.934855
5 0 0 0.891586
3 0 0 1.0164

3
1 1 2 0.851849
2 0 0 0.825651
3 0 0 0.874499

3
1 1 1 0.880259
2 0 0 0.802647
3 0 0 0.924676

3
1 2 1696 0.845755
2 0 0 0.842707
3 0 0 0.874757

3
1 0 8712 0.937487
2 0 0 0.872555
3 0 0 1.09205

3
1 0 9197 0.805529
2 0 0 0.816454
3 0 0 0.97969

1
1 0 0 0.949896

1
1 0 0 0.911467

5
1 0 8503 0.856142
2 2 4609 0.838724
4 0 0 0.879876
5 0 0 0.997129
3 0 0 0.895706

1
1 0 0 0.874687

3
1 1 4 0.894779
2 0 0 0.854779
3 0 0 1.0759

3
1 1 2 0.886072
2 0 0 0.937791
3 0 0 0.942454

3
1 0 7159 0.953666
2 0 0 0.799909
3 0 0 0.958934

1
1 0 0 0.790118

3
1 2 4695 0.906388
2 0 0 0.98417
3 0 0 0.919789

5
1 0 2048 0.913878
2 1 3 1.00778
4 0 0 1.01994
5 0 0 0.934122
3 0 0 0.93652

3
1 0 4068 0.961207
2 0 0 0.79439
3 0 0 0.962066

3
1 2 4054 0.937225
2 0 0 0.937244
3 0 0 0.96965

3
1 0 7682 0.962342
2 0 0 0.94361
3 0 0 0.965896

1
1 0 0 0.70771

5
1 2 938 0.883736
2 0 5374 0.944388
4 0 0 1.00175
5 0 0 0.833055
3 0 0 0.869086

3
1 1 2 0.878953
2 0 0 0.854117
3 0 0 0.87415

3
1 2 1065 0.837908
2 0 0 0.955286
3 0 0 0.819028

3
1 0 1664 0.851503
2 0 0 0.961475
3 0 0 0.861048

3
1 2 2029 0.947388
2 0 0 0.92874
3 0 0 0.987792

5
1 0 382 0.858458
2 0 58 0.969138
4 0 0 0.963359
5 0 0 1.1443
3 0 0 0.824832

3
1 0 3727 0.91286
2 0 0 0.999847
3 0 0 0.952358

3
1 0 57 0.788716
2 0 0 0.887815
3 0 0 0.83629

5
1 2 1462 0.908802
2 0 1075 0.926054
4 0 0 0.973329
5 0 0 0.86923
3 0 0 0.867444

7
1 0 8955 0.973208
2 0 0 0.950004
3 0 9120 1.0681
6 0 0 0.962018
7 1 2 0.959109
14 0 0 1.10619
15 0 0 0.988772

5
1 0 3617 0.914726
2 0 3272 0.839908
4 0 0 0.881529
5 0 0 0.963866
3 0 0 1.10594

5
1 1 4 0.748273
2 0 0 0.738894
3 0 4158 0.841886
6 0 0 0.893734
7 0 0 0.901837

5
1 0 6870 0.845372
2 0 0 0.889741
3 2 2545 0.956632
6 0 0 0.99775
7 0 0 0.887838

3
1 0 1147 0.780823
2 0 0 0.881957
3 0 0 0.793176

3
1 2 5319 0.888153
2 0 0 0.876799
3 0 0 0.876877

1
1 0 0 0.804334

1
1 0 0 0.877688

3
1 0 72 0.78573
2 0 0 0.960837
3 0 0 0.786833

5
1 1 1 0.873732
2 0 3787 0.899923
4 0 0 0.964706
5 0 0 0.983257
3 0 0 0.984444

3
1 0 252 0.800033
2 0 0 0.9724
3 0 0 0.826324

5
1 0 6618 0.872934
2 2 4580 0.817277
4 0 0 0.848693
5 0 0 0.962826
3 0 0 1.03061

3
1 0 881 0.810851
2 0 0 1.11388
3 0 0 0.756037

1
1 0 0 0.850381

1
1 0 0 0.900741

3
1 0 3570 0.932801
2 0 0 0.701456
3 0 0 0.929509

3
1 1 4 0.791133
2 0 0 0.957538
3 0 0 1.00599

3
1 1 2 0.886679
2 0 0 0.824745
3 0 0 0.963917

1
1 0 0 0.867791

1
1 0 0 0.781502

5
1 0 6788 0.960189
2 0 0 0.930163
3 0 8615 0.950849
6 0 0 0.938649
7 0 0 1.04673

5
1 0 985 0.867059
2 1 1 0.925767
4 0 0 0.914597
5 0 0 0.996876
3 0 0 0.847342

5
1 1 3 0.949011
2 0 0 0.933849
3 1 4 0.92763
6 0 0 1.0163
7 0 0 0.888882

3
1 0 2457 0.934982
2 0 0 0.874906
3 0 0 0.993451

3
1 2 762 0.767569
2 0 0 1.04145
3 0 0 0.847144

5
1 0 711 0.803968
2 1 2 1.12002
4 0 0 0.878833
5 0 0 0.969205
3 0 0 0.825227

1
1 0 0 0.765688

1
1 0 0 0.914227

3
1 0 9183 0.883458
2 0 0 1.01499
3 0 0 1.00727

3
1 2 803 0.894632
2 0 0 0.882573
3 0 0 0.93166

7
1 2 3233 0.969416
2 0 8245 0.937328
4 0 0 0.959759
5 0 0 0.90513
3 1 1 0.987987
6 0 0 0.910707
7 0 0 0.96123

3
1 0 8976 0.834844
2 0 0 0.879744
3 0 0 1.14622

3
1 0 9651 0.869287
2 0 0 0.899388
3 0 0 1.14215

3
1 0 1375 0.935517
2 0 0 1.12575
3 0 0 0.792217

3
1 0 705 0.807017
2 0 0 0.96574
3 0 0 0.808248

9
1 0 7795 0.959732
2 0 3511 0.935261
4 0 0 0.834566
5 0 0 1.04756
3 0 8741 0.964634
6 0 0 0.919328
7 2 238 0.958131
14 0 0 1.01655
15 0 0 0.962239

3
1 0 4320 0.896313
2 0 0 0.982202
3 0 0 0.958646

1
1 0 0 0.76056

1
1 0 0 0.840739

3
1 0 2849 0.964524
2 0 0 0.913583
3 0 0 1.02488

3
1 0 141 0.879314
2 0 0 0.990259
3 0 0 0.841964

5
1 0 4358 0.865767
2 1 3 0.815407
4 0 0 0.828536
5 0 0 0.811702
3 0 0 1.00623

7
1 1 3 0.935922
2 0 0 0.914442
3 2 4829 0.999323
6 0 0 0.980093
7 0 9072 0.89852
14 0 0 0.896347
15 0 0 0.96169

3
1 2 3494 0.912205
2 0 0 0.886172
3 0 0 0.963737

1
1 0 0 0.686153

3
1 0 9580 0.855268
2 0 0 0.831448
3 0 0 1.07699

7
1 0 4316 0.892594
2 0 0 0.789143
3 0 7116 0.906999
6 0 0 0.992371
7 2 3563 1.01247
14 0 0 1.04554
15 0 0 0.978735

3
1 1 1 0.855736
2 0 0 0.928353
3 0 0 0.819682

5
1 2 878 0.848402
2 2 387 0.959197
4 0 0 1.00354
5 0 0 1.06898
3 0 0 0.860643

5
1 2 922 0.895045
2 0 0 0.941337
3 2 1170 1.0054
6 0 0 1.01339
7 0 0 1.00742

3
1 0 5033 0.851149
2 0 0 0.880105
3 0 0 0.861397

1
1 0 0 0.831144

3
1 1 2 0.880233
2 0 0 0.923758
3 0 0 0.937537

3
1 0 3922 0.914249
2 0 0 0.910826
3 0 0 1.02706

3
1 0 7937 0.787656
2 0 0 0.803775
3 0 0 0.980979

5
1 0 858 0.906289
2 0 0 0.867233
3 0 1388 0.776284
6 0 0 0.957288
7 0 0 0.838411

3
1 0 9166 0.896355
2 0 0 0.790975
3 0 0 0.943939

3
1 0 6679 0.908425
2 0 0 0.912246
3 0 0 0.973825

3
1 0 1516 0.797032
2 0 0 1.07275
3 0 0 0.879884

3
1 1 4 0.951232
2 0 0 0.97978
3 0 0 0.97505

3
1 0 7548 0.937029
2 0 0 0.835818
3 0 0 1.03185

5
1 2 271 0.891382
2 2 173 0.943198
4 0 0 0.932606
5 0 0 1.01439
3 0 0 0.849122

3
1 0 3200 0.930002
2 0 0 0.895776
3 0 0 0.957153

3
1 1 1 0.863814
2 0 0 0.845068
3 0 0 0.868704

3
1 1 2 0.869813
2 0 0 0.921825
3 0 0 0.855728

7
1 2 1210 0.84996
2 2 29 1.01437
4 0 0 0.980883
5 1 2 0.9701
10 0 0 1.12602
11 0 0 0.94002
3 0 0 0.872944

3
1 2 1636 0.845238
2 0 0 0.800745
3 0 0 0.859882

1
1 0 0 0.920318

3
1 0 8926 0.82479
2 0 0 0.827428
3 0 0 1.05358

5
1 2 870 0.814406
2 2 749 0.964146
4 0 0 0.931734
5 0 0 1.02013
3 0 0 0.733909

3
1 2 413 0.813559
2 0 0 1.08197
3 0 0 0.832587

3
1 0 3848 0.829146
2 0 0 0.830174
3 0 0 0.924878

1
1 0 0 0.717013

7
1 2 5091 0.887486
2 1 4 0.893918
4 0 0 0.923137
5 2 2070 0.9926
10 0 0 1.10011
11 0 0 0.894643
3 0 0 1.00908

3
1 0 2113 0.768968
2 0 0 0.898806
3 0 0 0.780104

3
1 0 424 0.830745
2 0 0 0.951212
3 0 0 0.842291

3
1 2 3232 0.904458
2 0 0 0.948145
3 0 0 0.879726

3
1 0 5637 0.90132
2 0 0 0.897243
3 0 0 0.854412

5
1 0 1404 0.877344
2 2 2197 1.0299
4 0 0 0.941816
5 0 0 1.05944
3 0 0 0.831778

5
1 0 1700 0.965765
2 0 1035 1.10248
4 0 0 0.985258
5 0 0 1.0078
3 0 0 0.97776

3
1 0 1085 0.771729
2 0 0 0.979613
3 0 0 0.752027

3
1 0 1835 0.857698
2 0 0 0.949623
3 0 0 0.822862

1
1 0 0 0.827858

3
1 1 1 0.870346
2 0 0 0.851246
3 0 0 0.917908

3
1 1 4 0.880554
2 0 0 0.892739
3 0 0 0.938194

3
1 2 3986 0.894585
2 0 0 0.906215
3 0 0 1.01631

3
1 0 3909 0.894683
2 0 0 0.70339
3 0 0 0.936263

1
1 0 0 0.895095

7
1 0 9772 0.86126
2 0 47 0.935834
4 0 0 1.00149
5 0 5891 0.933897
10 0 0 0.881455
11 0 0 0.993588
3 0 0 1.01997

1
1 0 0 0.910927

3
1 0 3416 0.941535
2 0 0 0.803888
3 0 0 1.00644

3
1 0 9346 0.770094
2 0 0 0.823071
3 0 0 0.988256

3
1 2 1374 0.965942
2 0 0 0.919706
3 0 0 0.876541

1
1 0 0 0.717072

3
1 2 34 0.940585
2 0 0 1.04322
3 0 0 0.905112

1
1 0 0 0.922155

3
1 0 4297 0.873929
2 0 0 0.904425
3 0 0 0.980358

3
1 0 3806 0.896816
2 0 0 0.77325
3 0 0 0.913608

3
1 0 3316 0.90362
2 0 0 0.948398
3 0 0 0.889003

3
1 1 3 0.872033
2 0 0 0.913849
3 0 0 0.98285

3
1 0 7453 0.848347
2 0 0 0.876511
3 0 0 0.991913

3
1 2 3365 0.863786
2 0 0 0.920153
3 0 0 0.826084

3
1 0 6838 0.878222
2 0 0 0.858363
3 0 0 1.0134

1
1 0 0 0.827625

3
1 0 8986 0.901201
2 0 0 0.795322
3 0 0 0.905049

3
1 1 4 0.857649
2 0 0 0.85826
3 0 0 0.911254

1
1 0 0 0.900274

3
1 2 2934 0.995453
2 0 0 0.926329
3 0 0 0.903201

3
1 0 7936 0.880387
2 0 0 0.904336
3 0 0 0.98656

3
1 0 4785 0.965519
2 0 0 0.849977
3 0 0 0.968894

9
1 1 4 0.852235
2 0 7510 0.867053
4 0 0 0.827032
5 2 502 0.978034
10 0 0 0.986083
11 0 0 1.00406
3 2 2032 1.06747
6 0 0 0.922152
7 0 0 0.92931

3
1 0 1538 0.762851
2 0 0 1.01627
3 0 0 0.714105

3
1 2 5384 0.792469
2 0 0 0.787882
3 0 0 0.944854

3
1 2 3155 0.861971
2 0 0 0.796997
3 0 0 0.855013

3
1 0 7032 0.862022
2 0 0 0.985624
3 0 0 0.947576

3
1 0 609 0.800245
2 0 0 1.05627
3 0 0 0.777812

3
1 0 1509 0.877532
2 0 0 0.978366
3 0 0 0.890203

3
1 2 858 0.820952
2 0 0 0.952796
3 0 0 0.837208

3
1 2 2910 0.846737
2 0 0 0.97055
3 0 0 0.794751

5
1 0 4533 0.879862
2 0 0 0.710241
3 0 5692 1.0724
6 0 0 1.0822
7 0 0 0.995258

1
1 0 0 0.905146

3
1 1 1 0.894399
2 0 0 0.901021
3 0 0 0.91764

1
1 0 0 0.799338

3
1 0 2457 0.934982
2 0 0 0.905037
3 0 0 0.992539

3
1 0 1736 0.892053
2 0 0 0.894234
3 0 0 0.823461

5
1 2 2895 0.95974
2 0 0 1.03746
3 2 4065 0.974684
6 0 0 1.06623
7 0 0 0.971451

3
1 0 586 0.753703
2 0 0 1.05406
3 0 0 0.793158

3
1 0 4571 0.909833
2 0 0 0.825719
3 0 0 0.989436

5
1 1 4 0.857024
2 0 0 0.858595
3 2 5331 0.971699
6 0 0 1.03422
7 0 0 1.03016

3
1 0 4106 0.884396
2 0 0 0.787314
3 0 0 0.991829

1
1 0 0 0.778738

3
1 0 228 0.752844
2 0 0 1.12747
3 0 0 0.86625

5
1 0 1190 0.840001
2 0 0 1.02461
3 1 1 0.913044
6 0 0 0.773069
7 0 0 0.834851

3
1 2 4314 0.956369
2 0 0 0.914388
3 0 0 0.874502

7
1 1 4 0.913858
2 0 0 0.956773
3 0 8036 0.97492
6 2 2010 1.04478
12 0 0 0.914246
13 0 0 1.07772
7 0 0 1.09579

3
1 2 695 0.912755
2 0 0 0.865455
3 0 0 0.970062

5
1 1 3 0.853215
2 0 0 0.925128
3 0 359 0.975943
6 0 0 0.872384
7 0 0 0.961165

3
1 0 6918 0.889699
2 0 0 0.815793
3 0 0 1.03793

5
1 2 1666 0.990548
2 0 0 1.11259
3 0 974 0.887345
6 0 0 0.898632
7 0 0 0.856688

3
1 0 7242 0.873212
2 0 0 0.79182
3 0 0 0.902745

5
1 0 9750 0.769593
2 0 0 0.834964
3 1 4 1.02077
6 0 0 0.958382
7 0 0 1.01871

3
1 2 1011 0.87749
2 0 0 0.956578
3 0 0 0.86362

5
1 0 7867 0.957143
2 2 1195 0.94721
4 0 0 1.0547
5 0 0 0.935639
3 0 0 0.965064

3
1 2 712 0.830604
2 0 0 0.922747
3 0 0 0.866312

7
1 0 5538 0.882836
2 2 5204 0.933539
4 0 0 0.932765
5 1 3 0.87092
10 0 0 0.96662
11 0 0 1.12336
3 0 0 0.921985

3
1 2 3212 0.961502
2 0 0 0.870992
3 0 0 1.07049

3
1 0 9453 0.809565
2 0 0 0.768295
3 0 0 1.07892

1
1 0 0 0.743095

3
1 2 72 0.830766
2 0 0 1.10658
3 0 0 0.82567

3
1 1 3 0.90441
2 0 0 0.835405
3 0 0 1.05845

1
1 0 0 0.749488

3
1 2 1931 0.928104
2 0 0 0.925409
3 0 0 1.06654

3
1 0 3270 0.916891
2 0 0 0.886147
3 0 0 0.901423

3
1 0 3922 0.914249
2 0 0 0.89449
3 0 0 1.11199

5
1 1 4 0.870763
2 1 3 0.865097
4 0 0 0.849006
5 0 0 0.928345
3 0 0 0.932867

1
1 0 0 0.877476

5
1 0 8527 0.937889
2 0 0 0.860672
3 0 9263 1.00295
6 0 0 0.897961
7 0 0 0.915383

3
1 2 1348 0.894324
2 0 0 0.960594
3 0 0 0.916602

3
1 0 1552 0.788326
2 0 0 1.05466
3 0 0 0.81619

3
1 0 852 0.890052
2 0 0 0.994115
3 0 0 0.758851

5
1 2 188 0.852968
2 1 4 1.01138
4 0 0 1.01191
5 0 0 1.10629
3 0 0 0.948072

3
1 0 1241 0.819323
2 0 0 1.03666
3 0 0 0.831248

3
1 0 977 0.826801
2 0 0 0.878831
3 0 0 0.828237

5
1 0 8886 0.917486
2 0 0 0.954115
3 2 1488 0.941468
6 0 0 1.06545
7 0 0 0.943344

3
1 0 7451 0.883899
2 0 0 0.854665
3 0 0 0.957038

5
1 2 4986 0.892895
2 2 4420 0.946435
4 0 0 0.933811
5 0 0 0.935804
3 0 0 0.977561

3
1 0 3845 0.885244
2 0 0 0.872892
3 0 0 0.936769

3
1 0 2864 0.851386
2 0 0 0.775956
3 0 0 0.909902

5
1 2 2386 0.885928
2 0 0 0.957236
3 2 3648 0.927382
6 0 0 1.01989
7 0 0 0.856726

1
1 0 0 0.785653

5
1 1 4 0.896059
2 0 0 0.914151
3 2 312 0.963093
6 0 0 1.00335
7 0 0 0.909945

3
1 0 8805 0.872116
2 0 0 0.876441
3 0 0 0.923188

1
1 0 0 0.886038

1
1 0 0 0.873822

3
1 2 2827 0.965852
2 0 0 0.960811
3 0 0 0.93632

1
1 0 0 0.790884

3
1 1 1 0.894802
2 0 0 0.891328
3 0 0 0.848037

3
1 0 8956 0.866303
2 0 0 0.740571
3 0 0 1.08361

3
1 0 7192 0.827416
2 0 0 0.819607
3 0 0 0.81039

5
1 2 1206 0.893588
2 1 4 0.841865
4 0 0 0.872225
5 0 0 0.981504
3 0 0 0.932536

1
1 0 0 0.721745

3
1 0 5940 0.944646
2 0 0 0.905922
3 0 0 0.983353

5
1 0 860 0.899085
2 1 2 0.986086
4 0 0 1.05272
5 0 0 1.01885
3 0 0 0.797519

5
1 1 2 0.865425
2 0 0 0.946874
3 0 1204 0.851694
6 0 0 1.00392
7 0 0 0.974922

7
1 2 4520 0.889849
2 0 0 0.851358
3 2 4712 0.865403
6 0 8825 0.987483
12 0 0 1.06127
13 0 0 0.911007
7 0 0 0.951395

3
1 2 141 0.874831
2 0 0 1.05337
3 0 0 0.861595

1
1 0 0 0.774409

3
1 0 7900 0.855136
2 0 0 0.844641
3 0 0 0.805607

3
1 0 7250 0.85985
2 0 0 0.871654
3 0 0 0.930478

3
1 1 1 0.907742
2 0 0 0.843759
3 0 0 0.950103

3
1 0 2388 0.91179
2 0 0 0.886339
3 0 0 0.931836

3
1 1 4 0.856319
2 0 0 0.749139
3 0 0 0.969496

3
1 0 1354 0.870082
2 0 0 0.926387
3 0 0 0.871314

3
1 0 5825 0.973405
2 0 0 0.916774
3 0 0 1.04892

3
1 0 5967 0.92632
2 0 0 0.923729
3 0 0 0.89064

11
1 0 8665 0.923848
2 2 555 0.876863
4 0 2004 1.05114
8 0 0 0.887951
9 0 0 0.919808
5 0 7323 0.822259
10 0 0 0.890953
11 1 3 0.987946
22 0 0 0.993645
23 0 0 1.12514
3 0 0 0.90282

1
1 0 0 0.836574

5
1 0 8317 0.889535
2 0 0 0.926651
3 1 2 0.939447
6 0 0 1.02398
7 0 0 1.06565

1
1 0 0 0.887981

3
1 0 1443 0.816412
2 0 0 0.97264
3 0 0 0.854938

3
1 0 401 0.872639
2 0 0 1.09961
3 0 0 0.849268

9
1 1 4 0.893699
2 0 1849 0.87925
4 0 0 1.0425
5 0 0 0.863894
3 0 7884 0.942641
6 2 1571 1.0678
12 0 0 1.08302
13 0 0 0.964507
7 0 0 1.00246

3
1 0 5161 0.876469
2 0 0 0.849999
3 0 0 0.952474

3
1 0 3200 0.906685
2 0 0 0.840932
3 0 0 1.00099

3
1 0 8986 0.901201
2 0 0 0.858893
3 0 0 0.911609

3
1 0 7774 0.890621
2 0 0 0.828739
3 0 0 0.919833

3
1 2 1875 0.895669
2 0 0 0.91903
3 0 0 0.883064

5
1 0 328 0.884319
2 0 217 0.960097
4 0 0 1.05549
5 0 0 1.09212
3 0 0 0.935466

5
1 0 866 0.871844
2 0 0 0.967078
3 0 1523 0.79749
6 0 0 0.982247
7 0 0 0.810254

3
1 0 4785 0.965519
2 0 0 0.85753
3 0 0 1.05962

7
1 1 4 0.892164
2 0 0 0.879207
3 0 4701 0.984506
6 0 0 0.9646
7 0 5377 0.935439
14 0 0 1.11012
15 0 0 0.920486

3
1 1 1 0.943559
2 0 0 0.963965
3 0 0 0.915457

3
1 0 9223 0.844085
2 0 0 0.713771
3 0 0 1.00556

3
1 2 596 0.916134
2 0 0 1.08514
3 0 0 0.891593

3
1 0 9831 0.891711
2 0 0 0.8849
3 0 0 0.972126

3
1 0 2998 0.84213
2 0 0 0.880668
3 0 0 0.943727

7
1 0 9893 0.847833
2 0 5488 0.885689
4 0 3186 0.888206
8 0 0 0.814625
9 0 0 0.997809
5 0 0 0.891502
3 0 0 0.98797

3
1 2 5226 0.795577
2 0 0 0.767197
3 0 0 1.05163

3
1 2 5382 0.863186
2 0 0 0.917433
3 0 0 0.922901

1
1 0 0 0.761692

3
1 2 3460 0.888168
2 0 0 0.936654
3 0 0 0.795281

3
1 1 1 0.821514
2 0 0 0.929225
3 0 0 0.939926

1
1 0 0 0.762555

3
1 2 5387 0.735771
2 0 0 0.744868
3 0 0 1.03603

5
1 0 512 0.896482
2 1 3 0.9706
4 0 0 0.957935
5 0 0 0.988655
3 0 0 0.820209

5
1 2 5161 0.941105
2 0 0 0.986765
3 2 5238 0.990076
6 0 0 0.944851
7 0 0 0.922066

5
1 0 5772 0.857136
2 1 4 0.904772
4 0 0 0.872918
5 0 0 1.03384
3 0 0 0.918404

7
1 0 4571 0.909833
2 0 310 0.868337
4 0 21 1.09641
8 0 0 1.06046
9 0 0 1.03592
5 0 0 0.796026
3 0 0 0.968842

1
1 0 0 0.9474

3
1 1 3 0.834092
2 0 0 0.952
3 0 0 0.991609

1
1 0 0 0.930304

3
1 0 3008 0.891347
2 0 0 0.826896
3 0 0 0.909671

5
1 0 1025 0.79138
2 1 1 0.948725
4 0 0 0.918575
5 0 0 1.0768
3 0 0 0.883636

3
1 0 7481 0.940573
2 0 0 0.871479
3 0 0 1.05542

1
1 0 0 0.737316

1
1 0 0 0.703769

5
1 0 6238 0.882463
2 0 0 0.900657
3 2 1754 0.892769
6 0 0 0.987383
7 0 0 0.939554

1
1 0 0 0.849032

7
1 0 3339 0.883916
2 0 0 0.790777
3 1 4 0.926374
6 2 2199 0.960823
12 0 0 0.983187
13 0 0 0.954955
7 0 0 1.03802

3
1 0 5163 0.903078
2 0 0 0.875704
3 0 0 1.06659

3
1 2 2347 0.942555
2 0 0 0.891748
3 0 0 0.90745

3
1 0 8624 0.931774
2 0 0 0.935747
3 0 0 0.879847

3
1 0 455 0.788392
2 0 0 1.03882
3 0 0 0.83697

7
1 0 2419 0.918156
2 2 4088 0.963383
4 0 0 0.924854
5 2 5001 1.0273
10 0 0 1.13985
11 0 0 1.02256
3 0 0 1.09278

3
1 0 1751 0.872254
2 0 0 0.931382
3 0 0 0.88228

3
1 2 30 0.897283
2 0 0 1.00138
3 0 0 0.938286

3
1 2 658 0.894545
2 0 0 1.00493
3 0 0 0.847319

1
1 0 0 0.826114

5
1 2 2301 0.900979
2 2 596 0.866874
4 0 0 0.988548
5 0 0 0.948561
3 0 0 0.941863

5
1 0 4848 0.863391
2 0 0 0.823461
3 0 8893 0.88714
6 0 0 0.871418
7 0 0 1.11992

3
1 1 2 0.874069
2 0 0 0.813968
3 0 0 0.806018

3
1 0 1408 0.86078
2 0 0 1.14384
3 0 0 0.798611

1
1 0 0 0.801866

5
1 1 4 0.903575
2 0 0 0.834547
3 2 5158 0.941118
6 0 0 0.933921
7 0 0 0.985749

1
1 0 0 0.899512

3
1 0 8088 0.88269
2 0 0 0.930893
3 0 0 0.882189

1
1 0 0 0.8396

5
1 0 7542 0.894308
2 0 0 0.815056
3 1 3 0.959373
6 0 0 0.96312
7 0 0 1.05559

3
1 0 4452 0.922906
2 0 0 0.788525
3 0 0 0.939775

3
1 1 3 0.825951
2 0 0 0.921344
3 0 0 0.965894

3
1 1 3 0.869856
2 0 0 1.07613
3 0 0 0.96738

3
1 0 9331 0.776919
2 0 0 0.749263
3 0 0 0.872103

3
1 1 2 0.897947
2 0 0 0.834836
3 0 0 0.917039

5
1 0 914 0.8618
2 1 4 1.03334
4 0 0 0.876278
5 0 0 1.06862
3 0 0 0.752184

3
1 1 2 0.82601
2 0 0 0.957751
3 0 0 0.963371

3
1 0 8637 0.892835
2 0 0 0.822323
3 0 0 0.928889

5
1 0 6768 1.04639
2 0 0 0.839925
3 2 292 0.950475
6 0 0 0.902716
7 0 0 1.01997

3
1 0 7569 0.87457
2 0 0 0.809456
3 0 0 0.891434

3
1 1 2 0.859613
2 0 0 1.00944
3 0 0 0.913364

3
1 1 4 0.932217
2 0 0 0.857885
3 0 0 0.973069

5
1 2 1763 0.951279
2 0 0 0.969412
3 1 1 0.978145
6 0 0 1.14638
7 0 0 0.925611

3
1 0 3497 0.876134
2 0 0 0.862601
3 0 0 0.909097

3
1 2 4375 0.896467
2 0 0 0.899119
3 0 0 0.872753

3
1 0 124 0.841743
2 0 0 0.989055
3 0 0 0.849075

3
1 0 222 0.783846
2 0 0 0.966925
3 0 0 0.782122

3
1 2 2376 0.900114
2 0 0 0.890112
3 0 0 0.854938

3
1 0 3541 0.998152
2 0 0 0.875752
3 0 0 0.95591

3
1 0 5078 0.8928
2 0 0 0.887201
3 0 0 0.905051

3
1 0 8909 0.880054
2 0 0 0.789927
3 0 0 0.954351

5
1 0 4080 0.846999
2 1 4 0.894386
4 0 0 0.894357
5 0 0 0.855291
3 0 0 0.926108

5
1 1 1 0.914292
2 0 5650 0.92598
4 0 0 1.01747
5 0 0 0.998918
3 0 0 0.959974

1
1 0 0 0.787789

3
1 0 8538 0.807601
2 0 0 0.816276
3 0 0 0.881545

3
1 2 279 0.827202
2 0 0 0.912922
3 0 0 0.826762

3
1 2 574 0.867385
2 0 0 0.964544
3 0 0 0.773739

3
1 0 3860 0.856905
2 0 0 0.736408
3 0 0 0.904004

5
1 2 2648 0.884703
2 0 0 0.821786
3 1 4 0.928678
6 0 0 0.94228
7 0 0 1.0386

3
1 2 354 0.809178
2 0 0 0.890329
3 0 0 0.767109

3
1 0 1389 0.750971
2 0 0 1.0136
3 0 0 0.823376

5
1 2 4155 0.871478
2 0 0 0.944666
3 0 1118 0.915274
6 0 0 1.17518
7 0 0 0.793693

1
1 0 0 0.823615

3
1 2 2573 0.968825
2 0 0 0.881367
3 0 0 0.991101

1
1 0 0 0.924888

3
1 0 9154 0.889167
2 0 0 0.840281
3 0 0 0.996861

3
1 1 2 0.813543
2 0 0 0.805767
3 0 0 0.809798

3
1 0 9827 0.868888
2 0 0 0.8658
3 0 0 0.888501

3
1 0 1633 0.916203
2 0 0 0.966741
3 0 0 0.925805

3
1 1 1 0.871906
2 0 0 0.983286
3 0 0 0.987849

3
1 0 572 0.814552
2 0 0 1.00547
3 0 0 0.751524

1
1 0 0 0.930734

5
1 0 3298 0.881489
2 0 0 0.915628
3 0 8828 0.905101
6 0 0 0.932735
7 0 0 0.970627

5
1 0 670 0.963051
2 0 0 0.915722
3 0 2331 0.963784
6 0 0 0.768211
7 0 0 0.97427

5
1 2 3030 0.913716
2 2 2385 0.912644
4 0 0 0.917341
5 0 0 1.05512
3 0 0 0.902965

7
1 1 3 0.934639
2 0 0 0.897995
3 2 2312 0.931093
6 0 0 1.03421
7 2 2379 1.00541
14 0 0 1.00689
15 0 0 1.01824

5
1 2 6 0.830403
2 0 0 1.03405
3 1 3 0.859935
6 0 0 0.918804
7 0 0 0.91534

3
1 2 3884 0.832741
2 0 0 0.851964
3 0 0 0.889453

3
1 0 9516 0.718865
2 0 0 0.71086
3 0 0 0.884613

3
1 2 350 0.922938
2 0 0 1.00333
3 0 0 0.89313

5
1 1 2 0.818365
2 0 8004 0.994836
4 0 0 0.918268
5 0 0 1.06474
3 0 0 0.885512

3
1 2 1239 0.988092
2 0 0 1.06958
3 0 0 0.837499

3
1 0 6883 0.905006
2 0 0 0.829482
3 0 0 1.09596

3
1 2 2003 0.866745
2 0 0 0.936288
3 0 0 0.808865

3
1 2 3394 0.915194
2 0 0 1.16568
3 0 0 0.859301

3
1 0 7345 0.857247
2 0 0 0.856802
3 0 0 1.06841

3
1 2 482 0.908751
2 0 0 0.908351
3 0 0 0.868442

3
1 2 5177 0.905449
2 0 0 0.902072
3 0 0 0.873857

5
1 0 1714 0.824636
2 1 4 1.07108
4 0 0 0.970313
5 0 0 0.93155
3 0 0 0.827446

3
1 0 781 0.836935
2 0 0 1.05555
3 0 0 0.891935

5
1 2 1558 0.81838
2 2 944 0.876053
4 0 0 1.02539
5 0 0 0.88763
3 0 0 0.892065

3
1 0 9952 0.762421
2 0 0 0.749088
3 0 0 0.938584

1
1 0 0 0.909308

3
1 0 3910 0.90532
2 0 0 0.859726
3 0 0 0.955993

7
1 0 537 0.90331
2 1 4 0.924674
4 1 3 1.06501
8 0 0 0.882806
9 0 0 0.949433
5 0 0 0.996085
3 0 0 0.857022

3
1 2 4355 0.812954
2 0 0 0.80418
3 0 0 0.97049

3
1 0 316 0.81593
2 0 0 0.998793
3 0 0 0.782821

3
1 2 4059 0.867564
2 0 0 0.83569
3 0 0 0.984155

3
1 0 3670 0.889235
2 0 0 0.883672
3 0 0 0.915702

3
1 0 4571 0.909833
2 0 0 0.786032
3 0 0 0.871459

3
1 1 1 0.887957
2 0 0 0.857386
3 0 0 0.955818

3
1 0 8764 0.866621
2 0 0 0.829776
3 0 0 0.915242

1
1 0 0 0.831973

3
1 0 1236 0.888375
2 0 0 1.0171
3 0 0 0.807267

3
1 1 1 0.867327
2 0 0 1.00443
3 0 0 0.9676

3
1 1 3 0.885261
2 0 0 0.769728
3 0 0 0.880253

3
1 1 4 0.922979
2 0 0 0.985632
3 0 0 0.949593

3
1 2 20 0.78811
2 0 0 0.89186
3 0 0 0.764344

5
1 0 4330 0.921873
2 0 0 0.904054
3 1 4 1.05393
6 0 0 1.08224
7 0 0 0.995013

5
1 2 4400 0.828411
2 0 0 0.817322
3 1 4 0.98762
6 0 0 0.937274
7 0 0 0.879551

3
1 0 9985 0.871599
2 0 0 0.873076
3 0 0 1.07579

5
1 1 4 0.905031
2 0 0 0.920431
3 2 3408 0.983605
6 0 0 0.96828
7 0 0 0.995559

1
1 0 0 0.78067

5
1 1 2 0.879788
2 0 0 0.773819
3 0 3503 0.961549
6 0 0 0.927434
7 0 0 1.0135

5
1 0 9696 0.824892
2 0 0 0.853526
3 0 9907 0.999457
6 0 0 0.99318
7 0 0 1.00883

3
1 0 7788 0.884457
2 0 0 0.871068
3 0 0 1.04424

1
1 0 0 0.906215

5
1 0 5238 0.863104
2 0 0 0.785636
3 2 4325 0.918016
6 0 0 0.992616
7 0 0 0.891335

7
1 1 3 1.07032
2 0 2684 0.946333
4 0 0 0.887928
5 0 0 1.03197
3 2 3394 1.05609
6 0 0 0.958809
7 0 0 1.01446

3
1 0 3344 0.903431
2 0 0 0.864712
3 0 0 1.08179

3
1 2 1430 0.893893
2 0 0 0.855446
3 0 0 0.925306

3
1 1 3 0.928781
2 0 0 0.901545
3 0 0 0.990409

3
1 0 381 0.916341
2 0 0 1.04941
3 0 0 0.907029

7
1 1 4 0.869092
2 0 0 0.928368
3 2 4048 0.885338
6 0 0 1.07505
7 2 4262 0.889631
14 0 0 0.912433
15 0 0 0.974187

1
1 0 0 0.841022

3
1 2 670 0.894332
2 0 0 0.967502
3 0 0 0.748727

1
1 0 0 0.818925

3
1 2 4780 0.835858
2 0 0 0.809217
3 0 0 0.970807

5
1 0 8469 0.942773
2 0 2882 0.997457
4 0 0 0.816206
5 0 0 1.02675
3 0 0 0.898826

3
1 1 3 0.878323
2 0 0 0.85801
3 0 0 0.856773

3
1 1 4 0.810454
2 0 0 0.873667
3 0 0 0.918595

3
1 0 8444 0.947172
2 0 0 0.899009
3 0 0 1.00999

3
1 0 4732 0.990338
2 0 0 0.884537
3 0 0 0.926995

1
1 0 0 0.857024

3
1 0 4179 0.80849
2 0 0 0.737571
3 0 0 0.955351

3
1 0 914 0.8618
2 0 0 0.927731
3 0 0 0.820372

1
1 0 0 0.767774

5
1 0 12 0.848101
2 0 0 1.00573
3 1 2 0.915005
6 0 0 0.963396
7 0 0 0.85623

3
1 2 2400 0.862792
2 0 0 0.891322
3 0 0 0.878689

1
1 0 0 0.803151

1
1 0 0 0.812591

3
1 2 1109 0.884732
2 0 0 0.955769
3 0 0 0.972215

3
1 2 4366 0.919119
2 0 0 0.844806
3 0 0 0.901176

1
1 0 0 0.985543

3
1 0 4272 0.852125
2 0 0 0.824892
3 0 0 0.995326

3
1 0 7401 0.866551
2 0 0 0.850171
3 0 0 1.02693

3
1 0 7085 0.958174
2 0 0 0.811202
3 0 0 1.03387

5
1 0 1584 0.892562
2 0 0 1.06402
3 2 5201 0.828034
6 0 0 0.849869
7 0 0 1.00491

7
1 2 268 0.866861
2 2 103 0.920858
4 0 0 0.968545
5 2 240 0.984447
10 0 0 0.910397
11 0 0 0.959865
3 0 0 0.873884

3
1 2 379 0.880593
2 0 0 0.91369
3 0 0 0.908411

3
1 0 883 0.806427
2 0 0 1.10147
3 0 0 0.852669

3
1 1 2 0.886388
2 0 0 0.964725
3 0 0 0.924738

3
1 0 5880 0.8852
2 0 0 0.850593
3 0 0 0.953754

3
1 1 3 0.931863
2 0 0 0.910978
3 0 0 1.00006

3
1 0 3258 0.857066
2 0 0 0.930737
3 0 0 0.965458

5
1 0 4291 0.993047
2 0 0 0.778927
3 0 7425 0.901187
6 0 0 0.963722
7 0 0 0.852312

3
1 2 1073 0.885333
2 0 0 1.03766
3 0 0 0.84852

3
1 0 7716 0.830879
2 0 0 0.836255
3 0 0 0.853061

3
1 0 3653 0.852823
2 0 0 0.833611
3 0 0 1.00545

7
1 2 5307 0.957054
2 0 0 0.87581
3 1 4 0.85597
6 0 0 0.875451
7 0 4039 1.00675
14 0 0 1.0298
15 0 0 0.925976

3
1 2 4647 0.913396
2 0 0 0.826698
3 0 0 0.943157

1
1 0 0 0.794834

1
1 0 0 0.867533

3
1 1 2 0.844379
2 0 0 0.829929
3 0 0 0.892203

3
1 0 13 0.751784
2 0 0 0.966713
3 0 0 0.793872

1
1 0 0 0.747495

1
1 0 0 0.855096

5
1 1 3 0.863133
2 0 0 0.813569
3 0 6538 0.979288
6 0 0 0.876885
7 0 0 0.905808

1
1 0 0 1.01858

3
1 0 853 0.92098
2 0 0 0.876288
3 0 0 0.891328

3
1 2 971 1.01968
2 0 0 0.90644
3 0 0 0.987826

3
1 2 5320 0.832546
2 0 0 0.884849
3 0 0 0.988745

3
1 0 263 0.785438
2 0 0 1.05001
3 0 0 0.754513

1
1 0 0 0.892791

3
1 1 4 0.869773
2 0 0 0.875222
3 0 0 0.940687

7
1 2 2517 0.943934
2 0 0 0.916963
3 1 4 0.971146
6 0 0 0.972463
7 0 4797 1.08785
14 0 0 1.05646
15 0 0 1.06322

5
1 0 8716 0.953392
2 0 2230 0.943043
4 0 0 0.87425
5 0 0 1.15375
3 0 0 0.925901

1
1 0 0 0.773977

5
1 0 1244 0.936212
2 0 585 0.920132
4 0 0 1.00496
5 0 0 1.03757
3 0 0 0.827539

3
1 1 4 0.873103
2 0 0 0.866674
3 0 0 0.993743

3
1 0 7078 0.91905
2 0 0 0.781857
3 0 0 0.961847

7
1 1 4 0.89403
2 0 0 0.969918
3 0 8341 0.973188
6 0 4716 0.880628
12 0 0 0.989067
13 0 0 0.952293
7 0 0 1.03889

5
1 0 1139 0.878521
2 0 0 0.999062
3 0 2040 0.87611
6 0 0 0.918644
7 0 0 0.89048

1
1 0 0 0.827215

7
1 0 280 0.806768
2 1 2 1.07891
4 0 0 1.03854
5 1 4 0.899985
10 0 0 1.02602
11 0 0 0.968644
3 0 0 0.787992

3
1 0 9478 0.869836
2 0 0 0.87429
3 0 0 1.12289

3
1 1 2 0.901732
2 0 0 0.927859
3 0 0 0.890385

3
1 0 9821 0.908064
2 0 0 0.944267
3 0 0 0.874204

3
1 2 4515 0.926659
2 0 0 0.888976
3 0 0 0.991279

1
1 0 0 0.951579

5
1 1 3 0.93035
2 0 0 0.917824
3 0 3474 0.919755
6 0 0 0.973954
7 0 0 0.986076

5
1 2 230 0.817491
2 0 0 0.985126
3 0 1871 0.869245
6 0 0 0.920354
7 0 0 0.888818

3
1 2 392 0.8305
2 0 0 0.94597
3 0 0 0.748635

3
1 0 6345 0.941816
2 0 0 0.925406
3 0 0 0.978894

3
1 0 9370 0.936329
2 0 0 0.855424
3 0 0 0.932924

5
1 1 1 0.908654
2 0 0 0.949348
3 1 3 1.01939
6 0 0 1.03467
7 0 0 0.94492

3
1 0 451 0.873338
2 0 0 0.960229
3 0 0 0.865166

3
1 0 31 0.776904
2 0 0 1.08977
3 0 0 0.778717

3
1 2 3226 0.968287
2 0 0 0.963786
3 0 0 0.93144

3
1 2 1530 0.87579
2 0 0 0.963941
3 0 0 0.821958

3
1 0 7807 0.889164
2 0 0 0.84815
3 0 0 0.981326

5
1 0 5333 0.860713
2 0 0 0.908086
3 2 308 0.854134
6 0 0 0.962007
7 0 0 0.907377

3
1 2 339 0.891691
2 0 0 0.931977
3 0 0 0.869459

3
1 0 7693 0.809319
2 0 0 0.813934
3 0 0 0.916966

5
1 0 805 0.854651
2 0 0 0.951329
3 0 1682 0.801149
6 0 0 0.997491
7 0 0 0.813223

3
1 0 8820 0.857102
2 0 0 0.868004
3 0 0 1.01175

3
1 0 576 0.914554
2 0 0 0.988434
3 0 0 0.829279

3
1 0 9705 0.833608
2 0 0 0.788449
3 0 0 1.04629

5
1 0 8897 0.850217
2 0 0 0.880121
3 0 9701 0.899186
6 0 0 0.901828
7 0 0 0.948624

7
1 0 5038 0.87816
2 0 1636 0.877749
4 0 0 1.02388
5 0 2454 0.905227
10 0 0 0.83938
11 0 0 0.976458
3 0 0 0.910318

3
1 0 7150 0.873871
2 0 0 0.859525
3 0 0 1.02068

3
1 0 9593 0.936549
2 0 0 0.861678
3 0 0 1.02965

1
1 0 0 0.923564

3
1 0 1580 0.77376
2 0 0 1.0557
3 0 0 0.76661

3
1 2 52 0.863142
2 0 0 1.04121
3 0 0 0.821964

5
1 1 2 0.896838
2 0 7995 0.943799
4 0 0 0.938716
5 0 0 0.968889
3 0 0 0.87484

1
1 0 0 0.85969

3
1 0 1247 0.79561
2 0 0 0.927016
3 0 0 0.849356

3
1 1 1 0.887039
2 0 0 0.894069
3 0 0 0.849034

3
1 0 3344 0.903431
2 0 0 0.788009
3 0 0 1.01892

5
1 2 142 0.85227
2 1 1 0.944495
4 0 0 0.922934
5 0 0 1.00562
3 0 0 0.884756

3
1 2 3821 0.902709
2 0 0 0.988446
3 0 0 0.934217

1
1 0 0 0.882143

1
1 0 0 0.837734

3
1 0 1940 0.826937
2 0 0 0.886568
3 0 0 0.813414

3
1 0 9102 0.896312
2 0 0 0.865851
3 0 0 0.93231

3
1 2 54 0.929673
2 0 0 0.963569
3 0 0 0.933009

3
1 2 250 0.936833
2 0 0 1.01882
3 0 0 0.918707

3
1 0 260 0.897802
2 0 0 0.966222
3 0 0 0.872481

3
1 0 9751 0.967594
2 0 0 0.938607
3 0 0 0.960686

3
1 2 380 0.939173
2 0 0 0.955925
3 0 0 0.911336

3
1 0 3317 0.866304
2 0 0 0.895753
3 0 0 1.10145

3
1 1 1 0.929887
2 0 0 0.908104
3 0 0 0.862407

3
1 0 2941 0.890545
2 0 0 0.866484
3 0 0 1.03953

1
1 0 0 0.800892

3
1 0 4180 0.845077
2 0 0 0.884738
3 0 0 0.985837

3
1 0 9190 0.8473
2 0 0 0.682666
3 0 0 0.990064

3
1 0 7524 0.868469
2 0 0 0.763414
3 0 0 0.980128

3
1 1 2 0.87012
2 0 0 0.911769
3 0 0 0.889437

3
1 0 1013 0.860828
2 0 0 1.05464
3 0 0 0.775794

3
1 0 7978 0.870855
2 0 0 0.900769
3 0 0 0.985618

3
1 0 338 0.865075
2 0 0 0.935164
3 0 0 0.837517

3
1 0 5812 0.903095
2 0 0 0.794279
3 0 0 1.02967

3
1 2 3194 0.896795
2 0 0 0.819001
3 0 0 0.926413

3
1 0 1536 0.785949
2 0 0 0.9297
3 0 0 0.820733

5
1 0 1618 0.91589
2 2 5065 0.986713
4 0 0 0.945115
5 0 0 0.979332
3 0 0 0.744864

3
1 0 4285 0.977833
2 0 0 0.880171
3 0 0 1.04659

3
1 0 9957 0.862563
2 0 0 0.846961
3 0 0 1.01316

1
1 0 0 0.820324

5
1 0 3555 0.877272
2 0 0 0.816443
3 1 4 0.97071
6 0 0 1.05742
7 0 0 0.939299

1
1 0 0 0.825482

3
1 1 3 0.985131
2 0 0 0.96018
3 0 0 0.969498

3
1 1 4 0.924884
2 0 0 0.879035
3 0 0 1.10809

3
1 0 9029 0.869728
2 0 0 0.878244
3 0 0 1.01434

5
1 0 3258 0.857066
2 0 0 0.835976
3 2 5378 0.941675
6 0 0 0.944797
7 0 0 0.962252

3
1 2 836 0.888801
2 0 0 0.980724
3 0 0 0.840852

3
1 1 4 0.975813
2 0 0 0.930684
3 0 0 0.893153

3
1 0 4525 0.934802
2 0 0 0.953103
3 0 0 0.957015

5
1 1 3 0.916811
2 0 1227 0.904106
4 0 0 1.05371
5 0 0 0.97931
3 0 0 0.945804

3
1 2 753 0.87924
2 0 0 0.990092
3 0 0 0.978209

3
1 0 1442 0.801541
2 0 0 0.971329
3 0 0 0.791172

3
1 1 3 0.930243
2 0 0 0.95519
3 0 0 0.910024

3
1 2 264 0.881903
2 0 0 0.954828
3 0 0 0.907374

1
1 0 0 0.852872

3
1 0 1789 0.794184
2 0 0 0.970275
3 0 0 0.831784

1
1 0 0 0.723431

3
1 0 9815 0.829096
2 0 0 0.852195
3 0 0 1.05081

5
1 0 7970 0.876026
2 0 0 0.829697
3 0 8889 1.03731
6 0 0 1.00144
7 0 0 0.950003

3
1 0 340 0.754521
2 0 0 1.11129
3 0 0 0.795906

3
1 0 3685 0.876161
2 0 0 0.95052
3 0 0 0.990154

1
1 0 0 0.745067

3
1 0 4693 0.861759
2 0 0 0.786899
3 0 0 1.04059

1
1 0 0 0.880583

1
1 0 0 0.820557

1
1 0 0 0.798541

3
1 0 602 0.793974
2 0 0 1.06265
3 0 0 0.763886

3
1 0 727 0.780129
2 0 0 0.966999
3 0 0 0.948054

5
1 2 5169 0.78899
2 0 0 0.819883
3 1 1 0.941587
6 0 0 1.03808
7 0 0 1.02612

5
1 0 8269 0.903237
2 2 4457 0.919566
4 0 0 0.9256
5 0 0 1.02817
3 0 0 0.970934

3
1 0 4361 0.89938
2 0 0 0.837532
3 0 0 1.02641

1
1 0 0 0.842042

5
1 2 2652 0.972722
2 0 0 0.854663
3 1 4 0.982604
6 0 0 0.926646
7 0 0 1.09921

5
1 0 878 0.798506
2 2 283 1.01688
4 0 0 1.03107
5 0 0 1.07291
3 0 0 0.937111

5
1 0 9672 0.81439
2 0 4446 0.875181
4 0 0 0.884841
5 0 0 1.01434
3 0 0 0.974911

3
1 0 597 0.910022
2 0 0 1.11806
3 0 0 0.74758

3
1 1 4 0.924691
2 0 0 0.916097
3 0 0 0.881215

5
1 0 3734 0.865017
2 0 0 0.898708
3 0 8470 1.04246
6 0 0 1.01583
7 0 0 0.817723

3
1 0 1651 0.96648
2 0 0 1.10428
3 0 0 1.00524

3
1 0 3756 0.93688
2 0 0 0.859868
3 0 0 1.10124

1
1 0 0 0.843808

3
1 0 9538 0.900119
2 0 0 0.801691
3 0 0 0.997278

7
1 0 7699 0.892869
2 1 1 0.87408
4 0 0 1.01812
5 0 0 0.96076
3 1 3 1.03209
6 0 0 1.01926
7 0 0 0.993383

3
1 2 2839 0.812476
2 0 0 0.959435
3 0 0 0.782522

3
1 0 5660 0.937243
2 0 0 0.959011
3 0 0 0.90919

1
1 0 0 0.769347

1
1 0 0 0.842879

3
1 2 3748 0.865761
2 0 0 0.947489
3 0 0 0.975584

5
1 0 8877 0.743705
2 0 0 0.74694
3 2 99 1.07276
6 0 0 0.937307
7 0 0 0.963069

3
1 0 8185 0.865266
2 0 0 0.97073
3 0 0 1.0319

5
1 0 3269 0.928365
2 0 0 0.864325
3 1 1 0.887897
6 0 0 0.926659
7 0 0 0.893323

3
1 0 8874 0.857522
2 0 0 0.786547
3 0 0 1.07151

3
1 0 858 0.851636
2 0 0 1.05145
3 0 0 0.834074

3
1 0 3802 0.845432
2 0 0 0.812275
3 0 0 1.05371

3
1 1 3 0.937442
2 0 0 0.956839
3 0 0 0.90734

3
1 2 5309 0.817645
2 0 0 0.863252
3 0 0 0.926391

1
1 0 0 0.890532

3
1 0 1731 0.838018
2 0 0 0.985934
3 0 0 0.810389

1
1 0 0 0.843267

3
1 2 1317 0.898683
2 0 0 0.980472
3 0 0 0.830461

7
1 1 3 0.927444
2 0 0 0.811657
3 2 1517 0.910099
6 1 4 0.861045
12 0 0 0.908651
13 0 0 0.876812
7 0 0 0.931329

1
1 0 0 0.792507

3
1 2 4727 0.972277
2 0 0 0.958824
3 0 0 1.00662

3
1 1 3 0.782419
2 0 0 0.82439
3 0 0 0.863488

3
1 0 7077 0.95439
2 0 0 0.822027
3 0 0 0.977353

3
1 2 2899 0.939575
2 0 0 0.931658
3 0 0 0.991673

5
1 1 1 0.897789
2 0 0 0.979471
3 0 4686 0.944176
6 0 0 0.99603
7 0 0 0.850915

3
1 0 6405 0.933852
2 0 0 0.861346
3 0 0 0.986373

1
1 0 0 0.755157

3
1 0 49 0.853893
2 0 0 0.97202
3 0 0 0.930043

5
1 0 1781 0.914863
2 0 0 1.23153
3 2 100 0.891292
6 0 0 1.09273
7 0 0 0.912296

1
1 0 0 0.804852

3
1 0 6197 0.941805
2 0 0 0.808233
3 0 0 0.990212

3
1 2 429 0.899883
2 0 0 0.963607
3 0 0 0.791838

1
1 0 0 0.899933

1
1 0 0 0.859151

5
1 1 3 0.929628
2 2 5291 0.929257
4 0 0 0.904446
5 0 0 0.966355
3 0 0 0.989906

3
1 2 5359 0.813194
2 0 0 0.983682
3 0 0 1.01607

5
1 0 2423 0.900366
2 0 0 0.791414
3 2 3592 0.982922
6 0 0 1.02076
7 0 0 0.826559

3
1 2 287 0.815785
2 0 0 1.00973
3 0 0 0.839688

3
1 2 5380 0.818867
2 0 0 0.761264
3 0 0 1.01666

5
1 0 8878 0.914246
2 2 4321 0.846974
4 0 0 0.835311
5 0 0 1.11601
3 0 0 1.07764

1
1 0 0 0.781908

5
1 2 2662 0.973074
2 0 0 0.937866
3 0 1362 0.984429
6 0 0 1.035
7 0 0 0.920218

3
1 2 3884 0.846216
2 0 0 0.845503
3 0 0 0.904755

3
1 0 9326 0.958722
2 0 0 0.885512
3 0 0 0.981107

1
1 0 0 0.964791

3
1 2 2143 0.830974
2 0 0 1.00291
3 0 0 1.02475

3
1 2 2967 0.935896
2 0 0 0.92432
3 0 0 0.821757

3
1 2 4777 0.833314
2 0 0 0.858796
3 0 0 0.87117

1
1 0 0 0.897602

3
1 0 5499 0.866102
2 0 0 0.844689
3 0 0 0.922313

3
1 2 364 0.872504
2 0 0 0.983672
3 0 0 0.850225

5
1 0 3448 0.865228
2 2 132 0.725013
4 0 0 1.02047
5 0 0 0.765248
3 0 0 0.919346

3
1 0 1460 0.789766
2 0 0 0.875117
3 0 0 0.850619

1
1 0 0 0.809047

3
1 0 7259 0.855559
2 0 0 0.921495
3 0 0 0.947485

3
1 2 116 0.840835
2 0 0 0.997962
3 0 0 0.843098

5
1 2 3299 0.873597
2 0 3277 1.0145
4 0 0 0.877391
5 0 0 1.00892
3 0 0 0.839577

3
1 2 366 0.963926
2 0 0 0.947362
3 0 0 0.833263

3
1 0 428 0.749987
2 0 0 1.04291
3 0 0 0.874898

3
1 0 805 0.829048
2 0 0 1.07576
3 0 0 0.840936

3
1 0 5185 0.82794
2 0 0 0.783952
3 0 0 0.87256

3
1 0 5621 0.827901
2 0 0 0.72907
3 0 0 0.822981

1
1 0 0 0.799876

5
1 2 4011 0.893687
2 0 0 0.84225
3 0 6434 0.936075
6 0 0 0.942877
7 0 0 0.869311

3
1 2 2900 0.878678
2 0 0 0.90555
3 0 0 0.92601

1
1 0 0 0.81692

3
1 0 1645 0.974571
2 0 0 0.975075
3 0 0 0.924462

5
1 0 7395 0.927569
2 1 3 0.982083
4 0 0 1.00298
5 0 0 0.933511
3 0 0 1.00967

3
1 2 1874 0.904254
2 0 0 0.871846
3 0 0 0.854202

3
1 0 9786 0.870627
2 0 0 0.815407
3 0 0 1.00556

3
1 0 2368 0.871694
2 0 0 0.874254
3 0 0 1.09498

5
1 0 7546 0.900473
2 0 0 0.899064
3 2 2737 0.947163
6 0 0 0.944844
7 0 0 0.969943

3
1 1 4 0.874976
2 0 0 0.866663
3 0 0 0.98926

3
1 0 676 0.978517
2 0 0 1.03765
3 0 0 0.764863

5
1 2 395 1.00401
2 1 1 0.97413
4 0 0 0.896318
5 0 0 0.991761
3 0 0 0.957128

5
1 2 2028 1.00285
2 0 0 1.04556
3 2 3512 0.91496
6 0 0 0.936666
7 0 0 0.892551

5
1 0 1038 0.871493
2 0 0 1.10339
3 2 3896 0.885397
6 0 0 0.856224
7 0 0 0.91674

3
1 0 8918 0.780598
2 0 0 0.774387
3 0 0 1.11594

9
1 0 1405 0.805289
2 0 0 1.00113
3 2 4271 0.913217
6 1 1 0.898039
12 0 0 0.979477
13 0 0 0.941628
7 2 5351 0.921921
14 0 0 0.988288
15 0 0 0.87921

3
1 1 2 0.915687
2 0 0 0.893485
3 0 0 0.893337

3
1 0 1899 0.89761
2 0 0 0.972423
3 0 0 0.942137

3
1 2 3573 0.828581
2 0 0 0.766203
3 0 0 1.01498

3
1 2 5123 0.764916
2 0 0 0.723474
3 0 0 0.780419

3
1 0 9628 0.776516
2 0 0 0.82026
3 0 0 1.0649

1
1 0 0 0.767836

3
1 1 4 0.91365
2 0 0 0.884519
3 0 0 1.03132

1
1 0 0 0.785653

1
1 0 0 0.805856

3
1 0 753 0.864795
2 0 0 1.02693
3 0 0 0.835468

3
1 0 9638 0.786446
2 0 0 0.84931
3 0 0 0.957765

3
1 1 1 0.891462
2 0 0 0.967755
3 0 0 0.956299

7
1 2 3549 0.915562
2 2 3224 0.866089
4 0 8468 0.978735
8 0 0 1.01867
9 0 0 0.920818
5 0 0 1.05279
3 0 0 0.867464

3
1 0 225 0.802416
2 0 0 1.00383
3 0 0 0.825744

3
1 0 5917 0.907167
2 0 0 0.803692
3 0 0 1.10577

3
1 0 4900 0.923774
2 0 0 0.823834
3 0 0 0.963645

3
1 1 2 0.896477
2 0 0 0.89182
3 0 0 0.94027

3
1 2 4524 0.890702
2 0 0 0.841196
3 0 0 0.787693

3
1 0 1868 0.883804
2 0 0 0.917657
3 0 0 0.868502

5
1 0 2504 0.868068
2 0 0 0.991948
3 2 556 1.02827
6 0 0 1.00695
7 0 0 0.994008

3
1 0 4090 0.912062
2 0 0 0.78396
3 0 0 1.09415

1
1 0 0 0.844358

3
1 2 1228 0.942505
2 0 0 0.869594
3 0 0 0.849015

3
1 2 1331 0.824908
2 0 0 0.898158
3 0 0 0.935085

3
1 0 2976 0.900236
2 0 0 0.891717
3 0 0 1.02593

3
1 0 9401 0.792143
2 0 0 0.732872
3 0 0 0.979954

3
1 0 9782 0.819028
2 0 0 0.829936
3 0 0 1.01412

3
1 1 3 0.875044
2 0 0 0.895723
3 0 0 0.898644

1
1 0 0 0.821841

3
1 0 6770 0.868871
2 0 0 0.817255
3 0 0 0.933452

5
1 0 7421 0.906423
2 0 0 0.851518
3 1 4 0.94824
6 0 0 0.948395
7 0 0 0.922963

9
1 1 3 0.86465
2 0 9553 0.940143
4 0 0 1.01471
5 0 0 0.856286
3 1 4 0.941334
6 0 4314 1.03646
12 0 0 0.984631
13 0 0 0.939707
7 0 0 0.949829

5
1 0 4622 0.888126
2 1 2 0.903876
4 0 0 0.905868
5 0 0 0.980525
3 0 0 0.971905

7
1 0 5858 0.916382
2 0 2689 0.927864
4 1 3 0.866513
8 0 0 0.838829
9 0 0 0.902382
5 0 0 0.879641
3 0 0 0.845756

3
1 0 2521 0.94541
2 0 0 0.902778
3 0 0 0.945065

3
1 1 3 0.909061
2 0 0 0.98148
3 0 0 0.957321

5
1 0 381 0.791911
2 2 3721 0.885681
4 0 0 0.992888
5 0 0 0.893754
3 0 0 0.802752

3
1 0 1518 0.790194
2 0 0 1.01867
3 0 0 0.893904

1
1 0 0 0.76106

3
1 0 1299 0.87915
2 0 0 1.08378
3 0 0 0.860685

3
1 2 3992 0.876904
2 0 0 0.92534
3 0 0 0.935097

3
1 2 5130 0.870819
2 0 0 0.811117
3 0 0 0.951625

3
1 1 3 0.887463
2 0 0 0.946978
3 0 0 0.934673

3
1 0 1171 0.806432
2 0 0 1.01779
3 0 0 0.775403

3
1 0 3067 0.945508
2 0 0 0.757018
3 0 0 1.06022

3
1 0 1504 0.845413
2 0 0 0.947198
3 0 0 0.763006

5
1 0 4464 0.855055
2 0 0 0.82099
3 1 1 1.06833
6 0 0 1.09732
7 0 0 1.13138

3
1 2 617 0.801857
2 0 0 1.06939
3 0 0 0.797018

9
1 0 4306 0.823506
2 0 1496 0.92629
4 2 4433 1.11991
8 0 0 1.17929
9 0 591 1.03019
18 0 0 1.07177
19 0 0 1.00278
5 0 0 0.876813
3 0 0 1.04861

5
1 1 2 0.885692
2 0 0 0.966491
3 1 3 0.909102
6 0 0 0.90525
7 0 0 0.915302

1
1 0 0 0.863494

7
1 2 3790 0.863178
2 2 2139 0.993243
4 0 0 0.906678
5 1 3 0.978122
10 0 0 1.00769
11 0 0 1.07116
3 0 0 0.912419

5
1 0 1501 0.798068
2 2 2234 1.01924
4 0 0 0.978032
5 0 0 1.07118
3 0 0 0.826367

3
1 0 9600 0.844589
2 0 0 0.819992
3 0 0 0.947936

5
1 0 115 0.858294
2 0 48 0.985016
4 0 0 0.979504
5 0 0 1.08198
3 0 0 0.812986

3
1 2 1065 0.81668
2 0 0 0.738735
3 0 0 0.828123

3
1 1 1 0.815749
2 0 0 0.883899
3 0 0 0.8583

3
1 0 8907 0.941315
2 0 0 0.850851
3 0 0 1.05202

1
1 0 0 0.878766

3
1 0 9367 0.953242
2 0 0 0.721237
3 0 0 0.842612

5
1 1 4 0.966545
2 0 4342 0.939609
4 0 0 0.984547
5 0 0 0.976664
3 0 0 0.967587

5
1 1 2 0.906079
2 0 85 0.892602
4 0 0 0.994955
5 0 0 0.856749
3 0 0 1.04591

3
1 0 3867 0.970128
2 0 0 1.01409
3 0 0 0.989082

5
1 1 4 0.951973
2 0 0 0.889486
3 2 3007 0.929449
6 0 0 0.941669
7 0 0 0.952342

5
1 0 1733 0.846394
2 0 0 1.01318
3 1 3 0.864699
6 0 0 0.811831
7 0 0 0.960324

3
1 2 31 0.767621
2 0 0 0.998025
3 0 0 0.740378

5
1 0 2756 1.03376
2 0 0 0.785176
3 0 5153 1.04575
6 0 0 0.944858
7 0 0 1.12066

3
1 0 6070 0.868881
2 0 0 0.86893
3 0 0 0.941089

3
1 0 8817 0.926602
2 0 0 0.875143
3 0 0 0.998392

1
1 0 0 0.843578

3
1 2 370 0.926753
2 0 0 1.01708
3 0 0 0.930355

3
1 1 4 0.936111
2 0 0 0.946972
3 0 0 0.96501

1
1 0 0 0.792985

3
1 0 3906 0.911405
2 0 0 0.993787
3 0 0 1.04983

5
1 2 1076 0.780737
2 1 3 0.954678
4 0 0 0.924884
5 0 0 0.992579
3 0 0 0.855166

3
1 1 1 0.806171
2 0 0 0.885805
3 0 0 0.823977

5
1 1 3 0.952602
2 1 1 0.954598
4 0 0 0.964709
5 0 0 0.945368
3 0 0 0.893467

1
1 0 0 0.808026

3
1 1 1 0.947157
2 0 0 0.95705
3 0 0 0.891727

3
1 2 1720 0.84643
2 0 0 0.975889
3 0 0 0.858487

3
1 1 3 0.882505
2 0 0 0.926883
3 0 0 0.857112

3
1 0 40 0.72197
2 0 0 1.00322
3 0 0 0.820682

3
1 1 1 0.887705
2 0 0 0.892597
3 0 0 0.90594

3
1 2 4037 0.854598
2 0 0 0.882112
3 0 0 1.01579

5
1 0 1259 0.818888
2 1 1 0.96586
4 0 0 0.894445
5 0 0 0.933097
3 0 0 0.77324

1
1 0 0 0.779312

1
1 0 0 0.755501

1
1 0 0 0.786512

1
1 0 0 0.825952

1
1 0 0 0.83617

1
1 0 0 0.833765

3
1 0 8347 0.869282
2 0 0 0.858635
3 0 0 1.08706

5
1 1 4 0.888127
2 0 0 0.902269
3 0 1200 0.967176
6 0 0 0.953091
7 0 0 0.925

1
1 0 0 0.856719

3
1 0 213 0.840907
2 0 0 1.04343
3 0 0 0.858039

3
1 1 4 0.896409
2 0 0 0.960985
3 0 0 0.91413

3
1 0 9242 0.923373
2 0 0 0.921901
3 0 0 1.00347

3
1 0 8258 0.897349
2 0 0 0.889861
3 0 0 0.929163

3
1 0 1854 0.900185
2 0 0 1.03505
3 0 0 0.79244

3
1 2 4839 0.903163
2 0 0 0.895194
3 0 0 0.963771

1
1 0 0 0.914548

3
1 0 9966 0.807439
2 0 0 0.897051
3 0 0 0.969106

3
1 1 2 0.980234
2 0 0 0.974125
3 0 0 0.956834

3
1 2 2953 0.898157
2 0 0 1.03746
3 0 0 0.910611

3
1 1 3 0.838798
2 0 0 0.827546
3 0 0 0.798823

5
1 1 1 0.896914
2 2 2886 0.922413
4 0 0 1.08174
5 0 0 0.839061
3 0 0 0.892851

5
1 1 1 0.835741
2 0 3042 0.921864
4 0 0 1.02231
5 0 0 0.967539
3 0 0 0.898949

3
1 0 5885 0.86586
2 0 0 0.8272
3 0 0 0.919089

3
1 1 2 0.867247
2 0 0 0.92317
3 0 0 0.839549

1
1 0 0 0.86615

5
1 0 1270 0.775585
2 2 1828 1.03148
4 0 0 1.01547
5 0 0 0.936363
3 0 0 0.750415

3
1 0 9678 0.815923
2 0 0 0.773312
3 0 0 0.942509

1
1 0 0 0.700876

3
1 2 5142 0.930986
2 0 0 0.863241
3 0 0 1.00324

3
1 2 3674 0.931652
2 0 0 0.938244
3 0 0 0.926246

3
1 0 4900 0.923774
2 0 0 0.847728
3 0 0 1.03091

3
1 0 1574 0.80896
2 0 0 0.968615
3 0 0 0.831337

3
1 0 806 0.805576
2 0 0 0.988529
3 0 0 0.862507

5
1 0 1782 0.86014
2 0 1367 1.03895
4 0 0 0.927422
5 0 0 0.919536
3 0 0 0.775714

3
1 0 2504 0.868068
2 0 0 0.786249
3 0 0 0.921526

3
1 0 8180 0.983685
2 0 0 0.954143
3 0 0 1.06639

1
1 0 0 0.914914

3
1 1 4 0.949216
2 0 0 0.96035
3 0 0 0.883718

3
1 1 3 0.912996
2 0 0 0.838029
3 0 0 0.971314

3
1 0 2976 0.900236
2 0 0 0.944065
3 0 0 0.989933

3
1 0 5707 0.870148
2 0 0 0.853278
3 0 0 0.865241

3
1 0 8591 0.9001
2 0 0 0.905513
3 0 0 1.01781

3
1 0 3099 0.801023
2 0 0 0.872819
3 0 0 0.981574

5
1 0 9061 0.828687
2 0 0 0.816585
3 1 1 1.03282
6 0 0 1.08229
7 0 0 0.964568

3
1 1 4 0.840123
2 0 0 0.787784
3 0 0 1.02755

3
1 1 4 0.933454
2 0 0 0.909953
3 0 0 0.966136

5
1 0 519 0.793235
2 2 4025 0.897455
4 0 0 0.937472
5 0 0 1.02201
3 0 0 0.830842

3
1 0 3299 0.996903
2 0 0 0.829763
3 0 0 1.03929

1
1 0 0 0.880033

1
1 0 0 0.834898

5
1 1 2 0.861266
2 0 3228 0.918229
4 0 0 0.9349
5 0 0 0.913397
3 0 0 0.977232

5
1 0 1912 0.942032
2 0 355 0.987934
4 0 0 0.878285
5 0 0 0.968531
3 0 0 0.836422

5
1 0 6093 0.886871
2 0 3384 0.921114
4 0 0 0.799288
5 0 0 1.0939
3 0 0 0.992059

5
1 0 5967 0.829757
2 0 0 0.835905
3 0 8814 0.993679
6 0 0 0.937791
7 0 0 1.03402

1
1 0 0 0.833502

3
1 0 2349 0.894479
2 0 0 0.896079
3 0 0 0.918332

3
1 0 52 0.706115
2 0 0 0.992629
3 0 0 0.658889

5
1 0 3281 0.84623
2 0 2505 0.849075
4 0 0 0.868231
5 0 0 0.929122
3 0 0 0.856476

9
1 2 4046 0.931985
2 0 8045 1.00026
4 0 0 0.995868
5 0 0 0.933051
3 0 6440 0.951709
6 1 2 1.06646
12 0 0 1.01878
13 0 0 1.08304
7 0 0 1.13778

3
1 0 4203 0.940068
2 0 0 0.809699
3 0 0 1.02177

3
1 2 5364 0.867637
2 0 0 0.910517
3 0 0 1.0717

3
1 0 8921 0.882361
2 0 0 0.857328
3 0 0 1.0288

3
1 0 7445 0.908801
2 0 0 0.964727
3 0 0 0.890339

3
1 2 1035 0.915976
2 0 0 0.977254
3 0 0 0.841103

1
1 0 0 0.861815

3
1 2 1191 0.86245
2 0 0 0.949432
3 0 0 0.794218

3
1 0 4699 0.930308
2 0 0 0.857122
3 0 0 1.02071

3
1 2 4554 0.84698
2 0 0 0.855204
3 0 0 0.972445

3
1 2 1271 0.86892
2 0 0 0.897333
3 0 0 0.960471

5
1 0 9506 0.845304
2 0 0 0.798163
3 0 9654 0.974573
6 0 0 0.992883
7 0 0 0.968766

5
1 2 795 0.93059
2 0 0 1.01452
3 1 4 0.955662
6 0 0 0.930192
7 0 0 0.907515

1
1 0 0 0.760757

3
1 0 9877 0.795523
2 0 0 0.839376
3 0 0 0.941667

5
1 0 3370 0.972737
2 0 0 0.898407
3 0 6098 0.933918
6 0 0 0.941003
7 0 0 0.85463

9
1 0 1110 0.917754
2 1 3 0.977151
4 2 1352 0.893776
8 0 0 0.962827
9 0 0 1.08709
5 2 1540 0.998726
10 0 0 1.07242
11 0 0 1.18327
3 0 0 0.91704

3
1 1 3 0.896164
2 0 0 0.881974
3 0 0 0.910862

3
1 1 3 0.859357
2 0 0 0.837688
3 0 0 0.960984

3
1 0 825 0.904023
2 0 0 1.00767
3 0 0 0.835129

3
1 0 9737 0.860567
2 0 0 0.928327
3 0 0 0.954302

5
1 1 1 0.924794
2 0 0 0.819426
3 2 3807 0.94948
6 0 0 0.978886
7 0 0 0.893914

5
1 0 9241 0.846344
2 0 0 0.806196
3 2 2986 0.944231
6 0 0 1.13225
7 0 0 0.9772

3
1 2 16 0.793271
2 0 0 0.934844
3 0 0 0.873913

1
1 0 0 0.80115

3
1 0 394 0.805687
2 0 0 1.00726
3 0 0 0.8091

3
1 0 8260 0.979713
2 0 0 0.938131
3 0 0 0.848819

5
1 2 158 0.915341
2 0 0 0.942006
3 2 3620 1.02485
6 0 0 1.0317
7 0 0 0.962174

7
1 0 7329 0.900883
2 0 5723 0.917244
4 0 0 0.937165
5 2 1815 1.0025
10 0 0 0.939002
11 0 0 0.982804
3 0 0 0.970557

3
1 0 6755 0.826585
2 0 0 0.800935
3 0 0 1.02889

5
1 0 273 0.906899
2 2 4647 0.966935
4 0 0 0.886979
5 0 0 0.906706
3 0 0 0.912087

1
1 0 0 0.750536

9
1 2 95 0.92697
2 1 2 0.837092
4 0 0 1.0347
5 0 0 0.965968
3 0 3514 0.967542
6 0 0 0.900186
7 0 4784 0.965962
14 0 0 1.03366
15 0 0 0.973095

5
1 0 5193 0.897923
2 0 4489 0.924529
4 0 0 0.835436
5 0 0 0.900181
3 0 0 1.08902

3
1 0 8936 0.91381
2 0 0 0.822135
3 0 0 1.12882

3
1 0 4383 0.882415
2 0 0 0.825382
3 0 0 1.03962

3
1 1 1 0.931216
2 0 0 0.920558
3 0 0 0.888073

7
1 2 1739 0.813004
2 0 0 0.927036
3 2 2514 0.897786
6 0 7742 0.932613
12 0 0 0.954049
13 0 0 0.997817
7 0 0 1.08525

3
1 2 2913 0.919068
2 0 0 0.907872
3 0 0 0.817754

1
1 0 0 0.814672

3
1 2 4990 0.866188
2 0 0 0.858136
3 0 0 0.931178

5
1 0 2556 0.865512
2 0 0 1.07339
3 2 1640 1.04735
6 0 0 1.04975
7 0 0 0.985657

3
1 2 3044 0.895501
2 0 0 0.919141
3 0 0 0.886552

3
1 2 241 0.800943
2 0 0 0.989916
3 0 0 0.820213

5
1 0 3568 0.921884
2 2 5105 0.812082
4 0 0 0.875754
5 0 0 1.03189
3 0 0 0.92147

3
1 0 1113 0.879919
2 0 0 0.872948
3 0 0 0.842076

1
1 0 0 0.767417

3
1 0 9686 0.835315
2 0 0 0.795709
3 0 0 1.00933

3
1 0 713 0.823969
2 0 0 1.13707
3 0 0 0.777331

3
1 1 1 0.823189
2 0 0 0.815096
3 0 0 0.839072

3
1 2 1116 0.86378
2 0 0 0.95303
3 0 0 0.755224

1
1 0 0 0.788466

3
1 0 2148 0.946576
2 0 0 0.973827
3 0 0 0.959135

3
1 0 249 0.917028
2 0 0 0.978292
3 0 0 0.900981

3
1 0 4052 0.847571
2 0 0 0.841092
3 0 0 1.051

5
1 1 4 0.855049
2 0 0 0.889977
3 2 2486 0.990963
6 0 0 0.961114
7 0 0 1.0001

3
1 2 1661 0.844256
2 0 0 0.92255
3 0 0 0.906999

3
1 2 5395 0.90484
2 0 0 0.89043
3 0 0 1.12548

3
1 0 4467 0.88073
2 0 0 0.714566
3 0 0 0.946513

3
1 2 121 0.86905
2 0 0 1.13441
3 0 0 0.83222

5
1 1 4 0.88239
2 2 2127 0.914852
4 0 0 1.05444
5 0 0 0.849175
3 0 0 1.03468

3
1 0 1271 0.827015
2 0 0 0.992005
3 0 0 0.791086

5
1 2 5137 0.820445
2 0 0 0.82398
3 1 1 0.991843
6 0 0 1.02659
7 0 0 0.899237

5
1 2 5044 0.898406
2 0 0 0.902617
3 1 3 0.964792
6 0 0 1.01571
7 0 0 1.02549

7
1 1 3 0.886399
2 0 4539 0.954878
4 0 0 0.885892
5 0 0 1.00614
3 0 2058 0.923274
6 0 0 1.04447
7 0 0 0.942261

1
1 0 0 0.863379

3
1 2 4430 0.80821
2 0 0 0.822971
3 0 0 0.846317

3
1 1 1 0.90368
2 0 0 1.04422
3 0 0 0.842464

3
1 0 4262 0.972908
2 0 0 1.01393
3 0 0 1.05025

3
1 0 342 0.855683
2 0 0 1.02697
3 0 0 0.85427

3
1 0 188 0.87748
2 0 0 1.05709
3 0 0 0.892596

3
1 2 5379 0.848106
2 0 0 0.816855
3 0 0 1.04895

3
1 1 1 0.995948
2 0 0 0.895603
3 0 0 1.02943

3
1 0 1574 0.80896
2 0 0 0.980337
3 0 0 0.8114

3
1 0 145 0.847383
2 0 0 0.940383
3 0 0 0.871448

3
1 0 1782 0.86014
2 0 0 0.875378
3 0 0 0.727102

5
1 0 856 0.888397
2 0 0 0.883218
3 0 7457 0.867942
6 0 0 0.878689
7 0 0 1.0114

3
1 0 294 0.76289
2 0 0 0.96659
3 0 0 0.760318

3
1 0 9070 0.836125
2 0 0 0.757362
3 0 0 0.954232

3
1 0 3672 0.923013
2 0 0 0.791159
3 0 0 0.951483

7
1 2 251 0.706849
2 2 96 1.03842
4 0 822 0.981821
8 0 0 0.989242
9 0 0 1.08807
5 0 0 0.918048
3 0 0 0.716774

3
1 0 1667 0.88794
2 0 0 1.05933
3 0 0 0.863946

3
1 0 4212 0.869818
2 0 0 0.877553
3 0 0 1.13856

7
1 2 5233 0.864917
2 0 2172 0.885216
4 1 2 0.900619
8 0 0 0.827703
9 0 0 0.863459
5 0 0 0.858438
3 0 0 0.962704

3
1 1 4 0.891915
2 0 0 0.932156
3 0 0 0.95361

3
1 0 7928 0.987965
2 0 0 0.899732
3 0 0 0.95554

5
1 2 3313 1.06077
2 0 0 0.989015
3 2 3672 0.915217
6 0 0 1.06885
7 0 0 0.856011

5
1 0 1168 0.822443
2 0 0 0.894913
3 0 2299 1.02382
6 0 0 0.847462
7 0 0 1.01277

3
1 2 3330 0.900357
2 0 0 0.909491
3 0 0 0.923664

5
1 0 6556 0.920043
2 2 4322 0.896569
4 0 0 1.00501
5 0 0 0.98294
3 0 0 1.09527

3
1 1 3 0.864599
2 0 0 0.87312
3 0 0 0.895393

3
1 0 3965 0.8513
2 0 0 0.835443
3 0 0 0.821621

1
1 0 0 0.875569

3
1 0 9144 0.91757
2 0 0 0.9399
3 0 0 0.967248

1
1 0 0 0.781004

1
1 0 0 0.792137

5
1 0 4624 0.883256
2 0 4261 0.910083
4 0 0 0.906422
5 0 0 1.03363
3 0 0 0.9729

3
1 0 6205 0.849033
2 0 0 0.853344
3 0 0 0.931543

1
1 0 0 0.995828

3
1 1 2 0.853869
2 0 0 0.854684
3 0 0 0.904906

3
1 0 5257 0.914534
2 0 0 0.835224
3 0 0 1.05136

3
1 0 1119 0.859642
2 0 0 0.944263
3 0 0 0.79425

3
1 0 9006 0.77494
2 0 0 0.754684
3 0 0 1.00031

3
1 2 24 0.692599
2 0 0 1.03386
3 0 0 0.677606

1
1 0 0 0.739272

3
1 0 9669 0.966768
2 0 0 0.879904
3 0 0 1.05711

3
1 2 4779 1.05312
2 0 0 1.00663
3 0 0 1.0559

3
1 0 4315 0.962544
2 0 0 0.922221
3 0 0 0.953493

3
1 1 4 0.923261
2 0 0 1.00929
3 0 0 1.06386

3
1 0 7605 0.887439
2 0 0 0.979455
3 0 0 0.978907

3
1 0 4569 0.928125
2 0 0 0.92468
3 0 0 0.938138

3
1 2 643 0.940396
2 0 0 0.964548
3 0 0 0.899391

3
1 2 4290 0.848113
2 0 0 0.923771
3 0 0 0.977786

3
1 2 4687 0.813223
2 0 0 0.801154
3 0 0 0.931959

5
1 0 8826 0.924119
2 1 1 0.829465
4 0 0 0.934132
5 0 0 0.822146
3 0 0 0.84611

1
1 0 0 0.820533

3
1 2 513 0.901559
2 0 0 0.985567
3 0 0 0.883683

1
1 0 0 0.88386

3
1 0 1779 0.884229
2 0 0 0.925977
3 0 0 0.801712

3
1 0 9849 0.899947
2 0 0 0.854656
3 0 0 1.0951

3
1 2 4104 0.865214
2 0 0 0.883616
3 0 0 0.906212

7
1 2 1862 0.855837
2 0 1306 0.985403
4 2 919 1.01921
8 0 0 1.10544
9 0 0 0.941266
5 0 0 0.908807
3 0 0 0.899872

5
1 2 1598 0.895847
2 2 932 1.0408
4 0 0 0.882921
5 0 0 1.05655
3 0 0 0.79198

5
1 0 182 0.870484
2 0 28 0.974824
4 0 0 0.990236
5 0 0 1.02667
3 0 0 0.915571

7
1 0 8313 0.943801
2 1 1 0.942624
4 0 0 0.786436
5 0 7829 0.917872
10 0 0 0.876934
11 0 0 1.01344
3 0 0 1.13744

3
1 0 977 0.806097
2 0 0 0.846435
3 0 0 0.785299

3
1 2 5361 0.852487
2 0 0 0.876061
3 0 0 0.870443

1
1 0 0 0.913325

3
1 1 1 0.979715
2 0 0 0.9826
3 0 0 0.947122

3
1 0 9885 0.810998
2 0 0 0.912346
3 0 0 0.952818

5
1 2 5235 0.864165
2 0 0 0.849812
3 2 5362 0.92194
6 0 0 0.996162
7 0 0 0.92472

3
1 0 3390 0.852884
2 0 0 0.826544
3 0 0 0.873501

1
1 0 0 0.876989

3
1 0 2844 0.959317
2 0 0 0.863476
3 0 0 0.924905

1
1 0 0 0.86831

3
1 0 4383 0.882415
2 0 0 0.883757
3 0 0 1.06924

7
1 1 4 0.879154
2 0 0 0.872388
3 0 600 0.946059
6 2 3837 1.08434
12 0 0 0.948512
13 0 0 1.04618
7 0 0 0.966194

3
1 0 5199 0.949022
2 0 0 0.869294
3 0 0 0.992494

7
1 0 8074 0.848965
2 0 4625 0.866648
4 0 1285 0.918371
8 0 0 1.00946
9 0 0 0.85401
5 0 0 1.10696
3 0 0 1.02782

1
1 0 0 0.957169

1
1 0 0 0.849009

1
1 0 0 0.881692

5
1 0 2585 0.870408
2 0 860 0.982531
4 0 0 1.00481
5 0 0 0.991391
3 0 0 0.971329

7
1 0 7739 0.951348
2 0 2451 0.884119
4 0 0 0.870359
5 0 5809 0.888186
10 0 0 0.9018
11 0 0 1.03695
3 0 0 0.956974

5
1 0 3568 0.921884
2 0 0 0.78781
3 0 4587 1.01326
6 0 0 0.890455
7 0 0 1.00613

1
1 0 0 0.843238

7
1 0 8145 0.968424
2 2 5392 0.786923
4 0 0 0.805382
5 0 0 1.18961
3 0 8439 1.00542
6 0 0 1.16641
7 0 0 1.03851

3
1 0 4792 0.905201
2 0 0 0.924619
3 0 0 0.999233

1
1 0 0 0.858549

3
1 0 1032 0.821215
2 0 0 1.12592
3 0 0 0.844521

1
1 0 0 0.730093

3
1 0 19 0.750025
2 0 0 1.18274
3 0 0 0.771828

3
1 0 8613 0.853174
2 0 0 0.896355
3 0 0 0.946416

7
1 0 4795 0.8701
2 0 3834 0.863276
4 0 0 0.847707
5 0 0 0.973697
3 0 9615 0.901592
6 0 0 0.895375
7 0 0 1.07235

5
1 0 3511 0.855536
2 0 3158 0.719963
4 0 0 0.736418
5 0 0 0.903641
3 0 0 0.865112

1
1 0 0 0.786705

5
1 2 920 0.959585
2 0 0 0.940491
3 1 4 0.939373
6 0 0 0.866563
7 0 0 1.04127

3
1 2 4440 0.894271
2 0 0 0.883473
3 0 0 0.969298

1
1 0 0 0.808716

3
1 1 4 0.832354
2 0 0 0.865028
3 0 0 0.911942

1
1 0 0 0.785092

3
1 1 2 0.838894
2 0 0 0.876256
3 0 0 0.997567

3
1 2 5130 0.910429
2 0 0 0.894868
3 0 0 0.967681

3
1 2 5348 0.746803
2 0 0 0.815333
3 0 0 0.973765

7
1 0 4537 0.996135
2 0 2955 0.920354
4 0 0 0.843903
5 0 0 0.942046
3 2 5367 1.12879
6 0 0 1.07421
7 0 0 0.999804

5
1 2 3771 0.860435
2 2 1545 0.924116
4 0 0 0.992317
5 0 0 1.02321
3 0 0 0.875365

3
1 2 4423 0.883569
2 0 0 0.898773
3 0 0 0.900103

3
1 0 7332 0.855516
2 0 0 0.835745
3 0 0 1.03718

3
1 0 3789 0.919336
2 0 0 0.786695
3 0 0 1.0155

3
1 1 3 0.862442
2 0 0 0.918475
3 0 0 0.874329

3
1 0 9258 0.890358
2 0 0 0.858505
3 0 0 0.896326

3
1 0 9495 0.837944
2 0 0 0.797463
3 0 0 0.896582

3
1 0 1104 0.874407
2 0 0 1.00461
3 0 0 0.877353

3
1 0 1574 0.80896
2 0 0 0.998198
3 0 0 0.863455

5
1 0 9503 0.87308
2 0 0 0.892029
3 1 3 1.07113
6 0 0 1.12314
7 0 0 1.01501

3
1 0 1029 0.798744
2 0 0 1.02413
3 0 0 0.772762

7
1 1 2 0.883506
2 0 0 0.982954
3 1 3 0.916772
6 0 5250 0.925913
12 0 0 0.990007
13 0 0 0.927387
7 0 0 0.952617

1
1 0 0 0.858898

3
1 0 1186 0.809752
2 0 0 1.06887
3 0 0 0.89511

3
1 1 4 0.890835
2 0 0 0.869933
3 0 0 0.964614

3
1 0 1414 0.889901
2 0 0 0.975523
3 0 0 0.808677

3
1 0 429 0.685099
2 0 0 0.983741
3 0 0 0.826686

1
1 0 0 0.886655

3
1 1 3 0.909107
2 0 0 0.881829
3 0 0 0.97285

3
1 1 2 0.899722
2 0 0 0.86234
3 0 0 0.929089

3
1 0 366 0.757432
2 0 0 0.983329
3 0 0 0.719153

5
1 0 4483 0.854231
2 0 0 0.84029
3 2 2395 0.904375
6 0 0 0.828486
7 0 0 0.92464

3
1 1 3 0.906473
2 0 0 1.01592
3 0 0 0.913663

1
1 0 0 0.927581

7
1 0 6443 0.848314
2 0 5644 0.903071
4 0 0 0.858156
5 0 0 0.92927
3 1 4 1.00184
6 0 0 1.08662
7 0 0 0.910926

3
1 0 9010 0.886581
2 0 0 0.831004
3 0 0 0.913721

3
1 2 1482 0.88343
2 0 0 0.930493
3 0 0 0.851514

3
1 0 1072 0.880786
2 0 0 1.02854
3 0 0 0.852665

5
1 0 6886 0.921606
2 0 0 0.918588
3 0 8758 1.01721
6 0 0 1.03252
7 0 0 1.0508

3
1 0 8853 0.862618
2 0 0 0.784641
3 0 0 0.943412

5
1 0 3538 0.915636
2 0 0 0.920649
3 2 1872 0.939468
6 0 0 1.00383
7 0 0 0.906434

3
1 2 3365 0.916064
2 0 0 0.871218
3 0 0 0.981135

3
1 0 2002 0.952155
2 0 0 1.03856
3 0 0 0.918656

1
1 0 0 0.841079

5
1 2 3101 0.97379
2 1 4 0.954058
4 0 0 0.89336
5 0 0 0.968938
3 0 0 0.846309

5
1 2 210 0.885398
2 0 0 0.965833
3 2 3147 0.919263
6 0 0 1.00805
7 0 0 0.884723

3
1 2 4990 0.924641
2 0 0 0.959611
3 0 0 0.899379

5
1 2 492 0.842256
2 1 3 1.05099
4 0 0 1.00757
5 0 0 0.947972
3 0 0 0.858373

3
1 2 470 0.906544
2 0 0 0.967894
3 0 0 0.818222

3
1 0 9546 0.828321
2 0 0 0.823568
3 0 0 0.880285

5
1 2 3138 0.860993
2 0 0 0.806362
3 0 1884 0.815834
6 0 0 1.15257
7 0 0 0.825622

3
1 0 1057 0.801565
2 0 0 1.04724
3 0 0 0.841968

3
1 2 3333 0.880908
2 0 0 0.891955
3 0 0 0.765571

3
1 0 9807 0.755122
2 0 0 0.742172
3 0 0 0.932953

5
1 0 9134 1.03864
2 0 8800 0.819608
4 0 0 0.8227
5 0 0 1.03174
3 0 0 1.09113

3
1 2 134 0.833781
2 0 0 1.08791
3 0 0 0.793779

5
1 0 3800 0.904656
2 0 0 0.787401
3 2 3265 1.02615
6 0 0 1.00494
7 0 0 0.913313

3
1 2 1095 0.881673
2 0 0 1.02181
3 0 0 0.911765

3
1 0 8480 0.866566
2 0 0 0.877669
3 0 0 0.930165

3
1 0 9858 0.906068
2 0 0 0.984433
3 0 0 0.883682

5
1 2 1718 0.985015
2 1 3 0.932831
4 0 0 0.916825
5 0 0 1.02228
3 0 0 0.86989

3
1 0 4404 0.914062
2 0 0 0.757734
3 0 0 0.896126

3
1 2 12 0.954757
2 0 0 0.942056
3 0 0 0.890006

5
1 2 2709 0.930708
2 0 0 0.961675
3 0 7419 1.03892
6 0 0 1.17395
7 0 0 0.984061

7
1 1 2 0.896424
2 0 0 0.955347
3 0 2729 0.953135
6 2 1827 0.978488
12 0 0 1.14666
13 0 0 0.913418
7 0 0 0.949623

5
1 0 1255 0.865956
2 1 1 0.943667
4 0 0 0.938239
5 0 0 0.930571
3 0 0 0.913926

7
1 2 4456 0.805123
2 2 3491 0.917432
4 0 0 0.940165
5 0 0 0.823608
3 1 3 1.07711
6 0 0 1.04557
7 0 0 1.01851

1
1 0 0 0.847818

7
1 0 4791 0.927634
2 0 3766 0.909171
4 2 136 0.735562
8 0 0 1.00142
9 0 0 0.866948
5 0 0 1.05742
3 0 0 1.00835

1
1 0 0 0.679679

1
1 0 0 0.819728

3
1 1 2 0.889026
2 0 0 0.919594
3 0 0 0.849636

3
1 1 1 0.930508
2 0 0 0.880154
3 0 0 0.954195

1
1 0 0 0.847066

5
1 2 1597 0.889448
2 0 0 0.966816
3 2 2079 0.931263
6 0 0 1.02161
7 0 0 0.969127

5
1 2 5272 0.831389
2 0 0 0.752082
3 1 2 0.997504
6 0 0 0.962945
7 0 0 0.954268

7
1 1 2 0.926432
2 0 0 0.929007
3 0 4362 1.02801
6 2 151 0.90354
12 0 0 0.832023
13 0 0 0.900065
7 0 0 0.981164

3
1 2 3708 0.879112
2 0 0 0.847688
3 0 0 0.941634

3
1 0 9296 0.842609
2 0 0 0.934404
3 0 0 0.943337

1
1 0 0 0.70806

3
1 2 1652 0.861225
2 0 0 0.962615
3 0 0 0.817185

3
1 0 7838 0.969633
2 0 0 0.96187
3 0 0 0.895787

3
1 0 3976 0.936233
2 0 0 0.879496
3 0 0 1.001

5
1 0 6807 0.88183
2 0 0 0.890001
3 0 8686 0.936312
6 0 0 0.972372
7 0 0 0.933782

3
1 2 964 0.902011
2 0 0 0.899315
3 0 0 0.90277

3
1 2 1645 0.863301
2 0 0 1.00728
3 0 0 0.800669

1
1 0 0 0.864108

5
1 0 4597 0.943647
2 0 0 0.952829
3 2 3529 1.03858
6 0 0 1.0034
7 0 0 1.03847

5
1 2 725 0.880385
2 1 2 0.865631
4 0 0 0.872589
5 0 0 0.898739
3 0 0 0.852726

3
1 0 2519 0.947904
2 0 0 0.788767
3 0 0 1.08025

3
1 2 4694 0.873852
2 0 0 0.842183
3 0 0 0.983702

3
1 1 3 0.929726
2 0 0 0.96317
3 0 0 0.976292

3
1 1 4 0.900222
2 0 0 0.956399
3 0 0 0.903722

5
1 2 2766 0.878225
2 0 0 0.837748
3 1 3 0.827411
6 0 0 0.800359
7 0 0 0.899291

3
1 2 3094 0.883568
2 0 0 0.908613
3 0 0 0.850765

1
1 0 0 0.87249

3
1 0 8193 0.836811
2 0 0 0.957509
3 0 0 1.05334

1
1 0 0 0.771932

5
1 1 4 0.898518
2 1 2 0.845604
4 0 0 0.93516
5 0 0 0.880296
3 0 0 0.896844

5
1 0 5844 0.81915
2 0 0 0.789064
3 0 6753 0.920377
6 0 0 1.02334
7 0 0 0.954212

5
1 0 3727 0.908775
2 1 4 0.932764
4 0 0 0.899526
5 0 0 0.975135
3 0 0 0.896545

3
1 0 5354 0.892008
2 0 0 0.899118
3 0 0 0.95333

5
1 0 1202 0.777355
2 1 4 1.01449
4 0 0 0.920029
5 0 0 1.01211
3 0 0 0.788233

5
1 0 1857 0.828783
2 2 3296 0.930029
4 0 0 0.970652
5 0 0 1.02576
3 0 0 0.792474

3
1 0 5167 0.908702
2 0 0 0.832413
3 0 0 1.02994

3
1 2 256 0.791512
2 0 0 0.845969
3 0 0 0.674093

5
1 0 1747 0.837946
2 1 2 0.962529
4 0 0 1.0643
5 0 0 0.89837
3 0 0 0.864585

3
1 2 2726 0.857035
2 0 0 0.843107
3 0 0 0.882291

1
1 0 0 0.664836

3
1 0 4978 0.910984
2 0 0 0.856259
3 0 0 0.916467

5
1 1 2 0.913467
2 0 0 1.08668
3 1 3 0.899172
6 0 0 0.90859
7 0 0 0.896707

3
1 1 3 0.958456
2 0 0 0.875196
3 0 0 1.00098

5
1 0 8948 0.77188
2 0 0 0.757241
3 2 435 0.939582
6 0 0 1.02441
7 0 0 0.958456

3
1 0 3789 0.919336
2 0 0 0.876449
3 0 0 1.01011

3
1 0 3963 0.922632
2 0 0 0.917837
3 0 0 0.987099

5
1 0 9496 0.924223
2 0 0 0.934467
3 1 3 1.02375
6 0 0 0.8725
7 0 0 0.937666

5
1 1 1 0.958745
2 0 7151 1.00664
4 0 0 0.999847
5 0 0 1.00622
3 0 0 0.831204

3
1 0 9280 0.897765
2 0 0 0.816313
3 0 0 0.929865

1
1 0 0 0.970858

1
1 0 0 0.843963

1
1 0 0 0.825768

3
1 2 4137 0.96977
2 0 0 1.01095
3 0 0 0.869241

3
1 0 456 0.84657
2 0 0 1.06808
3 0 0 0.860232

3
1 0 925 0.929085
2 0 0 1.17696
3 0 0 0.830131

3
1 2 5234 0.947697
2 0 0 0.916777
3 0 0 0.914965

3
1 0 1052 0.856966
2 0 0 0.952649
3 0 0 0.807523

3
1 0 5022 0.954864
2 0 0 0.86208
3 0 0 1.00451

3
1 0 6949 0.936933
2 0 0 0.80208
3 0 0 0.931564

3
1 2 1443 0.925758
2 0 0 0.981547
3 0 0 0.773036

3
1 0 4923 0.90956
2 0 0 0.840847
3 0 0 0.954326

5
1 0 9284 0.862775
2 0 0 0.798153
3 0 9794 1.00842
6 0 0 1.00039
7 0 0 1.12161

5
1 1 1 0.899434
2 2 641 0.907305
4 0 0 1.0134
5 0 0 0.972402
3 0 0 0.843748

9
1 0 2673 0.909946
2 0 0 0.866343
3 0 3561 1.16845
6 2 1025 0.986204
12 0 0 1.01147
13 1 1 1.06265
26 0 0 1.08412
27 0 0 1.12742
7 0 0 1.09861

1
1 0 0 0.915219

3
1 1 1 0.876827
2 0 0 0.883087
3 0 0 0.952773

3
1 0 3301 0.854439
2 0 0 0.776392
3 0 0 0.856394

3
1 2 4970 0.822417
2 0 0 0.836376
3 0 0 0.929486

5
1 0 9006 0.837082
2 0 0 0.781716
3 1 3 1.03258
6 0 0 0.98019
7 0 0 1.02931

1
1 0 0 0.850508

1
1 0 0 0.87723

1
1 0 0 0.876

3
1 0 3210 0.956207
2 0 0 0.8368
3 0 0 1.01463

5
1 2 4515 0.901601
2 0 4199 0.902753
4 0 0 0.893768
5 0 0 1.00856
3 0 0 0.982285

3
1 1 3 0.832351
2 0 0 0.799571
3 0 0 0.907483

1
1 0 0 0.947705

3
1 0 5233 0.839736
2 0 0 0.804576
3 0 0 0.878225

1
1 0 0 0.935855

3
1 2 1153 0.868287
2 0 0 0.920413
3 0 0 0.922719

3
1 0 4446 0.840932
2 0 0 0.789378
3 0 0 0.87242

3
1 0 2817 0.908868
2 0 0 0.810254
3 0 0 0.996304

3
1 2 3782 0.905942
2 0 0 0.961212
3 0 0 0.857799

5
1 0 663 0.899822
2 2 4826 1.05807
4 0 0 1.06019
5 0 0 1.18084
3 0 0 0.833418

5
1 1 1 0.937109
2 0 0 0.865631
3 0 704 0.936122
6 0 0 1.07278
7 0 0 0.981605

5
1 0 792 0.922942
2 2 3148 0.961987
4 0 0 1.06332
5 0 0 1.03414
3 0 0 0.930454

3
1 2 408 0.805273
2 0 0 0.958464
3 0 0 0.802282

3
1 2 3017 0.868708
2 0 0 0.873863
3 0 0 0.864256

1
1 0 0 0.754831

1
1 0 0 0.714486

1
1 0 0 0.816739

5
1 0 1928 0.847735
2 2 281 0.892569
4 0 0 1.13316
5 0 0 0.896876
3 0 0 0.794501

3
1 2 460 0.894598
2 0 0 1.05976
3 0 0 0.747115

5
1 0 4404 0.914062
2 0 0 0.82358
3 0 7851 1.03196
6 0 0 1.02362
7 0 0 1.08527

3
1 0 8602 0.879104
2 0 0 1.01843
3 0 0 0.891429

5
1 0 3550 0.931362
2 0 2933 0.865249
4 0 0 0.898579
5 0 0 0.888332
3 0 0 1.0381

3
1 2 318 0.855338
2 0 0 0.916513
3 0 0 0.833012

5
1 0 1684 0.912979
2 1 1 0.94087
4 0 0 0.960386
5 0 0 0.965793
3 0 0 0.870664

3
1 0 614 0.916434
2 0 0 0.889238
3 0 0 1.00278

3
1 1 2 0.948911
2 0 0 0.828754
3 0 0 0.926281

1
1 0 0 0.870425

5
1 1 1 0.945774
2 0 4965 0.898615
4 0 0 0.918846
5 0 0 0.85421
3 0 0 0.936321

3
1 2 2189 0.866254
2 0 0 0.938725
3 0 0 1.01366

3
1 0 729 0.859971
2 0 0 1.02978
3 0 0 0.780396

3
1 0 1758 0.901941
2 0 0 1.03578
3 0 0 0.847647

3
1 0 1290 0.961125
2 0 0 0.958419
3 0 0 0.891586

3
1 0 1669 0.806227
2 0 0 1.00099
3 0 0 0.882756

3
1 1 4 0.860413
2 0 0 0.87012
3 0 0 0.957001

5
1 0 502 0.945926
2 1 2 0.961988
4 0 0 0.970953
5 0 0 1.02881
3 0 0 0.821984

3
1 1 3 0.87742
2 0 0 0.894428
3 0 0 0.879945

1
1 0 0 0.780893

3
1 1 4 0.977473
2 0 0 0.879886
3 0 0 1.00613

3
1 0 6532 0.863971
2 0 0 0.881186
3 0 0 1.07202

1
1 0 0 0.825324

3
1 0 9388 0.752288
2 0 0 0.906314
3 0 0 1.03895

3
1 2 4172 0.901228
2 0 0 0.921994
3 0 0 1.02306

3
1 0 515 0.833103
2 0 0 1.18622
3 0 0 0.925237

1
1 0 0 0.879233

3
1 2 3168 0.887403
2 0 0 0.982608
3 0 0 0.973879

3
1 1 4 0.923474
2 0 0 0.843961
3 0 0 0.936343

3
1 0 176 0.863227
2 0 0 1.05892
3 0 0 0.923487

3
1 0 6836 0.962644
2 0 0 0.801965
3 0 0 0.928472

1
1 0 0 0.80949

3
1 2 1156 0.892353
2 0 0 0.933165
3 0 0 0.911127

5
1 0 15 0.908775
2 0 0 0.958574
3 2 2443 0.891963
6 0 0 0.964804
7 0 0 0.875382

3
1 0 938 0.784788
2 0 0 1.06298
3 0 0 0.819698

3
1 0 3728 0.873734
2 0 0 0.845705
3 0 0 0.917936

3
1 2 5371 0.816733
2 0 0 0.771989
3 0 0 0.936846

1
1 0 0 0.977751

3
1 1 3 1.0032
2 0 0 1.051
3 0 0 1.04158

3
1 2 2492 0.851564
2 0 0 0.882112
3 0 0 0.883594

3
1 0 4821 0.953166
2 0 0 0.849724
3 0 0 0.91084

5
1 0 1940 0.941208
2 0 0 1.21576
3 2 2854 0.913208
6 0 0 1.00897
7 0 0 0.92319

3
1 1 4 0.862102
2 0 0 0.871885
3 0 0 0.951241

3
1 0 6503 0.85094
2 0 0 0.754668
3 0 0 0.991976

5
1 0 9517 0.867001
2 0 5381 0.864572
4 0 0 0.845362
5 0 0 0.887096
3 0 0 1.0997

5
1 2 2299 0.911462
2 0 0 0.873661
3 2 5017 0.988687
6 0 0 0.955703
7 0 0 0.946906

1
1 0 0 0.803631

5
1 1 3 0.888905
2 0 0 0.913238
3 1 4 1.01572
6 0 0 1.02213
7 0 0 1.06278

3
1 2 2750 0.922628
2 0 0 0.882395
3 0 0 0.939071

1
1 0 0 0.742261

3
1 2 139 0.78615
2 0 0 1.08871
3 0 0 0.785154

1
1 0 0 0.758742

3
1 0 4514 0.869699
2 0 0 0.802693
3 0 0 0.938078

1
1 0 0 0.796129

1
1 0 0 0.82326

3
1 2 4799 0.871902
2 0 0 0.883528
3 0 0 0.884203

1
1 0 0 0.854975

3
1 1 4 0.911841
2 0 0 0.849385
3 0 0 1.0309

5
1 0 8440 0.888162
2 0 0 0.898998
3 2 2650 1.05265
6 0 0 0.992019
7 0 0 0.939012

3
1 0 2685 0.970858
2 0 0 0.89561
3 0 0 0.986262

7
1 1 3 0.840202
2 0 0 0.976293
3 1 4 0.847338
6 0 0 1.01536
7 2 5136 0.784964
14 0 0 0.844821
15 0 0 1.1773

5
1 0 1152 0.770115
2 0 0 1.07112
3 2 5277 0.861111
6 0 0 0.814514
7 0 0 1.15595

3
1 2 2089 0.860173
2 0 0 0.877318
3 0 0 0.902259

1
1 0 0 0.847858

5
1 1 4 0.954926
2 0 3119 0.965097
4 0 0 0.780942
5 0 0 1.0801
3 0 0 0.943225

1
1 0 0 0.842695

1
1 0 0 0.909274

1
1 0 0 0.75988

5
1 0 3282 0.87606
2 0 0 0.753363
3 1 2 1.00953
6 0 0 1.17255
7 0 0 1.01959

1
1 0 0 0.775741

3
1 1 1 0.998972
2 0 0 0.795495
3 0 0 0.928248

3
1 2 3322 0.930314
2 0 0 0.952891
3 0 0 1.04159

5
1 0 290 0.907816
2 2 757 1.0918
4 0 0 1.01963
5 0 0 1.02249
3 0 0 0.856888

3
1 0 966 0.835269
2 0 0 0.91636
3 0 0 0.925682

1
1 0 0 0.792397

1
1 0 0 0.943872

5
1 0 1172 0.865058
2 1 4 0.92335
4 0 0 1.0758
5 0 0 0.947524
3 0 0 0.84622

5
1 2 4442 0.904069
2 2 2412 0.893842
4 0 0 0.939969
5 0 0 0.964702
3 0 0 0.883056

5
1 1 1 0.897764
2 2 2673 1.01054
4 0 0 1.00179
5 0 0 0.889628
3 0 0 0.859728

5
1 0 9832 0.928609
2 0 0 0.838475
3 0 9950 0.955235
6 0 0 1.00372
7 0 0 0.920923

3
1 0 8994 0.831377
2 0 0 0.752882
3 0 0 1.04006

3
1 0 9845 0.83501
2 0 0 0.789772
3 0 0 1.07296

3
1 2 2386 0.999075
2 0 0 1.01009
3 0 0 1.03138

3
1 0 6691 0.912682
2 0 0 0.810929
3 0 0 0.97806

5
1 0 281 0.874021
2 0 0 0.856371
3 0 820 0.851369
6 0 0 1.01433
7 0 0 0.839782

3
1 2 4671 0.886413
2 0 0 0.859417
3 0 0 0.863475

1
1 0 0 0.975239

3
1 1 4 0.917805
2 0 0 0.924254
3 0 0 0.908175

5
1 0 2384 0.947419
2 0 0 0.810793
3 2 192 0.998535
6 0 0 0.980011
7 0 0 0.945274

3
1 1 4 0.888716
2 0 0 0.859529
3 0 0 1.01312

5
1 0 2817 0.908868
2 0 0 0.935517
3 0 5053 1.02281
6 0 0 1.09177
7 0 0 1.00894

5
1 0 681 0.856285
2 0 0 1.1563
3 0 9006 0.833089
6 0 0 0.784126
7 0 0 0.961327

7
1 0 2887 0.913225
2 0 2241 0.895325
4 0 0 0.89003
5 0 0 0.903784
3 2 1261 0.995457
6 0 0 1.01351
7 0 0 1.01486

5
1 2 4564 0.910258
2 0 0 0.918486
3 2 5361 0.889504
6 0 0 0.934577
7 0 0 0.94433

3
1 0 792 0.922942
2 0 0 0.979295
3 0 0 0.887657

3
1 2 645 0.987429
2 0 0 1.08222
3 0 0 1.00769

3
1 0 1175 0.880342
2 0 0 0.933614
3 0 0 0.783813

3
1 0 9640 0.843331
2 0 0 0.837956
3 0 0 0.991004

1
1 0 0 0.799259

3
1 1 2 0.913805
2 0 0 0.851885
3 0 0 0.92413

3
1 2 638 0.86006
2 0 0 1.01522
3 0 0 0.849508

9
1 0 8290 0.849698
2 0 6916 0.831341
4 0 0 0.848918
5 0 0 0.948025
3 0 9708 1.01119
6 0 0 0.953299
7 0 9776 0.926368
14 0 0 0.979904
15 0 0 0.967098

3
1 2 416 0.839721
2 0 0 0.912342
3 0 0 0.767793

1
1 0 0 0.758012

3
1 0 8862 0.852482
2 0 0 0.857747
3 0 0 1.06492

7
1 1 2 0.882831
2 2 3180 0.949348
4 0 0 0.934029
5 2 5316 0.972939
10 0 0 0.927532
11 0 0 1.11388
3 0 0 0.828056

3
1 2 76 0.791781
2 0 0 0.991111
3 0 0 0.848213

3
1 0 3542 0.940735
2 0 0 0.727493
3 0 0 0.931669

3
1 0 696 0.913277
2 0 0 1.05579
3 0 0 0.859683

3
1 0 260 0.878331
2 0 0 1.03191
3 0 0 0.92265

5
1 2 1717 0.813538
2 0 0 0.97718
3 2 3347 0.877601
6 0 0 0.941362
7 0 0 0.843763

5
1 0 2883 0.92064
2 0 0 0.832935
3 2 3363 1.08912
6 0 0 1.08709
7 0 0 0.920274

3
1 1 1 0.885059
2 0 0 0.897309
3 0 0 0.930186

3
1 2 3159 0.893033
2 0 0 0.968687
3 0 0 0.817022

5
1 0 7712 0.930833
2 0 0 0.829559
3 1 2 1.11305
6 0 0 0.960862
7 0 0 0.942854

3
1 0 7669 0.8443
2 0 0 0.846516
3 0 0 0.971245

5
1 0 9381 0.846112
2 0 0 0.753083
3 1 4 0.961383
6 0 0 0.943997
7 0 0 0.900021

3
1 2 5263 0.854706
2 0 0 0.833689
3 0 0 1.05048

3
1 0 1177 0.895694
2 0 0 1.01858
3 0 0 0.877414

3
1 0 1262 0.976433
2 0 0 0.983423
3 0 0 0.834325

3
1 2 437 0.795419
2 0 0 1.10637
3 0 0 0.799037

5
1 2 1078 0.877145
2 2 742 0.962501
4 0 0 0.959894
5 0 0 0.95491
3 0 0 0.873883

1
1 0 0 0.952615

3
1 0 2368 0.881561
2 0 0 0.856046
3 0 0 0.868508

3
1 0 6315 0.933924
2 0 0 0.8929
3 0 0 0.996692

3
1 0 9568 0.818565
2 0 0 0.822082
3 0 0 1.05606

3
1 0 234 0.866134
2 0 0 1.15974
3 0 0 0.849874

7
1 0 369 0.802836
2 2 3117 1.10602
4 0 0 0.991265
5 0 0 0.929876
3 1 3 0.932444
6 0 0 0.912609
7 0 0 0.894029

3
1 0 3463 0.864745
2 0 0 0.928462
3 0 0 1.05594

3
1 2 1532 0.898349
2 0 0 1.00225
3 0 0 0.845774

3
1 0 6836 0.962644
2 0 0 0.805715
3 0 0 1.00671

3
1 2 4529 0.922476
2 0 0 0.996013
3 0 0 1.02995

3
1 0 6793 0.807998
2 0 0 0.877205
3 0 0 0.981455

3
1 0 648 0.821172
2 0 0 0.994444
3 0 0 0.800991

3
1 1 4 0.809322
2 0 0 0.810193
3 0 0 0.834189

5
1 2 881 0.964468
2 0 4654 1.01747
4 0 0 0.948864
5 0 0 1.01943
3 0 0 0.895022

1
1 0 0 0.769953

3
1 0 536 0.87025
2 0 0 0.89574
3 0 0 0.866488

3
1 1 1 0.882946
2 0 0 1.01852
3 0 0 0.85342

5
1 0 1647 0.897926
2 1 3 1.09748
4 0 0 1.08142
5 0 0 1.02437
3 0 0 0.808163

5
1 0 1508 0.867588
2 0 0 0.998521
3 0 2894 0.923823
6 0 0 0.901928
7 0 0 0.984453

5
1 0 3491 0.953717
2 0 0 0.876132
3 2 3768 0.975926
6 0 0 1.04822
7 0 0 0.946545

3
1 0 8872 0.944189
2 0 0 0.81766
3 0 0 1.01103

1
1 0 0 0.765238

3
1 2 1673 0.868802
2 0 0 0.989467
3 0 0 0.909085

5
1 2 3909 0.946825
2 2 3822 1.03597
4 0 0 1.0289
5 0 0 0.912145
3 0 0 0.862627

7
1 0 4357 0.910229
2 0 0 0.802439
3 0 4943 1.03738
6 0 0 0.968928
7 2 2474 0.997638
14 0 0 0.947738
15 0 0 1.159

3
1 1 3 0.891727
2 0 0 0.910967
3 0 0 0.959456

3
1 0 1041 0.857762
2 0 0 1.06156
3 0 0 0.875403

5
1 0 737 0.889305
2 1 2 1.04591
4 0 0 0.975927
5 0 0 1.01656
3 0 0 0.851599

9
1 2 3360 0.919007
2 0 0 0.871846
3 0 9859 0.920302
6 1 1 0.923562
12 0 0 0.872302
13 2 3783 0.929732
26 0 0 0.951354
27 0 0 0.959351
7 0 0 0.998549

5
1 0 189 0.94298
2 1 4 1.02846
4 0 0 1.02979
5 0 0 1.03922
3 0 0 0.823922

3
1 0 9377 0.911276
2 0 0 0.836001
3 0 0 0.903343

3
1 2 426 0.817792
2 0 0 1.06812
3 0 0 0.88823

3
1 0 1549 0.945753
2 0 0 1.03442
3 0 0 0.889464

3
1 1 2 0.908609
2 0 0 0.8929
3 0 0 0.911547

1
1 0 0 0.794063

3
1 0 9743 0.866494
2 0 0 0.823196
3 0 0 0.939049

3
1 0 4331 0.882995
2 0 0 0.701402
3 0 0 1.04185

3
1 0 4706 0.839191
2 0 0 0.810965
3 0 0 0.968448

1
1 0 0 0.833131

1
1 0 0 0.764743

3
1 0 180 0.831493
2 0 0 1.01705
3 0 0 0.855631

1
1 0 0 1.02747

3
1 0 7514 0.966795
2 0 0 0.83954
3 0 0 1.01518

3
1 1 4 0.858127
2 0 0 1.02824
3 0 0 0.893446

1
1 0 0 0.790684

1
1 0 0 0.815321

5
1 0 8256 0.909714
2 0 4700 0.909611
4 0 0 0.942116
5 0 0 0.897737
3 0 0 0.995556

3
1 0 5895 0.862645
2 0 0 0.829917
3 0 0 0.940454

5
1 1 1 0.982513
2 0 0 1.04451
3 0 7128 0.874599
6 0 0 0.894636
7 0 0 1.01622

3
1 2 1980 0.834945
2 0 0 0.931418
3 0 0 0.810086

3
1 1 4 0.884644
2 0 0 0.831692
3 0 0 0.88884

3
1 0 966 0.835269
2 0 0 1.01729
3 0 0 0.818733

3
1 0 6442 0.888064
2 0 0 0.860068
3 0 0 0.912856

3
1 2 747 0.847067
2 0 0 0.853145
3 0 0 0.840233

3
1 2 2778 0.860382
2 0 0 0.858958
3 0 0 0.897811

3
1 0 8910 0.865026
2 0 0 0.895394
3 0 0 1.0333

3
1 1 1 0.90971
2 0 0 0.902386
3 0 0 0.962837

3
1 0 1177 0.784796
2 0 0 1.06953
3 0 0 0.813481

5
1 2 5269 0.936622
2 0 0 0.892732
3 0 7426 1.05381
6 0 0 1.03255
7 0 0 0.975378

5
1 0 206 0.783494
2 2 2738 0.969374
4 0 0 1.0661
5 0 0 0.977086
3 0 0 0.789574

5
1 0 3704 0.909641
2 0 0 0.879584
3 0 9616 0.978901
6 0 0 1.02209
7 0 0 0.959911

1
1 0 0 0.823181

1
1 0 0 0.78514

7
1 0 3736 0.913388
2 0 3567 0.817196
4 0 0 0.882902
5 0 0 0.922933
3 0 3762 0.920772
6 0 0 0.974818
7 0 0 0.908845

3
1 2 421 0.852669
2 0 0 0.997255
3 0 0 0.785462

1
1 0 0 0.867444

3
1 2 4460 0.902759
2 0 0 0.920019
3 0 0 0.983027

3
1 0 3025 0.972851
2 0 0 0.848049
3 0 0 0.981731

1
1 0 0 0.866869

3
1 1 2 0.830142
2 0 0 0.962484
3 0 0 0.967215

5
1 0 1355 0.918823
2 0 0 0.982935
3 1 2 1.00731
6 0 0 0.950857
7 0 0 1.07771

3
1 2 1382 0.888624
2 0 0 1.03883
3 0 0 0.879922

3
1 0 1159 0.853091
2 0 0 0.893224
3 0 0 0.843916

3
1 0 8277 0.851314
2 0 0 0.901034
3 0 0 0.856291

3
1 0 2875 0.92831
2 0 0 0.816991
3 0 0 1.06905

3
1 0 9136 0.924839
2 0 0 0.831376
3 0 0 0.930412

5
1 0 35 0.900258
2 0 0 1.14219
3 2 2625 0.859633
6 0 0 0.92944
7 0 0 0.880397

3
1 2 2239 0.950288
2 0 0 0.931308
3 0 0 0.970787

5
1 0 8126 1.00797
2 2 1260 0.953532
4 0 0 1.00294
5 0 0 0.905205
3 0 0 0.85217

3
1 0 2947 0.871638
2 0 0 0.912362
3 0 0 0.927678

3
1 0 9332 0.873759
2 0 0 0.875753
3 0 0 0.861517

1
1 0 0 0.791796

5
1 0 5964 0.904893
2 2 538 0.924124
4 0 0 1.08524
5 0 0 0.91584
3 0 0 0.988474

7
1 1 2 0.920233
2 0 0 0.837397
3 1 3 0.844627
6 0 8753 0.90425
12 0 0 0.915291
13 0 0 0.912974
7 0 0 0.973657

3
1 0 926 0.832452
2 0 0 1.02503
3 0 0 0.847684

3
1 0 1185 0.773203
2 0 0 0.982004
3 0 0 0.921083

3
1 0 9470 0.77981
2 0 0 0.785209
3 0 0 1.01495

1
1 0 0 0.802931

3
1 2 1592 0.828257
2 0 0 0.779446
3 0 0 0.847836

3
1 0 8328 0.758518
2 0 0 0.738244
3 0 0 0.81551

5
1 2 4949 0.833694
2 0 2801 0.908221
4 0 0 0.916609
5 0 0 1.09997
3 0 0 1.05579

5
1 0 1775 0.858918
2 0 0 1.05699
3 1 4 0.860327
6 0 0 0.7748
7 0 0 1.01658

3
1 2 185 0.861045
2 0 0 0.863611
3 0 0 0.879885

1
1 0 0 0.883294

5
1 2 4704 0.900605
2 0 0 0.842712
3 0 3614 1.04395
6 0 0 0.831141
7 0 0 0.943614

5
1 1 4 0.886196
2 1 1 0.895025
4 0 0 0.972451
5 0 0 0.924499
3 0 0 0.909789

3
1 0 9476 0.901652
2 0 0 0.937888
3 0 0 0.965697

3
1 0 3088 0.873913
2 0 0 0.829021
3 0 0 1.08627

3
1 2 410 0.885093
2 0 0 0.941371
3 0 0 0.862622

3
1 2 5387 0.79877
2 0 0 0.74064
3 0 0 0.957475

3
1 0 1263 0.843724
2 0 0 0.989482
3 0 0 0.830818

3
1 2 113 0.714434
2 0 0 0.976199
3 0 0 0.671605

3
1 1 2 0.851411
2 0 0 0.809091
3 0 0 0.878319

1
1 0 0 0.78379

1
1 0 0 0.76168

1
1 0 0 0.818478

1
1 0 0 0.77502

3
1 2 2053 0.948859
2 0 0 0.861301
3 0 0 0.946264

3
1 2 4712 0.961361
2 0 0 0.91482
3 0 0 0.936763

3
1 0 1438 0.900046
2 0 0 1.02342
3 0 0 0.959324

3
1 0 3431 0.922457
2 0 0 0.784543
3 0 0 1.07331

1
1 0 0 0.922499

3
1 1 4 0.787671
2 0 0 0.80813
3 0 0 1.07319

3
1 0 822 0.813153
2 0 0 0.912783
3 0 0 0.821268

5
1 2 224 0.755599
2 2 97 0.914337
4 0 0 1.01977
5 0 0 0.84031
3 0 0 0.7894

1
1 0 0 0.792016

3
1 0 9858 0.818949
2 0 0 0.785809
3 0 0 0.991795

3
1 1 1 0.888435
2 0 0 0.9915
3 0 0 0.944147

3
1 0 9303 0.774356
2 0 0 0.845481
3 0 0 1.00414

3
1 0 3491 0.953717
2 0 0 0.821185
3 0 0 0.981377

3
1 2 1719 0.855513
2 0 0 0.945418
3 0 0 0.852176

3
1 1 1 0.900973
2 0 0 0.894846
3 0 0 0.963263

5
1 0 4108 0.834907
2 1 1 0.867066
4 0 0 1.08549
5 0 0 0.907637
3 0 0 0.935409

1
1 0 0 0.811544

3
1 2 4157 0.917802
2 0 0 0.895654
3 0 0 1.00873

9
1 1 1 0.939064
2 2 409 1.03849
4 0 0 1.04202
5 0 0 1.03187
3 0 3176 1.0165
6 0 0 0.760654
7 2 446 1.01187
14 0 0 1.16658
15 0 0 1.01934

5
1 2 1050 0.860592
2 2 22 0.922067
4 0 0 1.03885
5 0 0 0.959213
3 0 0 0.844965

3
1 0 4710 0.94415
2 0 0 0.869279
3 0 0 0.975027

3
1 2 2711 0.933925
2 0 0 0.950916
3 0 0 0.985937

3
1 0 1510 0.883123
2 0 0 0.995543
3 0 0 0.878092

5
1 1 4 0.879598
2 0 0 0.798947
3 2 1382 0.962961
6 0 0 0.957792
7 0 0 0.952752

3
1 0 432 0.81943
2 0 0 1.00705
3 0 0 0.837051

3
1 0 1549 0.945753
2 0 0 0.915576
3 0 0 0.767002

3
1 1 3 0.929012
2 0 0 0.956283
3 0 0 0.897324

3
1 0 7106 0.855877
2 0 0 0.792204
3 0 0 0.970555

5
1 2 3078 0.848232
2 1 4 0.926231
4 0 0 1.08803
5 0 0 0.973659
3 0 0 0.852521

3
1 0 1256 0.811379
2 0 0 0.854909
3 0 0 0.839192

3
1 1 3 0.807535
2 0 0 0.748207
3 0 0 0.960753

3
1 0 6538 0.873034
2 0 0 0.832887
3 0 0 0.93593

3
1 2 4360 0.819741
2 0 0 0.844164
3 0 0 0.907617

3
1 0 996 0.915241
2 0 0 1.07731
3 0 0 0.842261

5
1 0 3342 1.02747
2 0 0 0.812016
3 0 9724 0.91131
6 0 0 0.95875
7 0 0 1.07246

3
1 0 1257 0.866859
2 0 0 0.884424
3 0 0 0.851223

3
1 0 1219 0.946831
2 0 0 1.08893
3 0 0 0.763933

5
1 2 5253 0.888505
2 0 0 0.976102
3 0 9300 0.914592
6 0 0 0.945476
7 0 0 1.0083

3
1 2 2498 0.919755
2 0 0 0.983102
3 0 0 0.931948

5
1 2 187 0.864806
2 2 169 0.991834
4 0 0 1.07328
5 0 0 0.918317
3 0 0 0.835156

5
1 0 6809 0.954853
2 0 0 0.979842
3 1 1 0.999534
6 0 0 1.06436
7 0 0 0.932324

3
1 0 5934 0.827407
2 0 0 0.841142
3 0 0 0.840068

3
1 2 1087 0.875102
2 0 0 0.921237
3 0 0 0.876777

3
1 2 4073 0.843459
2 0 0 0.880822
3 0 0 0.910734

3
1 2 4058 0.819002
2 0 0 0.839052
3 0 0 0.831723

3
1 2 4416 0.873693
2 0 0 0.921965
3 0 0 0.960897

3
1 0 1580 0.930088
2 0 0 1.06507
3 0 0 0.85858

3
1 0 4257 0.970201
2 0 0 0.861516
3 0 0 0.983326

3
1 0 9049 0.826727
2 0 0 0.724459
3 0 0 1.07372

3
1 2 1103 0.909901
2 0 0 0.976619
3 0 0 0.908415

1
1 0 0 0.760431

3
1 2 19 0.828545
2 0 0 0.9894
3 0 0 0.842055

3
1 0 9892 0.794413
2 0 0 0.749763
3 0 0 1.1096

3
1 0 3704 0.909641
2 0 0 0.819792
3 0 0 1.01113

1
1 0 0 0.909833

3
1 0 6468 0.874004
2 0 0 0.82457
3 0 0 0.999996

3
1 2 815 0.799545
2 0 0 0.980738
3 0 0 0.865787

5
1 2 5043 0.868355
2 0 0 0.920837
3 0 9541 0.822444
6 0 0 1.02969
7 0 0 1.05167

3
1 1 3 0.835435
2 0 0 0.783284
3 0 0 0.919513

3
1 2 986 0.844725
2 0 0 0.998092
3 0 0 0.865303

1
1 0 0 0.798988

7
1 0 4656 0.885897
2 0 0 0.803834
3 2 4886 1.01297
6 0 0 0.983059
7 1 1 0.971623
14 0 0 1.00923
15 0 0 0.977824

1
1 0 0 0.89983

7
1 2 5160 0.879554
2 0 3976 0.973025
4 0 0 0.935589
5 0 0 1.09323
3 2 5193 0.999008
6 0 0 0.972192
7 0 0 0.929646

1
1 0 0 0.820773

7
1 1 3 0.877389
2 1 1 0.914781
4 0 0 0.914807
5 0 563 0.955827
10 0 0 1.04588
11 0 0 0.953296
3 0 0 0.911014

3
1 2 1018 0.912949
2 0 0 0.961492
3 0 0 0.860987

3
1 0 1807 0.884494
2 0 0 0.914186
3 0 0 0.782075

3
1 0 7849 0.944906
2 0 0 0.889642
3 0 0 1.09684

3
1 0 3046 0.908626
2 0 0 0.936995
3 0 0 1.05007

3
1 1 4 0.991738
2 0 0 0.973739
3 0 0 0.907909

3
1 2 3246 0.916787
2 0 0 1.03554
3 0 0 0.880214

3
1 0 1373 0.846898
2 0 0 0.914567
3 0 0 0.875344

1
1 0 0 0.79288

3
1 2 231 0.861755
2 0 0 1.01512
3 0 0 0.911487

1
1 0 0 0.831629

9
1 1 2 0.911048
2 0 887 1.05806
4 0 0 0.931759
5 2 1059 1.00204
10 0 0 0.990074
11 0 0 0.929718
3 0 506 0.898059
6 0 0 1.18491
7 0 0 0.85796

5
1 0 7747 0.90843
2 0 0 0.941084
3 2 2040 0.93559
6 0 0 1.21683
7 0 0 0.907477

3
1 0 4637 0.878595
2 0 0 0.886236
3 0 0 1.0055

7
1 0 954 0.945924
2 0 0 0.926555
3 1 4 0.940131
6 2 2539 0.931967
12 0 0 1.01536
13 0 0 0.886425
7 0 0 1.02351

3
1 0 1950 0.866158
2 0 0 0.944457
3 0 0 0.849528

5
1 0 9770 0.872023
2 0 0 0.824728
3 2 879 0.914497
6 0 0 1.07471
7 0 0 0.986998

3
1 0 5120 0.791121
2 0 0 0.944781
3 0 0 0.987998

1
1 0 0 0.797279

7
1 0 4973 0.912788
2 0 0 0.855391
3 0 7180 0.96886
6 0 0 0.929624
7 0 9575 0.940214
14 0 0 1.0631
15 0 0 0.964853

1
1 0 0 0.787815

3
1 0 8958 0.909028
2 0 0 0.806994
3 0 0 0.913919

3
1 0 937 0.817347
2 0 0 1.0212
3 0 0 0.936647

3
1 1 4 0.893096
2 0 0 0.847696
3 0 0 0.997586

5
1 0 3724 0.922633
2 2 3525 0.922717
4 0 0 0.904403
5 0 0 0.931759
3 0 0 1.00534

5
1 0 124 0.72744
2 0 25 1.05885
4 0 0 1.06909
5 0 0 1.04954
3 0 0 0.741532

3
1 0 2253 0.85594
2 0 0 0.799557
3 0 0 0.925192

7
1 0 7311 0.872517
2 1 3 0.926339
4 0 0 0.90772
5 0 63 0.827475
10 0 0 0.959391
11 0 0 0.918072
3 0 0 0.887616

1
1 0 0 0.85186

3
1 2 3127 0.844992
2 0 0 0.88564
3 0 0 0.888879

5
1 1 2 0.872496
2 2 2402 0.964541
4 0 0 0.999268
5 0 0 0.918735
3 0 0 0.902066

5
1 0 5137 1.00587
2 0 4300 0.948386
4 0 0 0.970665
5 0 0 1.04242
3 0 0 1.03228

3
1 2 2067 0.884914
2 0 0 0.921451
3 0 0 0.964242

1
1 0 0 0.82368

3
1 1 3 0.883472
2 0 0 0.93462
3 0 0 0.908606

5
1 2 521 0.858397
2 0 1887 0.897351
4 0 0 1.06229
5 0 0 1.00441
3 0 0 0.845707

3
1 0 6692 0.892357
2 0 0 0.746061
3 0 0 0.96353

5
1 0 1438 0.900046
2 2 478 1.02787
4 0 0 0.961367
5 0 0 0.91738
3 0 0 0.778696

3
1 0 3431 0.922457
2 0 0 0.881723
3 0 0 1.03995

3
1 1 4 0.89574
2 0 0 0.89544
3 0 0 0.995657

1
1 0 0 0.778627

3
1 0 822 0.813153
2 0 0 1.01982
3 0 0 0.761475

3
1 0 6854 0.828062
2 0 0 0.825588
3 0 0 1.00467

7
1 2 1427 0.941861
2 0 5812 1.01189
4 0 0 0.982428
5 0 0 1.01315
3 0 1146 0.86211
6 0 0 0.974421
7 0 0 0.825841

5
1 2 3362 0.890913
2 0 8540 1.00689
4 0 0 0.972747
5 0 0 1.02802
3 0 0 0.922978

1
1 0 0 0.835199

3
1 0 4253 0.928717
2 0 0 0.866947
3 0 0 1.02291

1
1 0 0 0.863914

5
1 2 4643 0.885667
2 2 172 0.908207
4 0 0 0.972606
5 0 0 0.89323
3 0 0 0.955741

1
1 0 0 0.74941

9
1 2 310 0.75669
2 2 66 1.02387
4 0 5316 0.918585
8 0 0 0.956416
9 0 0 1.02673
5 2 110 0.960012
10 0 0 1.00809
11 0 0 1.09433
3 0 0 0.822687

3
1 2 3594 0.881387
2 0 0 0.852613
3 0 0 0.888133

5
1 0 453 0.832032
2 2 4229 1.1681
4 0 0 0.99257
5 0 0 0.906562
3 0 0 0.755291

3
1 0 8938 0.837722
2 0 0 0.895032
3 0 0 0.975152

7
1 2 1085 0.933084
2 0 656 0.946384
4 0 0 0.881649
5 0 0 0.957061
3 0 6507 0.946626
6 0 0 0.926693
7 0 0 0.862399

3
1 0 3402 0.925998
2 0 0 0.869542
3 0 0 0.954582

3
1 0 189 0.891546
2 0 0 1.00527
3 0 0 0.916227

5
1 0 3027 0.915722
2 1 3 0.973121
4 0 0 1.0087
5 0 0 0.882433
3 0 0 0.933582

7
1 1 1 0.877727
2 0 2368 0.932029
4 2 1565 0.96643
8 0 0 1.0151
9 0 0 0.969339
5 0 0 0.93805
3 0 0 1.02737

1
1 0 0 0.798438

3
1 2 1621 0.923928
2 0 0 0.939769
3 0 0 0.94426

3
1 0 9522 0.854247
2 0 0 0.842951
3 0 0 0.978473

3
1 0 9657 0.817539
2 0 0 0.826102
3 0 0 1.01193

1
1 0 0 0.936339

1
1 0 0 0.878879

3
1 0 9496 0.93295
2 0 0 0.842736
3 0 0 1.00517

1
1 0 0 0.875472

3
1 1 1 0.963597
2 0 0 0.995712
3 0 0 0.98904

3
1 2 4143 0.876558
2 0 0 0.886333
3 0 0 0.95653

3
1 1 3 0.916436
2 0 0 0.925417
3 0 0 0.899187

3
1 2 435 0.806357
2 0 0 0.994206
3 0 0 0.743957

1
1 0 0 0.708289

3
1 0 3530 0.914613
2 0 0 0.79309
3 0 0 1.1206

3
1 2 613 0.916129
2 0 0 0.946011
3 0 0 0.923986

3
1 2 646 0.851811
2 0 0 0.9124
3 0 0 0.85397

5
1 0 4648 0.869223
2 0 0 0.907597
3 0 5722 0.962875
6 0 0 1.00395
7 0 0 0.962536

3
1 1 4 0.872391
2 0 0 0.809419
3 0 0 1.05827

3
1 0 3866 0.901807
2 0 0 0.925907
3 0 0 1.04757

1
1 0 0 0.856449

3
1 2 2693 0.848162
2 0 0 0.866018
3 0 0 0.849189

1
1 0 0 0.892525

1
1 0 0 0.830218

5
1 2 3859 0.900902
2 0 0 0.957549
3 2 4469 0.918219
6 0 0 0.97287
7 0 0 0.993401

1
1 0 0 0.735849

3
1 2 4207 0.893233
2 0 0 0.922595
3 0 0 0.98659

3
1 2 116 0.881396
2 0 0 1.09
3 0 0 0.948291

3
1 2 284 0.862052
2 0 0 1.01957
3 0 0 0.827307

3
1 0 756 0.870354
2 0 0 1.08054
3 0 0 0.925774

3
1 1 2 0.867574
2 0 0 0.871898
3 0 0 0.8755

3
1 0 466 0.894956
2 0 0 0.987807
3 0 0 0.724053

3
1 2 5379 0.92882
2 0 0 0.756057
3 0 0 1.21246

1
1 0 0 1.03306

3
1 0 1142 0.784388
2 0 0 1.0396
3 0 0 0.849222

3
1 1 1 0.888962
2 0 0 0.922652
3 0 0 0.921105

1
1 0 0 0.909197

3
1 2 1618 0.927289
2 0 0 1.02784
3 0 0 0.935471

3
1 0 9000 0.832979
2 0 0 0.81886
3 0 0 1.07672

3
1 2 2006 0.870472
2 0 0 0.912971
3 0 0 0.896638

3
1 0 1350 0.854544
2 0 0 1.00108
3 0 0 0.764507

3
1 1 3 0.933008
2 0 0 0.906113
3 0 0 0.971943

3
1 2 290 0.795799
2 0 0 0.929391
3 0 0 0.858348

3
1 0 241 0.874019
2 0 0 1.04251
3 0 0 0.798978

5
1 2 2105 0.967688
2 1 2 0.894858
4 0 0 0.970735
5 0 0 0.959977
3 0 0 0.893352

3
1 0 7876 0.900397
2 0 0 0.856716
3 0 0 1.04753

3
1 2 1147 0.908315
2 0 0 0.973717
3 0 0 0.980442

5
1 0 634 0.819322
2 0 175 1.08897
4 0 0 1.09074
5 0 0 1.06919
3 0 0 0.806678

3
1 0 1585 0.873308
2 0 0 1.07645
3 0 0 0.781876

5
1 0 8756 0.91195
2 2 1346 0.976339
4 0 0 0.801386
5 0 0 0.914535
3 0 0 0.972129

3
1 0 3967 0.971864
2 0 0 0.818354
3 0 0 0.911864

9
1 2 669 0.89702
2 2 531 0.937066
4 0 0 1.02226
5 1 3 0.959801
10 0 0 0.897514
11 0 0 1.02141
3 0 5483 0.932253
6 0 0 0.911963
7 0 0 1.07976

5
1 0 4058 0.924653
2 0 4029 0.872737
4 0 0 0.923379
5 0 0 0.920036
3 0 0 0.977542

1
1 0 0 0.829015

3
1 2 1196 0.915658
2 0 0 0.975332
3 0 0 0.928701

3
1 0 4637 0.878595
2 0 0 0.771379
3 0 0 0.975226

3
1 0 4599 0.94534
2 0 0 0.837459
3 0 0 1.0138

3
1 0 8573 0.909512
2 0 0 0.925097
3 0 0 0.993677

3
1 1 1 0.942567
2 0 0 0.928007
3 0 0 0.944904

3
1 0 4295 0.933302
2 0 0 0.854812
3 0 0 0.996264

5
1 2 3630 0.932609
2 2 1863 0.884012
4 0 0 0.910957
5 0 0 1.07732
3 0 0 0.883339

5
1 0 557 0.912445
2 0 305 1.03738
4 0 0 0.889698
5 0 0 1.03896
3 0 0 0.776437

3
1 2 3890 0.913793
2 0 0 0.977797
3 0 0 0.819869

3
1 0 9942 0.739427
2 0 0 0.802504
3 0 0 1.0076

3
1 1 3 0.819583
2 0 0 0.775117
3 0 0 0.865796

3
1 2 5380 0.865501
2 0 0 0.862773
3 0 0 1.11006

5
1 0 9309 0.877696
2 0 0 0.877636
3 0 9978 1.03855
6 0 0 1.06202
7 0 0 0.996819

5
1 0 5894 0.856441
2 0 0 0.835536
3 0 8073 0.895493
6 0 0 1.01066
7 0 0 0.977808

3
1 0 301 0.795789
2 0 0 1.08625
3 0 0 0.819022

1
1 0 0 0.839129

1
1 0 0 0.827495

1
1 0 0 0.807748

1
1 0 0 0.789084

5
1 0 4374 0.839142
2 0 0 0.899568
3 2 703 0.999498
6 0 0 1.05417
7 0 0 1.02182

5
1 2 3819 0.916119
2 0 1165 0.89526
4 0 0 1.01234
5 0 0 0.883465
3 0 0 0.817019

3
1 2 748 0.87401
2 0 0 1.08719
3 0 0 0.820348

5
1 2 2325 0.897498
2 0 3729 0.911131
4 0 0 0.981306
5 0 0 0.907692
3 0 0 1.04685

5
1 0 9761 0.737636
2 0 0 0.765751
3 1 4 0.952253
6 0 0 0.957912
7 0 0 0.990476

1
1 0 0 0.841984

5
1 0 389 0.821382
2 0 328 0.964499
4 0 0 1.02875
5 0 0 1.07979
3 0 0 0.790159

3
1 0 3292 0.875458
2 0 0 0.873441
3 0 0 0.942231

3
1 2 546 0.810403
2 0 0 0.946535
3 0 0 0.770332

3
1 2 2482 0.916371
2 0 0 0.878934
3 0 0 0.959535

1
1 0 0 0.761717

5
1 0 113 0.965186
2 0 0 0.90413
3 0 5831 0.846382
6 0 0 0.836918
7 0 0 0.973502

3
1 0 1614 0.81388
2 0 0 0.990992
3 0 0 0.845905

3
1 1 3 0.843635
2 0 0 0.898681
3 0 0 0.869797

3
1 0 718 0.851973
2 0 0 1.01484
3 0 0 0.783436

1
1 0 0 0.809952

1
1 0 0 0.901684

3
1 1 1 0.945821
2 0 0 0.839762
3 0 0 0.951193

3
1 0 9782 0.867153
2 0 0 0.883563
3 0 0 0.931388

3
1 2 2218 0.931942
2 0 0 0.957502
3 0 0 0.872478

1
1 0 0 0.774992

3
1 0 3706 0.910076
2 0 0 0.856322
3 0 0 0.997171

3
1 1 1 0.890625
2 0 0 0.939798
3 0 0 0.877589

3
1 0 1173 0.873037
2 0 0 1.02944
3 0 0 0.719765

3
1 0 2415 0.877935
2 0 0 0.900926
3 0 0 0.986321

1
1 0 0 0.914863

3
1 0 3027 0.915722
2 0 0 0.817961
3 0 0 1.01034

3
1 0 8798 0.863645
2 0 0 0.736766
3 0 0 0.972403

1
1 0 0 0.921821

3
1 0 364 0.807042
2 0 0 0.944184
3 0 0 0.801098

5
1 1 3 0.984215
2 0 0 0.851096
3 2 4344 0.984069
6 0 0 0.965602
7 0 0 0.984217

5
1 0 8614 0.898879
2 0 0 0.898442
3 0 9401 0.935504
6 0 0 0.908627
7 0 0 1.0574

5
1 1 2 0.937467
2 0 0 0.944544
3 0 6101 1.00371
6 0 0 0.948812
7 0 0 1.0234

3
1 0 5326 0.859903
2 0 0 0.839141
3 0 0 0.987049

3
1 1 2 0.907971
2 0 0 0.904699
3 0 0 0.903065

1
1 0 0 0.855562

5
1 0 157 0.783689
2 0 41 0.766492
4 0 0 1.02455
5 0 0 0.904136
3 0 0 0.780876

5
1 0 4968 0.876308
2 0 0 0.861228
3 1 1 1.04385
6 0 0 1.01656
7 0 0 1.01

5
1 2 2650 0.994355
2 2 326 0.9953
4 0 0 0.97003
5 0 0 0.97788
3 0 0 0.990245

1
1 0 0 0.847458

3
1 1 1 0.81383
2 0 0 1.0798
3 0 0 0.885277

1
1 0 0 0.857605

5
1 0 2030 0.899373
2 0 0 0.866779
3 0 4662 0.954773
6 0 0 1.0179
7 0 0 0.915085

3
1 0 1365 0.868458
2 0 0 0.95966
3 0 0 0.776271

3
1 0 1550 0.888819
2 0 0 0.956161
3 0 0 0.806105

1
1 0 0 0.78064

7
1 0 3866 0.901807
2 0 922 0.970846
4 0 243 0.979604
8 0 0 0.90444
9 0 0 1.00422
5 0 0 0.772842
3 0 0 1.04619

3
1 0 8910 0.911439
2 0 0 0.805282
3 0 0 0.878935

3
1 0 6476 0.832608
2 0 0 0.794398
3 0 0 0.982632

7
1 0 4137 0.886386
2 0 0 0.891555
3 2 4541 0.973279
6 2 3869 1.01067
12 0 0 1.04566
13 0 0 1.14584
7 0 0 1.02416

3
1 1 3 0.928056
2 0 0 0.949025
3 0 0 0.962552

1
1 0 0 0.917629

9
1 2 1001 0.882609
2 2 319 0.975789
4 0 0 1.05356
5 0 0 0.917776
3 2 2256 0.901946
6 1 1 0.893378
12 0 0 0.978694
13 0 0 1.0253
7 0 0 0.936555

3
1 0 5211 0.845137
2 0 0 0.797674
3 0 0 0.942483

3
1 2 1602 0.946719
2 0 0 0.952611
3 0 0 0.967146

5
1 0 7425 0.861306
2 0 0 0.772378
3 2 4686 1.05706
6 0 0 1.00831
7 0 0 0.983832

1
1 0 0 0.826541

7
1 2 4149 0.866947
2 0 0 0.847104
3 0 9967 0.944532
6 0 6622 0.949075
12 0 0 0.879466
13 0 0 0.971552
7 0 0 0.871759

3
1 0 765 0.724361
2 0 0 0.927124
3 0 0 0.79888

3
1 2 1201 0.783728
2 0 0 0.871146
3 0 0 0.822647

3
1 2 229 0.71797
2 0 0 0.883806
3 0 0 0.785962

1
1 0 0 0.852969

3
1 1 4 0.856272
2 0 0 0.89996
3 0 0 0.821841

3
1 0 4391 0.920639
2 0 0 0.751646
3 0 0 0.993867

3
1 0 6109 0.887076
2 0 0 0.899623
3 0 0 0.838042

1
1 0 0 0.933688

5
1 0 1652 0.889949
2 1 3 1.06864
4 0 0 1.07599
5 0 0 0.951541
3 0 0 0.924081

3
1 0 6103 0.844472
2 0 0 0.990326
3 0 0 0.903092

3
1 0 975 0.952131
2 0 0 1.03376
3 0 0 0.777445

3
1 0 3805 0.860636
2 0 0 0.927406
3 0 0 0.941503

7
1 0 957 0.852342
2 0 481 0.907184
4 0 0 1.09177
5 0 0 1.04627
3 0 9589 0.834544
6 0 0 0.829143
7 0 0 1.01251

5
1 1 1 0.85449
2 2 3469 0.928301
4 0 0 0.91683
5 0 0 0.8792
3 0 0 0.894976

3
1 1 4 0.826301
2 0 0 0.809489
3 0 0 0.945655

5
1 1 1 0.895274
2 2 5304 0.899237
4 0 0 0.857044
5 0 0 1.01659
3 0 0 0.908101

3
1 0 9875 0.770537
2 0 0 0.791626
3 0 0 1.14896

3
1 0 7714 0.873962
2 0 0 0.894819
3 0 0 0.889845

7
1 0 4111 0.883994
2 0 927 0.872397
4 0 0 0.947353
5 0 0 0.91918
3 1 4 0.978514
6 0 0 0.988625
7 0 0 1.01425

1
1 0 0 0.821595

3
1 0 89 0.819658
2 0 0 0.991256
3 0 0 0.848781

3
1 2 3057 0.915471
2 0 0 0.921128
3 0 0 0.861259

1
1 0 0 0.948256

5
1 0 7343 0.87211
2 0 0 0.819186
3 2 801 0.927764
6 0 0 0.971043
7 0 0 0.886489

3
1 0 8632 0.887282
2 0 0 0.816686
3 0 0 1.12273

5
1 0 4599 0.94534
2 0 0 0.926729
3 2 4480 1.02945
6 0 0 1.09938
7 0 0 1.01299

3
1 2 3095 0.886993
2 0 0 0.998637
3 0 0 0.908278

3
1 1 4 0.878355
2 0 0 0.797488
3 0 0 0.99153

3
1 2 4031 0.975299
2 0 0 0.957299
3 0 0 0.919581

5
1 2 2448 1.01095
2 0 0 0.971368
3 2 3131 0.921984
6 0 0 1.03682
7 0 0 0.895876

5
1 0 2938 0.823178
2 0 0 0.999933
3 0 6521 1.00937
6 0 0 1.06952
7 0 0 0.920529

3
1 2 1194 0.930946
2 0 0 1.0978
3 0 0 0.956622

3
1 0 4248 0.824735
2 0 0 0.86605
3 0 0 0.927635

5
1 1 1 0.892228
2 0 0 0.901381
3 1 3 0.910168
6 0 0 0.930836
7 0 0 0.907421

3
1 2 1040 0.897387
2 0 0 0.915053
3 0 0 0.813767

3
1 0 7041 0.84876
2 0 0 0.818821
3 0 0 1.01966

3
1 2 334 0.83728
2 0 0 1.01991
3 0 0 0.777609

5
1 0 301 0.795789
2 2 3808 1.01857
4 0 0 1.00479
5 0 0 0.903379
3 0 0 0.762468

5
1 2 4998 0.925796
2 0 0 0.920865
3 2 5323 1.06413
6 0 0 0.97127
7 0 0 1.12324

5
1 1 1 0.887885
2 2 3148 0.93372
4 0 0 0.947855
5 0 0 0.901491
3 0 0 0.931597

3
1 0 140 0.902716
2 0 0 0.892055
3 0 0 0.895744

1
1 0 0 0.815943

3
1 2 4957 0.918337
2 0 0 0.899514
3 0 0 1.04965

1
1 0 0 0.78216

3
1 0 1431 0.913511
2 0 0 1.08044
3 0 0 0.895878

7
1 1 3 0.903545
2 1 2 0.977143
4 0 0 1.02883
5 0 0 0.921561
3 0 5483 0.927778
6 0 0 0.968595
7 0 0 0.931275

3
1 0 9555 0.83913
2 0 0 0.844247
3 0 0 0.915634

3
1 0 4084 0.933849
2 0 0 0.887801
3 0 0 0.985876

3
1 0 574 0.740068
2 0 0 1.03165
3 0 0 0.820719

3
1 0 509 0.821572
2 0 0 0.998851
3 0 0 0.842048

3
1 2 180 0.814701
2 0 0 1.00015
3 0 0 0.831724

1
1 0 0 0.926797

7
1 0 1401 0.853852
2 1 2 1.07088
4 0 0 1.01498
5 0 299 1.0211
10 0 0 1.03086
11 0 0 1.04462
3 0 0 0.898654

3
1 0 2415 0.886109
2 0 0 0.760535
3 0 0 1.08111

3
1 0 9321 0.823636
2 0 0 0.888775
3 0 0 0.995828

5
1 1 2 0.865636
2 0 1841 0.894708
4 0 0 1.01913
5 0 0 0.873954
3 0 0 0.780041

7
1 1 4 0.854801
2 0 0 0.93803
3 0 4764 0.984586
6 0 0 0.852873
7 2 688 1.01734
14 0 0 1.02186
15 0 0 0.999105

1
1 0 0 0.756712

3
1 1 1 0.856851
2 0 0 0.890149
3 0 0 0.866255

3
1 0 1315 0.733898
2 0 0 0.985413
3 0 0 0.704685

3
1 0 9969 0.758828
2 0 0 0.678761
3 0 0 1.07879

3
1 0 447 0.848259
2 0 0 1.02273
3 0 0 0.897633

3
1 1 4 0.886117
2 0 0 0.847794
3 0 0 0.956319

5
1 1 3 0.895532
2 0 0 0.86371
3 0 8717 0.844023
6 0 0 0.778816
7 0 0 0.960883

3
1 0 1124 0.989855
2 0 0 1.00579
3 0 0 0.78062

3
1 0 57 0.900698
2 0 0 0.991063
3 0 0 0.874562

1
1 0 0 0.854759

5
1 2 4709 0.954569
2 0 0 0.900325
3 2 4837 0.934437
6 0 0 0.888565
7 0 0 0.917638

5
1 1 4 0.894829
2 0 0 0.792001
3 0 4659 0.994914
6 0 0 0.984636
7 0 0 0.970387

9
1 0 7913 0.945114
2 0 6489 0.800002
4 0 0 0.882511
5 0 0 1.10372
3 0 9478 0.929632
6 1 3 0.958234
12 0 0 1.14858
13 0 0 0.905169
7 0 0 0.955327

3
1 2 133 0.930128
2 0 0 1.04114
3 0 0 0.869601

5
1 2 279 0.881962
2 0 0 1.02806
3 2 1109 0.860936
6 0 0 1.02039
7 0 0 0.907009

5
1 0 5786 0.919598
2 0 0 0.845631
3 0 8431 0.933301
6 0 0 1.08763
7 0 0 0.927064

3
1 2 782 0.747834
2 0 0 0.979394
3 0 0 0.821852

3
1 2 2161 0.917808
2 0 0 1.1432
3 0 0 0.86277

3
1 0 8262 0.928829
2 0 0 0.82211
3 0 0 1.05532

5
1 2 4621 0.865667
2 0 5339 0.959987
4 0 0 0.936404
5 0 0 1.07301
3 0 0 0.952331

1
1 0 0 0.800387

1
1 0 0 0.966579

3
1 2 67 0.774006
2 0 0 1.0298
3 0 0 0.767351

3
1 0 5136 0.852736
2 0 0 0.866639
3 0 0 1.00115

5
1 2 2367 0.867671
2 0 0 0.846214
3 2 2639 0.854639
6 0 0 0.907689
7 0 0 0.862728

3
1 0 9770 0.883393
2 0 0 0.882516
3 0 0 0.936614

3
1 0 734 0.741908
2 0 0 1.00826
3 0 0 0.790456

3
1 0 8422 0.831097
2 0 0 0.837884
3 0 0 0.927306

5
1 2 2359 0.9435
2 0 0 0.949199
3 1 1 0.9891
6 0 0 0.837849
7 0 0 0.969121

9
1 0 5317 0.943459
2 0 1044 0.950512
4 0 0 0.897244
5 0 3611 1.00938
10 0 0 0.926752
11 0 0 1.12232
3 1 2 1.02022
6 0 0 0.970143
7 0 0 1.04049

3
1 0 8933 0.847321
2 0 0 0.817924
3 0 0 0.947003

1
1 0 0 0.803667

3
1 0 1482 0.786723
2 0 0 1.01559
3 0 0 0.791474

3
1 2 978 0.901726
2 0 0 1.00098
3 0 0 0.852551

3
1 0 4137 0.886386
2 0 0 0.776781
3 0 0 1.01623

3
1 0 9405 0.825371
2 0 0 0.868295
3 0 0 1.1001

3
1 2 1076 0.935635
2 0 0 0.964637
3 0 0 0.997997

3
1 2 994 0.867357
2 0 0 1.00632
3 0 0 0.883549

3
1 0 9804 0.803665
2 0 0 0.800946
3 0 0 1.07879

3
1 0 307 0.89419
2 0 0 1.09273
3 0 0 0.851151

3
1 2 5211 0.890596
2 0 0 0.882438
3 0 0 1.02705

3
1 0 3032 0.891764
2 0 0 0.954287
3 0 0 1.06581

5
1 1 4 0.901668
2 0 0 0.802422
3 2 2548 0.970059
6 0 0 1.03252
7 0 0 0.958891

5
1 2 967 0.884217
2 0 0 0.870577
3 0 8679 0.931081
6 0 0 0.837879
7 0 0 0.949389

5
1 0 605 0.914931
2 1 1 1.06933
4 0 0 1.09808
5 0 0 1.02157
3 0 0 0.935946

5
1 0 2102 0.892459
2 0 0 1.04743
3 0 8104 0.90946
6 0 0 0.905067
7 0 0 1.05492

1
1 0 0 0.849756

3
1 1 4 0.898843
2 0 0 0.823756
3 0 0 0.950058

5
1 1 1 0.797656
2 0 0 1.11066
3 0 1429 0.779908
6 0 0 1.10617
7 0 0 0.791096

5
1 2 168 0.828058
2 1 3 0.97946
4 0 0 1.04074
5 0 0 1.12585
3 0 0 0.745496

3
1 1 1 0.892482
2 0 0 0.89663
3 0 0 0.914109

3
1 2 6 0.81235
2 0 0 0.945414
3 0 0 0.888519

3
1 2 2759 0.866178
2 0 0 0.865694
3 0 0 0.879617

3
1 2 4648 0.94964
2 0 0 0.872016
3 0 0 0.949384

1
1 0 0 0.854301

3
1 0 9247 0.858014
2 0 0 0.881915
3 0 0 0.878898

7
1 2 2891 0.88052
2 0 0 0.991419
3 2 3071 0.879415
6 0 0 1.09862
7 2 3630 0.846671
14 0 0 0.946487
15 0 0 0.881692

3
1 0 7815 0.896901
2 0 0 0.809968
3 0 0 0.811873

3
1 0 2774 0.858318
2 0 0 0.789198
3 0 0 1.0916

3
1 0 8549 0.852375
2 0 0 0.813065
3 0 0 0.941464

7
1 0 543 0.749576
2 0 188 0.991885
4 0 168 1.11786
8 0 0 0.984057
9 0 0 0.949202
5 0 0 1.06319
3 0 0 0.791386

1
1 0 0 0.846055

1
1 0 0 0.790637

3
1 0 8836 0.857301
2 0 0 0.830947
3 0 0 0.926613

5
1 1 1 0.875439
2 2 3802 0.931424
4 0 0 0.986292
5 0 0 0.981244
3 0 0 0.967302

5
1 0 1688 0.809393
2 0 1239 0.977844
4 0 0 1.07329
5 0 0 0.963621
3 0 0 0.803376

3
1 2 1241 0.93901
2 0 0 0.867684
3 0 0 0.858847

3
1 0 459 0.880648
2 0 0 0.977056
3 0 0 0.833128

3
1 2 48 0.896118
2 0 0 1.01579
3 0 0 0.853788

3
1 0 9027 0.897111
2 0 0 0.870522
3 0 0 0.947933

3
1 0 7408 0.98835
2 0 0 0.819563
3 0 0 0.989374

5
1 1 3 0.968829
2 2 3399 0.90225
4 0 0 0.952828
5 0 0 0.973079
3 0 0 1.03695

5
1 0 6178 0.936018
2 0 0 0.957187
3 0 6938 0.946658
6 0 0 1.10533
7 0 0 0.952871

5
1 0 2913 0.961562
2 0 0 0.759029
3 0 7667 0.999669
6 0 0 1.12824
7 0 0 0.986091

3
1 0 5731 0.87473
2 0 0 0.812166
3 0 0 0.993133

1
1 0 0 0.900213

5
1 0 3313 1.01803
2 1 4 0.928263
4 0 0 0.884013
5 0 0 1.08676
3 0 0 0.970463

3
1 0 4911 0.836629
2 0 0 0.92046
3 0 0 1.06919

3
1 2 541 0.887133
2 0 0 1.03795
3 0 0 0.877427

1
1 0 0 0.883475

3
1 1 4 0.987671
2 0 0 0.833646
3 0 0 0.937246

3
1 1 3 0.86942
2 0 0 0.984791
3 0 0 0.917512

3
1 2 4152 0.92245
2 0 0 0.938116
3 0 0 0.870069

5
1 0 3089 0.994476
2 0 0 0.751626
3 2 263 0.926616
6 0 0 0.979146
7 0 0 0.945351

3
1 0 7029 0.861829
2 0 0 0.838495
3 0 0 0.932216

3
1 0 2429 0.987775
2 0 0 0.954093
3 0 0 1.04692

7
1 1 4 0.904773
2 0 0 0.897382
3 0 7445 0.983952
6 0 617 1.00593
12 0 0 1.04412
13 0 0 1.03811
7 0 0 0.99402

5
1 2 1751 0.875007
2 2 150 0.932744
4 0 0 0.964439
5 0 0 1.01878
3 0 0 0.850631

5
1 2 2503 0.869105
2 2 663 0.986642
4 0 0 1.01926
5 0 0 0.937477
3 0 0 0.831279

1
1 0 0 0.834028

3
1 0 837 0.856934
2 0 0 0.951986
3 0 0 0.921592

5
1 0 4225 0.958206
2 0 0 0.735547
3 1 3 0.969776
6 0 0 0.863583
7 0 0 0.931086

3
1 1 4 0.799099
2 0 0 0.934905
3 0 0 0.939586

3
1 0 3611 0.819036
2 0 0 0.851648
3 0 0 0.83614

3
1 0 4386 0.879097
2 0 0 0.876037
3 0 0 0.873407

3
1 2 56 0.787466
2 0 0 0.98903
3 0 0 0.857231

3
1 0 6838 0.95435
2 0 0 0.733016
3 0 0 0.916244

5
1 0 4585 0.890026
2 0 0 0.887331
3 0 7293 1.02892
6 0 0 1.01397
7 0 0 0.942768

3
1 0 850 0.912394
2 0 0 1.00003
3 0 0 0.839528

3
1 1 4 0.878406
2 0 0 0.885783
3 0 0 1.04889

3
1 0 8092 0.955421
2 0 0 0.939386
3 0 0 0.940338

3
1 1 2 0.867202
2 0 0 0.921692
3 0 0 0.915076

3
1 0 1545 0.923583
2 0 0 0.94844
3 0 0 0.803038

1
1 0 0 0.81293

5
1 2 564 0.887755
2 0 1614 0.983555
4 0 0 0.937804
5 0 0 0.8572
3 0 0 0.7732

5
1 2 1025 0.803331
2 0 0 1.05582
3 0 8664 0.727176
6 0 0 0.798297
7 0 0 1.05496

1
1 0 0 0.791588

7
1 1 3 0.845233
2 2 2371 0.941187
4 0 0 0.957575
5 0 0 1.12861
3 0 8262 0.982262
6 0 0 0.975994
7 0 0 1.06334

3
1 0 9318 0.851169
2 0 0 0.801852
3 0 0 1.12254

3
1 2 3841 0.771892
2 0 0 0.752277
3 0 0 0.836468

3
1 2 1315 0.882347
2 0 0 0.900819
3 0 0 0.820759

1
1 0 0 0.792155

3
1 0 793 0.915015
2 0 0 0.912835
3 0 0 0.805992

7
1 1 1 0.848429
2 0 4244 0.929101
4 0 0 0.992714
5 0 0 1.05957
3 0 9548 0.880868
6 0 0 0.882948
7 0 0 0.946302

3
1 2 4967 0.879956
2 0 0 0.917296
3 0 0 0.936959

1
1 0 0 0.734871

3
1 0 221 0.80956
2 0 0 1.04221
3 0 0 0.818227

5
1 2 3630 0.966945
2 0 5838 0.995679
4 0 0 0.921919
5 0 0 1.04614
3 0 0 0.862874

3
1 0 7436 0.903657
2 0 0 0.863156
3 0 0 1.0058

1
1 0 0 1.01956

9
1 0 8415 0.913356
2 0 3743 0.881422
4 0 0 0.919255
5 0 7622 0.943204
10 0 0 0.903367
11 0 0 1.03214
3 0 9833 0.924365
6 0 0 0.870216
7 0 0 0.858173

3
1 0 168 0.882871
2 0 0 1.15437
3 0 0 0.887796

3
1 1 3 0.881224
2 0 0 0.83272
3 0 0 0.899288

3
1 1 2 0.903144
2 0 0 0.865731
3 0 0 0.908695

1
1 0 0 0.942391

3
1 0 842 0.857382
2 0 0 1.19877
3 0 0 0.874293

1
1 0 0 0.812944

1
1 0 0 0.937709

5
1 1 2 0.815331
2 0 9257 0.836722
4 0 0 0.884036
5 0 0 0.935513
3 0 0 0.810073

1
1 0 0 0.872525

3
1 0 9757 0.850446
2 0 0 0.888694
3 0 0 1.03742

3
1 2 1931 0.912866
2 0 0 0.8893
3 0 0 0.969124

3
1 2 818 0.831172
2 0 0 0.902454
3 0 0 0.862766

3
1 0 4183 0.908511
2 0 0 0.784928
3 0 0 0.962831

1
1 0 0 0.86123

3
1 0 195 0.843087
2 0 0 1.02461
3 0 0 0.844664

5
1 1 1 0.85004
2 0 0 0.906473
3 2 3430 0.932913
6 0 0 0.880369
7 0 0 0.968184

3
1 0 2001 0.860172
2 0 0 0.982319
3 0 0 0.845356

3
1 0 9638 0.808122
2 0 0 0.885979
3 0 0 0.943213

7
1 1 3 0.913546
2 0 9296 0.846293
4 0 0 0.898032
5 0 0 0.976892
3 0 618 0.874735
6 0 0 0.958137
7 0 0 0.877212

3
1 0 7153 0.934796
2 0 0 0.78821
3 0 0 1.0533

1
1 0 0 0.796012

3
1 2 117 0.790008
2 0 0 0.901985
3 0 0 0.770178

3
1 0 3302 0.866537
2 0 0 0.83643
3 0 0 0.992796

1
1 0 0 0.87028

3
1 0 5516 0.879951
2 0 0 1.02732
3 0 0 0.881568

1
1 0 0 0.831165

5
1 0 870 0.791566
2 2 454 1.00853
4 0 0 1.04832
5 0 0 1.139
3 0 0 0.833128

3
1 0 4971 0.932797
2 0 0 0.877825
3 0 0 0.926698

3
1 0 3393 0.814585
2 0 0 0.896676
3 0 0 0.969799

1
1 0 0 0.926083

3
1 2 253 0.888469
2 0 0 1.09415
3 0 0 0.875309

5
1 2 212 0.842486
2 0 0 1.03527
3 0 1540 0.957545
6 0 0 0.983935
7 0 0 0.906236

1
1 0 0 0.730344

3
1 1 1 0.862905
2 0 0 0.916286
3 0 0 0.842899

3
1 0 5018 1.00238
2 0 0 0.961582
3 0 0 1.01608

1
1 0 0 0.856924

5
1 0 4574 0.91641
2 0 0 0.880211
3 0 9229 0.951575
6 0 0 1.02305
7 0 0 0.934233

3
1 0 8771 0.906528
2 0 0 0.783172
3 0 0 1.00158

5
1 0 3016 0.831813
2 0 1243 0.882571
4 0 0 0.961908
5 0 0 0.842638
3 0 0 0.946731

5
1 0 5715 0.878876
2 0 0 0.800339
3 0 7890 0.938168
6 0 0 0.972222
7 0 0 0.959007

3
1 0 4058 0.944277
2 0 0 0.819352
3 0 0 0.896677

5
1 2 3439 0.878338
2 0 0 0.851643
3 1 4 0.846643
6 0 0 0.875694
7 0 0 0.876616

3
1 0 9406 0.960167
2 0 0 0.857137
3 0 0 1.07118

3
1 1 4 0.789845
2 0 0 0.873291
3 0 0 0.987687

1
1 0 0 0.876228

1
1 0 0 0.88006

5
1 2 165 0.792661
2 0 0 0.825023
3 1 2 0.86273
6 0 0 0.905527
7 0 0 0.820729

3
1 0 1695 0.905058
2 0 0 1.04492
3 0 0 0.811321

1
1 0 0 0.790365

5
1 2 2110 1.00648
2 0 0 0.916104
3 0 5157 0.846469
6 0 0 0.867508
7 0 0 0.838934

1
1 0 0 0.875124

3
1 2 4371 0.877541
2 0 0 0.857737
3 0 0 0.849281

7
1 0 534 0.846863
2 0 0 1.02929
3 1 3 0.962239
6 2 2608 0.946587
12 0 0 0.987127
13 0 0 0.857765
7 0 0 1.04902

3
1 0 3323 0.893262
2 0 0 0.757173
3 0 0 1.07902

3
1 2 184 0.835521
2 0 0 0.954043
3 0 0 0.83267

3
1 0 534 0.945955
2 0 0 0.843904
3 0 0 0.89465

3
1 2 3442 0.910807
2 0 0 0.912442
3 0 0 0.912226

5
1 1 1 0.920328
2 0 0 0.891995
3 0 3192 0.934087
6 0 0 0.889348
7 0 0 0.956993

7
1 2 3371 0.913739
2 2 2861 0.97541
4 1 2 0.899301
8 0 0 0.999366
9 0 0 0.9514
5 0 0 1.01965
3 0 0 0.841214

5
1 2 2756 0.845131
2 2 44 0.935526
4 0 0 0.94462
5 0 0 0.879076
3 0 0 0.925257

5
1 2 4780 0.886567
2 0 0 0.813208
3 1 2 1.02348
6 0 0 1.06622
7 0 0 0.962171

1
1 0 0 0.841324

5
1 0 3089 0.994476
2 0 0 0.910746
3 0 7772 1.02999
6 0 0 1.01364
7 0 0 0.955091

3
1 2 3175 1.07681
2 0 0 0.93556
3 0 0 0.937093

3
1 0 2429 0.987775
2 0 0 0.833804
3 0 0 0.986246

9
1 2 376 0.937721
2 0 0 0.948106
3 0 2669 0.971597
6 0 0 0.892241
7 2 2787 1.00049
14 0 0 1.03597
15 2 4063 0.982948
30 0 0 0.989801
31 0 0 0.851162

3
1 0 3961 0.916927
2 0 0 0.927169
3 0 0 1.06178

1
1 0 0 0.99564

5
1 1 4 0.879177
2 0 0 0.847377
3 2 5331 0.984915
6 0 0 0.985229
7 0 0 1.02072

3
1 0 1794 0.903157
2 0 0 1.01935
3 0 0 0.848279

7
1 2 5128 0.862517
2 1 2 0.864606
4 0 0 0.926429
5 1 3 0.891799
10 0 0 0.979566
11 0 0 0.901332
3 0 0 1.02471

3
1 0 7308 0.915762
2 0 0 0.82597
3 0 0 0.914517

3
1 0 6423 0.90496
2 0 0 0.866692
3 0 0 0.965328

3
1 0 5065 1.03022
2 0 0 0.820513
3 0 0 0.929771

5
1 0 6939 0.821874
2 1 3 0.854548
4 0 0 0.828522
5 0 0 0.939704
3 0 0 1.04363

5
1 0 768 0.853082
2 1 1 0.996857
4 0 0 1.05291
5 0 0 0.91532
3 0 0 0.844631

7
1 1 2 0.895578
2 0 0 0.96417
3 2 3708 1.01857
6 1 3 1.04164
12 0 0 0.953137
13 0 0 0.879778
7 0 0 0.919963

3
1 0 337 0.793297
2 0 0 0.909562
3 0 0 0.789946

3
1 2 1473 0.830119
2 0 0 0.875044
3 0 0 0.810181

3
1 1 3 0.920037
2 0 0 0.920589
3 0 0 0.876779

1
1 0 0 0.876538

5
1 0 806 0.886435
2 1 1 0.995826
4 0 0 0.980957
5 0 0 0.97975
3 0 0 0.914533

3
1 0 7145 0.902045
2 0 0 0.908533
3 0 0 1.03037

1
1 0 0 0.791004

3
1 0 3578 0.923483
2 0 0 0.84941
3 0 0 1.02479

3
1 0 3725 0.975679
2 0 0 0.89744
3 0 0 0.96399

5
1 2 127 0.88941
2 0 8639 0.922477
4 0 0 0.97776
5 0 0 1.00559
3 0 0 0.899859

5
1 2 244 0.873044
2 0 0 0.952028
3 0 9916 0.827162
6 0 0 0.86307
7 0 0 0.9503

1
1 0 0 0.770568

3
1 1 2 0.893541
2 0 0 0.805596
3 0 0 0.935698

1
1 0 0 0.716521

3
1 2 1778 0.893746
2 0 0 0.897657
3 0 0 0.953046

3
1 0 842 0.8059
2 0 0 0.95781
3 0 0 0.658076

5
1 0 415 0.873672
2 1 4 1.02674
4 0 0 1.07029
5 0 0 0.984551
3 0 0 0.74957

3
1 0 32 0.80913
2 0 0 1.08132
3 0 0 0.819901

5
1 1 2 0.886513
2 0 0 0.857088
3 1 3 0.914469
6 0 0 0.863124
7 0 0 0.955881

5
1 0 166 0.804414
2 0 0 1.09001
3 1 1 0.86549
6 0 0 0.977864
7 0 0 0.829314

3
1 0 1318 0.897159
2 0 0 1.01219
3 0 0 0.797243

3
1 2 3529 0.870823
2 0 0 0.865953
3 0 0 0.908673

3
1 0 7048 0.932211
2 0 0 0.852059
3 0 0 0.966372

3
1 2 3341 0.861679
2 0 0 0.900619
3 0 0 0.920175

3
1 2 2565 0.93833
2 0 0 0.922139
3 0 0 0.835504

5
1 0 7860 0.975309
2 0 0 0.924084
3 1 1 0.946282
6 0 0 0.94081
7 0 0 1.033

3
1 2 3853 0.855971
2 0 0 0.854039
3 0 0 0.850874

3
1 2 5009 0.930182
2 0 0 0.984401
3 0 0 0.974231

3
1 2 5288 0.934298
2 0 0 0.899179
3 0 0 0.956765

7
1 0 2625 0.976227
2 2 714 0.823235
4 2 381 0.968042
8 0 0 0.900871
9 0 0 1.00459
5 0 0 0.873705
3 0 0 1.0321

1
1 0 0 0.783772

5
1 2 2025 0.919198
2 0 0 0.920541
3 2 4241 0.93404
6 0 0 1.04426
7 0 0 0.882886

1
1 0 0 0.794486

3
1 0 801 0.974354
2 0 0 0.998563
3 0 0 0.81979

5
1 0 4531 0.94179
2 0 0 0.692004
3 2 2283 1.0008
6 0 0 0.974766
7 0 0 0.97121

3
1 0 3207 1.00229
2 0 0 0.82075
3 0 0 0.989584

5
1 0 8418 0.884391
2 2 4891 0.97471
4 0 0 0.960126
5 0 0 1.08663
3 0 0 1.03776

3
1 0 3258 0.96845
2 0 0 0.922983
3 0 0 0.965856

3
1 0 9101 0.847087
2 0 0 0.878808
3 0 0 1.03234

3
1 0 129 0.776219
2 0 0 0.914367
3 0 0 0.700927

3
1 0 4595 1.00404
2 0 0 0.997979
3 0 0 1.08844

5
1 2 5309 0.7708
2 2 4657 0.908196
4 0 0 0.843051
5 0 0 0.908687
3 0 0 1.19827

5
1 1 3 0.802468
2 0 0 0.803667
3 2 1189 0.906497
6 0 0 0.964897
7 0 0 0.924482

1
1 0 0 0.786773

7
1 0 931 0.845483
2 2 2482 1.03163
4 0 0 1.04926
5 1 1 0.966992
10 0 0 1.00182
11 0 0 1.00247
3 0 0 0.845229

3
1 0 5220 0.895454
2 0 0 0.990029
3 0 0 0.913332

1
1 0 0 0.896859

3
1 2 5325 0.863282
2 0 0 0.832992
3 0 0 0.85561

3
1 0 8449 0.865736
2 0 0 0.890597
3 0 0 1.09485

3
1 0 9752 0.918588
2 0 0 0.861522
3 0 0 1.05501

3
1 2 840 0.834116
2 0 0 1.05608
3 0 0 0.854189

3
1 2 4617 0.988825
2 0 0 0.813683
3 0 0 0.803117

3
1 2 180 0.857226
2 0 0 1.02856
3 0 0 0.845137

1
1 0 0 0.855882

3
1 1 4 0.895785
2 0 0 0.878652
3 0 0 1.05155

3
1 0 1676 0.824018
2 0 0 0.996826
3 0 0 0.872694

1
1 0 0 0.824817

3
1 0 1313 0.879342
2 0 0 0.94638
3 0 0 0.911383

3
1 2 5394 0.908716
2 0 0 0.823918
3 0 0 0.91233

7
1 0 427 0.848377
2 2 2475 0.97522
4 0 0 0.864038
5 0 0 1.04197
3 0 494 0.820712
6 0 0 1.00246
7 0 0 0.84188

3
1 2 3654 0.892522
2 0 0 0.983899
3 0 0 0.943446

3
1 1 4 0.823713
2 0 0 0.855304
3 0 0 1.01858

5
1 1 4 0.891564
2 0 0 0.847224
3 2 1595 0.924619
6 0 0 0.932648
7 0 0 1.01884

3
1 0 3200 1.00989
2 0 0 0.903757
3 0 0 0.979056

1
1 0 0 0.876712

3
1 0 9082 0.850201
2 0 0 0.888545
3 0 0 0.98466

1
1 0 0 0.885819

3
1 1 3 0.880392
2 0 0 0.85668
3 0 0 0.921603

3
1 0 4354 0.963398
2 0 0 0.877184
3 0 0 0.965697

3
1 0 4204 0.92762
2 0 0 0.848046
3 0 0 0.976156

1
1 0 0 0.833232

1
1 0 0 0.784389

3
1 0 3923 0.879981
2 0 0 0.824215
3 0 0 0.860488

5
1 2 3032 0.894303
2 0 9321 0.993848
4 0 0 1.01601
5 0 0 1.01081
3 0 0 0.912281

3
1 2 2505 0.881794
2 0 0 0.916239
3 0 0 0.873023

1
1 0 0 0.878522

3
1 0 9022 0.866701
2 0 0 0.860959
3 0 0 0.835952

5
1 2 5387 0.76277
2 0 9980 0.759595
4 0 0 0.726877
5 0 0 1.02877
3 0 0 1.05935

3
1 0 9528 0.856777
2 0 0 0.907616
3 0 0 0.912688

3
1 0 4367 0.807023
2 0 0 0.885567
3 0 0 0.87612

1
1 0 0 0.804287

1
1 0 0 0.967282

3
1 0 3548 0.857267
2 0 0 0.84237
3 0 0 1.1393

3
1 0 198 0.893235
2 0 0 0.966991
3 0 0 0.863199

1
1 0 0 0.833006

3
1 2 666 0.916833
2 0 0 0.922065
3 0 0 0.799265

3
1 0 6796 0.880654
2 0 0 0.860524
3 0 0 1.0332

5
1 0 1461 0.897785
2 1 4 1.00401
4 0 0 1.01763
5 0 0 0.939127
3 0 0 0.862449

3
1 2 5174 0.88921
2 0 0 0.914678
3 0 0 0.920862

5
1 1 4 0.977165
2 2 4974 0.958256
4 0 0 0.950063
5 0 0 0.951188
3 0 0 1.00768

3
1 0 5486 0.927004
2 0 0 0.925606
3 0 0 0.929211

7
1 1 3 0.919355
2 0 7237 0.928162
4 0 0 0.863971
5 2 4079 0.954492
10 0 0 0.982681
11 0 0 0.876357
3 0 0 0.973742

3
1 1 3 0.884109
2 0 0 0.841135
3 0 0 0.911615

1
1 0 0 0.898148

3
1 0 4459 0.933553
2 0 0 0.784818
3 0 0 1.00679

3
1 0 3678 0.970287
2 0 0 0.887047
3 0 0 1.07304

1
1 0 0 0.961749

3
1 2 4850 0.877457
2 0 0 0.856632
3 0 0 1.11032

1
1 0 0 0.932658

3
1 2 216 0.957258
2 0 0 0.957772
3 0 0 0.928457

1
1 0 0 0.870587

3
1 0 3575 0.900302
2 0 0 0.899823
3 0 0 0.934005

1
1 0 0 0.836378

3
1 2 550 0.858117
2 0 0 0.923187
3 0 0 0.737847

1
1 0 0 0.88089

1
1 0 0 0.806129

3
1 1 4 0.933406
2 0 0 0.916194
3 0 0 0.992849

5
1 1 4 0.814112
2 0 5220 0.92535
4 0 0 0.90218
5 0 0 1.03321
3 0 0 1.03551

3
1 0 5855 0.92145
2 0 0 0.934421
3 0 0 0.932686

1
1 0 0 0.855439

3
1 0 7037 0.854728
2 0 0 0.86844
3 0 0 1.03018

3
1 2 2941 0.897004
2 0 0 0.844615
3 0 0 0.813454

5
1 1 1 0.965763
2 0 0 1.03962
3 0 8093 1.01898
6 0 0 1.01364
7 0 0 1.03386

3
1 2 4180 0.854448
2 0 0 0.883047
3 0 0 0.921329

3
1 0 422 0.831908
2 0 0 1.02696
3 0 0 0.824587

3
1 0 1179 0.931985
2 0 0 1.00546
3 0 0 0.844004

3
1 0 259 0.787477
2 0 0 1.15489
3 0 0 0.794643

1
1 0 0 0.755319

1
1 0 0 0.835736

1
1 0 0 0.856748

1
1 0 0 0.767962

1
1 0 0 0.862866

5
1 2 636 0.872801
2 0 0 0.890142
3 1 4 0.836975
6 0 0 0.840912
7 0 0 0.836023

3
1 1 2 0.816781
2 0 0 0.935232
3 0 0 0.809121

7
1 0 9700 0.875673
2 0 0 0.810723
3 1 1 0.929853
6 2 1079 1.02502
12 0 0 1.0521
13 0 0 1.10925
7 0 0 0.973878

5
1 0 2952 0.919663
2 0 0 0.841834
3 1 1 1.04479
6 0 0 1.19328
7 0 0 0.960848

5
1 0 1315 0.798613
2 0 1030 0.923772
4 0 0 0.949047
5 0 0 0.98995
3 0 0 0.815382

1
1 0 0 0.808108

3
1 0 4942 0.896138
2 0 0 0.981869
3 0 0 1.05151

5
1 0 2963 0.953324
2 0 0 0.787481
3 2 225 0.92653
6 0 0 1.08861
7 0 0 0.882901

3
1 0 9673 0.877748
2 0 0 0.769319
3 0 0 1.01464

3
1 0 3713 0.888941
2 0 0 0.864101
3 0 0 0.971125

5
1 0 9690 0.992274
2 0 0 0.868197
3 0 9977 0.956211
6 0 0 0.878463
7 0 0 0.856342

1
1 0 0 0.857627

3
1 2 827 0.932264
2 0 0 1.00433
3 0 0 0.942813

5
1 1 1 0.872181
2 0 0 1.00401
3 1 2 0.931316
6 0 0 0.891088
7 0 0 0.941919

5
1 0 3957 0.858475
2 1 3 0.977322
4 0 0 0.953667
5 0 0 1.00999
3 0 0 1.02693

3
1 0 867 0.836266
2 0 0 1.06571
3 0 0 0.952504

3
1 0 9101 0.847087
2 0 0 0.763016
3 0 0 0.996394

3
1 2 3041 0.962517
2 0 0 0.911467
3 0 0 0.793714

5
1 0 6794 1.00047
2 0 1580 0.988892
4 0 0 1.01499
5 0 0 0.963038
3 0 0 0.953883

3
1 1 1 0.841782
2 0 0 0.908145
3 0 0 0.888142

3
1 1 1 0.872502
2 0 0 0.990206
3 0 0 0.9344

3
1 1 3 0.751802
2 0 0 0.744112
3 0 0 0.788599

5
1 0 9905 0.864367
2 0 3376 1.02532
4 0 0 0.825424
5 0 0 0.947223
3 0 0 0.952073

3
1 1 4 0.857424
2 0 0 0.886309
3 0 0 0.916298

3
1 0 7961 0.85101
2 0 0 0.818843
3 0 0 0.998995

5
1 2 69 0.768349
2 2 49 0.908055
4 0 0 1.01914
5 0 0 0.884834
3 0 0 0.80023

3
1 2 1168 0.84484
2 0 0 0.839023
3 0 0 0.788221

1
1 0 0 0.816765

3
1 0 8704 0.942884
2 0 0 0.871999
3 0 0 0.910814

7
1 1 3 0.888402
2 0 3763 0.934261
4 0 0 0.967579
5 0 0 1.05987
3 1 4 0.974044
6 0 0 1.0451
7 0 0 0.930943

5
1 0 701 0.816682
2 0 0 1.03221
3 0 1224 0.810571
6 0 0 0.97644
7 0 0 0.812155

5
1 2 2010 0.843898
2 0 9029 0.834223
4 0 0 0.824409
5 0 0 0.979665
3 0 0 0.970801

3
1 0 4286 0.901514
2 0 0 0.907871
3 0 0 0.886936

5
1 0 7906 0.885139
2 0 0 0.833106
3 1 1 1.0008
6 0 0 1.03233
7 0 0 0.903534

3
1 0 3907 0.846778
2 0 0 0.845265
3 0 0 0.868205

5
1 0 7842 0.84601
2 0 6408 0.873489
4 0 0 0.884653
5 0 0 0.962515
3 0 0 0.909792

5
1 0 759 0.834141
2 0 0 0.916745
3 2 944 0.876849
6 0 0 0.911253
7 0 0 0.895485

1
1 0 0 0.723927

3
1 0 832 0.960428
2 0 0 1.05918
3 0 0 0.799004

3
1 0 4337 0.831526
2 0 0 0.925665
3 0 0 1.00912

3
1 0 4395 0.816968
2 0 0 0.884179
3 0 0 1.06395

3
1 0 9218 0.871827
2 0 0 0.831707
3 0 0 1.04433

1
1 0 0 0.875864

3
1 0 7214 0.903234
2 0 0 0.757385
3 0 0 1.05797

1
1 0 0 0.862617

3
1 0 1502 0.921039
2 0 0 1.06159
3 0 0 0.889654

3
1 1 3 0.904179
2 0 0 0.83175
3 0 0 1.01183

3
1 0 1746 0.933562
2 0 0 0.989456
3 0 0 0.992405

3
1 0 733 0.881989
2 0 0 1.00895
3 0 0 0.840484

5
1 1 3 0.876206
2 0 3475 0.937925
4 0 0 0.866885
5 0 0 1.04595
3 0 0 0.915905

1
1 0 0 0.767448

3
1 2 2784 0.870173
2 0 0 0.876517
3 0 0 0.961857

3
1 1 2 0.919837
2 0 0 0.962402
3 0 0 0.953304

1
1 0 0 0.733233

3
1 0 305 0.748115
2 0 0 0.964133
3 0 0 0.787481

1
1 0 0 0.848852

3
1 0 4140 0.956496
2 0 0 0.875848
3 0 0 1.00507

3
1 1 1 0.937794
2 0 0 0.972424
3 0 0 0.887092

5
1 0 9910 1.02079
2 0 0 0.895763
3 2 3103 0.964067
6 0 0 1.00297
7 0 0 1.07321

5
1 2 2624 0.853107
2 0 0 0.991899
3 2 2816 0.840119
6 0 0 0.968168
7 0 0 0.86464

9
1 1 4 0.836962
2 0 0 0.821116
3 2 3184 0.977297
6 0 4435 0.935045
12 0 1243 0.919042
24 0 0 1.11592
25 0 0 0.904319
13 0 0 1.02414
7 0 0 0.98311

1
1 0 0 0.793949

3
1 1 4 0.882362
2 0 0 0.860169
3 0 0 0.97374

1
1 0 0 0.815749

3
1 2 2671 0.9014
2 0 0 0.906148
3 0 0 0.795079

5
1 2 5088 0.812837
2 0 9668 0.852691
4 0 0 0.827173
5 0 0 1.12217
3 0 0 0.843838

1
1 0 0 0.771248

5
1 0 6477 0.851197
2 0 5043 0.920296
4 0 0 0.768438
5 0 0 0.936436
3 0 0 1.01674

3
1 2 3955 0.898008
2 0 0 0.946049
3 0 0 0.825721

3
1 0 1274 0.794705
2 0 0 0.991834
3 0 0 0.833586

3
1 2 385 0.811735
2 0 0 1.02292
3 0 0 0.923279

5
1 2 1408 0.893566
2 0 4382 0.86251
4 0 0 0.955403
5 0 0 0.862135
3 0 0 0.882673

3
1 2 1728 0.81182
2 0 0 1.02416
3 0 0 0.836785

3
1 1 1 0.889448
2 0 0 0.929336
3 0 0 0.808235

3
1 1 3 0.954127
2 0 0 1.00649
3 0 0 0.920362

3
1 1 1 0.932121
2 0 0 0.924143
3 0 0 0.924367

3
1 2 5011 0.893752
2 0 0 0.9556
3 0 0 0.944335

3
1 1 3 0.817502
2 0 0 0.800815
3 0 0 0.899792

3
1 1 4 0.938864
2 0 0 0.922208
3 0 0 1.07103

3
1 0 3575 0.900302
2 0 0 0.739712
3 0 0 1.01647

3
1 0 8238 1.02444
2 0 0 1.02008
3 0 0 0.988683

3
1 0 920 0.830822
2 0 0 0.981126
3 0 0 0.87116

5
1 0 3577 0.859224
2 0 0 0.918789
3 1 3 0.979503
6 0 0 0.959749
7 0 0 1.01365

3
1 0 5713 0.870026
2 0 0 0.913177
3 0 0 0.903471

3
1 0 770 0.901306
2 0 0 1.07675
3 0 0 0.873455

3
1 1 4 0.866974
2 0 0 0.829179
3 0 0 0.936653

3
1 0 8557 0.888976
2 0 0 0.849483
3 0 0 0.940679

3
1 0 6291 0.882677
2 0 0 0.788653
3 0 0 0.954549

3
1 2 3320 1.03984
2 0 0 0.965471
3 0 0 0.861075

3
1 0 5102 0.877529
2 0 0 0.938855
3 0 0 1.07789

3
1 0 6618 0.894309
2 0 0 0.846639
3 0 0 0.933529

3
1 2 5300 0.855572
2 0 0 0.856402
3 0 0 1.07611

5
1 0 6521 0.884344
2 2 1448 0.919036
4 0 0 0.931431
5 0 0 1.01078
3 0 0 0.911873

5
1 1 2 0.856053
2 0 8185 0.985465
4 0 0 0.835931
5 0 0 0.952273
3 0 0 0.877736

1
1 0 0 0.810697

5
1 2 1715 0.906327
2 0 9154 0.831816
4 0 0 0.914219
5 0 0 1.07945
3 0 0 1.05058

5
1 2 1057 0.814902
2 2 143 0.994076
4 0 0 0.883144
5 0 0 1.00601
3 0 0 0.782809

1
1 0 0 0.829657

7
1 2 809 0.803723
2 2 608 0.885225
4 0 0 0.930061
5 0 591 0.995709
10 0 0 1.01394
11 0 0 1.09444
3 0 0 0.88335

3
1 0 175 0.664329
2 0 0 0.992133
3 0 0 0.652423

3
1 2 4321 0.877545
2 0 0 0.852544
3 0 0 0.94505

3
1 2 4523 0.88262
2 0 0 0.911153
3 0 0 0.975755

3
1 1 4 0.865789
2 0 0 0.895188
3 0 0 0.911046

3
1 0 8942 0.851987
2 0 0 0.815772
3 0 0 0.9148

3
1 2 5226 0.799353
2 0 0 0.850964
3 0 0 0.988727

3
1 0 1453 0.836885
2 0 0 0.9351
3 0 0 0.763137

5
1 0 972 0.892947
2 2 2849 1.0026
4 0 0 0.926409
5 0 0 0.988209
3 0 0 0.82934

1
1 0 0 0.949308

3
1 2 251 0.889889
2 0 0 1.01591
3 0 0 0.786406

5
1 2 3942 0.855212
2 0 3275 0.942744
4 0 0 0.959823
5 0 0 0.992084
3 0 0 0.941458

1
1 0 0 0.723689

3
1 2 1406 0.821289
2 0 0 0.995967
3 0 0 0.913473

3
1 0 3991 0.933987
2 0 0 0.877005
3 0 0 1.04759

3
1 2 247 0.811184
2 0 0 1.09911
3 0 0 0.810562

3
1 1 4 0.939024
2 0 0 0.788963
3 0 0 0.959407

1
1 0 0 0.799414

3
1 0 9371 0.903283
2 0 0 0.774706
3 0 0 0.905194

3
1 0 4774 0.882258
2 0 0 0.846141
3 0 0 1.03691

3
1 1 2 1.02772
2 0 0 1.07796
3 0 0 0.989379

7
1 1 3 0.832437
2 0 6694 0.961052
4 0 0 1.04707
5 0 0 0.882946
3 0 7008 1.01723
6 0 0 0.98697
7 0 0 1.05304

3
1 1 4 0.908404
2 0 0 0.870147
3 0 0 1.04214

3
1 2 4558 0.907978
2 0 0 1.04372
3 0 0 1.02917

5
1 0 732 0.803724
2 0 80 0.943288
4 0 0 0.937157
5 0 0 0.995655
3 0 0 0.71372

3
1 1 2 0.895906
2 0 0 0.908676
3 0 0 0.893437

3
1 1 4 0.91763
2 0 0 0.906158
3 0 0 0.875152

3
1 0 9862 0.818121
2 0 0 0.84412
3 0 0 1.00059

3
1 0 4754 0.860891
2 0 0 0.738521
3 0 0 1.07188

3
1 0 5238 0.933833
2 0 0 0.986352
3 0 0 0.990988

1
1 0 0 0.769781

3
1 0 7374 1.02454
2 0 0 0.873914
3 0 0 0.994891

3
1 0 9460 0.865128
2 0 0 0.761567
3 0 0 1.08079

1
1 0 0 0.892919

1
1 0 0 0.864337

3
1 2 5175 0.808738
2 0 0 0.797552
3 0 0 1.06494

5
1 0 6717 0.895396
2 0 0 0.847655
3 2 525 1.01356
6 0 0 1.11756
7 0 0 0.984921

1
1 0 0 0.809956

3
1 1 4 0.860774
2 0 0 0.848019
3 0 0 0.860868

3
1 0 4364 0.920077
2 0 0 0.793406
3 0 0 0.941159

1
1 0 0 0.925191

5
1 0 9701 0.778189
2 0 0 0.7242
3 1 3 1.08082
6 0 0 1.15624
7 0 0 1.24156

3
1 0 4502 0.838231
2 0 0 0.845696
3 0 0 0.813439

3
1 0 3420 0.864356
2 0 0 0.747726
3 0 0 0.947819

5
1 2 3250 0.992668
2 0 0 1.05208
3 2 3266 0.794303
6 0 0 0.970071
7 0 0 0.827669

1
1 0 0 0.797252

1
1 0 0 0.779922

5
1 0 2895 0.905194
2 2 4026 0.913906
4 0 0 0.805639
5 0 0 1.06291
3 0 0 1.05725

3
1 2 2875 0.899683
2 0 0 0.89756
3 0 0 0.84804

3
1 0 8190 0.930624
2 0 0 0.90661
3 0 0 1.02972

1
1 0 0 0.902637

3
1 2 3590 0.889037
2 0 0 1.08675
3 0 0 0.85823

1
1 0 0 0.951821

3
1 2 2545 1.00793
2 0 0 0.890227
3 0 0 0.925406

1
1 0 0 0.936644

3
1 2 4054 0.944444
2 0 0 0.873569
3 0 0 0.974278

3
1 0 1277 0.782317
2 0 0 1.05305
3 0 0 0.840976

1
1 0 0 0.907329

3
1 0 9936 0.799876
2 0 0 0.822972
3 0 0 1.02024

1
1 0 0 0.789271

3
1 0 5326 0.855796
2 0 0 0.865916
3 0 0 0.824966

5
1 0 5994 0.955506
2 2 1461 0.961639
4 0 0 0.885726
5 0 0 0.942893
3 0 0 1.07699

7
1 1 1 0.807779
2 2 1270 0.937423
4 0 0 0.93514
5 0 0 0.876582
3 0 985 0.834907
6 0 0 1.11292
7 0 0 0.782703

3
1 2 5297 0.802746
2 0 0 0.832136
3 0 0 1.03696

3
1 0 1404 0.914201
2 0 0 0.843175
3 0 0 0.746173

3
1 1 4 0.925989
2 0 0 0.836342
3 0 0 0.915222

7
1 1 1 0.842221
2 0 0 0.932365
3 0 633 0.873111
6 0 0 1.07833
7 1 3 0.985153
14 0 0 0.930955
15 0 0 1.05595

3
1 0 1197 0.842843
2 0 0 0.92011
3 0 0 0.866602

1
1 0 0 0.822282

3
1 1 4 0.971755
2 0 0 0.960195
3 0 0 0.885797

7
1 0 2571 0.939939
2 0 602 0.876868
4 0 0 1.07099
5 0 0 0.817614
3 2 1967 0.962583
6 0 0 0.921634
7 0 0 1.00211

3
1 0 6191 0.880828
2 0 0 0.842293
3 0 0 0.954272

5
1 0 5076 0.864001
2 0 0 0.861162
3 0 9905 0.942955
6 0 0 0.974728
7 0 0 1.05844

3
1 1 4 0.907255
2 0 0 0.936533
3 0 0 0.996173

3
1 0 885 0.894183
2 0 0 1.09777
3 0 0 0.803319

1
1 0 0 0.840888

3
1 2 1294 0.868618
2 0 0 0.846601
3 0 0 0.836247

3
1 0 3911 0.877417
2 0 0 0.902587
3 0 0 0.90334

1
1 0 0 0.895468

5
1 2 3371 0.88302
2 0 4275 1.01126
4 0 0 0.989478
5 0 0 1.03543
3 0 0 0.903635

5
1 1 3 0.873508
2 0 0 0.967982
3 1 4 0.882237
6 0 0 0.867849
7 0 0 0.873396

1
1 0 0 0.807117

3
1 0 5764 0.951553
2 0 0 0.877386
3 0 0 0.974124

7
1 0 3085 0.911799
2 1 4 0.986922
4 1 1 0.918248
8 0 0 1.04805
9 0 0 1.00512
5 0 0 0.894049
3 0 0 0.978651

5
1 1 3 0.919897
2 0 0 0.95287
3 1 4 0.966818
6 0 0 0.925404
7 0 0 0.957226

3
1 0 1012 0.870759
2 0 0 1.06032
3 0 0 0.881337

7
1 1 3 0.785064
2 2 988 0.939188
4 0 0 1.02037
5 0 0 0.890999
3 2 4238 0.987096
6 0 0 1.10988
7 0 0 0.948943

3
1 1 3 0.937372
2 0 0 0.933244
3 0 0 0.949936

3
1 1 3 0.870033
2 0 0 0.859117
3 0 0 0.887489

3
1 0 2857 0.826694
2 0 0 0.789213
3 0 0 0.918328

3
1 0 1042 0.893411
2 0 0 0.940811
3 0 0 0.876203

5
1 0 9186 0.967742
2 0 7015 0.887359
4 0 0 0.919429
5 0 0 0.947522
3 0 0 0.984908

3
1 2 1602 0.980375
2 0 0 0.844507
3 0 0 0.933596

3
1 1 4 0.890588
2 0 0 0.86043
3 0 0 1.01084

3
1 0 9212 0.789399
2 0 0 0.879117
3 0 0 1.00782

1
1 0 0 0.784643

3
1 0 3311 0.974544
2 0 0 0.799106
3 0 0 0.90793

3
1 2 1938 0.853699
2 0 0 0.876112
3 0 0 0.897462

3
1 2 1127 0.86557
2 0 0 0.878886
3 0 0 0.876739

5
1 0 6597 0.98325
2 0 0 0.916862
3 2 1396 0.901851
6 0 0 0.992311
7 0 0 0.920768

3
1 0 2198 1.0178
2 0 0 1.00918
3 0 0 0.939707

5
1 2 397 0.796216
2 1 4 1.0025
4 0 0 0.888909
5 0 0 0.977801
3 0 0 0.790405

3
1 1 2 0.887811
2 0 0 0.884906
3 0 0 0.873164

7
1 1 1 0.929001
2 0 0 1.01265
3 0 4867 0.970511
6 0 3153 0.978151
12 0 0 0.911395
13 0 0 0.989259
7 0 0 1.00182

5
1 1 4 0.817715
2 0 0 0.854135
3 2 4245 0.981622
6 0 0 1.07997
7 0 0 0.967745

5
1 0 9453 0.768254
2 0 0 0.746686
3 1 1 0.951364
6 0 0 0.949872
7 0 0 0.91014

5
1 0 1277 0.909242
2 1 3 0.974067
4 0 0 0.904228
5 0 0 1.01499
3 0 0 0.825199

3
1 0 9394 0.884339
2 0 0 0.926295
3 0 0 1.03142

1
1 0 0 0.838057

7
1 2 3808 0.906624
2 0 0 0.937327
3 1 3 0.959028
6 2 5290 1.02245
12 0 0 1.00651
13 0 0 0.92791
7 0 0 0.942869

1
1 0 0 0.870257

3
1 0 8172 0.798453
2 0 0 0.785617
3 0 0 0.849704

3
1 0 9880 0.815209
2 0 0 0.813072
3 0 0 0.999853

3
1 2 16 0.886293
2 0 0 0.991704
3 0 0 0.837355

3
1 0 809 0.799637
2 0 0 0.915663
3 0 0 0.827496

3
1 2 937 0.812795
2 0 0 0.986422
3 0 0 0.834957

3
1 2 185 0.747426
2 0 0 0.905129
3 0 0 0.745276

3
1 1 4 0.928246
2 0 0 0.994016
3 0 0 0.946338

1
1 0 0 0.790485

5
1 0 4774 0.882258
2 0 0 0.874037
3 1 2 1.02373
6 0 0 1.07132
7 0 0 1.0323

3
1 2 31 0.856855
2 0 0 1.02917
3 0 0 0.89287

3
1 1 1 0.865648
2 0 0 1.03837
3 0 0 0.860432

1
1 0 0 0.790412

3
1 0 1396 0.91631
2 0 0 0.881146
3 0 0 0.88487

3
1 0 7565 0.86316
2 0 0 0.883567
3 0 0 0.961066

3
1 0 9159 0.8413
2 0 0 0.83654
3 0 0 0.890933

3
1 2 13 0.935739
2 0 0 0.946213
3 0 0 0.926341

3
1 1 3 0.846211
2 0 0 0.817039
3 0 0 0.913158

3
1 2 1080 0.848005
2 0 0 1.00607
3 0 0 0.994511

3
1 2 297 0.853085
2 0 0 0.994808
3 0 0 0.801473

3
1 0 5771 0.990058
2 0 0 0.882266
3 0 0 0.971687

5
1 2 4949 0.886408
2 0 0 0.926764
3 2 4980 0.884805
6 0 0 0.924646
7 0 0 1.04101

3
1 0 6020 0.884935
2 0 0 0.976469
3 0 0 0.884058

3
1 2 1496 0.915902
2 0 0 0.748787
3 0 0 0.945276

5
1 0 4527 0.837462
2 0 0 0.689792
3 0 9535 0.92272
6 0 0 0.996291
7 0 0 1.00222

3
1 1 3 0.857513
2 0 0 0.843079
3 0 0 0.952529

1
1 0 0 0.820098

3
1 0 247 0.863676
2 0 0 0.968043
3 0 0 0.780638

3
1 2 165 0.847068
2 0 0 0.96761
3 0 0 0.771855

3
1 2 2510 0.912422
2 0 0 0.954718
3 0 0 0.976082

7
1 1 3 0.861433
2 0 0 0.886548
3 1 4 0.931457
6 0 0 0.944539
7 2 4852 0.957108
14 0 0 0.942997
15 0 0 1.05832

1
1 0 0 0.701926

9
1 0 5564 0.852622
2 0 3495 0.85211
4 0 0 0.890216
5 0 0 1.05588
3 2 4361 1.03867
6 0 9784 1.0368
12 0 0 1.01573
13 0 0 0.993579
7 0 0 0.914157

5
1 0 1344 0.855519
2 2 1593 0.999364
4 0 0 1.07578
5 0 0 1.01877
3 0 0 0.761676

3
1 0 6898 0.890241
2 0 0 0.865885
3 0 0 0.89199

7
1 0 3425 0.86905
2 0 0 0.868593
3 1 2 0.993241
6 0 0 0.969735
7 0 8482 1.00469
14 0 0 1.0708
15 0 0 0.966991

3
1 0 9461 0.834441
2 0 0 0.818907
3 0 0 1.07269

1
1 0 0 0.836499

5
1 0 9892 0.803215
2 2 79 0.843787
4 0 0 1.02926
5 0 0 0.835909
3 0 0 1.01726

3
1 2 3447 0.891856
2 0 0 0.972453
3 0 0 0.961512

3
1 0 9952 0.865307
2 0 0 0.83249
3 0 0 1.11603

3
1 0 6822 0.787983
2 0 0 0.88366
3 0 0 0.971236

3
1 2 1149 0.825135
2 0 0 0.913058
3 0 0 0.735839

5
1 2 5258 0.87798
2 0 4381 0.878199
4 0 0 0.850743
5 0 0 0.890704
3 0 0 1.11203

3
1 0 1793 0.8992
2 0 0 0.97401
3 0 0 0.893923

5
1 0 9237 0.951312
2 0 3018 1.02682
4 0 0 0.946445
5 0 0 1.02721
3 0 0 0.926344

3
1 1 2 0.884563
2 0 0 0.916069
3 0 0 0.922244

3
1 0 9905 0.958524
2 0 0 0.900076
3 0 0 1.03808

3
1 0 9563 0.91376
2 0 0 0.915877
3 0 0 1.05629

5
1 2 2525 0.853344
2 2 1865 0.972043
4 0 0 1.06045
5 0 0 1.01039
3 0 0 0.871509

3
1 0 1601 0.80281
2 0 0 0.916714
3 0 0 0.806139

3
1 0 5994 0.955506
2 0 0 0.909408
3 0 0 0.900547

7
1 0 6713 0.860642
2 0 452 0.796931
4 0 0 0.888784
5 0 5369 0.798144
10 0 0 0.821496
11 0 0 0.992055
3 0 0 1.06828

3
1 2 1803 0.910223
2 0 0 0.993528
3 0 0 0.900277

7
1 0 239 0.799401
2 0 0 1.0693
3 0 9771 0.832751
6 0 0 0.815318
7 0 9952 1.01233
14 0 0 1.04095
15 0 0 0.984631

1
1 0 0 0.736987

3
1 1 2 0.894597
2 0 0 0.939924
3 0 0 0.864965

3
1 0 2043 0.750274
2 0 0 1.02021
3 0 0 0.826039

3
1 1 2 0.908537
2 0 0 0.997909
3 0 0 0.903408

1
1 0 0 0.824742

3
1 0 6722 0.922102
2 0 0 0.827723
3 0 0 0.97144

1
1 0 0 0.842339

1
1 0 0 0.887226

3
1 0 96 0.917183
2 0 0 0.920343
3 0 0 1.01152

3
1 0 7055 0.861353
2 0 0 0.88959
3 0 0 0.893591

3
1 1 3 0.855168
2 0 0 0.853885
3 0 0 0.90213

3
1 0 4721 0.838295
2 0 0 0.862588
3 0 0 1.00973

3
1 2 3063 0.897359
2 0 0 0.935087
3 0 0 1.03521

5
1 0 2805 0.88084
2 0 0 0.903675
3 2 2039 0.906788
6 0 0 0.967748
7 0 0 0.899255

3
1 0 6316 0.815011
2 0 0 0.744054
3 0 0 0.870472

1
1 0 0 0.824324

1
1 0 0 0.867479

5
1 1 4 0.902112
2 0 0 0.82214
3 0 9276 1.04092
6 0 0 1.01102
7 0 0 1.10896

3
1 2 323 0.880777
2 0 0 0.974749
3 0 0 0.922194

3
1 1 1 0.825179
2 0 0 0.986694
3 0 0 0.857801

3
1 0 897 0.875816
2 0 0 1.07877
3 0 0 0.842273

3
1 0 4672 0.952365
2 0 0 0.874349
3 0 0 1.05645

1
1 0 0 0.913941

5
1 0 6933 0.85155
2 0 0 0.880412
3 1 3 0.875384
6 0 0 0.861296
7 0 0 0.910006

1
1 0 0 0.824653

7
1 2 771 0.836804
2 1 3 0.909737
4 0 0 0.946419
5 1 4 0.997639
10 0 0 0.906737
11 0 0 0.89498
3 0 0 0.887912

3
1 0 2718 0.977636
2 0 0 0.919543
3 0 0 1.02787

5
1 0 1241 0.973098
2 1 2 1.04889
4 0 0 1.02304
5 0 0 1.02012
3 0 0 0.835858

7
1 1 1 0.906605
2 2 3271 1.01349
4 0 0 1.11881
5 0 0 0.862693
3 1 2 0.983043
6 0 0 0.902167
7 0 0 0.824394

3
1 0 1573 0.877185
2 0 0 1.076
3 0 0 0.862911

3
1 0 3422 0.958226
2 0 0 0.834315
3 0 0 0.978414

3
1 0 353 0.94565
2 0 0 1.01928
3 0 0 0.89757

3
1 2 3295 0.891048
2 0 0 1.00452
3 0 0 0.918474

5
1 1 2 0.917674
2 0 0 0.897149
3 0 2130 0.924234
6 0 0 1.03281
7 0 0 1.01716

3
1 1 3 0.852625
2 0 0 0.895496
3 0 0 0.925216

3
1 0 619 0.821103
2 0 0 0.920199
3 0 0 0.867696

5
1 2 1485 0.906747
2 1 4 0.967243
4 0 0 0.95488
5 0 0 0.84624
3 0 0 0.876285

1
1 0 0 0.853707

1
1 0 0 0.848305

3
1 1 1 0.940543
2 0 0 0.956197
3 0 0 0.914617

5
1 2 2526 0.889347
2 0 5327 0.90871
4 0 0 0.946302
5 0 0 0.933966
3 0 0 1.02745

3
1 0 4706 0.882226
2 0 0 0.819723
3 0 0 0.987865

3
1 0 7491 0.833364
2 0 0 0.779978
3 0 0 1.0524

3
1 0 4074 0.853534
2 0 0 0.92023
3 0 0 0.941778

1
1 0 0 0.752346

3
1 2 5390 0.770569
2 0 0 0.801139
3 0 0 1.0473

5
1 1 3 0.949719
2 0 0 0.962556
3 2 1712 1.00776
6 0 0 0.914538
7 0 0 0.917836

3
1 0 7911 0.949432
2 0 0 0.952114
3 0 0 0.908427

3
1 0 783 0.790593
2 0 0 0.874448
3 0 0 0.794401

3
1 2 710 0.839333
2 0 0 0.937605
3 0 0 0.826826

3
1 2 203 0.862073
2 0 0 0.978908
3 0 0 0.762887

5
1 1 1 0.837965
2 0 0 0.914502
3 2 3043 0.973842
6 0 0 0.803267
7 0 0 0.902951

3
1 0 1230 0.80639
2 0 0 1.02598
3 0 0 0.861332

5
1 0 33 0.859388
2 1 4 0.977905
4 0 0 0.96482
5 0 0 0.991897
3 0 0 0.878916

5
1 0 657 0.827459
2 2 1814 1.07426
4 0 0 1.11666
5 0 0 1.02962
3 0 0 0.846036

3
1 0 39 0.823858
2 0 0 0.960195
3 0 0 0.78662

3
1 1 4 0.867896
2 0 0 0.883614
3 0 0 0.945018

5
1 0 9302 0.865313
2 0 0 0.847521
3 0 9969 0.984608
6 0 0 1.01512
7 0 0 1.05434

1
1 0 0 0.817688

3
1 0 732 0.834312
2 0 0 1.12008
3 0 0 0.853308

5
1 0 8313 0.839376
2 2 238 0.869575
4 0 0 1.10092
5 0 0 0.818514
3 0 0 0.949465

3
1 2 5331 0.954142
2 0 0 0.886077
3 0 0 1.07437

7
1 0 3312 0.786682
2 0 0 0.927626
3 0 5945 1.00668
6 0 0 0.889059
7 2 732 1.06482
14 0 0 0.965925
15 0 0 1.01303

3
1 2 455 0.875159
2 0 0 0.888521
3 0 0 0.889954

3
1 0 884 0.792157
2 0 0 1.11902
3 0 0 0.815434

5
1 0 4119 0.88558
2 0 0 0.759913
3 0 8670 0.964774
6 0 0 1.04805
7 0 0 0.927706

3
1 0 6421 0.949263
2 0 0 0.770841
3 0 0 0.943679

1
1 0 0 0.752882

1
1 0 0 0.930588

1
1 0 0 0.831986

3
1 2 3837 0.958812
2 0 0 0.882528
3 0 0 0.908541

3
1 0 9254 0.833801
2 0 0 0.940782
3 0 0 0.957544

3
1 2 2620 0.929899
2 0 0 0.96146
3 0 0 0.792177

5
1 0 4992 0.812573
2 2 2626 0.8916
4 0 0 0.904147
5 0 0 1.03285
3 0 0 1.04056

1
1 0 0 0.826834

7
1 1 1 0.917115
2 0 0 0.887331
3 0 2351 0.930303
6 0 2283 1.00485
12 0 0 1.01091
13 0 0 1.0608
7 0 0 0.96283

3
1 2 268 0.90085
2 0 0 1.0368
3 0 0 0.820662

1
1 0 0 0.78634

3
1 2 2162 0.932551
2 0 0 0.895115
3 0 0 0.872745

3
1 0 9301 0.855828
2 0 0 0.77036
3 0 0 1.05137

3
1 0 277 0.838461
2 0 0 1.18994
3 0 0 0.84534

3
1 0 9884 0.911382
2 0 0 0.756772
3 0 0 0.896964

3
1 2 162 0.868633
2 0 0 0.991908
3 0 0 0.837756

1
1 0 0 1.0025

3
1 2 3924 0.864334
2 0 0 0.98587
3 0 0 0.867937

3
1 0 6781 0.923964
2 0 0 0.89521
3 0 0 0.914379

3
1 0 588 0.851528
2 0 0 1.01539
3 0 0 0.780781

3
1 2 174 0.896596
2 0 0 1.00934
3 0 0 0.924198

3
1 0 6552 0.855243
2 0 0 0.827167
3 0 0 0.879161

5
1 2 1658 0.969582
2 2 787 0.977717
4 0 0 0.994596
5 0 0 0.923725
3 0 0 0.905567

1
1 0 0 0.900064

3
1 0 9074 0.894956
2 0 0 0.95536
3 0 0 0.936614

5
1 2 5322 0.854591
2 0 0 0.802398
3 0 2830 0.963916
6 0 0 0.916212
7 0 0 0.969133

3
1 1 3 0.848148
2 0 0 0.919379
3 0 0 0.98131

5
1 0 4401 0.860164
2 0 0 0.803747
3 1 1 0.843817
6 0 0 0.9934
7 0 0 0.83421

3
1 0 1061 0.872615
2 0 0 1.09303
3 0 0 0.885455

3
1 0 195 0.935705
2 0 0 1.11599
3 0 0 0.878465

3
1 0 4836 0.946796
2 0 0 0.796082
3 0 0 0.925844

7
1 0 2614 0.883741
2 0 0 0.783177
3 2 3962 0.979985
6 0 0 1.07553
7 2 4064 0.886813
14 0 0 0.882023
15 0 0 1.11246

3
1 1 3 0.936118
2 0 0 0.944496
3 0 0 0.990435

3
1 0 1173 0.847296
2 0 0 0.91458
3 0 0 0.849618

5
1 1 3 0.891487
2 0 0 0.860552
3 0 9863 0.876196
6 0 0 0.893483
7 0 0 0.906676

3
1 1 1 0.852624
2 0 0 0.973728
3 0 0 0.854972

3
1 1 1 0.864321
2 0 0 1.05803
3 0 0 0.794798

5
1 1 1 0.886728
2 0 1895 0.87732
4 0 0 0.888119
5 0 0 0.921326
3 0 0 0.814588

3
1 1 4 0.836654
2 0 0 0.946211
3 0 0 0.942849

3
1 0 3419 0.878601
2 0 0 0.936905
3 0 0 0.918674

1
1 0 0 0.873767

5
1 0 6127 0.887921
2 0 3172 0.968472
4 0 0 0.762595
5 0 0 1
3 0 0 0.872836

3
1 0 2370 0.869762
2 0 0 0.955855
3 0 0 0.874052

1
1 0 0 0.902074

3
1 0 7067 0.948864
2 0 0 0.776056
3 0 0 0.901802

3
1 0 1112 0.870905
2 0 0 0.963936
3 0 0 0.834124

3
1 0 5680 0.894405
2 0 0 0.868888
3 0 0 0.93735

5
1 1 2 0.918725
2 0 0 0.937179
3 1 3 0.951482
6 0 0 0.904299
7 0 0 1.00703

3
1 0 8566 0.794311
2 0 0 0.866765
3 0 0 1.02138

3
1 0 9351 0.901984
2 0 0 0.833684
3 0 0 1.02334

3
1 1 4 0.915427
2 0 0 0.846259
3 0 0 0.882092

5
1 0 3800 0.926366
2 1 4 0.886055
4 0 0 0.863247
5 0 0 0.949426
3 0 0 0.942107

3
1 2 3094 0.94984
2 0 0 0.926139
3 0 0 0.872986

3
1 1 3 0.889917
2 0 0 0.951313
3 0 0 0.888626

1
1 0 0 0.925693

3
1 2 4235 0.933881
2 0 0 0.938526
3 0 0 0.942553

3
1 0 4731 0.924589
2 0 0 0.919162
3 0 0 0.888441

5
1 2 4530 0.821831
2 0 4795 0.797273
4 0 0 0.89278
5 0 0 1.04731
3 0 0 1.08938

3
1 0 465 0.794264
2 0 0 1.02908
3 0 0 0.81364

3
1 0 9955 0.740497
2 0 0 0.73277
3 0 0 1.05498

3
1 0 9691 0.809356
2 0 0 0.879715
3 0 0 0.995972

3
1 0 2877 0.900906
2 0 0 0.835995
3 0 0 0.981971

5
1 1 4 0.926793
2 0 0 0.852114
3 2 1332 0.918354
6 0 0 0.880076
7 0 0 0.866738

5
1 0 149 0.868561
2 0 114 1.00638
4 0 0 1.1128
5 0 0 0.912656
3 0 0 0.85787

5
1 2 48 0.868681
2 0 0 0.948365
3 2 695 0.938453
6 0 0 0.966762
7 0 0 0.964271

5
1 2 3295 0.891048
2 1 3 1.00873
4 0 0 1.06404
5 0 0 1.05988
3 0 0 0.878467

3
1 0 890 0.844636
2 0 0 0.92884
3 0 0 0.795505

3
1 0 5077 0.880757
2 0 0 0.835575
3 0 0 1.00298

5
1 0 3665 0.942407
2 0 1589 0.93122
4 0 0 1.04938
5 0 0 0.823812
3 0 0 0.961998

3
1 2 295 0.889773
2 0 0 0.948891
3 0 0 0.932815

5
1 2 2083 0.927746
2 2 1367 0.944292
4 0 0 0.973007
5 0 0 0.912335
3 0 0 0.929917

5
1 0 7072 0.916514
2 0 430 0.762571
4 0 0 0.976898
5 0 0 0.759355
3 0 0 1.00277

3
1 0 710 0.895696
2 0 0 0.921486
3 0 0 0.960263

3
1 0 918 0.794799
2 0 0 0.871425
3 0 0 0.848394

1
1 0 0 0.83408

1
1 0 0 0.86534

5
1 0 8101 0.986838
2 0 0 0.987479
3 0 9768 1.01225
6 0 0 1.02045
7 0 0 1.04705

5
1 2 88 0.78256
2 0 1541 1.08281
4 0 0 1.01623
5 0 0 1.03962
3 0 0 0.89081

3
1 0 8413 0.830053
2 0 0 0.83924
3 0 0 0.785103

5
1 2 2512 0.924861
2 0 0 0.980878
3 1 1 0.888501
6 0 0 0.854971
7 0 0 0.921911

3
1 1 1 0.930828
2 0 0 0.993626
3 0 0 0.979973

5
1 2 5012 0.938338
2 0 9301 1.01199
4 0 0 0.983637
5 0 0 1.01682
3 0 0 0.974559

7
1 1 4 0.888705
2 0 0 0.862711
3 2 4626 0.984805
6 0 0 1.08274
7 2 5053 1.01133
14 0 0 1.00193
15 0 0 0.833133

3
1 2 2975 0.924697
2 0 0 0.946789
3 0 0 0.9018

1
1 0 0 0.706959

3
1 1 4 0.823979
2 0 0 0.856556
3 0 0 1.01206

1
1 0 0 0.776015

3
1 2 87 0.796949
2 0 0 0.996061
3 0 0 0.777185

3
1 2 4765 0.921108
2 0 0 0.942074
3 0 0 1.03633

5
1 2 185 0.840832
2 2 17 0.936488
4 0 0 1.02286
5 0 0 0.967252
3 0 0 0.793554

3
1 2 186 0.73028
2 0 0 0.983769
3 0 0 0.776554

3
1 2 4711 0.971948
2 0 0 0.850561
3 0 0 1.00893

7
1 1 4 0.871133
2 0 7995 0.903744
4 1 1 0.935901
8 0 0 0.941904
9 0 0 0.976368
5 0 0 0.954718
3 0 0 0.900441

3
1 0 1642 0.846376
2 0 0 0.897393
3 0 0 0.845842

1
1 0 0 0.874162

1
1 0 0 0.859741

5
1 0 5414 0.846677
2 0 5395 0.909509
4 0 0 0.92273
5 0 0 1.13714
3 0 0 0.867593

3
1 1 2 0.895322
2 0 0 0.857803
3 0 0 0.886926

5
1 1 2 0.963797
2 0 0 1.02613
3 0 5394 0.932688
6 0 0 0.947967
7 0 0 0.9929

1
1 0 0 0.774549

3
1 1 3 0.94854
2 0 0 0.855651
3 0 0 0.857774

3
1 0 7628 0.795154
2 0 0 0.856032
3 0 0 1.03158

1
1 0 0 0.758454

3
1 2 2410 0.854722
2 0 0 0.98822
3 0 0 0.884259

5
1 0 768 0.832046
2 2 4121 1.11853
4 0 0 1.07836
5 0 0 1.00993
3 0 0 0.803832

3
1 1 1 0.879549
2 0 0 0.89924
3 0 0 0.89604

3
1 1 4 0.973731
2 0 0 0.903527
3 0 0 1.02015

5
1 0 3317 0.878227
2 0 667 0.898484
4 0 0 0.9495
5 0 0 0.858711
3 0 0 0.923106

5
1 2 4864 0.900113
2 0 0 0.860915
3 1 4 0.973799
6 0 0 0.864729
7 0 0 0.973857

1
1 0 0 0.819813

3
1 0 549 0.893598
2 0 0 1.01619
3 0 0 0.895526

3
1 0 282 0.912234
2 0 0 0.980127
3 0 0 0.82919

3
1 2 1844 0.941978
2 0 0 0.855879
3 0 0 0.949866

3
1 0 6003 0.827384
2 0 0 0.871825
3 0 0 1.00503

3
1 0 201 0.783661
2 0 0 1.08649
3 0 0 0.796096

1
1 0 0 0.80719

3
1 0 3554 0.8381
2 0 0 0.834313
3 0 0 1.03021

3
1 2 1367 0.842935
2 0 0 0.950154
3 0 0 0.822162

3
1 0 1001 0.960059
2 0 0 1.01569
3 0 0 0.811653

3
1 2 787 0.907649
2 0 0 1.0159
3 0 0 0.967069

3
1 2 5373 0.91008
2 0 0 0.91431
3 0 0 0.953538

3
1 0 891 0.779256
2 0 0 0.993172
3 0 0 0.778786

1
1 0 0 0.81571

3
1 0 1157 0.900064
2 0 0 0.974234
3 0 0 0.784722

5
1 0 8035 0.866899
2 0 0 0.829671
3 1 4 0.933504
6 0 0 0.815931
7 0 0 1.07348

3
1 1 2 0.954578
2 0 0 0.935866
3 0 0 1.02341

5
1 1 3 0.877724
2 0 6439 0.967161
4 0 0 1.00804
5 0 0 1.07403
3 0 0 0.98702

3
1 0 1437 0.847016
2 0 0 1.07494
3 0 0 0.799716

1
1 0 0 0.854816

3
1 2 5145 0.936493
2 0 0 0.936314
3 0 0 0.890434

5
1 0 7966 0.913392
2 0 4255 0.903038
4 0 0 0.786509
5 0 0 1.08232
3 0 0 1.03129

5
1 0 1296 0.847626
2 1 4 0.969136
4 0 0 0.905879
5 0 0 1.00652
3 0 0 0.830437

3
1 0 4426 0.905016
2 0 0 0.867467
3 0 0 1.02918

7
1 0 9718 0.74879
2 0 9194 0.837356
4 0 0 0.807244
5 0 0 1.05385
3 0 9818 0.989474
6 0 0 1.10527
7 0 0 1.09219

3
1 2 596 0.812646
2 0 0 0.963541
3 0 0 0.809816

3
1 2 3168 0.924489
2 0 0 0.931428
3 0 0 0.79947

5
1 1 4 0.886173
2 0 0 0.750954
3 2 4481 1.11267
6 0 0 1.04908
7 0 0 0.988635

5
1 0 1297 0.796128
2 1 1 1.07439
4 0 0 1.0254
5 0 0 0.936215
3 0 0 0.850346

5
1 0 643 0.880186
2 2 2841 1.01688
4 0 0 1.09872
5 0 0 1.18632
3 0 0 0.87492

3
1 2 72 0.950825
2 0 0 1.04671
3 0 0 0.900573

3
1 2 62 0.838343
2 0 0 1.0315
3 0 0 0.886242

7
1 2 4389 0.905856
2 0 4520 0.923219
4 0 0 0.924014
5 2 4238 0.965794
10 0 0 0.99534
11 0 0 0.939791
3 0 0 1.06522

5
1 0 635 0.860212
2 1 4 0.98819
4 0 0 1.01009
5 0 0 0.983922
3 0 0 0.824572

3
1 0 1651 0.980228
2 0 0 0.892268
3 0 0 0.827158

3
1 1 3 0.91931
2 0 0 0.912147
3 0 0 0.986834

3
1 0 2367 0.93948
2 0 0 0.925063
3 0 0 0.996768

3
1 0 7420 0.83886
2 0 0 0.808888
3 0 0 0.987531

3
1 0 4386 0.916802
2 0 0 0.815893
3 0 0 0.913597

5
1 0 9200 0.85709
2 0 0 0.826051
3 2 4649 1.13826
6 0 0 1.16534
7 0 0 0.96925

3
1 2 149 0.812999
2 0 0 0.99035
3 0 0 0.796273

5
1 2 3994 0.822038
2 0 0 0.843652
3 0 4772 0.881745
6 0 0 0.900707
7 0 0 0.952587

1
1 0 0 0.753694

1
1 0 0 0.825067

1
1 0 0 0.815889

11
1 2 5118 0.940961
2 0 4411 0.934031
4 2 598 0.84741
8 0 0 0.927341
9 1 4 0.814574
18 0 0 0.868117
19 0 0 0.973325
5 2 2521 0.947165
10 0 0 0.978381
11 0 0 0.957009
3 0 0 0.856317

5
1 1 2 0.854875
2 0 0 0.863018
3 1 4 0.90608
6 0 0 0.904014
7 0 0 0.962556

3
1 2 3935 0.94062
2 0 0 0.97117
3 0 0 0.988413

3
1 1 1 0.965036
2 0 0 0.959686
3 0 0 0.916833

3
1 2 3227 1.0021
2 0 0 0.99803
3 0 0 0.974623

3
1 2 232 0.961171
2 0 0 0.952049
3 0 0 0.991418

3
1 0 1477 0.844393
2 0 0 0.915693
3 0 0 0.984288

3
1 2 256 0.863727
2 0 0 0.915127
3 0 0 0.752911

3
1 0 6278 0.877183
2 0 0 0.944338
3 0 0 0.889133

1
1 0 0 0.839941

3
1 1 2 0.895068
2 0 0 0.97977
3 0 0 0.890625

1
1 0 0 0.89985

5
1 2 98 0.87575
2 2 29 1.0069
4 0 0 1.01671
5 0 0 0.98726
3 0 0 0.805361

3
1 0 4128 0.964965
2 0 0 0.888683
3 0 0 1.12738

1
1 0 0 0.781856

3
1 0 4327 0.883424
2 0 0 0.867813
3 0 0 0.970581

3
1 0 6363 0.839538
2 0 0 0.803323
3 0 0 0.956671

3
1 0 4828 0.85879
2 0 0 0.833445
3 0 0 1.03616

3
1 0 6038 0.895689
2 0 0 0.812058
3 0 0 1.01452

5
1 0 3023 0.913311
2 0 0 0.860884
3 1 3 0.906902
6 0 0 1.02055
7 0 0 1.08233

3
1 2 3795 0.934335
2 0 0 0.973709
3 0 0 0.953897

3
1 0 7407 0.904281
2 0 0 0.897673
3 0 0 0.949126

3
1 2 164 0.823181
2 0 0 1.11413
3 0 0 0.752804

3
1 2 3245 0.837309
2 0 0 0.871023
3 0 0 0.918662

3
1 0 9371 0.945287
2 0 0 0.889021
3 0 0 0.888315

3
1 0 7114 0.907114
2 0 0 0.826713
3 0 0 1.02984

5
1 0 7662 0.858715
2 0 0 0.85126
3 1 2 0.914755
6 0 0 0.953642
7 0 0 0.966349

3
1 0 1194 0.865651
2 0 0 1.03845
3 0 0 0.828976

3
1 0 9623 0.831521
2 0 0 0.869139
3 0 0 0.946659

5
1 0 6742 0.857517
2 1 2 0.838413
4 0 0 0.903822
5 0 0 0.970828
3 0 0 0.851695

3
1 1 1 1.01348
2 0 0 0.946662
3 0 0 0.907049

7
1 0 6400 0.835978
2 0 4215 0.973348
4 0 0 0.915547
5 0 4552 1.07697
10 0 0 0.970463
11 0 0 1.07624
3 0 0 1.04882

3
1 2 902 0.886107
2 0 0 1.03404
3 0 0 0.902582

3
1 0 9604 0.813609
2 0 0 0.829463
3 0 0 1.09676

5
1 0 5203 0.979589
2 0 0 1.0068
3 1 4 0.971444
6 0 0 0.979343
7 0 0 1.00647

3
1 0 9726 0.860012
2 0 0 0.855496
3 0 0 0.934338

3
1 2 520 0.752375
2 0 0 0.866173
3 0 0 0.827185

3
1 2 16 0.776502
2 0 0 1.02179
3 0 0 0.807447

1
1 0 0 0.7343

1
1 0 0 0.820225

3
1 0 9959 0.775788
2 0 0 0.831867
3 0 0 1.06166

3
1 2 1130 0.802626
2 0 0 1.01679
3 0 0 0.784618

5
1 1 2 0.95076
2 0 0 0.888591
3 2 200 0.938206
6 0 0 1.0865
7 0 0 0.969487

1
1 0 0 0.839408

3
1 2 5138 0.863962
2 0 0 0.879747
3 0 0 1.03754

3
1 0 451 0.868941
2 0 0 1.01761
3 0 0 0.78676

3
1 2 1863 0.984827
2 0 0 1.07603
3 0 0 0.865416

5
1 2 1863 0.916581
2 0 0 0.953008
3 0 1981 0.961269
6 0 0 0.973602
7 0 0 1.01278

1
1 0 0 0.841374

3
1 0 4305 0.914984
2 0 0 0.801744
3 0 0 0.968325

1
1 0 0 0.886297

3
1 2 39 0.771579
2 0 0 1.02955
3 0 0 0.787343

5
1 0 8882 0.936307
2 0 0 0.94638
3 0 9779 1.04152
6 0 0 1.0089
7 0 0 1.05239

1
1 0 0 0.84525

3
1 0 6195 0.880016
2 0 0 0.913929
3 0 0 1.06871

1
1 0 0 0.830255

1
1 0 0 0.816884

5
1 0 1918 0.860212
2 2 5143 1.00526
4 0 0 1.08488
5 0 0 1.03914
3 0 0 0.825474

3
1 0 9724 0.97558
2 0 0 0.856269
3 0 0 0.926042

3
1 0 3585 0.984415
2 0 0 0.825809
3 0 0 0.985652

3
1 0 9011 0.896874
2 0 0 0.861089
3 0 0 0.999498

3
1 2 3803 0.88381
2 0 0 0.889168
3 0 0 0.9637

5
1 0 1760 0.824136
2 0 0 1.08293
3 2 867 0.873397
6 0 0 0.847774
7 0 0 0.845728

3
1 0 648 0.848471
2 0 0 1.03023
3 0 0 0.819596

1
1 0 0 0.777613

5
1 2 5308 0.88688
2 0 0 0.900384
3 0 4896 0.89751
6 0 0 1.01795
7 0 0 0.904942

5
1 0 354 0.757443
2 1 4 1.07946
4 0 0 1.08441
5 0 0 1.13422
3 0 0 0.888779

3
1 0 891 0.779256
2 0 0 1.06778
3 0 0 0.846765

1
1 0 0 0.766535

5
1 0 1424 0.938945
2 0 0 0.983819
3 2 33 0.906305
6 0 0 1.00963
7 0 0 0.859371

3
1 0 5363 0.888848
2 0 0 0.931665
3 0 0 0.87197

5
1 1 4 0.880257
2 0 0 1.01176
3 0 2770 0.911853
6 0 0 0.872522
7 0 0 1.00265

3
1 2 4403 1.02816
2 0 0 1.03404
3 0 0 0.90578

3
1 0 9135 0.855108
2 0 0 0.875851
3 0 0 0.939144

3
1 1 1 0.919202
2 0 0 1.00438
3 0 0 0.856406

3
1 0 1172 0.872354
2 0 0 1.07587
3 0 0 0.839181

5
1 0 5477 0.874827
2 0 0 0.858097
3 1 2 0.939832
6 0 0 1.06263
7 0 0 1.03992

5
1 0 5045 0.82222
2 0 4359 0.82609
4 0 0 0.875347
5 0 0 1.04988
3 0 0 0.924692

3
1 0 3568 0.836165
2 0 0 0.880436
3 0 0 0.922732

1
1 0 0 0.74386

1
1 0 0 0.858228

5
1 2 2924 0.832139
2 0 0 0.904304
3 1 4 0.898239
6 0 0 0.876479
7 0 0 1.00969

3
1 0 5227 0.821053
2 0 0 0.894039
3 0 0 0.83225

7
1 1 4 0.88865
2 0 0 0.822714
3 2 5003 0.957442
6 0 0 0.918669
7 2 5103 0.977475
14 0 0 1.00669
15 0 0 1.02129

1
1 0 0 0.850243

3
1 0 721 0.856325
2 0 0 1.13404
3 0 0 0.827926

3
1 1 1 0.828078
2 0 0 1.01825
3 0 0 0.926034

3
1 0 993 0.803363
2 0 0 1.02804
3 0 0 0.818883

5
1 0 1422 0.826714
2 0 1089 0.906281
4 0 0 0.951494
5 0 0 0.992098
3 0 0 0.776953

3
1 2 3784 0.907253
2 0 0 0.893274
3 0 0 0.762164

3
1 2 235 0.841906
2 0 0 0.93452
3 0 0 0.875092

3
1 0 1813 0.89133
2 0 0 0.971291
3 0 0 0.881795

3
1 0 5816 0.983126
2 0 0 0.833757
3 0 0 1.02775

3
1 0 203 0.872314
2 0 0 0.910944
3 0 0 0.992361

3
1 2 243 0.832476
2 0 0 1.09321
3 0 0 0.885342

3
1 1 3 0.807748
2 0 0 0.833746
3 0 0 0.801349

3
1 0 1451 0.830714
2 0 0 0.934966
3 0 0 0.802979

3
1 2 1354 0.872365
2 0 0 1.05759
3 0 0 0.891708

3
1 0 9085 0.882523
2 0 0 0.888791
3 0 0 1.05092

5
1 2 244 0.835902
2 2 212 0.910851
4 0 0 1.00609
5 0 0 1.04949
3 0 0 0.729396

5
1 2 952 0.913903
2 2 372 0.989035
4 0 0 0.983985
5 0 0 1.01755
3 0 0 0.930078

5
1 0 9039 0.784737
2 0 0 0.827786
3 0 9349 0.947526
6 0 0 0.91649
7 0 0 0.937447

1
1 0 0 0.74376

1
1 0 0 0.892511

3
1 0 2834 0.926018
2 0 0 0.877996
3 0 0 0.966909

5
1 1 4 0.912606
2 0 0 0.89054
3 2 4562 0.971997
6 0 0 1.03711
7 0 0 1.04154

3
1 0 898 0.828637
2 0 0 1.04687
3 0 0 0.803168

5
1 2 3966 0.935397
2 2 1445 1.02215
4 0 0 0.936666
5 0 0 1.05121
3 0 0 0.917863

3
1 0 704 0.795025
2 0 0 1.06637
3 0 0 0.907493

5
1 1 1 0.957674
2 0 0 0.973916
3 0 6865 1.01626
6 0 0 0.819193
7 0 0 0.951908

3
1 0 1122 0.944792
2 0 0 1.06483
3 0 0 0.944984

3
1 1 4 0.928549
2 0 0 0.921262
3 0 0 0.984544

5
1 0 4162 0.917158
2 0 0 0.830261
3 0 7429 0.97408
6 0 0 0.986671
7 0 0 1.00611

3
1 0 6156 0.823535
2 0 0 0.840091
3 0 0 0.914451

3
1 1 2 0.851978
2 0 0 0.864041
3 0 0 0.939777

3
1 0 7454 0.957659
2 0 0 0.888076
3 0 0 0.9771

3
1 2 2653 0.911064
2 0 0 0.958707
3 0 0 0.965693

1
1 0 0 0.834834

3
1 0 5954 0.82955
2 0 0 0.940809
3 0 0 1.0529

5
1 0 82 0.899388
2 0 0 1.03033
3 0 3961 0.934868
6 0 0 0.809522
7 0 0 0.918906

3
1 2 3400 0.889606
2 0 0 0.994228
3 0 0 0.813379

1
1 0 0 0.867785

5
1 2 5040 0.866488
2 0 0 0.891212
3 2 5311 0.910838
6 0 0 0.947381
7 0 0 1.0273

5
1 0 3721 0.856051
2 0 0 0.781826
3 1 2 0.983673
6 0 0 1.01074
7 0 0 0.93745

5
1 2 4398 0.934258
2 2 3591 0.93402
4 0 0 0.934288
5 0 0 1.01063
3 0 0 0.984317

3
1 0 293 0.895439
2 0 0 1.06475
3 0 0 0.904592

3
1 2 5376 0.846325
2 0 0 0.81098
3 0 0 0.983429

3
1 2 3154 0.88964
2 0 0 1.04748
3 0 0 0.845963

3
1 0 6245 0.837846
2 0 0 0.756825
3 0 0 1.06552

5
1 1 1 0.865101
2 0 0 1.00187
3 0 7116 0.992169
6 0 0 0.867815
7 0 0 0.958382

5
1 0 5931 0.852362
2 0 4679 0.893733
4 0 0 0.887157
5 0 0 0.990757
3 0 0 0.912308

3
1 1 3 0.878803
2 0 0 0.930749
3 0 0 0.897723

3
1 2 57 0.790615
2 0 0 0.953019
3 0 0 0.833278

5
1 0 3685 0.842338
2 0 0 0.856374
3 1 2 0.999225
6 0 0 1.02593
7 0 0 0.903828

3
1 0 1053 0.80668
2 0 0 1.01369
3 0 0 0.793126

3
1 0 3691 0.914206
2 0 0 0.844995
3 0 0 0.974568

1
1 0 0 0.890673

3
1 2 3515 0.896744
2 0 0 0.906462
3 0 0 0.921027

3
1 0 2974 0.977246
2 0 0 0.74053
3 0 0 1.06899

1
1 0 0 0.746262

3
1 1 3 0.871142
2 0 0 0.780504
3 0 0 1.00229

3
1 1 1 0.895435
2 0 0 0.918712
3 0 0 0.856965

1
1 0 0 0.719749

3
1 2 725 0.834084
2 0 0 1.02754
3 0 0 0.778706

1
1 0 0 0.894887

3
1 0 189 0.816678
2 0 0 0.907095
3 0 0 0.770252

3
1 1 3 0.893845
2 0 0 0.930195
3 0 0 0.957495

3
1 0 1904 0.883533
2 0 0 0.946452
3 0 0 0.902068

3
1 2 223 0.837406
2 0 0 0.946124
3 0 0 0.851066

3
1 0 1804 0.92155
2 0 0 0.828388
3 0 0 0.976179

3
1 0 9790 0.843834
2 0 0 0.851265
3 0 0 1.0469

1
1 0 0 0.768318

5
1 2 361 0.950739
2 2 336 0.9983
4 0 0 1.09863
5 0 0 0.933637
3 0 0 0.913129

1
1 0 0 0.790578

7
1 1 4 0.910818
2 0 0 0.941567
3 0 9814 0.962868
6 2 4855 1.06115
12 0 0 1.05871
13 0 0 0.915287
7 0 0 1.11397

5
1 2 1784 0.866612
2 0 0 0.947725
3 2 3992 0.96212
6 0 0 0.975011
7 0 0 0.984814

3
1 2 3767 0.917621
2 0 0 0.837016
3 0 0 0.946571

7
1 0 7481 0.905008
2 0 0 0.844774
3 0 9027 0.993792
6 2 1497 1.15076
12 0 0 0.980192
13 0 0 1.00231
7 0 0 1.02227

3
1 0 6983 0.862845
2 0 0 0.889697
3 0 0 0.997586

5
1 0 857 0.760677
2 0 0 0.93988
3 1 3 0.84154
6 0 0 0.788244
7 0 0 0.903557

1
1 0 0 0.826046

3
1 2 1929 0.912362
2 0 0 0.935314
3 0 0 0.913741

3
1 0 932 0.803288
2 0 0 1.09138
3 0 0 0.796084

1
1 0 0 0.862931

5
1 2 1748 0.914731
2 1 3 0.972079
4 0 0 0.933743
5 0 0 1.12262
3 0 0 0.887544

3
1 1 1 0.773409
2 0 0 0.825272
3 0 0 0.809491

3
1 2 4002 0.856773
2 0 0 0.793468
3 0 0 0.864714

1
1 0 0 0.783861

3
1 0 7630 0.952993
2 0 0 0.936224
3 0 0 0.995191

3
1 1 1 0.827637
2 0 0 0.900863
3 0 0 0.953851

3
1 1 3 0.924066
2 0 0 0.881505
3 0 0 0.985213

3
1 0 2951 0.862756
2 0 0 0.867246
3 0 0 0.896626

5
1 1 1 0.848126
2 2 1030 0.978177
4 0 0 1.02964
5 0 0 0.930651
3 0 0 0.844862

1
1 0 0 0.741547

3
1 2 358 0.862116
2 0 0 0.910348
3 0 0 0.940564

5
1 2 91 0.858917
2 2 66 1.04498
4 0 0 1.16231
5 0 0 0.887446
3 0 0 0.870514

3
1 2 4964 0.882924
2 0 0 0.882186
3 0 0 0.905412

3
1 0 5048 0.836709
2 0 0 0.820919
3 0 0 0.806878

3
1 0 3568 0.836165
2 0 0 0.870234
3 0 0 0.980452

3
1 0 4732 0.836585
2 0 0 0.857087
3 0 0 1.02628

3
1 2 1413 0.852047
2 0 0 0.930243
3 0 0 0.880035

1
1 0 0 0.802211

5
1 2 3529 0.901074
2 0 0 0.988425
3 0 6291 0.951401
6 0 0 0.891088
7 0 0 1.09334

3
1 0 9279 0.914063
2 0 0 0.972888
3 0 0 0.997278

3
1 1 2 0.888527
2 0 0 0.957127
3 0 0 1.05312

1
1 0 0 0.833454

5
1 0 4647 0.898967
2 0 3596 0.931968
4 0 0 0.792464
5 0 0 1.01918
3 0 0 0.880989

3
1 2 5077 0.795382
2 0 0 0.856811
3 0 0 1.00219

3
1 0 8684 0.930103
2 0 0 0.87129
3 0 0 1.00309

5
1 2 895 0.856528
2 0 0 1.02867
3 2 4706 0.883295
6 0 0 0.871649
7 0 0 0.931749

1
1 0 0 0.769287

3
1 0 9381 0.831301
2 0 0 0.716248
3 0 0 0.948256

3
1 0 1614 0.840568
2 0 0 0.996157
3 0 0 0.878743

3
1 0 9778 0.801905
2 0 0 0.776458
3 0 0 1.11501

3
1 0 4342 0.930259
2 0 0 0.871802
3 0 0 1.03176

3
1 0 3227 0.913246
2 0 0 0.839907
3 0 0 1.0345

3
1 2 2254 0.927652
2 0 0 0.925083
3 0 0 0.941932

1
1 0 0 0.888675

3
1 0 759 0.876177
2 0 0 0.942283
3 0 0 0.835645

5
1 0 909 0.859106
2 0 0 0.927571
3 0 4191 0.898003
6 0 0 0.871215
7 0 0 0.947042

5
1 0 9131 0.877567
2 0 0 0.814851
3 2 1058 0.966277
6 0 0 1.00342
7 0 0 0.935184

3
1 2 2855 0.926569
2 0 0 0.964942
3 0 0 0.822832

3
1 0 214 0.79012
2 0 0 1.04744
3 0 0 0.786294

1
1 0 0 0.771828

1
1 0 0 0.866654

3
1 2 3323 0.962022
2 0 0 0.9283
3 0 0 0.896096

1
1 0 0 0.879861

5
1 0 8752 0.959243
2 0 0 0.836198
3 2 4196 1.00177
6 0 0 0.970249
7 0 0 1.02071

7
1 2 37 0.779676
2 0 8073 1.00975
4 0 6982 0.950981
8 0 0 1.09562
9 0 0 0.937091
5 0 0 0.973852
3 0 0 0.816375

1
1 0 0 0.792169

5
1 2 3531 0.8588
2 0 1295 0.874761
4 0 0 1.04906
5 0 0 1.00712
3 0 0 0.855921

3
1 0 1877 0.881083
2 0 0 1.07324
3 0 0 0.797344

3
1 1 3 0.917829
2 0 0 1.0114
3 0 0 0.882133

1
1 0 0 0.864105

3
1 0 525 0.931809
2 0 0 0.983975
3 0 0 0.922658

11
1 0 8246 0.90151
2 0 2400 0.966791
4 0 0 0.851106
5 0 0 1.08377
3 0 9247 1.15663
6 0 8491 0.975623
12 0 0 1.09497
13 0 9137 0.918752
26 0 0 1.00652
27 0 0 1.10316
7 0 0 1.08546

5
1 2 670 0.958253
2 1 3 1.18684
4 0 0 1.00473
5 0 0 0.890324
3 0 0 0.929359

3
1 0 950 0.995639
2 0 0 1.03493
3 0 0 1.02337

3
1 2 1866 0.898343
2 0 0 0.849111
3 0 0 0.889821

7
1 0 9720 0.893611
2 0 0 0.921692
3 2 3601 1.13883
6 0 0 1.00581
7 1 4 1.05743
14 0 0 1.01904
15 0 0 1.14255

5
1 1 4 0.898733
2 0 0 0.833572
3 0 8351 0.881307
6 0 0 1.00821
7 0 0 1.01084

5
1 0 2792 0.858189
2 0 0 0.862711
3 1 4 0.929914
6 0 0 0.985808
7 0 0 0.930338

3
1 0 7847 0.904193
2 0 0 0.877763
3 0 0 1.01257

5
1 0 3960 0.937113
2 0 0 0.757706
3 2 4494 1.0557
6 0 0 1.06314
7 0 0 1.01071

3
1 0 3418 0.898481
2 0 0 0.906335
3 0 0 0.942466

5
1 0 9439 0.823345
2 0 0 0.809545
3 0 9838 0.95459
6 0 0 1.01321
7 0 0 1.00619

1
1 0 0 0.853908

3
1 1 3 0.861447
2 0 0 0.911191
3 0 0 0.941806

3
1 1 4 0.851929
2 0 0 0.864547
3 0 0 0.826538

1
1 0 0 0.883334

3
1 0 6567 0.913007
2 0 0 0.758901
3 0 0 1.08755

3
1 2 4110 0.893157
2 0 0 0.900435
3 0 0 0.970149

3
1 0 1408 0.967634
2 0 0 1.01057
3 0 0 0.854068

5
1 2 366 0.911302
2 2 316 1.01617
4 0 0 0.948606
5 0 0 0.997993
3 0 0 0.931822

3
1 0 2993 0.947863
2 0 0 0.925417
3 0 0 1.11924

3
1 1 4 0.898609
2 0 0 0.868975
3 0 0 0.936918

5
1 2 1600 0.969307
2 0 0 1.01102
3 1 3 0.9142
6 0 0 0.887804
7 0 0 1.03009

3
1 0 296 0.819236
2 0 0 0.979549
3 0 0 0.78589

3
1 2 262 0.884829
2 0 0 0.961303
3 0 0 0.821925

3
1 1 1 0.932472
2 0 0 0.947124
3 0 0 0.917507

1
1 0 0 0.865742

7
1 0 5950 0.866554
2 2 186 0.801939
4 0 0 1.01463
5 0 0 0.786167
3 0 6787 0.960512
6 0 0 1.05259
7 0 0 0.912179

7
1 0 4648 0.940408
2 0 3913 0.949488
4 2 3619 0.915206
8 0 0 0.82535
9 0 0 1.0898
5 0 0 0.958507
3 0 0 0.987793

7
1 2 4680 0.927702
2 0 0 0.914652
3 0 574 0.961114
6 2 5085 1.05941
12 0 0 1.04802
13 0 0 0.937916
7 0 0 0.861076

3
1 0 2004 0.791776
2 0 0 1.11194
3 0 0 0.909324

5
1 0 280 0.78775
2 2 3956 1.03296
4 0 0 1.05788
5 0 0 1.06511
3 0 0 0.764939

5
1 0 1130 0.816305
2 0 1095 0.982726
4 0 0 0.950348
5 0 0 0.909089
3 0 0 0.74595

5
1 2 1933 0.956139
2 1 4 1.07676
4 0 0 1.0206
5 0 0 0.815325
3 0 0 1.0159

3
1 0 4123 0.833347
2 0 0 0.863936
3 0 0 0.81717

1
1 0 0 0.803572

5
1 0 5511 0.883073
2 1 3 0.839064
4 0 0 0.810638
5 0 0 0.917234
3 0 0 0.915994

3
1 2 49 0.826114
2 0 0 0.972144
3 0 0 0.789737

3
1 0 1786 0.793498
2 0 0 1.0273
3 0 0 0.883379

3
1 0 2570 0.846
2 0 0 0.833316
3 0 0 0.894639

3
1 2 87 0.803181
2 0 0 0.967019
3 0 0 0.769363

5
1 0 132 0.850259
2 0 81 1.11071
4 0 0 1.01252
5 0 0 0.992704
3 0 0 0.85189

3
1 1 1 0.803881
2 0 0 0.901675
3 0 0 0.771023

3
1 0 3114 0.867656
2 0 0 0.865045
3 0 0 0.939288

5
1 0 3938 0.873684
2 0 0 0.837616
3 0 8545 1.02685
6 0 0 1.03037
7 0 0 0.946996

3
1 0 7019 0.839114
2 0 0 0.911371
3 0 0 1.0544

3
1 0 814 0.857055
2 0 0 1.18677
3 0 0 0.751888

3
1 0 1140 0.87015
2 0 0 1.04221
3 0 0 0.852197

5
1 1 1 1.00142
2 2 1111 0.891856
4 0 0 0.914365
5 0 0 0.929232
3 0 0 0.94109

5
1 0 7850 0.807486
2 0 0 0.836637
3 1 2 1.12323
6 0 0 1.03708
7 0 0 1.03036

5
1 0 5538 0.86931
2 0 0 0.873713
3 2 4794 0.89266
6 0 0 0.991637
7 0 0 1.04835

3
1 0 1131 0.85628
2 0 0 0.961001
3 0 0 0.847086

3
1 0 92 0.908693
2 0 0 1.04137
3 0 0 0.865986

1
1 0 0 0.858731

3
1 1 4 0.87394
2 0 0 0.983319
3 0 0 1.00379

5
1 1 4 0.835695
2 0 0 0.791189
3 2 64 0.961937
6 0 0 0.957956
7 0 0 0.917175

5
1 2 196 0.842548
2 0 6335 0.914308
4 0 0 0.994879
5 0 0 1.03886
3 0 0 0.816283

3
1 0 650 0.87973
2 0 0 0.92836
3 0 0 0.847869

3
1 0 4797 0.835827
2 0 0 0.802459
3 0 0 0.974873

1
1 0 0 0.766999

3
1 0 6813 0.896081
2 0 0 0.961685
3 0 0 1.00604

7
1 1 4 0.809842
2 0 0 0.849589
3 2 3368 1.14633
6 0 0 0.999909
7 0 3094 1.1281
14 0 0 1.01241
15 0 0 1.06213

3
1 1 4 0.872
2 0 0 0.810007
3 0 0 0.953765

3
1 0 1601 0.883633
2 0 0 0.911883
3 0 0 0.914883

3
1 0 3390 0.883942
2 0 0 0.906784
3 0 0 0.914058

5
1 2 944 0.903105
2 0 0 0.934234
3 0 9736 0.842865
6 0 0 0.780289
7 0 0 0.944848

3
1 1 1 0.901745
2 0 0 0.968229
3 0 0 0.902425

1
1 0 0 0.899888

3
1 1 2 0.817597
2 0 0 0.908246
3 0 0 0.838097

7
1 0 4509 0.832082
2 0 0 0.845744
3 1 1 0.969636
6 0 0 1.02107
7 2 1651 1.015
14 0 0 1.09264
15 0 0 0.975573

3
1 2 5129 0.805395
2 0 0 0.759562
3 0 0 0.94088

5
1 0 2263 0.894793
2 2 1478 0.905305
4 0 0 0.993628
5 0 0 0.936228
3 0 0 0.980996

3
1 0 7081 0.846122
2 0 0 0.840233
3 0 0 1.03124

3
1 2 5150 0.927432
2 0 0 0.876398
3 0 0 0.968271

5
1 0 4327 0.830205
2 0 0 0.831644
3 0 7399 1.05808
6 0 0 1.05718
7 0 0 0.822069

3
1 0 7874 0.97191
2 0 0 0.864295
3 0 0 1.03272

1
1 0 0 0.909797

3
1 2 2654 0.853426
2 0 0 1.00873
3 0 0 0.928223

3
1 0 7249 0.945908
2 0 0 0.867715
3 0 0 0.870585

9
1 2 265 0.941699
2 0 5097 1.04519
4 0 363 0.892966
8 0 0 1.00574
9 2 29 0.966094
18 0 0 0.850171
19 0 0 0.87799
5 0 0 1.04681
3 0 0 0.834576

5
1 0 1091 0.792743
2 2 4434 0.968111
4 0 0 0.936823
5 0 0 0.941572
3 0 0 0.80489

1
1 0 0 0.868587

3
1 2 2585 0.880839
2 0 0 0.988171
3 0 0 0.803323

1
1 0 0 0.758634

3
1 0 8660 0.960379
2 0 0 0.952615
3 0 0 0.901557

3
1 0 5789 0.957036
2 0 0 0.869032
3 0 0 0.991912

3
1 0 1731 0.815668
2 0 0 1.08881
3 0 0 0.786082

3
1 2 2226 0.870004
2 0 0 0.84605
3 0 0 0.961349

3
1 2 2217 0.846032
2 0 0 0.988257
3 0 0 0.862755

3
1 0 9660 0.911063
2 0 0 0.779516
3 0 0 1.01324

3
1 0 5154 0.893857
2 0 0 0.83005
3 0 0 0.929845

3
1 0 8306 0.826091
2 0 0 0.835189
3 0 0 1.00739

3
1 2 4555 0.84792
2 0 0 0.888264
3 0 0 0.909589

1
1 0 0 0.793495

3
1 1 3 0.896289
2 0 0 0.889049
3 0 0 0.946109

3
1 2 130 0.911277
2 0 0 1.04738
3 0 0 0.926573

3
1 0 9800 0.741372
2 0 0 0.831147
3 0 0 0.989751

3
1 0 9920 0.782491
2 0 0 0.718979
3 0 0 1.0147

3
1 0 9876 0.809716
2 0 0 0.715553
3 0 0 0.926104

3
1 2 713 0.849888
2 0 0 0.92429
3 0 0 0.903239

1
1 0 0 0.81068

3
1 2 3950 0.941304
2 0 0 1.03675
3 0 0 0.953922

1
1 0 0 0.980001

3
1 1 2 0.885301
2 0 0 0.906847
3 0 0 0.813437

1
1 0 0 0.861825

3
1 1 3 0.881387
2 0 0 0.800816
3 0 0 0.93135

5
1 1 4 0.95614
2 0 2135 1.06897
4 0 0 0.972722
5 0 0 1.07036
3 0 0 1.06986

1
1 0 0 0.824956

7
1 0 2909 0.822586
2 0 0 0.852877
3 2 625 0.965259
6 0 8595 0.973666
12 0 0 0.919727
13 0 0 0.909732
7 0 0 0.951583

3
1 0 601 0.948415
2 0 0 0.994247
3 0 0 0.870925

5
1 1 4 0.913339
2 0 0 0.97174
3 0 5524 0.982286
6 0 0 0.887213
7 0 0 1.00753

5
1 0 4800 0.877232
2 0 0 0.941667
3 2 1466 0.994179
6 0 0 0.957075
7 0 0 1.02602

5
1 0 9389 0.910281
2 0 0 0.872948
3 0 9814 0.98927
6 0 0 0.978985
7 0 0 1.00217

3
1 0 322 0.885765
2 0 0 0.985761
3 0 0 0.943647

5
1 0 5998 0.908923
2 0 4976 0.953692
4 0 0 0.922088
5 0 0 0.921279
3 0 0 1.01764

3
1 2 1602 0.842309
2 0 0 0.868986
3 0 0 0.949213

7
1 0 8968 0.828834
2 0 5045 0.929697
4 0 0 0.762159
5 0 0 1.07056
3 1 1 0.978671
6 0 0 0.962086
7 0 0 0.948726

5
1 2 3452 0.876692
2 0 8984 0.906755
4 0 0 0.91125
5 0 0 0.93014
3 0 0 0.81632

3
1 0 1408 0.967634
2 0 0 1.11793
3 0 0 0.836478

11
1 2 4673 0.912233
2 0 0 0.844172
3 0 8471 0.97497
6 2 5277 0.94551
12 0 0 1.05243
13 0 0 1.00475
7 0 9797 1.02879
14 0 0 0.967434
15 1 2 1.09308
30 0 0 0.951437
31 0 0 1.09633

3
1 1 3 0.842947
2 0 0 0.851591
3 0 0 0.985564

5
1 1 2 0.938598
2 0 0 0.903478
3 2 4770 0.992264
6 0 0 1.03172
7 0 0 0.874542

3
1 0 316 0.910035
2 0 0 1.04995
3 0 0 0.862016

3
1 0 410 0.807409
2 0 0 0.93814
3 0 0 0.817275

3
1 2 2814 0.87527
2 0 0 0.814243
3 0 0 0.879839

5
1 0 8948 0.90495
2 2 8 0.902188
4 0 0 1.13094
5 0 0 0.950155
3 0 0 0.942033

3
1 0 3524 0.865365
2 0 0 0.981981
3 0 0 1.08861

3
1 2 4106 0.95209
2 0 0 0.897726
3 0 0 0.928647

3
1 0 6750 0.869232
2 0 0 0.862899
3 0 0 0.949461

5
1 0 4437 0.879593
2 2 645 0.931682
4 0 0 0.892653
5 0 0 0.918947
3 0 0 0.833242

3
1 2 2213 0.852305
2 0 0 0.886145
3 0 0 0.834683

3
1 1 3 0.861
2 0 0 0.917878
3 0 0 1.06554

5
1 1 4 0.883379
2 0 0 0.830635
3 0 7660 0.938875
6 0 0 0.982798
7 0 0 1.05834

3
1 0 276 0.826631
2 0 0 1.08733
3 0 0 0.866034

1
1 0 0 0.83564

1
1 0 0 0.96412

1
1 0 0 0.795732

3
1 0 1002 0.817381
2 0 0 1.00329
3 0 0 0.728893

3
1 0 5653 0.897036
2 0 0 0.89298
3 0 0 0.862207

3
1 2 2589 0.869775
2 0 0 0.875173
3 0 0 0.978186

1
1 0 0 0.765662

5
1 2 1289 0.925961
2 0 0 1.04893
3 0 798 0.858146
6 0 0 0.812305
7 0 0 0.886284

5
1 0 5154 0.857635
2 0 0 0.87437
3 1 4 0.973685
6 0 0 0.981544
7 0 0 0.914533

5
1 0 9289 0.841292
2 2 1187 0.836173
4 0 0 0.908214
5 0 0 0.845142
3 0 0 0.991514

1
1 0 0 0.835843

5
1 2 1363 0.814237
2 0 0 0.985835
3 0 8808 0.814838
6 0 0 0.875907
7 0 0 1.07996

3
1 2 334 0.818581
2 0 0 1.01835
3 0 0 0.834377

3
1 1 1 0.870971
2 0 0 0.935864
3 0 0 0.825212

3
1 2 2323 0.932431
2 0 0 0.888825
3 0 0 0.930854

3
1 0 2925 0.965787
2 0 0 0.842931
3 0 0 1.09213

1
1 0 0 0.684701

1
1 0 0 0.867813

5
1 0 3838 0.83056
2 0 2372 0.838246
4 0 0 0.752364
5 0 0 0.917643
3 0 0 1.08171

3
1 0 4727 0.867091
2 0 0 0.819323
3 0 0 1.02904

3
1 0 9660 0.871814
2 0 0 0.837793
3 0 0 1.09698

7
1 0 6784 0.908289
2 0 787 0.760366
4 0 0 0.95692
5 0 0 0.756898
3 2 4989 0.998212
6 0 0 0.976651
7 0 0 1.03879

3
1 0 1515 0.861044
2 0 0 0.965843
3 0 0 0.847009

3
1 0 8454 0.902434
2 0 0 0.865064
3 0 0 0.912834

3
1 0 1666 0.860252
2 0 0 0.941315
3 0 0 0.862045

7
1 2 478 0.855303
2 0 0 0.939344
3 2 1869 0.868917
6 0 0 0.949534
7 0 2719 0.844907
14 0 0 0.823736
15 0 0 0.822544

1
1 0 0 0.824761

7
1 2 2812 0.903029
2 2 2584 0.972642
4 0 0 0.971018
5 0 0 1.11605
3 0 8257 1.01227
6 0 0 1.06506
7 0 0 1.06926

1
1 0 0 0.892124

3
1 2 1054 0.851293
2 0 0 0.90556
3 0 0 0.833127

1
1 0 0 0.83387

3
1 0 8952 0.803917
2 0 0 0.794965
3 0 0 0.995283

1
1 0 0 0.772508

7
1 0 5187 0.829381
2 0 739 0.859384
4 0 0 1.00624
5 0 0 0.836776
3 1 2 0.888186
6 0 0 0.898314
7 0 0 0.90578

1
1 0 0 0.926566

5
1 0 4509 0.832082
2 0 3223 0.873984
4 0 0 0.925623
5 0 0 0.896105
3 0 0 1.07307

5
1 1 1 0.973689
2 0 5435 0.965228
4 0 0 1.00754
5 0 0 1.08286
3 0 0 0.958135

1
1 0 0 0.843988

3
1 0 6471 0.805583
2 0 0 0.783957
3 0 0 0.944343

3
1 0 558 0.772808
2 0 0 0.938039
3 0 0 0.803245

3
1 0 4435 0.842883
2 0 0 0.778859
3 0 0 1.00987

3
1 0 9680 0.866618
2 0 0 0.724503
3 0 0 0.981983

3
1 2 3475 0.903737
2 0 0 0.932974
3 0 0 0.80906

3
1 0 6548 0.823749
2 0 0 0.876004
3 0 0 1.08815

1
1 0 0 0.878343

3
1 0 47 0.749767
2 0 0 0.912765
3 0 0 0.721037

3
1 0 8748 0.90911
2 0 0 0.822327
3 0 0 1.05301

1
1 0 0 0.826233

3
1 2 5009 0.962341
2 0 0 0.923543
3 0 0 0.873421

3
1 0 6715 0.913866
2 0 0 0.918992
3 0 0 1.03134

3
1 2 4376 0.908376
2 0 0 0.907462
3 0 0 0.957422

5
1 0 5351 0.891319
2 0 0 0.86567
3 0 6327 0.948583
6 0 0 0.938146
7 0 0 0.978719

3
1 1 2 0.916353
2 0 0 0.871753
3 0 0 0.885064

3
1 2 412 0.882693
2 0 0 0.96635
3 0 0 0.947271

3
1 0 803 0.913935
2 0 0 0.882209
3 0 0 0.783962

1
1 0 0 0.828593

5
1 2 5356 0.932309
2 0 8696 0.775556
4 0 0 0.784174
5 0 0 0.896791
3 0 0 0.887513

5
1 0 8306 0.826091
2 0 4641 0.895167
4 0 0 0.828655
5 0 0 1.03951
3 0 0 0.83869

3
1 1 1 0.894226
2 0 0 0.87744
3 0 0 0.989174

5
1 2 2601 0.887507
2 2 1395 0.861494
4 0 0 0.85635
5 0 0 0.995114
3 0 0 0.981002

3
1 0 1064 0.927773
2 0 0 1.07565
3 0 0 0.892515

1
1 0 0 0.782335

5
1 0 9294 0.862102
2 0 0 0.829906
3 1 2 1.09138
6 0 0 1.01505
7 0 0 1.11548

3
1 2 1256 0.926293
2 0 0 0.994408
3 0 0 0.83772

1
1 0 0 0.81413

3
1 0 316 0.790253
2 0 0 1.01442
3 0 0 0.773594

3
1 0 851 0.804995
2 0 0 0.877094
3 0 0 0.761172

3
1 1 4 0.852458
2 0 0 0.814499
3 0 0 1.08939

3
1 1 4 0.882145
2 0 0 0.973889
3 0 0 0.993114

5
1 2 377 0.928809
2 0 2338 1.01048
4 0 0 0.917022
5 0 0 1.0188
3 0 0 0.927575

5
1 0 642 0.822178
2 2 2947 0.994315
4 0 0 1.12168
5 0 0 1.03727
3 0 0 0.819935

3
1 2 231 0.808835
2 0 0 0.99231
3 0 0 0.839546

3
1 1 1 0.961785
2 0 0 0.930239
3 0 0 0.882765

5
1 1 2 0.949548
2 0 0 0.920054
3 0 5430 1.01156
6 0 0 1.0812
7 0 0 1.08269

3
1 0 1614 0.871756
2 0 0 0.998937
3 0 0 0.713717

1
1 0 0 0.845659

5
1 0 9860 0.858406
2 0 0 0.811691
3 2 4122 1.07079
6 0 0 1.1264
7 0 0 1.09125

5
1 0 9438 1.04894
2 0 9255 1.02584
4 0 0 0.984865
5 0 0 0.987557
3 0 0 1.0179

3
1 1 4 0.907353
2 0 0 1.00122
3 0 0 0.923657

3
1 1 4 0.847389
2 0 0 0.883465
3 0 0 1.04649

5
1 2 4215 0.830909
2 0 0 0.850915
3 0 9888 0.850867
6 0 0 0.866581
7 0 0 0.945996

3
1 0 2451 1.01068
2 0 0 0.786319
3 0 0 0.996743

5
1 1 3 0.931696
2 0 0 0.922902
3 2 714 0.972485
6 0 0 1.05948
7 0 0 0.967556

5
1 1 2 0.90403
2 0 0 0.888932
3 0 8591 0.955234
6 0 0 0.97673
7 0 0 0.860481

3
1 0 8127 0.839005
2 0 0 0.839179
3 0 0 0.919461

3
1 0 243 0.87589
2 0 0 0.999281
3 0 0 0.909735

3
1 0 5748 0.89803
2 0 0 0.944261
3 0 0 1.02712

7
1 0 3945 0.981196
2 2 2830 0.858463
4 0 0 0.86952
5 0 2675 0.910259
10 0 0 0.80183
11 0 0 0.958129
3 0 0 1.00692

5
1 0 4474 0.903043
2 0 4051 0.921708
4 0 0 0.910236
5 0 0 1.00012
3 0 0 0.932866

3
1 0 2468 0.95232
2 0 0 0.903836
3 0 0 0.954426

3
1 2 4832 0.888514
2 0 0 0.893445
3 0 0 0.954396

5
1 0 7454 0.894083
2 0 6911 0.878084
4 0 0 0.905453
5 0 0 0.93973
3 0 0 0.940466

3
1 2 918 0.831407
2 0 0 1.01211
3 0 0 0.746993

3
1 1 2 0.858051
2 0 0 0.983825
3 0 0 0.91336

3
1 1 3 0.929507
2 0 0 0.921924
3 0 0 0.889325

1
1 0 0 0.78435

7
1 2 4983 0.941075
2 2 1803 0.933276
4 0 0 0.868452
5 0 0 0.949373
3 1 3 0.935902
6 0 0 0.944279
7 0 0 0.988105

5
1 0 2080 0.848261
2 0 2011 0.972053
4 0 0 0.97543
5 0 0 0.931344
3 0 0 0.939489

3
1 1 3 0.88903
2 0 0 0.885215
3 0 0 0.86255

3
1 2 1890 0.879504
2 0 0 0.965903
3 0 0 0.922247

3
1 0 4180 0.908457
2 0 0 0.743531
3 0 0 1.0189

3
1 0 7088 0.886254
2 0 0 0.882488
3 0 0 1.02756

3
1 1 2 0.848118
2 0 0 0.923164
3 0 0 0.972675

3
1 0 9722 0.853896
2 0 0 0.751922
3 0 0 0.919022

5
1 2 3218 0.940908
2 0 1373 0.955131
4 0 0 0.946912
5 0 0 0.998026
3 0 0 0.865076

3
1 2 4026 0.94147
2 0 0 0.928682
3 0 0 0.930368

3
1 0 7586 0.904479
2 0 0 0.997979
3 0 0 1.04983

3
1 1 1 0.822839
2 0 0 0.959263
3 0 0 0.81118

1
1 0 0 0.809982

3
1 1 4 0.946338
2 0 0 0.882175
3 0 0 0.851287

3
1 0 2070 0.823407
2 0 0 0.849924
3 0 0 0.804569

3
1 0 4885 0.891223
2 0 0 0.85131
3 0 0 0.8834

5
1 2 250 0.837117
2 0 4025 0.951945
4 0 0 1.04222
5 0 0 0.985444
3 0 0 0.851763

3
1 2 2055 0.833133
2 0 0 0.953243
3 0 0 0.857609

1
1 0 0 0.797528

7
1 1 3 0.873243
2 0 8111 0.961391
4 0 0 0.991462
5 0 0 1.01143
3 0 9463 0.985605
6 0 0 1.07995
7 0 0 1.07912

3
1 0 9583 0.768703
2 0 0 0.788618
3 0 0 1.00995

3
1 0 8990 0.907888
2 0 0 0.727788
3 0 0 0.975055

3
1 1 3 0.878385
2 0 0 0.859394
3 0 0 0.947952

3
1 2 5021 0.880102
2 0 0 0.857915
3 0 0 0.876524

5
1 2 4973 0.74424
2 0 0 0.833736
3 0 7800 0.992218
6 0 0 0.96717
7 0 0 1.01005

3
1 1 1 0.954989
2 0 0 0.891829
3 0 0 0.955448

3
1 1 1 0.90252
2 0 0 0.849371
3 0 0 0.927636

3
1 2 3779 0.759301
2 0 0 0.810165
3 0 0 0.840726

3
1 0 3254 0.912881
2 0 0 0.792103
3 0 0 0.973064

5
1 0 3255 0.875306
2 1 1 0.88214
4 0 0 0.87464
5 0 0 0.98013
3 0 0 0.874015

1
1 0 0 0.888344

5
1 0 7779 0.809429
2 2 342 0.859941
4 0 0 0.968812
5 0 0 0.838349
3 0 0 0.796549

3
1 0 1110 0.904226
2 0 0 0.967751
3 0 0 0.798354

3
1 0 2471 0.859413
2 0 0 0.854675
3 0 0 0.899187

3
1 0 9446 0.878286
2 0 0 0.87773
3 0 0 1.11423

3
1 0 7402 0.916656
2 0 0 0.9304
3 0 0 0.983861

3
1 0 1053 0.840441
2 0 0 0.881733
3 0 0 0.840851

1
1 0 0 0.822448

3
1 0 1315 0.754884
2 0 0 0.941675
3 0 0 0.761772

3
1 2 992 0.874991
2 0 0 0.955552
3 0 0 0.840167

1
1 0 0 0.939129

5
1 1 2 0.9299
2 0 0 0.957484
3 0 2381 0.938196
6 0 0 0.929202
7 0 0 0.936648

3
1 0 4243 0.928167
2 0 0 0.929168
3 0 0 1.00985

1
1 0 0 0.724146

3
1 1 3 0.839535
2 0 0 0.913538
3 0 0 0.857948

3
1 1 1 0.903551
2 0 0 0.946162
3 0 0 1.03024

3
1 2 4701 0.863604
2 0 0 0.841785
3 0 0 0.944308

3
1 2 4593 0.921543
2 0 0 0.863518
3 0 0 0.846338

3
1 1 3 0.870738
2 0 0 0.818521
3 0 0 0.909911

1
1 0 0 0.855248

3
1 0 6885 0.820015
2 0 0 0.802421
3 0 0 1.08902

3
1 0 9748 0.712529
2 0 0 0.921633
3 0 0 1.07777

3
1 0 9229 0.762658
2 0 0 0.810584
3 0 0 0.986552

3
1 1 4 0.791792
2 0 0 0.835142
3 0 0 0.931769

1
1 0 0 0.70466

3
1 0 1785 0.893779
2 0 0 0.908845
3 0 0 0.797739

3
1 1 1 0.899653
2 0 0 1.00275
3 0 0 0.919832

3
1 2 352 0.79605
2 0 0 0.859053
3 0 0 0.898584

3
1 0 8195 0.912461
2 0 0 0.792279
3 0 0 1.13078

3
1 2 2831 0.919602
2 0 0 0.898534
3 0 0 0.989613

3
1 1 1 0.887
2 0 0 0.988218
3 0 0 0.966971

3
1 2 2180 0.920655
2 0 0 0.971239
3 0 0 0.772968

5
1 2 126 0.901211
2 0 1584 0.960028
4 0 0 1.18588
5 0 0 0.927532
3 0 0 0.933663

3
1 1 2 0.861709
2 0 0 0.972183
3 0 0 0.810084

5
1 0 8442 0.896751
2 0 2608 1.03488
4 0 0 0.938048
5 0 0 1.15142
3 0 0 0.890498

3
1 2 2711 0.887841
2 0 0 0.864664
3 0 0 0.915893

1
1 0 0 0.86997

3
1 2 635 0.820239
2 0 0 0.865483
3 0 0 0.833116

5
1 0 9776 0.789116
2 0 0 0.778426
3 1 1 0.929274
6 0 0 1.03162
7 0 0 1.0946

1
1 0 0 0.755263

5
1 0 5022 0.929504
2 2 4254 0.836836
4 0 0 0.852519
5 0 0 0.976549
3 0 0 1.02851

3
1 2 3627 0.80782
2 0 0 0.92038
3 0 0 0.776959

1
1 0 0 0.834842

5
1 2 4663 0.849742
2 0 0 0.848545
3 2 5202 0.924133
6 0 0 0.931198
7 0 0 1.03196

5
1 1 3 0.810561
2 0 9358 0.828265
4 0 0 0.721298
5 0 0 0.995079
3 0 0 0.843396

3
1 1 3 0.863016
2 0 0 0.843502
3 0 0 1.0041

3
1 2 385 0.863695
2 0 0 1.0096
3 0 0 0.838539

3
1 1 2 0.902098
2 0 0 0.966627
3 0 0 0.869438

3
1 2 200 0.876693
2 0 0 0.954837
3 0 0 0.871849

1
1 0 0 0.8171

3
1 0 9967 0.945284
2 0 0 0.891122
3 0 0 1.0331

3
1 0 1793 0.915334
2 0 0 0.970911
3 0 0 0.829793

5
1 0 523 0.941977
2 0 0 0.98562
3 0 6070 0.952968
6 0 0 0.867909
7 0 0 0.984564

3
1 1 4 0.809897
2 0 0 0.978203
3 0 0 0.941053

3
1 1 4 0.864859
2 0 0 0.845612
3 0 0 0.9014

5
1 0 4592 0.881018
2 0 0 0.842994
3 2 2637 0.972833
6 0 0 1.02961
7 0 0 1.00923

5
1 0 749 0.850246
2 2 329 0.950122
4 0 0 1.02707
5 0 0 0.90705
3 0 0 0.772578

3
1 0 6910 0.858729
2 0 0 0.961847
3 0 0 0.924556

3
1 0 1576 0.918722
2 0 0 1.04528
3 0 0 0.829431

3
1 0 1616 0.814409
2 0 0 0.883397
3 0 0 0.802769

3
1 0 4289 0.952666
2 0 0 0.752649
3 0 0 1.03765

3
1 2 3810 0.946502
2 0 0 0.965408
3 0 0 1.00001

5
1 2 5062 0.905052
2 0 0 0.857081
3 0 6483 0.991326
6 0 0 1.01402
7 0 0 1.05546

3
1 0 3787 1.03424
2 0 0 0.929874
3 0 0 1.12446

1
1 0 0 0.75943

3
1 2 4324 0.875735
2 0 0 1.00008
3 0 0 0.890086

1
1 0 0 0.897676

3
1 0 5362 0.905822
2 0 0 0.883742
3 0 0 0.950848

5
1 2 2759 0.959058
2 2 2522 1.00745
4 0 0 0.961947
5 0 0 0.950062
3 0 0 0.944162

5
1 2 1714 0.880367
2 1 1 0.936797
4 0 0 0.926485
5 0 0 0.978127
3 0 0 0.961453

7
1 1 4 0.839429
2 0 6322 0.990522
4 1 3 0.966066
8 0 0 0.917187
9 0 0 1.05702
5 0 0 0.894321
3 0 0 0.971101

3
1 2 5165 0.88765
2 0 0 0.922429
3 0 0 0.923867

3
1 0 5597 0.904742
2 0 0 0.812254
3 0 0 0.991245

3
1 0 1135 0.825198
2 0 0 0.958859
3 0 0 0.860066

3
1 0 2930 0.920893
2 0 0 0.878999
3 0 0 0.999252

1
1 0 0 0.828267

3
1 2 4346 0.826651
2 0 0 0.813612
3 0 0 0.877432

5
1 0 9161 0.799419
2 0 0 0.898525
3 0 9419 1.01806
6 0 0 0.967354
7 0 0 1.05995

5
1 0 1251 1.08551
2 0 0 0.988171
3 2 4236 0.929257
6 0 0 0.912364
7 0 0 0.975002

3
1 2 5284 0.808272
2 0 0 1.00226
3 0 0 1.07509

3
1 2 3279 0.854423
2 0 0 0.918116
3 0 0 0.836445

3
1 0 8732 0.893349
2 0 0 0.833831
3 0 0 0.98071

1
1 0 0 0.804439

3
1 2 4105 0.928805
2 0 0 0.957449
3 0 0 0.901628

3
1 0 9595 0.698588
2 0 0 0.850522
3 0 0 1.13981

3
1 1 1 0.990576
2 0 0 0.916734
3 0 0 1.05814

1
1 0 0 0.792854

3
1 0 798 0.877978
2 0 0 1.05129
3 0 0 0.840714

1
1 0 0 0.864023

1
1 0 0 0.80763

5
1 0 3625 0.940826
2 0 0 0.914028
3 2 432 1.01879
6 0 0 0.90631
7 0 0 1.04693

9
1 0 8990 0.907888
2 0 0 0.832186
3 0 9155 0.842054
6 0 9081 1.00304
12 2 1884 1.04038
24 0 0 0.929368
25 0 0 0.957757
13 0 0 1.01865
7 0 0 1.14895

3
1 0 7835 0.864094
2 0 0 0.828608
3 0 0 0.936299

5
1 2 1888 0.867331
2 2 545 0.925092
4 0 0 0.865616
5 0 0 1.05652
3 0 0 0.963999

3
1 1 1 0.877212
2 0 0 0.966035
3 0 0 0.818952

1
1 0 0 0.830843

1
1 0 0 0.786814

3
1 0 6491 0.886532
2 0 0 0.860482
3 0 0 1.1318

3
1 0 3254 0.912881
2 0 0 0.885384
3 0 0 0.918745

3
1 2 2138 0.928619
2 0 0 0.873069
3 0 0 0.967205

5
1 0 709 0.862768
2 2 2354 0.956846
4 0 0 0.944949
5 0 0 0.964742
3 0 0 0.820392

3
1 0 3491 0.876903
2 0 0 0.833685
3 0 0 1.05101

5
1 1 1 0.807462
2 0 0 0.948694
3 2 4741 0.914091
6 0 0 0.913048
7 0 0 0.998277

3
1 2 5373 0.78164
2 0 0 0.785422
3 0 0 1.03375

1
1 0 0 0.80668

5
1 0 1149 0.829855
2 0 366 0.93961
4 0 0 0.907202
5 0 0 0.963128
3 0 0 0.805053

3
1 0 729 0.827266
2 0 0 0.982473
3 0 0 0.835951

1
1 0 0 0.779637

5
1 1 4 0.867781
2 0 0 0.860421
3 0 1507 0.952024
6 0 0 1.05692
7 0 0 0.843184

3
1 2 1435 0.907468
2 0 0 0.944997
3 0 0 0.82966

3
1 0 594 0.788326
2 0 0 0.929381
3 0 0 0.732269

5
1 0 8041 0.869991
2 0 2120 0.903954
4 0 0 1.0631
5 0 0 0.856778
3 0 0 1.02773

7
1 0 832 0.806386
2 2 3737 0.951888
4 0 0 0.943082
5 0 0 1.04269
3 1 4 0.885989
6 0 0 0.847264
7 0 0 1.15646

3
1 1 4 0.836631
2 0 0 0.830715
3 0 0 0.94474

3
1 2 3835 0.840918
2 0 0 0.875382
3 0 0 0.818002

5
1 0 1545 0.939509
2 0 0 1.1348
3 1 4 0.951165
6 0 0 0.963842
7 0 0 0.867604

3
1 0 7073 0.812365
2 0 0 0.70828
3 0 0 0.913339

3
1 0 264 0.789521
2 0 0 1.00526
3 0 0 0.803898

1
1 0 0 0.776143

3
1 2 4396 0.902764
2 0 0 0.893999
3 0 0 0.978699

1
1 0 0 0.807696

5
1 0 9718 0.804288
2 0 0 0.861802
3 2 2588 1.07978
6 0 0 0.930954
7 0 0 0.954213

3
1 0 4847 0.942262
2 0 0 0.951356
3 0 0 0.967887

3
1 0 1154 0.834135
2 0 0 0.877316
3 0 0 0.864088

3
1 0 1624 0.925864
2 0 0 0.959055
3 0 0 0.898335

3
1 2 1011 0.925299
2 0 0 0.989623
3 0 0 0.869777

3
1 0 3530 0.83564
2 0 0 0.781883
3 0 0 0.859952

1
1 0 0 0.799403

3
1 0 4572 0.831018
2 0 0 0.873124
3 0 0 1.02777

1
1 0 0 0.768563

3
1 0 9595 0.877767
2 0 0 0.763034
3 0 0 0.944823

3
1 1 2 0.926308
2 0 0 0.87679
3 0 0 0.922391

1
1 0 0 0.860522

5
1 0 2127 0.927561
2 1 1 0.916885
4 0 0 1.02684
5 0 0 0.921284
3 0 0 1.02319

3
1 2 4723 0.91219
2 0 0 0.942561
3 0 0 0.967034

3
1 2 1772 0.908633
2 0 0 0.881489
3 0 0 0.933702

3
1 1 4 0.920974
2 0 0 0.916674
3 0 0 0.883526

3
1 1 3 0.870062
2 0 0 0.846927
3 0 0 0.894841

5
1 1 4 0.866984
2 0 0 0.871372
3 2 5320 0.99631
6 0 0 0.902088
7 0 0 1.12289

5
1 2 4831 0.882258
2 1 2 0.900574
4 0 0 0.918572
5 0 0 0.920674
3 0 0 1.04009

3
1 2 3197 0.965804
2 0 0 0.887127
3 0 0 0.971281

3
1 0 5086 0.875384
2 0 0 0.841759
3 0 0 0.98118

5
1 0 8750 0.835426
2 0 0 0.779097
3 1 2 1.05675
6 0 0 1.05626
7 0 0 1.05903

5
1 0 696 0.750054
2 1 4 0.979533
4 0 0 0.951689
5 0 0 0.996712
3 0 0 0.78769

1
1 0 0 0.847883

7
1 2 316 0.823067
2 1 1 0.941871
4 0 0 1.11993
5 1 3 0.970234
10 0 0 1.05418
11 0 0 0.991258
3 0 0 0.934535

3
1 0 9702 0.825674
2 0 0 0.765264
3 0 0 1.16547

7
1 0 5747 0.838446
2 0 0 0.915585
3 0 7358 1.03567
6 0 7005 0.944602
12 0 0 0.804577
13 0 0 0.974997
7 0 0 0.898708

3
1 1 1 0.893017
2 0 0 0.865038
3 0 0 0.948609

3
1 0 9561 0.789535
2 0 0 0.755469
3 0 0 1.09005

3
1 0 9100 0.800031
2 0 0 0.85556
3 0 0 0.965708

3
1 2 3091 0.883491
2 0 0 0.998369
3 0 0 0.882292

3
1 0 228 0.789543
2 0 0 1.08882
3 0 0 0.797467

1
1 0 0 0.926777

3
1 0 3402 0.911971
2 0 0 0.948387
3 0 0 1.02296

3
1 2 161 0.864248
2 0 0 0.990332
3 0 0 0.834622

3
1 2 249 0.819348
2 0 0 1.01862
3 0 0 0.778632

1
1 0 0 0.773714

5
1 2 3992 0.842775
2 0 0 0.975511
3 2 4712 0.990096
6 0 0 1.01376
7 0 0 0.885299

3
1 1 1 0.874201
2 0 0 0.960678
3 0 0 0.845642

3
1 0 1334 0.908902
2 0 0 1.03275
3 0 0 0.816181

3
1 0 8853 0.870688
2 0 0 0.835911
3 0 0 1.03223

5
1 0 893 0.915388
2 2 4031 1.02752
4 0 0 1.02913
5 0 0 1.13498
3 0 0 0.870312

7
1 2 3477 0.889826
2 2 152 0.975403
4 0 0 1.00694
5 1 3 0.973184
10 0 0 0.991487
11 0 0 1.12301
3 0 0 0.938187

7
1 0 3369 0.932031
2 0 0 0.788082
3 0 9467 0.996396
6 2 754 1.08888
12 0 0 1.0126
13 0 0 1.07661
7 0 0 0.994965

1
1 0 0 0.7947

3
1 0 9988 0.797658
2 0 0 0.780296
3 0 0 0.887283

1
1 0 0 0.996633

3
1 0 5857 0.929809
2 0 0 0.876088
3 0 0 0.963185

5
1 0 1581 0.855958
2 0 0 0.951945
3 2 962 0.888952
6 0 0 0.9832
7 0 0 0.967677

5
1 0 1456 0.861313
2 0 1307 0.876575
4 0 0 1.02921
5 0 0 0.900761
3 0 0 0.92153

3
1 2 456 0.812697
2 0 0 0.902881
3 0 0 0.823239

3
1 0 5901 0.972106
2 0 0 0.825812
3 0 0 1.06039

3
1 0 3571 0.962881
2 0 0 0.87446
3 0 0 0.964547

3
1 0 2450 0.911243
2 0 0 0.797604
3 0 0 1.02395

9
1 1 3 1.00777
2 2 1351 0.949808
4 0 0 0.983277
5 0 0 0.909754
3 1 4 0.904353
6 0 0 1.10511
7 2 4886 1.01291
14 0 0 1.00175
15 0 0 1.09642

1
1 0 0 0.860923

3
1 0 4449 0.806492
2 0 0 0.935856
3 0 0 1.06431

1
1 0 0 0.82137

3
1 2 4668 0.821347
2 0 0 0.825455
3 0 0 0.815412

3
1 0 492 0.93223
2 0 0 1.11567
3 0 0 0.879772

7
1 0 4326 0.8741
2 0 0 0.915936
3 2 4428 1.02675
6 1 2 0.952696
12 0 0 1.04368
13 0 0 1.08028
7 0 0 1.11309

1
1 0 0 0.880705

1
1 0 0 0.964604

3
1 0 9595 0.698588
2 0 0 0.767443
3 0 0 0.857447

3
1 0 9181 0.866545
2 0 0 0.810963
3 0 0 0.984738

3
1 0 3564 0.8386
2 0 0 0.869348
3 0 0 0.879006

3
1 0 7819 0.904038
2 0 0 0.848824
3 0 0 0.982802

1
1 0 0 0.865854

3
1 0 9785 0.883124
2 0 0 0.936641
3 0 0 0.951536

5
1 1 2 0.942476
2 0 5869 0.971289
4 0 0 0.868401
5 0 0 1.01769
3 0 0 0.960578

1
1 0 0 0.816898

3
1 2 4201 0.874084
2 0 0 0.929442
3 0 0 0.973136

3
1 2 4249 0.911052
2 0 0 0.865155
3 0 0 0.9396

3
1 1 1 0.944369
2 0 0 0.972701
3 0 0 0.977002

3
1 0 1581 0.93032
2 0 0 0.9503
3 0 0 0.89157

3
1 2 961 0.961103
2 0 0 0.986807
3 0 0 0.920551

5
1 2 5326 0.779125
2 0 0 0.862065
3 1 1 0.910028
6 0 0 1.02047
7 0 0 0.974355

5
1 2 932 0.789768
2 0 0 0.937012
3 0 1178 0.777765
6 0 0 1.05321
7 0 0 0.824189

3
1 2 775 0.83851
2 0 0 1.00455
3 0 0 0.726539

3
1 0 5459 0.978019
2 0 0 0.848718
3 0 0 1.05594

1
1 0 0 0.839336

7
1 0 6188 0.942955
2 0 0 0.939458
3 0 7812 0.917755
6 0 0 1.01153
7 0 8992 0.997876
14 0 0 0.931174
15 0 0 0.860643

1
1 0 0 0.909293

3
1 0 8708 0.842036
2 0 0 0.824372
3 0 0 0.956417

3
1 2 151 0.855023
2 0 0 0.925006
3 0 0 0.885016

1
1 0 0 0.885855

3
1 0 5582 0.885909
2 0 0 0.76541
3 0 0 0.943037

3
1 0 675 0.736168
2 0 0 0.871027
3 0 0 0.754979

3
1 0 1075 0.814596
2 0 0 1.04472
3 0 0 0.887995

3
1 2 5353 0.848895
2 0 0 0.807115
3 0 0 0.966134

1
1 0 0 0.844922

3
1 2 53 0.793926
2 0 0 0.962175
3 0 0 0.776157

3
1 2 3346 0.930577
2 0 0 0.909965
3 0 0 0.940842

7
1 2 1102 0.870236
2 2 825 0.94523
4 0 0 1.04407
5 0 9627 1.02179
10 0 0 0.950679
11 0 0 1.00479
3 0 0 0.812918

5
1 1 4 0.906391
2 0 0 0.963143
3 0 9749 0.967952
6 0 0 1.04952
7 0 0 0.907559

3
1 0 7073 0.812365
2 0 0 0.802134
3 0 0 0.964627

5
1 0 7955 0.886462
2 0 0 0.821174
3 0 8378 0.91171
6 0 0 0.95185
7 0 0 1.04874

1
1 0 0 0.710977

3
1 2 2415 0.875106
2 0 0 0.871526
3 0 0 0.877712

3
1 0 325 0.829306
2 0 0 1.1302
3 0 0 0.783114

3
1 0 6998 0.919346
2 0 0 0.944311
3 0 0 1.01417

5
1 1 3 0.904097
2 0 0 1.0039
3 1 4 0.972893
6 0 0 0.941062
7 0 0 0.938929

3
1 2 253 0.837962
2 0 0 0.912908
3 0 0 0.763337

5
1 0 9699 0.790057
2 0 0 0.8254
3 0 9736 0.93509
6 0 0 0.978373
7 0 0 0.981306

1
1 0 0 0.815148

3
1 0 9901 0.780453
2 0 0 0.851358
3 0 0 0.97132

3
1 2 1925 0.880774
2 0 0 0.807789
3 0 0 0.961726

7
1 0 9344 0.904116
2 0 0 0.855355
3 0 9795 0.896475
6 0 0 1.14134
7 2 1564 0.981489
14 0 0 0.946844
15 0 0 1.06913

3
1 2 4721 0.898756
2 0 0 0.858519
3 0 0 1.02172

5
1 0 547 0.825051
2 2 2942 0.950143
4 0 0 0.951359
5 0 0 0.943278
3 0 0 0.827255

3
1 2 751 0.933197
2 0 0 0.919501
3 0 0 0.914557

5
1 2 3729 0.841442
2 0 0 0.847615
3 2 4014 0.877895
6 0 0 0.993352
7 0 0 0.900836

1
1 0 0 0.89315

1
1 0 0 0.825906

9
1 0 9489 0.873411
2 0 672 0.810503
4 0 620 0.986981
8 0 0 0.965968
9 0 0 0.902571
5 0 0 0.780137
3 1 2 0.950265
6 0 0 0.932149
7 0 0 0.94223

3
1 2 1547 0.852649
2 0 0 0.90865
3 0 0 0.937066

5
1 0 7372 0.901481
2 2 784 0.918123
4 0 0 0.941589
5 0 0 0.857415
3 0 0 1.00257

1
1 0 0 0.783315

7
1 2 4884 0.985699
2 1 3 0.936845
4 0 0 0.927888
5 0 5199 0.971288
10 0 0 0.969161
11 0 0 1.0365
3 0 0 1.02125

3
1 1 1 0.880899
2 0 0 0.941903
3 0 0 0.973105

3
1 0 8762 0.855468
2 0 0 0.89595
3 0 0 0.959494

3
1 2 4412 0.987481
2 0 0 0.909221
3 0 0 0.887624

1
1 0 0 0.822314

3
1 0 9671 0.849579
2 0 0 0.870381
3 0 0 0.934641

5
1 0 7248 0.884406
2 0 3181 0.886811
4 0 0 0.888667
5 0 0 1.18058
3 0 0 0.955271

5
1 0 80 0.745961
2 0 0 1.02274
3 1 2 0.910268
6 0 0 0.871337
7 0 0 0.866093

5
1 0 9747 0.796899
2 0 0 0.812914
3 1 1 1.03872
6 0 0 0.879941
7 0 0 1.02443

1
1 0 0 0.890986

3
1 0 5439 0.876286
2 0 0 0.845686
3 0 0 0.891913

3
1 0 9100 0.800031
2 0 0 0.767548
3 0 0 0.900141

3
1 2 3978 0.833912
2 0 0 1.00896
3 0 0 0.8637

3
1 0 372 0.97706
2 0 0 1.04131
3 0 0 0.797253

9
1 1 4 0.905744
2 0 0 0.789352
3 2 1570 0.975692
6 0 4091 0.958487
12 0 0 0.910206
13 0 5567 0.875188
26 0 0 0.955487
27 0 0 0.96194
7 0 0 0.975677

3
1 0 506 0.958583
2 0 0 0.997835
3 0 0 0.944128

3
1 0 7236 0.938626
2 0 0 0.9164
3 0 0 1.00307

3
1 2 4114 0.909263
2 0 0 0.804072
3 0 0 0.931568

5
1 2 261 0.782271
2 0 6538 0.949029
4 0 0 1.04739
5 0 0 1.01925
3 0 0 0.767216

1
1 0 0 0.82788

3
1 0 8178 0.881287
2 0 0 0.861041
3 0 0 0.955189

3
1 0 8938 0.848217
2 0 0 0.828223
3 0 0 1.03045

3
1 0 2053 0.893166
2 0 0 0.8738
3 0 0 0.968199

9
1 0 2102 0.981684
2 0 1057 0.904274
4 2 3353 0.90091
8 0 0 1.0459
9 0 0 0.964858
5 0 1336 1.01375
10 0 0 1.01936
11 0 0 0.937819
3 0 0 0.790031

3
1 0 6243 0.816184
2 0 0 0.907091
3 0 0 0.968135

3
1 0 3023 0.848343
2 0 0 0.736798
3 0 0 1.01114

3
1 2 5322 0.835776
2 0 0 0.917151
3 0 0 0.869478

1
1 0 0 0.837287

3
1 0 9818 0.789572
2 0 0 0.814602
3 0 0 1.008

3
1 0 1581 0.863594
2 0 0 0.987987
3 0 0 0.829219

1
1 0 0 0.871528

3
1 2 92 0.7585
2 0 0 1.11331
3 0 0 0.886044

3
1 0 6923 0.867512
2 0 0 0.861346
3 0 0 0.958017

13
1 0 5666 0.96493
2 2 5385 0.942681
4 0 5449 0.979889
8 0 4584 0.847505
16 0 0 0.965101
17 0 0 1.00819
9 0 0 1.01192
5 0 0 0.876631
3 0 8241 0.966464
6 2 964 0.890497
12 0 0 1.02871
13 0 0 1.00234
7 0 0 0.96437

5
1 2 4601 0.878839
2 1 4 0.892037
4 0 0 0.952947
5 0 0 0.971533
3 0 0 0.98041

3
1 2 2496 0.999542
2 0 0 0.920189
3 0 0 0.894556

3
1 2 3433 0.894349
2 0 0 0.946969
3 0 0 0.908402

3
1 1 4 0.876678
2 0 0 0.888808
3 0 0 0.83073

5
1 2 1337 0.903475
2 1 2 0.980971
4 0 0 1.07795
5 0 0 0.970156
3 0 0 0.835645

3
1 2 4001 0.902239
2 0 0 0.923887
3 0 0 0.941011

3
1 0 1013 0.775779
2 0 0 0.913748
3 0 0 0.799008

5
1 0 4881 0.851872
2 2 246 0.890409
4 0 0 1.06017
5 0 0 0.902927
3 0 0 0.986389

1
1 0 0 0.996078

3
1 0 3942 0.94454
2 0 0 0.812206
3 0 0 1.00283

3
1 2 397 0.919286
2 0 0 1.01057
3 0 0 0.91146

3
1 0 9061 0.843325
2 0 0 0.961534
3 0 0 0.996513

1
1 0 0 0.822901

3
1 0 4954 0.945163
2 0 0 0.950606
3 0 0 0.950899

3
1 1 1 0.94512
2 0 0 0.906034
3 0 0 0.936199

3
1 2 2003 0.890664
2 0 0 0.900192
3 0 0 0.799865

5
1 1 3 0.835014
2 0 0 0.856129
3 1 4 0.910304
6 0 0 1.04589
7 0 0 0.902505

1
1 0 0 0.795589

3
1 1 4 0.876365
2 0 0 0.882823
3 0 0 0.850016

3
1 0 9672 0.798298
2 0 0 0.817873
3 0 0 1.02206

3
1 0 5237 0.930959
2 0 0 0.929873
3 0 0 0.903183

5
1 0 484 0.959625
2 0 0 1.04901
3 2 3456 0.970238
6 0 0 0.904882
7 0 0 0.940638

5
1 0 6845 0.739047
2 0 0 0.899021
3 0 8865 1.04212
6 0 0 0.926663
7 0 0 1.08715

3
1 2 3533 0.887874
2 0 0 1.08946
3 0 0 0.953948

3
1 0 4965 0.903885
2 0 0 0.876798
3 0 0 1.01089

3
1 0 9315 0.853273
2 0 0 0.764502
3 0 0 0.99044

1
1 0 0 0.762908

3
1 0 1689 0.898089
2 0 0 0.962105
3 0 0 0.951267

3
1 2 3016 0.890604
2 0 0 0.830693
3 0 0 0.894241

3
1 0 6188 0.942955
2 0 0 0.916391
3 0 0 1.13213

7
1 0 1777 0.963483
2 0 413 0.915666
4 0 0 1.08627
5 0 0 1.06268
3 2 1524 0.942473
6 0 0 1.09013
7 0 0 0.912618

3
1 0 4163 0.914656
2 0 0 0.826061
3 0 0 1.09082

3
1 0 9337 0.879157
2 0 0 0.904589
3 0 0 0.93958

3
1 2 440 0.857319
2 0 0 0.968099
3 0 0 0.844236

5
1 1 4 0.918073
2 0 9928 0.898468
4 0 0 0.835633
5 0 0 1.15196
3 0 0 0.973931

3
1 1 1 1.04306
2 0 0 1.04746
3 0 0 1.02262

1
1 0 0 0.869413

1
1 0 0 0.809102

3
1 2 254 0.886938
2 0 0 0.930591
3 0 0 0.843694

5
1 0 9210 0.836062
2 0 0 0.919174
3 0 9724 1.04759
6 0 0 1.00235
7 0 0 1.03789

5
1 2 2549 0.933836
2 0 1736 0.862624
4 0 0 1.01793
5 0 0 1.01935
3 0 0 1.0475

1
1 0 0 0.867871

5
1 2 5264 1.00631
2 0 0 0.828421
3 0 857 1.00346
6 0 0 0.928742
7 0 0 0.993142

3
1 0 4027 0.865754
2 0 0 0.932705
3 0 0 0.918568

1
1 0 0 0.907321

3
1 0 8904 0.873167
2 0 0 0.872749
3 0 0 0.822378

1
1 0 0 0.823368

1
1 0 0 0.740017

1
1 0 0 0.765059

3
1 2 73 0.805573
2 0 0 1.01891
3 0 0 0.950667

3
1 1 1 0.912487
2 0 0 0.916914
3 0 0 0.874345

3
1 2 56 0.801544
2 0 0 1.10193
3 0 0 0.83513

1
1 0 0 0.812415

3
1 1 3 0.897384
2 0 0 0.843731
3 0 0 0.860432

3
1 2 4959 0.800626
2 0 0 0.752199
3 0 0 0.946732

5
1 0 366 0.846209
2 0 248 1.0079
4 0 0 1.04436
5 0 0 0.986297
3 0 0 0.91091

1
1 0 0 0.789414

3
1 0 90 0.840731
2 0 0 1.05194
3 0 0 0.833868

3
1 0 9174 0.85357
2 0 0 0.894934
3 0 0 0.957919

3
1 2 4061 0.922476
2 0 0 0.96165
3 0 0 0.970959

3
1 0 3967 0.905828
2 0 0 0.852079
3 0 0 0.919899

5
1 2 5357 0.900116
2 0 0 0.94814
3 2 5383 1.02177
6 0 0 1.03355
7 0 0 0.953932

3
1 0 35 0.848392
2 0 0 0.916727
3 0 0 0.863493

5
1 0 8187 0.865324
2 0 0 0.897095
3 0 9553 0.914455
6 0 0 0.863724
7 0 0 1.02443

1
1 0 0 0.74235

3
1 2 1154 0.879722
2 0 0 0.919219
3 0 0 0.887029

3
1 0 5073 0.908807
2 0 0 0.919962
3 0 0 0.881563

3
1 2 5300 0.797013
2 0 0 0.795118
3 0 0 0.980717

3
1 0 418 0.783874
2 0 0 1.04651
3 0 0 0.830689

1
1 0 0 0.84826

3
1 0 9637 0.925784
2 0 0 0.874461
3 0 0 0.932023

3
1 0 7206 0.873278
2 0 0 0.867624
3 0 0 0.974422

3
1 2 501 0.96136
2 0 0 0.920324
3 0 0 1.00804

3
1 0 8853 0.879074
2 0 0 0.900662
3 0 0 1.07648

3
1 0 5833 0.892352
2 0 0 0.744644
3 0 0 1.04379

3
1 0 7531 0.87838
2 0 0 0.801788
3 0 0 1.00727

3
1 1 2 0.836921
2 0 0 0.809424
3 0 0 0.934426

3
1 2 53 0.894186
2 0 0 1.04722
3 0 0 0.829164

7
1 0 3906 0.949784
2 0 0 0.845885
3 0 6151 0.985418
6 0 4555 0.926068
12 0 0 1.03994
13 0 0 0.904756
7 0 0 0.943141

5
1 2 60 0.822578
2 1 4 0.973323
4 0 0 0.95358
5 0 0 0.931573
3 0 0 0.84671

3
1 0 9096 0.900402
2 0 0 0.819907
3 0 0 0.970783

3
1 0 3573 0.850439
2 0 0 0.88596
3 0 0 0.993245

3
1 2 86 0.812879
2 0 0 0.997881
3 0 0 0.878795

5
1 0 9084 0.907322
2 0 0 0.809966
3 1 2 1.00816
6 0 0 1.03132
7 0 0 1.01094

3
1 2 676 0.811025
2 0 0 0.99698
3 0 0 0.794601

3
1 2 2142 0.943631
2 0 0 0.984623
3 0 0 0.790364

5
1 1 1 0.96796
2 0 0 1.00241
3 1 2 0.909373
6 0 0 0.933131
7 0 0 0.898059

3
1 0 3934 0.854688
2 0 0 0.83679
3 0 0 1.00872

1
1 0 0 0.989191

3
1 1 1 0.832646
2 0 0 0.891148
3 0 0 0.815265

5
1 0 796 0.843262
2 0 0 0.926277
3 0 862 0.800987
6 0 0 0.929405
7 0 0 0.809978

3
1 2 3023 0.860058
2 0 0 0.848679
3 0 0 0.882696

3
1 0 607 0.800027
2 0 0 0.935053
3 0 0 0.810714

3
1 2 2635 0.926162
2 0 0 0.990277
3 0 0 0.849722

3
1 0 1476 0.808215
2 0 0 0.814859
3 0 0 0.827967

3
1 2 2605 0.944181
2 0 0 0.81696
3 0 0 1.05986

5
1 1 1 0.856504
2 0 0 0.828912
3 2 465 0.859678
6 0 0 1.06789
7 0 0 0.814912

3
1 2 624 0.858531
2 0 0 0.890873
3 0 0 0.866252

3
1 0 140 0.740505
2 0 0 0.995817
3 0 0 0.802874

3
1 0 1791 0.983496
2 0 0 0.94797
3 0 0 0.813576

7
1 2 34 0.766234
2 2 19 1.06599
4 0 0 0.924194
5 1 2 0.963544
10 0 0 1.03475
11 0 0 0.935282
3 0 0 0.796579

3
1 0 4318 0.973572
2 0 0 0.808382
3 0 0 0.923567

3
1 0 4040 0.976871
2 0 0 0.992837
3 0 0 1.03052

3
1 2 138 0.870838
2 0 0 0.930446
3 0 0 0.859616

5
1 2 2566 0.895268
2 1 3 1.07042
4 0 0 1.05375
5 0 0 1.04372
3 0 0 0.958345

3
1 1 3 0.915689
2 0 0 0.877695
3 0 0 0.940485

5
1 0 6277 0.79622
2 0 0 0.798808
3 2 4681 0.926894
6 0 0 1.05954
7 0 0 0.925524

5
1 0 3522 0.974179
2 0 2351 0.980975
4 0 0 0.882203
5 0 0 1.05097
3 0 0 0.914448

7
1 0 3694 0.849463
2 0 1581 0.884564
4 0 0 1.00959
5 0 0 0.874922
3 0 8661 1.01981
6 0 0 1.17815
7 0 0 0.951831

7
1 0 9526 0.857344
2 0 0 0.724716
3 1 3 1.04437
6 1 1 0.914904
12 0 0 1.04842
13 0 0 1.00157
7 0 0 0.948568

3
1 1 2 1.10701
2 0 0 0.932926
3 0 0 0.914499

1
1 0 0 0.844912

3
1 1 2 0.887654
2 0 0 0.977443
3 0 0 0.937302

9
1 1 4 0.961561
2 1 2 0.911172
4 0 8372 0.875871
8 0 0 0.913842
9 0 0 1.00715
5 0 0 0.871957
3 2 4847 1.06042
6 0 0 0.974043
7 0 0 0.87729

5
1 1 4 0.958409
2 2 5157 0.92156
4 0 0 0.879411
5 0 0 1.05121
3 0 0 0.888385

5
1 0 8196 0.876295
2 1 4 0.991766
4 0 0 1.05781
5 0 0 0.879416
3 0 0 1.01924

5
1 0 5967 0.837965
2 0 0 0.790768
3 1 3 0.930643
6 0 0 0.85093
7 0 0 0.948841

3
1 0 3740 0.811434
2 0 0 0.874759
3 0 0 1.08568

5
1 1 2 0.929492
2 0 0 0.852134
3 1 3 1.00791
6 0 0 0.904212
7 0 0 1.0376

3
1 0 1256 0.886422
2 0 0 0.964759
3 0 0 0.874143

3
1 0 766 0.812352
2 0 0 0.971834
3 0 0 0.879158

7
1 0 9736 0.862422
2 0 0 0.834949
3 1 1 0.866903
6 2 1169 1.00849
12 0 0 1.04633
13 0 0 0.936674
7 0 0 1.03463

3
1 0 1742 0.953104
2 0 0 1.12499
3 0 0 0.879793

7
1 0 3215 0.987989
2 0 0 0.758517
3 1 3 0.987592
6 0 0 0.955747
7 0 5232 1.00129
14 0 0 0.94434
15 0 0 1.01674

7
1 2 4960 0.96177
2 0 0 0.882721
3 1 3 1.13784
6 0 8090 1.00103
12 0 0 0.920015
13 0 0 1.02385
7 0 0 0.9549

5
1 2 1434 0.905286
2 0 819 0.932051
4 0 0 0.889428
5 0 0 0.98172
3 0 0 0.891547

3
1 2 765 0.846689
2 0 0 0.983749
3 0 0 0.816555

1
1 0 0 0.843153

3
1 0 8926 0.840002
2 0 0 0.884053
3 0 0 1.15948

1
1 0 0 0.923247

3
1 0 672 0.883832
2 0 0 1.04562
3 0 0 0.886229

1
1 0 0 0.782819

3
1 0 9319 0.918215
2 0 0 0.767254
3 0 0 0.940707

5
1 0 3659 0.876248
2 0 0 0.826346
3 2 3230 0.937829
6 0 0 1.11412
7 0 0 0.97312

3
1 0 8806 0.749356
2 0 0 0.734857
3 0 0 0.9345

1
1 0 0 0.869599

5
1 0 7226 0.924306
2 0 0 0.924754
3 1 4 1.03788
6 0 0 0.953509
7 0 0 1.03188

3
1 0 9797 0.771775
2 0 0 0.756085
3 0 0 1.04767

5
1 2 267 0.83511
2 1 2 0.906235
4 0 0 0.952948
5 0 0 1.04117
3 0 0 0.910845

7
1 1 1 1.07939
2 0 0 0.840933
3 1 2 0.968973
6 0 3008 0.993932
12 0 0 1.02535
13 0 0 0.971129
7 0 0 0.923707

7
1 0 5133 0.892884
2 2 3546 0.908081
4 0 0 0.86403
5 0 4936 0.912455
10 0 0 0.728364
11 0 0 0.94594
3 0 0 0.997516

3
1 0 4278 0.965107
2 0 0 0.969628
3 0 0 1.01765

1
1 0 0 0.886985

3
1 2 3734 0.835409
2 0 0 0.81414
3 0 0 0.894479

5
1 2 1162 0.942462
2 0 0 1.00349
3 0 4877 0.953804
6 0 0 0.889992
7 0 0 1.02079

1
1 0 0 0.775394

3
1 1 2 0.959775
2 0 0 0.923616
3 0 0 0.963795

5
1 0 8430 0.932419
2 0 0 0.974626
3 0 9584 0.889311
6 0 0 1.01112
7 0 0 0.931634

1
1 0 0 0.869898

3
1 2 5290 0.8179
2 0 0 0.776557
3 0 0 0.945836

1
1 0 0 0.776833

3
1 2 1538 0.807193
2 0 0 0.907441
3 0 0 0.88379

5
1 0 9686 0.82563
2 0 0 0.859808
3 0 9802 0.884742
6 0 0 0.94126
7 0 0 1.08207

3
1 1 4 0.89239
2 0 0 0.95285
3 0 0 0.890713

3
1 0 5058 0.832811
2 0 0 0.757287
3 0 0 0.905878

3
1 0 5910 0.956691
2 0 0 0.971199
3 0 0 1.00123

1
1 0 0 0.774595

5
1 0 9732 0.774483
2 0 0 0.820785
3 0 9762 0.985916
6 0 0 1.06986
7 0 0 1.00431

5
1 0 8261 0.836596
2 2 4328 0.889837
4 0 0 0.826711
5 0 0 0.993379
3 0 0 0.869745

3
1 0 249 0.883507
2 0 0 1.07584
3 0 0 0.861294

1
1 0 0 0.674118

3
1 0 178 0.795305
2 0 0 0.91566
3 0 0 0.815246

7
1 1 3 0.991383
2 1 1 0.842132
4 0 0 0.794923
5 0 0 0.91563
3 1 4 0.977561
6 0 0 1.03619
7 0 0 0.951437

3
1 0 3116 1.09909
2 0 0 0.868314
3 0 0 0.905933

5
1 2 368 0.872394
2 0 8560 0.993129
4 0 0 1.0488
5 0 0 1.1112
3 0 0 0.901545

3
1 0 7142 0.931087
2 0 0 0.814979
3 0 0 0.942125

5
1 0 2463 0.843607
2 0 418 0.990457
4 0 0 0.951839
5 0 0 0.822401
3 0 0 1.00704

5
1 0 3865 0.929405
2 0 0 0.820633
3 2 727 1.0955
6 0 0 0.988916
7 0 0 0.981562

3
1 0 418 0.783874
2 0 0 0.986965
3 0 0 0.838191

3
1 0 9288 0.757446
2 0 0 0.737294
3 0 0 1.05524

3
1 2 5291 0.740748
2 0 0 0.736127
3 0 0 0.862369

3
1 0 7206 0.873278
2 0 0 0.78604
3 0 0 0.983896

3
1 2 3696 0.919365
2 0 0 1.00458
3 0 0 0.906748

7
1 0 173 0.769061
2 0 134 1.15862
4 2 4769 1.11641
8 0 0 1.05319
9 0 0 1.02828
5 0 0 0.973527
3 0 0 0.849648

1
1 0 0 0.889312

3
1 0 3001 0.934711
2 0 0 0.828312
3 0 0 1.12057

3
1 0 5718 0.833491
2 0 0 0.990505
3 0 0 0.993628

5
1 0 1653 0.886054
2 0 1255 1.05526
4 0 0 1.02039
5 0 0 1.0199
3 0 0 0.740497

3
1 2 3481 0.88685
2 0 0 0.906984
3 0 0 1.025

3
1 2 4625 0.824649
2 0 0 0.832894
3 0 0 0.927935

3
1 0 8588 0.97037
2 0 0 0.961253
3 0 0 0.871466

5
1 0 712 0.868274
2 1 1 1.05226
4 0 0 0.915155
5 0 0 1.18413
3 0 0 0.801261

3
1 0 5710 0.819046
2 0 0 0.887536
3 0 0 0.972497

1
1 0 0 0.869761

5
1 1 3 0.940735
2 0 0 0.904865
3 1 4 1.05965
6 0 0 0.968517
7 0 0 1.02002

5
1 0 7878 0.831868
2 0 0 0.882691
3 1 1 0.866928
6 0 0 1.01502
7 0 0 0.976484

1
1 0 0 0.781585

3
1 2 1342 0.970261
2 0 0 0.922278
3 0 0 0.819746

3
1 0 94 0.89131
2 0 0 0.840366
3 0 0 0.923248

3
1 1 4 0.865954
2 0 0 0.871741
3 0 0 0.952416

3
1 2 1170 0.912472
2 0 0 0.940052
3 0 0 0.921304

1
1 0 0 0.845881

1
1 0 0 0.826081

3
1 2 3904 0.861139
2 0 0 0.921916
3 0 0 0.914893

3
1 0 5672 0.899609
2 0 0 0.858144
3 0 0 0.986773

3
1 2 998 0.874453
2 0 0 1.01658
3 0 0 0.771433

5
1 0 5672 0.883156
2 0 0 0.866945
3 1 1 0.949119
6 0 0 1.00276
7 0 0 0.841188

3
1 0 9411 0.74286
2 0 0 0.770019
3 0 0 0.988496

1
1 0 0 0.777289

1
1 0 0 0.835509

1
1 0 0 0.828983

5
1 0 67 0.838999
2 0 29 0.961334
4 0 0 1.01117
5 0 0 1.08401
3 0 0 0.889778

5
1 2 710 0.865788
2 0 5002 0.987424
4 0 0 1.06175
5 0 0 1.06079
3 0 0 0.822604

5
1 0 2491 0.904567
2 2 4384 0.980796
4 0 0 1.00558
5 0 0 0.987104
3 0 0 0.855209

3
1 1 3 0.918881
2 0 0 0.900905
3 0 0 0.934859

3
1 0 799 0.902012
2 0 0 0.977513
3 0 0 0.819672

3
1 0 5144 0.875094
2 0 0 0.864136
3 0 0 1.05825

7
1 0 8599 0.824013
2 2 5178 0.978587
4 2 4234 0.978336
8 0 0 0.910438
9 0 0 0.87044
5 0 0 1.06057
3 0 0 0.949303

3
1 2 2528 0.862041
2 0 0 0.911178
3 0 0 0.915165

5
1 2 1328 0.905978
2 0 0 0.912653
3 1 3 0.969936
6 0 0 0.991751
7 0 0 1.07273

1
1 0 0 0.878284

3
1 1 1 0.881779
2 0 0 0.987385
3 0 0 0.760841

3
1 0 3824 0.824099
2 0 0 0.879536
3 0 0 0.966891

7
1 0 3667 0.897958
2 2 5185 0.968655
4 0 0 0.937412
5 0 0 0.998966
3 1 4 1.01906
6 0 0 1.02247
7 0 0 1.00118

3
1 1 4 0.904161
2 0 0 0.947323
3 0 0 0.934802

1
1 0 0 0.845089

3
1 0 1018 0.850463
2 0 0 1.10024
3 0 0 0.919268

3
1 0 735 0.875219
2 0 0 0.974004
3 0 0 0.89271

3
1 2 919 0.902716
2 0 0 1.06793
3 0 0 0.893568

5
1 1 2 0.916922
2 2 2768 1.00091
4 0 0 0.937405
5 0 0 0.960876
3 0 0 0.823385

3
1 0 9044 0.823096
2 0 0 0.830387
3 0 0 0.96065

5
1 0 4525 0.894633
2 0 3495 0.817949
4 0 0 0.86179
5 0 0 1.0832
3 0 0 1.05346

3
1 0 6165 0.909734
2 0 0 0.879708
3 0 0 0.953434

3
1 2 215 0.871772
2 0 0 0.953464
3 0 0 0.828052

3
1 0 1757 0.898103
2 0 0 1.01099
3 0 0 1.04736

3
1 1 1 0.892621
2 0 0 0.946915
3 0 0 0.866513

3
1 2 3153 0.960659
2 0 0 1.00311
3 0 0 0.858407

3
1 0 8647 0.853395
2 0 0 0.890792
3 0 0 0.946185

9
1 0 6491 0.900064
2 0 0 0.9504
3 2 4103 0.939077
6 0 0 0.869428
7 1 1 1.00893
14 0 0 1.04341
15 1 4 0.906767
30 0 0 0.904295
31 0 0 0.902228

3
1 0 7817 0.831451
2 0 0 0.905003
3 0 0 0.915928

7
1 0 3542 0.849865
2 2 182 0.767635
4 1 1 1.00017
8 0 0 1.03165
9 0 0 0.979869
5 0 0 0.725677
3 0 0 0.966433

3
1 0 531 0.844715
2 0 0 0.896395
3 0 0 0.803863

3
1 0 1234 0.811109
2 0 0 0.966654
3 0 0 0.831909

3
1 1 3 0.819145
2 0 0 0.819636
3 0 0 0.870573

3
1 1 2 0.888078
2 0 0 0.872468
3 0 0 0.961918

3
1 0 574 0.79664
2 0 0 1.01477
3 0 0 0.860634

3
1 0 3646 0.914636
2 0 0 0.763207
3 0 0 0.92719

5
1 2 162 0.834003
2 2 148 0.976239
4 0 0 0.941215
5 0 0 0.934707
3 0 0 0.877774

5
1 0 433 0.773254
2 0 300 0.954494
4 0 0 0.997874
5 0 0 0.849435
3 0 0 0.798245

5
1 0 526 0.733651
2 0 0 1.08435
3 1 4 0.861045
6 0 0 0.80038
7 0 0 0.962134

3
1 2 145 0.754362
2 0 0 0.924237
3 0 0 0.778723

5
1 0 8019 0.912631
2 0 0 0.889008
3 0 9613 0.953772
6 0 0 0.876661
7 0 0 1.16825

3
1 0 8954 0.874916
2 0 0 0.8705
3 0 0 0.89373

3
1 2 4149 0.958395
2 0 0 0.951532
3 0 0 0.852794

3
1 1 3 0.9429
2 0 0 0.913849
3 0 0 1.03309

1
1 0 0 0.966963

1
1 0 0 0.842798

3
1 2 5316 0.75423
2 0 0 0.796946
3 0 0 0.848951

5
1 1 4 0.897655
2 1 2 0.889321
4 0 0 0.918614
5 0 0 0.842442
3 0 0 1.0576

5
1 2 153 0.850914
2 2 93 0.930785
4 0 0 0.97832
5 0 0 1.00045
3 0 0 0.841126

1
1 0 0 0.913132

3
1 1 1 0.776726
2 0 0 0.902664
3 0 0 0.778325

3
1 0 3586 0.86433
2 0 0 0.958468
3 0 0 0.865523

3
1 0 5348 0.971746
2 0 0 0.853588
3 0 0 0.999421

3
1 0 163 0.8614
2 0 0 0.978795
3 0 0 0.777331

3
1 2 1201 0.945907
2 0 0 1.10509
3 0 0 0.87903

3
1 0 6682 0.863546
2 0 0 0.82773
3 0 0 1.09721

3
1 0 4790 0.943706
2 0 0 0.841939
3 0 0 0.976155

3
1 2 5270 0.78963
2 0 0 0.987252
3 0 0 1.14123

3
1 1 4 0.821244
2 0 0 0.87315
3 0 0 0.982399

5
1 0 495 0.807419
2 0 352 0.987102
4 0 0 1.01803
5 0 0 0.994898
3 0 0 0.774405

5
1 0 3672 0.876656
2 0 0 0.645514
3 0 7767 0.979053
6 0 0 1.1169
7 0 0 0.966617

3
1 0 2883 0.881943
2 0 0 0.930629
3 0 0 0.832797

1
1 0 0 0.798032

3
1 2 71 0.77898
2 0 0 1.0022
3 0 0 0.77445

1
1 0 0 0.815814

9
1 0 2779 0.873159
2 0 0 0.827042
3 2 465 0.989123
6 0 0 1.03833
7 2 711 0.999318
14 1 2 1.11555
28 0 0 0.974631
29 0 0 1.06389
15 0 0 0.932834

3
1 0 3865 0.929405
2 0 0 0.840558
3 0 0 0.985539

3
1 2 104 0.870796
2 0 0 1.10003
3 0 0 0.746315

3
1 2 3218 0.838788
2 0 0 0.955321
3 0 0 0.872546

1
1 0 0 0.867982

5
1 0 1576 0.844721
2 0 1193 1.0091
4 0 0 0.896615
5 0 0 1.04348
3 0 0 0.872643

3
1 0 9270 0.939907
2 0 0 0.918028
3 0 0 0.966114

5
1 0 6862 0.83379
2 1 2 0.9224
4 0 0 0.994308
5 0 0 0.943031
3 0 0 0.852493

1
1 0 0 0.84274

1
1 0 0 0.751238

3
1 1 2 0.888724
2 0 0 0.903591
3 0 0 0.970667

1
1 0 0 0.889893

3
1 0 8973 0.922526
2 0 0 0.858772
3 0 0 0.97665

1
1 0 0 0.715862

3
1 2 2636 0.850707
2 0 0 0.991241
3 0 0 0.894956

7
1 0 7338 0.94227
2 0 170 0.904802
4 2 902 1.07525
8 0 0 1.10683
9 0 0 0.999386
5 0 0 0.887602
3 0 0 0.940685

3
1 2 54 0.83814
2 0 0 0.926399
3 0 0 0.839833

5
1 0 1070 0.893245
2 0 0 1.01025
3 2 566 0.889253
6 0 0 0.95936
7 0 0 0.864431

3
1 1 3 0.957862
2 0 0 0.944281
3 0 0 1.06804

5
1 0 6919 0.943358
2 2 269 0.9488
4 0 0 1.02079
5 0 0 0.889729
3 0 0 0.870645

3
1 1 4 0.937179
2 0 0 0.950996
3 0 0 0.928284

3
1 1 3 0.951271
2 0 0 1.02128
3 0 0 0.959555

1
1 0 0 0.865775

7
1 2 437 0.87076
2 0 6430 0.951244
4 0 0 1.00146
5 0 0 1.02375
3 1 4 0.864285
6 0 0 0.834722
7 0 0 0.955939

3
1 0 4688 0.864366
2 0 0 0.852958
3 0 0 0.891273

1
1 0 0 0.877118

1
1 0 0 0.852021

9
1 2 5241 0.81237
2 0 325 0.794876
4 0 0 0.961762
5 0 0 0.788019
3 0 2804 0.979062
6 0 0 0.932876
7 1 3 1.05896
14 0 0 0.952863
15 0 0 0.887837

1
1 0 0 0.715486

5
1 0 5823 0.855654
2 0 394 0.901384
4 0 0 1.03207
5 0 0 0.966964
3 0 0 1.00944

1
1 0 0 0.850962

3
1 2 3522 1.01576
2 0 0 0.976078
3 0 0 0.97113

3
1 0 101 0.886256
2 0 0 1.02348
3 0 0 0.801347

3
1 0 6192 0.928622
2 0 0 0.791041
3 0 0 1.05437

5
1 0 9322 0.890304
2 0 0 0.900134
3 2 475 1.01178
6 0 0 1.06906
7 0 0 0.967598

3
1 0 67 0.838999
2 0 0 1.08455
3 0 0 0.811413

1
1 0 0 0.756923

7
1 2 4914 0.906993
2 0 0 0.818262
3 2 5144 0.955647
6 1 1 0.837208
12 0 0 0.984003
13 0 0 0.904199
7 0 0 0.994874

3
1 2 224 0.795818
2 0 0 1.06243
3 0 0 0.874168

1
1 0 0 0.726464

3
1 0 1314 0.864303
2 0 0 1.04285
3 0 0 0.799098

3
1 0 21 0.823985
2 0 0 0.948953
3 0 0 0.81066

1
1 0 0 0.930302

3
1 0 8423 0.92589
2 0 0 0.93573
3 0 0 0.929335

3
1 0 7346 0.817274
2 0 0 0.788225
3 0 0 0.894634

3
1 0 5095 0.909266
2 0 0 0.860722
3 0 0 1.08926

3
1 0 5332 0.834125
2 0 0 0.852553
3 0 0 1.01211

5
1 1 4 0.916678
2 2 1590 0.905881
4 0 0 0.975607
5 0 0 0.96788
3 0 0 0.870143

5
1 2 1943 0.90527
2 0 0 0.910833
3 0 1309 0.979472
6 0 0 0.946837
7 0 0 0.940598

5
1 0 9454 0.976256
2 0 3865 0.984375
4 0 0 0.882948
5 0 0 0.955083
3 0 0 1.02966

1
1 0 0 0.887841

3
1 2 3381 0.965288
2 0 0 0.936294
3 0 0 0.957692

3
1 0 646 0.846039
2 0 0 0.994142
3 0 0 0.88723

5
1 2 283 0.869591
2 0 0 0.941533
3 0 6299 0.928771
6 0 0 0.833826
7 0 0 1.03155

5
1 1 4 0.91331
2 0 0 0.846076
3 2 2451 0.948687
6 0 0 0.909804
7 0 0 1.00004

3
1 2 3779 0.912902
2 0 0 0.984458
3 0 0 0.816646

3
1 1 3 0.930462
2 0 0 0.87267
3 0 0 0.93963

3
1 1 4 0.955219
2 0 0 0.950639
3 0 0 0.866463

3
1 2 3060 0.912657
2 0 0 0.974547
3 0 0 0.909918

3
1 2 5386 0.829119
2 0 0 0.804114
3 0 0 1.12604

5
1 0 8428 0.922316
2 0 0 0.82755
3 1 2 0.906295
6 0 0 1.05546
7 0 0 0.885494

3
1 2 3221 0.937049
2 0 0 0.956778
3 0 0 0.931427

3
1 2 352 0.870314
2 0 0 0.964788
3 0 0 0.90621

3
1 2 5163 0.924022
2 0 0 0.941717
3 0 0 0.902528

3
1 0 8572 0.934456
2 0 0 0.868356
3 0 0 1.09481

3
1 0 9794 0.984131
2 0 0 0.95256
3 0 0 1.08476

5
1 0 5554 0.919672
2 0 0 0.829312
3 1 2 0.912557
6 0 0 0.95156
7 0 0 0.903094

5
1 2 1592 0.935868
2 1 4 1.09464
4 0 0 1.00783
5 0 0 0.892369
3 0 0 0.933221

5
1 0 7082 0.824812
2 0 0 0.917518
3 0 7125 0.83465
6 0 0 0.980788
7 0 0 0.889807

3
1 0 8701 0.930128
2 0 0 0.927524
3 0 0 0.920641

3
1 0 9714 0.932737
2 0 0 0.841188
3 0 0 0.980311

3
1 2 4958 0.796361
2 0 0 0.812718
3 0 0 1.03375

7
1 2 889 0.93591
2 1 4 0.917769
4 0 0 0.839016
5 0 0 0.915591
3 1 4 0.899349
6 0 0 0.754382
7 0 0 1.00322

3
1 2 756 0.904242
2 0 0 0.959516
3 0 0 0.958258

3
1 0 4964 0.829431
2 0 0 0.798582
3 0 0 0.867618

3
1 2 31 0.843809
2 0 0 0.885962
3 0 0 0.878294

3
1 0 8954 0.874916
2 0 0 0.881956
3 0 0 0.845535

3
1 1 1 0.796197
2 0 0 0.957628
3 0 0 0.846855

3
1 1 4 0.822315
2 0 0 0.903007
3 0 0 0.856489

1
1 0 0 0.734982

3
1 2 1330 0.944118
2 0 0 0.948185
3 0 0 0.994884

3
1 0 169 0.85261
2 0 0 0.97962
3 0 0 0.840862

3
1 0 1550 0.882449
2 0 0 0.900153
3 0 0 0.884537

3
1 1 3 0.737965
2 0 0 0.829439
3 0 0 0.920124

3
1 0 6276 0.896475
2 0 0 0.776977
3 0 0 0.94441

3
1 2 2900 0.88173
2 0 0 1.03881
3 0 0 0.847412

3
1 2 3841 0.915394
2 0 0 0.848323
3 0 0 1.03419

3
1 1 4 0.892186
2 0 0 0.83903
3 0 0 0.904983

3
1 1 2 1.00256
2 0 0 0.973397
3 0 0 1.09005

5
1 2 1346 0.909774
2 1 3 1.01249
4 0 0 0.993643
5 0 0 0.944106
3 0 0 0.81822

3
1 0 227 0.767286
2 0 0 0.940295
3 0 0 0.863655

3
1 0 582 0.816951
2 0 0 0.945736
3 0 0 0.824739

1
1 0 0 0.887401

3
1 0 213 0.763095
2 0 0 1.03945
3 0 0 0.820637

7
1 0 1769 0.957948
2 0 1125 0.958354
4 0 0 0.978135
5 0 1242 0.999374
10 0 0 1.14939
11 0 0 0.943086
3 0 0 0.882348

5
1 1 3 0.936384
2 0 0 0.919949
3 2 2563 0.989461
6 0 0 1.11048
7 0 0 0.98041

5
1 2 3527 0.961372
2 0 4021 0.917272
4 0 0 0.920346
5 0 0 0.975054
3 0 0 0.945807

3
1 0 5665 1.01236
2 0 0 0.961008
3 0 0 1.00386

3
1 1 3 0.87007
2 0 0 0.874972
3 0 0 0.866814

1
1 0 0 0.855409

3
1 2 256 0.808222
2 0 0 1.04451
3 0 0 0.75548

5
1 2 804 0.859924
2 0 1113 1.00099
4 0 0 0.947009
5 0 0 0.926354
3 0 0 0.835344

5
1 1 2 0.891134
2 1 1 1.00176
4 0 0 1.03418
5 0 0 0.941133
3 0 0 0.892379

1
1 0 0 0.868556

3
1 0 1124 0.843009
2 0 0 0.98702
3 0 0 0.775951

1
1 0 0 0.988275

1
1 0 0 0.846326

3
1 1 1 0.863009
2 0 0 0.949561
3 0 0 0.880284

3
1 0 7710 0.857906
2 0 0 0.857421
3 0 0 0.981464

3
1 0 5104 0.92448
2 0 0 0.917543
3 0 0 0.89345

5
1 0 8964 0.891634
2 0 0 0.810155
3 0 9386 0.972291
6 0 0 0.926108
7 0 0 1.02187

5
1 0 5214 0.840466
2 0 105 0.834113
4 0 0 0.993971
5 0 0 0.881998
3 0 0 0.915129

3
1 0 8934 0.872704
2 0 0 0.728814
3 0 0 1.02818

3
1 2 250 0.805822
2 0 0 0.927674
3 0 0 0.742528

3
1 0 419 0.786478
2 0 0 1.03805
3 0 0 0.738848

1
1 0 0 0.738182

7
1 0 3205 0.879832
2 0 387 0.794372
4 0 0 1.02766
5 0 0 0.916682
3 1 4 1.07153
6 0 0 1.12155
7 0 0 1.00637

3
1 1 2 0.921177
2 0 0 0.980266
3 0 0 0.920539

3
1 1 1 0.828023
2 0 0 0.877867
3 0 0 0.811147

3
1 0 7328 0.988701
2 0 0 0.944161
3 0 0 0.981937

3
1 2 5033 0.90232
2 0 0 0.985275
3 0 0 0.910086

3
1 2 906 0.863313
2 0 0 0.954359
3 0 0 0.891444

5
1 1 2 0.962734
2 1 1 0.931062
4 0 0 0.831602
5 0 0 1.02829
3 0 0 0.955732

3
1 0 262 0.775396
2 0 0 1.15311
3 0 0 0.768272

3
1 0 629 0.818732
2 0 0 0.90295
3 0 0 0.808439

7
1 0 3721 0.965797
2 0 0 0.766917
3 2 382 1.02428
6 0 0 0.997718
7 1 3 1.16277
14 0 0 1.10809
15 0 0 0.954052

7
1 0 8057 0.81738
2 0 0 0.880139
3 2 1116 0.991165
6 2 297 1.07823
12 0 0 0.91775
13 0 0 0.953151
7 0 0 1.0258

7
1 0 4397 0.841286
2 1 3 0.870499
4 0 0 0.810193
5 0 0 0.961245
3 0 9267 0.94691
6 0 0 1.02202
7 0 0 1.13099

3
1 1 2 0.918173
2 0 0 0.973296
3 0 0 0.949164

1
1 0 0 0.828911

3
1 0 9379 0.789944
2 0 0 0.820469
3 0 0 0.914043

3
1 0 9071 0.76459
2 0 0 0.788927
3 0 0 0.953732

7
1 0 5157 0.901942
2 2 5235 0.879419
4 0 0 0.834128
5 0 0 1.16254
3 0 6574 1.06277
6 0 0 1.14458
7 0 0 0.958787

3
1 0 1074 0.880341
2 0 0 1.01683
3 0 0 1.01952

1
1 0 0 0.73857

5
1 0 3160 0.932131
2 0 0 0.815065
3 0 6521 0.892641
6 0 0 0.949659
7 0 0 0.892898

5
1 2 382 0.856594
2 0 0 0.813621
3 2 1533 0.885609
6 0 0 0.932534
7 0 0 0.793763

3
1 0 2061 0.82866
2 0 0 0.982901
3 0 0 0.925331

1
1 0 0 0.787845

3
1 2 5066 0.833822
2 0 0 0.871965
3 0 0 0.998781

1
1 0 0 0.845552

1
1 0 0 0.84434

1
1 0 0 0.764496

3
1 2 1331 0.8818
2 0 0 1.00132
3 0 0 0.887049

1
1 0 0 0.70057

3
1 0 7605 0.936796
2 0 0 0.868723
3 0 0 1.03941

3
1 0 548 0.769664
2 0 0 0.999489
3 0 0 0.869705

5
1 0 9310 0.829122
2 0 0 0.733895
3 1 3 0.943384
6 0 0 0.976694
7 0 0 0.980849

3
1 1 4 0.871575
2 0 0 0.905853
3 0 0 0.907025

3
1 1 3 0.869802
2 0 0 0.88339
3 0 0 0.888868

3
1 2 188 0.847758
2 0 0 1.13466
3 0 0 0.963239

3
1 0 3560 0.885977
2 0 0 0.7917
3 0 0 0.960837

3
1 0 4417 0.908609
2 0 0 0.807305
3 0 0 0.907254

1
1 0 0 0.811521

3
1 0 2149 0.93372
2 0 0 0.831011
3 0 0 1.0844

3
1 1 4 0.849483
2 0 0 0.91056
3 0 0 1.07514

7
1 0 3713 0.869078
2 0 1350 0.961386
4 0 0 1.04694
5 0 0 0.95353
3 2 2212 0.857803
6 0 0 0.929714
7 0 0 0.985129

3
1 2 5397 0.769301
2 0 0 0.763756
3 0 0 0.944649

5
1 0 9184 0.920844
2 0 0 0.882028
3 1 2 0.973357
6 0 0 0.930216
7 0 0 0.994705

3
1 0 434 0.885522
2 0 0 1.13996
3 0 0 0.868551

5
1 2 3626 0.894844
2 1 2 1.00973
4 0 0 0.904917
5 0 0 0.991923
3 0 0 0.887685

3
1 0 2525 0.908424
2 0 0 0.938035
3 0 0 1.14045

3
1 2 4513 0.867811
2 0 0 0.927813
3 0 0 0.954838

3
1 2 1651 0.949067
2 0 0 0.928865
3 0 0 0.926566

3
1 0 6547 0.928998
2 0 0 0.907887
3 0 0 0.890721

1
1 0 0 0.861787

1
1 0 0 0.909399

3
1 0 6011 0.921205
2 0 0 0.92346
3 0 0 0.992155

3
1 0 8861 0.784513
2 0 0 0.811136
3 0 0 0.852232

3
1 2 188 0.852019
2 0 0 0.94136
3 0 0 0.851437

1
1 0 0 0.898678

1
1 0 0 0.849924

3
1 1 4 0.92935
2 0 0 0.925642
3 0 0 0.994358

5
1 0 667 0.929365
2 1 4 1.12543
4 0 0 1.02457
5 0 0 0.968421
3 0 0 0.886002

3
1 0 2566 0.858312
2 0 0 0.807581
3 0 0 1.04473

5
1 0 9701 0.955809
2 0 0 0.863815
3 2 5190 1.08019
6 0 0 1.03367
7 0 0 1.0658

3
1 0 643 0.754719
2 0 0 1.14302
3 0 0 0.820931

5
1 0 544 0.856384
2 2 3342 0.905159
4 0 0 0.981515
5 0 0 0.981213
3 0 0 0.869441

3
1 0 4918 0.922093
2 0 0 0.896008
3 0 0 0.948553

7
1 0 5041 0.899078
2 0 0 0.830971
3 2 1780 1.05755
6 2 882 1.05053
12 0 0 0.902275
13 0 0 0.979257
7 0 0 1.11539

7
1 0 3135 0.877465
2 2 318 0.843072
4 0 671 0.982838
8 0 0 0.887601
9 0 0 1.02511
5 0 0 0.857725
3 0 0 1.02771

3
1 0 207 0.764596
2 0 0 0.895769
3 0 0 0.740397

1
1 0 0 0.800494

3
1 0 896 0.875769
2 0 0 0.936756
3 0 0 0.89935

3
1 0 8672 0.829656
2 0 0 0.793005
3 0 0 0.986903

3
1 0 9392 0.979428
2 0 0 0.877197
3 0 0 0.913487

3
1 0 4388 0.865725
2 0 0 0.82465
3 0 0 1.14305

1
1 0 0 0.720514

5
1 0 3961 0.874716
2 0 0 0.859604
3 0 5528 1.00278
6 0 0 1.06992
7 0 0 0.886853

3
1 2 4640 0.839797
2 0 0 0.856063
3 0 0 0.918412

7
1 2 3730 0.920111
2 0 5023 0.940145
4 0 0 0.950262
5 1 1 0.979489
10 0 0 1.00526
11 0 0 1.01163
3 0 0 0.804533

5
1 2 208 0.860314
2 2 190 1.07887
4 0 0 1.03234
5 0 0 0.847324
3 0 0 0.829696

5
1 0 6198 0.840456
2 0 0 0.860465
3 0 9702 0.995056
6 0 0 1.04158
7 0 0 1.0247

1
1 0 0 0.819312

3
1 0 7529 0.916792
2 0 0 0.927694
3 0 0 0.99329

5
1 0 9977 0.925214
2 2 2087 0.942527
4 0 0 0.912282
5 0 0 0.968117
3 0 0 1.03128

5
1 0 433 0.795248
2 0 86 0.987556
4 0 0 0.923338
5 0 0 1.01103
3 0 0 0.732505

5
1 0 5208 0.999354
2 0 348 0.974992
4 0 0 1.03394
5 0 0 0.933972
3 0 0 0.982832

3
1 1 4 0.937911
2 0 0 0.89609
3 0 0 0.931759

1
1 0 0 0.910993

5
1 1 4 0.864398
2 0 0 0.848841
3 0 7764 0.945492
6 0 0 0.882099
7 0 0 0.985444

5
1 1 3 0.935051
2 0 0 0.882666
3 2 1120 0.977373
6 0 0 1.06632
7 0 0 0.958238

3
1 0 8867 0.88281
2 0 0 0.926213
3 0 0 0.949088

3
1 0 1480 0.857743
2 0 0 1.03907
3 0 0 0.845659

3
1 1 2 0.85705
2 0 0 1.02133
3 0 0 0.807923

3
1 0 9895 0.803728
2 0 0 0.84138
3 0 0 0.972726

3
1 1 2 0.901275
2 0 0 0.811147
3 0 0 0.841573

1
1 0 0 0.848254

3
1 0 1591 0.921415
2 0 0 1.04766
3 0 0 0.910198

3
1 2 3553 0.869048
2 0 0 1.02665
3 0 0 0.912534

3
1 2 1142 0.865534
2 0 0 1.01341
3 0 0 0.793493

1
1 0 0 0.832689

3
1 2 672 0.855799
2 0 0 0.955829
3 0 0 0.856683

3
1 1 2 0.809945
2 0 0 0.956524
3 0 0 0.884941

7
1 0 1762 0.916999
2 1 4 0.939313
4 2 3035 0.945482
8 0 0 0.941319
9 0 0 1.0513
5 0 0 0.978853
3 0 0 0.950693

3
1 0 9154 0.801298
2 0 0 0.717386
3 0 0 0.919358

3
1 0 5704 0.820343
2 0 0 0.931703
3 0 0 0.953197

1
1 0 0 0.783339

3
1 2 3378 0.824943
2 0 0 0.864926
3 0 0 0.800565

1
1 0 0 0.848676

3
1 0 8934 0.874186
2 0 0 0.783595
3 0 0 1.07477

7
1 0 887 0.864056
2 0 73 0.930527
4 0 0 1.08272
5 0 0 1.01701
3 0 1315 0.906362
6 0 0 0.975796
7 0 0 0.943829

3
1 2 5382 0.835955
2 0 0 0.864951
3 0 0 0.989141

3
1 0 606 0.835672
2 0 0 0.963007
3 0 0 0.790314

5
1 2 3165 0.917888
2 0 0 0.941873
3 0 1056 0.899391
6 0 0 0.976295
7 0 0 0.88289

3
1 2 509 0.825814
2 0 0 0.927263
3 0 0 0.895869

11
1 1 3 0.920126
2 0 6100 0.933248
4 1 2 0.915618
8 0 0 0.867238
9 0 0 0.947309
5 0 6757 0.886654
10 0 0 1.07255
11 0 0 0.99672
3 1 4 0.959731
6 0 0 0.918363
7 0 0 0.842881

5
1 1 4 0.905409
2 0 0 0.862969
3 0 4635 1.0063
6 0 0 0.945758
7 0 0 1.09943

3
1 0 4273 0.896145
2 0 0 0.830689
3 0 0 0.994836

3
1 2 1402 0.850423
2 0 0 0.906887
3 0 0 0.837734

3
1 2 4583 0.827492
2 0 0 0.848236
3 0 0 0.870936

3
1 2 2124 0.850605
2 0 0 0.89447
3 0 0 0.850029

3
1 2 3364 0.84806
2 0 0 0.87031
3 0 0 0.859816

5
1 1 3 0.863946
2 2 1960 0.99191
4 0 0 0.990643
5 0 0 0.977747
3 0 0 0.933057

3
1 2 562 0.842057
2 0 0 0.896703
3 0 0 0.866618

1
1 0 0 0.743455

3
1 0 558 0.870138
2 0 0 0.899841
3 0 0 0.877425

1
1 0 0 0.795564

3
1 2 4878 0.933649
2 0 0 0.927812
3 0 0 0.917861

3
1 0 2012 0.89956
2 0 0 1.01976
3 0 0 0.957084

3
1 2 151 0.81452
2 0 0 0.982465
3 0 0 0.773455

5
1 2 1592 0.857748
2 0 0 0.931944
3 0 8553 0.90675
6 0 0 0.928291
7 0 0 1.05497

3
1 2 611 0.871341
2 0 0 1.01905
3 0 0 0.864218

3
1 0 7668 0.872803
2 0 0 0.855143
3 0 0 0.875574

1
1 0 0 0.876837

3
1 0 523 0.914327
2 0 0 0.936988
3 0 0 0.782856

1
1 0 0 0.820685

3
1 0 86 0.817384
2 0 0 1.0406
3 0 0 0.86583

3
1 1 4 0.899463
2 0 0 0.890133
3 0 0 0.905673

3
1 2 7 0.798496
2 0 0 0.957884
3 0 0 0.843151

1
1 0 0 0.822901

1
1 0 0 0.78743

1
1 0 0 0.795649

1
1 0 0 0.828531

3
1 0 4349 0.938667
2 0 0 0.884279
3 0 0 1.01391

1
1 0 0 0.867159

3
1 0 4218 0.890099
2 0 0 0.871834
3 0 0 0.975265

3
1 0 1752 0.969935
2 0 0 0.990851
3 0 0 0.907298

5
1 2 863 0.867612
2 0 0 0.863584
3 0 7646 0.901905
6 0 0 0.968634
7 0 0 0.978758

3
1 2 161 0.853746
2 0 0 1.20645
3 0 0 0.872533

3
1 0 4109 0.897424
2 0 0 0.807146
3 0 0 1.00871

3
1 0 4041 0.927588
2 0 0 0.971098
3 0 0 0.949692

3
1 0 8304 1.01466
2 0 0 0.937902
3 0 0 1.02204

5
1 0 1655 0.887685
2 0 547 0.947488
4 0 0 0.922991
5 0 0 0.917744
3 0 0 0.808372

3
1 2 1699 0.955085
2 0 0 0.93739
3 0 0 0.915754

1
1 0 0 0.866289

3
1 2 2285 0.85269
2 0 0 1.0436
3 0 0 0.957353

7
1 1 3 0.903357
2 1 1 0.897188
4 0 0 0.960138
5 0 0 0.882326
3 1 4 0.993729
6 0 0 0.983588
7 0 0 0.99738

3
1 0 3304 0.898687
2 0 0 0.938085
3 0 0 0.995373

5
1 2 336 0.82031
2 2 31 0.899773
4 0 0 0.977188
5 0 0 0.865271
3 0 0 0.829708

3
1 1 3 0.885531
2 0 0 0.908582
3 0 0 0.888012

3
1 0 1368 0.879475
2 0 0 0.909656
3 0 0 0.875944

7
1 0 7222 0.948166
2 1 1 0.932342
4 0 5213 0.929902
8 0 0 0.885414
9 0 0 0.966267
5 0 0 0.992399
3 0 0 0.889368

3
1 2 4013 0.913426
2 0 0 1.04902
3 0 0 0.958657

5
1 0 1492 0.946605
2 0 0 1.00727
3 0 3159 0.999034
6 0 0 0.844409
7 0 0 0.985839

3
1 0 1378 0.885535
2 0 0 1.0396
3 0 0 0.922913

3
1 1 3 0.88433
2 0 0 0.840334
3 0 0 1.01046

3
1 1 4 0.874692
2 0 0 0.907149
3 0 0 0.884223

5
1 0 9484 0.87244
2 0 0 0.771505
3 2 1614 1.03795
6 0 0 0.970804
7 0 0 0.990855

5
1 0 6294 0.953332
2 0 5222 0.964745
4 0 0 0.884472
5 0 0 1.0629
3 0 0 0.955587

5
1 2 3176 0.903604
2 1 3 1.0114
4 0 0 1.06844
5 0 0 0.906928
3 0 0 0.967593

3
1 2 2077 0.94239
2 0 0 0.831926
3 0 0 0.881241

1
1 0 0 0.84032

3
1 0 2272 0.897406
2 0 0 0.90785
3 0 0 0.834483

3
1 0 5851 0.90017
2 0 0 1.02371
3 0 0 1.02281

1
1 0 0 0.743092

3
1 2 1622 0.797518
2 0 0 0.865211
3 0 0 0.862703

1
1 0 0 0.833812

7
1 0 3961 0.874716
2 0 0 0.832771
3 2 3521 1.00413
6 0 4926 1.05784
12 0 0 0.905723
13 0 0 1.00623
7 0 0 0.962063

3
1 0 9717 0.838602
2 0 0 0.837313
3 0 0 1.00684

3
1 2 4338 0.848919
2 0 0 0.875756
3 0 0 0.892634

1
1 0 0 0.876822

3
1 1 4 0.872647
2 0 0 0.877427
3 0 0 0.909233

5
1 2 63 0.795865
2 2 16 0.988117
4 0 0 1.01603
5 0 0 0.961701
3 0 0 0.852363

3
1 0 4315 0.951063
2 0 0 0.728886
3 0 0 1.00512

5
1 0 5543 0.934033
2 0 0 0.914234
3 0 9034 0.951649
6 0 0 0.88783
7 0 0 0.967619

3
1 0 2958 0.867878
2 0 0 0.873943
3 0 0 0.975794

3
1 0 1408 0.853214
2 0 0 0.886427
3 0 0 0.888143

1
1 0 0 0.823457

3
1 0 9207 0.858134
2 0 0 0.868818
3 0 0 0.9658

1
1 0 0 0.862205

3
1 0 3564 0.904475
2 0 0 0.799565
3 0 0 0.873469

3
1 0 9685 0.915721
2 0 0 0.863244
3 0 0 1.04365

3
1 0 6223 0.921983
2 0 0 0.902913
3 0 0 1.0442

3
1 1 1 0.856721
2 0 0 0.916438
3 0 0 0.919869

3
1 2 81 0.807676
2 0 0 0.900979
3 0 0 0.813862

3
1 0 4612 0.868984
2 0 0 0.797101
3 0 0 0.914085

3
1 1 3 0.872245
2 0 0 0.98259
3 0 0 0.937112

3
1 2 1229 0.888246
2 0 0 0.887077
3 0 0 0.767408

5
1 1 4 0.881401
2 0 0 0.97375
3 0 8532 1.03074
6 0 0 1.00502
7 0 0 1.04734

3
1 0 1230 0.833903
2 0 0 1.09648
3 0 0 0.76737

3
1 2 476 0.859044
2 0 0 1.04031
3 0 0 0.776186

3
1 2 327 0.938129
2 0 0 0.956113
3 0 0 0.93139

3
1 0 7137 0.924691
2 0 0 0.904671
3 0 0 1.00548

3
1 2 1507 0.921469
2 0 0 0.995916
3 0 0 0.925433

3
1 2 275 0.884313
2 0 0 1.00859
3 0 0 0.896374

3
1 0 290 0.820234
2 0 0 1.07103
3 0 0 0.863504

3
1 0 4199 0.898401
2 0 0 0.839447
3 0 0 0.938282

5
1 1 4 0.840398
2 0 0 0.816822
3 2 3065 0.856163
6 0 0 0.922752
7 0 0 0.910733

3
1 0 8634 0.815482
2 0 0 0.89752
3 0 0 0.820712

3
1 0 9041 0.897642
2 0 0 0.841066
3 0 0 0.938848

1
1 0 0 0.871098

3
1 2 538 0.836262
2 0 0 0.950509
3 0 0 0.764939

3
1 1 4 0.85528
2 0 0 0.88055
3 0 0 0.981276

3
1 1 4 0.885247
2 0 0 0.897493
3 0 0 0.900117

3
1 2 4966 0.769635
2 0 0 0.785825
3 0 0 0.915931

3
1 2 981 0.809898
2 0 0 0.871481
3 0 0 0.837106

3
1 0 1348 0.915689
2 0 0 1.08718
3 0 0 0.88089

3
1 0 4273 0.896145
2 0 0 0.880185
3 0 0 0.996377

5
1 2 2775 0.848408
2 2 717 0.962762
4 0 0 0.99324
5 0 0 0.975641
3 0 0 0.809584

3
1 2 4262 0.831381
2 0 0 0.91587
3 0 0 0.734523

1
1 0 0 0.770713

3
1 0 3545 0.847138
2 0 0 0.942937
3 0 0 1.01027

3
1 2 4117 0.897094
2 0 0 0.918069
3 0 0 0.941836

3
1 0 9151 0.823708
2 0 0 0.823388
3 0 0 1.05928

1
1 0 0 0.862554

7
1 2 858 0.96716
2 2 325 0.951812
4 0 0 0.834542
5 0 0 1.01072
3 0 4202 0.88175
6 0 0 0.842707
7 0 0 0.934296

1
1 0 0 0.785723

3
1 1 4 0.955911
2 0 0 0.96232
3 0 0 0.922588

1
1 0 0 0.916547

7
1 2 265 0.890859
2 2 215 0.995131
4 1 3 1.02187
8 0 0 0.950547
9 0 0 1.15218
5 0 0 0.991448
3 0 0 0.812823

1
1 0 0 0.753078

5
1 0 4868 0.883798
2 1 2 0.9583
4 0 0 1.04147
5 0 0 0.925465
3 0 0 0.897739

3
1 0 4748 0.88975
2 0 0 0.915948
3 0 0 0.942401

3
1 0 427 0.843197
2 0 0 0.960259
3 0 0 0.862383

3
1 0 4626 0.886563
2 0 0 0.812511
3 0 0 0.961377

3
1 0 9333 0.848696
2 0 0 0.913782
3 0 0 1.11048

1
1 0 0 0.794596

5
1 0 1851 0.784083
2 2 1114 0.919614
4 0 0 0.942481
5 0 0 0.905534
3 0 0 0.835477

1
1 0 0 0.801188

3
1 0 8287 0.92407
2 0 0 0.710408
3 0 0 1.02843

3
1 2 4448 0.845243
2 0 0 0.893202
3 0 0 0.952417

3
1 0 3750 0.946313
2 0 0 0.895088
3 0 0 0.936226

1
1 0 0 0.821494

3
1 1 3 0.880193
2 0 0 0.85859
3 0 0 0.845512

3
1 0 6529 0.867315
2 0 0 0.878327
3 0 0 0.961948

3
1 0 499 0.877545
2 0 0 1.04582
3 0 0 0.69356

3
1 0 404 0.890616
2 0 0 0.992011
3 0 0 0.736555

3
1 0 2203 0.913077
2 0 0 0.96409
3 0 0 0.966007

3
1 1 3 0.881573
2 0 0 0.825901
3 0 0 0.883319

3
1 2 814 0.918596
2 0 0 1.00733
3 0 0 0.855319

1
1 0 0 0.708495

1
1 0 0 0.966866

3
1 0 6594 0.885043
2 0 0 0.969617
3 0 0 0.995811

3
1 0 2626 0.981676
2 0 0 0.778974
3 0 0 1.05505

3
1 0 8506 0.9009
2 0 0 0.945893
3 0 0 0.973646

3
1 1 2 0.978129
2 0 0 1.03418
3 0 0 0.887508

3
1 0 5660 0.933139
2 0 0 0.840096
3 0 0 0.898585

5
1 2 4256 0.962401
2 2 444 0.973649
4 0 0 0.880211
5 0 0 1.02457
3 0 0 0.983908

3
1 0 562 0.845562
2 0 0 0.857898
3 0 0 0.819383

5
1 1 2 0.888938
2 0 4070 0.916622
4 0 0 0.761389
5 0 0 1.06575
3 0 0 0.860041

5
1 0 7062 1.03397
2 2 45 0.838665
4 0 0 1.04774
5 0 0 0.875251
3 0 0 0.952761

3
1 0 8386 0.927639
2 0 0 0.918682
3 0 0 1.00969

3
1 0 4895 0.869171
2 0 0 0.925736
3 0 0 1.11811

5
1 0 3765 0.97648
2 0 0 0.920068
3 0 6468 0.993548
6 0 0 1.11651
7 0 0 1.00283

3
1 0 5379 0.908291
2 0 0 0.837507
3 0 0 1.06781

1
1 0 0 0.852474

1
1 0 0 0.832302

3
1 2 1468 0.955638
2 0 0 0.85031
3 0 0 1.05783

7
1 0 2322 0.953558
2 0 0 0.904446
3 1 4 0.933988
6 2 1593 0.931308
12 0 0 0.987514
13 0 0 0.886588
7 0 0 0.891694

3
1 0 3402 0.864417
2 0 0 0.805991
3 0 0 1.06679

3
1 2 4996 0.902386
2 0 0 0.96068
3 0 0 1.09767

3
1 1 4 0.816846
2 0 0 0.804824
3 0 0 0.880452

7
1 0 5807 0.944951
2 0 2697 0.86752
4 0 11 0.858755
8 0 0 1.02227
9 0 0 0.85913
5 0 0 1.13415
3 0 0 0.983501

3
1 0 9218 0.846021
2 0 0 0.938603
3 0 0 1.00411

3
1 0 1146 0.821938
2 0 0 0.972786
3 0 0 0.790316

3
1 0 598 0.80594
2 0 0 1.06085
3 0 0 0.773307

5
1 1 1 0.91125
2 0 0 0.937118
3 1 3 0.956265
6 0 0 0.962196
7 0 0 0.939178

3
1 0 9378 0.905129
2 0 0 0.793458
3 0 0 1.07564

5
1 2 3848 0.886406
2 0 0 1.04373
3 2 3907 0.910711
6 0 0 1.18863
7 0 0 0.912865

3
1 2 4522 0.906731
2 0 0 0.928273
3 0 0 0.876773

3
1 0 877 0.919201
2 0 0 1.13686
3 0 0 0.819599

5
1 0 524 0.976989
2 0 61 1.03462
4 0 0 1.182
5 0 0 1.02362
3 0 0 0.896204

3
1 0 5410 0.913369
2 0 0 0.796995
3 0 0 0.971293

3
1 2 252 0.882664
2 0 0 1.03763
3 0 0 0.7665

5
1 0 8621 0.877417
2 1 3 0.986135
4 0 0 0.883412
5 0 0 0.969626
3 0 0 0.925272

1
1 0 0 0.767281

5
1 2 1943 0.88631
2 0 0 1.01353
3 0 3907 0.949463
6 0 0 0.899308
7 0 0 0.987022

3
1 0 4004 0.81922
2 0 0 0.865626
3 0 0 0.911905

5
1 0 9647 0.861348
2 1 2 0.932081
4 0 0 0.915841
5 0 0 0.904021
3 0 0 0.988557

3
1 0 9728 0.853092
2 0 0 0.828529
3 0 0 0.825035

5
1 2 567 0.862754
2 0 7117 0.9657
4 0 0 0.99102
5 0 0 0.909177
3 0 0 0.912817

5
1 2 880 0.923829
2 0 7010 1.1056
4 0 0 1.09082
5 0 0 0.997055
3 0 0 0.821346

5
1 2 734 0.895323
2 1 3 1.02177
4 0 0 1.13429
5 0 0 1.05538
3 0 0 0.919425

3
1 1 2 0.848701
2 0 0 0.86247
3 0 0 0.908794

7
1 0 4450 0.815843
2 0 3448 0.908893
4 0 0 0.905269
5 0 0 1.00478
3 1 2 0.944151
6 0 0 0.834459
7 0 0 0.944164

3
1 0 9935 0.791144
2 0 0 0.901226
3 0 0 0.961901

3
1 1 1 0.88246
2 0 0 0.788263
3 0 0 0.94231

7
1 2 4149 0.992804
2 1 3 0.967927
4 0 0 0.92628
5 0 0 1.02221
3 2 5135 0.872436
6 0 0 0.914999
7 0 0 0.930628

3
1 1 2 0.837333
2 0 0 0.9495
3 0 0 0.900613

3
1 1 3 0.92028
2 0 0 0.902035
3 0 0 0.952507

1
1 0 0 0.857007

1
1 0 0 0.922978

1
1 0 0 0.724394

3
1 2 2416 0.948829
2 0 0 0.903742
3 0 0 0.815489

3
1 0 8831 0.890471
2 0 0 0.816909
3 0 0 1.04134

3
1 2 72 0.763256
2 0 0 0.911046
3 0 0 0.792393

5
1 0 5978 0.900207
2 0 0 0.891388
3 2 4010 1.02562
6 0 0 1.01514
7 0 0 1.00358

1
1 0 0 0.800766

3
1 0 2875 0.947635
2 0 0 0.884796
3 0 0 0.975078

3
1 1 2 0.90774
2 0 0 1.02606
3 0 0 0.960346

3
1 0 6779 0.853315
2 0 0 0.773379
3 0 0 0.954932

3
1 0 3945 0.927886
2 0 0 0.877018
3 0 0 1.0181

3
1 2 885 0.876379
2 0 0 0.916167
3 0 0 0.854666

3
1 0 587 0.767352
2 0 0 1.04982
3 0 0 0.774198

3
1 0 9412 0.886888
2 0 0 0.880243
3 0 0 0.911587

3
1 0 8870 0.917173
2 0 0 0.888725
3 0 0 1.11191

3
1 1 2 0.9286
2 0 0 0.982683
3 0 0 0.923099

3
1 2 32 0.893784
2 0 0 0.986916
3 0 0 0.890902

5
1 0 527 0.941447
2 0 0 1.09052
3 2 2436 0.915198
6 0 0 0.844554
7 0 0 0.918294

1
1 0 0 0.864266

3
1 0 331 0.777588
2 0 0 1.10351
3 0 0 0.794831

1
1 0 0 0.785728

3
1 0 3671 0.881335
2 0 0 0.956694
3 0 0 0.919172

3
1 2 3014 0.853362
2 0 0 0.912311
3 0 0 0.885802

1
1 0 0 0.714149

5
1 2 3169 0.877127
2 0 0 0.919245
3 0 3085 1.00331
6 0 0 0.917773
7 0 0 1.03632

1
1 0 0 0.936318

3
1 0 2117 0.86229
2 0 0 0.916078
3 0 0 0.891435

3
1 1 4 0.775956
2 0 0 0.76475
3 0 0 0.930046

1
1 0 0 0.857349

5
1 2 115 0.830628
2 1 2 1.0452
4 0 0 0.981793
5 0 0 0.967841
3 0 0 0.814347

3
1 0 518 0.793779
2 0 0 0.991397
3 0 0 0.776278

3
1 2 125 0.810404
2 0 0 0.956798
3 0 0 0.836782

7
1 2 1336 0.848741
2 0 6233 0.958449
4 2 1076 1.07118
8 0 0 1.05991
9 0 0 1.08186
5 0 0 0.956553
3 0 0 0.996279

3
1 0 4626 0.886563
2 0 0 0.805925
3 0 0 0.978522

1
1 0 0 0.842898

5
1 0 8085 0.858938
2 0 0 1.00351
3 1 2 0.909104
6 0 0 0.881093
7 0 0 0.909388

1
1 0 0 0.789695

3
1 2 5065 0.893282
2 0 0 0.887405
3 0 0 0.977393

1
1 0 0 0.848262

3
1 2 229 0.903594
2 0 0 1.08057
3 0 0 0.853183

3
1 0 2646 0.859169
2 0 0 0.73475
3 0 0 1.06578

5
1 2 2913 0.874326
2 0 9859 0.951159
4 0 0 0.886682
5 0 0 0.887105
3 0 0 0.819622

1
1 0 0 0.80546

1
1 0 0 0.749138

5
1 0 363 0.93808
2 2 5022 0.996088
4 0 0 0.968136
5 0 0 0.925626
3 0 0 0.804131

9
1 0 73 0.924967
2 2 3038 1.1167
4 2 1200 1.05311
8 0 0 1.05098
9 2 2412 1.116
18 0 0 0.962901
19 0 0 1.11053
5 0 0 0.953988
3 0 0 0.862545

3
1 2 476 0.794171
2 0 0 1.05999
3 0 0 0.775989

3
1 0 8191 0.881674
2 0 0 0.850775
3 0 0 0.980813

3
1 1 3 0.862118
2 0 0 0.8422
3 0 0 0.880818

1
1 0 0 0.775374

3
1 0 9176 0.896129
2 0 0 0.856623
3 0 0 0.919764

5
1 0 9279 0.921244
2 1 2 0.936253
4 0 0 0.948419
5 0 0 0.902058
3 0 0 1.031

3
1 2 264 0.846878
2 0 0 0.902167
3 0 0 0.795261

3
1 0 9684 0.883685
2 0 0 0.817965
3 0 0 0.955313

3
1 1 1 0.90209
2 0 0 0.977012
3 0 0 0.916213

3
1 1 3 0.894132
2 0 0 0.900827
3 0 0 0.794382

3
1 0 88 0.795689
2 0 0 1.04947
3 0 0 0.820079

1
1 0 0 0.829242

3
1 0 594 0.92755
2 0 0 0.941241
3 0 0 0.855421

5
1 1 4 0.835786
2 0 0 0.920165
3 0 9454 0.884672
6 0 0 0.899335
7 0 0 0.942849

5
1 1 4 0.865027
2 0 0 0.944896
3 2 4337 1.02827
6 0 0 0.964447
7 0 0 0.915899

5
1 2 3073 0.878236
2 1 3 0.927869
4 0 0 0.899025
5 0 0 0.925831
3 0 0 0.823597

3
1 2 308 0.915513
2 0 0 0.962121
3 0 0 0.96545

1
1 0 0 0.796787

3
1 0 3681 0.890814
2 0 0 0.823851
3 0 0 1.06804

5
1 0 1019 0.873026
2 2 2037 1.09079
4 0 0 1.03091
5 0 0 1.18779
3 0 0 0.82949

3
1 1 4 0.955764
2 0 0 0.901122
3 0 0 1.08738

7
1 0 6700 0.902056
2 2 2872 0.958038
4 0 0 1.05617
5 0 0 0.935
3 0 7194 1.02257
6 0 0 1.02578
7 0 0 1.04617

7
1 0 3402 0.864417
2 0 0 0.836688
3 0 3596 1.05767
6 0 3523 0.998389
12 0 0 0.956079
13 0 0 1.01148
7 0 0 1.0956

3
1 1 3 0.875846
2 0 0 0.937149
3 0 0 1.00204

5
1 0 4568 0.963108
2 2 3341 0.820862
4 0 0 0.768355
5 0 0 0.931777
3 0 0 0.879417

3
1 0 3779 0.895711
2 0 0 0.884408
3 0 0 1.0923

3
1 0 9407 0.912652
2 0 0 0.712928
3 0 0 0.945003

3
1 0 462 0.829016
2 0 0 0.942919
3 0 0 0.806408

3
1 0 9645 0.947433
2 0 0 0.943021
3 0 0 0.991549

3
1 1 4 0.913462
2 0 0 0.969013
3 0 0 1.1553

3
1 1 1 0.984008
2 0 0 0.917051
3 0 0 1.09322

1
1 0 0 0.834782

3
1 1 3 0.875733
2 0 0 0.875524
3 0 0 0.946163

5
1 0 7333 0.901405
2 0 0 0.967706
3 0 7606 0.937846
6 0 0 0.895016
7 0 0 0.919285

3
1 2 3115 0.980565
2 0 0 0.874658
3 0 0 0.784495

3
1 0 4694 0.887277
2 0 0 0.859726
3 0 0 1.09862

3
1 2 78 0.771638
2 0 0 1.07584
3 0 0 0.815565

7
1 1 2 0.911344
2 1 1 0.93538
4 0 0 0.862178
5 2 1488 0.954619
10 0 0 1.1606
11 0 0 0.936571
3 0 0 0.890632

3
1 0 1116 0.931894
2 0 0 0.96607
3 0 0 0.816184

3
1 0 1031 0.780975
2 0 0 1.09327
3 0 0 0.857715

3
1 2 768 0.899154
2 0 0 0.979499
3 0 0 0.907665

3
1 2 5384 0.805382
2 0 0 0.831697
3 0 0 0.946699

3
1 0 8999 0.830694
2 0 0 0.85223
3 0 0 1.08217

3
1 0 3720 0.863409
2 0 0 0.797286
3 0 0 1.00981

3
1 0 7802 0.859707
2 0 0 0.86862
3 0 0 0.908747

5
1 0 425 0.869713
2 1 1 1.03851
4 0 0 0.9772
5 0 0 0.85501
3 0 0 0.94786

3
1 1 1 0.898443
2 0 0 1.08195
3 0 0 0.8418

3
1 1 1 0.792236
2 0 0 0.952512
3 0 0 0.822076

5
1 0 4676 0.944124
2 2 1678 0.939928
4 0 0 0.98685
5 0 0 0.885937
3 0 0 0.955044

3
1 0 3998 0.899481
2 0 0 0.821456
3 0 0 1.02361

3
1 2 993 1.00465
2 0 0 0.906699
3 0 0 0.864981

5
1 2 1886 0.843974
2 0 0 0.824681
3 2 2588 0.939859
6 0 0 1.02728
7 0 0 0.902231

9
1 2 303 0.938097
2 2 14 0.911306
4 0 0 1.04806
5 0 0 0.922365
3 0 8700 0.947625
6 2 2877 0.958349
12 0 0 0.959415
13 0 0 0.966484
7 0 0 1.07385

3
1 0 2895 0.894494
2 0 0 0.915723
3 0 0 0.940696

7
1 2 5157 0.85646
2 1 3 0.893089
4 0 0 0.88838
5 0 0 0.934364
3 1 1 0.909192
6 0 0 1.02526
7 0 0 0.947129

3
1 2 3097 0.939687
2 0 0 0.933321
3 0 0 0.839153

5
1 1 3 0.834091
2 0 0 0.794215
3 0 1447 0.968479
6 0 0 0.978767
7 0 0 0.925524

5
1 2 277 0.891813
2 0 0 1.02463
3 0 5247 0.870139
6 0 0 0.849207
7 0 0 0.911808

3
1 1 4 0.859097
2 0 0 0.937564
3 0 0 0.94229

5
1 2 5194 0.803274
2 0 0 0.825597
3 1 1 1.07993
6 0 0 1.10359
7 0 0 0.920757

3
1 0 560 0.78338
2 0 0 1.02205
3 0 0 0.759422

7
1 2 1054 0.801073
2 2 183 0.914396
4 1 1 0.948969
8 0 0 0.955782
9 0 0 0.963431
5 0 0 0.995908
3 0 0 0.808003

1
1 0 0 0.780198

3
1 2 14 0.814931
2 0 0 0.899791
3 0 0 0.904013

1
1 0 0 0.850823

1
1 0 0 0.812806

9
1 2 1662 0.909262
2 0 6723 0.992013
4 0 0 0.978427
5 0 0 0.926975
3 0 9942 0.956348
6 0 0 0.943761
7 2 4223 0.948571
14 0 0 0.938682
15 0 0 0.996697

3
1 0 1258 0.899427
2 0 0 1.01085
3 0 0 0.867518

3
1 2 1328 0.810283
2 0 0 0.941646
3 0 0 0.793064

5
1 0 1833 0.840719
2 1 4 0.984289
4 0 0 0.937147
5 0 0 0.994312
3 0 0 0.862276

3
1 0 8603 0.880076
2 0 0 0.830011
3 0 0 0.902013

3
1 0 8897 0.914624
2 0 0 0.880559
3 0 0 1.0536

5
1 0 2745 0.864266
2 0 0 0.92558
3 2 4240 0.942709
6 0 0 0.957095
7 0 0 0.965625

3
1 2 4888 0.900733
2 0 0 0.931309
3 0 0 0.972113

5
1 1 1 0.966784
2 0 0 1.01161
3 0 503 0.908441
6 0 0 0.919382
7 0 0 0.936655

3
1 2 2922 0.879921
2 0 0 0.972521
3 0 0 0.845523

3
1 2 115 0.942489
2 0 0 0.956105
3 0 0 0.888233

3
1 2 57 0.749292
2 0 0 1.06272
3 0 0 0.801411

3
1 0 6084 0.848869
2 0 0 0.695015
3 0 0 0.969919

5
1 0 179 0.858944
2 2 3842 1.01489
4 0 0 1.11704
5 0 0 1.02799
3 0 0 0.816623

3
1 1 2 0.76711
2 0 0 0.900002
3 0 0 0.835213

3
1 2 740 0.89193
2 0 0 0.937633
3 0 0 0.849176

1
1 0 0 0.880353

3
1 0 2587 0.885892
2 0 0 0.836698
3 0 0 0.908275

3
1 1 4 0.856584
2 0 0 0.860837
3 0 0 0.848775

3
1 2 79 0.801255
2 0 0 0.901442
3 0 0 0.882976

7
1 0 1516 0.900006
2 2 3341 0.967289
4 1 4 0.987788
8 0 0 0.979
9 0 0 1.10778
5 0 0 1.04219
3 0 0 0.793503

5
1 0 9197 0.890197
2 0 0 0.761185
3 2 5336 1.06036
6 0 0 1.00262
7 0 0 0.999275

3
1 0 6456 0.86192
2 0 0 0.843982
3 0 0 0.999655

5
1 1 2 0.900805
2 1 1 0.991798
4 0 0 0.841207
5 0 0 1.03316
3 0 0 0.976528

5
1 1 3 0.817021
2 2 1867 0.860808
4 0 0 0.918001
5 0 0 0.855986
3 0 0 0.891631

5
1 0 950 0.889608
2 2 2918 1.16352
4 0 0 0.951969
5 0 0 0.956877
3 0 0 0.880241

1
1 0 0 0.912491

3
1 2 3785 0.901687
2 0 0 0.908757
3 0 0 1.01072

5
1 0 9785 0.808146
2 0 0 0.922169
3 2 5020 1.12644
6 0 0 1.02098
7 0 0 0.939099

3
1 0 9237 0.765491
2 0 0 0.73488
3 0 0 0.923385

5
1 1 2 0.92628
2 0 0 0.984838
3 2 3436 0.963661
6 0 0 1.03963
7 0 0 0.954811

1
1 0 0 0.79603

3
1 1 3 0.945862
2 0 0 0.961221
3 0 0 0.92205

3
1 0 984 0.808339
2 0 0 0.859345
3 0 0 0.732635

1
1 0 0 0.783062

1
1 0 0 0.897571

1
1 0 0 0.872067

3
1 0 1083 0.768882
2 0 0 0.981613
3 0 0 0.790149

3
1 0 8896 0.742795
2 0 0 0.76256
3 0 0 0.926359

5
1 2 4392 0.857343
2 0 0 0.838866
3 0 9611 0.955274
6 0 0 0.949679
7 0 0 1.08138

1
1 0 0 0.80535

3
1 2 265 0.781972
2 0 0 0.963975
3 0 0 0.775051

3
1 0 367 0.814273
2 0 0 0.921574
3 0 0 0.802618

3
1 1 3 0.896804
2 0 0 0.884665
3 0 0 0.827186

3
1 0 1468 0.866039
2 0 0 0.964471
3 0 0 0.816866

3
1 2 4423 0.915133
2 0 0 0.913903
3 0 0 0.793314

3
1 0 153 0.71695
2 0 0 0.992274
3 0 0 0.710732

1
1 0 0 0.760883

3
1 2 4220 0.85544
2 0 0 0.820179
3 0 0 0.854165

5
1 0 9931 0.817941
2 0 0 0.832942
3 1 2 0.943295
6 0 0 0.869612
7 0 0 0.984914

7
1 1 3 0.981992
2 0 7941 0.968576
4 0 947 1.01066
8 0 0 0.988548
9 0 0 1.04729
5 0 0 1.07775
3 0 0 1.02082

1
1 0 0 0.864372

3
1 2 3704 0.880546
2 0 0 0.989105
3 0 0 0.935233

1
1 0 0 0.822927

3
1 0 7884 0.890998
2 0 0 0.90898
3 0 0 0.972604

3
1 0 5294 0.911914
2 0 0 0.895579
3 0 0 0.962152

3
1 0 3402 0.864417
2 0 0 0.877071
3 0 0 1.11491

3
1 0 9088 0.846572
2 0 0 0.748472
3 0 0 1.14026

3
1 1 1 0.981122
2 0 0 1.04304
3 0 0 0.921461

7
1 1 3 0.942787
2 0 0 0.951535
3 0 5819 1.00482
6 1 4 1.01373
12 0 0 1.04281
13 0 0 0.991057
7 0 0 0.979294

3
1 1 2 0.962422
2 0 0 0.952637
3 0 0 0.977001

3
1 2 2993 0.899955
2 0 0 0.936985
3 0 0 0.834726

5
1 1 3 0.947483
2 0 0 0.891032
3 1 4 1.00525
6 0 0 0.870589
7 0 0 1.018

3
1 0 1136 0.911546
2 0 0 0.975879
3 0 0 0.849287

3
1 2 3374 0.958693
2 0 0 0.965932
3 0 0 0.930711

5
1 0 9454 0.831103
2 0 0 0.925525
3 0 9665 0.908929
6 0 0 0.960466
7 0 0 1.0503

3
1 2 418 0.90995
2 0 0 0.835982
3 0 0 0.936229

3
1 0 4478 0.82101
2 0 0 0.836622
3 0 0 0.974159

1
1 0 0 0.784968

3
1 0 728 0.864296
2 0 0 0.987548
3 0 0 0.808689

3
1 0 2774 0.923915
2 0 0 0.927292
3 0 0 1.04159

3
1 0 5095 0.932367
2 0 0 0.888376
3 0 0 0.975361

3
1 1 2 0.888545
2 0 0 0.942042
3 0 0 0.905884

3
1 0 4314 0.906272
2 0 0 0.803886
3 0 0 1.12671

5
1 2 1682 0.868795
2 0 0 0.995367
3 2 2901 1.00638
6 0 0 0.983325
7 0 0 0.863298

1
1 0 0 0.80207

5
1 0 8429 0.938073
2 0 0 0.811704
3 1 2 0.989037
6 0 0 1.02997
7 0 0 1.01641

7
1 2 2771 0.889396
2 2 2606 0.92219
4 1 1 0.924574
8 0 0 0.918944
9 0 0 0.983933
5 0 0 1.03488
3 0 0 0.819099

1
1 0 0 0.86271

3
1 0 682 0.852845
2 0 0 0.986071
3 0 0 0.806875

3
1 0 9922 0.805099
2 0 0 0.829183
3 0 0 0.931897

1
1 0 0 0.832359

5
1 0 3392 0.900038
2 1 4 0.90879
4 0 0 0.849687
5 0 0 1.04045
3 0 0 0.968983

7
1 1 4 0.959712
2 1 3 0.972535
4 0 0 0.961893
5 0 0 1.03064
3 0 9659 0.992585
6 0 0 0.941175
7 0 0 1.02981

3
1 0 3913 0.830021
2 0 0 0.869657
3 0 0 1.01586

3
1 1 4 0.977188
2 0 0 0.932695
3 0 0 1.03312

3
1 1 3 0.994782
2 0 0 0.972556
3 0 0 1.01934

3
1 2 2114 0.905829
2 0 0 0.907163
3 0 0 0.946765

7
1 1 3 0.907094
2 0 0 0.877291
3 1 4 0.991607
6 0 364 0.872589
12 0 0 0.858708
13 0 0 0.881313
7 0 0 0.934149

3
1 0 7264 0.903771
2 0 0 0.899571
3 0 0 0.910478

5
1 1 1 0.927811
2 0 0 0.936705
3 2 3853 0.950534
6 0 0 0.963348
7 0 0 1.03959

5
1 2 3306 0.876828
2 2 127 0.90074
4 0 0 0.935159
5 0 0 0.893607
3 0 0 0.928673

3
1 0 7115 0.872898
2 0 0 0.893801
3 0 0 0.921434

3
1 0 1136 0.888476
2 0 0 1.01627
3 0 0 0.82484

3
1 0 760 0.923566
2 0 0 1.0918
3 0 0 0.877312

7
1 2 288 0.865979
2 0 4069 1.02052
4 0 0 1.03704
5 0 4982 1.07759
10 0 0 1.04687
11 0 0 1.14521
3 0 0 0.882421

5
1 0 4139 0.857856
2 0 0 0.741916
3 0 5976 1.00406
6 0 0 0.9918
7 0 0 0.996546

3
1 2 649 0.865067
2 0 0 0.957946
3 0 0 0.690222

5
1 2 367 0.813787
2 2 233 0.960537
4 0 0 0.903275
5 0 0 0.929181
3 0 0 0.842872

3
1 0 176 0.860501
2 0 0 0.92868
3 0 0 0.859389

5
1 1 4 0.917236
2 0 0 0.926236
3 2 2152 1.08633
6 0 0 0.954524
7 0 0 1.12358

3
1 2 107 0.888731
2 0 0 0.934417
3 0 0 0.841048

5
1 0 3185 0.848694
2 0 0 0.837684
3 1 2 0.849548
6 0 0 0.958614
7 0 0 0.904594

3
1 0 5955 0.892694
2 0 0 0.820198
3 0 0 0.947535

1
1 0 0 0.834471

3
1 2 4649 0.944621
2 0 0 0.985451
3 0 0 1.01241

5
1 0 1430 0.79133
2 2 487 0.925729
4 0 0 0.953556
5 0 0 1.00383
3 0 0 0.840739

3
1 2 78 0.715243
2 0 0 1.115
3 0 0 0.729473

3
1 0 3884 0.883475
2 0 0 0.809678
3 0 0 0.993285

5
1 0 5458 0.885761
2 1 4 0.936239
4 0 0 0.947575
5 0 0 0.84
3 0 0 0.873576

3
1 2 772 0.893664
2 0 0 1.00909
3 0 0 0.826277

3
1 0 5625 0.887851
2 0 0 0.882759
3 0 0 0.862702

3
1 0 306 0.856652
2 0 0 0.911161
3 0 0 0.879389

5
1 2 536 0.942888
2 0 1387 1.00737
4 0 0 1.07797
5 0 0 0.902106
3 0 0 0.920261

3
1 2 5344 0.779806
2 0 0 0.821259
3 0 0 0.937654

3
1 1 3 0.894757
2 0 0 1.0033
3 0 0 0.866615

3
1 2 2220 0.881921
2 0 0 0.843228
3 0 0 0.881731

3
1 0 6137 0.929675
2 0 0 0.855987
3 0 0 0.967583

3
1 1 3 0.85886
2 0 0 0.837106
3 0 0 0.881859

3
1 2 2271 0.882205
2 0 0 0.923662
3 0 0 0.87031

3
1 2 47 0.82516
2 0 0 1.07107
3 0 0 0.839562

1
1 0 0 0.788568

3
1 0 5923 0.932783
2 0 0 0.876389
3 0 0 0.9244

5
1 0 1089 0.862952
2 0 328 0.940439
4 0 0 0.832526
5 0 0 1.05949
3 0 0 0.81752

1
1 0 0 0.737812

3
1 0 9172 0.925976
2 0 0 0.926419
3 0 0 0.987879

3
1 0 9029 0.853779
2 0 0 0.923393
3 0 0 0.99472

3
1 0 575 0.863134
2 0 0 0.95008
3 0 0 0.731747

5
1 1 4 0.870241
2 0 0 0.924042
3 0 4974 0.871679
6 0 0 1.02505
7 0 0 0.940659

5
1 1 4 0.989806
2 2 4379 0.945305
4 0 0 0.918799
5 0 0 1.02074
3 0 0 1.01876

3
1 2 960 0.929707
2 0 0 1.03801
3 0 0 0.931625

1
1 0 0 0.856252

5
1 2 1587 0.960075
2 2 26 0.951525
4 0 0 1.00421
5 0 0 1.00398
3 0 0 0.925002

3
1 0 9811 0.791262
2 0 0 0.744967
3 0 0 0.914193

3
1 2 4486 0.960908
2 0 0 0.915947
3 0 0 0.986443

3
1 0 703 0.820306
2 0 0 1.05503
3 0 0 0.848836

3
1 2 538 0.860605
2 0 0 0.889806
3 0 0 0.855137

3
1 2 2136 0.859304
2 0 0 0.863373
3 0 0 0.902708

1
1 0 0 0.855318

3
1 0 8735 0.822853
2 0 0 0.767475
3 0 0 1.02232

5
1 2 5329 0.905595
2 0 0 0.92667
3 1 3 1.08916
6 0 0 0.907742
7 0 0 0.952812

1
1 0 0 0.652991

3
1 2 2040 0.857847
2 0 0 0.947793
3 0 0 0.811921

1
1 0 0 0.807211

1
1 0 0 0.828178

3
1 0 6962 0.862843
2 0 0 0.820097
3 0 0 0.939141

5
1 1 2 0.821159
2 2 3230 0.947084
4 0 0 1.03464
5 0 0 0.989462
3 0 0 0.875793

1
1 0 0 0.807766

1
1 0 0 0.729171

3
1 0 8122 0.714108
2 0 0 0.734178
3 0 0 0.887666

5
1 1 4 0.941188
2 0 0 0.784141
3 0 8838 0.965627
6 0 0 0.954144
7 0 0 0.985907

5
1 2 4970 0.847095
2 0 0 0.842868
3 2 4999 1.04857
6 0 0 0.98514
7 0 0 0.905064

3
1 0 1052 0.80783
2 0 0 0.946249
3 0 0 0.753337

3
1 0 1072 0.778304
2 0 0 1.08486
3 0 0 0.919124

5
1 0 218 0.855773
2 1 2 1.03731
4 0 0 1.06452
5 0 0 1.09057
3 0 0 0.757389

3
1 2 291 0.883235
2 0 0 0.968494
3 0 0 0.864095

3
1 0 6443 0.870449
2 0 0 0.888863
3 0 0 0.928897

3
1 2 906 0.900214
2 0 0 0.973479
3 0 0 0.866899

3
1 0 6566 0.91601
2 0 0 0.96193
3 0 0 0.954954

1
1 0 0 0.760107

3
1 1 1 0.900858
2 0 0 0.872353
3 0 0 1.06572

3
1 0 8760 0.927308
2 0 0 0.904742
3 0 0 1.04205

3
1 2 604 0.972337
2 0 0 0.960559
3 0 0 0.897183

1
1 0 0 0.973904

5
1 0 8101 0.981827
2 0 6324 0.979118
4 0 0 0.990268
5 0 0 0.979899
3 0 0 1.03413

3
1 0 2389 0.857816
2 0 0 0.897171
3 0 0 1.05264

3
1 2 5015 0.851868
2 0 0 0.825113
3 0 0 1.01542

3
1 1 4 0.881276
2 0 0 0.954497
3 0 0 0.888613

1
1 0 0 0.860997

3
1 0 3257 0.892729
2 0 0 0.81226
3 0 0 0.892233

3
1 0 4778 0.905914
2 0 0 0.827496
3 0 0 1.04748

1
1 0 0 0.80004

3
1 1 1 0.984624
2 0 0 0.94669
3 0 0 0.939304

3
1 0 6153 0.961072
2 0 0 0.889891
3 0 0 0.96076

3
1 0 816 0.92637
2 0 0 1.03991
3 0 0 0.798527

3
1 0 7634 0.942589
2 0 0 0.983558
3 0 0 0.867326

1
1 0 0 0.833758

3
1 2 4786 0.941259
2 0 0 0.88002
3 0 0 1.05246

3
1 1 2 0.989548
2 0 0 1.00767
3 0 0 0.987633

3
1 0 6503 0.989451
2 0 0 1.05944
3 0 0 0.967193

5
1 0 547 0.835725
2 0 0 0.926994
3 2 3005 0.861924
6 0 0 0.978125
7 0 0 0.811422

3
1 2 2093 0.975523
2 0 0 0.951129
3 0 0 0.909499

3
1 1 4 0.938121
2 0 0 0.91602
3 0 0 0.850276

5
1 2 304 0.732157
2 2 244 0.915665
4 0 0 0.963326
5 0 0 1.09761
3 0 0 0.737865

1
1 0 0 0.79773

5
1 1 4 0.872728
2 0 0 0.835055
3 2 1269 0.969449
6 0 0 0.967254
7 0 0 0.92729

7
1 1 4 0.852413
2 0 0 0.97419
3 0 7937 0.898088
6 2 5275 1.04295
12 0 0 1.0287
13 0 0 0.974408
7 0 0 1.12243

1
1 0 0 0.755392

5
1 0 2738 0.917302
2 0 2713 0.847597
4 0 0 0.849415
5 0 0 0.911715
3 0 0 0.964658

3
1 0 5872 0.839283
2 0 0 0.888038
3 0 0 1.10044

3
1 0 4614 0.872736
2 0 0 0.858454
3 0 0 1.03942

3
1 2 4744 0.865615
2 0 0 1.00495
3 0 0 0.857803

5
1 0 4113 0.920137
2 0 0 0.872601
3 0 4593 1.00826
6 0 0 0.979729
7 0 0 1.0335

3
1 1 2 0.891367
2 0 0 0.864777
3 0 0 0.881843

3
1 2 4655 0.873424
2 0 0 0.884779
3 0 0 0.828832

5
1 0 7247 0.97857
2 0 2632 1.06689
4 0 0 0.94314
5 0 0 1.09604
3 0 0 0.861367

5
1 1 1 0.906423
2 0 6935 0.92129
4 0 0 1.00334
5 0 0 0.978423
3 0 0 0.865912

3
1 0 1923 0.820883
2 0 0 0.901309
3 0 0 0.856786

3
1 0 3317 0.967754
2 0 0 0.961214
3 0 0 0.924576

3
1 2 690 0.871178
2 0 0 0.917235
3 0 0 1.00247

3
1 1 1 0.806732
2 0 0 0.917499
3 0 0 0.790596

3
1 0 6229 0.890955
2 0 0 0.88947
3 0 0 1.02227

3
1 2 25 0.972402
2 0 0 1.05689
3 0 0 0.896236

7
1 2 1240 0.930223
2 0 0 0.898679
3 0 1144 0.833618
6 0 576 1.15562
12 0 0 1.13061
13 0 0 0.998943
7 0 0 0.831369

5
1 0 2838 0.820308
2 1 4 0.932004
4 0 0 0.907766
5 0 0 1.03379
3 0 0 0.794865

5
1 0 8193 0.931645
2 0 0 0.810791
3 0 9228 0.875707
6 0 0 0.937247
7 0 0 0.914036

3
1 1 4 0.884141
2 0 0 0.867335
3 0 0 0.935967

3
1 2 732 0.810692
2 0 0 1.04352
3 0 0 0.810423

3
1 0 8587 0.756466
2 0 0 0.805184
3 0 0 0.984905

1
1 0 0 0.820336

3
1 0 1063 0.888722
2 0 0 0.909273
3 0 0 0.845911

3
1 0 9594 0.739929
2 0 0 0.822599
3 0 0 1.04982

5
1 0 3837 0.867179
2 0 0 0.938566
3 2 2487 0.96584
6 0 0 0.975465
7 0 0 0.942061

3
1 2 4357 0.897382
2 0 0 0.846566
3 0 0 0.908416

5
1 0 1072 0.905528
2 2 4041 1.17585
4 0 0 1.14226
5 0 0 0.942768
3 0 0 0.911206

3
1 2 3376 0.963165
2 0 0 1.0275
3 0 0 0.97151

3
1 1 3 0.860082
2 0 0 0.89267
3 0 0 0.954537

3
1 2 770 0.863974
2 0 0 1.00583
3 0 0 0.858819

9
1 2 2384 0.952581
2 0 1523 0.89708
4 0 998 0.88491
8 0 0 1.03908
9 1 4 0.853312
18 0 0 0.9059
19 0 0 1.02628
5 0 0 0.887409
3 0 0 1.00756

9
1 0 4150 0.926371
2 0 0 0.693747
3 0 7660 1.06227
6 0 4422 1.05301
12 0 0 0.935464
13 2 4028 1.03612
26 0 0 1.02857
27 0 0 0.938844
7 0 0 0.930657

1
1 0 0 0.812552

3
1 2 1182 0.827698
2 0 0 0.907978
3 0 0 0.859203

1
1 0 0 0.617026

3
1 0 715 0.857507
2 0 0 0.996505
3 0 0 0.886122

3
1 1 4 0.832921
2 0 0 0.899914
3 0 0 0.946211

3
1 0 3848 0.934563
2 0 0 0.760352
3 0 0 0.872409

1
1 0 0 0.940692

3
1 1 4 0.846312
2 0 0 0.822064
3 0 0 0.935428

5
1 0 9866 0.835192
2 0 0 0.835263
3 1 2 0.965437
6 0 0 1.04356
7 0 0 1.00802

3
1 0 8960 0.8765
2 0 0 0.770208
3 0 0 0.98968

3
1 1 4 0.937413
2 0 0 0.960424
3 0 0 0.912113

3
1 0 859 0.810118
2 0 0 0.860611
3 0 0 0.846458

1
1 0 0 0.852167

5
1 2 4040 0.940664
2 1 1 0.945166
4 0 0 0.945233
5 0 0 0.862028
3 0 0 0.890628

3
1 2 1444 0.837979
2 0 0 1.0087
3 0 0 0.950223

3
1 0 614 0.907185
2 0 0 1.17566
3 0 0 0.831488

3
1 1 3 0.950991
2 0 0 0.940115
3 0 0 0.943882

3
1 1 4 0.973672
2 0 0 1.05267
3 0 0 0.969897

1
1 0 0 0.715738

3
1 0 3647 0.853076
2 0 0 0.860635
3 0 0 0.955665

1
1 0 0 0.760769

3
1 0 1572 0.79984
2 0 0 0.869004
3 0 0 0.81155

3
1 0 2786 0.889915
2 0 0 0.904861
3 0 0 0.974824

1
1 0 0 0.844733

3
1 0 8809 0.886352
2 0 0 0.802429
3 0 0 1.01161

3
1 2 3736 0.828757
2 0 0 0.857455
3 0 0 0.802086

1
1 0 0 0.900408

5
1 0 162 0.79587
2 0 127 0.996099
4 0 0 0.994308
5 0 0 1.03192
3 0 0 0.76728

3
1 1 4 0.826099
2 0 0 0.8719
3 0 0 0.990437

3
1 2 154 0.798336
2 0 0 0.955959
3 0 0 0.751947

3
1 0 5119 0.897241
2 0 0 0.95275
3 0 0 1.03865

3
1 0 3784 0.939352
2 0 0 0.814376
3 0 0 0.942279

3
1 0 1041 0.798823
2 0 0 1.03988
3 0 0 0.802898

3
1 2 1073 0.846217
2 0 0 0.963462
3 0 0 0.807262

5
1 2 5175 0.741612
2 0 0 0.793825
3 2 5226 0.978721
6 0 0 1.02462
7 0 0 1.05623

3
1 0 8869 0.695005
2 0 0 0.721488
3 0 0 0.972768

3
1 2 19 0.77462
2 0 0 1.00382
3 0 0 0.753529

1
1 0 0 0.777858

3
1 0 9337 0.928879
2 0 0 0.867083
3 0 0 0.940389

5
1 0 4425 0.878134
2 0 0 0.926457
3 1 1 0.93062
6 0 0 1.05295
7 0 0 1.03431

5
1 2 4851 0.879595
2 0 0 0.804187
3 0 9874 1.02797
6 0 0 0.890591
7 0 0 1.01167

7
1 2 3172 0.938039
2 1 3 1.0279
4 0 0 1.02162
5 0 5758 1.01699
10 0 0 0.94292
11 0 0 1.03209
3 0 0 0.916226

1
1 0 0 0.835598

3
1 0 6575 0.963418
2 0 0 0.813879
3 0 0 1.03048

5
1 0 4971 0.902933
2 0 0 0.759121
3 1 1 1.08171
6 0 0 0.958608
7 0 0 0.805481

3
1 0 635 0.862621
2 0 0 0.902942
3 0 0 0.836778

1
1 0 0 0.871714

3
1 1 4 0.932371
2 0 0 0.949658
3 0 0 0.932579

5
1 2 1681 0.877105
2 0 361 0.903289
4 0 0 1.03427
5 0 0 0.910082
3 0 0 0.902348

3
1 1 4 0.891584
2 0 0 0.922695
3 0 0 1.05391

5
1 0 4778 0.905914
2 0 0 0.922339
3 2 2853 0.942729
6 0 0 1.09116
7 0 0 0.976121

3
1 0 1098 0.895652
2 0 0 1.09341
3 0 0 0.781203

3
1 1 2 0.877848
2 0 0 0.866244
3 0 0 0.941307

1
1 0 0 0.867425

5
1 1 4 0.897742
2 0 0 0.891716
3 0 5506 0.969165
6 0 0 0.992132
7 0 0 1.08394

3
1 2 2492 0.972023
2 0 0 0.921606
3 0 0 0.982331

3
1 0 7434 0.956935
2 0 0 0.949492
3 0 0 0.940219

5
1 0 2321 0.944365
2 0 0 1.10978
3 1 2 0.974848
6 0 0 0.962638
7 0 0 0.999085

5
1 2 3516 0.926728
2 2 2602 0.918172
4 0 0 0.964985
5 0 0 1.01447
3 0 0 0.93423

3
1 2 4304 0.867379
2 0 0 0.857182
3 0 0 0.979072

7
1 0 4780 0.902345
2 0 0 0.776634
3 0 5983 0.968302
6 0 0 0.922944
7 2 4070 0.955207
14 0 0 0.997127
15 0 0 0.843675

3
1 0 1392 0.948731
2 0 0 0.885779
3 0 0 0.922485

9
1 0 2462 0.923799
2 0 0 0.880006
3 1 1 0.961894
6 0 0 1.01651
7 2 189 0.974148
14 1 3 0.958634
28 0 0 0.961589
29 0 0 1.05881
15 0 0 1.01422

3
1 2 685 0.851723
2 0 0 0.867261
3 0 0 0.844402

5
1 0 8514 0.914089
2 0 0 0.919659
3 2 5164 0.969552
6 0 0 0.965138
7 0 0 1.05944

5
1 0 6045 0.912174
2 0 0 0.858303
3 0 6363 0.961905
6 0 0 0.967471
7 0 0 1.00757

5
1 0 3480 0.870675
2 0 0 0.96844
3 0 3634 0.985657
6 0 0 0.972805
7 0 0 0.970965

3
1 2 114 0.857424
2 0 0 0.964091
3 0 0 0.851742

3
1 2 816 0.871224
2 0 0 0.899716
3 0 0 0.746285

3
1 1 1 0.864914
2 0 0 0.959546
3 0 0 0.877849

3
1 0 989 0.824908
2 0 0 0.967006
3 0 0 0.725773

3
1 1 4 0.889415
2 0 0 0.926026
3 0 0 1.07899

3
1 0 7126 0.851376
2 0 0 0.845457
3 0 0 0.972367

7
1 0 5926 0.883738
2 2 3352 1.01531
4 0 0 0.980188
5 0 0 0.925892
3 2 3470 0.856659
6 0 0 0.963397
7 0 0 0.973314

3
1 0 7087 0.956955
2 0 0 1.0092
3 0 0 0.92986

5
1 2 82 0.881879
2 2 61 1.02756
4 0 0 0.943713
5 0 0 1.14141
3 0 0 0.813195

3
1 1 2 0.933144
2 0 0 0.87253
3 0 0 0.901685

5
1 1 4 0.925736
2 0 0 0.96632
3 2 385 0.972677
6 0 0 0.868982
7 0 0 0.952291

7
1 1 1 0.893985
2 0 0 1.06269
3 0 4359 0.863823
6 0 3386 0.833788
12 0 0 0.882136
13 0 0 1.01672
7 0 0 0.903767

5
1 0 3702 0.970415
2 0 0 0.810079
3 0 8981 1.00664
6 0 0 0.93088
7 0 0 0.978326

5
1 0 4096 0.893974
2 0 0 0.886414
3 1 3 0.953926
6 0 0 1.02886
7 0 0 0.934746

3
1 2 318 0.903063
2 0 0 1.06248
3 0 0 0.8441

3
1 1 3 0.933011
2 0 0 1.0439
3 0 0 0.880274

3
1 2 3185 1.01926
2 0 0 1.00351
3 0 0 0.969618

3
1 0 4747 0.859616
2 0 0 0.84695
3 0 0 1.04288

3
1 1 2 0.807518
2 0 0 0.848929
3 0 0 0.919883

3
1 2 5248 0.810855
2 0 0 0.822572
3 0 0 0.865605

1
1 0 0 0.854392

1
1 0 0 0.821733

3
1 0 971 0.797474
2 0 0 0.968013
3 0 0 0.845183

3
1 2 4172 0.866926
2 0 0 0.891735
3 0 0 0.918561

5
1 0 487 0.813944
2 2 350 1.19323
4 0 0 0.892972
5 0 0 1.01913
3 0 0 0.78378

1
1 0 0 0.934289

3
1 2 3052 0.917097
2 0 0 0.983939
3 0 0 0.885823

1
1 0 0 0.824453

3
1 0 9483 0.783357
2 0 0 0.710775
3 0 0 1.10985

1
1 0 0 0.789652

3
1 2 259 0.834311
2 0 0 0.932367
3 0 0 0.933207

1
1 0 0 0.826982

3
1 0 6274 0.944849
2 0 0 0.826063
3 0 0 1.00617

3
1 0 954 0.872016
2 0 0 1.11077
3 0 0 0.886943

3
1 1 3 0.940088
2 0 0 0.914656
3 0 0 0.965247

3
1 1 2 0.903507
2 0 0 0.943701
3 0 0 0.941267

1
1 0 0 0.992409

1
1 0 0 0.835308

5
1 2 2510 0.937114
2 0 9798 0.90304
4 0 0 0.935643
5 0 0 0.908972
3 0 0 1.07938

3
1 1 4 0.850997
2 0 0 0.839207
3 0 0 0.98587

3
1 1 2 0.839516
2 0 0 0.859357
3 0 0 0.771958

3
1 0 93 0.810408
2 0 0 0.916643
3 0 0 0.882009

3
1 0 601 0.843406
2 0 0 0.897647
3 0 0 0.94079

3
1 0 763 0.849439
2 0 0 1.12578
3 0 0 0.783512

1
1 0 0 0.787477

1
1 0 0 0.800854

5
1 2 1458 0.867254
2 0 0 0.938152
3 0 7785 0.894828
6 0 0 0.933855
7 0 0 0.924808

5
1 0 9331 0.782812
2 0 0 0.791489
3 0 9344 0.919224
6 0 0 0.923477
7 0 0 0.953773

3
1 2 560 0.804916
2 0 0 0.916498
3 0 0 0.791705

3
1 2 291 0.826807
2 0 0 0.937549
3 0 0 0.868266

3
1 0 7122 0.967614
2 0 0 0.814964
3 0 0 0.88913

3
1 0 5774 0.844688
2 0 0 0.938915
3 0 0 0.986165

3
1 2 5356 0.821387
2 0 0 0.880378
3 0 0 0.937444

5
1 2 3045 0.999396
2 0 0 0.935946
3 2 5290 0.883128
6 0 0 0.950975
7 0 0 0.983

7
1 0 4514 0.917489
2 0 0 0.776617
3 0 4878 0.956603
6 1 4 1.05964
12 0 0 1.04107
13 0 0 1.03735
7 0 0 1.00999

3
1 0 5573 0.966766
2 0 0 0.99942
3 0 0 0.986322

5
1 0 1313 0.878636
2 2 2771 1.00325
4 0 0 0.890562
5 0 0 1.01059
3 0 0 0.766885

3
1 2 4655 0.859193
2 0 0 0.752771
3 0 0 0.9026

3
1 2 3056 0.862875
2 0 0 1.03049
3 0 0 0.871323

3
1 0 8905 0.943195
2 0 0 0.914504
3 0 0 0.890601

7
1 1 2 0.892709
2 0 5430 1.02249
4 0 0 1.03619
5 0 0 1.022
3 1 3 0.900877
6 0 0 0.900278
7 0 0 0.890104

3
1 0 3323 0.883199
2 0 0 0.882215
3 0 0 0.884724

7
1 0 84 0.769295
2 1 3 1.0191
4 2 851 0.884825
8 0 0 0.911711
9 0 0 1.06116
5 0 0 0.959156
3 0 0 0.676176

3
1 2 5380 0.782364
2 0 0 0.824104
3 0 0 0.997436

3
1 1 1 0.876405
2 0 0 0.929847
3 0 0 0.863877

5
1 0 8702 0.92867
2 0 0 0.862249
3 1 1 1.0361
6 0 0 1.0724
7 0 0 1.10628

3
1 0 4146 0.927347
2 0 0 0.937811
3 0 0 0.965214

3
1 0 114 0.821057
2 0 0 0.991558
3 0 0 0.793285

3
1 0 9914 0.909242
2 0 0 0.922658
3 0 0 1.05295

3
1 2 2696 0.879137
2 0 0 0.976958
3 0 0 0.891951

3
1 2 417 0.769146
2 0 0 0.948825
3 0 0 0.723875

3
1 0 9433 0.736219
2 0 0 0.786776
3 0 0 1.12233

3
1 2 1231 0.785021
2 0 0 0.901886
3 0 0 0.775079

3
1 0 9492 0.783774
2 0 0 0.783344
3 0 0 1.05

5
1 2 512 0.851616
2 2 47 0.764908
4 0 0 0.99483
5 0 0 0.800933
3 0 0 0.827828

3
1 0 4387 0.925876
2 0 0 0.895647
3 0 0 0.963517

3
1 0 281 0.738816
2 0 0 0.983901
3 0 0 0.701111

9
1 2 4568 0.921891
2 1 3 0.960003
4 2 104 1.06426
8 0 0 0.923922
9 1 1 1.05026
18 0 0 0.981406
19 0 0 0.977647
5 0 0 0.915239
3 0 0 0.960672

1
1 0 0 0.928265

3
1 0 64 0.775052
2 0 0 1.04073
3 0 0 0.830043

5
1 1 4 0.864281
2 0 0 0.928896
3 0 7932 1.03464
6 0 0 0.92406
7 0 0 1.0863

3
1 2 131 0.768332
2 0 0 0.973137
3 0 0 0.724485

3
1 1 1 0.870257
2 0 0 1.03127
3 0 0 0.927264

3
1 0 3621 0.825394
2 0 0 0.751667
3 0 0 0.866802

3
1 2 3527 0.817197
2 0 0 0.929501
3 0 0 1.03193

1
1 0 0 0.820395

3
1 1 1 0.855773
2 0 0 0.895245
3 0 0 0.86721

5
1 2 1118 0.932391
2 2 401 0.962296
4 0 0 0.966238
5 0 0 0.984138
3 0 0 0.852171

5
1 0 9932 0.836376
2 0 76 0.854652
4 0 0 1.0723
5 0 0 0.865956
3 0 0 0.983783

3
1 0 8081 0.957163
2 0 0 0.862875
3 0 0 0.949011

3
1 0 2321 0.944365
2 0 0 0.926784
3 0 0 0.99324

3
1 1 1 0.887424
2 0 0 0.962417
3 0 0 0.889707

3
1 2 5134 1.03622
2 0 0 0.982356
3 0 0 0.982415

3
1 1 4 0.881724
2 0 0 1.06914
3 0 0 0.892406

3
1 0 8012 0.826827
2 0 0 0.835561
3 0 0 0.939566

1
1 0 0 0.839291

3
1 2 296 0.868277
2 0 0 0.903237
3 0 0 0.878234

3
1 1 1 0.887692
2 0 0 0.862778
3 0 0 0.989633

3
1 0 4986 0.967267
2 0 0 0.915694
3 0 0 1.05279

7
1 0 3184 0.928702
2 0 0 0.929639
3 0 6130 0.938888
6 0 0 0.992874
7 1 4 0.890585
14 0 0 0.898456
15 0 0 1.12647

3
1 0 8472 0.969754
2 0 0 0.950214
3 0 0 0.982972

3
1 0 6304 0.896437
2 0 0 0.904942
3 0 0 0.88643

3
1 0 4409 0.945298
2 0 0 0.83777
3 0 0 1.0624

3
1 2 3406 0.848355
2 0 0 0.895955
3 0 0 0.88635

5
1 1 3 0.848357
2 0 0 0.846638
3 0 8073 0.957395
6 0 0 1.01157
7 0 0 0.907787

1
1 0 0 0.856292

3
1 0 9215 0.799403
2 0 0 0.766831
3 0 0 1.02537

9
1 1 1 0.828702
2 2 3266 1.00841
4 2 1270 1.0247
8 0 0 1.06322
9 0 0 1.11135
5 0 0 0.951601
3 2 606 0.942011
6 0 0 1.00922
7 0 0 0.961286

5
1 0 5435 1.0288
2 1 4 0.844998
4 0 0 0.775439
5 0 0 0.948496
3 0 0 1.03431

5
1 0 4345 0.889773
2 2 861 0.837814
4 0 0 0.914696
5 0 0 0.777792
3 0 0 0.900624

3
1 2 5033 0.917175
2 0 0 0.859532
3 0 0 0.900322

3
1 1 2 0.929574
2 0 0 0.948787
3 0 0 0.866631

5
1 2 3398 0.914568
2 2 2737 0.985672
4 0 0 0.920441
5 0 0 1.1824
3 0 0 0.957126

3
1 0 3395 0.852438
2 0 0 0.719057
3 0 0 0.935478

1
1 0 0 0.754467

3
1 0 6508 0.878395
2 0 0 0.886295
3 0 0 1.02972

5
1 0 4436 0.9605
2 0 583 0.858159
4 0 0 0.93249
5 0 0 0.888206
3 0 0 0.973079

3
1 1 4 0.846424
2 0 0 0.895315
3 0 0 0.966228

3
1 0 6935 0.891691
2 0 0 0.859438
3 0 0 1.06614

3
1 1 4 0.926365
2 0 0 0.80987
3 0 0 0.979186

3
1 2 1518 1.01659
2 0 0 0.993976
3 0 0 0.986269

3
1 0 421 0.902282
2 0 0 0.967975
3 0 0 0.82555

3
1 0 3402 0.912388
2 0 0 1.0368
3 0 0 1.01024

3
1 1 2 0.866235
2 0 0 0.992622
3 0 0 0.86203

3
1 0 9932 0.824251
2 0 0 0.823551
3 0 0 0.896675

3
1 2 2884 0.927403
2 0 0 0.946572
3 0 0 0.932735

3
1 0 509 0.835213
2 0 0 0.989472
3 0 0 0.821315

5
1 0 8913 0.838233
2 0 0 0.903884
3 2 3702 0.986682
6 0 0 1.01207
7 0 0 1.06725

1
1 0 0 0.839905

1
1 0 0 0.768628

1
1 0 0 0.794681

3
1 0 296 0.871327
2 0 0 0.962183
3 0 0 0.929681

3
1 2 689 0.832848
2 0 0 1.05072
3 0 0 0.856307

1
1 0 0 0.854738

5
1 1 2 1.01055
2 0 0 0.974481
3 2 2031 1.03571
6 0 0 0.92256
7 0 0 0.977732

5
1 0 1488 0.921773
2 0 0 1.10439
3 1 4 0.913057
6 0 0 0.878899
7 0 0 0.956494

3
1 0 9912 0.859362
2 0 0 0.785888
3 0 0 1.04011

7
1 2 1713 0.903154
2 0 8507 1.06273
4 0 0 1.0028
5 0 0 1.03102
3 0 432 0.926316
6 0 0 1.07894
7 0 0 0.891198

3
1 2 507 0.918957
2 0 0 0.937291
3 0 0 0.943118

7
1 0 9447 0.864767
2 0 0 0.840446
3 0 9799 1.05699
6 0 0 1.04047
7 0 9941 1.12093
14 0 0 0.953803
15 0 0 0.867714

1
1 0 0 0.89248

5
1 1 4 0.846664
2 1 3 0.863314
4 0 0 0.912153
5 0 0 1.03965
3 0 0 0.942199

1
1 0 0 0.811199

1
1 0 0 0.801151

3
1 2 369 0.932974
2 0 0 1.00422
3 0 0 0.921763

5
1 2 40 0.785933
2 2 33 0.989863
4 0 0 1.03413
5 0 0 1.0648
3 0 0 0.810805

5
1 0 868 0.957052
2 2 1290 0.98227
4 0 0 0.900918
5 0 0 1.07726
3 0 0 0.895182

5
1 0 9908 0.873011
2 0 0 0.87757
3 0 9921 1.08295
6 0 0 0.921613
7 0 0 0.900534

3
1 0 524 0.8373
2 0 0 0.959151
3 0 0 0.927776

5
1 2 4997 0.923324
2 1 2 0.964828
4 0 0 1.00196
5 0 0 0.955415
3 0 0 0.942215

3
1 0 1042 0.82784
2 0 0 0.964902
3 0 0 0.808141

1
1 0 0 0.760981

3
1 1 4 0.904512
2 0 0 0.947508
3 0 0 0.999229

7
1 1 4 0.891185
2 1 3 0.88535
4 0 0 0.851219
5 0 0 0.988575
3 2 573 1.00095
6 0 0 0.981091
7 0 0 0.983305

3
1 0 289 0.781126
2 0 0 1.17138
3 0 0 0.830395

3
1 0 4765 0.895576
2 0 0 0.800831
3 0 0 1.06643

3
1 0 9799 0.783079
2 0 0 0.795134
3 0 0 1.06398

3
1 0 6842 0.876697
2 0 0 0.94451
3 0 0 1.06421

3
1 0 951 0.873546
2 0 0 0.970594
3 0 0 0.829757

3
1 2 1633 0.904977
2 0 0 0.893356
3 0 0 0.866605

3
1 0 9868 0.849424
2 0 0 0.792085
3 0 0 0.917596

5
1 0 9812 0.96933
2 1 1 0.925246
4 0 0 1.00482
5 0 0 0.817995
3 0 0 0.960574

3
1 1 3 0.903152
2 0 0 0.897418
3 0 0 0.969461

3
1 2 246 0.798698
2 0 0 1.04001
3 0 0 0.847244

3
1 0 1637 0.882056
2 0 0 0.97498
3 0 0 0.854483

3
1 0 9977 0.831766
2 0 0 0.843453
3 0 0 1.06118

3
1 2 2311 0.87016
2 0 0 0.988446
3 0 0 0.838832

3
1 0 8144 0.870709
2 0 0 0.801672
3 0 0 0.887314

3
1 0 9494 0.939627
2 0 0 0.788868
3 0 0 1.04434

1
1 0 0 0.832831

3
1 2 5113 0.850853
2 0 0 0.879975
3 0 0 0.973243

1
1 0 0 0.85671

3
1 2 5198 0.82315
2 0 0 0.770344
3 0 0 1.01502

3
1 2 104 0.756085
2 0 0 1.06044
3 0 0 0.775519

3
1 0 1010 0.931591
2 0 0 0.893939
3 0 0 0.940594

3
1 0 7690 0.869462
2 0 0 0.859453
3 0 0 0.948425

3
1 0 6747 0.804356
2 0 0 0.771454
3 0 0 0.836628

3
1 1 4 0.927692
2 0 0 0.893575
3 0 0 1.08909

3
1 1 4 0.856977
2 0 0 0.756753
3 0 0 1.12536

5
1 1 4 0.944083
2 0 0 0.983119
3 2 128 0.968606
6 0 0 1.05084
7 0 0 0.910265

5
1 0 653 0.881388
2 0 48 1.03633
4 0 0 0.912507
5 0 0 1.07534
3 0 0 0.729954

1
1 0 0 0.805171

3
1 2 4957 0.78711
2 0 0 0.74367
3 0 0 0.851648

3
1 1 4 0.868995
2 0 0 0.926969
3 0 0 0.907279

3
1 2 4081 0.955939
2 0 0 0.919695
3 0 0 0.903288

3
1 0 3725 0.952847
2 0 0 0.97257
3 0 0 1.03763

1
1 0 0 0.875023

3
1 0 3514 0.888674
2 0 0 0.891759
3 0 0 0.874356

1
1 0 0 0.814448

3
1 0 2085 0.876097
2 0 0 0.888444
3 0 0 0.74729

3
1 2 1986 0.895035
2 0 0 0.945064
3 0 0 0.879809

11
1 0 817 0.890996
2 0 0 0.971628
3 0 4412 0.879486
6 0 0 0.827613
7 0 7310 1.00535
14 0 0 1.06293
15 0 7869 0.972371
30 2 3509 0.9931
60 0 0 0.965474
61 0 0 1.00851
31 0 0 0.961325

3
1 0 5875 0.821087
2 0 0 0.789303
3 0 0 0.990472

3
1 1 3 0.989582
2 0 0 0.930603
3 0 0 1.03331

3
1 2 1216 0.832988
2 0 0 0.908386
3 0 0 0.826128

3
1 2 1050 0.912677
2 0 0 0.948216
3 0 0 0.851535

3
1 1 3 0.864609
2 0 0 0.85823
3 0 0 0.92522

5
1 0 9289 0.890238
2 2 470 0.879011
4 0 0 1.05863
5 0 0 0.88685
3 0 0 1.03436

5
1 0 9010 0.903324
2 0 0 0.826025
3 1 3 1.02412
6 0 0 1.04777
7 0 0 1.00965

5
1 0 5048 0.867908
2 0 1568 0.914217
4 0 0 0.934914
5 0 0 0.866124
3 0 0 0.969681

1
1 0 0 0.86885

5
1 0 5973 0.970401
2 0 4094 0.937568
4 0 0 0.82921
5 0 0 1.04531
3 0 0 0.989012

11
1 1 4 0.879879
2 0 3431 1.04714
4 0 0 0.959155
5 2 4221 0.926483
10 0 0 0.979645
11 0 0 0.8797
3 0 5514 1.0328
6 2 4107 1.00035
12 0 0 0.97048
13 0 0 0.924934
7 0 0 0.950669

5
1 1 3 0.946096
2 2 1698 0.976837
4 0 0 0.85871
5 0 0 1.01961
3 0 0 0.948596

3
1 0 9424 0.807888
2 0 0 0.837088
3 0 0 1.01694

3
1 2 18 0.907196
2 0 0 1.07803
3 0 0 0.887688

3
1 1 1 0.897521
2 0 0 0.954098
3 0 0 1.04291

3
1 2 1005 0.857978
2 0 0 1.06445
3 0 0 0.875062

5
1 2 664 0.917804
2 0 136 0.942063
4 0 0 1.02069
5 0 0 1.00443
3 0 0 0.937213

3
1 2 2755 0.951929
2 0 0 0.867444
3 0 0 0.953719

5
1 1 4 0.926249
2 0 0 0.977172
3 0 3873 0.905238
6 0 0 1.06894
7 0 0 0.962184

5
1 0 4064 0.936278
2 0 730 0.962753
4 0 0 0.982336
5 0 0 0.936419
3 0 0 0.912279

3
1 0 9911 0.981179
2 0 0 0.83918
3 0 0 0.982119

1
1 0 0 0.902583

7
1 0 352 0.947538
2 0 116 0.977411
4 0 36 0.974798
8 0 0 1.06234
9 0 0 0.848671
5 0 0 0.978841
3 0 0 0.93596

3
1 0 959 0.762837
2 0 0 1.03047
3 0 0 0.861575

1
1 0 0 0.919954

1
1 0 0 0.824798

3
1 0 7406 0.904646
2 0 0 0.971141
3 0 0 0.955024

1
1 0 0 0.783362

3
1 0 8518 0.935117
2 0 0 0.848443
3 0 0 0.93771

5
1 0 1393 0.88175
2 0 0 1.07699
3 0 9533 0.898005
6 0 0 0.924191
7 0 0 1.03783

7
1 0 3402 0.912388
2 0 0 0.793309
3 1 1 0.959208
6 2 4000 1.03178
12 0 0 0.957905
13 0 0 0.934548
7 0 0 0.875512

3
1 1 2 0.866242
2 0 0 0.982688
3 0 0 0.884372

5
1 0 3012 1.03144
2 2 58 0.815944
4 0 0 1.03888
5 0 0 0.855463
3 0 0 1.00384

3
1 1 3 0.909692
2 0 0 0.933321
3 0 0 0.913432

1
1 0 0 0.858655

3
1 0 8913 0.838233
2 0 0 0.865166
3 0 0 1.03642

3
1 0 9408 0.828587
2 0 0 0.904025
3 0 0 0.879805

3
1 0 1751 0.928584
2 0 0 1.00624
3 0 0 0.806314

1
1 0 0 0.902632

3
1 0 31 0.794089
2 0 0 1.03939
3 0 0 0.729772

3
1 0 1390 0.898483
2 0 0 0.940617
3 0 0 0.858338

3
1 1 3 0.889525
2 0 0 0.941809
3 0 0 0.899705

3
1 2 3218 1.03879
2 0 0 0.996478
3 0 0 0.935726

1
1 0 0 0.83954

3
1 0 9368 0.824803
2 0 0 0.821176
3 0 0 0.989204

3
1 0 5788 0.859638
2 0 0 0.746842
3 0 0 0.991924

3
1 1 1 0.92285
2 0 0 0.919335
3 0 0 0.855642

3
1 0 7884 0.899373
2 0 0 0.823872
3 0 0 1.00437

5
1 0 2743 0.899244
2 0 1544 0.917501
4 0 0 1.18367
5 0 0 0.848869
3 0 0 0.979323

5
1 0 4034 0.929206
2 0 0 0.864495
3 2 4691 1.00592
6 0 0 1.01133
7 0 0 0.912642

3
1 2 189 0.795543
2 0 0 1.05123
3 0 0 0.80073

3
1 1 1 0.972476
2 0 0 0.942238
3 0 0 1.001

3
1 0 9729 0.866465
2 0 0 0.814482
3 0 0 0.944949

3
1 2 952 0.884993
2 0 0 0.99662
3 0 0 0.861187

9
1 2 5129 0.923788
2 0 0 0.820098
3 2 5258 0.977291
6 0 3017 0.966023
12 0 0 0.954575
13 0 0 1.01432
7 0 7091 0.937535
14 0 0 0.987918
15 0 0 1.04394

5
1 1 4 0.95038
2 0 0 0.962135
3 0 9007 0.89064
6 0 0 0.938305
7 0 0 1.0454

3
1 0 9633 0.770659
2 0 0 0.720431
3 0 0 0.809552

5
1 0 5829 0.971392
2 0 3273 0.905394
4 0 0 0.85149
5 0 0 1.08008
3 0 0 1.03537

3
1 0 7192 0.902104
2 0 0 0.88506
3 0 0 0.941109

3
1 1 2 0.819828
2 0 0 0.900945
3 0 0 0.812182

3
1 1 4 0.904512
2 0 0 0.943777
3 0 0 0.975911

3
1 0 5017 0.882063
2 0 0 0.942058
3 0 0 1.04257

3
1 0 3993 0.822242
2 0 0 0.833886
3 0 0 0.96625

3
1 2 273 0.822706
2 0 0 1.07884
3 0 0 0.834261

1
1 0 0 0.752536

3
1 0 1013 0.900314
2 0 0 0.97518
3 0 0 0.793745

3
1 0 9516 0.882847
2 0 0 0.910717
3 0 0 1.10524

3
1 1 4 0.913087
2 0 0 0.954861
3 0 0 0.924267

3
1 2 3681 0.887497
2 0 0 0.892327
3 0 0 0.985986

3
1 2 5396 0.744536
2 0 0 0.78461
3 0 0 0.958629

5
1 1 4 0.912381
2 0 762 0.943159
4 0 0 1.01274
5 0 0 0.887738
3 0 0 0.95704

3
1 0 9204 0.844317
2 0 0 0.809125
3 0 0 1.07298

5
1 0 1294 0.907254
2 0 258 0.960315
4 0 0 0.953901
5 0 0 1.00155
3 0 0 0.845725

3
1 0 9338 0.773832
2 0 0 0.709332
3 0 0 1.02828

3
1 2 5236 0.899679
2 0 0 0.869083
3 0 0 1.0543

3
1 1 1 0.938771
2 0 0 1.11835
3 0 0 1.01265

3
1 0 9879 0.874006
2 0 0 0.83213
3 0 0 1.03685

3
1 0 9738 0.931179
2 0 0 0.910783
3 0 0 0.94818

5
1 1 4 0.870635
2 0 0 0.806181
3 2 4878 0.919536
6 0 0 1.03814
7 0 0 0.994475

1
1 0 0 0.773852

7
1 2 971 0.771979
2 0 9802 0.948702
4 0 0 0.883277
5 1 3 0.900351
10 0 0 0.936796
11 0 0 1.06779
3 0 0 0.863916

3
1 0 159 0.827693
2 0 0 1.05699
3 0 0 0.762813

1
1 0 0 0.781872

3
1 1 4 0.836283
2 0 0 0.832658
3 0 0 0.8073

3
1 2 938 0.883497
2 0 0 0.954129
3 0 0 0.830819

3
1 2 5371 0.910161
2 0 0 0.913249
3 0 0 0.940931

1
1 0 0 0.816109

7
1 2 4893 0.876162
2 0 5153 0.959601
4 2 1673 0.976544
8 0 0 0.974208
9 0 0 1.01066
5 0 0 0.977838
3 0 0 0.934358

1
1 0 0 0.802065

5
1 2 245 0.91214
2 1 4 1.13042
4 0 0 1.12273
5 0 0 1.02517
3 0 0 0.8195

5
1 0 7869 0.856843
2 0 0 0.858027
3 1 1 1.09036
6 0 0 0.860824
7 0 0 1.10468

3
1 1 3 0.984024
2 0 0 0.968994
3 0 0 0.92435

3
1 1 1 0.879719
2 0 0 0.898261
3 0 0 0.853594

3
1 0 4530 0.946972
2 0 0 0.844321
3 0 0 0.992773

3
1 2 5168 0.807929
2 0 0 0.891375
3 0 0 0.969161

1
1 0 0 0.739994

3
1 0 8869 0.836519
2 0 0 0.868322
3 0 0 0.870817

3
1 0 1043 0.784094
2 0 0 0.964267
3 0 0 0.74443

1
1 0 0 0.808998

3
1 0 5256 0.890491
2 0 0 0.813512
3 0 0 0.910928

5
1 0 7508 0.935732
2 0 0 0.967104
3 1 2 0.964785
6 0 0 0.935921
7 0 0 1.05531

3
1 0 2271 0.90918
2 0 0 0.903696
3 0 0 0.852835

3
1 2 772 0.900001
2 0 0 0.941913
3 0 0 0.910394

3
1 0 8817 0.850372
2 0 0 0.889201
3 0 0 0.906022

3
1 2 5260 0.896151
2 0 0 0.85798
3 0 0 1.05679

3
1 2 503 0.928796
2 0 0 1.13945
3 0 0 0.873244

5
1 0 1088 0.841853
2 0 722 1.09018
4 0 0 1.07814
5 0 0 1.01252
3 0 0 0.872

3
1 2 5396 0.914047
2 0 0 0.920914
3 0 0 1.04685

3
1 0 9911 0.759984
2 0 0 0.859178
3 0 0 1.06553

1
1 0 0 0.825354

3
1 1 3 0.873026
2 0 0 0.857424
3 0 0 1.01838

1
1 0 0 0.872847

1
1 0 0 0.825887

3
1 0 5207 0.823362
2 0 0 0.908736
3 0 0 1.00083

5
1 0 7918 0.932515
2 2 5142 0.961957
4 0 0 0.907825
5 0 0 1.03904
3 0 0 1.05789

1
1 0 0 0.901005

5
1 2 4249 0.854342
2 0 0 0.852824
3 0 140 0.943322
6 0 0 1.01928
7 0 0 1.00217

7
1 0 5353 0.898298
2 0 4114 0.895391
4 0 0 0.817671
5 1 3 0.951206
10 0 0 0.974176
11 0 0 1.06289
3 0 0 0.97199

7
1 0 6247 0.928508
2 0 406 0.768636
4 2 2700 0.872824
8 0 0 1.02383
9 0 0 0.967676
5 0 0 0.707763
3 0 0 0.915269

5
1 1 1 0.982914
2 0 5335 1.01399
4 0 0 0.900651
5 0 0 0.958586
3 0 0 0.891952

3
1 0 5111 0.928483
2 0 0 0.938709
3 0 0 1.19629

3
1 0 3118 0.89626
2 0 0 0.857518
3 0 0 1.06541

3
1 0 1121 0.956844
2 0 0 0.862198
3 0 0 0.909269

3
1 1 1 0.885419
2 0 0 0.942542
3 0 0 0.923602

5
1 0 5414 0.870798
2 0 0 0.87273
3 0 9897 0.869668
6 0 0 0.81479
7 0 0 1.01322

3
1 1 1 0.928627
2 0 0 0.926672
3 0 0 0.94849

5
1 0 163 0.827389
2 0 0 0.878563
3 1 4 0.842334
6 0 0 0.885594
7 0 0 0.8412

3
1 2 3963 0.903589
2 0 0 0.952077
3 0 0 0.837256

3
1 0 9549 0.821013
2 0 0 0.86866
3 0 0 1.03492

3
1 0 8990 0.806849
2 0 0 0.6668
3 0 0 0.935034

3
1 1 1 0.89371
2 0 0 0.937269
3 0 0 0.939898

3
1 2 2612 0.84109
2 0 0 0.945805
3 0 0 0.836543

1
1 0 0 0.941378

1
1 0 0 0.912058

3
1 1 1 0.865998
2 0 0 0.99702
3 0 0 1.00296

3
1 0 9546 0.944697
2 0 0 0.925978
3 0 0 1.10489

3
1 0 7772 0.932874
2 0 0 0.916125
3 0 0 0.900758

1
1 0 0 0.896205

3
1 1 4 0.879285
2 0 0 0.873638
3 0 0 0.89768

3
1 2 112 0.851385
2 0 0 0.981696
3 0 0 0.88419

3
1 0 1135 0.781231
2 0 0 0.957386
3 0 0 0.823696

7
1 0 9709 0.798987
2 0 0 0.844587
3 0 9808 0.94595
6 0 0 1.00324
7 2 4562 0.9908
14 0 0 1.02473
15 0 0 0.985217

3
1 1 4 0.921
2 0 0 0.924905
3 0 0 0.896146

5
1 1 4 0.895557
2 0 0 0.887136
3 0 5326 0.931273
6 0 0 0.95947
7 0 0 1.01573

5
1 0 243 0.920682
2 2 393 0.91807
4 0 0 1.02183
5 0 0 0.948646
3 0 0 0.86657

5
1 1 4 0.925913
2 0 0 0.860161
3 0 349 1.01965
6 0 0 1.07373
7 0 0 1.05095

5
1 0 5920 0.888248
2 0 0 0.784618
3 2 115 0.948579
6 0 0 0.870211
7 0 0 0.947825

3
1 0 2799 0.883714
2 0 0 0.836045
3 0 0 0.911321

3
1 2 2599 0.882933
2 0 0 0.967842
3 0 0 0.931207

3
1 0 8468 0.936275
2 0 0 0.940593
3 0 0 0.959942

3
1 0 6244 0.873926
2 0 0 0.846063
3 0 0 0.891456

3
1 2 5197 0.836479
2 0 0 0.797308
3 0 0 0.97243

1
1 0 0 0.819312

3
1 2 1139 0.922659
2 0 0 0.91185
3 0 0 0.851721

1
1 0 0 0.83082

9
1 0 5996 0.828025
2 0 0 0.877556
3 0 9857 1.02868
6 1 1 0.959419
12 0 6092 0.906404
24 0 0 0.89164
25 0 0 0.92996
13 0 0 0.933005
7 0 0 0.956093

1
1 0 0 0.718391

3
1 0 9848 0.941777
2 0 0 0.901706
3 0 0 0.974501

3
1 0 4054 0.92223
2 0 0 0.874443
3 0 0 0.952722

3
1 1 2 0.888105
2 0 0 1.07593
3 0 0 0.894342

7
1 0 3615 0.907685
2 0 1678 0.903724
4 0 0 1.15503
5 0 0 0.96313
3 2 3804 1.00036
6 0 0 1.13446
7 0 0 1.00812

3
1 2 1600 0.847409
2 0 0 1.004
3 0 0 0.865556

3
1 0 4259 0.95725
2 0 0 0.78005
3 0 0 0.96657

3
1 2 156 0.996653
2 0 0 1.04113
3 0 0 0.898111

3
1 2 3216 0.988212
2 0 0 0.931144
3 0 0 0.83771

3
1 0 6010 0.942419
2 0 0 0.855516
3 0 0 0.937683

3
1 1 1 0.887474
2 0 0 0.961642
3 0 0 0.988911

3
1 2 1559 0.891648
2 0 0 0.925702
3 0 0 0.896391

3
1 2 4049 0.924704
2 0 0 0.941722
3 0 0 0.918662

1
1 0 0 0.909343

1
1 0 0 0.824096

3
1 0 3491 0.815587
2 0 0 0.788624
3 0 0 1.07083

3
1 0 9409 0.72674
2 0 0 0.707983
3 0 0 0.954715

3
1 0 6217 0.880626
2 0 0 0.821215
3 0 0 1.13583

9
1 0 7953 0.775682
2 0 325 0.786467
4 1 4 0.955893
8 0 0 0.885369
9 2 611 0.974995
18 0 0 0.869501
19 0 0 1.06409
5 0 0 0.838152
3 0 0 0.843583

3
1 2 538 0.814916
2 0 0 0.994264
3 0 0 0.741452

5
1 0 4100 0.938067
2 0 0 0.894675
3 2 5361 0.92832
6 0 0 0.963981
7 0 0 0.958013

3
1 0 957 0.900048
2 0 0 1.05688
3 0 0 0.831589

3
1 2 4235 0.889309
2 0 0 0.933386
3 0 0 0.918703

3
1 0 1462 0.797111
2 0 0 0.990027
3 0 0 0.756611

3
1 0 9470 0.842051
2 0 0 0.907349
3 0 0 1.06608

3
1 0 443 0.781353
2 0 0 0.981341
3 0 0 0.802239

3
1 2 710 0.885054
2 0 0 1.03183
3 0 0 0.88311

5
1 0 193 0.799167
2 2 3724 0.917594
4 0 0 0.969508
5 0 0 1.07251
3 0 0 0.842563

3
1 0 1281 0.849007
2 0 0 1.03627
3 0 0 0.801016

5
1 0 4828 0.870446
2 0 0 0.733043
3 2 2359 0.900784
6 0 0 0.955986
7 0 0 0.890001

3
1 0 7512 0.924719
2 0 0 0.915145
3 0 0 0.926109

1
1 0 0 0.810902

3
1 2 687 0.861869
2 0 0 0.91883
3 0 0 0.852797

1
1 0 0 0.674812

3
1 2 2149 0.955052
2 0 0 1.01417
3 0 0 0.913324

3
1 0 3818 0.883865
2 0 0 0.856607
3 0 0 0.98157

1
1 0 0 0.825352

3
1 0 4530 0.946972
2 0 0 0.763153
3 0 0 0.954399

3
1 1 4 0.934205
2 0 0 0.924807
3 0 0 0.956934

3
1 0 9738 0.741252
2 0 0 0.767676
3 0 0 1.04755

3
1 2 2034 0.918209
2 0 0 0.88307
3 0 0 0.943082

1
1 0 0 0.812795

3
1 2 5282 0.905122
2 0 0 0.908078
3 0 0 0.902242

3
1 2 830 0.93466
2 0 0 0.986991
3 0 0 0.921354

3
1 0 9426 0.774619
2 0 0 0.803472
3 0 0 0.967288

3
1 0 372 0.857295
2 0 0 0.993805
3 0 0 0.928283

1
1 0 0 0.795091

1
1 0 0 0.827665

3
1 1 3 0.81595
2 0 0 0.852887
3 0 0 0.857304

1
1 0 0 0.822094

3
1 2 3058 0.889195
2 0 0 0.942737
3 0 0 0.909071

3
1 0 9837 0.941043
2 0 0 0.790102
3 0 0 0.94309

3
1 0 7914 0.979587
2 0 0 0.96712
3 0 0 0.887444

1
1 0 0 0.889027

3
1 1 3 0.853573
2 0 0 0.934732
3 0 0 0.888034

1
1 0 0 0.764751

3
1 0 9031 0.905529
2 0 0 0.898349
3 0 0 0.991145

3
1 2 85 0.886458
2 0 0 1.04064
3 0 0 1.02332

3
1 1 3 0.915312
2 0 0 0.889018
3 0 0 0.911006

3
1 1 1 0.829127
2 0 0 1.0172
3 0 0 0.92333

3
1 1 1 0.953522
2 0 0 0.981116
3 0 0 0.755393

3
1 1 1 0.914542
2 0 0 0.96327
3 0 0 0.983599

3
1 0 9232 0.885571
2 0 0 0.742644
3 0 0 0.958087

7
1 1 1 0.880651
2 0 1784 0.967079
4 0 0 1.00235
5 0 0 0.96371
3 1 2 0.959813
6 0 0 1.03098
7 0 0 0.905666

3
1 0 5520 0.886566
2 0 0 0.9202
3 0 0 1.00217

3
1 0 1184 0.911611
2 0 0 1.07811
3 0 0 0.826142

3
1 2 307 0.894607
2 0 0 1.02119
3 0 0 0.854452

3
1 0 4750 0.963723
2 0 0 0.906623
3 0 0 0.969449

5
1 0 644 0.899476
2 2 351 0.992644
4 0 0 1.0582
5 0 0 0.96498
3 0 0 0.817392

1
1 0 0 0.85909

3
1 0 9119 0.906761
2 0 0 0.928255
3 0 0 0.962165

3
1 0 336 0.961228
2 0 0 1.00797
3 0 0 0.915413

3
1 0 9042 0.949908
2 0 0 0.867874
3 0 0 1.04524

7
1 2 4236 0.907649
2 1 4 0.882307
4 0 0 1.05916
5 0 8503 1.0119
10 0 0 0.945458
11 0 0 0.976904
3 0 0 0.932346

1
1 0 0 0.981287

9
1 1 4 0.920984
2 0 0 0.867638
3 2 623 0.958993
6 2 375 1.00796
12 0 0 0.954901
13 2 427 1.03888
26 0 0 0.954885
27 0 0 0.90233
7 0 0 0.970915

3
1 0 9894 0.825169
2 0 0 0.920205
3 0 0 0.927137

5
1 2 5245 0.815872
2 0 0 0.866335
3 0 7928 0.982453
6 0 0 0.923388
7 0 0 1.05442

3
1 2 4861 0.826156
2 0 0 0.856393
3 0 0 0.975687

5
1 2 3160 0.912128
2 0 1705 0.964995
4 0 0 0.96667
5 0 0 1.01678
3 0 0 0.893986

3
1 0 8183 0.875311
2 0 0 0.89204
3 0 0 1.01883

3
1 0 4217 0.904662
2 0 0 0.784598
3 0 0 0.876183

1
1 0 0 0.850977

3
1 2 5219 0.915028
2 0 0 0.9386
3 0 0 1.00001

5
1 1 4 0.874436
2 0 0 0.806498
3 0 3420 0.946064
6 0 0 0.945627
7 0 0 0.95632

5
1 2 681 0.867811
2 2 616 0.968784
4 0 0 0.926768
5 0 0 1.08928
3 0 0 0.824707

5
1 2 376 0.882147
2 0 0 1.03705
3 0 3784 0.928252
6 0 0 0.837953
7 0 0 0.948697

5
1 0 3111 0.893822
2 2 232 0.918799
4 0 0 0.899679
5 0 0 0.892907
3 0 0 0.928897

9
1 2 3010 0.942131
2 0 2433 0.98356
4 0 0 1.01103
5 1 4 0.969316
10 0 0 0.992599
11 0 0 0.932249
3 1 2 0.867748
6 0 0 0.89057
7 0 0 1.01997

5
1 0 8982 0.938389
2 0 0 0.75968
3 0 9621 0.986892
6 0 0 0.890844
7 0 0 0.937672

3
1 0 3015 0.927974
2 0 0 0.792355
3 0 0 0.933741

3
1 0 4093 0.938784
2 0 0 0.900876
3 0 0 0.974022

3
1 0 2361 0.806045
2 0 0 0.82613
3 0 0 0.87615

3
1 0 4321 0.854783
2 0 0 0.815226
3 0 0 0.831398

3
1 0 5860 0.980279
2 0 0 0.974014
3 0 0 0.927998

3
1 0 74 0.808722
2 0 0 0.928527
3 0 0 0.948465

3
1 0 1693 0.787521
2 0 0 1.03767
3 0 0 0.883392

3
1 2 1047 0.801411
2 0 0 1.09133
3 0 0 0.821764

5
1 2 183 0.826267
2 0 251 0.987029
4 0 0 1.03421
5 0 0 1.10564
3 0 0 0.933939

5
1 1 1 0.913371
2 0 9387 0.908236
4 0 0 0.894237
5 0 0 1.06409
3 0 0 0.865749

3
1 2 4248 0.809677
2 0 0 0.780452
3 0 0 0.897537

3
1 1 4 0.861923
2 0 0 0.861819
3 0 0 0.858084

3
1 0 4054 0.92223
2 0 0 0.875483
3 0 0 0.973327

3
1 0 7819 0.841278
2 0 0 0.849748
3 0 0 1.04055

3
1 0 2044 0.905419
2 0 0 0.903295
3 0 0 0.872657

1
1 0 0 0.861422

5
1 2 5050 0.894001
2 0 17 0.83474
4 0 0 0.925404
5 0 0 0.850807
3 0 0 1.00366

5
1 0 3656 0.882185
2 0 0 0.89389
3 0 8167 1.03105
6 0 0 0.946522
7 0 0 1.0899

1
1 0 0 0.730074

3
1 2 1577 0.890791
2 0 0 0.981601
3 0 0 0.774263

3
1 1 4 0.952438
2 0 0 0.961579
3 0 0 0.929167

1
1 0 0 0.959548

1
1 0 0 0.834975

3
1 1 3 0.876888
2 0 0 0.935051
3 0 0 0.874691

3
1 0 8826 0.884548
2 0 0 0.780263
3 0 0 1.11565

3
1 0 3491 0.815587
2 0 0 0.848818
3 0 0 1.06784

5
1 1 3 0.947029
2 0 0 0.867247
3 2 2336 1.0171
6 0 0 1.05822
7 0 0 1.05078

3
1 0 7393 1.03825
2 0 0 0.949724
3 0 0 0.894514

3
1 0 8467 0.916779
2 0 0 0.944204
3 0 0 1.00721

5
1 2 112 0.744979
2 1 4 0.885763
4 0 0 0.972792
5 0 0 1.03544
3 0 0 0.823159

1
1 0 0 0.850011

1
1 0 0 0.865629

7
1 0 7110 0.874118
2 0 0 0.917581
3 2 981 1.07038
6 0 0 1.04445
7 0 7659 1.03443
14 0 0 1.06326
15 0 0 1.03616

3
1 2 303 0.879347
2 0 0 0.957058
3 0 0 0.856952

3
1 0 9112 0.888082
2 0 0 0.7821
3 0 0 0.946567

5
1 2 3214 0.917731
2 0 0 0.938077
3 0 9716 0.852021
6 0 0 0.817653
7 0 0 0.971337

5
1 0 9685 0.807845
2 0 0 0.946766
3 2 741 1.23424
6 0 0 0.931229
7 0 0 1.00112

3
1 0 1169 0.719947
2 0 0 0.989685
3 0 0 0.763078

1
1 0 0 0.8221

7
1 0 6525 0.876303
2 0 0 0.813784
3 0 7724 0.92612
6 0 0 0.930881
7 2 1055 0.979575
14 0 0 0.926654
15 0 0 0.991294

3
1 0 9380 0.821222
2 0 0 0.723006
3 0 0 1.03742

5
1 0 4607 0.847616
2 0 0 0.796038
3 1 3 0.963683
6 0 0 1.03927
7 0 0 1.08104

7
1 0 185 0.808653
2 0 46 1.05881
4 0 0 1.09809
5 0 0 0.93313
3 0 9211 0.878433
6 0 0 0.873752
7 0 0 0.910951

5
1 2 5358 0.761628
2 0 0 0.763703
3 1 4 0.977803
6 0 0 1.04186
7 0 0 1.01293

1
1 0 0 0.895957

5
1 0 3818 0.883865
2 0 0 0.855229
3 2 944 0.969666
6 0 0 1.04565
7 0 0 0.943029

1
1 0 0 0.871458

1
1 0 0 0.85273

3
1 0 6240 0.860447
2 0 0 0.874495
3 0 0 1.06176

3
1 0 407 0.803775
2 0 0 0.907677
3 0 0 0.808132

7
1 1 4 0.834028
2 0 0 0.766121
3 2 123 0.897447
6 0 0 0.973344
7 0 5344 0.907761
14 0 0 1.05168
15 0 0 1.02218

3
1 0 1099 0.783809
2 0 0 0.994644
3 0 0 0.885617

3
1 0 9896 0.742438
2 0 0 0.77522
3 0 0 1.07869

3
1 1 1 0.947519
2 0 0 0.926589
3 0 0 0.743455

7
1 2 3771 0.956385
2 0 0 0.961732
3 0 7876 0.95533
6 0 0 0.996714
7 0 9489 0.971301
14 0 0 0.970666
15 0 0 0.885877

1
1 0 0 0.90041

3
1 2 460 0.805689
2 0 0 1.05398
3 0 0 0.816465

5
1 2 438 0.909862
2 1 4 0.966605
4 0 0 0.940494
5 0 0 1.04827
3 0 0 0.889369

3
1 0 9326 0.842964
2 0 0 0.767628
3 0 0 0.988781

3
1 2 5361 0.875241
2 0 0 0.829951
3 0 0 1.03673

3
1 0 4078 0.934303
2 0 0 0.961169
3 0 0 0.870429

3
1 2 140 0.816748
2 0 0 1.04244
3 0 0 0.850134

3
1 0 2746 0.935503
2 0 0 0.887925
3 0 0 0.998618

3
1 2 44 0.790955
2 0 0 1.00773
3 0 0 0.804532

5
1 2 1354 0.914956
2 0 0 0.934067
3 1 2 0.919204
6 0 0 0.960006
7 0 0 0.873651

5
1 1 1 0.845977
2 0 0 1.1023
3 1 2 0.792477
6 0 0 0.991102
7 0 0 0.887631

3
1 0 1267 0.84594
2 0 0 0.959797
3 0 0 0.814805

3
1 0 1177 0.787507
2 0 0 0.922475
3 0 0 0.77599

3
1 0 670 0.77156
2 0 0 1.02323
3 0 0 0.918309

3
1 0 1762 0.860979
2 0 0 0.971316
3 0 0 0.799076

5
1 2 2115 0.969061
2 0 0 0.99863
3 2 4391 0.929883
6 0 0 1.03247
7 0 0 0.876514

3
1 0 4911 0.940393
2 0 0 0.878515
3 0 0 0.999565

1
1 0 0 0.933027

3
1 2 1473 0.825096
2 0 0 0.881544
3 0 0 0.811841

1
1 0 0 0.83456

5
1 0 8355 1.03082
2 0 0 0.967484
3 1 1 1.02789
6 0 0 1.03506
7 0 0 0.994097

1
1 0 0 0.796514

5
1 1 1 0.914505
2 0 4186 0.96504
4 0 0 0.891635
5 0 0 1.0266
3 0 0 0.896148

5
1 1 1 0.863276
2 2 950 0.873609
4 0 0 1.07323
5 0 0 0.820673
3 0 0 0.929172

3
1 2 387 0.811331
2 0 0 0.990609
3 0 0 0.78996

3
1 0 760 0.839444
2 0 0 1.07338
3 0 0 0.836518

5
1 2 2660 0.960362
2 2 1821 0.929841
4 0 0 0.920745
5 0 0 1.0612
3 0 0 0.90502

3
1 0 9042 0.949908
2 0 0 0.829858
3 0 0 1.00423

5
1 2 4875 0.96126
2 0 3604 0.985807
4 0 0 0.850711
5 0 0 0.959759
3 0 0 0.949963

3
1 1 2 0.875258
2 0 0 0.916793
3 0 0 0.864945

5
1 1 2 0.859648
2 2 262 0.933204
4 0 0 0.965504
5 0 0 0.858451
3 0 0 0.884572

1
1 0 0 1.02311

5
1 0 779 0.931584
2 2 2764 1.06279
4 0 0 1.01447
5 0 0 1.0146
3 0 0 0.875378

7
1 1 4 0.860768
2 0 0 0.883007
3 0 8739 0.929221
6 0 0 0.918534
7 2 2384 1.00663
14 0 0 0.889445
15 0 0 1.01243

5
1 0 1424 0.935559
2 0 0 0.890472
3 0 1503 0.994893
6 0 0 1.09848
7 0 0 0.984566

1
1 0 0 0.78321

5
1 0 8537 0.944031
2 1 1 0.972847
4 0 0 0.823142
5 0 0 0.930668
3 0 0 1.04824

3
1 2 1392 0.935011
2 0 0 0.997417
3 0 0 0.959911

3
1 2 2889 0.89257
2 0 0 0.881049
3 0 0 0.898989

3
1 0 6293 0.922756
2 0 0 0.804986
3 0 0 0.892125

3
1 0 8203 0.938484
2 0 0 0.87794
3 0 0 0.884416

5
1 0 1853 0.888472
2 0 0 0.975576
3 1 3 0.919238
6 0 0 1.0087
7 0 0 0.892249

3
1 1 4 0.835315
2 0 0 0.969379
3 0 0 0.995503

3
1 2 3958 0.927477
2 0 0 0.922914
3 0 0 0.942826

3
1 1 2 0.915939
2 0 0 0.971949
3 0 0 0.803923

7
1 2 1409 0.904295
2 1 4 0.906333
4 0 0 0.931952
5 0 0 0.876903
3 0 6296 0.881672
6 0 0 0.892429
7 0 0 0.984996

5
1 1 2 0.90635
2 0 0 0.805398
3 0 6968 0.942671
6 0 0 0.956816
7 0 0 1.00923

3
1 0 9205 0.85593
2 0 0 0.815104
3 0 0 0.990633

3
1 0 5265 0.862658
2 0 0 0.88235
3 0 0 1.03033

3
1 0 462 0.821818
2 0 0 1.05075
3 0 0 0.868098

7
1 1 4 0.85932
2 0 0 0.906011
3 2 346 0.929933
6 0 0 0.986712
7 2 1714 0.877927
14 0 0 0.930279
15 0 0 0.879795

1
1 0 0 0.835413

1
1 0 0 0.79348

3
1 1 2 0.881423
2 0 0 0.887034
3 0 0 0.889355

5
1 0 4599 0.902487
2 0 0 0.737822
3 0 6777 0.935807
6 0 0 0.884973
7 0 0 0.908997

5
1 2 1595 0.938875
2 0 0 0.957273
3 0 3522 0.961147
6 0 0 0.978219
7 0 0 1.08737

3
1 0 9522 0.854751
2 0 0 0.816018
3 0 0 0.919647

3
1 0 9674 0.919444
2 0 0 0.880669
3 0 0 1.02032

1
1 0 0 0.889152

5
1 2 2857 0.882347
2 0 0 0.990726
3 2 3664 0.888877
6 0 0 1.07489
7 0 0 0.910712

5
1 2 543 0.870531
2 0 0 1.02688
3 0 6416 0.895463
6 0 0 0.898868
7 0 0 0.79443

3
1 2 4768 0.877669
2 0 0 0.863442
3 0 0 1.12899

5
1 0 1574 0.886592
2 0 1123 0.952557
4 0 0 0.980655
5 0 0 0.929119
3 0 0 0.8311

1
1 0 0 0.730509

3
1 2 273 0.848559
2 0 0 0.860784
3 0 0 0.886891

3
1 2 2294 0.889576
2 0 0 0.869718
3 0 0 0.891176

7
1 0 1230 0.877817
2 0 0 1.04212
3 2 1708 0.850562
6 1 1 0.864947
12 0 0 1.0071
13 0 0 0.901967
7 0 0 0.829268

1
1 0 0 0.816229

3
1 0 1589 0.863691
2 0 0 0.957031
3 0 0 0.849881

3
1 2 2643 0.862817
2 0 0 0.984346
3 0 0 0.859497

1
1 0 0 0.724232

3
1 0 5416 0.848204
2 0 0 0.87232
3 0 0 0.930579

3
1 2 304 0.935104
2 0 0 1.03945
3 0 0 0.915797

1
1 0 0 0.836733

3
1 0 6590 0.882015
2 0 0 0.871269
3 0 0 0.966788

3
1 0 9609 0.897746
2 0 0 0.801949
3 0 0 0.977706

5
1 1 4 0.913312
2 0 0 0.965744
3 0 7532 1.01133
6 0 0 0.941653
7 0 0 1.1784

3
1 0 9627 0.922946
2 0 0 0.724841
3 0 0 1.01618

5
1 1 1 0.925956
2 2 1492 1.06653
4 0 0 1.12823
5 0 0 0.997245
3 0 0 0.920282

3
1 2 96 0.931074
2 0 0 0.955051
3 0 0 0.966587

5
1 2 2546 0.983667
2 1 2 0.976355
4 0 0 0.97901
5 0 0 0.919765
3 0 0 0.95308

3
1 0 5130 0.875239
2 0 0 0.796423
3 0 0 0.942931

1
1 0 0 0.963471

3
1 0 9536 0.924395
2 0 0 0.852097
3 0 0 1.06274

5
1 1 4 0.809636
2 0 0 0.827973
3 2 2627 1.00154
6 0 0 0.965295
7 0 0 1.1379

1
1 0 0 0.902003

3
1 2 2497 0.823546
2 0 0 0.880812
3 0 0 0.861241

5
1 0 1133 0.810565
2 2 3068 0.980583
4 0 0 0.973867
5 0 0 1.0679
3 0 0 0.682765

5
1 2 358 0.866098
2 0 8321 1.01936
4 0 0 1.10035
5 0 0 1.04925
3 0 0 0.873164

5
1 1 1 0.892895
2 0 6915 1.03224
4 0 0 1.06806
5 0 0 0.859238
3 0 0 0.899287

5
1 1 1 0.889468
2 0 0 1.01986
3 2 314 0.943254
6 0 0 0.985231
7 0 0 0.899559

5
1 0 8326 0.881318
2 0 0 0.855226
3 0 8404 0.974195
6 0 0 0.972644
7 0 0 0.97573

1
1 0 0 0.788061

3
1 2 2988 0.825332
2 0 0 0.843132
3 0 0 0.838877

3
1 0 9084 0.840099
2 0 0 0.746986
3 0 0 1.04595

3
1 0 2831 0.908972
2 0 0 0.689871
3 0 0 1.08532

3
1 2 855 0.858512
2 0 0 0.970401
3 0 0 0.887986

1
1 0 0 0.763724

3
1 0 8109 0.867444
2 0 0 0.836415
3 0 0 0.940436

1
1 0 0 0.825501

3
1 0 6636 0.881042
2 0 0 0.767615
3 0 0 0.996922

3
1 0 1081 0.840817
2 0 0 1.0836
3 0 0 0.842633

3
1 0 303 0.850787
2 0 0 0.986617
3 0 0 0.834226

5
1 1 4 0.890773
2 0 0 0.926028
3 0 5210 0.817892
6 0 0 0.975584
7 0 0 1.06229

3
1 0 3623 0.876892
2 0 0 0.819432
3 0 0 0.91361

1
1 0 0 0.829329

3
1 2 251 0.826684
2 0 0 0.988084
3 0 0 0.858816

3
1 2 4839 0.864869
2 0 0 0.813199
3 0 0 1.00561

3
1 1 3 0.894633
2 0 0 0.887808
3 0 0 0.919407

3
1 1 1 0.900044
2 0 0 0.911826
3 0 0 0.920296

3
1 0 3567 0.857006
2 0 0 0.719829
3 0 0 0.963935

3
1 0 9070 0.914553
2 0 0 0.809049
3 0 0 0.948504

9
1 2 1534 0.937654
2 0 0 0.926222
3 1 3 0.978057
6 0 0 0.914745
7 0 7724 0.98893
14 0 0 0.969705
15 2 1636 0.949211
30 0 0 0.853164
31 0 0 0.899038

3
1 0 2042 0.827513
2 0 0 0.961606
3 0 0 0.772678

3
1 0 6556 0.842874
2 0 0 0.935604
3 0 0 0.9457

3
1 2 3994 0.932107
2 0 0 0.963205
3 0 0 0.903418

1
1 0 0 0.879868

1
1 0 0 0.82155

3
1 1 3 0.932005
2 0 0 0.968624
3 0 0 0.907924

1
1 0 0 0.834703

3
1 0 4602 0.845023
2 0 0 0.81103
3 0 0 0.949263

5
1 1 1 0.883209
2 2 1438 0.922435
4 0 0 1.04004
5 0 0 0.956656
3 0 0 0.829071

3
1 1 2 0.922
2 0 0 0.997394
3 0 0 0.856434

3
1 0 4868 0.865738
2 0 0 0.74056
3 0 0 1.07

1
1 0 0 0.851725

5
1 0 7334 0.940161
2 2 3474 0.861455
4 0 0 0.887968
5 0 0 0.82314
3 0 0 0.926836

3
1 0 9763 0.81462
2 0 0 0.84747
3 0 0 0.968482

5
1 1 2 0.884268
2 0 0 0.942562
3 1 4 0.848673
6 0 0 0.89669
7 0 0 0.812818

1
1 0 0 0.889835

3
1 0 8713 0.78998
2 0 0 0.816576
3 0 0 1.04238

3
1 0 9587 0.688212
2 0 0 0.670221
3 0 0 0.962199

1
1 0 0 0.764618

3
1 2 4281 0.872618
2 0 0 0.906209
3 0 0 0.956844

3
1 2 190 0.878111
2 0 0 1.01772
3 0 0 0.84001

5
1 1 4 0.892398
2 2 2388 0.857196
4 0 0 0.870925
5 0 0 0.819809
3 0 0 1.00596

5
1 2 1646 0.972203
2 1 1 0.884704
4 0 0 0.936444
5 0 0 0.985716
3 0 0 0.981112

3
1 0 4012 0.90459
2 0 0 0.887884
3 0 0 0.961966

3
1 2 2612 0.894052
2 0 0 0.930073
3 0 0 0.945059

3
1 2 1703 0.931635
2 0 0 0.995344
3 0 0 0.900851

5
1 2 2116 0.964603
2 0 6163 0.930216
4 0 0 0.928422
5 0 0 1.04263
3 0 0 0.972538

3
1 0 7283 0.938537
2 0 0 0.986502
3 0 0 0.928531

1
1 0 0 0.967975

1
1 0 0 0.832704

3
1 2 1555 0.924937
2 0 0 0.877281
3 0 0 0.984429

3
1 2 4808 0.933585
2 0 0 0.9413
3 0 0 1.03949

5
1 1 4 0.925204
2 0 0 0.844616
3 0 6095 0.96678
6 0 0 0.910872
7 0 0 1.07657

3
1 0 9947 0.901752
2 0 0 0.889018
3 0 0 1.05587

3
1 2 1291 0.898438
2 0 0 1.09915
3 0 0 0.915635

5
1 0 5964 0.92186
2 0 0 0.882953
3 1 1 0.945522
6 0 0 0.945327
7 0 0 0.92678

3
1 0 584 0.943648
2 0 0 0.990379
3 0 0 0.98291

3
1 0 3171 0.910522
2 0 0 0.897131
3 0 0 0.948301

7
1 2 2961 0.881705
2 0 9543 0.916211
4 0 0 0.949461
5 2 1519 1.0705
10 0 0 0.977557
11 0 0 1.09262
3 0 0 0.944938

5
1 0 954 0.817147
2 2 1146 1.1089
4 0 0 1.0203
5 0 0 1.05542
3 0 0 0.822847

3
1 2 2461 0.854529
2 0 0 0.858239
3 0 0 0.867875

1
1 0 0 0.74194

3
1 2 2111 0.95898
2 0 0 0.916481
3 0 0 0.943004

3
1 2 2966 0.893484
2 0 0 0.956023
3 0 0 0.904333

3
1 0 1087 0.978832
2 0 0 1.04701
3 0 0 0.740795

3
1 1 1 0.91434
2 0 0 0.821183
3 0 0 0.923497

1
1 0 0 0.937601

3
1 1 2 0.872168
2 0 0 0.915052
3 0 0 0.895892

5
1 2 729 0.953407
2 0 0 0.978801
3 0 7907 0.953275
6 0 0 0.922635
7 0 0 0.853263

5
1 2 4135 0.919971
2 2 2753 0.945859
4 0 0 0.925224
5 0 0 1.10222
3 0 0 0.947652

3
1 0 447 0.90168
2 0 0 0.979839
3 0 0 0.898859

1
1 0 0 0.884895

1
1 0 0 0.913315

3
1 0 1230 0.877817
2 0 0 1.06804
3 0 0 0.890546

3
1 2 81 0.769363
2 0 0 0.956241
3 0 0 0.805191

3
1 0 6823 0.914294
2 0 0 0.884501
3 0 0 0.92821

1
1 0 0 0.831566

3
1 0 6936 0.854464
2 0 0 0.911891
3 0 0 0.918292

3
1 2 59 0.81516
2 0 0 1.01249
3 0 0 0.81859

3
1 0 1322 0.90377
2 0 0 0.973056
3 0 0 1.07228

5
1 0 6204 0.870718
2 0 0 0.885311
3 2 866 1.0219
6 0 0 1.02741
7 0 0 0.948119

3
1 0 9902 0.779949
2 0 0 0.800585
3 0 0 0.930574

3
1 2 1989 0.882649
2 0 0 0.878413
3 0 0 0.877532

3
1 0 463 0.901514
2 0 0 0.846123
3 0 0 0.89399

3
1 2 1601 0.879609
2 0 0 0.854907
3 0 0 0.913861

3
1 1 4 0.928845
2 0 0 0.918581
3 0 0 0.895122

3
1 2 110 0.774148
2 0 0 0.926223
3 0 0 0.697595

3
1 1 2 0.872717
2 0 0 0.904138
3 0 0 0.921752

3
1 2 671 0.831272
2 0 0 0.896444
3 0 0 1.0246

3
1 0 7984 0.874259
2 0 0 0.803889
3 0 0 0.953919

1
1 0 0 0.824087

3
1 0 2489 0.863717
2 0 0 0.835928
3 0 0 0.910589

3
1 0 4561 0.907318
2 0 0 0.860448
3 0 0 1.07985

3
1 0 1791 0.919214
2 0 0 0.980861
3 0 0 0.926764

3
1 0 1133 0.810565
2 0 0 1.02947
3 0 0 0.745256

5
1 0 144 0.971619
2 0 0 1.08973
3 0 3398 0.978186
6 0 0 0.856595
7 0 0 0.989447

3
1 0 7061 0.901924
2 0 0 0.780194
3 0 0 0.981031

5
1 0 8983 0.839329
2 0 0 0.828093
3 2 4307 0.959141
6 0 0 0.988279
7 0 0 0.975043

3
1 2 1472 0.963528
2 0 0 0.887309
3 0 0 0.92258

3
1 0 7425 0.914167
2 0 0 0.942882
3 0 0 0.973348

3
1 0 344 0.862726
2 0 0 0.990774
3 0 0 0.836725

3
1 2 42 0.733072
2 0 0 1.03837
3 0 0 0.786116

3
1 0 5884 0.881016
2 0 0 0.855632
3 0 0 0.959487

3
1 2 201 0.871942
2 0 0 1.02553
3 0 0 0.772925

3
1 2 2731 0.936215
2 0 0 0.935848
3 0 0 0.872042

1
1 0 0 0.810333

3
1 2 5336 0.850944
2 0 0 0.814998
3 0 0 1.07732

3
1 2 1372 0.871948
2 0 0 0.966868
3 0 0 0.909586

3
1 1 3 0.929229
2 0 0 0.908029
3 0 0 0.918132

3
1 0 6315 0.888967
2 0 0 0.93126
3 0 0 0.879864

5
1 2 817 0.817644
2 1 1 0.920244
4 0 0 0.97952
5 0 0 0.997841
3 0 0 0.768406

3
1 2 5020 0.847083
2 0 0 0.856435
3 0 0 0.990598

3
1 0 9326 0.809091
2 0 0 0.893086
3 0 0 1.03538

3
1 0 9575 0.785601
2 0 0 0.800001
3 0 0 0.928938

3
1 0 498 0.767321
2 0 0 0.950854
3 0 0 0.835969

3
1 0 1567 0.823805
2 0 0 0.893466
3 0 0 0.796352

5
1 0 739 0.836347
2 0 17 1.00203
4 0 0 1.0221
5 0 0 0.969221
3 0 0 0.839333

3
1 2 3232 0.959239
2 0 0 0.961976
3 0 0 0.91015

1
1 0 0 0.775937

5
1 0 9976 0.836767
2 0 0 0.831809
3 2 3726 1.08487
6 0 0 1.1126
7 0 0 0.91416

7
1 0 6077 0.914328
2 0 0 0.939049
3 2 3549 1.01202
6 1 4 1.06864
12 0 0 0.974139
13 0 0 1.13588
7 0 0 0.949065

5
1 1 2 0.948419
2 0 0 1.03035
3 1 3 0.978268
6 0 0 0.962061
7 0 0 0.971583

3
1 0 1821 0.855518
2 0 0 0.925363
3 0 0 0.998005

5
1 0 9875 0.819783
2 0 0 0.832015
3 0 9973 0.903298
6 0 0 1.0958
7 0 0 1.04969

3
1 0 408 0.88734
2 0 0 1.03065
3 0 0 0.856819

3
1 2 163 0.950247
2 0 0 0.961136
3 0 0 0.784595

5
1 2 3258 0.961379
2 0 0 0.928809
3 0 2063 0.912599
6 0 0 1.13632
7 0 0 0.863889

1
1 0 0 0.855122

3
1 1 4 0.929641
2 0 0 0.825133
3 0 0 0.914403

7
1 2 2076 0.864101
2 1 3 0.980598
4 0 0 0.939246
5 0 0 1.00204
3 2 5034 0.989663
6 0 0 1.01042
7 0 0 0.957755

3
1 0 2904 0.901255
2 0 0 0.889775
3 0 0 0.93595

3
1 2 131 0.882619
2 0 0 0.984035
3 0 0 0.910792

3
1 0 6209 0.902493
2 0 0 0.927206
3 0 0 0.970497

1
1 0 0 0.797405

3
1 0 8517 0.853201
2 0 0 0.86154
3 0 0 1.02522

3
1 2 5236 0.884348
2 0 0 0.779034
3 0 0 1.0089

3
1 0 1732 0.842696
2 0 0 1.12592
3 0 0 0.832075

1
1 0 0 0.892183

3
1 0 4368 0.878039
2 0 0 0.789194
3 0 0 0.920557

1
1 0 0 0.795458

1
1 0 0 0.805383

3
1 0 9866 0.866181
2 0 0 0.862314
3 0 0 1.03511

1
1 0 0 0.890568

1
1 0 0 0.771735

1
1 0 0 0.918074

3
1 2 1242 0.826318
2 0 0 0.925005
3 0 0 0.851052

5
1 2 717 0.819441
2 0 4354 1.03323
4 0 0 1.04675
5 0 0 0.910628
3 0 0 0.82481

3
1 0 3593 0.867199
2 0 0 0.929009
3 0 0 0.991042

3
1 2 930 0.836935
2 0 0 0.840121
3 0 0 0.805509

3
1 0 5721 0.859123
2 0 0 0.76683
3 0 0 1.11907

1
1 0 0 0.832817

3
1 1 2 0.951401
2 0 0 0.98303
3 0 0 1.07146

3
1 0 3332 0.965064
2 0 0 0.824335
3 0 0 1.01789

7
1 2 2354 0.879813
2 0 3758 0.897189
4 2 713 0.923461
8 0 0 0.933957
9 0 0 0.937401
5 0 0 1.03934
3 0 0 1.01343

3
1 0 7151 0.886237
2 0 0 0.911665
3 0 0 0.933648

5
1 1 1 1.04929
2 2 4280 0.885429
4 0 0 0.929964
5 0 0 0.854014
3 0 0 0.89164

1
1 0 0 0.820244

5
1 0 3202 0.811832
2 0 0 0.840615
3 1 1 0.957547
6 0 0 1.04099
7 0 0 0.927486

7
1 0 1038 0.902317
2 0 0 1.08329
3 0 1218 0.909436
6 0 1107 0.962972
12 0 0 1.06162
13 0 0 0.951336
7 0 0 0.899349

3
1 2 1743 0.85632
2 0 0 0.92812
3 0 0 0.898173

1
1 0 0 0.888108

3
1 0 8359 0.881501
2 0 0 0.828788
3 0 0 0.94632

3
1 2 3119 0.936178
2 0 0 0.936492
3 0 0 0.962197

3
1 1 4 0.899167
2 0 0 1.10487
3 0 0 0.888298

3
1 2 5116 0.908746
2 0 0 0.890605
3 0 0 0.942434

3
1 1 2 0.839918
2 0 0 0.930605
3 0 0 0.829326

5
1 1 2 0.922355
2 0 0 0.923772
3 2 2119 0.939908
6 0 0 0.963951
7 0 0 1.00499

3
1 0 281 0.819641
2 0 0 0.916151
3 0 0 0.815038

3
1 1 2 0.874024
2 0 0 0.87966
3 0 0 0.891381

3
1 1 4 0.815855
2 0 0 0.766626
3 0 0 0.908341

7
1 0 3805 0.887018
2 0 0 0.905948
3 2 121 0.881181
6 2 74 0.811507
12 0 0 1.10293
13 0 0 0.953071
7 0 0 0.952291

3
1 0 2750 0.912944
2 0 0 0.933501
3 0 0 0.989195

3
1 1 1 0.873372
2 0 0 0.821774
3 0 0 0.891703

3
1 0 6647 0.861413
2 0 0 0.810139
3 0 0 1.03094

7
1 1 3 0.982385
2 0 0 0.870042
3 1 4 1.00435
6 0 0 0.960029
7 0 6727 0.986791
14 0 0 0.895209
15 0 0 1.03584

3
1 0 5569 0.902702
2 0 0 0.982316
3 0 0 0.852038

5
1 1 4 0.817603
2 0 0 0.863771
3 2 1762 0.945879
6 0 0 0.93012
7 0 0 0.926889

1
1 0 0 0.869412

3
1 0 9814 0.8585
2 0 0 0.831236
3 0 0 0.999282

3
1 0 1728 0.841844
2 0 0 1.03865
3 0 0 0.821899

3
1 0 949 0.833154
2 0 0 0.907539
3 0 0 0.739456

1
1 0 0 0.898461

3
1 0 7180 0.898554
2 0 0 0.915882
3 0 0 0.930872

3
1 2 5004 0.851795
2 0 0 0.81725
3 0 0 0.85488

3
1 1 1 0.940816
2 0 0 0.945499
3 0 0 0.995257

3
1 2 3323 0.900624
2 0 0 0.866904
3 0 0 0.970987

3
1 0 1767 0.841415
2 0 0 0.98274
3 0 0 0.816108

3
1 0 8945 0.856175
2 0 0 0.890756
3 0 0 0.996158

1
1 0 0 0.829736

3
1 2 1050 0.936519
2 0 0 1.0517
3 0 0 0.961793

3
1 0 7430 0.917886
2 0 0 0.944748
3 0 0 0.931791

3
1 0 831 0.904945
2 0 0 0.896531
3 0 0 0.903545

3
1 0 6836 0.814341
2 0 0 0.869826
3 0 0 1.0191

3
1 2 1672 0.888175
2 0 0 0.999645
3 0 0 0.905896

1
1 0 0 0.82333

3
1 2 40 0.808451
2 0 0 0.976731
3 0 0 0.822852

3
1 2 240 0.881378
2 0 0 0.904501
3 0 0 0.713482

3
1 0 3425 0.895876
2 0 0 0.867046
3 0 0 1.0366

1
1 0 0 0.798827

7
1 2 393 0.909772
2 2 132 0.959504
4 0 0 0.973123
5 0 4082 0.966749
10 0 0 0.943922
11 0 0 0.968789
3 0 0 0.841006

3
1 2 3113 0.907402
2 0 0 0.980302
3 0 0 0.870574

3
1 2 3518 0.882591
2 0 0 0.970576
3 0 0 0.93687

3
1 0 5884 0.881016
2 0 0 0.836917
3 0 0 0.986329

9
1 0 896 0.848566
2 2 4032 0.945466
4 2 1466 1.02356
8 0 0 1.06717
9 0 0 0.948245
5 0 496 1.10462
10 0 0 1.15234
11 0 0 0.970441
3 0 0 0.821026

3
1 0 4302 0.853651
2 0 0 0.868183
3 0 0 0.883935

3
1 0 970 0.786345
2 0 0 0.966495
3 0 0 0.842503

7
1 0 9420 0.83975
2 0 0 0.817302
3 2 3785 0.949547
6 1 4 1.02532
12 0 0 0.990768
13 0 0 1.0691
7 0 0 1.01665

3
1 0 5591 0.889238
2 0 0 0.820988
3 0 0 0.974476

3
1 0 4009 0.896624
2 0 0 0.851784
3 0 0 0.991501

1
1 0 0 0.755828

3
1 1 3 0.873348
2 0 0 0.940201
3 0 0 0.818864

3
1 0 9601 0.842953
2 0 0 0.85736
3 0 0 1.04399

1
1 0 0 0.86347

1
1 0 0 0.8131

3
1 2 4233 0.894114
2 0 0 0.894869
3 0 0 0.971012

5
1 1 2 0.858637
2 2 1109 0.961101
4 0 0 1.08743
5 0 0 0.95923
3 0 0 0.892183

3
1 2 237 0.814779
2 0 0 1.06531
3 0 0 0.902189

3
1 2 5142 0.784861
2 0 0 0.756476
3 0 0 0.9545

3
1 1 4 0.848774
2 0 0 0.859287
3 0 0 0.95096

1
1 0 0 0.709654

3
1 0 345 0.880149
2 0 0 0.975482
3 0 0 0.817172

7
1 0 2704 0.935708
2 0 232 0.82202
4 0 136 0.989371
8 0 0 1.06699
9 0 0 0.950006
5 0 0 0.873396
3 0 0 1.035

1
1 0 0 0.832032

5
1 0 185 0.858733
2 2 2578 1.0373
4 0 0 0.979442
5 0 0 0.991611
3 0 0 0.861921

3
1 0 1831 0.832924
2 0 0 1.052
3 0 0 0.876399

3
1 0 7600 0.935863
2 0 0 0.873135
3 0 0 1.04759

5
1 0 4629 0.93526
2 0 0 0.829246
3 2 2872 0.995624
6 0 0 1.05167
7 0 0 1.14556

3
1 0 4235 0.862204
2 0 0 0.863045
3 0 0 0.982677

3
1 1 4 0.8349
2 0 0 0.849487
3 0 0 0.931609

3
1 0 1755 0.88426
2 0 0 0.942517
3 0 0 0.844249

1
1 0 0 0.84083

5
1 1 2 0.922397
2 0 0 1.02094
3 0 8181 0.973333
6 0 0 0.987884
7 0 0 0.86502

3
1 2 4472 0.798575
2 0 0 0.909311
3 0 0 0.854104

5
1 2 3307 0.882454
2 0 0 0.969032
3 2 3622 0.968203
6 0 0 0.974865
7 0 0 0.933701

3
1 0 1522 0.76444
2 0 0 1.02683
3 0 0 0.792317

3
1 0 5820 0.892188
2 0 0 0.893784
3 0 0 0.971088

3
1 2 289 0.799446
2 0 0 1.06112
3 0 0 0.782417

5
1 0 8378 0.879734
2 2 5272 0.770421
4 0 0 0.766981
5 0 0 1.01206
3 0 0 0.862481

3
1 0 2549 0.819377
2 0 0 0.784547
3 0 0 0.885787

3
1 0 6909 0.916962
2 0 0 0.946311
3 0 0 0.856975

5
1 2 73 0.746334
2 1 3 0.91923
4 0 0 0.927489
5 0 0 0.967124
3 0 0 0.727659

1
1 0 0 0.952693

5
1 2 369 0.923573
2 0 0 0.97377
3 2 3023 0.926742
6 0 0 0.981734
7 0 0 0.768607

5
1 1 4 0.90668
2 0 2855 0.974264
4 0 0 0.955011
5 0 0 1.00715
3 0 0 1.06433

3
1 0 16 0.712073
2 0 0 0.985876
3 0 0 0.728707

3
1 0 686 0.816604
2 0 0 0.858174
3 0 0 0.863298

5
1 0 6459 0.830636
2 0 0 0.845348
3 2 3930 0.894926
6 0 0 0.847303
7 0 0 1.04144

3
1 0 9142 0.849198
2 0 0 0.739396
3 0 0 0.958347

9
1 0 7731 0.916577
2 0 0 0.862185
3 1 4 1.04429
6 2 638 0.955984
12 0 0 0.978843
13 0 0 1.01434
7 2 507 1.11543
14 0 0 0.945774
15 0 0 1.16995

1
1 0 0 0.86188

1
1 0 0 0.812974

1
1 0 0 0.743321

5
1 0 6994 0.920492
2 0 0 0.96736
3 0 9556 0.953773
6 0 0 0.887029
7 0 0 0.957726

3
1 0 5895 0.919179
2 0 0 0.975683
3 0 0 1.03859

3
1 1 3 0.90325
2 0 0 0.902242
3 0 0 0.88491

3
1 0 1255 0.938937
2 0 0 0.993621
3 0 0 0.875214

5
1 0 4440 0.88254
2 2 2492 0.936297
4 0 0 0.925199
5 0 0 1.02908
3 0 0 1.02117

7
1 0 9580 0.813526
2 0 0 0.804312
3 0 9807 1.08958
6 0 0 1.07418
7 1 2 0.983713
14 0 0 1.07679
15 0 0 0.985084

5
1 2 786 0.878672
2 2 414 0.964858
4 0 0 0.915507
5 0 0 0.958719
3 0 0 0.904429

7
1 2 780 0.961097
2 2 748 0.914547
4 0 0 0.995606
5 0 0 1.019
3 0 7008 0.9139
6 0 0 0.834578
7 0 0 0.958806

3
1 1 2 0.97348
2 0 0 0.913896
3 0 0 1.04884

9
1 1 1 0.898748
2 0 4269 1.01581
4 0 0 0.966311
5 0 0 0.979305
3 1 2 0.938556
6 2 1614 1.04957
12 0 0 0.922946
13 0 0 1.16548
7 0 0 0.887472

3
1 0 9353 0.836033
2 0 0 0.888954
3 0 0 0.987982

3
1 0 1357 0.835687
2 0 0 0.984101
3 0 0 0.880266

7
1 0 8563 0.961524
2 2 3765 0.938372
4 0 0 0.963267
5 0 0 0.866912
3 1 4 1.01478
6 0 0 1.02013
7 0 0 1.01048

3
1 2 250 0.807452
2 0 0 0.971467
3 0 0 0.853333

1
1 0 0 0.844038

3
1 2 2418 0.871418
2 0 0 0.866923
3 0 0 0.958742

3
1 2 901 0.910047
2 0 0 0.964474
3 0 0 0.960031

5
1 0 5254 0.890171
2 0 0 0.88824
3 1 1 0.969253
6 0 0 0.968025
7 0 0 0.940034

5
1 0 6083 0.931082
2 0 0 1.02885
3 1 3 1.07516
6 0 0 1.10902
7 0 0 1.02848

3
1 2 2043 0.830623
2 0 0 0.962374
3 0 0 0.857262

3
1 2 2666 0.857741
2 0 0 0.901782
3 0 0 0.803991

7
1 0 6647 0.861413
2 0 2872 0.963947
4 0 0 0.744767
5 1 1 1.08662
10 0 0 0.890003
11 0 0 1.08804
3 0 0 1.01226

1
1 0 0 0.90588

3
1 0 2204 0.971848
2 0 0 0.801035
3 0 0 0.992119

3
1 2 2765 1.056
2 0 0 1.00129
3 0 0 1.02952

3
1 2 4610 0.852956
2 0 0 0.980078
3 0 0 1.06404

5
1 0 9032 0.87107
2 0 7588 0.87918
4 0 0 0.87762
5 0 0 0.901159
3 0 0 1.08494

5
1 0 8216 0.87182
2 0 0 0.87167
3 1 1 1.0575
6 0 0 1.16521
7 0 0 0.974514

3
1 2 4828 0.832653
2 0 0 0.871376
3 0 0 1.00024

3
1 0 8685 0.929615
2 0 0 0.917468
3 0 0 0.94853

3
1 0 304 0.904487
2 0 0 1.05998
3 0 0 0.877772

5
1 0 2741 0.906214
2 0 0 0.827452
3 2 4666 0.89158
6 0 0 0.93022
7 0 0 0.930844

5
1 2 1504 0.853674
2 0 0 0.994702
3 2 2630 0.914655
6 0 0 0.992871
7 0 0 0.919448

3
1 2 14 0.797803
2 0 0 0.97881
3 0 0 0.802828

3
1 0 6246 0.870304
2 0 0 0.879043
3 0 0 0.80776

3
1 0 9904 0.849131
2 0 0 0.745181
3 0 0 1.11219

3
1 2 141 0.806556
2 0 0 1.01473
3 0 0 0.846169

1
1 0 0 0.905705

3
1 0 9154 0.852442
2 0 0 0.829745
3 0 0 1.03977

3
1 1 3 0.917658
2 0 0 0.906177
3 0 0 0.953078

3
1 0 5808 0.902841
2 0 0 0.876667
3 0 0 0.93784

3
1 2 1602 0.871349
2 0 0 0.892631
3 0 0 0.923862

3
1 2 2033 0.837385
2 0 0 0.781393
3 0 0 0.942849

3
1 0 293 0.751544
2 0 0 0.909544
3 0 0 0.776164

5
1 0 3490 0.915394
2 0 0 0.837177
3 0 8031 0.950942
6 0 0 0.95488
7 0 0 0.901025

3
1 2 4287 0.913963
2 0 0 0.941265
3 0 0 0.858769

3
1 1 3 0.925206
2 0 0 0.898957
3 0 0 0.943791

3
1 2 1045 0.878878
2 0 0 1.01603
3 0 0 0.984998

5
1 1 4 0.865066
2 0 0 0.857158
3 2 1182 0.90826
6 0 0 0.993804
7 0 0 0.865719

1
1 0 0 0.803501

5
1 0 9273 0.915572
2 2 262 0.920601
4 0 0 1.15211
5 0 0 0.882552
3 0 0 0.998285

3
1 1 2 0.851964
2 0 0 0.919834
3 0 0 0.890653

1
1 0 0 0.811793

5
1 1 1 0.880189
2 0 0 0.917142
3 0 6493 1.0146
6 0 0 0.886894
7 0 0 1.0165

3
1 0 4119 0.808275
2 0 0 0.841616
3 0 0 0.939616

1
1 0 0 0.792301

3
1 0 7177 0.897242
2 0 0 0.796953
3 0 0 0.999666

3
1 0 332 0.863915
2 0 0 1.0772
3 0 0 0.85662

3
1 2 4483 0.872127
2 0 0 0.893314
3 0 0 0.996835

3
1 0 1992 0.84815
2 0 0 0.888179
3 0 0 0.827902

1
1 0 0 0.81781

3
1 2 5231 0.946834
2 0 0 0.953805
3 0 0 0.94074

1
1 0 0 0.79872

3
1 2 879 0.847304
2 0 0 0.925056
3 0 0 0.853548

3
1 0 1101 0.904423
2 0 0 1.09026
3 0 0 0.821231

5
1 2 4966 0.945455
2 0 0 0.975639
3 1 4 0.92648
6 0 0 0.933854
7 0 0 0.95079

5
1 1 4 0.923434
2 2 5305 0.941891
4 0 0 1.02855
5 0 0 0.964784
3 0 0 0.920285

3
1 0 66 0.828324
2 0 0 0.95129
3 0 0 0.849854

1
1 0 0 0.841402

1
1 0 0 0.696723

7
1 0 1225 0.721934
2 0 1187 1.06479
4 2 1279 1.16559
8 0 0 1.00103
9 0 0 1.01681
5 0 0 1.02547
3 0 0 0.764187

3
1 0 9061 0.842994
2 0 0 0.753145
3 0 0 1.04988

3
1 0 8806 0.821528
2 0 0 0.843538
3 0 0 0.958518

3
1 1 2 0.916234
2 0 0 0.952807
3 0 0 0.781412

3
1 2 1958 0.889534
2 0 0 0.929425
3 0 0 0.927978

3
1 0 871 0.893905
2 0 0 0.928489
3 0 0 0.904114

5
1 1 1 0.936021
2 0 0 0.900278
3 0 4859 0.97539
6 0 0 0.872512
7 0 0 1.0093

5
1 0 588 0.900715
2 1 4 1.0453
4 0 0 0.953735
5 0 0 0.917155
3 0 0 0.953518

5
1 1 4 0.858889
2 0 0 0.807548
3 0 6606 1.00458
6 0 0 1.00378
7 0 0 1.04941

5
1 2 4770 0.84902
2 0 0 0.830779
3 0 2801 0.977598
6 0 0 0.949201
7 0 0 0.965864

3
1 2 2457 0.955747
2 0 0 1.12267
3 0 0 0.887394

1
1 0 0 0.830731

3
1 0 9036 0.912149
2 0 0 0.921389
3 0 0 0.909968

3
1 0 3142 0.983411
2 0 0 0.890595
3 0 0 0.988188

3
1 0 3896 0.941353
2 0 0 0.780292
3 0 0 1.03377

7
1 2 5205 0.97303
2 0 0 0.901791
3 1 4 0.886889
6 0 0 0.882897
7 2 5286 1.04732
14 0 0 0.916581
15 0 0 0.963212

3
1 0 1188 0.835894
2 0 0 0.995312
3 0 0 0.812703

3
1 2 627 0.909886
2 0 0 1.06476
3 0 0 0.894367

3
1 0 1562 0.82599
2 0 0 0.970216
3 0 0 0.875806

5
1 0 9522 0.85688
2 0 0 0.767936
3 2 5160 1.02962
6 0 0 0.948159
7 0 0 1.06537

1
1 0 0 0.807523

1
1 0 0 0.883383

3
1 0 301 0.785215
2 0 0 1.09067
3 0 0 0.80083

1
1 0 0 0.763774

7
1 0 7263 0.773223
2 1 4 0.937009
4 0 6604 0.947651
8 0 0 0.889624
9 0 0 1.05977
5 0 0 0.875895
3 0 0 0.952443

1
1 0 0 0.903864

3
1 0 7562 0.895805
2 0 0 0.86567
3 0 0 0.995269

5
1 0 3087 0.855523
2 2 3357 0.896904
4 0 0 0.923272
5 0 0 0.740243
3 0 0 0.960281

3
1 0 776 0.835375
2 0 0 0.9524
3 0 0 0.854016

3
1 1 3 0.827828
2 0 0 0.854893
3 0 0 0.996889

5
1 2 609 0.745799
2 1 3 0.958597
4 0 0 0.990892
5 0 0 0.99352
3 0 0 0.861915

5
1 0 1810 0.818932
2 2 3843 0.944639
4 0 0 1.00562
5 0 0 0.932739
3 0 0 0.84458

3
1 0 9858 0.870099
2 0 0 0.796876
3 0 0 1.13062

3
1 0 724 0.868514
2 0 0 0.891442
3 0 0 0.814672

1
1 0 0 0.902515

5
1 0 7722 0.821874
2 0 0 0.755583
3 2 4244 1.03943
6 0 0 0.992346
7 0 0 0.886829

3
1 2 69 0.882652
2 0 0 1.01176
3 0 0 0.813809

3
1 2 665 0.946696
2 0 0 0.973676
3 0 0 0.890466

3
1 2 522 0.885784
2 0 0 0.971227
3 0 0 0.919782

5
1 2 5261 0.875434
2 0 0 0.855361
3 2 5361 1.04754
6 0 0 1.0868
7 0 0 0.9887

9
1 0 3622 0.909088
2 0 0 0.87539
3 1 1 0.99465
6 0 0 1.06454
7 1 3 1.04442
14 0 0 0.976789
15 2 825 1.00518
30 0 0 1.19985
31 0 0 1.00252

3
1 0 9050 0.78271
2 0 0 0.853556
3 0 0 1.0392

1
1 0 0 0.800911

3
1 0 1486 0.957247
2 0 0 0.963876
3 0 0 0.830825

3
1 2 5278 0.94904
2 0 0 0.998071
3 0 0 1.22732

3
1 1 1 0.952083
2 0 0 0.997606
3 0 0 0.883534

3
1 1 4 0.923132
2 0 0 1.02333
3 0 0 0.969388

3
1 2 988 0.908941
2 0 0 0.813307
3 0 0 0.880225

1
1 0 0 0.867102

3
1 2 611 0.839092
2 0 0 0.855537
3 0 0 0.817315

3
1 1 4 0.941898
2 0 0 0.892259
3 0 0 0.96477

1
1 0 0 0.912469

1
1 0 0 0.781569

3
1 0 724 0.873429
2 0 0 0.916493
3 0 0 0.887461

3
1 0 212 0.858176
2 0 0 0.904261
3 0 0 0.825064

3
1 2 1572 0.887065
2 0 0 1.02869
3 0 0 0.911366

5
1 0 356 0.874665
2 1 3 1.16027
4 0 0 0.911345
5 0 0 1.12311
3 0 0 0.776309

3
1 2 949 0.981135
2 0 0 0.903225
3 0 0 0.900926

3
1 0 2995 0.896402
2 0 0 0.891997
3 0 0 1.07891

3
1 0 814 0.98807
2 0 0 0.920158
3 0 0 0.96874

3
1 0 2381 1.02341
2 0 0 0.964884
3 0 0 0.972229

5
1 0 5798 0.870817
2 0 3022 1.04625
4 0 0 1.02008
5 0 0 1.11152
3 0 0 1.0014

3
1 2 108 0.860265
2 0 0 0.843655
3 0 0 0.85635

3
1 1 4 0.881785
2 0 0 0.934944
3 0 0 1.00192

3
1 0 776 0.817919
2 0 0 0.887159
3 0 0 0.821954

3
1 0 4133 0.980728
2 0 0 0.805143
3 0 0 1.00988

9
1 0 5402 0.829202
2 2 1805 0.952709
4 0 0 1.06621
5 0 3962 1.07583
10 0 0 1.02623
11 2 4831 1.07814
22 0 0 1.0512
23 0 0 1.1181
3 0 0 0.943404

3
1 0 5827 0.902668
2 0 0 0.932662
3 0 0 0.940662

3
1 2 5211 0.843642
2 0 0 0.841439
3 0 0 1.0641

7
1 1 3 0.879287
2 0 0 0.896068
3 1 4 0.96794
6 2 3414 0.979502
12 0 0 0.954744
13 0 0 0.946739
7 0 0 0.996009

3
1 0 1699 0.877688
2 0 0 0.994933
3 0 0 0.888038

5
1 0 1115 0.855107
2 1 4 0.917547
4 0 0 0.861878
5 0 0 0.985293
3 0 0 0.808756

3
1 2 192 0.829422
2 0 0 1.04013
3 0 0 0.818593

5
1 0 9694 0.820896
2 0 0 0.82503
3 1 2 1.07508
6 0 0 1.14549
7 0 0 0.903665

1
1 0 0 0.794413

5
1 0 9172 0.859765
2 0 0 0.798108
3 1 3 0.956398
6 0 0 1.02495
7 0 0 0.951713

5
1 2 5311 0.938003
2 0 0 0.928449
3 0 6824 1.01001
6 0 0 0.948652
7 0 0 1.06184

3
1 2 3630 0.908513
2 0 0 0.961015
3 0 0 0.993465

5
1 0 642 0.82936
2 0 102 0.887083
4 0 0 0.998252
5 0 0 0.836994
3 0 0 0.827939

3
1 0 9893 0.921843
2 0 0 0.934775
3 0 0 0.980698

3
1 0 4425 0.912405
2 0 0 0.897001
3 0 0 1.10629

3
1 2 5330 0.902234
2 0 0 0.905742
3 0 0 0.990143

1
1 0 0 0.714455

1
1 0 0 0.828575

5
1 0 5571 0.840212
2 0 0 0.914784
3 1 4 1.06248
6 0 0 1.09299
7 0 0 1.0443

5
1 2 3797 0.911348
2 0 0 0.915704
3 2 4601 1.02726
6 0 0 0.931542
7 0 0 0.994989

5
1 2 3203 0.87622
2 2 73 0.943909
4 0 0 0.996266
5 0 0 1.04355
3 0 0 0.931924

1
1 0 0 0.885911

3
1 0 623 0.849117
2 0 0 0.92901
3 0 0 0.805414

3
1 0 3298 0.962398
2 0 0 0.904195
3 0 0 1.04251

5
1 2 404 0.805655
2 2 57 0.982708
4 0 0 0.963795
5 0 0 0.880248
3 0 0 0.916569

3
1 2 336 0.750475
2 0 0 0.826334
3 0 0 0.788019

1
1 0 0 0.865944

3
1 0 100 0.846457
2 0 0 0.865441
3 0 0 0.878096

3
1 0 9008 0.81577
2 0 0 0.629113
3 0 0 1.1544

5
1 2 2385 0.871809
2 2 2113 0.922004
4 0 0 0.928534
5 0 0 1.09904
3 0 0 0.812363

1
1 0 0 0.813999

5
1 0 832 0.821833
2 2 4805 0.986535
4 0 0 0.970968
5 0 0 1.12812
3 0 0 0.909724

5
1 2 3761 0.85252
2 0 7725 0.908925
4 0 0 0.980438
5 0 0 1.02161
3 0 0 0.91604

3
1 0 1343 0.924034
2 0 0 0.932939
3 0 0 0.825811

3
1 0 9371 0.844933
2 0 0 0.88745
3 0 0 1.01552

3
1 1 4 0.894421
2 0 0 0.915141
3 0 0 0.984198

3
1 0 557 0.805109
2 0 0 0.872584
3 0 0 0.737473

3
1 0 9164 0.800618
2 0 0 0.838258
3 0 0 1.03738

3
1 2 348 0.825053
2 0 0 0.851108
3 0 0 0.788265

5
1 0 8183 0.84366
2 0 0 0.898506
3 0 8962 1.03378
6 0 0 1.05171
7 0 0 1.03921

5
1 0 7819 0.970743
2 0 0 0.916061
3 0 8332 1.01477
6 0 0 1.02519
7 0 0 1.02854

7
1 0 681 0.83176
2 0 118 1.00602
4 0 72 1.0167
8 0 0 0.852479
9 0 0 0.93961
5 0 0 0.924943
3 0 0 0.815703

3
1 0 3167 0.936538
2 0 0 0.850306
3 0 0 1.04365

5
1 0 1431 0.868079
2 1 1 1.08258
4 0 0 1.00728
5 0 0 1.06097
3 0 0 0.731333

3
1 1 3 0.856763
2 0 0 0.984584
3 0 0 0.925165

5
1 0 5001 0.856137
2 2 87 0.891048
4 0 0 0.939304
5 0 0 0.767326
3 0 0 0.947188

3
1 0 568 0.819475
2 0 0 0.961219
3 0 0 0.754099

3
1 1 3 0.885697
2 0 0 0.892464
3 0 0 0.904189

5
1 0 8913 0.954143
2 0 0 0.930982
3 2 4612 0.996812
6 0 0 0.897041
7 0 0 0.881248

3
1 0 9489 0.867702
2 0 0 0.811134
3 0 0 1.03122

3
1 2 1701 0.963604
2 0 0 0.969184
3 0 0 0.990579

3
1 0 4588 0.898763
2 0 0 0.857078
3 0 0 1.09568

5
1 0 2697 0.901853
2 2 3011 0.942658
4 0 0 0.833188
5 0 0 0.882764
3 0 0 0.98887

5
1 0 232 0.862303
2 1 3 0.856744
4 0 0 0.90981
5 0 0 1.09497
3 0 0 0.788426

3
1 0 9698 0.889529
2 0 0 0.931365
3 0 0 1.13803

1
1 0 0 0.909423

3
1 2 5122 0.894671
2 0 0 0.902661
3 0 0 0.95692

1
1 0 0 0.820737

1
1 0 0 0.829049

1
1 0 0 0.768503

3
1 0 407 0.858329
2 0 0 0.994368
3 0 0 0.790868

3
1 2 1236 0.820181
2 0 0 0.900561
3 0 0 0.808249

3
1 0 965 0.850943
2 0 0 0.945989
3 0 0 0.847458

5
1 1 4 0.834126
2 2 1064 0.915058
4 0 0 1.08773
5 0 0 0.877658
3 0 0 0.900235

1
1 0 0 0.798796

3
1 2 1872 0.901107
2 0 0 0.936048
3 0 0 0.972323

3
1 1 2 0.884479
2 0 0 0.967863
3 0 0 0.939971

3
1 0 9113 0.867096
2 0 0 0.784921
3 0 0 0.943753

3
1 2 661 0.824331
2 0 0 0.887908
3 0 0 0.816273

3
1 2 1307 0.879446
2 0 0 0.8844
3 0 0 0.920451

1
1 0 0 0.930591

9
1 2 345 0.842304
2 0 1973 1.01369
4 2 133 1.06247
8 0 0 1.02841
9 0 0 0.898135
5 0 0 0.908872
3 2 546 0.838486
6 0 0 0.918805
7 0 0 0.802516

3
1 1 3 0.837636
2 0 0 0.846028
3 0 0 0.890901

3
1 1 1 0.823311
2 0 0 1.03033
3 0 0 0.807679

3
1 2 3276 0.850065
2 0 0 0.858678
3 0 0 0.878038

5
1 0 7765 1.0077
2 0 0 0.933231
3 0 9361 0.916344
6 0 0 1.0284
7 0 0 1.0053

3
1 0 9841 0.790513
2 0 0 0.808559
3 0 0 1.07689

7
1 1 4 0.80146
2 0 0 0.877518
3 2 3635 1.0045
6 0 0 1.07841
7 0 4376 1.05632
14 0 0 0.908562
15 0 0 1.01177

5
1 0 9770 0.831758
2 0 0 0.787087
3 0 9984 1.0164
6 0 0 1.03934
7 0 0 0.971433

3
1 0 4855 0.921075
2 0 0 0.845217
3 0 0 1.09089

7
1 0 7367 0.930204
2 0 0 0.764308
3 2 2019 0.986469
6 1 1 0.966304
12 0 0 0.983977
13 0 0 1.00231
7 0 0 1.047

3
1 0 9370 0.947089
2 0 0 0.928337
3 0 0 1.08473

5
1 0 1295 0.812012
2 0 0 1.07617
3 0 2493 0.927746
6 0 0 0.929645
7 0 0 0.931883

3
1 2 355 0.831119
2 0 0 0.906933
3 0 0 0.905601

1
1 0 0 0.800936

3
1 2 289 0.815312
2 0 0 1.02546
3 0 0 0.89468

3
1 1 2 0.892097
2 0 0 0.902897
3 0 0 1.02076

7
1 0 8251 0.912781
2 2 1669 0.915528
4 1 2 0.984904
8 0 0 1.05642
9 0 0 0.857237
5 0 0 0.909893
3 0 0 0.966698

1
1 0 0 0.801648

5
1 1 2 0.929737
2 0 6371 0.935884
4 0 0 0.913687
5 0 0 0.951352
3 0 0 0.823645

3
1 0 356 0.874665
2 0 0 1.11208
3 0 0 0.84661

3
1 1 3 0.815063
2 0 0 0.830568
3 0 0 0.964583

5
1 2 5091 0.918859
2 1 3 0.89835
4 0 0 0.885069
5 0 0 0.847099
3 0 0 0.893841

1
1 0 0 0.883907

3
1 0 4348 0.819584
2 0 0 0.805067
3 0 0 1.12606

1
1 0 0 0.829182

3
1 2 39 0.838123
2 0 0 0.901667
3 0 0 0.789009

3
1 2 3797 0.922853
2 0 0 0.975609
3 0 0 0.870497

7
1 1 1 0.946205
2 2 2500 0.984396
4 0 0 0.938
5 0 0 0.921585
3 0 5338 0.920928
6 0 0 0.902193
7 0 0 1.00117

3
1 0 7507 0.972959
2 0 0 0.915505
3 0 0 0.976642

3
1 2 4373 0.936944
2 0 0 1.00841
3 0 0 0.993202

3
1 0 377 0.895498
2 0 0 1.08861
3 0 0 0.878707

3
1 1 4 0.841996
2 0 0 0.923045
3 0 0 1.02316

3
1 0 9502 0.933164
2 0 0 0.917978
3 0 0 0.986573

3
1 1 3 0.889032
2 0 0 0.860993
3 0 0 0.96703

3
1 2 286 0.820582
2 0 0 0.933552
3 0 0 0.841257

5
1 1 3 0.902919
2 0 0 0.853988
3 2 1151 0.980179
6 0 0 0.871077
7 0 0 1.00075

5
1 0 4332 0.88897
2 0 2510 0.891122
4 0 0 0.811608
5 0 0 1.14941
3 0 0 0.959926

3
1 1 2 0.908859
2 0 0 0.908654
3 0 0 0.996298

5
1 2 5156 0.944357
2 0 0 0.898716
3 2 5241 0.920647
6 0 0 0.985264
7 0 0 0.916724

3
1 0 6832 0.950574
2 0 0 0.886224
3 0 0 0.962533

3
1 0 1343 0.904549
2 0 0 1.07776
3 0 0 0.818619

3
1 0 9283 0.755784
2 0 0 0.755605
3 0 0 0.985001

5
1 0 2772 0.945738
2 0 1096 0.917478
4 0 0 0.955172
5 0 0 0.890835
3 0 0 0.995536

3
1 0 1055 0.805671
2 0 0 1.02647
3 0 0 0.814191

3
1 1 1 0.862434
2 0 0 0.930468
3 0 0 0.820682

3
1 2 2497 0.904733
2 0 0 0.908325
3 0 0 0.949852

3
1 2 57 0.866077
2 0 0 0.88469
3 0 0 0.902351

3
1 0 975 0.923769
2 0 0 1.05767
3 0 0 0.691309

3
1 0 4438 0.920762
2 0 0 0.972851
3 0 0 1.04942

3
1 0 9826 0.965469
2 0 0 0.97512
3 0 0 1.07673

7
1 2 1836 0.862557
2 0 0 0.939699
3 0 9068 0.950842
6 0 0 0.864764
7 0 9657 1.0031
14 0 0 0.89159
15 0 0 1.11446

3
1 2 3203 0.845242
2 0 0 0.923485
3 0 0 0.814021

3
1 2 934 0.903954
2 0 0 0.935248
3 0 0 0.953948

3
1 2 1439 0.891176
2 0 0 0.905829
3 0 0 0.968609

1
1 0 0 0.883649

7
1 0 4229 0.865944
2 2 4855 0.91237
4 0 0 0.828754
5 0 0 0.980179
3 1 1 0.965398
6 0 0 0.941536
7 0 0 0.931019

3
1 1 1 0.860296
2 0 0 0.895809
3 0 0 0.863642

3
1 2 4086 0.872729
2 0 0 0.897753
3 0 0 0.835369

3
1 2 1021 0.988722
2 0 0 0.942468
3 0 0 0.972524

7
1 0 7206 0.889628
2 0 970 0.913368
4 0 0 1.06086
5 0 0 0.843996
3 1 1 1.057
6 0 0 0.979015
7 0 0 0.991567

1
1 0 0 0.747471

3
1 0 9506 0.806726
2 0 0 0.862603
3 0 0 0.975463

5
1 1 4 0.874112
2 0 0 0.930191
3 0 5901 0.923553
6 0 0 0.972038
7 0 0 1.07529

3
1 0 9371 0.844933
2 0 0 0.863614
3 0 0 1.0443

3
1 0 299 0.85423
2 0 0 1.04595
3 0 0 0.798261

3
1 2 3699 0.850269
2 0 0 0.815915
3 0 0 0.953318

1
1 0 0 0.680712

3
1 0 6100 0.891613
2 0 0 0.814759
3 0 0 1.06756

1
1 0 0 0.750927

3
1 2 2031 0.927939
2 0 0 0.868677
3 0 0 1.00104

1
1 0 0 0.889372

3
1 2 1411 0.871275
2 0 0 0.974888
3 0 0 0.875973

3
1 2 503 0.910316
2 0 0 1.07751
3 0 0 0.875721

3
1 2 940 0.848654
2 0 0 0.917942
3 0 0 0.838338

3
1 0 8217 0.884785
2 0 0 0.874858
3 0 0 1.05839

3
1 1 4 0.917552
2 0 0 0.913057
3 0 0 0.872226

5
1 2 5373 0.812994
2 0 8841 0.872799
4 0 0 0.866124
5 0 0 0.963063
3 0 0 0.93743

3
1 2 841 0.867753
2 0 0 0.948802
3 0 0 0.855258

3
1 1 4 0.866234
2 0 0 0.874913
3 0 0 0.871273

3
1 2 5157 0.826066
2 0 0 0.804623
3 0 0 0.97124

1
1 0 0 0.765974

3
1 1 2 0.86975
2 0 0 0.973768
3 0 0 0.877995

3
1 1 3 0.86079
2 0 0 0.920131
3 0 0 0.843628

5
1 2 676 0.857313
2 0 0 0.973664
3 0 9197 0.83503
6 0 0 0.874393
7 0 0 0.991254

3
1 0 3068 0.878316
2 0 0 0.803299
3 0 0 0.906189

3
1 1 3 0.856427
2 0 0 0.847036
3 0 0 1.01271

5
1 0 9382 0.790544
2 0 0 0.883207
3 2 306 0.991447
6 0 0 1.02978
7 0 0 0.960202

5
1 0 5054 0.893918
2 0 0 0.81837
3 1 2 0.997274
6 0 0 1.03922
7 0 0 0.944921

1
1 0 0 0.871761

3
1 0 1810 0.981234
2 0 0 0.878321
3 0 0 0.941586

1
1 0 0 0.920015

3
1 2 5377 0.841438
2 0 0 0.85433
3 0 0 0.910974

1
1 0 0 0.835215

1
1 0 0 0.820455

7
1 0 9216 0.778346
2 0 0 0.806102
3 1 4 0.963706
6 0 9707 0.929595
12 0 0 1.05906
13 0 0 0.988619
7 0 0 0.997665

7
1 0 7985 0.931526
2 0 1222 0.923342
4 0 0 0.949027
5 0 3641 0.956731
10 0 0 0.834175
11 0 0 1.00145
3 0 0 0.992952

3
1 0 4326 0.8571
2 0 0 0.780319
3 0 0 0.995917

3
1 2 1413 0.916216
2 0 0 0.975087
3 0 0 0.796313

3
1 0 6864 0.828844
2 0 0 0.807221
3 0 0 0.897834

3
1 0 9734 0.813076
2 0 0 0.812199
3 0 0 1.03821

3
1 2 5247 0.893626
2 0 0 0.859261
3 0 0 0.909259

7
1 0 119 0.862872
2 0 0 0.986838
3 0 8179 0.875933
6 0 0 0.890742
7 0 9319 0.922263
14 0 0 0.911809
15 0 0 0.983611

3
1 2 923 0.920323
2 0 0 1.04562
3 0 0 0.798419

1
1 0 0 0.749295

3
1 0 991 0.806632
2 0 0 0.967809
3 0 0 0.779909

5
1 0 1092 0.893533
2 2 1400 1.03913
4 0 0 1.02829
5 0 0 0.976601
3 0 0 0.860918

5
1 0 489 0.857992
2 1 2 1.00313
4 0 0 1.07918
5 0 0 1.06436
3 0 0 0.907399

3
1 2 4641 0.930276
2 0 0 0.902185
3 0 0 0.856042

3
1 1 4 0.962669
2 0 0 0.939462
3 0 0 0.907473

3
1 0 931 0.830611
2 0 0 0.99698
3 0 0 0.946598

3
1 1 2 0.810989
2 0 0 0.884657
3 0 0 0.853824

3
1 2 5122 0.844564
2 0 0 0.82732
3 0 0 0.884136

5
1 2 1687 0.903111
2 0 0 0.876374
3 2 2680 0.854134
6 0 0 1.04284
7 0 0 0.847445

3
1 0 9088 0.940283
2 0 0 0.855592
3 0 0 0.96621

3
1 0 9336 0.864096
2 0 0 0.790533
3 0 0 1.08013

5
1 2 4954 0.876262
2 0 0 0.911609
3 2 4988 0.931105
6 0 0 0.957809
7 0 0 0.975257

3
1 0 1253 0.872927
2 0 0 1.0032
3 0 0 0.846106

3
1 0 5735 0.883728
2 0 0 0.979141
3 0 0 1.1009

9
1 2 595 0.86563
2 2 210 0.952275
4 0 0 0.94854
5 2 307 0.938863
10 0 0 1.03822
11 2 336 1.00381
22 0 0 0.953632
23 0 0 0.930439
3 0 0 0.845496

3
1 0 7416 0.938399
2 0 0 0.818707
3 0 0 0.968495

3
1 2 4664 0.823372
2 0 0 0.806104
3 0 0 0.802406

7
1 0 764 0.774226
2 0 470 1.10202
4 0 0 0.999653
5 0 0 0.959521
3 1 3 0.943519
6 0 0 0.974231
7 0 0 0.954329

3
1 1 3 0.912723
2 0 0 0.904266
3 0 0 0.997333

3
1 2 2402 0.888123
2 0 0 0.935847
3 0 0 0.923348

3
1 2 2068 0.871002
2 0 0 0.835609
3 0 0 0.849755

3
1 1 2 0.80732
2 0 0 1.06018
3 0 0 0.859345

1
1 0 0 0.813126

3
1 2 223 0.885704
2 0 0 0.949723
3 0 0 0.815192

3
1 0 8545 0.875836
2 0 0 0.997735
3 0 0 0.767271

5
1 2 5270 0.871106
2 0 0 0.809722
3 2 5311 0.980334
6 0 0 1.16018
7 0 0 0.911629

3
1 1 4 0.862053
2 0 0 0.922495
3 0 0 1.00377

3
1 0 3914 0.84451
2 0 0 0.799551
3 0 0 0.919413

5
1 2 4924 0.935225
2 0 9733 0.952626
4 0 0 0.932322
5 0 0 0.937748
3 0 0 0.903421

5
1 1 3 0.878294
2 0 0 0.881189
3 0 1928 0.940306
6 0 0 1.10397
7 0 0 0.97895

5
1 2 1022 0.914643
2 0 3199 0.956123
4 0 0 1.02408
5 0 0 1.00023
3 0 0 0.932614

3
1 2 4781 0.906502
2 0 0 0.888183
3 0 0 0.957602

3
1 0 4332 0.88897
2 0 0 0.857348
3 0 0 0.97923

1
1 0 0 0.803333

3
1 2 3313 0.930492
2 0 0 1.05348
3 0 0 0.835824

3
1 0 2097 0.904987
2 0 0 0.929817
3 0 0 0.912915

5
1 1 3 0.912558
2 1 2 0.934832
4 0 0 0.889633
5 0 0 0.964479
3 0 0 1.01042

7
1 0 1045 0.862757
2 1 1 0.899902
4 0 0 0.947527
5 0 0 1.04634
3 0 4376 0.935375
6 0 0 0.868998
7 0 0 1.02295

3
1 0 9208 0.783165
2 0 0 0.895418
3 0 0 1.02165

1
1 0 0 0.780734

1
1 0 0 0.810583

3
1 1 1 0.85182
2 0 0 0.991584
3 0 0 0.842183

1
1 0 0 0.886589

5
1 1 3 0.871925
2 1 2 0.945723
4 0 0 0.930058
5 0 0 1.0474
3 0 0 0.931373

3
1 0 5674 0.875259
2 0 0 0.812379
3 0 0 0.875502

5
1 0 4970 0.954601
2 0 0 0.892548
3 2 2900 1.01431
6 0 0 0.963159
7 0 0 0.900916

1
1 0 0 0.845806

5
1 0 3151 0.958035
2 0 0 0.898181
3 0 4778 0.99031
6 0 0 1.07265
7 0 0 1.01347

3
1 0 1577 0.960776
2 0 0 0.96671
3 0 0 0.839176

5
1 1 1 0.837357
2 0 0 1.06022
3 1 4 0.900679
6 0 0 0.915445
7 0 0 0.96865

3
1 1 2 0.916198
2 0 0 0.888597
3 0 0 0.954134

3
1 2 42 0.864691
2 0 0 1.06414
3 0 0 0.871875

3
1 0 4243 0.936181
2 0 0 0.841132
3 0 0 0.980288

3
1 1 1 0.879387
2 0 0 0.904756
3 0 0 1.02371

3
1 1 4 0.810409
2 0 0 0.814537
3 0 0 0.850124

3
1 2 1973 0.886672
2 0 0 0.968827
3 0 0 0.813675

3
1 2 4781 0.871686
2 0 0 1.02001
3 0 0 0.867394

5
1 0 5532 0.876676
2 0 294 0.925159
4 0 0 1.12553
5 0 0 0.90436
3 0 0 1.00317

3
1 0 2473 0.82342
2 0 0 0.910506
3 0 0 0.951468

3
1 0 1750 0.800919
2 0 0 1.02638
3 0 0 0.781984

5
1 0 1050 0.803838
2 2 1542 0.87148
4 0 0 0.959255
5 0 0 1.04576
3 0 0 0.811638

1
1 0 0 0.716735

3
1 0 9037 0.846594
2 0 0 0.790589
3 0 0 1.0418

5
1 2 2719 0.805957
2 2 1949 0.900454
4 0 0 0.901329
5 0 0 1.05419
3 0 0 0.897588

1
1 0 0 0.807891

1
1 0 0 0.829599

3
1 2 4148 0.818361
2 0 0 0.784337
3 0 0 0.888034

5
1 1 4 0.918152
2 0 0 0.895247
3 2 5135 0.866876
6 0 0 0.943047
7 0 0 0.875266

5
1 2 3198 0.905538
2 0 0 0.948069
3 0 1868 0.927739
6 0 0 1.07167
7 0 0 0.983774

5
1 0 9916 0.823249
2 0 9336 0.832813
4 0 0 0.817804
5 0 0 1.0244
3 0 0 0.964183

5
1 0 865 0.889846
2 0 202 0.992093
4 0 0 1.10167
5 0 0 0.970108
3 0 0 0.808899

5
1 0 1291 0.862066
2 1 1 0.931802
4 0 0 1.0567
5 0 0 1.03661
3 0 0 0.783464

3
1 0 6877 0.926327
2 0 0 0.888245
3 0 0 1.04377

3
1 0 2052 0.868249
2 0 0 1.05035
3 0 0 0.924829

1
1 0 0 0.883939

3
1 1 1 0.857568
2 0 0 0.866974
3 0 0 0.85979

1
1 0 0 0.892342

3
1 0 4201 0.868178
2 0 0 0.952004
3 0 0 0.814368

1
1 0 0 0.795865

3
1 2 3893 0.888643
2 0 0 0.809791
3 0 0 0.912591

1
1 0 0 0.805215

1
1 0 0 0.869948

5
1 0 3132 0.960266
2 0 0 0.91746
3 0 4392 1.03617
6 0 0 0.899004
7 0 0 0.993575

3
1 0 2316 0.889224
2 0 0 0.840037
3 0 0 1.01797

5
1 2 2915 0.851035
2 0 0 0.932965
3 0 7037 0.935913
6 0 0 0.915714
7 0 0 1.00102

3
1 0 9123 0.840283
2 0 0 0.819038
3 0 0 1.04361

3
1 2 2156 0.930162
2 0 0 0.861006
3 0 0 0.950462

3
1 1 3 0.96503
2 0 0 0.879893
3 0 0 0.924969

5
1 0 3139 0.861898
2 0 0 0.848056
3 2 3071 0.962758
6 0 0 1.02472
7 0 0 0.94968

5
1 0 1208 0.863279
2 2 3513 0.928592
4 0 0 0.939133
5 0 0 1.10718
3 0 0 0.898274

1
1 0 0 0.774821

3
1 2 955 0.908985
2 0 0 1.06054
3 0 0 0.723379

3
1 0 4326 0.8571
2 0 0 0.824758
3 0 0 1.06727

5
1 0 5236 0.893383
2 0 0 0.80807
3 0 9457 1.06678
6 0 0 0.986067
7 0 0 0.932143

3
1 1 1 0.937065
2 0 0 0.983274
3 0 0 0.934875

3
1 2 200 0.866909
2 0 0 1.01778
3 0 0 0.84688

5
1 0 6384 0.866559
2 0 0 0.907855
3 2 4315 1.03871
6 0 0 1.07182
7 0 0 1.13999

1
1 0 0 0.726871

3
1 0 8711 0.899928
2 0 0 0.921658
3 0 0 0.929678

5
1 2 5315 0.8345
2 0 0 0.765741
3 0 3721 0.976935
6 0 0 1.00292
7 0 0 1.22999

3
1 0 1728 0.819519
2 0 0 1.05522
3 0 0 0.835257

1
1 0 0 0.771546

1
1 0 0 0.844726

3
1 0 1572 0.79448
2 0 0 1.00664
3 0 0 0.811433

3
1 0 8662 0.897152
2 0 0 0.830096
3 0 0 0.978857

3
1 1 1 0.922115
2 0 0 0.863938
3 0 0 0.792036

3
1 2 4313 0.836906
2 0 0 0.881914
3 0 0 0.900439

1
1 0 0 0.774336

5
1 0 9722 0.797927
2 0 0 0.624509
3 0 9749 1.15367
6 0 0 0.807269
7 0 0 1.06641

5
1 2 3723 0.852108
2 0 0 0.855355
3 0 686 0.950048
6 0 0 0.976565
7 0 0 0.988536

3
1 2 2808 0.83453
2 0 0 0.793046
3 0 0 0.83438

3
1 0 1135 0.935005
2 0 0 0.905175
3 0 0 0.899889

3
1 0 1053 0.817072
2 0 0 0.913329
3 0 0 0.835472

3
1 0 473 0.799616
2 0 0 1.05237
3 0 0 0.831993

3
1 2 4861 0.896972
2 0 0 0.910192
3 0 0 0.966841

5
1 2 269 0.815388
2 2 60 0.92114
4 0 0 0.976754
5 0 0 0.829594
3 0 0 0.826742

5
1 0 720 0.853686
2 2 1571 0.95825
4 0 0 1.04812
5 0 0 0.90845
3 0 0 0.784368

5
1 2 135 0.919463
2 0 0 1.0472
3 0 6818 0.838897
6 0 0 0.796994
7 0 0 0.958609

3
1 2 2111 0.934478
2 0 0 1.00918
3 0 0 0.852112

3
1 0 6512 0.945695
2 0 0 0.826487
3 0 0 1.01028

1
1 0 0 0.919796

3
1 2 23 0.953709
2 0 0 1.02054
3 0 0 0.972668

3
1 0 7803 0.903461
2 0 0 0.802026
3 0 0 0.993618

3
1 2 2476 0.871422
2 0 0 1.07562
3 0 0 0.960743

3
1 2 258 0.914182
2 0 0 0.91202
3 0 0 0.897519

7
1 0 3775 0.904172
2 0 0 0.800728
3 2 2855 0.961189
6 0 0 0.936197
7 1 3 1.05266
14 0 0 1.10986
15 0 0 0.952482

3
1 1 4 0.872361
2 0 0 0.858657
3 0 0 0.959887

3
1 1 3 0.875837
2 0 0 0.894933
3 0 0 0.848531

5
1 2 1498 0.855112
2 1 2 0.976036
4 0 0 1.03603
5 0 0 0.998512
3 0 0 0.86592

5
1 1 2 0.834286
2 0 5022 0.946539
4 0 0 0.933501
5 0 0 0.998633
3 0 0 0.934162

3
1 2 3315 0.872921
2 0 0 0.836192
3 0 0 0.926

7
1 1 3 0.930565
2 1 2 0.913733
4 0 0 0.905582
5 0 0 0.952211
3 0 7795 0.838712
6 0 0 0.858497
7 0 0 0.964166

3
1 0 9967 0.867776
2 0 0 0.735041
3 0 0 1.10223

3
1 0 1083 0.842196
2 0 0 1.09165
3 0 0 0.876643

3
1 0 7385 0.943513
2 0 0 0.853712
3 0 0 0.878816

3
1 2 1990 0.880141
2 0 0 0.843898
3 0 0 0.994326

7
1 1 2 0.990847
2 2 2848 1.0221
4 0 0 0.95746
5 0 0 1.03328
3 0 4597 1.01895
6 0 0 0.961397
7 0 0 1.03374

5
1 1 4 0.940749
2 0 0 0.992589
3 0 1008 0.868548
6 0 0 0.990046
7 0 0 0.890638

5
1 1 4 0.890463
2 0 0 0.861366
3 2 3150 0.933753
6 0 0 0.86858
7 0 0 0.985673

7
1 0 2706 0.906593
2 1 3 0.940655
4 0 0 0.961834
5 0 0 0.883329
3 0 3040 1.00146
6 0 0 1.01786
7 0 0 1.03412

1
1 0 0 0.850096

3
1 2 3781 0.822698
2 0 0 0.815029
3 0 0 0.809722

3
1 2 368 0.866117
2 0 0 1.08687
3 0 0 0.820832

3
1 0 4496 0.87614
2 0 0 0.894008
3 0 0 0.982287

3
1 1 2 0.901511
2 0 0 1.04396
3 0 0 0.863422

5
1 2 1259 0.998549
2 1 1 1.08203
4 0 0 1.0204
5 0 0 1.05017
3 0 0 0.908752

1
1 0 0 0.832463

5
1 0 3151 0.958035
2 0 0 0.868264
3 0 5261 0.974633
6 0 0 0.891131
7 0 0 1.02015

3
1 2 3480 0.980821
2 0 0 1.04682
3 0 0 1.01888

3
1 0 9385 0.852347
2 0 0 0.85183
3 0 0 1.04526

3
1 0 8977 0.791255
2 0 0 0.878884
3 0 0 1.00933

3
1 0 9061 0.797588
2 0 0 0.786472
3 0 0 0.8849

3
1 0 419 0.804472
2 0 0 0.990743
3 0 0 0.817262

3
1 2 3217 0.887623
2 0 0 0.857184
3 0 0 0.82957

3
1 0 9432 0.927915
2 0 0 0.934341
3 0 0 0.960814

5
1 2 2173 0.916403
2 0 0 1.03815
3 1 2 0.922774
6 0 0 0.951102
7 0 0 0.93669

7
1 0 7020 0.873956
2 0 5956 0.874856
4 0 0 0.837723
5 0 0 1.09064
3 2 3404 1.04967
6 0 0 1.13848
7 0 0 1.0065

1
1 0 0 0.839405

5
1 0 5838 0.925936
2 1 1 1.0017
4 0 0 0.890511
5 0 0 0.985778
3 0 0 0.867911

1
1 0 0 0.782634

3
1 0 4880 0.909186
2 0 0 0.892729
3 0 0 0.998739

1
1 0 0 0.793639

3
1 0 2912 0.926705
2 0 0 0.882968
3 0 0 1.03645

3
1 0 196 0.867167
2 0 0 0.945836
3 0 0 0.878221

5
1 2 4172 0.958708
2 2 160 0.978017
4 0 0 1.05484
5 0 0 0.944669
3 0 0 0.86101

3
1 0 1759 0.79341
2 0 0 1.00939
3 0 0 0.862128

5
1 0 3243 0.856137
2 0 0 0.890068
3 0 6022 0.992711
6 0 0 0.9368
7 0 0 0.977136

1
1 0 0 0.787412

3
1 1 3 0.81043
2 0 0 0.899869
3 0 0 0.954852

1
1 0 0 0.799509

1
1 0 0 0.875003

3
1 1 3 0.949862
2 0 0 0.865964
3 0 0 0.876843

3
1 0 967 0.823788
2 0 0 0.962607
3 0 0 0.844994

1
1 0 0 0.817679

3
1 0 1559 0.85758
2 0 0 0.955775
3 0 0 0.66442

3
1 1 3 0.885247
2 0 0 0.928228
3 0 0 0.985017

3
1 2 264 0.885002
2 0 0 0.896219
3 0 0 0.92937

3
1 0 7209 0.957658
2 0 0 0.827534
3 0 0 0.963507

3
1 0 4683 0.918204
2 0 0 0.82709
3 0 0 1.04862

3
1 1 4 0.89852
2 0 0 0.824477
3 0 0 0.972681

1
1 0 0 0.845038

5
1 2 1362 0.902363
2 0 0 0.839005
3 0 9873 0.937377
6 0 0 0.911111
7 0 0 0.947315

1
1 0 0 0.789242

3
1 0 8274 0.867813
2 0 0 0.862562
3 0 0 0.921582

3
1 0 1958 0.829001
2 0 0 1.00481
3 0 0 0.935344

1
1 0 0 0.730392

3
1 0 656 0.911274
2 0 0 1.04211
3 0 0 0.900135

3
1 0 6525 0.906271
2 0 0 0.864407
3 0 0 1.06854

3
1 0 7261 0.834457
2 0 0 0.942079
3 0 0 0.935872

5
1 1 4 0.807595
2 0 0 0.845598
3 2 139 0.93977
6 0 0 0.981934
7 0 0 0.987019

3
1 0 4511 0.896211
2 0 0 0.873059
3 0 0 0.957595

3
1 2 314 0.892313
2 0 0 1.01173
3 0 0 0.883323

3
1 1 2 0.879006
2 0 0 0.990653
3 0 0 0.99019

3
1 2 4992 0.903987
2 0 0 0.834881
3 0 0 0.969926

1
1 0 0 0.87425

5
1 0 1267 0.893648
2 2 2947 1.02693
4 0 0 0.958675
5 0 0 1.09661
3 0 0 0.863372

3
1 2 1127 0.856185
2 0 0 0.94121
3 0 0 0.861967

5
1 0 9414 0.82759
2 0 0 0.845696
3 2 4654 0.991432
6 0 0 0.984696
7 0 0 1.00928

3
1 2 1017 0.796058
2 0 0 0.944939
3 0 0 0.766141

7
1 0 8763 0.963914
2 2 3993 0.935811
4 0 0 0.930495
5 0 0 0.853015
3 0 9648 0.96705
6 0 0 0.988451
7 0 0 1.07445

5
1 0 5036 0.865791
2 0 0 0.875088
3 2 4774 0.920256
6 0 0 0.878359
7 0 0 0.89294

3
1 0 9913 0.821313
2 0 0 0.786424
3 0 0 0.82291

5
1 0 810 0.775085
2 2 4275 0.974862
4 0 0 0.939833
5 0 0 1.0417
3 0 0 0.781284

3
1 2 1437 0.905465
2 0 0 0.860295
3 0 0 0.916162

3
1 1 2 0.907999
2 0 0 0.854568
3 0 0 0.960915

1
1 0 0 0.832662

9
1 1 3 0.906182
2 2 3880 0.895166
4 2 1801 0.988422
8 0 0 0.941798
9 0 0 1.06812
5 1 1 0.972921
10 0 0 0.979028
11 0 0 0.877824
3 0 0 0.925306

5
1 2 2399 0.862222
2 1 1 0.887564
4 0 0 1.10681
5 0 0 0.850564
3 0 0 0.889654

3
1 0 3810 0.92475
2 0 0 0.724272
3 0 0 1.06808

5
1 0 8948 0.784369
2 0 0 0.942567
3 1 3 1.0352
6 0 0 1.06935
7 0 0 0.979756

7
1 0 9878 0.690733
2 0 0 0.696497
3 0 9903 0.965683
6 0 0 0.954246
7 1 4 1.05903
14 0 0 1.0294
15 0 0 1.05814

1
1 0 0 0.844643

3
1 0 8150 0.853482
2 0 0 0.848989
3 0 0 0.927042

3
1 2 12 0.782176
2 0 0 1.1331
3 0 0 0.881493

3
1 2 430 0.876219
2 0 0 1.1777
3 0 0 0.98343

1
1 0 0 0.768583

5
1 0 1604 0.732062
2 0 1003 0.926629
4 0 0 0.972246
5 0 0 1.04338
3 0 0 0.759822

3
1 0 9539 0.827157
2 0 0 0.78931
3 0 0 1.01097

3
1 1 3 0.886079
2 0 0 0.945242
3 0 0 1.02834

3
1 0 9536 0.840101
2 0 0 0.85715
3 0 0 0.965912

1
1 0 0 0.833824

3
1 0 9948 0.799684
2 0 0 0.886289
3 0 0 0.918373

7
1 0 8750 0.858717
2 0 0 0.889885
3 0 9661 0.959162
6 0 0 0.966663
7 1 1 1.08587
14 0 0 0.864865
15 0 0 0.948093

1
1 0 0 0.821484

3
1 2 152 0.8421
2 0 0 0.979589
3 0 0 0.742468

3
1 0 3838 0.939938
2 0 0 0.885072
3 0 0 1.064

3
1 1 1 0.835266
2 0 0 1.03073
3 0 0 0.794202

5
1 1 2 0.886581
2 1 1 0.984996
4 0 0 0.922123
5 0 0 0.987854
3 0 0 0.887564

3
1 2 49 0.900125
2 0 0 1.03467
3 0 0 0.921921

3
1 0 4589 0.965105
2 0 0 0.848567
3 0 0 1.0638

1
1 0 0 0.941083

5
1 0 828 0.877985
2 0 302 0.944117
4 0 0 1.11021
5 0 0 0.970165
3 0 0 0.885437

3
1 1 4 0.88241
2 0 0 0.813638
3 0 0 1.02254

3
1 0 2713 0.83383
2 0 0 0.867533
3 0 0 0.845943

3
1 2 550 0.895902
2 0 0 0.881445
3 0 0 0.817708

3
1 2 4153 0.909669
2 0 0 0.863367
3 0 0 0.906173

3
1 0 7247 0.864628
2 0 0 0.879805
3 0 0 0.962819

3
1 2 4536 0.860615
2 0 0 0.896001
3 0 0 0.901637

3
1 0 1322 0.894099
2 0 0 1.07973
3 0 0 0.86375

3
1 0 9858 0.831653
2 0 0 0.850344
3 0 0 0.915309

5
1 2 3729 0.960658
2 0 0 0.940254
3 1 4 0.902308
6 0 0 0.8897
7 0 0 1.09588

5
1 0 8780 0.907358
2 0 3893 0.939401
4 0 0 0.896102
5 0 0 1.01995
3 0 0 0.953205

1
1 0 0 0.90336

3
1 1 1 0.912985
2 0 0 0.925923
3 0 0 0.980576

3
1 0 1435 0.94993
2 0 0 1.0365
3 0 0 0.920144

5
1 1 2 0.865902
2 2 429 1.06585
4 0 0 1.0438
5 0 0 1.05105
3 0 0 0.952681

3
1 0 151 0.866292
2 0 0 0.961604
3 0 0 0.861006

3
1 2 3475 0.912274
2 0 0 0.923761
3 0 0 0.888858

3
1 0 670 0.829084
2 0 0 1.08035
3 0 0 0.776896

5
1 2 4442 0.960408
2 0 7397 0.962287
4 0 0 0.784934
5 0 0 1.07313
3 0 0 0.962405

5
1 2 3615 1.01599
2 2 2654 0.897103
4 0 0 0.955543
5 0 0 0.860964
3 0 0 0.847691

5
1 2 3774 0.905541
2 0 0 0.907696
3 0 6670 1.03845
6 0 0 1.10703
7 0 0 1.01937

3
1 0 9336 0.917197
2 0 0 0.881601
3 0 0 0.975863

7
1 0 8947 0.845868
2 0 6445 0.880065
4 0 0 0.841772
5 0 0 0.992857
3 0 8980 1.01699
6 0 0 0.979207
7 0 0 1.05454

3
1 0 1927 0.95533
2 0 0 0.932408
3 0 0 0.90272

3
1 1 3 0.854781
2 0 0 0.948961
3 0 0 0.977946

3
1 0 9984 0.804923
2 0 0 0.788374
3 0 0 0.983357

3
1 2 1471 0.874888
2 0 0 0.945335
3 0 0 0.978581

1
1 0 0 0.814987

3
1 1 4 0.876332
2 0 0 1.02623
3 0 0 0.98215

3
1 2 19 0.883819
2 0 0 1.10041
3 0 0 0.836322

3
1 0 6511 0.840302
2 0 0 0.881917
3 0 0 0.959628

1
1 0 0 0.78029

3
1 1 3 0.891022
2 0 0 0.847027
3 0 0 1.00013

5
1 1 2 0.881665
2 2 3519 0.98016
4 0 0 0.956937
5 0 0 0.910871
3 0 0 0.915891

3
1 0 4242 0.891601
2 0 0 0.893569
3 0 0 0.956285

3
1 0 4037 0.89918
2 0 0 0.895693
3 0 0 1.034

1
1 0 0 0.863313

3
1 0 442 0.821493
2 0 0 1.03561
3 0 0 0.797829

3
1 2 798 0.903686
2 0 0 1.01907
3 0 0 0.87468

1
1 0 0 0.82765

1
1 0 0 0.830906

3
1 0 4399 1.0247
2 0 0 0.832916
3 0 0 0.911564

3
1 0 2475 0.854378
2 0 0 0.821009
3 0 0 0.950158

3
1 0 4231 0.901448
2 0 0 0.822831
3 0 0 0.995927

3
1 0 3480 0.884612
2 0 0 0.869834
3 0 0 1.00487

1
1 0 0 0.826924

3
1 0 681 0.824126
2 0 0 0.943368
3 0 0 0.842404

5
1 2 2537 0.873059
2 0 0 0.916065
3 1 4 0.922551
6 0 0 0.792013
7 0 0 1.09905

3
1 0 701 0.79357
2 0 0 0.968441
3 0 0 0.857195

1
1 0 0 0.709802

1
1 0 0 0.886846

1
1 0 0 0.862882

5
1 1 1 0.921562
2 0 99 1.0301
4 0 0 1.02821
5 0 0 1.07988
3 0 0 0.912615

3
1 2 5303 0.873573
2 0 0 0.879603
3 0 0 0.982515

3
1 2 245 0.767164
2 0 0 0.954124
3 0 0 0.764153

5
1 0 1483 0.776768
2 1 1 0.93983
4 0 0 0.916271
5 0 0 1.05786
3 0 0 0.867916

1
1 0 0 0.841218

3
1 2 4248 0.907923
2 0 0 0.910046
3 0 0 0.918194

3
1 2 1225 0.947269
2 0 0 0.885394
3 0 0 1.0121

1
1 0 0 0.899587

5
1 0 131 0.829219
2 0 0 0.914265
3 0 749 0.762316
6 0 0 1.08246
7 0 0 0.831057

5
1 2 1660 0.961182
2 0 0 0.977115
3 2 4848 0.831419
6 0 0 0.80032
7 0 0 0.782792

3
1 0 6089 0.760301
2 0 0 0.788327
3 0 0 0.846464

3
1 2 577 0.891012
2 0 0 0.894534
3 0 0 0.876819

5
1 0 6217 0.986593
2 0 2892 0.943358
4 0 0 0.913716
5 0 0 0.979691
3 0 0 1.09079

3
1 2 213 0.767956
2 0 0 1.03034
3 0 0 0.813717

3
1 0 9049 0.827787
2 0 0 0.756891
3 0 0 1.08365

5
1 0 155 0.857323
2 1 1 1.03565
4 0 0 0.941446
5 0 0 0.942215
3 0 0 0.876938

3
1 2 1645 0.912653
2 0 0 0.927176
3 0 0 0.943167

5
1 0 5514 0.989254
2 0 3211 1.02192
4 0 0 0.9558
5 0 0 1.07394
3 0 0 1.01288

3
1 0 7571 0.917573
2 0 0 0.872387
3 0 0 0.896171

3
1 1 3 1.00889
2 0 0 1.00549
3 0 0 1.01705

3
1 0 401 0.82033
2 0 0 1.04462
3 0 0 0.781476

3
1 1 1 0.84866
2 0 0 0.922837
3 0 0 0.809666

5
1 2 72 0.777129
2 2 21 0.942269
4 0 0 0.997175
5 0 0 0.90533
3 0 0 0.89234

3
1 0 8910 0.721366
2 0 0 0.844964
3 0 0 1.08126

1
1 0 0 0.78235

3
1 0 8317 0.842477
2 0 0 0.864426
3 0 0 0.872604

7
1 1 2 0.869594
2 0 9636 0.800385
4 0 0 0.885091
5 0 0 1.01847
3 0 561 0.950496
6 0 0 1.04941
7 0 0 0.877329

3
1 0 9020 0.808533
2 0 0 0.837088
3 0 0 1.0483

3
1 0 443 0.791476
2 0 0 1.04461
3 0 0 0.793274

3
1 0 7514 0.776981
2 0 0 0.759461
3 0 0 0.953877

3
1 0 9594 0.857178
2 0 0 0.755998
3 0 0 1.04373

5
1 0 684 0.936494
2 0 0 1.14257
3 0 9890 0.948478
6 0 0 0.889193
7 0 0 1.1105

5
1 1 4 0.862024
2 0 0 0.888796
3 2 5244 0.940276
6 0 0 1.06326
7 0 0 0.994773

5
1 0 3906 0.930734
2 1 4 0.856206
4 0 0 0.833984
5 0 0 0.87772
3 0 0 0.991962

3
1 0 4442 0.920038
2 0 0 0.75488
3 0 0 0.991354

1
1 0 0 0.860821

3
1 1 4 0.879318
2 0 0 0.890821
3 0 0 0.889855

3
1 0 6589 0.841783
2 0 0 0.837137
3 0 0 0.868399

3
1 1 3 0.923778
2 0 0 0.868071
3 0 0 1.08087

3
1 1 1 0.825217
2 0 0 0.867877
3 0 0 0.801411

3
1 0 9878 0.883984
2 0 0 0.862397
3 0 0 0.964396

5
1 0 828 0.877249
2 2 3420 0.946291
4 0 0 0.98137
5 0 0 0.922713
3 0 0 0.889611

3
1 0 8867 0.828758
2 0 0 0.82832
3 0 0 0.955194

1
1 0 0 0.883655

7
1 2 205 0.830505
2 1 4 0.967877
4 0 0 0.992996
5 0 7117 1.05093
10 0 0 1.04482
11 0 0 1.01187
3 0 0 0.752408

1
1 0 0 0.806239

3
1 0 4589 0.965105
2 0 0 0.782721
3 0 0 0.965136

1
1 0 0 0.774851

3
1 2 4564 0.928274
2 0 0 0.925536
3 0 0 1.15203

3
1 1 4 0.881904
2 0 0 0.924376
3 0 0 1.0091

3
1 1 4 1.00894
2 0 0 1.00078
3 0 0 0.885954

3
1 1 3 0.913381
2 0 0 0.998377
3 0 0 1.01753

5
1 0 9657 0.819389
2 0 0 0.738278
3 2 3292 0.970204
6 0 0 1.0679
7 0 0 1.06351

3
1 2 5362 0.909449
2 0 0 0.932281
3 0 0 0.919732

3
1 0 1383 0.89011
2 0 0 1.02712
3 0 0 0.872552

1
1 0 0 0.74343

3
1 2 2077 0.915454
2 0 0 0.985143
3 0 0 0.790274

3
1 0 2265 0.919401
2 0 0 1.04268
3 0 0 0.968802

5
1 1 4 0.854288
2 2 531 0.889462
4 0 0 1.07008
5 0 0 0.870402
3 0 0 1.02373

9
1 0 1038 0.821676
2 1 1 0.950934
4 2 985 0.979116
8 0 0 0.940907
9 0 0 0.926687
5 2 1278 0.965633
10 0 0 0.955011
11 0 0 1.1078
3 0 0 0.897843

3
1 0 8861 0.874604
2 0 0 0.801557
3 0 0 0.931

3
1 0 70 0.854735
2 0 0 1.02222
3 0 0 0.819095

5
1 0 3444 0.945323
2 1 1 0.974612
4 0 0 0.904707
5 0 0 1.00387
3 0 0 1.08594

5
1 0 706 0.846658
2 2 5040 0.87162
4 0 0 0.908769
5 0 0 0.884418
3 0 0 0.863318

3
1 2 4071 0.881244
2 0 0 0.930842
3 0 0 0.97468

3
1 0 5802 0.840004
2 0 0 0.92957
3 0 0 0.938557

3
1 0 7949 0.910221
2 0 0 0.845753
3 0 0 1.01782

3
1 1 4 0.830955
2 0 0 0.926377
3 0 0 0.929905

3
1 0 5606 0.868522
2 0 0 0.846554
3 0 0 1.09726

3
1 2 5002 0.893259
2 0 0 0.887043
3 0 0 0.966118

5
1 2 168 0.836135
2 2 150 0.930787
4 0 0 0.931516
5 0 0 0.979643
3 0 0 0.846051

7
1 0 3211 0.848522
2 1 4 0.921391
4 0 0 0.909617
5 0 1298 0.953242
10 0 0 0.999246
11 0 0 0.874072
3 0 0 1.0375

3
1 0 4383 0.873899
2 0 0 0.834626
3 0 0 0.926461

3
1 2 1152 0.914
2 0 0 0.982593
3 0 0 0.86045

1
1 0 0 0.941012

5
1 2 4007 0.873904
2 0 0 0.910223
3 2 5087 0.957057
6 0 0 0.95035
7 0 0 1.03371

7
1 2 2457 0.920616
2 2 1186 1.06573
4 0 0 0.888052
5 0 0 1.27846
3 0 2819 0.981856
6 0 0 0.971382
7 0 0 1.11284

1
1 0 0 0.858283

3
1 1 4 0.802141
2 0 0 0.828473
3 0 0 1.00868

1
1 0 0 0.874346

3
1 0 1547 0.876723
2 0 0 1.0268
3 0 0 0.875301

7
1 2 102 0.886349
2 2 79 1.01441
4 0 0 1.09284
5 0 0 0.957126
3 0 9300 0.866119
6 0 0 0.78593
7 0 0 1.02263

3
1 0 7215 0.844343
2 0 0 0.85618
3 0 0 0.967184

3
1 0 1631 0.885913
2 0 0 0.957591
3 0 0 0.876915

5
1 0 495 0.927274
2 0 0 0.988306
3 0 8734 0.781302
6 0 0 0.811204
7 0 0 0.902515

3
1 2 373 0.84902
2 0 0 0.852911
3 0 0 0.958509

3
1 2 1578 0.837263
2 0 0 0.877764
3 0 0 0.991475

3
1 0 4028 0.872696
2 0 0 0.825204
3 0 0 0.933931

1
1 0 0 0.857045

3
1 0 1130 0.883038
2 0 0 1.02797
3 0 0 0.862528

11
1 1 1 0.842707
2 2 5207 0.990747
4 0 0 1.14385
5 0 0 0.972564
3 0 1073 0.841895
6 0 779 1.02273
12 0 0 0.941244
13 2 1622 1.07934
26 0 0 1.03207
27 0 0 0.940837
7 0 0 0.863939

5
1 2 4062 0.921812
2 0 6169 0.943442
4 0 0 0.862157
5 0 0 0.964714
3 0 0 0.840718

1
1 0 0 0.819836

5
1 0 642 0.852988
2 1 1 0.949665
4 0 0 0.989778
5 0 0 0.868037
3 0 0 0.944323

3
1 0 6239 0.757578
2 0 0 0.708351
3 0 0 0.844343

3
1 2 1077 0.752085
2 0 0 0.985339
3 0 0 0.828876

3
1 0 4644 0.814701
2 0 0 0.852866
3 0 0 0.971182

3
1 0 79 0.857906
2 0 0 1.08602
3 0 0 0.779886

3
1 1 3 0.954401
2 0 0 0.954894
3 0 0 0.945789

5
1 0 1576 0.764712
2 2 276 0.93382
4 0 0 0.967509
5 0 0 0.901493
3 0 0 0.819577

3
1 0 215 0.847199
2 0 0 1.0809
3 0 0 0.756851

5
1 1 4 0.937117
2 0 0 0.880764
3 2 5196 1.01595
6 0 0 0.972613
7 0 0 0.966633

5
1 0 3106 0.864038
2 0 0 0.871227
3 2 602 1.11392
6 0 0 1.07123
7 0 0 1.10636

3
1 1 3 0.910688
2 0 0 0.890126
3 0 0 0.920448

1
1 0 0 0.763557

5
1 0 4057 0.903187
2 0 1577 0.829986
4 0 0 0.94139
5 0 0 0.759604
3 0 0 0.889203

3
1 0 8213 0.826939
2 0 0 0.824016
3 0 0 1.03196

1
1 0 0 0.841742

3
1 0 5820 0.887663
2 0 0 0.792955
3 0 0 0.853337

3
1 1 2 0.871524
2 0 0 0.892809
3 0 0 0.903793

1
1 0 0 0.797493

3
1 2 764 0.895665
2 0 0 0.915987
3 0 0 0.895713

3
1 2 856 0.981217
2 0 0 0.987362
3 0 0 0.90531

3
1 1 3 0.894045
2 0 0 0.926553
3 0 0 0.860376

1
1 0 0 0.892699

3
1 0 155 0.857323
2 0 0 1.03084
3 0 0 0.81507

1
1 0 0 0.787888

3
1 2 3311 0.853224
2 0 0 0.927765
3 0 0 0.931209

1
1 0 0 0.863245

5
1 2 2459 0.941213
2 0 0 0.913304
3 2 3162 0.945798
6 0 0 1.06491
7 0 0 0.881087

3
1 1 3 0.864959
2 0 0 0.940655
3 0 0 0.887894

1
1 0 0 0.751807

1
1 0 0 0.935117

3
1 0 7668 0.908864
2 0 0 0.921376
3 0 0 0.911358

3
1 0 8332 0.877286
2 0 0 0.934747
3 0 0 0.924427

3
1 2 1356 0.936399
2 0 0 1.01743
3 0 0 0.884342

3
1 1 4 0.957035
2 0 0 0.863792
3 0 0 1.06371

5
1 1 4 0.919716
2 0 0 0.905912
3 2 4001 1.0028
6 0 0 1.06163
7 0 0 0.999079

3
1 2 4594 0.811638
2 0 0 0.87504
3 0 0 0.882891

3
1 0 156 0.823276
2 0 0 1.08265
3 0 0 0.741805

3
1 1 3 0.866915
2 0 0 0.86987
3 0 0 0.885897

3
1 0 1019 0.824005
2 0 0 0.904652
3 0 0 1.00119

3
1 0 9743 0.812253
2 0 0 0.878728
3 0 0 1.13892

3
1 1 4 0.855469
2 0 0 0.853876
3 0 0 0.941904

3
1 0 2754 0.846503
2 0 0 0.92083
3 0 0 1.02079

7
1 2 75 0.655241
2 1 4 0.980206
4 2 20 1.03372
8 0 0 1.11855
9 0 0 0.974539
5 0 0 1.13981
3 0 0 0.712651

5
1 0 5930 0.775378
2 0 0 0.799295
3 1 3 0.96382
6 0 0 0.93354
7 0 0 1.0056

3
1 2 135 0.885422
2 0 0 0.924599
3 0 0 0.821738

3
1 1 4 0.910981
2 0 0 0.875265
3 0 0 0.875268

9
1 1 4 1.00917
2 0 0 0.87189
3 0 6265 0.945895
6 2 875 0.947669
12 0 0 0.983548
13 0 0 1.02633
7 2 1525 0.871169
14 0 0 0.962577
15 0 0 0.910674

3
1 1 3 0.892684
2 0 0 0.868323
3 0 0 0.876403

5
1 0 828 0.877249
2 0 715 1.02498
4 0 0 0.892115
5 0 0 1.00942
3 0 0 0.826036

3
1 0 9719 0.903918
2 0 0 0.903078
3 0 0 1.11781

3
1 0 9783 0.724229
2 0 0 0.73846
3 0 0 0.969818

3
1 0 8314 0.934819
2 0 0 0.858808
3 0 0 0.899875

3
1 0 8090 0.862408
2 0 0 0.939405
3 0 0 1.04449

3
1 0 1719 0.832164
2 0 0 1.06382
3 0 0 0.896474

5
1 0 247 0.76074
2 2 3685 0.934417
4 0 0 1.1448
5 0 0 1.01139
3 0 0 0.794767

1
1 0 0 0.837927

5
1 0 1377 0.790748
2 0 585 0.880161
4 0 0 0.95766
5 0 0 1.22166
3 0 0 0.749672

3
1 0 9201 0.943619
2 0 0 0.832021
3 0 0 1.04713

3
1 0 2369 0.898244
2 0 0 0.86666
3 0 0 0.973303

1
1 0 0 0.864305

3
1 2 518 0.851788
2 0 0 1.03068
3 0 0 0.959912

3
1 1 1 0.880469
2 0 0 0.977183
3 0 0 0.74392

1
1 0 0 0.865885

3
1 0 102 1.00989
2 0 0 0.96393
3 0 0 0.92703

5
1 2 4820 0.881147
2 0 0 1.01068
3 2 5395 0.954196
6 0 0 0.893287
7 0 0 1.01631

5
1 0 2234 0.901239
2 0 0 0.981734
3 2 4859 0.995562
6 0 0 1.01729
7 0 0 1.00957

3
1 0 8842 0.888929
2 0 0 0.81997
3 0 0 0.946876

3
1 2 5139 0.824468
2 0 0 0.833582
3 0 0 0.927105

3
1 2 4768 0.793947
2 0 0 0.852867
3 0 0 0.988645

5
1 0 3444 0.945323
2 0 506 0.908593
4 0 0 0.892947
5 0 0 0.892449
3 0 0 0.932072

1
1 0 0 0.834678

3
1 2 2430 0.868715
2 0 0 0.837322
3 0 0 0.947499

5
1 0 4482 0.872261
2 0 0 0.830879
3 0 5484 1.04632
6 0 0 0.943346
7 0 0 0.972241

1
1 0 0 0.859049

3
1 1 1 0.930231
2 0 0 0.93211
3 0 0 0.963277

5
1 0 2681 0.889702
2 0 0 0.800862
3 2 3993 1.0074
6 0 0 1.00492
7 0 0 0.912128

5
1 2 5241 0.875029
2 0 0 0.910161
3 1 2 0.856665
6 0 0 1.06236
7 0 0 1.0335

3
1 0 6166 0.810488
2 0 0 0.868928
3 0 0 1.00321

5
1 0 265 0.779869
2 0 213 1.02758
4 0 0 1.0071
5 0 0 1.07129
3 0 0 0.734863

3
1 0 8915 0.88663
2 0 0 0.847577
3 0 0 0.93859

3
1 0 3879 0.858985
2 0 0 0.822173
3 0 0 1.15249

3
1 1 2 0.926852
2 0 0 0.975458
3 0 0 0.858002

3
1 2 5205 0.867501
2 0 0 0.851146
3 0 0 0.972142

3
1 2 4671 0.971485
2 0 0 0.98771
3 0 0 0.979377

5
1 0 2485 0.887286
2 0 0 0.918102
3 1 4 0.906176
6 0 0 0.916845
7 0 0 0.858486

3
1 0 1392 0.910412
2 0 0 1.01143
3 0 0 0.885698

3
1 2 1515 0.860699
2 0 0 0.997206
3 0 0 0.852605

5
1 0 3860 0.914197
2 0 0 0.717666
3 0 8316 0.979726
6 0 0 0.967253
7 0 0 0.861457

1
1 0 0 0.844512

3
1 0 346 0.829579
2 0 0 1.04529
3 0 0 0.940331

3
1 0 4460 0.923074
2 0 0 0.758756
3 0 0 1.00545

1
1 0 0 0.931566

3
1 0 1511 0.810577
2 0 0 1.05674
3 0 0 0.862771

5
1 0 9654 0.918232
2 0 0 0.867989
3 0 9713 1.1735
6 0 0 1.03622
7 0 0 0.979996

7
1 0 1704 0.892187
2 1 3 0.981285
4 0 0 1.06615
5 1 4 1.15325
10 0 0 1.0218
11 0 0 1.06116
3 0 0 0.922309

3
1 1 4 0.955223
2 0 0 0.962886
3 0 0 0.905338

3
1 1 2 0.918031
2 0 0 1.01869
3 0 0 0.989987

3
1 0 9961 0.814646
2 0 0 0.827374
3 0 0 0.97282

3
1 1 4 0.919047
2 0 0 0.954875
3 0 0 0.89459

3
1 0 615 0.892267
2 0 0 1.06556
3 0 0 0.901951

3
1 2 2397 0.89806
2 0 0 0.933409
3 0 0 0.919516

3
1 0 6239 0.757578
2 0 0 0.726892
3 0 0 0.967249

1
1 0 0 0.891812

3
1 2 286 0.808742
2 0 0 1.03185
3 0 0 0.812334

3
1 1 4 0.800223
2 0 0 0.847074
3 0 0 0.982393

3
1 0 1586 0.916657
2 0 0 1.01227
3 0 0 0.774541

5
1 0 6765 0.937797
2 0 0 0.907076
3 2 2951 1.06746
6 0 0 0.965133
7 0 0 0.97061

3
1 1 4 0.807353
2 0 0 0.823259
3 0 0 0.885575

3
1 2 4198 0.890486
2 0 0 0.928099
3 0 0 0.89952

3
1 1 2 0.878392
2 0 0 0.911367
3 0 0 0.89259

3
1 2 1440 0.780955
2 0 0 0.905721
3 0 0 0.772104

5
1 2 3998 0.889283
2 0 0 0.896617
3 0 9637 0.879747
6 0 0 0.896362
7 0 0 0.972302

5
1 2 4839 0.919798
2 0 0 0.765113
3 2 5362 0.92588
6 0 0 0.92198
7 0 0 0.98289

3
1 0 30 0.827266
2 0 0 0.887735
3 0 0 0.876304

1
1 0 0 0.864306

3
1 0 386 0.79809
2 0 0 0.957988
3 0 0 0.821332

3
1 1 3 0.944348
2 0 0 0.936602
3 0 0 0.941103

3
1 2 5388 0.798069
2 0 0 0.837013
3 0 0 0.940654

3
1 1 4 0.885738
2 0 0 0.879026
3 0 0 0.873158

5
1 2 4934 0.82385
2 0 2234 0.850103
4 0 0 0.863332
5 0 0 0.831249
3 0 0 0.927108

1
1 0 0 0.783919

5
1 0 6514 0.964829
2 2 4416 0.850854
4 0 0 0.90959
5 0 0 0.94254
3 0 0 1.05187

1
1 0 0 0.762206

3
1 2 193 0.809303
2 0 0 1.07716
3 0 0 0.874761

1
1 0 0 0.763406

3
1 2 182 0.84419
2 0 0 0.889186
3 0 0 0.810502

3
1 0 4978 0.839491
2 0 0 0.82037
3 0 0 0.898287

3
1 0 6897 0.804422
2 0 0 0.897196
3 0 0 1.00832

3
1 1 2 0.834697
2 0 0 0.967909
3 0 0 0.933236

5
1 0 9276 0.819459
2 0 0 0.839476
3 2 4982 1.00072
6 0 0 1.10034
7 0 0 1.02586

3
1 1 3 0.913161
2 0 0 0.880448
3 0 0 0.970353

3
1 0 4128 0.927035
2 0 0 0.807513
3 0 0 0.937719

1
1 0 0 0.859594

3
1 2 47 0.912987
2 0 0 1.03136
3 0 0 0.964418

9
1 0 2730 0.942764
2 0 148 0.925168
4 2 1868 0.978482
8 0 0 0.91958
9 0 0 0.998067
5 0 0 0.822397
3 0 8235 0.962615
6 0 0 0.919874
7 0 0 0.885898

7
1 0 6064 0.862808
2 0 1448 0.926644
4 1 1 1.03763
8 0 0 1.0079
9 0 0 0.985672
5 0 0 0.745174
3 0 0 1.03067

5
1 2 4982 0.828478
2 0 1085 0.880952
4 0 0 1.0845
5 0 0 0.875698
3 0 0 0.903195

3
1 0 1786 0.884053
2 0 0 1.20471
3 0 0 0.898359

5
1 0 4471 0.922624
2 0 0 0.779703
3 0 6480 0.984407
6 0 0 1.07089
7 0 0 0.887208

3
1 2 2029 0.83678
2 0 0 0.830882
3 0 0 0.963533

7
1 2 3660 0.900093
2 2 208 0.910981
4 0 0 0.947497
5 0 0 0.861264
3 0 1137 0.931402
6 0 0 0.945074
7 0 0 0.897874

3
1 2 1701 0.891472
2 0 0 0.964163
3 0 0 0.879485

3
1 0 4647 0.933645
2 0 0 0.866507
3 0 0 1.08508

5
1 0 9600 0.892452
2 0 0 0.922667
3 2 2023 1.09498
6 0 0 1.04374
7 0 0 0.973769

1
1 0 0 0.9264

5
1 0 203 0.929179
2 2 4756 1.09087
4 0 0 1.05066
5 0 0 0.939095
3 0 0 0.808128

3
1 2 5384 0.833138
2 0 0 0.877176
3 0 0 1.03782

3
1 2 4674 0.890865
2 0 0 0.864269
3 0 0 1.00367

3
1 2 2915 0.925
2 0 0 0.914485
3 0 0 0.913828

5
1 0 6386 0.828104
2 0 0 0.812248
3 1 4 0.96306
6 0 0 0.991701
7 0 0 1.11072

3
1 2 158 0.826356
2 0 0 0.934997
3 0 0 0.783766

7
1 1 2 0.798991
2 0 0 0.981957
3 2 2011 0.860332
6 0 0 0.837908
7 0 5122 0.907801
14 0 0 0.891004
15 0 0 0.980957

3
1 2 5263 0.764307
2 0 0 0.820722
3 0 0 0.966169

3
1 0 4560 0.865105
2 0 0 0.746496
3 0 0 0.954225

3
1 0 247 0.76074
2 0 0 0.959983
3 0 0 0.679938

3
1 2 3566 0.836029
2 0 0 0.903085
3 0 0 0.845152

3
1 0 9847 0.774751
2 0 0 0.900709
3 0 0 1.07202

3
1 0 7931 0.923
2 0 0 0.816785
3 0 0 0.968131

1
1 0 0 0.836885

3
1 2 256 0.822358
2 0 0 1.03652
3 0 0 0.836026

3
1 2 4487 0.941922
2 0 0 0.969279
3 0 0 0.969333

3
1 2 3538 1.03312
2 0 0 0.927982
3 0 0 0.863342

5
1 2 132 0.849005
2 0 7038 1.03195
4 0 0 0.986093
5 0 0 0.904808
3 0 0 0.837994

1
1 0 0 0.85386

1
1 0 0 0.912209

3
1 0 22 0.837148
2 0 0 1.11909
3 0 0 0.792116

3
1 0 344 0.92592
2 0 0 0.988254
3 0 0 0.821488

3
1 1 4 0.902831
2 0 0 0.911133
3 0 0 0.945426

3
1 0 8762 0.903522
2 0 0 0.839039
3 0 0 1.03446

3
1 2 2879 0.934466
2 0 0 0.945824
3 0 0 0.932149

1
1 0 0 0.842106

1
1 0 0 0.827307

3
1 2 285 0.91285
2 0 0 0.932134
3 0 0 0.863694

5
1 0 9737 1.02547
2 0 0 0.84483
3 2 4339 0.972029
6 0 0 1.07293
7 0 0 1.01705

3
1 0 2109 0.902327
2 0 0 1.12003
3 0 0 0.861358

3
1 0 8965 0.872531
2 0 0 0.838887
3 0 0 1.00095

5
1 2 60 0.887197
2 1 2 1.03942
4 0 0 0.871187
5 0 0 1.01785
3 0 0 0.901638

3
1 0 1976 0.893957
2 0 0 0.953554
3 0 0 1.1244

1
1 0 0 0.932369

5
1 0 8915 0.88663
2 0 0 0.931892
3 1 4 1.08594
6 0 0 1.04992
7 0 0 1.00812

3
1 1 4 0.822586
2 0 0 0.945604
3 0 0 1.03352

11
1 2 4824 0.885544
2 0 8815 0.905995
4 0 0 0.886763
5 0 0 0.983445
3 0 3854 1.02369
6 0 0 0.952071
7 2 5320 0.948818
14 0 9317 0.944109
28 0 0 0.971074
29 0 0 0.981067
15 0 0 1.06338

3
1 0 9485 0.847507
2 0 0 0.882015
3 0 0 0.998541

5
1 1 2 0.952767
2 0 6765 0.966269
4 0 0 0.997349
5 0 0 0.898325
3 0 0 1.0034

5
1 2 629 0.879987
2 0 0 0.949012
3 0 5844 0.836374
6 0 0 0.835102
7 0 0 0.866684

3
1 0 7211 0.943486
2 0 0 0.820816
3 0 0 0.907128

3
1 2 4535 0.82023
2 0 0 0.890232
3 0 0 0.850371

3
1 1 1 0.844347
2 0 0 0.948423
3 0 0 0.957854

5
1 2 5018 1.03326
2 0 0 0.915504
3 0 415 0.970202
6 0 0 1.01668
7 0 0 0.999867

1
1 0 0 0.794701

5
1 1 3 0.866272
2 1 2 0.865363
4 0 0 0.926299
5 0 0 0.899763
3 0 0 0.960009

3
1 0 93 0.785302
2 0 0 0.979845
3 0 0 0.787047

7
1 2 416 0.895925
2 2 15 0.916633
4 0 0 1.08039
5 2 348 0.918156
10 0 0 0.926741
11 0 0 0.934979
3 0 0 0.949652

3
1 1 1 0.889337
2 0 0 0.973674
3 0 0 0.934498

1
1 0 0 0.842881

3
1 0 2614 0.926459
2 0 0 0.863934
3 0 0 0.883384

3
1 2 1125 0.876466
2 0 0 0.944603
3 0 0 0.874965

3
1 0 4262 0.897326
2 0 0 0.797212
3 0 0 0.978066

5
1 2 4378 0.879806
2 2 4036 0.95283
4 0 0 0.963983
5 0 0 1.02287
3 0 0 0.929024

3
1 0 2401 0.83643
2 0 0 0.799101
3 0 0 0.831781

3
1 0 9668 0.85997
2 0 0 0.804144
3 0 0 1.08601

3
1 0 4078 0.907652
2 0 0 0.824677
3 0 0 1.14953

3
1 2 3812 0.883126
2 0 0 0.966068
3 0 0 0.981771

7
1 1 4 0.922408
2 0 2120 0.871632
4 0 0 0.924138
5 0 0 0.978629
3 2 3208 1.10531
6 0 0 1.04889
7 0 0 0.96124

3
1 2 7 0.896292
2 0 0 1.12663
3 0 0 0.813913

5
1 0 4788 0.879211
2 0 0 0.830656
3 2 5033 0.997101
6 0 0 1.01169
7 0 0 1.02974

1
1 0 0 0.925228

3
1 2 175 0.787895
2 0 0 1.00899
3 0 0 0.812783

5
1 2 3733 0.873988
2 0 0 0.931655
3 2 5015 0.883099
6 0 0 0.84874
7 0 0 0.804754

3
1 1 4 0.850129
2 0 0 0.859332
3 0 0 1.04579

3
1 1 3 0.860484
2 0 0 0.815064
3 0 0 1.00924

5
1 0 9063 0.940453
2 0 8434 0.86916
4 0 0 0.829699
5 0 0 0.9821
3 0 0 0.926353

3
1 0 1653 0.812548
2 0 0 0.884859
3 0 0 0.767829

3
1 2 30 0.854166
2 0 0 0.995076
3 0 0 0.85527

3
1 2 66 0.764672
2 0 0 0.984423
3 0 0 0.761411

5
1 0 9322 0.846086
2 0 0 0.86714
3 1 3 1.07354
6 0 0 0.934958
7 0 0 0.923687

1
1 0 0 0.798165

3
1 0 1306 0.796502
2 0 0 0.986159
3 0 0 0.83955

3
1 0 3265 0.896892
2 0 0 0.809195
3 0 0 0.968177

3
1 2 111 0.831875
2 0 0 0.970099
3 0 0 0.87848

5
1 0 3498 0.85481
2 0 0 0.89751
3 2 106 0.969083
6 0 0 0.892218
7 0 0 0.950976

3
1 2 5273 0.854556
2 0 0 0.84038
3 0 0 0.937642

3
1 1 2 0.862577
2 0 0 0.876978
3 0 0 0.857758

3
1 0 1073 0.77404
2 0 0 0.966418
3 0 0 0.867976

3
1 0 202 0.866372
2 0 0 1.0097
3 0 0 0.823006

3
1 0 1554 0.876937
2 0 0 1.04197
3 0 0 0.907156

3
1 0 897 0.724799
2 0 0 0.972851
3 0 0 0.664544

1
1 0 0 0.820533

3
1 0 7386 0.886417
2 0 0 0.986159
3 0 0 1.05338

3
1 0 7063 0.930545
2 0 0 0.90406
3 0 0 0.9085

3
1 1 4 0.829388
2 0 0 0.796596
3 0 0 0.9038

3
1 0 9630 0.843508
2 0 0 0.78259
3 0 0 1.04196

3
1 0 6887 0.909254
2 0 0 0.900536
3 0 0 1.11268

5
1 2 2775 0.83868
2 0 0 0.852018
3 2 3771 0.890413
6 0 0 1.07594
7 0 0 0.904103

3
1 2 2503 0.853429
2 0 0 0.957361
3 0 0 0.780319

3
1 2 905 0.825647
2 0 0 0.92387
3 0 0 0.81101

3
1 0 6455 0.946314
2 0 0 0.78387
3 0 0 1.07772

3
1 2 2677 0.871274
2 0 0 0.882829
3 0 0 0.927913

3
1 2 3541 0.888303
2 0 0 0.855918
3 0 0 0.892742

3
1 1 4 0.925809
2 0 0 0.919757
3 0 0 0.983599

3
1 0 9885 0.790921
2 0 0 0.833727
3 0 0 1.01302

3
1 2 1461 0.877306
2 0 0 0.998106
3 0 0 0.868931

1
1 0 0 0.860968

1
1 0 0 0.827763

3
1 2 400 0.958607
2 0 0 1.07137
3 0 0 0.937003

1
1 0 0 0.915965

3
1 0 8880 0.872614
2 0 0 0.873016
3 0 0 0.855552

5
1 2 3503 0.908609
2 2 1264 0.912112
4 0 0 0.883927
5 0 0 0.983153
3 0 0 0.935654

3
1 0 9572 0.887903
2 0 0 0.904211
3 0 0 1.01346

3
1 2 1131 0.871349
2 0 0 0.921669
3 0 0 0.895715

3
1 0 3660 0.915457
2 0 0 0.792303
3 0 0 1.02528

5
1 2 322 0.9041
2 2 197 0.991196
4 0 0 0.877059
5 0 0 1.02245
3 0 0 0.799695

9
1 0 859 0.797677
2 0 0 1.0954
3 0 9158 0.919286
6 2 3804 0.895065
12 0 0 0.954589
13 0 1284 0.880621
26 0 0 0.969126
27 0 0 0.959647
7 0 0 0.984174

3
1 2 3059 0.929203
2 0 0 0.933984
3 0 0 0.845259

3
1 0 696 0.904083
2 0 0 0.855925
3 0 0 0.881889

5
1 0 9468 0.768553
2 0 0 0.858138
3 2 4781 1.03769
6 0 0 1.05858
7 0 0 0.873864

3
1 2 5159 0.840352
2 0 0 0.842212
3 0 0 0.96674

3
1 2 2772 0.84031
2 0 0 0.78822
3 0 0 0.860042

1
1 0 0 0.782781

3
1 1 4 0.870126
2 0 0 0.848294
3 0 0 0.964966

3
1 0 6353 0.835494
2 0 0 0.794189
3 0 0 0.979537

3
1 0 6484 0.874691
2 0 0 0.843604
3 0 0 0.981199

5
1 2 4685 0.859495
2 0 0 0.780572
3 1 4 0.944845
6 0 0 0.989237
7 0 0 1.11434

11
1 1 3 0.902499
2 2 4714 0.821418
4 2 393 0.883794
8 1 1 1.02366
16 0 0 0.986741
17 0 0 0.911679
9 0 0 0.890026
5 0 0 1.01125
3 0 4407 0.874231
6 0 0 0.889011
7 0 0 0.950594

5
1 2 2251 0.969557
2 0 0 0.836546
3 0 8785 0.937055
6 0 0 0.95565
7 0 0 1.06907

5
1 2 1845 0.885207
2 0 0 0.894945
3 1 2 0.85573
6 0 0 0.917334
7 0 0 0.854929

7
1 0 8882 0.836928
2 0 0 0.796586
3 0 9119 1.01743
6 0 9081 0.980591
12 0 0 0.971735
13 0 0 1.039
7 0 0 1.00036

7
1 0 6593 0.914718
2 0 0 0.91484
3 2 117 0.942139
6 0 0 0.943299
7 0 6646 0.911702
14 0 0 1.03124
15 0 0 0.808408

5
1 0 9360 0.876688
2 0 0 0.846925
3 2 1508 1.03161
6 0 0 1.14567
7 0 0 0.964623

3
1 1 4 0.940919
2 0 0 0.979848
3 0 0 0.965105

3
1 0 323 0.819103
2 0 0 0.963953
3 0 0 0.881389

5
1 0 8550 0.885156
2 2 1400 0.862763
4 0 0 0.918777
5 0 0 0.806996
3 0 0 0.924679

3
1 0 4114 0.947426
2 0 0 0.896895
3 0 0 1.01904

3
1 2 114 0.747693
2 0 0 0.968712
3 0 0 0.750356

3
1 0 9189 0.719744
2 0 0 0.803097
3 0 0 1.02018

3
1 0 9669 0.739668
2 0 0 0.725595
3 0 0 0.881468

5
1 0 92 0.857382
2 0 44 0.939437
4 0 0 0.947782
5 0 0 0.97184
3 0 0 0.856736

3
1 0 5462 0.869753
2 0 0 0.810873
3 0 0 0.932245

5
1 1 4 0.868588
2 0 0 0.779835
3 0 8166 0.922435
6 0 0 0.934774
7 0 0 1.02449

3
1 0 1466 0.89375
2 0 0 1.16658
3 0 0 0.989711

3
1 1 1 0.908142
2 0 0 0.888738
3 0 0 0.921708

3
1 2 3618 0.880384
2 0 0 0.884709
3 0 0 0.951006

5
1 0 173 0.888926
2 2 2824 0.929524
4 0 0 0.9213
5 0 0 0.964409
3 0 0 0.777522

3
1 0 6302 0.950624
2 0 0 0.910966
3 0 0 0.966025

7
1 0 4659 0.92249
2 2 344 0.917374
4 1 1 1.05815
8 0 0 1.07797
9 0 0 0.948791
5 0 0 0.978848
3 0 0 1.02344

5
1 2 5274 0.881308
2 0 4160 0.903919
4 0 0 0.857685
5 0 0 1.07409
3 0 0 0.92097

5
1 1 4 0.918432
2 1 3 0.921008
4 0 0 0.94226
5 0 0 0.983643
3 0 0 0.838676

3
1 2 4405 0.878982
2 0 0 1.02672
3 0 0 0.812429

7
1 2 3650 0.925894
2 2 1767 0.969004
4 1 4 0.912275
8 0 0 0.92486
9 0 0 1.04273
5 0 0 0.957099
3 0 0 0.891977

1
1 0 0 0.887651

3
1 0 2120 0.888365
2 0 0 0.949336
3 0 0 0.868438

3
1 0 1411 0.896048
2 0 0 0.987524
3 0 0 0.882647

3
1 0 558 0.881592
2 0 0 1.01679
3 0 0 0.839879

3
1 1 4 0.940386
2 0 0 0.924092
3 0 0 1.13515

3
1 2 4554 0.917582
2 0 0 1.01784
3 0 0 1.0452

3
1 0 7165 0.91129
2 0 0 0.85454
3 0 0 1.01883

7
1 2 1530 0.931171
2 0 0 0.949796
3 2 5020 0.98682
6 0 0 0.992014
7 2 5285 0.994958
14 0 0 0.970355
15 0 0 1.08871

9
1 1 3 0.853942
2 0 0 0.931799
3 0 3391 0.988387
6 1 4 0.923174
12 0 0 0.964513
13 2 1124 0.883285
26 0 0 0.952315
27 0 0 0.848451
7 0 0 1.00384

3
1 2 4430 0.832059
2 0 0 0.835123
3 0 0 0.844729

3
1 0 9818 0.837664
2 0 0 0.701641
3 0 0 1.03525

3
1 0 600 0.75649
2 0 0 1.01757
3 0 0 0.882681

5
1 0 4078 0.907652
2 0 2849 0.923223
4 0 0 0.89979
5 0 0 1.05497
3 0 0 1.02595

3
1 0 4392 0.903806
2 0 0 0.780484
3 0 0 0.998602

5
1 0 4134 0.971567
2 0 2675 0.855741
4 0 0 0.855455
5 0 0 0.910283
3 0 0 0.988558

3
1 0 6460 0.936609
2 0 0 0.884289
3 0 0 1.09112

9
1 1 2 0.83528
2 2 3023 0.933171
4 0 0 0.995643
5 0 0 0.834973
3 1 3 0.986942
6 2 921 0.94313
12 0 0 0.919868
13 0 0 0.966438
7 0 0 0.965879

3
1 2 132 0.846275
2 0 0 0.948285
3 0 0 0.821461

3
1 2 2733 0.969597
2 0 0 0.856014
3 0 0 1.05677

3
1 0 4357 0.888383
2 0 0 0.989836
3 0 0 0.968514

3
1 0 256 0.845894
2 0 0 1.08753
3 0 0 0.779212

7
1 1 3 0.903154
2 2 2894 0.908502
4 0 0 0.873582
5 0 0 0.911669
3 2 1469 1.00306
6 0 0 1.04857
7 0 0 0.984402

7
1 0 3789 0.931726
2 0 1536 0.871219
4 0 0 0.982092
5 0 0 0.897442
3 1 2 0.941096
6 0 0 1.05685
7 0 0 0.932761

3
1 0 4760 0.861838
2 0 0 0.826821
3 0 0 0.978688

3
1 0 9876 0.767487
2 0 0 0.750846
3 0 0 1.01842

3
1 0 6046 0.900436
2 0 0 0.860339
3 0 0 0.83343

1
1 0 0 0.780509

3
1 2 3092 0.824555
2 0 0 0.851285
3 0 0 0.904561

3
1 2 1903 0.859094
2 0 0 0.951825
3 0 0 0.784787

1
1 0 0 0.787593

1
1 0 0 0.815028

3
1 2 2004 0.929828
2 0 0 0.872915
3 0 0 0.966774

1
1 0 0 0.843352

5
1 1 4 0.871378
2 0 9698 0.892204
4 0 0 0.895491
5 0 0 0.926538
3 0 0 0.941432

1
1 0 0 0.777709

3
1 0 319 0.861703
2 0 0 1.09361
3 0 0 0.791662

3
1 0 325 0.864636
2 0 0 1.01929
3 0 0 0.815286

5
1 0 8379 0.926358
2 0 0 0.913182
3 2 3672 0.993468
6 0 0 1.0107
7 0 0 0.931127

3
1 0 2745 0.858549
2 0 0 0.880925
3 0 0 0.888664

3
1 0 4544 0.8832
2 0 0 0.943023
3 0 0 0.935461

1
1 0 0 0.793152

1
1 0 0 0.75305

3
1 2 4975 0.892913
2 0 0 0.869676
3 0 0 1.046

3
1 2 2321 0.929401
2 0 0 0.835291
3 0 0 0.889113

1
1 0 0 0.878424

1
1 0 0 0.799673

1
1 0 0 0.697756

3
1 2 5318 0.767616
2 0 0 0.749738
3 0 0 0.871361

5
1 0 8982 0.84825
2 0 1361 0.885599
4 0 0 1.02214
5 0 0 0.903747
3 0 0 1.09609

1
1 0 0 0.834607

3
1 0 544 0.917997
2 0 0 1.12245
3 0 0 0.802534

5
1 0 59 0.90785
2 2 2397 0.998478
4 0 0 1.01992
5 0 0 1.07368
3 0 0 0.906669

3
1 0 9079 0.920692
2 0 0 0.809962
3 0 0 0.972006

3
1 0 9630 0.826464
2 0 0 0.89302
3 0 0 0.94528

3
1 0 500 0.935051
2 0 0 0.97958
3 0 0 0.963011

3
1 2 1146 0.864083
2 0 0 0.883571
3 0 0 1.05038

1
1 0 0 0.859739

3
1 0 661 0.839194
2 0 0 0.969434
3 0 0 0.937539

3
1 2 4964 0.876653
2 0 0 0.75045
3 0 0 1.05389

3
1 0 7582 0.870832
2 0 0 0.856607
3 0 0 1.06153

3
1 1 1 0.91308
2 0 0 0.998793
3 0 0 0.909101

3
1 2 171 0.898763
2 0 0 1.06405
3 0 0 0.937632

3
1 0 9793 0.856742
2 0 0 0.870194
3 0 0 0.982964

1
1 0 0 0.767499

3
1 0 9852 0.853604
2 0 0 0.857825
3 0 0 0.991967

3
1 2 4873 0.862717
2 0 0 0.975225
3 0 0 0.989103

5
1 1 4 0.934385
2 2 828 0.859096
4 0 0 0.962819
5 0 0 0.789661
3 0 0 1.08716

5
1 0 4631 0.876729
2 0 0 0.903272
3 1 1 0.974691
6 0 0 0.890146
7 0 0 0.985115

3
1 0 8671 0.858093
2 0 0 0.838199
3 0 0 0.990383

5
1 1 1 1.00268
2 2 4979 0.982321
4 0 0 0.905211
5 0 0 1.02389
3 0 0 0.899511

3
1 2 2400 0.855627
2 0 0 0.953703
3 0 0 0.820171

7
1 2 782 0.955395
2 0 0 0.867467
3 2 5098 0.986452
6 2 4032 0.982353
12 0 0 1.01997
13 0 0 0.904763
7 0 0 1.10901

1
1 0 0 0.781823

3
1 1 1 0.879991
2 0 0 0.834011
3 0 0 0.91861

3
1 1 1 0.861172
2 0 0 0.916963
3 0 0 0.85844

3
1 2 428 0.821296
2 0 0 0.923215
3 0 0 0.801774

3
1 2 2300 0.920059
2 0 0 0.827049
3 0 0 0.949222

5
1 0 5199 0.893587
2 0 0 0.85338
3 2 410 1.03975
6 0 0 0.92002
7 0 0 1.03321

1
1 0 0 0.82786

5
1 2 996 0.862754
2 0 0 1.05024
3 1 1 0.919066
6 0 0 0.971769
7 0 0 0.915299

3
1 0 9627 0.773612
2 0 0 0.806861
3 0 0 1.13955

5
1 2 2738 0.863492
2 0 4459 0.954223
4 0 0 0.870689
5 0 0 0.949608
3 0 0 0.911639

3
1 0 212 0.78972
2 0 0 0.995855
3 0 0 0.738391

3
1 2 559 0.919385
2 0 0 0.969085
3 0 0 0.926092

3
1 1 3 0.84951
2 0 0 0.748747
3 0 0 0.869048

3
1 0 3566 0.883454
2 0 0 0.82189
3 0 0 1.09417

3
1 0 175 0.776064
2 0 0 1.01314
3 0 0 0.83491

5
1 2 2623 0.876298
2 1 1 0.870469
4 0 0 1.03773
5 0 0 0.991355
3 0 0 0.800676

3
1 0 1407 0.855359
2 0 0 1.04928
3 0 0 0.760722

3
1 0 660 0.807325
2 0 0 0.947312
3 0 0 0.813493

3
1 1 2 0.859469
2 0 0 0.920027
3 0 0 0.806257

3
1 0 607 0.748469
2 0 0 0.936286
3 0 0 0.708896

5
1 0 8737 0.831797
2 0 0 0.854122
3 1 1 0.974571
6 0 0 0.980882
7 0 0 1.07093

11
1 2 4280 0.908009
2 0 0 0.977633
3 0 9030 0.962476
6 0 2622 0.926921
12 0 0 0.997262
13 0 3444 0.996172
26 0 0 0.952187
27 0 7981 0.917742
54 0 0 0.921922
55 0 0 0.912298
7 0 0 1.00386

3
1 0 4777 0.887548
2 0 0 0.877293
3 0 0 0.974654

3
1 0 8514 0.886858
2 0 0 0.854371
3 0 0 1.02457

3
1 0 549 0.895782
2 0 0 0.970861
3 0 0 0.760385

3
1 2 2381 0.953427
2 0 0 0.90221
3 0 0 0.984866

5
1 2 697 0.888256
2 0 0 1.08937
3 0 3022 0.954927
6 0 0 0.919061
7 0 0 1.02728

1
1 0 0 0.86591

5
1 2 5341 0.856736
2 0 0 0.894759
3 2 5367 0.967155
6 0 0 0.935633
7 0 0 0.879925

3
1 0 4009 0.855388
2 0 0 0.916093
3 0 0 0.971551

5
1 2 1706 0.909656
2 0 0 0.959024
3 2 1757 0.927405
6 0 0 0.956919
7 0 0 0.891499

3
1 0 3612 0.931309
2 0 0 0.915486
3 0 0 0.983711

3
1 0 9106 0.868096
2 0 0 0.854711
3 0 0 0.954631

9
1 0 8702 0.959951
2 0 5696 0.977755
4 0 652 1.02174
8 0 0 0.995154
9 0 0 0.934644
5 0 0 1.03778
3 1 2 0.948491
6 0 0 0.920888
7 0 0 0.965813

3
1 0 5686 0.861523
2 0 0 0.946597
3 0 0 0.855664

1
1 0 0 0.908725

5
1 1 1 0.879898
2 2 2609 0.976247
4 0 0 0.946203
5 0 0 0.997683
3 0 0 0.891469

3
1 0 3384 0.93934
2 0 0 0.884767
3 0 0 1.03612

7
1 0 7464 0.949673
2 1 4 0.921956
4 0 0 0.924682
5 2 1949 1.08298
10 0 0 0.962035
11 0 0 1.11807
3 0 0 0.92259

3
1 0 8210 0.896124
2 0 0 0.885343
3 0 0 0.931057

5
1 2 1206 0.890037
2 0 0 0.982107
3 0 5499 0.990433
6 0 0 0.809265
7 0 0 1.04471

3
1 2 5195 0.85704
2 0 0 0.925034
3 0 0 0.989017

3
1 0 7311 0.890562
2 0 0 0.841792
3 0 0 0.952222

3
1 2 648 0.835138
2 0 0 0.957221
3 0 0 0.782907

3
1 1 4 0.862262
2 0 0 0.890155
3 0 0 0.944654

3
1 0 1225 0.872854
2 0 0 0.970617
3 0 0 0.776334

5
1 0 3558 0.933795
2 0 0 0.809742
3 1 4 1.0731
6 0 0 0.990621
7 0 0 0.977857

3
1 1 1 0.916804
2 0 0 1.02682
3 0 0 0.916642

5
1 1 4 0.929724
2 0 0 0.844104
3 0 9732 0.9691
6 0 0 0.941916
7 0 0 0.961671

3
1 2 3412 0.961996
2 0 0 1.07396
3 0 0 0.907347

1
1 0 0 0.889859

5
1 1 1 0.940661
2 0 0 0.821542
3 0 761 0.908115
6 0 0 0.904851
7 0 0 0.90819

1
1 0 0 1.03534

5
1 0 9842 0.782823
2 0 0 0.896797
3 0 9860 1.03992
6 0 0 0.962276
7 0 0 0.964381

3
1 0 3089 0.804069
2 0 0 0.825169
3 0 0 0.908775

5
1 1 1 0.863338
2 0 0 0.888889
3 2 3404 0.968458
6 0 0 0.869845
7 0 0 1.02411

3
1 2 5374 0.753244
2 0 0 0.831268
3 0 0 1.00845

5
1 0 577 0.875281
2 0 514 1.01744
4 0 0 0.883157
5 0 0 0.994269
3 0 0 0.855106

3
1 0 9896 0.833502
2 0 0 0.850586
3 0 0 1.08931

1
1 0 0 0.864781

3
1 0 158 0.793734
2 0 0 1.01267
3 0 0 0.806171

3
1 0 9390 0.843381
2 0 0 0.774304
3 0 0 0.96512

5
1 0 9705 0.838353
2 0 0 0.793699
3 0 9775 1.09957
6 0 0 0.918579
7 0 0 0.950066

5
1 1 1 0.944278
2 0 5387 0.993575
4 0 0 0.968821
5 0 0 1.09183
3 0 0 0.923621

5
1 2 1088 0.870329
2 2 893 0.876254
4 0 0 0.850197
5 0 0 1.00264
3 0 0 0.840243

3
1 0 5353 0.910547
2 0 0 0.816139
3 0 0 1.07984

1
1 0 0 0.872225

3
1 0 5528 0.897004
2 0 0 0.809153
3 0 0 0.978551

1
1 0 0 0.760648

3
1 0 3910 0.868362
2 0 0 0.808277
3 0 0 0.959027

3
1 1 4 0.870171
2 0 0 0.863951
3 0 0 0.876325

5
1 2 338 0.847307
2 0 0 0.937216
3 0 9276 0.901881
6 0 0 0.900685
7 0 0 0.922365

3
1 0 1200 0.902093
2 0 0 0.972594
3 0 0 0.810079

3
1 1 1 0.886114
2 0 0 0.946774
3 0 0 0.889781

3
1 2 4872 0.81245
2 0 0 0.758882
3 0 0 0.875171

1
1 0 0 0.817227

1
1 0 0 0.792216

3
1 0 6908 0.820585
2 0 0 0.867854
3 0 0 1.03801

3
1 0 9474 0.831003
2 0 0 0.818867
3 0 0 1.04593

1
1 0 0 0.811299

5
1 0 9656 0.740994
2 0 446 0.774694
4 0 0 1.05594
5 0 0 0.781382
3 0 0 1.10436

3
1 2 5378 0.773482
2 0 0 0.73831
3 0 0 1.01494

1
1 0 0 0.811404

3
1 0 167 0.72403
2 0 0 1.05648
3 0 0 0.76933

1
1 0 0 0.788704

5
1 2 4104 0.979378
2 0 0 0.999357
3 2 5094 0.933802
6 0 0 0.955324
7 0 0 0.898825

3
1 0 3605 0.926177
2 0 0 0.793016
3 0 0 1.13103

3
1 1 4 0.843782
2 0 0 0.900413
3 0 0 0.991764

1
1 0 0 0.815708

11
1 1 3 0.94852
2 0 0 0.939041
3 0 1094 1.02254
6 0 0 1.01091
7 1 4 0.977943
14 2 2318 0.885262
28 0 0 1.13748
29 2 5331 0.917283
58 0 0 1.03553
59 0 0 1.03313
15 0 0 0.988198

9
1 0 9941 0.819869
2 0 4410 0.814911
4 0 0 0.753369
5 0 0 0.885612
3 0 9960 1.10125
6 0 0 1.06388
7 0 9974 1.06288
14 0 0 1.02304
15 0 0 1.03293

7
1 0 9593 0.866443
2 0 0 0.924469
3 1 3 1.05406
6 0 0 0.944538
7 0 9682 0.962012
14 0 0 1.19991
15 0 0 0.999927

5
1 0 579 0.83388
2 0 481 1.11654
4 0 0 0.862791
5 0 0 0.975259
3 0 0 0.896698

3
1 1 2 0.941516
2 0 0 0.992177
3 0 0 0.818024

5
1 0 3753 0.838442
2 0 0 0.832566
3 2 2339 1.05136
6 0 0 1.10268
7 0 0 0.915661

5
1 2 2301 0.867727
2 1 1 0.90184
4 0 0 1.05343
5 0 0 0.912088
3 0 0 0.920237

3
1 0 931 0.793913
2 0 0 0.956673
3 0 0 0.777755

3
1 1 4 0.848088
2 0 0 0.922406
3 0 0 0.905429

3
1 1 4 0.873414
2 0 0 0.848055
3 0 0 1.06333

1
1 0 0 0.788516

3
1 0 2657 0.915395
2 0 0 0.92112
3 0 0 0.923021

3
1 1 1 0.852509
2 0 0 0.857104
3 0 0 0.898148

3
1 2 2183 0.85183
2 0 0 0.83451
3 0 0 0.874477

5
1 1 2 0.892779
2 0 5513 0.91715
4 0 0 0.963901
5 0 0 0.956754
3 0 0 0.937872

7
1 1 4 0.95684
2 0 0 0.926441
3 2 796 0.858865
6 0 0 0.980443
7 2 3655 0.89905
14 0 0 0.987824
15 0 0 1.19554

1
1 0 0 0.909267

3
1 1 4 0.899038
2 0 0 0.871789
3 0 0 0.921738

7
1 0 1328 0.862446
2 1 4 1.0907
4 0 0 0.910796
5 0 36 1.00126
10 0 0 0.977653
11 0 0 0.940752
3 0 0 0.826049

1
1 0 0 0.832244

7
1 0 9243 0.840549
2 0 0 0.775808
3 1 1 1.09567
6 0 0 1.0407
7 1 4 0.983916
14 0 0 0.91972
15 0 0 0.87135

3
1 2 4312 0.936043
2 0 0 0.983026
3 0 0 0.926422

1
1 0 0 0.818448

3
1 0 4765 0.862425
2 0 0 0.858211
3 0 0 1.02846

3
1 0 4841 0.864371
2 0 0 0.892221
3 0 0 0.917503

3
1 1 4 0.866212
2 0 0 0.821915
3 0 0 0.901253

5
1 2 905 0.989429
2 2 494 0.996596
4 0 0 1.01752
5 0 0 0.883844
3 0 0 0.978787

5
1 0 680 0.87783
2 1 2 1.03823
4 0 0 1.01951
5 0 0 0.826465
3 0 0 0.884444

7
1 2 2559 0.91099
2 0 0 0.922049
3 2 3234 1.01228
6 0 2291 0.93621
12 0 0 0.944572
13 0 0 0.999356
7 0 0 0.887393

5
1 0 1621 0.819737
2 0 1009 0.967032
4 0 0 0.991264
5 0 0 1.04572
3 0 0 0.772738

5
1 1 3 0.843671
2 2 3483 0.864497
4 0 0 0.866529
5 0 0 0.890304
3 0 0 0.825676

3
1 0 1609 0.807717
2 0 0 0.938319
3 0 0 0.797073

1
1 0 0 0.809076

7
1 0 4895 0.870893
2 0 4605 0.837475
4 0 0 0.774625
5 0 0 1.02434
3 2 584 0.987796
6 0 0 0.953031
7 0 0 0.986698

1
1 0 0 0.766389

5
1 0 9717 0.877881
2 0 0 0.816057
3 0 9971 1.04211
6 0 0 0.963427
7 0 0 1.04885

3
1 2 3435 0.95019
2 0 0 0.978385
3 0 0 0.973369

3
1 2 5061 0.919208
2 0 0 0.864811
3 0 0 0.973959

3
1 0 7086 0.883538
2 0 0 0.873567
3 0 0 0.981523

3
1 1 3 0.924556
2 0 0 0.896054
3 0 0 0.905484

5
1 0 4009 0.855388
2 0 0 0.815878
3 2 4799 0.960765
6 0 0 0.982434
7 0 0 0.907974

3
1 0 6030 0.935672
2 0 0 0.850263
3 0 0 0.902733

5
1 0 8796 0.870828
2 0 7128 0.988666
4 0 0 1.08015
5 0 0 0.984691
3 0 0 1.0094

3
1 2 1553 0.886459
2 0 0 0.936715
3 0 0 0.844582

3
1 0 3364 0.886663
2 0 0 0.931227
3 0 0 0.985893

1
1 0 0 0.788704

5
1 1 2 0.844144
2 1 1 0.912678
4 0 0 0.826036
5 0 0 0.928491
3 0 0 0.845675

1
1 0 0 0.805173

3
1 0 6717 0.861607
2 0 0 0.795185
3 0 0 0.933524

3
1 0 2839 1.03436
2 0 0 0.902698
3 0 0 1.1277

3
1 0 2414 0.913983
2 0 0 0.897378
3 0 0 0.981988

3
1 0 8967 0.920376
2 0 0 0.843738
3 0 0 1.05373

3
1 0 2627 0.863545
2 0 0 0.98003
3 0 0 0.851753

3
1 0 2204 1.01885
2 0 0 0.936175
3 0 0 0.925168

3
1 0 6616 0.805675
2 0 0 0.88747
3 0 0 0.927065

5
1 0 6107 0.920205
2 0 0 0.886019
3 1 2 1.04736
6 0 0 1.1386
7 0 0 1.01221

5
1 0 3408 0.952927
2 0 0 0.903827
3 1 1 0.986765
6 0 0 1.12487
7 0 0 0.951711

5
1 0 4451 0.927175
2 0 0 0.912356
3 1 4 0.937422
6 0 0 0.947627
7 0 0 0.928468

5
1 0 727 0.904011
2 1 3 0.97886
4 0 0 1.06615
5 0 0 1.04115
3 0 0 0.821575

3
1 1 3 0.909604
2 0 0 0.878051
3 0 0 0.966789

3
1 1 3 0.914358
2 0 0 0.859523
3 0 0 0.949284

3
1 0 802 0.848631
2 0 0 1.01622
3 0 0 0.853715

5
1 2 769 0.894512
2 0 0 1.02424
3 0 7477 0.98203
6 0 0 1.05896
7 0 0 0.932741

3
1 0 7146 0.86036
2 0 0 0.742064
3 0 0 1.06216

7
1 0 9642 0.843986
2 0 0 0.896705
3 2 1953 0.988274
6 0 0 0.912387
7 1 2 0.842345
14 0 0 1.08313
15 0 0 0.917659

1
1 0 0 0.865197

5
1 0 9776 0.881188
2 0 0 0.853762
3 0 9974 0.990007
6 0 0 1.07112
7 0 0 1.11059

7
1 1 4 0.933931
2 0 0 0.893926
3 2 184 0.834091
6 0 0 0.924032
7 2 257 0.984463
14 0 0 0.984558
15 0 0 1.03415

5
1 1 3 0.879965
2 2 524 0.914089
4 0 0 0.993567
5 0 0 0.910745
3 0 0 0.957512

5
1 0 5511 0.962795
2 1 4 1.00495
4 0 0 1.04067
5 0 0 0.964935
3 0 0 1.04276

1
1 0 0 0.720655

1
1 0 0 0.85804

3
1 2 619 0.9685
2 0 0 0.944003
3 0 0 0.942695

3
1 0 3209 0.886839
2 0 0 0.894179
3 0 0 0.988484

3
1 2 293 0.790253
2 0 0 0.945131
3 0 0 0.908777

3
1 0 178 0.804582
2 0 0 1.134
3 0 0 0.654361

3
1 0 162 0.769338
2 0 0 0.99897
3 0 0 0.816323

5
1 2 4782 0.895067
2 0 8769 0.833976
4 0 0 0.824676
5 0 0 0.947573
3 0 0 0.908729

1
1 0 0 0.935792

7
1 2 4346 0.953723
2 1 3 1.00077
4 2 3031 0.955852
8 0 0 0.874316
9 0 0 1.0162
5 0 0 1.05849
3 0 0 1.02057

3
1 2 4763 0.974581
2 0 0 0.854436
3 0 0 1.00445

7
1 2 2308 0.851947
2 1 1 0.92616
4 0 0 0.939861
5 0 0 0.885415
3 2 3025 1.00267
6 0 0 1.02598
7 0 0 0.878956

3
1 2 175 0.870662
2 0 0 0.990819
3 0 0 0.949942

5
1 0 2739 0.875756
2 0 0 0.792549
3 0 6551 0.963927
6 0 0 0.84604
7 0 0 0.931045

3
1 2 4392 0.925385
2 0 0 0.985475
3 0 0 0.809789

3
1 0 2741 0.911368
2 0 0 0.910593
3 0 0 0.914255

3
1 0 9080 0.832058
2 0 0 0.885487
3 0 0 1.18688

3
1 0 8926 0.829294
2 0 0 0.824038
3 0 0 0.927522

5
1 0 626 0.94405
2 0 0 0.961965
3 2 2684 0.878022
6 0 0 0.970292
7 0 0 0.823053

3
1 2 4484 1.00437
2 0 0 1.02427
3 0 0 0.822915

3
1 0 1409 0.850417
2 0 0 0.921718
3 0 0 0.825445

1
1 0 0 0.806238

1
1 0 0 0.843989

1
1 0 0 0.827817

3
1 0 563 0.773404
2 0 0 0.958059
3 0 0 0.735329

1
1 0 0 0.735677

1
1 0 0 0.880227

5
1 0 3605 0.926177
2 2 2047 0.860372
4 0 0 0.936405
5 0 0 0.965479
3 0 0 0.88571

1
1 0 0 0.826306

3
1 0 9605 0.812587
2 0 0 0.795135
3 0 0 0.995855

5
1 2 3850 0.808955
2 0 0 0.83931
3 2 4279 0.828412
6 0 0 0.9227
7 0 0 0.85437

5
1 0 5545 0.89827
2 0 4029 0.905432
4 0 0 0.85707
5 0 0 1.16202
3 0 0 0.960941

3
1 1 4 0.862551
2 0 0 0.826611
3 0 0 0.925359

1
1 0 0 0.749849

3
1 0 5375 0.902643
2 0 0 0.797937
3 0 0 0.968054

3
1 1 2 0.921152
2 0 0 0.865568
3 0 0 0.985147

5
1 2 548 0.82567
2 1 3 1.02
4 0 0 1.03402
5 0 0 1.00656
3 0 0 0.766638

3
1 2 5296 0.878072
2 0 0 0.8759
3 0 0 0.916795

3
1 1 2 0.917504
2 0 0 0.977712
3 0 0 0.877818

5
1 0 805 0.891064
2 2 2217 0.994046
4 0 0 0.988322
5 0 0 1.17852
3 0 0 0.826074

3
1 0 2657 0.952231
2 0 0 0.929772
3 0 0 0.962663

3
1 0 1432 0.870395
2 0 0 0.971149
3 0 0 0.868251

3
1 1 3 0.860397
2 0 0 0.883505
3 0 0 1.10743

3
1 0 4930 0.861352
2 0 0 0.788365
3 0 0 0.995719

3
1 2 5002 0.879164
2 0 0 0.852937
3 0 0 0.910672

1
1 0 0 0.825125

3
1 1 1 0.869776
2 0 0 0.885851
3 0 0 0.865402

3
1 2 4169 0.879918
2 0 0 0.886869
3 0 0 0.88357

7
1 0 2203 0.915157
2 2 97 1.02175
4 0 0 0.916592
5 0 0 0.931137
3 0 3282 0.905929
6 0 0 0.914879
7 0 0 0.913701

3
1 0 8963 0.859073
2 0 0 0.868987
3 0 0 0.942445

3
1 0 6367 0.960793
2 0 0 0.778605
3 0 0 0.945731

3
1 0 6013 0.86182
2 0 0 0.860518
3 0 0 0.994342

3
1 0 9787 0.92214
2 0 0 0.919979
3 0 0 0.967717

3
1 0 472 0.906901
2 0 0 0.985801
3 0 0 0.956304

3
1 0 664 0.912323
2 0 0 1.06843
3 0 0 0.787139

3
1 0 3614 0.87785
2 0 0 0.76468
3 0 0 1.11772

3
1 2 1781 0.947591
2 0 0 0.990253
3 0 0 0.890238

1
1 0 0 0.769289

1
1 0 0 0.777433

3
1 1 3 0.869194
2 0 0 0.931501
3 0 0 1.03173

3
1 0 490 0.836439
2 0 0 0.987283
3 0 0 0.873416

5
1 2 169 0.880111
2 1 4 1.01125
4 0 0 1.05595
5 0 0 0.922338
3 0 0 0.829219

9
1 0 3693 0.93312
2 2 799 0.837011
4 0 0 1.09323
5 0 1171 0.824141
10 0 0 0.841431
11 0 0 0.789819
3 0 9924 0.95256
6 0 0 0.966441
7 0 0 1.02134

1
1 0 0 0.933909

3
1 1 4 0.896924
2 0 0 0.930795
3 0 0 0.916982

3
1 0 1115 0.832876
2 0 0 1.01156
3 0 0 0.782677

1
1 0 0 0.83966

5
1 0 9874 0.853635
2 0 0 0.794116
3 2 4142 1.07753
6 0 0 0.931104
7 0 0 1.07685

3
1 1 4 0.82943
2 0 0 0.756912
3 0 0 0.964277

7
1 0 9951 0.832596
2 0 0 0.877676
3 1 1 0.95024
6 0 0 0.996247
7 1 3 0.914627
14 0 0 1.02605
15 0 0 0.92496

3
1 2 832 0.833594
2 0 0 0.905854
3 0 0 0.864074

5
1 1 4 0.974476
2 0 0 1.01483
3 2 2820 1.06506
6 0 0 1.0283
7 0 0 1.15194

3
1 0 9322 0.766266
2 0 0 0.816265
3 0 0 1.05265

3
1 0 932 0.92485
2 0 0 0.900407
3 0 0 0.84432

3
1 2 3971 0.972012
2 0 0 1.1415
3 0 0 0.918276

3
1 2 2836 0.836178
2 0 0 0.852719
3 0 0 0.966887

3
1 1 4 0.813034
2 0 0 0.926059
3 0 0 0.969948

3
1 0 7550 0.871624
2 0 0 0.899843
3 0 0 1.00693

1
1 0 0 0.80775

3
1 0 5720 0.859111
2 0 0 0.698364
3 0 0 0.894172

3
1 0 4399 0.928884
2 0 0 0.848977
3 0 0 1.06044

3
1 1 2 0.981288
2 0 0 0.910825
3 0 0 0.926502

3
1 0 4327 0.938683
2 0 0 0.856669
3 0 0 0.995255

3
1 1 2 0.942198
2 0 0 0.922098
3 0 0 0.96712

1
1 0 0 0.826511

3
1 0 7039 0.83714
2 0 0 0.866001
3 0 0 0.937454

3
1 0 257 0.845243
2 0 0 1.11335
3 0 0 0.836279

3
1 0 9335 0.836183
2 0 0 0.851281
3 0 0 0.975759

1
1 0 0 0.888838

5
1 2 5173 0.857805
2 1 4 0.919253
4 0 0 0.912308
5 0 0 1.14463
3 0 0 1.06707

3
1 0 7447 0.929982
2 0 0 0.983056
3 0 0 0.929217

7
1 0 3863 0.877952
2 2 5354 0.777928
4 0 0 0.800627
5 0 0 0.967661
3 0 8680 0.917881
6 0 0 1.03698
7 0 0 0.896658

3
1 0 1719 1.00933
2 0 0 1.00926
3 0 0 0.897786

3
1 0 395 0.933468
2 0 0 0.954556
3 0 0 0.838383

3
1 1 2 0.848795
2 0 0 1.03624
3 0 0 0.852229

5
1 0 8605 0.838685
2 2 4714 0.863222
4 0 0 0.882609
5 0 0 1.02002
3 0 0 0.993536

5
1 0 850 0.906046
2 2 81 0.905432
4 0 0 1.04415
5 0 0 0.96746
3 0 0 0.784157

1
1 0 0 0.921997

7
1 0 4792 1.04155
2 2 359 0.836658
4 0 0 1.02822
5 0 0 0.819176
3 2 3498 0.9427
6 0 0 0.876108
7 0 0 0.943334

1
1 0 0 0.915236

3
1 0 8985 0.87177
2 0 0 0.824025
3 0 0 0.98559

3
1 2 1805 0.921053
2 0 0 0.977407
3 0 0 0.974896

3
1 2 839 0.865981
2 0 0 0.927989
3 0 0 0.901236

7
1 0 4266 0.965427
2 0 0 0.877489
3 2 3794 1.12407
6 0 0 0.872011
7 2 5319 0.942358
14 0 0 0.935426
15 0 0 1.02139

3
1 2 231 0.82415
2 0 0 1.03118
3 0 0 0.931737

7
1 2 2189 0.939549
2 0 0 0.992991
3 2 5153 0.944744
6 0 7261 0.951753
12 0 0 0.936402
13 0 0 0.908735
7 0 0 0.977606

3
1 0 5937 0.876353
2 0 0 0.866376
3 0 0 0.891645

3
1 2 3197 0.893604
2 0 0 0.881221
3 0 0 0.924282

3
1 2 257 0.825092
2 0 0 1.11228
3 0 0 0.901829

5
1 0 876 0.843878
2 0 109 1.06857
4 0 0 0.939016
5 0 0 1.03152
3 0 0 0.848525

3
1 1 2 0.781525
2 0 0 0.816793
3 0 0 0.792965

5
1 0 9426 0.82301
2 0 0 0.752065
3 0 9920 0.981978
6 0 0 1.02714
7 0 0 1.20702

3
1 1 4 0.906732
2 0 0 0.961658
3 0 0 0.89947

3
1 0 881 0.9426
2 0 0 0.937428
3 0 0 0.95924

3
1 0 3763 0.893987
2 0 0 0.841315
3 0 0 1.01454

5
1 0 709 0.910752
2 2 506 1.08559
4 0 0 1.00473
5 0 0 1.11287
3 0 0 0.863407

3
1 0 1229 0.828658
2 0 0 0.9839
3 0 0 0.81848

3
1 2 2873 0.884221
2 0 0 0.888273
3 0 0 0.886106

3
1 0 8913 0.976626
2 0 0 0.76826
3 0 0 1.0215

3
1 1 3 0.919467
2 0 0 0.913038
3 0 0 1.0223

3
1 1 4 0.952285
2 0 0 0.843688
3 0 0 0.940748

3
1 2 2314 0.956323
2 0 0 0.969138
3 0 0 1.05786

3
1 1 4 0.985736
2 0 0 1.01395
3 0 0 1.03122

1
1 0 0 0.76064

3
1 2 4826 0.868618
2 0 0 0.890985
3 0 0 0.972015

5
1 2 5134 0.914046
2 1 4 0.925114
4 0 0 0.93995
5 0 0 1.04139
3 0 0 1.08353

1
1 0 0 0.855288

5
1 0 9302 0.849822
2 0 0 0.840716
3 2 1024 0.823873
6 0 0 0.95426
7 0 0 0.94015

3
1 0 9182 0.899504
2 0 0 0.714651
3 0 0 0.934242

3
1 0 8478 0.834181
2 0 0 0.787432
3 0 0 0.932515

5
1 0 9109 0.86738
2 0 0 0.811568
3 1 3 0.929823
6 0 0 0.970335
7 0 0 0.901888

3
1 2 2924 0.814978
2 0 0 0.812437
3 0 0 0.870637

7
1 0 722 0.860636
2 0 409 0.99799
4 0 0 1.09842
5 0 0 0.930028
3 2 2409 0.854493
6 0 0 0.834377
7 0 0 0.855354

3
1 0 4696 0.767374
2 0 0 0.829507
3 0 0 1.05108

1
1 0 0 0.766544

3
1 0 1123 0.846497
2 0 0 0.881348
3 0 0 0.857741

3
1 0 224 0.887934
2 0 0 1.0292
3 0 0 0.899873

3
1 0 2062 0.892238
2 0 0 0.892119
3 0 0 0.908941

1
1 0 0 0.80059

5
1 2 5073 0.818804
2 0 0 0.753488
3 1 3 1.09252
6 0 0 1.04024
7 0 0 0.958665

3
1 0 643 0.824548
2 0 0 0.987908
3 0 0 0.72462

1
1 0 0 0.8781

3
1 0 603 0.86088
2 0 0 0.936767
3 0 0 0.880262

7
1 2 2187 1.00777
2 0 5284 0.979529
4 0 5133 1.0101
8 0 0 1.04519
9 0 0 0.957879
5 0 0 1.12225
3 0 0 1.03066

5
1 0 5398 0.842896
2 0 0 0.737902
3 2 3125 0.988431
6 0 0 1.03998
7 0 0 0.894478

5
1 1 3 0.976985
2 0 0 0.932931
3 0 1326 0.935492
6 0 0 0.970639
7 0 0 0.877564

3
1 1 1 0.856171
2 0 0 0.913924
3 0 0 0.87907

3
1 0 2662 0.938979
2 0 0 0.851628
3 0 0 0.927925

3
1 1 4 0.866235
2 0 0 0.858768
3 0 0 0.814744

3
1 2 3513 0.970975
2 0 0 0.907274
3 0 0 0.948084

7
1 0 1890 0.982462
2 2 2209 0.96635
4 0 0 0.962256
5 1 4 0.991712
10 0 0 0.924025
11 0 0 0.975553
3 0 0 0.950531

3
1 0 2692 0.833052
2 0 0 0.782296
3 0 0 0.948543

3
1 0 6094 0.889345
2 0 0 0.916461
3 0 0 0.940392

1
1 0 0 0.829719

3
1 0 5981 0.825867
2 0 0 0.833428
3 0 0 0.997717

3
1 1 3 0.877138
2 0 0 0.781235
3 0 0 0.943364

1
1 0 0 0.84814

3
1 0 9466 0.856325
2 0 0 0.819961
3 0 0 1.06961

7
1 1 4 0.996847
2 2 2975 1.01021
4 0 0 1.02183
5 0 0 0.865997
3 2 529 0.901069
6 0 0 1.019
7 0 0 0.941335

1
1 0 0 0.909852

1
1 0 0 0.750234

3
1 0 735 0.884152
2 0 0 0.96022
3 0 0 0.815676

5
1 2 1459 0.941275
2 1 1 0.939632
4 0 0 0.946472
5 0 0 0.888625
3 0 0 0.911277

3
1 0 9357 0.843865
2 0 0 0.807853
3 0 0 0.950364

3
1 1 2 0.938529
2 0 0 0.976988
3 0 0 0.924813

1
1 0 0 0.851197

5
1 0 826 0.929826
2 0 0 0.944546
3 0 5876 0.957205
6 0 0 0.991985
7 0 0 0.942096

3
1 0 1481 0.81454
2 0 0 0.996669
3 0 0 0.850034

3
1 1 1 0.870777
2 0 0 0.81233
3 0 0 0.903193

5
1 0 5542 0.897349
2 0 3928 1.0591
4 0 0 0.963799
5 0 0 0.959967
3 0 0 0.887506

3
1 2 618 0.864962
2 0 0 1.00756
3 0 0 0.885513

3
1 1 3 0.970244
2 0 0 0.948879
3 0 0 0.969733

5
1 0 9240 0.825324
2 2 3116 0.84179
4 0 0 1.03112
5 0 0 0.838123
3 0 0 1.0426

3
1 1 4 0.853135
2 0 0 0.801167
3 0 0 0.87108

3
1 0 506 0.863224
2 0 0 1.02094
3 0 0 0.856314

1
1 0 0 0.7802

5
1 0 197 0.760583
2 2 4234 0.887415
4 0 0 0.939893
5 0 0 1.10088
3 0 0 0.802562

3
1 0 4323 0.952306
2 0 0 0.805773
3 0 0 0.907374

3
1 1 4 0.889669
2 0 0 0.890686
3 0 0 0.940102

3
1 0 8220 0.894255
2 0 0 0.886486
3 0 0 0.914043

3
1 0 4399 0.928884
2 0 0 0.879108
3 0 0 1.00301

3
1 2 2288 0.789925
2 0 0 0.978975
3 0 0 0.852906

3
1 0 4327 0.938683
2 0 0 0.836944
3 0 0 0.994104

3
1 2 2482 0.982842
2 0 0 0.958499
3 0 0 0.956038

1
1 0 0 0.795653

9
1 1 3 0.890477
2 0 1937 0.911827
4 0 0 0.904046
5 0 0 0.998958
3 2 2322 0.967461
6 0 0 1.0516
7 1 4 0.935718
14 0 0 0.904364
15 0 0 0.966047

5
1 0 351 0.796083
2 2 4432 1.06088
4 0 0 1.01132
5 0 0 1.04244
3 0 0 0.784889

3
1 2 1991 0.923023
2 0 0 0.887764
3 0 0 0.944225

3
1 0 6794 0.817593
2 0 0 0.75193
3 0 0 1.0931

3
1 2 1027 0.853873
2 0 0 0.947288
3 0 0 0.808544

1
1 0 0 0.77309

5
1 0 3863 0.877952
2 0 0 0.909677
3 1 2 0.995504
6 0 0 0.998476
7 0 0 0.931622

3
1 1 1 0.896136
2 0 0 0.904223
3 0 0 0.894869

3
1 0 2789 0.899249
2 0 0 0.896792
3 0 0 0.960399

5
1 2 2880 0.880828
2 0 0 0.863252
3 0 6796 0.907798
6 0 0 0.953673
7 0 0 0.953411

3
1 2 2855 0.889654
2 0 0 0.905204
3 0 0 0.849602

3
1 1 3 0.885108
2 0 0 0.85927
3 0 0 0.985196

3
1 2 4609 0.923641
2 0 0 0.876881
3 0 0 0.989213

5
1 0 5030 0.874233
2 0 189 0.774849
4 0 0 1.04596
5 0 0 0.864087
3 0 0 1.00816

3
1 0 6358 0.937721
2 0 0 0.853103
3 0 0 0.985424

3
1 0 4220 0.844883
2 0 0 0.893022
3 0 0 1.06441

3
1 0 5765 0.898917
2 0 0 0.998256
3 0 0 0.97524

1
1 0 0 0.784742

3
1 1 3 0.878553
2 0 0 0.895881
3 0 0 0.944142

3
1 0 942 0.846196
2 0 0 1.05582
3 0 0 0.80393

5
1 0 9894 0.863611
2 0 0 0.829084
3 2 4138 1.01912
6 0 0 1.02716
7 0 0 1.03691

5
1 2 889 0.923214
2 2 636 0.952349
4 0 0 0.949742
5 0 0 1.00011
3 0 0 0.970787

1
1 0 0 0.812289

3
1 0 8061 0.88472
2 0 0 0.88338
3 0 0 0.904047

3
1 2 51 0.917086
2 0 0 0.916263
3 0 0 0.943796

5
1 2 342 0.841536
2 0 0 0.897395
3 2 2918 0.864931
6 0 0 0.911509
7 0 0 0.80386

3
1 2 281 0.835825
2 0 0 1.11808
3 0 0 0.920412

1
1 0 0 0.848552

3
1 0 6101 0.955231
2 0 0 0.837108
3 0 0 0.920776

7
1 2 5188 0.907556
2 0 67 0.892217
4 0 0 0.811568
5 0 0 0.889065
3 0 5688 0.964942
6 0 0 1.09147
7 0 0 0.935805

3
1 0 235 0.829952
2 0 0 0.921588
3 0 0 0.90866

3
1 0 4378 0.947186
2 0 0 0.961316
3 0 0 1.04454

5
1 0 2397 0.880721
2 0 0 0.926505
3 0 2924 0.959959
6 0 0 0.900382
7 0 0 1.08127

3
1 0 3110 0.931467
2 0 0 0.796182
3 0 0 0.989322

1
1 0 0 0.800541

3
1 0 685 0.80127
2 0 0 1.02456
3 0 0 0.834745

3
1 1 2 0.909255
2 0 0 0.822302
3 0 0 0.877007

3
1 0 5561 0.869362
2 0 0 0.831466
3 0 0 1.06213

3
1 2 3947 0.88772
2 0 0 0.928189
3 0 0 0.952426

3
1 1 2 0.939294
2 0 0 0.899115
3 0 0 0.815431

3
1 1 4 0.904226
2 0 0 0.826643
3 0 0 0.941214

7
1 0 7037 0.923273
2 0 4283 0.846063
4 0 0 0.986861
5 0 0 1.17224
3 1 3 0.901714
6 0 0 0.906008
7 0 0 0.903576

7
1 1 3 0.881877
2 0 0 0.762788
3 2 875 0.869697
6 0 0 0.919209
7 2 5099 0.948191
14 0 0 0.860127
15 0 0 0.965976

5
1 2 3193 1.01713
2 1 4 1.00754
4 0 0 1.12597
5 0 0 0.944951
3 0 0 0.930514

5
1 1 3 0.938059
2 0 7410 0.999839
4 0 0 0.920651
5 0 0 0.988728
3 0 0 1.02986

3
1 2 1197 0.884508
2 0 0 0.906153
3 0 0 0.781211

1
1 0 0 0.789524

3
1 0 6613 0.948571
2 0 0 0.72399
3 0 0 0.880168

3
1 2 2334 0.918182
2 0 0 0.83894
3 0 0 0.916345

3
1 0 1221 0.797716
2 0 0 0.964615
3 0 0 0.906754

7
1 0 365 0.878398
2 0 308 0.943519
4 2 873 1.00141
8 0 0 0.950348
9 0 0 1.06497
5 0 0 0.964468
3 0 0 0.86008

3
1 0 5983 0.857317
2 0 0 0.809544
3 0 0 0.869329

1
1 0 0 0.782116

3
1 1 4 0.927274
2 0 0 0.926325
3 0 0 0.946983

5
1 0 3728 0.92861
2 0 0 0.773748
3 0 7586 0.967331
6 0 0 1.0119
7 0 0 1.00665

3
1 0 643 0.824548
2 0 0 1.08414
3 0 0 0.705134

3
1 2 924 0.898268
2 0 0 0.929932
3 0 0 0.80823

3
1 2 133 0.812384
2 0 0 1.02111
3 0 0 0.848238

1
1 0 0 0.750755

3
1 1 1 0.856089
2 0 0 0.948391
3 0 0 0.821891

3
1 0 9441 0.872408
2 0 0 0.813303
3 0 0 1.0626

5
1 2 1599 0.948669
2 1 1 0.937421
4 0 0 0.957186
5 0 0 0.986158
3 0 0 0.920793

3
1 0 7183 0.860941
2 0 0 0.841176
3 0 0 0.918641

5
1 2 4105 1.02961
2 2 3871 0.955738
4 0 0 0.913732
5 0 0 0.986156
3 0 0 0.918446

3
1 1 4 0.904207
2 0 0 0.973148
3 0 0 0.976991

1
1 0 0 0.71723

5
1 0 2692 0.833052
2 0 0 0.961222
3 1 4 1.03431
6 0 0 1.02074
7 0 0 1.03992

5
1 2 4817 0.925675
2 2 4101 0.92697
4 0 0 0.995697
5 0 0 0.985358
3 0 0 1.01571

1
1 0 0 0.843164

3
1 1 2 0.942673
2 0 0 0.977694
3 0 0 0.790228

3
1 0 5573 0.899483
2 0 0 0.998177
3 0 0 1.06276

1
1 0 0 0.728939

3
1 2 5095 1.023
2 0 0 0.927182
3 0 0 0.935723

3
1 0 1426 0.874433
2 0 0 0.987218
3 0 0 0.928445

3
1 0 127 0.783543
2 0 0 0.979524
3 0 0 0.845501

1
1 0 0 0.907422

3
1 0 8888 0.872021
2 0 0 0.755501
3 0 0 1.2112

5
1 1 2 0.940628
2 2 834 0.912416
4 0 0 1.17726
5 0 0 0.878904
3 0 0 0.967513

3
1 0 4553 0.812292
2 0 0 0.8908
3 0 0 1.09656

3
1 0 892 0.85002
2 0 0 0.994955
3 0 0 0.805608

1
1 0 0 0.772164

3
1 0 322 0.948337
2 0 0 0.889913
3 0 0 0.745959

3
1 0 4399 0.905475
2 0 0 0.833204
3 0 0 0.985635

3
1 2 4711 0.866939
2 0 0 0.902371
3 0 0 0.899399

1
1 0 0 0.870152

5
1 1 4 0.889696
2 0 0 0.872349
3 2 3028 0.999442
6 0 0 0.855533
7 0 0 0.941981

3
1 0 4307 0.933271
2 0 0 0.910271
3 0 0 0.885681

3
1 0 9594 0.908587
2 0 0 0.835823
3 0 0 0.996714

5
1 0 2743 0.893299
2 0 0 0.86726
3 1 4 1.02545
6 0 0 0.942586
7 0 0 0.972129

3
1 0 5427 0.889022
2 0 0 0.916414
3 0 0 0.938315

3
1 2 1689 0.963442
2 0 0 0.902484
3 0 0 1.01711

5
1 0 6814 0.940378
2 0 0 0.946597
3 0 8524 0.886781
6 0 0 0.916236
7 0 0 0.918798

1
1 0 0 0.833099

3
1 1 4 0.794208
2 0 0 0.834544
3 0 0 0.953564

3
1 2 3378 0.873832
2 0 0 0.908397
3 0 0 0.874414

5
1 0 115 0.884339
2 2 1438 1.03763
4 0 0 1.05925
5 0 0 0.976482
3 0 0 0.817869

3
1 0 1093 0.835721
2 0 0 1.08366
3 0 0 0.871101

1
1 0 0 0.808506

1
1 0 0 0.875096

1
1 0 0 0.93384

9
1 1 4 0.956326
2 2 4745 0.857696
4 0 0 0.876625
5 0 0 0.746708
3 0 954 1.11068
6 0 0 1.10752
7 0 8174 1.0081
14 0 0 0.994608
15 0 0 1.03342

3
1 0 6695 0.791032
2 0 0 0.862196
3 0 0 0.996773

3
1 0 6145 0.954874
2 0 0 0.776106
3 0 0 1.0324

3
1 2 4462 0.872066
2 0 0 0.99649
3 0 0 0.994686

3
1 2 4561 0.880606
2 0 0 0.925281
3 0 0 0.938557

1
1 0 0 0.770336

3
1 0 234 0.794606
2 0 0 1.03033
3 0 0 0.854958

3
1 1 2 0.917633
2 0 0 0.937951
3 0 0 0.893881

1
1 0 0 0.796002

5
1 2 4861 0.897986
2 0 0 0.922068
3 1 3 0.898766
6 0 0 0.974264
7 0 0 0.995529

3
1 2 1418 0.845258
2 0 0 0.947302
3 0 0 0.847215

1
1 0 0 0.772694

3
1 2 2231 0.873469
2 0 0 0.928777
3 0 0 0.862965

3
1 0 238 0.982301
2 0 0 0.958757
3 0 0 0.947752

3
1 0 6358 0.937721
2 0 0 0.935419
3 0 0 0.951922

3
1 0 4220 0.844883
2 0 0 0.805599
3 0 0 0.973381

3
1 2 1030 0.874047
2 0 0 0.999176
3 0 0 0.947248

3
1 2 681 0.887211
2 0 0 0.939215
3 0 0 0.942287

3
1 2 5203 0.931317
2 0 0 0.85628
3 0 0 1.01781

3
1 1 3 0.9567
2 0 0 0.876637
3 0 0 0.984179

5
1 2 1759 0.875937
2 0 0 0.923671
3 0 2565 0.961236
6 0 0 0.928089
7 0 0 1.01874

3
1 0 150 0.90925
2 0 0 1.13415
3 0 0 0.901948

3
1 2 547 0.928917
2 0 0 1.0312
3 0 0 0.886975

5
1 1 2 0.888912
2 0 0 0.874742
3 1 3 0.984001
6 0 0 0.997869
7 0 0 0.959352

5
1 0 9576 0.833399
2 0 837 0.752224
4 0 0 0.857601
5 0 0 0.7499
3 0 0 0.945791

1
1 0 0 0.852361

3
1 0 5031 0.893623
2 0 0 0.888742
3 0 0 0.960741

3
1 0 4020 0.829984
2 0 0 0.789436
3 0 0 0.842612

3
1 1 2 0.956171
2 0 0 0.979746
3 0 0 0.960788

5
1 0 8416 0.899697
2 0 4287 0.930698
4 0 0 0.74347
5 0 0 1.10659
3 0 0 0.928013

5
1 0 5927 0.936123
2 0 0 0.893107
3 1 3 0.903856
6 0 0 1.00228
7 0 0 0.897105

3
1 2 4085 0.924585
2 0 0 0.962893
3 0 0 1.02515

3
1 0 5233 0.96329
2 0 0 0.866518
3 0 0 0.948632

3
1 0 9662 0.832051
2 0 0 0.794069
3 0 0 0.862033

1
1 0 0 0.843276

3
1 0 7859 0.833192
2 0 0 0.836807
3 0 0 0.854733

3
1 1 3 0.898287
2 0 0 0.869067
3 0 0 1.08249

3
1 1 4 0.858395
2 0 0 0.790922
3 0 0 0.969855

7
1 0 8896 0.918108
2 0 1818 0.928983
4 0 0 1.01262
5 0 0 0.900188
3 0 9923 0.988149
6 0 0 1.04328
7 0 0 1.06826

7
1 0 7122 0.910624
2 0 0 0.816275
3 0 7883 0.972697
6 1 1 1.12012
12 0 0 0.894856
13 0 0 1.1054
7 0 0 0.946424

3
1 0 5516 0.93239
2 0 0 0.872522
3 0 0 1.02908

3
1 2 2261 0.906305
2 0 0 0.995815
3 0 0 1.02797

5
1 2 4849 0.9476
2 0 0 0.94067
3 1 1 0.976608
6 0 0 0.918462
7 0 0 1.04845

1
1 0 0 0.763458

3
1 1 3 0.917788
2 0 0 0.941559
3 0 0 0.909463

5
1 0 6038 0.904026
2 0 0 0.845707
3 2 867 1.00764
6 0 0 0.884556
7 0 0 0.979178

3
1 0 4037 0.897994
2 0 0 0.914911
3 0 0 1.08338

1
1 0 0 0.847076

3
1 0 9501 0.786595
2 0 0 0.821236
3 0 0 1.01314

5
1 0 673 0.856419
2 0 578 1.01013
4 0 0 0.981619
5 0 0 0.970398
3 0 0 0.880576

3
1 0 9545 0.840025
2 0 0 0.79193
3 0 0 0.868442

3
1 0 9873 0.792067
2 0 0 0.842166
3 0 0 0.975332

3
1 2 1563 0.833825
2 0 0 0.956774
3 0 0 0.79359

3
1 0 559 0.762004
2 0 0 0.926635
3 0 0 0.74038

5
1 0 2770 0.86418
2 0 0 0.935113
3 0 6115 0.92109
6 0 0 0.947007
7 0 0 0.968754

3
1 0 2806 0.860221
2 0 0 0.836871
3 0 0 0.887237

3
1 0 312 0.839965
2 0 0 0.986368
3 0 0 0.906588

3
1 1 3 0.920157
2 0 0 0.86677
3 0 0 0.903969

3
1 0 110 0.781727
2 0 0 0.873473
3 0 0 0.768863

1
1 0 0 0.938744

3
1 2 5309 0.874361
2 0 0 0.85711
3 0 0 1.00316

3
1 0 508 0.727477
2 0 0 0.97899
3 0 0 0.775907

3
1 0 170 0.872653
2 0 0 1.01324
3 0 0 0.824892

3
1 1 1 0.821706
2 0 0 0.938761
3 0 0 0.798637

5
1 0 7027 0.873859
2 0 0 0.919642
3 1 1 0.806695
6 0 0 0.946076
7 0 0 0.853871

1
1 0 0 0.857642

3
1 0 9100 0.785148
2 0 0 0.812866
3 0 0 0.924089

5
1 0 8958 0.86564
2 0 0 0.79642
3 1 4 1.05398
6 0 0 1.01795
7 0 0 1.02076

7
1 2 1416 0.925701
2 0 194 0.956848
4 0 0 1.07036
5 0 0 0.837641
3 2 2093 0.875797
6 0 0 0.958915
7 0 0 0.88114

1
1 0 0 0.865806

3
1 0 1333 0.872278
2 0 0 0.84862
3 0 0 0.864754

5
1 2 4798 0.88129
2 0 0 0.846129
3 0 5821 0.926022
6 0 0 0.861706
7 0 0 0.938381

3
1 2 2887 1.01466
2 0 0 0.980635
3 0 0 1.06527

3
1 0 5774 0.912093
2 0 0 0.82661
3 0 0 1.01254

3
1 1 1 0.849664
2 0 0 0.915272
3 0 0 0.879331

3
1 0 9400 0.907422
2 0 0 0.849689
3 0 0 0.938618

3
1 2 449 0.878909
2 0 0 1.09303
3 0 0 0.821819

3
1 1 1 0.900633
2 0 0 0.988576
3 0 0 1.0031

1
1 0 0 0.824674

5
1 2 1533 0.917761
2 0 0 0.926802
3 0 3214 0.924329
6 0 0 0.922439
7 0 0 0.939268

1
1 0 0 0.957675

7
1 0 2669 0.908293
2 2 931 0.874771
4 0 0 1.05313
5 0 0 0.96812
3 1 4 1.00197
6 0 0 0.976007
7 0 0 0.972355

3
1 2 1028 0.835372
2 0 0 0.906885
3 0 0 0.863311

3
1 2 287 0.824681
2 0 0 0.956016
3 0 0 0.82789

5
1 0 120 0.77948
2 1 2 0.982509
4 0 0 1.09263
5 0 0 1.03302
3 0 0 0.788219

1
1 0 0 0.816707

3
1 0 2477 0.854909
2 0 0 0.844351
3 0 0 0.972708

3
1 1 3 0.858296
2 0 0 0.852771
3 0 0 0.85797

3
1 2 531 0.79063
2 0 0 1.03721
3 0 0 0.804307

1
1 0 0 0.839627

5
1 0 9818 0.907235
2 0 4540 0.922415
4 0 0 0.846542
5 0 0 1.02894
3 0 0 1.02079

3
1 0 1956 0.913588
2 0 0 0.928352
3 0 0 0.909124

3
1 0 4689 0.839425
2 0 0 0.871718
3 0 0 1.06566

5
1 0 243 0.819619
2 1 4 0.991504
4 0 0 1.0251
5 0 0 0.970902
3 0 0 0.849823

5
1 2 196 0.842924
2 0 2743 0.971988
4 0 0 0.878698
5 0 0 0.862061
3 0 0 0.872024

3
1 0 942 0.845612
2 0 0 1.01214
3 0 0 0.931478

3
1 0 1421 0.860479
2 0 0 0.968712
3 0 0 0.784246

5
1 0 6774 0.847321
2 0 0 0.812755
3 2 1319 1.03448
6 0 0 0.899328
7 0 0 1.01427

3
1 2 956 0.837151
2 0 0 0.809092
3 0 0 0.897812

3
1 0 3879 0.868642
2 0 0 0.852101
3 0 0 0.870433

3
1 0 4319 0.839424
2 0 0 0.865995
3 0 0 1.00078

5
1 0 281 0.794268
2 0 31 0.918184
4 0 0 1.09798
5 0 0 0.98789
3 0 0 0.751623

5
1 1 2 0.820946
2 0 0 0.818911
3 0 650 0.897904
6 0 0 0.96328
7 0 0 0.817273

1
1 0 0 0.820649

3
1 2 3842 0.899832
2 0 0 1.05826
3 0 0 0.836376

3
1 0 2031 0.89387
2 0 0 1.01748
3 0 0 0.939746

3
1 0 799 0.910156
2 0 0 0.981819
3 0 0 0.880465

3
1 1 3 0.963674
2 0 0 0.724606
3 0 0 0.981616

5
1 1 4 0.972753
2 0 0 0.982967
3 0 933 1.0349
6 0 0 0.89596
7 0 0 1.05138

1
1 0 0 0.906296

3
1 2 5219 0.731873
2 0 0 0.810284
3 0 0 1.11527

5
1 2 2627 0.906668
2 0 0 0.833913
3 1 2 0.971931
6 0 0 1.00604
7 0 0 0.93444

3
1 2 2041 0.960103
2 0 0 0.910055
3 0 0 1.01449

3
1 2 1674 0.862103
2 0 0 0.866541
3 0 0 0.909497

3
1 2 1463 0.860432
2 0 0 0.934297
3 0 0 0.845019

1
1 0 0 0.733176

3
1 2 3477 0.826931
2 0 0 0.895468
3 0 0 0.839129

3
1 2 3790 0.83305
2 0 0 0.877303
3 0 0 0.886139

3
1 2 1644 0.957848
2 0 0 0.931465
3 0 0 0.875962

5
1 2 4077 0.898173
2 0 7323 0.888625
4 0 0 0.906134
5 0 0 1.08101
3 0 0 0.919874

3
1 1 3 0.84731
2 0 0 0.865733
3 0 0 1.00479

3
1 0 150 0.90925
2 0 0 1.08511
3 0 0 0.771544

3
1 1 2 0.863888
2 0 0 0.906672
3 0 0 0.92249

3
1 2 3615 0.945532
2 0 0 1.00734
3 0 0 0.944383

3
1 2 2557 0.848028
2 0 0 0.966597
3 0 0 1.00944

3
1 0 9399 0.831962
2 0 0 0.778777
3 0 0 0.986282

3
1 0 4130 0.991376
2 0 0 0.863045
3 0 0 0.96957

3
1 1 4 0.925539
2 0 0 0.837464
3 0 0 0.922808

3
1 2 5307 0.891265
2 0 0 0.91477
3 0 0 0.884217

3
1 2 1493 1.00027
2 0 0 0.794697
3 0 0 1.09642

3
1 0 2979 0.929535
2 0 0 0.805693
3 0 0 0.942428

3
1 0 6806 0.896077
2 0 0 0.915269
3 0 0 0.864233

5
1 0 9449 0.912379
2 0 0 0.911222
3 0 9666 0.884924
6 0 0 1.02922
7 0 0 0.801597

3
1 0 6295 0.795565
2 0 0 0.83754
3 0 0 0.963716

5
1 2 2469 0.96023
2 0 0 0.939319
3 0 4173 0.96586
6 0 0 0.880376
7 0 0 0.989799

3
1 1 1 0.921417
2 0 0 0.850621
3 0 0 0.913577

1
1 0 0 0.892262

3
1 1 4 0.903182
2 0 0 0.8275
3 0 0 0.948684

3
1 1 4 0.834388
2 0 0 0.863457
3 0 0 0.79163

5
1 0 2944 0.926952
2 0 0 1.04901
3 2 374 0.988038
6 0 0 0.971817
7 0 0 0.967824

3
1 2 1810 0.825855
2 0 0 0.994516
3 0 0 0.818259

3
1 0 1734 0.787432
2 0 0 0.875328
3 0 0 0.802407

5
1 1 4 0.862124
2 0 0 0.913962
3 0 930 0.935315
6 0 0 0.989663
7 0 0 0.909565

3
1 2 4007 1.01299
2 0 0 0.913824
3 0 0 0.947443

3
1 2 1576 0.884814
2 0 0 1.0404
3 0 0 0.899637

7
1 0 954 0.983569
2 1 2 1.00669
4 0 0 0.991086
5 0 0 1.01007
3 0 4654 1.01534
6 0 0 0.903402
7 0 0 1.04925

7
1 2 2923 0.882214
2 1 3 0.90425
4 0 0 0.863238
5 1 4 0.889293
10 0 0 0.929618
11 0 0 1.05011
3 0 0 0.94375

3
1 2 185 0.81038
2 0 0 1.07042
3 0 0 0.807597

3
1 0 1049 0.916773
2 0 0 0.955491
3 0 0 0.74166

3
1 0 1027 0.866195
2 0 0 0.971188
3 0 0 0.839808

3
1 0 1411 0.906689
2 0 0 0.944425
3 0 0 0.943188

3
1 2 1960 0.921327
2 0 0 1.02109
3 0 0 0.893267

3
1 0 5145 0.919931
2 0 0 0.895735
3 0 0 0.933669

1
1 0 0 0.817472

3
1 0 7387 0.820931
2 0 0 0.832
3 0 0 0.931203

3
1 0 5400 0.880351
2 0 0 0.824142
3 0 0 1.00403

9
1 0 7803 0.797695
2 0 0 0.854154
3 2 4021 1.03972
6 0 0 0.99799
7 2 4674 1.05169
14 0 0 1.00255
15 0 9399 0.947973
30 0 0 0.890451
31 0 0 0.922239

5
1 0 7226 0.830561
2 0 3921 0.835359
4 0 0 0.82962
5 0 0 0.943261
3 0 0 1.06884

3
1 0 3969 0.826741
2 0 0 0.753964
3 0 0 1.00873

3
1 2 1989 0.874166
2 0 0 0.850666
3 0 0 0.902573

1
1 0 0 0.834677

3
1 0 94 0.713029
2 0 0 1.03819
3 0 0 0.740086

1
1 0 0 0.775561

5
1 1 2 0.868866
2 0 0 0.94273
3 2 2970 0.941781
6 0 0 0.903314
7 0 0 0.98591

1
1 0 0 0.840166

5
1 1 3 0.94089
2 0 0 0.926375
3 2 4035 1.03066
6 0 0 0.950106
7 0 0 1.18402

3
1 0 9013 0.905016
2 0 0 0.858251
3 0 0 1.03991

3
1 0 9255 0.790136
2 0 0 0.81193
3 0 0 1.00303

3
1 0 9689 0.826448
2 0 0 0.807005
3 0 0 1.03304

1
1 0 0 0.754777

7
1 2 2218 0.809494
2 2 2123 0.84483
4 0 0 0.910444
5 1 3 1.00053
10 0 0 1.01703
11 0 0 1.0142
3 0 0 0.883792

1
1 0 0 0.818306

5
1 1 3 0.922317
2 0 3539 0.999507
4 0 0 0.849444
5 0 0 0.931283
3 0 0 0.986995

7
1 1 4 0.901493
2 0 4129 0.862112
4 0 0 0.906389
5 0 0 1.07396
3 0 9295 0.834263
6 0 0 0.961894
7 0 0 0.97884

3
1 2 839 0.846203
2 0 0 0.943553
3 0 0 0.860867

3
1 0 3821 0.868643
2 0 0 0.722791
3 0 0 0.91267

7
1 1 3 0.899604
2 0 0 0.866682
3 1 4 1.03884
6 0 6746 1.06554
12 0 0 1.05543
13 0 0 0.966312
7 0 0 0.950945

3
1 0 4689 0.940527
2 0 0 0.835297
3 0 0 1.00162

3
1 0 468 0.873677
2 0 0 1.02004
3 0 0 0.801099

3
1 1 4 0.884383
2 0 0 0.873515
3 0 0 0.985907

3
1 2 60 0.843733
2 0 0 0.987671
3 0 0 0.845513

3
1 1 1 0.86612
2 0 0 0.932896
3 0 0 0.877283

7
1 2 2273 0.924161
2 0 0 0.926049
3 1 3 0.972283
6 2 3532 1.03854
12 0 0 1.02848
13 0 0 1.00704
7 0 0 0.864891

1
1 0 0 0.88868

1
1 0 0 0.816724

3
1 1 4 0.845184
2 0 0 0.943278
3 0 0 0.986009

3
1 2 4282 0.866823
2 0 0 0.864208
3 0 0 0.891259

3
1 2 103 0.889137
2 0 0 0.979029
3 0 0 0.966665

1
1 0 0 0.881466

1
1 0 0 0.739915

3
1 1 1 0.826415
2 0 0 0.992211
3 0 0 0.943469

3
1 1 4 0.842248
2 0 0 0.830132
3 0 0 0.971761

5
1 0 2763 0.909919
2 0 0 0.880124
3 0 9379 0.910491
6 0 0 0.939451
7 0 0 0.998218

1
1 0 0 0.820547

1
1 0 0 0.736298

3
1 2 3009 0.861945
2 0 0 0.864375
3 0 0 0.891431

3
1 0 5611 0.863246
2 0 0 0.825952
3 0 0 1.00337

7
1 1 4 0.905449
2 2 558 0.884132
4 0 0 0.953394
5 0 0 0.900087
3 2 2905 0.968174
6 0 0 0.94557
7 0 0 0.985843

5
1 1 4 0.955526
2 0 0 0.954216
3 2 146 0.973736
6 0 0 0.956319
7 0 0 1.00667

3
1 0 1153 0.889249
2 0 0 0.948224
3 0 0 0.825417

5
1 1 2 0.917551
2 2 138 0.980282
4 0 0 1.20713
5 0 0 0.985348
3 0 0 0.866184

3
1 0 1914 0.883559
2 0 0 0.895917
3 0 0 0.864417

3
1 0 442 0.815158
2 0 0 0.963277
3 0 0 0.877745

3
1 1 4 0.918362
2 0 0 0.883892
3 0 0 0.97884

1
1 0 0 0.715829

3
1 2 1825 0.861003
2 0 0 1.01199
3 0 0 1.01064

3
1 0 9313 0.826404
2 0 0 0.829921
3 0 0 1.04407

3
1 0 4098 0.853037
2 0 0 0.782092
3 0 0 1.03512

3
1 0 4292 0.965748
2 0 0 0.960552
3 0 0 0.997844

3
1 0 8648 0.828239
2 0 0 0.784145
3 0 0 0.940585

3
1 2 3090 0.971602
2 0 0 1.02035
3 0 0 0.850701

1
1 0 0 0.689129

5
1 2 240 0.927369
2 0 2411 1.06565
4 0 0 1.0552
5 0 0 1.17353
3 0 0 0.939181

1
1 0 0 0.731472

3
1 2 5119 0.98814
2 0 0 0.813519
3 0 0 0.951121

5
1 2 824 1.04719
2 0 0 1.10492
3 2 1596 0.974813
6 0 0 0.956387
7 0 0 0.965629

3
1 0 6239 0.87217
2 0 0 0.960685
3 0 0 1.07989

3
1 0 131 0.918157
2 0 0 0.923766
3 0 0 0.79792

3
1 0 4480 0.933074
2 0 0 0.951595
3 0 0 0.967683

7
1 1 3 0.920773
2 2 3483 0.952043
4 0 0 0.986751
5 0 0 0.899868
3 0 8947 0.969779
6 0 0 0.995735
7 0 0 0.971117

3
1 2 4807 0.89731
2 0 0 0.876248
3 0 0 1.03445

3
1 0 1825 0.93373
2 0 0 1.18802
3 0 0 0.872539

3
1 2 181 0.745329
2 0 0 0.953539
3 0 0 0.963769

1
1 0 0 0.927822

3
1 0 336 0.845409
2 0 0 1.10687
3 0 0 0.681688

3
1 0 8503 0.879601
2 0 0 0.854625
3 0 0 1.08887

13
1 0 639 0.76197
2 2 4941 0.978075
4 0 52 0.99703
8 0 0 0.913278
9 0 0 0.930268
5 0 338 1.02305
10 0 0 1.06318
11 0 0 0.979668
3 1 3 0.827934
6 0 0 0.879829
7 0 1535 0.839291
14 0 0 1.14876
15 0 0 0.818371

5
1 0 281 0.786511
2 0 0 0.930895
3 0 9314 0.733808
6 0 0 0.802964
7 0 0 1.01746

1
1 0 0 0.857964

3
1 0 9885 0.932026
2 0 0 0.82775
3 0 0 0.974463

3
1 0 201 0.903347
2 0 0 1.00272
3 0 0 0.830112

5
1 2 3115 0.864862
2 0 537 0.921796
4 0 0 0.914843
5 0 0 0.962517
3 0 0 0.908817

3
1 2 761 0.855454
2 0 0 0.931127
3 0 0 0.847

5
1 1 1 0.912271
2 0 0 1.07641
3 2 4633 0.865663
6 0 0 0.787421
7 0 0 0.95807

7
1 0 1821 1.00455
2 1 2 0.98583
4 0 0 0.963442
5 0 0 0.959614
3 0 3665 1.03098
6 0 0 0.898602
7 0 0 0.957703

1
1 0 0 0.847505

5
1 0 2182 0.944026
2 0 0 0.871427
3 1 4 0.966129
6 0 0 1.01135
7 0 0 0.889683

5
1 2 829 0.870396
2 0 0 0.967001
3 0 2717 0.963639
6 0 0 0.889691
7 0 0 0.943428

1
1 0 0 0.881157

3
1 1 2 0.91506
2 0 0 0.984661
3 0 0 0.936643

3
1 1 3 0.815227
2 0 0 0.90061
3 0 0 0.915283

5
1 0 5356 0.889357
2 0 0 0.89345
3 0 7541 1.04807
6 0 0 0.842986
7 0 0 0.950904

1
1 0 0 0.918734

5
1 2 44 0.954557
2 0 0 1.00591
3 0 3837 0.968507
6 0 0 0.881656
7 0 0 1.02708

1
1 0 0 0.823017

3
1 2 5263 0.777902
2 0 0 0.858984
3 0 0 0.929216

5
1 0 1166 0.861393
2 1 1 1.04795
4 0 0 0.982932
5 0 0 1.04404
3 0 0 0.906449

3
1 0 1200 0.815139
2 0 0 1.0556
3 0 0 0.832149

3
1 2 3429 0.901757
2 0 0 1.01752
3 0 0 0.891104

3
1 0 1858 0.832242
2 0 0 1.09347
3 0 0 0.875678

1
1 0 0 0.841917

3
1 1 3 0.872608
2 0 0 0.756238
3 0 0 0.938676

1
1 0 0 0.808091

5
1 2 1670 0.934446
2 0 0 0.991274
3 1 3 0.926777
6 0 0 0.967154
7 0 0 0.952277

3
1 0 121 0.922844
2 0 0 1.00641
3 0 0 0.846492

3
1 2 3971 0.916146
2 0 0 0.989196
3 0 0 0.993828

3
1 0 1654 0.891341
2 0 0 0.933099
3 0 0 0.811488

3
1 2 3948 0.908694
2 0 0 0.954049
3 0 0 0.974906

3
1 2 5181 0.901265
2 0 0 0.894247
3 0 0 1.03018

9
1 2 2346 0.947765
2 2 2054 0.917108
4 0 0 0.921484
5 0 6802 1.00726
10 0 6160 0.964402
20 0 0 1.05833
21 0 0 0.878491
11 0 0 1.00778
3 0 0 0.960849

1
1 0 0 0.807111

5
1 1 4 0.936326
2 0 0 0.875541
3 2 4113 1.02709
6 0 0 0.9586
7 0 0 1.05357

1
1 0 0 0.824998

5
1 1 4 0.903098
2 0 9810 0.93121
4 0 0 0.890357
5 0 0 0.933905
3 0 0 0.978932

3
1 0 6545 0.869392
2 0 0 0.887439
3 0 0 0.918046

3
1 0 9170 0.831987
2 0 0 0.827027
3 0 0 0.967573

3
1 0 331 0.802222
2 0 0 1.03182
3 0 0 0.83187

3
1 0 9890 0.840407
2 0 0 0.801755
3 0 0 1.05086

5
1 2 1016 0.896948
2 0 0 0.901594
3 1 2 0.879659
6 0 0 0.847664
7 0 0 0.867678

3
1 0 517 0.804115
2 0 0 0.978339
3 0 0 0.787888

3
1 2 679 0.792052
2 0 0 0.929949
3 0 0 0.829627

1
1 0 0 0.76791

3
1 2 5235 0.912725
2 0 0 0.946623
3 0 0 1.00945

1
1 0 0 0.821545

3
1 0 9328 0.861992
2 0 0 0.77669
3 0 0 0.9994

5
1 0 4410 0.881036
2 0 4149 0.930554
4 0 0 0.771685
5 0 0 1.00524
3 0 0 1.04154

3
1 0 3434 0.949715
2 0 0 0.885486
3 0 0 1.03463

1
1 0 0 0.790997

5
1 0 687 0.855901
2 0 647 0.981289
4 0 0 0.966528
5 0 0 1.02243
3 0 0 0.923345

7
1 0 3137 0.877675
2 0 2858 1.05831
4 0 0 0.966041
5 0 0 1.09828
3 2 749 0.938903
6 0 0 0.916944
7 0 0 0.939377

3
1 2 3126 0.897852
2 0 0 0.98135
3 0 0 0.918085

3
1 0 441 0.854213
2 0 0 1.01454
3 0 0 0.765374

3
1 2 23 0.826918
2 0 0 1.0155
3 0 0 0.909433

3
1 0 1947 0.914727
2 0 0 0.938867
3 0 0 0.883027

1
1 0 0 0.904316

1
1 0 0 0.884847

5
1 2 3134 0.853406
2 2 1173 1.07768
4 0 0 0.981274
5 0 0 1.15187
3 0 0 0.897556

5
1 2 244 0.74851
2 2 49 0.86925
4 0 0 0.996281
5 0 0 0.884197
3 0 0 0.827439

5
1 0 363 0.910902
2 2 4239 0.975598
4 0 0 1.03567
5 0 0 0.920826
3 0 0 0.751172

5
1 0 2000 0.921865
2 0 0 0.962066
3 0 2364 0.914654
6 0 0 0.903467
7 0 0 0.964138

5
1 0 4257 0.90982
2 0 0 0.878651
3 1 3 0.985736
6 0 0 1.05529
7 0 0 0.915786

1
1 0 0 0.908328

1
1 0 0 0.691652

3
1 0 967 0.899459
2 0 0 0.886941
3 0 0 0.890702

3
1 1 4 0.833351
2 0 0 0.759708
3 0 0 1.03042

3
1 2 2346 0.854405
2 0 0 0.918075
3 0 0 0.917939

7
1 0 7796 0.932387
2 0 5032 0.910708
4 0 0 0.783758
5 0 0 1.06076
3 0 7941 0.889522
6 0 0 1.09076
7 0 0 0.999987

5
1 0 5977 0.865792
2 0 0 0.751809
3 0 9272 0.994326
6 0 0 0.981716
7 0 0 1.02769

3
1 2 4453 0.862891
2 0 0 0.929197
3 0 0 0.861067

3
1 1 1 0.912678
2 0 0 0.907945
3 0 0 0.939998

1
1 0 0 0.924858

3
1 0 2211 0.881506
2 0 0 0.875096
3 0 0 0.896118

3
1 0 156 0.778297
2 0 0 1.04227
3 0 0 0.744048

3
1 2 1495 0.907527
2 0 0 0.920124
3 0 0 0.968113

3
1 2 2924 0.85894
2 0 0 0.8857
3 0 0 0.915344

1
1 0 0 0.763976

3
1 2 3249 0.866453
2 0 0 0.879105
3 0 0 0.843023

3
1 2 2894 0.877446
2 0 0 0.907201
3 0 0 0.886077

3
1 0 9674 0.813667
2 0 0 0.887282
3 0 0 1.08297

3
1 0 3202 0.890638
2 0 0 0.871117
3 0 0 0.858612

3
1 2 4327 0.9201
2 0 0 0.926914
3 0 0 0.9124

3
1 0 7990 0.846734
2 0 0 0.867179
3 0 0 0.899439

3
1 0 508 0.993785
2 0 0 1.05985
3 0 0 0.95074

5
1 2 4775 0.851485
2 0 0 0.790494
3 2 5252 0.951231
6 0 0 0.957191
7 0 0 0.948791

3
1 0 256 0.836839
2 0 0 0.916395
3 0 0 0.979349

3
1 0 7609 0.859757
2 0 0 0.830986
3 0 0 0.913614

3
1 1 2 0.833447
2 0 0 0.8553
3 0 0 0.814329

3
1 1 3 0.896764
2 0 0 0.850785
3 0 0 0.957084

5
1 0 2543 0.88137
2 0 0 0.808265
3 1 1 0.878451
6 0 0 0.897029
7 0 0 0.899154

5
1 2 4822 0.79913
2 0 0 0.8014
3 0 6529 0.967671
6 0 0 0.88795
7 0 0 0.89151

3
1 2 104 0.806507
2 0 0 1.01717
3 0 0 0.814229

5
1 2 247 0.849664
2 1 1 1.04309
4 0 0 1.0552
5 0 0 1.07466
3 0 0 0.894696

5
1 2 928 0.929538
2 0 0 0.954682
3 2 942 0.862785
6 0 0 0.975118
7 0 0 0.86831

3
1 0 3846 0.899083
2 0 0 0.780576
3 0 0 1.07835

3
1 2 5384 0.880878
2 0 0 0.84356
3 0 0 0.991261

3
1 0 4438 0.855016
2 0 0 0.816459
3 0 0 1.15207

3
1 0 3691 0.849088
2 0 0 0.892894
3 0 0 1.02346

7
1 1 2 0.881429
2 2 77 0.817326
4 0 0 0.893808
5 0 0 0.854784
3 0 995 0.865702
6 0 0 0.943688
7 0 0 0.853154

1
1 0 0 0.848705

1
1 0 0 0.812082

3
1 0 7315 0.861641
2 0 0 0.840129
3 0 0 0.928544

5
1 1 4 0.87605
2 1 3 0.883593
4 0 0 0.879517
5 0 0 1.00612
3 0 0 0.912333

3
1 1 1 0.901538
2 0 0 0.902689
3 0 0 0.897559

1
1 0 0 0.866645

1
1 0 0 0.78461

3
1 1 4 0.905481
2 0 0 0.877408
3 0 0 0.954921

5
1 1 2 0.935655
2 0 0 0.785534
3 2 2420 0.884106
6 0 0 0.857797
7 0 0 1.09951

3
1 0 3843 0.895887
2 0 0 0.946482
3 0 0 1.0952

7
1 0 723 0.951361
2 0 0 0.976566
3 0 8930 0.892812
6 0 0 0.866793
7 1 3 0.996302
14 0 0 0.957525
15 0 0 1.05223

5
1 1 2 0.957017
2 2 4470 0.930814
4 0 0 0.938039
5 0 0 0.991522
3 0 0 0.994979

7
1 2 952 0.923722
2 0 9756 1.02674
4 0 3913 1.03518
8 0 0 1.0503
9 0 0 1.06255
5 0 0 1.04758
3 0 0 0.980329

3
1 1 2 0.905733
2 0 0 0.899168
3 0 0 0.960946

5
1 0 2691 0.940847
2 0 0 0.840034
3 2 2953 1.12827
6 0 0 1.08191
7 0 0 1.16183

3
1 2 5166 0.84272
2 0 0 0.780667
3 0 0 0.907585

1
1 0 0 0.836295

3
1 2 4917 0.823301
2 0 0 0.689551
3 0 0 1.02443

3
1 2 4814 0.820481
2 0 0 0.830598
3 0 0 0.914272

3
1 0 3832 0.924201
2 0 0 0.812873
3 0 0 0.940569

3
1 1 1 0.856962
2 0 0 0.913953
3 0 0 0.877686

3
1 0 4900 0.935432
2 0 0 0.944068
3 0 0 1.06064

3
1 2 5115 0.95036
2 0 0 0.921829
3 0 0 1.14093

9
1 2 144 0.999735
2 2 130 0.786483
4 0 5186 1.05943
8 0 0 1.02412
9 0 6681 1.04654
18 0 0 0.915754
19 0 0 0.995077
5 0 0 0.893977
3 0 0 0.923192

3
1 0 9597 0.841527
2 0 0 0.837662
3 0 0 0.944475

7
1 1 2 0.939909
2 0 0 0.914247
3 0 2883 0.969302
6 2 3722 0.988405
12 0 0 0.953973
13 0 0 0.975273
7 0 0 1.00969

3
1 0 969 0.801055
2 0 0 1.17663
3 0 0 0.812846

3
1 1 1 0.853595
2 0 0 0.971813
3 0 0 0.889479

3
1 2 3284 0.835566
2 0 0 0.864596
3 0 0 0.849284

1
1 0 0 0.819128

7
1 1 3 0.839999
2 2 3877 0.887792
4 0 7209 0.996558
8 0 0 0.996455
9 0 0 1.04284
5 0 0 0.955464
3 0 0 0.950298

3
1 0 3278 0.824182
2 0 0 0.828218
3 0 0 0.865328

5
1 1 1 0.892934
2 0 6325 0.986783
4 0 0 0.793351
5 0 0 0.9413
3 0 0 0.918836

5
1 0 9979 0.841052
2 0 0 0.834898
3 0 9992 0.985784
6 0 0 1.13041
7 0 0 1.03035

3
1 0 6660 0.826541
2 0 0 0.862927
3 0 0 0.863532

3
1 2 1325 0.918059
2 0 0 0.942299
3 0 0 0.852677

3
1 0 799 0.972794
2 0 0 1.02418
3 0 0 0.915916

5
1 2 1279 0.887906
2 2 64 0.921641
4 0 0 1.11997
5 0 0 0.922007
3 0 0 0.9731

3
1 0 2184 0.917611
2 0 0 0.80633
3 0 0 1.03078

3
1 2 1308 0.902399
2 0 0 0.913117
3 0 0 0.84638

5
1 0 9011 0.825673
2 0 0 0.808772
3 1 3 0.950809
6 0 0 1.05063
7 0 0 0.948589

3
1 0 9706 0.780717
2 0 0 0.79349
3 0 0 0.896067

3
1 0 2981 0.90108
2 0 0 0.869265
3 0 0 1.06278

1
1 0 0 0.789874

1
1 0 0 0.758136

3
1 0 1834 0.825942
2 0 0 0.99468
3 0 0 0.880874

3
1 0 3091 0.896446
2 0 0 0.903781
3 0 0 0.944384

3
1 0 4410 0.881036
2 0 0 0.881138
3 0 0 0.947356

1
1 0 0 0.793273

3
1 0 7040 0.944986
2 0 0 0.778559
3 0 0 1.00981

1
1 0 0 0.829121

3
1 2 37 0.821925
2 0 0 1.08489
3 0 0 0.830249

3
1 1 2 0.851972
2 0 0 0.966593
3 0 0 0.85308

1
1 0 0 0.808094

5
1 2 1782 0.915022
2 0 0 0.89347
3 1 3 0.974351
6 0 0 0.953184
7 0 0 0.862481

3
1 2 201 0.876426
2 0 0 0.938823
3 0 0 0.872097

3
1 0 9696 0.855628
2 0 0 0.848867
3 0 0 1.00845

3
1 0 9479 0.877014
2 0 0 0.848353
3 0 0 0.879293

3
1 0 6804 0.902292
2 0 0 0.849303
3 0 0 0.942546

3
1 2 3300 0.901544
2 0 0 0.976533
3 0 0 0.904778

5
1 0 1469 0.897228
2 0 1056 1.03763
4 0 0 1.09012
5 0 0 1.00283
3 0 0 0.84316

7
1 0 9407 0.846649
2 2 5362 0.860745
4 0 0 0.949918
5 0 0 0.955363
3 0 9754 0.973205
6 0 0 1.12724
7 0 0 0.989459

5
1 2 1074 0.905776
2 2 698 0.948589
4 0 0 0.933589
5 0 0 0.950845
3 0 0 0.8538

3
1 2 3220 0.935792
2 0 0 0.932492
3 0 0 0.826591

7
1 0 9373 0.976713
2 0 0 0.805537
3 0 9392 0.965672
6 2 2582 0.954581
12 0 0 1.02186
13 0 0 1.19103
7 0 0 1.07864

5
1 1 3 0.86737
2 0 0 0.829293
3 0 3981 0.958588
6 0 0 0.904749
7 0 0 1.12851

3
1 2 145 0.858532
2 0 0 1.07234
3 0 0 0.829804

3
1 0 1036 0.860191
2 0 0 1.03466
3 0 0 0.987916

3
1 0 755 0.902288
2 0 0 1.03949
3 0 0 0.721934

3
1 0 5977 0.865792
2 0 0 0.844289
3 0 0 0.96604

5
1 2 3934 0.927345
2 0 0 0.874405
3 1 2 0.944118
6 0 0 0.978971
7 0 0 0.936143

5
1 1 4 0.946368
2 0 0 0.848109
3 0 3654 0.990811
6 0 0 0.978248
7 0 0 1.0997

3
1 0 9787 0.923815
2 0 0 0.908899
3 0 0 1.05298

3
1 2 416 0.869965
2 0 0 1.01655
3 0 0 0.95003

1
1 0 0 0.825543

3
1 0 513 0.856399
2 0 0 1.08664
3 0 0 0.815096

1
1 0 0 0.795066

3
1 2 3929 1.0953
2 0 0 0.950405
3 0 0 0.932751

3
1 0 4310 0.92375
2 0 0 0.793279
3 0 0 1.0761

1
1 0 0 0.847452

3
1 0 313 0.807644
2 0 0 1.02722
3 0 0 0.877386

3
1 2 164 0.822531
2 0 0 0.860349
3 0 0 0.86577

3
1 0 9932 0.85891
2 0 0 0.858605
3 0 0 1.09119

3
1 0 6956 0.917511
2 0 0 0.933031
3 0 0 1.01334

1
1 0 0 0.766527

3
1 2 4451 0.931639
2 0 0 0.960042
3 0 0 0.873989

3
1 0 4210 0.956206
2 0 0 0.874309
3 0 0 0.974741

1
1 0 0 0.897219

3
1 0 670 0.921665
2 0 0 0.996715
3 0 0 0.843153

3
1 1 4 0.917407
2 0 0 0.887268
3 0 0 1.0064

3
1 2 4832 0.886691
2 0 0 0.981458
3 0 0 0.920053

3
1 1 1 0.856421
2 0 0 1.05746
3 0 0 0.832671

1
1 0 0 0.756113

3
1 0 3372 0.89756
2 0 0 0.860934
3 0 0 0.931835

3
1 0 607 0.843769
2 0 0 1.09469
3 0 0 0.777386

3
1 1 2 0.899265
2 0 0 0.935318
3 0 0 0.915686

1
1 0 0 0.814581

3
1 0 3705 0.862504
2 0 0 0.954778
3 0 0 1.03504

3
1 1 4 0.795724
2 0 0 0.896816
3 0 0 0.989381

3
1 0 742 0.895482
2 0 0 0.987791
3 0 0 0.794963

3
1 0 4957 0.953205
2 0 0 0.931676
3 0 0 1.08209

3
1 1 2 0.887756
2 0 0 0.870422
3 0 0 0.889463

1
1 0 0 0.86664

3
1 0 3904 0.895657
2 0 0 0.9164
3 0 0 0.903541

3
1 0 7554 0.923471
2 0 0 0.89808
3 0 0 0.928866

5
1 1 2 0.888285
2 0 0 1.00357
3 2 2509 0.96395
6 0 0 0.884405
7 0 0 1.00479

3
1 0 514 0.795856
2 0 0 0.931028
3 0 0 0.822975

3
1 0 9027 0.818342
2 0 0 0.825528
3 0 0 0.973762

3
1 0 1569 0.851675
2 0 0 0.989968
3 0 0 0.859444

3
1 2 3056 0.846664
2 0 0 0.951569
3 0 0 0.928417

1
1 0 0 0.738127

3
1 0 4391 0.900431
2 0 0 0.796461
3 0 0 1.0316

7
1 0 5308 0.951682
2 0 4342 0.884058
4 2 22 0.942377
8 0 0 0.954035
9 0 0 0.949941
5 0 0 0.958483
3 0 0 0.928425

3
1 0 7284 0.864601
2 0 0 0.901342
3 0 0 0.807265

3
1 1 1 0.855207
2 0 0 0.897583
3 0 0 0.866743

5
1 2 2079 0.980842
2 0 0 1.00398
3 0 5177 0.981399
6 0 0 0.97635
7 0 0 1.14817

7
1 0 955 0.866938
2 2 902 0.982136
4 0 0 1.05274
5 0 0 0.95571
3 1 2 0.905858
6 0 0 0.917405
7 0 0 0.911082

1
1 0 0 0.892812

3
1 0 8934 0.816422
2 0 0 0.872212
3 0 0 1.13025

3
1 0 6679 0.911993
2 0 0 0.860955
3 0 0 0.941894

3
1 0 3558 0.923648
2 0 0 0.864102
3 0 0 0.956121

3
1 2 5372 0.78517
2 0 0 0.792527
3 0 0 0.892269

3
1 0 3433 0.899308
2 0 0 0.849395
3 0 0 0.853415

3
1 0 7319 0.863386
2 0 0 0.947849
3 0 0 1.01812

1
1 0 0 0.760886

7
1 2 1111 0.846265
2 0 0 0.878944
3 0 281 0.877328
6 0 82 1.09414
12 0 0 0.934228
13 0 0 0.99077
7 0 0 0.832463

1
1 0 0 0.936111

3
1 0 379 0.832107
2 0 0 1.06662
3 0 0 0.861526

5
1 0 159 0.841885
2 2 3202 1.03775
4 0 0 0.96983
5 0 0 1.02137
3 0 0 0.938324

5
1 2 755 0.942998
2 0 5407 1.01875
4 0 0 1.05642
5 0 0 0.917729
3 0 0 0.844704

3
1 1 3 0.965227
2 0 0 0.958062
3 0 0 1.04069

7
1 0 1956 0.95228
2 2 280 1.02631
4 0 0 0.952296
5 0 0 1.07714
3 2 4729 0.908577
6 0 0 0.870933
7 0 0 0.904473

5
1 2 75 0.792156
2 2 38 0.995361
4 0 0 0.976493
5 0 0 1.05521
3 0 0 0.87751

3
1 0 7165 0.904536
2 0 0 0.854614
3 0 0 1.06646

3
1 1 3 0.821117
2 0 0 0.899621
3 0 0 1.0708

3
1 0 2312 0.891536
2 0 0 0.870441
3 0 0 0.946014

3
1 0 9992 0.790341
2 0 0 0.770822
3 0 0 1.03501

5
1 1 1 0.895078
2 0 0 0.850652
3 2 5060 0.891422
6 0 0 0.844099
7 0 0 0.968813

5
1 0 6938 0.950159
2 0 3502 0.918415
4 0 0 0.855223
5 0 0 0.994553
3 0 0 0.975749

3
1 0 9289 0.82149
2 0 0 0.782781
3 0 0 0.828472

3
1 2 633 0.895109
2 0 0 0.920358
3 0 0 0.974658

3
1 0 1602 0.896384
2 0 0 0.881951
3 0 0 0.819896

5
1 0 6522 0.924327
2 0 0 0.83713
3 2 4880 1.01759
6 0 0 1.02765
7 0 0 0.915925

7
1 0 4492 1.02946
2 1 1 0.945563
4 0 0 0.899661
5 1 4 0.932664
10 0 0 0.934824
11 0 0 0.980089
3 0 0 0.870604

3
1 2 1307 0.918072
2 0 0 0.860932
3 0 0 1.01429

3
1 0 392 0.744087
2 0 0 0.958024
3 0 0 0.763686

5
1 0 457 0.852348
2 0 95 1.0115
4 0 0 1.10638
5 0 0 1.01563
3 0 0 0.880626

3
1 1 3 0.86669
2 0 0 0.869862
3 0 0 1.04097

5
1 0 9541 0.847363
2 0 0 0.733744
3 2 4479 0.905242
6 0 0 1.0494
7 0 0 1.06291

3
1 0 143 0.829357
2 0 0 0.950143
3 0 0 0.80361

5
1 0 9541 0.893675
2 0 6528 0.948295
4 0 0 0.909451
5 0 0 0.935885
3 0 0 0.952715

5
1 2 3017 0.928063
2 0 0 1.02203
3 2 3198 0.89897
6 0 0 1.05056
7 0 0 0.942136

5
1 1 4 0.876046
2 0 0 0.880883
3 0 6939 0.928515
6 0 0 0.975203
7 0 0 0.973913

3
1 2 565 0.798533
2 0 0 0.892336
3 0 0 0.816061

3
1 0 8775 0.808783
2 0 0 0.775375
3 0 0 0.856943

3
1 2 5119 0.850615
2 0 0 0.779397
3 0 0 1.0189

5
1 0 4515 0.929418
2 0 3281 0.780657
4 0 0 0.811202
5 0 0 1.03999
3 0 0 1.06223

3
1 0 3896 0.867341
2 0 0 0.884299
3 0 0 0.924035

5
1 1 3 0.880033
2 0 95 0.775884
4 0 0 0.974064
5 0 0 0.796762
3 0 0 0.852214

3
1 0 2908 0.943824
2 0 0 0.879429
3 0 0 0.97416

3
1 0 9621 0.835312
2 0 0 0.82457
3 0 0 1.0019

1
1 0 0 0.751229

1
1 0 0 0.834212

7
1 2 4259 0.895401
2 2 1203 0.97313
4 0 0 0.884697
5 0 0 1.06177
3 2 4520 0.889375
6 0 0 0.927242
7 0 0 0.879815

5
1 2 286 0.878577
2 0 0 0.991898
3 1 3 0.905423
6 0 0 0.924451
7 0 0 0.984164

3
1 0 8983 0.859602
2 0 0 0.841497
3 0 0 0.847178

3
1 1 2 0.884177
2 0 0 0.931153
3 0 0 1.00104

3
1 0 1503 0.900137
2 0 0 0.976103
3 0 0 0.844348

3
1 1 3 0.879034
2 0 0 0.912342
3 0 0 0.909153

3
1 0 9187 0.921335
2 0 0 0.768949
3 0 0 1.03795

3
1 1 1 0.877878
2 0 0 0.880937
3 0 0 0.910443

7
1 1 1 0.963952
2 0 0 0.908285
3 0 3113 0.956628
6 0 655 0.882918
12 0 0 1.01016
13 0 0 0.840068
7 0 0 0.966827

3
1 2 995 0.831634
2 0 0 0.918577
3 0 0 0.802666

7
1 0 647 0.831789
2 2 2302 1.01658
4 2 852 1.01564
8 0 0 1.02337
9 0 0 0.981453
5 0 0 1.10487
3 0 0 0.837565

3
1 0 8648 0.969682
2 0 0 0.854047
3 0 0 0.951078

5
1 2 881 0.873018
2 2 125 0.996978
4 0 0 1.1009
5 0 0 0.956214
3 0 0 0.859575

7
1 0 7653 0.815075
2 0 5121 0.805182
4 0 0 0.978302
5 2 1062 1.1076
10 0 0 1.00251
11 0 0 1.12913
3 0 0 1.20054

3
1 0 9350 0.825513
2 0 0 0.799801
3 0 0 1.11707

7
1 0 4221 0.869154
2 0 0 0.779765
3 2 5107 0.929757
6 0 9869 0.982043
12 0 0 1.03605
13 0 0 0.921923
7 0 0 0.956484

3
1 2 245 0.786447
2 0 0 1.06665
3 0 0 0.77452

1
1 0 0 0.818718

3
1 0 682 0.86161
2 0 0 0.926472
3 0 0 0.740478

1
1 0 0 0.882299

3
1 0 1335 0.814861
2 0 0 0.97293
3 0 0 0.816414

3
1 2 106 0.849739
2 0 0 1.08291
3 0 0 0.909105

5
1 0 3621 0.870707
2 0 2759 0.868486
4 0 0 0.868727
5 0 0 1.0631
3 0 0 1.04047

5
1 0 9780 0.769506
2 0 0 0.853262
3 0 9836 0.972459
6 0 0 1.01114
7 0 0 0.878334

5
1 2 1271 0.97478
2 2 980 0.951373
4 0 0 0.893598
5 0 0 1.006
3 0 0 0.961092

3
1 0 8561 0.942407
2 0 0 0.919608
3 0 0 0.94209

1
1 0 0 0.819651

3
1 2 1586 0.873195
2 0 0 0.914747
3 0 0 0.864265

3
1 0 733 0.863725
2 0 0 0.952306
3 0 0 0.835459

5
1 2 1813 0.797478
2 2 495 0.903058
4 0 0 0.979475
5 0 0 0.906162
3 0 0 0.936359

3
1 2 2714 0.865898
2 0 0 0.894308
3 0 0 0.888011

3
1 1 4 0.937399
2 0 0 0.949272
3 0 0 0.995486

7
1 0 208 0.773479
2 1 3 1.01605
4 0 0 0.992396
5 2 3415 0.942839
10 0 0 1.01767
11 0 0 0.87615
3 0 0 0.801411

3
1 2 5331 0.769968
2 0 0 0.792799
3 0 0 0.912782

3
1 0 6924 0.958883
2 0 0 0.840917
3 0 0 0.908215

5
1 0 5095 0.817463
2 0 0 0.923982
3 1 3 0.866741
6 0 0 0.886246
7 0 0 0.911312

7
1 2 560 0.880622
2 2 15 0.912165
4 0 0 1.14937
5 0 0 0.982777
3 0 6490 0.907467
6 0 0 0.853044
7 0 0 1.07098

3
1 0 1594 0.839969
2 0 0 1.02199
3 0 0 0.736723

3
1 1 1 0.936637
2 0 0 0.959214
3 0 0 0.918651

3
1 0 9613 0.880748
2 0 0 0.899618
3 0 0 0.953848

3
1 1 1 0.860402
2 0 0 0.942643
3 0 0 0.930919

3
1 0 9502 0.798475
2 0 0 0.768362
3 0 0 1.06114

3
1 0 2029 0.912054
2 0 0 0.99828
3 0 0 0.980564

5
1 2 5353 0.807344
2 0 0 0.866528
3 0 6398 0.997272
6 0 0 1.02234
7 0 0 0.994777

3
1 1 1 0.859073
2 0 0 0.971351
3 0 0 0.890929

5
1 0 3602 0.932439
2 0 3397 0.838639
4 0 0 0.750898
5 0 0 0.942
3 0 0 0.930519

3
1 0 8463 0.876795
2 0 0 0.877211
3 0 0 1.04935

3
1 0 3829 0.862748
2 0 0 0.82662
3 0 0 1.07696

5
1 1 2 0.979685
2 0 2520 0.992407
4 0 0 0.985846
5 0 0 0.91183
3 0 0 0.977957

3
1 1 2 0.767256
2 0 0 0.925961
3 0 0 0.802679

1
1 0 0 0.83128

7
1 2 5253 0.939697
2 0 0 0.901634
3 0 4461 0.883818
6 0 3696 0.890485
12 0 0 0.936105
13 0 0 0.985105
7 0 0 1.02678

3
1 0 588 0.87415
2 0 0 1.00864
3 0 0 0.825241

3
1 0 9853 0.946863
2 0 0 0.878898
3 0 0 1.0547

5
1 0 506 0.957542
2 0 0 1.0552
3 2 370 0.954887
6 0 0 0.906364
7 0 0 0.976237

3
1 0 8811 0.852439
2 0 0 0.828366
3 0 0 0.98468

5
1 0 9392 0.912781
2 0 0 0.795535
3 0 9789 1.06965
6 0 0 0.895847
7 0 0 0.926553

3
1 0 6706 0.884333
2 0 0 0.885293
3 0 0 1.04854

5
1 2 3657 0.890242
2 1 3 1.02305
4 0 0 1.01417
5 0 0 1.0982
3 0 0 0.857951

7
1 0 2933 0.918689
2 2 3072 0.887441
4 0 0 1.00972
5 0 0 0.915184
3 2 4317 0.931718
6 0 0 0.879941
7 0 0 0.971461

1
1 0 0 0.769574

3
1 2 4141 0.930024
2 0 0 0.893984
3 0 0 0.950114

3
1 0 4441 0.903798
2 0 0 0.924024
3 0 0 1.02862

3
1 0 1057 0.882536
2 0 0 1.04608
3 0 0 0.750553

3
1 1 3 0.812294
2 0 0 0.764512
3 0 0 0.904961

3
1 2 633 0.92947
2 0 0 1.07842
3 0 0 0.914605

7
1 0 9796 0.824965
2 0 0 0.890202
3 2 4936 0.909283
6 0 9937 0.887583
12 0 0 0.990192
13 0 0 0.940258
7 0 0 0.931038

3
1 0 9353 0.924866
2 0 0 0.942808
3 0 0 0.897395

5
1 0 7788 0.924375
2 0 1496 0.905625
4 0 0 0.895567
5 0 0 0.878063
3 0 0 0.948173

1
1 0 0 0.799758

5
1 0 293 0.808083
2 2 3661 0.962685
4 0 0 0.97984
5 0 0 0.876792
3 0 0 0.83315

3
1 2 4824 0.851426
2 0 0 0.828806
3 0 0 0.865105

1
1 0 0 0.783643

3
1 0 4333 0.902865
2 0 0 0.935088
3 0 0 0.963214

3
1 2 1887 0.938837
2 0 0 1.00837
3 0 0 0.93015

7
1 1 2 0.885008
2 1 1 1.04136
4 0 0 0.903841
5 0 0 1.15085
3 2 4651 1.06206
6 0 0 1.01148
7 0 0 0.902956

3
1 2 4263 0.989499
2 0 0 0.957213
3 0 0 1.00002

5
1 0 6072 0.922267
2 0 3264 0.925811
4 0 0 0.810016
5 0 0 1.13243
3 0 0 1.00075

3
1 1 4 0.907766
2 0 0 0.918443
3 0 0 1.00895

1
1 0 0 0.830788

5
1 0 2397 0.802258
2 0 2306 0.952552
4 0 0 0.894313
5 0 0 1.04962
3 0 0 0.862353

3
1 2 1314 0.820485
2 0 0 0.893735
3 0 0 0.839686

3
1 1 4 0.893642
2 0 0 0.880576
3 0 0 1.00139

3
1 2 308 0.852019
2 0 0 0.870091
3 0 0 0.854102

1
1 0 0 0.782356

3
1 0 1211 0.873724
2 0 0 1.06038
3 0 0 0.877162

3
1 0 9629 0.926562
2 0 0 0.896837
3 0 0 1.00679

5
1 0 5674 0.889157
2 0 0 0.853289
3 1 1 1.00132
6 0 0 1.04469
7 0 0 0.954931

3
1 0 869 0.845871
2 0 0 1.08495
3 0 0 0.870667

3
1 0 5712 0.936587
2 0 0 0.90639
3 0 0 1.14301

1
1 0 0 0.806427

3
1 0 9731 0.804884
2 0 0 0.769496
3 0 0 0.935727

5
1 0 9718 0.969325
2 0 0 0.923138
3 2 2381 1.00164
6 0 0 0.915249
7 0 0 1.02245

3
1 0 9207 0.839697
2 0 0 0.874537
3 0 0 0.947113

5
1 0 9184 0.788229
2 0 0 0.863474
3 0 9464 0.924361
6 0 0 0.997069
7 0 0 0.90758

1
1 0 0 0.811083

3
1 0 576 0.8634
2 0 0 1.04014
3 0 0 0.91438

3
1 1 1 0.857001
2 0 0 0.904796
3 0 0 0.862352

5
1 1 1 0.905989
2 0 0 0.943925
3 2 4380 1.0677
6 0 0 0.948674
7 0 0 1.11491

3
1 2 2931 0.834495
2 0 0 0.883715
3 0 0 0.800237

1
1 0 0 0.803766

3
1 0 1303 0.836317
2 0 0 1.00459
3 0 0 0.830405

1
1 0 0 0.750238

3
1 0 6702 0.915879
2 0 0 0.883341
3 0 0 1.00139

3
1 2 3379 0.892995
2 0 0 0.830842
3 0 0 1.02647

1
1 0 0 0.826441

5
1 0 8883 0.896338
2 2 358 0.858415
4 0 0 1.00959
5 0 0 0.862988
3 0 0 1.03858

3
1 0 6026 0.888636
2 0 0 0.847816
3 0 0 0.90973

3
1 1 3 0.86925
2 0 0 0.800411
3 0 0 0.994553

5
1 0 9115 0.815831
2 0 0 0.931128
3 0 9520 0.962193
6 0 0 1.12437
7 0 0 1.0178

5
1 2 1922 0.85911
2 0 0 0.83442
3 0 5163 0.859863
6 0 0 0.861077
7 0 0 0.837572

7
1 0 8912 0.933328
2 0 0 0.933462
3 0 9322 1.00723
6 0 0 0.998826
7 0 9981 1.04828
14 0 0 1.01382
15 0 0 0.986649

3
1 1 2 0.867063
2 0 0 0.870557
3 0 0 0.885147

5
1 0 830 0.806433
2 2 4880 0.967591
4 0 0 0.938019
5 0 0 1.02426
3 0 0 0.772159

3
1 1 4 0.909845
2 0 0 0.930884
3 0 0 0.858965

5
1 0 74 0.963054
2 0 0 1.04549
3 2 3124 0.948062
6 0 0 1.12599
7 0 0 0.875702

3
1 0 1128 0.897551
2 0 0 0.911975
3 0 0 0.868897

9
1 2 2054 0.907237
2 0 2379 0.946619
4 0 0 0.913228
5 2 1847 1.00828
10 1 3 0.873647
20 0 0 0.951702
21 0 0 0.938481
11 0 0 0.862576
3 0 0 0.951447

1
1 0 0 0.775721

3
1 0 4131 0.790694
2 0 0 0.813112
3 0 0 1.13225

1
1 0 0 0.734361

5
1 2 193 0.867824
2 2 73 0.900556
4 0 0 1.03549
5 0 0 0.998213
3 0 0 0.862546

5
1 1 4 0.84492
2 0 0 0.804775
3 0 2947 1.02007
6 0 0 0.850655
7 0 0 0.969322

5
1 0 7771 0.830436
2 0 0 0.908066
3 0 8854 0.948066
6 0 0 0.982935
7 0 0 0.935203

5
1 1 2 0.857596
2 0 0 0.838084
3 2 2964 0.897698
6 0 0 0.929067
7 0 0 0.918153

5
1 2 2718 0.981089
2 0 0 0.948228
3 0 8187 0.992665
6 0 0 0.918891
7 0 0 0.976248

5
1 0 4260 0.862887
2 0 0 0.782907
3 2 4665 0.971197
6 0 0 0.991667
7 0 0 1.14537

1
1 0 0 0.695985

5
1 0 4122 0.94716
2 0 1210 0.873919
4 0 0 0.872509
5 0 0 0.933489
3 0 0 0.959006

3
1 0 1870 0.804744
2 0 0 1.00048
3 0 0 0.818372

5
1 2 3503 0.938001
2 0 0 0.864286
3 1 4 0.993163
6 0 0 0.900704
7 0 0 0.958796

5
1 2 356 0.907077
2 0 7955 0.995699
4 0 0 0.983511
5 0 0 0.984262
3 0 0 0.93831

5
1 2 3200 0.924416
2 0 555 1.00035
4 0 0 0.987404
5 0 0 0.856325
3 0 0 0.806954

3
1 0 7490 0.846594
2 0 0 0.838613
3 0 0 0.938512

3
1 1 4 0.865798
2 0 0 0.891695
3 0 0 1.00204

5
1 0 1150 0.905697
2 0 791 1.10879
4 0 0 0.931718
5 0 0 1.05155
3 0 0 0.905925

3
1 2 2760 0.88983
2 0 0 0.898342
3 0 0 0.905039

1
1 0 0 0.807346

3
1 0 242 0.741329
2 0 0 1.18251
3 0 0 0.790207

3
1 0 471 0.74126
2 0 0 0.978977
3 0 0 0.796034

3
1 2 5128 0.873362
2 0 0 0.857529
3 0 0 0.966593

5
1 2 417 0.868103
2 0 3164 0.996225
4 0 0 0.976232
5 0 0 0.967049
3 0 0 0.854646

3
1 0 700 0.899352
2 0 0 1.07777
3 0 0 0.926776

5
1 0 6958 0.925036
2 1 3 0.933861
4 0 0 0.917855
5 0 0 0.897481
3 0 0 0.981148

5
1 1 4 0.851089
2 0 0 0.922917
3 2 1181 1.06794
6 0 0 0.900849
7 0 0 1.00933

3
1 1 2 0.831364
2 0 0 0.792772
3 0 0 0.916111

5
1 2 4709 0.867233
2 0 0 0.830472
3 2 4927 0.895033
6 0 0 0.953341
7 0 0 0.85022

3
1 2 4747 0.926426
2 0 0 0.9348
3 0 0 0.941519

7
1 2 262 0.896829
2 2 248 0.891073
4 0 0 0.970612
5 0 0 0.999969
3 0 3038 0.90521
6 0 0 0.967407
7 0 0 0.921831

3
1 0 1968 0.880905
2 0 0 1.02568
3 0 0 0.85224

3
1 0 4056 0.823527
2 0 0 0.772904
3 0 0 0.983545

3
1 0 9789 0.873189
2 0 0 0.856835
3 0 0 1.03164

1
1 0 0 0.831617

3
1 0 2630 0.875815
2 0 0 0.838483
3 0 0 1.1162

5
1 2 4526 0.829565
2 0 0 0.947272
3 0 1607 0.940642
6 0 0 0.885846
7 0 0 0.98449

1
1 0 0 0.734587

3
1 0 1252 0.822825
2 0 0 1.13599
3 0 0 0.857432

1
1 0 0 0.815011

5
1 1 4 0.870646
2 0 0 0.83409
3 0 7825 1.1054
6 0 0 1.11282
7 0 0 1.06225

5
1 0 655 0.891741
2 1 2 0.918203
4 0 0 0.820871
5 0 0 0.92459
3 0 0 0.893422

3
1 2 4784 0.890744
2 0 0 0.91027
3 0 0 0.96109

1
1 0 0 0.880054

3
1 2 4141 0.926805
2 0 0 1.04349
3 0 0 0.87435

9
1 2 4351 0.907107
2 0 0 1.08175
3 2 4745 0.913817
6 2 4584 0.975947
12 1 1 0.906807
24 0 0 1.07816
25 0 0 0.91406
13 0 0 0.894628
7 0 0 1.02181

1
1 0 0 0.815673

3
1 0 1588 0.883104
2 0 0 0.880141
3 0 0 0.844814

5
1 2 771 0.887671
2 0 8218 0.971171
4 0 0 0.990277
5 0 0 1.12496
3 0 0 0.94804

3
1 0 3864 0.871076
2 0 0 0.884447
3 0 0 1.00512

3
1 2 1106 0.797431
2 0 0 0.961974
3 0 0 0.825107

1
1 0 0 0.77025

3
1 0 9343 0.783319
2 0 0 0.78001
3 0 0 0.921744

3
1 2 4248 0.910272
2 0 0 0.899114
3 0 0 0.963876

3
1 2 3059 0.893545
2 0 0 0.907975
3 0 0 0.881819

1
1 0 0 0.849767

3
1 1 1 0.942441
2 0 0 0.98849
3 0 0 0.89334

3
1 0 1715 0.853612
2 0 0 1.03626
3 0 0 0.797609

3
1 1 3 0.928269
2 0 0 0.783817
3 0 0 0.963461

1
1 0 0 0.906359

3
1 0 5480 0.867498
2 0 0 0.860372
3 0 0 1.02468

1
1 0 0 0.856322

3
1 2 3344 0.878092
2 0 0 0.868279
3 0 0 0.840649

5
1 2 4565 0.814524
2 0 0 0.936248
3 2 5391 0.870303
6 0 0 0.816224
7 0 0 0.970782

3
1 2 4702 0.897364
2 0 0 0.959466
3 0 0 0.894704

3
1 2 3699 0.893679
2 0 0 0.905376
3 0 0 0.768983

7
1 0 679 0.775432
2 2 2990 1.01185
4 0 0 1.04104
5 1 1 1.07988
10 0 0 1.01682
11 0 0 1.08128
3 0 0 0.910831

3
1 0 3121 0.90968
2 0 0 0.901746
3 0 0 0.96772

5
1 0 4293 0.855512
2 0 0 0.795916
3 2 2173 0.986388
6 0 0 0.963509
7 0 0 1.03126

3
1 0 3228 0.860996
2 0 0 0.954311
3 0 0 0.937934

3
1 0 864 0.939085
2 0 0 0.961431
3 0 0 0.792049

3
1 0 198 0.834111
2 0 0 0.979187
3 0 0 0.824829

3
1 1 4 0.868753
2 0 0 0.889048
3 0 0 0.8609

1
1 0 0 0.888628

5
1 0 4975 0.837852
2 2 137 0.786343
4 0 0 1.00241
5 0 0 0.781978
3 0 0 0.95413

1
1 0 0 0.815097

3
1 2 1323 0.94664
2 0 0 0.891234
3 0 0 0.966137

7
1 2 3527 0.884098
2 0 0 0.911722
3 1 4 0.882492
6 0 0 0.867626
7 2 5050 0.864024
14 0 0 0.918262
15 0 0 0.894925

5
1 2 5233 0.839354
2 1 2 0.821752
4 0 0 0.804556
5 0 0 0.841992
3 0 0 0.911525

5
1 2 129 0.865357
2 2 78 0.93907
4 0 0 1.06429
5 0 0 0.924585
3 0 0 0.824181

3
1 0 3148 0.889248
2 0 0 0.863996
3 0 0 1.03089

3
1 2 5241 0.875751
2 0 0 0.836171
3 0 0 0.918759

5
1 2 4041 0.912522
2 2 1900 0.905937
4 0 0 0.866124
5 0 0 0.914772
3 0 0 0.874681

3
1 0 1303 0.836317
2 0 0 0.895668
3 0 0 0.675509

3
1 1 3 0.927862
2 0 0 0.943842
3 0 0 1.08475

3
1 0 9015 0.822927
2 0 0 0.847011
3 0 0 1.02426

3
1 2 258 0.859804
2 0 0 1.13568
3 0 0 0.834531

5
1 1 2 0.895521
2 1 1 0.906642
4 0 0 0.905532
5 0 0 1.03052
3 0 0 0.848699

3
1 0 721 0.732388
2 0 0 1.08241
3 0 0 0.811823

3
1 2 4420 0.789081
2 0 0 0.768186
3 0 0 0.836129

3
1 1 3 0.842375
2 0 0 1.06366
3 0 0 0.995292

3
1 0 8137 0.833795
2 0 0 0.814033
3 0 0 0.980358

1
1 0 0 0.749346

3
1 2 4701 0.870835
2 0 0 0.904019
3 0 0 0.915673

1
1 0 0 0.789443

1
1 0 0 0.911266

3
1 0 8900 0.870977
2 0 0 0.828576
3 0 0 0.958211

3
1 0 8325 0.933487
2 0 0 0.932222
3 0 0 0.821601

5
1 2 4671 0.980156
2 0 0 1.01384
3 1 1 0.930586
6 0 0 1.02286
7 0 0 0.993435

5
1 0 9610 0.944731
2 0 0 0.796169
3 1 4 1.06253
6 0 0 0.893193
7 0 0 1.01676

3
1 0 6809 0.915914
2 0 0 0.949123
3 0 0 1.01149

5
1 0 7663 0.865741
2 0 0 0.884875
3 0 8707 0.977947
6 0 0 1.05309
7 0 0 1.00462

1
1 0 0 0.841232

3
1 2 3800 0.95779
2 0 0 0.98434
3 0 0 0.981393

3
1 0 8809 0.92392
2 0 0 0.882861
3 0 0 1.07205

3
1 1 4 0.852364
2 0 0 0.829781
3 0 0 1.03711

3
1 0 8996 0.799968
2 0 0 0.861047
3 0 0 1.07114

5
1 0 4384 0.891337
2 0 0 0.836367
3 0 6630 1.00548
6 0 0 1.10026
7 0 0 0.928771

3
1 1 1 0.946107
2 0 0 0.94247
3 0 0 0.958704

3
1 0 9926 0.796791
2 0 0 0.885742
3 0 0 1.00447

1
1 0 0 0.749048

3
1 0 9455 0.879359
2 0 0 0.722242
3 0 0 1.08404

5
1 0 5791 0.91645
2 0 0 0.906423
3 0 9562 1.01205
6 0 0 1.00334
7 0 0 0.959589

5
1 0 8704 0.790871
2 0 0 0.890146
3 0 9649 1.04368
6 0 0 1.00359
7 0 0 1.12621

3
1 0 5093 0.927568
2 0 0 0.753768
3 0 0 0.913649

3
1 0 3956 0.830273
2 0 0 0.878536
3 0 0 1.09234

5
1 0 1267 0.900364
2 2 3606 0.964301
4 0 0 1.01278
5 0 0 1.03973
3 0 0 0.790805

5
1 1 4 0.953544
2 1 2 0.976888
4 0 0 0.945819
5 0 0 0.938653
3 0 0 0.944759

3
1 0 6283 0.855639
2 0 0 0.842844
3 0 0 0.986474

1
1 0 0 0.999927

3
1 1 3 0.796972
2 0 0 0.916519
3 0 0 0.996066

1
1 0 0 0.825766

3
1 0 628 0.766084
2 0 0 1.06796
3 0 0 0.798674

3
1 0 4740 0.802409
2 0 0 0.803782
3 0 0 0.866201

1
1 0 0 0.91367

3
1 0 1737 0.786754
2 0 0 0.999256
3 0 0 0.775404

3
1 1 4 0.847073
2 0 0 0.842542
3 0 0 0.911953

7
1 0 894 0.860634
2 2 795 0.884299
4 0 0 1.00148
5 1 4 0.84728
10 0 0 0.938298
11 0 0 1.07025
3 0 0 0.840087

3
1 2 5340 0.806988
2 0 0 0.820529
3 0 0 0.929762

3
1 0 3811 0.93569
2 0 0 0.788669
3 0 0 0.988841

3
1 2 629 0.902167
2 0 0 0.910228
3 0 0 0.834729

1
1 0 0 0.94197

3
1 0 3405 0.912314
2 0 0 0.814957
3 0 0 1.01039

3
1 0 3947 0.810525
2 0 0 0.768352
3 0 0 0.984697

3
1 0 5597 0.918692
2 0 0 0.905004
3 0 0 0.951537

1
1 0 0 0.862846

3
1 0 9845 0.834001
2 0 0 0.789226
3 0 0 0.916388

3
1 0 3960 0.821548
2 0 0 0.897376
3 0 0 1.12784

5
1 0 718 0.883786
2 2 666 0.960555
4 0 0 0.943008
5 0 0 0.937492
3 0 0 0.864858

3
1 0 6392 0.788271
2 0 0 0.846036
3 0 0 1.05774

5
1 0 7899 0.839446
2 0 6535 0.85828
4 0 0 0.833435
5 0 0 0.953681
3 0 0 0.961995

1
1 0 0 0.86095

5
1 2 5175 0.845297
2 2 12 0.854383
4 0 0 1.01635
5 0 0 0.831776
3 0 0 0.961636

5
1 2 365 0.890473
2 1 2 0.976132
4 0 0 0.935469
5 0 0 1.09973
3 0 0 0.973907

3
1 0 457 0.774444
2 0 0 1.04752
3 0 0 0.814968

3
1 2 4962 0.898488
2 0 0 0.870039
3 0 0 0.943561

3
1 0 9464 0.803878
2 0 0 0.814853
3 0 0 1.11846

3
1 1 4 1.02023
2 0 0 0.85946
3 0 0 0.946015

3
1 0 1785 0.933502
2 0 0 0.943699
3 0 0 0.913874

3
1 0 6781 0.890238
2 0 0 0.878711
3 0 0 1.11796

7
1 2 2792 0.911235
2 1 4 0.949176
4 0 8997 0.997681
8 0 0 0.927398
9 0 0 0.97153
5 0 0 1.06258
3 0 0 0.898556

1
1 0 0 0.869625

1
1 0 0 0.863171

3
1 0 7538 0.900059
2 0 0 0.899391
3 0 0 1.0134

5
1 2 4252 0.980826
2 0 5043 0.955604
4 0 0 0.884988
5 0 0 0.974993
3 0 0 1.04395

3
1 1 4 0.841657
2 0 0 0.835786
3 0 0 1.0596

3
1 0 9367 0.850697
2 0 0 0.840212
3 0 0 0.953288

3
1 1 1 0.829662
2 0 0 0.866224
3 0 0 0.831901

3
1 1 1 0.891555
2 0 0 0.938212
3 0 0 0.899166

1
1 0 0 0.826452

3
1 0 459 0.918054
2 0 0 0.874077
3 0 0 0.733771

3
1 2 278 0.813179
2 0 0 0.942928
3 0 0 0.810265

3
1 1 3 0.90679
2 0 0 0.896362
3 0 0 0.924303

5
1 2 3444 1.07126
2 2 1015 1.0281
4 0 0 0.982524
5 0 0 0.97884
3 0 0 0.918372

3
1 0 9366 0.825192
2 0 0 0.827382
3 0 0 1.14359

5
1 1 4 0.943569
2 2 3750 0.987059
4 0 0 1.06447
5 0 0 0.903129
3 0 0 0.988434

3
1 2 2016 0.911634
2 0 0 0.882069
3 0 0 0.969275

3
1 1 1 0.90658
2 0 0 0.848175
3 0 0 0.850335

3
1 0 9127 0.86937
2 0 0 0.946874
3 0 0 0.900079

3
1 0 5695 0.886744
2 0 0 0.884866
3 0 0 0.873079

1
1 0 0 0.968151

3
1 0 1480 0.844565
2 0 0 0.989148
3 0 0 0.819494

5
1 1 1 0.85496
2 2 556 0.861199
4 0 0 0.942712
5 0 0 0.903738
3 0 0 0.88246

3
1 0 9409 0.868431
2 0 0 0.813443
3 0 0 1.06867

3
1 2 1562 0.99042
2 0 0 0.967504
3 0 0 0.914988

3
1 0 7087 0.963614
2 0 0 0.815135
3 0 0 0.918089

3
1 1 4 0.968733
2 0 0 0.975112
3 0 0 0.850232

3
1 0 5309 0.894213
2 0 0 0.871142
3 0 0 0.888013

1
1 0 0 0.996018

1
1 0 0 0.701971

7
1 1 1 0.934764
2 0 0 0.94079
3 0 1426 1.00613
6 2 1282 1.07238
12 0 0 1.19607
13 0 0 1.10635
7 0 0 0.859836

3
1 0 4588 0.911629
2 0 0 0.908509
3 0 0 0.961791

3
1 0 2104 0.876592
2 0 0 0.960975
3 0 0 0.859545

1
1 0 0 0.829788

3
1 2 4607 0.92499
2 0 0 0.897111
3 0 0 0.970839

3
1 1 3 0.869477
2 0 0 0.869372
3 0 0 0.832767

1
1 0 0 0.841409

5
1 0 9200 0.81879
2 0 0 0.787196
3 0 9309 0.94061
6 0 0 0.938644
7 0 0 0.923659

3
1 0 1463 0.884328
2 0 0 0.947253
3 0 0 0.934157

5
1 1 2 0.99092
2 0 0 0.967999
3 1 3 1.00659
6 0 0 0.991447
7 0 0 0.970775

1
1 0 0 0.863822

3
1 0 1261 0.840231
2 0 0 1.04287
3 0 0 0.806261

3
1 2 9 0.70806
2 0 0 0.903858
3 0 0 0.70983

3
1 0 550 0.871148
2 0 0 0.91024
3 0 0 0.753121

3
1 0 9472 0.810862
2 0 0 0.939144
3 0 0 0.928877

5
1 0 578 0.940969
2 0 0 0.980857
3 0 3235 0.879616
6 0 0 0.861517
7 0 0 0.892644

3
1 0 7322 0.876687
2 0 0 0.955217
3 0 0 0.919003

3
1 2 2781 0.909195
2 0 0 0.960123
3 0 0 0.828726

3
1 0 901 0.797112
2 0 0 0.943681
3 0 0 0.839801

3
1 2 776 0.866502
2 0 0 1.0373
3 0 0 0.807709

1
1 0 0 0.826014

3
1 2 2559 0.880439
2 0 0 0.838778
3 0 0 0.920398

3
1 0 6952 0.891887
2 0 0 0.886689
3 0 0 0.933226

3
1 1 3 0.915286
2 0 0 0.972486
3 0 0 0.996013

1
1 0 0 0.794304

1
1 0 0 0.834508

3
1 0 3762 0.979796
2 0 0 0.774741
3 0 0 0.931379

3
1 2 5340 0.930703
2 0 0 0.884812
3 0 0 1.00291

3
1 0 5511 0.98417
2 0 0 0.87909
3 0 0 0.929466

5
1 0 3723 0.868813
2 0 0 0.890524
3 2 3253 0.965844
6 0 0 1.00838
7 0 0 1.01641

3
1 0 1471 0.931743
2 0 0 1.08679
3 0 0 0.827672

5
1 0 9455 0.879359
2 0 0 0.970176
3 1 2 0.88152
6 0 0 0.918533
7 0 0 0.941408

3
1 0 8773 0.86521
2 0 0 0.825421
3 0 0 0.975067

5
1 1 4 0.817207
2 2 457 0.883113
4 0 0 1.07525
5 0 0 0.856351
3 0 0 0.984009

3
1 2 5369 0.879446
2 0 0 0.823855
3 0 0 1.0138

3
1 0 3304 0.889886
2 0 0 0.953243
3 0 0 0.941827

3
1 0 8273 0.835634
2 0 0 0.888827
3 0 0 0.865173

3
1 1 3 0.80906
2 0 0 0.810549
3 0 0 0.876455

3
1 0 789 0.842089
2 0 0 1.03875
3 0 0 0.827977

1
1 0 0 0.857684

5
1 1 3 0.919549
2 0 9635 1.04913
4 0 0 1.0569
5 0 0 1.11633
3 0 0 1.00591

1
1 0 0 0.810117

3
1 2 4261 0.854032
2 0 0 0.891221
3 0 0 0.88722

3
1 1 2 0.831355
2 0 0 0.790137
3 0 0 0.827253

3
1 2 51 0.940423
2 0 0 1.03454
3 0 0 0.932256

3
1 1 4 0.916525
2 0 0 0.847083
3 0 0 0.889159

1
1 0 0 0.852631

3
1 0 7170 0.886748
2 0 0 0.83558
3 0 0 0.879812

3
1 2 2992 0.839526
2 0 0 0.873888
3 0 0 0.868367

3
1 0 3811 0.93569
2 0 0 0.894871
3 0 0 0.947088

3
1 2 4972 0.932898
2 0 0 0.929565
3 0 0 0.995322

3
1 2 132 0.772913
2 0 0 0.940528
3 0 0 0.820077

7
1 0 9617 0.925597
2 1 3 0.92999
4 0 0 0.862115
5 2 4022 0.965601
10 0 0 0.955927
11 0 0 1.05404
3 0 0 1.11808

3
1 0 7236 0.930675
2 0 0 0.975608
3 0 0 0.902275

3
1 0 9637 0.930122
2 0 0 0.765282
3 0 0 0.928996

1
1 0 0 0.752895

5
1 2 160 0.910507
2 2 54 0.968283
4 0 0 1.04074
5 0 0 1.01368
3 0 0 0.935661

5
1 0 3960 0.821548
2 0 0 0.800383
3 2 1903 1.04751
6 0 0 0.944667
7 0 0 0.950286

3
1 0 5250 0.843273
2 0 0 0.916649
3 0 0 0.938248

3
1 0 3506 0.960236
2 0 0 0.763952
3 0 0 1.05435

3
1 0 7899 0.839446
2 0 0 0.888786
3 0 0 1.02734

3
1 1 3 0.865721
2 0 0 0.89606
3 0 0 0.902788

7
1 0 9752 0.859202
2 0 1298 0.85968
4 2 1374 1.08134
8 0 0 0.950834
9 0 0 1.00318
5 0 0 0.82095
3 0 0 1.15274

1
1 0 0 0.747841

1
1 0 0 0.893555

1
1 0 0 0.900825

1
1 0 0 0.863105

3
1 2 375 0.77801
2 0 0 1.047
3 0 0 0.809039

3
1 0 3996 0.948556
2 0 0 0.85257
3 0 0 0.931451

5
1 2 3602 0.915878
2 1 3 0.926878
4 0 0 1.01894
5 0 0 1.00305
3 0 0 0.990092

5
1 2 3714 0.936284
2 1 1 0.942355
4 0 0 0.944764
5 0 0 0.821426
3 0 0 0.917308

3
1 2 70 0.693673
2 0 0 0.986863
3 0 0 0.735871

3
1 0 9049 0.894437
2 0 0 0.908052
3 0 0 0.872424

3
1 1 1 0.896266
2 0 0 0.904367
3 0 0 0.856721

7
1 2 3840 0.977654
2 0 936 1.01001
4 0 0 1.06268
5 0 6736 1.00496
10 0 0 0.753663
11 0 0 1.1621
3 0 0 0.990647

1
1 0 0 0.855304

3
1 0 9116 0.902036
2 0 0 0.913691
3 0 0 0.991414

5
1 1 2 0.995496
2 2 5101 1.01639
4 0 0 0.992943
5 0 0 1.06836
3 0 0 1.02371

3
1 0 9586 0.889558
2 0 0 0.863526
3 0 0 1.09331

3
1 2 3065 0.957538
2 0 0 1.01266
3 0 0 0.966725

3
1 0 1007 0.818019
2 0 0 0.955268
3 0 0 0.736026

3
1 0 6448 0.833632
2 0 0 0.874779
3 0 0 1.16532

3
1 2 2718 0.858927
2 0 0 0.91159
3 0 0 0.842532

3
1 0 1506 0.847629
2 0 0 0.797513
3 0 0 0.835267

3
1 2 3913 0.878054
2 0 0 0.880992
3 0 0 0.833326

3
1 0 3505 0.957417
2 0 0 0.856374
3 0 0 0.99999

3
1 2 5345 0.861049
2 0 0 0.893846
3 0 0 0.997122

7
1 0 4548 0.828079
2 0 0 0.757594
3 0 7616 1.00181
6 0 5247 0.976315
12 0 0 0.958884
13 0 0 0.941576
7 0 0 0.959714

3
1 2 4585 0.937967
2 0 0 0.966297
3 0 0 0.965305

3
1 0 4681 0.826159
2 0 0 0.877508
3 0 0 0.982975

7
1 1 2 0.930142
2 1 1 1.09752
4 0 3638 1.01476
8 0 0 1.10006
9 0 0 0.951881
5 0 0 1.09657
3 0 0 0.920429

3
1 2 629 0.883015
2 0 0 0.923053
3 0 0 0.900658

1
1 0 0 0.714798

5
1 2 4479 0.914201
2 0 0 0.85716
3 0 1224 0.906685
6 0 0 0.952903
7 0 0 1.03677

7
1 1 4 0.889202
2 0 0 0.785205
3 0 5549 0.984383
6 0 1040 0.928343
12 0 0 1.01823
13 0 0 0.894568
7 0 0 0.955875

1
1 0 0 0.972424

3
1 0 1093 0.907426
2 0 0 0.968805
3 0 0 0.779009

7
1 1 3 0.918873
2 2 3636 1.05338
4 0 0 0.984588
5 0 0 0.836242
3 0 961 0.926471
6 0 0 0.963342
7 0 0 0.943555

3
1 2 1880 0.882172
2 0 0 0.88328
3 0 0 0.961415

1
1 0 0 0.761874

3
1 1 2 0.896767
2 0 0 0.985316
3 0 0 0.842296

5
1 0 580 0.858553
2 2 1652 1.02968
4 0 0 0.993977
5 0 0 0.99493
3 0 0 0.808876

3
1 0 5698 1.01362
2 0 0 0.952877
3 0 0 0.9279

3
1 2 317 0.834368
2 0 0 0.929788
3 0 0 0.837715

3
1 0 6137 0.788973
2 0 0 0.933949
3 0 0 0.965541

3
1 0 1075 0.799057
2 0 0 1.05226
3 0 0 0.866553

3
1 2 4593 0.93271
2 0 0 1.06376
3 0 0 0.883522

5
1 0 8842 0.897371
2 0 0 0.767789
3 0 9791 1.02283
6 0 0 1.00594
7 0 0 1.04825

1
1 0 0 0.818577

5
1 1 4 0.928437
2 0 9064 0.860649
4 0 0 0.860873
5 0 0 0.949772
3 0 0 0.973338

5
1 2 2791 0.93173
2 2 2774 0.963431
4 0 0 0.929695
5 0 0 0.871367
3 0 0 0.905303

1
1 0 0 0.857474

5
1 0 6506 0.88182
2 0 0 0.797195
3 0 7552 0.996733
6 0 0 1.13047
7 0 0 1.00773

1
1 0 0 0.870372

3
1 2 5242 0.753506
2 0 0 0.804552
3 0 0 1.02915

5
1 0 450 0.857924
2 0 139 1.08915
4 0 0 0.968252
5 0 0 1.0259
3 0 0 0.792188

5
1 0 6466 0.816275
2 0 0 0.833866
3 2 5090 0.941786
6 0 0 0.960282
7 0 0 1.02619

3
1 0 2750 0.92132
2 0 0 0.771604
3 0 0 0.955575

3
1 1 4 0.82249
2 0 0 0.936361
3 0 0 0.884293

3
1 2 824 0.81818
2 0 0 0.82597
3 0 0 0.787311

3
1 1 2 0.946866
2 0 0 0.835197
3 0 0 0.915504

5
1 2 4625 0.904927
2 0 0 1.00535
3 2 5318 0.884684
6 0 0 0.960766
7 0 0 1.01417

1
1 0 0 0.820768

1
1 0 0 0.73707

3
1 0 2475 0.890259
2 0 0 0.95242
3 0 0 0.975673

3
1 0 811 0.779086
2 0 0 0.916349
3 0 0 0.818609

5
1 0 9376 0.815902
2 0 0 0.83365
3 2 4733 0.937715
6 0 0 1.08441
7 0 0 0.882233

3
1 0 914 0.869767
2 0 0 1.04729
3 0 0 0.73652

3
1 2 3725 0.944893
2 0 0 0.960723
3 0 0 0.921331

3
1 0 1763 0.945517
2 0 0 0.938802
3 0 0 0.90295

3
1 2 5260 0.950404
2 0 0 0.902655
3 0 0 0.962753

3
1 0 1946 0.863087
2 0 0 0.926499
3 0 0 0.879504

3
1 1 3 0.888675
2 0 0 0.841695
3 0 0 0.962097

5
1 0 9361 0.896774
2 0 0 0.853342
3 1 4 0.935338
6 0 0 0.881411
7 0 0 1.00228

3
1 0 3866 0.958256
2 0 0 1.03795
3 0 0 1.01496

1
1 0 0 0.840915

7
1 2 1069 0.824256
2 0 5795 0.902369
4 2 878 0.95891
8 0 0 1.03444
9 0 0 1.05311
5 0 0 0.958692
3 0 0 0.881311

3
1 1 1 0.868675
2 0 0 0.884992
3 0 0 0.911365

7
1 0 7991 0.9943
2 1 1 0.88216
4 0 0 0.84527
5 0 0 1.01683
3 0 9487 0.906902
6 0 0 0.910897
7 0 0 0.980365

1
1 0 0 0.837566

3
1 2 5047 0.920122
2 0 0 0.92335
3 0 0 1.01229

5
1 0 344 0.890676
2 0 218 1.01889
4 0 0 0.998601
5 0 0 0.990502
3 0 0 0.875668

5
1 2 817 0.873441
2 0 0 0.998147
3 2 2814 0.914443
6 0 0 1.05453
7 0 0 0.9122

1
1 0 0 0.80174

5
1 0 9969 0.789896
2 0 8701 0.799102
4 0 0 0.816997
5 0 0 0.998088
3 0 0 1.08665

3
1 0 2988 0.910664
2 0 0 0.899877
3 0 0 1.02699

5
1 0 231 0.904551
2 0 202 1.03446
4 0 0 1.07185
5 0 0 0.987315
3 0 0 0.811166

3
1 0 3938 0.997931
2 0 0 0.820355
3 0 0 1.00022

3
1 1 3 0.849859
2 0 0 0.789122
3 0 0 0.892292

3
1 0 4302 0.825873
2 0 0 0.737063
3 0 0 0.934926

1
1 0 0 0.847146

3
1 0 6587 0.806208
2 0 0 0.811809
3 0 0 0.976837

3
1 0 2871 0.956609
2 0 0 0.957097
3 0 0 0.98772

3
1 2 3709 0.867485
2 0 0 0.806544
3 0 0 0.908053

1
1 0 0 0.752706

3
1 1 4 1.02058
2 0 0 0.901274
3 0 0 0.962436

3
1 2 3730 0.92642
2 0 0 0.938479
3 0 0 0.901583

3
1 1 1 0.925595
2 0 0 0.906569
3 0 0 0.933898

3
1 0 5250 0.843273
2 0 0 0.855717
3 0 0 0.966346

3
1 1 1 0.909591
2 0 0 1.06516
3 0 0 0.914347

1
1 0 0 0.869526

3
1 2 60 0.707918
2 0 0 0.932372
3 0 0 0.738863

1
1 0 0 0.937356

3
1 0 3042 0.862171
2 0 0 0.891682
3 0 0 0.884773

3
1 0 9453 0.719062
2 0 0 0.897281
3 0 0 1.01463

3
1 0 683 0.950329
2 0 0 0.972029
3 0 0 0.856968

3
1 2 2383 0.928438
2 0 0 0.855864
3 0 0 0.988246

1
1 0 0 0.908615

1
1 0 0 0.818102

1
1 0 0 0.848197

1
1 0 0 0.807776

3
1 0 1403 0.884641
2 0 0 0.898142
3 0 0 0.893727

1
1 0 0 0.809362

3
1 2 3266 1.01748
2 0 0 1.07224
3 0 0 0.878626

5
1 2 2802 0.918026
2 0 0 0.905677
3 1 1 0.953815
6 0 0 0.927228
7 0 0 1.15133

1
1 0 0 0.871008

3
1 0 7223 0.918104
2 0 0 0.715996
3 0 0 0.989705

5
1 0 2591 0.957546
2 0 0 0.821493
3 1 1 0.916416
6 0 0 1.00219
7 0 0 0.863445

5
1 2 3038 0.914938
2 2 164 0.980165
4 0 0 0.925039
5 0 0 0.978891
3 0 0 0.897745

1
1 0 0 0.811746

9
1 1 3 0.86059
2 0 0 0.962932
3 1 4 1.01891
6 2 3147 1.02119
12 0 4093 1.03911
24 0 0 0.921689
25 0 0 1.01853
13 0 0 1.01775
7 0 0 0.914437

5
1 2 758 0.873864
2 0 0 1.00878
3 0 4555 0.914025
6 0 0 0.929357
7 0 0 0.935377

1
1 0 0 0.76642

3
1 0 6949 0.799679
2 0 0 0.772251
3 0 0 0.987373

1
1 0 0 0.877042

3
1 2 1662 0.894829
2 0 0 1.00403
3 0 0 0.867062

5
1 2 1023 0.878465
2 0 0 0.899241
3 2 2794 0.931018
6 0 0 0.920626
7 0 0 0.8993

3
1 2 469 0.929575
2 0 0 0.890286
3 0 0 0.918145

3
1 0 6273 0.964945
2 0 0 0.95878
3 0 0 0.98359

5
1 0 7905 0.912516
2 0 6473 0.925493
4 0 0 0.9713
5 0 0 0.933269
3 0 0 1.04949

3
1 0 4696 0.839403
2 0 0 0.786343
3 0 0 1.00242

1
1 0 0 0.797742

3
1 1 1 0.984946
2 0 0 0.997103
3 0 0 0.859754

3
1 0 9256 0.919773
2 0 0 0.926961
3 0 0 0.926845

7
1 2 5096 0.888736
2 2 3557 1.00237
4 0 0 0.939119
5 0 0 1.01286
3 1 2 1.1324
6 0 0 0.949293
7 0 0 1.02403

3
1 2 3247 0.859149
2 0 0 0.881435
3 0 0 0.915597

5
1 0 1093 0.907426
2 0 908 1.01851
4 0 0 1.03293
5 0 0 1.10484
3 0 0 0.768827

3
1 0 1563 0.845747
2 0 0 0.91971
3 0 0 0.862344

5
1 0 7103 0.819374
2 0 0 0.940126
3 1 4 0.971959
6 0 0 0.966171
7 0 0 1.00501

5
1 1 4 0.913311
2 0 0 0.932754
3 2 4762 0.884514
6 0 0 0.890371
7 0 0 0.877221

5
1 2 605 0.927466
2 0 296 1.06284
4 0 0 0.985985
5 0 0 0.966017
3 0 0 0.89399

3
1 0 580 0.858553
2 0 0 0.983837
3 0 0 0.817272

7
1 0 9165 0.7564
2 0 0 0.77337
3 2 2925 0.963248
6 0 0 1.12273
7 2 5139 0.966231
14 0 0 0.982207
15 0 0 1.08846

3
1 1 4 0.959565
2 0 0 0.836949
3 0 0 0.951338

3
1 2 320 0.81185
2 0 0 0.917495
3 0 0 0.827984

5
1 0 1278 0.898395
2 2 1378 1.03538
4 0 0 1.10562
5 0 0 0.980776
3 0 0 0.892479

3
1 1 4 0.94089
2 0 0 0.918212
3 0 0 1.04816

3
1 1 1 0.928577
2 0 0 0.836019
3 0 0 0.938624

1
1 0 0 0.768973

1
1 0 0 0.823628

3
1 0 1898 0.808394
2 0 0 1.05742
3 0 0 0.780168

7
1 0 6342 0.857474
2 2 603 0.867418
4 0 0 0.88308
5 0 0 0.834765
3 2 3674 0.999161
6 0 0 0.990104
7 0 0 0.881586

3
1 2 2966 0.904325
2 0 0 0.943675
3 0 0 0.941205

5
1 1 3 0.90655
2 0 0 0.951391
3 2 3040 0.940538
6 0 0 0.926419
7 0 0 0.858686

7
1 2 3956 0.930008
2 0 0 0.95755
3 1 4 0.969744
6 0 0 0.937714
7 0 6147 1.01429
14 0 0 0.937234
15 0 0 1.03449

3
1 0 450 0.857924
2 0 0 1.09698
3 0 0 0.822125

3
1 0 3043 0.835802
2 0 0 0.894107
3 0 0 1.0044

3
1 2 3096 0.921366
2 0 0 0.951304
3 0 0 0.870562

5
1 0 9757 0.932129
2 0 0 0.825236
3 2 1891 0.974841
6 0 0 0.972925
7 0 0 0.982869

5
1 1 4 0.876056
2 0 0 0.931836
3 0 1215 0.951474
6 0 0 0.984793
7 0 0 0.978327

1
1 0 0 0.821398

1
1 0 0 0.826797

3
1 0 9909 0.803128
2 0 0 0.765324
3 0 0 0.945961

5
1 1 4 0.831206
2 0 5820 0.85286
4 0 0 0.864206
5 0 0 0.868906
3 0 0 1.00865

3
1 0 8920 0.923931
2 0 0 0.74061
3 0 0 0.975664

3
1 0 74 0.77139
2 0 0 0.992521
3 0 0 0.895655

3
1 0 377 0.849346
2 0 0 1.07995
3 0 0 0.876556

1
1 0 0 0.860403

3
1 0 1182 0.873116
2 0 0 1.09492
3 0 0 0.776768

3
1 1 1 0.848015
2 0 0 0.936132
3 0 0 0.844144

9
1 0 7902 0.940801
2 1 2 1.02685
4 1 1 1.04993
8 0 0 1.0133
9 0 0 0.990946
5 0 4643 0.949005
10 0 0 0.767142
11 0 0 1.08143
3 0 0 0.934977

3
1 2 4338 0.919672
2 0 0 1.00729
3 0 0 0.895116

3
1 0 8454 0.843811
2 0 0 0.833703
3 0 0 1.00775

5
1 0 954 0.79038
2 0 941 1.13638
4 0 0 1.13059
5 0 0 0.933009
3 0 0 0.714957

3
1 2 3172 0.877911
2 0 0 0.89933
3 0 0 1.00737

3
1 2 1264 0.868774
2 0 0 0.944794
3 0 0 0.991184

1
1 0 0 0.901702

3
1 0 9845 0.899669
2 0 0 0.829475
3 0 0 1.15778

7
1 0 8967 0.923747
2 0 0 0.900096
3 2 3616 0.980438
6 0 0 1.04943
7 1 3 1.05736
14 0 0 0.998664
15 0 0 0.94373

5
1 2 4292 0.950215
2 0 0 0.85093
3 0 666 0.954266
6 0 0 0.896676
7 0 0 0.927223

3
1 0 1491 0.911623
2 0 0 1.0268
3 0 0 0.969405

3
1 0 3356 0.844463
2 0 0 0.751306
3 0 0 0.946038

3
1 0 9321 0.806733
2 0 0 0.848776
3 0 0 1.06393

3
1 0 676 0.876615
2 0 0 0.905789
3 0 0 0.799484

3
1 2 3694 0.875461
2 0 0 0.868269
3 0 0 0.891382

3
1 1 1 0.866702
2 0 0 0.938696
3 0 0 0.810152

3
1 2 2142 0.894892
2 0 0 1.10711
3 0 0 0.930199

3
1 0 1555 0.839101
2 0 0 0.900094
3 0 0 0.810875

3
1 2 946 0.830223
2 0 0 0.931459
3 0 0 0.852103

3
1 2 4615 0.903835
2 0 0 0.915158
3 0 0 0.863497

3
1 0 6148 0.856389
2 0 0 0.769568
3 0 0 0.960709

3
1 1 2 0.897115
2 0 0 0.882587
3 0 0 0.870803

9
1 2 4177 0.986413
2 1 1 0.984028
4 0 0 1.01073
5 0 0 0.941736
3 1 2 0.993672
6 0 0 1.04193
7 0 1300 0.975776
14 0 0 1.0108
15 0 0 1.06991

3
1 1 4 0.93643
2 0 0 0.875414
3 0 0 0.940436

3
1 0 9280 0.819536
2 0 0 0.767711
3 0 0 1.01491

5
1 0 962 0.790005
2 0 534 0.85074
4 0 0 0.983197
5 0 0 0.982371
3 0 0 0.764629

3
1 0 633 0.920388
2 0 0 0.932437
3 0 0 0.950088

3
1 0 354 0.816973
2 0 0 0.956701
3 0 0 0.821676

1
1 0 0 0.8527

1
1 0 0 0.749769

11
1 1 3 0.92256
2 2 196 0.889848
4 0 0 0.956815
5 2 4215 0.946211
10 0 0 0.924562
11 0 0 0.90605
3 0 5147 0.951988
6 0 3192 0.904332
12 0 0 1.00004
13 0 0 0.980929
7 0 0 1.01539

3
1 0 180 0.818241
2 0 0 1.03819
3 0 0 0.820003

5
1 2 4153 0.914272
2 0 0 0.869547
3 0 6480 0.948287
6 0 0 1.04359
7 0 0 0.956056

3
1 0 1256 0.911875
2 0 0 0.979082
3 0 0 0.91283

3
1 0 194 0.846051
2 0 0 1.00378
3 0 0 0.890492

3
1 0 9143 0.831256
2 0 0 0.83054
3 0 0 1.03664

1
1 0 0 0.830609

3
1 0 4710 0.849292
2 0 0 0.84108
3 0 0 0.949164

3
1 2 3912 0.953257
2 0 0 0.881998
3 0 0 0.80945

3
1 0 258 0.831977
2 0 0 0.979524
3 0 0 0.893566

1
1 0 0 0.860764

3
1 2 330 0.866119
2 0 0 0.910674
3 0 0 0.846177

3
1 2 4975 0.922617
2 0 0 0.957849
3 0 0 0.876194

5
1 0 9851 0.852751
2 0 9509 0.919124
4 0 0 0.895907
5 0 0 0.911526
3 0 0 0.971549

3
1 0 4141 0.88151
2 0 0 0.844957
3 0 0 0.914197

3
1 0 9896 0.858633
2 0 0 0.754485
3 0 0 1.02356

7
1 0 8664 0.947997
2 2 257 0.92726
4 0 0 1.13346
5 0 0 0.985664
3 2 2989 0.958638
6 0 0 1.0274
7 0 0 1.01615

5
1 0 3664 0.867874
2 0 0 0.970352
3 0 4458 1.03254
6 0 0 1.04942
7 0 0 1.07796

3
1 0 168 0.842668
2 0 0 1.05245
3 0 0 0.809501

5
1 0 3878 0.930388
2 0 0 0.87583
3 0 4807 0.954719
6 0 0 1.02547
7 0 0 0.979573

3
1 1 4 0.919169
2 0 0 0.911496
3 0 0 0.927698

1
1 0 0 0.84725

5
1 0 3259 0.847421
2 0 409 0.81614
4 0 0 1.05653
5 0 0 0.8488
3 0 0 1.0262

7
1 2 197 0.908145
2 2 124 1.04995
4 0 0 1.06767
5 0 0 0.95126
3 0 2430 0.86951
6 0 0 0.83108
7 0 0 0.904486

1
1 0 0 0.755854

3
1 1 4 0.920297
2 0 0 0.986689
3 0 0 0.943697

5
1 2 3979 0.887793
2 0 3751 0.877156
4 0 0 0.847464
5 0 0 0.916676
3 0 0 0.855492

7
1 2 3774 0.932125
2 1 1 0.881799
4 0 0 0.953302
5 0 0 0.830233
3 2 4132 0.895132
6 0 0 0.976561
7 0 0 0.85192

5
1 0 121 0.819938
2 0 24 0.994546
4 0 0 0.911392
5 0 0 1.06027
3 0 0 0.793203

3
1 0 9005 0.762443
2 0 0 0.850586
3 0 0 1.00189

5
1 1 3 0.847502
2 0 0 0.89462
3 2 1740 1.03291
6 0 0 0.964203
7 0 0 1.00596

3
1 2 3972 0.950409
2 0 0 0.957973
3 0 0 0.973229

1
1 0 0 0.88609

3
1 2 2411 0.864778
2 0 0 0.943362
3 0 0 0.941745

5
1 0 7738 0.857004
2 0 0 0.818777
3 2 2832 1.04151
6 0 0 1.02576
7 0 0 0.888934

7
1 0 8099 0.867288
2 2 3096 0.907358
4 0 0 0.98763
5 0 0 0.969224
3 2 243 0.936505
6 0 0 0.994558
7 0 0 0.939289

1
1 0 0 0.801035

5
1 2 3318 0.870578
2 0 572 0.88821
4 0 0 0.895798
5 0 0 0.951262
3 0 0 0.886319

3
1 0 3160 0.870284
2 0 0 0.867154
3 0 0 0.834879

5
1 2 301 0.767918
2 2 68 0.958074
4 0 0 1.22049
5 0 0 0.860767
3 0 0 0.803788

3
1 1 4 0.951141
2 0 0 0.808635
3 0 0 0.885913

3
1 1 4 0.90065
2 0 0 0.949937
3 0 0 0.852615

5
1 0 7996 0.816347
2 0 3954 0.974797
4 0 0 0.885589
5 0 0 0.963438
3 0 0 1.03723

5
1 1 2 0.828317
2 0 5900 0.865103
4 0 0 0.900573
5 0 0 1.01527
3 0 0 1.00325

5
1 2 2195 0.918591
2 0 0 0.815457
3 0 5077 1.02488
6 0 0 0.904228
7 0 0 1.0897

3
1 0 8785 0.940223
2 0 0 0.866239
3 0 0 0.902331

1
1 0 0 0.90736

3
1 0 470 0.876576
2 0 0 1.06487
3 0 0 0.787408

3
1 2 183 0.859871
2 0 0 0.948767
3 0 0 0.882071

5
1 0 729 0.864306
2 0 105 0.863014
4 0 0 1.0481
5 0 0 0.953435
3 0 0 0.775414

3
1 0 777 0.799399
2 0 0 0.949148
3 0 0 0.797136

3
1 1 1 0.953539
2 0 0 0.974151
3 0 0 0.99302

3
1 0 9360 0.865152
2 0 0 0.848901
3 0 0 0.99294

3
1 2 1583 0.836635
2 0 0 1.07727
3 0 0 0.844613

3
1 2 98 0.899171
2 0 0 0.905206
3 0 0 0.864144

3
1 0 7877 0.90733
2 0 0 0.891258
3 0 0 0.997339

3
1 0 7959 0.82231
2 0 0 0.831295
3 0 0 1.0478

1
1 0 0 0.802834

3
1 0 9757 0.932129
2 0 0 0.870514
3 0 0 0.940844

7
1 0 8233 0.902895
2 0 0 0.762868
3 2 2123 0.956518
6 0 0 0.899404
7 1 1 0.905445
14 0 0 1.06472
15 0 0 0.940612

3
1 2 2660 0.984478
2 0 0 0.976916
3 0 0 1.04316

3
1 0 1314 0.950843
2 0 0 0.994844
3 0 0 0.921199

3
1 1 4 0.893916
2 0 0 0.856873
3 0 0 0.952502

3
1 2 2872 0.848614
2 0 0 1.04168
3 0 0 0.954177

3
1 0 1286 0.899379
2 0 0 1.06032
3 0 0 0.920397

1
1 0 0 0.68469

3
1 2 1273 0.877523
2 0 0 0.904134
3 0 0 0.907443

3
1 0 22 0.852477
2 0 0 0.883825
3 0 0 0.856455

1
1 0 0 0.783055

3
1 0 4402 0.916975
2 0 0 0.855952
3 0 0 0.958807

1
1 0 0 0.821561

5
1 2 1530 0.908386
2 0 0 0.85636
3 2 2399 0.988145
6 0 0 0.944946
7 0 0 0.965566

3
1 0 1013 0.770267
2 0 0 0.977276
3 0 0 0.835077

3
1 0 954 0.79038
2 0 0 1.01621
3 0 0 0.763852

1
1 0 0 0.839547

5
1 0 5748 0.962655
2 0 5501 0.943792
4 0 0 0.943004
5 0 0 1.16041
3 0 0 0.992239

3
1 1 1 0.864236
2 0 0 0.870987
3 0 0 0.887486

1
1 0 0 0.832709

1
1 0 0 0.836244

3
1 0 739 0.862497
2 0 0 0.894513
3 0 0 0.888869

3
1 1 4 0.848273
2 0 0 0.972998
3 0 0 0.918253

3
1 1 1 0.919088
2 0 0 0.932684
3 0 0 0.913026

3
1 1 1 0.864099
2 0 0 0.968192
3 0 0 0.805974

3
1 2 2030 0.862211
2 0 0 0.993564
3 0 0 0.866476

3
1 0 1593 0.851474
2 0 0 1.06619
3 0 0 0.843443

3
1 0 104 0.773701
2 0 0 1.06124
3 0 0 0.799662

3
1 2 2974 0.865168
2 0 0 0.901848
3 0 0 0.934964

1
1 0 0 0.920573

3
1 0 6111 0.936247
2 0 0 0.87462
3 0 0 0.967467

3
1 0 9784 0.82108
2 0 0 0.828328
3 0 0 1.01689

3
1 0 3165 0.917071
2 0 0 0.759037
3 0 0 0.880871

3
1 1 2 0.875612
2 0 0 0.905041
3 0 0 0.925887

3
1 0 4905 0.825884
2 0 0 0.829852
3 0 0 0.994384

3
1 0 4848 0.800356
2 0 0 0.77729
3 0 0 0.810782

3
1 0 1397 0.879283
2 0 0 1.0226
3 0 0 0.782728

3
1 2 2722 0.944524
2 0 0 0.952534
3 0 0 1.02248

5
1 0 7870 0.866283
2 0 0 0.935435
3 2 4553 1.03155
6 0 0 1.14428
7 0 0 0.916449

5
1 2 3328 0.872328
2 1 1 0.899177
4 0 0 1.0148
5 0 0 0.938089
3 0 0 0.911776

1
1 0 0 0.860302

1
1 0 0 0.837947

3
1 1 4 0.932119
2 0 0 0.940893
3 0 0 1.01739

1
1 0 0 0.768784

3
1 0 138 0.723347
2 0 0 1.00929
3 0 0 0.750345

3
1 0 7744 0.854559
2 0 0 0.87714
3 0 0 0.893117

3
1 0 350 0.891188
2 0 0 0.973113
3 0 0 0.738519

3
1 2 2863 0.875567
2 0 0 0.789977
3 0 0 0.998

1
1 0 0 0.929107

1
1 0 0 0.824988

1
1 0 0 0.758262

3
1 0 4751 0.97919
2 0 0 0.931768
3 0 0 1.02579

1
1 0 0 0.792171

7
1 0 7996 0.962381
2 0 3572 1.0077
4 0 0 0.80074
5 2 758 1.10569
10 0 0 1.01198
11 0 0 1.09399
3 0 0 1.00853

1
1 0 0 0.850498

1
1 0 0 0.895249

3
1 0 4141 0.88151
2 0 0 0.856446
3 0 0 1.20905

3
1 1 4 0.867479
2 0 0 0.885698
3 0 0 0.941933

5
1 0 6060 0.838647
2 0 0 0.846727
3 2 4834 1.009
6 0 0 1.01467
7 0 0 1.02844

3
1 0 3610 0.920741
2 0 0 0.775688
3 0 0 0.929059

1
1 0 0 0.968729

3
1 0 3878 0.930388
2 0 0 0.776995
3 0 0 0.904823

1
1 0 0 0.772737

3
1 0 7120 0.954553
2 0 0 0.92657
3 0 0 0.989107

3
1 2 451 0.838723
2 0 0 0.838125
3 0 0 0.864822

5
1 0 1319 0.875168
2 0 507 1.07048
4 0 0 1.04059
5 0 0 0.964018
3 0 0 0.788941

3
1 0 128 0.934358
2 0 0 0.926638
3 0 0 0.919443

3
1 1 4 0.831052
2 0 0 0.833408
3 0 0 0.917586

3
1 0 541 0.912965
2 0 0 0.988863
3 0 0 0.76197

1
1 0 0 0.890726

3
1 2 3313 0.899314
2 0 0 1.03629
3 0 0 0.928844

5
1 0 312 0.808535
2 0 192 1.10702
4 0 0 1.00074
5 0 0 1.01494
3 0 0 0.865258

3
1 2 2860 0.897662
2 0 0 0.926373
3 0 0 0.923413

3
1 1 4 0.942136
2 0 0 0.893107
3 0 0 1.08678

5
1 0 894 0.862003
2 1 2 0.999558
4 0 0 1.06288
5 0 0 1.03984
3 0 0 0.858502

5
1 0 3349 0.834146
2 0 0 0.763722
3 0 8845 0.986972
6 0 0 0.92782
7 0 0 0.986655

3
1 1 4 0.902696
2 0 0 0.885872
3 0 0 0.999823

5
1 0 7046 0.907201
2 1 2 0.924767
4 0 0 0.917741
5 0 0 0.886193
3 0 0 0.964909

5
1 0 1492 0.915426
2 1 2 0.989465
4 0 0 1.01484
5 0 0 0.91412
3 0 0 0.990728

3
1 0 3484 0.914203
2 0 0 0.829302
3 0 0 1.0028

1
1 0 0 0.790682

3
1 0 8906 0.783167
2 0 0 0.807439
3 0 0 0.993549

3
1 2 5321 0.855429
2 0 0 0.915658
3 0 0 1.03895

3
1 0 8197 0.879492
2 0 0 0.927447
3 0 0 0.905582

3
1 2 1469 0.894644
2 0 0 0.865217
3 0 0 0.912314

3
1 0 9817 0.640063
2 0 0 0.746729
3 0 0 1.19243

3
1 0 436 0.826242
2 0 0 0.94079
3 0 0 0.832594

3
1 2 5019 0.888543
2 0 0 0.875028
3 0 0 1.06603

3
1 1 1 0.871057
2 0 0 0.965093
3 0 0 0.878814

5
1 2 2778 0.89358
2 0 0 0.999552
3 0 3556 0.980248
6 0 0 0.899522
7 0 0 0.969214

1
1 0 0 0.950118

1
1 0 0 0.851758

1
1 0 0 0.783131

5
1 1 3 0.883107
2 0 0 0.852288
3 0 6741 0.953768
6 0 0 0.9694
7 0 0 0.980277

3
1 2 4905 0.889865
2 0 0 0.901435
3 0 0 0.910105

3
1 0 4977 0.88867
2 0 0 0.965397
3 0 0 1.03088

5
1 2 478 0.887306
2 0 3024 1.03497
4 0 0 1.07255
5 0 0 0.928843
3 0 0 0.771891

3
1 0 9209 0.853816
2 0 0 0.74634
3 0 0 0.940189

1
1 0 0 0.89067

3
1 2 2941 0.90495
2 0 0 0.934272
3 0 0 0.905412

5
1 1 2 0.906738
2 0 1514 0.971519
4 0 0 1.06154
5 0 0 1.03182
3 0 0 0.835169

3
1 0 1276 0.849896
2 0 0 1.07532
3 0 0 0.818583

1
1 0 0 0.837214

5
1 2 1576 0.891362
2 2 883 0.970145
4 0 0 0.977937
5 0 0 0.991835
3 0 0 0.834772

5
1 2 2236 0.867489
2 0 0 0.926564
3 2 3142 0.981376
6 0 0 0.949421
7 0 0 0.914617

1
1 0 0 0.827928

3
1 1 3 0.917604
2 0 0 0.842849
3 0 0 1.00593

3
1 1 4 0.909114
2 0 0 0.969551
3 0 0 0.97295

3
1 1 2 0.876386
2 0 0 0.909962
3 0 0 0.887635

5
1 0 9490 0.83159
2 0 0 0.882653
3 0 9658 0.916011
6 0 0 0.971986
7 0 0 0.956688

3
1 2 1719 0.872964
2 0 0 0.856334
3 0 0 0.893411

3
1 0 7601 0.889236
2 0 0 0.758217
3 0 0 0.921968

3
1 0 708 0.864835
2 0 0 0.968484
3 0 0 0.815466

3
1 0 807 0.869128
2 0 0 0.968025
3 0 0 0.900489

3
1 0 6949 0.783977
2 0 0 0.970302
3 0 0 1.03042

3
1 1 2 0.916827
2 0 0 0.929681
3 0 0 0.955177

3
1 0 80 0.777466
2 0 0 1.02171
3 0 0 0.791781

1
1 0 0 0.760909

3
1 0 9899 0.890004
2 0 0 0.858667
3 0 0 0.905683

3
1 2 5165 0.880146
2 0 0 0.90799
3 0 0 0.926749

3
1 2 3354 0.865052
2 0 0 0.939459
3 0 0 0.98362

3
1 0 9945 0.825473
2 0 0 0.825006
3 0 0 0.998628

3
1 2 2476 0.966029
2 0 0 0.825785
3 0 0 0.939612

7
1 2 3537 0.900213
2 0 0 0.902585
3 0 7440 0.946687
6 0 0 0.959395
7 1 4 0.854748
14 0 0 0.891071
15 0 0 0.893313

3
1 0 6361 0.939389
2 0 0 0.874278
3 0 0 1.04317

3
1 0 620 0.858818
2 0 0 0.911973
3 0 0 0.872396

3
1 1 4 0.891933
2 0 0 0.845614
3 0 0 0.871209

3
1 1 4 0.852417
2 0 0 0.852434
3 0 0 0.941693

5
1 2 1767 0.900333
2 0 0 0.917497
3 0 7246 0.857658
6 0 0 1.02142
7 0 0 0.830098

3
1 2 4542 0.871848
2 0 0 0.908101
3 0 0 0.956505

5
1 1 4 0.904325
2 0 0 0.873354
3 2 1380 1.00255
6 0 0 1.06217
7 0 0 1.05644

9
1 0 410 0.921935
2 0 24 0.981652
4 0 0 1.03443
5 0 104 1.15875
10 0 0 1.04424
11 0 355 1.14221
22 0 0 1.02612
23 0 0 0.941427
3 0 0 0.852556

3
1 0 233 0.874041
2 0 0 1.06467
3 0 0 0.77047

3
1 0 9575 0.837386
2 0 0 0.880621
3 0 0 0.9942

5
1 0 8744 0.932693
2 0 0 0.860717
3 2 1825 0.955429
6 0 0 0.923278
7 0 0 1.00651

5
1 0 9269 0.838649
2 0 0 0.903999
3 2 2223 0.964807
6 0 0 1.04507
7 0 0 0.968021

1
1 0 0 0.755166

3
1 0 135 0.811671
2 0 0 1.06063
3 0 0 0.788113

1
1 0 0 0.904873

3
1 2 2538 0.916726
2 0 0 0.833777
3 0 0 0.990557

3
1 0 552 0.891391
2 0 0 1.04034
3 0 0 0.911661

5
1 0 6195 0.914789
2 0 110 0.818725
4 0 0 0.952491
5 0 0 0.835887
3 0 0 0.953706

5
1 0 7079 0.937328
2 0 0 0.937518
3 0 9066 1.03537
6 0 0 0.993088
7 0 0 1.08418

5
1 0 8865 0.80271
2 0 0 0.817129
3 1 4 1.07687
6 0 0 1.06539
7 0 0 1.05992

7
1 2 2092 0.872376
2 0 0 0.938487
3 2 3404 0.910502
6 0 7139 0.972017
12 0 0 0.950935
13 0 0 1.02605
7 0 0 0.859168

3
1 0 1060 0.920425
2 0 0 1.19988
3 0 0 0.87228

3
1 0 4323 0.852636
2 0 0 0.861229
3 0 0 1.05301

5
1 2 5216 0.795146
2 0 0 0.83308
3 2 5329 0.957818
6 0 0 1.14792
7 0 0 1.00936

3
1 0 3864 0.864265
2 0 0 0.720199
3 0 0 0.937335

3
1 0 1208 0.859152
2 0 0 0.894118
3 0 0 0.86118

1
1 0 0 0.846069

3
1 0 5055 0.958828
2 0 0 0.865028
3 0 0 1.00301

3
1 0 202 0.791705
2 0 0 1.11076
3 0 0 0.810451

1
1 0 0 0.809322

7
1 0 9564 0.851946
2 0 0 0.741908
3 2 3040 1.02658
6 0 0 1.10006
7 2 4253 0.955224
14 0 0 1.05192
15 0 0 1.00009

3
1 1 4 0.846509
2 0 0 0.820875
3 0 0 0.893761

5
1 0 4141 0.88151
2 2 2394 0.885333
4 0 0 0.930979
5 0 0 0.915209
3 0 0 1.03519

3
1 1 3 0.890166
2 0 0 0.839024
3 0 0 0.929774

3
1 0 2854 0.896666
2 0 0 0.864078
3 0 0 0.989447

3
1 2 2932 0.879815
2 0 0 0.971126
3 0 0 0.824879

3
1 0 6322 0.873784
2 0 0 0.89534
3 0 0 0.951826

5
1 0 4732 0.857422
2 0 0 0.731604
3 1 3 1.0029
6 0 0 0.906146
7 0 0 0.991379

3
1 0 8831 0.849089
2 0 0 0.890354
3 0 0 1.0138

3
1 0 9434 0.797384
2 0 0 0.920442
3 0 0 1.18958

3
1 0 1471 0.81107
2 0 0 1.0604
3 0 0 0.712452

7
1 2 377 0.794898
2 1 2 1.03513
4 1 1 0.938465
8 0 0 1.0925
9 0 0 1.04487
5 0 0 0.91985
3 0 0 0.931296

3
1 0 3395 0.913823
2 0 0 0.872116
3 0 0 0.988249

3
1 0 4139 0.873925
2 0 0 0.756666
3 0 0 0.954452

3
1 0 9971 0.797656
2 0 0 0.769255
3 0 0 0.939948

7
1 0 651 0.764596
2 2 1946 0.922205
4 0 0 1.03285
5 0 0 0.98173
3 0 5149 0.800563
6 0 0 0.909623
7 0 0 0.814638

3
1 2 2985 0.939815
2 0 0 0.945401
3 0 0 0.893723

3
1 0 8976 0.945886
2 0 0 0.988305
3 0 0 1.12094

1
1 0 0 0.770994

3
1 0 8923 0.811172
2 0 0 0.866207
3 0 0 0.923968

5
1 0 7392 0.925856
2 0 0 0.782662
3 0 8115 0.943942
6 0 0 0.953116
7 0 0 1.05967

3
1 2 57 0.891081
2 0 0 0.95101
3 0 0 0.882818

3
1 2 2963 0.866841
2 0 0 0.907613
3 0 0 0.962719

3
1 0 4017 0.914354
2 0 0 0.845344
3 0 0 1.03498

3
1 2 2963 0.892588
2 0 0 0.891945
3 0 0 0.903151

3
1 2 4318 0.935159
2 0 0 0.909963
3 0 0 0.84558

3
1 2 5227 0.759955
2 0 0 0.785049
3 0 0 0.978229

3
1 0 9944 0.84214
2 0 0 0.821955
3 0 0 0.912137

3
1 1 1 0.859083
2 0 0 0.969088
3 0 0 0.786508

5
1 0 178 0.844766
2 0 0 0.99416
3 0 5175 0.825086
6 0 0 0.76258
7 0 0 0.985299

3
1 1 4 0.879877
2 0 0 0.937897
3 0 0 0.932621

3
1 2 3113 0.968434
2 0 0 1.02237
3 0 0 0.960092

3
1 0 5727 0.784006
2 0 0 0.82157
3 0 0 0.745144

3
1 1 2 0.947464
2 0 0 0.912259
3 0 0 0.935317

3
1 0 5559 0.957326
2 0 0 0.9711
3 0 0 1.04885

5
1 0 524 0.751318
2 2 3815 1.13062
4 0 0 1.18286
5 0 0 0.989352
3 0 0 0.824072

5
1 1 2 0.919364
2 2 759 0.942904
4 0 0 0.988309
5 0 0 0.863579
3 0 0 0.885614

1
1 0 0 0.76963

1
1 0 0 0.898883

5
1 0 7780 0.950843
2 2 3250 1.08286
4 0 0 1.08108
5 0 0 1.03298
3 0 0 0.939725

3
1 2 5035 0.936494
2 0 0 1.0304
3 0 0 0.949642

3
1 1 2 0.874631
2 0 0 0.942229
3 0 0 0.923707

3
1 2 2236 0.866826
2 0 0 0.920797
3 0 0 0.917324

3
1 2 1471 0.865297
2 0 0 0.911304
3 0 0 0.858377

3
1 0 1131 0.825687
2 0 0 0.986361
3 0 0 0.741408

3
1 2 18 0.791082
2 0 0 0.960127
3 0 0 0.739723

3
1 2 348 0.917692
2 0 0 0.997534
3 0 0 0.871382

5
1 0 9846 0.755501
2 0 3830 0.872784
4 0 0 0.924808
5 0 0 0.966229
3 0 0 1.01965

1
1 0 0 0.801307

1
1 0 0 0.820182

5
1 2 2813 0.829095
2 0 0 0.893506
3 1 3 0.975888
6 0 0 0.814902
7 0 0 0.944044

3
1 1 1 0.925238
2 0 0 1.12066
3 0 0 0.912641

3
1 0 6485 0.826785
2 0 0 0.830557
3 0 0 0.925011

3
1 0 190 0.874012
2 0 0 1.04302
3 0 0 0.886821

3
1 0 1091 0.916921
2 0 0 0.935038
3 0 0 0.898972

1
1 0 0 0.909457

3
1 0 6903 0.797029
2 0 0 0.783902
3 0 0 0.8748

5
1 2 1984 0.806727
2 2 1940 0.900129
4 0 0 1.01234
5 0 0 1.04469
3 0 0 0.894373

3
1 0 8995 0.900716
2 0 0 0.781322
3 0 0 0.923108

3
1 1 3 0.886362
2 0 0 0.841491
3 0 0 0.90865

3
1 0 7138 0.947501
2 0 0 0.938658
3 0 0 0.943288

5
1 1 1 0.884708
2 2 367 0.964587
4 0 0 0.995895
5 0 0 0.935177
3 0 0 0.877767

3
1 2 5019 0.853278
2 0 0 0.862681
3 0 0 0.97761

3
1 2 2926 0.922662
2 0 0 0.888125
3 0 0 0.803118

3
1 0 9899 0.890004
2 0 0 0.90911
3 0 0 1.22447

3
1 0 4149 0.868609
2 0 0 0.845518
3 0 0 0.843838

3
1 0 7247 0.894168
2 0 0 0.897929
3 0 0 0.999717

3
1 2 3622 0.919547
2 0 0 0.982786
3 0 0 0.87293

3
1 0 2712 0.971278
2 0 0 0.778217
3 0 0 0.926415

3
1 0 1135 0.834309
2 0 0 1.07819
3 0 0 0.86961

1
1 0 0 0.8716

3
1 0 2002 0.872745
2 0 0 1.04482
3 0 0 0.808887

3
1 0 9374 0.870522
2 0 0 0.823371
3 0 0 1.11643

3
1 2 3495 0.869293
2 0 0 0.896274
3 0 0 0.993055

3
1 2 4218 0.930727
2 0 0 0.939048
3 0 0 0.908468

3
1 1 4 0.953532
2 0 0 0.892056
3 0 0 0.999355

3
1 0 7200 0.876214
2 0 0 0.844314
3 0 0 0.972535

3
1 0 513 0.864661
2 0 0 0.999736
3 0 0 0.798197

3
1 1 3 0.866157
2 0 0 0.839347
3 0 0 0.959729

3
1 2 2645 0.883135
2 0 0 0.999166
3 0 0 1.12707

3
1 0 231 0.755174
2 0 0 1.00758
3 0 0 0.846466

5
1 0 9730 0.90194
2 0 8549 0.856878
4 0 0 0.798068
5 0 0 0.956924
3 0 0 0.966278

3
1 2 5095 0.834592
2 0 0 0.853847
3 0 0 0.982336

3
1 2 3475 0.857332
2 0 0 1.01791
3 0 0 0.937891

1
1 0 0 0.779275

5
1 1 3 0.938312
2 0 5066 1.03431
4 0 0 0.940125
5 0 0 0.98094
3 0 0 0.906

3
1 2 5317 0.879656
2 0 0 0.891895
3 0 0 0.949267

3
1 0 9844 0.80712
2 0 0 0.830404
3 0 0 1.00129

3
1 2 68 0.840241
2 0 0 0.972414
3 0 0 0.82239

3
1 0 8865 0.80271
2 0 0 0.775358
3 0 0 0.999524

3
1 1 3 0.859964
2 0 0 0.956278
3 0 0 0.864216

3
1 0 3993 0.919491
2 0 0 0.902365
3 0 0 0.92027

3
1 1 1 0.852831
2 0 0 0.950816
3 0 0 0.834429

3
1 0 2077 0.872019
2 0 0 0.997405
3 0 0 0.895533

3
1 1 1 0.879446
2 0 0 0.910948
3 0 0 0.860265

1
1 0 0 0.936902

3
1 0 506 0.845329
2 0 0 1.05567
3 0 0 0.835829

3
1 0 3891 0.901387
2 0 0 0.946157
3 0 0 1.10037

3
1 0 630 0.83135
2 0 0 1.03598
3 0 0 0.804845

3
1 0 1144 0.853447
2 0 0 0.961292
3 0 0 0.875748

1
1 0 0 0.921029

1
1 0 0 0.796444

3
1 0 228 0.829855
2 0 0 1.13113
3 0 0 0.898735

3
1 0 9054 0.803097
2 0 0 0.785649
3 0 0 0.959302

3
1 2 3899 0.890345
2 0 0 0.908019
3 0 0 0.934389

5
1 2 1751 0.846971
2 1 3 0.910589
4 0 0 0.852009
5 0 0 0.947381
3 0 0 0.780595

5
1 0 3809 0.985446
2 0 0 0.812165
3 2 4734 1.01721
6 0 0 0.990041
7 0 0 0.985712

3
1 0 4732 0.857422
2 0 0 0.765764
3 0 0 1.01178

5
1 0 8831 0.849089
2 0 0 0.824308
3 2 2741 0.978323
6 0 0 1.05459
7 0 0 0.908335

3
1 2 3173 0.898352
2 0 0 0.9319
3 0 0 0.933217

3
1 0 4566 0.950918
2 0 0 0.847539
3 0 0 0.905911

3
1 2 4804 0.788548
2 0 0 0.837663
3 0 0 0.955125

1
1 0 0 0.789707

3
1 0 4139 0.873925
2 0 0 0.90024
3 0 0 1.07884

5
1 1 1 0.844828
2 0 3371 1.00829
4 0 0 0.95012
5 0 0 1.00232
3 0 0 0.936849

3
1 2 283 0.87331
2 0 0 0.908542
3 0 0 0.781249

3
1 2 1048 0.932792
2 0 0 0.999305
3 0 0 0.955798

1
1 0 0 0.864584

7
1 1 2 0.883809
2 2 2871 0.915026
4 0 0 1.00956
5 0 4018 0.949787
10 0 0 0.872227
11 0 0 0.890139
3 0 0 0.918649

3
1 0 4855 0.891037
2 0 0 0.832061
3 0 0 0.951753

7
1 1 3 0.871875
2 0 0 0.909283
3 1 4 0.989024
6 2 4871 0.964953
12 0 0 1.01755
13 0 0 0.947168
7 0 0 0.954511

1
1 0 0 0.718242

3
1 1 3 0.885577
2 0 0 0.85904
3 0 0 0.961731

3
1 0 4017 0.914354
2 0 0 0.857616
3 0 0 0.948182

3
1 1 1 0.940262
2 0 0 0.91557
3 0 0 0.744097

3
1 2 307 0.958218
2 0 0 1.00403
3 0 0 0.895961

3
1 0 1694 0.966586
2 0 0 0.983508
3 0 0 0.943861

1
1 0 0 0.814032

3
1 0 64 0.825285
2 0 0 0.995375
3 0 0 0.834645

3
1 0 178 0.844766
2 0 0 1.00929
3 0 0 0.803713

1
1 0 0 0.906753

3
1 0 9911 0.876748
2 0 0 0.920973
3 0 0 1.01433

1
1 0 0 0.874953

3
1 1 1 0.929641
2 0 0 0.953258
3 0 0 0.981613

3
1 0 1202 0.794089
2 0 0 1.04287
3 0 0 0.74395

3
1 0 18 0.723199
2 0 0 1.04408
3 0 0 0.827056

3
1 0 6550 0.828518
2 0 0 0.823471
3 0 0 0.858157

3
1 0 8425 0.900582
2 0 0 0.79598
3 0 0 0.908826

3
1 1 2 0.939531
2 0 0 0.941344
3 0 0 0.871944

3
1 0 8989 0.904242
2 0 0 0.973638
3 0 0 0.911008

5
1 1 2 0.898049
2 0 0 0.932771
3 1 4 0.964822
6 0 0 0.979195
7 0 0 0.965365

3
1 0 2696 0.903164
2 0 0 0.936292
3 0 0 1.01454

5
1 0 4322 0.920757
2 1 4 0.829748
4 0 0 0.859544
5 0 0 0.909939
3 0 0 0.985876

1
1 0 0 0.898607

3
1 0 3256 0.921261
2 0 0 0.793024
3 0 0 0.893517

3
1 2 3108 0.941336
2 0 0 0.949968
3 0 0 0.868189

5
1 2 4178 0.861636
2 2 1997 0.963627
4 0 0 0.941422
5 0 0 1.09334
3 0 0 0.878654

3
1 0 4363 0.911485
2 0 0 0.824075
3 0 0 1.01766

1
1 0 0 0.821387

5
1 1 3 0.990845
2 0 3287 0.94468
4 0 0 0.942976
5 0 0 0.93169
3 0 0 0.877638

3
1 0 6562 0.923826
2 0 0 0.946291
3 0 0 1.1085

3
1 1 3 0.856984
2 0 0 0.870334
3 0 0 0.861094

3
1 0 9537 0.807043
2 0 0 0.729007
3 0 0 1.07266

3
1 0 5641 0.819086
2 0 0 0.844045
3 0 0 0.868838

3
1 0 9543 0.721159
2 0 0 0.705007
3 0 0 1.04038

3
1 2 3175 0.900723
2 0 0 1.02772
3 0 0 0.865985

3
1 0 9545 0.916599
2 0 0 0.860086
3 0 0 0.8867

3
1 2 701 0.860142
2 0 0 0.971099
3 0 0 0.797244

3
1 1 4 0.839787
2 0 0 0.814222
3 0 0 0.921465

1
1 0 0 0.877594

3
1 1 3 0.869684
2 0 0 0.839496
3 0 0 0.914536

3
1 0 1297 0.839066
2 0 0 1.00781
3 0 0 0.984498

1
1 0 0 0.79065

3
1 2 2843 0.816958
2 0 0 0.826793
3 0 0 0.857292

3
1 2 5092 0.815303
2 0 0 0.887195
3 0 0 0.858673

3
1 1 4 0.83714
2 0 0 0.849746
3 0 0 0.917257

3
1 1 4 0.887614
2 0 0 0.857308
3 0 0 0.852822

5
1 0 9927 0.844527
2 0 0 0.73034
3 1 3 1.08085
6 0 0 1.12933
7 0 0 1.15136

5
1 0 2712 0.971278
2 0 2150 0.92252
4 0 0 1.00452
5 0 0 0.913186
3 0 0 1.10675

3
1 2 326 0.911235
2 0 0 0.88958
3 0 0 0.97427

1
1 0 0 0.848523

1
1 0 0 0.872044

5
1 2 2351 0.900072
2 1 3 0.950966
4 0 0 0.938199
5 0 0 0.956612
3 0 0 0.919554

3
1 0 3363 0.940615
2 0 0 0.839367
3 0 0 0.933569

3
1 1 2 0.888486
2 0 0 0.927795
3 0 0 0.873086

3
1 0 4455 0.912913
2 0 0 0.815533
3 0 0 0.977749

1
1 0 0 0.877321

7
1 0 834 0.814337
2 1 2 0.982402
4 0 0 1.05809
5 0 0 1.03816
3 1 1 0.823817
6 0 0 1.0075
7 0 0 0.818711

3
1 0 9933 0.846376
2 0 0 0.802303
3 0 0 0.93393

3
1 1 1 0.845338
2 0 0 1.03184
3 0 0 0.905417

1
1 0 0 0.767345

5
1 0 8550 0.901621
2 0 0 0.874789
3 2 404 1.02502
6 0 0 0.897736
7 0 0 0.948116

5
1 1 1 0.930748
2 2 1464 0.98071
4 0 0 0.864749
5 0 0 0.957437
3 0 0 0.847484

3
1 2 2456 0.864546
2 0 0 0.982766
3 0 0 0.942761

3
1 0 5761 0.919227
2 0 0 0.791027
3 0 0 1.07303

3
1 0 1195 0.879421
2 0 0 1.11978
3 0 0 0.883544

5
1 0 3425 0.953916
2 0 0 0.898577
3 1 1 1.01422
6 0 0 0.955823
7 0 0 1.0092

3
1 2 4504 0.947536
2 0 0 0.992149
3 0 0 0.926776

3
1 0 9749 0.88015
2 0 0 0.815499
3 0 0 1.03856

3
1 2 5114 0.849774
2 0 0 0.79997
3 0 0 0.892448

3
1 2 2609 0.939964
2 0 0 0.924707
3 0 0 0.895551

3
1 2 3138 0.88136
2 0 0 0.94193
3 0 0 1.00075

1
1 0 0 0.745572

3
1 0 1722 0.878545
2 0 0 0.984123
3 0 0 0.906562

3
1 2 312 0.803592
2 0 0 0.968653
3 0 0 0.7106

1
1 0 0 0.816945

7
1 2 2714 0.881244
2 0 2723 0.970595
4 0 0 0.935577
5 0 0 0.956567
3 0 598 0.948463
6 0 0 1.08531
7 0 0 0.896233

3
1 1 3 0.918357
2 0 0 0.937388
3 0 0 0.932255

3
1 0 8627 0.900428
2 0 0 0.923331
3 0 0 0.933635

3
1 0 9137 0.841652
2 0 0 0.865382
3 0 0 0.932211

3
1 1 1 0.869567
2 0 0 0.905356
3 0 0 0.821389

3
1 0 4030 0.862692
2 0 0 0.923861
3 0 0 1.0387

3
1 0 9656 0.875389
2 0 0 0.860589
3 0 0 1.05629

11
1 0 6113 0.803197
2 0 4795 0.82744
4 0 0 0.885053
5 0 0 0.980303
3 2 5116 0.931997
6 1 2 0.912622
12 0 0 0.934246
13 0 0 0.929607
7 0 8623 0.979479
14 0 0 1.05887
15 0 0 1.05032

7
1 0 9222 0.839295
2 0 0 0.722968
3 2 523 0.945971
6 0 0 0.984182
7 2 3617 0.945909
14 0 0 0.989566
15 0 0 0.971198

3
1 1 3 1.01683
2 0 0 0.930466
3 0 0 0.954664

3
1 2 4739 0.883104
2 0 0 0.861746
3 0 0 0.971402

3
1 0 1197 0.887356
2 0 0 1.08606
3 0 0 0.831174

3
1 0 7432 0.93057
2 0 0 0.952963
3 0 0 0.940953

3
1 0 2450 0.917685
2 0 0 0.856897
3 0 0 0.933849

7
1 1 3 0.853352
2 0 0 0.898108
3 2 2403 0.943134
6 0 0 0.909981
7 2 4245 1.02555
14 0 0 0.987631
15 0 0 1.03668

3
1 0 3433 0.813472
2 0 0 0.796654
3 0 0 1.1

3
1 1 1 0.880362
2 0 0 0.973192
3 0 0 0.860879

1
1 0 0 0.797742

3
1 1 3 0.858294
2 0 0 0.911707
3 0 0 0.841275

5
1 2 318 0.809826
2 2 42 1.0421
4 0 0 1.05724
5 0 0 1.12163
3 0 0 0.781834

7
1 2 516 0.926418
2 1 3 0.937064
4 0 0 0.942184
5 0 0 1.02018
3 2 2549 0.890939
6 0 0 0.95012
7 0 0 0.906563

5
1 0 3703 0.912194
2 0 832 0.936324
4 0 0 0.991705
5 0 0 0.825917
3 0 0 0.98677

1
1 0 0 0.858287

3
1 0 2062 0.885623
2 0 0 0.878262
3 0 0 0.736873

1
1 0 0 0.780819

3
1 0 5020 0.987117
2 0 0 0.938562
3 0 0 0.958922

3
1 0 6693 0.831271
2 0 0 1.05105
3 0 0 0.916312

5
1 0 6617 0.914784
2 2 5031 0.82636
4 0 0 0.871063
5 0 0 0.959982
3 0 0 0.951191

5
1 1 1 0.903711
2 2 3551 0.928963
4 0 0 0.906109
5 0 0 0.905175
3 0 0 0.932491

3
1 1 1 0.902324
2 0 0 0.926491
3 0 0 0.932664

3
1 0 92 0.769003
2 0 0 0.92302
3 0 0 0.75615

3
1 1 1 0.917011
2 0 0 0.944741
3 0 0 0.971323

1
1 0 0 0.824

3
1 0 279 0.812416
2 0 0 1.0312
3 0 0 0.791394

5
1 1 1 0.872255
2 0 0 0.912128
3 2 125 0.945159
6 0 0 0.944286
7 0 0 0.954732

1
1 0 0 0.774821

5
1 0 3441 0.968179
2 0 3359 0.877604
4 0 0 0.862479
5 0 0 0.977714
3 0 0 0.891857

3
1 2 2891 0.942498
2 0 0 0.989332
3 0 0 0.962328

3
1 0 9657 0.900392
2 0 0 0.751853
3 0 0 1.01189

3
1 2 4491 0.858438
2 0 0 0.914659
3 0 0 0.822491

3
1 0 9251 0.82058
2 0 0 0.830973
3 0 0 0.980682

3
1 0 7790 0.854303
2 0 0 0.769489
3 0 0 1.00881

5
1 2 2089 0.97424
2 0 0 0.977888
3 1 4 0.966786
6 0 0 0.958154
7 0 0 1.0042

9
1 0 8842 0.816005
2 0 0 0.774632
3 1 3 1.03442
6 0 9602 0.930125
12 0 0 1.02118
13 2 2377 1.01012
26 0 0 1.00248
27 0 0 0.939283
7 0 0 1.03201

9
1 0 394 0.886838
2 2 1319 1.06367
4 0 0 0.890291
5 0 0 1.0678
3 0 2498 0.918949
6 0 0 0.923987
7 2 1039 0.993331
14 0 0 1.01831
15 0 0 0.976142

3
1 0 965 0.881232
2 0 0 0.88851
3 0 0 0.754745

5
1 1 4 0.902508
2 0 9625 0.877608
4 0 0 0.904471
5 0 0 1.2259
3 0 0 1.07022

3
1 0 5671 1.00819
2 0 0 0.751314
3 0 0 0.954174

3
1 0 8556 0.828155
2 0 0 1.01526
3 0 0 0.911905

5
1 0 8050 0.848584
2 2 2237 0.894234
4 0 0 0.881561
5 0 0 0.937627
3 0 0 0.983812

5
1 2 4934 0.859914
2 0 0 0.855119
3 0 2737 0.874817
6 0 0 1.01254
7 0 0 1.03039

3
1 2 472 0.935604
2 0 0 0.91969
3 0 0 0.871386

1
1 0 0 0.749908

5
1 0 107 0.979205
2 2 4297 0.986799
4 0 0 1.01483
5 0 0 1.06202
3 0 0 1.08573

7
1 1 3 0.900535
2 0 0 0.848036
3 1 4 0.923227
6 2 4128 0.87387
12 0 0 1.19316
13 0 0 0.94676
7 0 0 1.00173

1
1 0 0 0.926854

7
1 1 4 0.832338
2 0 0 0.808197
3 0 6194 0.970004
6 0 3925 1.09099
12 0 0 0.984533
13 0 0 0.943718
7 0 0 1.08792

3
1 0 887 0.94595
2 0 0 1.05154
3 0 0 0.954006

3
1 1 2 0.818923
2 0 0 0.782111
3 0 0 0.810723

1
1 0 0 0.833801

5
1 1 2 0.918419
2 0 8326 0.890284
4 0 0 0.919324
5 0 0 1.04665
3 0 0 0.899966

7
1 0 6420 0.817576
2 0 0 0.735631
3 1 1 0.985932
6 0 0 0.96036
7 1 2 1.00216
14 0 0 1.00854
15 0 0 1.14256

1
1 0 0 0.785308

3
1 0 1493 0.853909
2 0 0 1.01862
3 0 0 0.907499

1
1 0 0 0.879321

1
1 0 0 0.847464

1
1 0 0 0.883902

3
1 1 3 0.881722
2 0 0 0.937493
3 0 0 0.822905

3
1 2 31 0.793098
2 0 0 0.929536
3 0 0 0.803241

3
1 2 4056 0.887441
2 0 0 0.979276
3 0 0 0.971984

3
1 0 8975 0.794265
2 0 0 0.824507
3 0 0 0.832347

3
1 2 1769 0.836178
2 0 0 0.990692
3 0 0 0.863877

5
1 0 8941 0.776109
2 0 0 0.768247
3 0 9113 0.947105
6 0 0 0.952561
7 0 0 0.954955

5
1 2 133 0.819626
2 0 1483 0.967505
4 0 0 0.998588
5 0 0 0.91279
3 0 0 0.84512

3
1 0 513 0.794474
2 0 0 1.10812
3 0 0 0.818898

5
1 0 393 0.927002
2 1 2 1.07669
4 0 0 1.03009
5 0 0 1.00286
3 0 0 0.694153

3
1 0 2244 0.770482
2 0 0 0.845337
3 0 0 0.758195

5
1 2 4656 0.969269
2 0 0 0.906068
3 1 4 1.06046
6 0 0 0.895811
7 0 0 0.952765

3
1 2 4251 0.952807
2 0 0 0.959819
3 0 0 0.988572

1
1 0 0 0.915961

3
1 1 3 0.989654
2 0 0 0.930842
3 0 0 1.01024

3
1 0 1674 0.902957
2 0 0 1.02883
3 0 0 0.925441

5
1 0 441 0.95291
2 0 156 1.01195
4 0 0 1.07458
5 0 0 1.01568
3 0 0 0.880223

3
1 1 3 0.853144
2 0 0 0.942016
3 0 0 0.931349

3
1 0 9564 0.874997
2 0 0 0.823113
3 0 0 1.05702

3
1 1 4 0.940262
2 0 0 0.910736
3 0 0 0.949323

3
1 0 697 0.791333
2 0 0 0.999183
3 0 0 0.823939

7
1 0 8683 0.876418
2 0 0 0.830562
3 2 1590 0.976088
6 1 2 0.923979
12 0 0 0.965872
13 0 0 1.0979
7 0 0 0.914028

7
1 1 2 0.952274
2 0 0 0.935818
3 0 7890 0.992456
6 2 1705 0.99075
12 0 0 0.960197
13 0 0 0.963702
7 0 0 0.969251

3
1 2 2185 0.931545
2 0 0 1.06415
3 0 0 0.973218

1
1 0 0 0.897817

7
1 1 1 0.956868
2 2 699 0.869385
4 0 6228 0.927573
8 0 0 0.971685
9 0 0 0.970646
5 0 0 0.915325
3 0 0 0.901164

1
1 0 0 0.739796

3
1 2 578 0.875159
2 0 0 0.985716
3 0 0 0.867196

3
1 0 8466 0.981994
2 0 0 0.993277
3 0 0 0.9985

3
1 1 2 0.919497
2 0 0 0.941549
3 0 0 0.941816

3
1 0 9680 0.887007
2 0 0 0.857298
3 0 0 0.897246

3
1 0 7331 0.834678
2 0 0 0.885455
3 0 0 0.961721

1
1 0 0 0.808099

7
1 0 7670 1.01128
2 0 6341 0.934679
4 0 0 0.833125
5 0 0 0.918031
3 0 9067 1.03505
6 0 0 1.01435
7 0 0 1.0205

1
1 0 0 0.946194

5
1 0 358 0.882819
2 0 199 1.03198
4 0 0 1.0972
5 0 0 0.821308
3 0 0 0.81508

5
1 0 6683 0.880011
2 0 0 0.920857
3 1 4 0.929967
6 0 0 0.939132
7 0 0 1.05861

3
1 2 5236 0.804528
2 0 0 0.770722
3 0 0 0.938518

1
1 0 0 0.879513

3
1 1 1 0.922161
2 0 0 0.884799
3 0 0 0.960849

3
1 1 1 0.874762
2 0 0 0.924292
3 0 0 0.877788

5
1 2 945 0.876464
2 1 1 1.00509
4 0 0 1.01835
5 0 0 0.917761
3 0 0 0.852437

1
1 0 0 0.818331

7
1 0 1948 0.872771
2 2 4185 1.11062
4 0 0 1.01345
5 1 1 0.955125
10 0 0 1.02983
11 0 0 1.10409
3 0 0 1.027

3
1 0 1466 0.783431
2 0 0 1.02753
3 0 0 0.849162

3
1 1 4 0.92431
2 0 0 0.886867
3 0 0 0.915806

3
1 2 21 0.897146
2 0 0 1.04634
3 0 0 0.825534

3
1 0 2035 0.796827
2 0 0 0.974482
3 0 0 0.811167

5
1 0 1384 0.818662
2 0 21 0.965104
4 0 0 0.874263
5 0 0 1.01799
3 0 0 0.848428

5
1 0 2868 0.920347
2 0 2498 0.860041
4 0 0 0.841606
5 0 0 0.969202
3 0 0 1.02376

3
1 0 9472 0.837454
2 0 0 0.845076
3 0 0 1.03807

3
1 0 4438 0.888379
2 0 0 0.880507
3 0 0 1.05967

3
1 0 5321 0.904087
2 0 0 0.83131
3 0 0 0.913323

3
1 0 1111 0.78121
2 0 0 0.927808
3 0 0 0.908335

3
1 0 3379 0.922295
2 0 0 0.929947
3 0 0 0.958229

5
1 2 632 0.915539
2 2 624 0.928731
4 0 0 0.976958
5 0 0 1.09895
3 0 0 0.887427

3
1 1 1 0.850518
2 0 0 0.961365
3 0 0 0.943626

1
1 0 0 0.848862

1
1 0 0 0.75274

5
1 0 4691 0.907364
2 2 671 0.787517
4 0 0 1.14177
5 0 0 0.816048
3 0 0 0.996989

3
1 0 981 0.871301
2 0 0 1.03668
3 0 0 0.825887

3
1 0 2529 0.843619
2 0 0 0.827011
3 0 0 0.932788

3
1 0 9804 0.816465
2 0 0 0.774793
3 0 0 1.03354

3
1 1 2 0.872614
2 0 0 0.903582
3 0 0 0.86519

1
1 0 0 0.842772

3
1 0 5013 0.843557
2 0 0 0.868918
3 0 0 0.979656

3
1 0 9446 0.837428
2 0 0 0.841234
3 0 0 0.919206

1
1 0 0 0.800391

3
1 2 2838 0.967941
2 0 0 0.936735
3 0 0 0.85812

3
1 1 2 0.924647
2 0 0 0.934717
3 0 0 0.893352

3
1 2 3734 0.911076
2 0 0 0.932412
3 0 0 1.01886

1
1 0 0 0.776154

5
1 1 1 0.845484
2 2 555 0.952833
4 0 0 1.15056
5 0 0 0.964787
3 0 0 0.86114

3
1 1 4 0.846728
2 0 0 0.870058
3 0 0 0.927597

3
1 0 5037 0.901047
2 0 0 0.920888
3 0 0 0.878392

3
1 0 1643 0.888317
2 0 0 0.929768
3 0 0 0.897143

3
1 2 160 0.872929
2 0 0 0.934943
3 0 0 0.884788

3
1 0 650 0.835356
2 0 0 0.993957
3 0 0 0.827194

1
1 0 0 0.886503

3
1 1 4 0.813423
2 0 0 0.764085
3 0 0 0.87724

3
1 2 4832 0.867538
2 0 0 0.866017
3 0 0 1.11176

3
1 2 3516 0.871553
2 0 0 0.877988
3 0 0 0.866627

5
1 1 3 0.90118
2 0 0 0.911457
3 2 2233 0.911933
6 0 0 0.994124
7 0 0 0.916881

3
1 1 4 0.878493
2 0 0 0.88663
3 0 0 0.910168

1
1 0 0 0.798938

1
1 0 0 0.875174

3
1 0 8716 0.917321
2 0 0 0.865119
3 0 0 0.946782

3
1 0 8534 0.930246
2 0 0 0.944939
3 0 0 0.958106

3
1 0 4898 0.879409
2 0 0 0.856879
3 0 0 0.991089

5
1 2 141 0.904175
2 1 3 0.970024
4 0 0 1.01999
5 0 0 1.04712
3 0 0 0.860618

7
1 0 93 0.783869
2 1 4 1.15807
4 0 0 0.961991
5 0 23 1.05166
10 0 0 0.920005
11 0 0 1.00281
3 0 0 0.744683

7
1 0 9225 0.80764
2 0 0 0.843687
3 1 4 0.973976
6 0 9948 1.03017
12 0 0 1.04245
13 0 0 1.0871
7 0 0 0.939303

5
1 2 2921 0.901234
2 1 1 0.891941
4 0 0 0.893386
5 0 0 0.912955
3 0 0 0.918474

5
1 0 4868 0.937134
2 0 0 0.834043
3 2 4187 0.97833
6 0 0 1.12736
7 0 0 0.956497

1
1 0 0 0.875786

5
1 0 6420 0.817576
2 0 0 0.866699
3 1 1 0.974415
6 0 0 1.01513
7 0 0 0.980028

3
1 0 3959 0.898815
2 0 0 0.821404
3 0 0 0.949204

3
1 0 2795 0.97678
2 0 0 0.927269
3 0 0 0.929392

3
1 1 3 0.851418
2 0 0 0.849584
3 0 0 0.876547

3
1 2 382 0.812797
2 0 0 0.796675
3 0 0 0.852707

3
1 0 593 0.856142
2 0 0 0.96417
3 0 0 0.838018

3
1 0 4641 0.874212
2 0 0 0.788789
3 0 0 1.05378

5
1 0 8787 0.837188
2 0 4653 0.891033
4 0 0 0.907946
5 0 0 0.896731
3 0 0 0.877458

3
1 0 3095 0.892757
2 0 0 0.707155
3 0 0 1.03451

3
1 0 217 0.785063
2 0 0 0.909833
3 0 0 0.835232

3
1 0 3113 0.913903
2 0 0 0.87556
3 0 0 0.915953

1
1 0 0 0.779777

1
1 0 0 0.869841

5
1 0 6318 0.833781
2 1 4 0.887938
4 0 0 0.896145
5 0 0 0.949563
3 0 0 0.866365

3
1 0 6273 0.807158
2 0 0 0.797948
3 0 0 0.997081

1
1 0 0 0.861627

3
1 2 83 0.80585
2 0 0 0.929813
3 0 0 0.89067

5
1 1 3 0.887199
2 0 0 0.814414
3 2 2932 0.876833
6 0 0 0.997824
7 0 0 0.77309

5
1 2 111 0.821482
2 2 99 0.935583
4 0 0 0.967698
5 0 0 1.07381
3 0 0 0.765756

5
1 2 3556 0.870122
2 1 1 0.93484
4 0 0 1.06209
5 0 0 0.93795
3 0 0 0.871982

5
1 0 2729 0.894404
2 2 255 0.897895
4 0 0 0.995045
5 0 0 0.929015
3 0 0 0.830514

3
1 0 8960 0.772908
2 0 0 0.856069
3 0 0 1.10265

3
1 2 5362 0.84673
2 0 0 0.77792
3 0 0 0.93992

3
1 0 6596 0.913408
2 0 0 0.901643
3 0 0 1.06915

5
1 2 4384 0.856158
2 2 3485 0.881668
4 0 0 0.935642
5 0 0 1.03582
3 0 0 0.812674

1
1 0 0 0.816077

1
1 0 0 0.981273

5
1 2 2522 0.936518
2 2 2501 0.845631
4 0 0 0.887935
5 0 0 0.894976
3 0 0 0.926999

3
1 0 4618 0.853375
2 0 0 0.793866
3 0 0 1.02315

1
1 0 0 0.819001

3
1 0 1222 0.841816
2 0 0 0.978243
3 0 0 0.861063

1
1 0 0 0.818604

3
1 0 1444 0.838724
2 0 0 0.970672
3 0 0 0.830165

5
1 0 1494 0.854854
2 0 580 1.08304
4 0 0 1.00171
5 0 0 1.10759
3 0 0 0.863878

3
1 2 3138 0.913149
2 0 0 1.01074
3 0 0 0.943267

1
1 0 0 0.908267

3
1 0 3862 0.941736
2 0 0 0.798009
3 0 0 1.10022

7
1 2 5232 0.898929
2 0 5869 0.931995
4 0 0 0.880817
5 0 9122 0.983469
10 0 0 1.00081
11 0 0 0.912628
3 0 0 1.01375

3
1 0 1435 0.871299
2 0 0 1.00437
3 0 0 0.705267

3
1 2 1367 0.955913
2 0 0 0.925429
3 0 0 0.980396

5
1 1 2 0.923991
2 0 8211 0.966309
4 0 0 1.01096
5 0 0 0.995532
3 0 0 1.05989

3
1 0 7602 0.889989
2 0 0 0.875449
3 0 0 0.964076

3
1 0 9508 0.840777
2 0 0 0.825622
3 0 0 0.862925

3
1 2 773 0.891231
2 0 0 0.952207
3 0 0 0.872723

1
1 0 0 0.882828

5
1 0 252 0.795889
2 1 3 1.011
4 0 0 0.969883
5 0 0 1.08083
3 0 0 0.867283

1
1 0 0 0.861372

3
1 0 9624 0.874256
2 0 0 0.815868
3 0 0 0.934319

3
1 0 8900 0.80957
2 0 0 0.848831
3 0 0 0.917077

3
1 0 5166 0.891561
2 0 0 0.962221
3 0 0 0.976234

3
1 0 9430 0.789635
2 0 0 0.946375
3 0 0 0.986627

3
1 1 4 0.851818
2 0 0 0.79354
3 0 0 1.03832

3
1 2 187 0.874901
2 0 0 1.24776
3 0 0 0.858846

3
1 0 7763 0.87576
2 0 0 0.856112
3 0 0 1.01517

7
1 0 4364 0.881823
2 0 0 0.761437
3 0 5082 0.886043
6 1 3 1.07126
12 0 0 1.06959
13 0 0 0.987685
7 0 0 0.944802

3
1 2 416 0.877179
2 0 0 0.911837
3 0 0 0.848921

3
1 0 70 0.824808
2 0 0 0.90972
3 0 0 0.842017

3
1 0 361 0.91646
2 0 0 0.932647
3 0 0 0.743821

5
1 1 4 0.926317
2 0 0 0.938631
3 0 5438 0.916469
6 0 0 1.09279
7 0 0 1.02956

5
1 0 3286 0.962824
2 0 0 0.818567
3 2 1742 1.0063
6 0 0 0.96054
7 0 0 1.05848

3
1 2 2853 0.88406
2 0 0 0.949021
3 0 0 0.966351

3
1 1 2 0.869473
2 0 0 1.0053
3 0 0 0.845457

3
1 0 1024 0.924067
2 0 0 1.08083
3 0 0 0.880891

5
1 0 258 0.75274
2 0 0 0.952394
3 1 4 0.914703
6 0 0 0.907373
7 0 0 0.901713

3
1 0 3869 0.913553
2 0 0 0.88347
3 0 0 1.01676

3
1 0 8989 0.857272
2 0 0 0.847769
3 0 0 0.967897

3
1 0 528 0.787091
2 0 0 1.07431
3 0 0 0.867882

5
1 2 4813 0.91908
2 0 0 0.926513
3 2 5065 1.06403
6 0 0 0.976056
7 0 0 0.936476

3
1 2 4180 0.820204
2 0 0 0.816183
3 0 0 0.914768

3
1 2 179 0.867014
2 0 0 1.00321
3 0 0 0.857475

5
1 0 9188 0.840927
2 0 1406 0.847593
4 0 0 0.988202
5 0 0 0.826744
3 0 0 1.02035

3
1 0 8348 0.905374
2 0 0 0.980646
3 0 0 0.884053

3
1 2 90 0.846029
2 0 0 0.958477
3 0 0 0.844341

5
1 0 1123 0.853644
2 1 3 0.885644
4 0 0 0.995255
5 0 0 0.929951
3 0 0 0.795397

3
1 0 9944 0.785888
2 0 0 0.771097
3 0 0 0.915296

3
1 2 2258 0.865088
2 0 0 0.853619
3 0 0 0.909268

5
1 0 5952 0.875102
2 0 0 0.877394
3 0 9515 0.957775
6 0 0 0.881389
7 0 0 0.994447

1
1 0 0 0.945968

1
1 0 0 0.796595

3
1 2 2121 0.896481
2 0 0 0.78562
3 0 0 0.914958

3
1 1 2 1.01695
2 0 0 1.03436
3 0 0 1.03891

1
1 0 0 0.909863

1
1 0 0 0.750355

3
1 1 3 0.919487
2 0 0 0.782983
3 0 0 0.958687

3
1 0 465 0.868725
2 0 0 0.837795
3 0 0 0.874203

1
1 0 0 0.803954

3
1 0 7268 0.85617
2 0 0 0.849026
3 0 0 0.856769

5
1 2 661 0.881104
2 2 176 0.925147
4 0 0 1.09545
5 0 0 0.894006
3 0 0 0.905463

1
1 0 0 0.838895

3
1 2 4437 0.835387
2 0 0 0.991382
3 0 0 0.855221

5
1 0 5143 0.893554
2 0 4812 0.941192
4 0 0 0.95183
5 0 0 0.913019
3 0 0 0.973564

5
1 0 3704 0.896282
2 0 562 0.835792
4 0 0 1.08636
5 0 0 0.815297
3 0 0 0.911485

7
1 2 1098 0.887842
2 0 0 0.989915
3 0 6168 0.86323
6 0 0 0.753673
7 0 8068 0.869838
14 0 0 0.902672
15 0 0 0.968384

3
1 0 9132 0.852323
2 0 0 0.868909
3 0 0 0.956006

1
1 0 0 0.735436

9
1 1 4 0.811515
2 2 1180 0.920829
4 0 0 0.900785
5 1 1 0.891967
10 0 0 0.920648
11 0 0 1.06064
3 2 490 0.835864
6 0 0 1.04527
7 0 0 0.788899

1
1 0 0 0.825264

3
1 2 1472 0.853998
2 0 0 0.887064
3 0 0 0.701211

3
1 0 1482 0.841238
2 0 0 0.831648
3 0 0 0.861526

3
1 1 4 0.851069
2 0 0 0.853096
3 0 0 0.872203

3
1 2 2881 0.901349
2 0 0 1.00587
3 0 0 0.899874

3
1 0 3959 0.898815
2 0 0 0.876425
3 0 0 1.03714

3
1 0 7443 0.866321
2 0 0 0.786964
3 0 0 0.888699

5
1 0 5296 0.906107
2 2 1907 1.01104
4 0 0 0.905948
5 0 0 1.0325
3 0 0 0.970566

3
1 0 4079 0.854927
2 0 0 0.875457
3 0 0 1.00856

3
1 1 1 0.930767
2 0 0 0.900638
3 0 0 0.957753

3
1 2 492 0.833812
2 0 0 1.06643
3 0 0 0.746786

3
1 0 8787 0.837188
2 0 0 0.905082
3 0 0 0.929222

5
1 1 2 0.852294
2 0 0 0.901535
3 2 3785 0.925175
6 0 0 0.96267
7 0 0 0.971554

3
1 1 4 0.918304
2 0 0 0.881479
3 0 0 0.968713

3
1 0 7653 0.792732
2 0 0 0.757998
3 0 0 0.944806

3
1 0 6431 0.866043
2 0 0 0.910848
3 0 0 1.0126

3
1 0 6861 0.851912
2 0 0 0.816433
3 0 0 0.99917

1
1 0 0 0.747735

3
1 0 1908 0.859854
2 0 0 0.967164
3 0 0 0.768549

3
1 0 264 0.784387
2 0 0 1.0719
3 0 0 0.776525

3
1 2 2306 0.865673
2 0 0 0.907619
3 0 0 0.859552

3
1 1 1 0.885944
2 0 0 0.877566
3 0 0 0.804387

3
1 0 3623 0.932354
2 0 0 0.937993
3 0 0 1.04074

3
1 0 1255 0.903175
2 0 0 1.02545
3 0 0 0.926446

7
1 1 2 0.871001
2 2 588 1.0045
4 0 6009 0.997247
8 0 0 1.10612
9 0 0 0.982008
5 0 0 0.941165
3 0 0 0.949819

5
1 0 8960 0.772908
2 0 0 0.875967
3 0 9880 1.05231
6 0 0 1.02892
7 0 0 0.955414

1
1 0 0 0.802025

7
1 0 9717 0.896213
2 0 0 0.832889
3 2 2452 0.941793
6 0 0 0.99885
7 2 4543 0.970901
14 0 0 0.804342
15 0 0 1.1752

5
1 0 7023 0.908088
2 1 1 0.919563
4 0 0 1.01904
5 0 0 0.931961
3 0 0 0.906848

3
1 0 343 0.915968
2 0 0 1.04109
3 0 0 0.825012

7
1 0 3676 0.865827
2 0 3336 0.898199
4 0 0 0.896187
5 0 0 0.937133
3 0 7043 0.976199
6 0 0 1.0197
7 0 0 0.989939

5
1 0 4492 0.879375
2 0 0 0.891316
3 0 4827 1.00279
6 0 0 1.03668
7 0 0 1.00325

3
1 1 1 0.824484
2 0 0 0.930521
3 0 0 0.825748

5
1 0 1587 0.932573
2 0 0 1.03419
3 1 3 0.918956
6 0 0 1.02028
7 0 0 0.82443

3
1 2 3107 0.870407
2 0 0 0.992628
3 0 0 0.859388

3
1 0 9421 0.790541
2 0 0 0.753284
3 0 0 1.01282

3
1 1 3 0.952227
2 0 0 0.90684
3 0 0 1.0542

5
1 0 5759 0.803109
2 0 0 0.871648
3 2 4034 0.952907
6 0 0 1.00764
7 0 0 0.952185

3
1 0 9934 0.890392
2 0 0 0.858785
3 0 0 0.924264

3
1 0 9443 0.908235
2 0 0 0.858889
3 0 0 1.02685

1
1 0 0 0.822804

3
1 0 1331 0.897502
2 0 0 0.901471
3 0 0 0.76943

5
1 2 2614 0.956619
2 0 0 0.943939
3 0 1232 0.990792
6 0 0 1.00232
7 0 0 0.935376

3
1 2 4774 0.979246
2 0 0 0.97281
3 0 0 0.841944

5
1 2 4356 0.890373
2 0 0 0.886629
3 0 5308 0.925533
6 0 0 0.929261
7 0 0 0.968132

3
1 1 4 0.872542
2 0 0 0.854191
3 0 0 1.0447

3
1 0 8969 0.871356
2 0 0 0.820341
3 0 0 0.940291

3
1 0 6176 0.781474
2 0 0 0.768387
3 0 0 0.860342

3
1 2 2387 0.918158
2 0 0 0.913549
3 0 0 0.980109

1
1 0 0 0.775727

3
1 1 4 0.944209
2 0 0 0.944903
3 0 0 1.00063

5
1 2 2522 0.871814
2 1 4 0.933672
4 0 0 1.00394
5 0 0 0.905396
3 0 0 0.994354

5
1 2 2281 0.906833
2 0 353 0.871158
4 0 0 1.00762
5 0 0 0.834255
3 0 0 0.847623

5
1 1 3 0.927615
2 0 0 0.974084
3 0 9824 0.994681
6 0 0 1.09281
7 0 0 1.02578

1
1 0 0 0.838664

3
1 2 1706 0.928945
2 0 0 0.952754
3 0 0 0.829278

3
1 0 7752 0.901194
2 0 0 0.878768
3 0 0 0.909395

3
1 2 175 0.860816
2 0 0 1.01419
3 0 0 0.867998

3
1 0 4364 0.881823
2 0 0 0.844136
3 0 0 0.968778

3
1 0 9506 0.802978
2 0 0 0.823059
3 0 0 1.02611

3
1 0 5633 0.942843
2 0 0 0.938017
3 0 0 0.958153

3
1 1 2 0.905346
2 0 0 0.923747
3 0 0 0.899898

7
1 0 6290 0.979596
2 0 0 0.949371
3 1 2 0.991121
6 2 1720 0.976591
12 0 0 0.927105
13 0 0 0.982941
7 0 0 0.92035

5
1 0 1219 0.790127
2 0 0 1.01576
3 0 4201 0.860534
6 0 0 0.828038
7 0 0 0.943967

5
1 2 159 0.771959
2 1 4 0.979606
4 0 0 0.91387
5 0 0 0.93176
3 0 0 0.737099

1
1 0 0 0.774793

3
1 2 517 0.881365
2 0 0 0.905052
3 0 0 0.923125

3
1 2 4510 0.817831
2 0 0 0.817128
3 0 0 0.913464

3
1 1 3 0.96862
2 0 0 0.895229
3 0 0 0.942394

3
1 0 9124 0.874663
2 0 0 0.855407
3 0 0 0.912086

5
1 2 770 0.945607
2 0 0 1.06374
3 0 6533 0.893146
6 0 0 0.936969
7 0 0 0.876045

1
1 0 0 0.813133

3
1 1 1 0.954917
2 0 0 0.930198
3 0 0 0.907838

7
1 2 4979 0.887588
2 0 0 0.85861
3 0 6373 0.92258
6 2 5275 0.963139
12 0 0 1.08067
13 0 0 0.946079
7 0 0 1.02276

3
1 0 4981 0.903771
2 0 0 0.921863
3 0 0 0.906178

1
1 0 0 0.915621

5
1 1 2 0.966666
2 0 0 0.9685
3 1 3 0.965571
6 0 0 0.999458
7 0 0 0.987191

3
1 0 1123 0.853644
2 0 0 0.997557
3 0 0 0.768412

3
1 0 6651 0.841571
2 0 0 0.806634
3 0 0 0.931023

5
1 0 8441 0.873628
2 2 4397 0.886944
4 0 0 0.915946
5 0 0 0.940392
3 0 0 0.981813

3
1 0 9518 0.891002
2 0 0 0.805566
3 0 0 0.946417

3
1 2 5037 0.838019
2 0 0 0.846233
3 0 0 0.873193

3
1 1 1 0.85865
2 0 0 0.894789
3 0 0 1.02053

3
1 0 268 0.766709
2 0 0 1.02052
3 0 0 0.803535

3
1 1 2 0.857168
2 0 0 0.933848
3 0 0 0.996095

1
1 0 0 0.825033

1
1 0 0 0.777883

3
1 0 2542 0.863831
2 0 0 0.806017
3 0 0 1.06132

5
1 0 6884 0.856771
2 0 0 0.949097
3 0 8381 0.941005
6 0 0 1.01064
7 0 0 0.901596

1
1 0 0 0.807898

3
1 1 4 0.865423
2 0 0 0.864035
3 0 0 0.957332

1
1 0 0 0.838085

3
1 0 867 0.953857
2 0 0 0.912881
3 0 0 0.857262

1
1 0 0 0.857865

7
1 2 2963 0.910781
2 0 1416 0.902595
4 0 0 1.04961
5 0 6753 0.929441
10 0 0 0.862543
11 0 0 0.987895
3 0 0 0.971483

3
1 1 4 0.899508
2 0 0 0.913986
3 0 0 0.988462

3
1 2 2762 0.98223
2 0 0 1.05217
3 0 0 0.839054

1
1 0 0 0.769819

3
1 0 4724 0.866358
2 0 0 0.783968
3 0 0 0.981004

3
1 2 514 0.911421
2 0 0 0.99143
3 0 0 0.868333

3
1 0 9363 0.969607
2 0 0 0.943571
3 0 0 0.968127

3
1 0 9209 0.896623
2 0 0 0.88132
3 0 0 0.948623

3
1 0 323 0.732632
2 0 0 0.978891
3 0 0 0.802683

1
1 0 0 0.777565

5
1 0 6222 0.831447
2 0 0 0.912354
3 2 3248 1.03343
6 0 0 1.01711
7 0 0 0.891904

3
1 2 4911 0.890438
2 0 0 0.905612
3 0 0 0.937195

7
1 0 7443 0.866321
2 0 4030 0.920918
4 0 0 0.720981
5 1 2 0.933542
10 0 0 1.02361
11 0 0 0.951249
3 0 0 1.06302

3
1 0 774 0.88133
2 0 0 0.958756
3 0 0 0.880549

5
1 0 4079 0.854927
2 0 0 0.835217
3 1 1 1.00806
6 0 0 0.923842
7 0 0 1.04422

3
1 2 3696 0.873571
2 0 0 0.884396
3 0 0 1.05522

1
1 0 0 0.761387

3
1 0 8886 0.818157
2 0 0 0.77907
3 0 0 1.05246

3
1 2 989 0.806905
2 0 0 1.05694
3 0 0 0.895345

3
1 1 4 0.923833
2 0 0 0.919049
3 0 0 0.919438

3
1 0 6628 0.891812
2 0 0 0.894844
3 0 0 0.887608

3
1 0 4210 0.883462
2 0 0 0.821568
3 0 0 0.986255

3
1 0 6281 0.919451
2 0 0 0.982324
3 0 0 1.02577

3
1 0 569 0.891007
2 0 0 0.908822
3 0 0 0.822791

3
1 1 4 0.920545
2 0 0 0.964792
3 0 0 0.914638

3
1 1 4 0.796037
2 0 0 0.788983
3 0 0 0.925041

3
1 1 3 0.856279
2 0 0 0.831263
3 0 0 0.830783

5
1 0 1193 0.821654
2 2 2168 0.983734
4 0 0 1.03796
5 0 0 0.910051
3 0 0 0.918876

3
1 2 2338 0.94294
2 0 0 0.951112
3 0 0 0.930696

5
1 0 891 0.810528
2 2 2198 0.962837
4 0 0 0.935643
5 0 0 0.964224
3 0 0 0.765141

3
1 1 3 0.834028
2 0 0 0.77661
3 0 0 0.968821

1
1 0 0 0.725361

1
1 0 0 0.925481

1
1 0 0 0.853283

3
1 0 568 0.897707
2 0 0 0.893012
3 0 0 0.842215

3
1 0 6440 0.887416
2 0 0 0.879664
3 0 0 0.855453

5
1 0 2740 0.880418
2 0 0 1.06587
3 1 4 0.971335
6 0 0 0.961243
7 0 0 1.03227

3
1 2 985 0.910518
2 0 0 0.882378
3 0 0 0.909032

3
1 0 4563 0.925297
2 0 0 0.966506
3 0 0 0.951241

1
1 0 0 0.882249

5
1 0 9630 0.833339
2 0 0 0.844717
3 2 3874 1.1336
6 0 0 1.04427
7 0 0 0.994509

3
1 2 3048 0.874181
2 0 0 1.10635
3 0 0 0.90128

5
1 0 2711 0.91317
2 0 0 0.745549
3 2 3999 0.948243
6 0 0 0.939493
7 0 0 0.854937

3
1 2 1648 0.866926
2 0 0 0.962713
3 0 0 0.788817

3
1 0 1460 0.846513
2 0 0 0.960822
3 0 0 0.757391

3
1 0 8778 0.881396
2 0 0 0.874353
3 0 0 0.918961

9
1 0 581 0.869831
2 1 4 1.00199
4 0 0 1.03657
5 0 0 1.14817
3 0 3058 0.896685
6 0 0 0.831297
7 0 5898 0.943082
14 0 0 0.882095
15 0 0 0.88833

3
1 0 9202 0.790403
2 0 0 0.841518
3 0 0 1.01464

1
1 0 0 1.02037

1
1 0 0 0.865813

3
1 1 2 0.89901
2 0 0 0.878193
3 0 0 0.823156

3
1 0 1896 0.847516
2 0 0 0.995184
3 0 0 0.896062

3
1 1 4 0.905771
2 0 0 0.872186
3 0 0 0.982791

3
1 0 3639 0.840452
2 0 0 0.824348
3 0 0 0.96203

3
1 1 4 0.878414
2 0 0 0.828616
3 0 0 0.991128

5
1 2 4094 0.904666
2 1 4 1.03955
4 0 0 1.00564
5 0 0 0.941844
3 0 0 0.956491

3
1 1 2 0.810999
2 0 0 0.845926
3 0 0 0.946178

3
1 0 5951 0.874857
2 0 0 0.82716
3 0 0 0.90647

3
1 0 695 0.76371
2 0 0 0.944434
3 0 0 0.764755

1
1 0 0 0.798242

3
1 0 951 0.872847
2 0 0 0.974726
3 0 0 0.871245

5
1 0 9570 0.824612
2 0 0 0.818448
3 1 1 1.00085
6 0 0 1.01561
7 0 0 0.947077

7
1 2 5170 0.898335
2 0 7836 0.828493
4 0 0 0.807939
5 0 0 0.904145
3 1 2 0.948489
6 0 0 0.917841
7 0 0 1.05224

5
1 2 3737 0.961888
2 0 4979 0.963171
4 0 0 0.824203
5 0 0 0.929221
3 0 0 0.876746

3
1 1 2 0.950523
2 0 0 0.974005
3 0 0 0.898648

3
1 0 7987 0.858061
2 0 0 0.826168
3 0 0 1.01369

9
1 1 4 0.900037
2 0 990 0.870675
4 0 0 0.934011
5 0 0 0.889415
3 0 7428 0.97099
6 0 0 0.915929
7 0 8868 0.968941
14 0 0 1.03236
15 0 0 1.01389

3
1 0 2587 0.96155
2 0 0 0.81726
3 0 0 0.940297

9
1 0 6084 0.846817
2 0 0 0.857342
3 0 9372 1.03551
6 2 5214 1.04985
12 0 0 1.01688
13 1 3 1.07027
26 0 0 0.990457
27 0 0 0.980372
7 0 0 1.13887

5
1 0 8993 0.920247
2 0 0 0.876457
3 1 2 0.9938
6 0 0 1.07393
7 0 0 0.887921

1
1 0 0 0.898284

3
1 0 877 0.891536
2 0 0 0.869161
3 0 0 1.01715

1
1 0 0 0.858

3
1 0 4603 0.790396
2 0 0 0.817099
3 0 0 0.935134

5
1 1 2 0.934065
2 0 0 0.933529
3 1 4 1.03018
6 0 0 0.988145
7 0 0 0.933125

3
1 2 3382 0.836082
2 0 0 0.766594
3 0 0 0.93028

5
1 2 1270 0.880174
2 1 2 0.93992
4 0 0 1.02213
5 0 0 0.841059
3 0 0 0.879641

3
1 0 7721 0.897428
2 0 0 0.980944
3 0 0 1.00064

5
1 0 9470 0.764223
2 0 0 0.824124
3 0 9923 0.979752
6 0 0 0.976577
7 0 0 1.00789

3
1 2 4787 0.802833
2 0 0 0.825943
3 0 0 0.820629

5
1 0 9827 0.939226
2 2 3776 0.849669
4 0 0 0.873907
5 0 0 0.887218
3 0 0 0.974462

3
1 0 9320 0.880465
2 0 0 0.859688
3 0 0 0.9966

7
1 0 1901 0.823316
2 2 4334 0.975966
4 1 3 0.945885
8 0 0 1.02589
9 0 0 0.980274
5 0 0 0.991342
3 0 0 0.872274

5
1 1 4 0.886731
2 0 0 0.803258
3 0 2651 1.1282
6 0 0 0.989466
7 0 0 0.973989

3
1 1 1 0.817073
2 0 0 0.85057
3 0 0 0.71865

7
1 1 2 0.784092
2 1 1 0.941692
4 0 0 0.922545
5 2 398 0.914424
10 0 0 0.993415
11 0 0 0.920841
3 0 0 0.987536

5
1 2 1884 0.895678
2 0 0 0.841012
3 2 2702 1.06492
6 0 0 1.10456
7 0 0 0.966571

3
1 0 3365 0.859945
2 0 0 0.764544
3 0 0 1.02161

1
1 0 0 0.729852

3
1 0 6360 0.891966
2 0 0 0.763521
3 0 0 1.08541

5
1 1 2 0.922925
2 0 0 0.912459
3 0 4990 0.975669
6 0 0 0.903648
7 0 0 1.07243

7
1 1 2 0.957301
2 0 0 0.856354
3 1 3 0.897376
6 0 0 0.981286
7 1 4 0.96152
14 0 0 0.940462
15 0 0 0.908857

5
1 0 9550 0.871637
2 0 0 0.913356
3 0 9603 0.986004
6 0 0 0.928873
7 0 0 0.921912

3
1 0 1771 0.834158
2 0 0 1.04546
3 0 0 0.946187

7
1 1 1 0.923228
2 0 0 0.954585
3 2 860 0.989867
6 1 3 1.02643
12 0 0 0.846955
13 0 0 0.993691
7 0 0 0.949369

5
1 0 1800 0.865845
2 1 2 0.931416
4 0 0 0.946336
5 0 0 1.12051
3 0 0 0.7913

1
1 0 0 0.761056

3
1 0 9652 0.822716
2 0 0 0.857582
3 0 0 1.03026

3
1 1 3 0.882614
2 0 0 0.943173
3 0 0 0.827074

1
1 0 0 0.82297

3
1 1 1 0.867865
2 0 0 1.04853
3 0 0 0.920168

3
1 2 355 0.865283
2 0 0 0.977605
3 0 0 0.84321

5
1 2 884 0.868916
2 1 2 1.01053
4 0 0 0.871796
5 0 0 1.07898
3 0 0 0.847287

1
1 0 0 0.865732

5
1 2 4367 0.980314
2 0 1547 0.958815
4 0 0 0.970061
5 0 0 0.977093
3 0 0 0.992492

7
1 0 6843 0.846317
2 0 0 0.900371
3 1 2 0.913545
6 0 0 1.03975
7 2 5350 0.97538
14 0 0 0.909522
15 0 0 0.971882

3
1 2 1083 0.859513
2 0 0 0.856687
3 0 0 0.903282

1
1 0 0 0.804513

5
1 2 2420 0.926472
2 0 0 0.903068
3 2 2780 0.933433
6 0 0 1.03262
7 0 0 0.928274

5
1 2 4770 0.846836
2 0 0 0.892892
3 0 2237 1.06247
6 0 0 0.947779
7 0 0 0.987135

3
1 2 707 0.810006
2 0 0 1.00491
3 0 0 0.728266

3
1 0 9496 0.892083
2 0 0 0.861487
3 0 0 0.966824

3
1 1 1 0.768417
2 0 0 0.882833
3 0 0 0.942639

1
1 0 0 0.773779

7
1 2 2621 0.790196
2 0 0 0.957709
3 1 1 1.01954
6 2 5218 0.841389
12 0 0 0.923928
13 0 0 0.982603
7 0 0 0.970996

7
1 0 6673 0.898996
2 0 4578 0.894503
4 0 0 0.867868
5 1 3 1.02121
10 0 0 1.05156
11 0 0 1.02038
3 0 0 0.884807

3
1 1 1 0.822099
2 0 0 0.872748
3 0 0 0.723722

3
1 1 2 0.898121
2 0 0 1.03387
3 0 0 0.864224

3
1 0 7658 0.881559
2 0 0 0.7404
3 0 0 0.988211

3
1 1 2 0.872616
2 0 0 0.900358
3 0 0 0.857942

5
1 0 8155 0.847747
2 0 0 0.799422
3 2 1770 0.893374
6 0 0 0.951804
7 0 0 0.860518

1
1 0 0 0.809851

1
1 0 0 0.917947

3
1 0 7570 0.916544
2 0 0 0.890389
3 0 0 0.787133

5
1 2 3249 0.940025
2 2 2438 0.900195
4 0 0 0.853243
5 0 0 1.05047
3 0 0 0.815216

3
1 1 4 0.90268
2 0 0 0.955688
3 0 0 1.06245

3
1 0 6937 1.04493
2 0 0 0.851187
3 0 0 1.00001

3
1 2 4332 0.93801
2 0 0 1.00569
3 0 0 0.908954

3
1 2 495 0.905675
2 0 0 0.976943
3 0 0 0.887618

5
1 0 6624 0.846957
2 0 0 0.789247
3 1 2 1.03873
6 0 0 1.05372
7 0 0 0.972408

5
1 0 9855 0.775652
2 2 4690 0.808836
4 0 0 0.822385
5 0 0 0.852204
3 0 0 0.929363

3
1 0 6506 0.848303
2 0 0 0.848239
3 0 0 1.06373

5
1 0 4561 0.825199
2 0 0 0.852872
3 2 3724 1.06462
6 0 0 0.936648
7 0 0 0.899927

5
1 2 5376 0.839004
2 0 0 0.83523
3 1 2 1.01114
6 0 0 0.964133
7 0 0 1.11428

1
1 0 0 0.786381

5
1 2 4412 0.877808
2 0 0 0.887505
3 0 4615 0.951786
6 0 0 0.909673
7 0 0 1.00403

3
1 0 9473 0.871468
2 0 0 0.728256
3 0 0 1.05764

3
1 0 1594 0.893082
2 0 0 0.943448
3 0 0 0.816799

3
1 0 4563 0.925297
2 0 0 0.721489
3 0 0 0.964856

3
1 0 3787 0.876822
2 0 0 0.90231
3 0 0 0.956142

1
1 0 0 0.828482

3
1 2 2224 0.929951
2 0 0 0.956507
3 0 0 0.829236

5
1 2 4451 0.893328
2 0 0 0.958196
3 0 3510 0.843116
6 0 0 0.94145
7 0 0 0.960896

3
1 1 3 0.959504
2 0 0 0.912554
3 0 0 1.02186

3
1 0 5356 0.889068
2 0 0 0.81464
3 0 0 0.902882

3
1 0 9823 0.80778
2 0 0 0.797379
3 0 0 0.972185

3
1 1 4 0.972921
2 0 0 0.937126
3 0 0 1.06612

3
1 0 6129 0.900628
2 0 0 0.890671
3 0 0 0.931073

7
1 0 2471 0.919153
2 0 0 0.933588
3 1 3 0.933726
6 0 0 1.01392
7 1 4 0.960608
14 0 0 0.942288
15 0 0 1.07703

3
1 2 68 0.892222
2 0 0 1.01288
3 0 0 0.81358

7
1 0 324 0.868627
2 0 104 1.04254
4 0 0 0.981075
5 0 178 1.00421
10 0 0 0.985918
11 0 0 1.0303
3 0 0 0.845965

3
1 1 2 0.932122
2 0 0 0.921011
3 0 0 0.895825

7
1 2 3002 1.00073
2 1 4 0.908733
4 0 0 0.8691
5 0 1469 1.03886
10 0 0 1.09731
11 0 0 0.989515
3 0 0 0.964486

3
1 0 1922 0.85851
2 0 0 0.991247
3 0 0 0.849868

1
1 0 0 0.820125

3
1 0 7968 0.90962
2 0 0 0.887274
3 0 0 0.891418

3
1 0 5615 0.906326
2 0 0 0.883441
3 0 0 0.977742

3
1 1 2 0.918458
2 0 0 0.946725
3 0 0 0.937446

5
1 2 904 0.972088
2 1 4 0.875215
4 0 0 0.91842
5 0 0 0.987022
3 0 0 0.915976

1
1 0 0 0.979207

3
1 1 3 0.904504
2 0 0 0.841445
3 0 0 0.948647

5
1 0 2757 0.955148
2 0 0 0.875967
3 1 3 0.918585
6 0 0 1.08044
7 0 0 0.965034

1
1 0 0 0.844494

1
1 0 0 0.745934

7
1 0 370 0.852296
2 2 3848 1.02708
4 0 0 0.981733
5 1 3 1.01314
10 0 0 0.907014
11 0 0 1.05687
3 0 0 0.716444

3
1 0 1656 0.829222
2 0 0 0.941796
3 0 0 0.921639

1
1 0 0 0.776151

1
1 0 0 0.878132

3
1 0 3223 0.83219
2 0 0 0.936518
3 0 0 0.846532

5
1 0 9222 0.8592
2 0 0 0.894706
3 0 9546 0.977799
6 0 0 0.941248
7 0 0 1.03267

3
1 1 4 0.944414
2 0 0 0.939163
3 0 0 0.819897

3
1 0 1438 0.862297
2 0 0 1.02587
3 0 0 0.869431

3
1 0 2691 0.912013
2 0 0 0.842204
3 0 0 0.890143

3
1 1 3 0.979659
2 0 0 0.917131
3 0 0 0.984865

3
1 1 4 0.876937
2 0 0 0.812575
3 0 0 1.00634

1
1 0 0 0.937658

3
1 2 4175 0.919778
2 0 0 0.93692
3 0 0 0.881913

5
1 1 4 0.948837
2 0 2730 0.882398
4 0 0 0.790783
5 0 0 0.934794
3 0 0 0.863985

9
1 2 1957 0.90084
2 0 3743 1.06627
4 0 1802 1.03934
8 0 0 1.02874
9 0 0 0.799962
5 0 0 1.06977
3 0 4194 0.967185
6 0 0 0.990676
7 0 0 1.00066

3
1 0 1557 0.895766
2 0 0 1.03958
3 0 0 0.837077

1
1 0 0 0.822112

1
1 0 0 0.840972

3
1 0 8610 0.885994
2 0 0 0.850426
3 0 0 1.13288

3
1 2 3824 0.919458
2 0 0 0.904683
3 0 0 0.963883

7
1 0 610 0.837972
2 0 0 0.998948
3 0 4968 0.827999
6 0 0 0.80337
7 0 6769 0.896947
14 0 0 1.02856
15 0 0 0.881944

7
1 2 3666 0.911749
2 0 3871 0.976189
4 0 0 0.906445
5 0 0 0.979342
3 0 8806 1.02727
6 0 0 0.947259
7 0 0 1.02117

3
1 0 1014 0.836524
2 0 0 1.07826
3 0 0 0.788971

3
1 0 3365 0.859945
2 0 0 0.879804
3 0 0 0.936041

3
1 2 1103 0.836318
2 0 0 0.87843
3 0 0 0.745633

1
1 0 0 0.890686

3
1 2 2733 0.87573
2 0 0 0.954322
3 0 0 0.821249

3
1 0 3334 0.939451
2 0 0 0.914987
3 0 0 0.891628

3
1 0 716 0.858196
2 0 0 0.998907
3 0 0 0.867136

3
1 0 8194 0.935488
2 0 0 0.96939
3 0 0 0.948056

3
1 0 3441 0.940546
2 0 0 0.748911
3 0 0 1.01831

1
1 0 0 0.920756

5
1 0 7028 0.877957
2 0 0 0.780614
3 2 823 0.930281
6 0 0 0.935242
7 0 0 0.95039

3
1 1 1 0.844531
2 0 0 1.04671
3 0 0 0.859791

1
1 0 0 0.943635

3
1 0 6343 0.901116
2 0 0 0.92132
3 0 0 0.997757

3
1 1 2 0.79907
2 0 0 0.940575
3 0 0 0.837965

1
1 0 0 0.709965

3
1 2 929 0.811967
2 0 0 0.902826
3 0 0 0.805011

3
1 0 109 0.818552
2 0 0 0.959384
3 0 0 0.787234

5
1 0 4977 0.903701
2 0 3123 0.955413
4 0 0 0.957425
5 0 0 0.964793
3 0 0 1.11383

3
1 2 990 0.998838
2 0 0 1.04491
3 0 0 0.873923

3
1 1 1 0.87598
2 0 0 0.953248
3 0 0 0.864997

1
1 0 0 0.867287

5
1 1 4 0.95924
2 0 0 0.915588
3 2 318 1.03064
6 0 0 1.06265
7 0 0 1.01695

3
1 1 3 0.829948
2 0 0 0.895075
3 0 0 0.861281

3
1 2 23 0.903422
2 0 0 1.00742
3 0 0 0.911928

3
1 0 9391 0.932361
2 0 0 0.878497
3 0 0 1.03742

3
1 0 8873 0.827862
2 0 0 0.803592
3 0 0 1.04199

3
1 0 2633 0.950453
2 0 0 0.903446
3 0 0 0.953013

3
1 1 1 0.765101
2 0 0 0.949409
3 0 0 0.740981

5
1 2 4064 0.867634
2 0 0 0.937947
3 1 2 0.884559
6 0 0 0.904853
7 0 0 0.8913

3
1 0 9945 0.783355
2 0 0 0.835022
3 0 0 1.18814

3
1 0 9666 0.857692
2 0 0 0.768559
3 0 0 1.1353

5
1 0 4395 0.826934
2 0 0 0.862104
3 0 5519 0.839353
6 0 0 1.02053
7 0 0 0.943261

5
1 1 4 0.895738
2 0 0 0.891997
3 2 1593 0.970331
6 0 0 0.952577
7 0 0 1.03952

5
1 1 2 0.899961
2 2 3984 1.00751
4 0 0 1.02085
5 0 0 1.08132
3 0 0 0.919294

1
1 0 0 0.766413

5
1 1 4 0.851199
2 0 0 0.753902
3 2 3889 1.03544
6 0 0 1.05845
7 0 0 0.945086

3
1 0 3086 0.859006
2 0 0 0.805036
3 0 0 1.00771

3
1 0 7222 0.893292
2 0 0 0.931026
3 0 0 0.998542

5
1 0 3712 0.898373
2 0 0 0.837171
3 0 6693 1.00732
6 0 0 1.02937
7 0 0 0.942498

1
1 0 0 0.846412

1
1 0 0 0.758566

3
1 2 2397 0.810991
2 0 0 1.02946
3 0 0 1.0036

1
1 0 0 0.700497

3
1 2 2538 0.950022
2 0 0 0.942951
3 0 0 0.849822

3
1 0 3077 0.975121
2 0 0 0.932072
3 0 0 0.935416

1
1 0 0 0.894557

3
1 2 5004 0.923234
2 0 0 0.881879
3 0 0 1.06486

3
1 1 2 0.884835
2 0 0 0.918342
3 0 0 0.911429

3
1 2 2305 0.937255
2 0 0 0.92017
3 0 0 0.988172

5
1 0 6212 0.852137
2 0 0 0.816915
3 2 4070 0.957347
6 0 0 0.895273
7 0 0 0.802351

5
1 2 5019 0.856616
2 0 0 0.96278
3 2 5238 1.00349
6 0 0 0.91278
7 0 0 0.901737

5
1 0 4563 0.925297
2 0 0 0.803526
3 1 2 0.959702
6 0 0 1.02679
7 0 0 0.934571

1
1 0 0 0.695272

3
1 0 2270 0.971969
2 0 0 0.916299
3 0 0 0.960351

3
1 1 4 0.844361
2 0 0 0.825997
3 0 0 0.948952

3
1 0 1298 0.800685
2 0 0 1.01459
3 0 0 0.860018

3
1 2 515 0.862075
2 0 0 0.926978
3 0 0 0.80627

5
1 0 5356 0.889068
2 0 0 0.85076
3 0 6428 0.983947
6 0 0 1.09443
7 0 0 1.0222

5
1 2 4281 0.855877
2 1 3 0.882197
4 0 0 0.900722
5 0 0 0.968753
3 0 0 0.876

1
1 0 0 0.813662

1
1 0 0 0.693881

7
1 0 7390 0.96416
2 0 2427 0.950064
4 0 0 0.889193
5 2 4379 1.05298
10 0 0 0.856937
11 0 0 1.01303
3 0 0 1.02412

3
1 0 166 0.819811
2 0 0 1.0461
3 0 0 0.883293

3
1 0 8792 0.894316
2 0 0 0.876666
3 0 0 0.876876

5
1 0 3102 0.853952
2 0 0 0.834338
3 0 7964 0.988569
6 0 0 0.933945
7 0 0 1.04519

5
1 0 5975 0.843636
2 0 5819 0.816733
4 0 0 0.815148
5 0 0 1.06916
3 0 0 0.841495

1
1 0 0 0.884066

3
1 0 3241 0.93534
2 0 0 0.881787
3 0 0 0.992407

3
1 0 1189 0.901518
2 0 0 0.955869
3 0 0 0.834879

7
1 0 3753 0.868865
2 0 0 0.861532
3 0 4614 0.875822
6 0 0 0.949208
7 2 3001 0.90324
14 0 0 0.888112
15 0 0 0.838386

3
1 2 1118 0.860651
2 0 0 0.953909
3 0 0 1.02152

9
1 1 2 0.832447
2 0 0 0.928094
3 1 4 0.934766
6 0 0 0.994899
7 2 2841 0.936644
14 2 742 1.04242
28 0 0 0.975716
29 0 0 1.00374
15 0 0 1.04554

1
1 0 0 0.833996

3
1 2 196 0.811142
2 0 0 1.00838
3 0 0 0.830312

5
1 2 801 0.899877
2 0 0 0.821068
3 0 9192 0.845326
6 0 0 0.831311
7 0 0 0.962208

3
1 0 1638 0.881302
2 0 0 0.97625
3 0 0 0.929389

3
1 2 978 0.904393
2 0 0 0.933187
3 0 0 0.801821

3
1 0 1203 0.881993
2 0 0 1.00628
3 0 0 0.85608

5
1 0 4543 0.925839
2 0 0 0.900993
3 2 5188 1.0166
6 0 0 1.0114
7 0 0 1.05006

5
1 2 5123 0.883361
2 0 0 0.884179
3 1 4 0.977931
6 0 0 1.01196
7 0 0 0.958851

5
1 2 4423 0.957953
2 0 8678 0.95774
4 0 0 0.877851
5 0 0 1.11182
3 0 0 0.942975

3
1 0 7727 0.801921
2 0 0 0.911431
3 0 0 0.962938

1
1 0 0 0.790281

3
1 0 3962 0.847464
2 0 0 0.785289
3 0 0 0.970105

3
1 0 9555 0.911372
2 0 0 0.868767
3 0 0 0.930638

1
1 0 0 0.857201

1
1 0 0 0.758348

5
1 0 5438 0.880165
2 0 0 0.8069
3 2 4458 0.910982
6 0 0 0.880411
7 0 0 0.879999

3
1 0 5255 0.912274
2 0 0 0.88192
3 0 0 0.910878

7
1 0 3325 0.884313
2 2 2276 0.971651
4 0 0 0.87602
5 0 0 0.99632
3 2 3923 0.901041
6 0 0 0.932991
7 0 0 0.892046

5
1 0 396 0.92339
2 0 231 1.04183
4 0 0 0.989538
5 0 0 1.15299
3 0 0 0.794469

3
1 2 1957 0.90084
2 0 0 0.942734
3 0 0 1.07875

3
1 0 1140 0.829756
2 0 0 0.978939
3 0 0 0.913464

3
1 2 1459 0.933229
2 0 0 1.00951
3 0 0 0.885179

3
1 1 2 0.904056
2 0 0 0.928315
3 0 0 0.880718

3
1 0 258 0.881108
2 0 0 0.964363
3 0 0 0.746505

3
1 1 1 0.882906
2 0 0 0.975688
3 0 0 0.878323

3
1 1 2 0.939312
2 0 0 0.928229
3 0 0 1.0098

3
1 0 9959 0.945551
2 0 0 0.920707
3 0 0 1.02391

5
1 0 3108 0.867382
2 1 2 0.881221
4 0 0 0.891768
5 0 0 0.975315
3 0 0 0.956854

3
1 0 1136 0.855058
2 0 0 1.01222
3 0 0 0.876096

3
1 0 9135 0.919196
2 0 0 0.769961
3 0 0 0.973942

3
1 2 825 0.846245
2 0 0 0.958045
3 0 0 0.79969

3
1 1 3 0.904551
2 0 0 0.955391
3 0 0 0.869702

1
1 0 0 0.867324

3
1 0 9727 0.88985
2 0 0 0.898629
3 0 0 0.957148

3
1 1 4 0.889399
2 0 0 0.978131
3 0 0 1.05526

5
1 0 7159 1.01135
2 0 0 0.822793
3 0 7948 1.05936
6 0 0 0.905735
7 0 0 0.954412

7
1 1 3 0.945835
2 0 0 0.939681
3 2 1702 0.95385
6 1 4 0.845212
12 0 0 1.06113
13 0 0 1.03684
7 0 0 0.971114

3
1 2 64 0.944688
2 0 0 1.13468
3 0 0 0.81093

5
1 2 2615 0.914483
2 0 0 1.0141
3 2 3136 0.930064
6 0 0 1.07458
7 0 0 0.938836

3
1 0 1594 0.905536
2 0 0 0.973324
3 0 0 0.835513

5
1 0 3756 0.884513
2 0 0 0.869518
3 2 4385 1.06338
6 0 0 1.04993
7 0 0 0.990918

3
1 0 4166 0.912583
2 0 0 0.8703
3 0 0 0.935387

5
1 2 79 0.872739
2 2 68 0.963351
4 0 0 0.901838
5 0 0 0.983271
3 0 0 0.794036

5
1 0 7245 0.908441
2 0 0 0.819143
3 1 1 0.997983
6 0 0 0.958885
7 0 0 0.991092

3
1 0 9064 0.815629
2 0 0 0.793469
3 0 0 0.941902

3
1 2 87 0.836786
2 0 0 0.965819
3 0 0 0.839226

5
1 1 1 0.705228
2 0 0 0.955451
3 2 2713 0.900495
6 0 0 0.908044
7 0 0 0.977435

5
1 1 4 0.923182
2 2 1640 0.914568
4 0 0 0.884233
5 0 0 0.925841
3 0 0 0.933257

3
1 2 611 0.908734
2 0 0 1.02294
3 0 0 0.891198

1
1 0 0 0.772225

3
1 1 1 0.82673
2 0 0 1.10515
3 0 0 0.804476

3
1 2 4450 0.8727
2 0 0 0.85185
3 0 0 0.897967

3
1 0 1702 0.893513
2 0 0 1.01003
3 0 0 0.861819

3
1 0 1203 0.92569
2 0 0 0.977717
3 0 0 0.943596

1
1 0 0 0.809999

3
1 1 1 0.930812
2 0 0 1.07507
3 0 0 0.941798

1
1 0 0 0.811187

3
1 0 8907 0.911924
2 0 0 0.761916
3 0 0 0.98263

3
1 2 2695 0.921291
2 0 0 0.978705
3 0 0 0.86991

3
1 0 4893 0.849618
2 0 0 0.903705
3 0 0 1.00082

3
1 0 7000 0.972376
2 0 0 0.93446
3 0 0 1.01912

7
1 0 1529 0.785675
2 0 423 1.0179
4 0 0 1.0669
5 0 1171 1.00689
10 0 0 1.05461
11 0 0 1.03835
3 0 0 0.819104

3
1 2 4042 0.889997
2 0 0 0.822092
3 0 0 0.948346

1
1 0 0 0.842837

3
1 0 8011 0.922016
2 0 0 0.963521
3 0 0 0.882039

7
1 0 4443 0.833184
2 0 0 0.778897
3 0 9405 0.994536
6 0 0 1.05275
7 2 3043 0.971553
14 0 0 1.09141
15 0 0 1.08521

7
1 1 4 0.80902
2 0 313 0.800817
4 0 0 0.88826
5 0 0 0.818136
3 2 999 1.00542
6 0 0 0.936743
7 0 0 0.944621

3
1 2 148 0.866821
2 0 0 0.917796
3 0 0 0.838296

7
1 0 9719 1.00285
2 0 0 0.915972
3 2 3040 1.05984
6 2 436 0.925216
12 0 0 0.969542
13 0 0 1.01987
7 0 0 1.04279

3
1 2 613 0.962284
2 0 0 0.911866
3 0 0 0.946503

1
1 0 0 0.840463

3
1 0 4392 0.861769
2 0 0 0.911129
3 0 0 0.943342

5
1 0 434 0.817163
2 0 0 0.996098
3 2 5384 0.744621
6 0 0 0.739839
7 0 0 1.00749

3
1 0 4775 0.91905
2 0 0 0.78782
3 0 0 1.0054

5
1 2 2933 0.874485
2 0 0 0.949058
3 0 7472 0.863847
6 0 0 0.877936
7 0 0 0.850512

1
1 0 0 0.855203

3
1 2 724 0.86827
2 0 0 1.0206
3 0 0 0.777801

1
1 0 0 0.8973

3
1 0 3688 0.907169
2 0 0 0.896688
3 0 0 1.04028

3
1 1 2 0.920018
2 0 0 0.894883
3 0 0 0.871511

3
1 0 523 0.84853
2 0 0 0.987095
3 0 0 0.852609

3
1 0 215 0.927808
2 0 0 0.978407
3 0 0 0.899594

3
1 0 9656 0.773711
2 0 0 0.829277
3 0 0 0.952963

1
1 0 0 0.80992

3
1 0 491 0.921695
2 0 0 0.993201
3 0 0 0.761209

3
1 2 1842 0.911809
2 0 0 0.861727
3 0 0 0.931155

7
1 2 2159 0.879743
2 0 6568 0.882246
4 1 2 0.839782
8 0 0 1.00159
9 0 0 0.795359
5 0 0 0.939816
3 0 0 0.955679

1
1 0 0 0.849643

3
1 0 5546 0.909407
2 0 0 0.888674
3 0 0 0.885945

3
1 1 3 0.918929
2 0 0 0.981301
3 0 0 0.967827

3
1 2 543 0.889999
2 0 0 1.04649
3 0 0 0.934331

3
1 2 74 0.782217
2 0 0 0.978624
3 0 0 0.862817

3
1 2 2753 0.810365
2 0 0 0.864366
3 0 0 0.796916

5
1 0 9954 0.833842
2 0 447 0.860557
4 0 0 1.0326
5 0 0 0.785787
3 0 0 0.88673

5
1 0 2500 0.897434
2 2 279 0.855196
4 0 0 0.991834
5 0 0 0.800352
3 0 0 0.92356

9
1 2 2692 0.891649
2 0 1171 0.865963
4 0 0 1.04542
5 0 0 0.833066
3 0 9641 0.894777
6 1 2 1.01469
12 0 0 0.913891
13 0 0 0.921356
7 0 0 0.930471

5
1 0 1086 0.876533
2 1 2 0.947053
4 0 0 0.974601
5 0 0 1.00504
3 0 0 0.972877

5
1 0 1124 0.935658
2 0 1013 0.977902
4 0 0 0.956734
5 0 0 1.14433
3 0 0 0.766662

3
1 0 4975 0.944147
2 0 0 0.807903
3 0 0 0.929568

3
1 0 7840 0.807751
2 0 0 0.750058
3 0 0 0.911203

3
1 2 1087 0.907942
2 0 0 1.02064
3 0 0 0.924438

1
1 0 0 0.846743

3
1 0 178 0.893758
2 0 0 0.939292
3 0 0 0.80335

3
1 2 1308 0.893321
2 0 0 1.0258
3 0 0 0.895301

3
1 0 1493 0.991857
2 0 0 1.01374
3 0 0 0.972032

3
1 0 4790 0.851039
2 0 0 0.839087
3 0 0 0.939487

3
1 0 701 0.956778
2 0 0 0.957199
3 0 0 0.739708

7
1 0 6727 0.897792
2 0 0 0.871629
3 1 1 1.01812
6 0 0 0.966875
7 1 2 1.01255
14 0 0 1.09189
15 0 0 1.04365

3
1 0 2086 0.945305
2 0 0 0.968268
3 0 0 0.84057

5
1 0 5909 0.917043
2 0 1330 0.958161
4 0 0 0.948164
5 0 0 0.946071
3 0 0 0.940333

5
1 0 5558 0.89277
2 0 2299 1.02703
4 0 0 1.04761
5 0 0 0.987427
3 0 0 0.896293

3
1 2 960 0.905393
2 0 0 0.814855
3 0 0 0.931602

1
1 0 0 0.820506

3
1 0 9861 0.980286
2 0 0 0.835208
3 0 0 1.03168

1
1 0 0 0.800016

7
1 1 2 0.881505
2 0 0 0.893553
3 2 3445 1.04372
6 0 0 0.933915
7 0 2175 1.07168
14 0 0 0.961127
15 0 0 1.05423

3
1 0 5255 0.912274
2 0 0 0.919061
3 0 0 1.0346

3
1 0 6052 0.901442
2 0 0 0.909825
3 0 0 1.05257

3
1 2 3937 0.864376
2 0 0 0.949612
3 0 0 0.956699

3
1 1 1 0.867087
2 0 0 0.792942
3 0 0 0.832028

5
1 0 4017 0.863261
2 0 0 0.877075
3 0 6859 0.919026
6 0 0 0.899449
7 0 0 0.927241

9
1 0 3165 0.881643
2 0 75 0.771115
4 0 0 1.09988
5 0 0 0.793411
3 2 1984 0.872649
6 0 0 0.987222
7 0 3386 0.942433
14 0 0 1.02523
15 0 0 1.03458

3
1 0 9344 0.786319
2 0 0 0.707666
3 0 0 1.07822

3
1 0 8472 0.914213
2 0 0 0.835146
3 0 0 0.956794

3
1 0 7183 0.82122
2 0 0 0.801114
3 0 0 0.995076

3
1 2 681 0.927238
2 0 0 0.917708
3 0 0 1.00261

3
1 1 4 0.947601
2 0 0 0.806882
3 0 0 1.00545

5
1 0 910 0.872307
2 2 899 0.919377
4 0 0 0.972874
5 0 0 0.893969
3 0 0 0.705851

1
1 0 0 0.840023

3
1 1 4 0.850148
2 0 0 0.826972
3 0 0 0.906686

3
1 0 2676 0.89882
2 0 0 0.790586
3 0 0 0.939423

7
1 2 3960 0.865866
2 0 3271 0.956417
4 0 0 0.976634
5 0 0 0.965564
3 2 4844 0.885382
6 0 0 0.926211
7 0 0 0.889993

3
1 0 2001 0.927938
2 0 0 0.90168
3 0 0 0.86243

1
1 0 0 0.829391

5
1 0 288 0.818529
2 1 4 1.05743
4 0 0 0.838793
5 0 0 0.940186
3 0 0 0.854313

3
1 0 2918 1.00079
2 0 0 0.833353
3 0 0 1.01905

3
1 0 4566 0.901506
2 0 0 0.93074
3 0 0 0.875127

5
1 2 251 0.962815
2 1 2 1.04296
4 0 0 1.09781
5 0 0 0.911714
3 0 0 0.964754

3
1 1 1 0.905187
2 0 0 0.973901
3 0 0 0.937027

5
1 0 2836 0.979223
2 0 0 0.944741
3 0 4692 1.02423
6 0 0 0.946452
7 0 0 0.979514

3
1 0 9080 0.870351
2 0 0 0.805288
3 0 0 1.00106

3
1 2 104 0.898166
2 0 0 0.938818
3 0 0 0.907694

3
1 0 755 0.889032
2 0 0 1.08473
3 0 0 0.835607

3
1 1 1 0.889714
2 0 0 1.0757
3 0 0 0.824365

3
1 0 7106 0.851735
2 0 0 0.908065
3 0 0 0.996341

7
1 0 7485 0.856204
2 1 4 0.954796
4 1 2 0.939735
8 0 0 0.887799
9 0 0 0.96168
5 0 0 0.952903
3 0 0 0.978775

3
1 0 4834 0.781506
2 0 0 0.770271
3 0 0 0.820505

3
1 1 3 1.01248
2 0 0 0.918625
3 0 0 0.904472

3
1 1 1 0.970057
2 0 0 0.951848
3 0 0 0.974269

5
1 2 4105 0.938619
2 0 0 0.984597
3 1 4 0.926087
6 0 0 0.823415
7 0 0 0.94701

5
1 1 1 0.903221
2 0 9587 0.914715
4 0 0 0.964558
5 0 0 0.987732
3 0 0 0.84921

3
1 0 801 0.9206
2 0 0 1.05606
3 0 0 0.803

5
1 1 2 0.870587
2 0 0 0.861406
3 1 3 0.933353
6 0 0 1.02058
7 0 0 0.86425

3
1 0 3889 0.867333
2 0 0 0.807988
3 0 0 0.944557

3
1 1 2 0.890446
2 0 0 0.943141
3 0 0 0.92246

1
1 0 0 0.827678

1
1 0 0 0.686974

3
1 0 8907 0.911924
2 0 0 0.823943
3 0 0 1.07812

9
1 2 3378 0.929108
2 1 3 1.0238
4 1 1 1.03555
8 0 8219 1.06984
16 0 0 1.00478
17 0 0 0.969937
9 0 0 0.919957
5 0 0 0.929763
3 0 0 0.817172

3
1 1 4 0.898112
2 0 0 0.944608
3 0 0 1.0213

1
1 0 0 0.843917

3
1 0 4369 0.978289
2 0 0 0.825846
3 0 0 0.939348

3
1 2 4106 0.882018
2 0 0 0.871889
3 0 0 0.926403

5
1 0 1053 0.864125
2 2 1250 1.03171
4 0 0 1.08707
5 0 0 1.02408
3 0 0 0.85025

3
1 0 1165 0.841144
2 0 0 1.08483
3 0 0 0.823792

5
1 0 3659 0.970842
2 0 3466 0.925131
4 0 0 0.969551
5 0 0 0.980555
3 0 0 0.977194

1
1 0 0 0.905184

1
1 0 0 0.760567

7
1 0 9511 0.835594
2 2 4374 1.02133
4 0 0 0.949212
5 1 2 0.945985
10 0 0 1.01284
11 0 0 0.89521
3 0 0 0.995144

3
1 0 5991 0.881501
2 0 0 0.875652
3 0 0 0.970535

3
1 0 416 0.98408
2 0 0 0.980807
3 0 0 0.781355

5
1 2 3589 0.911853
2 2 3449 0.880545
4 0 0 0.929453
5 0 0 1.00664
3 0 0 0.968691

5
1 2 105 0.853264
2 0 0 1.06759
3 1 4 0.886833
6 0 0 0.881128
7 0 0 1.01386

3
1 2 542 0.925352
2 0 0 0.931924
3 0 0 0.939723

3
1 0 1447 0.874809
2 0 0 0.99512
3 0 0 0.921655

3
1 2 5105 0.84837
2 0 0 0.878587
3 0 0 0.955404

3
1 2 73 0.840561
2 0 0 0.896849
3 0 0 0.812494

3
1 0 9085 0.897581
2 0 0 0.907659
3 0 0 1.13916

3
1 1 2 0.818359
2 0 0 0.801222
3 0 0 0.851896

5
1 0 5455 0.904723
2 0 0 0.896255
3 1 1 0.966865
6 0 0 1.01118
7 0 0 0.892878

3
1 2 4850 0.919819
2 0 0 0.965041
3 0 0 0.967962

3
1 0 1023 0.878427
2 0 0 1.02601
3 0 0 0.850613

3
1 0 9884 0.857938
2 0 0 0.849023
3 0 0 0.910906

3
1 0 9575 0.938904
2 0 0 0.835063
3 0 0 0.884347

3
1 2 2663 0.834064
2 0 0 0.85751
3 0 0 0.880468

3
1 0 3895 0.907971
2 0 0 0.80017
3 0 0 0.906777

3
1 0 4400 0.89093
2 0 0 0.868948
3 0 0 0.998433

3
1 2 3777 0.770007
2 0 0 0.75045
3 0 0 0.819161

3
1 0 1207 0.903018
2 0 0 1.08861
3 0 0 0.830186

3
1 0 8957 0.898664
2 0 0 0.779871
3 0 0 0.976764

3
1 1 4 0.874592
2 0 0 0.932114
3 0 0 0.901462

7
1 0 5497 0.931152
2 0 3953 0.962511
4 0 0 0.7261
5 0 0 0.98376
3 0 7563 0.876866
6 0 0 0.876694
7 0 0 0.854569

5
1 0 8263 0.810985
2 0 0 0.84143
3 2 3993 0.92123
6 0 0 0.937229
7 0 0 0.87095

1
1 0 0 0.932874

3
1 2 92 0.873424
2 0 0 0.94731
3 0 0 0.865491

3
1 0 9836 0.898616
2 0 0 0.864877
3 0 0 1.07079

3
1 2 4646 0.82393
2 0 0 0.856573
3 0 0 1.05918

3
1 1 4 0.892029
2 0 0 0.908239
3 0 0 0.91942

3
1 1 3 0.917363
2 0 0 0.90058
3 0 0 0.972994

3
1 0 7840 0.807751
2 0 0 0.950038
3 0 0 0.948999

3
1 2 1585 0.883658
2 0 0 0.94743
3 0 0 0.764202

3
1 0 7836 0.912045
2 0 0 0.866774
3 0 0 1.10968

3
1 2 2782 0.838188
2 0 0 0.900882
3 0 0 0.793233

5
1 2 2202 0.91287
2 0 1565 0.884609
4 0 0 0.970742
5 0 0 0.927862
3 0 0 0.908441

3
1 0 9926 0.733697
2 0 0 0.738612
3 0 0 1.00255

1
1 0 0 0.817896

5
1 2 4348 0.885132
2 0 0 0.952678
3 2 4434 0.821632
6 0 0 0.89398
7 0 0 0.891872

3
1 0 639 0.778906
2 0 0 0.921982
3 0 0 0.875365

1
1 0 0 0.883614

1
1 0 0 0.87703

3
1 2 4632 0.880799
2 0 0 0.826763
3 0 0 0.942516

3
1 2 4515 0.97008
2 0 0 0.98218
3 0 0 0.871811

5
1 0 9472 0.88135
2 0 1141 0.820783
4 0 0 0.982325
5 0 0 0.776739
3 0 0 0.985565

3
1 0 1346 0.813465
2 0 0 1.08306
3 0 0 0.776149

1
1 0 0 0.889407

3
1 0 1664 0.827133
2 0 0 0.993847
3 0 0 0.814883

9
1 0 6430 0.837377
2 0 0 0.945027
3 1 2 0.981144
6 0 0 0.985456
7 1 4 1.0029
14 0 0 0.896896
15 0 6514 1.03279
30 0 0 1.01398
31 0 0 1.00584

3
1 0 5539 0.952865
2 0 0 0.92362
3 0 0 1.02045

7
1 0 3831 0.881133
2 0 3666 0.889908
4 0 0 0.936299
5 0 3804 1.03738
10 0 0 0.996958
11 0 0 1.00512
3 0 0 1.05684

1
1 0 0 0.660599

3
1 0 3741 0.886814
2 0 0 0.942666
3 0 0 0.934683

3
1 0 7217 0.925073
2 0 0 0.898053
3 0 0 0.947904

1
1 0 0 0.82419

5
1 2 5397 0.904628
2 1 4 0.941496
4 0 0 0.915985
5 0 0 1.00312
3 0 0 1.09919

5
1 1 2 0.866488
2 2 4044 1.02884
4 0 0 1.00212
5 0 0 0.912584
3 0 0 1.0164

3
1 0 9204 0.920723
2 0 0 0.893452
3 0 0 0.942745

5
1 2 379 0.796657
2 0 9184 1.08809
4 0 0 1.05046
5 0 0 1.10934
3 0 0 0.787144

3
1 0 819 0.868424
2 0 0 0.994721
3 0 0 0.842619

5
1 0 3547 0.891566
2 0 0 0.843773
3 0 7413 1.06632
6 0 0 1.06967
7 0 0 0.98617

3
1 0 2137 0.861977
2 0 0 0.957872
3 0 0 0.873476

3
1 2 4600 0.827676
2 0 0 0.895264
3 0 0 0.830332

3
1 2 19 0.772175
2 0 0 1.05407
3 0 0 0.787172

1
1 0 0 0.716375

3
1 1 1 0.89051
2 0 0 0.956875
3 0 0 0.893406

5
1 2 1256 0.911152
2 2 178 0.864136
4 0 0 0.977501
5 0 0 0.932236
3 0 0 0.963132

5
1 2 4565 0.888009
2 0 6248 0.928383
4 0 0 0.955902
5 0 0 1.04813
3 0 0 1.04794

1
1 0 0 0.924053

1
1 0 0 0.769136

3
1 0 8766 0.823172
2 0 0 0.797441
3 0 0 1.00733

1
1 0 0 0.868433

3
1 2 503 0.87854
2 0 0 0.912512
3 0 0 0.892755

3
1 2 2811 0.98267
2 0 0 0.962275
3 0 0 0.939646

5
1 0 3672 0.923581
2 0 0 0.860647
3 1 4 0.955701
6 0 0 0.933487
7 0 0 0.973066

3
1 0 6809 0.842695
2 0 0 0.822469
3 0 0 1.03033

3
1 0 838 0.90137
2 0 0 1.05104
3 0 0 0.843397

3
1 1 4 0.93196
2 0 0 0.900343
3 0 0 1.01755

3
1 0 4834 0.781506
2 0 0 0.87327
3 0 0 0.9968

3
1 0 2334 0.865559
2 0 0 0.889656
3 0 0 0.92891

7
1 2 3908 0.947906
2 0 4772 0.936012
4 0 0 1.04107
5 0 0 1.03208
3 1 1 0.969393
6 0 0 1.02928
7 0 0 0.977329

3
1 0 5422 0.893673
2 0 0 0.838148
3 0 0 0.94701

5
1 0 1409 0.945214
2 0 0 0.858477
3 1 4 0.894819
6 0 0 0.930464
7 0 0 0.894096

3
1 0 3299 0.93641
2 0 0 0.81684
3 0 0 0.958688

5
1 0 1523 0.87756
2 1 1 1.01127
4 0 0 1.05194
5 0 0 0.989227
3 0 0 0.8525

3
1 0 780 0.931755
2 0 0 1.0697
3 0 0 0.929826

5
1 2 2819 0.937485
2 1 3 0.999222
4 0 0 0.94151
5 0 0 1.04675
3 0 0 0.861202

1
1 0 0 0.86042

3
1 0 384 0.822146
2 0 0 1.0134
3 0 0 0.777416

3
1 2 994 0.90533
2 0 0 0.86855
3 0 0 0.917289

5
1 0 114 0.716347
2 1 4 1.0405
4 0 0 1.07733
5 0 0 1.08421
3 0 0 0.79782

3
1 1 1 0.844631
2 0 0 0.847452
3 0 0 0.828839

3
1 0 3304 0.846589
2 0 0 0.833446
3 0 0 0.949274

3
1 0 1578 0.934694
2 0 0 0.921958
3 0 0 0.793118

9
1 2 216 0.945457
2 0 4341 1.00778
4 0 0 1.06896
5 2 204 0.953917
10 0 0 0.825207
11 0 0 1.05995
3 0 8244 0.888969
6 0 0 0.904074
7 0 0 0.980669

1
1 0 0 0.919107

3
1 2 5227 0.912978
2 0 0 0.897381
3 0 0 0.964408

1
1 0 0 0.706151

3
1 2 3682 0.851029
2 0 0 0.926478
3 0 0 0.874911

7
1 1 1 0.852449
2 0 591 0.958919
4 0 337 0.998093
8 0 0 0.968812
9 0 0 0.871879
5 0 0 1.00524
3 0 0 0.834673

3
1 2 790 0.904773
2 0 0 0.957471
3 0 0 0.780733

3
1 0 1284 0.902137
2 0 0 1.1257
3 0 0 0.845961

3
1 1 2 0.909954
2 0 0 0.901848
3 0 0 0.86977

3
1 1 3 0.875156
2 0 0 0.884479
3 0 0 1.00573

3
1 2 2332 0.814339
2 0 0 0.832433
3 0 0 0.826958

5
1 2 1326 0.889334
2 0 0 0.922466
3 2 4467 0.961145
6 0 0 1.00345
7 0 0 0.949493

3
1 0 1434 0.836421
2 0 0 0.931665
3 0 0 0.89015

3
1 0 1167 0.831754
2 0 0 0.951831
3 0 0 0.875922

1
1 0 0 0.891232

3
1 0 1828 0.869128
2 0 0 0.97793
3 0 0 0.853049

3
1 0 4077 0.863352
2 0 0 0.83464
3 0 0 0.94722

5
1 0 8428 0.89406
2 0 0 0.96179
3 2 3764 0.9125
6 0 0 0.880846
7 0 0 0.928429

3
1 0 680 0.836587
2 0 0 1.05092
3 0 0 0.803785

3
1 0 2482 0.87425
2 0 0 0.929876
3 0 0 1.01806

3
1 2 2154 0.882014
2 0 0 0.901847
3 0 0 0.906901

3
1 2 959 0.850247
2 0 0 0.873723
3 0 0 0.910348

5
1 2 2208 0.864507
2 0 9333 0.835233
4 0 0 0.899121
5 0 0 0.958884
3 0 0 0.966684

3
1 0 1312 0.880439
2 0 0 0.9497
3 0 0 0.751915

3
1 0 702 0.851123
2 0 0 1.07542
3 0 0 0.80666

5
1 2 1930 0.875583
2 0 0 1.00547
3 0 2395 0.974784
6 0 0 0.91978
7 0 0 0.950614

3
1 2 83 0.842489
2 0 0 1.06289
3 0 0 0.793915

3
1 0 9737 0.812263
2 0 0 0.756279
3 0 0 1.03754

3
1 0 2708 0.86814
2 0 0 0.842351
3 0 0 1.15284

1
1 0 0 0.91758

5
1 2 376 0.891947
2 0 0 1.01292
3 0 868 0.858117
6 0 0 0.913242
7 0 0 0.884684

3
1 1 3 0.808925
2 0 0 0.845281
3 0 0 0.845733

3
1 1 4 0.805989
2 0 0 0.853056
3 0 0 0.869333

3
1 2 3589 0.875747
2 0 0 0.875203
3 0 0 0.915232

5
1 0 8777 0.875764
2 0 0 0.788637
3 2 1859 1.03674
6 0 0 1.03131
7 0 0 0.947823

1
1 0 0 0.82999

7
1 1 1 0.810246
2 2 708 0.833331
4 0 0 0.942301
5 0 50 0.921904
10 0 0 0.996275
11 0 0 0.949828
3 0 0 0.964755

3
1 0 9264 0.836589
2 0 0 0.804836
3 0 0 1.02925

5
1 2 1482 0.88632
2 0 0 0.877047
3 2 4435 0.869978
6 0 0 0.88807
7 0 0 0.941968

3
1 0 9843 0.885443
2 0 0 0.932763
3 0 0 0.940507

1
1 0 0 0.876318

5
1 1 4 1.00484
2 0 1300 0.896585
4 0 0 1.01486
5 0 0 0.862067
3 0 0 1.09887

7
1 1 3 0.972475
2 0 0 0.840401
3 2 2013 0.9617
6 0 0 0.994525
7 0 8882 1.04196
14 0 0 0.960843
15 0 0 0.893274

3
1 0 6030 0.828615
2 0 0 0.866276
3 0 0 1.0279

3
1 1 1 0.902903
2 0 0 0.871152
3 0 0 1.00126

5
1 0 9731 0.843804
2 0 0 0.839847
3 0 9961 1.01109
6 0 0 1.01413
7 0 0 0.954623

1
1 0 0 0.776196

1
1 0 0 0.833092

1
1 0 0 0.795885

5
1 0 8002 0.862752
2 0 1000 0.882686
4 0 0 1.15145
5 0 0 0.810534
3 0 0 0.892203

1
1 0 0 0.85167

3
1 2 941 0.907833
2 0 0 0.904205
3 0 0 0.874678

3
1 2 3985 0.875748
2 0 0 0.939969
3 0 0 0.979058

3
1 0 1185 0.81935
2 0 0 1.16264
3 0 0 0.766559

3
1 0 472 0.834936
2 0 0 0.915395
3 0 0 0.854139

5
1 0 1433 0.823323
2 0 394 0.934829
4 0 0 1.02811
5 0 0 1.04797
3 0 0 0.766089

3
1 0 3831 0.881133
2 0 0 0.758795
3 0 0 1.03361

3
1 1 1 0.916793
2 0 0 0.840513
3 0 0 0.935126

1
1 0 0 0.809307

3
1 1 4 1.03577
2 0 0 0.932955
3 0 0 1.07224

3
1 1 1 0.89747
2 0 0 0.915351
3 0 0 0.871124

1
1 0 0 0.890977

3
1 0 8636 0.97351
2 0 0 0.919931
3 0 0 1.02661

3
1 0 916 0.82214
2 0 0 0.843834
3 0 0 0.802397

7
1 2 1072 0.893392
2 1 2 1.00231
4 0 0 0.974001
5 0 0 1.03363
3 0 5024 0.929765
6 0 0 0.850855
7 0 0 1.00114

3
1 0 7560 0.890379
2 0 0 0.938844
3 0 0 0.913249

3
1 0 5353 0.870766
2 0 0 0.852691
3 0 0 0.960614

3
1 2 4986 0.928066
2 0 0 0.944639
3 0 0 0.939495

1
1 0 0 0.738626

1
1 0 0 0.899858

3
1 0 1016 0.759027
2 0 0 0.888154
3 0 0 0.839923

3
1 0 6266 0.926995
2 0 0 0.81407
3 0 0 0.91255

3
1 0 5855 0.854281
2 0 0 0.882166
3 0 0 1.03116

3
1 2 424 0.809661
2 0 0 0.883335
3 0 0 0.808595

5
1 2 621 0.93531
2 0 0 0.959318
3 0 2165 0.941973
6 0 0 0.868837
7 0 0 0.916289

5
1 0 1160 0.799405
2 0 876 1.07477
4 0 0 1.18897
5 0 0 1.0673
3 0 0 0.863503

3
1 0 1924 0.833005
2 0 0 0.920857
3 0 0 0.82669

5
1 0 2059 0.904372
2 0 0 1.06038
3 1 2 0.920734
6 0 0 0.974075
7 0 0 0.931281

3
1 0 7809 0.801792
2 0 0 0.898129
3 0 0 0.969577

3
1 0 9741 0.895299
2 0 0 0.768992
3 0 0 0.988495

5
1 0 5815 0.871237
2 0 0 0.801618
3 1 4 0.974898
6 0 0 0.942861
7 0 0 0.941014

1
1 0 0 0.732123

7
1 0 4950 0.920745
2 0 0 0.827826
3 2 162 1.08815
6 0 0 1.04167
7 1 3 1.02275
14 0 0 1.03723
15 0 0 0.929387

3
1 0 363 0.905482
2 0 0 0.949735
3 0 0 0.888015

3
1 2 4299 0.909731
2 0 0 0.920713
3 0 0 0.885713

5
1 1 3 0.923883
2 0 0 1.00408
3 0 4927 0.899094
6 0 0 0.850536
7 0 0 0.905882

3
1 1 1 0.846434
2 0 0 0.962869
3 0 0 0.910708

3
1 0 5422 0.893673
2 0 0 0.909758
3 0 0 1.0669

5
1 0 1267 0.873776
2 0 0 0.970196
3 2 2547 0.876121
6 0 0 0.85943
7 0 0 0.849644

3
1 2 1746 0.92755
2 0 0 1.03112
3 0 0 0.879286

3
1 1 2 0.875844
2 0 0 1.00055
3 0 0 0.88246

5
1 2 4759 1.01155
2 1 4 0.979498
4 0 0 0.999888
5 0 0 0.954665
3 0 0 0.894021

3
1 0 1538 0.945889
2 0 0 1.04053
3 0 0 0.925692

5
1 1 1 0.916458
2 0 1214 1.08609
4 0 0 0.898487
5 0 0 1.09228
3 0 0 0.893049

5
1 2 3206 0.8984
2 0 0 0.907182
3 2 3438 0.857483
6 0 0 1.08036
7 0 0 0.90691

3
1 0 3612 0.867253
2 0 0 0.88123
3 0 0 1.03685

3
1 0 19 0.765966
2 0 0 1.07373
3 0 0 0.7639

1
1 0 0 0.776811

3
1 0 5299 0.801393
2 0 0 0.858035
3 0 0 0.920112

5
1 0 1140 0.879449
2 1 2 0.969974
4 0 0 0.949104
5 0 0 0.998886
3 0 0 0.768881

3
1 0 978 0.806688
2 0 0 0.966617
3 0 0 0.897327

3
1 2 189 0.835021
2 0 0 0.996915
3 0 0 0.859216

3
1 1 1 0.838632
2 0 0 0.825748
3 0 0 0.876484

3
1 0 9101 0.93715
2 0 0 0.868675
3 0 0 0.965022

5
1 0 7848 0.815562
2 0 0 0.894338
3 0 9233 0.964038
6 0 0 1.0029
7 0 0 0.924345

3
1 1 1 0.899452
2 0 0 0.94718
3 0 0 0.89764

5
1 0 680 0.732667
2 2 756 1.02069
4 0 0 1.00638
5 0 0 0.912719
3 0 0 0.754306

3
1 0 1284 0.902137
2 0 0 1.00611
3 0 0 0.816808

5
1 2 310 0.959264
2 0 0 1.00087
3 0 2357 0.908012
6 0 0 0.864837
7 0 0 0.927047

5
1 0 9662 0.897669
2 1 1 0.839632
4 0 0 0.890401
5 0 0 0.847461
3 0 0 1.14632

5
1 0 4557 0.857613
2 0 0 0.884706
3 2 3347 1.0056
6 0 0 1.02402
7 0 0 1.02068

3
1 0 8701 0.915202
2 0 0 0.820443
3 0 0 0.920803

3
1 0 6584 0.853454
2 0 0 0.888595
3 0 0 0.910323

3
1 0 4641 0.913444
2 0 0 0.800454
3 0 0 1.1574

3
1 1 3 0.933256
2 0 0 0.965833
3 0 0 0.854692

7
1 1 2 0.888332
2 0 2885 1.10584
4 0 0 1.02067
5 2 2121 1.15692
10 0 0 1.26005
11 0 0 0.978043
3 0 0 0.851518

3
1 1 4 0.898203
2 0 0 0.766436
3 0 0 1.04295

3
1 1 3 0.835823
2 0 0 0.865779
3 0 0 0.921077

1
1 0 0 0.754452

7
1 0 891 0.890251
2 0 0 0.93364
3 0 2394 0.863526
6 2 1859 0.894539
12 0 0 0.928599
13 0 0 0.905939
7 0 0 0.974798

5
1 0 1192 0.874957
2 2 4298 1.00533
4 0 0 1.16572
5 0 0 0.88128
3 0 0 0.747285

5
1 0 1080 0.928951
2 1 2 1.02948
4 0 0 0.935315
5 0 0 1.09779
3 0 0 0.775003

1
1 0 0 0.85551

3
1 2 3649 0.965628
2 0 0 0.916244
3 0 0 0.893872

5
1 0 1288 0.905583
2 0 441 1.05433
4 0 0 1.0069
5 0 0 0.956731
3 0 0 0.821261

3
1 0 8896 0.815682
2 0 0 0.947639
3 0 0 1.0166

5
1 0 581 0.890271
2 0 367 0.983627
4 0 0 0.830382
5 0 0 1.05977
3 0 0 0.944818

3
1 0 6269 0.857085
2 0 0 0.781603
3 0 0 0.889064

3
1 0 1276 0.832645
2 0 0 1.05581
3 0 0 0.83997

3
1 0 5497 0.932515
2 0 0 0.839934
3 0 0 0.929095

7
1 0 1142 0.854421
2 0 282 0.982511
4 0 0 0.92065
5 0 0 1.1145
3 1 2 0.956886
6 0 0 0.964318
7 0 0 0.944566

1
1 0 0 0.825355

3
1 1 3 0.941802
2 0 0 0.911604
3 0 0 0.959623

3
1 1 4 0.95577
2 0 0 0.968061
3 0 0 0.910843

3
1 0 790 0.795765
2 0 0 0.940096
3 0 0 0.966904

3
1 0 7275 0.865114
2 0 0 0.88119
3 0 0 1.00345

1
1 0 0 0.814814

5
1 1 1 1.00668
2 0 0 1.03489
3 2 4922 1.04177
6 0 0 0.922111
7 0 0 0.998516

3
1 0 7281 0.881738
2 0 0 0.91985
3 0 0 1.00091

3
1 0 691 0.844116
2 0 0 1.0308
3 0 0 0.753675

3
1 0 2378 0.884126
2 0 0 0.861953
3 0 0 0.968889

1
1 0 0 0.846711

3
1 2 2109 0.850772
2 0 0 0.89053
3 0 0 0.934626

1
1 0 0 0.898647

5
1 0 4724 0.925885
2 2 4904 0.868545
4 0 0 0.87412
5 0 0 0.876834
3 0 0 0.911793

1
1 0 0 0.758524

3
1 0 7377 0.876625
2 0 0 0.840176
3 0 0 0.880438

3
1 1 1 0.847592
2 0 0 0.903072
3 0 0 0.866582

3
1 0 7564 0.848321
2 0 0 0.825671
3 0 0 1.04544

5
1 0 1234 0.883949
2 1 4 0.980892
4 0 0 0.930431
5 0 0 0.978608
3 0 0 0.820605

3
1 0 709 0.88693
2 0 0 1.01288
3 0 0 0.807591

3
1 0 2260 0.974883
2 0 0 1.03014
3 0 0 0.987373

3
1 0 1034 0.888238
2 0 0 1.04837
3 0 0 0.796495

9
1 0 1185 0.81935
2 0 425 1.02536
4 2 3334 0.922085
8 0 0 0.976601
9 0 0 1.24706
5 1 4 0.967521
10 0 0 1.15665
11 0 0 1.07036
3 0 0 0.778673

3
1 1 4 0.81742
2 0 0 0.83864
3 0 0 0.916093

1
1 0 0 0.855288

5
1 2 4009 0.876597
2 0 0 0.928198
3 2 4371 0.935061
6 0 0 0.988017
7 0 0 0.928176

5
1 1 3 0.909707
2 0 0 0.881378
3 0 9091 1.0413
6 0 0 1.0116
7 0 0 0.875899

3
1 0 244 0.869727
2 0 0 0.984255
3 0 0 0.804069

3
1 0 5051 0.90836
2 0 0 0.791688
3 0 0 0.912071

3
1 2 3638 0.934204
2 0 0 0.865959
3 0 0 0.910968

5
1 1 4 0.877497
2 0 0 0.812838
3 0 4970 0.923631
6 0 0 1.03749
7 0 0 1.02566

3
1 0 8950 0.885795
2 0 0 0.915814
3 0 0 1.05109

1
1 0 0 0.816252

3
1 0 3728 0.87361
2 0 0 0.833009
3 0 0 0.943343

5
1 2 1667 0.86236
2 0 9136 1.03338
4 0 0 1.03741
5 0 0 1.039
3 0 0 0.820898

5
1 2 1119 0.867238
2 0 8729 0.834328
4 0 0 0.923299
5 0 0 0.944889
3 0 0 0.852031

3
1 2 2842 0.911729
2 0 0 0.90026
3 0 0 0.941585

3
1 1 4 0.869454
2 0 0 0.929037
3 0 0 0.875511

5
1 0 371 0.868368
2 1 1 0.890923
4 0 0 0.978243
5 0 0 1.06531
3 0 0 0.873801

3
1 0 9897 0.783869
2 0 0 0.781911
3 0 0 1.06712

3
1 0 194 0.96508
2 0 0 1.07828
3 0 0 0.976061

1
1 0 0 0.817951

7
1 1 4 0.803465
2 0 0 0.722992
3 0 4602 0.862703
6 0 678 0.845732
12 0 0 1.00825
13 0 0 0.905885
7 0 0 1.08414

3
1 0 58 0.847793
2 0 0 0.9596
3 0 0 0.872473

3
1 1 3 0.953428
2 0 0 1.00841
3 0 0 1.00861

5
1 2 2959 0.847088
2 0 0 0.988482
3 2 3375 0.8305
6 0 0 0.992285
7 0 0 0.813321

11
1 2 2835 0.808328
2 2 2429 0.890943
4 0 4154 0.915253
8 0 0 0.882103
9 0 0 0.870789
5 0 0 0.918801
3 0 193 0.87989
6 0 0 1.02909
7 1 4 0.886305
14 0 0 0.935944
15 0 0 0.994112

1
1 0 0 0.886183

3
1 0 1817 0.884796
2 0 0 0.93249
3 0 0 0.809773

3
1 0 9859 0.900438
2 0 0 0.917547
3 0 0 1.01986

3
1 1 4 0.837005
2 0 0 0.926288
3 0 0 0.807657

1
1 0 0 0.76605

3
1 0 4443 0.903746
2 0 0 0.8583
3 0 0 1.00489

3
1 0 9548 0.761743
2 0 0 0.838419
3 0 0 0.96333

1
1 0 0 0.805535

3
1 2 3491 0.906503
2 0 0 1.0288
3 0 0 0.845037

3
1 0 617 0.880686
2 0 0 0.958076
3 0 0 0.87565

3
1 0 8526 0.949389
2 0 0 0.932717
3 0 0 0.912576

9
1 1 4 0.946781
2 0 0 0.775836
3 2 4927 1.03243
6 0 0 0.87649
7 2 5135 1.04371
14 0 4992 0.962434
28 0 0 0.900986
29 0 0 1.03354
15 0 0 0.944999

5
1 2 4989 0.901043
2 0 3945 0.903818
4 0 0 0.854882
5 0 0 0.92853
3 0 0 0.96271

1
1 0 0 0.917155

3
1 2 5015 0.935679
2 0 0 0.854471
3 0 0 0.98988

1
1 0 0 0.885164

3
1 0 3986 0.969332
2 0 0 0.797862
3 0 0 0.980245

3
1 0 3741 0.954001
2 0 0 0.877939
3 0 0 1.10235

5
1 2 2138 0.932502
2 2 567 0.972053
4 0 0 1.05204
5 0 0 0.950617
3 0 0 0.948541

3
1 0 8448 0.948347
2 0 0 1.04678
3 0 0 1.05432

5
1 0 4208 0.94209
2 0 0 0.836549
3 0 4502 1.13298
6 0 0 1.00353
7 0 0 1.16809

3
1 0 1140 0.879449
2 0 0 1.11384
3 0 0 0.888499

3
1 1 4 0.847962
2 0 0 0.871258
3 0 0 0.967237

3
1 0 6055 0.872575
2 0 0 0.913605
3 0 0 0.983436

3
1 2 1813 0.924646
2 0 0 0.927058
3 0 0 1.01591

1
1 0 0 0.882732

3
1 2 414 0.902712
2 0 0 1.01172
3 0 0 0.933171

7
1 1 2 0.884602
2 0 0 0.874566
3 2 4815 0.953469
6 2 4481 1.0794
12 0 0 1.04461
13 0 0 0.894341
7 0 0 1.01247

3
1 0 9590 0.781881
2 0 0 0.790945
3 0 0 1.03399

5
1 0 1284 0.902137
2 0 144 1.19173
4 0 0 1.00262
5 0 0 1.1262
3 0 0 0.855333

1
1 0 0 0.76801

1
1 0 0 0.84205

1
1 0 0 0.846917

1
1 0 0 0.836077

3
1 0 5928 0.945923
2 0 0 0.909018
3 0 0 0.929977

3
1 0 5607 0.873049
2 0 0 0.908409
3 0 0 0.973265

3
1 0 1001 0.814645
2 0 0 0.947348
3 0 0 0.739806

3
1 1 1 0.881216
2 0 0 0.910873
3 0 0 0.84683

3
1 2 1562 0.956384
2 0 0 0.909891
3 0 0 0.935106

3
1 1 3 0.834535
2 0 0 0.870129
3 0 0 0.875009

3
1 0 4156 0.879612
2 0 0 0.853985
3 0 0 1.0121

3
1 0 4251 0.859663
2 0 0 0.817784
3 0 0 0.891432

3
1 1 4 0.895492
2 0 0 0.911799
3 0 0 0.966013

1
1 0 0 0.795001

3
1 0 1010 0.930745
2 0 0 0.930615
3 0 0 0.921304

1
1 0 0 0.902789

3
1 2 816 1.00447
2 0 0 0.946416
3 0 0 0.959633

1
1 0 0 0.794326

7
1 1 3 0.861619
2 0 0 0.90914
3 1 4 0.886669
6 0 7277 0.982791
12 0 0 1.03009
13 0 0 0.926049
7 0 0 1.08696

3
1 2 1481 0.884784
2 0 0 0.89268
3 0 0 0.909497

3
1 0 4613 0.947768
2 0 0 0.831231
3 0 0 0.997275

3
1 2 2894 0.919915
2 0 0 0.883436
3 0 0 0.867857

5
1 1 3 0.909453
2 0 7184 0.958657
4 0 0 0.99469
5 0 0 0.996795
3 0 0 0.846993

3
1 0 605 0.746596
2 0 0 0.964856
3 0 0 0.730859

3
1 0 227 0.870372
2 0 0 1.04889
3 0 0 0.830532

3
1 0 1072 1.00902
2 0 0 0.984782
3 0 0 0.813616

3
1 1 1 0.971776
2 0 0 0.972451
3 0 0 0.937476

3
1 0 6441 0.926432
2 0 0 0.969825
3 0 0 0.991933

3
1 0 4920 0.819568
2 0 0 0.806041
3 0 0 0.956655

3
1 1 2 0.929275
2 0 0 0.928562
3 0 0 0.839164

3
1 1 2 0.904382
2 0 0 0.960781
3 0 0 0.909055

3
1 1 4 0.925323
2 0 0 0.934513
3 0 0 1.04749

9
1 1 1 0.901233
2 0 9077 0.962332
4 0 0 1.04685
5 0 0 0.999724
3 1 2 0.914309
6 2 224 0.990782
12 0 0 0.936691
13 0 0 0.955649
7 0 0 0.82292

5
1 0 989 0.872087
2 1 2 0.964513
4 0 0 1.04685
5 0 0 1.08651
3 0 0 0.777931

3
1 2 974 0.912858
2 0 0 0.908531
3 0 0 0.922158

3
1 0 7097 0.839731
2 0 0 0.91986
3 0 0 1.04814

5
1 0 4134 0.828627
2 2 4527 0.848246
4 0 0 0.845984
5 0 0 0.976689
3 0 0 0.91311

3
1 2 152 0.851396
2 0 0 1.04464
3 0 0 0.850439

1
1 0 0 0.781764

3
1 1 4 0.891274
2 0 0 0.880917
3 0 0 0.869982

5
1 0 1915 0.944968
2 1 1 0.9981
4 0 0 1.00382
5 0 0 0.971662
3 0 0 0.852947

5
1 1 2 0.843163
2 0 0 0.930593
3 2 1610 0.927043
6 0 0 0.914496
7 0 0 0.919995

3
1 0 6449 0.879512
2 0 0 0.933587
3 0 0 0.85254

5
1 0 3930 0.970468
2 0 0 0.964662
3 0 7964 0.864428
6 0 0 0.838706
7 0 0 0.858993

1
1 0 0 0.784717

3
1 0 7178 0.906809
2 0 0 0.925153
3 0 0 0.998971

3
1 0 1302 0.893997
2 0 0 0.898785
3 0 0 0.74936

3
1 0 9119 0.709507
2 0 0 0.733139
3 0 0 0.992576

3
1 0 3399 0.847942
2 0 0 0.757595
3 0 0 0.961801

3
1 2 736 0.837573
2 0 0 0.993856
3 0 0 0.831676

3
1 0 9896 0.802063
2 0 0 0.838449
3 0 0 0.977949

3
1 2 1593 0.944089
2 0 0 0.92768
3 0 0 0.868248

5
1 2 87 0.81346
2 2 17 1.16431
4 0 0 1.13018
5 0 0 1.03748
3 0 0 0.861417

1
1 0 0 0.874383

1
1 0 0 0.928645

9
1 0 7361 0.936731
2 0 0 0.876281
3 0 7620 0.922835
6 2 4210 0.966117
12 0 0 1.09065
13 0 0 0.919524
7 1 2 0.885734
14 0 0 0.998033
15 0 0 0.980599

3
1 1 2 0.862877
2 0 0 0.969282
3 0 0 0.833611

3
1 1 4 0.909835
2 0 0 0.889546
3 0 0 1.04862

3
1 0 7726 0.86925
2 0 0 0.872065
3 0 0 0.869363

5
1 0 9605 0.842837
2 0 0 0.826081
3 0 9908 1.03692
6 0 0 1.02284
7 0 0 0.932394

3
1 1 3 0.964332
2 0 0 0.854084
3 0 0 1.11968

3
1 1 3 0.850005
2 0 0 0.841505
3 0 0 0.86552

3
1 0 1083 0.881452
2 0 0 1.07549
3 0 0 0.923214

5
1 0 9209 0.82036
2 0 8808 0.812322
4 0 0 0.775189
5 0 0 0.919407
3 0 0 0.987137

7
1 0 8975 0.836555
2 0 0 0.915821
3 2 1659 0.895924
6 1 2 0.912174
12 0 0 1.01837
13 0 0 1.01497
7 0 0 1.00083

3
1 0 9408 0.912134
2 0 0 0.857665
3 0 0 0.902676

1
1 0 0 0.777809

5
1 0 4818 0.948526
2 2 5264 0.938912
4 0 0 1.00313
5 0 0 1.04971
3 0 0 1.01706

3
1 0 112 0.818573
2 0 0 1.01593
3 0 0 0.84574

3
1 1 3 0.873695
2 0 0 0.825035
3 0 0 0.886899

3
1 0 3057 0.929432
2 0 0 0.851413
3 0 0 0.932837

3
1 0 7562 0.900647
2 0 0 0.899181
3 0 0 0.939605

3
1 2 2816 0.850893
2 0 0 0.962527
3 0 0 0.924511

3
1 0 84 0.836527
2 0 0 0.989648
3 0 0 0.767815

3
1 2 908 0.920322
2 0 0 1.05841
3 0 0 0.96226

3
1 2 1148 0.906542
2 0 0 0.909285
3 0 0 0.907989

3
1 0 1523 0.829584
2 0 0 1.06095
3 0 0 0.800212

3
1 0 999 0.823197
2 0 0 0.914114
3 0 0 0.799677

3
1 2 169 0.794236
2 0 0 0.945935
3 0 0 0.846979

5
1 2 1550 0.916327
2 0 0 0.9707
3 0 1765 0.878734
6 0 0 0.889735
7 0 0 0.924283

3
1 0 1876 0.846009
2 0 0 1.03767
3 0 0 0.763557

5
1 2 817 0.881463
2 0 2613 0.921697
4 0 0 0.869102
5 0 0 1.01638
3 0 0 0.914747

1
1 0 0 0.809813

1
1 0 0 0.972096

3
1 0 939 0.881008
2 0 0 1.00226
3 0 0 0.861333

3
1 0 6370 0.894652
2 0 0 0.828323
3 0 0 1.01671

3
1 0 9892 0.834669
2 0 0 0.834374
3 0 0 1.08458

5
1 0 3741 0.954001
2 0 0 0.815174
3 2 2771 0.994632
6 0 0 1.00591
7 0 0 1.07786

3
1 0 1343 0.83089
2 0 0 1.10269
3 0 0 0.84274

3
1 0 8545 0.92595
2 0 0 0.906669
3 0 0 0.898653

5
1 1 4 0.898309
2 0 0 0.799819
3 0 1019 1.02553
6 0 0 0.980273
7 0 0 1.07517

1
1 0 0 0.775822

1
1 0 0 0.776519

3
1 1 2 0.924151
2 0 0 0.990043
3 0 0 1.01574

3
1 2 2506 0.871116
2 0 0 0.93098
3 0 0 0.890479

3
1 0 9879 0.748725
2 0 0 0.792953
3 0 0 0.865092

5
1 0 9526 0.940509
2 0 0 0.900427
3 1 3 1.07283
6 0 0 0.978925
7 0 0 0.985746

3
1 0 2001 0.89569
2 0 0 0.999366
3 0 0 0.915841

3
1 1 3 0.981502
2 0 0 0.996035
3 0 0 0.880747

3
1 0 9809 0.895442
2 0 0 0.983939
3 0 0 1.04758

3
1 0 5567 0.868319
2 0 0 0.902983
3 0 0 1.1223

7
1 2 448 0.893888
2 2 230 0.963628
4 0 0 0.950744
5 0 0 0.948743
3 2 716 0.913455
6 0 0 1.19638
7 0 0 0.903799

1
1 0 0 0.854384

5
1 2 1351 0.88484
2 1 4 1.01322
4 0 0 0.962316
5 0 0 0.87975
3 0 0 0.926805

3
1 1 3 0.854264
2 0 0 0.961768
3 0 0 1.03181

1
1 0 0 0.654433

3
1 0 908 0.892166
2 0 0 1.09075
3 0 0 0.809075

3
1 2 980 0.937025
2 0 0 0.87169
3 0 0 0.90873

3
1 0 3487 0.894241
2 0 0 0.974753
3 0 0 0.946775

3
1 0 1108 0.768937
2 0 0 1.02089
3 0 0 0.854842

3
1 0 5483 0.836167
2 0 0 0.840943
3 0 0 1.00219

3
1 0 4251 0.859663
2 0 0 0.843765
3 0 0 1.03689

5
1 0 6663 0.877959
2 2 136 0.801831
4 0 0 0.972882
5 0 0 0.786994
3 0 0 0.975906

1
1 0 0 0.898671

3
1 0 2741 0.954669
2 0 0 0.731289
3 0 0 0.982952

1
1 0 0 0.814457

5
1 0 2814 0.892978
2 0 0 0.894311
3 1 1 0.894731
6 0 0 0.926558
7 0 0 0.895359

3
1 0 9944 0.800376
2 0 0 0.717096
3 0 0 1.06486

5
1 2 3536 0.900094
2 0 0 0.859461
3 0 9436 1.00623
6 0 0 1.00251
7 0 0 1.03901

3
1 2 446 0.876757
2 0 0 0.953836
3 0 0 0.895859

1
1 0 0 0.786794

9
1 0 2608 0.909066
2 2 4348 0.958198
4 2 507 0.96293
8 0 0 0.990533
9 0 0 0.942514
5 0 938 0.979983
10 0 0 0.990283
11 0 0 0.892636
3 0 0 0.989463

3
1 1 4 0.94724
2 0 0 0.895758
3 0 0 1.07496

5
1 2 4082 0.921915
2 0 9384 1.06151
4 0 0 1.06935
5 0 0 1.0177
3 0 0 0.86127

1
1 0 0 0.869792

3
1 2 59 0.75352
2 0 0 0.984966
3 0 0 0.785442

3
1 0 5167 0.942083
2 0 0 0.976432
3 0 0 0.950645

3
1 0 9942 0.816225
2 0 0 0.861682
3 0 0 0.993553

1
1 0 0 0.847221

5
1 0 4226 0.89027
2 0 0 0.929689
3 0 4948 0.985698
6 0 0 1.07704
7 0 0 0.934505

3
1 0 5355 0.876591
2 0 0 0.892848
3 0 0 0.879459

7
1 0 5151 0.898411
2 1 4 0.93507
4 0 0 1.06281
5 0 0 0.879501
3 2 3259 0.990615
6 0 0 1.23966
7 0 0 0.951657

7
1 0 1113 0.904153
2 1 4 0.90223
4 0 0 1.0441
5 0 327 0.886961
10 0 0 0.918998
11 0 0 1.1027
3 0 0 0.820926

3
1 0 4420 0.900071
2 0 0 0.788983
3 0 0 0.923548

1
1 0 0 0.802706

3
1 1 4 0.943763
2 0 0 0.946319
3 0 0 0.996953

3
1 0 5500 0.84866
2 0 0 0.774952
3 0 0 0.975781

3
1 2 334 0.94438
2 0 0 1.00191
3 0 0 0.870128

3
1 0 1532 0.762655
2 0 0 0.948336
3 0 0 0.90887

3
1 0 9017 0.859146
2 0 0 0.879446
3 0 0 1.12216

3
1 0 1561 0.806124
2 0 0 1.01467
3 0 0 0.808892

1
1 0 0 0.802609

3
1 0 4724 0.798391
2 0 0 0.786659
3 0 0 0.841711

1
1 0 0 0.844282

5
1 0 8802 0.82571
2 0 0 0.834025
3 0 9857 1.02216
6 0 0 1.02551
7 0 0 0.927103

1
1 0 0 0.80292

1
1 0 0 0.815013

3
1 1 3 0.919357
2 0 0 0.957968
3 0 0 0.867442

3
1 0 9694 0.997965
2 0 0 1.03156
3 0 0 1.05781

5
1 0 1801 0.883571
2 2 3115 0.969259
4 0 0 0.954022
5 0 0 1.08175
3 0 0 0.862938

3
1 0 1814 0.749917
2 0 0 1.05658
3 0 0 0.819752

3
1 1 4 0.905401
2 0 0 0.924969
3 0 0 0.870673

7
1 0 3527 0.858835
2 0 1975 0.934805
4 0 0 0.955097
5 0 0 0.858214
3 1 1 1.00676
6 0 0 1.10496
7 0 0 1.05228

3
1 0 264 0.695703
2 0 0 1.09195
3 0 0 0.780587

1
1 0 0 0.963715

3
1 2 57 0.755979
2 0 0 0.957216
3 0 0 0.77425

3
1 0 4798 0.868251
2 0 0 0.835481
3 0 0 0.984577

3
1 1 2 0.837731
2 0 0 0.910978
3 0 0 0.792728

3
1 0 176 0.849677
2 0 0 1.02253
3 0 0 0.819924

3
1 0 521 0.819636
2 0 0 1.00638
3 0 0 0.810774

3
1 0 349 0.768236
2 0 0 1.03962
3 0 0 0.763755

1
1 0 0 0.792586

5
1 0 8483 0.906767
2 0 4102 0.953385
4 0 0 0.937455
5 0 0 1.00609
3 0 0 1.03555

3
1 1 4 0.827815
2 0 0 0.845025
3 0 0 0.853569

3
1 0 710 0.838831
2 0 0 0.968559
3 0 0 0.825356

1
1 0 0 0.855088

3
1 2 515 0.935692
2 0 0 0.997672
3 0 0 0.921044

3
1 1 4 0.824868
2 0 0 0.851193
3 0 0 0.926833

3
1 0 9532 0.955372
2 0 0 0.826715
3 0 0 0.967364

3
1 0 1621 0.865811
2 0 0 1.04288
3 0 0 0.90769

5
1 1 4 0.912569
2 0 0 0.915352
3 2 4000 0.971675
6 0 0 1.0219
7 0 0 0.980187

5
1 0 6038 0.887755
2 0 4487 0.898794
4 0 0 0.76214
5 0 0 0.983826
3 0 0 0.907413

3
1 1 2 0.900382
2 0 0 0.936399
3 0 0 0.991351

1
1 0 0 0.86737

3
1 2 4938 0.893814
2 0 0 0.911377
3 0 0 0.908164

5
1 2 3832 0.983336
2 0 0 0.886712
3 2 4117 0.899291
6 0 0 0.87623
7 0 0 0.931182

5
1 0 519 0.767425
2 1 4 1.04396
4 0 0 0.92531
5 0 0 0.982793
3 0 0 0.839099

1
1 0 0 0.791269

3
1 0 3737 0.867807
2 0 0 0.776771
3 0 0 1.00561

5
1 0 7506 0.925491
2 0 0 0.931095
3 2 4125 0.944893
6 0 0 0.964042
7 0 0 0.997558

3
1 2 49 0.875745
2 0 0 0.902298
3 0 0 0.867823

3
1 0 2170 0.820989
2 0 0 1.00286
3 0 0 0.85849

5
1 2 2247 0.957695
2 1 4 1.00904
4 0 0 0.935708
5 0 0 0.946086
3 0 0 0.857192

1
1 0 0 0.889741

1
1 0 0 0.814905

5
1 1 1 0.92
2 0 7421 1.02795
4 0 0 0.930706
5 0 0 1.07199
3 0 0 0.89338

3
1 0 1091 0.847823
2 0 0 1.0409
3 0 0 0.821495

1
1 0 0 0.880843

3
1 0 2843 0.933149
2 0 0 1.07699
3 0 0 1.05168

3
1 1 3 0.87057
2 0 0 0.860849
3 0 0 0.914239

5
1 0 6517 0.815994
2 0 1668 0.891876
4 0 0 1.09309
5 0 0 0.805763
3 0 0 0.966708

3
1 1 3 0.881153
2 0 0 0.881612
3 0 0 0.864995

3
1 0 1657 0.955579
2 0 0 1.06809
3 0 0 0.794362

5
1 0 4838 0.888266
2 2 141 0.879181
4 0 0 1.00827
5 0 0 0.821575
3 0 0 0.992787

5
1 2 5234 0.862725
2 0 0 0.819263
3 1 2 0.999598
6 0 0 0.891804
7 0 0 0.967454

1
1 0 0 0.799835

3
1 2 4943 0.939163
2 0 0 0.933461
3 0 0 0.925199

1
1 0 0 0.837228

3
1 0 9870 0.860306
2 0 0 0.87609
3 0 0 0.955056

3
1 1 3 0.930622
2 0 0 0.809231
3 0 0 0.994672

3
1 2 405 0.847509
2 0 0 1.03079
3 0 0 0.762137

5
1 1 2 0.850828
2 2 616 0.886021
4 0 0 1.01429
5 0 0 1.02566
3 0 0 0.943571

1
1 0 0 0.852207

3
1 0 3327 0.979363
2 0 0 0.956613
3 0 0 1.00919

3
1 1 3 0.94489
2 0 0 0.924403
3 0 0 1.01928

3
1 2 2539 0.875301
2 0 0 0.916565
3 0 0 0.975377

5
1 0 2573 0.938692
2 0 0 0.849959
3 0 3549 0.954796
6 0 0 0.980321
7 0 0 0.957193

5
1 1 1 0.9517
2 0 0 1.01444
3 1 2 0.904818
6 0 0 0.946381
7 0 0 0.909425

3
1 1 4 0.83429
2 0 0 0.823759
3 0 0 0.950052

1
1 0 0 0.932917

3
1 2 1274 0.80404
2 0 0 0.933982
3 0 0 0.780417

3
1 0 696 0.860685
2 0 0 1.01198
3 0 0 0.842139

5
1 0 9558 0.796143
2 0 0 0.902247
3 1 3 1.12335
6 0 0 0.971961
7 0 0 1.00873

3
1 0 1720 0.899009
2 0 0 0.887575
3 0 0 0.861314

3
1 1 4 0.925414
2 0 0 1.00325
3 0 0 1.01773

5
1 0 2832 0.963629
2 0 0 0.91875
3 1 4 0.973175
6 0 0 0.968388
7 0 0 0.912497

1
1 0 0 0.751172

3
1 0 9752 0.915548
2 0 0 0.839095
3 0 0 0.928791

5
1 0 7105 0.862331
2 0 0 0.86557
3 2 587 1.0437
6 0 0 1.01017
7 0 0 1.1485

3
1 2 2243 0.827354
2 0 0 0.978581
3 0 0 1.01208

3
1 2 4509 0.882001
2 0 0 0.993295
3 0 0 0.930653

1
1 0 0 0.778521

1
1 0 0 0.851674

3
1 2 98 0.810482
2 0 0 1.00315
3 0 0 0.828255

3
1 0 9754 0.826967
2 0 0 0.846729
3 0 0 1.02911

5
1 1 2 0.928003
2 1 1 0.930678
4 0 0 0.992503
5 0 0 0.998245
3 0 0 0.863848

3
1 0 9045 0.902941
2 0 0 0.845363
3 0 0 1.02437

3
1 2 2596 0.890077
2 0 0 0.856686
3 0 0 0.966599

3
1 0 1118 0.886304
2 0 0 0.889326
3 0 0 0.840225

1
1 0 0 0.950556

3
1 0 4181 0.905303
2 0 0 0.800594
3 0 0 1.00962

5
1 2 4922 0.943969
2 1 3 0.930423
4 0 0 0.912972
5 0 0 0.907704
3 0 0 0.971069

7
1 2 2102 0.870556
2 2 959 0.907206
4 0 0 0.904397
5 0 0 0.848008
3 1 1 0.956065
6 0 0 1.00226
7 0 0 0.932198

3
1 1 1 0.831984
2 0 0 0.959022
3 0 0 0.861919

1
1 0 0 0.81293

5
1 2 1873 0.920632
2 0 0 0.946007
3 2 4079 1.03195
6 0 0 0.972691
7 0 0 0.962953

5
1 0 2328 0.860732
2 1 2 0.899793
4 0 0 0.967413
5 0 0 1.03666
3 0 0 0.902969

7
1 2 5333 0.929362
2 0 4282 0.972005
4 0 820 0.878645
8 0 0 0.966822
9 0 0 0.775293
5 0 0 0.986916
3 0 0 1.08541

1
1 0 0 0.917691

3
1 0 755 0.837376
2 0 0 0.955426
3 0 0 0.854847

3
1 0 8360 0.830618
2 0 0 0.837443
3 0 0 0.865408

3
1 2 4840 0.888129
2 0 0 0.85065
3 0 0 0.888439

3
1 0 4586 0.90234
2 0 0 0.87732
3 0 0 1.05439

3
1 1 4 0.871556
2 0 0 0.833968
3 0 0 0.946352

3
1 2 2314 0.897094
2 0 0 0.905206
3 0 0 0.917426

1
1 0 0 0.654737

1
1 0 0 0.805263

1
1 0 0 0.862259

3
1 0 8358 0.928848
2 0 0 0.922673
3 0 0 0.996555

3
1 0 8979 0.837088
2 0 0 0.853361
3 0 0 1.01924

3
1 1 4 0.884719
2 0 0 0.811747
3 0 0 0.942815

1
1 0 0 0.892238

3
1 2 5051 0.912011
2 0 0 1.00363
3 0 0 0.864571

3
1 0 9944 0.846034
2 0 0 0.895455
3 0 0 0.835258

5
1 0 33 0.744337
2 1 2 1.07751
4 0 0 0.972705
5 0 0 1.11011
3 0 0 0.835497

1
1 0 0 0.74267

5
1 2 4368 0.96232
2 0 5128 0.970724
4 0 0 0.857642
5 0 0 1.03137
3 0 0 0.921433

7
1 0 9086 0.899379
2 2 491 0.973995
4 0 0 1.10262
5 0 0 0.932032
3 2 1710 0.965282
6 0 0 0.904503
7 0 0 0.942395

3
1 0 9387 0.920084
2 0 0 0.919103
3 0 0 0.920046

3
1 2 741 0.853414
2 0 0 0.848593
3 0 0 0.82999

5
1 0 135 0.885769
2 0 0 1.13277
3 2 4023 0.897429
6 0 0 0.941804
7 0 0 0.860309

3
1 0 1013 0.828374
2 0 0 1.03246
3 0 0 0.729375

3
1 0 3965 0.890309
2 0 0 0.89313
3 0 0 1.0776

3
1 1 3 0.849483
2 0 0 0.814246
3 0 0 0.858129

3
1 0 2058 0.812579
2 0 0 0.944614
3 0 0 0.847762

1
1 0 0 0.794677

3
1 2 5275 0.910989
2 0 0 0.820346
3 0 0 1.09729

5
1 2 3112 0.892864
2 0 3886 0.903085
4 0 0 0.839057
5 0 0 1.02249
3 0 0 0.912751

1
1 0 0 0.801138

3
1 0 1621 0.865811
2 0 0 0.974169
3 0 0 0.690529

1
1 0 0 0.833312

3
1 0 6038 0.887755
2 0 0 0.965117
3 0 0 0.916673

3
1 0 9250 0.949747
2 0 0 0.847197
3 0 0 0.919584

5
1 1 4 0.871402
2 0 797 0.930325
4 0 0 1.00757
5 0 0 0.84467
3 0 0 0.938464

5
1 0 9471 0.844667
2 0 0 0.852322
3 1 2 1.05344
6 0 0 1.08183
7 0 0 1.05053

5
1 2 4886 0.939672
2 0 0 0.924756
3 1 4 0.991291
6 0 0 1.07732
7 0 0 1.06588

3
1 1 3 0.871849
2 0 0 0.836279
3 0 0 0.940095

3
1 0 1040 0.851184
2 0 0 0.893397
3 0 0 0.804258

3
1 0 5204 0.968439
2 0 0 0.908349
3 0 0 0.982782

9
1 2 4766 0.976142
2 0 9406 0.908743
4 0 1527 0.954491
8 0 0 1.00479
9 0 0 0.984009
5 0 0 0.947752
3 0 1223 1.06239
6 0 0 0.905728
7 0 0 1.02482

3
1 1 4 0.864776
2 0 0 0.969468
3 0 0 0.907525

3
1 2 862 0.841646
2 0 0 0.886619
3 0 0 0.890251

3
1 0 3484 0.990139
2 0 0 0.88577
3 0 0 1.03464

3
1 0 9961 0.83155
2 0 0 0.740562
3 0 0 0.907159

3
1 1 3 0.856391
2 0 0 0.827716
3 0 0 0.928524

3
1 1 2 0.888235
2 0 0 0.953858
3 0 0 0.904033

7
1 2 404 0.882132
2 0 0 0.976418
3 2 3369 0.86127
6 0 4059 1.10838
12 0 0 0.899216
13 0 0 1.0362
7 0 0 0.838816

3
1 2 1244 0.918544
2 0 0 0.876638
3 0 0 0.946737

3
1 0 742 0.911734
2 0 0 1.08227
3 0 0 0.800756

1
1 0 0 0.796713

3
1 2 2717 0.890129
2 0 0 0.876945
3 0 0 0.948393

1
1 0 0 0.851495

1
1 0 0 0.792221

3
1 2 4501 0.958765
2 0 0 0.953118
3 0 0 0.968592

3
1 1 4 0.845962
2 0 0 0.8432
3 0 0 1.00628

3
1 0 634 0.903849
2 0 0 1.08177
3 0 0 0.862702

5
1 0 7938 0.926651
2 0 776 0.87042
4 0 0 1.07197
5 0 0 0.872526
3 0 0 0.917051

5
1 0 4677 0.899885
2 0 0 0.940696
3 2 2846 0.953478
6 0 0 1.02678
7 0 0 0.983026

1
1 0 0 0.813888

1
1 0 0 0.760124

3
1 0 9143 0.93364
2 0 0 0.938568
3 0 0 0.999003

3
1 0 5394 0.913956
2 0 0 0.943008
3 0 0 1.04317

5
1 0 9754 0.844639
2 0 0 0.832179
3 2 1383 0.987001
6 0 0 1.08456
7 0 0 1.01739

1
1 0 0 0.837313

1
1 0 0 0.699955

3
1 2 4080 0.966869
2 0 0 0.988265
3 0 0 0.927502

3
1 0 9979 0.92724
2 0 0 0.893997
3 0 0 0.874076

1
1 0 0 0.971901

3
1 2 4231 0.994541
2 0 0 0.936887
3 0 0 0.9833

3
1 0 768 0.94834
2 0 0 0.95821
3 0 0 0.950306

3
1 2 2139 0.916393
2 0 0 0.885826
3 0 0 0.98057

5
1 0 9932 0.875831
2 0 0 0.836681
3 2 4336 1.00494
6 0 0 0.944641
7 0 0 1.01093

3
1 2 2100 0.898971
2 0 0 0.962066
3 0 0 1.0922

3
1 0 1720 0.899009
2 0 0 1.04176
3 0 0 0.832959

3
1 2 1011 0.746819
2 0 0 0.95954
3 0 0 0.837011

5
1 0 9301 0.87435
2 0 0 0.885128
3 0 9563 1.01076
6 0 0 1.01397
7 0 0 1.0468

3
1 0 1245 0.885662
2 0 0 1.14112
3 0 0 0.838714

9
1 0 3522 0.823584
2 0 1433 0.769337
4 0 0 0.822553
5 0 1567 0.756922
10 0 0 1.01299
11 0 0 0.855287
3 1 4 0.943549
6 0 0 0.955005
7 0 0 0.961641

1
1 0 0 0.770432

1
1 0 0 0.807536

5
1 0 3576 0.877318
2 0 1234 0.901121
4 0 0 1.03754
5 0 0 0.80754
3 0 0 0.920015

3
1 0 1360 0.851806
2 0 0 1.1627
3 0 0 1.02196

1
1 0 0 0.952953

7
1 0 6802 0.878143
2 1 2 0.80186
4 0 0 0.916849
5 0 0 0.910851
3 2 2194 1.03298
6 0 0 0.988405
7 0 0 0.993679

3
1 2 68 0.76516
2 0 0 0.875851
3 0 0 0.840193

3
1 0 7897 0.867844
2 0 0 0.854308
3 0 0 0.96928

3
1 1 2 0.831877
2 0 0 0.914882
3 0 0 0.86801

3
1 0 546 0.881682
2 0 0 0.997398
3 0 0 0.816843

3
1 2 2975 0.937282
2 0 0 0.987079
3 0 0 0.799473

3
1 2 5128 0.863457
2 0 0 0.797425
3 0 0 0.964998

3
1 1 3 0.885458
2 0 0 0.79238
3 0 0 0.970974

5
1 2 1455 0.939254
2 0 2284 1.08966
4 0 0 0.9676
5 0 0 0.987038
3 0 0 0.954237

5
1 2 3064 0.920233
2 0 7294 0.971434
4 0 0 0.950186
5 0 0 1.05023
3 0 0 0.922182

1
1 0 0 0.903259

3
1 2 3481 0.933757
2 0 0 0.938412
3 0 0 0.850686

3
1 0 9251 0.885705
2 0 0 0.911335
3 0 0 0.937607

3
1 0 4582 0.928603
2 0 0 0.817304
3 0 0 0.951739

3
1 0 815 0.915873
2 0 0 0.961526
3 0 0 0.820212

5
1 0 5044 0.90385
2 0 0 0.966375
3 0 9816 0.930734
6 0 0 0.950254
7 0 0 1.00765

3
1 2 1860 0.945442
2 0 0 0.923435
3 0 0 0.814653

3
1 1 4 0.891291
2 0 0 0.865602
3 0 0 0.955104

3
1 0 2046 0.81506
2 0 0 0.843401
3 0 0 0.804408

7
1 0 7684 0.898746
2 1 2 0.880395
4 0 2965 0.932093
8 0 0 0.879519
9 0 0 1.09589
5 0 0 0.896539
3 0 0 1.01649

1
1 0 0 0.884887

3
1 0 8833 0.81778
2 0 0 0.840108
3 0 0 1.0463

3
1 0 2588 0.849007
2 0 0 0.743453
3 0 0 1.01982

3
1 1 3 0.882176
2 0 0 0.939745
3 0 0 0.988291

1
1 0 0 0.705697

1
1 0 0 0.805869

5
1 2 989 0.859923
2 0 764 0.978096
4 0 0 1.05577
5 0 0 0.988053
3 0 0 0.860228

5
1 0 5029 0.917673
2 0 0 0.851827
3 0 5601 0.980557
6 0 0 1.09072
7 0 0 0.990414

1
1 0 0 0.874055

3
1 0 9020 0.839159
2 0 0 0.8214
3 0 0 1.03349

3
1 2 258 0.814627
2 0 0 0.890919
3 0 0 0.849194

3
1 0 6484 0.816125
2 0 0 0.780671
3 0 0 0.863981

3
1 1 1 0.86624
2 0 0 0.906998
3 0 0 0.825549

3
1 0 8861 0.859143
2 0 0 0.811984
3 0 0 0.947046

3
1 1 1 0.923425
2 0 0 1.01056
3 0 0 0.893005

5
1 0 5684 0.934431
2 0 0 0.872999
3 2 3590 0.935829
6 0 0 1.01718
7 0 0 0.929511

5
1 2 5182 0.874556
2 1 1 0.878146
4 0 0 0.963729
5 0 0 0.883954
3 0 0 0.955503

7
1 1 4 0.893373
2 0 0 0.903193
3 2 3276 0.975507
6 2 2250 0.964802
12 0 0 1.00204
13 0 0 1.09634
7 0 0 1.04609

3
1 2 5299 0.811762
2 0 0 0.830297
3 0 0 1.07742

5
1 0 8267 0.837673
2 0 0 0.830382
3 2 151 0.937818
6 0 0 1.026
7 0 0 1.03834

3
1 1 4 0.916036
2 0 0 0.812571
3 0 0 0.967093

3
1 1 1 0.812542
2 0 0 0.80849
3 0 0 0.94955

3
1 2 5385 0.767697
2 0 0 0.782981
3 0 0 1.07812

3
1 2 907 0.885988
2 0 0 0.826243
3 0 0 0.839999

3
1 2 5375 0.782325
2 0 0 0.797717
3 0 0 0.929308

3
1 0 1041 0.867569
2 0 0 0.99725
3 0 0 0.875439

3
1 2 4947 0.876895
2 0 0 0.893564
3 0 0 0.967545

1
1 0 0 0.84891

1
1 0 0 0.906974

3
1 2 126 0.896263
2 0 0 0.926775
3 0 0 0.895393

1
1 0 0 0.792618

3
1 0 5355 0.853311
2 0 0 0.823157
3 0 0 1.00692

3
1 1 1 0.889917
2 0 0 0.986355
3 0 0 0.869927

5
1 1 2 0.843853
2 0 3736 1.06562
4 0 0 0.964038
5 0 0 1.09302
3 0 0 0.78863

1
1 0 0 0.819603

5
1 2 117 0.76762
2 0 805 0.908099
4 0 0 1.03383
5 0 0 0.999568
3 0 0 0.841119

3
1 0 370 0.800866
2 0 0 1.07377
3 0 0 0.75884

1
1 0 0 0.755694

3
1 1 1 0.935186
2 0 0 1.10565
3 0 0 0.851388

1
1 0 0 0.93622

1
1 0 0 0.898606

5
1 1 2 0.889289
2 0 0 0.902327
3 0 2617 0.99924
6 0 0 0.787657
7 0 0 1.02542

3
1 2 1352 0.980165
2 0 0 0.978686
3 0 0 0.98524

3
1 0 3456 0.859394
2 0 0 0.846335
3 0 0 1.00487

3
1 1 3 0.864814
2 0 0 0.933936
3 0 0 0.895249

3
1 2 1686 0.868026
2 0 0 0.902839
3 0 0 0.966578

7
1 1 1 0.94528
2 0 0 0.877735
3 2 736 1.00926
6 0 2268 0.849714
12 0 0 0.993221
13 0 0 0.864605
7 0 0 0.97724

5
1 0 1470 0.918974
2 1 4 1.07169
4 0 0 0.970123
5 0 0 1.04276
3 0 0 0.969583

3
1 2 4871 0.826759
2 0 0 0.837602
3 0 0 0.912679

1
1 0 0 0.923814

3
1 2 1780 0.960622
2 0 0 0.856821
3 0 0 1.02294

3
1 1 1 0.87918
2 0 0 1.06703
3 0 0 0.908806

1
1 0 0 0.942498

3
1 0 1754 0.867208
2 0 0 0.991254
3 0 0 0.784926

3
1 2 4276 0.876191
2 0 0 0.940996
3 0 0 0.773849

5
1 1 2 0.928142
2 1 1 0.95734
4 0 0 0.981173
5 0 0 0.897652
3 0 0 0.942829

3
1 0 4155 0.915087
2 0 0 0.893238
3 0 0 0.934548

3
1 2 5386 0.825788
2 0 0 0.769418
3 0 0 0.923524

3
1 2 5158 0.904484
2 0 0 0.900567
3 0 0 1.0084

7
1 0 4439 0.907646
2 0 2050 0.888219
4 0 0 0.929398
5 0 0 0.929517
3 1 2 0.976365
6 0 0 0.94664
7 0 0 1.00039

3
1 0 2850 0.91942
2 0 0 0.892573
3 0 0 0.912431

3
1 0 9282 0.876218
2 0 0 0.899909
3 0 0 0.978695

3
1 2 4832 0.780914
2 0 0 0.806346
3 0 0 0.917786

1
1 0 0 0.807526

3
1 1 3 0.874783
2 0 0 0.807005
3 0 0 0.919686

3
1 0 9616 0.93442
2 0 0 0.845431
3 0 0 0.85698

3
1 0 3530 0.856769
2 0 0 0.821743
3 0 0 1.02304

5
1 0 2942 0.923361
2 0 0 0.751337
3 1 3 0.921562
6 0 0 1.09493
7 0 0 0.864035

1
1 0 0 0.909048

3
1 0 8478 0.831117
2 0 0 0.840663
3 0 0 0.90267

3
1 1 4 0.848925
2 0 0 0.780177
3 0 0 1.01979

3
1 2 484 0.936301
2 0 0 0.980877
3 0 0 0.842529

3
1 2 515 0.903303
2 0 0 1.03836
3 0 0 0.883814

7
1 2 3192 0.926581
2 0 2775 0.897132
4 0 0 1.00648
5 0 0 1.05504
3 1 1 0.891438
6 0 0 0.887698
7 0 0 0.931202

3
1 1 4 0.911111
2 0 0 0.978788
3 0 0 0.9941

5
1 0 6346 0.791797
2 0 0 0.869167
3 1 3 0.886331
6 0 0 0.910288
7 0 0 0.974232

3
1 0 4867 0.967824
2 0 0 0.81645
3 0 0 0.94212

3
1 2 5388 0.836386
2 0 0 0.886681
3 0 0 1.13312

5
1 0 3589 0.917598
2 0 0 0.697718
3 1 3 0.948737
6 0 0 0.911711
7 0 0 1.01719

1
1 0 0 0.876416

3
1 2 2379 0.870649
2 0 0 0.925301
3 0 0 0.87244

3
1 0 3817 0.952705
2 0 0 0.789478
3 0 0 0.89079

5
1 0 2416 0.893547
2 0 656 0.967452
4 0 0 0.930441
5 0 0 0.76437
3 0 0 0.893571

3
1 2 187 0.859762
2 0 0 1.00481
3 0 0 0.888674

7
1 1 3 0.985349
2 0 345 0.921963
4 0 0 1.00695
5 0 0 0.887047
3 1 4 1.10906
6 0 0 0.949617
7 0 0 0.929545

5
1 2 4434 0.888749
2 0 0 0.873218
3 1 2 0.948414
6 0 0 0.99366
7 0 0 0.9351

3
1 0 3566 0.959315
2 0 0 1.01514
3 0 0 0.984739

3
1 2 136 0.854085
2 0 0 0.884586
3 0 0 0.889943

3
1 0 1290 0.791913
2 0 0 1.09145
3 0 0 0.753988

5
1 1 3 0.894158
2 0 4310 0.937651
4 0 0 0.962698
5 0 0 0.983543
3 0 0 0.893165

3
1 2 2581 0.893875
2 0 0 0.862823
3 0 0 0.891449

3
1 2 5361 0.860157
2 0 0 0.739548
3 0 0 1.02244

3
1 0 9259 0.832762
2 0 0 0.904647
3 0 0 1.02734

1
1 0 0 0.799097

3
1 2 3434 0.973632
2 0 0 1.00141
3 0 0 0.905667

1
1 0 0 0.914741

3
1 0 4949 0.86693
2 0 0 0.894505
3 0 0 1.10723

3
1 2 4477 0.96774
2 0 0 0.991676
3 0 0 0.903466

1
1 0 0 0.872014

3
1 0 2011 0.948502
2 0 0 1.05531
3 0 0 0.952019

3
1 2 1565 0.943539
2 0 0 0.988442
3 0 0 0.894358

3
1 2 3223 0.888307
2 0 0 0.81544
3 0 0 0.907965

3
1 0 894 0.824388
2 0 0 1.15915
3 0 0 0.785766

3
1 0 4247 0.838379
2 0 0 0.917253
3 0 0 0.974486

3
1 0 2495 0.922087
2 0 0 0.828478
3 0 0 0.886182

3
1 2 1585 0.944239
2 0 0 0.881263
3 0 0 0.962722

3
1 2 174 0.690986
2 0 0 1.04623
3 0 0 0.95129

3
1 0 3001 0.835899
2 0 0 0.822148
3 0 0 0.904009

5
1 0 9774 0.771142
2 0 0 0.722104
3 0 9939 1.01689
6 0 0 0.999884
7 0 0 0.987928

9
1 2 2107 0.934943
2 0 0 1.00276
3 0 3831 0.933989
6 0 1633 0.896963
12 0 0 0.927285
13 0 0 0.978504
7 1 4 0.914771
14 0 0 0.969332
15 0 0 1.05902

3
1 0 861 0.829104
2 0 0 1.02637
3 0 0 0.828924

5
1 0 280 0.873114
2 0 34 1.03863
4 0 0 1.06463
5 0 0 1.00763
3 0 0 0.820461

1
1 0 0 0.897514

1
1 0 0 0.790706

7
1 2 1628 0.854699
2 1 3 0.906813
4 2 1624 0.982458
8 0 0 0.955034
9 0 0 1.05045
5 0 0 0.978337
3 0 0 0.752383

3
1 0 9517 0.886911
2 0 0 0.854859
3 0 0 0.997029

3
1 0 1105 0.817296
2 0 0 0.802673
3 0 0 0.817345

3
1 1 4 0.778189
2 0 0 0.752661
3 0 0 0.926726

3
1 1 2 0.911852
2 0 0 0.837951
3 0 0 0.943834

1
1 0 0 0.825925

3
1 2 3964 0.910629
2 0 0 0.989061
3 0 0 0.875466

1
1 0 0 0.850473

3
1 0 6882 0.750591
2 0 0 0.865609
3 0 0 1.00945

3
1 0 9434 0.806292
2 0 0 0.858615
3 0 0 0.956717

3
1 0 6414 0.832313
2 0 0 0.86294
3 0 0 0.929894

3
1 0 1041 0.867569
2 0 0 1.02982
3 0 0 0.768129

3
1 1 3 0.8768
2 0 0 0.933715
3 0 0 0.963631

3
1 0 270 0.858108
2 0 0 1.09997
3 0 0 0.86088

1
1 0 0 0.898387

3
1 1 4 0.872005
2 0 0 0.853067
3 0 0 0.958272

5
1 0 7412 0.83849
2 2 3398 0.840687
4 0 0 0.869108
5 0 0 0.980584
3 0 0 0.821461

3
1 0 7326 0.856267
2 0 0 0.864694
3 0 0 0.943756

1
1 0 0 0.722064

3
1 1 2 0.871101
2 0 0 0.903292
3 0 0 0.862507

3
1 0 1534 0.908227
2 0 0 1.00817
3 0 0 0.873095

3
1 2 4683 0.911013
2 0 0 0.928599
3 0 0 0.998643

3
1 1 1 0.872254
2 0 0 0.950043
3 0 0 0.836062

3
1 2 42 0.773099
2 0 0 0.946496
3 0 0 0.81147

1
1 0 0 0.823953

3
1 1 2 0.883376
2 0 0 1.00646
3 0 0 0.860073

3
1 0 8856 0.803704
2 0 0 0.711954
3 0 0 0.84364

1
1 0 0 0.789299

5
1 0 693 0.929881
2 0 0 0.872572
3 0 6670 0.946705
6 0 0 0.860307
7 0 0 1.03148

3
1 2 70 0.871876
2 0 0 1.02066
3 0 0 0.910165

3
1 0 7909 0.90038
2 0 0 0.89067
3 0 0 0.879201

3
1 0 4386 0.90881
2 0 0 0.895968
3 0 0 1.01844

3
1 0 8768 0.884768
2 0 0 0.805636
3 0 0 0.905134

1
1 0 0 0.820071

1
1 0 0 0.816459

1
1 0 0 0.742759

3
1 2 3571 0.907734
2 0 0 0.882934
3 0 0 0.918754

3
1 0 9934 0.764218
2 0 0 0.734657
3 0 0 1.02585

5
1 0 4521 0.976392
2 0 801 0.891008
4 0 0 1.05989
5 0 0 0.788939
3 0 0 1.0655

7
1 0 5108 0.962471
2 2 1037 0.896287
4 0 0 1.04585
5 0 0 0.936841
3 0 8902 1.03952
6 0 0 1.01715
7 0 0 1.14823

3
1 2 2465 0.901518
2 0 0 0.953421
3 0 0 1.08108

3
1 0 9656 0.950706
2 0 0 0.820648
3 0 0 0.91562

3
1 0 7994 0.904158
2 0 0 0.918661
3 0 0 0.875226

3
1 0 1956 0.873638
2 0 0 0.886184
3 0 0 0.877835

3
1 1 1 0.861139
2 0 0 1.01201
3 0 0 0.97213

3
1 2 5196 0.901117
2 0 0 0.980115
3 0 0 1.01745

3
1 2 5296 0.849694
2 0 0 0.898106
3 0 0 1.12179

3
1 1 3 0.944573
2 0 0 0.89218
3 0 0 0.834145

1
1 0 0 0.869429

3
1 0 8152 0.950865
2 0 0 0.858951
3 0 0 1.03011

3
1 1 1 0.907444
2 0 0 1.07328
3 0 0 0.928566

1
1 0 0 0.95432

3
1 1 3 0.847882
2 0 0 0.930477
3 0 0 1.01338

1
1 0 0 0.757507

3
1 1 4 0.875696
2 0 0 0.898584
3 0 0 0.924019

5
1 2 3083 0.984644
2 0 4231 1.00879
4 0 0 0.947154
5 0 0 1.0722
3 0 0 0.872473

5
1 2 2946 0.88282
2 0 0 0.865076
3 1 4 0.912931
6 0 0 0.896817
7 0 0 0.932658

3
1 2 5250 0.801035
2 0 0 0.742483
3 0 0 0.957737

3
1 2 1504 0.907396
2 0 0 0.8949
3 0 0 0.943479

3
1 0 1282 0.812542
2 0 0 0.958282
3 0 0 0.866173

3
1 2 3512 0.891295
2 0 0 0.885659
3 0 0 0.913969

3
1 1 2 0.811931
2 0 0 0.955636
3 0 0 0.825566

3
1 0 7613 0.829477
2 0 0 0.784148
3 0 0 0.908947

3
1 2 3250 0.873942
2 0 0 0.989945
3 0 0 0.853141

1
1 0 0 0.921943

3
1 0 2017 0.867811
2 0 0 1.00343
3 0 0 0.89705

5
1 1 3 0.877002
2 2 5273 0.904695
4 0 0 0.976918
5 0 0 0.951975
3 0 0 0.963564

3
1 1 3 0.899676
2 0 0 0.79441
3 0 0 0.88023

5
1 0 9451 0.914078
2 0 0 0.911901
3 1 4 0.879699
6 0 0 0.907458
7 0 0 1.04758

3
1 2 300 0.850994
2 0 0 0.916952
3 0 0 0.858088

5
1 2 5182 0.861422
2 2 4220 0.937805
4 0 0 0.925092
5 0 0 0.932231
3 0 0 1.07623

3
1 2 377 0.902227
2 0 0 0.913688
3 0 0 0.88491

5
1 0 9691 0.857859
2 2 52 0.794005
4 0 0 0.966439
5 0 0 0.750834
3 0 0 1.03958

3
1 0 6407 0.981734
2 0 0 0.95947
3 0 0 0.998304

1
1 0 0 0.908971

5
1 0 712 0.867687
2 0 0 0.988792
3 0 5759 0.801991
6 0 0 0.74199
7 0 0 0.866096

9
1 0 4563 0.87235
2 0 4527 0.968391
4 0 0 0.837777
5 0 0 0.981024
3 1 4 1.06552
6 0 8352 0.970725
12 0 0 1.10754
13 0 0 0.992055
7 0 0 1.12123

3
1 0 1731 0.82961
2 0 0 1.06633
3 0 0 0.857864

5
1 0 7939 0.86677
2 0 3646 0.927596
4 0 0 0.965401
5 0 0 0.972873
3 0 0 0.808452

5
1 2 691 0.905157
2 0 0 0.940696
3 2 1194 0.904461
6 0 0 0.975137
7 0 0 0.941533

1
1 0 0 0.795464

3
1 0 1904 0.833739
2 0 0 0.902775
3 0 0 0.824817

3
1 0 4508 0.847992
2 0 0 0.766777
3 0 0 1.10157

5
1 1 1 0.91471
2 0 0 0.964863
3 0 8265 0.908666
6 0 0 0.863807
7 0 0 0.981806

3
1 0 9185 0.831583
2 0 0 0.804608
3 0 0 1.02385

3
1 0 7460 0.820118
2 0 0 0.837479
3 0 0 0.978067

3
1 1 4 0.839101
2 0 0 0.844363
3 0 0 1.05919

3
1 0 722 0.944741
2 0 0 0.935363
3 0 0 0.834088

3
1 0 6967 0.946101
2 0 0 0.823154
3 0 0 0.919102

1
1 0 0 0.894769

3
1 2 3963 0.986039
2 0 0 0.969744
3 0 0 0.931546

5
1 2 2553 0.957447
2 1 2 1.00086
4 0 0 0.870558
5 0 0 0.992837
3 0 0 0.88915

3
1 2 1107 0.955569
2 0 0 1.05621
3 0 0 0.897485

3
1 0 4393 0.875093
2 0 0 0.825349
3 0 0 1.14715

5
1 1 1 0.932348
2 0 0 0.926011
3 2 3967 0.918789
6 0 0 0.864919
7 0 0 0.941067

3
1 0 9014 0.946108
2 0 0 0.810431
3 0 0 0.982945

9
1 2 5143 0.964422
2 0 244 0.920444
4 1 3 1.16989
8 0 0 0.835185
9 0 0 0.948326
5 0 0 0.912769
3 2 5215 0.831535
6 0 0 1.02207
7 0 0 0.832128

5
1 2 2756 0.984061
2 0 0 1.08541
3 2 3724 0.85679
6 0 0 1.02918
7 0 0 0.862877

9
1 1 2 0.926379
2 1 1 0.968226
4 0 0 0.914041
5 0 0 1.1479
3 0 6034 0.91247
6 0 0 0.849627
7 0 6710 1.00509
14 0 0 0.861525
15 0 0 1.00367

3
1 2 23 1.00119
2 0 0 0.955444
3 0 0 0.945133

1
1 0 0 0.851463

3
1 0 157 0.788626
2 0 0 0.928273
3 0 0 0.729544

3
1 0 972 0.767788
2 0 0 0.917636
3 0 0 0.731998

3
1 0 3036 0.868842
2 0 0 0.872242
3 0 0 0.969706

3
1 0 4819 0.883497
2 0 0 0.837032
3 0 0 0.839882

3
1 1 3 0.831497
2 0 0 0.968641
3 0 0 1.00628

3
1 2 539 0.748144
2 0 0 0.892456
3 0 0 0.771067

1
1 0 0 0.6756

7
1 0 1736 0.897202
2 0 790 0.987054
4 0 0 0.90732
5 0 0 0.960681
3 2 5214 0.87627
6 0 0 0.857295
7 0 0 0.920527

1
1 0 0 0.742758

1
1 0 0 0.857475

5
1 2 5040 0.873307
2 0 0 0.856193
3 0 2163 0.93342
6 0 0 1.03869
7 0 0 1.02447

3
1 2 3565 0.856624
2 0 0 0.906179
3 0 0 0.970331

3
1 0 1248 0.783608
2 0 0 1.08799
3 0 0 0.900218

3
1 0 9023 0.986433
2 0 0 0.965727
3 0 0 1.05629

3
1 0 1034 0.717655
2 0 0 0.948275
3 0 0 0.898369

3
1 0 9154 0.902275
2 0 0 0.85131
3 0 0 1.05434

3
1 2 1480 0.803776
2 0 0 0.78199
3 0 0 0.81495

3
1 0 14 0.856365
2 0 0 1.02873
3 0 0 0.923678

3
1 2 2946 0.935702
2 0 0 0.955815
3 0 0 0.889959

3
1 0 9959 0.728681
2 0 0 0.738981
3 0 0 0.955369

3
1 0 6461 0.939425
2 0 0 1.04137
3 0 0 0.948801

1
1 0 0 0.661058

5
1 2 396 0.902429
2 1 2 1.08469
4 0 0 0.951843
5 0 0 0.946774
3 0 0 0.926609

1
1 0 0 0.887716

3
1 0 2481 0.934283
2 0 0 0.843001
3 0 0 1.02847

3
1 1 4 0.857283
2 0 0 0.84369
3 0 0 0.875075

3
1 0 1061 0.806889
2 0 0 1.00636
3 0 0 0.839364

3
1 0 4694 0.880555
2 0 0 0.816769
3 0 0 0.980211

1
1 0 0 0.824809

1
1 0 0 0.882337

7
1 0 950 0.794734
2 1 3 0.990096
4 0 0 0.95854
5 2 1516 1.01849
10 0 0 0.984879
11 0 0 1.03563
3 0 0 0.817323

3
1 2 3720 0.861015
2 0 0 0.838673
3 0 0 0.857821

1
1 0 0 0.867786

1
1 0 0 0.843731

1
1 0 0 0.864032

3
1 0 4558 0.89516
2 0 0 0.924998
3 0 0 1.06684

7
1 2 669 0.84617
2 1 4 0.845791
4 0 0 0.981069
5 0 0 0.937528
3 2 3991 0.881772
6 0 0 0.96036
7 0 0 0.800723

5
1 0 9514 0.844687
2 0 0 0.782955
3 1 4 0.998745
6 0 0 1.07603
7 0 0 1.10823

1
1 0 0 0.774647

5
1 0 1711 0.790657
2 0 954 1.04807
4 0 0 0.8791
5 0 0 0.974597
3 0 0 0.851279

7
1 2 4734 0.831675
2 0 0 0.85496
3 1 4 0.990115
6 0 6345 0.935361
12 0 0 1.07151
13 0 0 0.950245
7 0 0 1.01988

3
1 2 3972 0.845329
2 0 0 0.858917
3 0 0 0.863123

3
1 0 4247 0.806549
2 0 0 0.881221
3 0 0 0.956017

1
1 0 0 0.879294

3
1 0 5468 0.899152
2 0 0 0.84838
3 0 0 0.960893

3
1 0 8716 0.927508
2 0 0 0.871571
3 0 0 1.0115

3
1 0 184 0.753805
2 0 0 0.972225
3 0 0 0.768998

3
1 0 5928 0.918746
2 0 0 0.917058
3 0 0 1.08215

3
1 2 1148 0.93679
2 0 0 0.989955
3 0 0 0.923919

5
1 2 3496 0.884077
2 0 0 0.84585
3 2 4255 0.970589
6 0 0 1.07419
7 0 0 0.93984

7
1 0 5953 0.897738
2 0 4499 0.931026
4 0 0 0.781578
5 0 4635 1.02214
10 0 0 0.994343
11 0 0 1.20483
3 0 0 0.971786

3
1 2 48 0.790421
2 0 0 0.915551
3 0 0 0.848965

7
1 2 169 0.951687
2 0 0 0.957073
3 0 2466 0.995933
6 0 1110 0.913171
12 0 0 0.982313
13 0 0 0.864808
7 0 0 0.973409

3
1 2 4565 0.945749
2 0 0 0.955615
3 0 0 0.900213

3
1 0 2822 0.833231
2 0 0 0.78691
3 0 0 0.937826

3
1 2 4564 0.894684
2 0 0 0.921091
3 0 0 0.925648

1
1 0 0 0.850757

1
1 0 0 0.778316

1
1 0 0 0.936759

5
1 0 901 0.955966
2 0 0 0.970156
3 0 7294 0.958516
6 0 0 0.929827
7 0 0 0.903858

3
1 0 1283 0.927514
2 0 0 0.902558
3 0 0 0.831914

5
1 1 2 0.969368
2 0 0 0.955351
3 1 4 0.918943
6 0 0 0.867101
7 0 0 0.965406

3
1 2 367 0.954438
2 0 0 1.08014
3 0 0 1.02353

7
1 0 1762 0.873265
2 2 3362 1.05321
4 0 0 0.996744
5 0 0 1.01474
3 2 4133 0.876638
6 0 0 0.919843
7 0 0 0.885721

3
1 1 4 0.845936
2 0 0 0.804465
3 0 0 0.982181

3
1 0 9003 0.886173
2 0 0 0.82368
3 0 0 0.963978

3
1 1 4 0.956017
2 0 0 0.978748
3 0 0 1.03047

3
1 0 3268 0.900207
2 0 0 0.915773
3 0 0 0.894343

3
1 2 3150 0.911063
2 0 0 0.908874
3 0 0 0.839735

3
1 1 1 0.922279
2 0 0 0.889147
3 0 0 0.862563

3
1 1 4 0.86559
2 0 0 0.88108
3 0 0 0.936509

5
1 0 3224 0.836879
2 1 4 0.938011
4 0 0 0.967532
5 0 0 0.96775
3 0 0 0.884931

7
1 2 235 0.821109
2 0 638 0.935708
4 0 0 1.00608
5 0 0 0.947581
3 0 5228 0.929479
6 0 0 0.915054
7 0 0 0.943216

1
1 0 0 0.756729

5
1 0 2814 0.92018
2 0 0 0.945697
3 2 1087 0.923078
6 0 0 0.878499
7 0 0 0.936153

5
1 0 4563 0.87235
2 0 0 0.777153
3 1 3 1.04196
6 0 0 1.00491
7 0 0 1.03661

5
1 2 1123 0.783078
2 0 0 0.939781
3 0 8142 0.991753
6 0 0 0.93026
7 0 0 0.961408

3
1 0 1459 0.887661
2 0 0 1.0019
3 0 0 0.900537

1
1 0 0 0.752369

1
1 0 0 0.803669

3
1 1 4 0.914381
2 0 0 0.963649
3 0 0 0.928982

3
1 1 2 0.91313
2 0 0 1.05801
3 0 0 0.887315

3
1 0 7332 0.883603
2 0 0 0.949457
3 0 0 1.07299

1
1 0 0 0.799142

3
1 0 3719 0.920986
2 0 0 0.866511
3 0 0 0.932728

3
1 0 1270 0.786959
2 0 0 1.11298
3 0 0 0.800089

3
1 1 2 0.884773
2 0 0 0.919105
3 0 0 0.912714

3
1 1 1 0.905484
2 0 0 0.950796
3 0 0 0.805572

5
1 2 4660 0.917689
2 0 3440 0.894822
4 0 0 0.869195
5 0 0 0.986081
3 0 0 0.971559

1
1 0 0 0.863638

1
1 0 0 0.856366

3
1 0 481 0.892716
2 0 0 1.00632
3 0 0 0.760062

7
1 0 1286 0.824271
2 0 394 1.0299
4 0 0 0.973055
5 1 4 0.935184
10 0 0 1.00745
11 0 0 1.07671
3 0 0 0.777283

1
1 0 0 0.950895

3
1 1 3 0.879711
2 0 0 0.923114
3 0 0 0.935493

7
1 1 3 0.89752
2 1 2 0.885877
4 0 0 0.918162
5 0 0 0.955899
3 2 3156 1.13108
6 0 0 1.00616
7 0 0 1.06387

5
1 2 1973 0.833919
2 0 3201 0.842155
4 0 0 0.821076
5 0 0 0.85478
3 0 0 0.820087

5
1 0 2448 0.937169
2 0 0 0.842253
3 2 5102 1.05201
6 0 0 1.06273
7 0 0 1.00403

3
1 2 1194 0.919668
2 0 0 0.907477
3 0 0 0.792232

3
1 0 3687 0.881992
2 0 0 0.819793
3 0 0 0.993439

3
1 2 843 0.971174
2 0 0 0.908858
3 0 0 0.953642

3
1 0 4803 0.952577
2 0 0 1.00419
3 0 0 1.03489

3
1 1 2 0.88814
2 0 0 0.900649
3 0 0 0.828386

5
1 0 7552 0.938392
2 0 0 0.848959
3 1 1 0.995011
6 0 0 1.09622
7 0 0 1.03372

3
1 1 4 0.922105
2 0 0 0.939989
3 0 0 0.952474

3
1 2 2444 0.920535
2 0 0 0.900343
3 0 0 0.914279

3
1 0 2816 0.807493
2 0 0 0.789909
3 0 0 0.884145

3
1 1 2 0.837461
2 0 0 0.878946
3 0 0 0.881356

3
1 0 8472 0.782642
2 0 0 0.878331
3 0 0 0.876561

1
1 0 0 0.817403

3
1 0 9797 0.74324
2 0 0 0.681036
3 0 0 1.09735

3
1 0 1469 0.851029
2 0 0 0.970601
3 0 0 0.73252

3
1 1 4 0.748065
2 0 0 0.774104
3 0 0 0.91513

3
1 2 4763 0.888384
2 0 0 0.867168
3 0 0 0.930376

5
1 2 4937 0.929086
2 1 3 0.885716
4 0 0 0.830407
5 0 0 0.951184
3 0 0 0.844539

3
1 0 870 0.818904
2 0 0 0.982728
3 0 0 0.836836

3
1 0 1386 0.867937
2 0 0 0.932655
3 0 0 0.891977

1
1 0 0 0.849034

3
1 0 3885 0.854241
2 0 0 0.892597
3 0 0 0.961926

3
1 2 5076 0.885021
2 0 0 0.859929
3 0 0 0.919644

5
1 2 5001 0.915641
2 0 0 0.82333
3 1 1 0.962371
6 0 0 1.01958
7 0 0 0.880954

3
1 0 9080 0.861158
2 0 0 0.841671
3 0 0 1.03394

3
1 0 1143 0.87429
2 0 0 1.01933
3 0 0 0.815184

3
1 0 6595 0.954182
2 0 0 0.886322
3 0 0 0.935922

3
1 1 4 0.886683
2 0 0 0.909755
3 0 0 0.888143

3
1 0 1125 0.880792
2 0 0 1.12855
3 0 0 0.884325

9
1 2 816 0.794629
2 1 4 0.956624
4 0 6263 0.936857
8 0 0 0.997805
9 0 0 0.950003
5 0 5219 0.89795
10 0 0 0.939043
11 0 0 0.950003
3 0 0 0.900838

1
1 0 0 0.773783

1
1 0 0 0.928115

3
1 1 1 0.837537
2 0 0 0.886523
3 0 0 0.825153

7
1 2 3439 0.819365
2 0 2412 0.949017
4 0 0 0.929899
5 0 0 0.987408
3 2 3969 0.897924
6 0 0 0.929536
7 0 0 0.916704

1
1 0 0 0.817273

