2
9999
0.0001
0.0002
0.0003
0.0004
0.0005
0.0006
0.0007
0.0008
0.0009
0.001
0.0011
0.0012
0.0013
0.0014
0.0015
0.0016
0.0017
0.0018
0.0019
0.002
0.0021
0.0022
0.0023
0.0024
0.0025
0.0026
0.0027
0.0028
0.0029
0.003
0.0031
0.0032
0.0033
0.0034
0.0035
0.0036
0.0037
0.0038
0.0039
0.004
0.0041
0.0042
0.0043
0.0044
0.0045
0.0046
0.0047
0.0048
0.0049
0.005
0.0051
0.0052
0.0053
0.0054
0.0055
0.0056
0.0057
0.0058
0.0059
0.006
0.0061
0.0062
0.0063
0.0064
0.0065
0.0066
0.0067
0.0068
0.0069
0.007
0.0071
0.0072
0.0073
0.0074
0.0075
0.0076
0.0077
0.0078
0.0079
0.008
0.0081
0.0082
0.0083
0.0084
0.0085
0.0086
0.0087
0.0088
0.0089
0.009
0.0091
0.0092
0.0093
0.0094
0.0095
0.0096
0.0097
0.0098
0.0099
0.01
0.0101
0.0102
0.0103
0.0104
0.0105
0.0106
0.0107
0.0108
0.0109
0.011
0.0111
0.0112
0.0113
0.0114
0.0115
0.0116
0.0117
0.0118
0.0119
0.012
0.0121
0.0122
0.0123
0.0124
0.0125
0.0126
0.0127
0.0128
0.0129
0.013
0.0131
0.0132
0.0133
0.0134
0.0135
0.0136
0.0137
0.0138
0.0139
0.014
0.0141
0.0142
0.0143
0.0144
0.0145
0.0146
0.0147
0.0148
0.0149
0.015
0.0151
0.0152
0.0153
0.0154
0.0155
0.0156
0.0157
0.0158
0.0159
0.016
0.0161
0.0162
0.0163
0.0164
0.0165
0.0166
0.0167
0.0168
0.0169
0.017
0.0171
0.0172
0.0173
0.0174
0.0175
0.0176
0.0177
0.0178
0.0179
0.018
0.0181
0.0182
0.0183
0.0184
0.0185
0.0186
0.0187
0.0188
0.0189
0.019
0.0191
0.0192
0.0193
0.0194
0.0195
0.0196
0.0197
0.0198
0.0199
0.02
0.0201
0.0202
0.0203
0.0204
0.0205
0.0206
0.0207
0.0208
0.0209
0.021
0.0211
0.0212
0.0213
0.0214
0.0215
0.0216
0.0217
0.0218
0.0219
0.022
0.0221
0.0222
0.0223
0.0224
0.0225
0.0226
0.0227
0.0228
0.0229
0.023
0.0231
0.0232
0.0233
0.0234
0.0235
0.0236
0.0237
0.0238
0.0239
0.024
0.0241
0.0242
0.0243
0.0244
0.0245
0.0246
0.0247
0.0248
0.0249
0.025
0.0251
0.0252
0.0253
0.0254
0.0255
0.0256
0.0257
0.0258
0.0259
0.026
0.0261
0.0262
0.0263
0.0264
0.0265
0.0266
0.0267
0.0268
0.0269
0.027
0.0271
0.0272
0.0273
0.0274
0.0275
0.0276
0.0277
0.0278
0.0279
0.028
0.0281
0.0282
0.0283
0.0284
0.0285
0.0286
0.0287
0.0288
0.0289
0.029
0.0291
0.0292
0.0293
0.0294
0.0295
0.0296
0.0297
0.0298
0.0299
0.03
0.0301
0.0302
0.0303
0.0304
0.0305
0.0306
0.0307
0.0308
0.0309
0.031
0.0311
0.0312
0.0313
0.0314
0.0315
0.0316
0.0317
0.0318
0.0319
0.032
0.0321
0.0322
0.0323
0.0324
0.0325
0.0326
0.0327
0.0328
0.0329
0.033
0.0331
0.0332
0.0333
0.0334
0.0335
0.0336
0.0337
0.0338
0.0339
0.034
0.0341
0.0342
0.0343
0.0344
0.0345
0.0346
0.0347
0.0348
0.0349
0.035
0.0351
0.0352
0.0353
0.0354
0.0355
0.0356
0.0357
0.0358
0.0359
0.036
0.0361
0.0362
0.0363
0.0364
0.0365
0.0366
0.0367
0.0368
0.0369
0.037
0.0371
0.0372
0.0373
0.0374
0.0375
0.0376
0.0377
0.0378
0.0379
0.038
0.0381
0.0382
0.0383
0.0384
0.0385
0.0386
0.0387
0.0388
0.0389
0.039
0.0391
0.0392
0.0393
0.0394
0.0395
0.0396
0.0397
0.0398
0.0399
0.04
0.0401
0.0402
0.0403
0.0404
0.0405
0.0406
0.0407
0.0408
0.0409
0.041
0.0411
0.0412
0.0413
0.0414
0.0415
0.0416
0.0417
0.0418
0.0419
0.042
0.0421
0.0422
0.0423
0.0424
0.0425
0.0426
0.0427
0.0428
0.0429
0.043
0.0431
0.0432
0.0433
0.0434
0.0435
0.0436
0.0437
0.0438
0.0439
0.044
0.0441
0.0442
0.0443
0.0444
0.0445
0.0446
0.0447
0.0448
0.0449
0.045
0.0451
0.0452
0.0453
0.0454
0.0455
0.0456
0.0457
0.0458
0.0459
0.046
0.0461
0.0462
0.0463
0.0464
0.0465
0.0466
0.0467
0.0468
0.0469
0.047
0.0471
0.0472
0.0473
0.0474
0.0475
0.0476
0.0477
0.0478
0.0479
0.048
0.0481
0.0482
0.0483
0.0484
0.0485
0.0486
0.0487
0.0488
0.0489
0.049
0.0491
0.0492
0.0493
0.0494
0.0495
0.0496
0.0497
0.0498
0.0499
0.05
0.0501
0.0502
0.0503
0.0504
0.0505
0.0506
0.0507
0.0508
0.0509
0.051
0.0511
0.0512
0.0513
0.0514
0.0515
0.0516
0.0517
0.0518
0.0519
0.052
0.0521
0.0522
0.0523
0.0524
0.0525
0.0526
0.0527
0.0528
0.0529
0.053
0.0531
0.0532
0.0533
0.0534
0.0535
0.0536
0.0537
0.0538
0.0539
0.054
0.0541
0.0542
0.0543
0.0544
0.0545
0.0546
0.0547
0.0548
0.0549
0.055
0.0551
0.0552
0.0553
0.0554
0.0555
0.0556
0.0557
0.0558
0.0559
0.056
0.0561
0.0562
0.0563
0.0564
0.0565
0.0566
0.0567
0.0568
0.0569
0.057
0.0571
0.0572
0.0573
0.0574
0.0575
0.0576
0.0577
0.0578
0.0579
0.058
0.0581
0.0582
0.0583
0.0584
0.0585
0.0586
0.0587
0.0588
0.0589
0.059
0.0591
0.0592
0.0593
0.0594
0.0595
0.0596
0.0597
0.0598
0.0599
0.06
0.0601
0.0602
0.0603
0.0604
0.0605
0.0606
0.0607
0.0608
0.0609
0.061
0.0611
0.0612
0.0613
0.0614
0.0615
0.0616
0.0617
0.0618
0.0619
0.062
0.0621
0.0622
0.0623
0.0624
0.0625
0.0626
0.0627
0.0628
0.0629
0.063
0.0631
0.0632
0.0633
0.0634
0.0635
0.0636
0.0637
0.0638
0.0639
0.064
0.0641
0.0642
0.0643
0.0644
0.0645
0.0646
0.0647
0.0648
0.0649
0.065
0.0651
0.0652
0.0653
0.0654
0.0655
0.0656
0.0657
0.0658
0.0659
0.066
0.0661
0.0662
0.0663
0.0664
0.0665
0.0666
0.0667
0.0668
0.0669
0.067
0.0671
0.0672
0.0673
0.0674
0.0675
0.0676
0.0677
0.0678
0.0679
0.068
0.0681
0.0682
0.0683
0.0684
0.0685
0.0686
0.0687
0.0688
0.0689
0.069
0.0691
0.0692
0.0693
0.0694
0.0695
0.0696
0.0697
0.0698
0.0699
0.07
0.0701
0.0702
0.0703
0.0704
0.0705
0.0706
0.0707
0.0708
0.0709
0.071
0.0711
0.0712
0.0713
0.0714
0.0715
0.0716
0.0717
0.0718
0.0719
0.072
0.0721
0.0722
0.0723
0.0724
0.0725
0.0726
0.0727
0.0728
0.0729
0.073
0.0731
0.0732
0.0733
0.0734
0.0735
0.0736
0.0737
0.0738
0.0739
0.074
0.0741
0.0742
0.0743
0.0744
0.0745
0.0746
0.0747
0.0748
0.0749
0.075
0.0751
0.0752
0.0753
0.0754
0.0755
0.0756
0.0757
0.0758
0.0759
0.076
0.0761
0.0762
0.0763
0.0764
0.0765
0.0766
0.0767
0.0768
0.0769
0.077
0.0771
0.0772
0.0773
0.0774
0.0775
0.0776
0.0777
0.0778
0.0779
0.078
0.0781
0.0782
0.0783
0.0784
0.0785
0.0786
0.0787
0.0788
0.0789
0.079
0.0791
0.0792
0.0793
0.0794
0.0795
0.0796
0.0797
0.0798
0.0799
0.08
0.0801
0.0802
0.0803
0.0804
0.0805
0.0806
0.0807
0.0808
0.0809
0.081
0.0811
0.0812
0.0813
0.0814
0.0815
0.0816
0.0817
0.0818
0.0819
0.082
0.0821
0.0822
0.0823
0.0824
0.0825
0.0826
0.0827
0.0828
0.0829
0.083
0.0831
0.0832
0.0833
0.0834
0.0835
0.0836
0.0837
0.0838
0.0839
0.084
0.0841
0.0842
0.0843
0.0844
0.0845
0.0846
0.0847
0.0848
0.0849
0.085
0.0851
0.0852
0.0853
0.0854
0.0855
0.0856
0.0857
0.0858
0.0859
0.086
0.0861
0.0862
0.0863
0.0864
0.0865
0.0866
0.0867
0.0868
0.0869
0.087
0.0871
0.0872
0.0873
0.0874
0.0875
0.0876
0.0877
0.0878
0.0879
0.088
0.0881
0.0882
0.0883
0.0884
0.0885
0.0886
0.0887
0.0888
0.0889
0.089
0.0891
0.0892
0.0893
0.0894
0.0895
0.0896
0.0897
0.0898
0.0899
0.09
0.0901
0.0902
0.0903
0.0904
0.0905
0.0906
0.0907
0.0908
0.0909
0.091
0.0911
0.0912
0.0913
0.0914
0.0915
0.0916
0.0917
0.0918
0.0919
0.092
0.0921
0.0922
0.0923
0.0924
0.0925
0.0926
0.0927
0.0928
0.0929
0.093
0.0931
0.0932
0.0933
0.0934
0.0935
0.0936
0.0937
0.0938
0.0939
0.094
0.0941
0.0942
0.0943
0.0944
0.0945
0.0946
0.0947
0.0948
0.0949
0.095
0.0951
0.0952
0.0953
0.0954
0.0955
0.0956
0.0957
0.0958
0.0959
0.096
0.0961
0.0962
0.0963
0.0964
0.0965
0.0966
0.0967
0.0968
0.0969
0.097
0.0971
0.0972
0.0973
0.0974
0.0975
0.0976
0.0977
0.0978
0.0979
0.098
0.0981
0.0982
0.0983
0.0984
0.0985
0.0986
0.0987
0.0988
0.0989
0.099
0.0991
0.0992
0.0993
0.0994
0.0995
0.0996
0.0997
0.0998
0.0999
0.1
0.1001
0.1002
0.1003
0.1004
0.1005
0.1006
0.1007
0.1008
0.1009
0.101
0.1011
0.1012
0.1013
0.1014
0.1015
0.1016
0.1017
0.1018
0.1019
0.102
0.1021
0.1022
0.1023
0.1024
0.1025
0.1026
0.1027
0.1028
0.1029
0.103
0.1031
0.1032
0.1033
0.1034
0.1035
0.1036
0.1037
0.1038
0.1039
0.104
0.1041
0.1042
0.1043
0.1044
0.1045
0.1046
0.1047
0.1048
0.1049
0.105
0.1051
0.1052
0.1053
0.1054
0.1055
0.1056
0.1057
0.1058
0.1059
0.106
0.1061
0.1062
0.1063
0.1064
0.1065
0.1066
0.1067
0.1068
0.1069
0.107
0.1071
0.1072
0.1073
0.1074
0.1075
0.1076
0.1077
0.1078
0.1079
0.108
0.1081
0.1082
0.1083
0.1084
0.1085
0.1086
0.1087
0.1088
0.1089
0.109
0.1091
0.1092
0.1093
0.1094
0.1095
0.1096
0.1097
0.1098
0.1099
0.11
0.1101
0.1102
0.1103
0.1104
0.1105
0.1106
0.1107
0.1108
0.1109
0.111
0.1111
0.1112
0.1113
0.1114
0.1115
0.1116
0.1117
0.1118
0.1119
0.112
0.1121
0.1122
0.1123
0.1124
0.1125
0.1126
0.1127
0.1128
0.1129
0.113
0.1131
0.1132
0.1133
0.1134
0.1135
0.1136
0.1137
0.1138
0.1139
0.114
0.1141
0.1142
0.1143
0.1144
0.1145
0.1146
0.1147
0.1148
0.1149
0.115
0.1151
0.1152
0.1153
0.1154
0.1155
0.1156
0.1157
0.1158
0.1159
0.116
0.1161
0.1162
0.1163
0.1164
0.1165
0.1166
0.1167
0.1168
0.1169
0.117
0.1171
0.1172
0.1173
0.1174
0.1175
0.1176
0.1177
0.1178
0.1179
0.118
0.1181
0.1182
0.1183
0.1184
0.1185
0.1186
0.1187
0.1188
0.1189
0.119
0.1191
0.1192
0.1193
0.1194
0.1195
0.1196
0.1197
0.1198
0.1199
0.12
0.1201
0.1202
0.1203
0.1204
0.1205
0.1206
0.1207
0.1208
0.1209
0.121
0.1211
0.1212
0.1213
0.1214
0.1215
0.1216
0.1217
0.1218
0.1219
0.122
0.1221
0.1222
0.1223
0.1224
0.1225
0.1226
0.1227
0.1228
0.1229
0.123
0.1231
0.1232
0.1233
0.1234
0.1235
0.1236
0.1237
0.1238
0.1239
0.124
0.1241
0.1242
0.1243
0.1244
0.1245
0.1246
0.1247
0.1248
0.1249
0.125
0.1251
0.1252
0.1253
0.1254
0.1255
0.1256
0.1257
0.1258
0.1259
0.126
0.1261
0.1262
0.1263
0.1264
0.1265
0.1266
0.1267
0.1268
0.1269
0.127
0.1271
0.1272
0.1273
0.1274
0.1275
0.1276
0.1277
0.1278
0.1279
0.128
0.1281
0.1282
0.1283
0.1284
0.1285
0.1286
0.1287
0.1288
0.1289
0.129
0.1291
0.1292
0.1293
0.1294
0.1295
0.1296
0.1297
0.1298
0.1299
0.13
0.1301
0.1302
0.1303
0.1304
0.1305
0.1306
0.1307
0.1308
0.1309
0.131
0.1311
0.1312
0.1313
0.1314
0.1315
0.1316
0.1317
0.1318
0.1319
0.132
0.1321
0.1322
0.1323
0.1324
0.1325
0.1326
0.1327
0.1328
0.1329
0.133
0.1331
0.1332
0.1333
0.1334
0.1335
0.1336
0.1337
0.1338
0.1339
0.134
0.1341
0.1342
0.1343
0.1344
0.1345
0.1346
0.1347
0.1348
0.1349
0.135
0.1351
0.1352
0.1353
0.1354
0.1355
0.1356
0.1357
0.1358
0.1359
0.136
0.1361
0.1362
0.1363
0.1364
0.1365
0.1366
0.1367
0.1368
0.1369
0.137
0.1371
0.1372
0.1373
0.1374
0.1375
0.1376
0.1377
0.1378
0.1379
0.138
0.1381
0.1382
0.1383
0.1384
0.1385
0.1386
0.1387
0.1388
0.1389
0.139
0.1391
0.1392
0.1393
0.1394
0.1395
0.1396
0.1397
0.1398
0.1399
0.14
0.1401
0.1402
0.1403
0.1404
0.1405
0.1406
0.1407
0.1408
0.1409
0.141
0.1411
0.1412
0.1413
0.1414
0.1415
0.1416
0.1417
0.1418
0.1419
0.142
0.1421
0.1422
0.1423
0.1424
0.1425
0.1426
0.1427
0.1428
0.1429
0.143
0.1431
0.1432
0.1433
0.1434
0.1435
0.1436
0.1437
0.1438
0.1439
0.144
0.1441
0.1442
0.1443
0.1444
0.1445
0.1446
0.1447
0.1448
0.1449
0.145
0.1451
0.1452
0.1453
0.1454
0.1455
0.1456
0.1457
0.1458
0.1459
0.146
0.1461
0.1462
0.1463
0.1464
0.1465
0.1466
0.1467
0.1468
0.1469
0.147
0.1471
0.1472
0.1473
0.1474
0.1475
0.1476
0.1477
0.1478
0.1479
0.148
0.1481
0.1482
0.1483
0.1484
0.1485
0.1486
0.1487
0.1488
0.1489
0.149
0.1491
0.1492
0.1493
0.1494
0.1495
0.1496
0.1497
0.1498
0.1499
0.15
0.1501
0.1502
0.1503
0.1504
0.1505
0.1506
0.1507
0.1508
0.1509
0.151
0.1511
0.1512
0.1513
0.1514
0.1515
0.1516
0.1517
0.1518
0.1519
0.152
0.1521
0.1522
0.1523
0.1524
0.1525
0.1526
0.1527
0.1528
0.1529
0.153
0.1531
0.1532
0.1533
0.1534
0.1535
0.1536
0.1537
0.1538
0.1539
0.154
0.1541
0.1542
0.1543
0.1544
0.1545
0.1546
0.1547
0.1548
0.1549
0.155
0.1551
0.1552
0.1553
0.1554
0.1555
0.1556
0.1557
0.1558
0.1559
0.156
0.1561
0.1562
0.1563
0.1564
0.1565
0.1566
0.1567
0.1568
0.1569
0.157
0.1571
0.1572
0.1573
0.1574
0.1575
0.1576
0.1577
0.1578
0.1579
0.158
0.1581
0.1582
0.1583
0.1584
0.1585
0.1586
0.1587
0.1588
0.1589
0.159
0.1591
0.1592
0.1593
0.1594
0.1595
0.1596
0.1597
0.1598
0.1599
0.16
0.1601
0.1602
0.1603
0.1604
0.1605
0.1606
0.1607
0.1608
0.1609
0.161
0.1611
0.1612
0.1613
0.1614
0.1615
0.1616
0.1617
0.1618
0.1619
0.162
0.1621
0.1622
0.1623
0.1624
0.1625
0.1626
0.1627
0.1628
0.1629
0.163
0.1631
0.1632
0.1633
0.1634
0.1635
0.1636
0.1637
0.1638
0.1639
0.164
0.1641
0.1642
0.1643
0.1644
0.1645
0.1646
0.1647
0.1648
0.1649
0.165
0.1651
0.1652
0.1653
0.1654
0.1655
0.1656
0.1657
0.1658
0.1659
0.166
0.1661
0.1662
0.1663
0.1664
0.1665
0.1666
0.1667
0.1668
0.1669
0.167
0.1671
0.1672
0.1673
0.1674
0.1675
0.1676
0.1677
0.1678
0.1679
0.168
0.1681
0.1682
0.1683
0.1684
0.1685
0.1686
0.1687
0.1688
0.1689
0.169
0.1691
0.1692
0.1693
0.1694
0.1695
0.1696
0.1697
0.1698
0.1699
0.17
0.1701
0.1702
0.1703
0.1704
0.1705
0.1706
0.1707
0.1708
0.1709
0.171
0.1711
0.1712
0.1713
0.1714
0.1715
0.1716
0.1717
0.1718
0.1719
0.172
0.1721
0.1722
0.1723
0.1724
0.1725
0.1726
0.1727
0.1728
0.1729
0.173
0.1731
0.1732
0.1733
0.1734
0.1735
0.1736
0.1737
0.1738
0.1739
0.174
0.1741
0.1742
0.1743
0.1744
0.1745
0.1746
0.1747
0.1748
0.1749
0.175
0.1751
0.1752
0.1753
0.1754
0.1755
0.1756
0.1757
0.1758
0.1759
0.176
0.1761
0.1762
0.1763
0.1764
0.1765
0.1766
0.1767
0.1768
0.1769
0.177
0.1771
0.1772
0.1773
0.1774
0.1775
0.1776
0.1777
0.1778
0.1779
0.178
0.1781
0.1782
0.1783
0.1784
0.1785
0.1786
0.1787
0.1788
0.1789
0.179
0.1791
0.1792
0.1793
0.1794
0.1795
0.1796
0.1797
0.1798
0.1799
0.18
0.1801
0.1802
0.1803
0.1804
0.1805
0.1806
0.1807
0.1808
0.1809
0.181
0.1811
0.1812
0.1813
0.1814
0.1815
0.1816
0.1817
0.1818
0.1819
0.182
0.1821
0.1822
0.1823
0.1824
0.1825
0.1826
0.1827
0.1828
0.1829
0.183
0.1831
0.1832
0.1833
0.1834
0.1835
0.1836
0.1837
0.1838
0.1839
0.184
0.1841
0.1842
0.1843
0.1844
0.1845
0.1846
0.1847
0.1848
0.1849
0.185
0.1851
0.1852
0.1853
0.1854
0.1855
0.1856
0.1857
0.1858
0.1859
0.186
0.1861
0.1862
0.1863
0.1864
0.1865
0.1866
0.1867
0.1868
0.1869
0.187
0.1871
0.1872
0.1873
0.1874
0.1875
0.1876
0.1877
0.1878
0.1879
0.188
0.1881
0.1882
0.1883
0.1884
0.1885
0.1886
0.1887
0.1888
0.1889
0.189
0.1891
0.1892
0.1893
0.1894
0.1895
0.1896
0.1897
0.1898
0.1899
0.19
0.1901
0.1902
0.1903
0.1904
0.1905
0.1906
0.1907
0.1908
0.1909
0.191
0.1911
0.1912
0.1913
0.1914
0.1915
0.1916
0.1917
0.1918
0.1919
0.192
0.1921
0.1922
0.1923
0.1924
0.1925
0.1926
0.1927
0.1928
0.1929
0.193
0.1931
0.1932
0.1933
0.1934
0.1935
0.1936
0.1937
0.1938
0.1939
0.194
0.1941
0.1942
0.1943
0.1944
0.1945
0.1946
0.1947
0.1948
0.1949
0.195
0.1951
0.1952
0.1953
0.1954
0.1955
0.1956
0.1957
0.1958
0.1959
0.196
0.1961
0.1962
0.1963
0.1964
0.1965
0.1966
0.1967
0.1968
0.1969
0.197
0.1971
0.1972
0.1973
0.1974
0.1975
0.1976
0.1977
0.1978
0.1979
0.198
0.1981
0.1982
0.1983
0.1984
0.1985
0.1986
0.1987
0.1988
0.1989
0.199
0.1991
0.1992
0.1993
0.1994
0.1995
0.1996
0.1997
0.1998
0.1999
0.2
0.2001
0.2002
0.2003
0.2004
0.2005
0.2006
0.2007
0.2008
0.2009
0.201
0.2011
0.2012
0.2013
0.2014
0.2015
0.2016
0.2017
0.2018
0.2019
0.202
0.2021
0.2022
0.2023
0.2024
0.2025
0.2026
0.2027
0.2028
0.2029
0.203
0.2031
0.2032
0.2033
0.2034
0.2035
0.2036
0.2037
0.2038
0.2039
0.204
0.2041
0.2042
0.2043
0.2044
0.2045
0.2046
0.2047
0.2048
0.2049
0.205
0.2051
0.2052
0.2053
0.2054
0.2055
0.2056
0.2057
0.2058
0.2059
0.206
0.2061
0.2062
0.2063
0.2064
0.2065
0.2066
0.2067
0.2068
0.2069
0.207
0.2071
0.2072
0.2073
0.2074
0.2075
0.2076
0.2077
0.2078
0.2079
0.208
0.2081
0.2082
0.2083
0.2084
0.2085
0.2086
0.2087
0.2088
0.2089
0.209
0.2091
0.2092
0.2093
0.2094
0.2095
0.2096
0.2097
0.2098
0.2099
0.21
0.2101
0.2102
0.2103
0.2104
0.2105
0.2106
0.2107
0.2108
0.2109
0.211
0.2111
0.2112
0.2113
0.2114
0.2115
0.2116
0.2117
0.2118
0.2119
0.212
0.2121
0.2122
0.2123
0.2124
0.2125
0.2126
0.2127
0.2128
0.2129
0.213
0.2131
0.2132
0.2133
0.2134
0.2135
0.2136
0.2137
0.2138
0.2139
0.214
0.2141
0.2142
0.2143
0.2144
0.2145
0.2146
0.2147
0.2148
0.2149
0.215
0.2151
0.2152
0.2153
0.2154
0.2155
0.2156
0.2157
0.2158
0.2159
0.216
0.2161
0.2162
0.2163
0.2164
0.2165
0.2166
0.2167
0.2168
0.2169
0.217
0.2171
0.2172
0.2173
0.2174
0.2175
0.2176
0.2177
0.2178
0.2179
0.218
0.2181
0.2182
0.2183
0.2184
0.2185
0.2186
0.2187
0.2188
0.2189
0.219
0.2191
0.2192
0.2193
0.2194
0.2195
0.2196
0.2197
0.2198
0.2199
0.22
0.2201
0.2202
0.2203
0.2204
0.2205
0.2206
0.2207
0.2208
0.2209
0.221
0.2211
0.2212
0.2213
0.2214
0.2215
0.2216
0.2217
0.2218
0.2219
0.222
0.2221
0.2222
0.2223
0.2224
0.2225
0.2226
0.2227
0.2228
0.2229
0.223
0.2231
0.2232
0.2233
0.2234
0.2235
0.2236
0.2237
0.2238
0.2239
0.224
0.2241
0.2242
0.2243
0.2244
0.2245
0.2246
0.2247
0.2248
0.2249
0.225
0.2251
0.2252
0.2253
0.2254
0.2255
0.2256
0.2257
0.2258
0.2259
0.226
0.2261
0.2262
0.2263
0.2264
0.2265
0.2266
0.2267
0.2268
0.2269
0.227
0.2271
0.2272
0.2273
0.2274
0.2275
0.2276
0.2277
0.2278
0.2279
0.228
0.2281
0.2282
0.2283
0.2284
0.2285
0.2286
0.2287
0.2288
0.2289
0.229
0.2291
0.2292
0.2293
0.2294
0.2295
0.2296
0.2297
0.2298
0.2299
0.23
0.2301
0.2302
0.2303
0.2304
0.2305
0.2306
0.2307
0.2308
0.2309
0.231
0.2311
0.2312
0.2313
0.2314
0.2315
0.2316
0.2317
0.2318
0.2319
0.232
0.2321
0.2322
0.2323
0.2324
0.2325
0.2326
0.2327
0.2328
0.2329
0.233
0.2331
0.2332
0.2333
0.2334
0.2335
0.2336
0.2337
0.2338
0.2339
0.234
0.2341
0.2342
0.2343
0.2344
0.2345
0.2346
0.2347
0.2348
0.2349
0.235
0.2351
0.2352
0.2353
0.2354
0.2355
0.2356
0.2357
0.2358
0.2359
0.236
0.2361
0.2362
0.2363
0.2364
0.2365
0.2366
0.2367
0.2368
0.2369
0.237
0.2371
0.2372
0.2373
0.2374
0.2375
0.2376
0.2377
0.2378
0.2379
0.238
0.2381
0.2382
0.2383
0.2384
0.2385
0.2386
0.2387
0.2388
0.2389
0.239
0.2391
0.2392
0.2393
0.2394
0.2395
0.2396
0.2397
0.2398
0.2399
0.24
0.2401
0.2402
0.2403
0.2404
0.2405
0.2406
0.2407
0.2408
0.2409
0.241
0.2411
0.2412
0.2413
0.2414
0.2415
0.2416
0.2417
0.2418
0.2419
0.242
0.2421
0.2422
0.2423
0.2424
0.2425
0.2426
0.2427
0.2428
0.2429
0.243
0.2431
0.2432
0.2433
0.2434
0.2435
0.2436
0.2437
0.2438
0.2439
0.244
0.2441
0.2442
0.2443
0.2444
0.2445
0.2446
0.2447
0.2448
0.2449
0.245
0.2451
0.2452
0.2453
0.2454
0.2455
0.2456
0.2457
0.2458
0.2459
0.246
0.2461
0.2462
0.2463
0.2464
0.2465
0.2466
0.2467
0.2468
0.2469
0.247
0.2471
0.2472
0.2473
0.2474
0.2475
0.2476
0.2477
0.2478
0.2479
0.248
0.2481
0.2482
0.2483
0.2484
0.2485
0.2486
0.2487
0.2488
0.2489
0.249
0.2491
0.2492
0.2493
0.2494
0.2495
0.2496
0.2497
0.2498
0.2499
0.25
0.2501
0.2502
0.2503
0.2504
0.2505
0.2506
0.2507
0.2508
0.2509
0.251
0.2511
0.2512
0.2513
0.2514
0.2515
0.2516
0.2517
0.2518
0.2519
0.252
0.2521
0.2522
0.2523
0.2524
0.2525
0.2526
0.2527
0.2528
0.2529
0.253
0.2531
0.2532
0.2533
0.2534
0.2535
0.2536
0.2537
0.2538
0.2539
0.254
0.2541
0.2542
0.2543
0.2544
0.2545
0.2546
0.2547
0.2548
0.2549
0.255
0.2551
0.2552
0.2553
0.2554
0.2555
0.2556
0.2557
0.2558
0.2559
0.256
0.2561
0.2562
0.2563
0.2564
0.2565
0.2566
0.2567
0.2568
0.2569
0.257
0.2571
0.2572
0.2573
0.2574
0.2575
0.2576
0.2577
0.2578
0.2579
0.258
0.2581
0.2582
0.2583
0.2584
0.2585
0.2586
0.2587
0.2588
0.2589
0.259
0.2591
0.2592
0.2593
0.2594
0.2595
0.2596
0.2597
0.2598
0.2599
0.26
0.2601
0.2602
0.2603
0.2604
0.2605
0.2606
0.2607
0.2608
0.2609
0.261
0.2611
0.2612
0.2613
0.2614
0.2615
0.2616
0.2617
0.2618
0.2619
0.262
0.2621
0.2622
0.2623
0.2624
0.2625
0.2626
0.2627
0.2628
0.2629
0.263
0.2631
0.2632
0.2633
0.2634
0.2635
0.2636
0.2637
0.2638
0.2639
0.264
0.2641
0.2642
0.2643
0.2644
0.2645
0.2646
0.2647
0.2648
0.2649
0.265
0.2651
0.2652
0.2653
0.2654
0.2655
0.2656
0.2657
0.2658
0.2659
0.266
0.2661
0.2662
0.2663
0.2664
0.2665
0.2666
0.2667
0.2668
0.2669
0.267
0.2671
0.2672
0.2673
0.2674
0.2675
0.2676
0.2677
0.2678
0.2679
0.268
0.2681
0.2682
0.2683
0.2684
0.2685
0.2686
0.2687
0.2688
0.2689
0.269
0.2691
0.2692
0.2693
0.2694
0.2695
0.2696
0.2697
0.2698
0.2699
0.27
0.2701
0.2702
0.2703
0.2704
0.2705
0.2706
0.2707
0.2708
0.2709
0.271
0.2711
0.2712
0.2713
0.2714
0.2715
0.2716
0.2717
0.2718
0.2719
0.272
0.2721
0.2722
0.2723
0.2724
0.2725
0.2726
0.2727
0.2728
0.2729
0.273
0.2731
0.2732
0.2733
0.2734
0.2735
0.2736
0.2737
0.2738
0.2739
0.274
0.2741
0.2742
0.2743
0.2744
0.2745
0.2746
0.2747
0.2748
0.2749
0.275
0.2751
0.2752
0.2753
0.2754
0.2755
0.2756
0.2757
0.2758
0.2759
0.276
0.2761
0.2762
0.2763
0.2764
0.2765
0.2766
0.2767
0.2768
0.2769
0.277
0.2771
0.2772
0.2773
0.2774
0.2775
0.2776
0.2777
0.2778
0.2779
0.278
0.2781
0.2782
0.2783
0.2784
0.2785
0.2786
0.2787
0.2788
0.2789
0.279
0.2791
0.2792
0.2793
0.2794
0.2795
0.2796
0.2797
0.2798
0.2799
0.28
0.2801
0.2802
0.2803
0.2804
0.2805
0.2806
0.2807
0.2808
0.2809
0.281
0.2811
0.2812
0.2813
0.2814
0.2815
0.2816
0.2817
0.2818
0.2819
0.282
0.2821
0.2822
0.2823
0.2824
0.2825
0.2826
0.2827
0.2828
0.2829
0.283
0.2831
0.2832
0.2833
0.2834
0.2835
0.2836
0.2837
0.2838
0.2839
0.284
0.2841
0.2842
0.2843
0.2844
0.2845
0.2846
0.2847
0.2848
0.2849
0.285
0.2851
0.2852
0.2853
0.2854
0.2855
0.2856
0.2857
0.2858
0.2859
0.286
0.2861
0.2862
0.2863
0.2864
0.2865
0.2866
0.2867
0.2868
0.2869
0.287
0.2871
0.2872
0.2873
0.2874
0.2875
0.2876
0.2877
0.2878
0.2879
0.288
0.2881
0.2882
0.2883
0.2884
0.2885
0.2886
0.2887
0.2888
0.2889
0.289
0.2891
0.2892
0.2893
0.2894
0.2895
0.2896
0.2897
0.2898
0.2899
0.29
0.2901
0.2902
0.2903
0.2904
0.2905
0.2906
0.2907
0.2908
0.2909
0.291
0.2911
0.2912
0.2913
0.2914
0.2915
0.2916
0.2917
0.2918
0.2919
0.292
0.2921
0.2922
0.2923
0.2924
0.2925
0.2926
0.2927
0.2928
0.2929
0.293
0.2931
0.2932
0.2933
0.2934
0.2935
0.2936
0.2937
0.2938
0.2939
0.294
0.2941
0.2942
0.2943
0.2944
0.2945
0.2946
0.2947
0.2948
0.2949
0.295
0.2951
0.2952
0.2953
0.2954
0.2955
0.2956
0.2957
0.2958
0.2959
0.296
0.2961
0.2962
0.2963
0.2964
0.2965
0.2966
0.2967
0.2968
0.2969
0.297
0.2971
0.2972
0.2973
0.2974
0.2975
0.2976
0.2977
0.2978
0.2979
0.298
0.2981
0.2982
0.2983
0.2984
0.2985
0.2986
0.2987
0.2988
0.2989
0.299
0.2991
0.2992
0.2993
0.2994
0.2995
0.2996
0.2997
0.2998
0.2999
0.3
0.3001
0.3002
0.3003
0.3004
0.3005
0.3006
0.3007
0.3008
0.3009
0.301
0.3011
0.3012
0.3013
0.3014
0.3015
0.3016
0.3017
0.3018
0.3019
0.302
0.3021
0.3022
0.3023
0.3024
0.3025
0.3026
0.3027
0.3028
0.3029
0.303
0.3031
0.3032
0.3033
0.3034
0.3035
0.3036
0.3037
0.3038
0.3039
0.304
0.3041
0.3042
0.3043
0.3044
0.3045
0.3046
0.3047
0.3048
0.3049
0.305
0.3051
0.3052
0.3053
0.3054
0.3055
0.3056
0.3057
0.3058
0.3059
0.306
0.3061
0.3062
0.3063
0.3064
0.3065
0.3066
0.3067
0.3068
0.3069
0.307
0.3071
0.3072
0.3073
0.3074
0.3075
0.3076
0.3077
0.3078
0.3079
0.308
0.3081
0.3082
0.3083
0.3084
0.3085
0.3086
0.3087
0.3088
0.3089
0.309
0.3091
0.3092
0.3093
0.3094
0.3095
0.3096
0.3097
0.3098
0.3099
0.31
0.3101
0.3102
0.3103
0.3104
0.3105
0.3106
0.3107
0.3108
0.3109
0.311
0.3111
0.3112
0.3113
0.3114
0.3115
0.3116
0.3117
0.3118
0.3119
0.312
0.3121
0.3122
0.3123
0.3124
0.3125
0.3126
0.3127
0.3128
0.3129
0.313
0.3131
0.3132
0.3133
0.3134
0.3135
0.3136
0.3137
0.3138
0.3139
0.314
0.3141
0.3142
0.3143
0.3144
0.3145
0.3146
0.3147
0.3148
0.3149
0.315
0.3151
0.3152
0.3153
0.3154
0.3155
0.3156
0.3157
0.3158
0.3159
0.316
0.3161
0.3162
0.3163
0.3164
0.3165
0.3166
0.3167
0.3168
0.3169
0.317
0.3171
0.3172
0.3173
0.3174
0.3175
0.3176
0.3177
0.3178
0.3179
0.318
0.3181
0.3182
0.3183
0.3184
0.3185
0.3186
0.3187
0.3188
0.3189
0.319
0.3191
0.3192
0.3193
0.3194
0.3195
0.3196
0.3197
0.3198
0.3199
0.32
0.3201
0.3202
0.3203
0.3204
0.3205
0.3206
0.3207
0.3208
0.3209
0.321
0.3211
0.3212
0.3213
0.3214
0.3215
0.3216
0.3217
0.3218
0.3219
0.322
0.3221
0.3222
0.3223
0.3224
0.3225
0.3226
0.3227
0.3228
0.3229
0.323
0.3231
0.3232
0.3233
0.3234
0.3235
0.3236
0.3237
0.3238
0.3239
0.324
0.3241
0.3242
0.3243
0.3244
0.3245
0.3246
0.3247
0.3248
0.3249
0.325
0.3251
0.3252
0.3253
0.3254
0.3255
0.3256
0.3257
0.3258
0.3259
0.326
0.3261
0.3262
0.3263
0.3264
0.3265
0.3266
0.3267
0.3268
0.3269
0.327
0.3271
0.3272
0.3273
0.3274
0.3275
0.3276
0.3277
0.3278
0.3279
0.328
0.3281
0.3282
0.3283
0.3284
0.3285
0.3286
0.3287
0.3288
0.3289
0.329
0.3291
0.3292
0.3293
0.3294
0.3295
0.3296
0.3297
0.3298
0.3299
0.33
0.3301
0.3302
0.3303
0.3304
0.3305
0.3306
0.3307
0.3308
0.3309
0.331
0.3311
0.3312
0.3313
0.3314
0.3315
0.3316
0.3317
0.3318
0.3319
0.332
0.3321
0.3322
0.3323
0.3324
0.3325
0.3326
0.3327
0.3328
0.3329
0.333
0.3331
0.3332
0.3333
0.3334
0.3335
0.3336
0.3337
0.3338
0.3339
0.334
0.3341
0.3342
0.3343
0.3344
0.3345
0.3346
0.3347
0.3348
0.3349
0.335
0.3351
0.3352
0.3353
0.3354
0.3355
0.3356
0.3357
0.3358
0.3359
0.336
0.3361
0.3362
0.3363
0.3364
0.3365
0.3366
0.3367
0.3368
0.3369
0.337
0.3371
0.3372
0.3373
0.3374
0.3375
0.3376
0.3377
0.3378
0.3379
0.338
0.3381
0.3382
0.3383
0.3384
0.3385
0.3386
0.3387
0.3388
0.3389
0.339
0.3391
0.3392
0.3393
0.3394
0.3395
0.3396
0.3397
0.3398
0.3399
0.34
0.3401
0.3402
0.3403
0.3404
0.3405
0.3406
0.3407
0.3408
0.3409
0.341
0.3411
0.3412
0.3413
0.3414
0.3415
0.3416
0.3417
0.3418
0.3419
0.342
0.3421
0.3422
0.3423
0.3424
0.3425
0.3426
0.3427
0.3428
0.3429
0.343
0.3431
0.3432
0.3433
0.3434
0.3435
0.3436
0.3437
0.3438
0.3439
0.344
0.3441
0.3442
0.3443
0.3444
0.3445
0.3446
0.3447
0.3448
0.3449
0.345
0.3451
0.3452
0.3453
0.3454
0.3455
0.3456
0.3457
0.3458
0.3459
0.346
0.3461
0.3462
0.3463
0.3464
0.3465
0.3466
0.3467
0.3468
0.3469
0.347
0.3471
0.3472
0.3473
0.3474
0.3475
0.3476
0.3477
0.3478
0.3479
0.348
0.3481
0.3482
0.3483
0.3484
0.3485
0.3486
0.3487
0.3488
0.3489
0.349
0.3491
0.3492
0.3493
0.3494
0.3495
0.3496
0.3497
0.3498
0.3499
0.35
0.3501
0.3502
0.3503
0.3504
0.3505
0.3506
0.3507
0.3508
0.3509
0.351
0.3511
0.3512
0.3513
0.3514
0.3515
0.3516
0.3517
0.3518
0.3519
0.352
0.3521
0.3522
0.3523
0.3524
0.3525
0.3526
0.3527
0.3528
0.3529
0.353
0.3531
0.3532
0.3533
0.3534
0.3535
0.3536
0.3537
0.3538
0.3539
0.354
0.3541
0.3542
0.3543
0.3544
0.3545
0.3546
0.3547
0.3548
0.3549
0.355
0.3551
0.3552
0.3553
0.3554
0.3555
0.3556
0.3557
0.3558
0.3559
0.356
0.3561
0.3562
0.3563
0.3564
0.3565
0.3566
0.3567
0.3568
0.3569
0.357
0.3571
0.3572
0.3573
0.3574
0.3575
0.3576
0.3577
0.3578
0.3579
0.358
0.3581
0.3582
0.3583
0.3584
0.3585
0.3586
0.3587
0.3588
0.3589
0.359
0.3591
0.3592
0.3593
0.3594
0.3595
0.3596
0.3597
0.3598
0.3599
0.36
0.3601
0.3602
0.3603
0.3604
0.3605
0.3606
0.3607
0.3608
0.3609
0.361
0.3611
0.3612
0.3613
0.3614
0.3615
0.3616
0.3617
0.3618
0.3619
0.362
0.3621
0.3622
0.3623
0.3624
0.3625
0.3626
0.3627
0.3628
0.3629
0.363
0.3631
0.3632
0.3633
0.3634
0.3635
0.3636
0.3637
0.3638
0.3639
0.364
0.3641
0.3642
0.3643
0.3644
0.3645
0.3646
0.3647
0.3648
0.3649
0.365
0.3651
0.3652
0.3653
0.3654
0.3655
0.3656
0.3657
0.3658
0.3659
0.366
0.3661
0.3662
0.3663
0.3664
0.3665
0.3666
0.3667
0.3668
0.3669
0.367
0.3671
0.3672
0.3673
0.3674
0.3675
0.3676
0.3677
0.3678
0.3679
0.368
0.3681
0.3682
0.3683
0.3684
0.3685
0.3686
0.3687
0.3688
0.3689
0.369
0.3691
0.3692
0.3693
0.3694
0.3695
0.3696
0.3697
0.3698
0.3699
0.37
0.3701
0.3702
0.3703
0.3704
0.3705
0.3706
0.3707
0.3708
0.3709
0.371
0.3711
0.3712
0.3713
0.3714
0.3715
0.3716
0.3717
0.3718
0.3719
0.372
0.3721
0.3722
0.3723
0.3724
0.3725
0.3726
0.3727
0.3728
0.3729
0.373
0.3731
0.3732
0.3733
0.3734
0.3735
0.3736
0.3737
0.3738
0.3739
0.374
0.3741
0.3742
0.3743
0.3744
0.3745
0.3746
0.3747
0.3748
0.3749
0.375
0.3751
0.3752
0.3753
0.3754
0.3755
0.3756
0.3757
0.3758
0.3759
0.376
0.3761
0.3762
0.3763
0.3764
0.3765
0.3766
0.3767
0.3768
0.3769
0.377
0.3771
0.3772
0.3773
0.3774
0.3775
0.3776
0.3777
0.3778
0.3779
0.378
0.3781
0.3782
0.3783
0.3784
0.3785
0.3786
0.3787
0.3788
0.3789
0.379
0.3791
0.3792
0.3793
0.3794
0.3795
0.3796
0.3797
0.3798
0.3799
0.38
0.3801
0.3802
0.3803
0.3804
0.3805
0.3806
0.3807
0.3808
0.3809
0.381
0.3811
0.3812
0.3813
0.3814
0.3815
0.3816
0.3817
0.3818
0.3819
0.382
0.3821
0.3822
0.3823
0.3824
0.3825
0.3826
0.3827
0.3828
0.3829
0.383
0.3831
0.3832
0.3833
0.3834
0.3835
0.3836
0.3837
0.3838
0.3839
0.384
0.3841
0.3842
0.3843
0.3844
0.3845
0.3846
0.3847
0.3848
0.3849
0.385
0.3851
0.3852
0.3853
0.3854
0.3855
0.3856
0.3857
0.3858
0.3859
0.386
0.3861
0.3862
0.3863
0.3864
0.3865
0.3866
0.3867
0.3868
0.3869
0.387
0.3871
0.3872
0.3873
0.3874
0.3875
0.3876
0.3877
0.3878
0.3879
0.388
0.3881
0.3882
0.3883
0.3884
0.3885
0.3886
0.3887
0.3888
0.3889
0.389
0.3891
0.3892
0.3893
0.3894
0.3895
0.3896
0.3897
0.3898
0.3899
0.39
0.3901
0.3902
0.3903
0.3904
0.3905
0.3906
0.3907
0.3908
0.3909
0.391
0.3911
0.3912
0.3913
0.3914
0.3915
0.3916
0.3917
0.3918
0.3919
0.392
0.3921
0.3922
0.3923
0.3924
0.3925
0.3926
0.3927
0.3928
0.3929
0.393
0.3931
0.3932
0.3933
0.3934
0.3935
0.3936
0.3937
0.3938
0.3939
0.394
0.3941
0.3942
0.3943
0.3944
0.3945
0.3946
0.3947
0.3948
0.3949
0.395
0.3951
0.3952
0.3953
0.3954
0.3955
0.3956
0.3957
0.3958
0.3959
0.396
0.3961
0.3962
0.3963
0.3964
0.3965
0.3966
0.3967
0.3968
0.3969
0.397
0.3971
0.3972
0.3973
0.3974
0.3975
0.3976
0.3977
0.3978
0.3979
0.398
0.3981
0.3982
0.3983
0.3984
0.3985
0.3986
0.3987
0.3988
0.3989
0.399
0.3991
0.3992
0.3993
0.3994
0.3995
0.3996
0.3997
0.3998
0.3999
0.4
0.4001
0.4002
0.4003
0.4004
0.4005
0.4006
0.4007
0.4008
0.4009
0.401
0.4011
0.4012
0.4013
0.4014
0.4015
0.4016
0.4017
0.4018
0.4019
0.402
0.4021
0.4022
0.4023
0.4024
0.4025
0.4026
0.4027
0.4028
0.4029
0.403
0.4031
0.4032
0.4033
0.4034
0.4035
0.4036
0.4037
0.4038
0.4039
0.404
0.4041
0.4042
0.4043
0.4044
0.4045
0.4046
0.4047
0.4048
0.4049
0.405
0.4051
0.4052
0.4053
0.4054
0.4055
0.4056
0.4057
0.4058
0.4059
0.406
0.4061
0.4062
0.4063
0.4064
0.4065
0.4066
0.4067
0.4068
0.4069
0.407
0.4071
0.4072
0.4073
0.4074
0.4075
0.4076
0.4077
0.4078
0.4079
0.408
0.4081
0.4082
0.4083
0.4084
0.4085
0.4086
0.4087
0.4088
0.4089
0.409
0.4091
0.4092
0.4093
0.4094
0.4095
0.4096
0.4097
0.4098
0.4099
0.41
0.4101
0.4102
0.4103
0.4104
0.4105
0.4106
0.4107
0.4108
0.4109
0.411
0.4111
0.4112
0.4113
0.4114
0.4115
0.4116
0.4117
0.4118
0.4119
0.412
0.4121
0.4122
0.4123
0.4124
0.4125
0.4126
0.4127
0.4128
0.4129
0.413
0.4131
0.4132
0.4133
0.4134
0.4135
0.4136
0.4137
0.4138
0.4139
0.414
0.4141
0.4142
0.4143
0.4144
0.4145
0.4146
0.4147
0.4148
0.4149
0.415
0.4151
0.4152
0.4153
0.4154
0.4155
0.4156
0.4157
0.4158
0.4159
0.416
0.4161
0.4162
0.4163
0.4164
0.4165
0.4166
0.4167
0.4168
0.4169
0.417
0.4171
0.4172
0.4173
0.4174
0.4175
0.4176
0.4177
0.4178
0.4179
0.418
0.4181
0.4182
0.4183
0.4184
0.4185
0.4186
0.4187
0.4188
0.4189
0.419
0.4191
0.4192
0.4193
0.4194
0.4195
0.4196
0.4197
0.4198
0.4199
0.42
0.4201
0.4202
0.4203
0.4204
0.4205
0.4206
0.4207
0.4208
0.4209
0.421
0.4211
0.4212
0.4213
0.4214
0.4215
0.4216
0.4217
0.4218
0.4219
0.422
0.4221
0.4222
0.4223
0.4224
0.4225
0.4226
0.4227
0.4228
0.4229
0.423
0.4231
0.4232
0.4233
0.4234
0.4235
0.4236
0.4237
0.4238
0.4239
0.424
0.4241
0.4242
0.4243
0.4244
0.4245
0.4246
0.4247
0.4248
0.4249
0.425
0.4251
0.4252
0.4253
0.4254
0.4255
0.4256
0.4257
0.4258
0.4259
0.426
0.4261
0.4262
0.4263
0.4264
0.4265
0.4266
0.4267
0.4268
0.4269
0.427
0.4271
0.4272
0.4273
0.4274
0.4275
0.4276
0.4277
0.4278
0.4279
0.428
0.4281
0.4282
0.4283
0.4284
0.4285
0.4286
0.4287
0.4288
0.4289
0.429
0.4291
0.4292
0.4293
0.4294
0.4295
0.4296
0.4297
0.4298
0.4299
0.43
0.4301
0.4302
0.4303
0.4304
0.4305
0.4306
0.4307
0.4308
0.4309
0.431
0.4311
0.4312
0.4313
0.4314
0.4315
0.4316
0.4317
0.4318
0.4319
0.432
0.4321
0.4322
0.4323
0.4324
0.4325
0.4326
0.4327
0.4328
0.4329
0.433
0.4331
0.4332
0.4333
0.4334
0.4335
0.4336
0.4337
0.4338
0.4339
0.434
0.4341
0.4342
0.4343
0.4344
0.4345
0.4346
0.4347
0.4348
0.4349
0.435
0.4351
0.4352
0.4353
0.4354
0.4355
0.4356
0.4357
0.4358
0.4359
0.436
0.4361
0.4362
0.4363
0.4364
0.4365
0.4366
0.4367
0.4368
0.4369
0.437
0.4371
0.4372
0.4373
0.4374
0.4375
0.4376
0.4377
0.4378
0.4379
0.438
0.4381
0.4382
0.4383
0.4384
0.4385
0.4386
0.4387
0.4388
0.4389
0.439
0.4391
0.4392
0.4393
0.4394
0.4395
0.4396
0.4397
0.4398
0.4399
0.44
0.4401
0.4402
0.4403
0.4404
0.4405
0.4406
0.4407
0.4408
0.4409
0.441
0.4411
0.4412
0.4413
0.4414
0.4415
0.4416
0.4417
0.4418
0.4419
0.442
0.4421
0.4422
0.4423
0.4424
0.4425
0.4426
0.4427
0.4428
0.4429
0.443
0.4431
0.4432
0.4433
0.4434
0.4435
0.4436
0.4437
0.4438
0.4439
0.444
0.4441
0.4442
0.4443
0.4444
0.4445
0.4446
0.4447
0.4448
0.4449
0.445
0.4451
0.4452
0.4453
0.4454
0.4455
0.4456
0.4457
0.4458
0.4459
0.446
0.4461
0.4462
0.4463
0.4464
0.4465
0.4466
0.4467
0.4468
0.4469
0.447
0.4471
0.4472
0.4473
0.4474
0.4475
0.4476
0.4477
0.4478
0.4479
0.448
0.4481
0.4482
0.4483
0.4484
0.4485
0.4486
0.4487
0.4488
0.4489
0.449
0.4491
0.4492
0.4493
0.4494
0.4495
0.4496
0.4497
0.4498
0.4499
0.45
0.4501
0.4502
0.4503
0.4504
0.4505
0.4506
0.4507
0.4508
0.4509
0.451
0.4511
0.4512
0.4513
0.4514
0.4515
0.4516
0.4517
0.4518
0.4519
0.452
0.4521
0.4522
0.4523
0.4524
0.4525
0.4526
0.4527
0.4528
0.4529
0.453
0.4531
0.4532
0.4533
0.4534
0.4535
0.4536
0.4537
0.4538
0.4539
0.454
0.4541
0.4542
0.4543
0.4544
0.4545
0.4546
0.4547
0.4548
0.4549
0.455
0.4551
0.4552
0.4553
0.4554
0.4555
0.4556
0.4557
0.4558
0.4559
0.456
0.4561
0.4562
0.4563
0.4564
0.4565
0.4566
0.4567
0.4568
0.4569
0.457
0.4571
0.4572
0.4573
0.4574
0.4575
0.4576
0.4577
0.4578
0.4579
0.458
0.4581
0.4582
0.4583
0.4584
0.4585
0.4586
0.4587
0.4588
0.4589
0.459
0.4591
0.4592
0.4593
0.4594
0.4595
0.4596
0.4597
0.4598
0.4599
0.46
0.4601
0.4602
0.4603
0.4604
0.4605
0.4606
0.4607
0.4608
0.4609
0.461
0.4611
0.4612
0.4613
0.4614
0.4615
0.4616
0.4617
0.4618
0.4619
0.462
0.4621
0.4622
0.4623
0.4624
0.4625
0.4626
0.4627
0.4628
0.4629
0.463
0.4631
0.4632
0.4633
0.4634
0.4635
0.4636
0.4637
0.4638
0.4639
0.464
0.4641
0.4642
0.4643
0.4644
0.4645
0.4646
0.4647
0.4648
0.4649
0.465
0.4651
0.4652
0.4653
0.4654
0.4655
0.4656
0.4657
0.4658
0.4659
0.466
0.4661
0.4662
0.4663
0.4664
0.4665
0.4666
0.4667
0.4668
0.4669
0.467
0.4671
0.4672
0.4673
0.4674
0.4675
0.4676
0.4677
0.4678
0.4679
0.468
0.4681
0.4682
0.4683
0.4684
0.4685
0.4686
0.4687
0.4688
0.4689
0.469
0.4691
0.4692
0.4693
0.4694
0.4695
0.4696
0.4697
0.4698
0.4699
0.47
0.4701
0.4702
0.4703
0.4704
0.4705
0.4706
0.4707
0.4708
0.4709
0.471
0.4711
0.4712
0.4713
0.4714
0.4715
0.4716
0.4717
0.4718
0.4719
0.472
0.4721
0.4722
0.4723
0.4724
0.4725
0.4726
0.4727
0.4728
0.4729
0.473
0.4731
0.4732
0.4733
0.4734
0.4735
0.4736
0.4737
0.4738
0.4739
0.474
0.4741
0.4742
0.4743
0.4744
0.4745
0.4746
0.4747
0.4748
0.4749
0.475
0.4751
0.4752
0.4753
0.4754
0.4755
0.4756
0.4757
0.4758
0.4759
0.476
0.4761
0.4762
0.4763
0.4764
0.4765
0.4766
0.4767
0.4768
0.4769
0.477
0.4771
0.4772
0.4773
0.4774
0.4775
0.4776
0.4777
0.4778
0.4779
0.478
0.4781
0.4782
0.4783
0.4784
0.4785
0.4786
0.4787
0.4788
0.4789
0.479
0.4791
0.4792
0.4793
0.4794
0.4795
0.4796
0.4797
0.4798
0.4799
0.48
0.4801
0.4802
0.4803
0.4804
0.4805
0.4806
0.4807
0.4808
0.4809
0.481
0.4811
0.4812
0.4813
0.4814
0.4815
0.4816
0.4817
0.4818
0.4819
0.482
0.4821
0.4822
0.4823
0.4824
0.4825
0.4826
0.4827
0.4828
0.4829
0.483
0.4831
0.4832
0.4833
0.4834
0.4835
0.4836
0.4837
0.4838
0.4839
0.484
0.4841
0.4842
0.4843
0.4844
0.4845
0.4846
0.4847
0.4848
0.4849
0.485
0.4851
0.4852
0.4853
0.4854
0.4855
0.4856
0.4857
0.4858
0.4859
0.486
0.4861
0.4862
0.4863
0.4864
0.4865
0.4866
0.4867
0.4868
0.4869
0.487
0.4871
0.4872
0.4873
0.4874
0.4875
0.4876
0.4877
0.4878
0.4879
0.488
0.4881
0.4882
0.4883
0.4884
0.4885
0.4886
0.4887
0.4888
0.4889
0.489
0.4891
0.4892
0.4893
0.4894
0.4895
0.4896
0.4897
0.4898
0.4899
0.49
0.4901
0.4902
0.4903
0.4904
0.4905
0.4906
0.4907
0.4908
0.4909
0.491
0.4911
0.4912
0.4913
0.4914
0.4915
0.4916
0.4917
0.4918
0.4919
0.492
0.4921
0.4922
0.4923
0.4924
0.4925
0.4926
0.4927
0.4928
0.4929
0.493
0.4931
0.4932
0.4933
0.4934
0.4935
0.4936
0.4937
0.4938
0.4939
0.494
0.4941
0.4942
0.4943
0.4944
0.4945
0.4946
0.4947
0.4948
0.4949
0.495
0.4951
0.4952
0.4953
0.4954
0.4955
0.4956
0.4957
0.4958
0.4959
0.496
0.4961
0.4962
0.4963
0.4964
0.4965
0.4966
0.4967
0.4968
0.4969
0.497
0.4971
0.4972
0.4973
0.4974
0.4975
0.4976
0.4977
0.4978
0.4979
0.498
0.4981
0.4982
0.4983
0.4984
0.4985
0.4986
0.4987
0.4988
0.4989
0.499
0.4991
0.4992
0.4993
0.4994
0.4995
0.4996
0.4997
0.4998
0.4999
0.5
0.5001
0.5002
0.5003
0.5004
0.5005
0.5006
0.5007
0.5008
0.5009
0.501
0.5011
0.5012
0.5013
0.5014
0.5015
0.5016
0.5017
0.5018
0.5019
0.502
0.5021
0.5022
0.5023
0.5024
0.5025
0.5026
0.5027
0.5028
0.5029
0.503
0.5031
0.5032
0.5033
0.5034
0.5035
0.5036
0.5037
0.5038
0.5039
0.504
0.5041
0.5042
0.5043
0.5044
0.5045
0.5046
0.5047
0.5048
0.5049
0.505
0.5051
0.5052
0.5053
0.5054
0.5055
0.5056
0.5057
0.5058
0.5059
0.506
0.5061
0.5062
0.5063
0.5064
0.5065
0.5066
0.5067
0.5068
0.5069
0.507
0.5071
0.5072
0.5073
0.5074
0.5075
0.5076
0.5077
0.5078
0.5079
0.508
0.5081
0.5082
0.5083
0.5084
0.5085
0.5086
0.5087
0.5088
0.5089
0.509
0.5091
0.5092
0.5093
0.5094
0.5095
0.5096
0.5097
0.5098
0.5099
0.51
0.5101
0.5102
0.5103
0.5104
0.5105
0.5106
0.5107
0.5108
0.5109
0.511
0.5111
0.5112
0.5113
0.5114
0.5115
0.5116
0.5117
0.5118
0.5119
0.512
0.5121
0.5122
0.5123
0.5124
0.5125
0.5126
0.5127
0.5128
0.5129
0.513
0.5131
0.5132
0.5133
0.5134
0.5135
0.5136
0.5137
0.5138
0.5139
0.514
0.5141
0.5142
0.5143
0.5144
0.5145
0.5146
0.5147
0.5148
0.5149
0.515
0.5151
0.5152
0.5153
0.5154
0.5155
0.5156
0.5157
0.5158
0.5159
0.516
0.5161
0.5162
0.5163
0.5164
0.5165
0.5166
0.5167
0.5168
0.5169
0.517
0.5171
0.5172
0.5173
0.5174
0.5175
0.5176
0.5177
0.5178
0.5179
0.518
0.5181
0.5182
0.5183
0.5184
0.5185
0.5186
0.5187
0.5188
0.5189
0.519
0.5191
0.5192
0.5193
0.5194
0.5195
0.5196
0.5197
0.5198
0.5199
0.52
0.5201
0.5202
0.5203
0.5204
0.5205
0.5206
0.5207
0.5208
0.5209
0.521
0.5211
0.5212
0.5213
0.5214
0.5215
0.5216
0.5217
0.5218
0.5219
0.522
0.5221
0.5222
0.5223
0.5224
0.5225
0.5226
0.5227
0.5228
0.5229
0.523
0.5231
0.5232
0.5233
0.5234
0.5235
0.5236
0.5237
0.5238
0.5239
0.524
0.5241
0.5242
0.5243
0.5244
0.5245
0.5246
0.5247
0.5248
0.5249
0.525
0.5251
0.5252
0.5253
0.5254
0.5255
0.5256
0.5257
0.5258
0.5259
0.526
0.5261
0.5262
0.5263
0.5264
0.5265
0.5266
0.5267
0.5268
0.5269
0.527
0.5271
0.5272
0.5273
0.5274
0.5275
0.5276
0.5277
0.5278
0.5279
0.528
0.5281
0.5282
0.5283
0.5284
0.5285
0.5286
0.5287
0.5288
0.5289
0.529
0.5291
0.5292
0.5293
0.5294
0.5295
0.5296
0.5297
0.5298
0.5299
0.53
0.5301
0.5302
0.5303
0.5304
0.5305
0.5306
0.5307
0.5308
0.5309
0.531
0.5311
0.5312
0.5313
0.5314
0.5315
0.5316
0.5317
0.5318
0.5319
0.532
0.5321
0.5322
0.5323
0.5324
0.5325
0.5326
0.5327
0.5328
0.5329
0.533
0.5331
0.5332
0.5333
0.5334
0.5335
0.5336
0.5337
0.5338
0.5339
0.534
0.5341
0.5342
0.5343
0.5344
0.5345
0.5346
0.5347
0.5348
0.5349
0.535
0.5351
0.5352
0.5353
0.5354
0.5355
0.5356
0.5357
0.5358
0.5359
0.536
0.5361
0.5362
0.5363
0.5364
0.5365
0.5366
0.5367
0.5368
0.5369
0.537
0.5371
0.5372
0.5373
0.5374
0.5375
0.5376
0.5377
0.5378
0.5379
0.538
0.5381
0.5382
0.5383
0.5384
0.5385
0.5386
0.5387
0.5388
0.5389
0.539
0.5391
0.5392
0.5393
0.5394
0.5395
0.5396
0.5397
0.5398
0.5399
0.54
0.5401
0.5402
0.5403
0.5404
0.5405
0.5406
0.5407
0.5408
0.5409
0.541
0.5411
0.5412
0.5413
0.5414
0.5415
0.5416
0.5417
0.5418
0.5419
0.542
0.5421
0.5422
0.5423
0.5424
0.5425
0.5426
0.5427
0.5428
0.5429
0.543
0.5431
0.5432
0.5433
0.5434
0.5435
0.5436
0.5437
0.5438
0.5439
0.544
0.5441
0.5442
0.5443
0.5444
0.5445
0.5446
0.5447
0.5448
0.5449
0.545
0.5451
0.5452
0.5453
0.5454
0.5455
0.5456
0.5457
0.5458
0.5459
0.546
0.5461
0.5462
0.5463
0.5464
0.5465
0.5466
0.5467
0.5468
0.5469
0.547
0.5471
0.5472
0.5473
0.5474
0.5475
0.5476
0.5477
0.5478
0.5479
0.548
0.5481
0.5482
0.5483
0.5484
0.5485
0.5486
0.5487
0.5488
0.5489
0.549
0.5491
0.5492
0.5493
0.5494
0.5495
0.5496
0.5497
0.5498
0.5499
0.55
0.5501
0.5502
0.5503
0.5504
0.5505
0.5506
0.5507
0.5508
0.5509
0.551
0.5511
0.5512
0.5513
0.5514
0.5515
0.5516
0.5517
0.5518
0.5519
0.552
0.5521
0.5522
0.5523
0.5524
0.5525
0.5526
0.5527
0.5528
0.5529
0.553
0.5531
0.5532
0.5533
0.5534
0.5535
0.5536
0.5537
0.5538
0.5539
0.554
0.5541
0.5542
0.5543
0.5544
0.5545
0.5546
0.5547
0.5548
0.5549
0.555
0.5551
0.5552
0.5553
0.5554
0.5555
0.5556
0.5557
0.5558
0.5559
0.556
0.5561
0.5562
0.5563
0.5564
0.5565
0.5566
0.5567
0.5568
0.5569
0.557
0.5571
0.5572
0.5573
0.5574
0.5575
0.5576
0.5577
0.5578
0.5579
0.558
0.5581
0.5582
0.5583
0.5584
0.5585
0.5586
0.5587
0.5588
0.5589
0.559
0.5591
0.5592
0.5593
0.5594
0.5595
0.5596
0.5597
0.5598
0.5599
0.56
0.5601
0.5602
0.5603
0.5604
0.5605
0.5606
0.5607
0.5608
0.5609
0.561
0.5611
0.5612
0.5613
0.5614
0.5615
0.5616
0.5617
0.5618
0.5619
0.562
0.5621
0.5622
0.5623
0.5624
0.5625
0.5626
0.5627
0.5628
0.5629
0.563
0.5631
0.5632
0.5633
0.5634
0.5635
0.5636
0.5637
0.5638
0.5639
0.564
0.5641
0.5642
0.5643
0.5644
0.5645
0.5646
0.5647
0.5648
0.5649
0.565
0.5651
0.5652
0.5653
0.5654
0.5655
0.5656
0.5657
0.5658
0.5659
0.566
0.5661
0.5662
0.5663
0.5664
0.5665
0.5666
0.5667
0.5668
0.5669
0.567
0.5671
0.5672
0.5673
0.5674
0.5675
0.5676
0.5677
0.5678
0.5679
0.568
0.5681
0.5682
0.5683
0.5684
0.5685
0.5686
0.5687
0.5688
0.5689
0.569
0.5691
0.5692
0.5693
0.5694
0.5695
0.5696
0.5697
0.5698
0.5699
0.57
0.5701
0.5702
0.5703
0.5704
0.5705
0.5706
0.5707
0.5708
0.5709
0.571
0.5711
0.5712
0.5713
0.5714
0.5715
0.5716
0.5717
0.5718
0.5719
0.572
0.5721
0.5722
0.5723
0.5724
0.5725
0.5726
0.5727
0.5728
0.5729
0.573
0.5731
0.5732
0.5733
0.5734
0.5735
0.5736
0.5737
0.5738
0.5739
0.574
0.5741
0.5742
0.5743
0.5744
0.5745
0.5746
0.5747
0.5748
0.5749
0.575
0.5751
0.5752
0.5753
0.5754
0.5755
0.5756
0.5757
0.5758
0.5759
0.576
0.5761
0.5762
0.5763
0.5764
0.5765
0.5766
0.5767
0.5768
0.5769
0.577
0.5771
0.5772
0.5773
0.5774
0.5775
0.5776
0.5777
0.5778
0.5779
0.578
0.5781
0.5782
0.5783
0.5784
0.5785
0.5786
0.5787
0.5788
0.5789
0.579
0.5791
0.5792
0.5793
0.5794
0.5795
0.5796
0.5797
0.5798
0.5799
0.58
0.5801
0.5802
0.5803
0.5804
0.5805
0.5806
0.5807
0.5808
0.5809
0.581
0.5811
0.5812
0.5813
0.5814
0.5815
0.5816
0.5817
0.5818
0.5819
0.582
0.5821
0.5822
0.5823
0.5824
0.5825
0.5826
0.5827
0.5828
0.5829
0.583
0.5831
0.5832
0.5833
0.5834
0.5835
0.5836
0.5837
0.5838
0.5839
0.584
0.5841
0.5842
0.5843
0.5844
0.5845
0.5846
0.5847
0.5848
0.5849
0.585
0.5851
0.5852
0.5853
0.5854
0.5855
0.5856
0.5857
0.5858
0.5859
0.586
0.5861
0.5862
0.5863
0.5864
0.5865
0.5866
0.5867
0.5868
0.5869
0.587
0.5871
0.5872
0.5873
0.5874
0.5875
0.5876
0.5877
0.5878
0.5879
0.588
0.5881
0.5882
0.5883
0.5884
0.5885
0.5886
0.5887
0.5888
0.5889
0.589
0.5891
0.5892
0.5893
0.5894
0.5895
0.5896
0.5897
0.5898
0.5899
0.59
0.5901
0.5902
0.5903
0.5904
0.5905
0.5906
0.5907
0.5908
0.5909
0.591
0.5911
0.5912
0.5913
0.5914
0.5915
0.5916
0.5917
0.5918
0.5919
0.592
0.5921
0.5922
0.5923
0.5924
0.5925
0.5926
0.5927
0.5928
0.5929
0.593
0.5931
0.5932
0.5933
0.5934
0.5935
0.5936
0.5937
0.5938
0.5939
0.594
0.5941
0.5942
0.5943
0.5944
0.5945
0.5946
0.5947
0.5948
0.5949
0.595
0.5951
0.5952
0.5953
0.5954
0.5955
0.5956
0.5957
0.5958
0.5959
0.596
0.5961
0.5962
0.5963
0.5964
0.5965
0.5966
0.5967
0.5968
0.5969
0.597
0.5971
0.5972
0.5973
0.5974
0.5975
0.5976
0.5977
0.5978
0.5979
0.598
0.5981
0.5982
0.5983
0.5984
0.5985
0.5986
0.5987
0.5988
0.5989
0.599
0.5991
0.5992
0.5993
0.5994
0.5995
0.5996
0.5997
0.5998
0.5999
0.6
0.6001
0.6002
0.6003
0.6004
0.6005
0.6006
0.6007
0.6008
0.6009
0.601
0.6011
0.6012
0.6013
0.6014
0.6015
0.6016
0.6017
0.6018
0.6019
0.602
0.6021
0.6022
0.6023
0.6024
0.6025
0.6026
0.6027
0.6028
0.6029
0.603
0.6031
0.6032
0.6033
0.6034
0.6035
0.6036
0.6037
0.6038
0.6039
0.604
0.6041
0.6042
0.6043
0.6044
0.6045
0.6046
0.6047
0.6048
0.6049
0.605
0.6051
0.6052
0.6053
0.6054
0.6055
0.6056
0.6057
0.6058
0.6059
0.606
0.6061
0.6062
0.6063
0.6064
0.6065
0.6066
0.6067
0.6068
0.6069
0.607
0.6071
0.6072
0.6073
0.6074
0.6075
0.6076
0.6077
0.6078
0.6079
0.608
0.6081
0.6082
0.6083
0.6084
0.6085
0.6086
0.6087
0.6088
0.6089
0.609
0.6091
0.6092
0.6093
0.6094
0.6095
0.6096
0.6097
0.6098
0.6099
0.61
0.6101
0.6102
0.6103
0.6104
0.6105
0.6106
0.6107
0.6108
0.6109
0.611
0.6111
0.6112
0.6113
0.6114
0.6115
0.6116
0.6117
0.6118
0.6119
0.612
0.6121
0.6122
0.6123
0.6124
0.6125
0.6126
0.6127
0.6128
0.6129
0.613
0.6131
0.6132
0.6133
0.6134
0.6135
0.6136
0.6137
0.6138
0.6139
0.614
0.6141
0.6142
0.6143
0.6144
0.6145
0.6146
0.6147
0.6148
0.6149
0.615
0.6151
0.6152
0.6153
0.6154
0.6155
0.6156
0.6157
0.6158
0.6159
0.616
0.6161
0.6162
0.6163
0.6164
0.6165
0.6166
0.6167
0.6168
0.6169
0.617
0.6171
0.6172
0.6173
0.6174
0.6175
0.6176
0.6177
0.6178
0.6179
0.618
0.6181
0.6182
0.6183
0.6184
0.6185
0.6186
0.6187
0.6188
0.6189
0.619
0.6191
0.6192
0.6193
0.6194
0.6195
0.6196
0.6197
0.6198
0.6199
0.62
0.6201
0.6202
0.6203
0.6204
0.6205
0.6206
0.6207
0.6208
0.6209
0.621
0.6211
0.6212
0.6213
0.6214
0.6215
0.6216
0.6217
0.6218
0.6219
0.622
0.6221
0.6222
0.6223
0.6224
0.6225
0.6226
0.6227
0.6228
0.6229
0.623
0.6231
0.6232
0.6233
0.6234
0.6235
0.6236
0.6237
0.6238
0.6239
0.624
0.6241
0.6242
0.6243
0.6244
0.6245
0.6246
0.6247
0.6248
0.6249
0.625
0.6251
0.6252
0.6253
0.6254
0.6255
0.6256
0.6257
0.6258
0.6259
0.626
0.6261
0.6262
0.6263
0.6264
0.6265
0.6266
0.6267
0.6268
0.6269
0.627
0.6271
0.6272
0.6273
0.6274
0.6275
0.6276
0.6277
0.6278
0.6279
0.628
0.6281
0.6282
0.6283
0.6284
0.6285
0.6286
0.6287
0.6288
0.6289
0.629
0.6291
0.6292
0.6293
0.6294
0.6295
0.6296
0.6297
0.6298
0.6299
0.63
0.6301
0.6302
0.6303
0.6304
0.6305
0.6306
0.6307
0.6308
0.6309
0.631
0.6311
0.6312
0.6313
0.6314
0.6315
0.6316
0.6317
0.6318
0.6319
0.632
0.6321
0.6322
0.6323
0.6324
0.6325
0.6326
0.6327
0.6328
0.6329
0.633
0.6331
0.6332
0.6333
0.6334
0.6335
0.6336
0.6337
0.6338
0.6339
0.634
0.6341
0.6342
0.6343
0.6344
0.6345
0.6346
0.6347
0.6348
0.6349
0.635
0.6351
0.6352
0.6353
0.6354
0.6355
0.6356
0.6357
0.6358
0.6359
0.636
0.6361
0.6362
0.6363
0.6364
0.6365
0.6366
0.6367
0.6368
0.6369
0.637
0.6371
0.6372
0.6373
0.6374
0.6375
0.6376
0.6377
0.6378
0.6379
0.638
0.6381
0.6382
0.6383
0.6384
0.6385
0.6386
0.6387
0.6388
0.6389
0.639
0.6391
0.6392
0.6393
0.6394
0.6395
0.6396
0.6397
0.6398
0.6399
0.64
0.6401
0.6402
0.6403
0.6404
0.6405
0.6406
0.6407
0.6408
0.6409
0.641
0.6411
0.6412
0.6413
0.6414
0.6415
0.6416
0.6417
0.6418
0.6419
0.642
0.6421
0.6422
0.6423
0.6424
0.6425
0.6426
0.6427
0.6428
0.6429
0.643
0.6431
0.6432
0.6433
0.6434
0.6435
0.6436
0.6437
0.6438
0.6439
0.644
0.6441
0.6442
0.6443
0.6444
0.6445
0.6446
0.6447
0.6448
0.6449
0.645
0.6451
0.6452
0.6453
0.6454
0.6455
0.6456
0.6457
0.6458
0.6459
0.646
0.6461
0.6462
0.6463
0.6464
0.6465
0.6466
0.6467
0.6468
0.6469
0.647
0.6471
0.6472
0.6473
0.6474
0.6475
0.6476
0.6477
0.6478
0.6479
0.648
0.6481
0.6482
0.6483
0.6484
0.6485
0.6486
0.6487
0.6488
0.6489
0.649
0.6491
0.6492
0.6493
0.6494
0.6495
0.6496
0.6497
0.6498
0.6499
0.65
0.6501
0.6502
0.6503
0.6504
0.6505
0.6506
0.6507
0.6508
0.6509
0.651
0.6511
0.6512
0.6513
0.6514
0.6515
0.6516
0.6517
0.6518
0.6519
0.652
0.6521
0.6522
0.6523
0.6524
0.6525
0.6526
0.6527
0.6528
0.6529
0.653
0.6531
0.6532
0.6533
0.6534
0.6535
0.6536
0.6537
0.6538
0.6539
0.654
0.6541
0.6542
0.6543
0.6544
0.6545
0.6546
0.6547
0.6548
0.6549
0.655
0.6551
0.6552
0.6553
0.6554
0.6555
0.6556
0.6557
0.6558
0.6559
0.656
0.6561
0.6562
0.6563
0.6564
0.6565
0.6566
0.6567
0.6568
0.6569
0.657
0.6571
0.6572
0.6573
0.6574
0.6575
0.6576
0.6577
0.6578
0.6579
0.658
0.6581
0.6582
0.6583
0.6584
0.6585
0.6586
0.6587
0.6588
0.6589
0.659
0.6591
0.6592
0.6593
0.6594
0.6595
0.6596
0.6597
0.6598
0.6599
0.66
0.6601
0.6602
0.6603
0.6604
0.6605
0.6606
0.6607
0.6608
0.6609
0.661
0.6611
0.6612
0.6613
0.6614
0.6615
0.6616
0.6617
0.6618
0.6619
0.662
0.6621
0.6622
0.6623
0.6624
0.6625
0.6626
0.6627
0.6628
0.6629
0.663
0.6631
0.6632
0.6633
0.6634
0.6635
0.6636
0.6637
0.6638
0.6639
0.664
0.6641
0.6642
0.6643
0.6644
0.6645
0.6646
0.6647
0.6648
0.6649
0.665
0.6651
0.6652
0.6653
0.6654
0.6655
0.6656
0.6657
0.6658
0.6659
0.666
0.6661
0.6662
0.6663
0.6664
0.6665
0.6666
0.6667
0.6668
0.6669
0.667
0.6671
0.6672
0.6673
0.6674
0.6675
0.6676
0.6677
0.6678
0.6679
0.668
0.6681
0.6682
0.6683
0.6684
0.6685
0.6686
0.6687
0.6688
0.6689
0.669
0.6691
0.6692
0.6693
0.6694
0.6695
0.6696
0.6697
0.6698
0.6699
0.67
0.6701
0.6702
0.6703
0.6704
0.6705
0.6706
0.6707
0.6708
0.6709
0.671
0.6711
0.6712
0.6713
0.6714
0.6715
0.6716
0.6717
0.6718
0.6719
0.672
0.6721
0.6722
0.6723
0.6724
0.6725
0.6726
0.6727
0.6728
0.6729
0.673
0.6731
0.6732
0.6733
0.6734
0.6735
0.6736
0.6737
0.6738
0.6739
0.674
0.6741
0.6742
0.6743
0.6744
0.6745
0.6746
0.6747
0.6748
0.6749
0.675
0.6751
0.6752
0.6753
0.6754
0.6755
0.6756
0.6757
0.6758
0.6759
0.676
0.6761
0.6762
0.6763
0.6764
0.6765
0.6766
0.6767
0.6768
0.6769
0.677
0.6771
0.6772
0.6773
0.6774
0.6775
0.6776
0.6777
0.6778
0.6779
0.678
0.6781
0.6782
0.6783
0.6784
0.6785
0.6786
0.6787
0.6788
0.6789
0.679
0.6791
0.6792
0.6793
0.6794
0.6795
0.6796
0.6797
0.6798
0.6799
0.68
0.6801
0.6802
0.6803
0.6804
0.6805
0.6806
0.6807
0.6808
0.6809
0.681
0.6811
0.6812
0.6813
0.6814
0.6815
0.6816
0.6817
0.6818
0.6819
0.682
0.6821
0.6822
0.6823
0.6824
0.6825
0.6826
0.6827
0.6828
0.6829
0.683
0.6831
0.6832
0.6833
0.6834
0.6835
0.6836
0.6837
0.6838
0.6839
0.684
0.6841
0.6842
0.6843
0.6844
0.6845
0.6846
0.6847
0.6848
0.6849
0.685
0.6851
0.6852
0.6853
0.6854
0.6855
0.6856
0.6857
0.6858
0.6859
0.686
0.6861
0.6862
0.6863
0.6864
0.6865
0.6866
0.6867
0.6868
0.6869
0.687
0.6871
0.6872
0.6873
0.6874
0.6875
0.6876
0.6877
0.6878
0.6879
0.688
0.6881
0.6882
0.6883
0.6884
0.6885
0.6886
0.6887
0.6888
0.6889
0.689
0.6891
0.6892
0.6893
0.6894
0.6895
0.6896
0.6897
0.6898
0.6899
0.69
0.6901
0.6902
0.6903
0.6904
0.6905
0.6906
0.6907
0.6908
0.6909
0.691
0.6911
0.6912
0.6913
0.6914
0.6915
0.6916
0.6917
0.6918
0.6919
0.692
0.6921
0.6922
0.6923
0.6924
0.6925
0.6926
0.6927
0.6928
0.6929
0.693
0.6931
0.6932
0.6933
0.6934
0.6935
0.6936
0.6937
0.6938
0.6939
0.694
0.6941
0.6942
0.6943
0.6944
0.6945
0.6946
0.6947
0.6948
0.6949
0.695
0.6951
0.6952
0.6953
0.6954
0.6955
0.6956
0.6957
0.6958
0.6959
0.696
0.6961
0.6962
0.6963
0.6964
0.6965
0.6966
0.6967
0.6968
0.6969
0.697
0.6971
0.6972
0.6973
0.6974
0.6975
0.6976
0.6977
0.6978
0.6979
0.698
0.6981
0.6982
0.6983
0.6984
0.6985
0.6986
0.6987
0.6988
0.6989
0.699
0.6991
0.6992
0.6993
0.6994
0.6995
0.6996
0.6997
0.6998
0.6999
0.7
0.7001
0.7002
0.7003
0.7004
0.7005
0.7006
0.7007
0.7008
0.7009
0.701
0.7011
0.7012
0.7013
0.7014
0.7015
0.7016
0.7017
0.7018
0.7019
0.702
0.7021
0.7022
0.7023
0.7024
0.7025
0.7026
0.7027
0.7028
0.7029
0.703
0.7031
0.7032
0.7033
0.7034
0.7035
0.7036
0.7037
0.7038
0.7039
0.704
0.7041
0.7042
0.7043
0.7044
0.7045
0.7046
0.7047
0.7048
0.7049
0.705
0.7051
0.7052
0.7053
0.7054
0.7055
0.7056
0.7057
0.7058
0.7059
0.706
0.7061
0.7062
0.7063
0.7064
0.7065
0.7066
0.7067
0.7068
0.7069
0.707
0.7071
0.7072
0.7073
0.7074
0.7075
0.7076
0.7077
0.7078
0.7079
0.708
0.7081
0.7082
0.7083
0.7084
0.7085
0.7086
0.7087
0.7088
0.7089
0.709
0.7091
0.7092
0.7093
0.7094
0.7095
0.7096
0.7097
0.7098
0.7099
0.71
0.7101
0.7102
0.7103
0.7104
0.7105
0.7106
0.7107
0.7108
0.7109
0.711
0.7111
0.7112
0.7113
0.7114
0.7115
0.7116
0.7117
0.7118
0.7119
0.712
0.7121
0.7122
0.7123
0.7124
0.7125
0.7126
0.7127
0.7128
0.7129
0.713
0.7131
0.7132
0.7133
0.7134
0.7135
0.7136
0.7137
0.7138
0.7139
0.714
0.7141
0.7142
0.7143
0.7144
0.7145
0.7146
0.7147
0.7148
0.7149
0.715
0.7151
0.7152
0.7153
0.7154
0.7155
0.7156
0.7157
0.7158
0.7159
0.716
0.7161
0.7162
0.7163
0.7164
0.7165
0.7166
0.7167
0.7168
0.7169
0.717
0.7171
0.7172
0.7173
0.7174
0.7175
0.7176
0.7177
0.7178
0.7179
0.718
0.7181
0.7182
0.7183
0.7184
0.7185
0.7186
0.7187
0.7188
0.7189
0.719
0.7191
0.7192
0.7193
0.7194
0.7195
0.7196
0.7197
0.7198
0.7199
0.72
0.7201
0.7202
0.7203
0.7204
0.7205
0.7206
0.7207
0.7208
0.7209
0.721
0.7211
0.7212
0.7213
0.7214
0.7215
0.7216
0.7217
0.7218
0.7219
0.722
0.7221
0.7222
0.7223
0.7224
0.7225
0.7226
0.7227
0.7228
0.7229
0.723
0.7231
0.7232
0.7233
0.7234
0.7235
0.7236
0.7237
0.7238
0.7239
0.724
0.7241
0.7242
0.7243
0.7244
0.7245
0.7246
0.7247
0.7248
0.7249
0.725
0.7251
0.7252
0.7253
0.7254
0.7255
0.7256
0.7257
0.7258
0.7259
0.726
0.7261
0.7262
0.7263
0.7264
0.7265
0.7266
0.7267
0.7268
0.7269
0.727
0.7271
0.7272
0.7273
0.7274
0.7275
0.7276
0.7277
0.7278
0.7279
0.728
0.7281
0.7282
0.7283
0.7284
0.7285
0.7286
0.7287
0.7288
0.7289
0.729
0.7291
0.7292
0.7293
0.7294
0.7295
0.7296
0.7297
0.7298
0.7299
0.73
0.7301
0.7302
0.7303
0.7304
0.7305
0.7306
0.7307
0.7308
0.7309
0.731
0.7311
0.7312
0.7313
0.7314
0.7315
0.7316
0.7317
0.7318
0.7319
0.732
0.7321
0.7322
0.7323
0.7324
0.7325
0.7326
0.7327
0.7328
0.7329
0.733
0.7331
0.7332
0.7333
0.7334
0.7335
0.7336
0.7337
0.7338
0.7339
0.734
0.7341
0.7342
0.7343
0.7344
0.7345
0.7346
0.7347
0.7348
0.7349
0.735
0.7351
0.7352
0.7353
0.7354
0.7355
0.7356
0.7357
0.7358
0.7359
0.736
0.7361
0.7362
0.7363
0.7364
0.7365
0.7366
0.7367
0.7368
0.7369
0.737
0.7371
0.7372
0.7373
0.7374
0.7375
0.7376
0.7377
0.7378
0.7379
0.738
0.7381
0.7382
0.7383
0.7384
0.7385
0.7386
0.7387
0.7388
0.7389
0.739
0.7391
0.7392
0.7393
0.7394
0.7395
0.7396
0.7397
0.7398
0.7399
0.74
0.7401
0.7402
0.7403
0.7404
0.7405
0.7406
0.7407
0.7408
0.7409
0.741
0.7411
0.7412
0.7413
0.7414
0.7415
0.7416
0.7417
0.7418
0.7419
0.742
0.7421
0.7422
0.7423
0.7424
0.7425
0.7426
0.7427
0.7428
0.7429
0.743
0.7431
0.7432
0.7433
0.7434
0.7435
0.7436
0.7437
0.7438
0.7439
0.744
0.7441
0.7442
0.7443
0.7444
0.7445
0.7446
0.7447
0.7448
0.7449
0.745
0.7451
0.7452
0.7453
0.7454
0.7455
0.7456
0.7457
0.7458
0.7459
0.746
0.7461
0.7462
0.7463
0.7464
0.7465
0.7466
0.7467
0.7468
0.7469
0.747
0.7471
0.7472
0.7473
0.7474
0.7475
0.7476
0.7477
0.7478
0.7479
0.748
0.7481
0.7482
0.7483
0.7484
0.7485
0.7486
0.7487
0.7488
0.7489
0.749
0.7491
0.7492
0.7493
0.7494
0.7495
0.7496
0.7497
0.7498
0.7499
0.75
0.7501
0.7502
0.7503
0.7504
0.7505
0.7506
0.7507
0.7508
0.7509
0.751
0.7511
0.7512
0.7513
0.7514
0.7515
0.7516
0.7517
0.7518
0.7519
0.752
0.7521
0.7522
0.7523
0.7524
0.7525
0.7526
0.7527
0.7528
0.7529
0.753
0.7531
0.7532
0.7533
0.7534
0.7535
0.7536
0.7537
0.7538
0.7539
0.754
0.7541
0.7542
0.7543
0.7544
0.7545
0.7546
0.7547
0.7548
0.7549
0.755
0.7551
0.7552
0.7553
0.7554
0.7555
0.7556
0.7557
0.7558
0.7559
0.756
0.7561
0.7562
0.7563
0.7564
0.7565
0.7566
0.7567
0.7568
0.7569
0.757
0.7571
0.7572
0.7573
0.7574
0.7575
0.7576
0.7577
0.7578
0.7579
0.758
0.7581
0.7582
0.7583
0.7584
0.7585
0.7586
0.7587
0.7588
0.7589
0.759
0.7591
0.7592
0.7593
0.7594
0.7595
0.7596
0.7597
0.7598
0.7599
0.76
0.7601
0.7602
0.7603
0.7604
0.7605
0.7606
0.7607
0.7608
0.7609
0.761
0.7611
0.7612
0.7613
0.7614
0.7615
0.7616
0.7617
0.7618
0.7619
0.762
0.7621
0.7622
0.7623
0.7624
0.7625
0.7626
0.7627
0.7628
0.7629
0.763
0.7631
0.7632
0.7633
0.7634
0.7635
0.7636
0.7637
0.7638
0.7639
0.764
0.7641
0.7642
0.7643
0.7644
0.7645
0.7646
0.7647
0.7648
0.7649
0.765
0.7651
0.7652
0.7653
0.7654
0.7655
0.7656
0.7657
0.7658
0.7659
0.766
0.7661
0.7662
0.7663
0.7664
0.7665
0.7666
0.7667
0.7668
0.7669
0.767
0.7671
0.7672
0.7673
0.7674
0.7675
0.7676
0.7677
0.7678
0.7679
0.768
0.7681
0.7682
0.7683
0.7684
0.7685
0.7686
0.7687
0.7688
0.7689
0.769
0.7691
0.7692
0.7693
0.7694
0.7695
0.7696
0.7697
0.7698
0.7699
0.77
0.7701
0.7702
0.7703
0.7704
0.7705
0.7706
0.7707
0.7708
0.7709
0.771
0.7711
0.7712
0.7713
0.7714
0.7715
0.7716
0.7717
0.7718
0.7719
0.772
0.7721
0.7722
0.7723
0.7724
0.7725
0.7726
0.7727
0.7728
0.7729
0.773
0.7731
0.7732
0.7733
0.7734
0.7735
0.7736
0.7737
0.7738
0.7739
0.774
0.7741
0.7742
0.7743
0.7744
0.7745
0.7746
0.7747
0.7748
0.7749
0.775
0.7751
0.7752
0.7753
0.7754
0.7755
0.7756
0.7757
0.7758
0.7759
0.776
0.7761
0.7762
0.7763
0.7764
0.7765
0.7766
0.7767
0.7768
0.7769
0.777
0.7771
0.7772
0.7773
0.7774
0.7775
0.7776
0.7777
0.7778
0.7779
0.778
0.7781
0.7782
0.7783
0.7784
0.7785
0.7786
0.7787
0.7788
0.7789
0.779
0.7791
0.7792
0.7793
0.7794
0.7795
0.7796
0.7797
0.7798
0.7799
0.78
0.7801
0.7802
0.7803
0.7804
0.7805
0.7806
0.7807
0.7808
0.7809
0.781
0.7811
0.7812
0.7813
0.7814
0.7815
0.7816
0.7817
0.7818
0.7819
0.782
0.7821
0.7822
0.7823
0.7824
0.7825
0.7826
0.7827
0.7828
0.7829
0.783
0.7831
0.7832
0.7833
0.7834
0.7835
0.7836
0.7837
0.7838
0.7839
0.784
0.7841
0.7842
0.7843
0.7844
0.7845
0.7846
0.7847
0.7848
0.7849
0.785
0.7851
0.7852
0.7853
0.7854
0.7855
0.7856
0.7857
0.7858
0.7859
0.786
0.7861
0.7862
0.7863
0.7864
0.7865
0.7866
0.7867
0.7868
0.7869
0.787
0.7871
0.7872
0.7873
0.7874
0.7875
0.7876
0.7877
0.7878
0.7879
0.788
0.7881
0.7882
0.7883
0.7884
0.7885
0.7886
0.7887
0.7888
0.7889
0.789
0.7891
0.7892
0.7893
0.7894
0.7895
0.7896
0.7897
0.7898
0.7899
0.79
0.7901
0.7902
0.7903
0.7904
0.7905
0.7906
0.7907
0.7908
0.7909
0.791
0.7911
0.7912
0.7913
0.7914
0.7915
0.7916
0.7917
0.7918
0.7919
0.792
0.7921
0.7922
0.7923
0.7924
0.7925
0.7926
0.7927
0.7928
0.7929
0.793
0.7931
0.7932
0.7933
0.7934
0.7935
0.7936
0.7937
0.7938
0.7939
0.794
0.7941
0.7942
0.7943
0.7944
0.7945
0.7946
0.7947
0.7948
0.7949
0.795
0.7951
0.7952
0.7953
0.7954
0.7955
0.7956
0.7957
0.7958
0.7959
0.796
0.7961
0.7962
0.7963
0.7964
0.7965
0.7966
0.7967
0.7968
0.7969
0.797
0.7971
0.7972
0.7973
0.7974
0.7975
0.7976
0.7977
0.7978
0.7979
0.798
0.7981
0.7982
0.7983
0.7984
0.7985
0.7986
0.7987
0.7988
0.7989
0.799
0.7991
0.7992
0.7993
0.7994
0.7995
0.7996
0.7997
0.7998
0.7999
0.8
0.8001
0.8002
0.8003
0.8004
0.8005
0.8006
0.8007
0.8008
0.8009
0.801
0.8011
0.8012
0.8013
0.8014
0.8015
0.8016
0.8017
0.8018
0.8019
0.802
0.8021
0.8022
0.8023
0.8024
0.8025
0.8026
0.8027
0.8028
0.8029
0.803
0.8031
0.8032
0.8033
0.8034
0.8035
0.8036
0.8037
0.8038
0.8039
0.804
0.8041
0.8042
0.8043
0.8044
0.8045
0.8046
0.8047
0.8048
0.8049
0.805
0.8051
0.8052
0.8053
0.8054
0.8055
0.8056
0.8057
0.8058
0.8059
0.806
0.8061
0.8062
0.8063
0.8064
0.8065
0.8066
0.8067
0.8068
0.8069
0.807
0.8071
0.8072
0.8073
0.8074
0.8075
0.8076
0.8077
0.8078
0.8079
0.808
0.8081
0.8082
0.8083
0.8084
0.8085
0.8086
0.8087
0.8088
0.8089
0.809
0.8091
0.8092
0.8093
0.8094
0.8095
0.8096
0.8097
0.8098
0.8099
0.81
0.8101
0.8102
0.8103
0.8104
0.8105
0.8106
0.8107
0.8108
0.8109
0.811
0.8111
0.8112
0.8113
0.8114
0.8115
0.8116
0.8117
0.8118
0.8119
0.812
0.8121
0.8122
0.8123
0.8124
0.8125
0.8126
0.8127
0.8128
0.8129
0.813
0.8131
0.8132
0.8133
0.8134
0.8135
0.8136
0.8137
0.8138
0.8139
0.814
0.8141
0.8142
0.8143
0.8144
0.8145
0.8146
0.8147
0.8148
0.8149
0.815
0.8151
0.8152
0.8153
0.8154
0.8155
0.8156
0.8157
0.8158
0.8159
0.816
0.8161
0.8162
0.8163
0.8164
0.8165
0.8166
0.8167
0.8168
0.8169
0.817
0.8171
0.8172
0.8173
0.8174
0.8175
0.8176
0.8177
0.8178
0.8179
0.818
0.8181
0.8182
0.8183
0.8184
0.8185
0.8186
0.8187
0.8188
0.8189
0.819
0.8191
0.8192
0.8193
0.8194
0.8195
0.8196
0.8197
0.8198
0.8199
0.82
0.8201
0.8202
0.8203
0.8204
0.8205
0.8206
0.8207
0.8208
0.8209
0.821
0.8211
0.8212
0.8213
0.8214
0.8215
0.8216
0.8217
0.8218
0.8219
0.822
0.8221
0.8222
0.8223
0.8224
0.8225
0.8226
0.8227
0.8228
0.8229
0.823
0.8231
0.8232
0.8233
0.8234
0.8235
0.8236
0.8237
0.8238
0.8239
0.824
0.8241
0.8242
0.8243
0.8244
0.8245
0.8246
0.8247
0.8248
0.8249
0.825
0.8251
0.8252
0.8253
0.8254
0.8255
0.8256
0.8257
0.8258
0.8259
0.826
0.8261
0.8262
0.8263
0.8264
0.8265
0.8266
0.8267
0.8268
0.8269
0.827
0.8271
0.8272
0.8273
0.8274
0.8275
0.8276
0.8277
0.8278
0.8279
0.828
0.8281
0.8282
0.8283
0.8284
0.8285
0.8286
0.8287
0.8288
0.8289
0.829
0.8291
0.8292
0.8293
0.8294
0.8295
0.8296
0.8297
0.8298
0.8299
0.83
0.8301
0.8302
0.8303
0.8304
0.8305
0.8306
0.8307
0.8308
0.8309
0.831
0.8311
0.8312
0.8313
0.8314
0.8315
0.8316
0.8317
0.8318
0.8319
0.832
0.8321
0.8322
0.8323
0.8324
0.8325
0.8326
0.8327
0.8328
0.8329
0.833
0.8331
0.8332
0.8333
0.8334
0.8335
0.8336
0.8337
0.8338
0.8339
0.834
0.8341
0.8342
0.8343
0.8344
0.8345
0.8346
0.8347
0.8348
0.8349
0.835
0.8351
0.8352
0.8353
0.8354
0.8355
0.8356
0.8357
0.8358
0.8359
0.836
0.8361
0.8362
0.8363
0.8364
0.8365
0.8366
0.8367
0.8368
0.8369
0.837
0.8371
0.8372
0.8373
0.8374
0.8375
0.8376
0.8377
0.8378
0.8379
0.838
0.8381
0.8382
0.8383
0.8384
0.8385
0.8386
0.8387
0.8388
0.8389
0.839
0.8391
0.8392
0.8393
0.8394
0.8395
0.8396
0.8397
0.8398
0.8399
0.84
0.8401
0.8402
0.8403
0.8404
0.8405
0.8406
0.8407
0.8408
0.8409
0.841
0.8411
0.8412
0.8413
0.8414
0.8415
0.8416
0.8417
0.8418
0.8419
0.842
0.8421
0.8422
0.8423
0.8424
0.8425
0.8426
0.8427
0.8428
0.8429
0.843
0.8431
0.8432
0.8433
0.8434
0.8435
0.8436
0.8437
0.8438
0.8439
0.844
0.8441
0.8442
0.8443
0.8444
0.8445
0.8446
0.8447
0.8448
0.8449
0.845
0.8451
0.8452
0.8453
0.8454
0.8455
0.8456
0.8457
0.8458
0.8459
0.846
0.8461
0.8462
0.8463
0.8464
0.8465
0.8466
0.8467
0.8468
0.8469
0.847
0.8471
0.8472
0.8473
0.8474
0.8475
0.8476
0.8477
0.8478
0.8479
0.848
0.8481
0.8482
0.8483
0.8484
0.8485
0.8486
0.8487
0.8488
0.8489
0.849
0.8491
0.8492
0.8493
0.8494
0.8495
0.8496
0.8497
0.8498
0.8499
0.85
0.8501
0.8502
0.8503
0.8504
0.8505
0.8506
0.8507
0.8508
0.8509
0.851
0.8511
0.8512
0.8513
0.8514
0.8515
0.8516
0.8517
0.8518
0.8519
0.852
0.8521
0.8522
0.8523
0.8524
0.8525
0.8526
0.8527
0.8528
0.8529
0.853
0.8531
0.8532
0.8533
0.8534
0.8535
0.8536
0.8537
0.8538
0.8539
0.854
0.8541
0.8542
0.8543
0.8544
0.8545
0.8546
0.8547
0.8548
0.8549
0.855
0.8551
0.8552
0.8553
0.8554
0.8555
0.8556
0.8557
0.8558
0.8559
0.856
0.8561
0.8562
0.8563
0.8564
0.8565
0.8566
0.8567
0.8568
0.8569
0.857
0.8571
0.8572
0.8573
0.8574
0.8575
0.8576
0.8577
0.8578
0.8579
0.858
0.8581
0.8582
0.8583
0.8584
0.8585
0.8586
0.8587
0.8588
0.8589
0.859
0.8591
0.8592
0.8593
0.8594
0.8595
0.8596
0.8597
0.8598
0.8599
0.86
0.8601
0.8602
0.8603
0.8604
0.8605
0.8606
0.8607
0.8608
0.8609
0.861
0.8611
0.8612
0.8613
0.8614
0.8615
0.8616
0.8617
0.8618
0.8619
0.862
0.8621
0.8622
0.8623
0.8624
0.8625
0.8626
0.8627
0.8628
0.8629
0.863
0.8631
0.8632
0.8633
0.8634
0.8635
0.8636
0.8637
0.8638
0.8639
0.864
0.8641
0.8642
0.8643
0.8644
0.8645
0.8646
0.8647
0.8648
0.8649
0.865
0.8651
0.8652
0.8653
0.8654
0.8655
0.8656
0.8657
0.8658
0.8659
0.866
0.8661
0.8662
0.8663
0.8664
0.8665
0.8666
0.8667
0.8668
0.8669
0.867
0.8671
0.8672
0.8673
0.8674
0.8675
0.8676
0.8677
0.8678
0.8679
0.868
0.8681
0.8682
0.8683
0.8684
0.8685
0.8686
0.8687
0.8688
0.8689
0.869
0.8691
0.8692
0.8693
0.8694
0.8695
0.8696
0.8697
0.8698
0.8699
0.87
0.8701
0.8702
0.8703
0.8704
0.8705
0.8706
0.8707
0.8708
0.8709
0.871
0.8711
0.8712
0.8713
0.8714
0.8715
0.8716
0.8717
0.8718
0.8719
0.872
0.8721
0.8722
0.8723
0.8724
0.8725
0.8726
0.8727
0.8728
0.8729
0.873
0.8731
0.8732
0.8733
0.8734
0.8735
0.8736
0.8737
0.8738
0.8739
0.874
0.8741
0.8742
0.8743
0.8744
0.8745
0.8746
0.8747
0.8748
0.8749
0.875
0.8751
0.8752
0.8753
0.8754
0.8755
0.8756
0.8757
0.8758
0.8759
0.876
0.8761
0.8762
0.8763
0.8764
0.8765
0.8766
0.8767
0.8768
0.8769
0.877
0.8771
0.8772
0.8773
0.8774
0.8775
0.8776
0.8777
0.8778
0.8779
0.878
0.8781
0.8782
0.8783
0.8784
0.8785
0.8786
0.8787
0.8788
0.8789
0.879
0.8791
0.8792
0.8793
0.8794
0.8795
0.8796
0.8797
0.8798
0.8799
0.88
0.8801
0.8802
0.8803
0.8804
0.8805
0.8806
0.8807
0.8808
0.8809
0.881
0.8811
0.8812
0.8813
0.8814
0.8815
0.8816
0.8817
0.8818
0.8819
0.882
0.8821
0.8822
0.8823
0.8824
0.8825
0.8826
0.8827
0.8828
0.8829
0.883
0.8831
0.8832
0.8833
0.8834
0.8835
0.8836
0.8837
0.8838
0.8839
0.884
0.8841
0.8842
0.8843
0.8844
0.8845
0.8846
0.8847
0.8848
0.8849
0.885
0.8851
0.8852
0.8853
0.8854
0.8855
0.8856
0.8857
0.8858
0.8859
0.886
0.8861
0.8862
0.8863
0.8864
0.8865
0.8866
0.8867
0.8868
0.8869
0.887
0.8871
0.8872
0.8873
0.8874
0.8875
0.8876
0.8877
0.8878
0.8879
0.888
0.8881
0.8882
0.8883
0.8884
0.8885
0.8886
0.8887
0.8888
0.8889
0.889
0.8891
0.8892
0.8893
0.8894
0.8895
0.8896
0.8897
0.8898
0.8899
0.89
0.8901
0.8902
0.8903
0.8904
0.8905
0.8906
0.8907
0.8908
0.8909
0.891
0.8911
0.8912
0.8913
0.8914
0.8915
0.8916
0.8917
0.8918
0.8919
0.892
0.8921
0.8922
0.8923
0.8924
0.8925
0.8926
0.8927
0.8928
0.8929
0.893
0.8931
0.8932
0.8933
0.8934
0.8935
0.8936
0.8937
0.8938
0.8939
0.894
0.8941
0.8942
0.8943
0.8944
0.8945
0.8946
0.8947
0.8948
0.8949
0.895
0.8951
0.8952
0.8953
0.8954
0.8955
0.8956
0.8957
0.8958
0.8959
0.896
0.8961
0.8962
0.8963
0.8964
0.8965
0.8966
0.8967
0.8968
0.8969
0.897
0.8971
0.8972
0.8973
0.8974
0.8975
0.8976
0.8977
0.8978
0.8979
0.898
0.8981
0.8982
0.8983
0.8984
0.8985
0.8986
0.8987
0.8988
0.8989
0.899
0.8991
0.8992
0.8993
0.8994
0.8995
0.8996
0.8997
0.8998
0.8999
0.9
0.9001
0.9002
0.9003
0.9004
0.9005
0.9006
0.9007
0.9008
0.9009
0.901
0.9011
0.9012
0.9013
0.9014
0.9015
0.9016
0.9017
0.9018
0.9019
0.902
0.9021
0.9022
0.9023
0.9024
0.9025
0.9026
0.9027
0.9028
0.9029
0.903
0.9031
0.9032
0.9033
0.9034
0.9035
0.9036
0.9037
0.9038
0.9039
0.904
0.9041
0.9042
0.9043
0.9044
0.9045
0.9046
0.9047
0.9048
0.9049
0.905
0.9051
0.9052
0.9053
0.9054
0.9055
0.9056
0.9057
0.9058
0.9059
0.906
0.9061
0.9062
0.9063
0.9064
0.9065
0.9066
0.9067
0.9068
0.9069
0.907
0.9071
0.9072
0.9073
0.9074
0.9075
0.9076
0.9077
0.9078
0.9079
0.908
0.9081
0.9082
0.9083
0.9084
0.9085
0.9086
0.9087
0.9088
0.9089
0.909
0.9091
0.9092
0.9093
0.9094
0.9095
0.9096
0.9097
0.9098
0.9099
0.91
0.9101
0.9102
0.9103
0.9104
0.9105
0.9106
0.9107
0.9108
0.9109
0.911
0.9111
0.9112
0.9113
0.9114
0.9115
0.9116
0.9117
0.9118
0.9119
0.912
0.9121
0.9122
0.9123
0.9124
0.9125
0.9126
0.9127
0.9128
0.9129
0.913
0.9131
0.9132
0.9133
0.9134
0.9135
0.9136
0.9137
0.9138
0.9139
0.914
0.9141
0.9142
0.9143
0.9144
0.9145
0.9146
0.9147
0.9148
0.9149
0.915
0.9151
0.9152
0.9153
0.9154
0.9155
0.9156
0.9157
0.9158
0.9159
0.916
0.9161
0.9162
0.9163
0.9164
0.9165
0.9166
0.9167
0.9168
0.9169
0.917
0.9171
0.9172
0.9173
0.9174
0.9175
0.9176
0.9177
0.9178
0.9179
0.918
0.9181
0.9182
0.9183
0.9184
0.9185
0.9186
0.9187
0.9188
0.9189
0.919
0.9191
0.9192
0.9193
0.9194
0.9195
0.9196
0.9197
0.9198
0.9199
0.92
0.9201
0.9202
0.9203
0.9204
0.9205
0.9206
0.9207
0.9208
0.9209
0.921
0.9211
0.9212
0.9213
0.9214
0.9215
0.9216
0.9217
0.9218
0.9219
0.922
0.9221
0.9222
0.9223
0.9224
0.9225
0.9226
0.9227
0.9228
0.9229
0.923
0.9231
0.9232
0.9233
0.9234
0.9235
0.9236
0.9237
0.9238
0.9239
0.924
0.9241
0.9242
0.9243
0.9244
0.9245
0.9246
0.9247
0.9248
0.9249
0.925
0.9251
0.9252
0.9253
0.9254
0.9255
0.9256
0.9257
0.9258
0.9259
0.926
0.9261
0.9262
0.9263
0.9264
0.9265
0.9266
0.9267
0.9268
0.9269
0.927
0.9271
0.9272
0.9273
0.9274
0.9275
0.9276
0.9277
0.9278
0.9279
0.928
0.9281
0.9282
0.9283
0.9284
0.9285
0.9286
0.9287
0.9288
0.9289
0.929
0.9291
0.9292
0.9293
0.9294
0.9295
0.9296
0.9297
0.9298
0.9299
0.93
0.9301
0.9302
0.9303
0.9304
0.9305
0.9306
0.9307
0.9308
0.9309
0.931
0.9311
0.9312
0.9313
0.9314
0.9315
0.9316
0.9317
0.9318
0.9319
0.932
0.9321
0.9322
0.9323
0.9324
0.9325
0.9326
0.9327
0.9328
0.9329
0.933
0.9331
0.9332
0.9333
0.9334
0.9335
0.9336
0.9337
0.9338
0.9339
0.934
0.9341
0.9342
0.9343
0.9344
0.9345
0.9346
0.9347
0.9348
0.9349
0.935
0.9351
0.9352
0.9353
0.9354
0.9355
0.9356
0.9357
0.9358
0.9359
0.936
0.9361
0.9362
0.9363
0.9364
0.9365
0.9366
0.9367
0.9368
0.9369
0.937
0.9371
0.9372
0.9373
0.9374
0.9375
0.9376
0.9377
0.9378
0.9379
0.938
0.9381
0.9382
0.9383
0.9384
0.9385
0.9386
0.9387
0.9388
0.9389
0.939
0.9391
0.9392
0.9393
0.9394
0.9395
0.9396
0.9397
0.9398
0.9399
0.94
0.9401
0.9402
0.9403
0.9404
0.9405
0.9406
0.9407
0.9408
0.9409
0.941
0.9411
0.9412
0.9413
0.9414
0.9415
0.9416
0.9417
0.9418
0.9419
0.942
0.9421
0.9422
0.9423
0.9424
0.9425
0.9426
0.9427
0.9428
0.9429
0.943
0.9431
0.9432
0.9433
0.9434
0.9435
0.9436
0.9437
0.9438
0.9439
0.944
0.9441
0.9442
0.9443
0.9444
0.9445
0.9446
0.9447
0.9448
0.9449
0.945
0.9451
0.9452
0.9453
0.9454
0.9455
0.9456
0.9457
0.9458
0.9459
0.946
0.9461
0.9462
0.9463
0.9464
0.9465
0.9466
0.9467
0.9468
0.9469
0.947
0.9471
0.9472
0.9473
0.9474
0.9475
0.9476
0.9477
0.9478
0.9479
0.948
0.9481
0.9482
0.9483
0.9484
0.9485
0.9486
0.9487
0.9488
0.9489
0.949
0.9491
0.9492
0.9493
0.9494
0.9495
0.9496
0.9497
0.9498
0.9499
0.95
0.9501
0.9502
0.9503
0.9504
0.9505
0.9506
0.9507
0.9508
0.9509
0.951
0.9511
0.9512
0.9513
0.9514
0.9515
0.9516
0.9517
0.9518
0.9519
0.952
0.9521
0.9522
0.9523
0.9524
0.9525
0.9526
0.9527
0.9528
0.9529
0.953
0.9531
0.9532
0.9533
0.9534
0.9535
0.9536
0.9537
0.9538
0.9539
0.954
0.9541
0.9542
0.9543
0.9544
0.9545
0.9546
0.9547
0.9548
0.9549
0.955
0.9551
0.9552
0.9553
0.9554
0.9555
0.9556
0.9557
0.9558
0.9559
0.956
0.9561
0.9562
0.9563
0.9564
0.9565
0.9566
0.9567
0.9568
0.9569
0.957
0.9571
0.9572
0.9573
0.9574
0.9575
0.9576
0.9577
0.9578
0.9579
0.958
0.9581
0.9582
0.9583
0.9584
0.9585
0.9586
0.9587
0.9588
0.9589
0.959
0.9591
0.9592
0.9593
0.9594
0.9595
0.9596
0.9597
0.9598
0.9599
0.96
0.9601
0.9602
0.9603
0.9604
0.9605
0.9606
0.9607
0.9608
0.9609
0.961
0.9611
0.9612
0.9613
0.9614
0.9615
0.9616
0.9617
0.9618
0.9619
0.962
0.9621
0.9622
0.9623
0.9624
0.9625
0.9626
0.9627
0.9628
0.9629
0.963
0.9631
0.9632
0.9633
0.9634
0.9635
0.9636
0.9637
0.9638
0.9639
0.964
0.9641
0.9642
0.9643
0.9644
0.9645
0.9646
0.9647
0.9648
0.9649
0.965
0.9651
0.9652
0.9653
0.9654
0.9655
0.9656
0.9657
0.9658
0.9659
0.966
0.9661
0.9662
0.9663
0.9664
0.9665
0.9666
0.9667
0.9668
0.9669
0.967
0.9671
0.9672
0.9673
0.9674
0.9675
0.9676
0.9677
0.9678
0.9679
0.968
0.9681
0.9682
0.9683
0.9684
0.9685
0.9686
0.9687
0.9688
0.9689
0.969
0.9691
0.9692
0.9693
0.9694
0.9695
0.9696
0.9697
0.9698
0.9699
0.97
0.9701
0.9702
0.9703
0.9704
0.9705
0.9706
0.9707
0.9708
0.9709
0.971
0.9711
0.9712
0.9713
0.9714
0.9715
0.9716
0.9717
0.9718
0.9719
0.972
0.9721
0.9722
0.9723
0.9724
0.9725
0.9726
0.9727
0.9728
0.9729
0.973
0.9731
0.9732
0.9733
0.9734
0.9735
0.9736
0.9737
0.9738
0.9739
0.974
0.9741
0.9742
0.9743
0.9744
0.9745
0.9746
0.9747
0.9748
0.9749
0.975
0.9751
0.9752
0.9753
0.9754
0.9755
0.9756
0.9757
0.9758
0.9759
0.976
0.9761
0.9762
0.9763
0.9764
0.9765
0.9766
0.9767
0.9768
0.9769
0.977
0.9771
0.9772
0.9773
0.9774
0.9775
0.9776
0.9777
0.9778
0.9779
0.978
0.9781
0.9782
0.9783
0.9784
0.9785
0.9786
0.9787
0.9788
0.9789
0.979
0.9791
0.9792
0.9793
0.9794
0.9795
0.9796
0.9797
0.9798
0.9799
0.98
0.9801
0.9802
0.9803
0.9804
0.9805
0.9806
0.9807
0.9808
0.9809
0.981
0.9811
0.9812
0.9813
0.9814
0.9815
0.9816
0.9817
0.9818
0.9819
0.982
0.9821
0.9822
0.9823
0.9824
0.9825
0.9826
0.9827
0.9828
0.9829
0.983
0.9831
0.9832
0.9833
0.9834
0.9835
0.9836
0.9837
0.9838
0.9839
0.984
0.9841
0.9842
0.9843
0.9844
0.9845
0.9846
0.9847
0.9848
0.9849
0.985
0.9851
0.9852
0.9853
0.9854
0.9855
0.9856
0.9857
0.9858
0.9859
0.986
0.9861
0.9862
0.9863
0.9864
0.9865
0.9866
0.9867
0.9868
0.9869
0.987
0.9871
0.9872
0.9873
0.9874
0.9875
0.9876
0.9877
0.9878
0.9879
0.988
0.9881
0.9882
0.9883
0.9884
0.9885
0.9886
0.9887
0.9888
0.9889
0.989
0.9891
0.9892
0.9893
0.9894
0.9895
0.9896
0.9897
0.9898
0.9899
0.99
0.9901
0.9902
0.9903
0.9904
0.9905
0.9906
0.9907
0.9908
0.9909
0.991
0.9911
0.9912
0.9913
0.9914
0.9915
0.9916
0.9917
0.9918
0.9919
0.992
0.9921
0.9922
0.9923
0.9924
0.9925
0.9926
0.9927
0.9928
0.9929
0.993
0.9931
0.9932
0.9933
0.9934
0.9935
0.9936
0.9937
0.9938
0.9939
0.994
0.9941
0.9942
0.9943
0.9944
0.9945
0.9946
0.9947
0.9948
0.9949
0.995
0.9951
0.9952
0.9953
0.9954
0.9955
0.9956
0.9957
0.9958
0.9959
0.996
0.9961
0.9962
0.9963
0.9964
0.9965
0.9966
0.9967
0.9968
0.9969
0.997
0.9971
0.9972
0.9973
0.9974
0.9975
0.9976
0.9977
0.9978
0.9979
0.998
0.9981
0.9982
0.9983
0.9984
0.9985
0.9986
0.9987
0.9988
0.9989
0.999
0.9991
0.9992
0.9993
0.9994
0.9995
0.9996
0.9997
0.9998
0.9999

3
1
2
3


100
2
100
5
1 1 1 0.902767
2 0 5434 0.996381
4 0 0 0.932535
5 0 0 1.02083
3 0 0 0.819863

3
1 0 6058 0.867526
2 0 0 0.991773
3 0 0 0.813806

3
1 0 401 0.857235
2 0 0 1.20941
3 0 0 0.875113

3
1 0 7143 0.972477
2 0 0 0.947074
3 0 0 0.88569

5
1 1 1 0.868495
2 0 9647 1.04355
4 0 0 1.06917
5 0 0 0.963041
3 0 0 0.731223

3
1 1 2 1.04768
2 0 0 0.996067
3 0 0 0.974113

3
1 0 3694 0.874022
2 0 0 0.961663
3 0 0 0.887794

1
1 0 0 0.824008

3
1 1 1 0.769341
2 0 0 0.964871
3 0 0 0.76382

1
1 0 0 0.765251

3
1 1 1 0.801012
2 0 0 1.03514
3 0 0 0.754425

3
1 0 3244 0.84861
2 0 0 0.810645
3 0 0 0.85165

5
1 0 4306 0.917082
2 0 3085 0.90501
4 0 0 0.902702
5 0 0 1.03029
3 0 0 0.824066

1
1 0 0 0.863613

7
1 0 2148 0.881654
2 1 2 0.907724
4 0 417 1.11826
8 0 0 0.950419
9 0 0 1.05986
5 0 0 0.942674
3 0 0 0.847539

3
1 1 1 0.913985
2 0 0 0.964099
3 0 0 0.854876

5
1 0 2847 0.926761
2 0 0 0.893721
3 1 1 0.975811
6 0 0 1.03505
7 0 0 0.834652

5
1 1 1 0.877974
2 0 8235 1.02776
4 0 0 0.996939
5 0 0 1.00962
3 0 0 0.881378

3
1 0 1611 0.887038
2 0 0 1.01843
3 0 0 0.894704

3
1 1 1 0.951718
2 0 0 1.02604
3 0 0 0.896327

3
1 0 1115 0.917624
2 0 0 0.974738
3 0 0 0.893524

3
1 0 1231 0.795698
2 0 0 0.934372
3 0 0 0.766224

1
1 0 0 0.86445

1
1 0 0 0.770656

3
1 0 612 0.916362
2 0 0 1.05634
3 0 0 0.959925

3
1 0 9925 0.918866
2 0 0 0.898767
3 0 0 1.03675

1
1 0 0 0.838652

3
1 0 6120 0.913543
2 0 0 0.928204
3 0 0 0.775498

3
1 1 2 0.931333
2 0 0 0.941985
3 0 0 0.885627

5
1 1 2 0.846842
2 0 0 0.841564
3 0 2875 0.915935
6 0 0 0.974576
7 0 0 1.01413

7
1 0 1620 0.84875
2 0 677 1.01436
4 0 0 0.939278
5 0 1104 0.935573
10 0 0 0.938279
11 0 0 1.01836
3 0 0 0.747114

3
1 0 4223 0.887616
2 0 0 0.954447
3 0 0 0.857222

5
1 1 2 0.858792
2 0 7671 0.842679
4 0 0 0.881536
5 0 0 0.931006
3 0 0 0.9822

3
1 0 8886 0.946961
2 0 0 0.88684
3 0 0 0.877161

5
1 0 9702 0.686584
2 0 0 0.690696
3 0 9989 1.01816
6 0 0 0.990215
7 0 0 0.933605

1
1 0 0 0.954351

1
1 0 0 0.812587

1
1 0 0 0.84145

3
1 1 1 0.767401
2 0 0 1.07506
3 0 0 0.890334

1
1 0 0 0.830485

1
1 0 0 0.898963

1
1 0 0 0.95174

5
1 0 1049 0.907754
2 0 762 1.03111
4 0 0 1.04406
5 0 0 0.936531
3 0 0 0.85528

3
1 1 1 0.894072
2 0 0 0.958811
3 0 0 0.817628

3
1 0 5501 0.853859
2 0 0 0.808997
3 0 0 0.965821

3
1 0 7991 0.916654
2 0 0 0.863109
3 0 0 0.950482

1
1 0 0 0.837643

3
1 1 1 0.846121
2 0 0 0.897258
3 0 0 0.81688

1
1 0 0 0.879475

3
1 1 1 0.863451
2 0 0 1.06386
3 0 0 0.743908

3
1 0 8987 0.819878
2 0 0 0.85109
3 0 0 0.796708

3
1 0 761 0.88246
2 0 0 1.05366
3 0 0 0.841591

5
1 1 1 0.850786
2 0 5800 0.96327
4 0 0 1.01994
5 0 0 1.02183
3 0 0 0.87953

3
1 1 1 0.756557
2 0 0 0.948179
3 0 0 0.883398

3
1 1 1 0.812873
2 0 0 1.00214
3 0 0 0.818262

3
1 0 5830 0.936882
2 0 0 0.995203
3 0 0 0.879812

3
1 0 149 0.807006
2 0 0 1.07002
3 0 0 0.747245

3
1 0 2189 0.941253
2 0 0 0.974353
3 0 0 0.948596

1
1 0 0 0.778861

5
1 1 1 0.817287
2 0 6726 0.998921
4 0 0 1.11507
5 0 0 1.08357
3 0 0 0.740943

3
1 0 1186 0.80243
2 0 0 0.926127
3 0 0 0.888176

1
1 0 0 0.63828

3
1 0 8444 0.856931
2 0 0 0.908138
3 0 0 0.88972

3
1 1 2 0.886449
2 0 0 0.798223
3 0 0 1.04247

3
1 1 2 0.83269
2 0 0 0.797881
3 0 0 1.09594

5
1 0 1420 0.945344
2 0 454 0.924104
4 0 0 0.893797
5 0 0 1.03323
3 0 0 0.868893

3
1 1 1 0.949629
2 0 0 0.963826
3 0 0 1.01114

5
1 0 77 0.788134
2 0 12 1.02181
4 0 0 1.06911
5 0 0 1.0006
3 0 0 0.853319

5
1 1 1 0.844481
2 0 0 0.880356
3 0 27 0.731774
6 0 0 1.07472
7 0 0 0.751318

3
1 0 1757 0.974533
2 0 0 0.877401
3 0 0 0.997413

7
1 1 1 0.996351
2 0 6052 0.947576
4 0 0 0.917425
5 0 0 0.97086
3 0 6306 0.941055
6 0 0 0.913667
7 0 0 0.887917

3
1 1 2 0.934869
2 0 0 0.959658
3 0 0 1.03436

3
1 1 2 0.812216
2 0 0 0.79098
3 0 0 0.99875

1
1 0 0 0.88655

3
1 1 2 0.847106
2 0 0 0.792081
3 0 0 0.939944

3
1 0 870 0.882941
2 0 0 0.886679
3 0 0 0.909602

1
1 0 0 0.832971

3
1 0 9093 0.868027
2 0 0 0.837073
3 0 0 0.975363

5
1 0 9961 0.889508
2 0 0 0.82302
3 0 9994 1.03775
6 0 0 1.04903
7 0 0 1.05763

3
1 0 897 0.823026
2 0 0 0.869924
3 0 0 0.882371

3
1 1 1 0.887989
2 0 0 0.931851
3 0 0 0.827908

3
1 1 1 0.927425
2 0 0 0.959475
3 0 0 0.816887

3
1 0 9615 0.971379
2 0 0 0.944094
3 0 0 0.978248

5
1 1 2 0.849777
2 0 0 0.933445
3 0 6745 1.06163
6 0 0 1.04505
7 0 0 0.950379

1
1 0 0 0.840908

3
1 0 6393 0.857881
2 0 0 0.845062
3 0 0 1.0424

5
1 0 9671 0.847032
2 0 0 0.90839
3 0 9926 0.986541
6 0 0 1.13079
7 0 0 0.950221

7
1 0 9678 0.916074
2 1 2 0.923364
4 0 0 0.856489
5 0 0 0.920472
3 1 2 1.1125
6 0 0 1.0175
7 0 0 0.886662

3
1 0 4951 0.793217
2 0 0 0.81859
3 0 0 0.820734

3
1 1 1 0.767237
2 0 0 1.03268
3 0 0 0.921923

3
1 1 1 0.815479
2 0 0 0.997448
3 0 0 0.791376

3
1 0 5151 0.894169
2 0 0 0.929422
3 0 0 0.913778

3
1 1 1 0.897367
2 0 0 0.927839
3 0 0 0.723697

1
1 0 0 0.814349

1
1 0 0 0.795151

5
1 1 2 0.815336
2 0 0 0.885481
3 0 779 0.868941
6 0 0 0.946639
7 0 0 0.82097

1
1 0 0 0.785056

1
1 0 0 0.865806

5
1 1 1 0.891631
2 0 0 0.967558
3 1 2 0.926573
6 0 0 0.784454
7 0 0 0.993972

5
1 1 1 0.937175
2 0 8399 1.07228
4 0 0 1.05687
5 0 0 0.985083
3 0 0 0.938471

5
1 0 5879 0.816232
2 0 0 0.950369
3 0 7609 1.04218
6 0 0 1.15589
7 0 0 0.849931

3
1 0 665 0.804287
2 0 0 0.947769
3 0 0 0.753959

1
1 0 0 0.785163

1
1 0 0 0.892321

1
1 0 0 0.837403

3
1 1 2 0.957085
2 0 0 0.93098
3 0 0 0.997007

3
1 1 1 0.969529
2 0 0 1.00509
3 0 0 0.755438

3
1 1 1 0.826895
2 0 0 0.902325
3 0 0 0.852249

7
1 1 2 0.824976
2 0 0 0.853293
3 0 9599 0.873787
6 0 0 0.800839
7 0 9825 1.05225
14 0 0 0.908865
15 0 0 1.02634

3
1 1 1 0.902148
2 0 0 0.986842
3 0 0 0.925374

3
1 1 1 0.801012
2 0 0 1.09206
3 0 0 0.847668

3
1 1 1 0.794616
2 0 0 1.01163
3 0 0 0.871555

3
1 0 7025 0.854536
2 0 0 0.855697
3 0 0 0.949315

1
1 0 0 0.86487

3
1 0 9620 0.768627
2 0 0 0.830371
3 0 0 0.930448

3
1 0 5532 0.945129
2 0 0 0.912782
3 0 0 0.918159

3
1 1 1 0.957129
2 0 0 1.09073
3 0 0 0.781968

3
1 0 6263 0.829352
2 0 0 0.893591
3 0 0 0.846276

3
1 1 1 0.968027
2 0 0 0.992954
3 0 0 0.778448

3
1 1 1 0.906673
2 0 0 0.999634
3 0 0 0.84093

3
1 1 2 0.833772
2 0 0 0.880178
3 0 0 0.862416

3
1 1 1 0.903834
2 0 0 1.03321
3 0 0 0.796958

3
1 1 1 0.907366
2 0 0 0.90471
3 0 0 0.882938

1
1 0 0 0.809047

3
1 1 1 0.820953
2 0 0 0.957196
3 0 0 0.840772

5
1 0 120 0.723356
2 1 1 1.13859
4 0 0 0.965425
5 0 0 1.01185
3 0 0 0.862418

1
1 0 0 0.823835

3
1 1 1 0.897562
2 0 0 0.930086
3 0 0 0.848903

3
1 0 1282 0.940338
2 0 0 0.974298
3 0 0 0.806718

3
1 0 7568 0.877038
2 0 0 0.966464
3 0 0 1.06301

3
1 1 2 0.879007
2 0 0 1.03057
3 0 0 0.930976

3
1 1 2 0.833935
2 0 0 0.85875
3 0 0 1.03861

3
1 1 1 0.863801
2 0 0 1.03094
3 0 0 0.778586

7
1 1 2 0.869284
2 1 1 0.897063
4 0 0 0.837237
5 0 0 0.870065
3 0 5727 0.980431
6 0 0 1.00276
7 0 0 0.965198

3
1 0 7149 0.844945
2 0 0 0.933679
3 0 0 0.839864

3
1 1 2 0.858693
2 0 0 0.754166
3 0 0 0.951786

3
1 1 1 0.895324
2 0 0 1.11193
3 0 0 0.888516

3
1 0 7603 0.870014
2 0 0 0.874138
3 0 0 0.892544

3
1 0 247 0.750467
2 0 0 1.07043
3 0 0 0.797262

1
1 0 0 0.785155

3
1 0 6647 0.898049
2 0 0 0.872185
3 0 0 0.840585

1
1 0 0 0.822181

1
1 0 0 0.850861

1
1 0 0 0.753113

3
1 0 5809 0.886416
2 0 0 0.863135
3 0 0 0.846809

3
1 1 2 0.911674
2 0 0 0.92317
3 0 0 0.900708

5
1 1 1 0.918628
2 0 0 0.949516
3 0 4631 0.933163
6 0 0 1.01741
7 0 0 0.962663

3
1 0 8512 0.90866
2 0 0 0.870423
3 0 0 0.947188

1
1 0 0 0.813212

1
1 0 0 0.867581

3
1 1 1 0.859565
2 0 0 1.04565
3 0 0 0.916061

3
1 0 3084 0.904689
2 0 0 1.00005
3 0 0 0.867602

3
1 0 2355 0.924079
2 0 0 0.931705
3 0 0 0.926981

3
1 1 1 0.878209
2 0 0 1.10189
3 0 0 0.797847

1
1 0 0 0.862629

3
1 1 2 0.783304
2 0 0 0.781038
3 0 0 0.90573

3
1 1 1 0.866172
2 0 0 0.917266
3 0 0 0.817424

5
1 0 194 0.825686
2 0 0 1.08138
3 1 1 0.839576
6 0 0 1.07381
7 0 0 0.717892

3
1 0 1625 0.88044
2 0 0 0.939042
3 0 0 0.842496

3
1 0 2160 0.881448
2 0 0 0.860102
3 0 0 0.905661

5
1 1 1 0.917495
2 0 5403 1.02435
4 0 0 1.10321
5 0 0 0.981308
3 0 0 0.801095

3
1 0 9772 0.860968
2 0 0 0.856546
3 0 0 0.968607

3
1 0 9391 0.835383
2 0 0 0.828906
3 0 0 0.96085

3
1 0 1926 0.823074
2 0 0 1.11843
3 0 0 0.855229

3
1 0 1081 0.84363
2 0 0 0.827453
3 0 0 0.86816

1
1 0 0 0.81446

1
1 0 0 0.712399

3
1 1 1 0.905805
2 0 0 0.959652
3 0 0 0.726974

3
1 1 1 0.897792
2 0 0 1.13005
3 0 0 0.846951

5
1 1 2 0.862773
2 0 0 0.834436
3 0 2010 0.915823
6 0 0 1.01716
7 0 0 0.903243

3
1 1 1 0.926583
2 0 0 0.924377
3 0 0 0.78158

5
1 0 6665 0.881052
2 0 0 0.956647
3 1 1 0.884719
6 0 0 1.03987
7 0 0 0.841386

3
1 0 116 0.894042
2 0 0 0.928772
3 0 0 0.892099

1
1 0 0 0.900822

3
1 0 789 0.878989
2 0 0 0.846767
3 0 0 0.890654

5
1 1 2 0.842411
2 0 2596 0.940637
4 0 0 1.00412
5 0 0 0.914317
3 0 0 0.958418

3
1 1 2 0.922374
2 0 0 0.97341
3 0 0 0.941315

3
1 0 9161 0.890716
2 0 0 0.935703
3 0 0 0.854466

3
1 0 39 0.779286
2 0 0 1.19361
3 0 0 0.739691

3
1 0 3416 0.878047
2 0 0 0.883656
3 0 0 0.816066

1
1 0 0 0.94872

3
1 1 2 0.736904
2 0 0 0.921975
3 0 0 0.999291

3
1 1 2 0.83193
2 0 0 0.735495
3 0 0 1.00558

3
1 0 3639 0.824834
2 0 0 1.02757
3 0 0 0.814966

1
1 0 0 0.829018

3
1 0 1370 0.843722
2 0 0 0.952087
3 0 0 0.8239

9
1 0 3191 0.786184
2 0 2207 0.920952
4 0 0 0.917374
5 0 2310 1.08926
10 0 0 1.0584
11 0 0 0.967844
3 1 1 0.996722
6 0 0 0.995539
7 0 0 0.954522

3
1 1 1 0.813213
2 0 0 0.98299
3 0 0 0.826611

3
1 0 4991 0.908233
2 0 0 0.928482
3 0 0 0.847973

3
1 0 75 0.835796
2 0 0 1.0557
3 0 0 0.816261

1
1 0 0 0.768192

3
1 0 3156 0.95145
2 0 0 0.994157
3 0 0 0.841676

3
1 1 1 0.924726
2 0 0 0.986867
3 0 0 0.868965

3
1 0 2747 0.992097
2 0 0 0.943325
3 0 0 1.00315

3
1 1 1 0.977864
2 0 0 1.06484
3 0 0 0.915064

3
1 0 153 0.76931
2 0 0 0.985655
3 0 0 0.756869

3
1 1 2 0.924133
2 0 0 0.903464
3 0 0 1.01423

5
1 0 359 0.823533
2 0 168 1.07903
4 0 0 1.07409
5 0 0 1.08063
3 0 0 0.95524

3
1 0 632 0.868985
2 0 0 0.964565
3 0 0 0.880154

1
1 0 0 0.769964

5
1 0 2101 0.994623
2 1 1 0.999373
4 0 0 0.809804
5 0 0 1.19196
3 0 0 0.927615

3
1 1 1 0.943
2 0 0 0.920599
3 0 0 0.84978

3
1 0 5495 0.890993
2 0 0 0.928177
3 0 0 0.923342

3
1 1 1 0.875399
2 0 0 0.937634
3 0 0 0.820912

3
1 1 1 0.846819
2 0 0 0.916913
3 0 0 0.803457

3
1 0 199 0.959138
2 0 0 1.10075
3 0 0 0.83742

7
1 1 2 0.917802
2 0 0 0.803571
3 0 3260 1.02765
6 0 0 1.07351
7 0 8354 0.898012
14 0 0 0.979927
15 0 0 0.971194

3
1 1 2 0.872899
2 0 0 0.852042
3 0 0 0.907637

3
1 0 1557 0.757002
2 0 0 0.954611
3 0 0 0.955884

1
1 0 0 0.728953

3
1 0 2643 0.891964
2 0 0 0.941384
3 0 0 0.924361

3
1 1 1 0.892475
2 0 0 0.975818
3 0 0 0.909669

3
1 1 2 0.863374
2 0 0 0.805279
3 0 0 0.863302

3
1 1 1 0.983335
2 0 0 1.05532
3 0 0 0.93809

3
1 0 9974 0.706103
2 0 0 0.772294
3 0 0 1.00131

1
1 0 0 0.73021

1
1 0 0 0.842568

3
1 1 1 0.877809
2 0 0 1.081
3 0 0 0.858873

3
1 1 2 0.847094
2 0 0 0.757257
3 0 0 1.0364

3
1 1 2 0.882986
2 0 0 0.879434
3 0 0 1.05165

3
1 0 4050 0.973817
2 0 0 1.02952
3 0 0 1.00803

3
1 1 1 0.92851
2 0 0 0.900834
3 0 0 0.832897

3
1 0 9795 0.822655
2 0 0 0.862207
3 0 0 0.986549

3
1 1 1 0.887296
2 0 0 0.952076
3 0 0 0.856312

3
1 1 1 0.837437
2 0 0 1.02985
3 0 0 0.706094

3
1 1 1 0.88778
2 0 0 0.961596
3 0 0 0.81521

3
1 0 1515 0.780696
2 0 0 0.918656
3 0 0 0.941779

1
1 0 0 0.791995

3
1 1 1 0.922208
2 0 0 0.959852
3 0 0 0.94333

3
1 1 1 0.82789
2 0 0 1.04806
3 0 0 0.853192

3
1 1 2 0.806771
2 0 0 0.832532
3 0 0 0.971226

3
1 0 6606 0.925077
2 0 0 0.999954
3 0 0 0.77208

1
1 0 0 0.782942

3
1 0 9543 0.836065
2 0 0 0.849189
3 0 0 0.922509

3
1 1 1 0.920801
2 0 0 1.05592
3 0 0 0.904715

3
1 0 9899 0.916335
2 0 0 0.866138
3 0 0 1.01314

5
1 1 1 0.896417
2 0 5946 0.914132
4 0 0 0.985033
5 0 0 1.02138
3 0 0 0.852374

3
1 0 6030 0.893644
2 0 0 1.01303
3 0 0 0.788155

3
1 1 2 0.916215
2 0 0 0.850039
3 0 0 1.04805

3
1 0 361 0.836592
2 0 0 0.873494
3 0 0 0.847609

3
1 1 1 0.813087
2 0 0 0.958183
3 0 0 0.89835

3
1 1 1 0.855552
2 0 0 0.868646
3 0 0 0.763683

3
1 1 1 0.85102
2 0 0 0.998722
3 0 0 0.888416

3
1 1 2 0.876549
2 0 0 0.86711
3 0 0 0.866981

3
1 1 1 0.847034
2 0 0 0.925117
3 0 0 0.773205

3
1 0 1130 0.813915
2 0 0 0.951975
3 0 0 0.857559

5
1 0 9646 0.776894
2 0 0 0.763104
3 0 9832 1.22931
6 0 0 0.964205
7 0 0 1.10067

5
1 0 636 0.875541
2 0 540 0.998288
4 0 0 0.899951
5 0 0 1.0283
3 0 0 0.889552

3
1 1 1 0.835166
2 0 0 0.912186
3 0 0 0.840227

3
1 0 414 0.759331
2 0 0 0.920628
3 0 0 0.722729

1
1 0 0 0.812458

3
1 0 4464 0.913693
2 0 0 0.933897
3 0 0 0.870924

5
1 0 8054 0.925582
2 0 1615 0.982689
4 0 0 0.960783
5 0 0 1.06332
3 0 0 0.807079

5
1 0 1330 0.962434
2 0 1253 1.05426
4 0 0 0.993711
5 0 0 1.13325
3 0 0 0.968584

1
1 0 0 0.806977

3
1 1 1 0.850212
2 0 0 0.895724
3 0 0 0.829458

3
1 1 1 0.810322
2 0 0 0.807131
3 0 0 0.865585

3
1 0 2357 1.00624
2 0 0 0.929527
3 0 0 1.02213

1
1 0 0 0.792967

5
1 0 472 0.83158
2 0 0 0.935119
3 0 5511 0.816837
6 0 0 0.893176
7 0 0 0.759335

3
1 1 1 0.917495
2 0 0 0.942305
3 0 0 0.832472

3
1 1 1 0.905305
2 0 0 0.994297
3 0 0 0.785204

3
1 0 9661 0.862315
2 0 0 0.920329
3 0 0 0.912839

5
1 0 378 0.817907
2 1 1 0.970225
4 0 0 1.06424
5 0 0 0.980085
3 0 0 0.899593

3
1 0 119 0.829726
2 0 0 0.914368
3 0 0 0.820496

3
1 1 1 0.875979
2 0 0 0.947859
3 0 0 0.786229

1
1 0 0 0.857866

3
1 1 1 0.787709
2 0 0 0.978783
3 0 0 0.806126

3
1 1 2 0.86402
2 0 0 0.973654
3 0 0 1.03079

3
1 1 1 0.79333
2 0 0 1.03785
3 0 0 0.752034

1
1 0 0 0.798559

5
1 0 1780 0.824451
2 1 2 0.993931
4 0 0 1.06184
5 0 0 0.998912
3 0 0 0.783388

3
1 0 296 0.911442
2 0 0 1.02147
3 0 0 0.843609

3
1 1 1 0.886834
2 0 0 1.00472
3 0 0 0.761782

1
1 0 0 0.842762

5
1 0 8083 0.863566
2 0 0 0.757272
3 0 9638 1.03544
6 0 0 1.05255
7 0 0 1.02756

3
1 0 8842 0.885093
2 0 0 0.911511
3 0 0 0.93781

3
1 1 1 0.942103
2 0 0 0.958858
3 0 0 0.815734

3
1 0 9653 0.877559
2 0 0 0.907456
3 0 0 1.06021

5
1 1 1 0.903462
2 0 3043 1.0611
4 0 0 0.968697
5 0 0 1.02104
3 0 0 0.910961

1
1 0 0 0.85153

3
1 0 5530 0.871023
2 0 0 1.06101
3 0 0 0.951779

3
1 1 1 0.850486
2 0 0 0.937512
3 0 0 0.886223

3
1 0 7378 0.885176
2 0 0 0.938882
3 0 0 0.995312

3
1 1 1 0.888156
2 0 0 0.895256
3 0 0 0.814188

3
1 0 967 0.862799
2 0 0 1.04927
3 0 0 0.914627

1
1 0 0 0.888834

3
1 0 9832 0.757801
2 0 0 0.727397
3 0 0 1.0934

3
1 1 1 0.84102
2 0 0 0.872234
3 0 0 0.856843

7
1 1 2 0.897697
2 0 0 0.798355
3 0 6662 1.00484
6 0 0 0.956389
7 0 7858 0.982713
14 0 0 0.994514
15 0 0 0.946433

3
1 1 1 0.86264
2 0 0 0.891141
3 0 0 0.884133

1
1 0 0 0.815967

3
1 0 637 0.834209
2 0 0 1.13718
3 0 0 0.855544

3
1 1 1 0.920447
2 0 0 1.06005
3 0 0 0.813206

3
1 0 752 0.843013
2 0 0 1.0165
3 0 0 0.77732

3
1 0 9609 0.836278
2 0 0 0.8547
3 0 0 1.01896

3
1 1 1 0.922066
2 0 0 0.914178
3 0 0 0.906438

3
1 1 1 0.912281
2 0 0 1.05305
3 0 0 0.827056

9
1 0 745 0.948086
2 1 2 0.951635
4 0 0 0.957308
5 0 156 1.08546
10 0 63 1.06372
20 0 0 0.959043
21 0 0 1.05378
11 0 0 1.09096
3 0 0 0.906306

3
1 0 5608 0.904696
2 0 0 0.895853
3 0 0 0.87962

3
1 0 58 0.851045
2 0 0 1.05479
3 0 0 0.793613

1
1 0 0 0.863235

5
1 1 1 0.892155
2 0 5918 0.950446
4 0 0 0.962727
5 0 0 0.97415
3 0 0 0.875217

3
1 1 1 0.863829
2 0 0 1.04226
3 0 0 0.93709

1
1 0 0 0.876458

3
1 0 1753 0.902036
2 0 0 0.861383
3 0 0 0.883078

3
1 1 1 0.956738
2 0 0 1.02603
3 0 0 0.905898

3
1 1 2 0.854601
2 0 0 1.00215
3 0 0 0.942607

3
1 0 872 0.838876
2 0 0 1.11266
3 0 0 0.875042

1
1 0 0 0.925752

5
1 1 2 0.907216
2 0 0 0.811404
3 0 2907 0.929502
6 0 0 0.991385
7 0 0 1.00087

3
1 1 2 0.823086
2 0 0 0.839941
3 0 0 1.02425

3
1 0 577 0.835953
2 0 0 0.915218
3 0 0 0.814318

1
1 0 0 0.746954

3
1 0 6593 0.895495
2 0 0 0.94887
3 0 0 0.898486

1
1 0 0 0.830498

5
1 0 3251 0.908595
2 0 2499 0.992055
4 0 0 0.947901
5 0 0 1.03735
3 0 0 1.02885

1
1 0 0 0.785127

3
1 1 1 0.903366
2 0 0 0.983255
3 0 0 0.928142

3
1 1 2 0.823351
2 0 0 0.798067
3 0 0 0.913468

3
1 1 2 0.943543
2 0 0 0.827718
3 0 0 0.901598

3
1 1 2 0.931078
2 0 0 0.869133
3 0 0 0.969324

3
1 0 1606 0.911103
2 0 0 0.87061
3 0 0 0.928108

3
1 1 1 0.863716
2 0 0 0.964552
3 0 0 0.785375

3
1 0 3439 0.857842
2 0 0 0.887476
3 0 0 0.782517

1
1 0 0 0.855671

1
1 0 0 0.84336

3
1 0 9364 0.91467
2 0 0 0.963364
3 0 0 0.948085

3
1 1 1 0.922208
2 0 0 0.987474
3 0 0 0.892341

3
1 1 1 0.943675
2 0 0 1.10477
3 0 0 0.891615

3
1 1 1 0.802406
2 0 0 1.02005
3 0 0 0.737257

1
1 0 0 0.871374

1
1 0 0 0.787497

1
1 0 0 0.872104

5
1 1 1 1.03448
2 0 0 0.94302
3 0 7706 0.98878
6 0 0 1.01952
7 0 0 0.942853

5
1 0 373 0.766123
2 0 181 0.998236
4 0 0 0.958693
5 0 0 1.06367
3 0 0 0.766181

3
1 1 1 0.896417
2 0 0 0.953287
3 0 0 0.804204

3
1 1 1 0.892104
2 0 0 0.875505
3 0 0 0.958284

3
1 0 58 0.849094
2 0 0 0.88019
3 0 0 0.839036

5
1 1 1 0.911296
2 0 0 0.99627
3 0 8832 0.89637
6 0 0 0.911439
7 0 0 0.850133

1
1 0 0 0.899035

3
1 1 1 0.87163
2 0 0 0.897103
3 0 0 0.799519

3
1 1 1 0.895936
2 0 0 0.994778
3 0 0 0.927859

3
1 1 1 0.891915
2 0 0 1.02826
3 0 0 0.808831

3
1 0 9016 0.91876
2 0 0 0.95162
3 0 0 0.916654

1
1 0 0 0.772456

3
1 1 1 0.840902
2 0 0 1.01242
3 0 0 0.942273

3
1 1 1 0.813469
2 0 0 0.779653
3 0 0 0.810052

3
1 0 3632 0.928085
2 0 0 1.01197
3 0 0 0.833273

3
1 1 1 0.817111
2 0 0 1.07814
3 0 0 0.691745

3
1 0 113 0.733481
2 0 0 0.969187
3 0 0 0.725126

3
1 1 1 0.88156
2 0 0 1.09047
3 0 0 0.915338

1
1 0 0 0.795743

3
1 0 2737 0.855445
2 0 0 0.90716
3 0 0 0.950351

1
1 0 0 0.806237

7
1 1 2 0.846016
2 0 2963 0.869735
4 0 0 1.07824
5 0 0 0.897761
3 0 2039 1.01667
6 0 0 0.994406
7 0 0 1.01179

1
1 0 0 0.834346

3
1 1 2 0.820377
2 0 0 0.827526
3 0 0 0.924302

3
1 0 5214 0.868691
2 0 0 1.01742
3 0 0 0.870957

5
1 1 2 1.02796
2 0 4247 0.806861
4 0 0 0.923904
5 0 0 0.901204
3 0 0 1.03851

3
1 0 9405 0.811479
2 0 0 0.744669
3 0 0 0.89207

3
1 1 1 0.921381
2 0 0 0.913368
3 0 0 0.905596

3
1 1 1 0.937143
2 0 0 1.03874
3 0 0 0.816878

3
1 0 8596 0.915532
2 0 0 0.934457
3 0 0 0.909148

3
1 1 2 0.78196
2 0 0 0.721182
3 0 0 0.827069

3
1 1 2 0.847439
2 0 0 0.842712
3 0 0 1.00131

3
1 1 2 0.870542
2 0 0 0.787567
3 0 0 1.01642

1
1 0 0 0.85923

3
1 1 2 0.941234
2 0 0 0.911555
3 0 0 0.960074

3
1 0 1249 0.900737
2 0 0 0.956938
3 0 0 0.92928

3
1 1 1 0.853506
2 0 0 0.84782
3 0 0 0.831702

3
1 0 410 0.840354
2 0 0 0.938975
3 0 0 0.868205

1
1 0 0 0.852632

3
1 1 1 0.886834
2 0 0 1.05006
3 0 0 0.79673

3
1 0 1136 0.777338
2 0 0 1.08912
3 0 0 0.825575

1
1 0 0 0.769322

3
1 0 9902 0.7577
2 0 0 0.788058
3 0 0 1.0222

3
1 0 9866 0.878675
2 0 0 0.851539
3 0 0 1.11387

5
1 1 1 0.872714
2 0 0 0.839586
3 1 2 0.918958
6 0 0 0.908299
7 0 0 0.918646

3
1 1 1 0.823936
2 0 0 0.940978
3 0 0 0.8628

3
1 1 1 0.784003
2 0 0 0.889178
3 0 0 0.66054

3
1 0 6474 0.884949
2 0 0 1.0064
3 0 0 0.759698

1
1 0 0 0.836504

3
1 1 2 0.936512
2 0 0 0.930631
3 0 0 0.905012

3
1 0 726 0.820265
2 0 0 1.10074
3 0 0 0.944281

1
1 0 0 0.850304

3
1 1 1 0.809185
2 0 0 1.07543
3 0 0 0.832012

3
1 1 1 0.951208
2 0 0 0.916981
3 0 0 0.804229

5
1 1 2 0.89385
2 0 1002 0.911015
4 0 0 0.990191
5 0 0 0.969166
3 0 0 1.02115

3
1 0 698 0.967185
2 0 0 0.974869
3 0 0 0.924169

9
1 1 1 0.877363
2 0 0 0.930478
3 1 2 0.891867
6 0 1814 0.823337
12 0 0 0.912463
13 0 0 0.936709
7 0 6436 1.1386
14 0 0 1.05081
15 0 0 1.07177

5
1 1 1 0.80449
2 0 9077 0.981721
4 0 0 1.05524
5 0 0 1.13838
3 0 0 0.783233

3
1 1 2 0.891538
2 0 0 0.787831
3 0 0 0.848189

3
1 0 8836 0.908012
2 0 0 0.87012
3 0 0 0.896137

3
1 1 1 0.846917
2 0 0 1.00772
3 0 0 0.753371

3
1 0 9629 0.764136
2 0 0 0.848619
3 0 0 1.0913

3
1 1 1 0.864645
2 0 0 0.897262
3 0 0 0.799672

3
1 1 1 0.907826
2 0 0 1.02188
3 0 0 0.907297

3
1 1 1 0.884836
2 0 0 0.95452
3 0 0 0.814323

3
1 1 1 0.866994
2 0 0 0.840899
3 0 0 0.912979

3
1 0 835 0.730783
2 0 0 0.939032
3 0 0 0.748425

3
1 1 1 0.894638
2 0 0 0.915548
3 0 0 0.837142

1
1 0 0 0.780667

3
1 1 1 0.772974
2 0 0 0.908646
3 0 0 0.771926

1
1 0 0 0.798689

3
1 1 2 0.801826
2 0 0 0.809893
3 0 0 1.06222

1
1 0 0 0.841532

3
1 1 1 0.832538
2 0 0 0.941043
3 0 0 0.779713

3
1 1 1 0.936603
2 0 0 0.937913
3 0 0 0.888321

9
1 0 8879 0.855039
2 0 0 0.943742
3 1 2 0.896393
6 0 0 1.03808
7 0 9507 1.10108
14 0 8936 0.963348
28 0 0 0.982008
29 0 0 0.977562
15 0 0 0.897381

3
1 0 4753 0.926669
2 0 0 0.758538
3 0 0 0.933959

3
1 0 3719 0.9227
2 0 0 0.95464
3 0 0 0.898439

3
1 1 1 0.886652
2 0 0 1.0258
3 0 0 0.802134

3
1 0 4649 0.96906
2 0 0 0.911719
3 0 0 0.997642

5
1 1 1 0.902521
2 0 0 0.976622
3 0 4840 0.897605
6 0 0 0.88359
7 0 0 0.916341

3
1 0 4003 0.963006
2 0 0 0.988357
3 0 0 0.934799

3
1 0 8853 0.803812
2 0 0 0.870165
3 0 0 0.8924

1
1 0 0 0.736428

3
1 0 703 0.871078
2 0 0 1.02049
3 0 0 0.927541

3
1 0 5840 0.869514
2 0 0 0.830169
3 0 0 0.817735

3
1 1 2 0.904087
2 0 0 0.896804
3 0 0 1.04484

3
1 1 1 0.812688
2 0 0 0.948067
3 0 0 0.792084

1
1 0 0 0.884892

3
1 1 2 0.899753
2 0 0 0.900781
3 0 0 1.13225

1
1 0 0 0.938803

5
1 1 1 0.93833
2 0 441 1.05317
4 0 0 1.01095
5 0 0 1.06285
3 0 0 0.826981

3
1 1 2 0.781051
2 0 0 0.841426
3 0 0 0.911476

3
1 0 240 0.820949
2 0 0 0.930036
3 0 0 0.847232

3
1 1 1 0.841121
2 0 0 0.90419
3 0 0 0.807926

1
1 0 0 0.830358

1
1 0 0 0.897621

7
1 0 9666 0.82457
2 0 0 0.755848
3 0 9760 0.931894
6 0 9718 0.981145
12 0 0 0.940355
13 0 0 1.06862
7 0 0 1.03238

3
1 1 2 0.797844
2 0 0 0.835587
3 0 0 1.06263

3
1 0 995 0.818331
2 0 0 0.988658
3 0 0 0.81578

3
1 0 2558 0.87111
2 0 0 0.87249
3 0 0 0.846216

3
1 0 6322 0.875092
2 0 0 0.908302
3 0 0 0.841888

3
1 0 397 0.923558
2 0 0 0.941697
3 0 0 0.855483

5
1 0 7903 0.830211
2 1 1 0.881593
4 0 0 0.885955
5 0 0 0.874129
3 0 0 0.815633

1
1 0 0 0.892381

1
1 0 0 0.793225

1
1 0 0 0.822925

3
1 0 3666 0.910864
2 0 0 0.908863
3 0 0 0.911702

5
1 0 9860 0.868599
2 0 0 0.888225
3 0 9981 1.12471
6 0 0 1.08853
7 0 0 0.88657

5
1 0 1566 0.871327
2 0 0 0.95011
3 0 3585 0.891425
6 0 0 0.884292
7 0 0 0.881804

3
1 0 8753 0.863564
2 0 0 0.954146
3 0 0 0.95293

3
1 0 3291 0.947462
2 0 0 1.00588
3 0 0 0.822654

3
1 1 1 0.813621
2 0 0 0.976049
3 0 0 0.933628

3
1 0 9979 0.772036
2 0 0 0.857991
3 0 0 0.975795

3
1 1 2 0.90731
2 0 0 0.878486
3 0 0 1.01144

3
1 1 1 0.817111
2 0 0 0.978521
3 0 0 0.809812

1
1 0 0 0.853556

3
1 1 1 0.88156
2 0 0 0.964944
3 0 0 0.799498

7
1 1 1 0.821973
2 0 3844 1.00181
4 0 3431 0.999436
8 0 0 1.01155
9 0 0 1.01535
5 0 0 1.07744
3 0 0 0.78771

1
1 0 0 0.866818

3
1 1 1 0.924197
2 0 0 1.037
3 0 0 0.785907

1
1 0 0 0.858148

3
1 1 1 0.843822
2 0 0 1.05575
3 0 0 0.85974

3
1 1 1 0.806059
2 0 0 0.890046
3 0 0 0.844085

5
1 0 7311 0.864602
2 0 1356 0.951203
4 0 0 0.843526
5 0 0 0.920089
3 0 0 0.796224

1
1 0 0 0.754511

1
1 0 0 0.83939

3
1 0 49 0.841949
2 0 0 1.04852
3 0 0 0.809226

5
1 0 678 0.94293
2 0 366 1.08905
4 0 0 0.87481
5 0 0 1.13929
3 0 0 0.909621

3
1 1 2 0.993394
2 0 0 0.940841
3 0 0 1.03238

5
1 0 1517 0.864255
2 1 1 0.951156
4 0 0 1.09079
5 0 0 1.04714
3 0 0 0.799174

3
1 1 1 0.883825
2 0 0 1.06936
3 0 0 0.887965

1
1 0 0 0.863409

3
1 0 4648 0.850097
2 0 0 0.914091
3 0 0 0.851509

3
1 0 2357 0.906508
2 0 0 0.970823
3 0 0 0.975535

3
1 0 334 0.855642
2 0 0 1.04287
3 0 0 0.812505

3
1 0 695 0.846083
2 0 0 0.879061
3 0 0 0.827556

3
1 1 1 0.761676
2 0 0 1.0841
3 0 0 0.919003

3
1 0 9810 0.837048
2 0 0 0.817044
3 0 0 0.912723

3
1 1 2 0.984344
2 0 0 0.797532
3 0 0 0.948099

3
1 1 1 0.927729
2 0 0 0.981455
3 0 0 0.868505

3
1 1 2 0.94113
2 0 0 0.831339
3 0 0 0.983266

5
1 0 8306 0.828861
2 1 2 0.917432
4 0 0 1.01979
5 0 0 1.19451
3 0 0 0.951803

1
1 0 0 0.77465

1
1 0 0 0.67349

1
1 0 0 0.782365

7
1 0 423 0.70947
2 1 2 0.958516
4 0 272 1.07481
8 0 0 1.01727
9 0 0 0.981997
5 0 0 0.929632
3 0 0 0.746056

5
1 1 2 0.937875
2 0 0 0.828531
3 0 4334 1.01342
6 0 0 0.904844
7 0 0 0.964128

3
1 0 1335 0.925153
2 0 0 1.0613
3 0 0 0.878675

5
1 0 4635 0.900059
2 1 2 0.933239
4 0 0 0.950334
5 0 0 0.930914
3 0 0 0.961212

5
1 0 3734 0.812464
2 1 1 0.966628
4 0 0 0.992124
5 0 0 1.00832
3 0 0 0.784031

3
1 1 1 0.886013
2 0 0 0.965833
3 0 0 0.736746

3
1 0 668 0.781026
2 0 0 0.923783
3 0 0 0.837065

1
1 0 0 0.750518

3
1 1 1 0.954623
2 0 0 1.0542
3 0 0 0.979162

3
1 1 1 0.934576
2 0 0 0.934588
3 0 0 0.894431

3
1 1 1 1.00024
2 0 0 1.03845
3 0 0 0.875979

3
1 1 2 0.881495
2 0 0 0.924219
3 0 0 0.912628

5
1 1 1 0.886265
2 0 8910 0.949419
4 0 0 0.985577
5 0 0 0.917359
3 0 0 0.852587

3
1 1 1 0.887397
2 0 0 0.986536
3 0 0 0.780574

3
1 1 1 0.866426
2 0 0 0.982588
3 0 0 0.903383

3
1 0 108 0.841911
2 0 0 1.0328
3 0 0 0.773557

3
1 0 9219 1.02095
2 0 0 1.03853
3 0 0 0.902869

3
1 0 3854 0.938603
2 0 0 0.91056
3 0 0 0.898079

5
1 1 1 0.884836
2 0 8625 0.919595
4 0 0 0.863642
5 0 0 1.07753
3 0 0 0.882034

3
1 0 306 0.897915
2 0 0 1.0158
3 0 0 0.90322

3
1 1 1 0.85056
2 0 0 1.0987
3 0 0 0.740581

5
1 1 2 0.946026
2 1 1 0.919719
4 0 0 1.01474
5 0 0 0.899667
3 0 0 1.12787

11
1 0 8169 0.896196
2 0 7272 0.94271
4 0 0 0.951839
5 0 7489 0.993461
10 0 0 0.911951
11 0 0 0.881712
3 0 9332 0.987934
6 0 8293 1.10166
12 0 0 0.976399
13 0 0 1.05808
7 0 0 0.779474

5
1 1 1 0.772974
2 0 3804 1.04688
4 0 0 1.03291
5 0 0 1.02374
3 0 0 0.859855

1
1 0 0 0.75819

3
1 0 5748 0.928453
2 0 0 0.917551
3 0 0 0.952322

3
1 0 5720 0.967028
2 0 0 0.872019
3 0 0 0.955694

5
1 0 115 0.673347
2 1 1 0.971867
4 0 0 0.974947
5 0 0 0.994309
3 0 0 0.894466

3
1 0 376 0.844068
2 0 0 0.966529
3 0 0 0.792883

1
1 0 0 0.90103

3
1 1 1 0.899947
2 0 0 0.903515
3 0 0 0.801066

3
1 0 3875 0.902222
2 0 0 0.818864
3 0 0 0.926205

1
1 0 0 0.81006

3
1 0 6839 0.802248
2 0 0 0.818128
3 0 0 0.836683

5
1 1 1 0.854719
2 0 0 1.05582
3 0 252 0.732001
6 0 0 1.04184
7 0 0 0.735858

5
1 0 6754 0.91057
2 0 2782 0.895768
4 0 0 0.99976
5 0 0 0.990922
3 0 0 0.84281

3
1 0 3401 0.898923
2 0 0 0.873389
3 0 0 0.874

5
1 0 4374 0.906621
2 0 0 0.950047
3 0 5354 0.902915
6 0 0 0.912135
7 0 0 0.853557

5
1 1 1 0.844876
2 0 0 1.02274
3 0 458 0.795582
6 0 0 0.890284
7 0 0 0.848475

5
1 0 6148 0.873278
2 0 2093 0.892521
4 0 0 0.866117
5 0 0 0.901588
3 0 0 0.780085

3
1 0 2295 0.921077
2 0 0 0.925045
3 0 0 0.898864

1
1 0 0 0.789704

3
1 1 1 0.899636
2 0 0 1.06476
3 0 0 0.771722

5
1 1 2 0.970633
2 0 2213 0.925074
4 0 0 1.01019
5 0 0 0.853121
3 0 0 0.956909

5
1 1 1 0.938803
2 0 9187 1.04257
4 0 0 1.02253
5 0 0 0.909019
3 0 0 0.876308

3
1 1 1 0.941454
2 0 0 1.00769
3 0 0 0.9075

5
1 1 1 0.943433
2 0 0 1.12117
3 0 2660 0.868137
6 0 0 0.909754
7 0 0 0.795314

1
1 0 0 0.878941

1
1 0 0 0.909652

3
1 0 776 0.909239
2 0 0 0.956781
3 0 0 0.885714

3
1 1 2 0.897251
2 0 0 0.916482
3 0 0 0.965383

3
1 1 2 0.899999
2 0 0 0.814973
3 0 0 1.02692

3
1 1 2 0.776336
2 0 0 0.813505
3 0 0 0.843036

1
1 0 0 0.898533

1
1 0 0 0.724197

1
1 0 0 0.772198

5
1 1 2 0.939155
2 0 0 0.815889
3 0 3034 0.943135
6 0 0 0.996996
7 0 0 0.858099

1
1 0 0 0.901637

3
1 1 1 0.840092
2 0 0 0.988689
3 0 0 0.892914

3
1 1 1 0.815841
2 0 0 1.0171
3 0 0 0.872859

5
1 1 1 0.898573
2 0 1545 0.945878
4 0 0 1.02838
5 0 0 0.911238
3 0 0 0.80172

3
1 1 2 0.868051
2 0 0 0.811863
3 0 0 1.00045

1
1 0 0 0.783063

5
1 1 1 1.00437
2 0 0 0.974021
3 1 2 1.01767
6 0 0 0.855987
7 0 0 0.958606

3
1 1 2 0.885082
2 0 0 0.893796
3 0 0 0.940509

3
1 0 8139 0.896646
2 0 0 0.89609
3 0 0 0.829416

3
1 0 1717 0.8965
2 0 0 1.01076
3 0 0 0.932009

3
1 1 1 0.90278
2 0 0 1.01284
3 0 0 0.866406

3
1 0 925 0.832167
2 0 0 0.925319
3 0 0 0.836496

3
1 1 1 0.867025
2 0 0 0.931502
3 0 0 0.722686

3
1 1 2 0.883816
2 0 0 0.874327
3 0 0 0.93896

3
1 1 1 0.866195
2 0 0 0.891921
3 0 0 0.887528

3
1 0 4796 0.932217
2 0 0 1.04193
3 0 0 0.87733

3
1 1 1 0.881587
2 0 0 0.916694
3 0 0 0.907645

5
1 0 9971 0.872252
2 0 0 0.941937
3 1 1 1.03438
6 0 0 0.859077
7 0 0 0.99528

5
1 0 1780 0.866889
2 0 0 0.961567
3 1 1 0.93448
6 0 0 0.999791
7 0 0 0.776268

3
1 1 1 0.891433
2 0 0 0.953658
3 0 0 0.909093

3
1 0 9778 0.762533
2 0 0 0.760963
3 0 0 1.00311

3
1 0 7360 0.862117
2 0 0 0.969942
3 0 0 0.857956

3
1 1 2 0.810618
2 0 0 0.868623
3 0 0 0.987438

3
1 0 8430 0.879103
2 0 0 0.909559
3 0 0 0.915015

1
1 0 0 0.761368

1
1 0 0 0.853962

1
1 0 0 0.668348

3
1 0 258 0.732089
2 0 0 1.00789
3 0 0 0.762683

5
1 1 2 0.844297
2 0 0 0.876057
3 0 3749 1.02285
6 0 0 1.01994
7 0 0 0.923489

3
1 0 1587 0.827948
2 0 0 0.942542
3 0 0 0.830711

3
1 0 9504 0.880301
2 0 0 0.794286
3 0 0 1.03332

3
1 0 4997 1.02312
2 0 0 1.03108
3 0 0 1.00348

3
1 1 1 0.838818
2 0 0 0.969463
3 0 0 0.82311

3
1 0 5338 0.893158
2 0 0 0.922321
3 0 0 0.924942

3
1 1 1 0.881553
2 0 0 1.0137
3 0 0 0.804912

1
1 0 0 0.819012

3
1 1 1 0.913396
2 0 0 0.901072
3 0 0 0.910355

3
1 1 2 0.878608
2 0 0 0.895858
3 0 0 1.08501

3
1 1 2 0.915905
2 0 0 0.891127
3 0 0 1.00863

7
1 1 1 0.95677
2 0 5109 1.11764
4 0 0 1.12391
5 0 0 1.0061
3 1 2 0.946475
6 0 0 0.810127
7 0 0 1.0011

3
1 1 1 0.916552
2 0 0 1.12605
3 0 0 0.831074

3
1 0 119 0.862454
2 0 0 0.881457
3 0 0 0.815678

3
1 0 7657 0.918666
2 0 0 0.951447
3 0 0 0.971122

3
1 0 9739 0.744372
2 0 0 0.813371
3 0 0 0.952678

3
1 1 1 0.744731
2 0 0 0.879408
3 0 0 0.727862

1
1 0 0 0.704642

3
1 0 9430 0.90102
2 0 0 0.876409
3 0 0 0.978749

5
1 1 1 0.880652
2 0 0 1.03152
3 0 8645 0.891933
6 0 0 0.840037
7 0 0 0.98345

1
1 0 0 0.711682

3
1 0 3879 0.861604
2 0 0 0.971591
3 0 0 0.846763

5
1 1 1 0.855391
2 0 1548 0.98779
4 0 0 0.943054
5 0 0 0.989061
3 0 0 0.947848

1
1 0 0 0.832576

3
1 1 1 0.8037
2 0 0 0.961731
3 0 0 0.816957

3
1 0 7781 0.836106
2 0 0 0.854026
3 0 0 0.845

3
1 1 1 0.932593
2 0 0 0.941101
3 0 0 0.885613

3
1 1 1 0.81489
2 0 0 0.984697
3 0 0 0.848422

1
1 0 0 0.83622

3
1 0 4506 0.887559
2 0 0 0.860179
3 0 0 0.83741

3
1 0 68 0.858367
2 0 0 0.968492
3 0 0 0.866837

3
1 0 7332 0.915166
2 0 0 0.974385
3 0 0 0.906996

1
1 0 0 0.925532

3
1 1 2 0.998246
2 0 0 0.836416
3 0 0 0.92877

3
1 0 679 0.878454
2 0 0 0.967857
3 0 0 0.908086

3
1 1 1 0.85056
2 0 0 0.994399
3 0 0 0.79655

3
1 1 2 0.886851
2 0 0 0.89691
3 0 0 1.03938

5
1 0 5523 0.900484
2 0 0 0.933088
3 0 9928 0.845299
6 0 0 0.861906
7 0 0 1.06815

1
1 0 0 0.769043

1
1 0 0 0.845721

3
1 1 1 0.835665
2 0 0 1.04717
3 0 0 0.828427

3
1 1 1 0.847985
2 0 0 1.1533
3 0 0 0.838223

3
1 1 1 0.892301
2 0 0 0.964904
3 0 0 0.910902

3
1 1 1 0.931438
2 0 0 1.04498
3 0 0 0.914102

3
1 0 5656 0.874006
2 0 0 0.903359
3 0 0 0.811978

3
1 1 1 0.899947
2 0 0 1.06586
3 0 0 0.777777

3
1 1 1 0.897248
2 0 0 0.950148
3 0 0 0.938477

7
1 0 7059 0.837093
2 0 2876 0.970511
4 0 0 0.944992
5 0 0 0.981264
3 0 7431 0.897047
6 0 0 1.01554
7 0 0 0.979852

3
1 0 1582 0.923754
2 0 0 0.98129
3 0 0 0.918035

1
1 0 0 0.833736

3
1 1 1 0.845819
2 0 0 1.00287
3 0 0 0.747968

1
1 0 0 0.705676

3
1 1 2 0.975494
2 0 0 0.982902
3 0 0 0.950825

3
1 0 2745 0.878446
2 0 0 0.909654
3 0 0 0.907428

5
1 0 6155 0.885435
2 1 1 0.939477
4 0 0 0.874599
5 0 0 0.869074
3 0 0 0.918731

3
1 1 1 0.897753
2 0 0 0.943439
3 0 0 0.944138

3
1 1 1 0.851933
2 0 0 0.987366
3 0 0 0.737407

1
1 0 0 0.797655

3
1 0 1096 0.84662
2 0 0 1.01598
3 0 0 0.804429

1
1 0 0 0.79611

3
1 0 9085 0.957413
2 0 0 1.02098
3 0 0 0.932761

3
1 1 1 0.943433
2 0 0 0.913565
3 0 0 0.836962

3
1 0 9424 0.814936
2 0 0 0.768552
3 0 0 0.931196

5
1 0 9185 0.953209
2 1 1 0.980272
4 0 0 1.07919
5 0 0 0.953889
3 0 0 0.982536

3
1 1 1 0.949489
2 0 0 1.03618
3 0 0 0.852143

7
1 0 308 0.884456
2 1 1 0.95436
4 0 0 0.942356
5 1 2 1.04191
10 0 0 1.06009
11 0 0 0.934576
3 0 0 0.746474

3
1 0 462 0.894098
2 0 0 1.01595
3 0 0 0.924683

3
1 0 2971 1.02557
2 0 0 0.888443
3 0 0 0.981166

5
1 0 2332 0.90238
2 1 2 1.10654
4 0 0 0.938489
5 0 0 1.08186
3 0 0 0.912602

3
1 1 1 0.905277
2 0 0 0.971631
3 0 0 0.797901

1
1 0 0 0.834751

5
1 1 2 0.939155
2 0 3165 0.958319
4 0 0 0.953236
5 0 0 0.857961
3 0 0 0.995578

3
1 0 199 0.763417
2 0 0 1.15542
3 0 0 0.833217

3
1 1 2 0.824065
2 0 0 0.855324
3 0 0 0.785598

1
1 0 0 0.832752

3
1 1 1 0.898573
2 0 0 1.07437
3 0 0 0.843223

1
1 0 0 0.891946

3
1 0 9870 0.866355
2 0 0 0.842747
3 0 0 0.970095

5
1 1 2 0.848486
2 0 0 0.814633
3 0 6276 0.932252
6 0 0 0.989303
7 0 0 1.16244

3
1 0 9760 0.788063
2 0 0 0.799277
3 0 0 1.14946

3
1 1 1 0.835295
2 0 0 0.897161
3 0 0 0.864124

1
1 0 0 0.736368

1
1 0 0 0.859463

3
1 1 1 0.994058
2 0 0 1.10816
3 0 0 0.880705

5
1 1 1 0.867025
2 0 9326 1.0405
4 0 0 1.0007
5 0 0 1.07957
3 0 0 0.902457

3
1 0 7355 0.967158
2 0 0 0.977518
3 0 0 0.878257

3
1 1 2 0.862854
2 0 0 0.85754
3 0 0 0.970479

3
1 1 1 0.886361
2 0 0 1.02397
3 0 0 0.814778

1
1 0 0 0.827858

5
1 1 2 0.873648
2 0 0 0.868279
3 0 7383 0.963808
6 0 0 1.00614
7 0 0 0.952601

3
1 1 2 0.865004
2 0 0 0.908246
3 0 0 0.987821

3
1 1 2 0.864711
2 0 0 0.813213
3 0 0 1.04714

3
1 0 1898 0.957309
2 0 0 0.942651
3 0 0 0.91422

1
1 0 0 0.775968

3
1 1 1 0.877484
2 0 0 0.993112
3 0 0 0.89836

3
1 1 1 0.810704
2 0 0 1.20284
3 0 0 0.780363

1
1 0 0 0.828146

3
1 0 4324 0.846947
2 0 0 1.0187
3 0 0 0.839879

3
1 0 1083 0.833397
2 0 0 0.989816
3 0 0 0.856154

1
1 0 0 0.776603

1
1 0 0 0.906819

3
1 1 1 0.882745
2 0 0 0.936641
3 0 0 0.800881

1
1 0 0 0.881035

3
1 0 144 0.789006
2 0 0 1.04728
3 0 0 0.838229

1
1 0 0 0.747561

3
1 1 1 0.876386
2 0 0 0.906278
3 0 0 0.835862

1
1 0 0 0.894482

1
1 0 0 0.715169

3
1 0 8307 0.842822
2 0 0 0.965409
3 0 0 0.81946

3
1 0 6865 0.884416
2 0 0 0.85352
3 0 0 0.849039

3
1 0 630 0.868113
2 0 0 0.797601
3 0 0 0.875472

3
1 0 336 0.832622
2 0 0 0.999124
3 0 0 0.835547

5
1 0 2776 0.957872
2 0 0 1.01161
3 0 8399 1.15358
6 0 0 1.11301
7 0 0 0.966483

5
1 0 1759 0.893063
2 1 1 0.967836
4 0 0 0.988931
5 0 0 0.973405
3 0 0 0.986398

3
1 0 1914 0.849598
2 0 0 0.927228
3 0 0 0.808868

1
1 0 0 0.780809

3
1 0 1635 0.842067
2 0 0 0.863835
3 0 0 0.850641

3
1 1 1 0.923754
2 0 0 0.904399
3 0 0 0.834692

3
1 0 5207 0.877388
2 0 0 1.07173
3 0 0 0.928211

7
1 0 1600 0.839501
2 0 467 0.9481
4 0 0 1.04442
5 0 1312 0.97325
10 0 0 0.947926
11 0 0 1.08877
3 0 0 0.872904

3
1 0 2365 0.824527
2 0 0 1.03543
3 0 0 0.873865

3
1 1 1 0.878906
2 0 0 0.940767
3 0 0 0.840763

3
1 1 2 0.799778
2 0 0 0.832137
3 0 0 0.97495

1
1 0 0 0.750943

3
1 1 1 0.8037
2 0 0 0.962666
3 0 0 0.760008

3
1 1 1 0.93594
2 0 0 0.989892
3 0 0 0.722392

3
1 0 893 0.962079
2 0 0 0.991911
3 0 0 0.749458

5
1 1 1 1.01381
2 0 1934 0.924202
4 0 0 0.911543
5 0 0 1.00413
3 0 0 0.92016

1
1 0 0 0.846412

3
1 1 1 0.829807
2 0 0 1.00267
3 0 0 0.860768

5
1 0 7797 0.848985
2 0 6399 0.848978
4 0 0 0.947152
5 0 0 1.09398
3 0 0 0.846708

1
1 0 0 0.817399

3
1 0 206 0.8172
2 0 0 1.09723
3 0 0 0.877135

3
1 1 1 0.929094
2 0 0 0.966457
3 0 0 0.865153

3
1 1 2 0.821925
2 0 0 0.821886
3 0 0 0.98244

5
1 0 5361 0.873017
2 0 370 0.895965
4 0 0 0.934995
5 0 0 0.847744
3 0 0 0.877261

3
1 0 1372 0.856813
2 0 0 1.024
3 0 0 0.874019

3
1 0 3114 0.925915
2 0 0 0.936346
3 0 0 0.899733

3
1 0 5749 0.877634
2 0 0 0.914224
3 0 0 0.886104

3
1 1 1 0.860193
2 0 0 0.910065
3 0 0 0.744269

5
1 1 2 0.892825
2 0 1059 0.867799
4 0 0 0.907036
5 0 0 0.878962
3 0 0 1.02403

1
1 0 0 0.739508

3
1 1 1 0.808821
2 0 0 0.959164
3 0 0 0.834103

3
1 0 9793 0.847118
2 0 0 0.817715
3 0 0 0.9878

3
1 0 899 0.834554
2 0 0 1.03274
3 0 0 0.828239

1
1 0 0 0.8572

3
1 0 7483 0.901929
2 0 0 0.790303
3 0 0 0.973223

3
1 1 1 0.965572
2 0 0 1.20552
3 0 0 0.830251

1
1 0 0 0.882351

5
1 1 2 0.950045
2 0 0 0.836902
3 0 6460 0.963709
6 0 0 0.956891
7 0 0 0.854875

5
1 1 1 0.845819
2 0 6610 1.02738
4 0 0 1.01623
5 0 0 0.840157
3 0 0 0.766851

5
1 0 8132 0.897317
2 0 0 1.21443
3 1 2 0.929974
6 0 0 0.926465
7 0 0 0.845998

3
1 1 2 0.895334
2 0 0 0.91261
3 0 0 0.93287

5
1 0 1379 0.830456
2 0 1340 0.89922
4 0 0 1.04431
5 0 0 1.01165
3 0 0 0.899755

1
1 0 0 0.889206

5
1 0 9770 0.861712
2 1 2 0.863522
4 0 0 0.792033
5 0 0 0.864612
3 0 0 1.01934

5
1 1 1 0.933479
2 0 0 0.996705
3 1 2 0.978905
6 0 0 0.961608
7 0 0 0.979617

3
1 0 1202 0.819911
2 0 0 0.993349
3 0 0 0.848563

3
1 1 1 0.860544
2 0 0 1.08667
3 0 0 0.759573

3
1 1 1 0.851188
2 0 0 0.939257
3 0 0 0.922462

1
1 0 0 0.827282

3
1 1 1 0.891087
2 0 0 0.936222
3 0 0 0.838605

3
1 1 1 0.866539
2 0 0 1.00055
3 0 0 0.907135

3
1 1 2 0.825845
2 0 0 0.832706
3 0 0 0.972849

3
1 0 59 0.901129
2 0 0 1.04672
3 0 0 0.761511

3
1 1 1 0.928512
2 0 0 0.958617
3 0 0 0.841687

3
1 1 1 0.954212
2 0 0 1.13131
3 0 0 0.872433

1
1 0 0 0.74864

3
1 0 9695 0.905105
2 0 0 0.885168
3 0 0 0.919362

3
1 1 2 0.930981
2 0 0 0.835607
3 0 0 0.976887

1
1 0 0 0.842782

3
1 1 2 0.800387
2 0 0 0.839338
3 0 0 1.02703

1
1 0 0 0.848611

3
1 1 1 0.848226
2 0 0 0.928935
3 0 0 0.896647

5
1 0 4949 0.906436
2 0 0 0.988343
3 0 5755 0.929897
6 0 0 0.967088
7 0 0 0.940408

5
1 0 286 0.901344
2 1 1 0.955416
4 0 0 0.941811
5 0 0 0.866792
3 0 0 0.831394

3
1 0 5775 0.881967
2 0 0 0.967608
3 0 0 0.703402

3
1 1 2 0.846147
2 0 0 0.897044
3 0 0 0.943605

1
1 0 0 0.779792

3
1 1 2 0.881333
2 0 0 0.88802
3 0 0 0.879024

3
1 1 1 0.834026
2 0 0 1.06539
3 0 0 0.778672

5
1 1 1 0.877663
2 0 2440 0.995331
4 0 0 1.02765
5 0 0 0.959674
3 0 0 0.860627

1
1 0 0 0.808174

5
1 1 1 0.901951
2 0 0 0.955872
3 0 5297 0.952866
6 0 0 1.01208
7 0 0 0.830782

3
1 1 1 0.793039
2 0 0 1.09317
3 0 0 0.808352

3
1 1 2 0.849236
2 0 0 0.858587
3 0 0 0.981309

1
1 0 0 0.719109

5
1 1 1 0.880467
2 0 6901 1.04461
4 0 0 1.0164
5 0 0 1.08713
3 0 0 0.826457

1
1 0 0 0.904843

3
1 1 1 0.874799
2 0 0 1.15744
3 0 0 0.871765

3
1 0 2417 0.870393
2 0 0 0.934192
3 0 0 1.002

1
1 0 0 0.814502

1
1 0 0 0.767765

1
1 0 0 0.853331

1
1 0 0 0.84233

3
1 0 8181 0.96528
2 0 0 0.949281
3 0 0 0.848596

3
1 1 1 0.90103
2 0 0 1.10198
3 0 0 0.768412

7
1 1 1 0.903874
2 0 0 1.01895
3 0 8130 0.974227
6 0 0 1.04314
7 1 2 0.986294
14 0 0 0.862715
15 0 0 0.895582

3
1 1 1 0.884815
2 0 0 0.927177
3 0 0 0.883163

3
1 0 3094 0.861223
2 0 0 0.904479
3 0 0 0.8617

3
1 0 236 0.901565
2 0 0 0.903601
3 0 0 0.889289

3
1 1 1 0.913669
2 0 0 0.995298
3 0 0 0.903398

3
1 1 2 0.82374
2 0 0 0.772787
3 0 0 0.851206

1
1 0 0 0.782486

3
1 0 514 0.779697
2 0 0 0.994544
3 0 0 0.721147

3
1 1 2 0.901489
2 0 0 0.777639
3 0 0 0.849362

3
1 0 3887 0.947076
2 0 0 0.899919
3 0 0 0.896506

3
1 1 1 0.816543
2 0 0 1.16506
3 0 0 0.927469

3
1 1 2 0.885377
2 0 0 0.840814
3 0 0 1.13995

3
1 1 2 0.8804
2 0 0 0.877709
3 0 0 0.907427

3
1 0 9861 0.848594
2 0 0 0.698142
3 0 0 1.14063

3
1 1 1 0.825807
2 0 0 0.877236
3 0 0 0.85661

3
1 0 1950 0.91911
2 0 0 0.880645
3 0 0 0.932645

3
1 1 1 0.834413
2 0 0 1.06051
3 0 0 0.82179

3
1 1 1 0.917094
2 0 0 1.03521
3 0 0 0.824288

3
1 0 1610 0.794873
2 0 0 0.865185
3 0 0 0.783509

3
1 1 1 0.881968
2 0 0 0.978854
3 0 0 0.897668

1
1 0 0 0.716126

3
1 1 1 0.885074
2 0 0 1.13215
3 0 0 0.845212

3
1 0 3528 0.98308
2 0 0 0.988595
3 0 0 0.949456

5
1 0 3151 0.875431
2 0 0 1.02224
3 0 5161 0.948375
6 0 0 0.9145
7 0 0 0.931348

3
1 1 1 0.858424
2 0 0 0.95498
3 0 0 0.912073

3
1 1 1 0.868056
2 0 0 0.878422
3 0 0 0.923082

1
1 0 0 0.808125

3
1 1 2 0.859324
2 0 0 0.891715
3 0 0 0.947148

1
1 0 0 0.812979

1
1 0 0 0.825032

3
1 0 5920 0.870465
2 0 0 0.913387
3 0 0 0.899937

1
1 0 0 0.885136

1
1 0 0 0.829012

3
1 0 7651 0.885028
2 0 0 0.881488
3 0 0 0.911296

3
1 1 1 0.929805
2 0 0 0.889114
3 0 0 0.830938

5
1 1 2 0.854365
2 0 0 0.840923
3 0 835 0.968282
6 0 0 0.958105
7 0 0 0.850172

3
1 0 5020 0.846433
2 0 0 1.05905
3 0 0 0.822408

5
1 1 1 0.799962
2 0 3437 0.947863
4 0 0 0.932449
5 0 0 0.936442
3 0 0 0.849137

5
1 0 9266 0.896537
2 1 1 0.850194
4 0 0 0.956796
5 0 0 0.896946
3 0 0 0.939137

1
1 0 0 0.723145

3
1 1 2 0.816922
2 0 0 0.845429
3 0 0 1.07177

3
1 0 4286 0.939793
2 0 0 0.932531
3 0 0 0.921268

5
1 1 2 0.86497
2 0 2779 0.891993
4 0 0 0.921076
5 0 0 0.892127
3 0 0 0.969908

1
1 0 0 0.694709

1
1 0 0 0.948445

3
1 1 2 0.84345
2 0 0 0.95892
3 0 0 0.954777

3
1 1 2 0.855229
2 0 0 0.744952
3 0 0 0.901597

1
1 0 0 0.737789

3
1 0 3459 0.926662
2 0 0 0.928074
3 0 0 0.902017

3
1 1 2 0.888282
2 0 0 0.882606
3 0 0 0.905944

3
1 1 1 0.965572
2 0 0 0.955863
3 0 0 0.865832

3
1 1 1 0.886995
2 0 0 0.986027
3 0 0 0.753589

3
1 0 2215 0.849135
2 0 0 0.993756
3 0 0 0.83273

1
1 0 0 0.852341

3
1 0 953 0.855901
2 0 0 1.01424
3 0 0 0.804197

3
1 0 9675 0.811763
2 0 0 0.863455
3 0 0 0.960485

5
1 0 1918 0.903974
2 1 2 0.841664
4 0 0 0.902087
5 0 0 1.13971
3 0 0 0.868288

5
1 0 3583 0.89199
2 0 769 0.926445
4 0 0 0.991045
5 0 0 1.01045
3 0 0 0.89155

3
1 1 2 0.846224
2 0 0 0.826975
3 0 0 0.869496

3
1 0 1998 0.914558
2 0 0 1.01835
3 0 0 0.920413

3
1 1 2 0.897924
2 0 0 0.974034
3 0 0 0.96352

3
1 1 1 0.87079
2 0 0 0.913406
3 0 0 0.779777

9
1 0 9194 0.920764
2 0 1889 0.875912
4 0 0 0.859207
5 0 0 1.10165
3 0 9342 1.12374
6 0 9260 0.934691
12 0 0 1.00605
13 0 0 1.019
7 0 0 1.03339

3
1 0 2011 0.840341
2 0 0 0.904281
3 0 0 0.860631

3
1 0 6181 0.859512
2 0 0 0.796774
3 0 0 0.838712

3
1 1 1 0.866539
2 0 0 1.02181
3 0 0 0.82737

3
1 0 6296 0.870533
2 0 0 0.974321
3 0 0 0.883275

5
1 1 1 0.884189
2 0 0 0.919687
3 0 9531 0.810498
6 0 0 0.852626
7 0 0 0.946572

5
1 0 9819 0.899735
2 0 0 0.872119
3 1 2 1.03346
6 0 0 1.08928
7 0 0 0.969069

3
1 1 1 0.866315
2 0 0 1.05461
3 0 0 0.792798

3
1 0 1994 0.850795
2 0 0 0.852876
3 0 0 0.838648

3
1 1 1 0.869499
2 0 0 1.09283
3 0 0 0.816411

3
1 1 1 0.898831
2 0 0 1.0567
3 0 0 0.769388

1
1 0 0 0.757665

5
1 1 2 0.826654
2 0 0 0.930786
3 0 5432 0.899687
6 0 0 0.958573
7 0 0 0.832923

3
1 1 2 0.912803
2 0 0 0.869083
3 0 0 1.02283

3
1 1 1 0.944851
2 0 0 1.07939
3 0 0 0.718865

5
1 0 9770 0.857499
2 0 2348 0.940082
4 0 0 0.884991
5 0 0 0.967272
3 0 0 1.01885

3
1 0 9791 0.889178
2 0 0 0.830492
3 0 0 0.989963

3
1 1 1 0.91975
2 0 0 0.912187
3 0 0 0.934316

1
1 0 0 0.857329

3
1 0 1686 0.895319
2 0 0 0.92001
3 0 0 0.93457

3
1 1 2 0.835634
2 0 0 0.765011
3 0 0 0.947114

3
1 0 6439 0.880665
2 0 0 1.04039
3 0 0 0.892576

1
1 0 0 0.788426

3
1 0 5275 0.903195
2 0 0 0.950295
3 0 0 0.891206

5
1 1 1 0.901951
2 0 5493 1.00496
4 0 0 0.985565
5 0 0 0.935773
3 0 0 0.774831

3
1 0 384 0.859097
2 0 0 0.969244
3 0 0 0.777345

3
1 1 1 0.880535
2 0 0 1.06778
3 0 0 0.831125

3
1 1 1 0.859687
2 0 0 1.01606
3 0 0 0.859671

1
1 0 0 0.811371

3
1 1 2 0.940135
2 0 0 0.949702
3 0 0 0.931215

3
1 0 9499 0.900596
2 0 0 0.913166
3 0 0 1.02942

1
1 0 0 0.766117

1
1 0 0 0.792079

3
1 1 1 0.932852
2 0 0 0.995536
3 0 0 0.971962

5
1 0 152 0.83338
2 0 47 1.07095
4 0 0 0.962991
5 0 0 1.0482
3 0 0 0.778044

3
1 0 323 0.817457
2 0 0 0.989485
3 0 0 0.793974

5
1 0 8523 0.934899
2 0 0 0.949163
3 0 8554 0.850015
6 0 0 1.01193
7 0 0 0.91302

3
1 1 1 0.90103
2 0 0 0.968729
3 0 0 0.789018

3
1 0 8957 0.922206
2 0 0 0.92903
3 0 0 1.00213

3
1 1 1 0.909029
2 0 0 1.00805
3 0 0 0.912671

3
1 0 8239 0.862715
2 0 0 0.900155
3 0 0 0.809088

1
1 0 0 0.811677

5
1 1 1 0.916548
2 0 0 0.92875
3 1 2 0.954937
6 0 0 0.821279
7 0 0 1.14213

3
1 1 2 0.799703
2 0 0 0.77302
3 0 0 1.04536

3
1 1 1 0.876361
2 0 0 1.0385
3 0 0 0.769572

5
1 1 1 0.892855
2 0 9908 0.984312
4 0 0 0.949206
5 0 0 1.06354
3 0 0 0.874319

1
1 0 0 0.881397

3
1 1 1 0.90363
2 0 0 0.919214
3 0 0 0.877841

3
1 0 9435 0.78714
2 0 0 0.803399
3 0 0 1.00923

5
1 0 4396 0.83506
2 0 0 0.855229
3 1 1 0.925358
6 0 0 0.997079
7 0 0 0.792046

3
1 1 2 0.961545
2 0 0 0.950517
3 0 0 0.99156

1
1 0 0 0.860233

3
1 1 2 0.812205
2 0 0 0.907032
3 0 0 0.957213

3
1 0 1244 0.835867
2 0 0 0.942578
3 0 0 0.826059

1
1 0 0 0.735753

3
1 1 1 0.8849
2 0 0 1.05143
3 0 0 0.777179

3
1 0 4179 0.932592
2 0 0 0.970525
3 0 0 0.805789

3
1 0 733 0.786615
2 0 0 0.947745
3 0 0 0.823184

3
1 1 1 0.820588
2 0 0 1.15231
3 0 0 0.863102

3
1 0 4358 0.92503
2 0 0 0.912261
3 0 0 0.948877

1
1 0 0 0.726743

1
1 0 0 0.747302

3
1 1 2 0.851195
2 0 0 0.874255
3 0 0 1.00766

3
1 0 3305 0.924672
2 0 0 0.967199
3 0 0 0.905782

3
1 0 9981 1.00181
2 0 0 0.940519
3 0 0 0.851436

3
1 0 9387 0.859247
2 0 0 0.866944
3 0 0 0.912445

3
1 1 1 0.872059
2 0 0 1.01278
3 0 0 0.93565

5
1 0 6389 0.863068
2 0 3731 0.992957
4 0 0 0.977723
5 0 0 1.03847
3 0 0 0.913928

3
1 1 1 0.842444
2 0 0 0.982396
3 0 0 0.833436

3
1 1 2 0.945385
2 0 0 0.718776
3 0 0 0.942131

3
1 1 2 0.939568
2 0 0 0.988145
3 0 0 0.917823

5
1 0 8466 0.836266
2 0 378 1.0299
4 0 0 1.00442
5 0 0 0.94568
3 0 0 0.929055

3
1 0 1278 0.701731
2 0 0 1.15484
3 0 0 0.732186

3
1 0 8643 0.833728
2 0 0 0.878689
3 0 0 0.841547

3
1 1 1 0.946089
2 0 0 0.946966
3 0 0 0.854036

3
1 1 1 0.876494
2 0 0 1.05842
3 0 0 0.889758

1
1 0 0 0.840359

3
1 1 1 0.844003
2 0 0 0.898966
3 0 0 0.818661

3
1 0 6254 0.90135
2 0 0 0.899566
3 0 0 0.873216

3
1 1 2 0.867414
2 0 0 0.843992
3 0 0 0.974992

5
1 0 4253 0.893848
2 0 2126 0.983684
4 0 0 0.894324
5 0 0 0.988086
3 0 0 0.91305

1
1 0 0 0.781304

3
1 0 6425 0.872253
2 0 0 1.05516
3 0 0 0.814281

3
1 1 1 0.752276
2 0 0 0.872541
3 0 0 0.788939

1
1 0 0 0.775381

3
1 0 2782 0.846656
2 0 0 0.906648
3 0 0 0.884061

3
1 1 1 0.905114
2 0 0 0.915968
3 0 0 0.907787

5
1 1 1 0.8034
2 0 4889 1.01758
4 0 0 0.967947
5 0 0 0.979782
3 0 0 0.794362

1
1 0 0 0.821221

3
1 1 2 0.865797
2 0 0 0.788733
3 0 0 0.936359

7
1 0 9723 0.815394
2 0 9349 0.82807
4 0 0 0.802554
5 0 0 0.790174
3 0 9919 0.982671
6 0 0 1.10334
7 0 0 0.89199

3
1 0 5478 0.883897
2 0 0 0.91553
3 0 0 0.89349

5
1 1 2 0.92249
2 0 0 0.884162
3 0 3477 1.08366
6 0 0 1.02127
7 0 0 1.02261

3
1 0 9747 0.785216
2 0 0 0.824077
3 0 0 0.97614

7
1 0 9849 0.850323
2 0 5371 0.914311
4 0 0 0.926579
5 0 0 0.837433
3 1 2 0.95668
6 0 0 1.02419
7 0 0 0.965101

1
1 0 0 0.808969

3
1 1 2 0.882652
2 0 0 0.843549
3 0 0 0.867955

3
1 0 564 0.922453
2 0 0 0.936921
3 0 0 0.955407

1
1 0 0 0.826436

3
1 0 9615 0.775606
2 0 0 0.792845
3 0 0 0.94084

5
1 0 4349 0.864158
2 1 1 1.00943
4 0 0 1.11911
5 0 0 0.95515
3 0 0 0.823201

3
1 0 8533 0.947162
2 0 0 0.967458
3 0 0 1.02687

5
1 1 2 0.924718
2 0 0 0.851789
3 0 411 1.03851
6 0 0 1.04352
7 0 0 0.977635

3
1 1 1 0.866539
2 0 0 0.893238
3 0 0 0.849632

5
1 0 9279 0.856603
2 0 1513 0.882108
4 0 0 0.83075
5 0 0 0.892111
3 0 0 0.838352

3
1 1 2 0.937523
2 0 0 0.974061
3 0 0 0.989102

5
1 1 1 0.907483
2 0 0 1.07088
3 0 4973 0.935695
6 0 0 1.02015
7 0 0 0.90238

5
1 1 1 0.876526
2 0 7067 0.920356
4 0 0 0.899879
5 0 0 0.97505
3 0 0 0.743618

5
1 1 1 0.957182
2 0 5316 1.05041
4 0 0 1.00505
5 0 0 0.996157
3 0 0 0.847124

7
1 1 1 0.869499
2 0 0 0.904884
3 0 6397 1.00504
6 0 0 1.02307
7 1 2 0.93742
14 0 0 0.881436
15 0 0 0.991333

5
1 1 2 0.906685
2 0 234 0.947413
4 0 0 1.01603
5 0 0 0.932879
3 0 0 1.01592

1
1 0 0 0.803348

3
1 1 2 0.834458
2 0 0 0.875572
3 0 0 0.829374

3
1 1 1 0.882553
2 0 0 0.864353
3 0 0 0.889922

3
1 1 1 0.944851
2 0 0 1.07319
3 0 0 0.804335

3
1 0 1813 0.820614
2 0 0 0.821371
3 0 0 0.855636

7
1 0 2817 0.843303
2 0 148 1.11928
4 0 36 0.931193
8 0 0 1.03762
9 0 0 0.930018
5 0 0 0.997036
3 0 0 0.839623

3
1 1 1 0.878751
2 0 0 1.02081
3 0 0 0.854229

3
1 0 2669 0.787384
2 0 0 0.895096
3 0 0 0.814108

5
1 1 2 0.919664
2 0 0 0.914015
3 0 9691 0.987895
6 0 0 0.940647
7 0 0 0.992058

5
1 0 9696 0.857668
2 0 0 0.855799
3 0 9942 1.09812
6 0 0 1.09205
7 0 0 0.902608

3
1 1 1 0.794585
2 0 0 0.954432
3 0 0 0.862259

1
1 0 0 0.778338

1
1 0 0 0.824354

3
1 1 1 0.842458
2 0 0 1.00531
3 0 0 0.840598

3
1 1 1 0.897125
2 0 0 1.16226
3 0 0 0.82969

3
1 1 1 0.880301
2 0 0 1.01603
3 0 0 0.88414

3
1 1 2 0.920597
2 0 0 0.881562
3 0 0 1.03532

5
1 0 4980 0.904667
2 0 0 0.876832
3 1 1 0.943666
6 0 0 0.941171
7 0 0 0.904664

5
1 0 599 0.837975
2 1 1 0.938729
4 0 0 1.03398
5 0 0 0.950358
3 0 0 0.822173

3
1 1 1 0.837248
2 0 0 0.972148
3 0 0 0.88369

3
1 1 1 0.825335
2 0 0 0.8991
3 0 0 0.792152

5
1 0 9709 0.863217
2 0 0 0.791175
3 1 1 0.98633
6 0 0 0.960469
7 0 0 0.983322

3
1 0 1045 0.828035
2 0 0 0.999678
3 0 0 0.842367

5
1 0 9782 0.859349
2 1 2 0.902476
4 0 0 0.83359
5 0 0 0.942511
3 0 0 0.991958

1
1 0 0 0.772829

1
1 0 0 0.726093

3
1 1 1 0.84662
2 0 0 1.11222
3 0 0 0.83719

5
1 1 1 0.881
2 0 8331 0.941835
4 0 0 1.01197
5 0 0 1.01444
3 0 0 0.881368

3
1 1 1 0.866803
2 0 0 1.04165
3 0 0 0.848447

5
1 0 9882 0.880814
2 1 2 0.880121
4 0 0 0.785301
5 0 0 0.951817
3 0 0 1.12005

3
1 0 324 0.849194
2 0 0 1.04889
3 0 0 0.81158

3
1 0 683 0.872005
2 0 0 1.01087
3 0 0 0.861928

5
1 0 3766 0.968635
2 0 3132 0.955303
4 0 0 0.951924
5 0 0 0.995541
3 0 0 0.893534

3
1 0 7468 0.857888
2 0 0 0.885643
3 0 0 0.890016

3
1 1 2 0.88765
2 0 0 0.958568
3 0 0 0.879675

3
1 1 1 0.872454
2 0 0 1.02437
3 0 0 0.838147

5
1 1 1 0.887662
2 0 0 1.00723
3 1 2 0.956885
6 0 0 0.936176
7 0 0 0.910594

5
1 1 1 0.798666
2 0 8739 1.02218
4 0 0 0.956692
5 0 0 0.961811
3 0 0 0.857725

9
1 1 1 0.776467
2 0 3160 0.885393
4 0 0 1.04622
5 0 7188 0.948987
10 0 0 0.93907
11 0 0 1.1339
3 0 710 0.750486
6 0 0 0.919958
7 0 0 0.8351

3
1 1 1 0.867504
2 0 0 1.02529
3 0 0 0.843904

3
1 0 5 0.779135
2 0 0 1.02739
3 0 0 0.842094

3
1 1 2 1.00341
2 0 0 0.884782
3 0 0 0.977661

3
1 1 2 0.856908
2 0 0 0.819709
3 0 0 1.03208

3
1 0 10 0.86868
2 0 0 1.09472
3 0 0 0.755258

3
1 1 1 0.831916
2 0 0 0.968943
3 0 0 0.84978

3
1 1 2 0.952838
2 0 0 0.914208
3 0 0 0.987197

3
1 1 1 0.874264
2 0 0 0.893969
3 0 0 0.883303

5
1 0 6442 0.875464
2 0 0 0.898057
3 0 7703 0.89835
6 0 0 1.02684
7 0 0 0.913225

3
1 0 9933 0.779254
2 0 0 0.795288
3 0 0 0.943755

3
1 1 1 0.862708
2 0 0 1.02151
3 0 0 0.816344

1
1 0 0 0.755575

3
1 1 1 0.913625
2 0 0 0.86376
3 0 0 0.890116

3
1 0 8056 0.938954
2 0 0 0.94729
3 0 0 0.896379

5
1 0 451 0.778309
2 1 1 0.925937
4 0 0 1.07473
5 0 0 0.979574
3 0 0 0.713195

3
1 1 1 0.88121
2 0 0 0.978277
3 0 0 0.892745

7
1 1 2 0.899732
2 0 0 0.763996
3 0 9821 0.921903
6 0 0 0.855827
7 0 9977 0.889449
14 0 0 0.96947
15 0 0 0.959689

3
1 0 2397 0.876526
2 0 0 1.05752
3 0 0 0.891386

1
1 0 0 0.92955

3
1 1 1 0.953228
2 0 0 0.831488
3 0 0 0.845341

3
1 1 1 0.952753
2 0 0 0.835501
3 0 0 0.782578

1
1 0 0 0.792452

5
1 1 1 0.996282
2 0 0 1.01962
3 0 685 0.853729
6 0 0 1.09721
7 0 0 0.927631

3
1 0 3806 0.914208
2 0 0 0.920411
3 0 0 0.941928

3
1 1 1 0.931633
2 0 0 1.03132
3 0 0 0.816686

3
1 1 1 0.914383
2 0 0 1.17891
3 0 0 0.957893

3
1 1 2 0.868069
2 0 0 0.812863
3 0 0 1.06383

5
1 1 1 0.86684
2 0 0 1.0067
3 1 2 0.896056
6 0 0 0.801509
7 0 0 0.865593

3
1 0 281 0.806842
2 0 0 1.06926
3 0 0 0.800742

3
1 0 1774 0.918338
2 0 0 1.02267
3 0 0 0.9237

3
1 1 2 0.846997
2 0 0 0.868717
3 0 0 0.929681

3
1 0 3512 0.813963
2 0 0 0.911047
3 0 0 0.93916

1
1 0 0 0.781233

1
1 0 0 0.852922

3
1 0 6728 0.902745
2 0 0 0.899835
3 0 0 0.909753

5
1 1 2 0.913642
2 1 1 0.985302
4 0 0 1.09608
5 0 0 0.906468
3 0 0 0.946276

3
1 1 1 0.87666
2 0 0 0.907349
3 0 0 0.90655

1
1 0 0 0.740913

3
1 0 6015 0.893501
2 0 0 1.00974
3 0 0 0.830014

3
1 1 1 0.911228
2 0 0 0.919511
3 0 0 0.933143

3
1 0 2637 0.831196
2 0 0 0.843115
3 0 0 0.831468

3
1 0 2514 0.889398
2 0 0 1.01684
3 0 0 0.864819

1
1 0 0 0.783516

1
1 0 0 0.71771

5
1 1 1 0.844952
2 0 0 1.02427
3 1 2 0.949216
6 0 0 0.977015
7 0 0 0.849563

3
1 0 40 0.861135
2 0 0 1.02899
3 0 0 0.872763

3
1 1 1 0.933123
2 0 0 1.0479
3 0 0 0.860743

3
1 1 1 0.856207
2 0 0 0.982262
3 0 0 0.824136

3
1 1 2 0.874691
2 0 0 0.951034
3 0 0 0.893253

1
1 0 0 0.812647

1
1 0 0 0.80547

1
1 0 0 0.807223

7
1 1 2 0.867764
2 1 1 0.894919
4 0 0 1.03841
5 0 8639 0.894102
10 0 0 0.890197
11 0 0 1.00404
3 0 0 0.992658

7
1 0 4029 0.853381
2 1 1 0.931283
4 0 0 0.985759
5 0 2885 0.965742
10 0 0 0.92906
11 0 0 1.00358
3 0 0 0.807114

3
1 1 2 0.924572
2 0 0 0.79212
3 0 0 0.924294

1
1 0 0 0.802952

5
1 0 874 0.913193
2 0 462 1.03064
4 0 0 0.917807
5 0 0 1.11584
3 0 0 0.905798

1
1 0 0 0.828246

3
1 0 9234 0.893366
2 0 0 0.954849
3 0 0 0.922627

5
1 1 2 0.833141
2 1 1 0.933298
4 0 0 1.00229
5 0 0 0.882976
3 0 0 1.02583

3
1 0 2693 0.824138
2 0 0 0.970621
3 0 0 0.931411

3
1 1 1 0.808773
2 0 0 0.966432
3 0 0 0.797353

3
1 1 1 1.04781
2 0 0 0.973196
3 0 0 0.957771

3
1 1 1 0.953975
2 0 0 1.04601
3 0 0 0.855811

3
1 1 2 0.875695
2 0 0 0.846333
3 0 0 0.961478

3
1 1 2 0.85793
2 0 0 0.82204
3 0 0 1.14058

3
1 1 1 0.890265
2 0 0 0.984236
3 0 0 0.900527

3
1 1 2 0.968521
2 0 0 0.854459
3 0 0 1.03907

1
1 0 0 0.79123

3
1 1 2 0.910027
2 0 0 0.843425
3 0 0 1.00616

3
1 1 1 0.823144
2 0 0 0.935791
3 0 0 0.715878

5
1 0 9441 0.88556
2 0 0 0.919724
3 0 9899 0.875497
6 0 0 0.953259
7 0 0 0.903067

5
1 0 9781 0.803854
2 0 0 0.786968
3 0 9826 0.951843
6 0 0 0.921528
7 0 0 0.996073

3
1 1 2 0.91471
2 0 0 0.816387
3 0 0 0.916262

3
1 1 1 0.92931
2 0 0 1.04686
3 0 0 0.964234

3
1 0 9633 0.834264
2 0 0 0.810072
3 0 0 0.975618

1
1 0 0 0.780042

3
1 0 2677 0.908642
2 0 0 0.90104
3 0 0 0.914387

3
1 1 1 0.875556
2 0 0 1.07637
3 0 0 0.802535

3
1 1 1 0.883769
2 0 0 1.03716
3 0 0 0.864031

3
1 1 2 0.913637
2 0 0 0.875042
3 0 0 0.924868

3
1 0 1282 0.819909
2 0 0 1.04895
3 0 0 0.877971

3
1 0 654 0.968737
2 0 0 1.04377
3 0 0 0.856941

5
1 0 5240 0.908245
2 0 0 0.944036
3 0 7927 0.898779
6 0 0 0.952032
7 0 0 0.828422

1
1 0 0 0.831422

3
1 0 244 0.809296
2 0 0 0.939684
3 0 0 0.806043

1
1 0 0 0.849737

3
1 1 1 0.885645
2 0 0 1.00378
3 0 0 0.86416

5
1 1 2 0.79817
2 1 1 0.86348
4 0 0 0.901235
5 0 0 0.828326
3 0 0 0.905201

3
1 0 285 0.86545
2 0 0 0.96188
3 0 0 0.785508

3
1 1 1 0.846947
2 0 0 1.00143
3 0 0 0.731772

3
1 0 8704 0.833068
2 0 0 0.877911
3 0 0 0.891812

3
1 1 1 0.881606
2 0 0 0.964433
3 0 0 0.857202

1
1 0 0 0.792043

3
1 0 1609 0.853787
2 0 0 0.860262
3 0 0 0.807508

3
1 0 4707 0.888698
2 0 0 0.920475
3 0 0 0.884981

1
1 0 0 0.829054

3
1 1 1 0.887265
2 0 0 0.974766
3 0 0 0.889649

1
1 0 0 0.924073

3
1 1 1 0.776467
2 0 0 0.86743
3 0 0 0.764502

3
1 1 1 0.97319
2 0 0 1.04124
3 0 0 0.935513

5
1 1 2 0.871804
2 0 0 0.915299
3 0 1123 0.83312
6 0 0 1.09505
7 0 0 0.820297

3
1 1 1 0.944946
2 0 0 0.94716
3 0 0 0.896155

3
1 1 1 0.869813
2 0 0 0.97969
3 0 0 0.880321

5
1 1 1 0.862451
2 0 46 0.919146
4 0 0 0.948078
5 0 0 0.862038
3 0 0 0.871188

3
1 1 2 0.907444
2 0 0 1.04952
3 0 0 0.904222

3
1 1 1 0.818086
2 0 0 0.872885
3 0 0 0.764863

3
1 1 2 0.915877
2 0 0 0.891175
3 0 0 1.03912

3
1 0 6377 0.869065
2 0 0 0.933554
3 0 0 0.831311

3
1 1 2 0.914946
2 0 0 0.924713
3 0 0 0.857655

3
1 0 8506 0.896573
2 0 0 0.897145
3 0 0 0.850442

3
1 1 1 0.873948
2 0 0 0.943563
3 0 0 0.967576

7
1 0 5996 0.79471
2 1 1 0.934998
4 0 0 0.954336
5 0 0 0.866398
3 0 7916 0.888309
6 0 0 0.960954
7 0 0 0.852497

3
1 1 1 0.885492
2 0 0 1.14507
3 0 0 0.833174

3
1 1 1 0.888871
2 0 0 0.957121
3 0 0 0.874623

3
1 0 9766 0.814049
2 0 0 0.769578
3 0 0 1.1419

1
1 0 0 0.739137

3
1 1 1 0.864118
2 0 0 0.996243
3 0 0 0.679055

3
1 1 1 0.817068
2 0 0 0.906995
3 0 0 0.813174

5
1 1 1 0.932469
2 0 1237 0.970094
4 0 0 0.883468
5 0 0 1.04295
3 0 0 0.858006

7
1 1 2 0.907185
2 0 0 0.810792
3 0 9961 0.949399
6 0 3100 0.985185
12 0 0 0.958385
13 0 0 1.08255
7 0 0 0.956845

3
1 1 1 0.892514
2 0 0 1.0116
3 0 0 0.807124

3
1 0 3685 0.910428
2 0 0 1.01371
3 0 0 0.915559

3
1 1 2 0.809356
2 0 0 0.899401
3 0 0 1.0205

1
1 0 0 0.709021

3
1 0 53 0.717139
2 0 0 0.957025
3 0 0 0.726201

5
1 1 1 0.873963
2 0 3305 1.00931
4 0 0 0.878934
5 0 0 0.984138
3 0 0 0.827848

5
1 0 8858 0.821508
2 0 0 0.88913
3 1 1 0.865424
6 0 0 1.05196
7 0 0 0.996077

1
1 0 0 0.756504

3
1 0 3356 0.815535
2 0 0 0.997795
3 0 0 0.828757

3
1 1 2 0.933839
2 0 0 0.833213
3 0 0 1.03217

3
1 1 2 0.926453
2 0 0 0.932694
3 0 0 0.89537

3
1 0 913 0.826513
2 0 0 1.0911
3 0 0 0.83291

3
1 1 1 0.907673
2 0 0 1.06379
3 0 0 0.758796

3
1 0 9764 0.850828
2 0 0 0.860084
3 0 0 0.943836

3
1 1 1 0.925407
2 0 0 0.954022
3 0 0 0.942314

3
1 0 3106 0.834377
2 0 0 0.933129
3 0 0 0.84884

1
1 0 0 0.737225

1
1 0 0 0.761582

3
1 1 2 0.83031
2 0 0 0.872384
3 0 0 1.01669

3
1 0 9461 0.880818
2 0 0 0.878295
3 0 0 0.899114

1
1 0 0 0.811768

5
1 0 9675 0.747657
2 0 0 0.779252
3 0 9741 1.05945
6 0 0 1.06869
7 0 0 0.981741

3
1 1 1 0.838087
2 0 0 0.970243
3 0 0 0.861192

3
1 0 4295 0.861378
2 0 0 0.977399
3 0 0 0.989929

3
1 0 8253 0.996839
2 0 0 0.965677
3 0 0 0.932213

3
1 1 1 0.822497
2 0 0 0.903547
3 0 0 0.815434

1
1 0 0 0.860291

5
1 1 1 0.866962
2 0 0 1.02181
3 1 2 0.892647
6 0 0 0.80915
7 0 0 0.907004

5
1 1 2 0.90108
2 0 0 0.877564
3 0 8997 0.97077
6 0 0 0.986292
7 0 0 0.962815

1
1 0 0 0.8228

1
1 0 0 0.842186

3
1 1 1 0.919084
2 0 0 0.952673
3 0 0 0.781685

11
1 1 2 0.828451
2 1 1 0.963263
4 0 0 0.874728
5 0 4263 0.879946
10 0 0 1.00016
11 0 0 0.843257
3 0 9216 1.03589
6 0 5570 1.00875
12 0 0 1.01692
13 0 0 0.998638
7 0 0 0.959031

3
1 1 1 0.837151
2 0 0 1.04599
3 0 0 0.863933

3
1 1 1 0.805915
2 0 0 0.958851
3 0 0 0.747216

3
1 1 2 0.887463
2 0 0 0.745615
3 0 0 0.87637

1
1 0 0 0.828838

5
1 0 485 0.86081
2 0 358 0.884945
4 0 0 0.981877
5 0 0 0.961393
3 0 0 0.83352

7
1 0 7913 0.862605
2 0 0 0.904369
3 0 8760 0.987736
6 0 8526 1.03132
12 0 0 0.955219
13 0 0 1.00654
7 0 0 0.9634

3
1 0 9883 0.752399
2 0 0 0.772384
3 0 0 1.10197

5
1 0 408 0.940222
2 0 113 1.05707
4 0 0 0.883389
5 0 0 0.97284
3 0 0 0.802236

3
1 1 1 0.833696
2 0 0 1.03599
3 0 0 0.911983

3
1 0 4697 0.861172
2 0 0 0.962504
3 0 0 0.936697

3
1 0 588 0.890584
2 0 0 1.01727
3 0 0 0.913252

5
1 1 2 0.910049
2 0 0 0.944377
3 0 5410 1.08018
6 0 0 1.00635
7 0 0 0.890099

3
1 0 9442 0.691939
2 0 0 0.804715
3 0 0 0.959359

3
1 1 1 0.920597
2 0 0 1.01633
3 0 0 0.895729

3
1 1 1 0.895247
2 0 0 0.879347
3 0 0 0.850704

1
1 0 0 0.890178

3
1 1 1 0.952746
2 0 0 0.967223
3 0 0 0.928225

3
1 1 1 0.974321
2 0 0 1.16119
3 0 0 0.932071

3
1 1 2 0.922292
2 0 0 0.921077
3 0 0 0.989562

1
1 0 0 0.874508

5
1 0 667 0.86424
2 0 558 0.931093
4 0 0 0.920784
5 0 0 1.18909
3 0 0 0.853982

1
1 0 0 0.778369

3
1 1 1 0.850896
2 0 0 0.989764
3 0 0 0.860879

3
1 1 2 0.815864
2 0 0 0.850169
3 0 0 0.927126

3
1 1 2 0.851755
2 0 0 0.780672
3 0 0 0.973281

3
1 1 2 0.90972
2 0 0 0.748388
3 0 0 0.889616

3
1 1 1 0.856945
2 0 0 0.988796
3 0 0 0.902223

3
1 1 2 0.904556
2 0 0 0.92102
3 0 0 0.863892

3
1 1 1 0.937156
2 0 0 1.05558
3 0 0 0.856166

3
1 0 3833 0.787466
2 0 0 0.874835
3 0 0 0.800503

1
1 0 0 0.849391

5
1 1 2 0.85691
2 0 0 0.884426
3 0 7133 0.990163
6 0 0 1.00112
7 0 0 1.12235

1
1 0 0 0.798141

3
1 1 1 0.937342
2 0 0 1.06648
3 0 0 0.814342

3
1 0 1528 0.857217
2 0 0 0.911802
3 0 0 0.808528

7
1 1 1 0.893884
2 0 0 1.01086
3 0 8640 0.916268
6 0 0 0.993282
7 1 2 0.839632
14 0 0 0.890132
15 0 0 0.860795

3
1 0 6558 0.882355
2 0 0 0.846412
3 0 0 0.830966

3
1 1 1 0.922109
2 0 0 0.908797
3 0 0 0.902305

5
1 0 322 0.828144
2 0 82 0.987318
4 0 0 0.863001
5 0 0 0.818373
3 0 0 0.852778

3
1 1 1 0.853839
2 0 0 0.865885
3 0 0 0.80778

5
1 0 9580 0.844519
2 0 0 0.834668
3 1 1 0.939009
6 0 0 0.972144
7 0 0 0.980188

1
1 0 0 0.837125

1
1 0 0 0.83937

5
1 0 2424 0.846258
2 1 1 0.90014
4 0 0 0.997116
5 0 0 0.928734
3 0 0 0.830613

3
1 0 8895 0.931644
2 0 0 0.956477
3 0 0 0.861519

1
1 0 0 0.851437

1
1 0 0 0.855187

7
1 0 858 0.810228
2 1 1 0.926718
4 0 0 0.860751
5 0 0 0.970238
3 0 7189 0.896156
6 0 0 0.928891
7 0 0 0.791342

3
1 1 1 0.828977
2 0 0 0.973328
3 0 0 0.789353

1
1 0 0 0.809615

3
1 0 7555 0.85982
2 0 0 0.881726
3 0 0 0.946407

7
1 1 1 0.906284
2 0 2588 0.941873
4 0 0 1.11352
5 0 8246 0.895598
10 0 0 0.948034
11 0 0 1.06345
3 0 0 0.74788

1
1 0 0 0.751324

3
1 1 1 0.910422
2 0 0 1.00367
3 0 0 0.910206

7
1 0 4997 0.92534
2 0 0 1.02666
3 0 9190 0.943814
6 0 9043 0.965242
12 0 0 1.11222
13 0 0 1.01941
7 0 0 0.838194

3
1 1 1 0.994231
2 0 0 0.999976
3 0 0 0.846334

3
1 1 1 0.975531
2 0 0 1.09745
3 0 0 0.870849

5
1 0 8260 0.849574
2 1 1 1.01649
4 0 0 1.00527
5 0 0 0.980248
3 0 0 0.85778

3
1 0 232 0.814127
2 0 0 1.05703
3 0 0 0.827149

3
1 1 2 0.867432
2 0 0 0.845926
3 0 0 1.07853

5
1 1 2 0.877925
2 0 0 0.905833
3 0 6653 0.924963
6 0 0 0.913368
7 0 0 0.956057

1
1 0 0 0.83441

3
1 0 1735 0.852244
2 0 0 1.06003
3 0 0 0.889059

3
1 1 1 0.864118
2 0 0 0.983191
3 0 0 0.746638

1
1 0 0 0.836303

3
1 1 1 0.855934
2 0 0 0.960797
3 0 0 0.87747

3
1 1 1 0.849336
2 0 0 0.952874
3 0 0 0.848423

5
1 0 9540 0.777078
2 0 0 0.773494
3 0 9912 0.883013
6 0 0 1.12857
7 0 0 0.994795

3
1 1 1 0.90676
2 0 0 0.976381
3 0 0 0.805952

5
1 0 757 0.824377
2 0 0 0.894141
3 0 1216 0.842913
6 0 0 0.964164
7 0 0 0.823685

3
1 1 2 0.884667
2 0 0 0.788759
3 0 0 1.04018

3
1 0 3685 0.892927
2 0 0 0.942376
3 0 0 0.845825

3
1 0 301 0.818734
2 0 0 1.07556
3 0 0 0.894667

3
1 0 3117 0.897637
2 0 0 0.977855
3 0 0 0.893758

3
1 0 657 0.77795
2 0 0 0.849895
3 0 0 0.79143

3
1 1 1 0.950748
2 0 0 0.914249
3 0 0 0.828778

5
1 0 1025 0.844476
2 1 1 0.95069
4 0 0 1.03205
5 0 0 0.903125
3 0 0 0.86987

3
1 1 2 0.894117
2 0 0 0.91639
3 0 0 0.980724

1
1 0 0 0.825555

3
1 1 1 0.84704
2 0 0 0.92446
3 0 0 0.766182

3
1 1 2 0.910068
2 0 0 0.798522
3 0 0 0.929333

3
1 1 2 0.929267
2 0 0 0.918168
3 0 0 0.890191

7
1 0 6222 0.89281
2 0 885 0.950015
4 0 0 1.0589
5 0 0 0.951791
3 0 6819 0.852272
6 0 0 1.05593
7 0 0 0.820793

1
1 0 0 0.837185

3
1 0 1361 0.883703
2 0 0 0.949881
3 0 0 0.897944

5
1 0 671 0.86938
2 0 0 0.886566
3 1 1 0.915186
6 0 0 0.976315
7 0 0 0.931943

1
1 0 0 0.765724

3
1 1 1 0.807526
2 0 0 0.96418
3 0 0 0.757749

3
1 0 8595 0.880358
2 0 0 0.791946
3 0 0 0.94652

3
1 1 1 0.845252
2 0 0 1.01492
3 0 0 0.858289

1
1 0 0 0.785345

1
1 0 0 0.76532

3
1 1 1 0.897682
2 0 0 1.02488
3 0 0 0.810013

3
1 0 8162 0.874479
2 0 0 0.886991
3 0 0 0.860721

1
1 0 0 0.863555

3
1 0 7685 0.880628
2 0 0 0.888967
3 0 0 0.962067

3
1 1 2 0.850022
2 0 0 0.850985
3 0 0 0.89572

3
1 1 2 0.920409
2 0 0 0.906094
3 0 0 0.914674

3
1 1 2 0.751339
2 0 0 0.853935
3 0 0 1.08985

1
1 0 0 0.898678

3
1 0 7138 0.984272
2 0 0 0.969679
3 0 0 0.943266

3
1 0 154 0.888309
2 0 0 1.00544
3 0 0 0.898111

3
1 1 2 0.906913
2 0 0 0.857593
3 0 0 0.964817

1
1 0 0 0.820913

5
1 0 5283 0.863538
2 0 0 0.918865
3 0 8851 0.831741
6 0 0 0.874787
7 0 0 0.796144

3
1 0 3250 0.936369
2 0 0 0.936243
3 0 0 0.942456

1
1 0 0 0.813948

1
1 0 0 0.87023

3
1 1 1 0.833696
2 0 0 0.98264
3 0 0 0.666718

5
1 1 1 0.880484
2 0 2482 0.997423
4 0 0 1.02381
5 0 0 1.00966
3 0 0 0.849686

3
1 0 1393 0.79937
2 0 0 0.961431
3 0 0 0.756971

1
1 0 0 0.802872

3
1 1 2 0.935438
2 0 0 0.809758
3 0 0 0.877904

3
1 1 1 0.920096
2 0 0 0.929383
3 0 0 0.816415

3
1 0 1161 0.774579
2 0 0 0.947521
3 0 0 0.866131

3
1 0 2568 0.890274
2 0 0 0.965256
3 0 0 0.867675

3
1 1 1 0.943378
2 0 0 1.04682
3 0 0 0.924597

3
1 1 1 0.928565
2 0 0 1.0603
3 0 0 0.816906

5
1 1 1 0.984387
2 0 0 1.08741
3 1 2 0.988914
6 0 0 0.961069
7 0 0 1.00311

3
1 1 2 0.854012
2 0 0 0.850047
3 0 0 0.965953

3
1 1 2 0.853891
2 0 0 0.81724
3 0 0 0.964192

3
1 1 2 0.900711
2 0 0 0.909059
3 0 0 0.960627

1
1 0 0 0.867837

3
1 1 1 0.864847
2 0 0 1.04292
3 0 0 0.817894

3
1 0 3946 0.887924
2 0 0 0.932973
3 0 0 0.919629

1
1 0 0 0.795177

3
1 1 1 0.873195
2 0 0 1.01898
3 0 0 0.920827

3
1 1 1 0.928319
2 0 0 0.995752
3 0 0 0.889864

5
1 1 2 0.848248
2 0 0 0.852916
3 0 4674 0.885799
6 0 0 0.933568
7 0 0 0.957506

3
1 0 5838 0.906578
2 0 0 0.843922
3 0 0 0.874825

3
1 0 131 0.807244
2 0 0 1.02804
3 0 0 0.710117

3
1 1 1 0.86647
2 0 0 0.878394
3 0 0 0.858255

3
1 0 125 0.821876
2 0 0 0.990918
3 0 0 0.904458

3
1 0 6904 0.869399
2 0 0 0.855441
3 0 0 0.876807

1
1 0 0 0.829992

3
1 1 2 0.885226
2 0 0 0.863539
3 0 0 0.955785

3
1 1 2 0.89838
2 0 0 0.927045
3 0 0 0.969722

3
1 1 1 0.85985
2 0 0 1.05172
3 0 0 0.897125

3
1 1 1 0.902778
2 0 0 0.92926
3 0 0 0.904622

5
1 1 1 0.901483
2 0 0 1.10231
3 0 4323 0.927454
6 0 0 0.975666
7 0 0 0.922481

5
1 0 553 0.843184
2 1 1 0.993016
4 0 0 1.15195
5 0 0 1.04417
3 0 0 0.812879

3
1 0 1022 0.786782
2 0 0 1.02072
3 0 0 0.846042

1
1 0 0 0.902558

1
1 0 0 0.888716

3
1 0 1187 0.76111
2 0 0 0.971909
3 0 0 0.884722

3
1 1 2 0.86577
2 0 0 0.757864
3 0 0 0.936121

5
1 1 2 0.850523
2 0 0 0.664618
3 0 2968 1.04424
6 0 0 0.94386
7 0 0 1.1259

5
1 0 2916 0.875738
2 0 1098 0.970903
4 0 0 1.00393
5 0 0 0.903468
3 0 0 0.864587

3
1 1 1 0.828977
2 0 0 0.967063
3 0 0 0.801821

5
1 1 1 0.875694
2 0 0 1.06594
3 1 2 0.870428
6 0 0 0.868702
7 0 0 1.04528

5
1 1 1 0.905352
2 0 359 0.968874
4 0 0 0.922782
5 0 0 0.925611
3 0 0 0.784643

3
1 1 2 0.854252
2 0 0 0.911389
3 0 0 0.773458

3
1 0 1353 0.841108
2 0 0 0.989232
3 0 0 0.80361

3
1 0 7583 0.918233
2 0 0 0.901451
3 0 0 0.806689

1
1 0 0 0.718093

3
1 1 1 0.994231
2 0 0 0.996496
3 0 0 0.762993

3
1 0 2466 0.914334
2 0 0 0.956447
3 0 0 0.844209

3
1 1 2 0.886295
2 0 0 0.867317
3 0 0 0.934715

7
1 0 3340 0.87449
2 0 0 0.958453
3 0 5910 0.869704
6 0 0 1.06869
7 0 8248 0.851164
14 0 0 0.918455
15 0 0 0.860177

5
1 0 7901 0.962315
2 0 0 0.960891
3 1 1 0.791621
6 0 0 0.833729
7 0 0 0.873441

1
1 0 0 0.816289

3
1 1 1 0.935243
2 0 0 1.0005
3 0 0 0.847522

3
1 1 2 0.897926
2 0 0 0.895329
3 0 0 1.07078

3
1 0 4984 0.860934
2 0 0 0.970251
3 0 0 0.933424

5
1 1 1 0.836303
2 0 0 1.00115
3 1 2 0.84797
6 0 0 0.829396
7 0 0 0.985776

3
1 0 111 0.936345
2 0 0 0.901001
3 0 0 0.834485

3
1 1 1 0.807085
2 0 0 1.04771
3 0 0 0.849103

3
1 0 9911 0.864663
2 0 0 0.781475
3 0 0 1.00421

3
1 1 1 0.902286
2 0 0 0.968494
3 0 0 0.793023

5
1 1 1 0.874247
2 0 232 1.10433
4 0 0 1.00849
5 0 0 1.08265
3 0 0 0.776527

1
1 0 0 0.938478

3
1 0 9759 0.823118
2 0 0 0.873265
3 0 0 0.976907

3
1 1 1 0.928195
2 0 0 0.97412
3 0 0 0.820291

3
1 1 1 0.850056
2 0 0 0.973104
3 0 0 0.824081

3
1 0 497 0.848002
2 0 0 1.08546
3 0 0 0.859158

3
1 0 9815 0.929429
2 0 0 0.85858
3 0 0 0.898347

1
1 0 0 0.948082

1
1 0 0 0.847325

3
1 0 7081 0.935685
2 0 0 0.95539
3 0 0 0.958198

7
1 1 2 0.849557
2 0 0 0.822487
3 0 2871 0.928716
6 0 1872 0.876563
12 0 0 1.05898
13 0 0 0.851079
7 0 0 0.826828

3
1 1 1 0.815985
2 0 0 0.980268
3 0 0 0.713081

3
1 0 934 0.897631
2 0 0 0.878187
3 0 0 0.910069

1
1 0 0 0.831321

3
1 1 1 0.856247
2 0 0 1.02814
3 0 0 0.754682

5
1 0 8644 0.935953
2 1 1 0.913115
4 0 0 0.842764
5 0 0 0.997272
3 0 0 0.921881

3
1 0 671 0.86938
2 0 0 1.01731
3 0 0 0.853339

3
1 1 1 0.830162
2 0 0 0.996291
3 0 0 0.827084

3
1 1 2 0.854166
2 0 0 0.878818
3 0 0 0.937147

3
1 0 9475 0.739486
2 0 0 0.883958
3 0 0 0.895461

1
1 0 0 0.840721

5
1 1 1 0.843709
2 0 0 0.961934
3 0 835 0.8276
6 0 0 1.00034
7 0 0 0.775194

3
1 1 2 0.892303
2 0 0 0.858467
3 0 0 1.05789

3
1 1 2 0.837369
2 0 0 0.776315
3 0 0 1.04199

1
1 0 0 0.732907

1
1 0 0 0.813096

3
1 1 1 0.974617
2 0 0 1.02849
3 0 0 0.784834

1
1 0 0 0.768512

3
1 0 9915 0.774061
2 0 0 0.80207
3 0 0 0.968511

3
1 0 152 0.806052
2 0 0 1.05362
3 0 0 0.823875

3
1 1 1 0.948094
2 0 0 0.892145
3 0 0 0.90228

3
1 1 1 0.85596
2 0 0 1.04316
3 0 0 0.802027

3
1 0 7030 0.961648
2 0 0 0.945445
3 0 0 0.909154

3
1 0 2680 0.847922
2 0 0 0.839539
3 0 0 0.899839

3
1 1 1 0.920452
2 0 0 1.0099
3 0 0 0.843945

3
1 0 1344 0.830761
2 0 0 0.984514
3 0 0 0.877669

3
1 1 1 0.876401
2 0 0 0.95793
3 0 0 0.893823

3
1 1 1 0.902264
2 0 0 0.920572
3 0 0 0.91303

3
1 0 2741 0.852239
2 0 0 0.918934
3 0 0 0.885259

1
1 0 0 0.74077

1
1 0 0 0.843024

11
1 0 1208 0.915138
2 0 585 1.14447
4 1 1 1.06326
8 0 0 1.07533
9 0 0 0.918245
5 1 2 1.14735
10 0 0 0.94213
11 0 801 0.925374
22 0 0 1.11796
23 0 0 0.937813
3 0 0 0.922833

3
1 1 1 0.924256
2 0 0 1.04035
3 0 0 0.830271

7
1 0 4905 0.874432
2 0 1825 0.976
4 0 0 1.12318
5 1 1 0.882526
10 0 0 1.02241
11 0 0 0.864816
3 0 0 0.887811

3
1 1 2 0.866884
2 0 0 0.77903
3 0 0 0.892029

1
1 0 0 0.980963

1
1 0 0 0.790834

1
1 0 0 0.771155

3
1 1 1 0.928565
2 0 0 0.917684
3 0 0 0.800837

5
1 1 1 0.842846
2 0 0 1.00425
3 1 2 0.892334
6 0 0 0.788522
7 0 0 0.920511

7
1 0 5581 0.966015
2 0 395 0.951309
4 0 0 1.00786
5 0 0 0.94873
3 1 1 0.844958
6 0 0 1.00091
7 0 0 0.845011

3
1 1 2 0.824063
2 0 0 0.812738
3 0 0 0.869345

3
1 0 72 0.811076
2 0 0 1.0406
3 0 0 0.790035

3
1 1 2 0.870899
2 0 0 0.898589
3 0 0 0.986639

1
1 0 0 0.78448

3
1 1 1 0.922023
2 0 0 1.04209
3 0 0 0.883714

3
1 1 2 1.03505
2 0 0 0.866698
3 0 0 0.972797

5
1 0 8418 0.980152
2 0 0 1.05949
3 0 9484 0.913281
6 0 0 0.885143
7 0 0 0.958836

3
1 0 3255 0.900838
2 0 0 0.982463
3 0 0 0.942926

5
1 1 1 0.898144
2 0 3115 0.907833
4 0 0 0.917066
5 0 0 0.891845
3 0 0 0.836267

7
1 0 3686 0.952217
2 0 0 1.05006
3 0 4992 0.878545
6 0 0 1.10981
7 1 1 0.905271
14 0 0 1.00654
15 0 0 0.871699

3
1 1 1 0.875328
2 0 0 0.963212
3 0 0 0.847193

1
1 0 0 0.748961

5
1 0 1818 0.892466
2 0 0 0.977714
3 1 2 0.935923
6 0 0 0.912612
7 0 0 0.952095

9
1 1 1 0.782047
2 0 5584 0.988479
4 0 5030 0.89196
8 0 4604 0.914027
16 0 0 1.00385
17 0 0 0.980163
9 0 0 0.91807
5 0 0 0.973644
3 0 0 1.03047

1
1 0 0 0.770041

1
1 0 0 0.778813

3
1 0 9951 0.836718
2 0 0 0.733603
3 0 0 1.1043

1
1 0 0 0.81992

3
1 1 1 0.895761
2 0 0 1.01359
3 0 0 0.861662

3
1 0 4997 0.892118
2 0 0 1.0973
3 0 0 0.831316

5
1 0 1977 0.948079
2 0 1482 0.941673
4 0 0 0.920665
5 0 0 0.928557
3 0 0 0.928335

3
1 1 1 0.94215
2 0 0 1.05701
3 0 0 0.938717

3
1 1 2 0.910247
2 0 0 0.771052
3 0 0 0.99833

3
1 1 1 0.943228
2 0 0 1.08735
3 0 0 0.918456

5
1 1 2 0.904695
2 0 598 0.954928
4 0 0 1.00912
5 0 0 0.95776
3 0 0 1.07879

3
1 1 2 0.884425
2 0 0 0.807183
3 0 0 1.01209

3
1 0 6750 0.862495
2 0 0 0.860574
3 0 0 0.907658

1
1 0 0 0.854719

7
1 0 216 0.851093
2 0 0 1.02699
3 0 6283 0.864449
6 1 1 0.91691
12 0 0 0.939455
13 0 0 0.904268
7 0 0 1.00425

3
1 1 1 0.875694
2 0 0 0.917213
3 0 0 0.869155

3
1 1 1 0.874852
2 0 0 1.01653
3 0 0 0.870252

1
1 0 0 0.797499

3
1 0 8460 0.857453
2 0 0 0.89114
3 0 0 0.820319

1
1 0 0 0.791062

3
1 0 104 0.923094
2 0 0 0.951317
3 0 0 0.903785

3
1 1 2 0.814045
2 0 0 0.805261
3 0 0 0.930537

3
1 0 2209 0.918406
2 0 0 1.02473
3 0 0 0.764043

5
1 1 1 0.925234
2 0 0 1.01575
3 0 939 0.86721
6 0 0 1.09219
7 0 0 0.799318

1
1 0 0 0.808104

3
1 1 2 0.921281
2 0 0 0.877804
3 0 0 0.936556

1
1 0 0 0.902016

3
1 0 8170 0.809341
2 0 0 0.90051
3 0 0 0.916889

3
1 0 53 0.703925
2 0 0 1.11783
3 0 0 0.703008

5
1 0 4596 0.898343
2 0 0 0.921463
3 1 2 0.874465
6 0 0 0.856411
7 0 0 0.869155

1
1 0 0 0.766886

3
1 1 2 0.94409
2 0 0 0.884553
3 0 0 0.881593

3
1 1 1 0.891258
2 0 0 1.0625
3 0 0 0.800067

5
1 1 1 0.875692
2 0 6298 1.02256
4 0 0 0.954648
5 0 0 0.948147
3 0 0 0.856532

7
1 0 3821 1.09915
2 0 0 1.12052
3 0 9475 0.971719
6 0 6829 0.948408
12 0 0 0.934934
13 0 0 0.970996
7 0 0 1.00982

3
1 0 2542 0.908361
2 0 0 0.876946
3 0 0 1.05908

1
1 0 0 0.811184

5
1 1 1 0.81248
2 0 444 1.05877
4 0 0 0.908486
5 0 0 1.06887
3 0 0 0.798401

1
1 0 0 0.813616

5
1 0 1109 0.957698
2 1 1 0.977566
4 0 0 1.03647
5 0 0 1.03685
3 0 0 0.825842

3
1 1 1 0.903388
2 0 0 1.08855
3 0 0 0.84051

1
1 0 0 0.879022

3
1 1 1 0.929948
2 0 0 0.92917
3 0 0 0.871155

3
1 1 2 0.909934
2 0 0 0.83711
3 0 0 1.00506

7
1 0 9921 0.806937
2 0 8976 0.977612
4 0 1182 1.01162
8 0 0 1.04322
9 0 0 1.02143
5 0 0 0.947517
3 0 0 1.04096

7
1 1 2 0.856863
2 0 514 0.889142
4 0 0 1.04736
5 0 0 0.911677
3 0 5236 0.995887
6 0 0 0.920996
7 0 0 1.03346

3
1 1 1 0.894397
2 0 0 0.908615
3 0 0 0.902325

3
1 0 98 0.811362
2 0 0 0.961963
3 0 0 0.733575

3
1 1 1 0.885036
2 0 0 0.912835
3 0 0 0.842492

1
1 0 0 0.81368

3
1 1 1 0.868355
2 0 0 0.999544
3 0 0 0.759648

3
1 1 2 0.846555
2 0 0 0.905829
3 0 0 0.919168

3
1 0 8163 0.898309
2 0 0 0.972397
3 0 0 0.824706

1
1 0 0 0.790849

3
1 1 1 0.839624
2 0 0 0.99193
3 0 0 0.871691

3
1 0 4279 0.921069
2 0 0 1.04709
3 0 0 0.898624

1
1 0 0 0.752419

3
1 1 1 0.860655
2 0 0 1.04982
3 0 0 0.85282

3
1 0 4792 0.863047
2 0 0 0.864093
3 0 0 0.832566

3
1 1 1 0.774925
2 0 0 0.933815
3 0 0 0.843364

3
1 1 1 0.94553
2 0 0 0.890113
3 0 0 0.883497

3
1 1 1 0.942788
2 0 0 1.04929
3 0 0 0.891019

3
1 1 1 0.841115
2 0 0 1.02858
3 0 0 0.841643

5
1 0 9679 0.723698
2 0 0 0.725813
3 1 2 1.14982
6 0 0 0.917269
7 0 0 1.04063

1
1 0 0 0.743113

1
1 0 0 0.745303

1
1 0 0 0.888903

3
1 1 2 0.869412
2 0 0 0.869219
3 0 0 0.926339

5
1 0 3320 0.801967
2 0 1361 0.956311
4 0 0 0.889314
5 0 0 0.976677
3 0 0 0.824487

1
1 0 0 0.78998

3
1 1 1 0.92768
2 0 0 0.968323
3 0 0 0.843195

5
1 1 1 0.936682
2 0 3506 1.04212
4 0 0 0.91539
5 0 0 0.976527
3 0 0 0.851225

3
1 0 1335 0.884323
2 0 0 0.894011
3 0 0 0.81893

3
1 0 1564 0.984628
2 0 0 1.02515
3 0 0 0.836603

3
1 1 1 0.844918
2 0 0 0.980389
3 0 0 0.746639

3
1 0 7958 0.985701
2 0 0 1.0091
3 0 0 0.894744

3
1 0 8058 0.897379
2 0 0 0.887902
3 0 0 0.957904

5
1 1 2 0.92017
2 0 0 0.91949
3 0 5520 0.903085
6 0 0 0.871776
7 0 0 0.984162

1
1 0 0 0.874765

3
1 0 3134 0.936336
2 0 0 0.992253
3 0 0 0.847098

3
1 1 1 0.935336
2 0 0 0.993433
3 0 0 0.895228

3
1 1 2 0.798473
2 0 0 0.846779
3 0 0 1.01886

3
1 1 2 0.915114
2 0 0 0.736701
3 0 0 0.885701

5
1 1 1 0.961818
2 0 0 1.07537
3 1 2 0.959682
6 0 0 0.903684
7 0 0 1.00184

3
1 0 1353 0.862687
2 0 0 0.938162
3 0 0 0.837581

1
1 0 0 0.774273

3
1 0 9922 0.927193
2 0 0 0.838723
3 0 0 0.995568

3
1 1 2 0.867631
2 0 0 0.841728
3 0 0 0.994826

3
1 0 220 0.759086
2 0 0 1.03566
3 0 0 0.797096

3
1 1 1 0.910794
2 0 0 0.967431
3 0 0 0.800438

3
1 1 1 0.852945
2 0 0 1.09219
3 0 0 0.860565

3
1 0 2443 0.890289
2 0 0 0.931457
3 0 0 0.924853

3
1 0 1015 0.863049
2 0 0 0.891781
3 0 0 0.846083

3
1 1 1 0.975103
2 0 0 1.01314
3 0 0 0.820201

5
1 0 3886 0.850465
2 0 2083 0.887083
4 0 0 0.849682
5 0 0 1.0042
3 0 0 0.87018

1
1 0 0 0.805542

3
1 1 1 0.865267
2 0 0 0.993199
3 0 0 0.792871

1
1 0 0 0.989155

5
1 0 283 0.888088
2 0 0 0.881666
3 1 1 0.913181
6 0 0 0.955607
7 0 0 0.837886

3
1 1 2 0.809509
2 0 0 0.855173
3 0 0 0.948965

1
1 0 0 0.883104

5
1 1 2 0.907739
2 0 0 0.923812
3 0 3844 1.00516
6 0 0 0.993088
7 0 0 1.03987

5
1 0 6400 0.946941
2 0 0 0.893965
3 0 8530 0.976131
6 0 0 0.967109
7 0 0 0.964349

5
1 0 4531 0.838405
2 0 0 0.890417
3 0 6743 0.829239
6 0 0 1.13099
7 0 0 0.89223

5
1 1 2 0.90212
2 1 1 0.835362
4 0 0 1.04422
5 0 0 0.719134
3 0 0 0.990749

1
1 0 0 0.822747

1
1 0 0 0.790538

1
1 0 0 0.782059

5
1 1 1 0.883041
2 0 9520 0.915884
4 0 0 0.891092
5 0 0 1.04844
3 0 0 0.887687

3
1 0 1158 0.929752
2 0 0 0.832597
3 0 0 0.895785

3
1 1 1 0.919954
2 0 0 0.9234
3 0 0 0.919914

3
1 0 353 0.852449
2 0 0 1.07925
3 0 0 0.865336

3
1 0 9036 0.958765
2 0 0 0.951242
3 0 0 0.930365

3
1 1 2 0.962352
2 0 0 0.751767
3 0 0 0.887931

3
1 0 5398 0.904751
2 0 0 0.842484
3 0 0 0.928073

3
1 0 4717 0.941214
2 0 0 0.950172
3 0 0 0.864028

3
1 1 1 0.909782
2 0 0 1.04518
3 0 0 0.887054

5
1 0 2531 0.857473
2 0 1881 0.948211
4 0 0 0.967883
5 0 0 0.967305
3 0 0 0.972173

1
1 0 0 0.723318

5
1 1 2 0.852858
2 0 0 0.833284
3 0 565 0.861685
6 0 0 0.919901
7 0 0 0.873268

3
1 1 1 0.917746
2 0 0 1.03787
3 0 0 0.825097

3
1 1 2 0.846687
2 0 0 0.886372
3 0 0 0.897499

3
1 0 2405 0.908857
2 0 0 0.93921
3 0 0 0.926322

3
1 0 2094 0.894527
2 0 0 1.00113
3 0 0 0.927776

3
1 0 9442 0.866431
2 0 0 0.830709
3 0 0 1.00972

5
1 1 1 0.889123
2 0 1276 0.934883
4 0 0 0.947265
5 0 0 0.980164
3 0 0 0.736211

3
1 0 9710 0.844414
2 0 0 0.92656
3 0 0 1.08054

3
1 1 2 0.862505
2 0 0 0.887138
3 0 0 0.884574

3
1 0 4951 1.00011
2 0 0 0.912519
3 0 0 0.85263

3
1 0 1919 0.878045
2 0 0 0.933275
3 0 0 0.919953

1
1 0 0 0.824309

3
1 0 29 0.826862
2 0 0 0.986967
3 0 0 0.815381

7
1 0 2973 0.885653
2 1 1 0.961789
4 0 0 0.980443
5 0 0 0.985233
3 0 3684 0.878536
6 0 0 0.977327
7 0 0 0.873829

5
1 1 2 0.869595
2 0 0 0.755229
3 0 2973 1.00783
6 0 0 1.09029
7 0 0 0.887783

1
1 0 0 0.80816

3
1 0 2542 0.908361
2 0 0 0.979074
3 0 0 0.873223

3
1 0 488 0.888883
2 0 0 1.02541
3 0 0 0.828869

1
1 0 0 0.793748

1
1 0 0 0.874492

1
1 0 0 0.779234

3
1 0 1966 0.828088
2 0 0 1.02415
3 0 0 0.789376

3
1 1 1 0.827496
2 0 0 0.926378
3 0 0 0.813203

5
1 0 7278 0.857714
2 0 3519 0.951256
4 0 0 0.98664
5 0 0 0.95827
3 0 0 0.869822

1
1 0 0 0.890265

3
1 1 1 0.874346
2 0 0 0.951037
3 0 0 0.816753

3
1 0 1711 0.806735
2 0 0 0.960757
3 0 0 0.885269

3
1 0 7603 0.864568
2 0 0 0.885883
3 0 0 0.819848

1
1 0 0 0.718337

3
1 1 1 0.842782
2 0 0 1.00404
3 0 0 0.833996

5
1 0 8758 0.939952
2 1 2 0.977513
4 0 0 0.948394
5 0 0 1.04218
3 0 0 0.811526

5
1 0 6570 0.91981
2 0 5117 0.958229
4 0 0 0.960978
5 0 0 1.06049
3 0 0 0.817303

1
1 0 0 0.897778

1
1 0 0 0.871608

3
1 1 2 0.867522
2 0 0 0.87916
3 0 0 1.02831

5
1 1 1 0.792903
2 0 5277 1.0293
4 0 0 0.980863
5 0 0 1.10901
3 0 0 0.802764

3
1 0 2590 0.851656
2 0 0 0.888494
3 0 0 0.840816

3
1 0 9816 0.787411
2 0 0 0.774674
3 0 0 0.958585

1
1 0 0 0.781072

5
1 1 1 0.886978
2 0 0 1.0494
3 0 868 0.93439
6 0 0 0.943837
7 0 0 0.843264

3
1 0 30 0.960024
2 0 0 1.01381
3 0 0 0.786774

3
1 1 1 0.88446
2 0 0 1.07636
3 0 0 0.990056

5
1 0 3396 0.812863
2 1 2 1.04137
4 0 0 0.9569
5 0 0 1.0077
3 0 0 0.849461

3
1 0 3375 0.870339
2 0 0 0.976131
3 0 0 0.808621

3
1 0 317 0.93381
2 0 0 0.948711
3 0 0 0.925362

5
1 1 1 0.821402
2 0 9605 0.974083
4 0 0 0.975975
5 0 0 1.03758
3 0 0 0.839006

3
1 0 8225 0.852558
2 0 0 0.832708
3 0 0 0.902512

3
1 1 1 0.854024
2 0 0 0.921802
3 0 0 0.653076

3
1 0 9619 0.85076
2 0 0 0.876689
3 0 0 1.0258

3
1 1 2 0.932645
2 0 0 0.791226
3 0 0 1.0577

5
1 1 1 0.753387
2 0 3414 0.961818
4 0 0 1.05309
5 0 0 1.07517
3 0 0 0.839296

1
1 0 0 0.721263

3
1 1 1 0.814777
2 0 0 1.03592
3 0 0 0.739186

3
1 1 1 0.891817
2 0 0 1.05733
3 0 0 0.788162

3
1 1 2 0.834239
2 0 0 0.8305
3 0 0 0.88824

5
1 0 523 0.832065
2 0 412 1.03649
4 0 0 1.0097
5 0 0 0.950615
3 0 0 0.834806

3
1 1 2 0.879186
2 0 0 0.8546
3 0 0 0.894823

5
1 1 2 0.89736
2 0 0 0.863476
3 0 9934 0.921071
6 0 0 0.906749
7 0 0 1.05419

1
1 0 0 0.810676

5
1 1 2 0.85015
2 0 0 0.768756
3 0 917 0.990905
6 0 0 0.975291
7 0 0 1.02616

5
1 1 1 0.912519
2 0 0 0.956455
3 0 5312 0.870491
6 0 0 0.914428
7 0 0 0.880376

3
1 1 1 0.97807
2 0 0 1.00731
3 0 0 0.761672

3
1 1 2 1.00705
2 0 0 0.886851
3 0 0 1.02606

3
1 1 1 0.876944
2 0 0 1.06976
3 0 0 0.84255

5
1 0 6261 0.863467
2 1 2 0.885396
4 0 0 0.883807
5 0 0 0.921994
3 0 0 0.916936

3
1 0 523 0.9722
2 0 0 0.921413
3 0 0 0.915753

3
1 1 2 0.882243
2 0 0 0.92883
3 0 0 1.05784

3
1 1 2 0.945184
2 0 0 0.81815
3 0 0 0.906067

3
1 1 2 0.791398
2 0 0 0.865735
3 0 0 0.831468

3
1 1 2 0.789748
2 0 0 0.789654
3 0 0 0.881875

3
1 0 9886 0.810457
2 0 0 0.794087
3 0 0 1.04242

5
1 0 527 0.826978
2 1 1 0.960871
4 0 0 0.952061
5 0 0 0.954432
3 0 0 0.827425

3
1 0 3860 0.915106
2 0 0 1.00372
3 0 0 0.849934

3
1 1 1 0.87039
2 0 0 0.897218
3 0 0 0.830012

3
1 0 2360 0.900478
2 0 0 0.961138
3 0 0 0.881384

3
1 1 2 0.90338
2 0 0 0.86213
3 0 0 0.991275

5
1 1 1 0.844721
2 0 831 0.971166
4 0 0 1.06002
5 0 0 0.992766
3 0 0 0.867419

3
1 0 1437 0.798125
2 0 0 0.911257
3 0 0 0.832799

1
1 0 0 0.771565

3
1 0 9432 0.895415
2 0 0 0.930739
3 0 0 1.10798

1
1 0 0 0.863337

1
1 0 0 0.780062

3
1 0 7054 0.880816
2 0 0 0.909446
3 0 0 0.88479

3
1 0 9859 0.765413
2 0 0 0.871931
3 0 0 0.910393

3
1 1 1 0.892615
2 0 0 1.03083
3 0 0 0.919787

3
1 1 1 0.953722
2 0 0 0.917876
3 0 0 0.865211

5
1 1 1 0.886961
2 0 3637 0.876999
4 0 0 0.943933
5 0 0 0.871826
3 0 0 0.836505

1
1 0 0 0.962792

5
1 1 1 0.866034
2 0 2456 1.0008
4 0 0 0.96709
5 0 0 1.04004
3 0 0 0.866985

1
1 0 0 0.873587

1
1 0 0 0.889472

3
1 0 1755 0.850876
2 0 0 0.944241
3 0 0 0.833974

3
1 0 7126 0.920031
2 0 0 0.951932
3 0 0 0.968579

5
1 0 9950 0.836093
2 0 0 0.784492
3 0 9989 1.07797
6 0 0 1.02475
7 0 0 1.08312

3
1 1 1 0.859954
2 0 0 1.09386
3 0 0 0.792165

3
1 0 8155 0.820058
2 0 0 1.0505
3 0 0 0.819759

3
1 0 5072 0.860947
2 0 0 0.821588
3 0 0 0.914892

1
1 0 0 0.820521

3
1 0 3146 0.897235
2 0 0 1.01588
3 0 0 0.915722

3
1 0 698 0.886149
2 0 0 0.869853
3 0 0 0.883756

3
1 1 1 0.846316
2 0 0 0.84504
3 0 0 0.741837

3
1 0 8328 0.904971
2 0 0 0.908209
3 0 0 0.931465

3
1 1 1 0.914348
2 0 0 1.1319
3 0 0 0.779885

3
1 0 223 0.861849
2 0 0 1.14905
3 0 0 0.912184

1
1 0 0 0.802605

1
1 0 0 0.961885

5
1 1 1 0.891326
2 0 1536 0.953871
4 0 0 1.00785
5 0 0 0.967476
3 0 0 0.883006

1
1 0 0 0.748782

3
1 0 785 0.910296
2 0 0 0.92668
3 0 0 0.900472

3
1 1 2 0.903755
2 0 0 0.794169
3 0 0 1.05848

3
1 0 1986 0.855744
2 0 0 0.884972
3 0 0 1.01809

5
1 1 2 0.954077
2 0 0 0.856298
3 0 9895 1.03455
6 0 0 1.03466
7 0 0 0.979737

1
1 0 0 0.833172

5
1 1 1 0.890482
2 0 8441 0.927795
4 0 0 0.975888
5 0 0 0.988444
3 0 0 0.739109

3
1 0 5539 0.88552
2 0 0 0.93154
3 0 0 0.869689

1
1 0 0 0.863733

3
1 1 2 0.900648
2 0 0 0.903266
3 0 0 0.834335

3
1 1 2 0.826416
2 0 0 0.833453
3 0 0 0.981114

3
1 1 2 0.890836
2 0 0 0.920787
3 0 0 0.878241

3
1 1 2 0.81198
2 0 0 0.917576
3 0 0 0.970372

3
1 1 2 1.00753
2 0 0 0.904093
3 0 0 1.04163

1
1 0 0 0.898124

3
1 1 2 0.996719
2 0 0 0.923663
3 0 0 0.959848

5
1 1 1 0.877374
2 0 361 1.00108
4 0 0 0.975427
5 0 0 0.908684
3 0 0 0.886376

3
1 1 2 0.814729
2 0 0 0.797667
3 0 0 0.967631

5
1 1 1 0.87117
2 0 7937 0.932168
4 0 0 0.953665
5 0 0 1.27776
3 0 0 0.94116

3
1 0 871 0.838498
2 0 0 0.961645
3 0 0 0.850606

3
1 0 124 0.85098
2 0 0 1.06918
3 0 0 0.834774

3
1 1 1 0.965344
2 0 0 0.957161
3 0 0 1.01781

1
1 0 0 0.723827

1
1 0 0 0.748963

3
1 0 1312 0.839089
2 0 0 0.973564
3 0 0 0.832236

3
1 0 3611 0.862522
2 0 0 0.826626
3 0 0 0.905567

1
1 0 0 0.871566

1
1 0 0 0.906485

1
1 0 0 0.86957

3
1 0 2581 0.961706
2 0 0 0.956255
3 0 0 0.911428

3
1 0 3366 0.88933
2 0 0 0.974858
3 0 0 0.906654

1
1 0 0 0.809773

5
1 1 1 0.905849
2 0 0 1.01655
3 1 2 0.870155
6 0 0 0.832505
7 0 0 0.91937

3
1 0 4160 0.854487
2 0 0 0.894373
3 0 0 0.830119

3
1 1 2 0.907706
2 0 0 0.90855
3 0 0 0.954988

3
1 1 1 0.755328
2 0 0 0.866074
3 0 0 0.751404

3
1 1 1 0.876558
2 0 0 1.02866
3 0 0 0.858198

3
1 0 7104 0.931076
2 0 0 0.86822
3 0 0 0.937861

1
1 0 0 0.837426

3
1 1 1 0.850557
2 0 0 0.975819
3 0 0 0.790553

3
1 0 4308 0.827923
2 0 0 0.839952
3 0 0 0.88351

1
1 0 0 0.867403

7
1 1 1 0.872548
2 0 0 0.918344
3 0 4280 0.841806
6 0 1693 0.925478
12 0 0 0.916612
13 0 0 0.887241
7 0 0 0.798234

3
1 0 9756 0.904239
2 0 0 0.850998
3 0 0 1.04886

3
1 1 1 0.830823
2 0 0 0.968325
3 0 0 0.721889

3
1 1 2 0.875486
2 0 0 0.864507
3 0 0 0.894814

5
1 1 1 0.891817
2 0 7442 1.04058
4 0 0 0.998744
5 0 0 0.978028
3 0 0 0.852232

3
1 1 1 0.854868
2 0 0 1.0799
3 0 0 0.767325

3
1 1 1 0.882979
2 0 0 1.01306
3 0 0 0.694936

7
1 1 2 0.808633
2 0 0 0.89554
3 0 3300 0.927864
6 0 2413 0.96432
12 0 0 0.924195
13 0 0 0.967735
7 0 0 1.00447

3
1 0 9989 0.821581
2 0 0 0.877979
3 0 0 1.05356

1
1 0 0 0.769379

1
1 0 0 0.8314

1
1 0 0 0.918456

5
1 0 6772 0.87249
2 1 1 0.903237
4 0 0 1.00864
5 0 0 0.905227
3 0 0 0.741264

1
1 0 0 0.877379

3
1 1 1 0.865041
2 0 0 1.02621
3 0 0 0.77311

1
1 0 0 0.883125

3
1 0 9625 0.841959
2 0 0 0.819426
3 0 0 1.01025

5
1 0 9905 0.96726
2 0 5128 0.955107
4 0 0 0.944235
5 0 0 0.87934
3 0 0 0.981701

5
1 0 4409 0.939618
2 0 0 0.861785
3 1 1 1.0097
6 0 0 1.01925
7 0 0 0.960693

3
1 1 1 0.837155
2 0 0 0.845926
3 0 0 0.8133

3
1 1 2 1.00431
2 0 0 0.885963
3 0 0 0.950272

3
1 1 1 0.831757
2 0 0 0.97485
3 0 0 0.882715

3
1 1 1 0.890076
2 0 0 0.939375
3 0 0 0.873239

3
1 1 1 0.792497
2 0 0 0.837947
3 0 0 0.802014

5
1 0 17 0.848808
2 0 0 0.925723
3 1 1 0.94807
6 0 0 0.978435
7 0 0 0.869712

3
1 1 2 0.887838
2 0 0 0.810839
3 0 0 1.02575

1
1 0 0 0.882893

1
1 0 0 0.787561

3
1 1 2 0.86923
2 0 0 0.896786
3 0 0 1.05083

5
1 1 2 0.902581
2 1 1 0.924487
4 0 0 0.937235
5 0 0 0.909502
3 0 0 0.938208

3
1 1 1 0.833949
2 0 0 0.925029
3 0 0 0.801111

3
1 0 921 0.802769
2 0 0 0.898322
3 0 0 0.901065

3
1 1 2 0.860028
2 0 0 0.852463
3 0 0 0.830624

1
1 0 0 0.779774

3
1 1 1 0.883437
2 0 0 0.880647
3 0 0 0.915379

1
1 0 0 0.795735

3
1 0 9903 0.810346
2 0 0 0.848541
3 0 0 0.893502

1
1 0 0 0.785258

5
1 1 2 0.954903
2 0 0 0.84996
3 0 5486 0.984316
6 0 0 0.935879
7 0 0 0.949413

5
1 1 1 0.869867
2 0 2920 1.06402
4 0 0 0.97534
5 0 0 1.005
3 0 0 0.903209

5
1 1 2 0.890932
2 0 0 0.912983
3 0 3084 0.965891
6 0 0 1.02755
7 0 0 0.989459

5
1 0 9726 0.764105
2 0 0 0.790772
3 0 9955 0.904731
6 0 0 0.901553
7 0 0 0.976119

3
1 1 1 0.784744
2 0 0 0.939516
3 0 0 0.745021

1
1 0 0 0.873917

3
1 1 1 0.897277
2 0 0 1.11904
3 0 0 0.8112

3
1 1 1 0.824288
2 0 0 1.04393
3 0 0 0.82605

3
1 1 2 0.884628
2 0 0 0.934443
3 0 0 1.05177

5
1 0 7897 0.8973
2 1 2 0.964947
4 0 0 0.970156
5 0 0 1.05279
3 0 0 0.837976

5
1 1 1 0.914565
2 0 1041 1.00918
4 0 0 1.11103
5 0 0 1.00055
3 0 0 0.864221

3
1 0 1150 0.814669
2 0 0 1.05484
3 0 0 0.825875

3
1 0 735 0.862962
2 0 0 0.977202
3 0 0 0.892224

3
1 1 1 0.91002
2 0 0 0.962335
3 0 0 0.901524

5
1 0 9148 0.94906
2 1 2 0.978451
4 0 0 1.0011
5 0 0 0.959877
3 0 0 0.898688

3
1 0 94 0.807613
2 0 0 0.979178
3 0 0 0.833183

3
1 0 6265 0.844862
2 0 0 0.888514
3 0 0 0.796012

5
1 1 2 0.869368
2 0 0 0.830615
3 0 9456 0.908917
6 0 0 0.959031
7 0 0 1.0479

3
1 1 2 0.805956
2 0 0 0.785965
3 0 0 0.968034

3
1 0 5623 0.884824
2 0 0 0.993651
3 0 0 0.840475

3
1 1 1 0.902183
2 0 0 0.97798
3 0 0 0.87712

3
1 1 1 0.843024
2 0 0 0.954769
3 0 0 0.795773

9
1 1 1 0.90841
2 0 125 0.942313
4 0 0 1.15226
5 0 0 1.00497
3 0 1630 0.882307
6 0 970 1.10578
12 0 0 0.869334
13 0 0 0.873264
7 0 0 0.851036

1
1 0 0 0.856261

3
1 1 2 0.792329
2 0 0 0.856686
3 0 0 0.938881

3
1 1 2 0.765014
2 0 0 0.82642
3 0 0 0.910303

5
1 1 1 0.957439
2 0 0 0.887255
3 1 2 0.962574
6 0 0 0.955292
7 0 0 0.925172

3
1 0 776 0.743913
2 0 0 0.967382
3 0 0 0.706168

5
1 1 1 0.953078
2 0 3832 0.934829
4 0 0 0.853206
5 0 0 0.973651
3 0 0 0.918454

3
1 1 1 0.827609
2 0 0 1.04919
3 0 0 0.772481

5
1 1 1 0.927294
2 0 0 0.928929
3 0 66 0.821635
6 0 0 0.990008
7 0 0 0.810383

3
1 1 1 0.961114
2 0 0 1.05247
3 0 0 0.879701

3
1 0 2063 0.923651
2 0 0 1.00796
3 0 0 0.85497

1
1 0 0 0.898285

5
1 0 981 0.926806
2 0 0 0.862219
3 0 4283 0.887815
6 0 0 0.925615
7 0 0 0.914446

3
1 1 2 0.996719
2 0 0 0.927425
3 0 0 0.986529

3
1 1 2 0.855688
2 0 0 0.915534
3 0 0 0.976719

3
1 1 1 0.806891
2 0 0 0.876796
3 0 0 0.812351

3
1 0 3519 0.904822
2 0 0 0.940837
3 0 0 0.781272

3
1 1 1 0.906326
2 0 0 1.11837
3 0 0 0.842152

3
1 1 2 0.924778
2 0 0 0.896908
3 0 0 0.969984

3
1 1 1 0.854028
2 0 0 0.979294
3 0 0 0.838786

1
1 0 0 0.872605

5
1 1 2 0.932783
2 1 1 0.902624
4 0 0 0.986198
5 0 0 0.902618
3 0 0 0.94876

3
1 1 1 0.925329
2 0 0 0.884085
3 0 0 0.69241

3
1 1 2 0.869364
2 0 0 0.766141
3 0 0 0.939787

5
1 0 9717 0.838072
2 0 0 0.82604
3 1 1 1.14208
6 0 0 0.890377
7 0 0 1.06191

1
1 0 0 0.856092

1
1 0 0 0.766904

1
1 0 0 0.838367

3
1 1 1 0.901149
2 0 0 0.925276
3 0 0 0.909361

3
1 0 1220 0.951825
2 0 0 0.980751
3 0 0 0.926049

1
1 0 0 0.871973

5
1 1 1 0.863726
2 0 7489 1.05757
4 0 0 1.03264
5 0 0 0.941352
3 0 0 0.795526

7
1 1 2 0.850614
2 0 0 0.820364
3 0 5860 1.05994
6 0 3265 0.986213
12 0 0 0.991417
13 0 0 1.01972
7 0 0 0.872827

3
1 0 9483 0.954655
2 0 0 0.920485
3 0 0 0.910539

5
1 0 8482 0.923107
2 1 2 0.932104
4 0 0 0.841893
5 0 0 1.00779
3 0 0 0.907958

3
1 1 1 0.801782
2 0 0 0.977453
3 0 0 0.812519

5
1 0 6552 0.945445
2 0 0 0.938976
3 0 9029 0.941584
6 0 0 1.02995
7 0 0 1.03166

3
1 1 1 0.831876
2 0 0 0.983543
3 0 0 0.736584

3
1 1 1 0.876978
2 0 0 0.890825
3 0 0 0.930423

3
1 0 9984 0.845439
2 0 0 0.830842
3 0 0 0.948276

3
1 1 2 0.801017
2 0 0 0.851866
3 0 0 0.953504

5
1 1 1 0.854298
2 0 2855 0.855728
4 0 0 0.818981
5 0 0 0.903504
3 0 0 0.775018

1
1 0 0 0.795859

7
1 0 4554 0.82705
2 0 0 0.944045
3 1 2 1.01731
6 0 0 0.894393
7 0 7836 1.04254
14 0 0 0.977388
15 0 0 0.891717

7
1 0 1674 0.817889
2 0 0 0.966621
3 1 2 0.896175
6 0 9077 0.913384
12 0 0 0.967545
13 0 0 0.952854
7 0 0 0.927962

1
1 0 0 0.781454

3
1 0 4444 0.96992
2 0 0 1.13124
3 0 0 0.921018

1
1 0 0 0.769792

3
1 1 1 0.902281
2 0 0 0.940551
3 0 0 0.75389

3
1 0 9172 0.980724
2 0 0 0.984901
3 0 0 0.97398

1
1 0 0 0.811535

3
1 0 563 0.794833
2 0 0 0.992625
3 0 0 0.864279

5
1 1 1 0.860454
2 0 3041 0.964822
4 0 0 0.913474
5 0 0 1.00333
3 0 0 0.817201

3
1 1 1 0.825121
2 0 0 1.04568
3 0 0 0.715804

3
1 0 3699 0.890322
2 0 0 0.902842
3 0 0 0.883277

3
1 1 2 0.900655
2 0 0 0.805056
3 0 0 0.968207

5
1 1 1 0.862186
2 0 8377 1.03029
4 0 0 0.933301
5 0 0 1.04759
3 0 0 0.762145

3
1 1 1 0.76203
2 0 0 1.04867
3 0 0 0.877958

3
1 1 1 0.832395
2 0 0 1.02056
3 0 0 0.832613

5
1 1 1 0.845712
2 0 5327 1.06956
4 0 0 1.04756
5 0 0 1.14073
3 0 0 0.762797

1
1 0 0 0.876305

5
1 1 2 0.887789
2 0 0 0.826424
3 0 7189 0.936529
6 0 0 0.956028
7 0 0 1.01442

3
1 1 2 0.928449
2 0 0 0.792387
3 0 0 0.981007

1
1 0 0 0.87461

1
1 0 0 0.839061

5
1 1 2 0.916042
2 0 0 0.793438
3 0 4392 0.964702
6 0 0 0.924701
7 0 0 0.938611

3
1 1 1 0.802919
2 0 0 1.00361
3 0 0 0.906821

3
1 0 7045 0.842524
2 0 0 0.895257
3 0 0 0.847087

3
1 1 1 0.824105
2 0 0 0.926814
3 0 0 0.78585

3
1 0 9459 0.861507
2 0 0 0.885553
3 0 0 1.05264

3
1 1 1 0.824378
2 0 0 1.09616
3 0 0 0.778431

1
1 0 0 0.821622

5
1 1 2 0.857483
2 0 0 0.845028
3 0 4204 0.9208
6 0 0 1.00917
7 0 0 0.967299

3
1 0 1481 0.886371
2 0 0 1.01517
3 0 0 0.866248

1
1 0 0 0.802228

3
1 1 1 0.880386
2 0 0 0.889696
3 0 0 0.896641

5
1 0 8826 0.871163
2 0 0 0.862262
3 1 1 0.884413
6 0 0 1.10385
7 0 0 0.868863

3
1 0 1975 0.89479
2 0 0 1.08698
3 0 0 0.921561

1
1 0 0 0.738699

3
1 0 7662 0.890644
2 0 0 0.91244
3 0 0 0.845339

5
1 0 7147 0.882099
2 0 0 0.866425
3 0 8121 0.826507
6 0 0 0.961283
7 0 0 0.973208

1
1 0 0 0.812445

3
1 1 2 0.840986
2 0 0 0.827867
3 0 0 0.840039

7
1 0 6498 0.918977
2 0 4232 0.906579
4 0 0 0.876259
5 0 0 0.891436
3 0 9447 0.942593
6 0 0 0.999451
7 0 0 0.912209

1
1 0 0 0.951485

3
1 0 6891 0.888201
2 0 0 0.966409
3 0 0 0.859609

1
1 0 0 0.854891

3
1 1 1 0.821964
2 0 0 0.892344
3 0 0 0.730368

5
1 0 296 0.873134
2 0 0 1.11738
3 1 1 0.872901
6 0 0 0.918643
7 0 0 0.899658

3
1 1 1 0.865395
2 0 0 1.05742
3 0 0 0.804085

5
1 0 9533 0.777566
2 0 0 0.759816
3 0 9819 0.985841
6 0 0 0.884264
7 0 0 0.902886

5
1 0 4554 0.960375
2 0 0 1.00658
3 1 2 0.89718
6 0 0 0.860405
7 0 0 1.09514

3
1 0 3747 0.899652
2 0 0 0.991153
3 0 0 0.917931

3
1 0 7698 0.840918
2 0 0 0.900638
3 0 0 0.837494

5
1 0 2805 0.979551
2 0 0 0.939684
3 0 3950 0.945711
6 0 0 0.996122
7 0 0 0.994907

3
1 0 3939 0.837502
2 0 0 0.863636
3 0 0 0.83442

3
1 0 9756 0.69493
2 0 0 0.719
3 0 0 0.998423

3
1 0 289 0.919838
2 0 0 1.05961
3 0 0 0.911595

5
1 1 1 0.860224
2 0 0 1.03529
3 1 2 0.936744
6 0 0 0.86302
7 0 0 0.983645

3
1 0 3840 0.856483
2 0 0 0.857455
3 0 0 0.826233

3
1 0 1045 0.913327
2 0 0 1.01686
3 0 0 0.800006

3
1 0 1954 0.945864
2 0 0 0.900211
3 0 0 0.991872

3
1 0 847 0.833253
2 0 0 0.876473
3 0 0 0.836982

3
1 1 2 0.898016
2 0 0 0.990283
3 0 0 0.899672

3
1 1 2 0.867795
2 0 0 0.881852
3 0 0 0.865939

3
1 1 1 0.891354
2 0 0 1.00283
3 0 0 0.843973

3
1 0 1073 0.842432
2 0 0 1.04145
3 0 0 0.901731

1
1 0 0 0.918314

3
1 0 124 0.718299
2 0 0 0.985983
3 0 0 0.840518

1
1 0 0 0.869433

5
1 1 1 0.826255
2 0 5105 1.02549
4 0 0 0.962817
5 0 0 1.04606
3 0 0 0.898222

3
1 1 2 0.878866
2 0 0 0.830157
3 0 0 0.923957

3
1 0 3928 0.883289
2 0 0 0.885427
3 0 0 0.830919

3
1 0 9724 0.773905
2 0 0 0.89139
3 0 0 1.02952

3
1 0 5839 0.881093
2 0 0 0.882825
3 0 0 0.802779

3
1 1 2 0.988749
2 0 0 0.92577
3 0 0 0.928405

3
1 0 5464 0.898838
2 0 0 0.960822
3 0 0 0.878642

3
1 1 2 0.841553
2 0 0 0.879373
3 0 0 0.935872

3
1 1 1 0.923736
2 0 0 0.966769
3 0 0 0.86631

5
1 0 847 0.771664
2 0 580 0.893911
4 0 0 0.976257
5 0 0 0.975765
3 0 0 0.747276

3
1 1 1 0.908062
2 0 0 1.10034
3 0 0 0.84361

3
1 0 2680 0.892423
2 0 0 0.907226
3 0 0 0.851898

3
1 0 124 0.847678
2 0 0 0.975998
3 0 0 0.869205

3
1 1 1 0.874183
2 0 0 0.978083
3 0 0 0.804526

1
1 0 0 0.898508

3
1 0 7286 0.82673
2 0 0 0.872268
3 0 0 0.821892

3
1 0 7325 0.869866
2 0 0 0.833303
3 0 0 0.855901

3
1 1 1 0.906763
2 0 0 1.08734
3 0 0 0.847619

3
1 0 6185 0.933835
2 0 0 0.922748
3 0 0 0.840095

3
1 1 2 0.821306
2 0 0 0.870706
3 0 0 1.00231

1
1 0 0 0.854497

3
1 1 2 0.758038
2 0 0 0.75711
3 0 0 0.927495

3
1 1 1 0.830224
2 0 0 0.895146
3 0 0 0.844906

3
1 1 1 0.856121
2 0 0 0.862803
3 0 0 0.827592

5
1 0 4666 0.988575
2 0 0 0.881566
3 0 9765 0.85695
6 0 0 0.881821
7 0 0 1.01129

3
1 0 1647 0.908455
2 0 0 0.856316
3 0 0 0.894421

3
1 0 248 0.854366
2 0 0 1.11006
3 0 0 0.809258

3
1 0 140 0.868169
2 0 0 0.93325
3 0 0 0.846542

3
1 0 345 0.881047
2 0 0 0.992778
3 0 0 0.936977

3
1 1 1 0.951463
2 0 0 0.957814
3 0 0 0.868716

9
1 1 1 0.868303
2 0 0 0.933045
3 0 8630 0.926794
6 1 2 0.985435
12 0 7255 1.02951
24 0 0 0.873824
25 0 0 0.915148
13 0 0 0.924575
7 0 0 0.876619

3
1 1 1 0.870749
2 0 0 1.10647
3 0 0 0.847188

3
1 1 1 0.899748
2 0 0 0.962442
3 0 0 0.861499

1
1 0 0 0.841525

5
1 1 1 0.880864
2 0 0 1.0386
3 0 296 0.818034
6 0 0 1.05076
7 0 0 0.80001

1
1 0 0 0.838226

3
1 1 1 0.869009
2 0 0 0.960568
3 0 0 0.868585

3
1 1 1 0.827811
2 0 0 0.849899
3 0 0 0.781232

1
1 0 0 0.881717

3
1 0 8219 0.892852
2 0 0 0.973398
3 0 0 0.92427

1
1 0 0 0.86695

3
1 0 9897 0.831478
2 0 0 0.835136
3 0 0 1.08479

3
1 0 3941 0.874258
2 0 0 0.845488
3 0 0 0.899313

1
1 0 0 0.85012

3
1 0 4920 0.822198
2 0 0 0.915928
3 0 0 0.790981

1
1 0 0 0.802289

5
1 1 1 0.862186
2 0 3576 0.952335
4 0 0 1.03904
5 0 0 1.05882
3 0 0 0.81014

3
1 0 878 0.82062
2 0 0 0.953165
3 0 0 0.839236

3
1 0 7946 0.902416
2 0 0 0.996628
3 0 0 0.874517

3
1 0 1036 0.794468
2 0 0 0.924391
3 0 0 0.720214

3
1 0 5973 0.903174
2 0 0 0.915807
3 0 0 0.8332

3
1 1 1 0.821509
2 0 0 0.967538
3 0 0 0.847211

3
1 1 1 0.917326
2 0 0 1.00444
3 0 0 0.922737

3
1 0 9651 0.843798
2 0 0 0.836064
3 0 0 1.15291

3
1 0 3455 0.918511
2 0 0 0.893326
3 0 0 0.93056

1
1 0 0 0.761116

3
1 1 1 0.802919
2 0 0 0.878724
3 0 0 0.810374

3
1 1 1 0.83851
2 0 0 1.10046
3 0 0 0.902896

3
1 1 1 0.875399
2 0 0 1.12181
3 0 0 0.750239

7
1 0 8456 0.934112
2 0 0 0.827528
3 0 9177 0.825065
6 1 2 0.967765
12 0 0 1.04762
13 0 0 1.18601
7 0 0 0.85411

5
1 0 610 0.881593
2 0 0 0.96563
3 0 6228 0.869983
6 0 0 0.942733
7 0 0 0.835709

5
1 0 1669 0.938203
2 0 0 0.94187
3 1 1 0.916247
6 0 0 1.10268
7 0 0 0.913437

1
1 0 0 0.793422

1
1 0 0 0.814491

5
1 1 1 0.831186
2 0 1489 0.974965
4 0 0 1.06998
5 0 0 0.942778
3 0 0 0.820396

1
1 0 0 0.794786

3
1 0 2058 0.843959
2 0 0 0.955794
3 0 0 0.935846

3
1 0 2217 0.875828
2 0 0 0.8715
3 0 0 0.865479

3
1 1 1 0.883024
2 0 0 0.882747
3 0 0 0.786695

3
1 1 2 0.905885
2 0 0 0.925838
3 0 0 0.961763

3
1 1 2 0.84706
2 0 0 0.867009
3 0 0 0.910607

3
1 1 1 0.858678
2 0 0 1.00101
3 0 0 0.723938

7
1 0 4849 0.914883
2 0 0 0.907039
3 1 1 0.980691
6 0 0 0.955861
7 1 2 1.00091
14 0 0 0.968117
15 0 0 1.01432

3
1 0 4023 0.892168
2 0 0 0.853465
3 0 0 0.811396

3
1 0 5643 0.843661
2 0 0 0.824839
3 0 0 0.86091

1
1 0 0 0.821231

3
1 0 9790 0.808621
2 0 0 0.827608
3 0 0 1.15706

1
1 0 0 0.852442

1
1 0 0 0.88871

7
1 1 1 0.865395
2 0 0 0.904641
3 1 2 0.972063
6 0 0 0.954903
7 0 6300 0.943455
14 0 0 0.790194
15 0 0 1.10327

3
1 1 2 0.871885
2 0 0 0.760815
3 0 0 0.947933

7
1 1 1 0.905065
2 0 0 1.01383
3 0 761 0.872127
6 0 0 0.951186
7 1 2 0.90888
14 0 0 0.809266
15 0 0 0.918672

9
1 0 6135 0.906744
2 0 4289 0.920463
4 0 0 0.952803
5 0 5106 0.955626
10 0 0 1.02281
11 0 5624 0.93576
22 0 0 0.982126
23 0 0 0.935242
3 0 0 0.895301

7
1 1 2 0.923235
2 0 526 0.9381
4 0 0 1.03181
5 0 0 0.929611
3 0 7957 1.06593
6 0 0 0.964583
7 0 0 0.954863

3
1 1 1 0.889133
2 0 0 0.845932
3 0 0 0.913805

5
1 1 2 0.829604
2 0 0 0.897631
3 0 5729 1.10279
6 0 0 0.981397
7 0 0 1.0612

3
1 1 1 0.88498
2 0 0 1.10721
3 0 0 0.923197

3
1 1 2 0.784797
2 0 0 0.789441
3 0 0 0.967934

1
1 0 0 0.786765

1
1 0 0 0.84879

3
1 0 9066 0.831639
2 0 0 0.851718
3 0 0 0.811171

3
1 1 1 0.858306
2 0 0 1.00598
3 0 0 0.807813

5
1 1 2 0.876669
2 0 0 0.793571
3 0 9160 1.04141
6 0 0 1.01091
7 0 0 1.00643

3
1 0 1981 0.810477
2 0 0 0.819679
3 0 0 0.779628

3
1 0 6868 0.832723
2 0 0 0.854249
3 0 0 0.851042

3
1 1 1 0.891354
2 0 0 0.993455
3 0 0 0.842176

3
1 1 1 0.84981
2 0 0 0.978641
3 0 0 0.81613

3
1 1 1 0.981847
2 0 0 0.95181
3 0 0 0.872209

3
1 0 2593 0.933222
2 0 0 0.96443
3 0 0 0.939751

3
1 1 1 0.887079
2 0 0 0.94279
3 0 0 0.870008

1
1 0 0 0.688238

3
1 1 1 0.880347
2 0 0 0.974556
3 0 0 0.914939

1
1 0 0 0.716063

3
1 0 5205 0.899021
2 0 0 0.906815
3 0 0 0.920872

3
1 0 433 0.914828
2 0 0 0.966695
3 0 0 0.892867

1
1 0 0 0.839037

1
1 0 0 0.939043

3
1 0 4421 0.928056
2 0 0 0.836849
3 0 0 0.947471

1
1 0 0 0.833919

3
1 0 6827 0.820144
2 0 0 0.97926
3 0 0 0.81288

3
1 1 1 0.859994
2 0 0 1.04008
3 0 0 0.822259

3
1 1 1 0.907083
2 0 0 0.981087
3 0 0 0.820778

1
1 0 0 0.836028

3
1 1 1 0.913788
2 0 0 0.989539
3 0 0 0.877572

1
1 0 0 0.788151

3
1 0 8991 0.834677
2 0 0 0.90462
3 0 0 0.812287

5
1 1 1 0.884402
2 0 0 1.00201
3 1 2 0.85292
6 0 0 0.768401
7 0 0 0.930847

3
1 1 1 0.875498
2 0 0 0.990857
3 0 0 0.78249

3
1 1 1 0.89425
2 0 0 0.942965
3 0 0 0.862477

3
1 0 893 0.859799
2 0 0 1.0637
3 0 0 0.891472

1
1 0 0 0.890438

1
1 0 0 0.89317

1
1 0 0 0.942936

1
1 0 0 0.781897

3
1 0 9628 0.800258
2 0 0 0.758821
3 0 0 0.942365

3
1 1 2 0.780243
2 0 0 0.766868
3 0 0 0.926315

3
1 1 2 0.91463
2 0 0 0.993616
3 0 0 0.824587

5
1 1 1 0.89429
2 0 4055 1.07382
4 0 0 0.890941
5 0 0 1.08709
3 0 0 0.824635

3
1 0 3486 0.886923
2 0 0 0.867789
3 0 0 0.940159

5
1 0 9715 0.80265
2 0 0 0.761045
3 1 1 1.12611
6 0 0 1.18663
7 0 0 0.886173

3
1 1 2 0.921323
2 0 0 0.784924
3 0 0 1.05313

3
1 1 1 0.843552
2 0 0 0.933265
3 0 0 0.891705

3
1 0 8707 0.887866
2 0 0 0.89134
3 0 0 0.91868

3
1 1 2 0.882552
2 0 0 0.853378
3 0 0 0.983454

3
1 1 2 0.876742
2 0 0 0.834279
3 0 0 0.919094

3
1 0 1585 0.843101
2 0 0 0.989714
3 0 0 0.855277

3
1 1 1 0.876564
2 0 0 1.00994
3 0 0 0.853654

3
1 0 6153 0.815241
2 0 0 0.902086
3 0 0 0.88372

3
1 0 3980 0.863346
2 0 0 0.955077
3 0 0 0.866562

1
1 0 0 0.885065

3
1 1 1 0.87032
2 0 0 1.00466
3 0 0 0.821185

1
1 0 0 0.802714

3
1 1 1 0.830484
2 0 0 0.904155
3 0 0 0.824918

3
1 0 287 0.860961
2 0 0 0.993546
3 0 0 0.884085

5
1 1 2 0.897568
2 0 0 0.939764
3 0 2790 0.998961
6 0 0 1.0199
7 0 0 0.938621

3
1 1 2 0.952583
2 0 0 0.847874
3 0 0 0.985128

3
1 1 1 0.909436
2 0 0 0.931494
3 0 0 0.841736

3
1 0 9265 0.932295
2 0 0 0.967543
3 0 0 0.87366

1
1 0 0 0.784733

5
1 1 1 0.912416
2 0 0 0.948294
3 1 2 0.792594
6 0 0 0.868035
7 0 0 0.758366

3
1 1 2 0.875728
2 0 0 0.857009
3 0 0 0.895027

3
1 0 4170 0.846544
2 0 0 1.02479
3 0 0 0.816973

5
1 1 1 0.917326
2 0 4913 0.958186
4 0 0 0.944263
5 0 0 0.921522
3 0 0 0.839576

3
1 0 7674 0.901075
2 0 0 0.962482
3 0 0 0.885541

3
1 1 1 0.883087
2 0 0 0.887192
3 0 0 0.828108

3
1 1 1 0.878444
2 0 0 0.937248
3 0 0 0.871819

3
1 1 1 0.865046
2 0 0 0.968379
3 0 0 0.715494

3
1 1 2 0.895374
2 0 0 0.804108
3 0 0 0.909002

1
1 0 0 0.934556

3
1 0 2137 0.886063
2 0 0 0.921944
3 0 0 0.87068

3
1 0 23 0.73975
2 0 0 1.1373
3 0 0 0.715077

3
1 1 1 0.826433
2 0 0 0.94195
3 0 0 0.697078

3
1 0 3717 0.86864
2 0 0 1.04503
3 0 0 0.922601

3
1 0 2260 0.843075
2 0 0 0.831613
3 0 0 0.857983

3
1 0 4362 0.955901
2 0 0 0.969239
3 0 0 0.979114

3
1 0 5683 0.859453
2 0 0 0.915608
3 0 0 0.870488

3
1 1 2 0.851359
2 0 0 0.83754
3 0 0 0.884242

3
1 1 1 0.828651
2 0 0 0.937521
3 0 0 0.807329

3
1 1 1 0.96881
2 0 0 1.07159
3 0 0 0.819553

5
1 0 4999 0.903278
2 0 0 0.867185
3 0 5050 0.917108
6 0 0 0.921173
7 0 0 0.921001

3
1 0 651 0.762641
2 0 0 0.992359
3 0 0 0.790712

3
1 0 6214 0.899971
2 0 0 0.907099
3 0 0 0.995266

3
1 1 1 0.92714
2 0 0 1.00223
3 0 0 0.786611

3
1 1 1 0.848317
2 0 0 0.955763
3 0 0 0.856455

1
1 0 0 0.769081

3
1 0 5353 0.916502
2 0 0 0.855778
3 0 0 0.912093

3
1 0 7676 0.833195
2 0 0 0.816974
3 0 0 0.991074

5
1 0 321 0.808387
2 1 1 0.923937
4 0 0 0.967589
5 0 0 0.875526
3 0 0 0.821486

1
1 0 0 0.731572

5
1 0 482 1.06156
2 0 268 0.938548
4 0 0 0.984019
5 0 0 1.00124
3 0 0 0.919636

3
1 1 1 0.929494
2 0 0 0.921686
3 0 0 0.791096

3
1 1 2 0.857349
2 0 0 0.901511
3 0 0 0.967958

1
1 0 0 0.909966

3
1 1 2 0.856699
2 0 0 0.756472
3 0 0 0.818934

3
1 0 5656 0.89726
2 0 0 0.934198
3 0 0 0.820574

3
1 0 7734 0.895243
2 0 0 0.939984
3 0 0 0.836099

5
1 0 9462 0.839101
2 0 0 0.805303
3 1 1 0.95336
6 0 0 0.916533
7 0 0 1.0755

5
1 1 2 0.890988
2 1 1 0.962061
4 0 0 1.01978
5 0 0 0.857715
3 0 0 0.97657

5
1 0 5183 0.894923
2 0 0 1.04532
3 1 2 0.953942
6 0 0 0.965474
7 0 0 0.852022

3
1 0 656 0.888249
2 0 0 0.91723
3 0 0 0.907135

3
1 0 6788 0.837695
2 0 0 0.974432
3 0 0 0.887547

3
1 1 1 0.992172
2 0 0 0.963821
3 0 0 0.856739

3
1 0 150 0.881509
2 0 0 1.12116
3 0 0 0.883086

1
1 0 0 0.877109

1
1 0 0 0.836054

3
1 1 2 0.889767
2 0 0 0.878587
3 0 0 1.03441

3
1 1 1 0.778908
2 0 0 1.12221
3 0 0 0.891199

3
1 0 4055 0.920266
2 0 0 0.880723
3 0 0 0.907776

3
1 1 1 0.842148
2 0 0 0.94237
3 0 0 0.838015

1
1 0 0 0.808832

3
1 0 9906 0.810874
2 0 0 0.845465
3 0 0 0.902991

3
1 1 1 0.886494
2 0 0 0.988147
3 0 0 0.811951

5
1 1 1 0.840504
2 0 6415 0.985271
4 0 0 0.971194
5 0 0 1.01477
3 0 0 0.794433

3
1 0 716 0.914281
2 0 0 0.96046
3 0 0 0.84968

3
1 0 407 0.779352
2 0 0 1.0088
3 0 0 0.873486

3
1 1 2 0.915186
2 0 0 0.720016
3 0 0 1.02561

5
1 1 1 0.885509
2 0 140 1.00037
4 0 0 0.934564
5 0 0 1.00684
3 0 0 0.867995

7
1 0 5764 0.932067
2 0 0 0.894558
3 1 1 0.867768
6 0 9718 0.966532
12 0 0 0.979001
13 0 0 0.945147
7 0 0 0.860489

3
1 1 1 0.92962
2 0 0 0.936651
3 0 0 0.961894

3
1 0 1978 0.873141
2 0 0 1.01563
3 0 0 0.879741

1
1 0 0 0.836201

3
1 1 1 0.901598
2 0 0 0.856956
3 0 0 0.855039

3
1 0 9704 0.901245
2 0 0 0.883701
3 0 0 0.995746

3
1 0 5956 0.869197
2 0 0 0.941609
3 0 0 0.851381

3
1 1 2 0.8046
2 0 0 0.814763
3 0 0 1.09486

3
1 1 2 0.855422
2 0 0 0.898069
3 0 0 0.878067

3
1 1 2 0.812456
2 0 0 0.809698
3 0 0 0.923459

3
1 0 3734 0.870905
2 0 0 0.989707
3 0 0 0.868764

3
1 1 1 0.91027
2 0 0 1.02292
3 0 0 0.770657

3
1 0 1775 0.911602
2 0 0 0.940467
3 0 0 0.807363

3
1 1 1 0.829022
2 0 0 1.02975
3 0 0 0.831229

1
1 0 0 0.822922

1
1 0 0 0.875811

1
1 0 0 0.837719

3
1 0 2748 0.841141
2 0 0 0.832136
3 0 0 0.843715

3
1 0 8819 0.886794
2 0 0 0.938132
3 0 0 0.939165

3
1 0 299 0.789567
2 0 0 0.952104
3 0 0 0.799516

1
1 0 0 0.776818

3
1 1 2 0.925228
2 0 0 0.843836
3 0 0 0.94334

1
1 0 0 0.873583

5
1 0 6386 0.923756
2 1 1 0.895093
4 0 0 0.906708
5 0 0 0.921546
3 0 0 0.923843

3
1 1 1 0.834444
2 0 0 1.06312
3 0 0 0.841884

3
1 1 1 0.836217
2 0 0 1.01623
3 0 0 0.837737

5
1 0 6071 0.860859
2 0 0 0.878388
3 0 7340 0.950885
6 0 0 0.976726
7 0 0 0.884558

1
1 0 0 0.870404

3
1 0 9531 0.783296
2 0 0 0.792005
3 0 0 0.975074

5
1 0 9643 0.814466
2 0 5583 0.811338
4 0 0 0.811464
5 0 0 0.831018
3 0 0 0.941333

3
1 0 8547 0.870283
2 0 0 0.870118
3 0 0 0.889164

7
1 1 2 0.865629
2 0 0 0.810392
3 0 5033 1.01412
6 0 0 0.916755
7 0 5852 0.947493
14 0 0 1.04079
15 0 0 0.944017

3
1 1 1 0.796916
2 0 0 0.951675
3 0 0 0.774345

3
1 0 2554 0.940777
2 0 0 0.926352
3 0 0 0.856542

5
1 0 1544 0.920374
2 0 0 0.942646
3 1 1 0.981753
6 0 0 0.99363
7 0 0 0.96404

3
1 0 9899 0.754863
2 0 0 0.853797
3 0 0 1.04145

3
1 0 8782 0.877619
2 0 0 0.85462
3 0 0 0.86271

3
1 0 7414 0.8636
2 0 0 0.980994
3 0 0 0.832071

3
1 1 1 0.870991
2 0 0 0.937419
3 0 0 0.794739

3
1 1 2 0.957666
2 0 0 0.89901
3 0 0 0.852931

5
1 0 1538 0.97107
2 0 0 0.978589
3 1 1 0.9394
6 0 0 1.17378
7 0 0 0.883164

3
1 0 533 0.871623
2 0 0 0.905888
3 0 0 0.877612

3
1 0 15 0.751854
2 0 0 0.937693
3 0 0 0.830943

3
1 1 1 0.87096
2 0 0 0.875043
3 0 0 0.844501

3
1 1 2 0.923396
2 0 0 0.889364
3 0 0 1.12139

5
1 1 1 0.85393
2 0 4710 1.03518
4 0 0 0.920373
5 0 0 1.03656
3 0 0 0.949237

1
1 0 0 0.887518

3
1 0 122 0.734775
2 0 0 0.877211
3 0 0 0.733173

5
1 1 1 0.878444
2 0 0 0.906192
3 1 2 0.91772
6 0 0 0.980412
7 0 0 1.00832

3
1 1 1 0.884934
2 0 0 0.932451
3 0 0 0.838085

3
1 0 530 0.902403
2 0 0 0.931988
3 0 0 0.905612

1
1 0 0 0.712343

3
1 1 2 0.883767
2 0 0 0.875926
3 0 0 1.02191

5
1 1 1 0.881504
2 0 6457 1.04114
4 0 0 1.06351
5 0 0 1.01687
3 0 0 0.886155

5
1 0 8833 0.855751
2 0 2436 0.94034
4 0 0 0.779517
5 0 0 0.880474
3 0 0 0.918077

3
1 0 520 0.853923
2 0 0 1.1418
3 0 0 0.948251

3
1 0 1166 0.871625
2 0 0 0.965528
3 0 0 0.774799

5
1 1 2 0.851645
2 0 6210 0.89793
4 0 0 0.862851
5 0 0 0.901956
3 0 0 0.951652

3
1 0 9061 0.945675
2 0 0 1.02169
3 0 0 0.865611

1
1 0 0 0.719202

3
1 1 1 0.8459
2 0 0 1.01196
3 0 0 0.83444

3
1 0 4067 0.844932
2 0 0 0.926263
3 0 0 0.785125

1
1 0 0 0.855129

3
1 0 4002 0.812993
2 0 0 0.966351
3 0 0 0.883059

5
1 1 1 0.848146
2 0 1720 0.972595
4 0 0 0.966485
5 0 0 0.998143
3 0 0 0.66641

5
1 1 1 0.92714
2 0 0 0.947516
3 1 2 0.926422
6 0 0 0.88423
7 0 0 0.956988

3
1 1 1 0.848317
2 0 0 1.01592
3 0 0 0.787585

1
1 0 0 0.816207

3
1 1 2 0.872027
2 0 0 0.863413
3 0 0 0.940856

3
1 0 8641 0.935863
2 0 0 0.910964
3 0 0 0.863417

3
1 0 935 0.845876
2 0 0 0.976258
3 0 0 0.724847

3
1 0 9947 0.773982
2 0 0 0.851176
3 0 0 0.972653

3
1 1 1 0.863917
2 0 0 0.914181
3 0 0 0.888705

3
1 1 1 0.841147
2 0 0 0.976248
3 0 0 0.824658

3
1 1 1 0.863703
2 0 0 0.856658
3 0 0 0.776435

3
1 1 1 0.990752
2 0 0 1.0672
3 0 0 0.762775

1
1 0 0 0.79586

3
1 1 2 0.853092
2 0 0 0.865834
3 0 0 0.978677

5
1 0 5112 0.899671
2 1 1 0.944392
4 0 0 1.00104
5 0 0 0.909504
3 0 0 0.828671

1
1 0 0 0.809337

1
1 0 0 0.738055

7
1 0 8534 0.900188
2 0 4969 0.896168
4 1 1 0.901422
8 0 0 1.01019
9 0 0 0.887755
5 0 0 1.0818
3 0 0 0.962556

3
1 0 8306 1.00919
2 0 0 0.956209
3 0 0 0.974957

3
1 1 1 0.937861
2 0 0 1.08011
3 0 0 0.885431

3
1 0 7607 0.912182
2 0 0 0.891741
3 0 0 0.821601

5
1 1 1 0.893961
2 0 0 0.878884
3 0 6852 0.84857
6 0 0 0.815929
7 0 0 0.884741

3
1 0 4866 0.974547
2 0 0 1.01549
3 0 0 0.954756

3
1 1 1 0.859439
2 0 0 1.01232
3 0 0 0.741397

7
1 0 7613 0.902919
2 0 288 0.983766
4 0 0 0.83957
5 0 0 0.950767
3 0 8415 1.01431
6 0 0 0.825248
7 0 0 0.988054

5
1 0 2257 0.876733
2 1 2 0.91164
4 0 0 1.03442
5 0 0 0.807251
3 0 0 0.90044

7
1 0 7947 0.8899
2 0 0 0.939409
3 0 8339 0.916164
6 0 8268 1.03627
12 0 0 1.17697
13 0 0 0.902502
7 0 0 0.917382

3
1 0 1547 0.905923
2 0 0 0.773732
3 0 0 0.918364

3
1 0 372 0.932506
2 0 0 0.980404
3 0 0 0.876747

3
1 1 2 0.828794
2 0 0 0.883367
3 0 0 1.00927

3
1 0 4963 0.902684
2 0 0 0.902161
3 0 0 1.02065

5
1 1 1 0.840504
2 0 1081 0.998853
4 0 0 1.06494
5 0 0 0.999811
3 0 0 0.853474

3
1 1 2 0.833832
2 0 0 0.766792
3 0 0 0.919411

9
1 0 1445 0.8162
2 0 894 0.920326
4 0 592 0.966367
8 0 455 1.01247
16 0 0 1.10267
17 0 0 0.879303
9 0 0 0.943322
5 0 0 0.995764
3 0 0 0.922831

3
1 0 8875 0.901416
2 0 0 1.00996
3 0 0 0.843645

3
1 1 1 0.893407
2 0 0 1.03292
3 0 0 0.803074

3
1 1 1 0.866442
2 0 0 1.08987
3 0 0 0.822449

1
1 0 0 0.72563

3
1 0 1258 0.978158
2 0 0 1.08501
3 0 0 0.933557

3
1 1 1 0.85097
2 0 0 1.03787
3 0 0 0.862344

1
1 0 0 0.833269

3
1 1 1 0.91532
2 0 0 1.03955
3 0 0 0.771831

1
1 0 0 0.765177

3
1 0 152 0.835003
2 0 0 0.955851
3 0 0 0.882337

3
1 0 637 0.904913
2 0 0 1.02982
3 0 0 0.939806

3
1 1 2 0.812456
2 0 0 0.879311
3 0 0 0.933754

3
1 1 2 0.900913
2 0 0 0.931882
3 0 0 0.982217

1
1 0 0 0.784477

3
1 1 1 0.96094
2 0 0 0.93306
3 0 0 0.863709

3
1 0 977 0.898067
2 0 0 0.976005
3 0 0 0.865379

5
1 1 2 0.816369
2 0 0 0.874669
3 0 734 0.97002
6 0 0 0.984706
7 0 0 1.01874

3
1 1 1 0.859526
2 0 0 1.05189
3 0 0 0.808903

3
1 1 2 0.853541
2 0 0 0.729153
3 0 0 1.03076

1
1 0 0 0.798655

1
1 0 0 0.84625

3
1 1 1 0.829266
2 0 0 1.14512
3 0 0 0.821926

5
1 0 3899 0.859973
2 0 1724 0.885646
4 0 0 0.963838
5 0 0 1.03033
3 0 0 0.904281

3
1 1 1 0.855966
2 0 0 0.97955
3 0 0 0.76543

3
1 1 1 0.851971
2 0 0 1.03072
3 0 0 0.835803

3
1 0 2244 0.885385
2 0 0 0.950049
3 0 0 0.912517

1
1 0 0 0.762003

1
1 0 0 0.832459

1
1 0 0 0.794966

1
1 0 0 0.823307

3
1 0 1099 0.854218
2 0 0 0.927833
3 0 0 0.780249

5
1 0 7728 0.890237
2 1 2 0.921344
4 0 0 0.944695
5 0 0 0.929728
3 0 0 0.990216

1
1 0 0 0.926333

3
1 1 2 0.883435
2 0 0 0.923167
3 0 0 0.945943

3
1 0 8512 0.84874
2 0 0 0.802305
3 0 0 0.873021

3
1 0 7535 0.883005
2 0 0 0.958916
3 0 0 0.782227

3
1 1 1 0.876715
2 0 0 0.956727
3 0 0 0.791879

3
1 1 1 0.89224
2 0 0 0.929175
3 0 0 0.983738

3
1 1 1 0.902506
2 0 0 0.996904
3 0 0 0.783992

3
1 1 2 0.947446
2 0 0 0.828041
3 0 0 0.920333

3
1 0 867 0.796839
2 0 0 0.985635
3 0 0 0.829027

3
1 0 2394 0.91558
2 0 0 0.990361
3 0 0 0.932435

5
1 0 7298 0.938025
2 0 6995 0.967825
4 0 0 0.907489
5 0 0 1.10628
3 0 0 0.84871

3
1 1 2 0.871525
2 0 0 0.947345
3 0 0 0.961161

1
1 0 0 0.754545

3
1 0 3117 0.854543
2 0 0 0.854551
3 0 0 0.916627

9
1 0 1984 0.924483
2 1 2 0.970386
4 1 1 1.09365
8 0 1534 1.06914
16 0 0 1.04527
17 0 0 1.0905
9 0 0 0.914653
5 0 0 1.03772
3 0 0 0.865223

1
1 0 0 0.863352

5
1 0 9884 0.896909
2 0 0 0.856742
3 1 1 0.89479
6 0 0 0.985307
7 0 0 0.936259

5
1 0 9778 0.846832
2 0 0 0.825243
3 0 9981 0.977805
6 0 0 1.00626
7 0 0 0.953036

7
1 1 2 0.861629
2 0 0 0.95973
3 0 296 0.805199
6 0 181 0.97981
12 0 0 1.08762
13 0 0 1.1083
7 0 0 0.790105

5
1 0 5918 0.859574
2 0 2414 1.01194
4 0 0 0.945154
5 0 0 0.953284
3 0 0 0.848618

3
1 0 6963 0.905528
2 0 0 0.997141
3 0 0 0.961411

3
1 1 2 0.891028
2 0 0 0.796748
3 0 0 0.905909

3
1 0 7189 0.839748
2 0 0 1.02738
3 0 0 0.918952

5
1 0 2871 0.875058
2 0 0 0.794184
3 1 1 0.898864
6 0 0 0.962167
7 0 0 0.892766

3
1 0 674 0.773214
2 0 0 1.04837
3 0 0 0.837878

3
1 1 1 0.930411
2 0 0 1.00612
3 0 0 0.855607

1
1 0 0 0.796554

3
1 1 1 0.815127
2 0 0 0.948683
3 0 0 0.764004

3
1 0 93 0.801397
2 0 0 0.92926
3 0 0 0.902541

1
1 0 0 0.775378

1
1 0 0 0.855227

1
1 0 0 0.923484

3
1 1 2 0.804956
2 0 0 0.823711
3 0 0 1.01288

1
1 0 0 0.876427

3
1 0 8045 0.878944
2 0 0 0.959636
3 0 0 0.851739

3
1 1 1 0.92714
2 0 0 1.0128
3 0 0 0.748184

1
1 0 0 0.850011

3
1 1 1 0.797537
2 0 0 1.00659
3 0 0 0.760001

3
1 1 1 0.822038
2 0 0 1.00303
3 0 0 0.856165

1
1 0 0 0.781849

3
1 1 2 0.88104
2 0 0 0.867583
3 0 0 1.04702

3
1 0 3706 0.887849
2 0 0 0.956269
3 0 0 0.871307

3
1 0 3111 0.873638
2 0 0 0.86711
3 0 0 0.803478

3
1 0 9713 0.771772
2 0 0 0.884346
3 0 0 0.84871

3
1 0 9477 0.900668
2 0 0 0.892843
3 0 0 0.905053

3
1 1 1 0.914408
2 0 0 0.975389
3 0 0 0.811041

3
1 1 1 0.840281
2 0 0 1.03945
3 0 0 0.96824

5
1 1 1 0.887834
2 0 6939 0.988586
4 0 0 0.975965
5 0 0 1.14327
3 0 0 0.757788

1
1 0 0 0.721841

1
1 0 0 0.759797

3
1 1 2 0.846411
2 0 0 0.784292
3 0 0 0.984009

3
1 0 8746 0.827191
2 0 0 0.873279
3 0 0 0.866296

1
1 0 0 0.777447

3
1 1 2 0.86981
2 0 0 0.847924
3 0 0 0.939535

3
1 0 171 0.828976
2 0 0 0.888573
3 0 0 0.838383

7
1 1 1 0.893961
2 0 1084 0.986356
4 0 0 0.893222
5 0 0 1.02382
3 1 2 0.912431
6 0 0 0.825848
7 0 0 1.03318

3
1 0 5859 0.920092
2 0 0 0.922291
3 0 0 0.856304

1
1 0 0 0.873445

3
1 1 1 0.876525
2 0 0 0.959798
3 0 0 0.823322

3
1 0 1936 0.884198
2 0 0 0.923398
3 0 0 0.859555

3
1 1 1 0.841519
2 0 0 1.07559
3 0 0 0.76934

1
1 0 0 0.908966

9
1 0 7097 0.914317
2 1 1 1.00001
4 0 0 0.922366
5 0 0 0.859135
3 0 8019 0.938667
6 1 2 1.02737
12 0 0 0.945606
13 0 0 0.97474
7 0 0 0.885626

3
1 1 2 0.907881
2 0 0 0.877285
3 0 0 0.944651

3
1 1 2 0.825527
2 0 0 0.884507
3 0 0 0.916915

1
1 0 0 0.833913

5
1 1 2 0.833832
2 1 1 0.931852
4 0 0 1.08632
5 0 0 0.942329
3 0 0 0.967114

3
1 0 105 0.897137
2 0 0 0.978433
3 0 0 0.780638

3
1 1 1 0.900264
2 0 0 0.864807
3 0 0 0.81104

3
1 0 7567 0.901347
2 0 0 0.936949
3 0 0 0.966844

3
1 0 2229 0.878649
2 0 0 0.975866
3 0 0 0.901217

5
1 1 1 0.880681
2 0 0 0.941879
3 1 2 0.888439
6 0 0 0.868961
7 0 0 1.05691

3
1 1 1 0.872745
2 0 0 1.07246
3 0 0 0.88684

3
1 0 3526 0.89407
2 0 0 0.866238
3 0 0 0.841317

1
1 0 0 0.867071

3
1 0 2436 0.902006
2 0 0 0.955337
3 0 0 0.941491

1
1 0 0 0.81228

3
1 0 4557 0.923802
2 0 0 1.1319
3 0 0 0.927994

5
1 1 2 0.950481
2 0 0 0.733127
3 0 4284 0.902361
6 0 0 0.911103
7 0 0 0.96176

3
1 1 2 0.948463
2 0 0 0.846472
3 0 0 0.946321

1
1 0 0 0.913349

3
1 1 1 0.806105
2 0 0 1.00076
3 0 0 0.820837

1
1 0 0 0.775771

3
1 1 1 0.877547
2 0 0 0.981857
3 0 0 0.85806

3
1 1 1 0.831477
2 0 0 0.988595
3 0 0 0.93822

3
1 1 2 0.923571
2 0 0 0.881912
3 0 0 0.939772

3
1 1 2 0.80404
2 0 0 0.846607
3 0 0 0.908748

3
1 1 2 0.902503
2 0 0 0.800649
3 0 0 0.871301

3
1 0 4301 0.880884
2 0 0 0.934198
3 0 0 0.897984

3
1 0 5595 0.841806
2 0 0 0.919303
3 0 0 0.87258

3
1 1 1 0.851792
2 0 0 0.999457
3 0 0 0.82617

1
1 0 0 0.734998

3
1 0 402 0.853898
2 0 0 1.12196
3 0 0 0.8154

3
1 1 1 0.8642
2 0 0 0.98793
3 0 0 0.763472

3
1 1 2 0.969561
2 0 0 0.866032
3 0 0 0.934993

5
1 0 7698 0.914997
2 1 1 0.950565
4 0 0 1.03229
5 0 0 0.873462
3 0 0 0.863109

3
1 0 4891 0.879697
2 0 0 1.15905
3 0 0 0.85218

3
1 1 1 0.777596
2 0 0 1.00371
3 0 0 0.704804

1
1 0 0 0.831409

1
1 0 0 0.831328

1
1 0 0 0.865359

3
1 1 1 0.926681
2 0 0 0.961476
3 0 0 0.909745

3
1 0 1978 0.930597
2 0 0 0.945829
3 0 0 0.899947

3
1 0 6937 0.906616
2 0 0 0.892794
3 0 0 0.915157

1
1 0 0 0.741502

3
1 1 1 0.8371
2 0 0 1.10307
3 0 0 0.774572

1
1 0 0 0.759316

5
1 0 6104 0.968792
2 0 0 0.940508
3 0 8121 0.982017
6 0 0 1.1078
7 0 0 0.872725

3
1 1 1 0.953689
2 0 0 1.02769
3 0 0 0.968543

5
1 1 1 0.862487
2 0 1952 1.05233
4 0 0 0.946763
5 0 0 1.01074
3 0 0 0.804443

3
1 0 9170 1.01356
2 0 0 0.940502
3 0 0 0.797163

1
1 0 0 0.923649

3
1 0 4263 0.881357
2 0 0 0.946328
3 0 0 0.831617

5
1 0 333 0.87935
2 1 1 0.923057
4 0 0 0.924373
5 0 0 1.02149
3 0 0 0.865569

1
1 0 0 0.892221

3
1 1 1 0.823487
2 0 0 0.899525
3 0 0 0.771665

3
1 1 2 0.815261
2 0 0 0.77589
3 0 0 1.00399

3
1 1 1 0.819106
2 0 0 0.964474
3 0 0 0.78849

7
1 1 1 0.863244
2 0 0 0.831947
3 1 2 0.916092
6 0 0 0.873889
7 0 8167 0.960902
14 0 0 0.904029
15 0 0 0.917265

3
1 1 2 0.871705
2 0 0 0.920639
3 0 0 0.962456

3
1 0 6483 0.845419
2 0 0 0.827546
3 0 0 0.857057

5
1 1 1 0.765043
2 0 8714 0.919657
4 0 0 0.986067
5 0 0 0.86606
3 0 0 0.793597

3
1 1 1 0.904405
2 0 0 0.915997
3 0 0 0.874709

1
1 0 0 0.854031

5
1 0 211 0.892923
2 0 172 0.950369
4 0 0 0.905098
5 0 0 0.964175
3 0 0 0.9313

3
1 0 8665 0.957464
2 0 0 0.903929
3 0 0 1.07107

5
1 1 1 0.880793
2 0 5031 0.986808
4 0 0 0.942938
5 0 0 0.966071
3 0 0 0.812631

3
1 1 1 0.917407
2 0 0 1.05951
3 0 0 0.905717

3
1 1 1 0.879343
2 0 0 0.85908
3 0 0 0.873853

1
1 0 0 0.819641

1
1 0 0 0.821524

1
1 0 0 0.909009

3
1 1 1 0.850467
2 0 0 0.947576
3 0 0 0.85556

1
1 0 0 0.763711

1
1 0 0 0.840816

1
1 0 0 0.857186

3
1 0 1347 0.879893
2 0 0 0.886935
3 0 0 0.954706

3
1 1 2 0.820483
2 0 0 0.793801
3 0 0 0.969732

3
1 0 8104 0.973013
2 0 0 1.00752
3 0 0 0.985877

1
1 0 0 0.779827

3
1 1 1 0.913347
2 0 0 1.03867
3 0 0 0.850437

5
1 0 867 0.891773
2 1 2 1.124
4 0 0 1.01943
5 0 0 1.03277
3 0 0 0.844078

3
1 1 1 0.862559
2 0 0 0.990821
3 0 0 0.900338

1
1 0 0 0.785614

1
1 0 0 0.894656

3
1 1 1 0.915858
2 0 0 1.0385
3 0 0 0.882035

1
1 0 0 0.787448

7
1 0 364 0.893108
2 0 311 1.01661
4 0 0 1.13074
5 1 2 1.01685
10 0 0 1.07367
11 0 0 0.97264
3 0 0 0.937588

5
1 1 1 0.929154
2 0 0 0.996259
3 1 2 0.95085
6 0 0 0.803706
7 0 0 0.958097

3
1 0 1082 0.778642
2 0 0 0.935723
3 0 0 0.765621

3
1 0 531 0.940413
2 0 0 0.976864
3 0 0 0.935419

3
1 1 1 0.899706
2 0 0 0.850354
3 0 0 0.942487

3
1 1 1 0.806366
2 0 0 0.800886
3 0 0 0.80757

1
1 0 0 0.789948

1
1 0 0 0.754562

3
1 1 1 0.893961
2 0 0 1.0424
3 0 0 0.754403

1
1 0 0 0.842844

1
1 0 0 0.796939

5
1 0 1495 0.850514
2 0 0 0.881689
3 1 1 0.919694
6 0 0 1.01446
7 0 0 0.912715

3
1 0 2888 0.861676
2 0 0 0.932529
3 0 0 0.806598

3
1 0 17 0.82424
2 0 0 0.978046
3 0 0 0.79669

3
1 1 1 0.885422
2 0 0 1.06667
3 0 0 0.856609

3
1 1 1 0.873178
2 0 0 0.975505
3 0 0 0.820489

3
1 0 920 0.845667
2 0 0 0.995233
3 0 0 0.889999

3
1 1 2 0.942088
2 0 0 0.865718
3 0 0 0.962182

5
1 1 1 0.85997
2 0 395 1.05489
4 0 0 0.966572
5 0 0 1.06107
3 0 0 0.829643

3
1 0 9603 0.824563
2 0 0 0.833486
3 0 0 1.06275

5
1 1 1 0.873356
2 0 4850 0.90858
4 0 0 0.857148
5 0 0 1.01236
3 0 0 0.879978

5
1 1 1 0.863383
2 0 2094 0.941143
4 0 0 1.05863
5 0 0 1.00416
3 0 0 0.797725

3
1 0 3991 0.853832
2 0 0 0.883761
3 0 0 0.934229

3
1 1 1 0.929584
2 0 0 1.04615
3 0 0 0.742972

7
1 0 9666 0.826234
2 1 1 0.860795
4 0 0 0.925407
5 0 0 0.838506
3 0 9882 1.06165
6 0 0 1.03534
7 0 0 1.00153

1
1 0 0 0.781546

3
1 0 4948 0.947914
2 0 0 0.897332
3 0 0 0.970531

3
1 0 4241 0.901053
2 0 0 0.914801
3 0 0 0.905211

5
1 0 1845 0.886902
2 0 0 0.895562
3 0 4943 0.970274
6 0 0 0.964684
7 0 0 0.958739

1
1 0 0 0.90872

3
1 0 9471 0.965907
2 0 0 0.925108
3 0 0 0.926947

5
1 1 1 0.862981
2 0 0 0.887438
3 1 2 0.935619
6 0 0 0.915923
7 0 0 1.02423

3
1 0 5296 0.892067
2 0 0 0.928593
3 0 0 0.794662

1
1 0 0 0.756152

5
1 0 4574 0.940099
2 1 2 0.982796
4 0 0 1.01056
5 0 0 0.897526
3 0 0 0.921935

3
1 1 2 0.863113
2 0 0 0.853232
3 0 0 0.911858

1
1 0 0 0.920578

3
1 1 1 0.853297
2 0 0 0.997421
3 0 0 0.926762

3
1 1 1 0.881972
2 0 0 0.955847
3 0 0 0.86151

1
1 0 0 0.904321

1
1 0 0 0.806208

5
1 1 1 0.91808
2 0 0 0.938573
3 0 4377 0.827306
6 0 0 0.796567
7 0 0 0.864861

1
1 0 0 0.769084

3
1 0 1310 0.916782
2 0 0 0.922184
3 0 0 0.953051

3
1 1 1 0.911598
2 0 0 1.01541
3 0 0 0.714105

3
1 0 2091 0.878019
2 0 0 0.89022
3 0 0 0.870683

3
1 1 1 0.880117
2 0 0 1.05655
3 0 0 0.894908

3
1 0 7641 0.814667
2 0 0 1.0191
3 0 0 0.822029

3
1 1 2 0.874474
2 0 0 0.870076
3 0 0 0.9204

3
1 1 2 0.911998
2 0 0 0.869067
3 0 0 1.01097

3
1 1 1 0.821692
2 0 0 0.925252
3 0 0 0.745836

1
1 0 0 0.781103

3
1 1 2 0.854546
2 0 0 0.917922
3 0 0 0.980055

3
1 0 319 0.977972
2 0 0 0.959316
3 0 0 0.885493

3
1 1 2 0.896351
2 0 0 0.863764
3 0 0 1.09373

1
1 0 0 0.811171

1
1 0 0 0.823381

3
1 1 1 0.87076
2 0 0 0.908923
3 0 0 0.821171

5
1 1 1 0.8371
2 0 293 0.870233
4 0 0 0.989251
5 0 0 0.861672
3 0 0 0.897257

1
1 0 0 0.801814

5
1 1 2 0.963692
2 0 0 0.873019
3 0 1952 0.996897
6 0 0 0.981061
7 0 0 0.957782

3
1 0 6785 0.81527
2 0 0 0.861348
3 0 0 0.81452

3
1 1 1 0.839635
2 0 0 1.02645
3 0 0 0.736827

3
1 0 1917 0.893022
2 0 0 0.920159
3 0 0 0.90466

1
1 0 0 0.845935

3
1 1 1 0.881138
2 0 0 0.903722
3 0 0 0.842634

1
1 0 0 0.906393

5
1 0 1019 0.86491
2 0 939 1.06801
4 0 0 1.12617
5 0 0 1.16106
3 0 0 0.931369

1
1 0 0 0.903281

1
1 0 0 0.908728

1
1 0 0 0.865353

5
1 0 1976 0.746951
2 0 0 0.930737
3 1 2 0.87943
6 0 0 0.908552
7 0 0 0.965814

3
1 1 1 0.845401
2 0 0 1.03754
3 0 0 0.766842

1
1 0 0 0.851675

1
1 0 0 0.685031

1
1 0 0 0.745302

3
1 0 4821 0.941098
2 0 0 1.01234
3 0 0 0.95147

5
1 0 147 0.81891
2 0 0 1.08706
3 1 1 0.864469
6 0 0 0.909411
7 0 0 0.832953

3
1 1 2 0.886009
2 0 0 0.831204
3 0 0 0.946767

3
1 1 2 0.905985
2 0 0 0.810079
3 0 0 0.899643

5
1 1 1 0.917407
2 0 5234 1.02418
4 0 0 0.960642
5 0 0 0.948151
3 0 0 0.897188

3
1 0 5336 0.929203
2 0 0 1.07073
3 0 0 0.835778

3
1 1 1 0.849839
2 0 0 1.00973
3 0 0 0.688984

5
1 0 204 0.918021
2 0 0 0.909366
3 0 5502 0.946315
6 0 0 0.927068
7 0 0 0.966132

3
1 1 1 0.883078
2 0 0 1.00999
3 0 0 0.921353

3
1 0 5902 0.873971
2 0 0 0.875683
3 0 0 0.877952

3
1 1 2 0.871202
2 0 0 0.800704
3 0 0 0.888737

3
1 1 1 0.902389
2 0 0 1.11699
3 0 0 0.861607

3
1 0 1414 0.869022
2 0 0 1.0376
3 0 0 0.953727

3
1 1 1 0.874014
2 0 0 0.927982
3 0 0 0.85324

3
1 0 9633 0.858738
2 0 0 0.818517
3 0 0 1.00526

1
1 0 0 0.746929

3
1 1 1 0.934607
2 0 0 1.0679
3 0 0 0.787385

3
1 0 9975 0.936069
2 0 0 0.869266
3 0 0 1.0325

3
1 0 2210 0.776242
2 0 0 0.967678
3 0 0 0.794134

3
1 1 1 0.859947
2 0 0 0.926965
3 0 0 0.858892

1
1 0 0 0.897027

3
1 1 1 0.815629
2 0 0 1.10513
3 0 0 0.880813

1
1 0 0 0.856976

1
1 0 0 0.681597

7
1 1 2 0.841677
2 0 0 0.816503
3 0 4597 0.943389
6 0 0 0.937048
7 0 7600 0.942387
14 0 0 0.912267
15 0 0 0.944313

3
1 1 1 0.929154
2 0 0 0.951828
3 0 0 0.935159

3
1 1 1 0.895825
2 0 0 0.946256
3 0 0 0.893637

3
1 0 1605 0.994419
2 0 0 0.916297
3 0 0 0.990566

7
1 0 1342 0.876608
2 1 2 1.06309
4 0 0 1.04946
5 0 462 1.07228
10 0 0 1.09865
11 0 0 1.10768
3 0 0 0.903006

5
1 1 1 0.895796
2 0 1553 0.981151
4 0 0 1.09887
5 0 0 0.947731
3 0 0 0.861121

3
1 1 1 0.915628
2 0 0 1.02989
3 0 0 0.851335

3
1 0 1208 0.931697
2 0 0 0.940414
3 0 0 0.903238

5
1 1 1 0.856157
2 0 2972 1.01055
4 0 0 0.976387
5 0 0 1.08315
3 0 0 0.86161

1
1 0 0 0.734418

3
1 0 9581 0.83663
2 0 0 0.828596
3 0 0 0.98425

3
1 0 614 0.749683
2 0 0 1.02289
3 0 0 0.729127

3
1 1 1 0.861813
2 0 0 0.778878
3 0 0 0.870785

1
1 0 0 0.719005

5
1 0 7252 0.91688
2 0 0 1.01953
3 0 7478 0.906936
6 0 0 1.01233
7 0 0 0.91738

5
1 1 2 0.91197
2 0 0 0.868727
3 0 4401 0.950797
6 0 0 1.04587
7 0 0 0.951726

1
1 0 0 0.90318

1
1 0 0 0.771

3
1 1 2 0.861183
2 0 0 0.761064
3 0 0 0.983306

3
1 1 2 0.830541
2 0 0 0.80312
3 0 0 0.886772

3
1 0 9561 0.777915
2 0 0 0.75959
3 0 0 1.06351

3
1 0 4381 0.858352
2 0 0 1.03325
3 0 0 0.881974

3
1 1 1 0.912562
2 0 0 0.905467
3 0 0 0.762856

5
1 0 3852 0.8315
2 0 1270 0.933924
4 0 0 0.852684
5 0 0 0.925793
3 0 0 0.822618

3
1 0 5798 0.850018
2 0 0 0.87344
3 0 0 0.896035

3
1 0 690 0.850987
2 0 0 0.977565
3 0 0 0.898116

3
1 1 2 0.88246
2 0 0 0.914077
3 0 0 0.854171

3
1 0 6902 0.844958
2 0 0 0.911644
3 0 0 0.79108

3
1 0 9910 0.719454
2 0 0 0.842041
3 0 0 1.01944

3
1 0 112 0.834894
2 0 0 1.08081
3 0 0 0.886707

3
1 0 2814 0.877095
2 0 0 0.982811
3 0 0 0.876812

3
1 1 1 0.888578
2 0 0 0.937063
3 0 0 0.793196

5
1 1 1 0.997223
2 0 0 0.878873
3 1 2 1.01721
6 0 0 0.787798
7 0 0 0.965839

3
1 0 9425 0.908227
2 0 0 0.90144
3 0 0 0.914536

3
1 1 1 0.884508
2 0 0 1.01408
3 0 0 0.841307

3
1 0 7397 0.873862
2 0 0 0.925198
3 0 0 0.864543

1
1 0 0 0.887857

3
1 0 1541 0.87391
2 0 0 0.956017
3 0 0 0.849897

3
1 1 1 0.900287
2 0 0 0.970023
3 0 0 0.832166

7
1 0 7202 0.884169
2 0 0 0.937084
3 0 9304 0.89927
6 0 0 0.931292
7 0 9416 0.976288
14 0 0 0.908797
15 0 0 0.959881

7
1 0 3903 0.866878
2 0 0 0.996762
3 0 4604 0.940755
6 0 0 0.945808
7 0 9613 0.918995
14 0 0 0.937694
15 0 0 0.948773

1
1 0 0 0.906287

3
1 1 2 0.8857
2 0 0 0.795128
3 0 0 1.04305

3
1 0 1386 0.967544
2 0 0 0.905996
3 0 0 0.789974

7
1 0 9473 0.891083
2 0 3806 0.878217
4 0 0 0.939867
5 0 0 0.994759
3 0 9964 1.00758
6 0 0 0.993933
7 0 0 0.913924

3
1 0 2873 0.836043
2 0 0 0.90677
3 0 0 0.834979

5
1 0 4236 0.915746
2 1 1 0.899108
4 0 0 0.955444
5 0 0 0.89262
3 0 0 0.923068

3
1 0 2411 0.864627
2 0 0 0.9131
3 0 0 0.843716

1
1 0 0 0.784042

1
1 0 0 0.853125

5
1 0 217 0.870322
2 0 0 0.936329
3 1 1 0.863175
6 0 0 0.935018
7 0 0 0.85468

1
1 0 0 0.827898

3
1 0 7574 0.952804
2 0 0 0.958267
3 0 0 0.905001

3
1 1 2 0.824816
2 0 0 0.768864
3 0 0 0.843005

3
1 0 4839 0.951595
2 0 0 0.924001
3 0 0 0.898475

3
1 1 1 0.816477
2 0 0 1.20429
3 0 0 0.876978

3
1 1 1 0.88449
2 0 0 0.921106
3 0 0 0.867367

3
1 1 1 0.926433
2 0 0 1.03736
3 0 0 0.801139

3
1 0 4167 0.859232
2 0 0 0.95187
3 0 0 0.867268

3
1 0 5840 0.880598
2 0 0 0.883946
3 0 0 0.943448

3
1 1 1 0.91403
2 0 0 0.892662
3 0 0 0.900871

1
1 0 0 0.834359

3
1 1 2 0.930735
2 0 0 0.785691
3 0 0 0.879168

1
1 0 0 0.68231

1
1 0 0 0.800252

3
1 1 1 0.908974
2 0 0 0.914469
3 0 0 0.914353

3
1 1 2 0.816625
2 0 0 0.715436
3 0 0 1.03722

7
1 0 1078 0.8236
2 0 0 0.894912
3 0 5098 0.903496
6 1 2 0.943339
12 0 0 0.974586
13 0 0 1.0403
7 0 0 0.841252

1
1 0 0 0.928308

3
1 1 1 0.908728
2 0 0 1.0816
3 0 0 0.776725

5
1 0 484 0.866878
2 0 55 1.04206
4 0 0 0.907028
5 0 0 1.06198
3 0 0 0.83241

1
1 0 0 0.964395

7
1 0 7270 1.01283
2 0 2639 0.952917
4 0 0 0.902132
5 0 0 0.97489
3 0 7676 0.863499
6 0 0 1.00112
7 0 0 0.871463

3
1 1 2 0.860243
2 0 0 0.814302
3 0 0 1.12805

5
1 0 2159 0.934675
2 0 0 0.926808
3 0 2931 0.91613
6 0 0 0.977722
7 0 0 0.842273

1
1 0 0 0.925432

3
1 1 1 0.818937
2 0 0 0.927921
3 0 0 0.847106

1
1 0 0 0.861481

3
1 0 226 0.756259
2 0 0 0.9336
3 0 0 0.868256

1
1 0 0 0.748786

1
1 0 0 0.778941

3
1 0 6052 0.905052
2 0 0 0.953711
3 0 0 0.862706

1
1 0 0 0.843213

1
1 0 0 0.699792

3
1 1 1 0.847452
2 0 0 1.04119
3 0 0 0.884387

3
1 1 1 0.955042
2 0 0 0.897974
3 0 0 1.04773

3
1 1 2 0.817236
2 0 0 0.858522
3 0 0 0.924529

5
1 0 8809 0.927638
2 0 4406 0.938431
4 0 0 0.864211
5 0 0 1.0005
3 0 0 0.90476

1
1 0 0 0.877566

7
1 1 2 0.871817
2 0 1365 0.885783
4 1 1 1.09853
8 0 0 1.10625
9 0 0 1.25909
5 0 0 0.904651
3 0 0 0.971555

3
1 0 5781 0.891632
2 0 0 0.851632
3 0 0 0.803856

5
1 1 1 0.841144
2 0 0 1.1033
3 0 2596 0.789063
6 0 0 0.800959
7 0 0 0.85789

3
1 1 1 0.851147
2 0 0 1.01606
3 0 0 0.72866

3
1 1 1 0.836244
2 0 0 0.955887
3 0 0 0.790533

3
1 1 1 0.830734
2 0 0 0.949279
3 0 0 0.80185

5
1 1 1 0.921984
2 0 8699 1.05395
4 0 0 1.08362
5 0 0 1.07394
3 0 0 0.832101

1
1 0 0 0.900033

3
1 0 6716 0.864082
2 0 0 0.973132
3 0 0 0.966664

1
1 0 0 0.89838

3
1 1 2 0.886787
2 0 0 0.798699
3 0 0 0.924156

3
1 1 2 0.811698
2 0 0 0.823391
3 0 0 0.853926

3
1 1 2 0.792235
2 0 0 0.851502
3 0 0 0.967194

5
1 1 1 0.895825
2 0 9761 0.936885
4 0 0 0.908696
5 0 0 1.06037
3 0 0 0.743167

1
1 0 0 0.862633

1
1 0 0 0.843611

3
1 1 1 0.838286
2 0 0 1.06476
3 0 0 0.760715

3
1 0 3443 0.775899
2 0 0 0.848386
3 0 0 0.787493

3
1 1 1 0.928544
2 0 0 0.956666
3 0 0 0.787576

3
1 1 1 0.944497
2 0 0 1.03211
3 0 0 0.857248

3
1 0 7124 0.88176
2 0 0 0.942324
3 0 0 0.894253

1
1 0 0 0.872774

3
1 0 24 0.764418
2 0 0 1.0926
3 0 0 0.81546

3
1 1 1 0.922847
2 0 0 0.953881
3 0 0 0.876564

3
1 1 1 0.96798
2 0 0 1.17823
3 0 0 0.859432

3
1 1 1 0.922385
2 0 0 1.03618
3 0 0 0.900467

3
1 0 1432 0.864448
2 0 0 0.841396
3 0 0 0.91303

3
1 0 5345 0.822928
2 0 0 0.928241
3 0 0 0.909564

3
1 1 1 0.838764
2 0 0 1.03822
3 0 0 0.740826

3
1 1 1 0.842955
2 0 0 0.969211
3 0 0 0.810375

1
1 0 0 0.872355

5
1 1 1 0.884379
2 0 0 1.14422
3 1 2 0.824199
6 0 0 0.802114
7 0 0 0.838544

1
1 0 0 0.777274

3
1 1 1 0.956602
2 0 0 1.06523
3 0 0 0.899575

3
1 0 3822 0.908087
2 0 0 1.05624
3 0 0 0.819245

3
1 0 7086 0.83894
2 0 0 0.934106
3 0 0 0.934924

1
1 0 0 0.752459

5
1 0 5019 0.928381
2 0 1653 0.937622
4 0 0 0.913438
5 0 0 0.922499
3 0 0 0.898093

5
1 1 2 0.919397
2 0 0 0.864934
3 0 1941 0.913744
6 0 0 1.0644
7 0 0 0.810614

3
1 0 8889 0.936077
2 0 0 0.973107
3 0 0 0.943349

7
1 0 5506 0.871122
2 0 0 0.948142
3 0 7509 0.843648
6 1 1 1.08529
12 0 0 1.00136
13 0 0 1.12249
7 0 0 0.90823

3
1 1 1 0.853643
2 0 0 1.03214
3 0 0 0.896306

1
1 0 0 0.69557

1
1 0 0 0.812282

3
1 1 1 0.88507
2 0 0 0.953683
3 0 0 0.810176

3
1 1 2 0.878535
2 0 0 0.906391
3 0 0 0.975191

3
1 0 2706 0.849461
2 0 0 0.905395
3 0 0 0.8937

1
1 0 0 0.772231

7
1 1 2 0.857479
2 0 0 0.782724
3 0 3932 1.01543
6 0 0 0.912468
7 0 4284 0.970928
14 0 0 1.13926
15 0 0 0.992078

3
1 0 7311 0.917709
2 0 0 0.884945
3 0 0 0.902094

3
1 0 5913 0.855543
2 0 0 1.01389
3 0 0 0.802544

3
1 1 1 0.965719
2 0 0 0.93856
3 0 0 0.851937

3
1 1 1 0.903811
2 0 0 1.00563
3 0 0 0.825681

3
1 1 1 0.884508
2 0 0 1.00061
3 0 0 0.748542

7
1 0 3505 0.9084
2 0 0 0.938121
3 1 2 0.881974
6 0 0 0.93135
7 0 8004 1.10329
14 0 0 1.08225
15 0 0 0.99362

5
1 0 8591 0.915281
2 0 0 1.05262
3 0 9602 0.937881
6 0 0 0.963632
7 0 0 0.975729

3
1 0 4683 0.860389
2 0 0 0.908068
3 0 0 0.901322

1
1 0 0 0.717972

3
1 1 2 0.917368
2 0 0 0.78358
3 0 0 1.01194

7
1 1 2 0.821172
2 0 8034 0.901464
4 1 1 0.875625
8 0 0 0.906734
9 0 0 0.965899
5 0 0 0.913037
3 0 0 0.979567

3
1 1 1 0.853665
2 0 0 0.918024
3 0 0 0.886847

3
1 0 270 0.827734
2 0 0 1.05118
3 0 0 0.92667

7
1 0 2028 0.847855
2 1 1 0.909028
4 0 0 0.9801
5 0 0 0.923198
3 0 6701 0.818363
6 0 0 0.847476
7 0 0 0.771313

3
1 1 1 0.890687
2 0 0 0.954276
3 0 0 0.894504

3
1 1 2 0.939306
2 0 0 0.888457
3 0 0 0.984802

3
1 1 1 0.868057
2 0 0 0.967031
3 0 0 0.767369

3
1 0 7480 0.838093
2 0 0 0.88236
3 0 0 0.904215

3
1 1 2 0.800135
2 0 0 0.768456
3 0 0 0.857665

1
1 0 0 0.95231

3
1 1 1 0.86308
2 0 0 0.978351
3 0 0 0.815867

5
1 0 129 0.844081
2 0 113 0.956636
4 0 0 0.964743
5 0 0 1.03895
3 0 0 0.809671

3
1 1 1 0.851811
2 0 0 0.882455
3 0 0 0.851639

1
1 0 0 0.964254

5
1 1 2 0.898681
2 0 0 0.862658
3 0 1293 0.9672
6 0 0 0.919821
7 0 0 0.961426

3
1 0 7179 0.918688
2 0 0 0.912283
3 0 0 0.863092

3
1 1 1 0.776743
2 0 0 0.950588
3 0 0 0.817449

7
1 0 720 0.825708
2 0 0 1.01175
3 0 2444 0.871739
6 0 0 0.932111
7 0 8203 0.868526
14 0 0 0.92528
15 0 0 0.812642

3
1 1 1 0.86537
2 0 0 1.07279
3 0 0 0.731605

3
1 0 4239 0.92351
2 0 0 0.959636
3 0 0 0.893018

1
1 0 0 0.745484

3
1 0 546 0.783206
2 0 0 1.10268
3 0 0 0.853409

3
1 1 1 0.922342
2 0 0 0.977874
3 0 0 0.776982

1
1 0 0 0.755171

3
1 1 1 0.836365
2 0 0 0.971218
3 0 0 0.842912

3
1 1 1 0.899605
2 0 0 0.921103
3 0 0 0.901856

3
1 0 279 0.879424
2 0 0 1.09622
3 0 0 0.90691

5
1 0 2996 0.933627
2 0 0 0.907812
3 0 9484 0.868158
6 0 0 0.793641
7 0 0 1.01278

3
1 0 9433 0.925513
2 0 0 0.90387
3 0 0 1.07458

3
1 1 2 0.815734
2 0 0 0.878629
3 0 0 0.956057

3
1 1 1 0.910604
2 0 0 0.988995
3 0 0 0.916217

3
1 0 6205 0.82793
2 0 0 0.84228
3 0 0 0.855006

1
1 0 0 0.793665

7
1 1 2 0.920453
2 0 3937 0.954995
4 0 0 0.927153
5 0 0 0.940718
3 0 4012 1.00158
6 0 0 1.16074
7 0 0 0.888873

3
1 1 1 0.892216
2 0 0 0.934458
3 0 0 0.902225

3
1 0 531 0.845643
2 0 0 0.923166
3 0 0 0.871154

3
1 1 1 0.90413
2 0 0 0.886888
3 0 0 0.907729

3
1 1 1 0.908996
2 0 0 0.951482
3 0 0 0.88953

1
1 0 0 0.706659

3
1 1 1 0.869973
2 0 0 0.812989
3 0 0 0.866812

3
1 1 2 0.834863
2 0 0 0.752224
3 0 0 0.986501

3
1 0 347 0.857941
2 0 0 0.936092
3 0 0 0.802778

3
1 1 1 0.922116
2 0 0 1.06043
3 0 0 0.919369

5
1 1 2 0.875055
2 1 1 0.986633
4 0 0 0.983329
5 0 0 0.934975
3 0 0 0.98707

3
1 1 2 0.880135
2 0 0 0.836287
3 0 0 1.07175

1
1 0 0 0.833655

3
1 0 7832 0.848598
2 0 0 0.863075
3 0 0 0.814278

1
1 0 0 0.881452

5
1 0 2487 0.881313
2 1 2 1.13922
4 0 0 1.03853
5 0 0 0.917608
3 0 0 0.91732

3
1 0 997 0.76227
2 0 0 0.982157
3 0 0 0.766761

5
1 1 2 0.862331
2 0 0 0.846452
3 0 4639 0.933909
6 0 0 0.873011
7 0 0 0.978585

1
1 0 0 0.763427

3
1 1 2 0.964361
2 0 0 0.832182
3 0 0 0.938184

3
1 1 2 0.900889
2 0 0 0.959931
3 0 0 0.916074

3
1 1 1 0.923538
2 0 0 1.05393
3 0 0 0.904226

5
1 1 2 0.74891
2 0 0 0.862758
3 0 6660 0.984076
6 0 0 0.922828
7 0 0 0.991414

3
1 0 4114 0.871599
2 0 0 0.91936
3 0 0 0.958317

5
1 1 2 0.825809
2 0 3372 0.854576
4 0 0 0.892903
5 0 0 0.883785
3 0 0 0.857794

3
1 1 2 0.926075
2 0 0 0.824754
3 0 0 0.96703

1
1 0 0 0.810278

3
1 1 1 0.944497
2 0 0 1.05779
3 0 0 0.708054

3
1 1 1 0.853666
2 0 0 0.995564
3 0 0 0.827239

1
1 0 0 0.958796

3
1 0 4711 0.921714
2 0 0 0.773584
3 0 0 0.904626

3
1 1 1 0.854196
2 0 0 1.07228
3 0 0 0.814954

5
1 0 1939 0.80894
2 1 1 1.02332
4 0 0 0.936961
5 0 0 0.85193
3 0 0 0.841921

1
1 0 0 0.763361

3
1 1 2 0.831068
2 0 0 0.830192
3 0 0 0.879774

1
1 0 0 0.78632

1
1 0 0 0.862568

3
1 0 4882 0.929177
2 0 0 0.944537
3 0 0 0.906725

1
1 0 0 0.870679

1
1 0 0 0.804752

5
1 0 1435 0.902395
2 0 0 1.07165
3 0 7670 0.938027
6 0 0 1.0247
7 0 0 0.949667

3
1 1 2 0.89355
2 0 0 0.823845
3 0 0 0.87298

3
1 1 1 0.808723
2 0 0 1.00761
3 0 0 0.855178

5
1 0 4071 0.878342
2 0 0 0.929471
3 0 6012 0.800123
6 0 0 0.946
7 0 0 0.830092

3
1 1 1 0.884356
2 0 0 1.009
3 0 0 0.761656

3
1 0 88 0.792656
2 0 0 1.16514
3 0 0 0.904247

1
1 0 0 0.813695

3
1 0 7952 0.880785
2 0 0 0.866185
3 0 0 0.848432

7
1 0 8504 0.921921
2 0 6074 0.899284
4 0 0 0.859419
5 0 0 1.01367
3 0 9185 0.912484
6 0 0 1.02129
7 0 0 0.789229

3
1 0 121 0.762576
2 0 0 1.10831
3 0 0 0.777331

3
1 0 1017 0.897826
2 0 0 0.998505
3 0 0 0.879541

5
1 0 7894 0.901462
2 0 0 0.937226
3 0 8134 0.831497
6 0 0 0.973435
7 0 0 1.01224

3
1 0 1062 0.858461
2 0 0 0.954311
3 0 0 0.829325

3
1 0 5908 0.926668
2 0 0 0.920254
3 0 0 0.900507

3
1 1 1 0.816383
2 0 0 1.09311
3 0 0 0.856849

3
1 0 9877 0.747221
2 0 0 0.885949
3 0 0 1.04422

5
1 0 182 0.770589
2 0 128 1.06881
4 0 0 1.0703
5 0 0 0.862626
3 0 0 0.79185

3
1 1 1 0.870166
2 0 0 1.09017
3 0 0 0.725778

3
1 0 5913 0.855543
2 0 0 0.955399
3 0 0 0.723267

3
1 0 6725 0.961942
2 0 0 0.971922
3 0 0 0.918309

3
1 1 1 0.741845
2 0 0 0.985464
3 0 0 0.799101

3
1 0 3596 0.872075
2 0 0 0.875034
3 0 0 0.774598

5
1 1 1 0.819623
2 0 518 0.893574
4 0 0 1.05962
5 0 0 0.931792
3 0 0 0.723202

3
1 1 1 0.840302
2 0 0 0.856289
3 0 0 0.799807

5
1 0 7308 0.904249
2 0 616 1.02305
4 0 0 0.940715
5 0 0 1.10093
3 0 0 0.933033

3
1 0 5054 0.902731
2 0 0 0.982459
3 0 0 0.853294

3
1 0 9392 0.93826
2 0 0 0.872204
3 0 0 1.00638

3
1 0 354 0.879956
2 0 0 0.969031
3 0 0 0.824746

3
1 0 4205 0.888301
2 0 0 1.00541
3 0 0 0.924004

3
1 1 2 0.809289
2 0 0 0.749209
3 0 0 0.832614

3
1 0 8573 0.852569
2 0 0 0.89478
3 0 0 0.860013

3
1 1 1 0.9022
2 0 0 1.0328
3 0 0 0.861917

3
1 0 1622 0.795959
2 0 0 1.02922
3 0 0 0.839348

5
1 0 409 0.737167
2 0 308 1.0556
4 0 0 1.01683
5 0 0 1.0184
3 0 0 0.741493

3
1 1 2 0.940956
2 0 0 0.83283
3 0 0 0.949358

5
1 1 1 0.992046
2 0 0 1.01403
3 1 2 0.91862
6 0 0 0.832661
7 0 0 1.11797

3
1 0 5005 0.942459
2 0 0 0.902961
3 0 0 0.959732

3
1 0 6623 0.958004
2 0 0 0.939846
3 0 0 0.909096

5
1 0 615 0.882654
2 0 0 1.01917
3 0 4647 0.958774
6 0 0 1.02282
7 0 0 0.938128

3
1 1 1 0.852907
2 0 0 1.14315
3 0 0 0.811641

3
1 1 2 0.899521
2 0 0 0.839405
3 0 0 0.997135

1
1 0 0 0.815733

5
1 1 1 0.858379
2 0 3116 1.00367
4 0 0 1.10741
5 0 0 0.91515
3 0 0 0.787118

5
1 1 2 0.900963
2 0 0 0.86524
3 0 9498 1.03797
6 0 0 0.988391
7 0 0 1.02912

1
1 0 0 0.851785

3
1 1 1 0.867373
2 0 0 0.887976
3 0 0 0.83427

7
1 0 525 1.02048
2 0 0 0.937444
3 0 3435 0.887992
6 1 2 0.912925
12 0 0 0.867632
13 0 0 1.06131
7 0 0 0.864567

7
1 1 2 0.890556
2 0 0 0.876221
3 0 371 1.00008
6 0 344 0.908549
12 0 0 0.957195
13 0 0 0.992971
7 0 0 0.976901

1
1 0 0 0.745727

3
1 0 8454 0.82115
2 0 0 0.834771
3 0 0 0.769905

1
1 0 0 0.81195

3
1 1 1 0.836365
2 0 0 0.964691
3 0 0 0.905254

3
1 1 1 0.905473
2 0 0 0.972661
3 0 0 0.873058

3
1 1 2 0.864385
2 0 0 0.844607
3 0 0 0.941555

3
1 0 7973 0.906878
2 0 0 1.0258
3 0 0 0.965891

5
1 1 1 0.950019
2 0 5167 1.10947
4 0 0 1.0281
5 0 0 1.08447
3 0 0 0.859144

3
1 1 1 0.866202
2 0 0 1.08002
3 0 0 0.773451

3
1 1 1 0.869438
2 0 0 0.902897
3 0 0 0.804762

3
1 1 1 0.85742
2 0 0 1.02619
3 0 0 0.825607

3
1 0 819 0.740743
2 0 0 0.961267
3 0 0 0.726393

3
1 0 874 0.821778
2 0 0 0.939198
3 0 0 0.793479

3
1 1 2 0.961865
2 0 0 0.883864
3 0 0 1.00431

7
1 1 2 0.937177
2 1 1 0.947221
4 0 0 0.974475
5 0 0 0.79922
3 0 136 0.99716
6 0 0 0.882026
7 0 0 1.1373

3
1 1 1 0.973945
2 0 0 1.0584
3 0 0 0.899947

1
1 0 0 0.817901

3
1 1 1 0.890448
2 0 0 1.14831
3 0 0 0.897543

1
1 0 0 0.844371

1
1 0 0 0.812526

3
1 0 3530 0.856197
2 0 0 0.858478
3 0 0 0.912671

1
1 0 0 0.813046

3
1 0 127 0.866943
2 0 0 0.886852
3 0 0 0.871234

3
1 0 115 0.812676
2 0 0 1.07857
3 0 0 0.80244

3
1 0 9221 0.940835
2 0 0 1.01432
3 0 0 0.931565

3
1 1 2 0.894567
2 0 0 0.682949
3 0 0 0.937317

3
1 0 1933 0.952245
2 0 0 0.950833
3 0 0 0.893241

5
1 1 1 0.904671
2 0 0 0.933282
3 1 2 0.886522
6 0 0 0.836834
7 0 0 0.971092

1
1 0 0 0.906048

1
1 0 0 0.884904

3
1 1 1 0.880082
2 0 0 0.918243
3 0 0 0.879307

1
1 0 0 0.813673

3
1 0 9619 0.917784
2 0 0 0.833719
3 0 0 1.0293

3
1 0 9550 0.810061
2 0 0 0.835927
3 0 0 1.04497

3
1 1 1 0.897171
2 0 0 0.985357
3 0 0 0.740406

3
1 1 2 0.934764
2 0 0 0.947312
3 0 0 1.02347

1
1 0 0 0.758414

5
1 0 6555 0.967125
2 0 0 0.963385
3 1 1 0.939404
6 0 0 0.9604
7 0 0 0.924182

3
1 0 3889 0.876645
2 0 0 0.968759
3 0 0 0.957312

3
1 1 2 0.92054
2 0 0 0.828609
3 0 0 0.920899

5
1 1 2 0.870478
2 0 0 0.94226
3 0 8556 0.893941
6 0 0 0.956426
7 0 0 0.996413

5
1 0 291 0.928053
2 0 115 0.909279
4 0 0 1.01098
5 0 0 0.963159
3 0 0 0.747066

3
1 0 780 0.898035
2 0 0 0.903064
3 0 0 0.909915

3
1 1 1 0.830955
2 0 0 0.971658
3 0 0 0.858745

1
1 0 0 0.840828

1
1 0 0 0.805718

3
1 0 9593 0.831588
2 0 0 0.903152
3 0 0 0.961455

3
1 0 8506 0.834176
2 0 0 0.885322
3 0 0 0.797372

5
1 0 9641 0.831092
2 0 0 0.838948
3 0 9896 0.853222
6 0 0 0.895435
7 0 0 1.02716

3
1 0 168 0.798215
2 0 0 1.08747
3 0 0 0.76496

3
1 0 144 0.887732
2 0 0 0.930458
3 0 0 0.867888

5
1 0 475 0.805984
2 0 0 0.980896
3 1 1 0.940406
6 0 0 1.08704
7 0 0 0.793352

1
1 0 0 0.828639

5
1 0 3342 0.901104
2 0 0 1.00686
3 0 3783 0.818583
6 0 0 1.05367
7 0 0 0.832582

3
1 1 1 0.916321
2 0 0 0.95497
3 0 0 0.8661

5
1 0 4477 0.92406
2 0 1285 0.971619
4 0 0 1.04664
5 0 0 1.05796
3 0 0 0.90084

3
1 1 1 0.831947
2 0 0 0.939468
3 0 0 0.921415

3
1 1 1 0.841936
2 0 0 0.953407
3 0 0 0.810171

3
1 1 2 0.841927
2 0 0 0.841079
3 0 0 0.902947

3
1 1 1 0.943732
2 0 0 0.941712
3 0 0 0.717283

3
1 0 3472 0.909871
2 0 0 0.930839
3 0 0 0.90507

7
1 0 9434 0.823548
2 0 0 0.684048
3 0 9932 0.912912
6 0 0 0.942385
7 1 1 0.975714
14 0 0 1.06711
15 0 0 0.938747

3
1 0 9618 0.796508
2 0 0 0.823444
3 0 0 0.917421

3
1 1 2 0.922162
2 0 0 0.865798
3 0 0 1.01766

3
1 0 226 0.85849
2 0 0 1.01464
3 0 0 0.817697

3
1 0 9669 0.979164
2 0 0 0.844032
3 0 0 1.027

3
1 1 1 0.953235
2 0 0 1.08637
3 0 0 0.88181

5
1 0 790 0.824758
2 1 1 0.906992
4 0 0 1.04153
5 0 0 0.931789
3 0 0 0.901433

3
1 1 1 0.827979
2 0 0 0.916729
3 0 0 0.851331

5
1 1 1 0.870166
2 0 3152 0.951538
4 0 0 0.960735
5 0 0 0.801959
3 0 0 0.863214

1
1 0 0 0.880271

3
1 1 1 0.814201
2 0 0 0.99425
3 0 0 0.862294

1
1 0 0 0.725492

5
1 1 1 0.897952
2 0 0 0.976002
3 1 2 1.01156
6 0 0 0.860052
7 0 0 0.94317

3
1 1 1 0.819623
2 0 0 0.992909
3 0 0 0.905907

3
1 0 8345 0.891916
2 0 0 0.999182
3 0 0 0.899327

1
1 0 0 0.883609

1
1 0 0 0.773718

3
1 0 7368 0.93397
2 0 0 0.902049
3 0 0 0.834277

3
1 1 1 0.900156
2 0 0 0.864726
3 0 0 0.88868

3
1 0 2689 0.851606
2 0 0 1.00854
3 0 0 0.877981

3
1 1 1 0.849733
2 0 0 0.971728
3 0 0 0.799018

3
1 0 4950 0.895377
2 0 0 1.05543
3 0 0 0.760326

1
1 0 0 0.958934

1
1 0 0 0.844898

3
1 1 1 0.798572
2 0 0 0.997567
3 0 0 0.778413

3
1 0 9685 0.810659
2 0 0 0.833424
3 0 0 0.914062

1
1 0 0 0.847748

5
1 0 4850 0.838672
2 0 0 0.835523
3 0 7933 0.938004
6 0 0 1.0178
7 0 0 0.877497

3
1 1 1 0.915441
2 0 0 1.05121
3 0 0 0.944567

1
1 0 0 0.792959

3
1 1 1 0.991954
2 0 0 0.943608
3 0 0 0.858371

1
1 0 0 0.917623

3
1 1 1 0.879884
2 0 0 1.01616
3 0 0 0.867583

3
1 0 6988 0.88265
2 0 0 0.924025
3 0 0 0.95823

3
1 1 1 0.816444
2 0 0 0.94714
3 0 0 0.791105

3
1 0 4095 0.859
2 0 0 0.978804
3 0 0 0.850922

1
1 0 0 0.858331

3
1 1 2 0.907698
2 0 0 0.783812
3 0 0 1.07256

7
1 1 1 0.982255
2 0 7941 0.994374
4 0 0 0.989435
5 0 0 0.96901
3 1 2 0.973315
6 0 0 0.769986
7 0 0 1.07777

5
1 0 3255 0.915147
2 1 2 1.00136
4 0 0 0.998152
5 0 0 1.03784
3 0 0 1.02784

3
1 1 1 0.918834
2 0 0 0.992529
3 0 0 0.720085

3
1 1 1 0.902679
2 0 0 0.970235
3 0 0 0.903966

1
1 0 0 0.840544

3
1 0 9726 0.914305
2 0 0 0.797145
3 0 0 0.890463

3
1 0 8943 0.84361
2 0 0 0.855491
3 0 0 0.739483

3
1 0 267 0.704605
2 0 0 0.992166
3 0 0 0.800494

3
1 1 1 0.909956
2 0 0 0.90163
3 0 0 0.900115

3
1 1 1 0.855281
2 0 0 0.90322
3 0 0 0.85635

3
1 1 1 0.900517
2 0 0 0.87733
3 0 0 0.772618

3
1 0 22 0.932357
2 0 0 0.953105
3 0 0 0.885361

5
1 0 3610 0.902162
2 0 2817 0.830995
4 0 0 0.939431
5 0 0 0.902548
3 0 0 0.97139

3
1 1 1 0.803025
2 0 0 1.04816
3 0 0 0.801299

3
1 1 1 0.884066
2 0 0 1.01724
3 0 0 0.765825

3
1 1 2 0.919045
2 0 0 0.802247
3 0 0 1.05786

1
1 0 0 0.91701

1
1 0 0 0.799782

3
1 1 1 0.883022
2 0 0 0.922677
3 0 0 0.890113

5
1 0 8573 0.868663
2 0 0 0.981802
3 0 8936 0.875225
6 0 0 0.92935
7 0 0 0.944061

1
1 0 0 0.848789

3
1 1 1 0.815011
2 0 0 0.949597
3 0 0 0.760793

1
1 0 0 0.79159

1
1 0 0 0.871605

3
1 0 984 0.901654
2 0 0 1.07469
3 0 0 0.853149

3
1 0 9990 0.787
2 0 0 0.832773
3 0 0 0.919166

1
1 0 0 0.749276

3
1 1 1 0.794658
2 0 0 1.00302
3 0 0 0.909691

5
1 0 1064 0.881384
2 0 0 0.833733
3 1 1 0.886329
6 0 0 0.956991
7 0 0 0.902393

3
1 0 3563 0.841482
2 0 0 0.927471
3 0 0 0.927704

3
1 1 1 0.876078
2 0 0 0.890973
3 0 0 0.761936

5
1 1 2 0.914863
2 0 0 0.83928
3 0 5468 0.974319
6 0 0 0.984106
7 0 0 1.02016

3
1 0 3888 0.956086
2 0 0 0.946963
3 0 0 0.924474

3
1 0 9844 0.828562
2 0 0 0.860992
3 0 0 0.982317

1
1 0 0 0.744425

5
1 0 5859 0.905394
2 0 0 1.00931
3 0 7363 0.950846
6 0 0 1.0544
7 0 0 0.907358

3
1 1 1 0.80801
2 0 0 0.870718
3 0 0 0.776352

5
1 1 2 0.843465
2 0 651 0.836646
4 0 0 1.02786
5 0 0 0.901324
3 0 0 1.1615

5
1 1 1 0.823388
2 0 3004 1.0378
4 0 0 0.990672
5 0 0 0.961892
3 0 0 0.76453

5
1 1 2 0.857378
2 0 0 0.759984
3 0 5361 0.957391
6 0 0 1.00074
7 0 0 0.925769

7
1 1 1 0.803917
2 0 6097 0.94702
4 0 4771 1.01626
8 0 0 1.02475
9 0 0 1.01929
5 0 0 0.845162
3 0 0 0.856097

3
1 1 1 0.85905
2 0 0 1.03576
3 0 0 0.791333

3
1 0 7313 0.943124
2 0 0 0.900591
3 0 0 0.840729

3
1 1 1 0.898318
2 0 0 1.12949
3 0 0 0.996557

3
1 1 2 0.913235
2 0 0 0.818697
3 0 0 0.925065

3
1 0 698 0.871243
2 0 0 0.924521
3 0 0 0.831412

3
1 1 2 0.931302
2 0 0 0.810289
3 0 0 0.995804

3
1 1 2 0.900861
2 0 0 0.874901
3 0 0 0.915548

3
1 1 1 0.861718
2 0 0 0.967698
3 0 0 0.894375

3
1 0 9417 0.88324
2 0 0 0.850255
3 0 0 0.927759

3
1 0 9668 0.858393
2 0 0 0.785788
3 0 0 0.947984

7
1 0 4993 0.875874
2 0 3866 0.924983
4 0 0 0.921321
5 0 0 0.948682
3 1 2 0.995503
6 0 0 1.01916
7 0 0 1.02614

3
1 0 9851 0.827384
2 0 0 0.829846
3 0 0 0.816957

1
1 0 0 0.742097

3
1 1 2 0.90472
2 0 0 0.874914
3 0 0 0.948466

1
1 0 0 0.836725

5
1 0 6421 0.821923
2 0 2173 1.06642
4 0 0 0.95103
5 0 0 1.01292
3 0 0 0.848704

1
1 0 0 0.822477

3
1 0 3288 0.95194
2 0 0 0.908013
3 0 0 0.977729

1
1 0 0 0.803173

1
1 0 0 0.878996

3
1 0 584 0.877259
2 0 0 0.922615
3 0 0 0.893688

5
1 0 1510 0.783939
2 1 2 1.04134
4 0 0 0.940311
5 0 0 0.947029
3 0 0 0.931936

3
1 0 3132 0.859743
2 0 0 1.02725
3 0 0 0.729939

5
1 0 5750 0.883296
2 0 689 0.811715
4 0 0 0.976377
5 0 0 0.863918
3 0 0 0.773891

1
1 0 0 0.885261

7
1 0 2169 0.87016
2 1 2 0.94006
4 0 0 0.981998
5 0 75 1.00259
10 0 0 1.03281
11 0 0 0.875664
3 0 0 0.912719

1
1 0 0 0.767542

3
1 1 2 0.86637
2 0 0 0.828141
3 0 0 0.890457

3
1 0 7544 0.909596
2 0 0 0.945525
3 0 0 0.88768

5
1 0 16 0.798831
2 0 8 1.0525
4 0 0 0.985058
5 0 0 0.862699
3 0 0 0.83653

3
1 1 2 0.793146
2 0 0 0.750836
3 0 0 0.754743

3
1 1 1 0.814201
2 0 0 1.10019
3 0 0 0.821299

3
1 0 222 0.902366
2 0 0 0.948178
3 0 0 0.823158

3
1 1 1 0.866768
2 0 0 1.02983
3 0 0 0.846343

3
1 1 1 0.871579
2 0 0 0.99757
3 0 0 0.827457

7
1 1 2 0.914543
2 1 1 0.908173
4 0 0 0.909281
5 0 0 0.84042
3 0 6151 1.02878
6 0 0 1.01782
7 0 0 0.973819

3
1 1 1 0.960962
2 0 0 0.976206
3 0 0 0.853568

1
1 0 0 0.84499

7
1 0 1364 0.839708
2 0 0 0.919027
3 0 1581 0.84583
6 1 2 1.01097
12 0 0 1.05329
13 0 0 1.03666
7 0 0 0.853483

1
1 0 0 0.901092

1
1 0 0 0.740912

3
1 1 1 0.837717
2 0 0 0.938249
3 0 0 0.808482

1
1 0 0 0.822699

5
1 0 6258 0.941801
2 1 1 0.987389
4 0 0 0.991905
5 0 0 1.02087
3 0 0 0.950899

7
1 1 2 0.93977
2 0 0 0.833206
3 0 4362 0.964854
6 0 282 1.01424
12 0 0 0.963138
13 0 0 1.03072
7 0 0 0.973212

3
1 1 1 0.798572
2 0 0 1.03632
3 0 0 1.00852

3
1 1 1 0.949531
2 0 0 1.05086
3 0 0 0.949378

3
1 1 1 0.85614
2 0 0 1.01676
3 0 0 0.795854

5
1 1 1 0.958657
2 0 0 1.01875
3 1 2 0.900425
6 0 0 0.895381
7 0 0 0.985361

5
1 0 9755 0.804232
2 0 0 0.773231
3 0 9946 1.01139
6 0 0 0.937467
7 0 0 0.881194

1
1 0 0 0.824685

3
1 1 2 0.812291
2 0 0 0.916328
3 0 0 0.997831

1
1 0 0 0.835811

7
1 0 6539 0.922503
2 0 0 0.905286
3 1 2 0.946089
6 0 0 0.899547
7 0 9776 1.02666
14 0 0 1.03496
15 0 0 0.998865

1
1 0 0 0.877469

3
1 1 1 0.879906
2 0 0 0.979674
3 0 0 0.720947

3
1 0 1277 0.97939
2 0 0 1.01242
3 0 0 0.960441

3
1 1 1 0.848254
2 0 0 0.974201
3 0 0 0.808547

5
1 1 1 0.845635
2 0 3016 1.1311
4 0 0 0.960323
5 0 0 0.972491
3 0 0 0.915503

5
1 1 2 0.879237
2 0 5923 0.967914
4 0 0 0.981501
5 0 0 0.986583
3 0 0 1.01183

3
1 1 1 0.879459
2 0 0 1.01271
3 0 0 0.892253

5
1 1 2 0.919964
2 0 84 0.830471
4 0 0 0.895375
5 0 0 0.813044
3 0 0 0.918729

1
1 0 0 0.89577

3
1 1 1 0.903312
2 0 0 0.920031
3 0 0 0.841502

3
1 1 2 0.893399
2 0 0 0.814525
3 0 0 0.915541

9
1 0 754 0.865633
2 0 697 0.85276
4 0 608 0.901992
8 0 0 1.14922
9 0 0 0.893634
5 1 2 1.0232
10 0 0 1.02588
11 0 0 1.0885
3 0 0 0.874721

3
1 1 1 0.866156
2 0 0 0.992875
3 0 0 0.736273

3
1 0 2611 0.802249
2 0 0 0.890667
3 0 0 0.803282

5
1 0 5533 0.886713
2 0 0 0.864112
3 0 7174 0.917853
6 0 0 1.07843
7 0 0 0.84544

5
1 1 2 0.919407
2 0 9787 0.761989
4 0 0 0.816646
5 0 0 0.884912
3 0 0 0.958161

3
1 1 1 0.93678
2 0 0 0.866361
3 0 0 0.759475

5
1 1 2 0.807716
2 0 0 0.773884
3 0 4206 0.975975
6 0 0 0.932694
7 0 0 0.94911

3
1 0 8157 0.972966
2 0 0 0.903805
3 0 0 0.979261

3
1 0 6600 0.892566
2 0 0 0.956605
3 0 0 0.887712

3
1 0 5051 0.888807
2 0 0 0.989242
3 0 0 0.899676

3
1 1 1 0.964611
2 0 0 0.843164
3 0 0 0.890531

3
1 1 1 0.851238
2 0 0 1.06955
3 0 0 0.819769

3
1 0 9610 0.86252
2 0 0 0.872219
3 0 0 0.935195

5
1 0 2820 0.827863
2 0 2603 0.99085
4 0 0 0.958469
5 0 0 0.961436
3 0 0 0.912651

1
1 0 0 0.751965

3
1 1 1 0.815011
2 0 0 1.01705
3 0 0 0.880331

3
1 1 2 0.861108
2 0 0 0.835971
3 0 0 1.05208

1
1 0 0 0.770079

5
1 1 1 0.82149
2 0 0 1.01855
3 1 2 0.834607
6 0 0 0.785082
7 0 0 0.875688

5
1 0 952 0.881841
2 0 449 1.01365
4 0 0 1.08251
5 0 0 0.98892
3 0 0 0.866813

3
1 0 5582 0.822879
2 0 0 0.99886
3 0 0 0.883178

7
1 1 2 0.768682
2 0 0 0.756853
3 0 7871 0.874817
6 0 0 0.942021
7 0 9144 0.830851
14 0 0 0.815924
15 0 0 0.930546

3
1 1 2 0.841591
2 0 0 0.842498
3 0 0 0.910198

1
1 0 0 0.747288

3
1 1 2 0.832682
2 0 0 0.732941
3 0 0 0.961897

3
1 0 5095 0.866269
2 0 0 0.914944
3 0 0 0.872938

5
1 1 2 0.919031
2 0 0 0.82005
3 0 9211 1.04692
6 0 0 1.01837
7 0 0 0.947234

3
1 0 5099 0.900912
2 0 0 0.880348
3 0 0 0.880055

3
1 1 1 0.874999
2 0 0 0.971073
3 0 0 0.715575

3
1 0 8674 0.941935
2 0 0 0.960533
3 0 0 0.936774

3
1 0 229 0.849047
2 0 0 1.06974
3 0 0 0.824987

5
1 0 588 0.996503
2 0 0 0.950149
3 1 1 1.02023
6 0 0 1.05686
7 0 0 0.86553

5
1 1 1 0.955518
2 0 0 1.03351
3 0 589 0.995626
6 0 0 0.980233
7 0 0 0.94615

3
1 0 55 0.831985
2 0 0 1.03458
3 0 0 0.851036

3
1 1 1 0.854364
2 0 0 1.00166
3 0 0 0.710553

3
1 1 2 0.896709
2 0 0 0.889862
3 0 0 0.910392

3
1 0 9614 0.876555
2 0 0 0.926988
3 0 0 0.895982

3
1 1 1 0.898318
2 0 0 0.927164
3 0 0 0.775823

5
1 1 1 0.857376
2 0 321 1.09052
4 0 0 1.08545
5 0 0 1.11846
3 0 0 0.795369

3
1 0 4682 0.952083
2 0 0 0.926794
3 0 0 0.766312

1
1 0 0 0.912487

5
1 0 6305 0.983629
2 0 0 0.998103
3 1 1 0.951996
6 0 0 1.02151
7 0 0 0.851647

3
1 1 1 0.861718
2 0 0 0.855458
3 0 0 0.623542

3
1 1 1 0.921561
2 0 0 0.97187
3 0 0 0.874356

3
1 1 1 0.79875
2 0 0 1.0159
3 0 0 0.884053

3
1 0 9552 0.933009
2 0 0 0.842488
3 0 0 0.929633

1
1 0 0 0.787795

1
1 0 0 0.950541

1
1 0 0 0.74941

1
1 0 0 0.719954

1
1 0 0 0.890447

1
1 0 0 0.789782

3
1 1 1 0.851274
2 0 0 0.904584
3 0 0 0.849644

5
1 1 1 0.924401
2 0 6321 1.0815
4 0 0 0.966453
5 0 0 1.10238
3 0 0 0.827538

3
1 0 1465 0.864334
2 0 0 0.991125
3 0 0 1.02424

3
1 0 5179 0.91547
2 0 0 0.975144
3 0 0 0.935548

3
1 0 4004 0.885377
2 0 0 0.870801
3 0 0 0.909804

5
1 0 1095 0.890324
2 0 996 0.872581
4 0 0 0.913364
5 0 0 0.85739
3 0 0 0.911454

1
1 0 0 0.926701

3
1 0 6469 0.846801
2 0 0 0.975899
3 0 0 0.80701

1
1 0 0 0.862052

5
1 0 266 0.740117
2 1 2 0.923759
4 0 0 1.04109
5 0 0 0.991934
3 0 0 0.770943

1
1 0 0 0.81712

5
1 0 8005 0.939764
2 0 0 0.907592
3 0 8521 0.907734
6 0 0 1.01044
7 0 0 0.840763

3
1 1 1 0.855647
2 0 0 1.07544
3 0 0 0.789108

3
1 1 1 0.886807
2 0 0 1.01133
3 0 0 0.822894

3
1 1 1 0.935938
2 0 0 1.05876
3 0 0 0.785941

1
1 0 0 0.89619

3
1 1 1 0.845062
2 0 0 0.919637
3 0 0 0.925997

3
1 0 547 0.726423
2 0 0 0.897498
3 0 0 0.70855

5
1 0 7164 0.827043
2 0 0 1.00575
3 0 7322 0.791633
6 0 0 0.904898
7 0 0 0.803987

3
1 0 4502 0.813613
2 0 0 0.950047
3 0 0 0.800759

3
1 0 9737 0.671765
2 0 0 0.813302
3 0 0 0.922115

5
1 1 2 0.84402
2 0 0 0.796537
3 0 3246 0.910496
6 0 0 1.05011
7 0 0 0.904527

7
1 0 9546 0.894078
2 0 9454 0.843416
4 0 0 0.822562
5 1 2 1.02762
10 0 0 1.04569
11 0 0 0.96847
3 0 0 0.993335

5
1 1 2 0.848692
2 0 9558 0.832858
4 0 0 0.80774
5 0 0 0.897907
3 0 0 0.885801

3
1 0 4113 0.832222
2 0 0 0.928626
3 0 0 0.776135

3
1 1 1 0.809931
2 0 0 1.0884
3 0 0 0.864172

3
1 1 1 0.821984
2 0 0 0.937139
3 0 0 0.800678

3
1 1 2 0.895412
2 0 0 0.886729
3 0 0 0.915276

5
1 0 4862 0.853032
2 0 1879 0.990553
4 0 0 0.9122
5 0 0 0.957076
3 0 0 0.88386

3
1 1 1 0.833561
2 0 0 0.979612
3 0 0 0.843511

1
1 0 0 0.72928

3
1 1 1 0.958657
2 0 0 1.03741
3 0 0 0.807163

3
1 0 9357 0.948146
2 0 0 0.947769
3 0 0 0.843576

5
1 1 2 0.898631
2 0 0 0.870126
3 0 4396 0.907387
6 0 0 0.936744
7 0 0 0.844847

3
1 1 2 0.895097
2 0 0 0.885162
3 0 0 1.02151

3
1 1 1 0.880069
2 0 0 1.11317
3 0 0 0.79784

3
1 1 2 0.873
2 0 0 0.814984
3 0 0 1.02056

5
1 1 1 0.897892
2 0 4330 0.941979
4 0 0 0.943959
5 0 0 0.896838
3 0 0 0.830121

3
1 0 6221 0.897283
2 0 0 0.961669
3 0 0 0.80031

3
1 1 2 0.951972
2 0 0 0.959894
3 0 0 0.920402

3
1 1 2 0.8947
2 0 0 0.787683
3 0 0 0.938902

3
1 1 1 0.85401
2 0 0 1.09537
3 0 0 0.903281

3
1 1 1 0.840289
2 0 0 1.08534
3 0 0 0.806651

3
1 1 1 0.879459
2 0 0 0.911798
3 0 0 0.909741

1
1 0 0 0.842956

3
1 1 1 0.926854
2 0 0 1.00524
3 0 0 0.751679

3
1 1 2 0.844754
2 0 0 0.748473
3 0 0 0.932211

1
1 0 0 0.862703

3
1 0 7747 0.880121
2 0 0 1.05151
3 0 0 0.861779

3
1 0 7542 0.933627
2 0 0 0.862054
3 0 0 0.946534

5
1 1 1 0.792976
2 0 4367 1.0079
4 0 0 1.00756
5 0 0 0.985049
3 0 0 0.877483

3
1 1 1 0.83134
2 0 0 1.0538
3 0 0 0.861748

3
1 0 2816 0.859011
2 0 0 0.888717
3 0 0 0.866782

3
1 1 1 0.895066
2 0 0 0.955231
3 0 0 0.862334

3
1 0 143 0.788924
2 0 0 1.03616
3 0 0 0.864538

3
1 0 1444 0.846063
2 0 0 0.995056
3 0 0 0.816638

3
1 0 205 0.853559
2 0 0 0.992558
3 0 0 0.765914

3
1 0 688 0.848809
2 0 0 0.991163
3 0 0 0.821429

3
1 0 7580 0.856133
2 0 0 0.860865
3 0 0 0.90753

3
1 0 4074 0.945971
2 0 0 0.982913
3 0 0 0.813237

3
1 0 4041 0.943708
2 0 0 0.96673
3 0 0 0.929155

5
1 0 7183 0.899254
2 0 0 0.905788
3 0 8561 0.976257
6 0 0 1.10341
7 0 0 0.87879

3
1 1 2 0.925506
2 0 0 0.916933
3 0 0 0.993146

1
1 0 0 0.809017

1
1 0 0 0.86848

5
1 1 2 0.90068
2 0 0 0.819352
3 0 9779 1.03934
6 0 0 0.964491
7 0 0 0.972221

3
1 1 1 0.886484
2 0 0 0.870107
3 0 0 0.815841

3
1 0 8153 0.913831
2 0 0 0.870907
3 0 0 0.958309

1
1 0 0 0.928489

3
1 0 415 0.758024
2 0 0 0.973493
3 0 0 0.825088

3
1 0 1489 0.863478
2 0 0 0.959677
3 0 0 0.798363

5
1 1 2 0.895357
2 0 0 0.786228
3 0 880 1.12684
6 0 0 0.904839
7 0 0 1.09848

3
1 0 631 0.843018
2 0 0 0.958653
3 0 0 0.942734

5
1 0 6068 0.913261
2 0 0 1.00264
3 0 9534 0.918328
6 0 0 0.876212
7 0 0 1.00485

3
1 0 4495 0.894139
2 0 0 0.809754
3 0 0 0.96458

3
1 1 1 0.920783
2 0 0 0.985073
3 0 0 0.856165

5
1 0 9926 0.829127
2 0 0 0.841997
3 1 2 1.01923
6 0 0 0.983172
7 0 0 1.17185

5
1 1 1 0.854597
2 0 0 0.895773
3 0 7247 0.836606
6 0 0 0.862875
7 0 0 0.946631

3
1 0 1145 0.848942
2 0 0 1.03733
3 0 0 0.800153

1
1 0 0 0.775992

3
1 1 1 0.872539
2 0 0 1.0352
3 0 0 0.7605

3
1 0 4303 0.986505
2 0 0 0.868782
3 0 0 0.92735

1
1 0 0 0.724332

1
1 0 0 0.935543

3
1 1 1 0.862756
2 0 0 0.854644
3 0 0 0.832125

3
1 1 1 0.922909
2 0 0 1.03935
3 0 0 0.886114

3
1 0 842 0.953176
2 0 0 1.01394
3 0 0 0.834311

5
1 0 6769 0.942477
2 1 2 0.904676
4 0 0 0.78305
5 0 0 1.06033
3 0 0 1.00939

5
1 0 5801 0.850828
2 0 4947 0.897269
4 0 0 0.833267
5 0 0 0.947839
3 0 0 0.85829

3
1 0 6956 0.862798
2 0 0 0.898556
3 0 0 0.875537

3
1 1 1 0.793091
2 0 0 0.835848
3 0 0 0.793488

1
1 0 0 0.86223

5
1 1 1 0.79875
2 0 5749 1.04367
4 0 0 1.00853
5 0 0 1.00938
3 0 0 0.906492

3
1 1 1 0.904036
2 0 0 0.925588
3 0 0 0.970799

5
1 1 1 0.922656
2 0 6300 0.988774
4 0 0 1.03577
5 0 0 0.996665
3 0 0 0.922471

3
1 1 2 0.840233
2 0 0 0.776779
3 0 0 0.918071

3
1 1 1 0.849237
2 0 0 0.898042
3 0 0 0.829977

1
1 0 0 0.739401

1
1 0 0 0.873221

1
1 0 0 0.863379

1
1 0 0 0.763024

1
1 0 0 0.801273

7
1 1 2 0.816772
2 0 9440 0.887544
4 0 0 0.832847
5 0 0 1.00559
3 0 5321 0.933789
6 0 0 0.940365
7 0 0 0.95921

5
1 1 2 0.92472
2 0 7088 0.871443
4 0 0 1.00636
5 0 0 0.81714
3 0 0 0.876705

3
1 0 3873 0.890132
2 0 0 0.858866
3 0 0 0.987537

3
1 0 7343 0.887488
2 0 0 0.867713
3 0 0 0.890608

3
1 0 6556 0.866895
2 0 0 0.869781
3 0 0 0.842365

1
1 0 0 0.765457

3
1 1 1 0.892356
2 0 0 0.941414
3 0 0 0.662086

5
1 1 1 0.976284
2 0 0 1.01671
3 0 4017 0.870274
6 0 0 0.974255
7 0 0 0.846997

3
1 1 2 0.878549
2 0 0 0.878631
3 0 0 1.0554

3
1 0 8669 0.95026
2 0 0 1.0332
3 0 0 0.749528

1
1 0 0 0.803007

3
1 0 79 0.908488
2 0 0 1.11437
3 0 0 0.970871

3
1 1 1 0.879947
2 0 0 0.945164
3 0 0 0.827831

3
1 1 1 0.874336
2 0 0 1.00712
3 0 0 0.877729

3
1 1 1 0.846635
2 0 0 0.954686
3 0 0 0.90665

5
1 1 1 0.918505
2 0 3658 0.983663
4 0 0 0.983064
5 0 0 0.993657
3 0 0 0.758332

3
1 1 1 0.821752
2 0 0 1.03385
3 0 0 0.90472

3
1 1 1 0.861477
2 0 0 1.02295
3 0 0 0.795473

1
1 0 0 0.808213

1
1 0 0 0.872019

5
1 1 2 0.877825
2 0 0 0.80653
3 0 1495 0.920731
6 0 0 1.02493
7 0 0 0.9436

3
1 1 1 0.93231
2 0 0 0.958046
3 0 0 0.929339

3
1 0 7430 0.949506
2 0 0 0.937212
3 0 0 0.858747

3
1 1 1 0.881855
2 0 0 0.991027
3 0 0 0.781169

3
1 1 1 0.821984
2 0 0 1.07102
3 0 0 0.846264

1
1 0 0 0.730589

5
1 1 2 0.880065
2 0 7664 0.926412
4 0 0 0.911816
5 0 0 0.809738
3 0 0 1.0216

3
1 0 1334 0.890742
2 0 0 0.976983
3 0 0 0.836331

3
1 0 393 0.865152
2 0 0 1.0719
3 0 0 0.826708

3
1 0 9797 0.80336
2 0 0 0.808258
3 0 0 0.994201

1
1 0 0 0.831001

5
1 1 1 0.924095
2 0 0 0.954553
3 0 2486 0.873664
6 0 0 0.847016
7 0 0 0.900099

1
1 0 0 0.870047

3
1 0 5056 0.901833
2 0 0 0.851308
3 0 0 0.807183

1
1 0 0 0.936335

3
1 0 60 0.83596
2 0 0 1.07565
3 0 0 0.858603

1
1 0 0 0.874155

3
1 1 2 0.866364
2 0 0 0.76759
3 0 0 0.961351

3
1 1 1 0.899489
2 0 0 1.10196
3 0 0 0.732254

3
1 1 2 0.899718
2 0 0 0.805288
3 0 0 1.09186

5
1 0 9542 0.830802
2 0 5793 0.961037
4 0 0 1.09211
5 0 0 0.934883
3 0 0 0.940229

5
1 1 1 0.829935
2 0 3827 0.908484
4 0 0 0.929653
5 0 0 0.913873
3 0 0 0.742833

1
1 0 0 0.828029

3
1 1 1 0.926854
2 0 0 1.01188
3 0 0 0.965831

7
1 0 783 0.833509
2 0 433 0.985737
4 0 0 0.952815
5 1 1 0.953401
10 0 0 1.07926
11 0 0 1.16265
3 0 0 0.795926

3
1 1 1 0.84138
2 0 0 1.00749
3 0 0 0.773414

5
1 1 2 0.836646
2 0 0 0.866175
3 0 8167 0.993997
6 0 0 1.0266
7 0 0 1.00316

5
1 0 5990 0.837944
2 0 0 1.01928
3 0 7101 0.859323
6 0 0 0.874643
7 0 0 0.929507

5
1 0 9678 0.835051
2 0 0 0.807995
3 0 9902 1.03405
6 0 0 0.984096
7 0 0 0.937445

1
1 0 0 0.818442

3
1 0 3337 0.843697
2 0 0 0.904244
3 0 0 0.856978

1
1 0 0 0.834108

1
1 0 0 0.833424

3
1 1 1 0.860683
2 0 0 1.1661
3 0 0 0.820532

5
1 0 8903 0.919706
2 0 1053 0.942336
4 0 0 1.13793
5 0 0 0.863652
3 0 0 0.880808

3
1 1 1 0.916743
2 0 0 1.042
3 0 0 0.896498

3
1 1 1 0.847909
2 0 0 0.972961
3 0 0 0.972747

3
1 1 1 0.87161
2 0 0 0.948856
3 0 0 0.83554

3
1 1 1 0.898467
2 0 0 1.0641
3 0 0 0.774116

3
1 0 9694 0.905919
2 0 0 0.873066
3 0 0 0.93257

1
1 0 0 0.851509

5
1 1 2 0.831807
2 0 7071 0.945403
4 0 0 1.04104
5 0 0 0.917178
3 0 0 0.794114

3
1 0 3817 0.88302
2 0 0 0.907728
3 0 0 0.873067

1
1 0 0 0.967573

1
1 0 0 0.844741

5
1 0 595 0.799273
2 1 2 0.932034
4 0 0 0.94397
5 0 0 1.15433
3 0 0 0.757499

1
1 0 0 0.880172

3
1 1 2 0.899626
2 0 0 0.791821
3 0 0 0.935061

7
1 1 1 0.909679
2 0 5393 0.941058
4 0 0 1.15118
5 0 6391 0.939321
10 0 0 1.05815
11 0 0 1.01569
3 0 0 0.731965

5
1 1 1 0.817011
2 0 4117 0.98829
4 0 0 0.985723
5 0 0 1.052
3 0 0 0.816771

3
1 0 9840 0.807327
2 0 0 0.827263
3 0 0 1.03834

1
1 0 0 0.808285

1
1 0 0 0.831434

3
1 1 1 0.928372
2 0 0 0.950536
3 0 0 0.898469

3
1 1 1 1.02093
2 0 0 0.920424
3 0 0 0.90249

3
1 1 2 0.940239
2 0 0 0.873731
3 0 0 0.954839

5
1 0 5367 0.949365
2 1 2 0.970358
4 0 0 1.07782
5 0 0 0.957282
3 0 0 0.928591

5
1 1 2 0.950438
2 1 1 0.989418
4 0 0 0.934747
5 0 0 0.931105
3 0 0 1.04523

5
1 0 9934 0.851669
2 1 1 0.792678
4 0 0 0.984466
5 0 0 0.775559
3 0 0 1.07058

5
1 1 2 0.953394
2 0 0 0.894358
3 0 4575 0.948446
6 0 0 0.963126
7 0 0 0.998536

1
1 0 0 0.843384

5
1 0 9812 0.805091
2 0 0 0.843008
3 1 1 0.921076
6 0 0 1.02341
7 0 0 0.963993

3
1 1 2 0.865242
2 0 0 0.831974
3 0 0 0.906287

3
1 1 2 0.829028
2 0 0 0.753864
3 0 0 1.02971

1
1 0 0 0.739701

3
1 1 2 0.977739
2 0 0 0.948772
3 0 0 0.905598

1
1 0 0 0.845181

1
1 0 0 0.825909

3
1 1 2 0.876394
2 0 0 0.886641
3 0 0 0.941381

3
1 1 1 0.850368
2 0 0 1.01928
3 0 0 0.88725

3
1 0 1158 0.853667
2 0 0 1.04664
3 0 0 0.82759

7
1 0 9472 0.807046
2 0 0 0.940459
3 0 9970 1.01653
6 0 0 0.93542
7 0 9977 1.17097
14 0 0 0.9384
15 0 0 1.05718

3
1 1 1 0.915946
2 0 0 1.02179
3 0 0 0.811229

3
1 0 3961 0.918153
2 0 0 0.91161
3 0 0 0.79842

3
1 1 2 0.91159
2 0 0 0.807809
3 0 0 1.01699

3
1 0 4824 0.864186
2 0 0 1.03981
3 0 0 0.869017

5
1 0 7620 0.878855
2 0 5870 0.997063
4 0 0 0.906143
5 0 0 1.08524
3 0 0 0.881661

1
1 0 0 0.798898

1
1 0 0 0.745934

3
1 0 6025 0.846221
2 0 0 0.97883
3 0 0 0.796546

1
1 0 0 0.92659

5
1 0 9761 0.813109
2 0 0 0.789368
3 0 9790 1.05212
6 0 0 0.978474
7 0 0 0.984748

7
1 0 641 0.909945
2 0 537 1.0767
4 0 401 1.06463
8 0 0 0.949044
9 0 0 0.978361
5 0 0 0.964781
3 0 0 0.877611

3
1 0 3081 0.856
2 0 0 0.8482
3 0 0 0.85005

1
1 0 0 0.772641

3
1 1 1 0.85207
2 0 0 0.922727
3 0 0 0.856709

5
1 1 2 0.88447
2 0 0 0.929131
3 0 2000 0.970981
6 0 0 0.9186
7 0 0 0.943766

1
1 0 0 0.749814

3
1 0 1416 0.912456
2 0 0 0.88141
3 0 0 0.822717

5
1 0 3424 0.784284
2 1 1 1.00496
4 0 0 1.06248
5 0 0 1.13204
3 0 0 1.00221

5
1 0 9896 0.765023
2 0 0 0.779654
3 1 1 1.04869
6 0 0 1.03726
7 0 0 0.98913

3
1 1 1 0.891511
2 0 0 0.998708
3 0 0 0.81376

3
1 0 4885 0.831401
2 0 0 0.952038
3 0 0 0.846049

7
1 0 9844 0.899216
2 1 2 0.881915
4 0 0 0.894648
5 0 0 0.959072
3 0 9934 1.01668
6 0 0 1.01717
7 0 0 0.924238

3
1 1 1 0.846635
2 0 0 0.877162
3 0 0 0.929024

1
1 0 0 0.853342

3
1 1 1 0.797373
2 0 0 1.01776
3 0 0 0.769092

3
1 1 1 0.837815
2 0 0 1.0245
3 0 0 0.793218

3
1 0 6489 0.922784
2 0 0 0.945924
3 0 0 0.874678

1
1 0 0 0.915835

1
1 0 0 0.865079

1
1 0 0 0.768068

3
1 1 1 0.850442
2 0 0 0.966355
3 0 0 0.87262

3
1 1 1 0.861173
2 0 0 1.08399
3 0 0 0.806506

5
1 1 2 0.885939
2 0 0 0.856274
3 0 3981 0.898947
6 0 0 1.00784
7 0 0 0.890448

7
1 0 2115 0.843407
2 0 0 0.897724
3 0 6198 1.03073
6 0 2798 0.997306
12 0 0 0.995044
13 0 0 1.06223
7 0 0 0.891915

1
1 0 0 0.951195

7
1 0 8364 0.823151
2 0 5027 0.90627
4 0 0 0.967353
5 0 0 1.00197
3 0 9638 0.893182
6 0 0 0.879329
7 0 0 0.999159

3
1 0 9389 0.825116
2 0 0 0.859019
3 0 0 0.999435

3
1 1 1 0.948275
2 0 0 0.917954
3 0 0 0.76778

3
1 1 2 0.851607
2 0 0 0.915576
3 0 0 1.03235

3
1 0 818 0.751524
2 0 0 0.935412
3 0 0 0.765171

1
1 0 0 0.76878

3
1 1 1 0.856734
2 0 0 0.989183
3 0 0 0.831417

1
1 0 0 0.880587

1
1 0 0 0.729651

1
1 0 0 0.818619

3
1 1 2 0.903566
2 0 0 0.807255
3 0 0 0.97407

7
1 0 6755 0.854694
2 1 1 0.953338
4 0 0 1.03014
5 1 2 1.00438
10 0 0 0.949436
11 0 0 1.06148
3 0 0 0.862755

5
1 0 4269 0.908004
2 0 2397 1.01055
4 0 0 1.02356
5 0 0 1.03223
3 0 0 0.858329

3
1 1 1 0.8409
2 0 0 0.882664
3 0 0 0.787284

7
1 1 1 0.829935
2 0 6384 1.00228
4 0 0 1.0187
5 0 8234 0.882361
10 0 0 1.10997
11 0 0 0.924843
3 0 0 0.826498

3
1 0 8876 0.905801
2 0 0 0.927786
3 0 0 0.945138

3
1 1 1 0.790463
2 0 0 1.12593
3 0 0 0.827385

3
1 1 1 0.846047
2 0 0 0.877451
3 0 0 0.769542

1
1 0 0 0.830849

3
1 1 1 0.857762
2 0 0 0.988704
3 0 0 0.917602

7
1 0 6236 0.841983
2 0 428 0.825221
4 0 0 0.935272
5 0 0 0.998975
3 0 7302 0.934341
6 0 0 0.977973
7 0 0 0.969826

1
1 0 0 0.794669

3
1 1 1 0.895162
2 0 0 0.94689
3 0 0 0.829422

5
1 0 754 0.769914
2 0 420 0.977275
4 0 0 0.973468
5 0 0 1.17159
3 0 0 0.861203

3
1 1 1 0.87256
2 0 0 0.925402
3 0 0 0.778079

1
1 0 0 0.837205

3
1 1 1 0.828164
2 0 0 0.977123
3 0 0 0.804043

3
1 1 1 0.833983
2 0 0 1.00738
3 0 0 0.797651

3
1 0 2371 0.918306
2 0 0 0.812422
3 0 0 0.965216

3
1 1 1 0.888318
2 0 0 0.924758
3 0 0 0.829886

3
1 1 1 0.910239
2 0 0 0.89403
3 0 0 0.98103

3
1 1 1 0.907584
2 0 0 1.07126
3 0 0 0.807002

1
1 0 0 0.831086

3
1 0 129 0.811919
2 0 0 1.08221
3 0 0 0.839984

3
1 1 2 0.884961
2 0 0 0.824847
3 0 0 1.04016

3
1 1 1 0.828362
2 0 0 0.881981
3 0 0 0.760121

1
1 0 0 0.932554

3
1 1 2 0.890659
2 0 0 0.892989
3 0 0 0.982061

5
1 0 1584 0.849345
2 0 0 0.964621
3 0 2073 0.911759
6 0 0 1.05905
7 0 0 0.888361

3
1 0 261 0.820877
2 0 0 0.956523
3 0 0 0.873699

3
1 1 2 0.869789
2 0 0 0.78809
3 0 0 0.927474

5
1 1 2 0.910925
2 0 0 0.937929
3 0 4557 1.01158
6 0 0 0.858519
7 0 0 1.10096

3
1 1 2 0.859346
2 0 0 0.860834
3 0 0 0.943025

3
1 0 1081 0.863987
2 0 0 1.04895
3 0 0 0.858007

3
1 0 8464 0.885941
2 0 0 0.917216
3 0 0 0.82611

3
1 1 1 0.831434
2 0 0 1.11803
3 0 0 0.712474

3
1 1 2 0.869476
2 0 0 0.835252
3 0 0 0.95719

3
1 1 1 0.918447
2 0 0 1.09201
3 0 0 0.735172

3
1 1 1 0.844691
2 0 0 0.926902
3 0 0 0.74346

3
1 0 973 0.774219
2 0 0 0.968543
3 0 0 0.795495

9
1 1 2 0.904048
2 1 1 1.01359
4 0 0 0.906831
5 0 0 0.824143
3 0 8892 1.07039
6 0 511 0.974724
12 0 0 0.929662
13 0 0 0.948798
7 0 0 1.06905

3
1 1 2 0.911376
2 0 0 0.936369
3 0 0 0.983401

1
1 0 0 0.839966

1
1 0 0 0.74966

3
1 0 5171 0.912936
2 0 0 0.981776
3 0 0 0.907392

3
1 1 1 0.812641
2 0 0 1.00721
3 0 0 0.875097

5
1 1 1 0.928704
2 0 1508 0.983432
4 0 0 0.900494
5 0 0 1.01136
3 0 0 0.965453

3
1 1 2 0.906301
2 0 0 0.924735
3 0 0 1.10682

1
1 0 0 0.827863

3
1 1 1 0.857165
2 0 0 0.864081
3 0 0 0.840785

1
1 0 0 0.856265

3
1 0 5003 0.890847
2 0 0 0.983074
3 0 0 0.789567

1
1 0 0 0.929353

5
1 0 1062 0.96688
2 0 522 0.915859
4 0 0 0.969149
5 0 0 0.965631
3 0 0 0.837454

5
1 1 1 0.991771
2 0 0 1.02345
3 0 3308 0.935861
6 0 0 0.962265
7 0 0 0.985618

3
1 0 774 0.845094
2 0 0 0.907225
3 0 0 0.834058

1
1 0 0 0.915756

1
1 0 0 0.70301

3
1 1 2 0.914086
2 0 0 0.884935
3 0 0 0.984224

5
1 0 8036 0.959848
2 0 5896 1.09077
4 0 0 1.03172
5 0 0 1.11009
3 0 0 0.830403

3
1 0 6833 0.904848
2 0 0 1.03672
3 0 0 0.954913

5
1 0 9866 0.798585
2 0 0 0.741209
3 1 2 1.09403
6 0 0 0.877467
7 0 0 1.16547

3
1 1 1 0.945452
2 0 0 0.915104
3 0 0 0.717685

1
1 0 0 0.944566

3
1 0 5118 0.923451
2 0 0 0.95389
3 0 0 0.936887

3
1 1 2 0.869371
2 0 0 0.879578
3 0 0 0.957217

3
1 1 1 0.844294
2 0 0 1.10301
3 0 0 0.74157

1
1 0 0 0.746398

5
1 1 1 0.85207
2 0 9255 1.00413
4 0 0 1.02162
5 0 0 0.960004
3 0 0 0.753016

3
1 1 1 0.845048
2 0 0 0.996532
3 0 0 0.828126

5
1 1 2 0.894249
2 0 0 0.805364
3 0 9398 0.84855
6 0 0 0.868871
7 0 0 0.810336

3
1 1 2 0.895757
2 0 0 0.86946
3 0 0 0.948314

5
1 0 7508 0.966045
2 0 4019 0.935157
4 0 0 0.837877
5 0 0 0.946295
3 0 0 0.82319

1
1 0 0 0.874743

7
1 1 2 0.883583
2 0 0 0.900738
3 0 9330 0.946271
6 0 0 0.970391
7 0 9492 0.969259
14 0 0 1.03454
15 0 0 1.10521

7
1 0 1314 0.802859
2 1 1 0.880944
4 0 0 0.988459
5 0 1014 0.897766
10 0 0 0.975837
11 0 0 0.97159
3 0 0 0.765693

3
1 0 359 0.765654
2 0 0 0.87237
3 0 0 0.729317

3
1 0 6464 0.872662
2 0 0 1.00906
3 0 0 0.875417

1
1 0 0 0.824856

3
1 0 368 0.916822
2 0 0 0.920462
3 0 0 0.929039

3
1 0 7445 0.920518
2 0 0 1.01207
3 0 0 0.77391

3
1 1 2 0.977636
2 0 0 0.823288
3 0 0 1.0829

3
1 1 1 0.952124
2 0 0 0.905606
3 0 0 0.741174

1
1 0 0 0.891693

3
1 0 9853 0.867518
2 0 0 0.853371
3 0 0 0.947156

3
1 0 9962 0.809896
2 0 0 0.820725
3 0 0 0.968607

1
1 0 0 0.890803

5
1 0 5031 0.927793
2 0 0 0.93843
3 0 5749 0.95165
6 0 0 1.01225
7 0 0 0.98904

1
1 0 0 0.772151

3
1 1 1 0.883285
2 0 0 1.03777
3 0 0 0.802009

9
1 0 2636 1.01775
2 0 1803 0.937589
4 0 0 1.02897
5 0 0 0.929253
3 1 1 1.04128
6 0 3910 1.04822
12 0 0 0.949475
13 0 0 1.00759
7 0 0 0.806656

3
1 1 1 0.890523
2 0 0 1.02516
3 0 0 0.886081

3
1 1 2 0.912142
2 0 0 0.78132
3 0 0 1.01856

3
1 1 1 0.827609
2 0 0 0.900133
3 0 0 0.935561

3
1 1 2 0.876302
2 0 0 1.00354
3 0 0 0.938329

3
1 1 2 0.81885
2 0 0 0.826968
3 0 0 0.92638

3
1 0 4525 0.911589
2 0 0 0.879521
3 0 0 0.922319

5
1 1 1 0.875938
2 0 0 0.960335
3 0 7610 0.87817
6 0 0 0.970898
7 0 0 0.890429

1
1 0 0 0.71435

3
1 1 2 0.80249
2 0 0 0.752866
3 0 0 0.934591

5
1 0 95 0.80053
2 1 1 0.946646
4 0 0 1.0246
5 0 0 0.968021
3 0 0 0.739349

3
1 1 2 0.899482
2 0 0 0.813816
3 0 0 0.993234

3
1 0 9920 0.846082
2 0 0 0.893403
3 0 0 0.973677

3
1 0 9804 0.8361
2 0 0 0.81677
3 0 0 0.926642

5
1 1 1 0.829935
2 0 4662 1.04152
4 0 0 1.04322
5 0 0 1.0587
3 0 0 0.725716

3
1 0 34 0.888156
2 0 0 1.1217
3 0 0 0.880392

3
1 1 1 0.790463
2 0 0 1.0876
3 0 0 0.862773

1
1 0 0 0.818774

3
1 0 2113 0.883482
2 0 0 0.947789
3 0 0 0.955393

3
1 1 1 0.898747
2 0 0 1.12301
3 0 0 0.763923

5
1 0 4929 0.964094
2 0 4626 0.908841
4 0 0 0.908879
5 0 0 1.03149
3 0 0 0.847439

3
1 1 2 0.969758
2 0 0 0.956159
3 0 0 1.03688

3
1 1 1 0.895162
2 0 0 1.06396
3 0 0 0.93156

3
1 1 2 0.895288
2 0 0 0.886267
3 0 0 1.02805

3
1 1 1 0.831361
2 0 0 0.994497
3 0 0 0.867554

3
1 1 1 0.863809
2 0 0 0.995967
3 0 0 0.858189

3
1 1 1 0.828164
2 0 0 1.02283
3 0 0 0.796713

1
1 0 0 0.739782

3
1 0 6844 0.875786
2 0 0 0.926653
3 0 0 0.850222

3
1 0 3154 0.921931
2 0 0 0.934752
3 0 0 0.882225

3
1 1 1 0.841257
2 0 0 1.04213
3 0 0 0.917985

3
1 1 1 0.960786
2 0 0 1.07417
3 0 0 0.829786

1
1 0 0 0.726905

1
1 0 0 0.880992

3
1 0 3250 0.922554
2 0 0 0.986777
3 0 0 0.899563

3
1 0 8329 0.862681
2 0 0 0.824071
3 0 0 0.857828

1
1 0 0 0.797055

3
1 1 1 0.890082
2 0 0 1.02778
3 0 0 0.839898

1
1 0 0 0.799852

3
1 0 9664 0.848276
2 0 0 0.861727
3 0 0 1.00905

3
1 0 2948 0.874047
2 0 0 0.936582
3 0 0 0.941643

5
1 0 533 0.851159
2 0 450 0.886896
4 0 0 0.880324
5 0 0 1.10365
3 0 0 0.862773

3
1 0 3249 0.905349
2 0 0 1.01721
3 0 0 0.947968

1
1 0 0 0.887437

1
1 0 0 0.848042

3
1 1 2 0.80734
2 0 0 0.922827
3 0 0 0.967562

7
1 1 2 0.8712
2 1 1 0.874373
4 0 0 0.902399
5 0 0 0.875825
3 0 761 0.934251
6 0 0 0.912937
7 0 0 0.939554

1
1 0 0 0.810205

3
1 1 1 0.844691
2 0 0 0.938476
3 0 0 0.789973

1
1 0 0 0.771276

3
1 0 8874 0.893462
2 0 0 0.902261
3 0 0 0.890161

3
1 1 1 0.819699
2 0 0 1.09493
3 0 0 0.873001

5
1 0 1170 0.839203
2 1 1 0.939085
4 0 0 0.884656
5 0 0 0.896926
3 0 0 0.913404

3
1 0 6783 0.904655
2 0 0 0.815015
3 0 0 0.940256

3
1 1 1 0.85859
2 0 0 0.914271
3 0 0 0.836441

3
1 0 6645 0.926159
2 0 0 0.909246
3 0 0 0.871966

3
1 0 3888 0.932195
2 0 0 0.955131
3 0 0 0.909964

1
1 0 0 0.841305

3
1 1 2 0.854705
2 0 0 0.860273
3 0 0 0.915159

3
1 1 1 0.817935
2 0 0 0.962916
3 0 0 0.762194

3
1 1 1 0.833882
2 0 0 0.94278
3 0 0 0.827081

3
1 0 9832 0.876547
2 0 0 0.856062
3 0 0 0.889828

1
1 0 0 0.770569

3
1 0 369 0.808947
2 0 0 1.01536
3 0 0 0.808823

5
1 0 685 0.841938
2 1 1 1.03407
4 0 0 0.959406
5 0 0 0.987212
3 0 0 0.85337

3
1 1 1 0.849073
2 0 0 0.981398
3 0 0 0.830723

3
1 1 1 0.905429
2 0 0 1.02286
3 0 0 0.804752

3
1 1 2 0.978775
2 0 0 0.983879
3 0 0 0.904921

3
1 1 1 0.80637
2 0 0 0.969289
3 0 0 0.855862

1
1 0 0 0.830955

3
1 0 6836 0.911009
2 0 0 0.953064
3 0 0 0.86563

3
1 0 114 0.874117
2 0 0 1.04398
3 0 0 0.836051

1
1 0 0 0.918568

1
1 0 0 0.874212

3
1 0 1404 0.922351
2 0 0 0.947674
3 0 0 0.872265

3
1 1 2 0.914939
2 0 0 0.829078
3 0 0 0.920255

5
1 0 8233 0.886165
2 0 0 0.880505
3 0 8636 0.861628
6 0 0 1.00601
7 0 0 0.815343

3
1 0 9408 0.913717
2 0 0 0.848045
3 0 0 0.938083

1
1 0 0 0.847937

3
1 0 6626 0.88448
2 0 0 0.95409
3 0 0 0.967899

3
1 1 2 0.802833
2 0 0 0.81635
3 0 0 0.96947

3
1 1 1 0.865317
2 0 0 1.13885
3 0 0 0.86932

1
1 0 0 0.802907

3
1 0 9393 0.803349
2 0 0 0.883732
3 0 0 0.905992

1
1 0 0 0.858612

3
1 0 352 0.851273
2 0 0 0.927305
3 0 0 0.860964

7
1 1 2 0.857265
2 0 0 0.857291
3 0 9047 1.08628
6 0 0 0.921849
7 0 9442 1.0089
14 0 0 1.03934
15 0 0 1.00898

9
1 1 2 0.88949
2 0 6695 0.841188
4 0 0 0.985338
5 0 0 1.0186
3 0 4332 1.00663
6 0 4138 0.916981
12 0 0 0.929499
13 0 0 1.02536
7 0 0 0.956391

3
1 0 6016 0.831396
2 0 0 0.927669
3 0 0 0.821272

1
1 0 0 0.709711

3
1 1 2 0.905317
2 0 0 0.741578
3 0 0 1.0606

3
1 1 1 0.77108
2 0 0 0.967435
3 0 0 0.742317

7
1 1 1 0.916249
2 0 6665 1.01685
4 0 6058 1.06413
8 0 0 0.964438
9 0 0 1.10003
5 0 0 0.969381
3 0 0 0.801075

3
1 1 2 0.856611
2 0 0 0.852133
3 0 0 0.985689

3
1 1 2 0.867581
2 0 0 0.824956
3 0 0 0.965956

3
1 0 167 0.824279
2 0 0 1.05408
3 0 0 0.768226

3
1 0 5811 0.891139
2 0 0 0.95732
3 0 0 0.86523

3
1 0 7545 0.830693
2 0 0 0.902473
3 0 0 0.765033

1
1 0 0 0.836654

3
1 1 1 0.883285
2 0 0 1.0728
3 0 0 0.779282

3
1 1 2 0.905688
2 0 0 0.979956
3 0 0 1.10996

3
1 0 260 0.839782
2 0 0 1.0118
3 0 0 0.791899

3
1 1 2 0.947684
2 0 0 0.977392
3 0 0 0.925554

3
1 0 8092 0.898775
2 0 0 0.954197
3 0 0 0.88221

3
1 1 1 0.849255
2 0 0 1.01474
3 0 0 0.825372

3
1 0 16 0.805232
2 0 0 0.83499
3 0 0 0.790879

3
1 0 9733 0.848436
2 0 0 0.811253
3 0 0 0.958157

3
1 0 9424 0.913641
2 0 0 0.898006
3 0 0 0.928744

3
1 1 1 0.848533
2 0 0 0.96826
3 0 0 0.897028

3
1 1 2 0.933663
2 0 0 0.86865
3 0 0 0.983732

3
1 1 1 0.932179
2 0 0 1.03897
3 0 0 0.83286

3
1 0 5426 0.837493
2 0 0 0.948753
3 0 0 0.815525

3
1 1 2 0.847236
2 0 0 0.841034
3 0 0 1.08974

3
1 0 60 0.727097
2 0 0 0.908105
3 0 0 0.826013

5
1 0 9845 0.721408
2 0 6924 0.894255
4 0 0 0.859163
5 0 0 0.828921
3 0 0 1.13065

3
1 1 1 0.770841
2 0 0 0.964064
3 0 0 0.737849

3
1 1 2 0.89266
2 0 0 0.752269
3 0 0 0.945183

3
1 0 1243 0.837992
2 0 0 0.952577
3 0 0 0.805755

1
1 0 0 0.800141

3
1 0 1647 0.817443
2 0 0 0.887661
3 0 0 0.843454

3
1 1 2 0.867847
2 0 0 0.839516
3 0 0 0.859684

3
1 1 2 0.839271
2 0 0 0.838396
3 0 0 0.912552

3
1 0 7316 0.854088
2 0 0 0.884178
3 0 0 0.939372

3
1 1 1 0.975762
2 0 0 0.969143
3 0 0 0.752962

5
1 1 2 0.846385
2 0 0 0.76539
3 0 2322 0.938947
6 0 0 0.876779
7 0 0 0.966937

3
1 0 9781 0.934786
2 0 0 0.922949
3 0 0 0.964157

3
1 1 1 0.828164
2 0 0 1.16281
3 0 0 0.869299

5
1 1 1 0.890301
2 0 430 1.02361
4 0 0 0.965602
5 0 0 1.00829
3 0 0 0.835041

3
1 0 866 0.836151
2 0 0 0.93352
3 0 0 0.84384

3
1 1 1 0.889312
2 0 0 1.01282
3 0 0 0.865909

5
1 1 2 0.861781
2 0 0 0.851914
3 0 4129 0.94438
6 0 0 0.889166
7 0 0 0.963371

3
1 1 1 0.960786
2 0 0 0.950027
3 0 0 0.907041

3
1 1 1 0.881909
2 0 0 0.981022
3 0 0 1.04436

1
1 0 0 0.832593

3
1 1 1 0.882631
2 0 0 0.925118
3 0 0 0.83203

1
1 0 0 0.831775

5
1 1 1 0.831336
2 0 0 0.915979
3 1 2 0.989806
6 0 0 0.885462
7 0 0 0.958867

3
1 1 1 0.956097
2 0 0 1.02157
3 0 0 0.938199

3
1 1 1 0.811516
2 0 0 1.0409
3 0 0 0.815619

5
1 0 387 0.822136
2 0 64 0.923998
4 0 0 1.0429
5 0 0 0.947501
3 0 0 0.861229

3
1 1 1 0.865926
2 0 0 1.07609
3 0 0 0.728402

1
1 0 0 0.756086

3
1 0 8300 0.912115
2 0 0 0.985484
3 0 0 0.817285

3
1 0 2139 0.886491
2 0 0 0.87526
3 0 0 0.916106

3
1 0 2471 0.85831
2 0 0 0.812217
3 0 0 0.857152

1
1 0 0 0.93685

1
1 0 0 0.805784

5
1 0 3624 0.808375
2 0 0 0.821723
3 1 1 0.855364
6 0 0 1.0075
7 0 0 0.866703

1
1 0 0 0.781655

1
1 0 0 0.80972

3
1 1 2 0.926378
2 0 0 0.908097
3 0 0 1.00268

3
1 1 1 0.869353
2 0 0 0.892232
3 0 0 0.85172

3
1 0 2370 0.871504
2 0 0 1.03299
3 0 0 0.82255

3
1 0 2914 0.943775
2 0 0 0.915784
3 0 0 0.944818

3
1 1 1 0.865408
2 0 0 0.970343
3 0 0 0.901747

3
1 1 1 0.888684
2 0 0 1.06605
3 0 0 0.878318

1
1 0 0 0.824265

3
1 1 1 0.841305
2 0 0 0.974175
3 0 0 0.823001

7
1 1 1 0.89879
2 0 5279 1.03115
4 0 0 1.0187
5 0 0 1.05609
3 0 3681 0.910224
6 0 0 0.990649
7 0 0 0.843807

3
1 0 2571 0.817163
2 0 0 0.86963
3 0 0 0.890664

3
1 1 1 0.916806
2 0 0 0.910526
3 0 0 0.850878

3
1 1 1 0.914426
2 0 0 1.0186
3 0 0 0.741772

3
1 1 1 0.918076
2 0 0 0.938285
3 0 0 0.740176

3
1 1 2 0.879103
2 0 0 0.897384
3 0 0 0.99514

3
1 1 2 0.853215
2 0 0 0.866295
3 0 0 0.911186

1
1 0 0 0.836508

3
1 1 1 0.905429
2 0 0 1.04648
3 0 0 0.882479

3
1 1 1 0.887802
2 0 0 1.02886
3 0 0 0.782902

3
1 0 5256 0.900143
2 0 0 0.871548
3 0 0 0.903489

3
1 1 1 0.838547
2 0 0 0.980962
3 0 0 0.783338

3
1 1 1 0.823396
2 0 0 1.07766
3 0 0 0.788685

1
1 0 0 0.794374

1
1 0 0 0.771818

3
1 0 698 0.880417
2 0 0 0.870121
3 0 0 0.838044

1
1 0 0 0.897719

1
1 0 0 0.814672

5
1 0 4212 0.869882
2 0 3575 0.986593
4 0 0 0.937425
5 0 0 0.871889
3 0 0 0.800064

5
1 1 2 0.87554
2 0 7087 0.939251
4 0 0 0.969283
5 0 0 0.887159
3 0 0 0.898293

3
1 1 1 0.903151
2 0 0 0.922041
3 0 0 0.835298

3
1 1 1 0.88562
2 0 0 1.04098
3 0 0 0.884873

7
1 0 1302 0.92927
2 0 991 1.15957
4 0 0 1.05977
5 0 0 0.955508
3 0 5150 0.931179
6 0 0 1.09622
7 0 0 0.90989

5
1 1 2 0.868238
2 0 0 0.870561
3 0 5149 0.924447
6 0 0 1.05649
7 0 0 1.03164

5
1 0 4748 0.916477
2 0 2131 0.911847
4 0 0 0.949867
5 0 0 0.978771
3 0 0 0.897524

1
1 0 0 0.820582

3
1 1 1 0.874682
2 0 0 1.05662
3 0 0 0.760896

3
1 1 1 0.921533
2 0 0 1.09671
3 0 0 0.806529

3
1 1 1 0.821793
2 0 0 1.01057
3 0 0 0.805047

5
1 1 1 0.900741
2 0 0 0.877525
3 1 2 0.903417
6 0 0 0.822056
7 0 0 1.06248

9
1 1 2 0.995095
2 1 1 0.848227
4 0 0 0.853931
5 0 0 0.880702
3 0 7429 1.00279
6 0 2797 0.891867
12 0 0 0.98271
13 0 0 0.902424
7 0 0 0.950477

1
1 0 0 0.802356

3
1 1 2 0.843275
2 0 0 0.98126
3 0 0 0.933835

5
1 1 2 0.901905
2 0 0 1.05721
3 0 7346 0.909187
6 0 0 0.967792
7 0 0 1.18803

1
1 0 0 0.879682

5
1 1 2 0.897271
2 0 1516 0.865251
4 0 0 1.06721
5 0 0 0.842017
3 0 0 0.933804

1
1 0 0 0.866481

3
1 1 2 0.901839
2 0 0 0.813482
3 0 0 0.87645

1
1 0 0 0.69208

1
1 0 0 0.869536

3
1 0 7621 0.849246
2 0 0 0.950094
3 0 0 0.98373

3
1 0 168 0.75078
2 0 0 0.984729
3 0 0 0.721402

7
1 0 588 0.917877
2 0 232 0.969842
4 0 0 0.997259
5 0 525 0.885637
10 0 0 1.01306
11 0 0 0.992542
3 0 0 0.894654

5
1 1 2 0.797896
2 0 0 0.857432
3 0 1625 1.02411
6 0 0 1.04158
7 0 0 0.96897

3
1 0 880 0.78006
2 0 0 0.881298
3 0 0 0.774038

3
1 0 72 0.900514
2 0 0 0.945044
3 0 0 0.90164

7
1 1 1 0.87882
2 0 7275 0.945987
4 0 0 0.875191
5 0 0 0.97451
3 0 27 0.851736
6 0 0 1.01646
7 0 0 0.878193

3
1 0 229 0.794159
2 0 0 0.954917
3 0 0 0.77054

3
1 0 258 0.894591
2 0 0 0.964566
3 0 0 0.817948

3
1 1 1 0.907198
2 0 0 1.02031
3 0 0 0.957707

1
1 0 0 0.827819

3
1 0 7314 0.87806
2 0 0 1.09368
3 0 0 0.825076

3
1 1 1 0.868241
2 0 0 1.05134
3 0 0 0.758387

3
1 0 1768 0.945757
2 0 0 0.893442
3 0 0 0.957556

3
1 0 9301 0.869407
2 0 0 0.906582
3 0 0 0.851748

3
1 1 1 0.845697
2 0 0 1.0266
3 0 0 0.81874

1
1 0 0 0.782055

3
1 0 4939 0.895236
2 0 0 0.892798
3 0 0 0.923652

1
1 0 0 0.895446

3
1 1 2 0.845584
2 0 0 0.810684
3 0 0 1.03718

5
1 1 1 0.914142
2 0 674 0.988766
4 0 0 0.953736
5 0 0 0.971002
3 0 0 0.774653

3
1 1 2 0.917202
2 0 0 0.85679
3 0 0 0.999225

1
1 0 0 0.867069

3
1 1 2 0.852044
2 0 0 0.908338
3 0 0 0.94796

1
1 0 0 0.696762

1
1 0 0 0.777939

3
1 0 2886 0.823089
2 0 0 0.929153
3 0 0 0.846968

3
1 1 1 0.808006
2 0 0 0.95397
3 0 0 0.874915

3
1 0 838 0.811927
2 0 0 0.915888
3 0 0 0.826896

3
1 1 2 0.837289
2 0 0 0.72116
3 0 0 0.915726

3
1 1 1 0.85077
2 0 0 0.978622
3 0 0 0.835308

1
1 0 0 0.741118

3
1 1 2 0.843118
2 0 0 0.773729
3 0 0 0.986558

3
1 1 2 0.934007
2 0 0 0.879206
3 0 0 0.975598

5
1 0 4506 0.842807
2 0 3885 0.970618
4 0 0 0.992715
5 0 0 0.922792
3 0 0 0.919559

3
1 0 2408 0.900302
2 0 0 0.865463
3 0 0 0.912429

3
1 0 9592 0.940896
2 0 0 0.940315
3 0 0 1.00468

3
1 1 1 0.921265
2 0 0 0.905951
3 0 0 0.853185

3
1 1 1 0.860207
2 0 0 1.11978
3 0 0 0.788439

3
1 1 2 0.92029
2 0 0 0.912805
3 0 0 0.976151

3
1 1 1 0.811516
2 0 0 1.02846
3 0 0 0.945967

1
1 0 0 0.840353

3
1 0 6501 0.938786
2 0 0 0.937523
3 0 0 0.929715

3
1 0 4760 0.906786
2 0 0 1.02601
3 0 0 0.902088

3
1 1 1 0.920891
2 0 0 1.04813
3 0 0 0.872008

1
1 0 0 0.736022

5
1 1 1 0.888309
2 0 0 0.906251
3 1 2 0.882639
6 0 0 0.975618
7 0 0 0.923818

3
1 1 2 0.901277
2 0 0 0.936666
3 0 0 0.834553

3
1 1 1 0.876632
2 0 0 0.93808
3 0 0 0.88271

3
1 1 1 0.871095
2 0 0 1.04873
3 0 0 0.883088

3
1 0 7516 0.862174
2 0 0 0.950625
3 0 0 0.837413

3
1 0 90 0.762485
2 0 0 0.860301
3 0 0 0.873551

3
1 0 3335 0.916831
2 0 0 0.880206
3 0 0 0.856864

3
1 1 2 0.78924
2 0 0 0.7813
3 0 0 0.866251

1
1 0 0 0.825255

3
1 0 596 0.803102
2 0 0 0.883218
3 0 0 0.779507

1
1 0 0 0.752458

5
1 1 2 0.883409
2 0 0 0.880444
3 0 4880 0.953074
6 0 0 0.975123
7 0 0 0.881032

5
1 0 7879 0.947155
2 1 2 1.01291
4 0 0 1.01444
5 0 0 0.932607
3 0 0 0.92698

3
1 0 1122 0.806561
2 0 0 1.05867
3 0 0 0.839719

7
1 1 2 0.865082
2 0 0 0.814861
3 0 8758 1.02628
6 0 0 0.936584
7 0 9169 0.978356
14 0 0 1.03447
15 0 0 0.985625

3
1 1 2 0.888516
2 0 0 0.886193
3 0 0 0.991548

3
1 0 2128 0.941245
2 0 0 0.831655
3 0 0 0.943145

1
1 0 0 0.87332

1
1 0 0 0.889224

3
1 0 9463 0.902109
2 0 0 0.859939
3 0 0 1.16789

7
1 0 2513 0.814607
2 1 1 0.960212
4 0 0 0.98299
5 0 669 0.957553
10 0 0 0.973255
11 0 0 0.884202
3 0 0 0.902839

5
1 1 2 0.94299
2 0 0 0.790518
3 0 4814 1.02345
6 0 0 1.023
7 0 0 1.02881

3
1 1 1 0.905429
2 0 0 1.02704
3 0 0 0.714084

3
1 1 1 0.853109
2 0 0 0.868611
3 0 0 0.900038

3
1 1 2 0.894807
2 0 0 0.899722
3 0 0 0.880567

3
1 1 1 0.838547
2 0 0 1.07009
3 0 0 0.905896

3
1 1 1 0.816501
2 0 0 0.962139
3 0 0 0.618948

5
1 0 3628 0.921221
2 0 0 0.908142
3 1 2 0.827408
6 0 0 0.836814
7 0 0 0.943029

3
1 0 2045 0.851969
2 0 0 0.872336
3 0 0 0.849867

1
1 0 0 0.827248

3
1 0 7112 0.916156
2 0 0 0.947508
3 0 0 0.97563

3
1 0 430 0.802929
2 0 0 0.95803
3 0 0 0.828715

1
1 0 0 0.831779

1
1 0 0 0.797417

1
1 0 0 0.784694

3
1 1 1 0.83483
2 0 0 1.01228
3 0 0 0.795348

7
1 1 1 0.859591
2 0 6254 0.993051
4 0 0 1.0525
5 0 9619 0.877396
10 0 0 0.829956
11 0 0 1.03199
3 0 0 0.816219

3
1 0 95 0.946042
2 0 0 1.04834
3 0 0 0.868892

3
1 1 2 0.908844
2 0 0 0.873561
3 0 0 0.923218

3
1 1 1 0.84048
2 0 0 1.00968
3 0 0 0.870779

5
1 0 2122 0.859018
2 0 0 0.981599
3 0 3736 0.803545
6 0 0 1.07056
7 0 0 0.863134

3
1 1 1 0.862576
2 0 0 0.950366
3 0 0 0.793761

3
1 1 1 0.821793
2 0 0 1.00345
3 0 0 0.777

3
1 1 1 0.884258
2 0 0 1.00547
3 0 0 0.843848

5
1 0 9201 0.961096
2 1 2 0.974219
4 0 0 0.992563
5 0 0 1.01363
3 0 0 0.840916

3
1 0 972 0.85016
2 0 0 0.953198
3 0 0 0.852602

1
1 0 0 0.894939

3
1 1 1 0.913278
2 0 0 0.997253
3 0 0 0.829243

3
1 1 1 0.858391
2 0 0 1.00206
3 0 0 0.825798

3
1 0 6104 0.973528
2 0 0 0.950245
3 0 0 0.939369

3
1 1 1 0.940232
2 0 0 0.920968
3 0 0 0.861114

5
1 0 433 0.909667
2 0 376 0.98638
4 0 0 0.936158
5 0 0 1.01859
3 0 0 0.883124

3
1 1 1 0.986215
2 0 0 1.05825
3 0 0 0.905675

7
1 1 1 0.865382
2 0 5123 0.983206
4 0 0 0.897199
5 0 5414 1.00973
10 0 0 1.03325
11 0 0 0.874986
3 0 0 0.905006

3
1 1 1 0.782882
2 0 0 0.909337
3 0 0 0.77454

5
1 0 9829 0.81084
2 0 0 0.761894
3 1 2 1.00797
6 0 0 0.954745
7 0 0 1.09416

3
1 1 2 0.9266
2 0 0 0.846948
3 0 0 0.999096

3
1 1 1 0.84709
2 0 0 1.10719
3 0 0 0.855778

5
1 0 9579 0.778484
2 0 0 0.794935
3 0 9636 0.935848
6 0 0 0.956106
7 0 0 0.884504

3
1 1 2 0.867167
2 0 0 0.760412
3 0 0 0.89027

5
1 1 2 0.844595
2 0 0 0.901738
3 0 281 0.908592
6 0 0 0.970065
7 0 0 0.947427

3
1 1 1 0.914591
2 0 0 0.857042
3 0 0 0.949651

1
1 0 0 0.776296

9
1 1 1 0.851573
2 0 0 0.911189
3 0 9384 0.927145
6 1 2 0.854176
12 0 0 0.875954
13 0 0 0.806602
7 0 9772 1.00691
14 0 0 1.00245
15 0 0 0.898857

3
1 1 2 0.955478
2 0 0 0.711271
3 0 0 1.08531

1
1 0 0 0.817277

1
1 0 0 0.692499

7
1 1 1 0.854996
2 0 2076 0.935578
4 0 0 0.931301
5 0 6591 0.964404
10 0 0 0.903942
11 0 0 1.05271
3 0 0 0.894011

3
1 0 3647 0.945007
2 0 0 1.07074
3 0 0 0.855677

7
1 0 6746 0.883025
2 0 0 0.979591
3 0 7741 0.890304
6 1 1 0.891678
12 0 0 0.953236
13 0 0 0.881278
7 0 0 0.918746

5
1 1 1 0.972257
2 0 618 1.07402
4 0 0 1.08147
5 0 0 1.04375
3 0 0 0.786782

3
1 0 1001 0.920464
2 0 0 0.906968
3 0 0 0.974294

1
1 0 0 0.872694

3
1 1 2 0.895915
2 0 0 0.91915
3 0 0 0.961016

1
1 0 0 0.714867

5
1 1 1 0.819681
2 0 0 0.895414
3 0 2976 0.843327
6 0 0 1.01334
7 0 0 0.83432

5
1 0 423 0.946664
2 0 0 0.943849
3 1 1 0.952254
6 0 0 1.07355
7 0 0 0.899504

3
1 0 9559 0.882445
2 0 0 0.894324
3 0 0 0.929158

5
1 0 7652 0.881543
2 1 1 0.995345
4 0 0 1.04053
5 0 0 0.999743
3 0 0 0.875615

1
1 0 0 0.859497

1
1 0 0 0.660086

3
1 1 1 0.821841
2 0 0 1.04979
3 0 0 0.981048

1
1 0 0 0.856217

3
1 1 2 0.814245
2 0 0 0.768005
3 0 0 0.935981

3
1 0 559 0.825262
2 0 0 0.964913
3 0 0 0.828962

5
1 1 1 0.884143
2 0 9055 0.999737
4 0 0 0.887211
5 0 0 0.894195
3 0 0 0.748447

3
1 1 2 0.829878
2 0 0 0.857359
3 0 0 0.976838

3
1 1 1 0.860072
2 0 0 0.994669
3 0 0 0.821372

3
1 0 859 0.790816
2 0 0 0.935217
3 0 0 0.834505

1
1 0 0 0.791814

3
1 0 4244 0.884094
2 0 0 0.803887
3 0 0 0.854679

3
1 0 9740 0.852281
2 0 0 0.863784
3 0 0 0.962727

3
1 1 1 0.867693
2 0 0 0.936043
3 0 0 0.800804

5
1 1 1 0.928279
2 0 2792 0.90254
4 0 0 0.935736
5 0 0 1.08384
3 0 0 0.918241

1
1 0 0 0.808499

1
1 0 0 0.8355

5
1 0 8967 0.837032
2 0 0 1.01537
3 1 2 0.861478
6 0 0 0.912682
7 0 0 0.978723

5
1 0 9580 0.869706
2 0 0 0.851741
3 1 2 0.815269
6 0 0 1.04741
7 0 0 1.05728

7
1 0 1651 0.830595
2 0 49 0.992192
4 0 0 1.08668
5 0 0 1.04207
3 0 6569 0.901278
6 0 0 0.927321
7 0 0 0.869503

3
1 1 1 0.801927
2 0 0 0.929152
3 0 0 0.81316

3
1 0 2524 0.833738
2 0 0 0.822386
3 0 0 0.823151

3
1 1 1 0.884374
2 0 0 0.93698
3 0 0 0.827859

3
1 0 350 0.937599
2 0 0 1.07956
3 0 0 0.866182

3
1 0 6479 1.01119
2 0 0 1.01609
3 0 0 0.881161

5
1 0 3949 0.914713
2 0 3376 0.914961
4 0 0 0.96529
5 0 0 0.941686
3 0 0 0.922025

3
1 0 4798 0.833701
2 0 0 0.892362
3 0 0 1.08079

5
1 0 4150 0.848684
2 0 3564 0.989851
4 0 0 0.968233
5 0 0 0.862695
3 0 0 0.96938

3
1 1 2 0.919845
2 0 0 0.862831
3 0 0 1.09499

3
1 0 9666 0.891249
2 0 0 0.775544
3 0 0 0.901879

3
1 0 1765 0.87878
2 0 0 1.00362
3 0 0 0.860835

1
1 0 0 0.831408

1
1 0 0 0.852896

3
1 1 1 0.968368
2 0 0 0.984863
3 0 0 0.826199

7
1 0 3400 0.870004
2 0 196 0.958412
4 0 0 1.09633
5 0 779 0.910366
10 0 0 1.05097
11 0 0 0.906724
3 0 0 0.932693

3
1 0 245 0.871731
2 0 0 0.989963
3 0 0 0.852748

3
1 0 6451 0.890276
2 0 0 0.970046
3 0 0 0.896934

3
1 0 2488 0.882091
2 0 0 0.928549
3 0 0 0.855768

3
1 1 2 0.861902
2 0 0 0.86144
3 0 0 1.0089

3
1 1 2 0.871323
2 0 0 0.919017
3 0 0 0.91102

3
1 1 1 0.942979
2 0 0 1.05191
3 0 0 0.893017

3
1 1 1 0.941283
2 0 0 0.922406
3 0 0 0.790815

3
1 0 8651 0.892371
2 0 0 1.01122
3 0 0 0.957451

3
1 1 2 0.924151
2 0 0 0.952671
3 0 0 0.901471

3
1 1 1 0.987214
2 0 0 1.04591
3 0 0 1.0265

5
1 1 2 0.830476
2 0 0 0.905473
3 0 8836 0.981112
6 0 0 0.959234
7 0 0 0.90162

3
1 0 5842 0.817365
2 0 0 0.767909
3 0 0 0.821768

1
1 0 0 0.821523

5
1 0 1744 0.87277
2 0 0 0.932049
3 1 1 0.850755
6 0 0 0.98032
7 0 0 0.885401

3
1 0 475 0.760801
2 0 0 1.02495
3 0 0 0.781192

3
1 0 9971 0.932266
2 0 0 0.877019
3 0 0 1.07697

7
1 1 2 0.873791
2 0 3868 0.905126
4 0 0 1.09195
5 0 0 0.873135
3 0 8959 0.951801
6 0 0 1.05136
7 0 0 0.925695

3
1 1 1 0.82257
2 0 0 0.896308
3 0 0 0.883908

1
1 0 0 0.812736

1
1 0 0 0.71832

3
1 1 1 0.856721
2 0 0 0.932593
3 0 0 0.837849

3
1 0 8159 0.844734
2 0 0 0.991882
3 0 0 0.94808

3
1 1 1 0.859591
2 0 0 0.99991
3 0 0 0.761898

3
1 1 2 0.909087
2 0 0 0.873474
3 0 0 1.02844

3
1 0 383 0.782198
2 0 0 1.02945
3 0 0 0.791454

1
1 0 0 0.670762

3
1 1 2 0.887073
2 0 0 0.890367
3 0 0 0.931784

3
1 1 1 0.913607
2 0 0 1.02212
3 0 0 0.698004

9
1 0 7905 0.888642
2 0 6664 0.942027
4 0 4685 0.970269
8 0 0 0.867199
9 1 2 1.06336
18 0 0 0.943471
19 0 0 0.949135
5 0 0 1.07322
3 0 0 0.998448

3
1 0 9703 0.79332
2 0 0 0.90003
3 0 0 0.963359

5
1 0 6039 0.959283
2 0 5154 0.916828
4 0 0 0.922409
5 0 0 0.932332
3 0 0 0.752033

3
1 1 1 0.919132
2 0 0 1.01511
3 0 0 0.871146

1
1 0 0 0.793991

3
1 1 1 0.913278
2 0 0 1.0132
3 0 0 0.854279

5
1 0 254 0.975996
2 0 0 1.00485
3 0 1175 0.900114
6 0 0 0.913009
7 0 0 0.912892

1
1 0 0 0.971029

5
1 0 252 1.00849
2 0 104 0.980641
4 0 0 0.903093
5 0 0 0.914255
3 0 0 0.827199

5
1 1 2 0.867799
2 0 5634 0.876785
4 0 0 1.01809
5 0 0 0.890988
3 0 0 1.03974

3
1 0 9944 0.853903
2 0 0 0.836273
3 0 0 1.05056

3
1 1 1 0.865382
2 0 0 1.02593
3 0 0 0.956735

5
1 0 8250 0.937211
2 0 0 0.980939
3 0 9809 0.853862
6 0 0 0.831698
7 0 0 0.990855

3
1 1 1 0.777123
2 0 0 1.02554
3 0 0 0.80406

1
1 0 0 0.84777

5
1 1 1 0.849979
2 0 7876 0.907023
4 0 0 0.896426
5 0 0 0.93339
3 0 0 0.830919

3
1 0 6495 0.930175
2 0 0 0.901875
3 0 0 0.969555

3
1 0 4778 0.844529
2 0 0 0.93933
3 0 0 0.812365

3
1 0 4463 0.868783
2 0 0 0.915287
3 0 0 0.886935

1
1 0 0 0.814082

3
1 1 1 0.946184
2 0 0 0.973163
3 0 0 0.776272

1
1 0 0 0.817416

3
1 0 8364 0.938372
2 0 0 0.945383
3 0 0 0.947515

3
1 1 1 0.85437
2 0 0 0.992524
3 0 0 0.858981

3
1 0 2604 0.825677
2 0 0 0.994436
3 0 0 0.846922

1
1 0 0 0.659172

9
1 1 1 0.810997
2 0 0 0.977167
3 1 2 0.823364
6 0 0 0.930893
7 0 5740 0.931033
14 0 0 0.899246
15 0 7540 1.01942
30 0 0 0.988018
31 0 0 0.986622

1
1 0 0 0.761658

3
1 0 55 0.875046
2 0 0 0.948813
3 0 0 0.770624

5
1 0 8385 0.849693
2 0 0 0.845732
3 1 1 0.873586
6 0 0 1.08218
7 0 0 0.912626

5
1 0 8405 0.942638
2 0 0 0.989411
3 0 8585 0.88274
6 0 0 0.918352
7 0 0 0.865617

5
1 1 1 0.810602
2 0 3536 0.966363
4 0 0 1.0063
5 0 0 1.0631
3 0 0 0.813718

3
1 1 1 0.813596
2 0 0 0.875138
3 0 0 0.781177

3
1 0 7576 0.997614
2 0 0 1.02306
3 0 0 0.917678

3
1 0 9472 0.88437
2 0 0 0.849381
3 0 0 0.827538

1
1 0 0 0.88453

3
1 0 4455 0.930413
2 0 0 0.995294
3 0 0 0.903954

3
1 1 1 0.859497
2 0 0 0.986521
3 0 0 0.959269

3
1 0 9784 0.739104
2 0 0 0.778648
3 0 0 1.11254

1
1 0 0 0.88219

3
1 1 2 0.836636
2 0 0 0.829862
3 0 0 0.998486

3
1 0 8371 0.834437
2 0 0 0.858692
3 0 0 0.933531

5
1 0 9512 0.889855
2 0 0 0.870168
3 0 9835 0.906701
6 0 0 1.00569
7 0 0 0.959578

3
1 0 7680 0.887311
2 0 0 0.927856
3 0 0 0.920535

3
1 0 249 0.722948
2 0 0 1.014
3 0 0 0.692198

3
1 1 2 0.850244
2 0 0 0.817922
3 0 0 1.15825

3
1 1 2 0.909158
2 0 0 0.867745
3 0 0 0.956802

5
1 1 2 0.895598
2 0 129 0.945303
4 0 0 0.952511
5 0 0 0.927088
3 0 0 0.788461

1
1 0 0 0.822263

3
1 0 9014 0.865019
2 0 0 0.883996
3 0 0 0.846481

1
1 0 0 0.755868

3
1 1 1 0.928279
2 0 0 0.933692
3 0 0 0.737943

3
1 1 2 0.915243
2 0 0 0.799664
3 0 0 0.937824

3
1 1 1 0.883365
2 0 0 1.00797
3 0 0 0.912071

3
1 0 3807 0.856961
2 0 0 0.823549
3 0 0 0.874

1
1 0 0 0.807435

5
1 0 2609 0.863412
2 0 777 0.9254
4 0 0 0.955285
5 0 0 0.961395
3 0 0 0.888072

3
1 1 1 0.855392
2 0 0 1.04939
3 0 0 0.78707

3
1 1 1 0.924964
2 0 0 0.856184
3 0 0 0.778607

1
1 0 0 0.881771

3
1 1 1 0.842597
2 0 0 0.873576
3 0 0 0.870309

3
1 0 274 0.855751
2 0 0 0.993147
3 0 0 0.809759

3
1 1 1 0.918117
2 0 0 0.964955
3 0 0 0.86593

3
1 1 1 0.920991
2 0 0 1.06438
3 0 0 0.855158

3
1 1 1 0.882638
2 0 0 1.0739
3 0 0 0.825859

3
1 1 1 0.896371
2 0 0 1.06668
3 0 0 0.868937

1
1 0 0 0.786255

3
1 1 1 0.982129
2 0 0 0.98346
3 0 0 0.771462

3
1 0 7413 0.935933
2 0 0 0.972004
3 0 0 0.888722

3
1 0 2596 0.845899
2 0 0 0.780494
3 0 0 1.02601

3
1 0 5122 0.856953
2 0 0 0.945132
3 0 0 0.839716

3
1 1 2 0.880499
2 0 0 0.877184
3 0 0 1.03151

3
1 0 1202 0.898453
2 0 0 0.96256
3 0 0 0.835322

3
1 1 1 0.851605
2 0 0 0.868325
3 0 0 0.841418

7
1 1 2 0.928697
2 0 0 0.795889
3 0 1733 0.931285
6 0 868 0.93917
12 0 0 0.882266
13 0 0 0.937908
7 0 0 0.957356

3
1 1 1 1.01109
2 0 0 1.07959
3 0 0 0.989806

3
1 1 2 0.815263
2 0 0 0.994927
3 0 0 0.915161

3
1 1 1 0.944651
2 0 0 1.02136
3 0 0 0.878449

1
1 0 0 0.782131

5
1 1 1 0.936804
2 0 0 0.9489
3 0 9712 0.884613
6 0 0 0.806164
7 0 0 0.994731

3
1 1 2 0.878898
2 0 0 0.847425
3 0 0 0.878337

3
1 1 2 0.850084
2 0 0 0.769415
3 0 0 0.964652

1
1 0 0 0.771112

5
1 1 1 0.880253
2 0 0 0.834017
3 0 673 0.907045
6 0 0 0.977676
7 0 0 0.9251

5
1 0 2740 0.817921
2 0 0 1.07674
3 0 6320 0.951777
6 0 0 1.00323
7 0 0 0.895417

5
1 1 2 0.950161
2 1 1 0.961896
4 0 0 1.02733
5 0 0 0.951252
3 0 0 1.05744

3
1 0 7680 0.964222
2 0 0 0.945806
3 0 0 0.90585

1
1 0 0 0.894005

3
1 1 1 0.871311
2 0 0 1.11524
3 0 0 0.862226

3
1 1 1 0.929623
2 0 0 1.01675
3 0 0 0.888661

3
1 1 1 0.802311
2 0 0 1.07888
3 0 0 0.851304

1
1 0 0 0.802024

3
1 0 3506 0.846691
2 0 0 0.987473
3 0 0 0.849872

1
1 0 0 0.736157

3
1 0 3253 0.942498
2 0 0 0.858742
3 0 0 1.03685

5
1 0 404 0.864461
2 0 0 0.926254
3 0 5577 0.84951
6 0 0 0.803366
7 0 0 0.8907

3
1 1 1 1.00619
2 0 0 1.06091
3 0 0 0.980318

3
1 0 1781 0.877264
2 0 0 1.05973
3 0 0 0.836248

1
1 0 0 0.964972

1
1 0 0 0.819742

1
1 0 0 0.790944

3
1 1 1 0.743689
2 0 0 0.796295
3 0 0 0.783246

5
1 0 3400 0.863786
2 0 0 0.876297
3 0 7788 0.939292
6 0 0 0.885547
7 0 0 0.893646

3
1 0 1425 0.884427
2 0 0 0.963409
3 0 0 0.864538

3
1 1 1 0.865705
2 0 0 1.02617
3 0 0 0.777408

1
1 0 0 0.715063

3
1 0 357 0.806225
2 0 0 1.16786
3 0 0 0.7574

1
1 0 0 0.838702

1
1 0 0 0.878884

3
1 1 2 0.924449
2 0 0 0.919363
3 0 0 0.938199

5
1 1 1 0.835478
2 0 0 1.0936
3 1 2 0.924258
6 0 0 0.79569
7 0 0 1.0192

1
1 0 0 0.828999

3
1 1 1 0.905537
2 0 0 0.951353
3 0 0 0.832406

3
1 1 1 0.90216
2 0 0 0.912436
3 0 0 0.908772

1
1 0 0 0.839276

5
1 0 4144 0.873829
2 0 777 0.94893
4 0 0 0.921089
5 0 0 0.956579
3 0 0 0.991409

3
1 0 9941 0.914343
2 0 0 0.83993
3 0 0 0.883898

3
1 1 2 0.853208
2 0 0 0.949691
3 0 0 0.988533

3
1 0 6084 0.950158
2 0 0 0.903131
3 0 0 0.753219

5
1 1 1 0.924805
2 0 0 1.17258
3 1 2 0.925607
6 0 0 0.969348
7 0 0 0.929994

3
1 1 1 0.853795
2 0 0 1.15036
3 0 0 0.782483

3
1 0 4922 0.895158
2 0 0 0.878209
3 0 0 0.86206

1
1 0 0 0.815214

5
1 0 1368 0.939394
2 0 194 0.992611
4 0 0 0.960332
5 0 0 0.990341
3 0 0 0.872563

3
1 0 1638 0.843257
2 0 0 0.844891
3 0 0 0.839365

1
1 0 0 0.88176

7
1 1 1 0.9233
2 0 8325 0.970778
4 0 7708 0.986273
8 0 0 1.1116
9 0 0 1.03223
5 0 0 1.04744
3 0 0 0.89355

3
1 1 1 0.860888
2 0 0 0.834547
3 0 0 0.814003

3
1 0 681 0.871107
2 0 0 0.988932
3 0 0 0.885695

3
1 0 8694 0.805625
2 0 0 0.813685
3 0 0 0.837823

1
1 0 0 0.864238

3
1 1 2 0.805861
2 0 0 0.824941
3 0 0 0.972446

3
1 1 1 0.865481
2 0 0 1.0324
3 0 0 0.898956

5
1 0 9763 0.769036
2 0 0 0.774278
3 0 9886 1.17252
6 0 0 1.03042
7 0 0 0.929391

1
1 0 0 0.721937

1
1 0 0 0.825539

3
1 0 874 0.918001
2 0 0 0.937441
3 0 0 0.778844

3
1 0 2665 0.97592
2 0 0 0.939162
3 0 0 0.891764

3
1 0 1304 0.845403
2 0 0 0.993991
3 0 0 0.871179

5
1 0 3227 0.893935
2 0 0 0.922682
3 1 1 0.89851
6 0 0 0.848187
7 0 0 0.914721

5
1 1 1 0.873358
2 0 5905 1.01221
4 0 0 0.973053
5 0 0 0.977099
3 0 0 0.81759

3
1 1 2 0.979068
2 0 0 0.84171
3 0 0 1.13926

1
1 0 0 0.866356

3
1 0 687 0.840664
2 0 0 1.0674
3 0 0 0.907616

1
1 0 0 0.762993

5
1 1 1 0.905123
2 0 0 0.983066
3 1 2 0.962109
6 0 0 0.902996
7 0 0 1.00079

3
1 0 439 0.85421
2 0 0 1.02614
3 0 0 0.88128

5
1 0 6390 0.901519
2 0 0 0.933334
3 0 8920 0.943308
6 0 0 1.06895
7 0 0 0.926141

3
1 0 6090 0.880297
2 0 0 0.985178
3 0 0 0.870652

3
1 0 5174 0.907795
2 0 0 0.864657
3 0 0 0.876834

3
1 1 1 0.854478
2 0 0 0.924357
3 0 0 0.861931

1
1 0 0 0.820037

5
1 1 2 0.887959
2 1 1 0.966151
4 0 0 1.05634
5 0 0 0.926926
3 0 0 1.09176

3
1 1 2 0.79801
2 0 0 0.924133
3 0 0 0.970469

1
1 0 0 0.662877

3
1 0 9450 0.729265
2 0 0 0.73464
3 0 0 0.932034

3
1 1 1 0.821171
2 0 0 0.971058
3 0 0 0.882697

3
1 0 444 0.89391
2 0 0 0.934903
3 0 0 0.777192

5
1 1 2 0.90378
2 0 0 0.879217
3 0 9474 0.875041
6 0 0 0.908271
7 0 0 1.00404

1
1 0 0 0.77288

3
1 1 1 0.835877
2 0 0 1.06352
3 0 0 0.805117

3
1 0 9661 0.897422
2 0 0 0.883724
3 0 0 0.939275

3
1 1 2 0.853597
2 0 0 0.832436
3 0 0 1.00705

5
1 1 1 0.916712
2 0 280 0.895335
4 0 0 0.998384
5 0 0 0.86153
3 0 0 0.831518

7
1 0 3115 0.878679
2 0 405 0.960315
4 0 0 0.965372
5 0 0 0.980421
3 0 7802 0.993704
6 0 0 0.984751
7 0 0 0.915359

3
1 1 1 0.896371
2 0 0 1.06337
3 0 0 0.765618

3
1 1 1 0.827944
2 0 0 1.0314
3 0 0 0.736369

5
1 1 1 0.982129
2 0 626 1.04164
4 0 0 1.02694
5 0 0 0.927435
3 0 0 0.737597

1
1 0 0 0.839417

7
1 0 7487 0.960786
2 0 5791 0.88215
4 0 0 0.868826
5 0 0 1.03463
3 0 8513 1.04827
6 0 0 0.969796
7 0 0 0.975338

1
1 0 0 0.825942

1
1 0 0 0.845939

3
1 0 7395 0.885692
2 0 0 0.915878
3 0 0 0.777768

5
1 1 2 0.955359
2 1 1 1.01347
4 0 0 1.02204
5 0 0 0.905002
3 0 0 0.841512

3
1 1 1 0.903856
2 0 0 0.988537
3 0 0 0.879728

3
1 1 1 1.01109
2 0 0 0.959589
3 0 0 0.823378

3
1 1 1 0.89159
2 0 0 1.02314
3 0 0 0.913038

3
1 0 1610 0.870521
2 0 0 0.939379
3 0 0 0.902684

1
1 0 0 0.837814

5
1 1 2 0.777021
2 0 0 0.788131
3 0 5510 0.93504
6 0 0 1.013
7 0 0 0.991132

3
1 1 1 0.810379
2 0 0 0.943028
3 0 0 0.883976

3
1 0 5718 0.803437
2 0 0 0.832472
3 0 0 0.817444

3
1 1 1 0.879314
2 0 0 1.06642
3 0 0 0.726058

1
1 0 0 0.695164

3
1 0 5890 0.888236
2 0 0 1.00099
3 0 0 0.901809

1
1 0 0 0.837385

3
1 1 1 0.963175
2 0 0 1.08336
3 0 0 0.868559

3
1 1 1 0.918275
2 0 0 1.01724
3 0 0 0.876572

1
1 0 0 0.828256

3
1 1 1 0.914529
2 0 0 0.971313
3 0 0 0.910883

3
1 0 5705 0.878269
2 0 0 0.879709
3 0 0 0.95369

1
1 0 0 0.898216

7
1 1 1 0.886777
2 0 5395 0.981457
4 0 0 0.966725
5 0 0 1.06493
3 1 2 0.936806
6 0 0 0.990517
7 0 0 0.969308

7
1 1 1 0.964818
2 0 5678 1.10841
4 0 0 0.989173
5 0 6160 0.99181
10 0 0 1.03174
11 0 0 1.05907
3 0 0 0.785572

3
1 1 1 0.949942
2 0 0 1.02384
3 0 0 0.839168

3
1 1 1 0.974838
2 0 0 1.03798
3 0 0 0.948028

1
1 0 0 0.813899

3
1 1 2 0.852199
2 0 0 0.904986
3 0 0 0.884137

5
1 1 2 0.897386
2 0 3301 0.99651
4 0 0 1.00722
5 0 0 0.941294
3 0 0 0.9199

3
1 1 2 0.905103
2 0 0 0.945703
3 0 0 0.94548

1
1 0 0 0.843693

3
1 0 305 0.85901
2 0 0 0.969741
3 0 0 0.884779

1
1 0 0 0.847869

5
1 1 1 0.892615
2 0 5783 0.984515
4 0 0 0.899145
5 0 0 1.03592
3 0 0 0.891949

3
1 1 2 0.808661
2 0 0 0.796068
3 0 0 0.869245

3
1 0 9823 0.775123
2 0 0 0.767406
3 0 0 1.08241

1
1 0 0 0.830826

1
1 0 0 0.888466

1
1 0 0 0.792367

3
1 1 1 0.824276
2 0 0 0.907947
3 0 0 0.758553

3
1 0 7669 0.949108
2 0 0 0.978311
3 0 0 0.839278

3
1 0 448 0.713509
2 0 0 1.02894
3 0 0 0.775006

1
1 0 0 0.848817

3
1 0 8556 0.825485
2 0 0 0.845804
3 0 0 0.979473

3
1 1 1 0.859824
2 0 0 1.10147
3 0 0 0.814897

3
1 1 2 0.869886
2 0 0 0.801871
3 0 0 1.02395

3
1 1 1 0.88505
2 0 0 0.919473
3 0 0 0.83196

7
1 0 4900 0.817084
2 0 4046 0.970702
4 0 0 1.07005
5 1 2 1.05974
10 0 0 1.06162
11 0 0 1.00115
3 0 0 0.848077

3
1 1 1 0.835777
2 0 0 0.934513
3 0 0 0.821129

3
1 0 2340 0.847704
2 0 0 0.800345
3 0 0 0.871771

3
1 1 1 0.853795
2 0 0 0.981895
3 0 0 0.745593

3
1 0 8217 0.908121
2 0 0 1.03744
3 0 0 0.910205

7
1 0 9116 0.882101
2 0 0 0.834719
3 1 1 0.883855
6 0 0 1.0291
7 1 2 0.941407
14 0 0 0.892127
15 0 0 0.984548

1
1 0 0 0.894579

3
1 1 1 0.869212
2 0 0 1.00468
3 0 0 0.794795

5
1 1 1 1.00423
2 0 0 0.940591
3 1 2 0.853294
6 0 0 0.831456
7 0 0 0.852086

3
1 1 1 0.850142
2 0 0 1.08814
3 0 0 0.810967

5
1 1 2 0.867308
2 0 0 0.825257
3 0 2351 1.01375
6 0 0 0.990435
7 0 0 1.09503

1
1 0 0 0.783698

3
1 0 3690 0.923098
2 0 0 0.98239
3 0 0 0.937415

3
1 0 3209 0.82849
2 0 0 1.02478
3 0 0 0.890915

3
1 1 1 0.870799
2 0 0 1.0037
3 0 0 0.807611

5
1 1 1 0.959587
2 0 5748 0.956807
4 0 0 0.995256
5 0 0 0.887304
3 0 0 0.926851

1
1 0 0 0.942963

3
1 0 5717 0.891417
2 0 0 0.936666
3 0 0 0.949842

5
1 1 2 0.85403
2 0 0 0.884292
3 0 5293 0.972943
6 0 0 1.07727
7 0 0 1.03204

1
1 0 0 0.627169

3
1 0 582 0.858996
2 0 0 0.990063
3 0 0 0.807588

3
1 0 62 0.716526
2 0 0 1.07219
3 0 0 0.838286

3
1 0 334 0.701585
2 0 0 0.891373
3 0 0 0.746438

5
1 0 5573 0.912329
2 0 0 0.950332
3 0 5637 0.881224
6 0 0 0.952795
7 0 0 0.869298

3
1 0 2149 0.880168
2 0 0 0.950296
3 0 0 0.828919

5
1 1 2 0.948261
2 1 1 0.924848
4 0 0 0.916836
5 0 0 0.821726
3 0 0 0.973084

1
1 0 0 0.900615

1
1 0 0 0.713643

7
1 1 2 0.885176
2 1 1 0.93427
4 0 0 1.0603
5 0 0 0.996486
3 0 8013 0.96938
6 0 0 0.897832
7 0 0 0.934185

7
1 0 2714 0.891684
2 0 640 0.906688
4 0 148 1.01473
8 0 0 0.967422
9 0 0 0.927509
5 0 0 0.873848
3 0 0 0.962366

3
1 0 345 0.71813
2 0 0 0.971285
3 0 0 0.712306

5
1 1 2 0.901179
2 0 0 0.838648
3 0 5506 0.946912
6 0 0 0.962307
7 0 0 0.920476

3
1 1 1 0.856209
2 0 0 0.950217
3 0 0 0.881256

3
1 1 2 0.948146
2 0 0 0.946947
3 0 0 1.00194

5
1 0 3363 0.865729
2 0 0 0.907354
3 1 1 0.895375
6 0 0 1.03325
7 0 0 0.862687

1
1 0 0 0.911948

5
1 1 2 0.900468
2 0 0 0.855071
3 0 4613 1.08338
6 0 0 0.954437
7 0 0 1.05256

3
1 0 3461 0.941911
2 0 0 1.00753
3 0 0 0.926583

5
1 1 1 0.833027
2 0 1247 1.03383
4 0 0 0.947894
5 0 0 0.998762
3 0 0 0.818932

3
1 0 5301 0.857157
2 0 0 0.896651
3 0 0 0.903718

1
1 0 0 0.785702

3
1 0 3824 0.902461
2 0 0 0.882864
3 0 0 0.855303

1
1 0 0 0.739501

3
1 1 1 0.849082
2 0 0 1.0551
3 0 0 0.849554

1
1 0 0 0.688313

3
1 0 1626 0.893422
2 0 0 0.924716
3 0 0 0.938135

1
1 0 0 0.85535

1
1 0 0 0.841375

1
1 0 0 0.878379

3
1 0 985 0.901546
2 0 0 0.9342
3 0 0 0.925055

3
1 1 2 0.929988
2 0 0 0.795855
3 0 0 0.908708

5
1 0 7274 0.907675
2 1 1 0.992165
4 0 0 0.942637
5 0 0 1.02118
3 0 0 1.06933

5
1 1 1 0.824286
2 0 258 0.982296
4 0 0 0.979522
5 0 0 1.07242
3 0 0 0.728432

3
1 1 1 0.841441
2 0 0 0.973909
3 0 0 0.893524

3
1 0 1153 0.810705
2 0 0 0.908908
3 0 0 0.82367

3
1 1 2 0.848412
2 0 0 0.888021
3 0 0 0.943826

3
1 0 822 0.772964
2 0 0 0.967266
3 0 0 0.74999

1
1 0 0 0.802989

3
1 1 1 0.855368
2 0 0 0.99852
3 0 0 0.741837

3
1 1 1 0.847223
2 0 0 0.893573
3 0 0 0.825691

1
1 0 0 0.890414

5
1 1 2 0.937287
2 0 6517 0.912895
4 0 0 0.940896
5 0 0 0.91855
3 0 0 0.938854

3
1 0 7071 0.961996
2 0 0 0.889521
3 0 0 0.819429

3
1 0 1920 0.907463
2 0 0 0.81709
3 0 0 0.958562

1
1 0 0 0.828638

3
1 1 1 0.869909
2 0 0 1.07991
3 0 0 0.795564

3
1 0 1768 0.79799
2 0 0 0.926916
3 0 0 0.774464

5
1 0 9926 0.866482
2 0 0 0.834494
3 0 9950 1.03832
6 0 0 0.916231
7 0 0 0.970432

1
1 0 0 0.862344

3
1 1 1 0.963175
2 0 0 0.978189
3 0 0 0.751388

3
1 1 1 0.918275
2 0 0 0.927251
3 0 0 0.836858

3
1 0 9137 0.824236
2 0 0 0.861875
3 0 0 0.85467

3
1 1 1 0.855633
2 0 0 0.955431
3 0 0 0.887771

3
1 1 1 0.903196
2 0 0 1.02832
3 0 0 0.872369

7
1 0 75 0.911112
2 0 0 0.951378
3 0 2158 0.924997
6 0 0 0.922266
7 1 2 0.901164
14 0 0 0.860016
15 0 0 0.9072

3
1 0 8922 0.926138
2 0 0 0.999707
3 0 0 0.870526

1
1 0 0 0.76592

3
1 1 1 0.898021
2 0 0 1.0579
3 0 0 0.914014

3
1 1 1 0.974838
2 0 0 1.02033
3 0 0 0.811394

1
1 0 0 0.807994

5
1 1 1 0.906194
2 0 2917 1.00802
4 0 0 0.888393
5 0 0 1.06555
3 0 0 0.767959

5
1 1 1 0.891756
2 0 9282 1.08992
4 0 0 1.00309
5 0 0 0.90377
3 0 0 0.822696

5
1 1 1 0.919851
2 0 0 1.02028
3 0 311 0.856048
6 0 0 0.953174
7 0 0 0.872653

3
1 0 533 0.857572
2 0 0 0.925622
3 0 0 0.851764

5
1 1 2 0.903541
2 0 0 0.862092
3 0 6427 0.971763
6 0 0 1.01823
7 0 0 1.05119

3
1 1 2 0.949689
2 0 0 0.858715
3 0 0 0.912683

3
1 1 1 0.909527
2 0 0 1.06693
3 0 0 0.854057

3
1 0 9393 0.86442
2 0 0 0.972384
3 0 0 1.00055

3
1 0 206 0.811428
2 0 0 1.02298
3 0 0 0.924787

3
1 0 119 0.838975
2 0 0 0.966588
3 0 0 0.820686

3
1 1 2 0.854878
2 0 0 0.759563
3 0 0 0.919956

3
1 1 1 0.862134
2 0 0 0.93557
3 0 0 0.949809

5
1 1 2 0.917899
2 0 817 0.861935
4 0 0 1.06344
5 0 0 0.837196
3 0 0 0.878947

3
1 0 4297 0.882047
2 0 0 0.922783
3 0 0 0.866018

3
1 1 1 0.829267
2 0 0 1.00503
3 0 0 0.760798

1
1 0 0 0.925818

1
1 0 0 0.777771

1
1 0 0 0.780782

7
1 0 8674 0.868355
2 0 0 0.84914
3 0 8770 0.867303
6 1 2 1.02136
12 0 0 1.07767
13 0 0 1.09829
7 0 0 0.971666

3
1 0 394 0.862881
2 0 0 1.0048
3 0 0 0.806622

3
1 0 9378 0.831684
2 0 0 0.825724
3 0 0 0.953558

3
1 0 261 0.763139
2 0 0 0.960848
3 0 0 0.905844

5
1 1 2 0.842954
2 0 0 0.841293
3 0 8835 0.853508
6 0 0 0.960655
7 0 0 0.97467

3
1 1 1 0.853795
2 0 0 0.966075
3 0 0 0.802691

1
1 0 0 0.765196

3
1 1 1 0.910651
2 0 0 0.917932
3 0 0 0.831493

5
1 0 4210 0.889848
2 1 2 1.05392
4 0 0 1.05979
5 0 0 0.893987
3 0 0 0.960793

3
1 1 1 0.900832
2 0 0 1.08394
3 0 0 0.868887

3
1 1 1 0.822109
2 0 0 0.986206
3 0 0 0.901251

1
1 0 0 0.826173

3
1 1 1 0.875251
2 0 0 0.963509
3 0 0 0.905163

5
1 1 2 0.919197
2 0 4090 0.952856
4 0 0 0.906835
5 0 0 1.0092
3 0 0 0.980413

1
1 0 0 0.748639

5
1 1 1 0.86158
2 0 6565 1.01
4 0 0 1.00827
5 0 0 0.972546
3 0 0 0.814745

3
1 0 7875 0.870456
2 0 0 0.885652
3 0 0 0.968001

3
1 1 1 0.959587
2 0 0 1.19257
3 0 0 0.82291

3
1 1 1 0.946057
2 0 0 0.949225
3 0 0 0.831889

3
1 0 5183 0.829606
2 0 0 0.958885
3 0 0 0.89715

5
1 0 9577 0.841398
2 1 2 0.838734
4 0 0 0.823951
5 0 0 0.90485
3 0 0 1.01445

3
1 0 6982 0.847109
2 0 0 0.936718
3 0 0 0.777397

1
1 0 0 0.834153

3
1 0 796 0.914631
2 0 0 1.05563
3 0 0 0.990072

3
1 0 1076 0.931696
2 0 0 0.960061
3 0 0 0.911273

3
1 0 112 0.78681
2 0 0 0.987294
3 0 0 0.769074

1
1 0 0 0.717577

3
1 0 1059 0.749074
2 0 0 0.915659
3 0 0 0.738715

5
1 0 1002 0.890426
2 0 0 0.997776
3 0 5996 1.03374
6 0 0 0.994395
7 0 0 0.882691

3
1 0 9955 0.751922
2 0 0 0.809934
3 0 0 1.09458

3
1 1 1 0.842244
2 0 0 1.01423
3 0 0 0.851743

3
1 0 1191 0.873536
2 0 0 0.890788
3 0 0 0.872893

3
1 0 152 0.789234
2 0 0 0.909679
3 0 0 0.783596

3
1 1 2 0.824518
2 0 0 0.837919
3 0 0 0.963683

5
1 0 1874 0.84458
2 0 42 0.921555
4 0 0 0.960271
5 0 0 0.906809
3 0 0 0.849239

3
1 1 2 0.84468
2 0 0 0.860471
3 0 0 0.915946

3
1 1 2 0.886425
2 0 0 0.870097
3 0 0 0.976356

3
1 0 9455 0.878834
2 0 0 0.873329
3 0 0 0.929029

3
1 1 1 0.883224
2 0 0 1.06492
3 0 0 0.862238

5
1 1 1 0.844068
2 0 7196 0.90973
4 0 0 0.953411
5 0 0 0.939847
3 0 0 0.799875

3
1 0 1958 0.846889
2 0 0 0.936894
3 0 0 0.759812

5
1 0 8823 0.871678
2 0 0 0.954996
3 0 9536 0.893897
6 0 0 0.842387
7 0 0 0.983104

1
1 0 0 0.828031

1
1 0 0 0.960561

3
1 0 6646 0.912891
2 0 0 0.885158
3 0 0 0.954044

3
1 1 2 0.904932
2 0 0 0.951314
3 0 0 1.04716

3
1 1 2 0.782883
2 0 0 0.8683
3 0 0 0.946745

3
1 0 354 0.753189
2 0 0 1.09608
3 0 0 0.799262

1
1 0 0 0.801756

3
1 0 560 0.825768
2 0 0 0.914465
3 0 0 0.838574

1
1 0 0 0.690094

3
1 0 567 0.917959
2 0 0 0.97285
3 0 0 0.886343

3
1 0 6001 0.876183
2 0 0 1.02168
3 0 0 0.957491

3
1 1 2 0.863061
2 0 0 0.916373
3 0 0 0.956069

1
1 0 0 0.854412

5
1 1 2 0.945886
2 0 0 0.823973
3 0 9219 1.03205
6 0 0 1.03597
7 0 0 1.0688

3
1 1 1 0.938991
2 0 0 0.911079
3 0 0 0.727742

1
1 0 0 0.855876

3
1 1 1 0.869195
2 0 0 1.05994
3 0 0 0.879701

3
1 1 2 0.874009
2 0 0 0.861634
3 0 0 0.959224

1
1 0 0 0.898732

3
1 1 1 0.820379
2 0 0 0.888714
3 0 0 0.794527

1
1 0 0 0.850504

5
1 1 1 0.868956
2 0 971 0.985929
4 0 0 0.910354
5 0 0 0.974149
3 0 0 0.942002

1
1 0 0 0.805809

9
1 1 2 0.916135
2 0 0 0.937694
3 0 1019 1.07962
6 0 59 0.902654
12 0 0 0.96912
13 0 0 0.887427
7 0 3745 1.02936
14 0 0 1.03396
15 0 0 0.983961

5
1 0 8076 0.96249
2 0 5108 0.99543
4 0 0 1.06661
5 0 0 1.00362
3 0 0 1.0012

3
1 0 923 0.783078
2 0 0 1.03775
3 0 0 0.8108

3
1 1 1 0.915555
2 0 0 0.981738
3 0 0 0.856998

1
1 0 0 0.952675

3
1 0 4008 0.834403
2 0 0 0.834492
3 0 0 0.875109

5
1 1 1 0.963175
2 0 6401 0.951455
4 0 0 0.989522
5 0 0 0.988364
3 0 0 0.787523

3
1 0 4781 0.912235
2 0 0 0.923992
3 0 0 0.938721

3
1 1 1 0.795824
2 0 0 0.996068
3 0 0 0.668338

1
1 0 0 0.868428

3
1 0 9444 0.83439
2 0 0 0.85783
3 0 0 0.976138

3
1 1 1 0.77044
2 0 0 0.988841
3 0 0 0.863205

3
1 1 1 0.904094
2 0 0 1.09527
3 0 0 0.757187

1
1 0 0 0.779409

5
1 0 5286 0.910983
2 0 4354 0.980569
4 0 0 0.936266
5 0 0 0.965257
3 0 0 0.857131

1
1 0 0 0.824105

5
1 0 4516 0.953224
2 0 0 0.993549
3 0 4632 0.950208
6 0 0 1.0279
7 0 0 0.943772

3
1 1 1 0.835613
2 0 0 1.04405
3 0 0 0.95101

3
1 1 1 0.891756
2 0 0 0.913951
3 0 0 0.702033

5
1 0 2152 0.834189
2 0 1849 0.876286
4 0 0 0.897445
5 0 0 1.12755
3 0 0 0.912849

3
1 1 1 0.868647
2 0 0 1.05689
3 0 0 0.717939

1
1 0 0 0.904317

3
1 1 2 0.854969
2 0 0 0.820601
3 0 0 0.899379

5
1 1 2 0.97244
2 1 1 0.985206
4 0 0 0.987868
5 0 0 0.925391
3 0 0 0.927193

3
1 0 9431 0.839157
2 0 0 0.842149
3 0 0 0.984791

3
1 1 1 0.888285
2 0 0 1.01396
3 0 0 0.837534

1
1 0 0 0.85887

3
1 0 660 0.824746
2 0 0 0.992189
3 0 0 0.801751

3
1 1 2 0.866081
2 0 0 0.833315
3 0 0 0.922919

1
1 0 0 0.904098

3
1 1 1 0.89346
2 0 0 0.922822
3 0 0 0.916165

3
1 0 2773 0.960991
2 0 0 1.00751
3 0 0 0.854537

3
1 1 1 0.94595
2 0 0 1.02044
3 0 0 0.910372

3
1 0 5227 0.850239
2 0 0 0.926047
3 0 0 0.802769

3
1 1 1 0.86985
2 0 0 0.97039
3 0 0 0.822084

3
1 1 2 0.75819
2 0 0 0.770019
3 0 0 0.962148

7
1 0 9720 0.889376
2 0 0 0.682018
3 0 9872 0.918169
6 0 9852 1.00606
12 0 0 1.02257
13 0 0 1.01044
7 0 0 0.935136

3
1 0 5422 0.894545
2 0 0 1.01345
3 0 0 0.853027

1
1 0 0 0.760915

1
1 0 0 0.959672

3
1 1 1 0.8848
2 0 0 0.92541
3 0 0 0.910627

3
1 1 2 0.826049
2 0 0 0.857467
3 0 0 1.00199

3
1 1 2 0.881284
2 0 0 0.792022
3 0 0 0.864823

3
1 1 1 0.904159
2 0 0 0.927101
3 0 0 0.818843

3
1 1 1 0.916409
2 0 0 1.03129
3 0 0 0.885375

1
1 0 0 0.790301

3
1 0 9744 0.874691
2 0 0 0.849238
3 0 0 0.9485

3
1 0 9772 0.890078
2 0 0 0.849728
3 0 0 0.949713

1
1 0 0 0.899569

3
1 0 9938 0.827331
2 0 0 0.801536
3 0 0 0.964393

3
1 1 1 0.861382
2 0 0 1.05723
3 0 0 0.908591

3
1 1 1 0.895807
2 0 0 0.919714
3 0 0 0.883726

5
1 1 1 0.959587
2 0 7834 0.986946
4 0 0 1.05539
5 0 0 0.973644
3 0 0 0.92302

3
1 1 1 0.858051
2 0 0 1.04053
3 0 0 0.774415

3
1 0 7791 0.876004
2 0 0 0.943229
3 0 0 0.869813

1
1 0 0 0.829199

3
1 0 9829 0.903034
2 0 0 0.888189
3 0 0 1.08227

7
1 0 1260 0.839568
2 0 437 0.925031
4 0 0 1.04601
5 0 0 0.948691
3 1 1 0.896615
6 0 0 0.925478
7 0 0 0.861519

1
1 0 0 0.79804

5
1 0 1433 0.856538
2 0 0 0.926637
3 0 6129 0.931934
6 0 0 0.964315
7 0 0 0.965921

3
1 1 1 0.880552
2 0 0 0.949627
3 0 0 0.85971

1
1 0 0 0.89712

3
1 1 1 0.810748
2 0 0 0.913554
3 0 0 0.808064

3
1 1 2 0.841432
2 0 0 0.776822
3 0 0 1.02062

3
1 0 3641 0.818733
2 0 0 0.883209
3 0 0 0.872949

1
1 0 0 0.844909

1
1 0 0 0.805049

1
1 0 0 0.86541

3
1 1 1 0.89379
2 0 0 1.01844
3 0 0 0.875925

3
1 1 1 0.800495
2 0 0 1.02922
3 0 0 0.823178

3
1 1 1 0.837799
2 0 0 1.0527
3 0 0 0.846913

3
1 1 1 0.737519
2 0 0 0.922388
3 0 0 0.804179

3
1 0 638 0.772472
2 0 0 1.01465
3 0 0 0.656877

1
1 0 0 0.751869

3
1 0 6950 0.863058
2 0 0 0.916046
3 0 0 0.984806

3
1 1 2 0.969311
2 0 0 0.818522
3 0 0 0.940319

3
1 0 5068 1.01206
2 0 0 1.01552
3 0 0 1.03054

5
1 0 3562 0.809218
2 0 842 0.893297
4 0 0 0.928735
5 0 0 0.950347
3 0 0 0.847707

3
1 1 1 0.885995
2 0 0 0.998476
3 0 0 0.776965

1
1 0 0 0.765509

3
1 1 1 0.812808
2 0 0 1.00447
3 0 0 0.896995

3
1 1 2 0.782883
2 0 0 0.835067
3 0 0 1.02242

3
1 0 1456 0.832226
2 0 0 0.979994
3 0 0 0.822498

3
1 0 6034 0.901306
2 0 0 0.886679
3 0 0 0.89869

1
1 0 0 0.923678

5
1 0 8079 0.908304
2 0 6958 0.895991
4 0 0 0.894813
5 0 0 0.923997
3 0 0 0.890432

1
1 0 0 0.779663

3
1 1 2 0.844674
2 0 0 0.889358
3 0 0 0.957563

1
1 0 0 0.861778

1
1 0 0 0.791531

3
1 0 6079 0.918856
2 0 0 0.905813
3 0 0 0.926292

9
1 0 2857 0.944245
2 1 1 0.929899
4 0 2245 0.780577
8 0 0 0.923463
9 0 0 1.0601
5 0 132 0.925293
10 0 0 0.925504
11 0 0 0.93939
3 0 0 0.976142

3
1 1 2 0.810528
2 0 0 0.794301
3 0 0 0.853582

3
1 0 633 0.811863
2 0 0 0.913676
3 0 0 0.92678

3
1 1 1 0.880627
2 0 0 0.952336
3 0 0 0.814515

1
1 0 0 0.730424

1
1 0 0 0.814076

3
1 1 1 0.880482
2 0 0 0.96811
3 0 0 0.940392

5
1 0 4234 1.00734
2 0 356 1.05279
4 0 0 0.88382
5 0 0 1.03393
3 0 0 1.03513

3
1 1 1 0.879515
2 0 0 0.878532
3 0 0 0.846148

3
1 1 1 0.923014
2 0 0 0.906983
3 0 0 0.88075

3
1 1 2 0.923106
2 0 0 0.903766
3 0 0 1.04243

1
1 0 0 0.758621

3
1 1 1 0.848799
2 0 0 1.04361
3 0 0 0.782071

3
1 1 2 0.928684
2 0 0 0.890687
3 0 0 0.965001

3
1 1 2 0.85958
2 0 0 0.881409
3 0 0 0.908831

3
1 0 3561 0.938748
2 0 0 1.01089
3 0 0 1.01773

3
1 1 2 0.871183
2 0 0 0.892473
3 0 0 1.01917

3
1 0 2142 0.957739
2 0 0 0.909706
3 0 0 0.823341

1
1 0 0 0.846244

5
1 1 1 1.00123
2 0 0 0.91615
3 1 2 0.945853
6 0 0 0.766798
7 0 0 1.11094

3
1 1 1 0.830968
2 0 0 0.908401
3 0 0 0.867744

3
1 1 2 0.915264
2 0 0 0.856727
3 0 0 0.965216

5
1 1 2 0.907123
2 0 0 0.852949
3 0 525 1.01129
6 0 0 0.999011
7 0 0 0.98469

3
1 1 1 0.906714
2 0 0 1.05505
3 0 0 0.886488

3
1 1 1 0.853576
2 0 0 0.936845
3 0 0 0.84431

3
1 0 6701 0.818779
2 0 0 0.861621
3 0 0 0.811632

3
1 1 1 0.905988
2 0 0 0.925513
3 0 0 0.779156

3
1 1 1 0.891756
2 0 0 0.993347
3 0 0 0.713454

5
1 1 1 0.901812
2 0 3047 1.096
4 0 0 1.07503
5 0 0 1.00984
3 0 0 0.762294

3
1 0 9986 0.84547
2 0 0 0.87354
3 0 0 1.04657

3
1 1 1 0.852761
2 0 0 1.10013
3 0 0 0.803323

3
1 0 2298 0.873379
2 0 0 0.971273
3 0 0 0.886858

1
1 0 0 0.844157

5
1 0 7405 0.880215
2 1 1 0.86975
4 0 0 0.900347
5 0 0 0.889687
3 0 0 0.83369

3
1 1 1 0.879764
2 0 0 1.07012
3 0 0 0.877797

5
1 0 5429 0.962545
2 0 0 0.908298
3 1 1 1.07353
6 0 0 1.10071
7 0 0 0.952342

3
1 1 1 0.892891
2 0 0 0.977463
3 0 0 0.860273

1
1 0 0 0.776167

3
1 0 5303 0.92566
2 0 0 0.987121
3 0 0 0.933066

3
1 0 1401 0.863519
2 0 0 0.979311
3 0 0 0.817468

3
1 0 8899 0.918789
2 0 0 0.901166
3 0 0 0.902315

3
1 0 9892 0.937449
2 0 0 0.879453
3 0 0 0.938689

3
1 1 1 0.854706
2 0 0 0.982791
3 0 0 0.991844

1
1 0 0 0.770497

1
1 0 0 0.84759

3
1 0 184 0.886199
2 0 0 0.87369
3 0 0 0.838314

1
1 0 0 0.900468

1
1 0 0 0.893936

5
1 0 9885 0.807705
2 0 0 0.774078
3 1 2 1.04194
6 0 0 1.03754
7 0 0 0.958903

3
1 1 1 0.916266
2 0 0 1.03632
3 0 0 0.922559

5
1 1 2 0.81443
2 0 0 0.77673
3 0 640 0.80456
6 0 0 0.982931
7 0 0 0.815643

3
1 1 2 0.822564
2 0 0 0.774823
3 0 0 0.87776

1
1 0 0 0.846227

1
1 0 0 0.756153

3
1 1 1 0.834648
2 0 0 1.11038
3 0 0 0.778775

5
1 0 2820 0.95101
2 0 0 1.00169
3 0 7544 0.965933
6 0 0 0.965441
7 0 0 0.901529

5
1 0 9365 0.973005
2 0 6227 0.993456
4 0 0 1.0157
5 0 0 0.908494
3 0 0 1.09929

1
1 0 0 0.747048

7
1 1 1 0.84066
2 0 7557 1.0849
4 0 0 0.982026
5 0 0 1.01818
3 1 2 0.887528
6 0 0 0.838687
7 0 0 1.04148

3
1 0 8156 0.896466
2 0 0 0.935971
3 0 0 0.721164

1
1 0 0 0.853825

3
1 1 1 0.811562
2 0 0 0.929631
3 0 0 0.725034

3
1 1 1 0.876041
2 0 0 0.916108
3 0 0 0.866749

3
1 1 1 0.912872
2 0 0 0.945542
3 0 0 0.847587

3
1 1 1 0.891966
2 0 0 0.924249
3 0 0 0.858528

3
1 1 1 0.910889
2 0 0 1.02965
3 0 0 0.814526

3
1 1 2 0.829243
2 0 0 0.887784
3 0 0 0.995371

3
1 0 5600 0.900953
2 0 0 0.869175
3 0 0 0.843422

3
1 1 1 0.953469
2 0 0 0.889542
3 0 0 0.966801

5
1 1 1 0.880552
2 0 7417 1.04499
4 0 0 0.910707
5 0 0 1.07819
3 0 0 0.825181

3
1 0 9729 0.790006
2 0 0 0.84757
3 0 0 0.929601

1
1 0 0 0.813365

3
1 0 8230 0.880412
2 0 0 0.870621
3 0 0 0.987383

3
1 1 2 0.889383
2 0 0 0.894081
3 0 0 0.897911

3
1 1 1 0.901922
2 0 0 0.990308
3 0 0 0.87973

3
1 0 2226 0.916941
2 0 0 0.986582
3 0 0 0.932721

3
1 1 1 0.907212
2 0 0 1.02675
3 0 0 0.820275

7
1 0 2332 0.867198
2 0 294 0.873947
4 0 0 0.880544
5 0 0 0.890165
3 0 8118 0.978901
6 0 0 0.973261
7 0 0 0.968393

1
1 0 0 0.797399

1
1 0 0 0.798439

3
1 1 1 0.737519
2 0 0 0.917475
3 0 0 0.874541

3
1 0 1235 0.903563
2 0 0 0.922098
3 0 0 0.910493

1
1 0 0 0.879147

3
1 0 9815 0.776781
2 0 0 0.736184
3 0 0 1.09624

5
1 0 9496 0.806421
2 0 0 0.906213
3 1 1 0.998491
6 0 0 0.842868
7 0 0 1.03534

3
1 0 2271 0.880002
2 0 0 0.926955
3 0 0 0.717557

1
1 0 0 0.788961

5
1 0 3849 0.839822
2 1 1 0.950681
4 0 0 0.914042
5 0 0 0.825636
3 0 0 0.874998

5
1 0 9394 0.893459
2 1 2 0.894479
4 0 0 0.798509
5 0 0 1.08779
3 0 0 1.01311

7
1 0 1545 0.875678
2 1 1 0.988972
4 0 0 1.04019
5 0 0 0.991
3 1 1 0.865383
6 0 0 0.983452
7 0 0 0.862947

3
1 1 2 0.928079
2 0 0 0.946408
3 0 0 0.979269

5
1 1 2 0.827357
2 0 0 0.840287
3 0 2505 1.03612
6 0 0 1.13177
7 0 0 1.04401

1
1 0 0 0.766753

3
1 0 728 0.780679
2 0 0 1.09122
3 0 0 0.7495

5
1 1 1 0.958851
2 0 5295 0.994097
4 0 0 0.956913
5 0 0 1.04543
3 0 0 0.841474

1
1 0 0 0.754521

5
1 1 2 0.86006
2 0 5687 0.859789
4 0 0 0.966603
5 0 0 0.984911
3 0 0 1.03333

5
1 0 4137 0.928261
2 0 1516 1.05708
4 0 0 0.775412
5 0 0 1.06514
3 0 0 0.875318

3
1 0 870 0.811829
2 0 0 0.898993
3 0 0 0.849909

3
1 1 1 0.827185
2 0 0 1.00745
3 0 0 0.840971

1
1 0 0 0.916437

3
1 0 6857 0.908232
2 0 0 0.943674
3 0 0 0.865893

3
1 1 1 0.830877
2 0 0 1.0151
3 0 0 0.911867

3
1 1 1 0.928335
2 0 0 0.978741
3 0 0 0.805253

3
1 1 1 0.885737
2 0 0 0.950297
3 0 0 0.837667

3
1 0 2171 0.838039
2 0 0 0.94962
3 0 0 0.862449

1
1 0 0 0.67465

3
1 0 1319 0.854421
2 0 0 1.15286
3 0 0 1.07977

5
1 0 6037 0.962366
2 0 5830 0.923135
4 0 0 0.887738
5 0 0 0.873883
3 0 0 0.923461

1
1 0 0 0.766144

5
1 1 2 0.861821
2 0 0 0.899351
3 0 4456 0.930207
6 0 0 0.962929
7 0 0 1.08156

3
1 1 2 0.867518
2 0 0 0.854553
3 0 0 0.89486

5
1 0 6883 0.90064
2 0 0 0.972853
3 1 2 0.954207
6 0 0 0.96205
7 0 0 1.02445

1
1 0 0 0.842156

5
1 0 8001 0.925636
2 0 0 0.837193
3 1 1 0.842961
6 0 0 0.997681
7 0 0 0.83682

3
1 0 7951 0.885755
2 0 0 0.952825
3 0 0 0.815525

3
1 0 1378 0.81701
2 0 0 0.98776
3 0 0 0.841638

5
1 1 2 0.924509
2 0 7142 0.865825
4 0 0 0.829354
5 0 0 0.955027
3 0 0 0.900171

3
1 1 1 0.80599
2 0 0 0.875011
3 0 0 0.956014

5
1 0 3237 0.854562
2 0 0 0.974808
3 0 5434 0.869495
6 0 0 0.972521
7 0 0 0.829433

3
1 0 845 0.772697
2 0 0 1.05491
3 0 0 0.867156

3
1 1 1 0.87418
2 0 0 0.91575
3 0 0 0.804011

5
1 0 4538 0.920401
2 1 1 0.950582
4 0 0 1.00481
5 0 0 0.963381
3 0 0 0.920667

3
1 1 1 0.927206
2 0 0 0.949664
3 0 0 0.859291

3
1 1 1 0.88177
2 0 0 0.923819
3 0 0 0.791997

3
1 0 9517 0.914626
2 0 0 0.921728
3 0 0 1.03874

3
1 0 5074 0.905813
2 0 0 0.882872
3 0 0 0.908008

3
1 1 1 0.891756
2 0 0 0.931808
3 0 0 0.886226

7
1 1 2 0.87452
2 1 1 0.837459
4 0 4666 0.904518
8 0 0 0.907063
9 0 0 0.913692
5 0 0 0.861712
3 0 0 1.02804

3
1 1 2 0.857659
2 0 0 0.849849
3 0 0 1.07465

3
1 0 305 0.920507
2 0 0 1.13818
3 0 0 0.873073

1
1 0 0 0.832449

5
1 1 1 0.824543
2 0 4615 0.887458
4 0 0 0.949967
5 0 0 0.886686
3 0 0 0.767606

3
1 1 2 0.867055
2 0 0 0.878389
3 0 0 0.936517

1
1 0 0 0.804403

1
1 0 0 0.747251

3
1 1 1 0.892891
2 0 0 1.04004
3 0 0 0.81811

3
1 0 4490 0.851283
2 0 0 0.826387
3 0 0 0.871905

3
1 1 1 0.914047
2 0 0 0.932664
3 0 0 0.696653

7
1 0 446 0.930967
2 0 0 1.10335
3 0 4064 0.891274
6 0 0 0.898023
7 0 8450 1.01164
14 0 0 0.988259
15 0 0 1.00462

5
1 0 6789 0.942376
2 0 0 0.945847
3 1 2 0.866267
6 0 0 0.941422
7 0 0 0.912429

3
1 0 1068 0.796159
2 0 0 0.862095
3 0 0 0.850314

3
1 1 1 0.855648
2 0 0 1.09197
3 0 0 0.756227

3
1 1 1 0.848894
2 0 0 0.989774
3 0 0 0.88159

7
1 0 482 0.922695
2 1 2 1.00547
4 0 0 0.969351
5 0 0 1.09539
3 1 1 0.968162
6 0 0 1.01733
7 0 0 0.736345

5
1 1 2 0.994915
2 0 5191 1.00119
4 0 0 0.931272
5 0 0 1.00886
3 0 0 1.02126

3
1 0 264 0.873219
2 0 0 1.08919
3 0 0 0.884155

3
1 0 265 0.824716
2 0 0 0.944012
3 0 0 0.889058

3
1 1 1 0.806739
2 0 0 0.943101
3 0 0 0.787186

5
1 1 1 0.916266
2 0 0 1.00384
3 1 2 0.817751
6 0 0 0.830486
7 0 0 0.808659

5
1 1 1 0.935165
2 0 4327 1.06898
4 0 0 1.10456
5 0 0 0.940821
3 0 0 0.932565

1
1 0 0 0.90654

3
1 1 1 0.90222
2 0 0 0.894351
3 0 0 0.886109

7
1 0 8323 0.850331
2 0 0 0.937013
3 0 9327 0.910143
6 1 2 1.01165
12 0 0 1.05867
13 0 0 1.03057
7 0 0 0.936166

1
1 0 0 0.764137

1
1 0 0 0.697361

7
1 0 8324 0.921842
2 0 1807 0.990692
4 0 0 1.03611
5 0 0 0.995911
3 0 8886 0.982485
6 0 0 0.99728
7 0 0 0.940998

1
1 0 0 0.847488

1
1 0 0 0.733964

3
1 0 3635 0.915039
2 0 0 1.04807
3 0 0 0.878574

3
1 1 1 0.892504
2 0 0 1.01144
3 0 0 0.837135

3
1 1 2 0.972243
2 0 0 0.962351
3 0 0 1.00488

3
1 0 9730 0.776743
2 0 0 0.878046
3 0 0 0.966285

3
1 1 1 0.943044
2 0 0 1.04769
3 0 0 0.761507

3
1 1 1 0.902603
2 0 0 1.02906
3 0 0 0.705347

1
1 0 0 0.817686

3
1 1 1 0.867438
2 0 0 0.923632
3 0 0 0.859368

3
1 1 2 0.920276
2 0 0 0.879301
3 0 0 1.10329

1
1 0 0 0.823178

3
1 1 1 0.880552
2 0 0 1.02945
3 0 0 0.804371

3
1 1 2 0.838807
2 0 0 0.845915
3 0 0 1.00723

5
1 0 8047 0.934794
2 0 0 0.966966
3 0 8420 0.906912
6 0 0 1.05
7 0 0 0.808595

3
1 0 679 0.806878
2 0 0 1.00127
3 0 0 0.852045

5
1 0 8808 0.770728
2 0 0 0.810608
3 0 9850 0.862847
6 0 0 0.828796
7 0 0 0.962793

1
1 0 0 0.75372

3
1 1 1 0.899941
2 0 0 0.991822
3 0 0 0.948138

5
1 1 1 0.878152
2 0 0 1.1653
3 1 2 0.922008
6 0 0 0.884668
7 0 0 1.03852

3
1 1 1 0.899539
2 0 0 1.06664
3 0 0 0.832652

3
1 1 2 0.930303
2 0 0 0.843355
3 0 0 0.952107

5
1 0 2109 0.875363
2 0 263 0.991818
4 0 0 0.963409
5 0 0 0.923181
3 0 0 0.866844

1
1 0 0 0.844555

1
1 0 0 0.847507

3
1 0 3620 0.880735
2 0 0 0.970735
3 0 0 0.957965

3
1 1 2 0.795455
2 0 0 0.766428
3 0 0 0.846647

1
1 0 0 0.899111

1
1 0 0 0.861614

1
1 0 0 0.807245

1
1 0 0 0.805419

3
1 0 186 0.777855
2 0 0 0.970384
3 0 0 0.753224

1
1 0 0 0.867585

3
1 1 1 0.920461
2 0 0 1.02841
3 0 0 0.801507

5
1 0 5440 0.868614
2 0 0 0.894093
3 0 6450 0.869667
6 0 0 1.02103
7 0 0 0.91786

3
1 0 1841 0.89107
2 0 0 1.00425
3 0 0 0.863583

3
1 0 9551 0.756222
2 0 0 0.736248
3 0 0 0.922025

1
1 0 0 0.910999

1
1 0 0 0.834348

7
1 1 1 0.82468
2 0 0 0.981911
3 1 2 0.926413
6 0 0 0.860891
7 0 5594 0.985003
14 0 0 0.841472
15 0 0 1.17386

3
1 1 1 0.790871
2 0 0 0.925246
3 0 0 0.842128

3
1 0 238 0.815765
2 0 0 0.968569
3 0 0 0.804019

3
1 1 1 0.863102
2 0 0 0.977551
3 0 0 0.858153

1
1 0 0 0.773248

3
1 0 4557 0.902222
2 0 0 0.940157
3 0 0 0.888518

1
1 0 0 0.785793

3
1 0 5048 0.849645
2 0 0 1.0081
3 0 0 0.804987

3
1 0 8993 0.829384
2 0 0 0.865119
3 0 0 0.80315

3
1 0 1198 0.798428
2 0 0 0.934045
3 0 0 0.803421

3
1 0 3125 0.871505
2 0 0 0.887631
3 0 0 0.804899

3
1 1 1 0.947428
2 0 0 0.994994
3 0 0 0.910281

3
1 0 879 0.931508
2 0 0 1.00472
3 0 0 0.899186

1
1 0 0 0.852372

3
1 0 9914 0.802629
2 0 0 0.79215
3 0 0 1.02042

3
1 0 9496 0.819247
2 0 0 0.798512
3 0 0 0.93408

5
1 1 2 0.895154
2 0 0 0.844447
3 0 7778 0.994942
6 0 0 1.01986
7 0 0 1.0268

3
1 0 9378 0.811603
2 0 0 0.828356
3 0 0 0.964614

5
1 1 2 0.931234
2 0 5525 0.942624
4 0 0 0.959187
5 0 0 0.999131
3 0 0 0.94467

1
1 0 0 0.8852

3
1 0 1437 0.938231
2 0 0 1.05414
3 0 0 0.931181

3
1 1 1 0.912077
2 0 0 1.03131
3 0 0 0.896325

5
1 0 9698 0.848212
2 1 2 0.919886
4 0 0 0.884525
5 0 0 1.10046
3 0 0 0.968921

3
1 1 1 0.980183
2 0 0 1.02907
3 0 0 0.827954

3
1 0 1768 0.817559
2 0 0 0.94076
3 0 0 0.856593

3
1 1 1 0.76924
2 0 0 1.01362
3 0 0 0.69889

3
1 1 1 0.870426
2 0 0 1.06345
3 0 0 0.918087

5
1 0 485 0.78204
2 0 81 1.03951
4 0 0 1.10618
5 0 0 1.09054
3 0 0 0.784615

3
1 1 1 0.947737
2 0 0 0.927913
3 0 0 0.926073

3
1 1 2 0.888558
2 0 0 0.802704
3 0 0 0.995085

5
1 1 2 0.822862
2 0 0 0.810094
3 0 4047 0.885743
6 0 0 1.05821
7 0 0 0.893579

3
1 1 1 0.94105
2 0 0 0.87146
3 0 0 0.967094

5
1 1 1 0.844713
2 0 4769 0.926736
4 0 0 0.965839
5 0 0 1.01372
3 0 0 0.797795

3
1 1 2 0.877607
2 0 0 0.769301
3 0 0 0.921031

3
1 0 111 0.861091
2 0 0 1.08523
3 0 0 0.946103

3
1 1 1 0.869182
2 0 0 1.06503
3 0 0 0.804289

1
1 0 0 0.871574

1
1 0 0 0.837015

5
1 0 9164 0.919671
2 0 0 0.904019
3 0 9657 0.843626
6 0 0 0.950332
7 0 0 1.05431

3
1 1 2 0.804575
2 0 0 0.848029
3 0 0 0.98576

3
1 0 9728 0.86302
2 0 0 0.786983
3 0 0 0.87472

5
1 0 8285 0.957956
2 0 5426 0.964903
4 0 0 1.05834
5 0 0 0.874913
3 0 0 0.83091

5
1 0 1631 0.817082
2 0 0 0.900958
3 0 4054 0.875236
6 0 0 0.957287
7 0 0 0.924155

1
1 0 0 0.838057

1
1 0 0 0.84602

1
1 0 0 0.832468

5
1 1 1 0.872107
2 0 0 1.07788
3 0 1925 0.864878
6 0 0 0.943685
7 0 0 0.858742

3
1 1 1 0.913096
2 0 0 0.923116
3 0 0 0.860669

5
1 0 4475 0.82838
2 0 0 0.987861
3 0 6173 0.861383
6 0 0 0.904648
7 0 0 0.864303

3
1 1 1 0.804623
2 0 0 0.843495
3 0 0 0.796775

3
1 1 2 0.839507
2 0 0 0.884394
3 0 0 0.902638

1
1 0 0 0.793265

3
1 0 9966 0.759592
2 0 0 0.769425
3 0 0 1.03573

1
1 0 0 0.779756

3
1 1 1 0.935165
2 0 0 0.98309
3 0 0 0.861295

3
1 0 213 0.801764
2 0 0 1.04906
3 0 0 0.821818

3
1 0 1030 0.828259
2 0 0 1.07379
3 0 0 0.816316

3
1 0 1928 0.874162
2 0 0 0.984472
3 0 0 0.883849

5
1 1 2 0.906207
2 0 0 0.936266
3 0 9227 0.934394
6 0 0 0.929005
7 0 0 0.898055

5
1 1 1 0.96359
2 0 5304 1.00425
4 0 0 1.03894
5 0 0 1.03725
3 0 0 0.818583

3
1 0 4282 0.939475
2 0 0 0.870973
3 0 0 0.995991

3
1 1 1 0.886505
2 0 0 0.977443
3 0 0 0.878601

3
1 0 688 0.843863
2 0 0 0.979335
3 0 0 0.912621

3
1 0 1980 0.841787
2 0 0 0.903039
3 0 0 0.869222

3
1 1 1 0.945696
2 0 0 1.14013
3 0 0 0.672022

1
1 0 0 0.715559

3
1 1 1 0.857009
2 0 0 0.940495
3 0 0 0.856504

3
1 1 1 0.881157
2 0 0 1.18616
3 0 0 0.866343

3
1 0 9717 0.801226
2 0 0 0.846318
3 0 0 0.971064

3
1 1 1 0.924856
2 0 0 0.972833
3 0 0 0.79998

5
1 0 3234 0.877502
2 0 2701 0.916369
4 0 0 0.805217
5 0 0 1.04884
3 0 0 0.788089

5
1 1 2 0.918833
2 0 0 0.763945
3 0 4195 0.936824
6 0 0 1.07388
7 0 0 1.03033

1
1 0 0 0.889851

1
1 0 0 0.868573

3
1 0 4113 0.800339
2 0 0 0.881129
3 0 0 0.788276

3
1 1 1 0.831501
2 0 0 0.986359
3 0 0 0.764426

5
1 0 5439 0.967254
2 0 0 0.943656
3 0 8399 1.0449
6 0 0 1.26419
7 0 0 0.922665

3
1 1 1 0.902444
2 0 0 0.986844
3 0 0 0.807453

3
1 1 2 0.897905
2 0 0 0.86663
3 0 0 0.94235

3
1 0 8881 0.93032
2 0 0 1.01267
3 0 0 0.842004

3
1 1 1 0.878152
2 0 0 1.04496
3 0 0 0.86444

3
1 0 9813 0.878336
2 0 0 0.810313
3 0 0 1.05768

3
1 1 2 0.879484
2 0 0 0.853832
3 0 0 0.82869

5
1 0 7421 0.912377
2 1 2 1.03164
4 0 0 1.08801
5 0 0 0.837662
3 0 0 0.908471

3
1 0 5371 0.818938
2 0 0 0.91542
3 0 0 0.843037

1
1 0 0 0.788242

3
1 0 9979 0.87962
2 0 0 0.8449
3 0 0 0.842054

3
1 1 2 0.94671
2 0 0 0.979832
3 0 0 1.06614

7
1 1 2 0.850507
2 0 0 0.760421
3 0 8767 0.913472
6 0 5939 0.862642
12 0 0 1.02464
13 0 0 1.07303
7 0 0 0.978257

3
1 0 726 0.970104
2 0 0 0.88866
3 0 0 0.847785

3
1 1 1 0.871585
2 0 0 0.995607
3 0 0 0.77582

1
1 0 0 0.965969

1
1 0 0 0.831767

3
1 0 8831 0.937821
2 0 0 0.814975
3 0 0 1.06214

3
1 0 8779 0.891354
2 0 0 0.904793
3 0 0 0.988401

3
1 1 1 0.866837
2 0 0 1.05026
3 0 0 0.822215

3
1 1 2 0.813084
2 0 0 0.952419
3 0 0 0.890308

3
1 1 1 0.872518
2 0 0 0.892161
3 0 0 0.855675

1
1 0 0 0.718495

3
1 0 6482 0.815922
2 0 0 0.864058
3 0 0 0.834436

1
1 0 0 0.714791

3
1 0 6494 0.945294
2 0 0 0.966106
3 0 0 0.95458

3
1 1 2 0.920775
2 0 0 0.921093
3 0 0 0.990576

3
1 0 9918 0.81558
2 0 0 0.870813
3 0 0 0.994922

3
1 0 9701 0.880477
2 0 0 0.809491
3 0 0 1.12653

3
1 1 1 0.797253
2 0 0 1.18734
3 0 0 0.850293

3
1 0 198 0.746001
2 0 0 0.980198
3 0 0 0.732325

3
1 0 1247 0.89203
2 0 0 0.984143
3 0 0 0.813104

3
1 0 4726 0.936724
2 0 0 0.958103
3 0 0 0.976498

3
1 0 976 0.897105
2 0 0 1.03556
3 0 0 0.897237

3
1 0 9906 0.838678
2 0 0 0.822966
3 0 0 0.973955

1
1 0 0 0.780209

3
1 0 7743 0.896173
2 0 0 0.903098
3 0 0 0.822989

1
1 0 0 0.681997

1
1 0 0 1.01854

1
1 0 0 0.840505

5
1 0 8753 0.965733
2 0 0 1.0271
3 0 9027 0.85796
6 0 0 0.994868
7 0 0 0.965353

5
1 0 9283 0.87309
2 0 5720 0.868497
4 0 0 0.911139
5 0 0 0.96871
3 0 0 0.961814

5
1 1 1 0.853409
2 0 4884 0.975949
4 0 0 0.98793
5 0 0 0.83593
3 0 0 0.68928

3
1 0 9039 0.893285
2 0 0 0.950526
3 0 0 0.951665

3
1 0 2724 0.88074
2 0 0 0.817126
3 0 0 0.908764

3
1 0 434 0.897413
2 0 0 1.06129
3 0 0 0.887202

3
1 0 7345 0.781624
2 0 0 0.985651
3 0 0 0.951532

3
1 0 1685 0.839711
2 0 0 0.897032
3 0 0 0.82069

3
1 1 1 0.886438
2 0 0 0.953299
3 0 0 0.851119

3
1 1 1 0.810269
2 0 0 1.02796
3 0 0 0.912845

3
1 1 1 0.870426
2 0 0 0.933356
3 0 0 0.721566

5
1 1 1 0.900778
2 0 0 0.778984
3 1 2 0.938768
6 0 0 0.777786
7 0 0 0.964146

3
1 1 1 0.866809
2 0 0 1.09565
3 0 0 0.845404

1
1 0 0 0.772895

1
1 0 0 0.901005

7
1 1 1 0.878253
2 0 5041 1.15811
4 0 0 1.0325
5 0 0 1.02693
3 0 3604 0.865172
6 0 0 0.86518
7 0 0 0.919729

3
1 1 1 0.899602
2 0 0 0.965494
3 0 0 0.863962

5
1 0 7869 0.925097
2 0 0 0.918942
3 0 8606 0.898463
6 0 0 0.998014
7 0 0 0.944001

5
1 0 1891 0.908132
2 0 0 0.892244
3 0 4931 0.930276
6 0 0 0.958718
7 0 0 0.914264

3
1 1 1 0.869182
2 0 0 1.03878
3 0 0 0.769662

5
1 1 2 0.8673
2 0 0 0.763109
3 0 3578 1.07825
6 0 0 1.11895
7 0 0 1.05806

3
1 0 125 0.805614
2 0 0 0.989579
3 0 0 0.87956

1
1 0 0 0.77147

3
1 1 1 0.94264
2 0 0 0.98905
3 0 0 0.869362

3
1 0 6116 0.86474
2 0 0 1.03445
3 0 0 0.809675

5
1 1 1 0.840771
2 0 3805 1.02934
4 0 0 1.0024
5 0 0 1.04495
3 0 0 0.91593

7
1 1 1 0.916253
2 0 0 0.979073
3 0 8951 0.866377
6 0 0 0.840126
7 1 2 0.837946
14 0 0 0.976531
15 0 0 0.92664

5
1 1 2 0.778997
2 0 0 0.77165
3 0 5781 0.846907
6 0 0 1.04627
7 0 0 0.868689

5
1 1 1 0.868215
2 0 0 0.906329
3 0 6081 0.83043
6 0 0 0.904813
7 0 0 0.842624

3
1 0 4422 0.869223
2 0 0 0.925018
3 0 0 0.821676

3
1 1 2 0.868286
2 0 0 0.920481
3 0 0 0.864044

3
1 1 1 0.913096
2 0 0 0.955039
3 0 0 0.867431

5
1 1 1 0.870392
2 0 2100 0.944717
4 0 0 0.908866
5 0 0 0.982025
3 0 0 0.823508

3
1 1 2 0.895976
2 0 0 0.758511
3 0 0 0.923795

5
1 1 1 0.916482
2 0 747 1.00296
4 0 0 0.926523
5 0 0 1.01518
3 0 0 0.837742

3
1 0 9146 0.943894
2 0 0 0.930516
3 0 0 0.953025

3
1 0 7887 0.876129
2 0 0 0.91349
3 0 0 0.955981

1
1 0 0 0.754771

1
1 0 0 0.957278

1
1 0 0 0.859045

3
1 0 9684 0.809766
2 0 0 0.788025
3 0 0 1.01175

3
1 0 585 0.802752
2 0 0 1.11787
3 0 0 0.788823

5
1 1 2 0.915671
2 0 0 0.902961
3 0 3237 0.892646
6 0 0 1.01478
7 0 0 0.936627

3
1 0 9912 0.772644
2 0 0 0.778821
3 0 0 1.0346

3
1 1 2 0.878431
2 0 0 0.877308
3 0 0 0.918375

7
1 0 250 0.749939
2 1 2 1.06313
4 0 0 0.914454
5 0 75 0.969756
10 0 0 1.19362
11 0 0 0.938074
3 0 0 0.810085

1
1 0 0 0.806531

3
1 1 2 0.908788
2 0 0 0.872879
3 0 0 0.928247

3
1 0 9552 1.04315
2 0 0 0.865307
3 0 0 1.11063

3
1 0 8887 0.883733
2 0 0 0.886131
3 0 0 0.825306

3
1 1 1 0.899305
2 0 0 0.857192
3 0 0 1.06981

3
1 1 1 0.881157
2 0 0 1.11253
3 0 0 0.801276

3
1 1 1 0.940225
2 0 0 0.990754
3 0 0 0.751209

3
1 1 2 0.818429
2 0 0 0.900693
3 0 0 1.06363

3
1 0 9394 0.891206
2 0 0 0.886215
3 0 0 1.02898

5
1 0 166 0.744285
2 0 0 0.957533
3 1 2 0.806355
6 0 0 0.743056
7 0 0 0.883599

9
1 0 8139 0.828366
2 1 2 0.93452
4 0 0 0.95813
5 0 0 0.91789
3 0 8413 0.925136
6 0 8164 1.07213
12 0 0 1.17481
13 0 0 0.981615
7 0 0 0.985907

3
1 1 1 0.858229
2 0 0 0.934524
3 0 0 0.696601

3
1 1 1 0.85512
2 0 0 0.912068
3 0 0 0.766959

3
1 1 1 0.831501
2 0 0 1.08206
3 0 0 0.818072

1
1 0 0 0.879311

3
1 1 1 0.854778
2 0 0 0.94698
3 0 0 0.806238

3
1 1 1 0.909249
2 0 0 1.00598
3 0 0 0.764749

5
1 0 7489 0.901076
2 0 0 0.965155
3 0 8007 0.90795
6 0 0 0.944222
7 0 0 0.851913

3
1 0 6618 0.894698
2 0 0 0.876167
3 0 0 0.979348

3
1 0 7576 0.802426
2 0 0 0.799942
3 0 0 0.834688

5
1 1 1 0.892324
2 0 0 1.07769
3 0 5438 0.855234
6 0 0 0.899877
7 0 0 0.853583

5
1 1 1 0.965176
2 0 0 1.03258
3 0 5375 0.911858
6 0 0 0.923271
7 0 0 0.871955

5
1 0 322 0.803747
2 1 2 0.936452
4 0 0 0.937279
5 0 0 0.944024
3 0 0 0.783984

3
1 1 2 0.854447
2 0 0 0.891132
3 0 0 0.982428

3
1 0 8457 0.889022
2 0 0 0.899255
3 0 0 0.858572

5
1 0 1743 0.866847
2 1 2 0.963099
4 0 0 1.03939
5 0 0 0.923687
3 0 0 0.886572

5
1 0 3788 0.903394
2 0 0 1.04945
3 0 8561 0.908891
6 0 0 0.901469
7 0 0 0.909518

1
1 0 0 0.68846

5
1 1 1 0.841583
2 0 8008 0.945945
4 0 0 0.92642
5 0 0 1.03926
3 0 0 0.894237

5
1 1 2 0.874942
2 0 0 0.751889
3 0 262 0.988935
6 0 0 0.908295
7 0 0 1.05873

3
1 1 1 0.881116
2 0 0 0.972947
3 0 0 0.849627

3
1 0 4456 0.864649
2 0 0 0.849443
3 0 0 0.943107

3
1 0 9560 0.991893
2 0 0 0.707266
3 0 0 1.06038

1
1 0 0 0.814697

3
1 1 1 0.818416
2 0 0 1.05777
3 0 0 0.842873

3
1 0 9911 0.969838
2 0 0 0.928252
3 0 0 1.04132

3
1 0 9051 0.985084
2 0 0 0.991799
3 0 0 1.0392

3
1 1 1 0.810405
2 0 0 1.14436
3 0 0 0.80631

3
1 0 5378 0.865549
2 0 0 0.954465
3 0 0 0.861348

3
1 1 2 0.81548
2 0 0 0.760379
3 0 0 1.09269

1
1 0 0 0.806938

3
1 0 7369 0.895333
2 0 0 0.891927
3 0 0 0.920342

1
1 0 0 0.747727

3
1 1 1 0.839884
2 0 0 0.916412
3 0 0 0.770919

3
1 0 1235 0.769174
2 0 0 1.01733
3 0 0 0.812112

3
1 0 367 0.826802
2 0 0 1.112
3 0 0 0.919987

5
1 1 2 0.913645
2 1 1 0.928391
4 0 0 0.97502
5 0 0 0.928524
3 0 0 1.02635

3
1 0 9644 0.866874
2 0 0 0.754614
3 0 0 1.01951

1
1 0 0 0.779748

5
1 0 61 0.861842
2 0 0 0.97087
3 1 1 0.82938
6 0 0 1.09379
7 0 0 0.836577

5
1 0 301 0.825341
2 1 2 0.964454
4 0 0 1.04658
5 0 0 0.936987
3 0 0 0.844331

3
1 0 2805 0.828985
2 0 0 0.926999
3 0 0 0.976236

1
1 0 0 0.75715

1
1 0 0 0.778268

1
1 0 0 0.869015

3
1 0 9696 0.833573
2 0 0 0.830688
3 0 0 1.06355

3
1 1 1 0.834886
2 0 0 0.91912
3 0 0 0.785192

3
1 1 1 0.823118
2 0 0 0.979266
3 0 0 0.869497

3
1 0 1947 0.795817
2 0 0 1.06894
3 0 0 0.809336

3
1 0 5750 0.852935
2 0 0 0.840968
3 0 0 0.852441

1
1 0 0 0.942671

7
1 0 7992 0.919478
2 0 1315 0.977202
4 0 0 1.01956
5 0 0 0.916202
3 0 9917 0.892024
6 0 0 0.941354
7 0 0 1.0174

3
1 0 9614 0.859692
2 0 0 0.888257
3 0 0 0.938758

1
1 0 0 0.816674

3
1 1 1 0.853835
2 0 0 1.05122
3 0 0 0.831805

1
1 0 0 0.870157

5
1 0 721 0.765353
2 0 623 1.00837
4 0 0 0.924275
5 0 0 0.957053
3 0 0 0.876929

7
1 0 579 0.851805
2 0 520 1.0178
4 0 0 1.033
5 1 1 1.02341
10 0 0 1.03574
11 0 0 1.14456
3 0 0 0.879527

3
1 0 4676 0.876974
2 0 0 0.934186
3 0 0 0.9158

7
1 1 1 0.878253
2 0 0 0.975276
3 1 2 0.894686
6 0 9723 0.942834
12 0 0 0.874705
13 0 0 0.968658
7 0 0 0.97641

3
1 1 1 0.887887
2 0 0 1.13891
3 0 0 0.859463

1
1 0 0 0.808476

7
1 1 2 0.861139
2 1 1 0.894762
4 0 0 0.962881
5 0 0 0.906754
3 0 7118 1.06815
6 0 0 0.989256
7 0 0 0.843354

5
1 1 1 0.786297
2 0 0 1.00039
3 1 2 0.930353
6 0 0 0.913553
7 0 0 0.984091

7
1 1 2 0.8673
2 1 1 0.882064
4 0 0 0.918696
5 0 0 0.756161
3 0 2436 0.952997
6 0 0 1.08583
7 0 0 0.853359

3
1 1 1 0.849938
2 0 0 0.967059
3 0 0 0.828086

3
1 1 2 0.876101
2 0 0 0.800128
3 0 0 0.946012

3
1 0 8171 0.886198
2 0 0 0.893165
3 0 0 0.988186

3
1 0 3813 0.941692
2 0 0 0.928054
3 0 0 0.80142

3
1 0 9490 0.911658
2 0 0 0.939066
3 0 0 1.08953

1
1 0 0 0.803572

1
1 0 0 0.822481

5
1 0 3853 0.892162
2 0 0 1.00175
3 1 1 1.06183
6 0 0 0.920697
7 0 0 0.912015

1
1 0 0 0.813481

1
1 0 0 0.972929

7
1 1 2 0.944095
2 1 1 0.947493
4 0 0 0.926266
5 0 0 0.897482
3 0 3365 1.03361
6 0 0 0.983048
7 0 0 0.985571

3
1 1 2 0.879503
2 0 0 0.875469
3 0 0 1.00138

3
1 1 2 0.796269
2 0 0 0.964417
3 0 0 0.972226

5
1 0 5361 0.811299
2 0 4924 0.848282
4 0 0 0.795039
5 0 0 1.01025
3 0 0 0.769063

3
1 1 1 0.881496
2 0 0 1.05236
3 0 0 0.854082

3
1 1 1 0.884926
2 0 0 0.901174
3 0 0 0.731435

7
1 1 2 0.8958
2 0 35 0.846304
4 0 0 1.11858
5 0 0 0.820026
3 0 9099 0.984973
6 0 0 0.987705
7 0 0 0.87911

3
1 1 1 0.813852
2 0 0 0.945041
3 0 0 0.829252

5
1 0 9802 0.851938
2 1 1 0.970072
4 0 0 1.01851
5 0 0 0.897333
3 0 0 0.872947

3
1 0 1020 0.757408
2 0 0 0.915016
3 0 0 0.76472

3
1 1 2 0.88447
2 0 0 0.78852
3 0 0 0.97596

3
1 0 5148 0.870043
2 0 0 0.885375
3 0 0 0.905466

3
1 1 1 0.887502
2 0 0 1.03109
3 0 0 0.777625

5
1 1 1 0.859276
2 0 0 1.00239
3 0 6891 0.820025
6 0 0 0.899426
7 0 0 0.75433

3
1 0 1834 0.852384
2 0 0 0.921037
3 0 0 0.837311

3
1 0 2006 0.809988
2 0 0 0.857841
3 0 0 0.832794

1
1 0 0 0.810873

3
1 1 1 0.841579
2 0 0 0.943032
3 0 0 0.842223

5
1 0 4495 0.926111
2 0 0 0.916285
3 1 1 0.939772
6 0 0 0.964544
7 0 0 0.897439

3
1 1 2 0.814716
2 0 0 0.906093
3 0 0 0.885598

3
1 0 276 0.747571
2 0 0 1.01032
3 0 0 0.790908

1
1 0 0 0.801278

3
1 0 306 0.871903
2 0 0 0.912113
3 0 0 0.835749

9
1 1 2 0.902836
2 0 0 0.859583
3 0 1042 0.970525
6 0 303 0.977287
12 0 147 1.07164
24 0 0 0.871443
25 0 0 0.972368
13 0 0 1.05219
7 0 0 1.10521

3
1 1 1 0.827188
2 0 0 1.04926
3 0 0 0.878841

5
1 0 5688 0.931105
2 0 0 0.863573
3 1 2 0.94117
6 0 0 0.953361
7 0 0 0.992574

1
1 0 0 0.872966

3
1 0 142 0.762908
2 0 0 1.02013
3 0 0 0.807363

3
1 1 1 0.862201
2 0 0 0.908061
3 0 0 0.816508

3
1 0 6718 0.902119
2 0 0 0.921002
3 0 0 0.8862

5
1 1 2 0.886778
2 1 1 0.866459
4 0 0 1.07844
5 0 0 0.861471
3 0 0 0.974802

1
1 0 0 0.783652

3
1 0 2498 0.886067
2 0 0 0.958671
3 0 0 0.880477

7
1 1 1 0.879506
2 0 0 0.975976
3 1 2 1.01269
6 0 2623 0.989743
12 0 0 1.00285
13 0 0 0.872722
7 0 0 1.00186

5
1 0 350 0.810036
2 1 1 0.913614
4 0 0 0.960166
5 0 0 0.920416
3 0 0 0.753849

3
1 0 2967 0.909918
2 0 0 0.941579
3 0 0 0.839067

3
1 1 1 0.965176
2 0 0 0.874852
3 0 0 0.745795

1
1 0 0 0.725148

3
1 1 1 0.887554
2 0 0 0.978042
3 0 0 0.728909

3
1 0 8153 0.907729
2 0 0 1.0165
3 0 0 0.947229

3
1 1 1 0.950289
2 0 0 1.06697
3 0 0 0.965257

5
1 0 7496 0.917901
2 0 203 1.06538
4 0 0 0.828793
5 0 0 1.03257
3 0 0 0.952571

3
1 1 1 0.929977
2 0 0 1.02512
3 0 0 0.801565

5
1 1 1 0.865543
2 0 8774 1.00164
4 0 0 1.04216
5 0 0 0.968619
3 0 0 0.766617

5
1 1 2 0.95188
2 0 0 0.968848
3 0 8120 0.946107
6 0 0 0.960396
7 0 0 0.96494

3
1 0 6528 0.81214
2 0 0 0.885929
3 0 0 0.967502

3
1 0 9797 0.922571
2 0 0 0.846438
3 0 0 0.923595

3
1 1 1 0.9544
2 0 0 0.956782
3 0 0 0.96248

1
1 0 0 0.796261

1
1 0 0 0.712558

3
1 1 1 0.856681
2 0 0 1.02623
3 0 0 0.92179

3
1 0 8717 0.835618
2 0 0 0.8973
3 0 0 0.828033

1
1 0 0 0.823302

1
1 0 0 0.782891

7
1 1 2 0.81548
2 0 0 0.817679
3 0 8862 1.04069
6 0 0 0.925678
7 0 9273 0.918589
14 0 0 0.985538
15 0 0 0.909459

1
1 0 0 0.880309

3
1 1 1 0.855697
2 0 0 0.978957
3 0 0 0.819626

1
1 0 0 0.838857

1
1 0 0 0.800914

5
1 0 6850 1.00021
2 0 0 0.845071
3 1 1 1.02544
6 0 0 0.981119
7 0 0 0.906117

3
1 1 2 0.905676
2 0 0 0.925281
3 0 0 0.88902

3
1 0 762 0.922411
2 0 0 0.923447
3 0 0 0.990514

1
1 0 0 0.828423

3
1 1 2 0.795097
2 0 0 0.808273
3 0 0 0.838313

3
1 1 1 0.867492
2 0 0 0.813271
3 0 0 0.838687

1
1 0 0 0.907701

3
1 1 1 0.896064
2 0 0 0.970747
3 0 0 0.837525

5
1 0 4373 0.900143
2 1 1 0.907514
4 0 0 1.05548
5 0 0 0.88065
3 0 0 0.873361

1
1 0 0 0.874007

5
1 1 1 0.91933
2 0 4548 1.01857
4 0 0 0.983476
5 0 0 1.03496
3 0 0 0.87002

3
1 1 1 0.797674
2 0 0 0.967149
3 0 0 0.7398

3
1 1 1 0.876016
2 0 0 1.17822
3 0 0 0.809077

3
1 0 178 0.856328
2 0 0 1.07284
3 0 0 0.847424

1
1 0 0 0.799839

3
1 0 2717 0.911686
2 0 0 1.05092
3 0 0 0.882523

7
1 1 1 0.923077
2 0 6017 0.872597
4 0 0 1.04071
5 0 0 0.950332
3 1 2 0.824954
6 0 0 0.757536
7 0 0 0.91049

3
1 0 377 0.870316
2 0 0 0.989554
3 0 0 0.810063

3
1 1 2 0.82056
2 0 0 0.732946
3 0 0 0.908645

3
1 1 1 0.880001
2 0 0 0.901918
3 0 0 0.930339

1
1 0 0 0.825333

3
1 0 1100 0.922595
2 0 0 0.909782
3 0 0 0.947925

3
1 1 1 0.893057
2 0 0 0.930467
3 0 0 0.817595

3
1 1 2 0.889588
2 0 0 0.821988
3 0 0 0.923212

3
1 1 1 0.944097
2 0 0 1.09722
3 0 0 0.901949

5
1 0 3236 0.896889
2 0 1743 0.95031
4 0 0 0.938584
5 0 0 0.94733
3 0 0 0.844764

9
1 1 1 0.858544
2 0 0 1.1609
3 1 2 0.9435
6 0 7127 0.976624
12 0 0 0.943972
13 0 0 0.946478
7 0 8003 0.940801
14 0 0 0.994926
15 0 0 0.979431

3
1 0 9684 0.870878
2 0 0 0.843714
3 0 0 0.95441

1
1 0 0 0.904723

3
1 1 1 0.896175
2 0 0 0.837729
3 0 0 0.795582

5
1 0 4001 0.907602
2 1 1 1.01354
4 0 0 1.11182
5 0 0 0.971183
3 0 0 0.863143

7
1 1 1 1.01494
2 0 1996 0.954093
4 0 63 0.852356
8 0 0 0.948968
9 0 0 0.936625
5 0 0 0.973809
3 0 0 0.867493

3
1 0 8938 0.96181
2 0 0 0.921141
3 0 0 0.898823

3
1 0 4758 0.909778
2 0 0 0.900848
3 0 0 0.814386

5
1 1 2 0.918651
2 0 0 0.896917
3 0 9766 1.08847
6 0 0 1.00724
7 0 0 1.05251

1
1 0 0 0.998775

3
1 0 9803 0.764772
2 0 0 0.801709
3 0 0 0.92813

3
1 0 9253 0.935904
2 0 0 0.898004
3 0 0 0.81042

3
1 0 9657 0.848131
2 0 0 0.844163
3 0 0 1.03007

3
1 1 2 0.867054
2 0 0 0.83754
3 0 0 0.942035

3
1 1 1 0.912265
2 0 0 1.00562
3 0 0 0.847388

5
1 1 1 0.940345
2 0 3029 0.939485
4 0 0 0.916
5 0 0 0.915872
3 0 0 0.790249

3
1 1 1 0.868814
2 0 0 0.914916
3 0 0 0.836566

3
1 1 1 0.816569
2 0 0 0.833351
3 0 0 0.829022

3
1 1 1 0.879642
2 0 0 1.18349
3 0 0 0.845621

3
1 1 2 0.900308
2 0 0 0.888398
3 0 0 0.862329

3
1 0 4681 0.949982
2 0 0 1.02277
3 0 0 0.921856

1
1 0 0 0.888151

3
1 0 5396 0.916839
2 0 0 0.921846
3 0 0 0.827455

3
1 1 2 0.926815
2 0 0 0.964604
3 0 0 0.93188

1
1 0 0 0.862924

1
1 0 0 0.784629

3
1 1 2 0.836353
2 0 0 0.824839
3 0 0 1.0315

3
1 1 1 0.873931
2 0 0 0.958041
3 0 0 0.801258

1
1 0 0 0.780268

1
1 0 0 0.894045

3
1 1 2 0.95041
2 0 0 0.901059
3 0 0 0.979703

3
1 0 512 0.751538
2 0 0 0.846913
3 0 0 0.784434

3
1 1 1 0.918223
2 0 0 1.05534
3 0 0 0.842915

5
1 1 1 0.827852
2 0 0 0.904975
3 0 8371 0.847993
6 0 0 0.901968
7 0 0 0.786651

1
1 0 0 0.82647

5
1 0 7611 0.89847
2 1 1 0.909012
4 0 0 0.980063
5 0 0 1.03125
3 0 0 0.944207

5
1 0 104 0.779803
2 0 0 0.990823
3 0 220 0.795065
6 0 0 1.05199
7 0 0 0.76759

3
1 0 8772 0.940697
2 0 0 0.896677
3 0 0 0.880296

3
1 0 6505 0.870783
2 0 0 0.92416
3 0 0 0.912395

3
1 1 2 0.802905
2 0 0 0.869473
3 0 0 0.953071

5
1 0 183 0.714148
2 1 1 1.03102
4 0 0 1.09675
5 0 0 0.966333
3 0 0 0.696038

3
1 1 1 0.868511
2 0 0 0.971494
3 0 0 0.772261

3
1 0 2179 0.817613
2 0 0 0.944923
3 0 0 0.746917

3
1 0 8273 0.881897
2 0 0 0.853794
3 0 0 0.883108

5
1 0 9991 0.929393
2 1 1 0.928645
4 0 0 1.11448
5 0 0 0.899622
3 0 0 1.02597

3
1 1 2 0.893494
2 0 0 0.839433
3 0 0 1.08922

3
1 0 655 0.835061
2 0 0 1.13703
3 0 0 0.81413

3
1 1 1 0.86808
2 0 0 0.952562
3 0 0 0.91223

7
1 0 6685 0.853962
2 0 4045 0.948673
4 0 0 0.930012
5 0 0 0.921186
3 0 9298 0.9721
6 0 0 0.965133
7 0 0 0.938604

5
1 1 1 0.841324
2 0 101 0.944977
4 0 0 0.900974
5 0 0 0.975167
3 0 0 0.894019

3
1 1 2 0.91373
2 0 0 0.775985
3 0 0 0.961676

3
1 1 1 0.860635
2 0 0 0.930008
3 0 0 0.809315

1
1 0 0 0.771859

5
1 0 6735 0.820617
2 0 6683 0.892686
4 0 0 0.901693
5 0 0 1.18687
3 0 0 0.821151

1
1 0 0 0.749795

3
1 0 4228 0.828616
2 0 0 0.973621
3 0 0 0.876937

3
1 0 7670 0.845788
2 0 0 0.825463
3 0 0 0.972545

3
1 1 1 0.892023
2 0 0 0.949902
3 0 0 0.841296

5
1 0 7201 0.853329
2 0 0 0.841912
3 0 9282 0.915824
6 0 0 1.07393
7 0 0 1.04363

3
1 0 1276 0.891272
2 0 0 1.06623
3 0 0 0.823274

3
1 1 1 0.909012
2 0 0 1.04381
3 0 0 0.849594

3
1 0 7060 0.912502
2 0 0 1.01019
3 0 0 1.00016

3
1 1 1 0.906426
2 0 0 0.979064
3 0 0 0.874434

3
1 0 2953 0.866085
2 0 0 0.821369
3 0 0 0.88961

3
1 1 1 0.814157
2 0 0 0.885392
3 0 0 0.802147

3
1 1 2 0.867186
2 0 0 0.821942
3 0 0 1.03272

3
1 1 1 0.83379
2 0 0 0.955122
3 0 0 0.816008

3
1 1 1 0.813573
2 0 0 0.921629
3 0 0 0.82165

3
1 0 9 0.768718
2 0 0 0.970347
3 0 0 0.838294

3
1 0 149 0.757621
2 0 0 0.933666
3 0 0 0.791944

3
1 0 9725 0.818278
2 0 0 0.804653
3 0 0 1.03161

1
1 0 0 0.905047

5
1 1 1 0.925113
2 0 9568 1.02372
4 0 0 1.03451
5 0 0 0.895265
3 0 0 0.813011

3
1 1 2 0.949084
2 0 0 0.827228
3 0 0 0.973011

5
1 1 1 0.873479
2 0 0 0.936865
3 0 3162 0.90634
6 0 0 0.892649
7 0 0 0.822277

3
1 1 1 0.844334
2 0 0 0.905546
3 0 0 0.806237

3
1 0 9955 0.775265
2 0 0 0.84481
3 0 0 1.05785

3
1 1 1 0.942459
2 0 0 0.896654
3 0 0 0.856399

1
1 0 0 0.789225

3
1 0 682 0.812794
2 0 0 0.981699
3 0 0 0.837584

3
1 0 6186 0.931334
2 0 0 0.910183
3 0 0 0.917748

5
1 0 1460 0.808401
2 1 2 0.924161
4 0 0 0.957258
5 0 0 1.03744
3 0 0 0.812779

3
1 1 1 0.933244
2 0 0 0.935323
3 0 0 0.803559

3
1 1 1 0.915167
2 0 0 1.05569
3 0 0 0.866106

3
1 1 2 0.869623
2 0 0 0.928411
3 0 0 1.07541

1
1 0 0 0.770751

3
1 0 8055 0.814009
2 0 0 0.793009
3 0 0 0.866992

5
1 1 2 0.957141
2 0 0 0.929942
3 0 4279 1.05511
6 0 0 1.05276
7 0 0 1.09356

3
1 1 1 0.822098
2 0 0 1.04009
3 0 0 0.819567

3
1 0 1602 0.84349
2 0 0 0.999169
3 0 0 0.814273

1
1 0 0 0.838612

3
1 1 2 0.874029
2 0 0 0.913075
3 0 0 0.930191

3
1 1 2 0.971591
2 0 0 0.942229
3 0 0 1.00079

11
1 0 97 0.85061
2 1 2 1.00042
4 0 18 1.03262
8 0 0 1.0718
9 0 39 1.02682
18 0 0 0.878032
19 0 0 1.06947
5 0 0 1.12367
3 0 1239 0.762813
6 0 0 0.944667
7 0 0 0.81801

3
1 1 1 0.909139
2 0 0 0.968644
3 0 0 0.80176

5
1 0 9131 0.870381
2 0 5184 0.867657
4 0 0 0.912735
5 0 0 0.854065
3 0 0 0.901508

3
1 0 69 0.79514
2 0 0 1.06889
3 0 0 0.781149

3
1 1 2 0.907128
2 0 0 0.825178
3 0 0 0.932756

9
1 1 2 0.949816
2 0 0 0.890815
3 0 3131 1.01369
6 0 0 0.965576
7 0 8475 1.09418
14 0 0 0.968063
15 0 9449 0.931602
30 0 0 0.914887
31 0 0 1.02555

3
1 1 1 0.79119
2 0 0 0.999534
3 0 0 0.929599

3
1 1 1 0.858544
2 0 0 0.977325
3 0 0 0.811106

3
1 1 1 0.887419
2 0 0 0.884602
3 0 0 0.873112

1
1 0 0 0.899662

3
1 0 3484 0.89903
2 0 0 0.93577
3 0 0 0.748637

3
1 0 5443 0.840967
2 0 0 0.886218
3 0 0 0.88723

3
1 0 8981 0.914205
2 0 0 0.930434
3 0 0 0.941064

3
1 1 1 0.857297
2 0 0 0.981477
3 0 0 0.766482

3
1 0 6906 0.915006
2 0 0 0.87073
3 0 0 0.708159

1
1 0 0 0.933491

3
1 1 2 0.898051
2 0 0 0.873895
3 0 0 0.934879

3
1 1 1 0.86614
2 0 0 0.933244
3 0 0 0.791531

3
1 1 2 0.879792
2 0 0 0.987733
3 0 0 0.921142

3
1 1 2 0.95161
2 0 0 0.811815
3 0 0 1.0556

7
1 1 2 0.904254
2 0 6649 0.80539
4 0 0 0.909008
5 0 0 0.858205
3 0 3305 1.02727
6 0 0 1.08774
7 0 0 1.03364

5
1 0 7366 0.893907
2 1 2 0.986562
4 0 0 0.916211
5 0 0 0.948088
3 0 0 0.944997

5
1 1 1 0.940345
2 0 3470 1.02508
4 0 0 1.02711
5 0 0 0.959742
3 0 0 0.755493

5
1 1 1 0.755189
2 0 1786 1.05439
4 0 0 1.0479
5 0 0 1.0043
3 0 0 0.913631

3
1 0 9992 0.761928
2 0 0 0.833154
3 0 0 1.00808

3
1 0 996 0.885034
2 0 0 0.853519
3 0 0 0.854288

1
1 0 0 0.787805

5
1 1 1 0.94974
2 0 1910 1.09873
4 0 0 0.97861
5 0 0 1.06489
3 0 0 0.868785

1
1 0 0 0.861375

3
1 0 102 0.828424
2 0 0 1.04099
3 0 0 0.820676

5
1 1 1 0.807152
2 0 0 1.13503
3 0 3517 0.887971
6 0 0 1.00495
7 0 0 0.798122

5
1 0 7610 0.892294
2 0 0 0.952235
3 0 9267 0.948368
6 0 0 0.954177
7 0 0 0.884665

3
1 1 1 0.828005
2 0 0 0.940023
3 0 0 0.861918

3
1 1 2 0.949934
2 0 0 0.85113
3 0 0 0.954459

3
1 0 3023 0.871951
2 0 0 0.95574
3 0 0 0.861611

3
1 1 2 0.897599
2 0 0 0.868882
3 0 0 0.981615

1
1 0 0 0.901403

3
1 1 1 0.838519
2 0 0 1.03491
3 0 0 0.849018

3
1 1 1 0.960517
2 0 0 0.909645
3 0 0 0.733922

3
1 1 2 0.807023
2 0 0 0.83281
3 0 0 0.882809

7
1 0 3046 0.813071
2 0 2671 0.841629
4 0 0 0.85884
5 0 0 1.08063
3 0 5093 0.870401
6 0 0 0.909116
7 0 0 0.851679

1
1 0 0 0.888597

7
1 0 9497 0.768543
2 0 0 0.779957
3 1 1 0.981267
6 0 0 0.928222
7 1 2 0.954981
14 0 0 0.996674
15 0 0 0.978243

5
1 0 104 0.779803
2 0 0 0.875724
3 0 8873 0.912553
6 0 0 0.83535
7 0 0 0.993921

9
1 1 2 0.941976
2 0 0 0.889425
3 0 386 0.917052
6 0 226 1.00985
12 0 0 1.0587
13 0 0 0.987727
7 0 5465 1.00676
14 0 0 1.07956
15 0 0 1.00367

5
1 0 2821 0.874033
2 0 0 0.857772
3 0 3176 0.908286
6 0 0 1.01403
7 0 0 0.943306

11
1 0 7750 0.910669
2 0 0 0.880559
3 0 8854 0.892433
6 0 0 0.994035
7 0 9132 0.972138
14 1 1 1.07741
28 0 0 0.915885
29 0 0 1.05162
15 0 9890 0.969053
30 0 0 1.03537
31 0 0 1.08674

3
1 1 1 0.89058
2 0 0 1.04429
3 0 0 0.86947

3
1 0 3488 0.910487
2 0 0 0.934032
3 0 0 0.887736

1
1 0 0 0.755557

3
1 0 9454 0.770338
2 0 0 0.87493
3 0 0 1.13029

3
1 1 2 0.83945
2 0 0 0.818722
3 0 0 1.02978

1
1 0 0 0.789931

9
1 1 2 0.895215
2 0 0 0.862319
3 0 6174 0.950861
6 0 3687 1.04452
12 0 2775 1.00018
24 0 0 0.960541
25 0 0 1.01028
13 0 0 0.894619
7 0 0 1.07472

3
1 1 1 0.963564
2 0 0 1.09374
3 0 0 0.738894

1
1 0 0 0.797934

5
1 0 352 0.930547
2 0 0 0.912592
3 0 9467 0.884059
6 0 0 0.82254
7 0 0 1.05017

3
1 1 1 0.97659
2 0 0 1.08527
3 0 0 0.790033

3
1 1 1 0.860635
2 0 0 0.955919
3 0 0 0.979631

1
1 0 0 0.82407

3
1 1 1 0.864139
2 0 0 0.939589
3 0 0 0.856722

1
1 0 0 0.814186

5
1 1 1 0.839354
2 0 0 1.15339
3 1 2 0.936062
6 0 0 0.820036
7 0 0 1.00133

5
1 0 96 0.789548
2 0 22 0.978489
4 0 0 1.02102
5 0 0 0.994172
3 0 0 0.838105

3
1 0 9828 0.743794
2 0 0 0.766093
3 0 0 0.952663

3
1 0 109 0.868215
2 0 0 1.11345
3 0 0 0.799418

3
1 1 2 0.946573
2 0 0 0.957331
3 0 0 0.931173

3
1 0 332 0.796181
2 0 0 0.954503
3 0 0 0.901294

3
1 1 1 0.829886
2 0 0 0.946996
3 0 0 0.834608

3
1 1 1 0.896585
2 0 0 0.89576
3 0 0 0.850821

1
1 0 0 0.828373

1
1 0 0 0.921693

1
1 0 0 0.77857

3
1 1 1 0.850846
2 0 0 0.992782
3 0 0 0.882878

1
1 0 0 0.807456

5
1 1 1 0.826281
2 0 3950 1.00788
4 0 0 1.01285
5 0 0 0.848017
3 0 0 0.925351

1
1 0 0 0.868353

3
1 0 1597 0.974236
2 0 0 1.03469
3 0 0 0.864364

3
1 1 1 0.831191
2 0 0 0.972481
3 0 0 0.847578

3
1 0 701 0.858586
2 0 0 1.01196
3 0 0 0.864864

3
1 1 1 0.905665
2 0 0 0.943678
3 0 0 0.814632

3
1 1 1 0.873479
2 0 0 0.926251
3 0 0 0.852798

3
1 0 490 0.904877
2 0 0 0.977154
3 0 0 0.817511

1
1 0 0 0.800163

3
1 0 5767 0.892227
2 0 0 0.931611
3 0 0 0.855364

5
1 0 3205 0.855589
2 0 0 0.909089
3 0 3276 0.946079
6 0 0 1.09473
7 0 0 0.922824

3
1 0 5665 0.876904
2 0 0 0.864437
3 0 0 0.917074

3
1 1 1 0.8667
2 0 0 1.03395
3 0 0 0.695515

3
1 1 1 0.889795
2 0 0 1.05862
3 0 0 0.92393

3
1 1 1 0.898744
2 0 0 0.890271
3 0 0 0.869109

3
1 1 1 0.915167
2 0 0 1.05419
3 0 0 0.804838

5
1 0 9506 0.798029
2 0 1324 0.832047
4 0 0 0.999595
5 0 0 0.870417
3 0 0 0.969738

3
1 0 9926 0.82489
2 0 0 0.763758
3 0 0 1.00359

1
1 0 0 0.840176

3
1 0 4242 0.833285
2 0 0 0.871125
3 0 0 0.826871

3
1 1 2 0.884779
2 0 0 0.826407
3 0 0 0.868682

3
1 0 5471 0.875332
2 0 0 0.916654
3 0 0 0.93338

3
1 0 73 0.745029
2 0 0 0.893365
3 0 0 0.740774

5
1 0 5015 0.808744
2 0 0 0.907076
3 1 2 0.991146
6 0 0 0.991865
7 0 0 0.909267

3
1 1 1 1.04869
2 0 0 1.07677
3 0 0 0.94297

3
1 1 1 0.966378
2 0 0 1.01203
3 0 0 0.913097

5
1 1 1 0.909139
2 0 4633 1.10476
4 0 0 1.11054
5 0 0 1.04667
3 0 0 0.869416

5
1 0 1741 0.830516
2 0 772 1.00319
4 0 0 0.978513
5 0 0 0.957991
3 0 0 0.835089

1
1 0 0 0.760521

3
1 1 2 0.907128
2 0 0 0.834387
3 0 0 0.953417

3
1 0 8752 0.893789
2 0 0 0.876374
3 0 0 0.917303

3
1 0 9831 0.80477
2 0 0 0.825646
3 0 0 0.909435

3
1 1 1 0.946331
2 0 0 1.00988
3 0 0 0.947309

5
1 1 1 0.861916
2 0 9049 0.994426
4 0 0 0.95018
5 0 0 0.916327
3 0 0 0.828715

5
1 0 1944 0.786171
2 0 1519 0.950151
4 0 0 0.99395
5 0 0 1.00944
3 0 0 0.812031

5
1 0 3559 0.854437
2 1 2 0.877819
4 0 0 0.918579
5 0 0 0.814278
3 0 0 0.85126

5
1 0 1092 0.86089
2 0 0 1.02985
3 0 1210 0.858127
6 0 0 1.10149
7 0 0 0.787273

3
1 0 6524 0.910836
2 0 0 0.943501
3 0 0 0.948179

3
1 0 1339 0.876522
2 0 0 0.968243
3 0 0 0.890802

3
1 1 1 0.848832
2 0 0 0.994589
3 0 0 0.799546

1
1 0 0 0.970402

5
1 1 2 0.916247
2 0 0 0.830455
3 0 7083 0.94181
6 0 0 0.854981
7 0 0 0.939817

3
1 1 1 0.799278
2 0 0 0.894918
3 0 0 0.804399

3
1 1 2 0.900274
2 0 0 0.887595
3 0 0 0.884865

1
1 0 0 0.837328

1
1 0 0 0.928243

5
1 1 2 0.966272
2 0 0 0.766547
3 0 8794 1.03885
6 0 0 1.00112
7 0 0 0.883479

3
1 1 2 0.922679
2 0 0 0.917967
3 0 0 1.01485

1
1 0 0 0.805485

3
1 1 1 0.88885
2 0 0 0.868524
3 0 0 0.884021

3
1 0 8461 0.932558
2 0 0 0.880491
3 0 0 0.915293

1
1 0 0 0.816594

3
1 1 1 0.94974
2 0 0 1.0284
3 0 0 0.894249

3
1 1 1 0.866005
2 0 0 1.04022
3 0 0 0.826232

5
1 1 2 0.939062
2 0 4470 0.902739
4 0 0 0.873165
5 0 0 0.967393
3 0 0 0.961606

3
1 1 1 0.847266
2 0 0 1.10495
3 0 0 0.784633

3
1 0 6101 0.84949
2 0 0 0.892919
3 0 0 0.894064

3
1 1 1 0.849209
2 0 0 1.01434
3 0 0 0.866167

5
1 0 9895 0.807507
2 0 0 0.869046
3 0 9930 0.947189
6 0 0 0.919153
7 0 0 0.95503

7
1 0 9723 0.770815
2 1 1 0.885751
4 0 0 0.936591
5 0 0 0.900766
3 1 2 1.00332
6 0 0 0.865686
7 0 0 0.97553

3
1 0 9707 0.777585
2 0 0 0.750403
3 0 0 0.964886

3
1 1 1 0.876768
2 0 0 0.969744
3 0 0 0.757068

3
1 0 856 0.877939
2 0 0 1.08953
3 0 0 0.888547

1
1 0 0 0.769859

3
1 0 680 0.819542
2 0 0 0.95857
3 0 0 0.869925

3
1 0 7494 1.01713
2 0 0 0.954612
3 0 0 0.930692

5
1 0 2410 0.882438
2 0 1903 0.989214
4 0 0 0.940594
5 0 0 0.975068
3 0 0 0.898136

3
1 1 1 0.850766
2 0 0 0.935819
3 0 0 0.892268

3
1 0 673 0.94485
2 0 0 0.94158
3 0 0 1.00927

3
1 0 115 0.818091
2 0 0 0.908619
3 0 0 0.828451

3
1 1 1 0.87413
2 0 0 1.02535
3 0 0 0.729211

5
1 1 1 0.858828
2 0 4290 0.913999
4 0 0 1.02436
5 0 0 0.938172
3 0 0 0.860688

3
1 1 2 0.8657
2 0 0 0.914975
3 0 0 1.02703

3
1 0 6824 0.898415
2 0 0 0.868775
3 0 0 0.906571

3
1 1 2 0.858318
2 0 0 0.943179
3 0 0 1.12831

3
1 1 1 0.908096
2 0 0 0.993376
3 0 0 0.845559

3
1 1 2 0.85694
2 0 0 0.790187
3 0 0 0.96751

3
1 1 2 0.843644
2 0 0 0.751962
3 0 0 0.992197

3
1 1 1 0.897169
2 0 0 1.14696
3 0 0 0.832648

3
1 0 4101 0.803647
2 0 0 0.848789
3 0 0 0.867272

3
1 0 25 0.859004
2 0 0 1.00887
3 0 0 0.762869

3
1 0 5873 0.981099
2 0 0 1.07251
3 0 0 0.862552

1
1 0 0 0.865796

1
1 0 0 0.79434

1
1 0 0 0.779268

7
1 0 9958 1.0157
2 0 0 0.955987
3 0 9981 1.01329
6 0 0 0.985777
7 1 1 1.08668
14 0 0 0.922599
15 0 0 1.09738

3
1 1 1 0.893851
2 0 0 1.11497
3 0 0 0.831164

3
1 1 1 0.839354
2 0 0 1.08233
3 0 0 0.810994

1
1 0 0 0.76324

3
1 1 2 0.833686
2 0 0 0.854464
3 0 0 0.909371

3
1 0 6388 0.889223
2 0 0 0.987248
3 0 0 0.903322

5
1 1 2 0.861823
2 0 0 0.7805
3 0 9294 0.926882
6 0 0 0.964865
7 0 0 0.945197

1
1 0 0 0.778776

3
1 0 9426 0.892527
2 0 0 0.799484
3 0 0 1.00345

3
1 1 1 0.880863
2 0 0 0.942303
3 0 0 0.917633

3
1 1 2 0.918831
2 0 0 0.816684
3 0 0 1.04205

3
1 1 1 0.847282
2 0 0 1.0318
3 0 0 0.764723

5
1 1 1 0.82518
2 0 0 0.995048
3 0 240 0.852162
6 0 0 0.950788
7 0 0 0.837193

3
1 1 2 0.83025
2 0 0 0.715894
3 0 0 0.980151

3
1 1 2 0.857956
2 0 0 0.821022
3 0 0 0.927626

5
1 0 1427 0.863612
2 0 0 0.952717
3 0 6116 0.863482
6 0 0 0.896731
7 0 0 0.841058

1
1 0 0 0.877231

3
1 0 9104 0.861139
2 0 0 0.834927
3 0 0 0.866714

1
1 0 0 0.759867

3
1 0 8020 0.886113
2 0 0 0.947797
3 0 0 0.932229

1
1 0 0 0.878937

3
1 1 2 0.821316
2 0 0 0.907654
3 0 0 0.873163

3
1 0 4141 0.954545
2 0 0 0.955085
3 0 0 0.94837

3
1 1 1 0.80133
2 0 0 1.01205
3 0 0 0.862527

3
1 0 8461 0.831224
2 0 0 0.814486
3 0 0 0.839022

3
1 1 2 0.958064
2 0 0 0.901282
3 0 0 1.00856

3
1 1 2 0.882833
2 0 0 0.860061
3 0 0 1.01968

3
1 1 1 0.875953
2 0 0 1.00219
3 0 0 0.813839

3
1 1 1 0.858076
2 0 0 0.916962
3 0 0 0.793997

3
1 0 9862 0.805011
2 0 0 0.76062
3 0 0 0.977518

1
1 0 0 0.882763

3
1 1 1 0.892332
2 0 0 0.993277
3 0 0 0.771366

3
1 0 1899 0.879472
2 0 0 0.986832
3 0 0 0.91366

3
1 1 1 0.886056
2 0 0 0.95016
3 0 0 0.843357

3
1 1 1 0.875328
2 0 0 0.995465
3 0 0 0.80285

1
1 0 0 0.763914

1
1 0 0 0.880079

3
1 1 1 0.873601
2 0 0 1.01184
3 0 0 0.812961

3
1 1 1 0.961269
2 0 0 0.959957
3 0 0 0.966693

3
1 0 440 0.864192
2 0 0 1.04201
3 0 0 0.833694

1
1 0 0 0.759554

3
1 1 1 0.888058
2 0 0 0.937312
3 0 0 0.835907

3
1 0 2159 0.833563
2 0 0 1.02308
3 0 0 0.867161

1
1 0 0 0.737121

3
1 1 1 0.81873
2 0 0 1.08855
3 0 0 0.887065

3
1 0 3824 0.931334
2 0 0 0.971493
3 0 0 0.813691

3
1 0 8055 0.863567
2 0 0 1.00858
3 0 0 0.931239

3
1 0 2660 1.06096
2 0 0 0.928225
3 0 0 1.03636

3
1 0 2038 0.808198
2 0 0 0.945917
3 0 0 0.944161

3
1 1 1 0.816914
2 0 0 0.907892
3 0 0 0.701245

3
1 0 7313 0.9002
2 0 0 0.955226
3 0 0 0.946252

3
1 1 1 0.901224
2 0 0 0.882739
3 0 0 0.769814

3
1 0 4230 0.954653
2 0 0 0.944576
3 0 0 0.947238

3
1 0 726 0.89676
2 0 0 0.974158
3 0 0 0.783442

3
1 1 1 0.869348
2 0 0 0.929738
3 0 0 0.878495

5
1 0 5657 0.878291
2 0 0 0.891866
3 1 1 0.933397
6 0 0 0.947496
7 0 0 1.01192

7
1 1 2 0.919333
2 0 4854 0.922461
4 0 0 0.931021
5 0 0 0.952922
3 0 8489 1.03197
6 0 0 1.03753
7 0 0 0.980627

3
1 1 1 0.799278
2 0 0 0.955407
3 0 0 0.772428

3
1 0 6048 0.861689
2 0 0 0.996315
3 0 0 0.794026

3
1 1 2 0.890432
2 0 0 0.811355
3 0 0 0.863757

5
1 0 8387 0.961237
2 0 0 0.991161
3 1 1 0.935142
6 0 0 0.947838
7 0 0 0.920278

3
1 0 1233 0.850928
2 0 0 0.989088
3 0 0 0.761298

3
1 1 1 0.943204
2 0 0 0.993261
3 0 0 0.815261

3
1 1 2 0.734946
2 0 0 0.797959
3 0 0 0.976048

3
1 0 1148 0.868528
2 0 0 0.896225
3 0 0 0.904894

1
1 0 0 0.842326

3
1 0 9602 0.810625
2 0 0 0.771116
3 0 0 0.941641

5
1 1 2 0.858299
2 0 0 0.810407
3 0 8689 0.9021
6 0 0 1.04585
7 0 0 0.931387

5
1 1 1 0.900377
2 0 0 1.10475
3 1 2 0.815684
6 0 0 0.844617
7 0 0 0.821386

3
1 1 2 0.887551
2 0 0 0.872049
3 0 0 0.864048

1
1 0 0 0.789392

5
1 0 9942 0.808934
2 0 0 0.781547
3 0 9978 0.944099
6 0 0 0.940869
7 0 0 0.946471

3
1 1 2 0.852886
2 0 0 1.01269
3 0 0 0.934094

5
1 0 9782 0.73614
2 0 0 0.700894
3 1 2 1.03918
6 0 0 1.01218
7 0 0 1.11145

7
1 1 2 0.935173
2 0 0 0.902612
3 0 8890 0.98782
6 0 1754 1.03397
12 0 0 0.977909
13 0 0 1.00187
7 0 0 0.932344

3
1 0 1583 0.920217
2 0 0 1.0129
3 0 0 0.918182

3
1 1 2 0.914456
2 0 0 1.04795
3 0 0 0.993434

3
1 1 1 0.846078
2 0 0 0.976556
3 0 0 0.866401

3
1 1 2 0.921748
2 0 0 0.88829
3 0 0 0.89041

3
1 1 1 0.924077
2 0 0 0.994141
3 0 0 0.763355

3
1 0 799 0.861944
2 0 0 1.01764
3 0 0 0.839569

5
1 0 9851 0.835814
2 1 2 0.904728
4 0 0 0.890601
5 0 0 1.02718
3 0 0 0.961825

3
1 0 8586 0.813848
2 0 0 0.834023
3 0 0 0.950998

3
1 1 1 0.8723
2 0 0 0.972284
3 0 0 0.871532

1
1 0 0 0.832427

3
1 0 799 0.794172
2 0 0 0.938346
3 0 0 0.800467

5
1 0 9896 0.884594
2 1 1 0.922173
4 0 0 0.951579
5 0 0 0.895449
3 0 0 0.944951

3
1 0 351 0.841761
2 0 0 0.883499
3 0 0 0.854408

3
1 0 1161 0.916111
2 0 0 0.969126
3 0 0 0.931216

1
1 0 0 1.03421

3
1 1 1 0.918682
2 0 0 0.899565
3 0 0 0.859757

3
1 1 2 0.907388
2 0 0 0.989991
3 0 0 1.02458

3
1 1 2 0.915364
2 0 0 0.935162
3 0 0 0.959673

3
1 0 155 0.961474
2 0 0 0.843297
3 0 0 0.840847

5
1 0 9746 0.855404
2 0 0 0.904666
3 1 1 1.0551
6 0 0 0.972937
7 0 0 1.09446

3
1 1 1 0.867354
2 0 0 0.990157
3 0 0 0.786697

3
1 1 1 0.813205
2 0 0 0.996408
3 0 0 0.814923

3
1 1 1 0.946368
2 0 0 1.05787
3 0 0 0.795506

5
1 0 163 0.887747
2 0 74 0.994107
4 0 0 0.937532
5 0 0 1.08279
3 0 0 0.739734

5
1 1 2 0.80723
2 0 2566 0.869912
4 0 0 0.886248
5 0 0 0.918439
3 0 0 1.0515

3
1 0 5544 0.892833
2 0 0 0.920055
3 0 0 0.898371

1
1 0 0 0.794243

1
1 0 0 0.846991

3
1 1 1 0.823474
2 0 0 1.05233
3 0 0 0.84532

3
1 1 1 0.83739
2 0 0 0.881925
3 0 0 0.795436

3
1 0 8610 0.911259
2 0 0 0.910544
3 0 0 0.824169

3
1 0 169 0.798385
2 0 0 0.914164
3 0 0 0.766915

1
1 0 0 0.829713

3
1 1 2 0.884108
2 0 0 0.880276
3 0 0 1.11365

3
1 0 7413 0.894703
2 0 0 0.938731
3 0 0 0.983706

5
1 1 1 0.879841
2 0 0 0.961316
3 0 8004 0.788469
6 0 0 0.814676
7 0 0 0.865803

3
1 1 1 0.881704
2 0 0 1.02602
3 0 0 0.827242

3
1 0 9717 0.848837
2 0 0 0.878655
3 0 0 0.925583

3
1 1 2 0.848784
2 0 0 0.806935
3 0 0 0.934758

3
1 0 9950 0.786427
2 0 0 0.792464
3 0 0 1.05698

3
1 1 1 0.811508
2 0 0 1.05599
3 0 0 0.801159

3
1 1 2 0.923118
2 0 0 0.872815
3 0 0 0.803038

7
1 1 2 0.873245
2 0 0 0.782063
3 0 4991 0.943863
6 0 0 1.13863
7 0 8515 1.00461
14 0 0 0.954756
15 0 0 0.964597

1
1 0 0 0.808884

5
1 1 2 0.860335
2 0 0 0.762361
3 0 3144 0.904243
6 0 0 0.971185
7 0 0 0.942277

3
1 0 2968 0.885126
2 0 0 0.939392
3 0 0 0.863129

1
1 0 0 0.799724

5
1 1 1 0.867083
2 0 0 0.895129
3 1 2 0.894121
6 0 0 0.97704
7 0 0 0.958151

5
1 0 3125 0.801497
2 0 1289 0.82461
4 0 0 0.932252
5 0 0 0.962016
3 0 0 0.89928

5
1 0 4608 0.847899
2 1 2 0.906839
4 0 0 0.914909
5 0 0 0.977995
3 0 0 0.833568

3
1 0 4716 0.878398
2 0 0 0.986383
3 0 0 0.842902

3
1 0 5691 0.895996
2 0 0 0.887977
3 0 0 0.877552

5
1 0 866 0.868721
2 0 432 0.924245
4 0 0 0.992551
5 0 0 1.01471
3 0 0 0.760301

3
1 1 1 0.850946
2 0 0 1.11461
3 0 0 0.861155

1
1 0 0 0.819047

3
1 0 2070 0.938692
2 0 0 0.891559
3 0 0 0.967909

3
1 1 1 0.848185
2 0 0 0.944304
3 0 0 0.840983

3
1 0 6776 0.933983
2 0 0 0.878886
3 0 0 0.846849

3
1 0 6438 0.840498
2 0 0 0.882974
3 0 0 0.833609

3
1 0 2433 0.904662
2 0 0 0.846222
3 0 0 0.968923

3
1 0 9444 0.831665
2 0 0 0.750263
3 0 0 0.977307

3
1 0 5858 0.877753
2 0 0 0.94675
3 0 0 0.863558

5
1 1 1 0.866751
2 0 3539 1.00165
4 0 0 0.89974
5 0 0 1.06541
3 0 0 0.743913

3
1 1 1 0.863408
2 0 0 0.928668
3 0 0 0.921916

3
1 1 1 0.857623
2 0 0 0.977128
3 0 0 0.892704

3
1 1 2 0.90192
2 0 0 0.860976
3 0 0 1.028

3
1 1 1 0.846827
2 0 0 0.978102
3 0 0 0.823434

1
1 0 0 0.780751

3
1 0 7184 0.875292
2 0 0 0.903679
3 0 0 0.827386

3
1 0 9285 0.84126
2 0 0 0.792308
3 0 0 0.932883

3
1 0 9609 0.919975
2 0 0 0.783161
3 0 0 1.03383

3
1 0 6352 0.811271
2 0 0 0.846435
3 0 0 0.906859

5
1 0 9355 0.848543
2 0 0 0.863106
3 0 9671 1.00847
6 0 0 0.842236
7 0 0 1.16305

5
1 0 8808 0.857941
2 0 0 0.903467
3 0 9814 0.84097
6 0 0 0.908803
7 0 0 0.884753

3
1 1 1 0.776319
2 0 0 0.895089
3 0 0 0.719398

3
1 0 2740 0.922049
2 0 0 0.98286
3 0 0 0.816965

5
1 0 6227 0.917168
2 0 2316 0.905828
4 0 0 0.890993
5 0 0 1.085
3 0 0 0.983674

3
1 1 2 0.937027
2 0 0 0.877481
3 0 0 0.955797

1
1 0 0 0.842307

3
1 1 1 0.884775
2 0 0 0.98512
3 0 0 0.928282

5
1 1 1 0.892865
2 0 2686 1.04072
4 0 0 1.06453
5 0 0 1.03244
3 0 0 0.803082

5
1 1 2 0.943142
2 0 0 0.887955
3 0 1419 1.03826
6 0 0 1.02849
7 0 0 1.04773

3
1 0 9648 0.761189
2 0 0 0.875335
3 0 0 0.887214

3
1 1 1 0.895942
2 0 0 0.900959
3 0 0 0.792914

3
1 1 1 0.823728
2 0 0 1.12279
3 0 0 0.786243

5
1 1 1 0.904611
2 0 9114 1.02765
4 0 0 1.0084
5 0 0 1.00864
3 0 0 0.848748

3
1 0 3721 0.881618
2 0 0 1.00312
3 0 0 0.828814

5
1 1 1 0.911637
2 0 1425 0.968562
4 0 0 0.981742
5 0 0 1.03881
3 0 0 0.763896

3
1 0 2436 0.934617
2 0 0 0.918029
3 0 0 0.996999

5
1 1 1 0.850115
2 0 0 0.836751
3 0 9657 0.857341
6 0 0 0.857145
7 0 0 0.926672

3
1 0 2089 0.840331
2 0 0 0.858613
3 0 0 0.891743

3
1 0 2275 0.809135
2 0 0 0.877181
3 0 0 0.869324

3
1 1 2 0.827194
2 0 0 0.804457
3 0 0 0.969645

5
1 1 2 0.897849
2 0 0 0.878551
3 0 5070 0.955221
6 0 0 1.01626
7 0 0 0.882032

3
1 0 1050 0.797076
2 0 0 1.08556
3 0 0 0.727456

1
1 0 0 0.935909

1
1 0 0 0.913625

1
1 0 0 0.779757

3
1 1 1 0.938707
2 0 0 1.01038
3 0 0 0.804982

1
1 0 0 0.935724

5
1 0 4729 0.858297
2 1 2 0.925671
4 0 0 0.891532
5 0 0 0.944567
3 0 0 0.847123

3
1 0 9983 0.769785
2 0 0 0.755918
3 0 0 0.972598

3
1 1 1 0.868162
2 0 0 1.09269
3 0 0 0.877811

3
1 0 4026 0.821875
2 0 0 0.872632
3 0 0 0.860883

3
1 1 2 0.88596
2 0 0 0.83668
3 0 0 0.858564

1
1 0 0 0.716909

1
1 0 0 0.877995

5
1 1 2 0.900602
2 0 0 0.884608
3 0 225 0.941874
6 0 0 0.945076
7 0 0 0.910335

3
1 1 1 0.848117
2 0 0 1.11211
3 0 0 0.857021

3
1 1 1 0.925217
2 0 0 0.995446
3 0 0 0.880553

5
1 0 3884 0.880733
2 0 536 1.01443
4 0 0 1.02576
5 0 0 0.995427
3 0 0 0.839889

3
1 0 8802 0.923014
2 0 0 0.945777
3 0 0 0.86271

1
1 0 0 0.814663

1
1 0 0 0.832398

3
1 0 6647 0.869792
2 0 0 0.965725
3 0 0 0.855158

3
1 1 2 0.867846
2 0 0 0.777572
3 0 0 1.13252

3
1 0 4158 0.927236
2 0 0 0.898256
3 0 0 0.977483

3
1 0 6764 0.858228
2 0 0 0.83145
3 0 0 0.899252

3
1 1 2 0.891244
2 0 0 0.863183
3 0 0 0.960944

3
1 1 1 0.915955
2 0 0 0.991033
3 0 0 0.796301

1
1 0 0 0.91012

3
1 1 1 0.957304
2 0 0 1.06216
3 0 0 0.906488

5
1 1 1 0.946368
2 0 0 0.959506
3 0 8544 0.891142
6 0 0 0.881721
7 0 0 0.947418

3
1 1 1 0.876432
2 0 0 1.02089
3 0 0 0.890035

3
1 0 371 0.850738
2 0 0 1.08549
3 0 0 0.921886

3
1 0 1948 0.881661
2 0 0 0.985875
3 0 0 0.855712

3
1 1 1 0.905879
2 0 0 0.996534
3 0 0 0.939467

1
1 0 0 0.817981

1
1 0 0 0.86443

3
1 1 2 0.848713
2 0 0 0.784897
3 0 0 0.927671

3
1 0 370 0.846104
2 0 0 1.03389
3 0 0 0.827484

3
1 1 1 0.89427
2 0 0 0.937
3 0 0 0.891749

3
1 0 6066 0.878328
2 0 0 0.879602
3 0 0 0.960499

5
1 0 2625 0.797443
2 1 1 0.978775
4 0 0 1.02182
5 0 0 0.869126
3 0 0 0.806087

1
1 0 0 0.779307

11
1 0 144 0.85266
2 1 1 0.877523
4 0 106 0.982926
8 0 0 1.08117
9 0 0 0.946985
5 1 2 1.09681
10 0 57 0.957334
20 0 0 1.03916
21 0 0 1.06211
11 0 0 1.00359
3 0 0 0.766242

5
1 1 1 0.881704
2 0 0 0.949543
3 0 7440 0.924307
6 0 0 0.940233
7 0 0 0.82612

3
1 1 1 0.873676
2 0 0 1.0774
3 0 0 0.886298

5
1 1 1 0.886587
2 0 0 1.12507
3 1 2 0.877251
6 0 0 0.847147
7 0 0 1.02125

3
1 1 2 0.931769
2 0 0 0.842454
3 0 0 0.962174

1
1 0 0 0.846665

1
1 0 0 0.821498

3
1 1 1 0.812975
2 0 0 0.942458
3 0 0 0.819314

3
1 0 5325 0.87605
2 0 0 0.906378
3 0 0 0.84741

1
1 0 0 0.829608

1
1 0 0 0.774193

3
1 0 9454 0.921991
2 0 0 0.922305
3 0 0 0.970089

3
1 1 1 0.917294
2 0 0 1.0781
3 0 0 0.740646

3
1 1 1 0.967855
2 0 0 1.02612
3 0 0 0.902187

1
1 0 0 0.750947

5
1 1 1 0.817915
2 0 0 0.969623
3 1 2 0.848587
6 0 0 0.878068
7 0 0 0.891627

3
1 0 9753 0.852246
2 0 0 0.794963
3 0 0 0.857556

5
1 1 1 0.8142
2 0 0 0.977056
3 0 9514 0.956221
6 0 0 0.868256
7 0 0 0.956206

3
1 1 1 0.850946
2 0 0 1.05484
3 0 0 0.819633

3
1 1 1 0.877973
2 0 0 0.935001
3 0 0 0.814926

1
1 0 0 0.778635

5
1 1 1 0.895825
2 0 7983 0.963839
4 0 0 1.05114
5 0 0 0.934223
3 0 0 0.767503

5
1 0 9909 0.685539
2 0 0 0.696015
3 1 2 0.94617
6 0 0 0.978935
7 0 0 1.00878

3
1 0 2918 0.906256
2 0 0 0.982737
3 0 0 0.984307

3
1 1 2 0.880031
2 0 0 0.970068
3 0 0 1.07193

3
1 0 317 0.852797
2 0 0 0.985964
3 0 0 0.823358

3
1 0 1784 0.877937
2 0 0 0.864633
3 0 0 0.899947

3
1 0 3111 0.877369
2 0 0 0.871705
3 0 0 0.871772

1
1 0 0 0.827916

3
1 0 9913 0.796803
2 0 0 0.849838
3 0 0 1.01387

7
1 1 2 0.902703
2 0 0 0.843469
3 0 9352 1.03222
6 0 1616 1.03869
12 0 0 0.973426
13 0 0 1.07624
7 0 0 0.956783

1
1 0 0 0.882257

3
1 1 1 0.85051
2 0 0 0.898834
3 0 0 0.929721

3
1 0 8828 0.992238
2 0 0 0.864171
3 0 0 0.887813

3
1 0 5727 0.839741
2 0 0 0.874579
3 0 0 0.889153

1
1 0 0 0.805843

3
1 1 1 0.859992
2 0 0 0.990568
3 0 0 0.909363

5
1 0 8556 0.904179
2 0 0 0.89233
3 1 2 0.989728
6 0 0 0.974421
7 0 0 0.795664

3
1 1 2 0.88631
2 0 0 0.832567
3 0 0 0.937595

1
1 0 0 0.7627

3
1 0 5108 0.928472
2 0 0 0.953453
3 0 0 0.930233

3
1 1 1 0.881195
2 0 0 0.905611
3 0 0 0.721745

3
1 0 599 0.866107
2 0 0 0.87509
3 0 0 0.706932

3
1 1 1 0.932646
2 0 0 0.946442
3 0 0 0.866432

5
1 1 2 0.824231
2 0 0 0.888924
3 0 667 1.01993
6 0 0 0.959677
7 0 0 1.04804

3
1 0 8312 0.840788
2 0 0 0.940338
3 0 0 0.888931

1
1 0 0 0.729136

3
1 1 1 0.915981
2 0 0 1.02528
3 0 0 0.925254

3
1 0 4228 0.892973
2 0 0 0.909871
3 0 0 0.851675

5
1 1 1 0.823728
2 0 0 1.10585
3 1 2 0.943771
6 0 0 0.92511
7 0 0 0.996852

3
1 1 1 0.856694
2 0 0 1.13342
3 0 0 0.730366

5
1 1 2 0.837848
2 0 0 0.807614
3 0 846 0.989727
6 0 0 1.07447
7 0 0 0.913567

3
1 0 5776 0.875033
2 0 0 0.881891
3 0 0 1.00989

3
1 1 1 0.855609
2 0 0 1.01565
3 0 0 0.817018

3
1 1 2 0.914163
2 0 0 0.891
3 0 0 0.870572

5
1 1 2 0.875181
2 0 2696 0.900516
4 0 0 0.991971
5 0 0 0.901667
3 0 0 1.02831

3
1 1 1 0.948234
2 0 0 0.888207
3 0 0 0.718919

1
1 0 0 0.745526

3
1 1 1 0.94156
2 0 0 0.949605
3 0 0 0.943126

3
1 1 1 0.989727
2 0 0 0.925289
3 0 0 0.900696

3
1 1 1 0.890955
2 0 0 1.24236
3 0 0 0.846293

3
1 1 1 0.872095
2 0 0 0.997044
3 0 0 0.787213

1
1 0 0 0.788277

3
1 0 1776 0.98286
2 0 0 0.929073
3 0 0 0.959307

1
1 0 0 0.799606

7
1 1 1 0.888454
2 0 4030 0.949978
4 0 0 1.01864
5 0 0 1.01504
3 1 2 0.895897
6 0 0 0.836786
7 0 0 0.890799

3
1 0 6595 0.85402
2 0 0 0.902511
3 0 0 0.880546

1
1 0 0 0.848877

1
1 0 0 0.882623

3
1 0 5701 0.872175
2 0 0 0.939965
3 0 0 0.90076

3
1 1 1 0.792837
2 0 0 0.99715
3 0 0 0.93307

3
1 0 2317 0.902525
2 0 0 0.877435
3 0 0 0.881966

5
1 0 392 0.762006
2 1 1 1.05334
4 0 0 1.07258
5 0 0 0.907979
3 0 0 0.749907

3
1 1 1 0.823942
2 0 0 0.955018
3 0 0 0.790329

5
1 1 1 0.931044
2 0 2050 0.880507
4 0 0 1.03138
5 0 0 0.892344
3 0 0 0.84775

3
1 0 9784 0.818473
2 0 0 0.798416
3 0 0 0.925214

1
1 0 0 0.906683

9
1 1 1 0.87889
2 0 3473 1.00757
4 0 0 1.03818
5 0 0 1.10179
3 1 2 0.87231
6 0 0 0.834091
7 0 900 1.02919
14 0 0 1.03047
15 0 0 1.04198

5
1 0 9633 0.866009
2 0 0 0.811695
3 0 9936 0.895324
6 0 0 1.06832
7 0 0 0.948263

3
1 0 3465 0.887973
2 0 0 1.01046
3 0 0 0.711357

3
1 1 1 0.844799
2 0 0 1.01043
3 0 0 0.793035

3
1 0 294 0.883031
2 0 0 1.06408
3 0 0 0.850036

3
1 1 2 0.933505
2 0 0 0.898501
3 0 0 0.985737

3
1 0 9156 0.715704
2 0 0 0.796271
3 0 0 0.943563

1
1 0 0 0.877143

3
1 1 2 0.944064
2 0 0 0.993602
3 0 0 0.948077

3
1 0 9695 0.810303
2 0 0 0.806724
3 0 0 0.978026

7
1 1 1 0.946368
2 0 0 0.914502
3 1 2 0.908952
6 0 0 0.985561
7 0 283 0.929632
14 0 0 1.00075
15 0 0 0.87532

3
1 1 2 0.887273
2 0 0 0.872337
3 0 0 0.965378

3
1 0 4225 0.863501
2 0 0 1.11715
3 0 0 0.873276

3
1 1 1 0.872998
2 0 0 1.01359
3 0 0 0.873821

7
1 1 1 0.842049
2 0 3184 1.01293
4 0 0 0.965728
5 0 0 0.982646
3 1 2 0.91945
6 0 0 0.933187
7 0 0 0.968934

3
1 1 1 0.904836
2 0 0 1.00757
3 0 0 0.739966

5
1 1 1 0.931917
2 0 0 1.00731
3 1 2 0.905719
6 0 0 0.887069
7 0 0 0.989556

5
1 0 5370 0.928245
2 0 0 0.92863
3 0 8456 0.932606
6 0 0 0.976017
7 0 0 1.03893

1
1 0 0 0.746511

3
1 1 1 0.884914
2 0 0 0.85803
3 0 0 0.827293

5
1 0 1994 0.976787
2 1 2 0.987166
4 0 0 1.03564
5 0 0 1.05254
3 0 0 0.896335

3
1 1 1 0.888286
2 0 0 0.873813
3 0 0 0.931366

3
1 0 30 0.828759
2 0 0 1.00346
3 0 0 0.806518

3
1 0 8293 1.01891
2 0 0 0.975902
3 0 0 1.03837

3
1 1 1 0.817689
2 0 0 0.942497
3 0 0 0.875041

1
1 0 0 0.804884

7
1 0 964 0.793074
2 1 2 0.916681
4 0 0 1.05295
5 0 770 1.06163
10 0 0 0.95777
11 0 0 0.957199
3 0 0 0.775807

9
1 0 4190 0.876847
2 0 4050 0.968946
4 0 3541 1.01605
8 0 0 0.975716
9 0 3954 0.982459
18 0 0 0.872586
19 0 0 0.986387
5 0 0 1.09572
3 0 0 0.945309

1
1 0 0 0.791564

3
1 0 4372 0.901583
2 0 0 0.880629
3 0 0 0.862562

3
1 1 2 0.880672
2 0 0 0.920496
3 0 0 0.890351

1
1 0 0 0.886163

3
1 1 2 0.977539
2 0 0 0.806096
3 0 0 0.873947

3
1 0 9142 0.892223
2 0 0 0.977583
3 0 0 0.929116

3
1 1 2 0.849404
2 0 0 0.872138
3 0 0 0.922171

5
1 0 610 0.878461
2 0 443 1.035
4 0 0 1.0211
5 0 0 0.945254
3 0 0 0.961938

3
1 1 2 0.870603
2 0 0 0.745338
3 0 0 0.925994

3
1 0 9102 0.879448
2 0 0 0.89049
3 0 0 0.790593

3
1 1 1 0.874946
2 0 0 0.89981
3 0 0 0.847473

3
1 1 1 0.920416
2 0 0 0.977323
3 0 0 0.864983

5
1 0 6803 0.946582
2 0 0 0.938264
3 0 8211 1.01795
6 0 0 0.981978
7 0 0 0.949115

1
1 0 0 0.84268

3
1 0 6411 0.904889
2 0 0 0.832748
3 0 0 0.955002

3
1 0 8032 0.857047
2 0 0 0.955811
3 0 0 0.870336

3
1 0 3233 0.878435
2 0 0 1.09964
3 0 0 0.885927

3
1 1 1 0.864661
2 0 0 0.931902
3 0 0 0.830997

5
1 0 2830 0.920829
2 0 90 0.937753
4 0 0 0.923287
5 0 0 1.07695
3 0 0 0.776386

1
1 0 0 0.735776

5
1 1 2 0.848411
2 0 5084 0.927269
4 0 0 0.994427
5 0 0 1.06563
3 0 0 0.973356

3
1 0 469 0.889287
2 0 0 0.932076
3 0 0 0.846484

3
1 0 2121 0.840144
2 0 0 0.762837
3 0 0 0.861175

3
1 1 1 0.858641
2 0 0 1.05822
3 0 0 0.859203

1
1 0 0 0.779883

5
1 1 1 0.884886
2 0 8178 0.952489
4 0 0 0.925727
5 0 0 1.0055
3 0 0 0.834332

1
1 0 0 0.919749

5
1 1 1 0.91103
2 0 2517 0.929913
4 0 0 1.04848
5 0 0 0.799257
3 0 0 0.921036

1
1 0 0 0.819098

3
1 1 1 0.897997
2 0 0 0.968323
3 0 0 0.754078

3
1 1 1 0.838173
2 0 0 0.984404
3 0 0 0.795233

1
1 0 0 0.874738

3
1 0 1302 0.894019
2 0 0 0.988811
3 0 0 0.861347

5
1 0 6121 0.824839
2 1 2 0.942932
4 0 0 0.870533
5 0 0 1.0782
3 0 0 0.995759

3
1 1 2 0.899236
2 0 0 0.862566
3 0 0 0.961562

3
1 1 1 0.863313
2 0 0 0.939908
3 0 0 0.816332

3
1 1 2 0.898026
2 0 0 0.808379
3 0 0 1.08165

1
1 0 0 0.851678

3
1 1 1 0.822427
2 0 0 1.03648
3 0 0 0.824631

5
1 1 2 0.862637
2 0 0 0.814169
3 0 7066 0.831857
6 0 0 0.919565
7 0 0 0.853043

5
1 0 9638 0.84664
2 0 0 0.827759
3 0 9943 1.08554
6 0 0 1.03942
7 0 0 0.929614

3
1 0 9520 0.932475
2 0 0 0.781676
3 0 0 1.02251

3
1 1 2 0.809417
2 0 0 0.855537
3 0 0 0.919986

3
1 0 9884 0.901056
2 0 0 0.738709
3 0 0 1.04224

1
1 0 0 0.819534

1
1 0 0 0.84471

3
1 1 2 0.848991
2 0 0 0.914141
3 0 0 0.954536

3
1 1 1 0.883254
2 0 0 1.04079
3 0 0 0.808317

3
1 1 1 0.895627
2 0 0 0.934824
3 0 0 0.876321

3
1 1 1 0.983927
2 0 0 0.926814
3 0 0 0.807126

1
1 0 0 0.867876

3
1 1 2 1.01532
2 0 0 1.0195
3 0 0 1.01096

3
1 1 2 0.83777
2 0 0 0.861982
3 0 0 0.983198

7
1 1 1 0.907089
2 0 5718 1.04299
4 0 1892 0.860227
8 0 0 0.91113
9 0 0 1.06932
5 0 0 1.00942
3 0 0 0.86507

3
1 1 1 0.898944
2 0 0 0.945689
3 0 0 0.871827

1
1 0 0 0.76008

5
1 0 9343 0.887943
2 0 0 0.872878
3 1 2 0.967182
6 0 0 1.03301
7 0 0 0.948195

5
1 1 1 0.808472
2 0 8470 0.98108
4 0 0 1.0861
5 0 0 0.930172
3 0 0 0.770981

3
1 0 8782 0.927049
2 0 0 0.913318
3 0 0 0.994691

3
1 1 1 0.851431
2 0 0 1.04056
3 0 0 0.831241

3
1 1 2 0.972119
2 0 0 0.768441
3 0 0 0.963326

3
1 1 1 0.842622
2 0 0 1.01359
3 0 0 0.79347

1
1 0 0 0.940185

7
1 0 1996 0.901942
2 0 0 0.89904
3 1 2 0.891826
6 0 0 0.866485
7 0 7104 0.929055
14 0 0 0.859453
15 0 0 1.0058

1
1 0 0 0.855877

3
1 1 1 0.792837
2 0 0 0.998494
3 0 0 0.809184

3
1 0 4165 0.926113
2 0 0 0.918251
3 0 0 0.854152

3
1 1 2 0.844873
2 0 0 0.781626
3 0 0 0.938

5
1 1 1 0.779907
2 0 8715 1.05895
4 0 0 1.05994
5 0 0 0.95805
3 0 0 0.794437

3
1 0 9776 0.788833
2 0 0 0.810747
3 0 0 0.901334

3
1 0 5299 0.925634
2 0 0 0.983662
3 0 0 0.937952

3
1 0 375 0.880333
2 0 0 1.01571
3 0 0 0.876067

3
1 1 1 0.896206
2 0 0 1.07227
3 0 0 0.837414

3
1 1 1 0.88334
2 0 0 0.908031
3 0 0 0.821021

3
1 1 1 0.929759
2 0 0 0.923293
3 0 0 0.913853

1
1 0 0 0.754542

3
1 1 1 0.803942
2 0 0 1.04285
3 0 0 0.824278

3
1 0 466 0.858254
2 0 0 1.0135
3 0 0 0.780685

5
1 0 592 0.844208
2 1 2 0.867391
4 0 0 0.97407
5 0 0 1.05435
3 0 0 0.955548

1
1 0 0 0.813175

1
1 0 0 0.807212

1
1 0 0 0.835871

3
1 0 1000 0.918658
2 0 0 0.959427
3 0 0 0.980917

5
1 0 9927 0.951346
2 0 0 0.847836
3 0 9941 0.9285
6 0 0 0.855928
7 0 0 0.91612

5
1 1 2 0.847055
2 0 0 0.974583
3 0 8740 1.03139
6 0 0 1.00312
7 0 0 0.869575

3
1 1 1 0.867824
2 0 0 0.933287
3 0 0 0.811045

3
1 0 405 0.795785
2 0 0 0.914196
3 0 0 0.789955

3
1 0 9783 0.831871
2 0 0 0.781854
3 0 0 0.900074

3
1 1 1 0.890334
2 0 0 1.02837
3 0 0 0.909293

3
1 1 1 0.882787
2 0 0 1.0444
3 0 0 0.85181

3
1 0 269 0.926522
2 0 0 1.09856
3 0 0 0.878516

5
1 0 7570 0.977648
2 0 0 0.959579
3 1 2 0.920164
6 0 0 0.961891
7 0 0 0.899753

1
1 0 0 0.8905

3
1 1 1 0.774654
2 0 0 1.07054
3 0 0 0.897952

3
1 0 8223 0.904138
2 0 0 0.96823
3 0 0 0.966415

3
1 1 1 0.814762
2 0 0 1.02858
3 0 0 0.790517

3
1 1 1 0.865296
2 0 0 0.951949
3 0 0 0.761083

1
1 0 0 0.844193

1
1 0 0 0.899183

3
1 0 7496 0.860835
2 0 0 0.820212
3 0 0 0.918914

3
1 1 2 0.88286
2 0 0 0.846752
3 0 0 0.9666

5
1 0 4627 0.899609
2 1 2 0.893916
4 0 0 0.93529
5 0 0 0.850192
3 0 0 0.8818

3
1 0 2716 0.881191
2 0 0 0.996277
3 0 0 0.866226

1
1 0 0 0.902209

3
1 0 9881 0.899803
2 0 0 0.895344
3 0 0 0.928416

3
1 1 2 0.879149
2 0 0 0.868742
3 0 0 1.00851

7
1 1 1 0.946713
2 0 0 1.01871
3 1 2 0.868537
6 0 0 0.813228
7 0 8510 0.972967
14 0 0 0.934052
15 0 0 1.09452

3
1 0 2918 0.845901
2 0 0 1.03524
3 0 0 0.799175

3
1 0 3636 0.891464
2 0 0 1.00442
3 0 0 0.873555

3
1 1 1 0.882895
2 0 0 0.89219
3 0 0 0.853421

3
1 1 1 0.931185
2 0 0 0.851955
3 0 0 0.928187

3
1 1 1 0.846089
2 0 0 1.12778
3 0 0 0.788667

3
1 0 319 0.837226
2 0 0 1.06183
3 0 0 0.785766

7
1 1 2 0.852786
2 0 886 0.951973
4 0 0 0.892318
5 0 0 1.02583
3 0 4862 0.929269
6 0 0 0.947523
7 0 0 1.06922

5
1 1 1 0.89001
2 0 0 1.05196
3 0 668 0.811934
6 0 0 0.956421
7 0 0 0.829011

1
1 0 0 0.832672

3
1 1 1 0.898096
2 0 0 0.957163
3 0 0 0.854903

3
1 0 5917 0.862072
2 0 0 0.930577
3 0 0 1.01222

1
1 0 0 0.83759

3
1 0 9200 0.811732
2 0 0 0.82911
3 0 0 0.878384

3
1 0 2530 0.848012
2 0 0 0.954243
3 0 0 0.803478

3
1 0 9013 0.880851
2 0 0 0.862299
3 0 0 1.01308

1
1 0 0 0.858093

1
1 0 0 0.840231

5
1 0 342 0.758602
2 0 151 1.02276
4 0 0 1.10407
5 0 0 1.00376
3 0 0 0.784264

3
1 1 1 0.91123
2 0 0 0.991418
3 0 0 0.930362

1
1 0 0 0.830926

3
1 1 1 0.919091
2 0 0 0.980703
3 0 0 0.855014

1
1 0 0 0.872493

3
1 1 2 0.85631
2 0 0 0.874826
3 0 0 1.01695

5
1 0 1540 0.964931
2 0 0 1.02571
3 1 2 1.01755
6 0 0 0.915716
7 0 0 0.912732

3
1 0 194 0.881876
2 0 0 1.031
3 0 0 0.874742

3
1 1 1 0.905203
2 0 0 1.00792
3 0 0 0.850245

1
1 0 0 0.743711

3
1 0 2381 0.917321
2 0 0 0.903438
3 0 0 0.901917

3
1 1 1 0.886526
2 0 0 0.921871
3 0 0 0.78559

3
1 1 2 0.902981
2 0 0 0.866649
3 0 0 0.987388

1
1 0 0 0.757711

3
1 1 2 0.961121
2 0 0 0.906639
3 0 0 1.03581

5
1 0 7186 0.906839
2 0 0 0.980642
3 0 8860 0.885785
6 0 0 0.906695
7 0 0 0.880378

3
1 0 7629 0.90783
2 0 0 0.976088
3 0 0 0.906758

3
1 1 2 0.845869
2 0 0 0.840372
3 0 0 1.01163

3
1 0 671 0.864668
2 0 0 0.942803
3 0 0 0.830898

1
1 0 0 0.805336

3
1 1 2 0.868518
2 0 0 0.836038
3 0 0 0.997211

1
1 0 0 0.74547

3
1 0 396 0.775949
2 0 0 1.01334
3 0 0 0.797445

3
1 1 1 0.928503
2 0 0 0.886365
3 0 0 0.7928

3
1 0 2512 0.939386
2 0 0 0.89571
3 0 0 0.873984

3
1 0 8813 0.853999
2 0 0 0.908554
3 0 0 0.948215

3
1 0 446 0.844554
2 0 0 1.00584
3 0 0 0.857267

3
1 1 2 0.855781
2 0 0 0.886854
3 0 0 0.969486

1
1 0 0 0.796872

1
1 0 0 0.803282

1
1 0 0 0.812009

3
1 0 638 0.930497
2 0 0 1.04851
3 0 0 0.936049

3
1 1 1 0.919207
2 0 0 0.988822
3 0 0 0.872128

1
1 0 0 0.843959

5
1 1 2 0.953244
2 1 1 0.968934
4 0 0 1.01396
5 0 0 0.865201
3 0 0 0.964499

3
1 1 2 0.84206
2 0 0 0.916015
3 0 0 0.960613

3
1 0 5528 0.841782
2 0 0 0.933694
3 0 0 0.844822

3
1 1 1 0.87774
2 0 0 1.00652
3 0 0 0.765309

5
1 0 9582 0.840869
2 0 0 0.789572
3 1 2 1.0554
6 0 0 0.867595
7 0 0 1.0381

3
1 0 3507 0.925117
2 0 0 0.94012
3 0 0 0.993848

1
1 0 0 0.865083

3
1 1 1 0.792837
2 0 0 1.16109
3 0 0 0.904558

3
1 0 4564 0.834359
2 0 0 0.904333
3 0 0 0.841813

3
1 0 6005 0.949859
2 0 0 0.91795
3 0 0 0.925104

3
1 1 1 0.885443
2 0 0 1.04478
3 0 0 0.662573

3
1 1 2 0.916368
2 0 0 0.92027
3 0 0 0.845237

3
1 1 2 0.841128
2 0 0 0.990798
3 0 0 0.829166

5
1 1 1 0.844419
2 0 6673 1.00181
4 0 0 0.983917
5 0 0 0.937276
3 0 0 0.738852

5
1 1 2 0.888416
2 0 0 0.790198
3 0 9681 0.983447
6 0 0 1.08118
7 0 0 1.15654

5
1 0 9770 0.797943
2 0 0 0.979738
3 0 9884 1.03908
6 0 0 0.979904
7 0 0 0.886657

3
1 1 1 0.897267
2 0 0 0.998669
3 0 0 0.859344

1
1 0 0 0.824278

3
1 0 4671 0.860612
2 0 0 0.891079
3 0 0 0.861874

7
1 0 2736 0.91876
2 0 0 0.920218
3 0 4145 0.875144
6 0 0 0.929077
7 0 4536 0.817005
14 0 0 1.16965
15 0 0 0.816176

3
1 0 9391 0.851746
2 0 0 0.849976
3 0 0 1.03168

3
1 0 2459 0.921803
2 0 0 1.00165
3 0 0 0.857053

3
1 1 1 0.895642
2 0 0 1.01113
3 0 0 0.768579

5
1 0 1377 0.803981
2 0 651 1.02381
4 0 0 0.926251
5 0 0 0.985914
3 0 0 0.832078

1
1 0 0 0.819208

1
1 0 0 0.863922

3
1 1 1 0.888847
2 0 0 0.892482
3 0 0 0.933867

3
1 1 1 0.851131
2 0 0 1.08415
3 0 0 0.858542

3
1 1 2 0.840135
2 0 0 0.734834
3 0 0 0.773602

1
1 0 0 0.826749

1
1 0 0 0.848197

3
1 0 9309 0.783285
2 0 0 0.782476
3 0 0 0.897153

3
1 1 1 0.877929
2 0 0 1.04929
3 0 0 0.923146

1
1 0 0 0.901357

3
1 1 2 0.855141
2 0 0 0.983537
3 0 0 0.88775

3
1 1 2 0.887171
2 0 0 0.804375
3 0 0 0.893903

1
1 0 0 0.839577

7
1 1 2 0.872173
2 0 0 0.865256
3 0 2222 1.03852
6 0 0 1.00908
7 0 8358 1.0839
14 0 0 1.07694
15 0 0 1.02134

7
1 0 7587 0.899773
2 0 0 0.905647
3 1 1 1.09349
6 0 0 0.916043
7 1 2 0.959943
14 0 0 0.902342
15 0 0 1.03327

3
1 1 1 0.856884
2 0 0 1.07258
3 0 0 0.808906

3
1 1 1 0.906689
2 0 0 0.956519
3 0 0 0.710491

3
1 1 1 0.937885
2 0 0 0.991767
3 0 0 0.853082

1
1 0 0 0.837818

3
1 0 6763 0.877689
2 0 0 0.949059
3 0 0 0.936571

7
1 1 1 0.949024
2 0 844 1.06987
4 0 343 0.967344
8 0 0 0.965869
9 0 0 0.970767
5 0 0 1.1487
3 0 0 0.768728

5
1 0 677 0.848792
2 1 2 0.992372
4 0 0 0.957101
5 0 0 0.783722
3 0 0 0.877996

5
1 1 2 0.904102
2 0 9382 0.856513
4 0 0 0.892243
5 0 0 0.953545
3 0 0 0.896017

3
1 1 2 0.896147
2 0 0 0.82605
3 0 0 0.97472

3
1 1 1 0.946713
2 0 0 0.929025
3 0 0 0.834122

5
1 1 2 0.952915
2 0 0 0.90674
3 0 98 0.989995
6 0 0 1.10243
7 0 0 1.00378

1
1 0 0 0.756396

3
1 1 1 0.847555
2 0 0 0.977672
3 0 0 0.782627

3
1 0 8233 1.02683
2 0 0 0.829634
3 0 0 0.933247

3
1 1 1 0.900916
2 0 0 0.972509
3 0 0 0.882312

3
1 1 1 0.880324
2 0 0 0.998147
3 0 0 0.798932

5
1 1 1 0.880026
2 0 0 0.971323
3 1 2 0.873472
6 0 0 0.871904
7 0 0 0.941379

3
1 0 30 0.97659
2 0 0 1.04446
3 0 0 0.954362

3
1 0 3979 0.926513
2 0 0 0.908562
3 0 0 0.881239

3
1 0 788 0.825675
2 0 0 0.892792
3 0 0 0.844902

3
1 1 1 0.857942
2 0 0 0.980105
3 0 0 0.839302

3
1 1 2 0.853453
2 0 0 0.939773
3 0 0 1.04112

1
1 0 0 0.828699

9
1 0 4019 0.889181
2 0 2437 0.949995
4 0 0 0.886139
5 0 3635 0.998144
10 0 0 1.03221
11 0 0 0.973407
3 0 4216 0.816587
6 0 0 1.06837
7 0 0 0.918733

7
1 1 2 0.853797
2 0 0 0.861016
3 0 3257 1.06608
6 0 0 0.974856
7 0 9349 1.02848
14 0 0 1.07206
15 0 0 0.961114

3
1 0 1204 0.87268
2 0 0 0.992998
3 0 0 0.885366

3
1 1 2 0.99312
2 0 0 0.873165
3 0 0 0.940836

3
1 0 1948 0.793963
2 0 0 1.03108
3 0 0 0.813004

3
1 1 1 0.875367
2 0 0 0.941709
3 0 0 0.785738

3
1 1 1 0.931367
2 0 0 0.998204
3 0 0 0.961485

3
1 0 9441 0.775561
2 0 0 0.815159
3 0 0 1.01396

3
1 0 196 0.806524
2 0 0 1.06152
3 0 0 0.836125

5
1 0 6157 0.817416
2 1 1 0.837188
4 0 0 0.905342
5 0 0 0.841061
3 0 0 0.946697

1
1 0 0 0.772361

5
1 0 4685 0.863775
2 0 1719 0.867319
4 0 0 0.908382
5 0 0 0.852264
3 0 0 0.846456

3
1 1 1 0.817419
2 0 0 0.938721
3 0 0 0.88455

5
1 0 9389 0.910381
2 0 0 0.869264
3 1 2 1.00582
6 0 0 1.06085
7 0 0 0.975732

3
1 0 1211 0.848308
2 0 0 1.00373
3 0 0 0.959748

3
1 1 1 0.875791
2 0 0 1.05064
3 0 0 0.766381

3
1 1 1 0.880496
2 0 0 0.994645
3 0 0 0.862237

5
1 0 41 0.90846
2 0 0 0.930289
3 1 2 0.916035
6 0 0 0.906664
7 0 0 0.916941

3
1 0 5197 0.91101
2 0 0 0.949061
3 0 0 0.82654

3
1 0 1654 0.805347
2 0 0 1.09522
3 0 0 0.891362

3
1 0 7485 0.878435
2 0 0 0.875375
3 0 0 0.923877

3
1 0 317 0.784258
2 0 0 1.13861
3 0 0 0.720357

1
1 0 0 0.752547

3
1 0 4628 0.829628
2 0 0 0.83258
3 0 0 0.809656

1
1 0 0 0.915299

1
1 0 0 0.825155

3
1 0 813 0.937382
2 0 0 1.11963
3 0 0 0.914527

3
1 1 1 0.923334
2 0 0 1.03347
3 0 0 0.808603

3
1 1 2 0.892271
2 0 0 1.00174
3 0 0 1.02291

1
1 0 0 0.786886

3
1 1 2 0.884232
2 0 0 0.816801
3 0 0 0.998921

1
1 0 0 0.804038

3
1 0 9632 0.749437
2 0 0 0.713127
3 0 0 0.975976

3
1 1 2 0.940924
2 0 0 0.768475
3 0 0 0.961754

5
1 0 5573 0.903126
2 0 0 1.01668
3 0 7028 0.940403
6 0 0 0.997578
7 0 0 0.848047

5
1 0 9424 0.806566
2 0 0 0.936538
3 0 9919 0.964793
6 0 0 0.91903
7 0 0 0.929635

3
1 1 2 0.858727
2 0 0 0.85436
3 0 0 0.901725

3
1 0 9950 0.899162
2 0 0 0.795141
3 0 0 1.012

1
1 0 0 0.868475

3
1 1 1 0.876502
2 0 0 1.01698
3 0 0 0.830653

5
1 1 2 0.909658
2 0 3455 0.886153
4 0 0 0.93747
5 0 0 0.824384
3 0 0 0.877774

5
1 0 9547 0.939285
2 0 0 0.923586
3 1 1 1.04745
6 0 0 1.00687
7 0 0 1.012

1
1 0 0 0.831634

1
1 0 0 0.821572

5
1 1 2 0.975205
2 0 0 0.837216
3 0 7195 1.00348
6 0 0 1.02522
7 0 0 1.01109

3
1 1 1 0.792837
2 0 0 0.937391
3 0 0 0.846176

3
1 1 1 0.918826
2 0 0 0.979986
3 0 0 0.797815

3
1 1 2 0.835947
2 0 0 0.997301
3 0 0 0.924119

3
1 1 2 0.838787
2 0 0 0.846929
3 0 0 0.904104

5
1 0 4418 0.839983
2 1 2 0.946584
4 0 0 1.05775
5 0 0 0.889657
3 0 0 0.910945

3
1 0 6732 0.832296
2 0 0 0.798966
3 0 0 0.869587

3
1 0 2812 0.957838
2 0 0 0.951062
3 0 0 0.911001

3
1 0 482 0.890719
2 0 0 0.943993
3 0 0 0.880121

5
1 0 8257 0.840275
2 0 0 1.00187
3 0 9946 0.807805
6 0 0 0.878575
7 0 0 1.00168

3
1 0 7710 0.886846
2 0 0 0.862102
3 0 0 0.752157

3
1 1 1 0.92028
2 0 0 1.00726
3 0 0 0.826953

7
1 1 1 0.870274
2 0 1517 0.921622
4 0 1354 0.878864
8 0 0 0.963484
9 0 0 1.0443
5 0 0 1.04819
3 0 0 0.831358

3
1 1 1 0.930233
2 0 0 0.947872
3 0 0 0.842698

3
1 0 7871 0.868626
2 0 0 0.877838
3 0 0 0.851924

1
1 0 0 0.817775

1
1 0 0 0.903009

3
1 1 1 0.776741
2 0 0 0.93405
3 0 0 0.895213

3
1 1 2 0.849803
2 0 0 0.892654
3 0 0 0.911321

3
1 1 1 0.789938
2 0 0 0.992412
3 0 0 0.777213

5
1 1 1 0.988663
2 0 0 1.04694
3 1 2 0.900324
6 0 0 0.745702
7 0 0 0.978795

3
1 0 9823 0.774244
2 0 0 0.833963
3 0 0 0.984256

1
1 0 0 0.808979

5
1 0 9092 0.894633
2 0 0 0.923328
3 1 1 0.940363
6 0 0 1.19505
7 0 0 0.940336

3
1 0 2828 0.926026
2 0 0 0.981929
3 0 0 0.985617

3
1 1 2 0.841216
2 0 0 0.885852
3 0 0 0.96308

1
1 0 0 0.747253

3
1 0 475 0.873818
2 0 0 0.983017
3 0 0 0.775367

3
1 0 1090 0.889887
2 0 0 0.822434
3 0 0 0.929891

3
1 1 1 0.853892
2 0 0 1.00267
3 0 0 0.854424

5
1 1 1 0.888907
2 0 2833 1.00426
4 0 0 0.977223
5 0 0 0.983094
3 0 0 0.7695

3
1 1 1 0.854978
2 0 0 1.11696
3 0 0 0.800829

1
1 0 0 0.793244

5
1 0 8362 0.81918
2 0 0 0.863935
3 0 9851 0.833609
6 0 0 0.854491
7 0 0 1.15027

3
1 0 9650 0.85986
2 0 0 0.80137
3 0 0 1.11382

3
1 1 2 0.904866
2 0 0 0.795978
3 0 0 0.988429

5
1 0 5631 0.873271
2 1 2 0.894313
4 0 0 0.914013
5 0 0 0.917272
3 0 0 0.901909

3
1 1 1 0.835155
2 0 0 0.954244
3 0 0 0.877619

3
1 0 6145 0.917431
2 0 0 0.918936
3 0 0 0.907696

3
1 1 1 0.875053
2 0 0 1.00663
3 0 0 0.844496

1
1 0 0 0.713541

3
1 1 2 0.877782
2 0 0 0.953404
3 0 0 0.985119

3
1 1 1 0.843657
2 0 0 1.03719
3 0 0 0.871344

3
1 0 8914 0.831982
2 0 0 0.882549
3 0 0 0.834717

1
1 0 0 0.858776

3
1 0 8067 0.97338
2 0 0 0.917226
3 0 0 0.956806

3
1 0 6079 0.899885
2 0 0 0.928548
3 0 0 0.842771

5
1 0 2146 0.824288
2 0 213 0.911253
4 0 0 0.954322
5 0 0 0.929914
3 0 0 0.891295

3
1 1 1 0.922755
2 0 0 0.940995
3 0 0 0.782599

1
1 0 0 0.846147

3
1 0 271 0.836178
2 0 0 0.96134
3 0 0 0.909869

5
1 1 1 0.867363
2 0 9130 1.06556
4 0 0 1.09798
5 0 0 1.12381
3 0 0 0.856012

3
1 1 2 1.06745
2 0 0 0.78475
3 0 0 1.03292

5
1 0 6800 1.01524
2 0 0 1.03974
3 0 7087 0.997097
6 0 0 0.902857
7 0 0 0.856556

3
1 0 1016 0.95535
2 0 0 0.929564
3 0 0 0.947579

3
1 1 1 0.839827
2 0 0 0.994815
3 0 0 0.802896

1
1 0 0 0.753519

5
1 1 1 0.959877
2 0 7271 0.981156
4 0 0 0.93488
5 0 0 1.12522
3 0 0 0.943548

3
1 0 4680 0.877467
2 0 0 0.990555
3 0 0 0.935966

1
1 0 0 0.866342

3
1 0 57 0.780367
2 0 0 1.00748
3 0 0 0.728875

7
1 1 2 0.905075
2 0 0 0.859313
3 0 1460 1.03665
6 0 0 1.00579
7 0 9154 0.990766
14 0 0 0.935272
15 0 0 0.913146

3
1 0 5300 0.876057
2 0 0 0.83889
3 0 0 0.909878

3
1 1 1 0.868195
2 0 0 0.867949
3 0 0 0.841819

3
1 1 1 0.819046
2 0 0 1.07856
3 0 0 0.919764

5
1 1 2 0.937115
2 0 0 0.896308
3 0 2998 0.946505
6 0 0 0.897628
7 0 0 1.02824

3
1 0 5868 0.916445
2 0 0 0.991603
3 0 0 1.04164

5
1 0 9794 0.904628
2 0 0 0.923454
3 0 9818 0.967389
6 0 0 0.959101
7 0 0 0.99181

1
1 0 0 0.748892

5
1 1 1 0.815019
2 0 0 1.06488
3 0 1478 0.76328
6 0 0 0.974054
7 0 0 0.739798

3
1 1 1 0.770659
2 0 0 0.930544
3 0 0 0.742433

3
1 1 2 0.872002
2 0 0 0.883191
3 0 0 0.959315

3
1 0 330 0.933574
2 0 0 0.990032
3 0 0 0.871183

3
1 0 436 0.781759
2 0 0 0.998217
3 0 0 0.830779

3
1 1 1 0.942943
2 0 0 0.906447
3 0 0 0.851189

3
1 1 1 0.874563
2 0 0 0.846485
3 0 0 0.83291

3
1 0 5738 0.875401
2 0 0 0.918306
3 0 0 0.895706

1
1 0 0 0.901125

3
1 1 2 0.854276
2 0 0 0.987048
3 0 0 0.941388

5
1 1 1 0.881899
2 0 0 0.974457
3 1 2 0.879986
6 0 0 0.821143
7 0 0 0.850069

5
1 0 2635 0.842465
2 1 2 1.04469
4 0 0 0.880619
5 0 0 0.946267
3 0 0 0.870282

1
1 0 0 0.879128

1
1 0 0 0.80232

5
1 0 9808 0.755322
2 0 0 0.774845
3 1 1 0.879461
6 0 0 0.890775
7 0 0 0.994952

1
1 0 0 0.883308

1
1 0 0 0.777319

3
1 1 1 0.957916
2 0 0 1.02229
3 0 0 0.835111

3
1 0 4811 0.760714
2 0 0 0.849753
3 0 0 0.760682

1
1 0 0 0.901939

3
1 1 2 0.986637
2 0 0 0.980463
3 0 0 0.980438

3
1 1 1 0.918926
2 0 0 1.02434
3 0 0 0.790935

5
1 0 628 0.85548
2 0 235 0.960789
4 0 0 0.948966
5 0 0 1.02976
3 0 0 0.769872

3
1 1 2 0.912128
2 0 0 0.915097
3 0 0 0.985022

1
1 0 0 0.846714

3
1 1 2 0.874137
2 0 0 0.880672
3 0 0 0.885266

3
1 1 2 0.88091
2 0 0 0.694059
3 0 0 0.96178

3
1 1 2 0.963297
2 0 0 0.864742
3 0 0 1.10005

3
1 1 2 0.897109
2 0 0 0.917865
3 0 0 0.960582

3
1 0 718 0.924093
2 0 0 0.946975
3 0 0 0.780905

7
1 0 251 0.903315
2 0 0 1.03764
3 1 1 0.88268
6 0 9304 0.86743
12 0 0 0.866169
13 0 0 0.917789
7 0 0 0.943424

5
1 0 3422 0.845336
2 0 0 0.955094
3 0 9418 0.901498
6 0 0 0.887438
7 0 0 0.994465

3
1 1 2 0.857302
2 0 0 0.735
3 0 0 1.02001

3
1 1 1 0.769972
2 0 0 1.04999
3 0 0 0.772238

1
1 0 0 0.792679

7
1 1 1 0.858626
2 0 0 1.07911
3 0 468 0.905759
6 0 0 0.954204
7 1 2 0.896773
14 0 0 0.835857
15 0 0 0.985053

3
1 0 172 0.827533
2 0 0 0.936321
3 0 0 0.817393

3
1 1 2 0.910032
2 0 0 0.760738
3 0 0 0.991292

3
1 0 3641 0.89864
2 0 0 1.01096
3 0 0 0.896037

3
1 1 2 0.860321
2 0 0 0.854005
3 0 0 0.937444

3
1 0 9757 0.878792
2 0 0 0.915198
3 0 0 0.873483

3
1 0 349 0.8815
2 0 0 0.835264
3 0 0 0.876857

3
1 0 9926 0.812338
2 0 0 0.789799
3 0 0 1.06563

3
1 0 8255 0.917161
2 0 0 0.958233
3 0 0 0.856285

1
1 0 0 0.898013

5
1 0 9975 0.942529
2 1 1 0.870645
4 0 0 0.98535
5 0 0 0.794927
3 0 0 0.911718

3
1 0 114 0.805439
2 0 0 1.09475
3 0 0 0.948716

7
1 0 5584 0.951212
2 1 2 0.892082
4 0 0 0.884583
5 0 0 1.12269
3 0 6678 0.90471
6 0 0 0.93508
7 0 0 0.996358

3
1 0 182 0.848661
2 0 0 1.09618
3 0 0 0.788719

1
1 0 0 0.943027

3
1 1 1 0.789938
2 0 0 1.05945
3 0 0 0.89334

3
1 0 956 0.952788
2 0 0 0.938475
3 0 0 0.889491

5
1 1 1 0.864776
2 0 3994 1.00111
4 0 0 0.961705
5 0 0 1.11215
3 0 0 0.93281

1
1 0 0 0.769896

5
1 1 1 0.847292
2 0 3764 0.949788
4 0 0 1.00096
5 0 0 0.916686
3 0 0 0.833916

1
1 0 0 0.72886

5
1 0 671 0.979583
2 0 0 0.858764
3 1 2 0.949053
6 0 0 0.95251
7 0 0 0.922971

3
1 0 4417 0.911408
2 0 0 0.987074
3 0 0 0.890233

5
1 1 2 0.851812
2 0 0 0.941264
3 0 4042 0.947055
6 0 0 0.884067
7 0 0 0.956081

3
1 1 1 0.822303
2 0 0 1.12372
3 0 0 0.794547

3
1 1 1 0.893642
2 0 0 1.14679
3 0 0 0.794602

3
1 0 1743 0.884029
2 0 0 0.935465
3 0 0 0.889941

3
1 0 3181 0.82198
2 0 0 0.926553
3 0 0 0.849407

3
1 1 1 0.959199
2 0 0 0.950687
3 0 0 0.776294

1
1 0 0 0.730339

3
1 1 1 0.771872
2 0 0 0.958655
3 0 0 0.830901

3
1 0 2632 0.945642
2 0 0 1.09616
3 0 0 0.900208

3
1 1 1 0.818585
2 0 0 0.942527
3 0 0 0.791334

3
1 0 9379 0.787251
2 0 0 0.811664
3 0 0 0.907522

3
1 0 9928 0.794874
2 0 0 0.74536
3 0 0 0.892515

3
1 1 1 0.830228
2 0 0 0.941249
3 0 0 0.791286

3
1 1 1 0.913475
2 0 0 0.948446
3 0 0 0.921566

1
1 0 0 0.865491

3
1 1 1 0.849223
2 0 0 0.939513
3 0 0 0.810377

5
1 1 2 1.02728
2 0 5588 1.05466
4 0 0 1.0884
5 0 0 0.964749
3 0 0 0.883566

3
1 0 8757 0.88547
2 0 0 0.942918
3 0 0 0.999313

1
1 0 0 0.798238

5
1 0 9492 0.8915
2 0 0 0.926274
3 0 9893 0.958398
6 0 0 0.97747
7 0 0 0.899824

1
1 0 0 0.896584

3
1 1 1 0.83147
2 0 0 1.10964
3 0 0 0.83841

1
1 0 0 0.832106

3
1 0 6305 0.833027
2 0 0 0.89914
3 0 0 0.960195

3
1 0 6378 0.826434
2 0 0 0.784477
3 0 0 0.899661

5
1 1 2 0.874686
2 0 0 0.784202
3 0 5551 0.945718
6 0 0 0.976154
7 0 0 0.923645

3
1 1 1 0.842534
2 0 0 1.05681
3 0 0 0.859574

1
1 0 0 0.856596

3
1 1 1 0.839931
2 0 0 0.883758
3 0 0 0.787904

1
1 0 0 0.902875

5
1 0 9874 0.912468
2 0 2461 0.944353
4 0 0 0.912391
5 0 0 0.869906
3 0 0 1.06719

3
1 0 1085 0.878465
2 0 0 1.0207
3 0 0 0.930682

5
1 1 1 0.869388
2 0 0 1.05804
3 0 8322 0.832339
6 0 0 0.829473
7 0 0 0.852085

5
1 0 2191 0.832097
2 0 0 0.903812
3 1 1 0.898431
6 0 0 0.964685
7 0 0 0.883842

3
1 1 1 0.903326
2 0 0 0.961518
3 0 0 0.798593

1
1 0 0 0.850068

5
1 1 1 0.874654
2 0 0 0.922448
3 1 2 0.842114
6 0 0 0.915558
7 0 0 0.867209

3
1 1 2 0.900523
2 0 0 0.968447
3 0 0 0.815343

3
1 0 8585 1.00297
2 0 0 0.964267
3 0 0 0.895235

1
1 0 0 0.805613

3
1 1 1 0.885588
2 0 0 0.945444
3 0 0 0.862592

1
1 0 0 0.850318

3
1 1 2 0.855637
2 0 0 0.86906
3 0 0 0.919284

3
1 1 2 0.868066
2 0 0 0.82906
3 0 0 0.877273

7
1 1 1 0.923004
2 0 8857 1.12554
4 0 0 0.981366
5 0 0 0.963042
3 0 6426 0.903245
6 0 0 0.933707
7 0 0 0.844753

9
1 1 1 0.899656
2 0 0 0.965452
3 1 2 0.934341
6 0 0 0.956917
7 0 7317 0.92315
14 0 2816 0.949224
28 0 0 1.03698
29 0 0 0.986123
15 0 0 1.02029

3
1 1 2 0.900867
2 0 0 0.976217
3 0 0 1.03975

3
1 0 9711 0.799384
2 0 0 0.890651
3 0 0 0.981337

5
1 0 9434 1.03903
2 0 2324 0.844713
4 0 0 0.835618
5 0 0 0.803223
3 0 0 1.00843

5
1 1 1 0.802843
2 0 0 1.07695
3 0 7666 0.905855
6 0 0 0.920509
7 0 0 0.899514

1
1 0 0 0.801869

3
1 1 1 0.852557
2 0 0 0.910039
3 0 0 0.818588

3
1 0 1103 0.852968
2 0 0 0.881792
3 0 0 0.812596

1
1 0 0 0.95674

1
1 0 0 0.853467

5
1 1 1 0.880074
2 0 6884 1.03369
4 0 0 1.03328
5 0 0 0.959095
3 0 0 0.838559

3
1 1 1 0.930217
2 0 0 0.948117
3 0 0 0.921978

3
1 0 5114 0.872752
2 0 0 0.851748
3 0 0 0.867468

1
1 0 0 0.803162

1
1 0 0 0.866417

5
1 0 889 0.897908
2 0 263 0.886923
4 0 0 0.960474
5 0 0 0.997658
3 0 0 0.791895

1
1 0 0 0.82252

3
1 0 584 0.906735
2 0 0 0.963857
3 0 0 0.942421

3
1 0 2105 0.836542
2 0 0 0.921913
3 0 0 0.787385

3
1 1 1 0.937554
2 0 0 0.933962
3 0 0 0.733394

3
1 1 1 0.829407
2 0 0 1.04015
3 0 0 0.816169

3
1 0 1394 0.832934
2 0 0 0.953546
3 0 0 0.802686

3
1 1 1 0.933335
2 0 0 0.878786
3 0 0 0.813785

7
1 1 2 0.903234
2 1 1 0.933705
4 0 0 0.957859
5 0 0 0.89141
3 0 3282 0.924349
6 0 0 0.93889
7 0 0 0.994137

3
1 1 2 0.874396
2 0 0 0.793586
3 0 0 0.944228

3
1 1 1 0.911562
2 0 0 1.01629
3 0 0 0.772062

3
1 0 98 0.830955
2 0 0 1.08894
3 0 0 0.845773

3
1 0 9778 0.795173
2 0 0 0.828958
3 0 0 0.964972

3
1 0 418 0.869526
2 0 0 1.03399
3 0 0 0.898335

5
1 0 6396 0.870395
2 0 176 0.904147
4 0 0 1.03413
5 0 0 0.819554
3 0 0 0.834461

3
1 1 2 0.889616
2 0 0 0.882048
3 0 0 0.950727

3
1 0 449 0.822171
2 0 0 1.06152
3 0 0 0.780048

3
1 0 9735 0.923199
2 0 0 0.932802
3 0 0 1.0175

3
1 1 2 0.921762
2 0 0 0.918711
3 0 0 1.03562

1
1 0 0 0.771544

3
1 1 2 0.888159
2 0 0 0.846308
3 0 0 1.04428

3
1 0 5257 0.854782
2 0 0 0.932429
3 0 0 0.906238

3
1 1 1 0.777714
2 0 0 0.971504
3 0 0 0.969272

1
1 0 0 0.875614

1
1 0 0 0.813041

3
1 1 2 0.792763
2 0 0 0.812699
3 0 0 0.894945

1
1 0 0 0.853027

5
1 1 1 0.86845
2 0 4761 0.965523
4 0 0 0.946632
5 0 0 0.813682
3 0 0 0.838559

3
1 0 955 0.884022
2 0 0 0.867234
3 0 0 0.882764

3
1 1 1 0.890058
2 0 0 1.04436
3 0 0 0.873038

5
1 0 8295 0.922933
2 0 0 0.959232
3 1 1 0.942521
6 0 0 1.04249
7 0 0 0.919214

3
1 1 1 0.893883
2 0 0 0.998255
3 0 0 0.897202

1
1 0 0 0.81248

3
1 1 1 0.875221
2 0 0 0.970528
3 0 0 0.91426

3
1 1 2 0.949039
2 0 0 0.780793
3 0 0 0.963023

3
1 0 8804 0.876055
2 0 0 0.883671
3 0 0 0.846886

1
1 0 0 0.924258

3
1 1 2 0.91206
2 0 0 0.946718
3 0 0 1.03142

3
1 1 1 0.844349
2 0 0 0.960532
3 0 0 0.875825

1
1 0 0 0.810931

7
1 0 8402 0.86176
2 1 2 0.9689
4 0 0 0.902169
5 0 0 0.987872
3 0 9234 0.933732
6 0 0 0.999219
7 0 0 0.872311

3
1 0 3479 0.903475
2 0 0 1.0326
3 0 0 0.879784

3
1 1 1 0.897913
2 0 0 0.989836
3 0 0 0.91192

1
1 0 0 0.765116

1
1 0 0 0.764018

1
1 0 0 0.838313

3
1 0 6794 0.874185
2 0 0 1.00975
3 0 0 0.976814

5
1 1 1 0.771872
2 0 8228 0.939813
4 0 0 0.934896
5 0 0 1.12596
3 0 0 0.773089

3
1 1 1 0.824742
2 0 0 0.956534
3 0 0 0.776492

1
1 0 0 0.859366

3
1 0 218 0.793357
2 0 0 0.954367
3 0 0 0.733914

1
1 0 0 0.808771

5
1 1 1 0.830228
2 0 6025 0.967998
4 0 0 0.925829
5 0 0 1.15768
3 0 0 0.924956

3
1 1 1 0.85196
2 0 0 0.962483
3 0 0 0.878334

3
1 1 2 0.866801
2 0 0 0.870544
3 0 0 0.937477

3
1 1 1 0.849223
2 0 0 0.887866
3 0 0 0.758512

3
1 1 1 0.850879
2 0 0 1.02174
3 0 0 0.74533

3
1 1 1 0.914916
2 0 0 0.956719
3 0 0 0.886979

1
1 0 0 0.783071

1
1 0 0 0.85687

3
1 1 1 0.846544
2 0 0 0.977553
3 0 0 0.842996

3
1 1 1 0.83147
2 0 0 0.985065
3 0 0 0.806652

3
1 1 1 0.907094
2 0 0 0.974789
3 0 0 0.835181

1
1 0 0 0.849054

3
1 0 6362 0.93266
2 0 0 0.855785
3 0 0 1.01075

1
1 0 0 0.990703

3
1 1 1 0.853587
2 0 0 0.890039
3 0 0 0.768231

3
1 0 2038 0.835675
2 0 0 0.968202
3 0 0 0.832677

5
1 0 1676 0.894484
2 0 0 0.903335
3 0 4570 0.900318
6 0 0 0.954045
7 0 0 0.884499

5
1 1 1 0.823376
2 0 7153 0.997115
4 0 0 0.967225
5 0 0 1.06983
3 0 0 0.791576

1
1 0 0 0.776884

3
1 0 8796 0.955452
2 0 0 1.00355
3 0 0 0.732826

3
1 0 5184 0.88162
2 0 0 0.908405
3 0 0 0.986584

1
1 0 0 0.800041

1
1 0 0 0.840265

3
1 1 2 0.936681
2 0 0 0.902458
3 0 0 1.09274

3
1 1 1 0.874654
2 0 0 1.01818
3 0 0 0.842865

5
1 0 4241 0.931006
2 1 1 0.978436
4 0 0 0.997609
5 0 0 0.966004
3 0 0 0.872204

3
1 0 9990 0.916714
2 0 0 0.947563
3 0 0 1.05688

5
1 1 1 0.89958
2 0 0 0.956296
3 0 2680 0.88821
6 0 0 0.939284
7 0 0 0.930231

3
1 1 1 0.885588
2 0 0 1.01827
3 0 0 0.80347

3
1 1 1 0.850367
2 0 0 1.03535
3 0 0 0.763288

3
1 1 2 0.845912
2 0 0 0.847284
3 0 0 0.872828

3
1 1 1 0.900617
2 0 0 0.893696
3 0 0 0.805695

1
1 0 0 0.833443

3
1 0 9337 0.873336
2 0 0 0.900089
3 0 0 0.898368

3
1 0 8192 0.867834
2 0 0 0.910041
3 0 0 1.02108

7
1 1 2 0.845559
2 0 0 0.88617
3 0 8781 0.98655
6 0 0 0.932769
7 0 9331 1.08709
14 0 0 0.917718
15 0 0 1.0994

3
1 1 1 0.849371
2 0 0 1.04033
3 0 0 0.79998

3
1 1 1 0.802843
2 0 0 0.925981
3 0 0 0.832321

1
1 0 0 0.81073

3
1 1 1 0.965629
2 0 0 1.07042
3 0 0 0.894705

3
1 1 1 0.982742
2 0 0 0.889816
3 0 0 0.82688

3
1 1 2 0.891479
2 0 0 0.85543
3 0 0 0.97233

3
1 1 1 0.85035
2 0 0 1.03417
3 0 0 0.871425

1
1 0 0 0.884781

9
1 0 2013 0.934246
2 0 974 1.06679
4 0 938 1.01073
8 0 0 0.876695
9 1 2 1.01006
18 0 0 0.863356
19 0 0 1.0186
5 0 0 1.02049
3 0 0 0.821443

3
1 0 465 0.855092
2 0 0 1.0664
3 0 0 0.864954

3
1 1 1 0.891981
2 0 0 0.996577
3 0 0 0.853677

3
1 0 349 0.888973
2 0 0 1.0051
3 0 0 0.821747

7
1 0 6599 0.876758
2 0 3562 0.950951
4 0 0 1.00305
5 0 0 1.03904
3 0 6629 0.791231
6 0 0 0.954372
7 0 0 0.841114

3
1 0 4596 0.87759
2 0 0 0.864656
3 0 0 0.903817

5
1 0 9911 0.779247
2 0 0 0.858593
3 1 2 1.04633
6 0 0 1.12445
7 0 0 0.98293

1
1 0 0 0.729387

1
1 0 0 0.88117

1
1 0 0 0.824513

1
1 0 0 0.865276

1
1 0 0 0.858838

3
1 1 2 0.860872
2 0 0 0.844641
3 0 0 1.08424

3
1 1 1 0.850226
2 0 0 0.97189
3 0 0 0.83282

3
1 0 234 0.898749
2 0 0 1.05723
3 0 0 0.845548

7
1 0 7829 0.892294
2 1 2 0.968474
4 0 1610 0.93129
8 0 0 0.993145
9 0 0 0.933472
5 0 0 0.932278
3 0 0 1.02858

1
1 0 0 0.850063

3
1 1 1 0.855308
2 0 0 0.860928
3 0 0 0.848198

1
1 0 0 0.900814

3
1 0 559 0.898763
2 0 0 0.904101
3 0 0 0.90865

3
1 1 1 0.799434
2 0 0 0.884463
3 0 0 0.68472

3
1 1 2 0.823561
2 0 0 0.727221
3 0 0 1.00149

5
1 1 1 0.861104
2 0 0 0.890619
3 0 6554 0.794257
6 0 0 0.869273
7 0 0 0.802665

3
1 0 117 0.815898
2 0 0 0.883238
3 0 0 0.785631

3
1 0 8679 0.880202
2 0 0 0.866356
3 0 0 0.855909

3
1 0 143 0.802945
2 0 0 0.964074
3 0 0 0.808718

3
1 1 1 0.904135
2 0 0 1.0679
3 0 0 0.915691

3
1 1 2 0.910511
2 0 0 0.875331
3 0 0 0.98492

3
1 1 1 0.856482
2 0 0 1.04836
3 0 0 0.974012

5
1 0 9944 0.806643
2 0 0 0.829288
3 0 9989 0.973824
6 0 0 1.14439
7 0 0 0.963387

3
1 1 1 0.890132
2 0 0 0.921372
3 0 0 0.764292

9
1 1 2 0.825249
2 0 9724 0.991778
4 0 0 0.984536
5 0 0 1.11041
3 0 3294 0.983456
6 0 63 0.989319
12 0 0 0.99533
13 0 0 0.997461
7 0 0 0.945343

3
1 0 633 0.851918
2 0 0 0.974663
3 0 0 0.852515

3
1 0 4480 0.930599
2 0 0 0.926343
3 0 0 0.960179

1
1 0 0 0.762917

5
1 0 2778 0.944531
2 0 2513 1.02225
4 0 0 0.874625
5 0 0 0.928894
3 0 0 0.917823

3
1 1 2 0.862921
2 0 0 0.900231
3 0 0 0.855748

3
1 0 9525 0.861784
2 0 0 0.861801
3 0 0 1.01197

3
1 1 1 0.861045
2 0 0 0.888998
3 0 0 0.88384

3
1 0 7964 0.874417
2 0 0 0.854005
3 0 0 0.819815

3
1 1 1 0.863616
2 0 0 0.957314
3 0 0 0.924094

5
1 0 1933 0.871248
2 0 1443 0.932384
4 0 0 0.996719
5 0 0 0.976946
3 0 0 0.893741

3
1 1 2 0.867609
2 0 0 0.864367
3 0 0 0.956543

3
1 0 1072 0.763144
2 0 0 0.93464
3 0 0 0.941777

1
1 0 0 0.713996

5
1 0 3720 0.840752
2 0 3386 1.03795
4 0 0 1.06042
5 0 0 0.907383
3 0 0 0.783118

3
1 1 1 0.901499
2 0 0 0.91714
3 0 0 0.835137

5
1 1 1 0.915253
2 0 0 1.11242
3 1 2 0.89786
6 0 0 0.907233
7 0 0 0.983636

3
1 1 2 0.812422
2 0 0 0.910141
3 0 0 0.90916

1
1 0 0 0.831005

1
1 0 0 0.85527

5
1 1 1 0.877527
2 0 6538 1.00339
4 0 0 1.00545
5 0 0 1.1036
3 0 0 0.949521

1
1 0 0 0.847247

5
1 1 1 0.850329
2 0 2789 1.05836
4 0 0 0.978499
5 0 0 0.9487
3 0 0 0.794673

1
1 0 0 0.868045

3
1 0 2141 0.856148
2 0 0 0.868796
3 0 0 0.881842

3
1 0 4662 0.832317
2 0 0 0.861676
3 0 0 0.799552

1
1 0 0 0.768787

5
1 1 2 0.937084
2 0 0 0.869429
3 0 5020 0.975625
6 0 0 0.96925
7 0 0 0.903354

3
1 1 1 0.947055
2 0 0 0.942492
3 0 0 0.918124

3
1 0 9622 0.802488
2 0 0 0.81221
3 0 0 0.934424

3
1 0 9886 0.725874
2 0 0 0.699352
3 0 0 1.05591

5
1 1 1 0.939064
2 0 5893 1.01667
4 0 0 1.01709
5 0 0 1.02947
3 0 0 0.879085

3
1 0 7544 0.884242
2 0 0 0.884545
3 0 0 0.921401

5
1 0 7613 0.908478
2 0 1652 0.974814
4 0 0 0.940547
5 0 0 1.15403
3 0 0 0.929114

3
1 1 1 0.931993
2 0 0 0.939892
3 0 0 0.854329

1
1 0 0 0.761668

3
1 1 2 0.930477
2 0 0 0.864273
3 0 0 0.963729

1
1 0 0 0.855023

1
1 0 0 0.845684

3
1 0 6555 0.905688
2 0 0 0.845667
3 0 0 0.982645

3
1 0 8582 0.792511
2 0 0 0.831227
3 0 0 0.862898

3
1 0 4798 0.883087
2 0 0 0.819873
3 0 0 0.902637

3
1 1 1 0.823376
2 0 0 0.926031
3 0 0 0.76968

3
1 1 1 0.902345
2 0 0 1.09864
3 0 0 0.858672

3
1 1 2 0.97239
2 0 0 0.874531
3 0 0 0.995375

3
1 0 2356 1.01902
2 0 0 0.984965
3 0 0 0.845569

1
1 0 0 0.75688

5
1 1 2 0.943485
2 0 0 0.848246
3 0 7203 1.05486
6 0 0 1.04033
7 0 0 1.09624

3
1 0 2129 0.930385
2 0 0 1.01593
3 0 0 0.839046

3
1 0 3551 0.870922
2 0 0 1.00137
3 0 0 0.886687

3
1 1 1 0.82654
2 0 0 1.01588
3 0 0 0.765701

3
1 1 1 0.93878
2 0 0 0.965759
3 0 0 0.904644

3
1 0 519 0.889192
2 0 0 0.888727
3 0 0 0.924761

5
1 1 2 0.826777
2 0 0 0.763993
3 0 3633 0.875213
6 0 0 1.0703
7 0 0 0.957828

3
1 1 1 0.93627
2 0 0 0.966605
3 0 0 0.875683

1
1 0 0 0.849969

3
1 1 1 0.889286
2 0 0 1.02687
3 0 0 0.923867

3
1 1 2 0.827583
2 0 0 0.853502
3 0 0 0.753382

1
1 0 0 0.800184

3
1 0 9940 0.792671
2 0 0 0.857909
3 0 0 0.981295

5
1 1 2 0.785232
2 1 1 0.92493
4 0 0 1.07745
5 0 0 0.830788
3 0 0 1.0604

3
1 1 2 0.944871
2 0 0 0.88213
3 0 0 0.920873

3
1 0 7295 0.929386
2 0 0 0.795434
3 0 0 1.00463

5
1 1 1 0.852052
2 0 9813 0.932836
4 0 0 0.919662
5 0 0 1.03316
3 0 0 0.79836

3
1 1 1 0.965629
2 0 0 0.959161
3 0 0 0.846662

3
1 1 1 0.925758
2 0 0 0.927999
3 0 0 0.784138

3
1 1 1 0.850441
2 0 0 1.1072
3 0 0 0.994786

3
1 0 6559 0.947875
2 0 0 0.894518
3 0 0 0.907344

3
1 1 2 0.818372
2 0 0 0.90296
3 0 0 0.928735

3
1 0 9783 0.928297
2 0 0 0.915722
3 0 0 0.881975

3
1 1 1 0.771174
2 0 0 0.955908
3 0 0 0.818403

5
1 1 1 0.891981
2 0 9381 0.842928
4 0 0 0.874009
5 0 0 0.864896
3 0 0 0.789766

5
1 1 2 0.824593
2 0 0 0.820363
3 0 5471 0.984573
6 0 0 1.02629
7 0 0 0.870365

3
1 1 1 0.866865
2 0 0 1.05083
3 0 0 0.788591

7
1 1 1 0.880329
2 0 6232 0.951798
4 0 4417 1.00932
8 0 0 0.996574
9 0 0 1.00068
5 0 0 0.921938
3 0 0 0.864891

3
1 1 1 0.831273
2 0 0 1.12982
3 0 0 0.785211

3
1 0 9056 0.861625
2 0 0 0.848885
3 0 0 0.904323

3
1 0 8178 0.89726
2 0 0 0.943121
3 0 0 0.875529

1
1 0 0 0.828645

3
1 0 2313 0.834966
2 0 0 0.815227
3 0 0 0.831077

1
1 0 0 0.819396

1
1 0 0 0.80192

3
1 1 2 0.842076
2 0 0 0.763991
3 0 0 0.982706

3
1 0 822 0.781489
2 0 0 0.946626
3 0 0 0.734213

3
1 0 9815 0.873023
2 0 0 0.881216
3 0 0 0.849858

3
1 1 1 0.869331
2 0 0 1.03495
3 0 0 0.863903

3
1 1 1 0.921047
2 0 0 0.976117
3 0 0 0.928741

3
1 0 1411 0.865176
2 0 0 1.03839
3 0 0 0.839898

5
1 0 4277 0.932231
2 0 0 0.942429
3 0 5176 0.806507
6 0 0 1.08195
7 0 0 0.821323

3
1 1 1 0.846363
2 0 0 0.937577
3 0 0 0.833408

5
1 1 1 0.911975
2 0 0 0.98687
3 1 2 0.999386
6 0 0 0.969177
7 0 0 1.02727

3
1 0 7084 0.932132
2 0 0 0.84099
3 0 0 0.913661

3
1 0 8662 0.881328
2 0 0 0.869903
3 0 0 0.999254

5
1 0 516 0.809387
2 1 1 0.977433
4 0 0 1.03504
5 0 0 1.0336
3 0 0 0.765324

3
1 1 1 0.845614
2 0 0 0.944458
3 0 0 0.91975

5
1 0 7638 0.938734
2 0 5370 0.969099
4 0 0 0.873038
5 0 0 0.963078
3 0 0 0.971406

3
1 0 4877 0.815042
2 0 0 0.865195
3 0 0 0.808126

3
1 1 2 0.884231
2 0 0 0.831524
3 0 0 0.901211

5
1 0 5063 0.914244
2 0 3808 0.917952
4 0 0 0.920233
5 0 0 0.99298
3 0 0 0.782306

5
1 1 1 0.938016
2 0 0 0.947976
3 1 2 0.850987
6 0 0 0.90732
7 0 0 0.840012

5
1 0 106 0.808445
2 0 69 1.13325
4 0 0 0.922408
5 0 0 1.16744
3 0 0 0.732104

3
1 1 2 0.886654
2 0 0 1.03424
3 0 0 0.856256

3
1 0 9848 0.764994
2 0 0 0.793929
3 0 0 0.976162

3
1 0 9716 0.866405
2 0 0 0.89847
3 0 0 0.972665

5
1 0 3256 0.92922
2 0 852 1.01497
4 0 0 1.08513
5 0 0 1.15789
3 0 0 0.910586

3
1 1 2 0.86406
2 0 0 0.869744
3 0 0 0.970499

5
1 1 2 0.86202
2 0 0 0.818501
3 0 8058 1.00359
6 0 0 1.07948
7 0 0 0.951346

3
1 0 5027 0.935573
2 0 0 0.922672
3 0 0 0.941267

3
1 1 1 0.830293
2 0 0 0.829378
3 0 0 0.795947

3
1 0 5317 0.913509
2 0 0 0.983809
3 0 0 0.920592

7
1 0 2153 0.879764
2 0 1586 0.960522
4 0 0 0.902386
5 0 1596 0.868214
10 0 0 1.08033
11 0 0 0.837276
3 0 0 1.00444

3
1 0 9005 0.845092
2 0 0 0.899623
3 0 0 0.86382

3
1 0 3751 0.913454
2 0 0 0.886958
3 0 0 0.90873

3
1 0 5192 0.865137
2 0 0 0.795786
3 0 0 0.890403

3
1 0 5200 0.865199
2 0 0 0.958752
3 0 0 0.810812

1
1 0 0 0.730452

3
1 1 1 0.915253
2 0 0 1.05978
3 0 0 0.837687

5
1 0 250 0.690001
2 0 44 0.879941
4 0 0 1.01884
5 0 0 1.08566
3 0 0 0.709289

1
1 0 0 0.811916

5
1 0 2660 0.892342
2 0 0 0.957613
3 0 8201 0.964066
6 0 0 1.02462
7 0 0 0.91357

3
1 1 1 0.870697
2 0 0 1.05009
3 0 0 0.779615

3
1 1 2 0.895853
2 0 0 0.905422
3 0 0 0.849194

5
1 0 5855 0.978041
2 1 1 0.962094
4 0 0 1.03923
5 0 0 0.897968
3 0 0 0.995721

3
1 0 863 0.909113
2 0 0 1.11819
3 0 0 0.849921

3
1 1 1 0.842098
2 0 0 1.00654
3 0 0 0.785711

3
1 1 1 0.911928
2 0 0 0.984893
3 0 0 0.889959

5
1 1 2 0.950269
2 0 0 0.81401
3 0 5262 0.953082
6 0 0 1.01972
7 0 0 0.966934

3
1 1 1 0.863241
2 0 0 0.907048
3 0 0 0.911247

7
1 0 8267 0.821156
2 0 7956 1.01878
4 0 0 0.924243
5 0 0 0.918855
3 0 9504 0.795277
6 0 0 0.901822
7 0 0 0.983401

3
1 0 2461 0.829191
2 0 0 1.01723
3 0 0 0.824889

3
1 1 1 0.867317
2 0 0 1.01
3 0 0 0.810143

3
1 1 2 0.925186
2 0 0 0.854312
3 0 0 1.00354

3
1 1 1 0.866503
2 0 0 0.981007
3 0 0 0.893724

3
1 1 1 0.900384
2 0 0 1.14412
3 0 0 0.775883

3
1 0 9797 0.911613
2 0 0 0.887814
3 0 0 0.950286

3
1 1 2 0.904774
2 0 0 0.956874
3 0 0 1.06254

3
1 1 1 0.876724
2 0 0 0.921632
3 0 0 0.832802

3
1 1 2 0.854521
2 0 0 0.818791
3 0 0 1.0063

3
1 1 1 0.837254
2 0 0 0.976693
3 0 0 0.905959

1
1 0 0 0.840596

1
1 0 0 0.869008

3
1 1 1 0.924873
2 0 0 1.10391
3 0 0 0.904169

1
1 0 0 0.817036

1
1 0 0 0.808997

3
1 1 1 0.872084
2 0 0 0.822053
3 0 0 0.975047

7
1 0 2839 0.873295
2 1 1 0.917273
4 0 2168 1.01755
8 0 0 0.991433
9 0 0 0.982156
5 0 0 1.00118
3 0 0 0.875799

1
1 0 0 0.863937

1
1 0 0 0.872986

3
1 1 1 0.879961
2 0 0 1.05457
3 0 0 0.76207

3
1 1 2 0.896188
2 0 0 0.900622
3 0 0 0.911979

3
1 0 1795 0.857887
2 0 0 0.866846
3 0 0 0.837184

3
1 0 118 0.853983
2 0 0 0.869044
3 0 0 0.847342

3
1 0 9614 0.806268
2 0 0 0.825493
3 0 0 0.891649

3
1 1 2 0.876532
2 0 0 0.855721
3 0 0 0.945109

3
1 1 1 0.909484
2 0 0 1.05477
3 0 0 0.662148

3
1 0 8959 0.937384
2 0 0 0.911135
3 0 0 1.00006

1
1 0 0 0.661567

3
1 0 8618 0.890898
2 0 0 0.970401
3 0 0 0.957457

1
1 0 0 0.946423

3
1 1 1 0.991099
2 0 0 0.990393
3 0 0 0.953096

3
1 1 1 0.955174
2 0 0 1.05661
3 0 0 0.988048

3
1 0 5462 0.897656
2 0 0 0.92074
3 0 0 0.848306

3
1 0 4145 0.851262
2 0 0 0.870993
3 0 0 0.918783

3
1 0 9937 0.864435
2 0 0 0.824093
3 0 0 1.0766

1
1 0 0 0.778325

1
1 0 0 0.886648

3
1 0 9091 0.9184
2 0 0 0.893183
3 0 0 0.930042

3
1 1 2 0.834315
2 0 0 0.87327
3 0 0 0.959907

3
1 1 2 0.881089
2 0 0 0.784746
3 0 0 0.865311

3
1 0 2542 0.869178
2 0 0 0.999764
3 0 0 0.841801

3
1 1 2 0.826458
2 0 0 0.93686
3 0 0 0.997994

3
1 1 1 0.891981
2 0 0 1.05276
3 0 0 0.875687

7
1 0 1331 0.928746
2 1 2 0.953702
4 0 0 0.895918
5 0 0 1.04179
3 0 5109 0.951641
6 0 0 1.06667
7 0 0 0.854879

5
1 0 3907 0.891164
2 0 0 0.973962
3 0 9732 0.908707
6 0 0 0.897379
7 0 0 0.962758

3
1 1 1 0.87037
2 0 0 0.97014
3 0 0 0.926343

1
1 0 0 0.776893

1
1 0 0 0.83895

3
1 1 1 0.876109
2 0 0 0.969439
3 0 0 0.889905

3
1 0 7765 0.929669
2 0 0 0.905078
3 0 0 0.913122

3
1 1 1 0.829661
2 0 0 0.811313
3 0 0 0.863139

3
1 1 1 0.811804
2 0 0 1.02282
3 0 0 0.893772

1
1 0 0 0.868082

3
1 0 1691 0.851722
2 0 0 0.927124
3 0 0 0.825819

3
1 1 1 0.935092
2 0 0 1.00419
3 0 0 0.880899

3
1 0 33 0.801139
2 0 0 1.00212
3 0 0 0.826104

1
1 0 0 0.711461

1
1 0 0 0.73214

1
1 0 0 0.836696

3
1 1 1 0.956966
2 0 0 0.897584
3 0 0 0.83752

3
1 1 1 0.901701
2 0 0 0.9927
3 0 0 0.800466

3
1 1 1 0.939795
2 0 0 1.01587
3 0 0 0.798991

3
1 0 2924 0.85829
2 0 0 0.908287
3 0 0 0.91037

3
1 0 9837 0.827459
2 0 0 0.801143
3 0 0 0.987551

5
1 1 2 0.86178
2 0 0 0.901246
3 0 9974 0.834353
6 0 0 0.963301
7 0 0 0.981192

3
1 1 1 0.906062
2 0 0 1.09
3 0 0 0.713955

3
1 0 1406 0.838864
2 0 0 0.976583
3 0 0 0.802097

3
1 1 1 0.860503
2 0 0 0.99843
3 0 0 0.897256

3
1 1 1 0.934793
2 0 0 1.01029
3 0 0 0.961753

5
1 0 6165 0.843055
2 0 0 0.977964
3 1 1 0.896325
6 0 0 0.905336
7 0 0 0.916098

3
1 1 1 0.88528
2 0 0 0.940884
3 0 0 0.821405

3
1 1 1 0.801393
2 0 0 0.9446
3 0 0 0.89013

3
1 0 7713 0.912398
2 0 0 0.900766
3 0 0 0.79891

1
1 0 0 0.852485

3
1 0 7106 0.872788
2 0 0 1.02888
3 0 0 0.921281

3
1 0 516 0.791147
2 0 0 0.958371
3 0 0 0.67319

5
1 1 2 0.808031
2 1 1 0.896575
4 0 0 0.865556
5 0 0 0.861578
3 0 0 0.966632

5
1 0 9490 0.84023
2 0 0 0.756296
3 0 9587 0.895886
6 0 0 1.07347
7 0 0 0.920472

5
1 1 1 0.875124
2 0 0 0.913322
3 1 2 0.920219
6 0 0 0.920439
7 0 0 0.998194

5
1 1 1 0.946995
2 0 0 1.11009
3 0 6209 0.889169
6 0 0 0.937273
7 0 0 0.936716

3
1 0 9803 0.815993
2 0 0 0.794739
3 0 0 1.0025

3
1 1 1 0.895208
2 0 0 1.0184
3 0 0 0.846758

5
1 1 2 0.907087
2 1 1 0.904756
4 0 0 0.955065
5 0 0 0.803403
3 0 0 0.876361

3
1 1 1 0.878758
2 0 0 0.911148
3 0 0 0.904645

1
1 0 0 0.920564

3
1 1 2 0.942023
2 0 0 0.952022
3 0 0 1.03129

3
1 0 922 0.901599
2 0 0 0.992995
3 0 0 0.988808

3
1 1 2 0.826501
2 0 0 0.773404
3 0 0 0.979824

3
1 1 2 0.915216
2 0 0 0.892846
3 0 0 0.913724

3
1 0 9683 0.870502
2 0 0 0.81193
3 0 0 0.93628

3
1 0 4811 0.929574
2 0 0 0.998373
3 0 0 0.963802

3
1 0 155 0.826727
2 0 0 1.05276
3 0 0 0.875985

1
1 0 0 0.760879

3
1 1 1 0.853874
2 0 0 0.947539
3 0 0 0.792436

3
1 0 1474 0.884978
2 0 0 0.94118
3 0 0 0.843535

3
1 1 1 0.821331
2 0 0 0.9927
3 0 0 0.806816

3
1 0 9624 0.881603
2 0 0 0.892405
3 0 0 0.837641

5
1 0 9732 0.810081
2 0 0 0.760163
3 0 9833 0.848312
6 0 0 1.02664
7 0 0 0.957768

3
1 0 5854 0.874069
2 0 0 0.833956
3 0 0 0.907392

7
1 1 2 0.885589
2 0 0 0.726179
3 0 5196 1.04151
6 0 0 1.00296
7 0 8658 1.03774
14 0 0 1.02645
15 0 0 0.948693

1
1 0 0 0.79583

1
1 0 0 0.795915

3
1 1 1 0.841922
2 0 0 0.947416
3 0 0 0.749078

3
1 1 1 0.819896
2 0 0 0.827783
3 0 0 0.845875

1
1 0 0 0.847145

3
1 1 1 0.854341
2 0 0 0.923558
3 0 0 0.746071

7
1 0 4959 0.950308
2 1 1 0.957482
4 0 0 1.01741
5 1 2 0.911639
10 0 0 1.009
11 0 0 0.843964
3 0 0 0.797745

1
1 0 0 0.809508

3
1 0 9619 0.887407
2 0 0 0.902502
3 0 0 0.944514

3
1 0 2438 0.893291
2 0 0 0.940014
3 0 0 0.880618

3
1 1 2 0.975819
2 0 0 0.984366
3 0 0 0.867126

1
1 0 0 0.950809

3
1 1 2 0.887349
2 0 0 0.716244
3 0 0 1.01454

3
1 1 2 0.900619
2 0 0 0.857459
3 0 0 1.04768

3
1 0 6624 0.913999
2 0 0 0.854161
3 0 0 1.00441

3
1 0 6613 0.877205
2 0 0 0.891826
3 0 0 0.894619

3
1 0 1170 0.845811
2 0 0 0.899836
3 0 0 0.846616

3
1 0 978 0.804195
2 0 0 1.0468
3 0 0 0.810353

3
1 0 7769 0.854729
2 0 0 0.967343
3 0 0 0.902202

3
1 1 1 0.859264
2 0 0 1.01353
3 0 0 0.916364

3
1 1 1 0.815725
2 0 0 1.01307
3 0 0 0.839458

1
1 0 0 0.827487

3
1 0 7114 0.883326
2 0 0 0.879708
3 0 0 0.890431

1
1 0 0 0.796841

5
1 0 335 0.92342
2 1 1 0.982324
4 0 0 0.917799
5 0 0 0.895527
3 0 0 0.850745

3
1 1 1 0.98944
2 0 0 1.02037
3 0 0 0.907316

3
1 1 2 0.828684
2 0 0 1.01136
3 0 0 0.94731

3
1 1 1 0.764033
2 0 0 0.877522
3 0 0 0.77221

1
1 0 0 0.730865

3
1 1 1 0.900517
2 0 0 0.876817
3 0 0 0.773198

1
1 0 0 0.813902

1
1 0 0 0.746641

3
1 1 2 0.854318
2 0 0 0.924515
3 0 0 1.0866

3
1 0 4806 0.888202
2 0 0 0.967013
3 0 0 0.861912

3
1 0 3664 0.885491
2 0 0 0.868745
3 0 0 0.904983

1
1 0 0 0.889036

3
1 1 1 0.90729
2 0 0 1.11746
3 0 0 0.814368

5
1 1 2 0.96545
2 0 0 0.847828
3 0 9467 0.968984
6 0 0 0.960198
7 0 0 1.13927

1
1 0 0 0.825092

3
1 1 2 0.897472
2 0 0 0.859824
3 0 0 0.881917

5
1 1 1 0.895004
2 0 0 1.1127
3 0 5928 0.871322
6 0 0 0.934656
7 0 0 0.867043

3
1 0 3164 0.890058
2 0 0 0.881393
3 0 0 0.864708

3
1 1 1 0.947239
2 0 0 1.12436
3 0 0 0.759791

3
1 1 2 0.919908
2 0 0 0.970739
3 0 0 1.0229

3
1 1 1 0.866469
2 0 0 0.919582
3 0 0 0.839287

1
1 0 0 0.936735

3
1 1 1 0.980792
2 0 0 0.963755
3 0 0 0.826642

3
1 0 9052 0.882392
2 0 0 1.08714
3 0 0 0.817392

5
1 0 7188 0.885689
2 0 0 0.945989
3 1 1 1.13643
6 0 0 1.09532
7 0 0 1.00072

1
1 0 0 0.871323

3
1 0 292 0.790716
2 0 0 1.03089
3 0 0 0.784209

3
1 0 641 0.851269
2 0 0 0.940107
3 0 0 0.886682

3
1 1 2 0.868031
2 0 0 0.868929
3 0 0 1.0365

3
1 1 1 0.891833
2 0 0 0.982551
3 0 0 0.87408

1
1 0 0 0.810644

1
1 0 0 0.724287

3
1 0 611 0.936074
2 0 0 1.0017
3 0 0 0.794495

1
1 0 0 0.90131

3
1 0 6630 1.00482
2 0 0 0.990469
3 0 0 1.03968

1
1 0 0 0.83844

3
1 1 1 0.901701
2 0 0 0.890637
3 0 0 0.805592

1
1 0 0 0.740354

3
1 1 2 0.962707
2 0 0 0.792039
3 0 0 0.913428

3
1 1 1 0.770551
2 0 0 0.955214
3 0 0 0.816135

5
1 0 1826 0.894558
2 0 0 0.944627
3 0 2549 0.908754
6 0 0 1.08955
7 0 0 0.878165

1
1 0 0 0.741377

3
1 1 1 0.887125
2 0 0 0.925888
3 0 0 0.863326

3
1 0 7254 0.856785
2 0 0 0.877156
3 0 0 0.938822

3
1 1 1 0.807045
2 0 0 0.916174
3 0 0 0.825975

3
1 0 1602 0.831526
2 0 0 0.931945
3 0 0 0.886032

3
1 0 9609 0.835967
2 0 0 0.823248
3 0 0 1.02064

5
1 0 1642 0.893825
2 1 2 0.990711
4 0 0 0.961987
5 0 0 0.946899
3 0 0 0.897633

3
1 0 8831 0.901729
2 0 0 0.955043
3 0 0 0.885991

3
1 1 1 0.875208
2 0 0 0.933686
3 0 0 0.849018

3
1 1 1 0.853986
2 0 0 0.930374
3 0 0 0.833709

3
1 0 7082 0.865543
2 0 0 0.866542
3 0 0 0.894035

5
1 1 1 0.896898
2 0 0 0.905507
3 0 4928 0.988798
6 0 0 1.03327
7 0 0 1.02248

3
1 0 826 0.833067
2 0 0 0.975802
3 0 0 0.781945

5
1 1 1 0.829444
2 0 2247 0.976013
4 0 0 0.961816
5 0 0 1.00025
3 0 0 0.799793

3
1 1 1 0.793933
2 0 0 0.918226
3 0 0 0.9251

1
1 0 0 0.925869

3
1 1 1 0.895208
2 0 0 1.04224
3 0 0 0.708415

1
1 0 0 0.907579

9
1 0 5144 0.891305
2 0 0 0.884834
3 0 9789 0.868184
6 0 0 0.877061
7 0 9961 1.04713
14 0 0 1.0806
15 0 9979 0.969568
30 0 0 0.998468
31 0 0 0.946128

7
1 0 2711 0.843899
2 0 628 0.912924
4 0 0 1.06865
5 0 1210 0.946118
10 0 0 0.985738
11 0 0 0.922304
3 0 0 0.883714

3
1 0 129 0.798615
2 0 0 0.986159
3 0 0 0.820825

3
1 0 9372 0.791464
2 0 0 0.781598
3 0 0 0.879604

5
1 0 6098 0.974798
2 0 0 1.00643
3 1 1 0.911438
6 0 0 1.113
7 0 0 0.868421

3
1 0 423 0.792686
2 0 0 0.976067
3 0 0 0.809649

3
1 0 3211 0.862635
2 0 0 0.902992
3 0 0 0.782133

3
1 1 1 0.932319
2 0 0 0.931055
3 0 0 0.767364

3
1 1 1 0.911955
2 0 0 0.890961
3 0 0 0.899303

7
1 0 3359 0.854063
2 0 2221 0.940153
4 0 1402 1.03818
8 0 0 1.03959
9 0 0 1.09747
5 0 0 0.936952
3 0 0 0.974871

3
1 1 1 0.916507
2 0 0 0.958262
3 0 0 0.794204

3
1 1 1 0.906249
2 0 0 0.937725
3 0 0 0.861475

3
1 1 2 1.00108
2 0 0 0.842056
3 0 0 1.04019

1
1 0 0 0.939328

3
1 1 2 0.855122
2 0 0 0.886079
3 0 0 0.986348

3
1 1 1 0.932926
2 0 0 1.03801
3 0 0 0.84814

3
1 1 1 0.859774
2 0 0 0.858144
3 0 0 0.86226

5
1 0 9576 0.861902
2 0 0 0.763415
3 1 2 1.05621
6 0 0 1.07251
7 0 0 1.00172

3
1 0 254 0.91029
2 0 0 0.864163
3 0 0 0.860057

3
1 1 1 0.841922
2 0 0 1.03838
3 0 0 0.95836

3
1 1 2 0.898066
2 0 0 0.872168
3 0 0 1.01382

3
1 0 9588 0.757412
2 0 0 0.844551
3 0 0 0.933666

3
1 1 1 0.854341
2 0 0 0.97589
3 0 0 0.796411

3
1 0 588 0.903306
2 0 0 0.990324
3 0 0 0.950199

1
1 0 0 0.778562

1
1 0 0 0.785636

3
1 0 2640 0.892194
2 0 0 0.976951
3 0 0 0.880836

3
1 1 2 0.867126
2 0 0 0.83451
3 0 0 0.849482

3
1 1 1 0.950809
2 0 0 1.05284
3 0 0 0.760856

3
1 0 9863 0.749434
2 0 0 0.774489
3 0 0 0.972768

3
1 1 1 0.938026
2 0 0 0.936625
3 0 0 0.716926

3
1 0 9811 0.831396
2 0 0 0.844268
3 0 0 0.976653

3
1 0 1366 0.859564
2 0 0 0.870713
3 0 0 0.877369

3
1 0 7839 1.02093
2 0 0 1.00115
3 0 0 0.853424

1
1 0 0 0.972557

3
1 1 1 0.937731
2 0 0 0.957029
3 0 0 0.792559

5
1 1 1 0.90959
2 0 8538 1.04406
4 0 0 1.1171
5 0 0 1.03765
3 0 0 0.89102

3
1 0 2843 0.836307
2 0 0 0.919056
3 0 0 0.835894

5
1 0 3093 0.868756
2 1 2 1.00897
4 0 0 0.860196
5 0 0 1.00886
3 0 0 0.900214

1
1 0 0 0.839428

3
1 0 9802 0.89452
2 0 0 0.923224
3 0 0 1.08127

5
1 1 1 0.899409
2 0 3098 1.05138
4 0 0 1.02456
5 0 0 1.10689
3 0 0 0.928371

1
1 0 0 0.838487

3
1 1 2 0.762714
2 0 0 0.918696
3 0 0 1.01091

1
1 0 0 0.92482

1
1 0 0 0.783396

1
1 0 0 0.828675

3
1 0 6107 0.921826
2 0 0 0.941063
3 0 0 0.921291

3
1 0 452 0.844792
2 0 0 0.96232
3 0 0 0.837968

3
1 0 3422 0.867845
2 0 0 0.995892
3 0 0 0.805614

1
1 0 0 0.808657

3
1 0 9753 0.725256
2 0 0 0.780858
3 0 0 1.02444

1
1 0 0 0.831799

3
1 1 1 1.00425
2 0 0 0.894399
3 0 0 0.75371

1
1 0 0 0.837674

1
1 0 0 0.842226

5
1 0 219 0.939358
2 1 2 1.09339
4 0 0 0.915841
5 0 0 0.917216
3 0 0 0.790896

5
1 0 4044 0.930479
2 1 2 0.962961
4 0 0 0.972786
5 0 0 0.944722
3 0 0 0.965149

3
1 1 2 0.914566
2 0 0 0.933905
3 0 0 0.909819

3
1 1 2 0.867414
2 0 0 0.885564
3 0 0 0.978227

5
1 1 2 0.852838
2 0 0 0.817025
3 0 8070 0.946699
6 0 0 0.896473
7 0 0 1.03427

5
1 0 987 0.845002
2 0 0 0.890681
3 1 1 0.909101
6 0 0 1.0568
7 0 0 0.862287

3
1 0 5349 0.883633
2 0 0 0.929452
3 0 0 0.963576

3
1 1 1 0.961762
2 0 0 0.980705
3 0 0 0.787775

3
1 1 2 0.865352
2 0 0 0.913675
3 0 0 0.996685

3
1 1 1 0.848807
2 0 0 0.943666
3 0 0 0.842558

1
1 0 0 0.872513

5
1 0 9200 1.00661
2 0 0 0.98928
3 1 1 0.842997
6 0 0 1.08633
7 0 0 0.944232

3
1 0 8052 0.894899
2 0 0 1.03753
3 0 0 0.936542

3
1 0 324 0.731358
2 0 0 1.03692
3 0 0 0.818077

3
1 1 1 0.921151
2 0 0 0.972185
3 0 0 0.84944

7
1 0 7919 0.979048
2 0 6951 0.913907
4 0 0 0.935715
5 0 7788 0.997329
10 0 0 0.814106
11 0 0 1.09135
3 0 0 0.775382

1
1 0 0 0.895318

5
1 0 7210 0.872031
2 0 3546 0.922959
4 0 0 0.865029
5 0 0 0.987761
3 0 0 0.98106

1
1 0 0 0.780792

5
1 1 1 0.934444
2 0 9964 0.9129
4 0 0 0.971122
5 0 0 1.04185
3 0 0 0.805774

5
1 1 1 0.86673
2 0 8181 0.936241
4 0 0 0.908229
5 0 0 1.06924
3 0 0 0.877608

3
1 0 3965 0.861288
2 0 0 0.896979
3 0 0 0.894415

3
1 0 1310 0.840018
2 0 0 0.98151
3 0 0 0.834304

3
1 0 6072 0.918924
2 0 0 0.868942
3 0 0 0.877047

3
1 1 2 0.89929
2 0 0 0.851326
3 0 0 0.921264

3
1 0 9750 0.770092
2 0 0 0.711717
3 0 0 0.994232

3
1 1 1 0.862682
2 0 0 0.922151
3 0 0 0.919613

1
1 0 0 0.856303

1
1 0 0 0.813685

3
1 1 1 0.916956
2 0 0 0.986701
3 0 0 0.99356

1
1 0 0 0.787094

3
1 1 1 0.864624
2 0 0 1.01048
3 0 0 0.871282

1
1 0 0 0.860106

3
1 0 9983 0.875151
2 0 0 0.849516
3 0 0 0.921175

1
1 0 0 0.879416

3
1 0 8487 0.853015
2 0 0 0.8328
3 0 0 0.947525

1
1 0 0 0.769147

3
1 0 9604 0.947717
2 0 0 0.786966
3 0 0 1.00918

1
1 0 0 0.79756

3
1 1 2 0.889445
2 0 0 0.942711
3 0 0 0.906241

3
1 1 1 0.824281
2 0 0 1.01459
3 0 0 0.818086

3
1 1 2 0.928253
2 0 0 0.915834
3 0 0 1.01322

3
1 1 1 0.895208
2 0 0 1.17152
3 0 0 0.890732

5
1 1 1 0.877665
2 0 9681 1.00338
4 0 0 1.0107
5 0 0 0.926545
3 0 0 0.848587

3
1 0 4151 0.927013
2 0 0 0.999728
3 0 0 0.941876

3
1 1 1 0.850038
2 0 0 1.0882
3 0 0 0.764181

3
1 1 1 0.848631
2 0 0 0.980337
3 0 0 0.827494

1
1 0 0 0.875008

1
1 0 0 0.7243

3
1 1 2 0.823076
2 0 0 0.838522
3 0 0 1.09745

5
1 1 1 0.95602
2 0 0 0.998185
3 1 2 0.907515
6 0 0 0.885608
7 0 0 0.943744

1
1 0 0 0.858566

1
1 0 0 0.818591

3
1 1 2 0.890079
2 0 0 0.782264
3 0 0 0.885141

3
1 0 171 0.877581
2 0 0 0.91321
3 0 0 0.816496

3
1 0 1813 0.89271
2 0 0 0.971979
3 0 0 0.990227

1
1 0 0 0.801312

5
1 0 2074 0.890075
2 1 2 0.921067
4 0 0 0.996075
5 0 0 0.94075
3 0 0 0.909741

7
1 1 2 0.933733
2 1 1 0.936842
4 0 0 0.983824
5 0 0 0.848284
3 0 4254 0.899454
6 0 0 0.914119
7 0 0 0.951084

3
1 1 1 0.927339
2 0 0 1.14382
3 0 0 0.820349

1
1 0 0 0.825988

3
1 0 4225 0.800527
2 0 0 1.03029
3 0 0 0.793597

1
1 0 0 0.779936

3
1 1 1 0.904172
2 0 0 1.02562
3 0 0 0.885475

3
1 0 3090 0.870059
2 0 0 0.915224
3 0 0 0.855087

5
1 1 1 0.908521
2 0 831 0.98228
4 0 0 0.874514
5 0 0 0.873206
3 0 0 0.831893

3
1 1 1 0.898083
2 0 0 0.939072
3 0 0 0.945016

3
1 1 2 0.897853
2 0 0 0.831543
3 0 0 0.971767

3
1 1 1 0.89765
2 0 0 0.830155
3 0 0 0.775904

1
1 0 0 0.877046

5
1 0 8099 0.8174
2 0 0 0.921607
3 0 9724 0.953956
6 0 0 0.959738
7 0 0 0.942647

11
1 1 2 0.842026
2 0 9239 0.926256
4 0 0 0.864962
5 0 0 0.860932
3 0 1965 1.09113
6 0 0 0.998236
7 0 5302 1.13981
14 0 2439 0.969199
28 0 0 1.0725
29 0 0 0.999187
15 0 0 0.876691

3
1 0 5248 0.960101
2 0 0 1.02529
3 0 0 1.02225

1
1 0 0 0.869564

1
1 0 0 0.832198

3
1 0 9906 0.706644
2 0 0 0.730946
3 0 0 1.00447

3
1 1 1 0.827352
2 0 0 0.904505
3 0 0 0.784766

3
1 0 9741 0.669037
2 0 0 0.7068
3 0 0 1.10621

1
1 0 0 0.708194

3
1 0 9765 0.905486
2 0 0 0.867917
3 0 0 0.952336

3
1 0 1125 0.869573
2 0 0 0.886107
3 0 0 0.870483

3
1 1 1 0.941625
2 0 0 0.915095
3 0 0 0.948805

5
1 1 1 0.879253
2 0 0 0.999139
3 0 8163 0.917302
6 0 0 0.966751
7 0 0 1.00162

5
1 0 2233 0.830237
2 1 1 0.942211
4 0 0 1.02369
5 0 0 1.03305
3 0 0 0.881166

3
1 1 2 0.859919
2 0 0 0.853958
3 0 0 0.893669

3
1 0 4246 0.91986
2 0 0 0.862733
3 0 0 0.925586

3
1 1 1 0.853506
2 0 0 0.992161
3 0 0 0.823194

1
1 0 0 0.878892

3
1 0 366 0.948138
2 0 0 0.993428
3 0 0 0.967252

3
1 0 2724 0.872367
2 0 0 0.94229
3 0 0 0.861464

3
1 1 1 0.917111
2 0 0 0.995051
3 0 0 0.891092

5
1 1 1 0.913281
2 0 3647 1.04615
4 0 0 1.02085
5 0 0 1.04864
3 0 0 0.910162

5
1 1 1 0.847257
2 0 7448 1.02104
4 0 0 1.03592
5 0 0 0.908107
3 0 0 0.818582

3
1 0 3544 0.87885
2 0 0 0.959223
3 0 0 0.875976

3
1 0 9588 0.760534
2 0 0 0.773085
3 0 0 0.937414

3
1 1 1 0.889462
2 0 0 1.02704
3 0 0 0.867734

5
1 1 2 0.858796
2 0 0 0.819417
3 0 5538 0.955511
6 0 0 1.00424
7 0 0 1.00417

3
1 1 1 0.844218
2 0 0 0.943024
3 0 0 0.932165

3
1 0 6676 0.822674
2 0 0 0.838215
3 0 0 0.884921

1
1 0 0 0.842142

1
1 0 0 0.775638

3
1 1 1 0.79441
2 0 0 0.885975
3 0 0 0.798552

5
1 0 981 0.8036
2 0 60 0.893102
4 0 0 0.964255
5 0 0 0.759475
3 0 0 0.83935

3
1 0 377 0.839846
2 0 0 1.02133
3 0 0 0.825043

3
1 1 1 0.899416
2 0 0 0.998283
3 0 0 0.904414

3
1 1 1 0.919943
2 0 0 0.832805
3 0 0 0.923797

1
1 0 0 0.820778

3
1 1 1 0.911054
2 0 0 0.988278
3 0 0 0.788365

3
1 1 1 0.777016
2 0 0 1.00257
3 0 0 0.784814

1
1 0 0 0.79787

3
1 0 2113 0.964112
2 0 0 0.943698
3 0 0 0.99573

3
1 0 1510 0.914684
2 0 0 0.952768
3 0 0 0.896144

3
1 1 2 0.840862
2 0 0 0.873749
3 0 0 1.06087

3
1 1 1 0.872313
2 0 0 0.994097
3 0 0 0.856943

3
1 0 9810 0.818915
2 0 0 0.857674
3 0 0 0.887056

3
1 1 2 0.969772
2 0 0 0.891398
3 0 0 0.949516

3
1 1 1 0.990909
2 0 0 1.02031
3 0 0 0.971056

5
1 1 2 0.964305
2 1 1 1.00818
4 0 0 1.03169
5 0 0 0.866828
3 0 0 0.980268

7
1 1 2 0.919237
2 0 6991 0.984548
4 0 0 1.00024
5 0 0 0.966178
3 0 5297 1.05537
6 0 0 0.938237
7 0 0 1.05839

3
1 1 1 0.895179
2 0 0 0.930011
3 0 0 0.876927

3
1 0 1059 0.910589
2 0 0 0.900976
3 0 0 0.788891

3
1 0 8681 0.940237
2 0 0 1.04323
3 0 0 1.02826

1
1 0 0 0.808899

3
1 0 2735 0.819618
2 0 0 0.901297
3 0 0 0.871534

5
1 1 1 0.882495
2 0 7311 1.02488
4 0 0 1.0012
5 0 0 0.980777
3 0 0 0.81816

3
1 0 9750 0.770092
2 0 0 0.861406
3 0 0 1.00363

5
1 0 9778 0.891292
2 0 0 0.875123
3 0 9933 0.983164
6 0 0 0.90195
7 0 0 0.994543

3
1 0 8997 0.898964
2 0 0 0.863314
3 0 0 0.890353

1
1 0 0 0.856551

3
1 0 1422 0.804644
2 0 0 0.913174
3 0 0 0.83369

3
1 0 9459 0.867898
2 0 0 0.821525
3 0 0 0.912734

3
1 1 2 0.826888
2 0 0 0.834683
3 0 0 1.02351

3
1 1 1 0.887562
2 0 0 0.921505
3 0 0 0.841526

1
1 0 0 0.840094

1
1 0 0 0.857294

3
1 1 2 0.796673
2 0 0 0.825628
3 0 0 0.937909

1
1 0 0 0.764778

3
1 0 732 0.801282
2 0 0 0.993076
3 0 0 0.782268

3
1 1 1 0.856563
2 0 0 0.989175
3 0 0 0.782776

3
1 0 3535 0.943902
2 0 0 0.988694
3 0 0 0.834068

3
1 1 1 0.941318
2 0 0 1.06875
3 0 0 0.776245

1
1 0 0 0.785071

3
1 1 1 0.807122
2 0 0 0.948644
3 0 0 0.80408

3
1 1 2 0.86878
2 0 0 0.859491
3 0 0 0.951446

3
1 0 9799 0.775895
2 0 0 0.814851
3 0 0 0.952748

3
1 1 1 0.87955
2 0 0 1.12291
3 0 0 0.820914

5
1 0 3728 0.929547
2 0 0 0.898259
3 1 1 0.926615
6 0 0 1.05857
7 0 0 0.780362

3
1 0 8294 0.932922
2 0 0 0.918124
3 0 0 0.933337

3
1 1 1 0.910426
2 0 0 0.966203
3 0 0 0.782277

3
1 0 641 0.861518
2 0 0 1.03286
3 0 0 0.77771

7
1 0 6691 0.912312
2 1 1 0.955608
4 0 0 0.995302
5 0 0 0.991642
3 0 6952 0.999856
6 0 0 0.939772
7 0 0 0.876316

3
1 0 4039 0.936346
2 0 0 0.969575
3 0 0 0.984856

3
1 1 1 0.839742
2 0 0 0.960265
3 0 0 0.836287

3
1 0 1710 0.902596
2 0 0 0.962561
3 0 0 0.919217

3
1 1 2 0.955763
2 0 0 0.908653
3 0 0 0.949602

3
1 1 1 0.860631
2 0 0 0.995265
3 0 0 0.86992

1
1 0 0 0.833739

5
1 0 7857 0.858705
2 0 0 0.876249
3 0 8224 0.901228
6 0 0 1.04464
7 0 0 0.8669

5
1 0 9904 0.754192
2 0 0 0.80875
3 1 1 1.10767
6 0 0 1.03181
7 0 0 1.17856

1
1 0 0 0.770297

7
1 1 2 0.841756
2 0 7621 0.890316
4 0 0 0.886935
5 0 0 0.923383
3 0 326 0.989443
6 0 0 0.93055
7 0 0 0.91663

1
1 0 0 0.90185

1
1 0 0 0.814431

3
1 0 721 0.830087
2 0 0 0.954938
3 0 0 0.842983

3
1 1 1 0.951017
2 0 0 0.922721
3 0 0 0.897548

5
1 1 2 0.835264
2 0 0 0.906677
3 0 7867 0.932898
6 0 0 0.959874
7 0 0 0.953511

3
1 1 1 0.868573
2 0 0 0.918297
3 0 0 0.702551

5
1 0 2520 0.925273
2 0 423 0.849878
4 0 0 1.043
5 0 0 1.01549
3 0 0 0.912224

3
1 0 435 0.842416
2 0 0 0.873131
3 0 0 0.76911

5
1 1 2 0.865395
2 0 0 0.945199
3 0 609 0.93573
6 0 0 0.933082
7 0 0 1.00989

1
1 0 0 0.750644

1
1 0 0 0.823298

3
1 1 1 0.875049
2 0 0 1.04405
3 0 0 0.756348

5
1 0 8223 0.749871
2 0 0 0.790101
3 1 2 0.918256
6 0 0 0.827062
7 0 0 0.992316

5
1 1 1 0.91577
2 0 1863 0.973681
4 0 0 0.939276
5 0 0 0.987323
3 0 0 0.852442

3
1 0 620 0.920622
2 0 0 0.90297
3 0 0 0.933968

5
1 0 5428 0.841654
2 0 0 0.924838
3 0 7139 0.850865
6 0 0 0.893604
7 0 0 0.833771

3
1 0 377 0.856177
2 0 0 0.997913
3 0 0 0.747316

3
1 1 1 0.880277
2 0 0 0.932597
3 0 0 0.906628

3
1 0 1016 0.915352
2 0 0 0.918105
3 0 0 0.914703

5
1 1 2 0.918599
2 0 0 0.893375
3 0 3900 0.904253
6 0 0 1.05186
7 0 0 0.91008

3
1 0 1222 0.79436
2 0 0 0.91436
3 0 0 0.735979

1
1 0 0 0.814076

1
1 0 0 0.809338

3
1 0 7426 0.91859
2 0 0 0.924035
3 0 0 0.877177

3
1 0 7133 0.873042
2 0 0 0.859802
3 0 0 0.936227

3
1 0 2380 0.901743
2 0 0 0.825667
3 0 0 0.900573

1
1 0 0 0.872731

3
1 1 2 0.841918
2 0 0 0.824788
3 0 0 0.898077

5
1 1 2 0.858727
2 0 0 0.785493
3 0 4290 1.00248
6 0 0 0.999064
7 0 0 0.961892

5
1 1 1 0.855646
2 0 0 0.924217
3 0 2183 0.856147
6 0 0 0.889112
7 0 0 0.823873

3
1 1 1 0.891879
2 0 0 0.885589
3 0 0 0.927367

5
1 1 2 0.926713
2 0 3028 0.981299
4 0 0 0.904042
5 0 0 0.868708
3 0 0 0.962288

5
1 1 2 0.852923
2 0 0 0.956794
3 0 1994 0.958083
6 0 0 1.04514
7 0 0 0.976266

1
1 0 0 0.890912

3
1 1 1 0.900764
2 0 0 1.04517
3 0 0 0.823268

3
1 1 1 0.851345
2 0 0 1.02817
3 0 0 0.98905

3
1 0 7548 0.871614
2 0 0 0.911177
3 0 0 0.864404

3
1 0 3340 0.900307
2 0 0 0.917699
3 0 0 0.746417

3
1 1 2 0.911128
2 0 0 0.898029
3 0 0 0.876599

3
1 0 2672 0.952833
2 0 0 0.885758
3 0 0 0.920162

7
1 0 90 0.937788
2 0 54 1.11645
4 0 0 1.02933
5 0 0 1.12226
3 0 815 0.965547
6 0 0 1.14357
7 0 0 0.998717

1
1 0 0 0.827427

1
1 0 0 0.728614

3
1 1 1 0.899416
2 0 0 0.975258
3 0 0 0.824636

5
1 0 5186 0.868938
2 0 1729 1.00584
4 0 0 0.820677
5 0 0 0.950858
3 0 0 0.881228

5
1 0 6723 0.864964
2 0 2245 0.917953
4 0 0 0.925873
5 0 0 0.998136
3 0 0 0.958605

5
1 0 9577 0.804488
2 0 0 0.793139
3 1 1 0.899734
6 0 0 1.00924
7 0 0 0.978763

3
1 1 1 0.841879
2 0 0 0.876972
3 0 0 0.86708

3
1 1 1 0.819671
2 0 0 0.95734
3 0 0 0.749018

3
1 1 1 0.848595
2 0 0 1.00565
3 0 0 0.826204

3
1 1 1 0.9036
2 0 0 0.905257
3 0 0 0.74658

3
1 1 2 0.851939
2 0 0 0.873873
3 0 0 0.915796

3
1 1 2 0.827911
2 0 0 0.887722
3 0 0 0.988448

1
1 0 0 0.678793

3
1 0 6929 0.814831
2 0 0 0.838084
3 0 0 0.854554

3
1 0 1973 0.910253
2 0 0 0.880594
3 0 0 0.909721

5
1 1 1 0.919243
2 0 4114 1.01959
4 0 0 0.96618
5 0 0 1.14976
3 0 0 0.836449

5
1 1 2 0.896835
2 0 0 0.967732
3 0 3755 0.967381
6 0 0 0.923124
7 0 0 1.08686

3
1 1 1 0.920056
2 0 0 0.932977
3 0 0 0.901537

3
1 1 2 0.853518
2 0 0 0.810624
3 0 0 1.04109

1
1 0 0 0.866147

3
1 0 4253 0.959577
2 0 0 1.06808
3 0 0 0.939453

3
1 0 55 0.824184
2 0 0 0.989613
3 0 0 0.884742

3
1 0 3827 0.872135
2 0 0 0.9802
3 0 0 0.856256

3
1 1 1 0.944781
2 0 0 1.05576
3 0 0 0.944211

5
1 0 9652 0.907515
2 0 5792 0.872209
4 0 0 0.950976
5 0 0 0.88628
3 0 0 0.888198

1
1 0 0 0.798699

3
1 0 6252 0.946922
2 0 0 0.995933
3 0 0 1.01016

5
1 1 1 0.864973
2 0 0 1.01349
3 0 9332 0.864801
6 0 0 0.830935
7 0 0 0.890628

1
1 0 0 0.827858

3
1 0 4625 0.859696
2 0 0 0.956308
3 0 0 0.849714

1
1 0 0 0.885133

1
1 0 0 0.904368

1
1 0 0 0.898671

3
1 1 1 0.888816
2 0 0 0.889058
3 0 0 0.80868

5
1 1 1 0.978974
2 0 0 1.00021
3 0 958 0.866527
6 0 0 0.980888
7 0 0 0.88985

3
1 0 5815 0.844404
2 0 0 0.766192
3 0 0 0.912515

3
1 1 2 0.7895
2 0 0 0.840958
3 0 0 1.0028

3
1 0 9862 0.696222
2 0 0 0.714914
3 0 0 0.96696

5
1 0 5987 0.887145
2 0 2911 0.944435
4 0 0 0.886779
5 0 0 0.982095
3 0 0 0.890485

3
1 0 348 0.810812
2 0 0 1.02554
3 0 0 0.836593

1
1 0 0 0.830325

3
1 0 43 0.885511
2 0 0 0.96751
3 0 0 0.839655

1
1 0 0 0.788293

3
1 1 2 0.85097
2 0 0 0.857036
3 0 0 0.868288

3
1 0 9313 0.853041
2 0 0 0.865784
3 0 0 0.978462

3
1 1 2 0.858567
2 0 0 0.869982
3 0 0 1.09715

3
1 1 1 0.879168
2 0 0 1.03185
3 0 0 0.794927

3
1 0 1887 0.874563
2 0 0 0.884414
3 0 0 0.829072

3
1 1 1 0.835203
2 0 0 1.06892
3 0 0 0.792822

3
1 0 1141 0.849722
2 0 0 0.977095
3 0 0 0.823317

5
1 1 1 0.839742
2 0 0 0.897701
3 0 169 0.866987
6 0 0 1.00308
7 0 0 0.775368

3
1 1 1 0.983887
2 0 0 1.01588
3 0 0 0.81057

3
1 0 9818 0.851182
2 0 0 0.744392
3 0 0 0.991422

3
1 1 1 0.777458
2 0 0 0.966817
3 0 0 0.885931

3
1 1 1 0.952513
2 0 0 0.997505
3 0 0 0.91629

1
1 0 0 0.891607

3
1 1 1 0.865327
2 0 0 0.89222
3 0 0 0.800478

3
1 1 1 0.873558
2 0 0 1.03953
3 0 0 0.85994

5
1 1 2 0.932264
2 0 0 0.786752
3 0 4546 0.964365
6 0 0 1.03124
7 0 0 0.942682

5
1 1 1 0.891482
2 0 3348 0.993229
4 0 0 0.882357
5 0 0 1.09597
3 0 0 0.948287

5
1 0 7009 0.912104
2 0 1333 0.882864
4 0 0 0.842535
5 0 0 0.977772
3 0 0 0.944284

3
1 0 6024 0.957988
2 0 0 0.988346
3 0 0 0.920855

3
1 0 5999 0.775536
2 0 0 0.813079
3 0 0 0.869415

1
1 0 0 0.85139

3
1 0 3392 0.885754
2 0 0 0.900928
3 0 0 0.881943

5
1 0 561 0.880987
2 0 310 1.11118
4 0 0 0.965039
5 0 0 1.0378
3 0 0 0.763668

1
1 0 0 0.854486

5
1 1 1 0.930797
2 0 9639 0.900095
4 0 0 0.957968
5 0 0 0.995223
3 0 0 0.884528

5
1 1 2 0.843998
2 0 9726 0.912058
4 0 0 0.913564
5 0 0 0.923471
3 0 0 0.950874

1
1 0 0 0.839985

1
1 0 0 0.757807

3
1 1 1 0.823021
2 0 0 0.892598
3 0 0 0.824823

7
1 0 8728 0.797763
2 1 2 0.840418
4 0 0 0.870227
5 0 0 1.06138
3 1 1 0.859738
6 0 0 0.994962
7 0 0 0.88674

1
1 0 0 0.844773

1
1 0 0 0.803957

3
1 1 1 0.925074
2 0 0 0.889426
3 0 0 0.866992

3
1 1 1 0.813914
2 0 0 0.991485
3 0 0 0.803737

1
1 0 0 0.838782

3
1 1 2 0.867593
2 0 0 0.913211
3 0 0 1.0242

3
1 1 1 0.92016
2 0 0 0.98118
3 0 0 0.774121

5
1 0 86 0.888894
2 1 1 0.948417
4 0 0 0.976874
5 0 0 0.912248
3 0 0 0.912886

3
1 1 1 0.88621
2 0 0 1.0307
3 0 0 0.793686

3
1 0 8607 0.846593
2 0 0 0.872559
3 0 0 0.886793

1
1 0 0 0.711105

7
1 0 8634 0.908895
2 0 0 0.91597
3 0 9792 0.908194
6 0 8852 0.94162
12 0 0 0.972208
13 0 0 0.91376
7 0 0 1.0077

5
1 1 1 0.901153
2 0 4498 1.0036
4 0 0 0.990138
5 0 0 1.08463
3 0 0 0.86799

5
1 0 1667 0.834018
2 0 1523 0.829642
4 0 0 0.90927
5 0 0 0.912202
3 0 0 0.799327

1
1 0 0 0.810399

1
1 0 0 0.817052

3
1 0 573 0.843669
2 0 0 0.976524
3 0 0 0.879729

3
1 0 8654 0.935137
2 0 0 0.889523
3 0 0 0.989084

3
1 1 2 0.90059
2 0 0 0.876386
3 0 0 0.902059

3
1 1 1 0.917874
2 0 0 0.971425
3 0 0 0.902407

1
1 0 0 0.792274

7
1 1 1 0.948912
2 0 599 1.03817
4 0 0 1.13092
5 0 0 1.06366
3 1 2 0.976588
6 0 0 1.03185
7 0 0 0.938119

3
1 0 9886 0.850452
2 0 0 0.810904
3 0 0 0.969129

5
1 1 2 0.884618
2 1 1 0.87665
4 0 0 1.04118
5 0 0 0.875791
3 0 0 0.925983

3
1 1 2 0.876634
2 0 0 0.907052
3 0 0 1.02375

3
1 1 2 0.860484
2 0 0 0.916186
3 0 0 0.962472

1
1 0 0 0.833976

3
1 0 80 0.811125
2 0 0 0.986041
3 0 0 0.801963

3
1 0 1222 0.827501
2 0 0 0.867415
3 0 0 0.874455

3
1 0 5118 0.962811
2 0 0 0.996458
3 0 0 0.889647

3
1 0 6820 0.906669
2 0 0 1.06122
3 0 0 0.98405

1
1 0 0 0.847446

3
1 0 1240 0.847941
2 0 0 0.969001
3 0 0 0.835472

1
1 0 0 0.72845

3
1 0 4236 0.834273
2 0 0 0.910752
3 0 0 0.866036

5
1 0 327 0.729597
2 0 279 1.01298
4 0 0 0.955
5 0 0 0.917214
3 0 0 0.983716

3
1 0 9480 0.805058
2 0 0 0.768022
3 0 0 0.96144

5
1 0 9587 0.967952
2 0 0 0.779386
3 0 9874 0.992788
6 0 0 0.927885
7 0 0 0.902426

3
1 1 1 0.815139
2 0 0 0.958736
3 0 0 0.872558

3
1 0 2022 0.877163
2 0 0 0.960585
3 0 0 0.932306

3
1 1 1 0.834727
2 0 0 0.967722
3 0 0 0.776477

3
1 0 6774 0.852117
2 0 0 0.871122
3 0 0 0.921664

3
1 1 1 0.798164
2 0 0 1.03311
3 0 0 0.875599

3
1 0 271 0.854582
2 0 0 0.982616
3 0 0 0.918644

5
1 0 3044 0.889024
2 0 2474 0.99714
4 0 0 0.940426
5 0 0 1.06717
3 0 0 0.828315

1
1 0 0 0.756385

3
1 1 1 0.762983
2 0 0 0.897133
3 0 0 0.814437

1
1 0 0 0.719371

1
1 0 0 0.885015

5
1 1 2 1.01696
2 0 3260 0.905242
4 0 0 0.883737
5 0 0 0.837987
3 0 0 1.12975

5
1 0 8026 0.859111
2 1 2 0.926923
4 0 0 0.943887
5 0 0 0.962387
3 0 0 1.00377

3
1 0 1106 0.863178
2 0 0 0.986329
3 0 0 0.839501

3
1 0 4530 1.01687
2 0 0 0.886838
3 0 0 0.987699

5
1 1 2 0.890625
2 0 0 0.833852
3 0 4593 0.95009
6 0 0 1.06235
7 0 0 0.880281

3
1 0 1596 0.953941
2 0 0 0.947987
3 0 0 0.903084

3
1 1 1 0.912533
2 0 0 1.02431
3 0 0 0.967033

3
1 1 1 0.93531
2 0 0 0.95628
3 0 0 0.903055

5
1 0 8382 1.01601
2 1 2 1.00364
4 0 0 0.992753
5 0 0 1.06985
3 0 0 0.966586

3
1 0 3829 0.863493
2 0 0 0.884803
3 0 0 0.851553

3
1 1 2 0.911566
2 0 0 0.818858
3 0 0 0.983882

3
1 1 1 0.914307
2 0 0 1.0314
3 0 0 0.872591

3
1 1 1 0.911384
2 0 0 1.09994
3 0 0 0.81248

1
1 0 0 0.881736

3
1 0 9497 0.944321
2 0 0 0.902446
3 0 0 0.928849

1
1 0 0 0.850431

3
1 1 1 0.911024
2 0 0 1.00806
3 0 0 0.861791

3
1 1 1 0.899901
2 0 0 0.95689
3 0 0 0.740646

3
1 0 9946 0.81779
2 0 0 0.823168
3 0 0 1.02663

3
1 1 1 0.888854
2 0 0 0.900591
3 0 0 0.933793

1
1 0 0 0.742134

1
1 0 0 0.747019

3
1 1 2 0.908796
2 0 0 0.730081
3 0 0 0.871921

3
1 0 4491 0.922578
2 0 0 1.03814
3 0 0 0.799125

3
1 0 617 0.950251
2 0 0 1.01154
3 0 0 0.882334

5
1 0 259 0.978888
2 0 0 1.09491
3 1 1 0.96007
6 0 0 0.956771
7 0 0 0.83236

5
1 1 2 0.908792
2 1 1 0.884687
4 0 0 1.06737
5 0 0 0.884031
3 0 0 1.01641

3
1 0 730 0.870798
2 0 0 0.902017
3 0 0 0.806816

3
1 0 5517 0.899501
2 0 0 0.887238
3 0 0 0.971212

5
1 1 1 0.860488
2 0 3937 1.07654
4 0 0 1.05445
5 0 0 1.08229
3 0 0 0.895876

5
1 0 9352 0.863975
2 0 5226 0.942132
4 0 0 0.998097
5 0 0 0.930179
3 0 0 0.929736

1
1 0 0 0.744061

3
1 1 1 0.824038
2 0 0 0.910685
3 0 0 0.798719

3
1 1 1 0.850605
2 0 0 1.03261
3 0 0 0.802236

3
1 1 2 0.829656
2 0 0 0.803804
3 0 0 0.925628

5
1 0 5235 0.855981
2 0 0 0.861104
3 1 1 0.865836
6 0 0 0.958004
7 0 0 0.825803

5
1 0 88 0.840682
2 0 30 0.971129
4 0 0 0.972626
5 0 0 1.04994
3 0 0 0.797719

3
1 1 1 0.907148
2 0 0 1.00418
3 0 0 0.839524

3
1 0 52 0.884558
2 0 0 0.936884
3 0 0 0.846538

1
1 0 0 0.887436

3
1 1 1 0.838788
2 0 0 1.00855
3 0 0 0.825238

3
1 1 1 0.838366
2 0 0 0.920314
3 0 0 0.731612

1
1 0 0 0.828198

3
1 1 1 0.904987
2 0 0 0.947406
3 0 0 0.907942

3
1 1 2 0.894347
2 0 0 0.86934
3 0 0 0.907047

5
1 0 614 0.912371
2 0 594 0.952769
4 0 0 0.968718
5 0 0 0.990573
3 0 0 0.802781

3
1 0 3583 0.824768
2 0 0 0.939793
3 0 0 0.886585

1
1 0 0 0.733117

3
1 1 2 0.909401
2 0 0 0.936863
3 0 0 0.95513

3
1 1 2 0.917503
2 0 0 0.923644
3 0 0 0.944138

3
1 1 1 0.917107
2 0 0 1.02436
3 0 0 0.837519

3
1 1 2 0.926519
2 0 0 0.886365
3 0 0 0.91801

3
1 0 529 0.902926
2 0 0 1.03521
3 0 0 0.902134

3
1 1 1 0.820069
2 0 0 1.00922
3 0 0 0.768155

3
1 0 2525 0.888981
2 0 0 0.805824
3 0 0 0.852746

1
1 0 0 0.855394

1
1 0 0 0.800086

3
1 1 1 0.831706
2 0 0 0.970349
3 0 0 0.820988

3
1 1 2 0.812749
2 0 0 0.75567
3 0 0 1.00178

3
1 0 7545 0.874346
2 0 0 0.885651
3 0 0 0.889459

3
1 1 1 0.860798
2 0 0 0.952883
3 0 0 0.77862

3
1 1 1 0.938927
2 0 0 1.09077
3 0 0 0.840487

3
1 0 2591 0.852399
2 0 0 0.911699
3 0 0 0.813317

3
1 0 4650 0.891185
2 0 0 0.824272
3 0 0 0.973779

3
1 0 4135 0.842806
2 0 0 0.963765
3 0 0 0.915784

1
1 0 0 0.743859

3
1 0 8174 0.915148
2 0 0 0.893002
3 0 0 0.863574

1
1 0 0 0.893264

1
1 0 0 0.821222

5
1 1 1 0.866351
2 0 2772 1.01125
4 0 0 0.971451
5 0 0 1.00363
3 0 0 0.790216

3
1 1 2 0.814228
2 0 0 0.773761
3 0 0 0.950879

3
1 0 4450 0.837348
2 0 0 0.929798
3 0 0 0.758335

3
1 1 1 0.859982
2 0 0 0.945075
3 0 0 0.821275

3
1 1 1 0.887409
2 0 0 0.985197
3 0 0 0.873888

1
1 0 0 0.782663

1
1 0 0 0.894791

3
1 1 2 0.89749
2 0 0 0.887425
3 0 0 1.07722

3
1 1 1 0.913877
2 0 0 1.00791
3 0 0 0.911546

3
1 1 2 0.856462
2 0 0 0.868656
3 0 0 0.957172

3
1 0 9865 0.856555
2 0 0 0.85361
3 0 0 1.029

1
1 0 0 0.790386

1
1 0 0 0.796327

3
1 1 1 0.911574
2 0 0 0.945107
3 0 0 0.879839

3
1 0 9648 0.945913
2 0 0 0.885935
3 0 0 0.989316

3
1 0 4014 1.01306
2 0 0 0.927686
3 0 0 0.830361

5
1 0 4770 0.913253
2 0 2163 0.94912
4 0 0 0.909207
5 0 0 1.03413
3 0 0 0.802809

3
1 0 4630 0.872442
2 0 0 0.793268
3 0 0 0.989708

5
1 1 1 0.939898
2 0 0 0.966029
3 1 2 0.949149
6 0 0 1.00295
7 0 0 0.978443

1
1 0 0 0.838236

5
1 1 1 0.897113
2 0 0 1.02352
3 1 2 0.915626
6 0 0 1.00604
7 0 0 1.07524

5
1 1 1 0.838248
2 0 6916 1.05244
4 0 0 1.02697
5 0 0 1.00449
3 0 0 0.78509

1
1 0 0 0.833031

1
1 0 0 0.859631

1
1 0 0 0.864764

3
1 0 781 0.975577
2 0 0 1.01145
3 0 0 0.931066

3
1 0 8872 0.841696
2 0 0 0.860088
3 0 0 0.982282

1
1 0 0 0.721866

1
1 0 0 0.898548

1
1 0 0 0.814963

3
1 1 2 0.862771
2 0 0 0.842292
3 0 0 0.931473

3
1 0 7390 0.890053
2 0 0 0.910273
3 0 0 0.917716

5
1 0 611 0.903525
2 0 0 1.02051
3 0 834 0.929537
6 0 0 0.873278
7 0 0 0.940963

7
1 0 1648 0.989171
2 0 1122 0.938224
4 0 0 1.00524
5 0 0 1.01842
3 0 2857 0.927432
6 0 0 0.976076
7 0 0 0.923242

3
1 1 2 0.899936
2 0 0 0.933596
3 0 0 0.899803

3
1 0 1246 0.813183
2 0 0 0.964818
3 0 0 0.741753

3
1 0 9950 0.783874
2 0 0 0.725956
3 0 0 1.01889

3
1 0 6917 0.905658
2 0 0 0.992372
3 0 0 0.910004

11
1 1 1 0.93531
2 0 0 1.00575
3 1 2 0.861113
6 0 4151 0.920501
12 0 0 0.904037
13 0 0 0.941299
7 0 1439 0.946465
14 0 0 1.14485
15 0 9395 0.973109
30 0 0 0.982338
31 0 0 1.03908

1
1 0 0 0.719851

3
1 0 1407 0.831233
2 0 0 0.904975
3 0 0 0.895297

3
1 1 1 0.859152
2 0 0 0.868079
3 0 0 0.813463

5
1 1 2 0.900743
2 1 1 0.967317
4 0 0 0.968404
5 0 0 0.996917
3 0 0 0.917013

3
1 0 5013 0.95616
2 0 0 0.971297
3 0 0 0.887111

3
1 1 1 0.877332
2 0 0 1.01221
3 0 0 0.913337

3
1 1 2 0.908627
2 0 0 0.934842
3 0 0 0.939468

3
1 0 9543 0.865107
2 0 0 0.920645
3 0 0 0.941045

3
1 1 1 0.911024
2 0 0 0.913408
3 0 0 0.898337

3
1 0 1950 0.85567
2 0 0 0.949396
3 0 0 0.842715

3
1 0 9564 0.902917
2 0 0 0.867209
3 0 0 1.0781

3
1 0 2464 0.954212
2 0 0 0.933765
3 0 0 0.957339

5
1 1 1 0.90924
2 0 0 0.952274
3 1 2 0.927131
6 0 0 0.668626
7 0 0 1.01485

3
1 1 2 0.90746
2 0 0 0.857867
3 0 0 0.957743

5
1 1 1 0.835488
2 0 3774 0.998968
4 0 0 1.05038
5 0 0 0.965399
3 0 0 0.819931

9
1 1 2 0.836845
2 0 8875 0.92302
4 0 0 0.992528
5 1 1 0.959082
10 0 0 1.021
11 0 0 0.970106
3 0 2712 0.920083
6 0 0 0.95977
7 0 0 0.949838

3
1 0 9495 0.814215
2 0 0 0.779941
3 0 0 1.04413

5
1 0 97 0.826586
2 1 1 0.995459
4 0 0 0.934176
5 0 0 1.12861
3 0 0 0.881776

3
1 0 9797 0.76443
2 0 0 0.804916
3 0 0 0.957551

1
1 0 0 0.76852

5
1 0 466 0.840095
2 0 75 1.12097
4 0 0 0.977821
5 0 0 0.969725
3 0 0 0.810394

3
1 0 2453 0.88354
2 0 0 0.91831
3 0 0 0.840114

5
1 0 2373 0.864355
2 0 0 0.920155
3 1 1 0.838029
6 0 0 0.90025
7 0 0 0.854019

3
1 0 9246 0.885234
2 0 0 0.862567
3 0 0 0.917762

3
1 1 1 0.824038
2 0 0 0.919146
3 0 0 0.811857

3
1 1 1 0.875809
2 0 0 1.01548
3 0 0 0.789009

3
1 1 1 0.848276
2 0 0 0.980649
3 0 0 0.815893

3
1 1 2 0.913517
2 0 0 0.903707
3 0 0 0.911261

3
1 0 2447 0.943616
2 0 0 0.890152
3 0 0 0.9641

1
1 0 0 0.869778

3
1 0 6309 0.875032
2 0 0 0.875193
3 0 0 0.965134

3
1 1 1 0.859948
2 0 0 0.925286
3 0 0 0.848058

3
1 1 1 0.903047
2 0 0 0.990862
3 0 0 0.839716

3
1 1 2 0.880833
2 0 0 0.891977
3 0 0 0.935545

1
1 0 0 0.851193

3
1 1 1 0.867352
2 0 0 0.913124
3 0 0 0.922491

1
1 0 0 0.84622

3
1 1 1 0.805306
2 0 0 0.951768
3 0 0 0.802957

3
1 0 2224 0.801774
2 0 0 0.909164
3 0 0 0.782364

3
1 1 2 0.837841
2 0 0 0.984226
3 0 0 0.773437

5
1 1 2 0.91667
2 0 1278 0.872053
4 0 0 1.09322
5 0 0 0.825556
3 0 0 0.832074

3
1 0 7107 0.914262
2 0 0 0.995323
3 0 0 0.901199

3
1 0 9837 0.849663
2 0 0 0.861356
3 0 0 0.986776

5
1 1 2 0.95746
2 0 0 0.867464
3 0 4554 1.052
6 0 0 0.959047
7 0 0 0.999181

3
1 1 1 0.883654
2 0 0 0.978301
3 0 0 0.828443

3
1 1 1 0.809799
2 0 0 0.887584
3 0 0 0.714987

3
1 1 1 0.756176
2 0 0 0.92102
3 0 0 0.753169

7
1 1 1 0.877387
2 0 0 1.099
3 0 9453 0.768096
6 0 0 0.802915
7 0 9729 0.945844
14 0 0 0.962863
15 0 0 1.05168

5
1 0 482 0.926218
2 0 0 0.973087
3 1 2 0.936574
6 0 0 0.870562
7 0 0 0.97276

5
1 0 7922 0.977962
2 0 0 1.02171
3 0 9596 0.978411
6 0 0 0.931379
7 0 0 1.02405

1
1 0 0 0.967809

5
1 1 1 0.911546
2 0 0 0.951658
3 0 657 0.74801
6 0 0 0.946243
7 0 0 0.742917

1
1 0 0 0.758566

5
1 0 6251 0.84075
2 1 2 0.87178
4 0 0 0.792462
5 0 0 0.901473
3 0 0 0.924823

3
1 0 5504 0.924911
2 0 0 0.992685
3 0 0 0.933947

3
1 1 2 0.847448
2 0 0 0.821448
3 0 0 0.82667

3
1 0 7254 0.927421
2 0 0 0.902756
3 0 0 0.933222

3
1 1 1 0.866992
2 0 0 0.994024
3 0 0 0.784591

3
1 0 8518 0.889398
2 0 0 0.93053
3 0 0 0.941274

1
1 0 0 0.771964

1
1 0 0 0.84988

3
1 1 1 0.907523
2 0 0 1.00699
3 0 0 0.815827

3
1 1 1 0.889222
2 0 0 0.947288
3 0 0 0.807832

3
1 0 9265 0.904486
2 0 0 0.895589
3 0 0 0.792717

3
1 0 6838 0.834648
2 0 0 0.871558
3 0 0 0.850828

3
1 1 2 0.894557
2 0 0 0.688348
3 0 0 0.913688

5
1 1 2 0.852669
2 0 0 0.759786
3 0 7429 0.927191
6 0 0 0.874807
7 0 0 1.02917

3
1 0 9020 0.89519
2 0 0 0.919536
3 0 0 0.814287

3
1 1 2 0.980097
2 0 0 0.928998
3 0 0 0.996235

3
1 1 1 0.913877
2 0 0 1.17334
3 0 0 0.846388

3
1 1 1 0.9007
2 0 0 0.969504
3 0 0 0.827202

1
1 0 0 0.868505

5
1 1 1 0.836746
2 0 6601 0.998973
4 0 0 0.998251
5 0 0 0.999982
3 0 0 0.877098

1
1 0 0 0.739374

1
1 0 0 0.750913

1
1 0 0 0.802705

1
1 0 0 0.829204

5
1 1 1 0.929892
2 0 0 0.904269
3 0 3813 0.955406
6 0 0 0.999943
7 0 0 0.86296

3
1 1 1 0.887598
2 0 0 1.11324
3 0 0 0.809845

5
1 0 181 0.844426
2 1 1 1.09179
4 0 0 0.923908
5 0 0 0.88009
3 0 0 0.75953

3
1 0 9508 0.892021
2 0 0 0.9099
3 0 0 1.00867

3
1 1 1 0.915247
2 0 0 0.816996
3 0 0 0.831669

1
1 0 0 0.871909

5
1 0 8069 0.953881
2 0 0 1.01486
3 0 9021 0.919463
6 0 0 0.911804
7 0 0 0.941636

3
1 1 1 0.783479
2 0 0 1.05208
3 0 0 0.802899

3
1 1 1 0.925676
2 0 0 1.02547
3 0 0 0.852998

5
1 0 354 0.872828
2 0 240 0.926466
4 0 0 0.906946
5 0 0 0.936348
3 0 0 0.774475

5
1 1 2 0.895729
2 0 0 0.928025
3 0 547 0.948791
6 0 0 0.951168
7 0 0 0.992794

3
1 1 1 0.93442
2 0 0 0.903735
3 0 0 0.893496

3
1 1 2 0.968073
2 0 0 0.810722
3 0 0 0.995967

3
1 1 1 0.842635
2 0 0 0.99554
3 0 0 0.854471

3
1 0 8481 0.892952
2 0 0 0.881658
3 0 0 0.868941

3
1 1 1 0.939889
2 0 0 0.929068
3 0 0 0.931642

3
1 1 1 0.901465
2 0 0 1.02132
3 0 0 0.875735

1
1 0 0 0.750493

7
1 1 2 0.898871
2 1 1 0.859787
4 0 0 0.907515
5 0 0 0.877117
3 0 9835 0.946937
6 0 0 0.938162
7 0 0 0.97365

3
1 1 1 0.962554
2 0 0 0.96424
3 0 0 0.914932

3
1 1 2 0.812956
2 0 0 0.818438
3 0 0 0.817972

3
1 1 1 0.935687
2 0 0 0.967846
3 0 0 0.846167

5
1 0 2395 0.898387
2 1 2 1.09947
4 0 0 1.01375
5 0 0 1.14099
3 0 0 0.942364

1
1 0 0 0.787097

1
1 0 0 0.792865

3
1 0 3476 0.851203
2 0 0 0.895312
3 0 0 0.859646

3
1 1 1 0.817458
2 0 0 0.906667
3 0 0 0.78998

3
1 0 3083 0.828845
2 0 0 0.824033
3 0 0 0.838145

3
1 1 2 0.912948
2 0 0 0.874365
3 0 0 1.00167

3
1 0 2787 0.864248
2 0 0 1.04624
3 0 0 0.860027

3
1 0 489 0.869934
2 0 0 0.961587
3 0 0 0.903966

3
1 0 8477 0.846961
2 0 0 0.840286
3 0 0 0.799504

3
1 1 2 0.924047
2 0 0 0.857074
3 0 0 0.927266

5
1 0 4330 0.913523
2 1 2 0.996262
4 0 0 0.923308
5 0 0 1.07557
3 0 0 0.8886

3
1 1 2 0.893871
2 0 0 0.944772
3 0 0 0.862362

3
1 0 425 0.866801
2 0 0 0.925275
3 0 0 0.996597

3
1 1 1 0.840705
2 0 0 1.08035
3 0 0 0.893223

3
1 1 2 0.918659
2 0 0 0.761868
3 0 0 0.993072

3
1 1 1 0.859492
2 0 0 1.01229
3 0 0 0.83517

3
1 0 9485 0.940619
2 0 0 0.839071
3 0 0 0.94309

5
1 0 8859 0.833499
2 0 0 0.946132
3 0 9767 1.02064
6 0 0 1.0026
7 0 0 0.956548

3
1 1 1 0.885553
2 0 0 0.897299
3 0 0 0.821361

3
1 0 6098 0.881547
2 0 0 0.879485
3 0 0 0.95587

5
1 1 2 0.895233
2 0 0 0.89077
3 0 8922 0.912873
6 0 0 1.00827
7 0 0 0.901297

1
1 0 0 0.744929

5
1 1 1 0.985086
2 0 0 1.01058
3 0 7195 1.02658
6 0 0 0.902334
7 0 0 0.88917

1
1 0 0 0.955921

3
1 0 2423 0.820548
2 0 0 0.84943
3 0 0 0.793123

3
1 1 2 0.742891
2 0 0 0.753858
3 0 0 1.02499

3
1 1 2 0.93731
2 0 0 0.796666
3 0 0 0.963099

3
1 0 5117 0.83979
2 0 0 0.921052
3 0 0 1.02945

1
1 0 0 0.922871

3
1 0 885 0.805132
2 0 0 0.861407
3 0 0 0.782004

3
1 1 2 0.881002
2 0 0 0.846725
3 0 0 1.00356

3
1 0 3284 0.833322
2 0 0 0.868869
3 0 0 0.8304

3
1 1 1 0.89374
2 0 0 1.02071
3 0 0 0.828959

3
1 1 1 0.854684
2 0 0 0.966791
3 0 0 0.831134

5
1 0 100 0.818746
2 0 0 1.11915
3 0 173 0.838388
6 0 0 0.917079
7 0 0 0.835319

7
1 0 9265 0.884494
2 0 2629 0.902085
4 1 1 1.06624
8 0 0 1.04579
9 0 0 1.05302
5 0 0 1.04311
3 0 0 0.964833

5
1 1 2 0.902101
2 0 0 0.758604
3 0 2881 0.84381
6 0 0 0.967235
7 0 0 0.907896

3
1 0 6460 0.939614
2 0 0 0.883956
3 0 0 0.929134

3
1 0 1801 0.926768
2 0 0 0.878122
3 0 0 1.02791

3
1 0 8678 0.905691
2 0 0 0.920206
3 0 0 0.871412

3
1 0 2261 0.932074
2 0 0 0.957813
3 0 0 0.993323

3
1 0 867 0.801768
2 0 0 1.01467
3 0 0 0.705257

5
1 0 2974 0.848416
2 1 1 0.982518
4 0 0 1.02012
5 0 0 0.944389
3 0 0 0.820336

1
1 0 0 0.84758

3
1 1 2 0.892815
2 0 0 0.860358
3 0 0 0.925577

3
1 0 4550 0.92551
2 0 0 0.974165
3 0 0 0.924384

1
1 0 0 0.837296

3
1 1 1 0.877387
2 0 0 0.86772
3 0 0 0.91912

3
1 1 2 0.84729
2 0 0 0.986679
3 0 0 0.85682

3
1 1 1 0.924157
2 0 0 0.900834
3 0 0 0.712307

3
1 1 2 0.840525
2 0 0 0.803944
3 0 0 0.976723

3
1 1 2 0.876916
2 0 0 0.918241
3 0 0 0.980913

3
1 0 9604 0.846375
2 0 0 0.809522
3 0 0 1.05831

3
1 1 1 0.917419
2 0 0 0.917567
3 0 0 0.828288

1
1 0 0 0.706923

3
1 0 8260 0.95267
2 0 0 0.956076
3 0 0 0.933716

5
1 0 151 0.841841
2 0 0 0.985157
3 1 1 0.801448
6 0 0 1.03142
7 0 0 0.725978

3
1 1 2 0.9308
2 0 0 0.771834
3 0 0 0.973343

3
1 1 1 0.874047
2 0 0 0.968494
3 0 0 0.823268

3
1 0 2473 0.842571
2 0 0 0.975015
3 0 0 0.946788

1
1 0 0 0.853789

5
1 0 947 0.841947
2 0 808 1.01339
4 0 0 1.06694
5 0 0 1.00306
3 0 0 0.850118

3
1 1 1 0.982415
2 0 0 0.980518
3 0 0 0.967868

5
1 1 1 0.842954
2 0 2772 1.07104
4 0 0 1.02798
5 0 0 1.12155
3 0 0 0.805223

5
1 0 8575 0.811151
2 0 921 0.968416
4 0 0 0.998999
5 0 0 0.997435
3 0 0 0.930997

3
1 1 1 0.835281
2 0 0 0.966949
3 0 0 0.741008

1
1 0 0 0.777729

3
1 1 2 0.871016
2 0 0 0.844624
3 0 0 0.958625

5
1 1 1 0.85899
2 0 4353 1.10419
4 0 0 1.11757
5 0 0 1.08013
3 0 0 0.865908

3
1 0 2999 0.918539
2 0 0 0.927258
3 0 0 0.868307

5
1 1 1 0.9007
2 0 377 0.973374
4 0 0 0.99567
5 0 0 1.00909
3 0 0 0.87999

3
1 1 1 0.917664
2 0 0 0.88063
3 0 0 0.722359

3
1 1 1 0.82216
2 0 0 1.06651
3 0 0 0.754994

5
1 0 9847 0.815953
2 0 0 0.82336
3 1 1 0.929095
6 0 0 0.946837
7 0 0 1.12156

5
1 0 9512 0.814622
2 0 2125 0.848096
4 0 0 0.915873
5 0 0 0.867327
3 0 0 0.948494

3
1 1 1 0.876985
2 0 0 0.812252
3 0 0 0.80765

7
1 1 1 0.778432
2 0 0 0.898116
3 0 426 0.863616
6 1 2 1.01845
12 0 0 1.02781
13 0 0 1.0005
7 0 0 0.884965

3
1 1 1 0.906661
2 0 0 0.902656
3 0 0 0.875167

3
1 1 2 0.836042
2 0 0 0.833704
3 0 0 0.938002

3
1 1 2 0.772475
2 0 0 0.863202
3 0 0 0.909394

1
1 0 0 0.728974

3
1 1 1 0.890259
2 0 0 0.928211
3 0 0 0.808449

1
1 0 0 0.807971

1
1 0 0 0.754734

3
1 0 8476 0.928321
2 0 0 0.839802
3 0 0 0.932264

5
1 0 7923 0.969203
2 1 2 0.990693
4 0 0 0.985461
5 0 0 1.05163
3 0 0 0.986543

5
1 0 802 0.910561
2 0 757 0.89381
4 0 0 0.970855
5 0 0 0.967763
3 0 0 0.839468

3
1 1 1 0.929588
2 0 0 0.975713
3 0 0 0.888672

5
1 1 2 0.862762
2 0 0 0.792157
3 0 4682 1.04062
6 0 0 0.920061
7 0 0 0.922185

5
1 1 2 0.865626
2 0 5323 0.980858
4 0 0 1.01485
5 0 0 1.00695
3 0 0 0.94423

3
1 1 1 0.826438
2 0 0 1.00995
3 0 0 0.773852

3
1 0 2978 0.91337
2 0 0 0.994906
3 0 0 0.815128

3
1 0 4416 1.01184
2 0 0 0.910361
3 0 0 0.899717

5
1 1 1 0.905096
2 0 0 1.09455
3 1 2 0.954279
6 0 0 0.909089
7 0 0 0.931572

3
1 1 1 0.838761
2 0 0 0.902195
3 0 0 0.82452

3
1 0 1029 0.751234
2 0 0 0.96563
3 0 0 0.815351

5
1 1 1 0.904987
2 0 234 1.05847
4 0 0 0.835441
5 0 0 1.1912
3 0 0 0.849679

3
1 1 2 0.877749
2 0 0 0.919842
3 0 0 1.05197

3
1 0 2401 0.871994
2 0 0 0.880953
3 0 0 0.839821

1
1 0 0 0.782147

3
1 1 2 0.892398
2 0 0 0.870289
3 0 0 0.904039

3
1 0 951 0.759253
2 0 0 1.00763
3 0 0 0.866906

1
1 0 0 0.701261

3
1 0 322 0.836214
2 0 0 0.971246
3 0 0 0.797479

5
1 0 130 0.832339
2 0 0 1.02246
3 1 2 0.965229
6 0 0 0.876325
7 0 0 0.885359

3
1 0 7949 0.869766
2 0 0 1.11115
3 0 0 0.92376

3
1 1 1 0.832031
2 0 0 1.05003
3 0 0 0.8243

1
1 0 0 0.843551

1
1 0 0 0.797325

3
1 0 338 0.911496
2 0 0 0.998342
3 0 0 0.955897

3
1 0 9773 0.853361
2 0 0 0.857834
3 0 0 1.01273

3
1 0 9564 0.730913
2 0 0 0.737797
3 0 0 0.833024

1
1 0 0 0.81251

1
1 0 0 0.859584

3
1 0 7102 0.882742
2 0 0 0.987736
3 0 0 0.995021

3
1 0 3045 0.903642
2 0 0 0.85493
3 0 0 0.847184

3
1 1 1 0.91654
2 0 0 0.949995
3 0 0 0.894822

3
1 1 1 0.90475
2 0 0 0.996845
3 0 0 0.83451

3
1 1 1 0.857304
2 0 0 0.959085
3 0 0 0.952964

5
1 1 2 0.8487
2 0 0 0.840799
3 0 4241 0.956852
6 0 0 1.06934
7 0 0 1.03142

5
1 1 1 0.830164
2 0 4844 1.06726
4 0 0 0.946513
5 0 0 1.01286
3 0 0 0.832852

3
1 1 2 0.938433
2 0 0 0.921308
3 0 0 1.06516

3
1 1 1 0.878113
2 0 0 0.993287
3 0 0 0.815282

3
1 0 9990 0.767707
2 0 0 0.809754
3 0 0 0.862866

3
1 0 6895 0.910814
2 0 0 0.961333
3 0 0 0.877416

3
1 1 1 0.855625
2 0 0 0.956211
3 0 0 0.799248

5
1 1 1 0.915737
2 0 0 0.868154
3 0 8649 0.935259
6 0 0 0.930572
7 0 0 1.07171

5
1 0 5450 0.869219
2 0 0 0.913273
3 1 1 1.02473
6 0 0 1.04902
7 0 0 0.877667

5
1 1 2 0.860841
2 0 0 0.838002
3 0 5741 1.06072
6 0 0 1.0491
7 0 0 0.96969

3
1 0 1038 0.841633
2 0 0 0.943034
3 0 0 0.774679

3
1 0 2024 0.836993
2 0 0 0.846269
3 0 0 0.837408

1
1 0 0 0.81544

1
1 0 0 0.921039

3
1 1 1 0.859492
2 0 0 0.927376
3 0 0 0.796806

3
1 1 2 0.833206
2 0 0 0.770249
3 0 0 0.914775

3
1 0 9854 0.877587
2 0 0 0.852467
3 0 0 0.866881

3
1 0 4698 1.00119
2 0 0 1.05789
3 0 0 0.889384

3
1 0 4621 0.931903
2 0 0 0.935315
3 0 0 0.943792

3
1 1 1 0.854665
2 0 0 1.13291
3 0 0 0.804544

1
1 0 0 0.917167

3
1 0 3659 1.02233
2 0 0 0.849959
3 0 0 0.856725

3
1 1 2 0.872435
2 0 0 0.896727
3 0 0 1.02065

3
1 1 1 0.910483
2 0 0 0.960864
3 0 0 0.906569

3
1 0 2576 0.888635
2 0 0 0.824029
3 0 0 0.878496

3
1 1 2 0.892815
2 0 0 0.839978
3 0 0 0.977142

3
1 1 2 0.867707
2 0 0 0.739853
3 0 0 0.926026

3
1 0 8047 0.911861
2 0 0 0.908017
3 0 0 0.852436

3
1 1 1 0.857052
2 0 0 0.93715
3 0 0 0.872547

3
1 1 1 0.900621
2 0 0 1.06746
3 0 0 0.797322

5
1 0 190 0.853524
2 0 0 1.02902
3 1 1 0.889902
6 0 0 1.044
7 0 0 0.900393

3
1 0 322 0.787188
2 0 0 0.919263
3 0 0 0.799327

3
1 1 1 0.876759
2 0 0 1.05018
3 0 0 0.82118

3
1 1 1 0.863953
2 0 0 0.905477
3 0 0 0.796304

3
1 0 9365 0.895733
2 0 0 0.807679
3 0 0 0.912037

3
1 1 1 0.898843
2 0 0 0.970381
3 0 0 0.903985

5
1 1 2 0.960302
2 0 3044 0.960457
4 0 0 1.10962
5 0 0 1.02405
3 0 0 1.12499

1
1 0 0 0.789515

3
1 0 9748 0.762609
2 0 0 0.769388
3 0 0 0.987553

7
1 1 2 0.811143
2 0 0 0.81531
3 0 6278 0.885902
6 0 0 0.973163
7 0 9267 0.9204
14 0 0 1.05564
15 0 0 0.992843

3
1 1 2 0.902288
2 0 0 0.863539
3 0 0 0.943601

3
1 0 35 0.86123
2 0 0 1.05479
3 0 0 0.813401

5
1 0 153 0.815307
2 1 2 1.05307
4 0 0 1.0822
5 0 0 1.05168
3 0 0 0.81736

3
1 0 2736 0.89263
2 0 0 1.00668
3 0 0 0.864375

3
1 0 465 0.828018
2 0 0 0.898709
3 0 0 0.841199

3
1 1 1 0.860605
2 0 0 0.852444
3 0 0 0.864573

3
1 0 4950 0.969007
2 0 0 0.923533
3 0 0 0.916796

3
1 0 251 0.835571
2 0 0 0.937676
3 0 0 0.937083

3
1 1 2 0.944063
2 0 0 0.801284
3 0 0 0.947102

5
1 1 2 0.909842
2 0 0 0.886523
3 0 1669 0.963718
6 0 0 1.00369
7 0 0 0.967631

3
1 0 374 0.914616
2 0 0 1.11467
3 0 0 0.851678

3
1 1 1 0.831529
2 0 0 0.926578
3 0 0 0.850027

1
1 0 0 0.931753

3
1 1 1 0.835959
2 0 0 1.02553
3 0 0 0.82859

3
1 0 351 0.881117
2 0 0 0.953547
3 0 0 0.884941

3
1 1 1 0.867726
2 0 0 0.97181
3 0 0 0.670109

1
1 0 0 0.848367

3
1 1 1 0.938497
2 0 0 1.11489
3 0 0 0.794453

3
1 0 555 0.798186
2 0 0 0.938631
3 0 0 0.869039

3
1 0 9590 0.95017
2 0 0 0.881405
3 0 0 1.02991

3
1 1 2 0.941982
2 0 0 0.791943
3 0 0 0.950051

9
1 1 2 0.836285
2 0 0 0.924468
3 0 1376 0.96277
6 0 107 1.10295
12 0 0 0.998619
13 0 565 0.938017
26 0 0 0.955692
27 0 0 1.052
7 0 0 0.943224

1
1 0 0 0.771688

3
1 0 3051 0.89714
2 0 0 0.914917
3 0 0 0.89839

3
1 1 1 0.86634
2 0 0 0.961297
3 0 0 0.819238

1
1 0 0 0.792697

1
1 0 0 0.727819

5
1 1 1 0.826864
2 0 6104 1.02804
4 0 0 0.91209
5 0 0 0.993849
3 0 0 0.802593

3
1 0 9806 0.785027
2 0 0 0.783803
3 0 0 0.952043

5
1 1 1 0.944321
2 0 0 1.06974
3 0 3901 0.912703
6 0 0 0.94193
7 0 0 0.865758

3
1 1 1 0.874532
2 0 0 0.99134
3 0 0 0.801397

3
1 0 7341 0.822444
2 0 0 0.940504
3 0 0 0.896454

3
1 1 2 0.889268
2 0 0 0.940571
3 0 0 0.963491

3
1 0 9921 0.770134
2 0 0 0.736154
3 0 0 1.1003

3
1 1 1 0.877812
2 0 0 1.05499
3 0 0 0.729268

3
1 0 9356 0.897111
2 0 0 0.893619
3 0 0 0.875241

5
1 0 2335 0.981974
2 0 575 0.97128
4 0 0 0.859559
5 0 0 1.10836
3 0 0 0.979488

3
1 0 2817 0.905152
2 0 0 0.956492
3 0 0 0.835539

5
1 1 1 0.976532
2 0 8335 0.96096
4 0 0 0.891844
5 0 0 1.03511
3 0 0 0.987664

3
1 0 1842 0.951786
2 0 0 0.885575
3 0 0 0.936954

1
1 0 0 0.824337

5
1 1 2 0.863625
2 1 1 0.922904
4 0 0 0.935718
5 0 0 0.966725
3 0 0 0.900626

1
1 0 0 0.84711

1
1 0 0 0.817338

3
1 1 1 0.776323
2 0 0 1.0634
3 0 0 0.881369

3
1 0 7355 0.875964
2 0 0 0.924786
3 0 0 0.982721

3
1 0 1085 0.820079
2 0 0 0.917012
3 0 0 0.699693

5
1 0 322 0.897933
2 0 96 1.05603
4 0 0 0.919147
5 0 0 1.07898
3 0 0 0.912272

5
1 1 1 0.890292
2 0 7977 0.92115
4 0 0 0.87201
5 0 0 0.986498
3 0 0 0.941251

5
1 1 1 0.828185
2 0 6569 0.948602
4 0 0 0.929263
5 0 0 0.937345
3 0 0 0.725022

3
1 1 2 0.877536
2 0 0 0.722509
3 0 0 0.944742

1
1 0 0 0.919035

5
1 0 2034 0.830707
2 1 2 1.00359
4 0 0 0.943138
5 0 0 0.999507
3 0 0 0.923923

3
1 1 2 0.855746
2 0 0 0.909684
3 0 0 0.922351

1
1 0 0 0.809316

3
1 1 1 0.871654
2 0 0 1.07091
3 0 0 0.796466

3
1 0 5767 0.841095
2 0 0 0.842188
3 0 0 0.821818

1
1 0 0 0.726068

3
1 0 2070 0.88554
2 0 0 0.95636
3 0 0 0.915142

3
1 1 1 0.857304
2 0 0 1.04452
3 0 0 0.790196

1
1 0 0 0.796789

3
1 1 2 0.869694
2 0 0 0.917631
3 0 0 0.860944

3
1 0 7652 0.929557
2 0 0 0.964724
3 0 0 0.915559

3
1 1 1 0.875234
2 0 0 1.01206
3 0 0 0.859822

3
1 0 5722 0.929752
2 0 0 1.01183
3 0 0 0.964693

5
1 0 1142 0.877076
2 1 1 1.00425
4 0 0 0.891819
5 0 0 1.10372
3 0 0 0.873956

3
1 0 8488 0.85107
2 0 0 0.883391
3 0 0 0.804216

3
1 1 1 0.828693
2 0 0 1.01817
3 0 0 0.780312

1
1 0 0 0.833523

3
1 1 1 0.850526
2 0 0 1.02076
3 0 0 0.799883

3
1 0 1718 0.899046
2 0 0 1.03583
3 0 0 0.937113

1
1 0 0 0.770673

3
1 1 2 0.947941
2 0 0 0.919974
3 0 0 0.962477

3
1 0 3230 0.898363
2 0 0 1.07004
3 0 0 0.90006

3
1 0 6947 0.912919
2 0 0 0.964888
3 0 0 0.82272

7
1 0 2638 0.877557
2 0 2296 1.00131
4 0 0 0.864551
5 0 0 1.05933
3 1 1 0.91536
6 0 0 0.892125
7 0 0 0.777616

3
1 1 2 0.868604
2 0 0 0.901391
3 0 0 0.866181

3
1 0 3887 0.901132
2 0 0 0.888884
3 0 0 0.886279

3
1 1 1 0.912863
2 0 0 1.08567
3 0 0 0.835093

1
1 0 0 0.814103

3
1 0 9659 0.812816
2 0 0 0.87605
3 0 0 0.951919

3
1 0 1638 1.00737
2 0 0 0.94811
3 0 0 0.922532

3
1 1 1 0.887518
2 0 0 1.08966
3 0 0 0.956876

3
1 0 6089 0.855545
2 0 0 0.931328
3 0 0 0.903555

3
1 1 2 0.89309
2 0 0 0.908688
3 0 0 0.882722

1
1 0 0 0.724149

3
1 0 340 0.850878
2 0 0 0.91815
3 0 0 0.870033

5
1 0 4702 0.975802
2 0 0 0.968519
3 0 6780 0.926177
6 0 0 0.833237
7 0 0 0.907129

3
1 1 2 0.863816
2 0 0 0.901728
3 0 0 1.01683

3
1 0 1658 0.929984
2 0 0 0.893087
3 0 0 0.921742

3
1 1 1 0.868441
2 0 0 0.954439
3 0 0 0.753771

3
1 0 4636 0.934079
2 0 0 0.997309
3 0 0 0.853041

3
1 0 9556 0.817299
2 0 0 0.861415
3 0 0 0.994762

1
1 0 0 0.849766

3
1 0 8683 0.871429
2 0 0 0.978853
3 0 0 0.828159

1
1 0 0 0.788537

3
1 0 6674 0.86615
2 0 0 0.857282
3 0 0 0.939793

3
1 1 1 0.903467
2 0 0 1.03087
3 0 0 0.758277

3
1 0 3439 0.86797
2 0 0 0.882657
3 0 0 0.859781

3
1 1 2 0.869965
2 0 0 0.899718
3 0 0 0.906303

7
1 1 2 0.837873
2 0 9232 0.858198
4 0 0 0.892415
5 0 0 1.00241
3 0 5565 1.07195
6 0 0 1.00971
7 0 0 1.02738

1
1 0 0 0.791813

3
1 0 575 0.921233
2 0 0 0.984574
3 0 0 0.884407

3
1 1 2 0.917321
2 0 0 0.801302
3 0 0 1.00879

1
1 0 0 0.927804

3
1 1 1 0.815303
2 0 0 0.933851
3 0 0 0.813213

3
1 0 9539 0.831871
2 0 0 0.841954
3 0 0 1.0532

5
1 0 63 0.844679
2 1 1 0.991967
4 0 0 0.889402
5 0 0 0.965026
3 0 0 0.862299

3
1 0 8919 0.931858
2 0 0 0.928678
3 0 0 0.817579

5
1 1 2 0.853549
2 0 0 0.890766
3 0 5000 0.908086
6 0 0 0.971052
7 0 0 1.05975

5
1 0 9737 0.904559
2 0 0 0.793432
3 0 9856 1.10813
6 0 0 1.13344
7 0 0 1.08223

3
1 1 2 0.878565
2 0 0 0.818448
3 0 0 1.01433

1
1 0 0 0.8417

3
1 0 111 0.75358
2 0 0 1.02821
3 0 0 0.739154

3
1 1 1 0.875536
2 0 0 0.9212
3 0 0 0.848747

3
1 0 6998 0.917469
2 0 0 0.922738
3 0 0 0.876943

1
1 0 0 0.866476

7
1 0 819 0.935235
2 0 201 0.987114
4 0 0 0.943716
5 0 0 0.996711
3 0 1460 0.925061
6 0 0 1.13026
7 0 0 0.897835

7
1 1 1 0.924139
2 0 3965 0.967916
4 0 0 0.871987
5 0 0 1.05862
3 0 148 0.772024
6 0 0 1.01172
7 0 0 0.78001

5
1 1 1 0.855349
2 0 0 1.01032
3 0 3112 0.894499
6 0 0 0.910658
7 0 0 0.941308

3
1 1 1 0.9623
2 0 0 1.0516
3 0 0 0.897775

3
1 0 9860 0.834934
2 0 0 0.818981
3 0 0 0.922384

1
1 0 0 0.846089

3
1 1 1 0.78405
2 0 0 1.03317
3 0 0 0.792791

1
1 0 0 0.835789

3
1 0 1855 0.760645
2 0 0 0.984955
3 0 0 0.838601

3
1 1 1 0.821609
2 0 0 0.960878
3 0 0 0.887729

3
1 1 1 0.799134
2 0 0 0.902976
3 0 0 0.75781

1
1 0 0 0.755941

1
1 0 0 0.791522

3
1 1 1 0.872027
2 0 0 0.988353
3 0 0 0.82642

3
1 1 1 0.887039
2 0 0 1.00328
3 0 0 0.845677

5
1 0 943 0.864789
2 0 0 0.984926
3 0 8737 0.858316
6 0 0 0.894004
7 0 0 0.914858

3
1 1 2 0.881616
2 0 0 0.907536
3 0 0 1.04075

1
1 0 0 0.758819

3
1 1 1 0.830203
2 0 0 0.856947
3 0 0 0.815082

1
1 0 0 0.83606

3
1 0 5596 0.969765
2 0 0 1.02693
3 0 0 0.94601

3
1 1 1 0.83682
2 0 0 1.00655
3 0 0 0.75109

3
1 1 1 0.907625
2 0 0 0.984149
3 0 0 0.77067

5
1 1 1 0.91591
2 0 5068 1.01136
4 0 0 1.01157
5 0 0 0.994857
3 0 0 0.824877

7
1 0 6817 0.898065
2 0 0 0.925146
3 0 9911 0.982782
6 0 0 0.885249
7 0 9979 0.926066
14 0 0 1.10068
15 0 0 0.974065

3
1 1 2 0.920139
2 0 0 0.853575
3 0 0 0.91278

1
1 0 0 0.829085

5
1 0 5318 0.886976
2 0 0 1.00529
3 0 7971 0.934401
6 0 0 1.01616
7 0 0 0.942434

3
1 0 2635 0.907985
2 0 0 0.92463
3 0 0 0.888422

3
1 1 1 0.911515
2 0 0 1.05253
3 0 0 0.862204

3
1 1 1 0.812425
2 0 0 0.989664
3 0 0 0.905137

1
1 0 0 0.808199

1
1 0 0 0.865272

5
1 1 1 0.848172
2 0 9801 0.910594
4 0 0 0.912273
5 0 0 0.951275
3 0 0 0.862816

1
1 0 0 0.789755

3
1 0 1055 0.814786
2 0 0 0.895952
3 0 0 0.758178

3
1 0 1382 0.900291
2 0 0 0.980067
3 0 0 0.916367

3
1 1 2 0.898845
2 0 0 0.899864
3 0 0 0.987726

3
1 1 1 0.879242
2 0 0 1.03892
3 0 0 0.769553

5
1 1 2 0.876418
2 0 0 0.909808
3 0 2874 0.978567
6 0 0 1.06858
7 0 0 1.04195

3
1 0 518 0.811191
2 0 0 0.94121
3 0 0 0.855179

3
1 1 2 0.862828
2 0 0 0.784757
3 0 0 1.04079

3
1 1 2 0.863701
2 0 0 0.847274
3 0 0 0.899964

1
1 0 0 0.779368

5
1 0 9882 0.756095
2 0 9553 0.791982
4 0 0 0.793314
5 0 0 1.04477
3 0 0 0.926359

5
1 1 1 0.872038
2 0 6499 0.935586
4 0 0 0.980684
5 0 0 0.921073
3 0 0 0.815541

3
1 1 2 0.906631
2 0 0 0.859338
3 0 0 0.858438

3
1 0 376 0.967562
2 0 0 1.04368
3 0 0 0.934109

3
1 1 1 0.824071
2 0 0 1.02824
3 0 0 0.811942

3
1 0 3052 0.887747
2 0 0 0.839583
3 0 0 0.879434

7
1 1 2 0.952288
2 0 7136 1.00407
4 0 0 0.907673
5 0 0 0.890879
3 0 5174 0.960297
6 0 0 1.06645
7 0 0 0.853355

3
1 0 2590 0.877936
2 0 0 0.920653
3 0 0 0.888986

3
1 1 1 0.916485
2 0 0 1.00398
3 0 0 0.820125

3
1 1 1 0.923046
2 0 0 1.07685
3 0 0 0.97747

5
1 1 2 0.880297
2 0 0 0.865428
3 0 4973 0.960743
6 0 0 1.07873
7 0 0 1.00311

3
1 0 4557 0.891496
2 0 0 1.0459
3 0 0 0.863401

3
1 1 2 0.885023
2 0 0 1.05009
3 0 0 1.00435

3
1 1 1 0.884834
2 0 0 0.923331
3 0 0 0.885832

5
1 0 6491 0.957478
2 1 1 1.01393
4 0 0 1.03268
5 0 0 0.889859
3 0 0 0.881577

7
1 0 1746 0.969232
2 1 1 0.883626
4 0 0 0.96499
5 0 0 0.978611
3 1 1 0.962453
6 0 0 1.00775
7 0 0 0.896002

3
1 0 9813 0.91299
2 0 0 0.959258
3 0 0 1.00281

5
1 0 330 0.926719
2 0 0 1.00013
3 1 1 0.90093
6 0 0 1.05295
7 0 0 0.891231

3
1 1 1 0.882439
2 0 0 0.956241
3 0 0 0.893259

3
1 0 9564 0.894461
2 0 0 0.782256
3 0 0 0.960691

3
1 1 2 0.912287
2 0 0 1.0254
3 0 0 1.04496

3
1 1 2 0.945475
2 0 0 1.0022
3 0 0 0.937937

3
1 0 8373 0.950053
2 0 0 0.945723
3 0 0 1.03518

3
1 0 9578 0.812149
2 0 0 0.772937
3 0 0 1.07421

5
1 1 2 0.815415
2 0 0 0.823849
3 0 4015 0.990021
6 0 0 1.18011
7 0 0 0.959231

3
1 1 1 0.940642
2 0 0 0.996326
3 0 0 0.841892

1
1 0 0 0.825742

3
1 1 1 0.806438
2 0 0 0.920916
3 0 0 0.75444

1
1 0 0 0.863366

1
1 0 0 0.90906

3
1 0 4010 0.908115
2 0 0 0.93353
3 0 0 0.923011

3
1 0 4343 0.86937
2 0 0 0.80692
3 0 0 0.874889

5
1 0 8464 0.865911
2 1 1 0.860166
4 0 0 1.02897
5 0 0 0.920427
3 0 0 0.889739

5
1 1 2 0.875036
2 0 0 0.843534
3 0 1505 0.936225
6 0 0 0.982155
7 0 0 0.881426

3
1 1 2 0.847955
2 0 0 0.823896
3 0 0 0.898763

3
1 1 2 0.917258
2 0 0 0.9896
3 0 0 0.987427

9
1 1 1 0.887432
2 0 0 0.942743
3 1 2 0.902198
6 0 0 0.882562
7 0 8736 0.909575
14 0 0 0.953715
15 0 8781 0.922022
30 0 0 1.05594
31 0 0 0.925726

3
1 0 1625 0.834213
2 0 0 0.976356
3 0 0 0.820784

3
1 0 2401 0.866295
2 0 0 0.907204
3 0 0 0.901968

3
1 1 1 0.952213
2 0 0 0.956365
3 0 0 0.782796

3
1 1 1 0.941115
2 0 0 1.03019
3 0 0 0.838009

3
1 1 2 0.897707
2 0 0 0.841153
3 0 0 0.959608

1
1 0 0 0.73534

7
1 1 2 0.981341
2 1 1 0.920517
4 0 0 0.874728
5 0 0 0.981231
3 0 3190 0.925382
6 0 0 1.07361
7 0 0 1.00196

3
1 1 1 0.918372
2 0 0 1.0377
3 0 0 0.79494

3
1 0 2310 0.778985
2 0 0 0.927863
3 0 0 0.772692

3
1 1 1 0.916247
2 0 0 0.897947
3 0 0 0.91128

7
1 0 195 0.785607
2 0 59 1.03591
4 0 0 0.909494
5 0 142 0.921306
10 0 0 0.999885
11 0 0 0.937396
3 0 0 0.758571

5
1 0 4466 0.857745
2 0 0 0.985708
3 1 1 0.972218
6 0 0 1.03969
7 0 0 0.976274

5
1 1 2 0.752654
2 0 0 0.92232
3 0 4134 0.922429
6 0 0 0.989678
7 0 0 0.892698

1
1 0 0 0.878487

3
1 0 4420 0.814923
2 0 0 0.823306
3 0 0 0.861738

1
1 0 0 0.878351

3
1 0 1766 0.89248
2 0 0 0.882757
3 0 0 0.851002

3
1 0 490 0.851986
2 0 0 0.945856
3 0 0 0.793482

5
1 0 6264 0.890221
2 0 5566 0.906055
4 0 0 0.886223
5 0 0 0.896716
3 0 0 0.958017

3
1 1 2 0.781312
2 0 0 0.788772
3 0 0 1.01943

3
1 1 1 0.82825
2 0 0 0.881926
3 0 0 0.810304

3
1 1 2 0.847947
2 0 0 0.817192
3 0 0 0.9542

3
1 1 1 0.920005
2 0 0 0.898836
3 0 0 0.839777

5
1 1 1 0.984362
2 0 9486 1.00123
4 0 0 1.05476
5 0 0 1.06913
3 0 0 0.79218

3
1 0 795 0.904924
2 0 0 0.958591
3 0 0 0.876426

5
1 1 1 1.0263
2 0 0 1.07776
3 0 8318 0.970694
6 0 0 0.972178
7 0 0 1.00745

3
1 1 2 0.806779
2 0 0 0.819856
3 0 0 0.983806

5
1 1 1 0.807873
2 0 1035 0.93572
4 0 0 1.03585
5 0 0 1.05008
3 0 0 0.955772

1
1 0 0 0.811772

5
1 1 1 0.799134
2 0 0 0.970991
3 0 9724 0.837022
6 0 0 0.827761
7 0 0 0.942533

1
1 0 0 0.853088

3
1 0 144 0.694836
2 0 0 0.938232
3 0 0 0.758829

3
1 0 6478 0.903796
2 0 0 0.914513
3 0 0 0.830097

3
1 0 7298 0.861447
2 0 0 0.943843
3 0 0 0.933209

3
1 1 1 0.809734
2 0 0 0.951383
3 0 0 0.782108

3
1 1 1 0.885995
2 0 0 0.955534
3 0 0 0.765029

3
1 0 3589 0.958798
2 0 0 0.933659
3 0 0 0.890905

3
1 0 9751 0.828329
2 0 0 0.89024
3 0 0 0.913802

3
1 1 1 0.907572
2 0 0 0.863276
3 0 0 0.747961

3
1 0 1657 0.83304
2 0 0 0.91281
3 0 0 0.778511

1
1 0 0 0.847233

3
1 1 1 0.881978
2 0 0 1.05365
3 0 0 0.849307

3
1 1 1 0.898392
2 0 0 0.990695
3 0 0 0.752257

7
1 0 3173 0.835535
2 0 2490 0.980707
4 0 0 0.912526
5 0 2685 1.04083
10 0 0 1.04589
11 0 0 1.00336
3 0 0 0.845541

3
1 1 1 0.931373
2 0 0 0.999971
3 0 0 0.773131

11
1 0 4737 0.955493
2 0 0 0.917468
3 1 1 0.917387
6 0 0 0.995685
7 0 7982 0.908384
14 1 2 0.986587
28 0 5358 0.932965
56 0 0 1.08097
57 0 0 0.963389
29 0 0 1.07205
15 0 0 0.934975

3
1 0 15 0.800865
2 0 0 0.9887
3 0 0 0.798506

3
1 0 7212 0.888933
2 0 0 0.908501
3 0 0 0.821346

3
1 1 1 0.88271
2 0 0 0.990798
3 0 0 0.759387

3
1 0 9519 0.859415
2 0 0 0.917727
3 0 0 1.00877

3
1 0 2869 0.877468
2 0 0 1.09178
3 0 0 0.854286

3
1 0 9669 0.763711
2 0 0 0.861846
3 0 0 0.998644

3
1 0 197 0.887915
2 0 0 0.90062
3 0 0 0.791401

5
1 0 482 0.917996
2 0 0 0.978053
3 0 1780 0.923291
6 0 0 0.863047
7 0 0 0.904832

1
1 0 0 0.807507

3
1 1 1 0.827066
2 0 0 1.0099
3 0 0 0.76199

3
1 0 7747 0.906968
2 0 0 1.0078
3 0 0 0.880167

1
1 0 0 0.793227

7
1 0 262 0.836158
2 1 2 0.888818
4 1 1 0.93855
8 0 0 1.04307
9 0 0 0.944051
5 0 0 0.984843
3 0 0 0.906894

1
1 0 0 0.795807

5
1 1 1 0.921852
2 0 5738 0.936214
4 0 0 0.964791
5 0 0 0.987456
3 0 0 0.839266

5
1 0 753 0.882133
2 0 261 0.900979
4 0 0 1.01225
5 0 0 1.02092
3 0 0 0.922595

3
1 1 1 0.964228
2 0 0 0.985943
3 0 0 0.959179

7
1 0 664 0.78857
2 1 1 1.09195
4 0 0 1.05028
5 0 633 0.887297
10 0 0 0.859473
11 0 0 0.95987
3 0 0 0.812887

3
1 1 2 0.852846
2 0 0 0.827166
3 0 0 0.902276

7
1 1 2 0.808668
2 0 0 0.809667
3 0 482 0.92212
6 0 141 1.03511
12 0 0 1.08953
13 0 0 0.999015
7 0 0 0.882674

1
1 0 0 0.747426

3
1 0 527 0.816328
2 0 0 1.00663
3 0 0 0.813677

3
1 1 2 0.898194
2 0 0 0.92821
3 0 0 0.990724

1
1 0 0 0.752606

1
1 0 0 0.841733

5
1 0 3604 0.874883
2 0 1333 1.00218
4 0 0 0.902032
5 0 0 1.06997
3 0 0 0.939821

5
1 1 1 0.882069
2 0 0 1.04025
3 0 198 0.792788
6 0 0 0.999538
7 0 0 0.774624

5
1 0 427 0.803863
2 0 73 1.03721
4 0 0 0.953326
5 0 0 1.06045
3 0 0 0.736156

5
1 0 3821 0.842143
2 0 1211 0.989635
4 0 0 0.955422
5 0 0 1.0213
3 0 0 0.848833

3
1 0 9646 0.688396
2 0 0 0.823658
3 0 0 0.916433

5
1 0 438 0.828932
2 0 250 0.901652
4 0 0 0.886147
5 0 0 0.872242
3 0 0 0.831591

3
1 0 187 0.874243
2 0 0 0.986295
3 0 0 0.76458

3
1 0 4932 0.946896
2 0 0 0.986099
3 0 0 0.912665

3
1 1 1 0.884218
2 0 0 0.917136
3 0 0 0.845213

7
1 0 8228 0.889949
2 0 0 0.987583
3 0 8412 1.04726
6 1 1 1.01787
12 0 0 0.897502
13 0 0 1.08592
7 0 0 0.896585

3
1 0 9742 0.862011
2 0 0 0.888361
3 0 0 0.999938

3
1 1 2 0.850289
2 0 0 0.843994
3 0 0 0.980446

3
1 0 3081 0.949836
2 0 0 0.922922
3 0 0 0.95146

3
1 1 1 0.953996
2 0 0 0.972522
3 0 0 1.0715

3
1 1 1 0.859383
2 0 0 1.04567
3 0 0 0.797087

3
1 0 1500 0.949667
2 0 0 0.977026
3 0 0 0.926145

7
1 1 1 0.832629
2 0 9237 0.99128
4 0 0 1.05266
5 0 0 0.977278
3 0 2515 0.95793
6 0 0 0.867666
7 0 0 0.967248

3
1 1 2 0.884476
2 0 0 0.941802
3 0 0 0.964912

3
1 1 1 0.864702
2 0 0 1.07063
3 0 0 0.861457

3
1 0 9851 0.813043
2 0 0 0.928115
3 0 0 0.988753

3
1 1 1 0.903576
2 0 0 0.843416
3 0 0 0.918478

5
1 0 713 0.844171
2 0 292 1.0215
4 0 0 1.03427
5 0 0 1.02236
3 0 0 0.851555

3
1 0 4010 0.908115
2 0 0 0.878602
3 0 0 0.784108

3
1 1 1 0.849454
2 0 0 1.09694
3 0 0 0.860573

1
1 0 0 0.91684

3
1 0 9444 0.902007
2 0 0 0.889517
3 0 0 1.04156

1
1 0 0 0.805105

5
1 0 5958 1.0856
2 0 5391 1.05445
4 0 0 0.931534
5 0 0 0.981869
3 0 0 0.966803

1
1 0 0 0.972002

3
1 1 1 0.850728
2 0 0 1.02836
3 0 0 0.858

3
1 1 1 0.883297
2 0 0 0.862739
3 0 0 0.929412

1
1 0 0 0.838522

3
1 1 2 0.909019
2 0 0 0.864492
3 0 0 0.964348

1
1 0 0 0.69824

5
1 0 5275 0.917856
2 1 2 0.97016
4 0 0 0.87118
5 0 0 1.00505
3 0 0 0.854455

3
1 0 9348 0.975709
2 0 0 0.880278
3 0 0 0.951499

1
1 0 0 0.817308

3
1 1 1 0.912343
2 0 0 0.86542
3 0 0 0.770358

3
1 1 1 0.857597
2 0 0 1.06185
3 0 0 0.894636

3
1 0 1399 0.857723
2 0 0 0.96109
3 0 0 0.979106

5
1 0 2088 0.89922
2 0 847 0.968115
4 0 0 0.959362
5 0 0 1.04524
3 0 0 0.924283

3
1 0 4388 0.932732
2 0 0 1.03087
3 0 0 0.857599

3
1 1 1 0.918505
2 0 0 1.06948
3 0 0 0.776225

3
1 1 2 0.815237
2 0 0 0.753486
3 0 0 0.901671

1
1 0 0 0.784786

5
1 0 1809 0.959294
2 0 0 0.970352
3 1 2 0.961786
6 0 0 0.883555
7 0 0 1.07991

1
1 0 0 0.727927

3
1 1 1 0.906887
2 0 0 0.989344
3 0 0 0.858816

5
1 0 9715 0.861959
2 0 0 0.944149
3 0 9748 1.02681
6 0 0 1.04216
7 0 0 0.955236

1
1 0 0 0.841392

3
1 0 8215 0.867379
2 0 0 1.0407
3 0 0 0.999396

3
1 1 1 0.916148
2 0 0 0.916152
3 0 0 0.902264

3
1 0 9555 0.756656
2 0 0 0.776774
3 0 0 0.955586

3
1 0 454 0.838618
2 0 0 1.14764
3 0 0 0.828282

1
1 0 0 0.704481

3
1 0 9035 0.859679
2 0 0 0.964515
3 0 0 0.779289

3
1 1 1 0.874853
2 0 0 1.0415
3 0 0 0.875927

3
1 1 1 0.865686
2 0 0 1.03398
3 0 0 0.800098

1
1 0 0 0.771316

5
1 0 5673 0.92833
2 1 1 0.957736
4 0 0 0.964682
5 0 0 0.888077
3 0 0 0.869201

3
1 1 2 0.909253
2 0 0 0.86811
3 0 0 0.983987

3
1 0 9723 0.839853
2 0 0 0.898085
3 0 0 0.975337

3
1 0 2412 0.85416
2 0 0 0.908529
3 0 0 0.932164

3
1 0 3697 0.916247
2 0 0 1.00508
3 0 0 0.967229

5
1 0 560 0.846531
2 1 1 0.927414
4 0 0 0.923027
5 0 0 1.0063
3 0 0 0.781078

5
1 1 1 0.877502
2 0 0 1.01864
3 1 2 0.969774
6 0 0 0.918439
7 0 0 0.984926

1
1 0 0 0.889775

5
1 0 9861 0.856612
2 0 0 0.818185
3 1 2 0.995507
6 0 0 1.04966
7 0 0 0.982394

3
1 1 1 0.929275
2 0 0 1.03577
3 0 0 0.81681

1
1 0 0 0.835272

3
1 1 1 0.893324
2 0 0 0.975928
3 0 0 0.840915

5
1 1 1 0.898392
2 0 456 0.877996
4 0 0 0.94696
5 0 0 0.915447
3 0 0 0.82327

5
1 1 1 0.881675
2 0 2255 1.06633
4 0 0 0.906445
5 0 0 1.06842
3 0 0 0.842699

3
1 1 1 0.800431
2 0 0 0.906675
3 0 0 0.786754

1
1 0 0 0.75886

3
1 1 2 0.89003
2 0 0 0.824846
3 0 0 0.915995

3
1 0 9693 0.814226
2 0 0 0.843059
3 0 0 0.90706

3
1 0 7068 0.870673
2 0 0 0.886705
3 0 0 0.836263

3
1 0 4827 0.945533
2 0 0 0.951859
3 0 0 0.882618

3
1 1 1 0.896888
2 0 0 1.10984
3 0 0 0.870127

3
1 1 2 0.895848
2 0 0 0.860833
3 0 0 0.992751

1
1 0 0 0.830214

1
1 0 0 0.803001

3
1 0 27 0.803194
2 0 0 1.01346
3 0 0 0.841507

3
1 0 9590 0.852134
2 0 0 0.888197
3 0 0 0.970427

5
1 0 4026 0.996629
2 0 0 0.814202
3 0 6296 1.03457
6 0 0 0.970931
7 0 0 0.916689

5
1 1 2 0.840258
2 1 1 0.937339
4 0 0 1.05052
5 0 0 0.871971
3 0 0 0.9363

5
1 1 2 0.809554
2 0 0 0.875768
3 0 1361 1.00366
6 0 0 0.928907
7 0 0 0.98769

3
1 1 1 0.806687
2 0 0 1.052
3 0 0 0.733127

3
1 1 2 0.849295
2 0 0 0.827669
3 0 0 0.971763

1
1 0 0 0.744178

1
1 0 0 0.807819

3
1 1 2 0.887688
2 0 0 0.903227
3 0 0 0.910549

5
1 1 1 0.880805
2 0 3860 0.886361
4 0 0 0.914751
5 0 0 0.895021
3 0 0 0.759575

3
1 0 472 0.954867
2 0 0 0.909344
3 0 0 0.889419

3
1 1 1 0.920724
2 0 0 0.944191
3 0 0 0.861527

5
1 1 1 0.917673
2 0 421 0.975707
4 0 0 0.953929
5 0 0 0.950053
3 0 0 0.866894

3
1 0 9963 0.873592
2 0 0 0.850992
3 0 0 0.874572

3
1 1 1 0.850063
2 0 0 1.04831
3 0 0 0.773115

1
1 0 0 0.70049

3
1 1 1 0.922175
2 0 0 1.04679
3 0 0 0.867101

3
1 1 2 0.896916
2 0 0 0.834292
3 0 0 1.06724

3
1 0 5913 0.896334
2 0 0 0.86936
3 0 0 0.849321

3
1 1 1 0.837891
2 0 0 0.854655
3 0 0 0.822181

3
1 0 9901 0.764718
2 0 0 0.79485
3 0 0 1.12258

1
1 0 0 0.810928

3
1 0 9682 0.899229
2 0 0 0.654209
3 0 0 1.08304

3
1 0 9923 0.823296
2 0 0 0.843408
3 0 0 1.01549

3
1 1 1 0.884218
2 0 0 1.05355
3 0 0 0.764631

5
1 0 8911 0.910297
2 0 5692 0.918349
4 0 0 0.929283
5 0 0 0.889195
3 0 0 0.698166

3
1 0 4466 0.890271
2 0 0 1.03986
3 0 0 0.87047

3
1 0 5079 0.861443
2 0 0 0.830442
3 0 0 0.87472

5
1 1 2 0.894343
2 0 0 0.793156
3 0 2845 0.955337
6 0 0 1.01144
7 0 0 0.921066

3
1 1 2 0.834142
2 0 0 0.79062
3 0 0 0.995609

5
1 0 3579 0.89034
2 1 2 0.981543
4 0 0 0.935214
5 0 0 0.871922
3 0 0 0.849414

3
1 0 9607 0.883161
2 0 0 0.842817
3 0 0 1.07785

5
1 1 1 0.832629
2 0 0 0.991807
3 1 2 0.845636
6 0 0 0.763294
7 0 0 0.988419

3
1 0 7066 1.00792
2 0 0 0.985789
3 0 0 0.871895

3
1 1 1 0.864702
2 0 0 0.967687
3 0 0 0.947297

3
1 1 2 0.907099
2 0 0 0.775363
3 0 0 0.90764

3
1 1 1 0.887006
2 0 0 1.03199
3 0 0 0.820884

5
1 0 8399 0.979001
2 0 7532 1.06651
4 0 0 1.05004
5 0 0 0.919419
3 0 0 0.917162

7
1 1 2 0.95
2 1 1 0.962497
4 0 0 1.19165
5 0 0 0.788871
3 0 7772 1.03082
6 0 0 1.11658
7 0 0 0.993998

7
1 0 1893 0.848193
2 0 0 0.995119
3 0 6156 1.02955
6 0 5407 1.04468
12 0 0 1.07863
13 0 0 0.949102
7 0 0 0.93825

3
1 0 3001 0.946231
2 0 0 0.9957
3 0 0 1.03682

1
1 0 0 0.845297

5
1 0 2053 0.827803
2 0 1328 0.967287
4 0 0 0.914617
5 0 0 0.918203
3 0 0 0.845717

3
1 1 1 0.874064
2 0 0 1.0605
3 0 0 0.841627

3
1 1 1 0.889505
2 0 0 0.890774
3 0 0 0.89251

5
1 1 1 0.894548
2 0 9177 0.99931
4 0 0 0.978631
5 0 0 0.984744
3 0 0 0.79347

1
1 0 0 0.801359

5
1 0 7905 0.941286
2 0 3827 0.950975
4 0 0 0.91891
5 0 0 1.05189
3 0 0 0.899938

3
1 1 1 0.821233
2 0 0 0.973739
3 0 0 0.828112

5
1 1 1 0.911313
2 0 9127 1.0494
4 0 0 0.983252
5 0 0 1.08963
3 0 0 0.984192

3
1 0 2329 0.969732
2 0 0 0.9061
3 0 0 0.957831

5
1 1 2 0.914109
2 0 0 0.838389
3 0 2013 0.992006
6 0 0 0.987503
7 0 0 1.10191

3
1 0 4443 0.857016
2 0 0 0.811704
3 0 0 0.843049

5
1 0 9462 0.805296
2 0 0 0.812448
3 1 1 0.990441
6 0 0 0.951607
7 0 0 0.865213

1
1 0 0 0.918577

1
1 0 0 0.838761

5
1 1 1 0.807064
2 0 0 1.03663
3 0 923 0.772183
6 0 0 0.840706
7 0 0 0.791696

1
1 0 0 0.820841

5
1 0 252 0.829748
2 0 188 0.939727
4 0 0 1.08762
5 0 0 0.955445
3 0 0 0.834977

3
1 1 2 0.844867
2 0 0 0.821354
3 0 0 0.935416

3
1 0 356 0.845045
2 0 0 1.0711
3 0 0 0.864887

3
1 1 1 0.900554
2 0 0 0.892967
3 0 0 0.895184

3
1 1 2 0.900139
2 0 0 0.812652
3 0 0 1.05018

3
1 0 8533 0.868497
2 0 0 0.858482
3 0 0 1.00276

3
1 1 1 0.982815
2 0 0 0.925183
3 0 0 0.789137

3
1 0 896 0.883562
2 0 0 1.00536
3 0 0 0.901235

3
1 0 6004 0.831879
2 0 0 0.927383
3 0 0 1.0135

1
1 0 0 0.663159

3
1 0 9480 0.937262
2 0 0 0.911613
3 0 0 0.997156

1
1 0 0 0.894123

7
1 1 1 0.893971
2 0 0 0.977551
3 1 2 0.924429
6 0 0 0.965119
7 0 7614 0.92851
14 0 0 0.989572
15 0 0 0.890789

1
1 0 0 0.827306

3
1 0 489 0.824286
2 0 0 1.00725
3 0 0 0.848197

3
1 0 579 0.823155
2 0 0 0.951861
3 0 0 0.833193

1
1 0 0 0.862185

1
1 0 0 0.730437

3
1 1 1 0.832658
2 0 0 1.07427
3 0 0 0.786014

3
1 1 1 0.943323
2 0 0 1.03865
3 0 0 0.903169

3
1 0 6284 0.983185
2 0 0 0.923529
3 0 0 0.874543

3
1 0 3868 0.963616
2 0 0 1.00707
3 0 0 0.854105

1
1 0 0 0.831876

5
1 1 1 0.935039
2 0 4247 1.0152
4 0 0 1.06197
5 0 0 1.02236
3 0 0 0.978187

3
1 1 2 0.878349
2 0 0 0.951435
3 0 0 0.905491

5
1 0 8393 0.870008
2 0 0 0.861404
3 1 1 0.884982
6 0 0 0.934069
7 0 0 0.882939

3
1 1 1 0.957866
2 0 0 0.854948
3 0 0 0.827936

9
1 0 1614 0.897932
2 1 2 0.930757
4 0 0 0.870102
5 0 0 1.01267
3 0 2973 0.908338
6 0 0 0.902968
7 1 1 0.878686
14 0 0 0.936007
15 0 0 0.90336

3
1 0 9731 0.960326
2 0 0 0.851933
3 0 0 0.996321

3
1 1 1 0.861431
2 0 0 1.0215
3 0 0 0.864934

3
1 1 1 0.881675
2 0 0 0.94612
3 0 0 0.849709

3
1 0 1044 0.885466
2 0 0 1.03276
3 0 0 0.979859

3
1 0 813 0.791697
2 0 0 0.959087
3 0 0 0.843912

3
1 1 1 0.833362
2 0 0 1.0006
3 0 0 0.85116

1
1 0 0 0.776629

1
1 0 0 0.89748

1
1 0 0 0.72649

3
1 0 1252 0.806718
2 0 0 0.986652
3 0 0 0.87359

3
1 0 8683 0.86693
2 0 0 0.879816
3 0 0 0.89861

3
1 0 161 0.770951
2 0 0 0.983566
3 0 0 0.81939

5
1 0 9894 0.862193
2 0 0 0.845788
3 1 1 1.01684
6 0 0 0.96105
7 0 0 0.941185

1
1 0 0 0.79102

3
1 1 1 0.908444
2 0 0 0.913648
3 0 0 0.882475

5
1 0 229 0.843999
2 0 178 0.946806
4 0 0 0.964671
5 0 0 0.959176
3 0 0 0.853016

3
1 1 1 0.854658
2 0 0 1.02865
3 0 0 0.789593

3
1 1 1 0.944082
2 0 0 1.05431
3 0 0 1.00399

3
1 1 2 0.896971
2 0 0 0.835683
3 0 0 1.04168

3
1 0 905 0.829287
2 0 0 0.893526
3 0 0 0.806588

3
1 1 1 0.871193
2 0 0 1.02484
3 0 0 0.836949

3
1 1 1 0.820312
2 0 0 1.05507
3 0 0 0.851403

3
1 1 1 0.859355
2 0 0 0.95055
3 0 0 0.763506

5
1 0 9940 0.810377
2 0 0 0.862637
3 0 9981 1.00211
6 0 0 0.970828
7 0 0 1.00251

3
1 1 2 0.897677
2 0 0 0.934313
3 0 0 0.940155

3
1 1 1 0.854204
2 0 0 1.14772
3 0 0 0.809402

3
1 0 313 0.831306
2 0 0 0.836851
3 0 0 0.804302

1
1 0 0 0.770046

1
1 0 0 0.911629

5
1 0 8522 0.846528
2 1 1 0.925609
4 0 0 0.91388
5 0 0 0.894166
3 0 0 0.945678

3
1 1 1 0.922175
2 0 0 1.00111
3 0 0 0.7484

1
1 0 0 0.827011

5
1 1 1 0.899838
2 0 1103 1.1322
4 0 0 0.965552
5 0 0 1.15416
3 0 0 0.85481

5
1 0 2558 0.940018
2 0 0 0.968853
3 0 7802 0.93284
6 0 0 0.935324
7 0 0 0.918518

1
1 0 0 0.811542

7
1 0 5073 0.910688
2 0 0 0.815265
3 0 8957 0.899325
6 0 8713 0.941616
12 0 0 0.923136
13 0 0 1.01119
7 0 0 0.858908

1
1 0 0 0.863614

1
1 0 0 0.71442

3
1 1 1 0.901986
2 0 0 1.03027
3 0 0 0.842277

1
1 0 0 0.753891

3
1 1 1 0.8708
2 0 0 0.88802
3 0 0 0.865136

3
1 0 7653 0.880041
2 0 0 0.909076
3 0 0 0.835201

3
1 0 900 0.85189
2 0 0 0.978922
3 0 0 0.805748

1
1 0 0 0.81885

3
1 1 2 0.889755
2 0 0 0.796403
3 0 0 1.01379

1
1 0 0 0.927749

5
1 1 2 0.865019
2 0 0 0.925554
3 0 9536 1.02083
6 0 0 1.11386
7 0 0 1.01734

3
1 1 1 0.871197
2 0 0 1.02025
3 0 0 0.745225

7
1 1 2 0.936547
2 0 0 0.937511
3 0 7418 0.946479
6 0 7133 0.977222
12 0 0 1.03878
13 0 0 0.945845
7 0 0 0.887504

3
1 0 871 0.881807
2 0 0 1.01502
3 0 0 0.85654

3
1 0 107 0.769597
2 0 0 0.891159
3 0 0 0.736548

5
1 0 9514 0.78958
2 0 0 0.872993
3 0 9867 1.0258
6 0 0 1.01241
7 0 0 0.949937

1
1 0 0 0.839017

1
1 0 0 0.914739

3
1 1 1 0.872707
2 0 0 0.957429
3 0 0 0.918208

3
1 1 1 0.896734
2 0 0 1.09671
3 0 0 0.763083

3
1 1 1 0.890124
2 0 0 0.946124
3 0 0 0.871079

3
1 1 1 0.934859
2 0 0 0.988203
3 0 0 0.810103

5
1 0 39 0.953524
2 0 0 0.968883
3 0 4250 0.947471
6 0 0 0.93289
7 0 0 0.917973

5
1 1 2 0.887518
2 1 1 0.871063
4 0 0 0.955518
5 0 0 0.86725
3 0 0 0.985121

5
1 1 2 0.851437
2 1 1 0.953873
4 0 0 0.994908
5 0 0 0.911524
3 0 0 1.1077

3
1 0 4841 0.924254
2 0 0 0.996345
3 0 0 0.899666

3
1 0 3756 0.891558
2 0 0 1.08427
3 0 0 0.940983

5
1 0 5223 0.945896
2 0 4607 1.00146
4 0 0 1.00397
5 0 0 1.10487
3 0 0 0.885031

3
1 0 9899 0.888235
2 0 0 0.852919
3 0 0 0.96031

3
1 1 1 0.783105
2 0 0 1.01126
3 0 0 0.92354

3
1 1 2 0.843135
2 0 0 0.795596
3 0 0 0.815783

1
1 0 0 0.876902

5
1 0 7443 0.903908
2 0 0 1.00161
3 0 7878 0.890973
6 0 0 1.02155
7 0 0 0.88419

3
1 1 1 0.862532
2 0 0 0.987009
3 0 0 0.820518

1
1 0 0 0.862358

1
1 0 0 0.845795

1
1 0 0 0.930778

3
1 0 1829 0.812529
2 0 0 0.786952
3 0 0 0.845297

3
1 1 2 0.878191
2 0 0 0.823723
3 0 0 0.909906

1
1 0 0 0.84436

1
1 0 0 0.818828

3
1 0 6754 0.905142
2 0 0 0.980592
3 0 0 0.930588

7
1 1 1 0.931996
2 0 5780 0.96972
4 0 0 0.951069
5 0 0 0.993146
3 1 2 0.977952
6 0 0 0.882824
7 0 0 1.0615

3
1 1 1 0.922008
2 0 0 0.945107
3 0 0 0.920439

5
1 1 2 0.890663
2 1 1 0.918252
4 0 0 0.918556
5 0 0 0.954079
3 0 0 0.838454

1
1 0 0 0.799343

3
1 0 957 0.799946
2 0 0 1.04386
3 0 0 0.783044

3
1 1 2 0.826146
2 0 0 0.889541
3 0 0 0.945003

3
1 1 1 0.795876
2 0 0 1.04869
3 0 0 0.77483

3
1 1 1 0.840725
2 0 0 0.988369
3 0 0 0.838967

3
1 0 9855 0.781709
2 0 0 0.76084
3 0 0 0.895526

5
1 0 4448 0.852164
2 0 4191 0.914303
4 0 0 0.955173
5 0 0 1.1
3 0 0 0.827095

3
1 0 9682 0.792625
2 0 0 0.804982
3 0 0 0.960034

3
1 1 2 0.954854
2 0 0 0.77167
3 0 0 1.06746

3
1 1 1 0.825524
2 0 0 1.07456
3 0 0 0.811835

5
1 1 1 0.880288
2 0 9587 1.02551
4 0 0 1.03852
5 0 0 0.923514
3 0 0 0.775484

5
1 0 3555 0.988941
2 0 1393 1.01746
4 0 0 0.830751
5 0 0 0.99251
3 0 0 0.876529

3
1 1 2 0.816669
2 0 0 0.917394
3 0 0 1.07965

1
1 0 0 0.817999

1
1 0 0 0.756287

3
1 1 2 0.925501
2 0 0 0.801485
3 0 0 1.06854

1
1 0 0 0.801507

5
1 1 1 0.847166
2 0 7609 0.901552
4 0 0 1.03686
5 0 0 0.949453
3 0 0 0.820106

3
1 1 2 0.964615
2 0 0 0.850977
3 0 0 0.972575

3
1 0 8955 0.889912
2 0 0 1.00396
3 0 0 0.972615

3
1 1 1 1.0658
2 0 0 0.881947
3 0 0 0.912454

3
1 1 1 0.859026
2 0 0 0.970525
3 0 0 0.863416

3
1 0 7674 0.926606
2 0 0 0.967786
3 0 0 0.937549

1
1 0 0 0.878907

3
1 1 1 0.8694
2 0 0 1.0232
3 0 0 0.825144

3
1 1 1 0.785174
2 0 0 1.0727
3 0 0 0.833404

3
1 1 1 0.892275
2 0 0 1.09187
3 0 0 0.823881

1
1 0 0 0.838517

3
1 0 177 0.96687
2 0 0 0.875822
3 0 0 0.926255

3
1 0 9979 0.751735
2 0 0 0.818111
3 0 0 1.026

3
1 1 1 0.890698
2 0 0 0.979191
3 0 0 0.814473

3
1 0 7199 0.890149
2 0 0 0.869333
3 0 0 0.946086

1
1 0 0 0.746044

5
1 0 9691 0.757382
2 0 0 0.830475
3 0 9909 0.95478
6 0 0 1.11531
7 0 0 0.96919

3
1 0 1261 0.949426
2 0 0 1.06004
3 0 0 0.894287

1
1 0 0 0.773418

3
1 0 2400 0.841275
2 0 0 0.954598
3 0 0 0.856285

3
1 0 1569 0.814793
2 0 0 0.968491
3 0 0 0.797354

3
1 1 2 0.890447
2 0 0 0.768283
3 0 0 0.936007

1
1 0 0 0.921111

3
1 1 1 0.808733
2 0 0 0.961387
3 0 0 0.831986

3
1 1 1 0.929701
2 0 0 1.07229
3 0 0 0.84584

3
1 0 886 0.81765
2 0 0 1.06246
3 0 0 0.824222

1
1 0 0 0.777577

5
1 0 3369 0.97807
2 1 1 0.904164
4 0 0 0.951617
5 0 0 0.878699
3 0 0 0.901067

3
1 1 1 0.83039
2 0 0 0.931054
3 0 0 0.845205

3
1 0 7754 1.00393
2 0 0 0.914803
3 0 0 0.853658

3
1 0 4 0.859599
2 0 0 1.16297
3 0 0 0.903403

1
1 0 0 0.887405

3
1 1 1 0.922175
2 0 0 1.10944
3 0 0 0.895476

3
1 0 5695 0.914846
2 0 0 0.919448
3 0 0 0.720036

3
1 0 8841 0.796788
2 0 0 0.83677
3 0 0 0.828089

3
1 0 9390 0.889987
2 0 0 0.816416
3 0 0 0.94195

5
1 0 1547 0.883498
2 0 0 0.91675
3 0 9059 0.901523
6 0 0 0.901183
7 0 0 0.92033

3
1 0 3575 0.928404
2 0 0 0.936437
3 0 0 0.827697

3
1 1 1 0.862748
2 0 0 0.874933
3 0 0 0.879797

3
1 1 1 0.918458
2 0 0 1.01108
3 0 0 0.940326

3
1 0 3612 0.810073
2 0 0 0.943022
3 0 0 0.847152

3
1 0 229 0.785318
2 0 0 1.09744
3 0 0 0.782407

1
1 0 0 0.780434

3
1 0 9581 0.828174
2 0 0 0.879792
3 0 0 0.867508

1
1 0 0 0.838945

1
1 0 0 0.720975

1
1 0 0 0.846297

5
1 0 8496 0.892038
2 0 0 0.957638
3 0 9581 0.930432
6 0 0 0.872046
7 0 0 1.12105

3
1 0 3594 0.839155
2 0 0 1.05065
3 0 0 0.787229

3
1 0 7942 0.827905
2 0 0 0.896805
3 0 0 0.94688

3
1 1 1 0.927986
2 0 0 0.93529
3 0 0 0.769312

3
1 1 2 0.86491
2 0 0 0.874342
3 0 0 0.925803

11
1 0 2946 0.842284
2 1 1 0.903667
4 0 773 0.98339
8 0 0 0.967075
9 0 0 1.00347
5 0 0 0.91589
3 0 3473 0.815481
6 1 1 0.941216
12 0 0 0.954431
13 0 0 0.963476
7 0 0 0.873572

1
1 0 0 0.777077

1
1 0 0 0.746712

5
1 0 399 0.779991
2 1 2 1.14245
4 0 0 1.21879
5 0 0 0.92554
3 0 0 0.902938

3
1 1 1 0.836134
2 0 0 1.06481
3 0 0 0.961401

5
1 0 6192 0.873822
2 0 3667 0.897608
4 0 0 0.947395
5 0 0 0.901102
3 0 0 0.841097

1
1 0 0 0.792954

3
1 1 1 0.934859
2 0 0 0.866979
3 0 0 0.824169

1
1 0 0 0.762681

3
1 0 3691 1.02282
2 0 0 0.873271
3 0 0 0.988295

3
1 0 9641 0.825284
2 0 0 0.936208
3 0 0 0.934493

3
1 1 1 0.968278
2 0 0 1.10065
3 0 0 0.830648

3
1 0 9042 0.832144
2 0 0 0.943136
3 0 0 0.905147

5
1 1 1 0.899563
2 0 0 0.928554
3 1 2 0.85258
6 0 0 0.835401
7 0 0 1.13108

3
1 1 1 0.922577
2 0 0 0.964814
3 0 0 0.812236

3
1 0 9883 0.878688
2 0 0 0.810016
3 0 0 1.15036

3
1 0 4320 0.93361
2 0 0 1.0183
3 0 0 0.885858

3
1 1 1 0.872568
2 0 0 0.923409
3 0 0 0.86204

3
1 1 1 0.843586
2 0 0 1.09519
3 0 0 0.920721

9
1 0 6328 0.930517
2 0 0 0.957269
3 0 6386 1.03615
6 0 6355 0.937505
12 0 0 1.01847
13 0 0 1.01739
7 0 7543 0.976265
14 0 0 0.922132
15 0 0 0.905404

5
1 0 5212 0.903332
2 0 0 0.981516
3 1 1 0.932136
6 0 0 0.971905
7 0 0 0.901327

3
1 1 1 0.935097
2 0 0 0.964989
3 0 0 1.00444

3
1 1 1 0.88761
2 0 0 0.948969
3 0 0 0.936266

3
1 1 1 0.853951
2 0 0 0.930845
3 0 0 0.846936

1
1 0 0 0.950672

3
1 1 1 0.86675
2 0 0 0.900084
3 0 0 0.870517

3
1 1 2 0.884376
2 0 0 0.842971
3 0 0 0.921914

1
1 0 0 0.832438

1
1 0 0 0.84532

5
1 0 7954 0.86565
2 1 1 1.03099
4 0 0 0.947974
5 0 0 0.951757
3 0 0 0.947334

1
1 0 0 0.767762

3
1 0 91 0.863141
2 0 0 0.924554
3 0 0 0.833105

5
1 0 9950 0.787211
2 1 2 0.911048
4 0 0 0.807034
5 0 0 0.917387
3 0 0 1.03598

3
1 1 2 0.828754
2 0 0 0.870615
3 0 0 1.03475

3
1 0 1852 0.942277
2 0 0 1.02024
3 0 0 0.980847

3
1 1 1 0.850088
2 0 0 1.01544
3 0 0 0.842822

5
1 1 1 0.922865
2 0 1676 1.02084
4 0 0 0.962198
5 0 0 0.956839
3 0 0 0.89487

3
1 1 1 0.861482
2 0 0 0.974858
3 0 0 0.79636

1
1 0 0 0.805948

5
1 1 1 0.859199
2 0 3119 0.976211
4 0 0 1.04673
5 0 0 0.931098
3 0 0 0.834007

1
1 0 0 0.820509

3
1 1 1 0.981471
2 0 0 0.957631
3 0 0 0.940192

5
1 0 266 0.804824
2 0 0 0.952253
3 0 9853 0.975504
6 0 0 0.926888
7 0 0 1.00332

3
1 1 1 0.919144
2 0 0 0.983773
3 0 0 0.898117

3
1 0 1353 0.853109
2 0 0 0.97873
3 0 0 0.726888

5
1 0 107 0.930296
2 0 55 0.977092
4 0 0 1.06697
5 0 0 0.92041
3 0 0 0.912035

5
1 1 1 0.857094
2 0 0 0.978929
3 0 9651 0.826918
6 0 0 0.842918
7 0 0 0.976418

1
1 0 0 0.759062

3
1 0 9608 0.96141
2 0 0 0.819893
3 0 0 0.973914

3
1 1 2 0.828696
2 0 0 0.85146
3 0 0 1.12402

3
1 0 694 0.846879
2 0 0 0.931786
3 0 0 0.842902

3
1 0 3183 0.816512
2 0 0 0.882561
3 0 0 0.920229

3
1 1 2 0.933682
2 0 0 0.672762
3 0 0 0.987539

3
1 1 1 0.885843
2 0 0 0.937456
3 0 0 0.822662

1
1 0 0 0.809299

5
1 0 5674 0.903445
2 0 0 1.03747
3 0 8458 0.913725
6 0 0 0.917601
7 0 0 1.00456

3
1 1 1 0.785174
2 0 0 1.03621
3 0 0 0.840527

3
1 0 7247 0.83148
2 0 0 0.868586
3 0 0 0.947515

3
1 1 1 0.898394
2 0 0 0.926758
3 0 0 0.79917

3
1 0 9899 0.909288
2 0 0 0.851833
3 0 0 1.07479

5
1 1 2 0.899511
2 0 0 0.881392
3 0 8280 0.844019
6 0 0 0.904892
7 0 0 0.98592

3
1 1 1 0.862372
2 0 0 0.906617
3 0 0 0.879071

3
1 0 1104 0.989016
2 0 0 0.993625
3 0 0 0.954341

1
1 0 0 0.834475

3
1 1 1 0.840521
2 0 0 1.04087
3 0 0 0.888563

5
1 1 1 0.868014
2 0 4562 1.03975
4 0 0 0.975864
5 0 0 1.12408
3 0 0 0.798614

5
1 0 9884 0.759901
2 1 1 0.849594
4 0 0 0.896432
5 0 0 0.873896
3 0 0 1.07449

3
1 0 984 0.865967
2 0 0 0.981369
3 0 0 0.830627

7
1 1 1 0.863794
2 0 6331 1.05326
4 0 0 0.895757
5 0 9856 0.972827
10 0 0 0.895535
11 0 0 1.00052
3 0 0 0.905085

3
1 0 749 0.906202
2 0 0 1.10233
3 0 0 0.843831

5
1 1 1 0.964688
2 0 149 1.22016
4 0 0 0.945758
5 0 0 1.21619
3 0 0 0.785798

3
1 0 7501 0.911367
2 0 0 0.914643
3 0 0 0.898851

9
1 0 6641 0.887359
2 0 3807 0.885303
4 0 0 0.870081
5 0 0 1.16296
3 0 8750 0.92755
6 0 0 0.905939
7 1 1 0.827995
14 0 0 0.899733
15 0 0 0.846306

3
1 0 49 0.72885
2 0 0 1.10942
3 0 0 0.700266

3
1 1 1 0.919704
2 0 0 1.01061
3 0 0 0.733855

3
1 1 1 0.923567
2 0 0 1.0782
3 0 0 0.826307

3
1 1 2 0.883461
2 0 0 0.847548
3 0 0 0.924661

5
1 1 2 0.807221
2 0 0 0.852722
3 0 1723 0.901142
6 0 0 0.92516
7 0 0 0.888497

1
1 0 0 0.71607

3
1 0 3850 0.900784
2 0 0 0.977821
3 0 0 0.874999

3
1 0 717 0.95399
2 0 0 1.01784
3 0 0 0.761082

3
1 0 8656 0.919808
2 0 0 0.947911
3 0 0 0.88223

7
1 0 3225 0.841773
2 1 2 1.00214
4 0 0 0.875489
5 0 1321 0.908399
10 0 0 1.02265
11 0 0 1.13176
3 0 0 0.930482

3
1 1 1 0.914811
2 0 0 0.888156
3 0 0 0.84793

3
1 1 2 0.837769
2 0 0 0.87955
3 0 0 0.988305

1
1 0 0 0.747687

3
1 1 1 0.846582
2 0 0 0.944288
3 0 0 0.831114

3
1 0 396 0.816163
2 0 0 0.968425
3 0 0 0.711211

3
1 0 807 0.848529
2 0 0 1.07646
3 0 0 0.86809

1
1 0 0 0.752624

3
1 1 2 0.839964
2 0 0 0.851169
3 0 0 0.958854

3
1 0 1282 0.841444
2 0 0 0.921408
3 0 0 0.836209

3
1 1 2 0.922
2 0 0 0.963297
3 0 0 0.962646

5
1 1 2 0.892891
2 0 0 0.913058
3 0 6244 0.937002
6 0 0 0.846751
7 0 0 0.838578

3
1 1 1 0.931127
2 0 0 0.937446
3 0 0 0.811612

3
1 0 9073 0.862395
2 0 0 0.840493
3 0 0 0.854188

3
1 1 1 0.803971
2 0 0 1.05331
3 0 0 0.774122

1
1 0 0 0.754191

3
1 0 1559 0.812813
2 0 0 0.90049
3 0 0 0.845264

3
1 1 2 0.89078
2 0 0 0.928347
3 0 0 0.947031

1
1 0 0 0.821

3
1 1 1 0.865956
2 0 0 0.87756
3 0 0 0.825768

5
1 0 9679 0.79211
2 0 0 0.791023
3 0 9955 0.996057
6 0 0 1.04855
7 0 0 0.931853

3
1 0 9724 0.963235
2 0 0 0.825972
3 0 0 0.980373

5
1 0 1533 0.914222
2 1 1 0.985583
4 0 0 1.07104
5 0 0 0.890876
3 0 0 0.943778

3
1 0 6931 0.962575
2 0 0 1.007
3 0 0 0.973126

1
1 0 0 0.780343

3
1 1 1 0.844643
2 0 0 0.944156
3 0 0 0.726706

3
1 1 1 0.929472
2 0 0 0.904995
3 0 0 0.803464

3
1 0 3614 0.88905
2 0 0 0.842802
3 0 0 0.966806

3
1 1 1 0.834447
2 0 0 1.07066
3 0 0 0.871904

1
1 0 0 0.827486

1
1 0 0 0.823181

3
1 1 1 0.941219
2 0 0 1.03766
3 0 0 0.829888

3
1 0 7193 0.889621
2 0 0 0.956428
3 0 0 0.88324

3
1 0 9655 0.877139
2 0 0 0.901472
3 0 0 1.11809

3
1 1 2 0.906929
2 0 0 0.895033
3 0 0 0.920018

5
1 0 5150 0.854352
2 0 0 1.07635
3 0 6549 0.990366
6 0 0 1.04284
7 0 0 0.84035

3
1 1 2 0.758751
2 0 0 0.696082
3 0 0 0.944842

7
1 0 9439 0.951336
2 0 0 0.819456
3 0 9827 1.03361
6 0 9629 1.1013
12 0 0 1.01937
13 0 0 0.965044
7 0 0 1.103

5
1 1 1 0.963802
2 0 3835 0.958323
4 0 0 1.01575
5 0 0 0.950017
3 0 0 0.932299

1
1 0 0 0.90954

3
1 0 9359 0.86413
2 0 0 0.837069
3 0 0 0.973983

3
1 1 1 0.808229
2 0 0 0.97211
3 0 0 0.847912

7
1 1 1 0.959223
2 0 0 0.847291
3 1 2 0.834133
6 0 0 1.00243
7 0 4434 0.957371
14 0 0 1.01205
15 0 0 1.09657

3
1 1 1 0.855173
2 0 0 1.12898
3 0 0 0.834169

3
1 1 1 0.873954
2 0 0 0.892458
3 0 0 0.917764

3
1 0 9623 0.884788
2 0 0 0.86337
3 0 0 0.990339

3
1 1 2 0.905668
2 0 0 1.04434
3 0 0 0.946923

3
1 1 1 0.935331
2 0 0 1.03978
3 0 0 0.839153

1
1 0 0 0.963023

3
1 1 1 0.875704
2 0 0 0.915805
3 0 0 0.866929

3
1 1 1 0.786133
2 0 0 0.84874
3 0 0 0.766923

3
1 0 6192 0.931464
2 0 0 0.914611
3 0 0 0.854595

3
1 0 9924 0.908852
2 0 0 0.812605
3 0 0 0.992104

3
1 1 1 0.859497
2 0 0 0.950503
3 0 0 0.888256

5
1 1 2 0.907996
2 0 0 0.888622
3 0 5003 0.956173
6 0 0 0.944594
7 0 0 0.92645

3
1 1 2 0.855925
2 0 0 0.842717
3 0 0 1.00237

3
1 1 1 0.914199
2 0 0 1.06947
3 0 0 0.812233

3
1 1 1 0.893504
2 0 0 1.03664
3 0 0 0.820124

3
1 1 1 0.887912
2 0 0 0.939486
3 0 0 0.828475

3
1 1 2 0.812279
2 0 0 0.81511
3 0 0 0.939978

3
1 0 9085 0.901315
2 0 0 0.92205
3 0 0 0.852261

1
1 0 0 0.741041

3
1 0 9797 0.824377
2 0 0 0.850656
3 0 0 0.953539

3
1 1 1 0.956617
2 0 0 0.891419
3 0 0 0.832573

5
1 0 4336 0.93664
2 0 0 1.01184
3 1 1 0.895076
6 0 0 1.00459
7 0 0 0.930754

3
1 0 2297 0.951825
2 0 0 1.09889
3 0 0 0.890516

3
1 1 1 0.822708
2 0 0 0.983739
3 0 0 0.872463

3
1 1 1 0.830635
2 0 0 1.08922
3 0 0 0.846686

3
1 0 9783 0.805517
2 0 0 0.756592
3 0 0 0.960245

3
1 0 875 0.798209
2 0 0 1.00258
3 0 0 0.865771

3
1 1 2 0.902039
2 0 0 0.92981
3 0 0 1.01164

3
1 1 1 0.810108
2 0 0 0.825935
3 0 0 0.775079

3
1 1 2 0.995355
2 0 0 0.943837
3 0 0 1.12622

5
1 0 394 0.755956
2 0 371 0.955284
4 0 0 1.03464
5 0 0 1.01629
3 0 0 0.773646

5
1 1 2 0.912079
2 0 0 0.879566
3 0 3159 0.950508
6 0 0 1.01329
7 0 0 0.92379

3
1 0 1420 0.894987
2 0 0 0.80286
3 0 0 0.860227

7
1 1 1 0.846904
2 0 0 0.973353
3 0 1812 0.964435
6 0 0 0.999874
7 0 6249 0.915469
14 0 0 1.01636
15 0 0 0.881833

3
1 0 4202 0.828124
2 0 0 0.920679
3 0 0 0.808849

1
1 0 0 0.89897

1
1 0 0 0.86799

1
1 0 0 0.854268

3
1 0 3523 0.977187
2 0 0 0.947793
3 0 0 0.716189

1
1 0 0 0.767581

1
1 0 0 0.875912

5
1 0 108 0.813666
2 0 55 1.05697
4 0 0 0.979424
5 0 0 1.03959
3 0 0 0.879573

7
1 1 2 0.892329
2 0 0 0.893621
3 0 1218 1.04739
6 0 445 1.11799
12 0 0 0.994697
13 0 0 0.971551
7 0 0 1.10761

3
1 0 2830 0.852929
2 0 0 1.00755
3 0 0 0.774618

3
1 1 2 0.914354
2 0 0 0.833676
3 0 0 1.02633

1
1 0 0 0.808029

5
1 0 3701 0.973639
2 0 0 0.958493
3 1 2 0.945984
6 0 0 1.00619
7 0 0 0.941615

5
1 0 6272 0.905715
2 1 2 0.859167
4 0 0 1.03947
5 0 0 1.02946
3 0 0 0.963592

3
1 0 3322 0.855158
2 0 0 0.902005
3 0 0 0.872026

3
1 1 1 0.919704
2 0 0 0.924784
3 0 0 0.838127

7
1 0 5842 0.883275
2 1 2 0.990592
4 0 0 0.898906
5 0 0 0.818383
3 0 6528 1.01926
6 0 0 0.960793
7 0 0 0.983463

5
1 1 1 0.833213
2 0 7984 1.05206
4 0 0 1.00597
5 0 0 0.924725
3 0 0 0.817811

3
1 1 1 0.861597
2 0 0 1.0551
3 0 0 0.85405

1
1 0 0 0.84114

3
1 0 3964 0.9821
2 0 0 0.860185
3 0 0 0.796966

5
1 0 494 0.789305
2 0 184 1.05287
4 0 0 1.01724
5 0 0 1.00726
3 0 0 0.788408

3
1 1 1 0.848592
2 0 0 1.02646
3 0 0 0.850218

9
1 1 2 0.787641
2 1 1 0.953261
4 0 0 0.964149
5 0 0 1.00897
3 0 5763 0.930662
6 0 0 0.94158
7 0 9726 1.07644
14 0 0 0.968369
15 0 0 0.874909

1
1 0 0 0.846299

3
1 1 2 0.884966
2 0 0 0.85626
3 0 0 0.978857

3
1 0 467 0.829784
2 0 0 1.00513
3 0 0 0.750055

3
1 1 2 0.881518
2 0 0 0.905747
3 0 0 1.01909

3
1 1 1 0.83038
2 0 0 0.984929
3 0 0 0.930454

3
1 1 2 0.858255
2 0 0 0.888243
3 0 0 1.02319

3
1 1 1 0.797048
2 0 0 1.00995
3 0 0 0.681711

3
1 0 556 0.889245
2 0 0 0.947782
3 0 0 0.812544

1
1 0 0 0.745423

3
1 0 1023 0.832449
2 0 0 0.955002
3 0 0 0.760275

7
1 0 3306 0.858162
2 0 1686 0.950248
4 0 0 0.83129
5 0 0 0.924187
3 1 2 0.87903
6 0 0 0.836974
7 0 0 0.909247

3
1 1 1 0.800245
2 0 0 0.985593
3 0 0 0.776068

5
1 0 4236 0.966534
2 0 0 0.884997
3 1 1 0.900037
6 0 0 1.0662
7 0 0 0.847558

1
1 0 0 0.7595

5
1 0 2815 0.917315
2 0 0 0.915886
3 0 7053 0.876394
6 0 0 1.03781
7 0 0 0.81541

3
1 1 1 0.821411
2 0 0 0.97761
3 0 0 0.85068

3
1 0 9565 0.754156
2 0 0 0.880812
3 0 0 1.03889

3
1 0 8072 0.878517
2 0 0 0.855442
3 0 0 0.897694

3
1 0 1383 0.767836
2 0 0 0.814509
3 0 0 0.748514

1
1 0 0 0.68919

5
1 0 6293 0.887484
2 0 0 0.947502
3 1 1 0.927911
6 0 0 0.924868
7 0 0 0.960072

3
1 1 2 0.84149
2 0 0 0.894777
3 0 0 0.827341

3
1 0 9465 0.850561
2 0 0 0.844818
3 0 0 0.803108

3
1 1 1 0.930191
2 0 0 1.0353
3 0 0 0.865555

1
1 0 0 0.78423

5
1 0 784 0.948601
2 0 0 0.902901
3 1 1 0.997437
6 0 0 0.979139
7 0 0 0.966292

3
1 0 5979 0.956171
2 0 0 1.0292
3 0 0 0.880653

3
1 1 1 0.837935
2 0 0 0.986179
3 0 0 0.809051

3
1 1 1 0.868249
2 0 0 0.931093
3 0 0 0.764887

3
1 1 1 0.934762
2 0 0 0.91167
3 0 0 0.908387

5
1 0 9625 0.809007
2 0 3666 0.85683
4 0 0 0.851977
5 0 0 0.854353
3 0 0 1.00242

1
1 0 0 0.791377

5
1 1 2 0.873001
2 0 0 0.838992
3 0 7010 0.91722
6 0 0 0.979545
7 0 0 0.949179

3
1 1 1 0.805118
2 0 0 0.884323
3 0 0 0.815444

7
1 0 6584 0.930481
2 0 0 0.834862
3 0 7564 0.869631
6 0 6801 1.03883
12 0 0 0.90991
13 0 0 0.969052
7 0 0 0.815002

5
1 0 8001 0.867965
2 0 0 0.872126
3 1 2 0.957526
6 0 0 0.924989
7 0 0 0.834995

1
1 0 0 0.887605

1
1 0 0 0.890825

3
1 1 2 0.859921
2 0 0 0.788844
3 0 0 1.00181

3
1 0 3067 0.894125
2 0 0 0.997992
3 0 0 0.875508

3
1 0 9924 0.902977
2 0 0 0.874829
3 0 0 1.00301

3
1 1 1 0.910685
2 0 0 1.02395
3 0 0 0.852982

3
1 1 1 0.896761
2 0 0 0.95799
3 0 0 0.816932

3
1 0 4416 0.946476
2 0 0 0.880579
3 0 0 1.01861

3
1 1 1 0.820779
2 0 0 0.811958
3 0 0 0.829697

3
1 1 1 0.927262
2 0 0 1.02788
3 0 0 0.854066

7
1 1 1 0.935331
2 0 1421 0.967386
4 0 0 0.975689
5 0 0 1.03087
3 0 6531 0.901167
6 0 0 0.939604
7 0 0 0.875796

1
1 0 0 0.802689

3
1 0 2497 0.939535
2 0 0 0.883069
3 0 0 0.972155

3
1 1 1 0.909773
2 0 0 1.00392
3 0 0 0.875241

5
1 0 9138 0.977198
2 0 0 1.01055
3 1 1 0.931396
6 0 0 0.999752
7 0 0 0.7768

3
1 1 1 0.874162
2 0 0 0.97418
3 0 0 0.824928

3
1 1 2 0.876335
2 0 0 0.919033
3 0 0 0.915857

3
1 0 1348 0.833933
2 0 0 0.933019
3 0 0 0.838421

3
1 1 1 0.891841
2 0 0 1.04864
3 0 0 0.900588

3
1 1 1 0.864507
2 0 0 1.00193
3 0 0 0.817683

5
1 0 2326 1.06233
2 0 0 1.08391
3 0 3088 0.762863
6 0 0 0.983725
7 0 0 0.768426

7
1 0 3105 1.01185
2 0 119 0.999829
4 0 0 0.874315
5 0 0 0.970626
3 0 9876 0.9378
6 0 0 0.867575
7 0 0 1.00119

3
1 0 5554 0.879952
2 0 0 0.895408
3 0 0 0.916716

3
1 1 1 0.873185
2 0 0 0.973
3 0 0 0.890002

3
1 1 1 0.89301
2 0 0 0.906919
3 0 0 0.860912

5
1 0 2754 0.930836
2 0 0 0.979841
3 0 9549 0.927559
6 0 0 0.877896
7 0 0 1.01619

3
1 0 6 0.882042
2 0 0 1.08181
3 0 0 0.898747

3
1 0 1996 0.868097
2 0 0 0.842719
3 0 0 0.893424

3
1 1 2 0.893017
2 0 0 0.86778
3 0 0 0.924098

1
1 0 0 0.791696

3
1 1 1 0.830635
2 0 0 1.01486
3 0 0 0.793215

3
1 0 555 0.799623
2 0 0 1.00453
3 0 0 0.787055

3
1 1 1 0.888068
2 0 0 0.956216
3 0 0 0.788011

1
1 0 0 0.83541

5
1 1 1 0.810108
2 0 0 1.16349
3 0 7392 0.886338
6 0 0 0.911503
7 0 0 0.90518

3
1 1 2 0.881593
2 0 0 0.764705
3 0 0 0.901689

5
1 1 1 0.961387
2 0 5452 0.974538
4 0 0 1.00888
5 0 0 1.01281
3 0 0 0.970877

3
1 1 2 0.883504
2 0 0 0.849285
3 0 0 1.0626

5
1 0 7785 0.902421
2 0 0 0.916093
3 0 9232 0.896605
6 0 0 0.904026
7 0 0 0.913072

3
1 0 1564 0.859427
2 0 0 1.07782
3 0 0 0.772661

3
1 0 1946 0.887938
2 0 0 1.0345
3 0 0 0.805386

3
1 1 1 0.848749
2 0 0 1.02507
3 0 0 0.937302

3
1 0 6352 0.851409
2 0 0 0.999642
3 0 0 0.785562

3
1 0 10 0.855339
2 0 0 0.99639
3 0 0 0.891026

3
1 1 1 0.81301
2 0 0 0.990278
3 0 0 0.815744

5
1 0 2172 0.881979
2 1 1 0.885199
4 0 0 0.960851
5 0 0 0.828348
3 0 0 0.794114

5
1 1 2 0.836918
2 0 0 0.853994
3 0 2986 0.887629
6 0 0 0.963942
7 0 0 0.986275

1
1 0 0 0.853227

1
1 0 0 0.91401

5
1 1 1 0.891217
2 0 2798 0.919252
4 0 0 0.898343
5 0 0 1.12449
3 0 0 0.882503

1
1 0 0 0.844289

1
1 0 0 0.746368

5
1 0 9924 0.731086
2 0 0 0.822891
3 1 1 1.02274
6 0 0 0.990424
7 0 0 1.05274

3
1 0 7644 0.882425
2 0 0 0.952586
3 0 0 0.8455

3
1 0 2840 0.862846
2 0 0 0.825202
3 0 0 0.828961

3
1 0 2421 0.859804
2 0 0 0.875214
3 0 0 0.863837

3
1 1 2 0.857
2 0 0 0.878307
3 0 0 0.867022

3
1 1 1 0.936116
2 0 0 0.928274
3 0 0 0.869192

5
1 1 1 0.957092
2 0 0 1.00031
3 0 1675 0.990605
6 0 0 0.924427
7 0 0 0.96643

3
1 0 9465 0.930384
2 0 0 0.907465
3 0 0 1.05768

5
1 0 140 0.812839
2 0 93 1.02399
4 0 0 0.954756
5 0 0 1.05523
3 0 0 0.885268

3
1 1 1 0.881447
2 0 0 0.844468
3 0 0 0.912631

5
1 0 9695 0.806478
2 1 2 0.90217
4 0 0 0.778699
5 0 0 1.00109
3 0 0 1.05813

5
1 0 9877 0.858817
2 0 0 0.797794
3 0 9984 0.921681
6 0 0 0.904961
7 0 0 0.998282

1
1 0 0 0.832968

3
1 0 1881 0.909811
2 0 0 0.84405
3 0 0 0.825136

3
1 0 2903 0.90304
2 0 0 1.04778
3 0 0 0.929911

3
1 1 2 0.895968
2 0 0 0.887704
3 0 0 1.12657

1
1 0 0 0.789561

3
1 1 1 0.869367
2 0 0 0.951903
3 0 0 0.70595

3
1 1 2 0.853751
2 0 0 0.901039
3 0 0 0.943499

3
1 1 2 0.870682
2 0 0 0.888376
3 0 0 0.980989

5
1 1 2 0.835817
2 0 3098 0.964108
4 0 0 0.940422
5 0 0 0.956147
3 0 0 0.905477

3
1 1 2 0.877325
2 0 0 0.842306
3 0 0 0.991828

5
1 0 7867 0.839269
2 0 0 0.917362
3 1 1 0.916884
6 0 0 1.08773
7 0 0 0.867642

3
1 0 9438 0.912339
2 0 0 0.882139
3 0 0 1.05514

1
1 0 0 0.854759

1
1 0 0 0.89326

1
1 0 0 0.834713

3
1 1 2 0.796074
2 0 0 0.682668
3 0 0 0.924203

3
1 0 3513 0.939966
2 0 0 0.99114
3 0 0 0.848067

3
1 0 9866 0.746454
2 0 0 0.746621
3 0 0 0.903463

1
1 0 0 0.796402

3
1 1 1 0.89148
2 0 0 0.891251
3 0 0 0.890303

3
1 0 250 0.815948
2 0 0 0.902383
3 0 0 0.85159

3
1 0 9581 0.757404
2 0 0 0.796872
3 0 0 1.11409

1
1 0 0 0.819817

3
1 0 33 0.782951
2 0 0 1.09072
3 0 0 0.859158

3
1 1 1 0.928766
2 0 0 1.02844
3 0 0 0.868031

5
1 1 2 0.814232
2 0 615 0.769069
4 0 0 1.02825
5 0 0 0.758338
3 0 0 0.953298

3
1 0 9590 0.828192
2 0 0 0.808086
3 0 0 1.03714

7
1 1 2 0.840328
2 0 297 0.833647
4 0 267 0.913488
8 0 0 0.962281
9 0 0 0.957633
5 0 0 0.867243
3 0 0 0.894244

3
1 0 89 0.862601
2 0 0 1.08137
3 0 0 0.745223

3
1 1 1 0.843562
2 0 0 1.00062
3 0 0 0.727331

3
1 0 9425 0.811125
2 0 0 0.813828
3 0 0 1.01692

3
1 1 1 0.95412
2 0 0 1.10754
3 0 0 0.797031

7
1 1 1 0.913188
2 0 1597 1.03397
4 0 0 0.897048
5 0 0 1.07931
3 0 1773 0.962941
6 0 0 0.922358
7 0 0 0.887146

1
1 0 0 0.85275

3
1 1 1 0.932401
2 0 0 0.948254
3 0 0 0.832283

3
1 0 4418 0.85209
2 0 0 0.92374
3 0 0 0.977846

3
1 1 1 0.84366
2 0 0 1.02495
3 0 0 0.85026

1
1 0 0 0.795253

1
1 0 0 0.783799

3
1 0 7943 0.915444
2 0 0 0.910057
3 0 0 0.985663

3
1 0 7587 0.891844
2 0 0 0.914523
3 0 0 0.75494

3
1 0 8957 0.837398
2 0 0 0.886754
3 0 0 0.88579

5
1 0 1283 0.881694
2 1 2 0.984198
4 0 0 1.01086
5 0 0 1.00458
3 0 0 0.920707

3
1 0 5288 0.875552
2 0 0 0.911564
3 0 0 0.837285

1
1 0 0 0.807393

1
1 0 0 0.84526

3
1 1 2 0.920213
2 0 0 0.908042
3 0 0 0.908597

3
1 1 1 0.880032
2 0 0 1.0343
3 0 0 0.814063

3
1 0 4644 0.878343
2 0 0 0.887282
3 0 0 0.861853

5
1 0 3361 0.902938
2 0 1958 1.04349
4 0 0 0.932921
5 0 0 1.10049
3 0 0 0.873177

3
1 1 2 0.927723
2 0 0 0.857279
3 0 0 0.923357

5
1 1 1 0.849705
2 0 0 1.03732
3 0 7932 0.95892
6 0 0 0.958945
7 0 0 0.985369

3
1 0 6004 0.954227
2 0 0 0.952003
3 0 0 0.886632

3
1 0 2291 0.819565
2 0 0 0.983945
3 0 0 0.863577

3
1 0 104 0.967201
2 0 0 1.01309
3 0 0 0.896149

3
1 1 1 0.949907
2 0 0 0.935886
3 0 0 0.981051

3
1 0 389 0.846268
2 0 0 0.918999
3 0 0 0.86718

3
1 1 1 0.93347
2 0 0 1.017
3 0 0 0.762953

3
1 1 1 0.895443
2 0 0 0.957827
3 0 0 0.869082

3
1 0 1310 0.972069
2 0 0 1.02545
3 0 0 0.924254

3
1 1 1 0.853792
2 0 0 1.02253
3 0 0 0.891221

1
1 0 0 0.912169

3
1 1 1 0.774424
2 0 0 0.991631
3 0 0 0.847108

5
1 0 6541 0.843558
2 0 1846 0.916128
4 0 0 0.861374
5 0 0 0.969583
3 0 0 0.875958

3
1 0 9965 0.801926
2 0 0 0.808171
3 0 0 1.05338

1
1 0 0 0.812116

5
1 1 1 0.854068
2 0 7921 0.940315
4 0 0 1.02926
5 0 0 1.04907
3 0 0 0.930042

3
1 0 7660 0.931773
2 0 0 0.944929
3 0 0 0.940453

3
1 0 1758 0.822755
2 0 0 0.922845
3 0 0 0.821416

3
1 1 1 0.901454
2 0 0 0.994888
3 0 0 0.770076

3
1 1 2 0.880269
2 0 0 0.877347
3 0 0 0.897632

1
1 0 0 0.8158

11
1 0 834 0.870607
2 1 2 0.942615
4 0 0 1.06923
5 0 0 0.971251
3 1 1 0.987645
6 0 3677 1.05246
12 0 0 1.00478
13 0 6552 1.00317
26 0 0 1.18664
27 0 0 1.18819
7 0 0 0.922297

1
1 0 0 0.930889

3
1 1 1 0.902448
2 0 0 1.02762
3 0 0 0.818127

1
1 0 0 0.851498

1
1 0 0 0.834754

3
1 0 2104 0.890684
2 0 0 0.800237
3 0 0 0.912617

3
1 0 3033 0.921823
2 0 0 0.971294
3 0 0 0.903879

5
1 1 1 0.887939
2 0 8799 0.997662
4 0 0 0.990726
5 0 0 0.991313
3 0 0 0.886679

3
1 0 6064 0.864712
2 0 0 0.980245
3 0 0 0.880775

3
1 1 2 0.867985
2 0 0 0.807761
3 0 0 1.05335

7
1 1 1 0.846857
2 0 0 0.965873
3 0 270 0.873401
6 1 2 0.972828
12 0 0 0.902488
13 0 0 0.785051
7 0 0 0.887271

3
1 0 1040 0.829487
2 0 0 1.00198
3 0 0 0.820554

3
1 1 1 0.87935
2 0 0 0.998334
3 0 0 0.83368

3
1 0 5165 0.788819
2 0 0 0.796592
3 0 0 0.794909

3
1 0 9369 0.892924
2 0 0 0.864715
3 0 0 0.994174

3
1 1 1 0.805694
2 0 0 0.944488
3 0 0 0.845903

5
1 0 3298 0.814882
2 0 2136 0.809112
4 0 0 0.801671
5 0 0 1.06362
3 0 0 0.838235

3
1 0 176 0.892525
2 0 0 1.10613
3 0 0 0.866086

3
1 0 3124 0.841442
2 0 0 0.995553
3 0 0 0.842945

1
1 0 0 0.861628

3
1 0 4519 0.918683
2 0 0 0.800094
3 0 0 0.922116

1
1 0 0 0.817432

3
1 1 1 0.824106
2 0 0 0.979778
3 0 0 0.841031

3
1 1 1 0.915947
2 0 0 0.989512
3 0 0 0.717994

7
1 0 9612 0.86661
2 0 2812 0.811964
4 0 0 0.9861
5 0 0 0.873161
3 0 9757 0.95628
6 0 0 0.981571
7 0 0 1.03011

3
1 1 2 0.923442
2 0 0 0.808658
3 0 0 1.04304

3
1 0 6439 0.864561
2 0 0 0.838382
3 0 0 0.850153

3
1 0 9853 0.758267
2 0 0 0.842552
3 0 0 1.06788

1
1 0 0 0.803239

3
1 1 1 0.886976
2 0 0 0.985223
3 0 0 0.861673

3
1 1 1 0.864854
2 0 0 0.907207
3 0 0 0.798839

3
1 1 1 0.873661
2 0 0 0.921846
3 0 0 0.77658

3
1 1 1 0.901139
2 0 0 0.920408
3 0 0 0.856203

7
1 1 2 0.93635
2 0 390 0.898306
4 1 1 1.15891
8 0 0 1.06439
9 0 0 1.01814
5 0 0 0.749506
3 0 0 1.06767

5
1 0 5344 0.859875
2 0 0 0.870065
3 0 7051 0.875041
6 0 0 0.942424
7 0 0 0.907369

3
1 1 1 0.901098
2 0 0 0.898752
3 0 0 0.961138

3
1 1 1 0.798034
2 0 0 1.02982
3 0 0 0.855892

1
1 0 0 0.844828

5
1 1 1 0.846366
2 0 8201 1.02985
4 0 0 1.02277
5 0 0 1.03262
3 0 0 0.816223

3
1 0 3772 0.88366
2 0 0 0.941006
3 0 0 0.799316

3
1 1 1 0.854759
2 0 0 1.08305
3 0 0 0.8327

3
1 1 1 0.931306
2 0 0 0.874859
3 0 0 0.891312

3
1 1 2 0.839263
2 0 0 0.839861
3 0 0 0.813566

1
1 0 0 0.83383

5
1 1 1 0.916013
2 0 9036 0.920436
4 0 0 0.915172
5 0 0 1.04217
3 0 0 0.989655

3
1 1 2 0.88952
2 0 0 0.868453
3 0 0 0.96614

3
1 1 1 0.884696
2 0 0 1.02844
3 0 0 0.803025

3
1 1 2 0.902958
2 0 0 0.88083
3 0 0 0.979137

3
1 0 1220 0.821375
2 0 0 1.00248
3 0 0 0.812653

1
1 0 0 0.789638

3
1 0 8878 0.872394
2 0 0 0.857594
3 0 0 0.867898

5
1 0 9809 0.884943
2 0 9738 0.871707
4 0 0 0.864455
5 0 0 1.03148
3 0 0 0.904365

1
1 0 0 0.722114

3
1 0 430 0.840324
2 0 0 1.0677
3 0 0 0.82671

1
1 0 0 0.720496

3
1 0 488 0.784872
2 0 0 0.909384
3 0 0 0.773507

3
1 0 1964 0.922122
2 0 0 0.948045
3 0 0 0.943526

3
1 1 2 0.905556
2 0 0 0.912117
3 0 0 1.05244

3
1 0 3596 0.826076
2 0 0 0.946195
3 0 0 0.984481

9
1 0 4974 0.905242
2 0 2089 0.911075
4 0 1866 0.90549
8 0 0 0.891654
9 0 0 1.09381
5 0 0 0.83561
3 0 8210 0.909569
6 0 0 1.04369
7 0 0 0.932835

3
1 1 1 0.913188
2 0 0 1.0167
3 0 0 0.818103

1
1 0 0 0.74884

1
1 0 0 0.661554

5
1 1 1 0.83116
2 0 2087 0.957669
4 0 0 1.03939
5 0 0 0.961682
3 0 0 0.76429

5
1 0 3931 0.796457
2 1 2 0.976979
4 0 0 0.987136
5 0 0 0.82454
3 0 0 0.830641

1
1 0 0 0.77677

5
1 0 6212 0.881009
2 0 5847 0.902545
4 0 0 0.932134
5 0 0 0.890586
3 0 0 0.870376

3
1 1 1 0.909279
2 0 0 1.04105
3 0 0 0.789404

3
1 1 2 0.879609
2 0 0 0.774855
3 0 0 0.883756

3
1 0 6100 0.920751
2 0 0 0.922197
3 0 0 0.916721

3
1 1 2 0.842317
2 0 0 0.854033
3 0 0 1.04475

3
1 1 2 0.910646
2 0 0 0.92994
3 0 0 1.00458

3
1 0 4417 0.892482
2 0 0 0.943902
3 0 0 0.754354

3
1 1 2 0.84262
2 0 0 0.98093
3 0 0 0.919352

3
1 0 1813 0.955175
2 0 0 0.940118
3 0 0 0.87489

3
1 1 1 0.942103
2 0 0 0.966582
3 0 0 0.891901

1
1 0 0 0.873155

1
1 0 0 0.87219

5
1 1 2 0.853313
2 0 664 0.898048
4 0 0 0.951637
5 0 0 0.903982
3 0 0 1.03993

1
1 0 0 0.751294

7
1 1 2 0.941629
2 0 5438 0.905175
4 0 0 0.923346
5 0 0 0.942406
3 0 162 0.966306
6 0 0 1.01176
7 0 0 0.928877

3
1 1 1 0.842881
2 0 0 0.892168
3 0 0 0.854863

3
1 1 1 0.84597
2 0 0 0.874913
3 0 0 0.845423

5
1 0 9152 0.871932
2 0 0 0.844868
3 0 9599 0.955943
6 0 0 0.866889
7 0 0 0.974788

5
1 1 2 0.828277
2 0 0 0.811665
3 0 2122 0.974274
6 0 0 1.00823
7 0 0 0.984683

3
1 0 6968 0.957975
2 0 0 0.908899
3 0 0 0.988382

3
1 1 1 0.824348
2 0 0 1.10056
3 0 0 0.908582

5
1 0 1599 0.828195
2 0 93 0.916052
4 0 0 0.982208
5 0 0 0.91189
3 0 0 0.914479

1
1 0 0 0.855158

3
1 0 8239 0.833024
2 0 0 0.889119
3 0 0 0.83554

5
1 1 1 1.04253
2 0 4212 0.964243
4 0 0 0.987808
5 0 0 0.956443
3 0 0 0.7499

3
1 1 2 0.86957
2 0 0 0.971709
3 0 0 0.97913

3
1 1 1 0.872216
2 0 0 0.981479
3 0 0 0.874376

3
1 0 4925 0.991552
2 0 0 0.94151
3 0 0 0.986585

1
1 0 0 0.811334

5
1 0 5154 0.900716
2 0 0 0.958272
3 0 5189 0.940438
6 0 0 1.07339
7 0 0 0.882481

3
1 1 1 0.906461
2 0 0 0.911655
3 0 0 0.873614

5
1 0 2970 0.870347
2 0 0 1.09807
3 1 1 0.87016
6 0 0 0.983157
7 0 0 0.803808

3
1 1 1 0.849116
2 0 0 1.00778
3 0 0 0.845481

3
1 1 1 0.854927
2 0 0 1.00356
3 0 0 0.859417

3
1 0 4914 0.862769
2 0 0 0.874915
3 0 0 0.841975

5
1 1 1 0.932762
2 0 3692 0.954148
4 0 0 1.0012
5 0 0 1.03086
3 0 0 0.820817

3
1 1 2 0.912762
2 0 0 0.847428
3 0 0 1.13942

3
1 0 2257 0.862971
2 0 0 0.969064
3 0 0 0.896903

3
1 0 9874 0.914834
2 0 0 0.90784
3 0 0 1.04291

1
1 0 0 0.870922

3
1 0 6385 0.919281
2 0 0 0.910445
3 0 0 0.871918

3
1 1 1 0.895382
2 0 0 1.00658
3 0 0 0.848996

1
1 0 0 0.747099

3
1 1 2 0.962913
2 0 0 0.958423
3 0 0 0.92486

1
1 0 0 0.857417

3
1 0 8888 0.969012
2 0 0 0.917133
3 0 0 1.06237

3
1 0 8035 0.863224
2 0 0 0.850066
3 0 0 0.864825

3
1 1 1 0.973681
2 0 0 0.997554
3 0 0 1.01751

3
1 0 3398 0.973147
2 0 0 0.970054
3 0 0 0.750002

9
1 0 5692 0.849745
2 0 1066 0.938691
4 0 0 0.991817
5 0 2289 1.09527
10 0 0 0.916174
11 0 0 1.00885
3 1 2 0.97015
6 0 0 0.914153
7 0 0 0.978928

3
1 1 1 0.939221
2 0 0 1.03501
3 0 0 0.905508

3
1 0 149 0.802737
2 0 0 1.00368
3 0 0 0.741536

3
1 1 2 0.828267
2 0 0 0.766135
3 0 0 0.967548

3
1 0 2463 0.907694
2 0 0 0.923697
3 0 0 0.869212

1
1 0 0 0.843592

5
1 1 1 0.838922
2 0 8442 0.981242
4 0 0 0.973106
5 0 0 0.944835
3 0 0 0.862368

1
1 0 0 0.843266

3
1 0 742 0.835638
2 0 0 0.934346
3 0 0 0.793293

3
1 1 2 0.833199
2 0 0 0.840317
3 0 0 0.965951

3
1 1 1 0.790201
2 0 0 0.991841
3 0 0 0.69509

3
1 0 377 0.777478
2 0 0 1.04647
3 0 0 0.833628

3
1 0 9709 0.895347
2 0 0 0.891605
3 0 0 0.886876

3
1 1 1 0.882019
2 0 0 0.990505
3 0 0 0.808555

5
1 1 1 0.914534
2 0 8064 0.884973
4 0 0 0.916397
5 0 0 1.04094
3 0 0 0.861804

3
1 1 1 0.864854
2 0 0 1.04632
3 0 0 0.895693

3
1 0 9991 0.776714
2 0 0 0.795183
3 0 0 0.989228

1
1 0 0 0.696272

5
1 0 2622 0.802703
2 0 1506 0.987455
4 0 0 0.879397
5 0 0 0.940484
3 0 0 0.860717

1
1 0 0 0.800057

3
1 0 7520 0.903863
2 0 0 1.01774
3 0 0 0.957654

3
1 0 927 0.78521
2 0 0 0.883826
3 0 0 0.817263

1
1 0 0 0.750374

3
1 0 8775 0.892734
2 0 0 1.00536
3 0 0 0.74157

3
1 1 1 0.791978
2 0 0 0.957281
3 0 0 0.755834

3
1 0 9746 0.900354
2 0 0 0.83838
3 0 0 0.917987

3
1 0 2321 0.898194
2 0 0 1.00023
3 0 0 0.883654

5
1 0 1846 0.920264
2 0 707 0.973799
4 0 0 0.946472
5 0 0 1.03464
3 0 0 0.751225

3
1 0 1655 0.908219
2 0 0 0.917365
3 0 0 0.926639

3
1 1 1 0.916013
2 0 0 0.868946
3 0 0 0.921284

3
1 0 6716 0.966707
2 0 0 0.977506
3 0 0 0.974058

3
1 1 2 0.883254
2 0 0 0.853546
3 0 0 0.987996

3
1 0 1255 0.883186
2 0 0 1.02306
3 0 0 0.886053

3
1 1 1 0.886072
2 0 0 1.0535
3 0 0 0.782527

3
1 0 7442 0.8764
2 0 0 0.973657
3 0 0 0.849973

5
1 0 5091 0.868804
2 0 4025 0.863744
4 0 0 0.821357
5 0 0 0.950323
3 0 0 0.82979

3
1 1 1 0.792333
2 0 0 0.997298
3 0 0 0.8319

5
1 0 9284 0.867761
2 0 6179 0.89366
4 0 0 0.896215
5 0 0 0.945239
3 0 0 1.01948

1
1 0 0 0.682924

3
1 0 9749 0.794904
2 0 0 0.795531
3 0 0 1.00634

1
1 0 0 0.767342

3
1 0 5688 0.952329
2 0 0 0.922911
3 0 0 0.920528

5
1 0 663 0.794639
2 0 226 0.953658
4 0 0 0.931205
5 0 0 1.11669
3 0 0 0.848198

1
1 0 0 0.748205

3
1 0 384 0.878399
2 0 0 1.01241
3 0 0 0.895848

3
1 1 1 0.926481
2 0 0 0.973452
3 0 0 0.827109

3
1 1 1 0.931058
2 0 0 0.943538
3 0 0 0.743873

3
1 1 1 0.912551
2 0 0 0.965994
3 0 0 0.86353

7
1 1 2 0.970459
2 0 0 0.885898
3 0 3352 1.02039
6 0 2742 1.04104
12 0 0 0.948782
13 0 0 0.949838
7 0 0 0.984283

3
1 0 2301 0.805915
2 0 0 1.00115
3 0 0 0.840141

1
1 0 0 0.817209

1
1 0 0 0.682927

3
1 0 9440 0.86917
2 0 0 0.855629
3 0 0 1.10801

3
1 0 9709 0.841469
2 0 0 0.833367
3 0 0 0.993922

3
1 0 366 0.924794
2 0 0 0.971076
3 0 0 0.919879

3
1 0 9627 0.811556
2 0 0 0.813565
3 0 0 0.993563

3
1 0 8620 0.919815
2 0 0 0.874575
3 0 0 0.847874

3
1 1 2 0.899715
2 0 0 0.965918
3 0 0 0.932385

3
1 1 2 0.831276
2 0 0 0.803977
3 0 0 0.854784

3
1 0 1725 0.856014
2 0 0 0.997963
3 0 0 0.880381

3
1 1 1 0.942103
2 0 0 1.12913
3 0 0 0.792285

7
1 0 490 0.717932
2 1 1 1.02019
4 0 0 1.04662
5 1 2 0.925537
10 0 0 1.00435
11 0 0 0.987239
3 0 0 0.737333

3
1 0 4288 0.86675
2 0 0 0.935924
3 0 0 0.927961

5
1 1 2 0.889893
2 0 0 0.897435
3 0 804 0.918478
6 0 0 0.955522
7 0 0 0.98434

7
1 0 9525 0.865399
2 0 3987 0.974175
4 1 2 0.991986
8 0 0 0.952579
9 0 0 0.970911
5 0 0 0.902419
3 0 0 1.00364

5
1 0 9439 0.90118
2 0 0 0.826378
3 0 9633 1.06245
6 0 0 1.181
7 0 0 1.02324

1
1 0 0 0.888829

3
1 1 2 0.890424
2 0 0 0.85371
3 0 0 1.03593

3
1 1 1 0.868981
2 0 0 1.02127
3 0 0 0.811411

3
1 1 1 0.845201
2 0 0 0.950364
3 0 0 0.853257

3
1 1 1 0.854172
2 0 0 1.05376
3 0 0 0.853376

1
1 0 0 0.736261

3
1 1 2 0.90006
2 0 0 0.976057
3 0 0 0.961413

5
1 0 9824 0.83357
2 0 0 0.881888
3 1 2 0.899206
6 0 0 0.968121
7 0 0 1.0706

3
1 0 7369 0.91427
2 0 0 0.94417
3 0 0 0.912594

3
1 0 9838 0.878151
2 0 0 0.928813
3 0 0 0.969748

3
1 1 2 0.889768
2 0 0 0.908991
3 0 0 0.941151

5
1 1 2 0.899584
2 0 0 0.837912
3 0 33 1.06687
6 0 0 1.02096
7 0 0 0.982563

3
1 1 1 0.916267
2 0 0 0.936049
3 0 0 0.974867

3
1 1 2 0.929992
2 0 0 0.83764
3 0 0 0.897346

1
1 0 0 0.789567

3
1 0 964 0.885645
2 0 0 0.859033
3 0 0 0.957423

3
1 1 2 0.919775
2 0 0 0.823519
3 0 0 0.992448

5
1 0 8395 0.851845
2 1 1 0.88181
4 0 0 1.07706
5 0 0 0.959771
3 0 0 0.838314

3
1 1 1 0.915343
2 0 0 0.955942
3 0 0 0.854804

3
1 1 1 0.90565
2 0 0 0.939072
3 0 0 0.92515

3
1 1 1 0.932762
2 0 0 0.906901
3 0 0 0.755825

3
1 1 1 0.839367
2 0 0 0.99516
3 0 0 0.879763

3
1 1 2 0.911097
2 0 0 0.838811
3 0 0 0.943544

1
1 0 0 0.862321

3
1 0 2933 0.874264
2 0 0 0.996342
3 0 0 0.887282

3
1 1 2 0.839926
2 0 0 0.887143
3 0 0 0.853691

3
1 1 1 0.918641
2 0 0 0.952731
3 0 0 0.879326

3
1 1 2 0.946549
2 0 0 0.780425
3 0 0 0.946488

3
1 1 1 0.815788
2 0 0 0.954449
3 0 0 0.808555

3
1 1 2 0.793712
2 0 0 0.912852
3 0 0 0.972118

3
1 0 3498 0.880481
2 0 0 0.950909
3 0 0 0.862426

1
1 0 0 1.00838

3
1 0 333 0.869593
2 0 0 1.01529
3 0 0 0.901078

3
1 1 1 0.872035
2 0 0 1.09569
3 0 0 0.803987

1
1 0 0 0.778619

1
1 0 0 0.782312

5
1 1 1 0.821516
2 0 2330 0.982259
4 0 0 1.05774
5 0 0 0.908315
3 0 0 0.836972

7
1 0 9873 0.981824
2 0 0 0.878613
3 1 2 1.00263
6 0 0 1.07937
7 0 9935 0.914635
14 0 0 1.02062
15 0 0 0.954439

3
1 0 9948 0.883918
2 0 0 0.814679
3 0 0 1.06135

7
1 1 1 0.854255
2 0 4660 1.02935
4 0 0 1.12757
5 0 0 0.958381
3 1 2 0.927667
6 0 0 0.867235
7 0 0 1.04472

5
1 0 1880 0.833593
2 1 2 0.953652
4 0 0 0.840125
5 0 0 0.934976
3 0 0 0.848717

5
1 0 4673 0.904056
2 0 0 1.16186
3 1 1 0.894614
6 0 0 1.18038
7 0 0 0.861764

9
1 0 1999 0.849541
2 1 1 0.939263
4 0 1960 0.996471
8 0 0 0.996726
9 0 0 0.94675
5 0 0 1.02578
3 0 8767 0.906628
6 0 0 0.929394
7 0 0 0.819717

3
1 1 1 0.885717
2 0 0 1.02014
3 0 0 0.797721

1
1 0 0 0.801535

3
1 1 2 0.919349
2 0 0 0.870513
3 0 0 1.16954

7
1 1 2 0.894209
2 1 1 0.963898
4 0 0 0.960434
5 0 0 0.944808
3 0 6751 1.00375
6 0 0 0.918802
7 0 0 0.918972

3
1 1 2 0.841556
2 0 0 0.940573
3 0 0 1.05144

3
1 0 55 0.770346
2 0 0 1.00535
3 0 0 0.762473

1
1 0 0 0.878353

11
1 0 3931 0.859077
2 0 3104 1.01328
4 0 0 1.07203
5 0 0 0.999652
3 0 6536 0.939435
6 0 4251 0.872978
12 0 0 1.01367
13 0 0 0.903483
7 1 1 0.966053
14 0 0 1.17868
15 0 0 0.914093

1
1 0 0 0.847959

1
1 0 0 0.749652

3
1 1 1 0.889942
2 0 0 0.970464
3 0 0 0.77673

3
1 1 1 0.85476
2 0 0 1.0111
3 0 0 0.878395

3
1 0 5998 0.92048
2 0 0 0.921811
3 0 0 0.851998

3
1 0 5819 0.882388
2 0 0 0.965906
3 0 0 0.890595

5
1 0 3198 0.839175
2 1 1 0.983969
4 0 0 1.11749
5 0 0 0.97075
3 0 0 0.846394

5
1 0 9910 0.730879
2 0 0 0.726174
3 0 9935 0.863148
6 0 0 1.0944
7 0 0 1.07135

3
1 1 2 0.898566
2 0 0 0.849194
3 0 0 1.02934

3
1 1 1 0.862174
2 0 0 0.993191
3 0 0 0.799337

1
1 0 0 0.81013

5
1 1 2 0.991909
2 1 1 0.926228
4 0 0 1.0059
5 0 0 0.995443
3 0 0 0.892813

3
1 0 147 0.781361
2 0 0 1.14469
3 0 0 0.808428

3
1 1 1 0.879573
2 0 0 0.977818
3 0 0 0.740384

1
1 0 0 0.700659

5
1 0 1621 0.941705
2 0 0 1.03795
3 0 9089 0.936294
6 0 0 0.977187
7 0 0 0.841154

3
1 1 1 0.910406
2 0 0 0.979241
3 0 0 0.877367

1
1 0 0 0.944306

3
1 0 1365 0.876505
2 0 0 0.926474
3 0 0 0.883834

1
1 0 0 0.870764

3
1 0 4520 0.94899
2 0 0 0.950593
3 0 0 0.923515

5
1 1 2 0.836632
2 0 0 0.771033
3 0 1606 0.978764
6 0 0 1.0797
7 0 0 0.992425

3
1 1 2 0.92542
2 0 0 0.820678
3 0 0 1.02407

3
1 1 2 0.863769
2 0 0 0.854787
3 0 0 1.04465

7
1 1 2 0.888458
2 0 0 0.902968
3 0 7900 0.971371
6 0 0 1.02318
7 0 9660 0.878574
14 0 0 0.848829
15 0 0 0.912506

1
1 0 0 0.803502

3
1 1 1 0.813708
2 0 0 0.903037
3 0 0 0.821254

1
1 0 0 0.756148

5
1 0 2538 0.885833
2 0 1362 0.849082
4 0 0 0.94409
5 0 0 0.922178
3 0 0 0.891086

1
1 0 0 0.722981

3
1 0 375 0.79498
2 0 0 1.00132
3 0 0 0.783569

5
1 0 6151 0.918397
2 0 0 0.930344
3 0 9730 0.92788
6 0 0 0.942453
7 0 0 0.833646

3
1 0 5153 0.889168
2 0 0 0.901904
3 0 0 0.859433

5
1 1 1 0.943204
2 0 3952 0.999896
4 0 0 0.95173
5 0 0 1.14122
3 0 0 0.843985

1
1 0 0 0.92136

3
1 0 9440 0.86917
2 0 0 0.785942
3 0 0 0.995675

3
1 0 439 0.77201
2 0 0 0.979308
3 0 0 0.761695

1
1 0 0 0.849768

3
1 0 824 0.889873
2 0 0 1.02006
3 0 0 0.932059

3
1 1 1 0.888497
2 0 0 0.922788
3 0 0 0.879967

3
1 0 9571 0.723571
2 0 0 0.723682
3 0 0 1.09901

3
1 0 86 0.852617
2 0 0 1.06045
3 0 0 0.685992

3
1 1 1 0.975375
2 0 0 1.10822
3 0 0 0.819301

3
1 1 1 0.942103
2 0 0 1.07437
3 0 0 0.985993

1
1 0 0 0.783845

3
1 1 2 0.869499
2 0 0 0.945991
3 0 0 0.879283

3
1 0 30 0.793408
2 0 0 0.91836
3 0 0 0.784089

3
1 0 4981 0.887375
2 0 0 0.935199
3 0 0 0.912922

3
1 0 604 0.864109
2 0 0 0.930655
3 0 0 0.804241

5
1 1 1 0.845053
2 0 0 1.02428
3 0 5170 0.885617
6 0 0 0.968739
7 0 0 0.90554

3
1 1 2 0.806599
2 0 0 0.855329
3 0 0 1.01144

3
1 1 2 0.90778
2 0 0 0.71495
3 0 0 1.04234

1
1 0 0 0.790689

3
1 1 2 0.849611
2 0 0 0.878066
3 0 0 0.831177

5
1 0 7547 0.913234
2 0 0 0.925209
3 1 1 0.984655
6 0 0 1.04225
7 0 0 0.976543

1
1 0 0 0.79508

3
1 0 5897 0.873139
2 0 0 0.971873
3 0 0 0.820311

5
1 0 9399 0.817534
2 0 0 0.872988
3 1 2 0.962835
6 0 0 0.949246
7 0 0 0.936221

3
1 1 1 0.92611
2 0 0 0.940984
3 0 0 0.857363

5
1 1 1 0.879546
2 0 0 1.02727
3 0 1850 0.912423
6 0 0 0.963354
7 0 0 0.887798

3
1 0 316 0.872699
2 0 0 0.936305
3 0 0 0.924968

3
1 1 2 0.909738
2 0 0 0.951471
3 0 0 1.05692

3
1 1 1 0.953316
2 0 0 1.06783
3 0 0 0.788381

3
1 0 7585 0.845075
2 0 0 0.93366
3 0 0 0.905633

3
1 1 1 0.889685
2 0 0 1.09643
3 0 0 0.767591

1
1 0 0 0.914423

3
1 0 334 0.84925
2 0 0 1.12783
3 0 0 0.858475

3
1 1 1 0.825463
2 0 0 0.848519
3 0 0 0.771116

3
1 1 2 0.902411
2 0 0 0.887669
3 0 0 0.918588

1
1 0 0 0.818005

7
1 0 4744 0.929648
2 0 0 1.06295
3 1 2 1.05174
6 0 4808 1.03633
12 0 0 0.896308
13 0 0 1.08387
7 0 0 0.9676

3
1 1 1 0.911586
2 0 0 0.914957
3 0 0 0.898293

3
1 0 1715 0.832716
2 0 0 0.899633
3 0 0 0.849918

3
1 1 1 0.948289
2 0 0 0.979899
3 0 0 0.892577

1
1 0 0 0.856094

5
1 1 2 0.855303
2 0 0 0.8824
3 0 8147 1.00942
6 0 0 1.00546
7 0 0 1.02044

3
1 0 665 0.848932
2 0 0 1.05465
3 0 0 0.967661

1
1 0 0 0.904421

3
1 1 1 0.910999
2 0 0 0.927579
3 0 0 0.841926

3
1 0 1325 0.822061
2 0 0 0.950073
3 0 0 0.80635

1
1 0 0 0.823067

3
1 0 588 0.870135
2 0 0 0.891768
3 0 0 0.836833

3
1 0 1224 0.855445
2 0 0 1.01719
3 0 0 0.902972

1
1 0 0 0.929213

5
1 1 1 0.860156
2 0 0 0.983877
3 1 2 0.927254
6 0 0 1.01914
7 0 0 0.961588

3
1 0 6063 0.875311
2 0 0 0.939928
3 0 0 0.844763

3
1 1 1 0.908998
2 0 0 1.06701
3 0 0 0.775378

3
1 1 2 0.891351
2 0 0 0.820522
3 0 0 0.8797

1
1 0 0 0.88892

3
1 0 9540 0.759098
2 0 0 0.87145
3 0 0 0.977638

1
1 0 0 0.825803

3
1 1 1 0.877205
2 0 0 1.03182
3 0 0 0.828526

3
1 1 1 0.885717
2 0 0 1.00687
3 0 0 0.795534

3
1 0 6053 0.880237
2 0 0 0.880108
3 0 0 0.849691

5
1 1 2 0.901149
2 0 0 0.859113
3 0 9528 0.95298
6 0 0 0.972913
7 0 0 1.01384

3
1 0 9710 0.758579
2 0 0 0.781584
3 0 0 0.954691

3
1 0 5002 0.891796
2 0 0 0.92979
3 0 0 0.878732

5
1 0 3263 0.873508
2 1 2 0.915828
4 0 0 0.956511
5 0 0 0.899743
3 0 0 0.878761

7
1 0 3942 0.900099
2 1 1 0.975435
4 0 0 1.04977
5 0 0 0.799361
3 1 1 0.913612
6 0 0 1.07022
7 0 0 0.786685

3
1 1 1 0.881295
2 0 0 0.991736
3 0 0 0.835149

1
1 0 0 0.974462

3
1 1 1 0.847637
2 0 0 0.966538
3 0 0 0.829532

7
1 1 2 0.851822
2 0 0 0.822766
3 0 6397 0.938018
6 0 487 1.00463
12 0 0 1.10691
13 0 0 1.04758
7 0 0 0.967508

3
1 0 173 0.857761
2 0 0 0.956938
3 0 0 0.994257

3
1 1 2 0.831564
2 0 0 0.684253
3 0 0 0.86981

3
1 1 1 0.898941
2 0 0 0.908288
3 0 0 0.833429

1
1 0 0 0.851241

3
1 0 4122 0.809958
2 0 0 0.847622
3 0 0 0.813529

3
1 1 1 0.874537
2 0 0 0.943537
3 0 0 0.844188

1
1 0 0 0.72589

5
1 1 2 1.00256
2 1 1 0.983836
4 0 0 1.0254
5 0 0 0.834221
3 0 0 0.890383

7
1 1 1 0.845868
2 0 0 0.987899
3 1 2 0.955698
6 0 0 0.908044
7 0 1826 0.888321
14 0 0 1.08051
15 0 0 0.952214

3
1 0 1285 0.898983
2 0 0 1.03907
3 0 0 0.854003

3
1 0 4966 0.888432
2 0 0 0.945755
3 0 0 0.882764

3
1 1 1 0.846207
2 0 0 0.953261
3 0 0 0.861836

3
1 0 9395 0.841952
2 0 0 0.770727
3 0 0 1.02607

3
1 1 2 0.822955
2 0 0 0.992859
3 0 0 0.839146

3
1 1 1 0.864113
2 0 0 1.01095
3 0 0 0.688779

1
1 0 0 0.79677

1
1 0 0 0.838543

3
1 1 2 0.887301
2 0 0 0.927929
3 0 0 0.874524

3
1 0 628 0.98084
2 0 0 0.87055
3 0 0 0.926493

3
1 0 8050 0.872259
2 0 0 0.903095
3 0 0 0.858526

3
1 0 997 0.811514
2 0 0 0.979796
3 0 0 0.996554

3
1 1 1 0.804523
2 0 0 0.954996
3 0 0 0.752677

1
1 0 0 0.786535

3
1 0 6200 0.894859
2 0 0 0.873637
3 0 0 0.708436

3
1 0 9984 0.825255
2 0 0 0.898853
3 0 0 0.980232

1
1 0 0 0.870655

1
1 0 0 0.872274

3
1 0 3590 0.848295
2 0 0 0.838604
3 0 0 0.850097

5
1 0 6247 0.894967
2 0 752 0.960419
4 0 0 1.08609
5 0 0 0.922349
3 0 0 0.913064

1
1 0 0 0.707525

5
1 1 1 0.878998
2 0 0 0.972838
3 0 1171 0.864285
6 0 0 1.04555
7 0 0 0.848781

3
1 0 182 0.911966
2 0 0 0.958087
3 0 0 0.921533

5
1 1 1 0.903977
2 0 7884 0.946992
4 0 0 0.87369
5 0 0 1.01562
3 0 0 0.798491

3
1 1 2 0.980177
2 0 0 0.849713
3 0 0 0.940643

3
1 1 2 0.916867
2 0 0 0.91156
3 0 0 0.96221

3
1 1 1 0.852913
2 0 0 0.951064
3 0 0 0.821904

1
1 0 0 0.746083

5
1 0 9594 0.675239
2 0 0 0.89402
3 0 9890 0.988404
6 0 0 1.03166
7 0 0 1.08978

1
1 0 0 0.818117

3
1 1 1 0.761994
2 0 0 0.979775
3 0 0 0.876111

1
1 0 0 0.704658

3
1 0 8888 0.903877
2 0 0 0.900626
3 0 0 0.985879

3
1 1 1 0.852674
2 0 0 1.00668
3 0 0 0.878071

1
1 0 0 0.891694

3
1 0 65 0.708004
2 0 0 1.0211
3 0 0 0.728807

3
1 1 1 0.802341
2 0 0 0.906309
3 0 0 0.826661

5
1 1 1 0.934825
2 0 5934 0.990867
4 0 0 0.912413
5 0 0 0.951021
3 0 0 0.748078

3
1 1 2 0.865997
2 0 0 0.818899
3 0 0 1.06307

1
1 0 0 0.843063

3
1 0 4568 0.796316
2 0 0 0.98606
3 0 0 0.917824

3
1 1 2 0.875459
2 0 0 0.764378
3 0 0 1.03538

7
1 0 1218 0.835692
2 0 964 1.01569
4 0 0 1.03577
5 0 1138 0.934606
10 0 0 0.988459
11 0 0 1.05157
3 0 0 0.896051

3
1 0 1445 0.919223
2 0 0 1.06274
3 0 0 0.930235

3
1 0 9550 0.867203
2 0 0 0.733644
3 0 0 1.04848

3
1 0 9939 0.753903
2 0 0 0.802294
3 0 0 0.950791

3
1 0 613 0.871764
2 0 0 0.861445
3 0 0 0.872999

1
1 0 0 0.862836

3
1 1 1 0.788447
2 0 0 1.07591
3 0 0 0.890287

3
1 0 9935 0.76827
2 0 0 0.808725
3 0 0 0.933045

5
1 1 1 0.867099
2 0 722 0.920217
4 0 0 0.956885
5 0 0 0.888609
3 0 0 0.893738

5
1 1 2 0.880239
2 0 1354 0.840958
4 0 0 0.923759
5 0 0 0.781031
3 0 0 0.920961

3
1 1 1 0.957623
2 0 0 0.918468
3 0 0 0.854693

5
1 1 1 1.02316
2 0 6850 0.952135
4 0 0 0.955801
5 0 0 1.00623
3 0 0 0.812634

5
1 0 9405 0.87993
2 1 1 0.898545
4 0 0 1.04129
5 0 0 0.818464
3 0 0 0.9254

3
1 0 3600 0.930891
2 0 0 0.974415
3 0 0 0.915483

1
1 0 0 0.900262

3
1 1 1 0.932168
2 0 0 1.07696
3 0 0 0.812225

5
1 0 6385 0.858815
2 0 2721 1.01472
4 0 0 1.03787
5 0 0 1.02105
3 0 0 0.885335

3
1 1 2 0.982982
2 0 0 0.896721
3 0 0 1.01568

1
1 0 0 0.800025

1
1 0 0 0.821823

3
1 0 6079 0.885475
2 0 0 0.897963
3 0 0 0.881534

3
1 0 8804 0.929683
2 0 0 0.962248
3 0 0 0.834349

3
1 0 395 0.952391
2 0 0 1.00397
3 0 0 0.851659

1
1 0 0 0.990341

3
1 0 5426 0.907648
2 0 0 0.971525
3 0 0 0.925426

3
1 1 1 0.958481
2 0 0 0.995439
3 0 0 0.926573

3
1 0 5079 0.871386
2 0 0 0.879842
3 0 0 0.8629

3
1 1 2 0.814278
2 0 0 0.754864
3 0 0 1.03147

3
1 0 1224 0.855445
2 0 0 1.03628
3 0 0 0.983439

3
1 0 9972 0.847066
2 0 0 0.850144
3 0 0 1.01516

1
1 0 0 0.811489

5
1 0 31 0.831986
2 0 0 0.930252
3 0 1837 0.921596
6 0 0 0.93409
7 0 0 0.903461

3
1 1 2 0.936763
2 0 0 0.947369
3 0 0 0.973234

3
1 1 1 0.949811
2 0 0 1.06673
3 0 0 0.832864

3
1 0 8205 0.886402
2 0 0 0.962711
3 0 0 0.780072

5
1 0 4628 0.889494
2 1 1 1.02836
4 0 0 0.978884
5 0 0 1.0165
3 0 0 0.893788

3
1 0 215 0.883498
2 0 0 0.97682
3 0 0 0.847976

3
1 1 1 0.877205
2 0 0 1.09163
3 0 0 0.707314

3
1 1 1 0.933042
2 0 0 0.933767
3 0 0 0.816895

3
1 1 1 0.845419
2 0 0 0.951004
3 0 0 0.823356

3
1 0 3151 0.844979
2 0 0 1.02422
3 0 0 0.853818

5
1 0 9424 0.76934
2 0 0 0.858347
3 0 9843 0.895698
6 0 0 1.06042
7 0 0 1.05497

5
1 0 5827 0.9057
2 0 4733 0.853117
4 0 0 0.909099
5 0 0 0.932037
3 0 0 0.854265

1
1 0 0 0.731813

3
1 1 1 0.819664
2 0 0 1.10085
3 0 0 0.837423

3
1 0 142 0.93195
2 0 0 0.981341
3 0 0 0.925574

7
1 1 1 0.947853
2 0 573 1.04846
4 0 0 0.943384
5 0 0 0.939164
3 0 3198 0.801326
6 0 0 0.920843
7 0 0 0.846405

3
1 1 1 0.996921
2 0 0 1.09388
3 0 0 0.910002

1
1 0 0 0.789457

5
1 1 2 0.880134
2 1 1 0.916642
4 0 0 1.02473
5 0 0 0.876194
3 0 0 1.01021

3
1 1 2 0.837528
2 0 0 0.95257
3 0 0 0.932975

3
1 0 4437 0.985577
2 0 0 0.9871
3 0 0 0.890615

1
1 0 0 0.926571

1
1 0 0 0.854452

3
1 0 1740 0.79052
2 0 0 1.09684
3 0 0 0.838905

1
1 0 0 0.787391

1
1 0 0 0.82183

3
1 1 1 0.845868
2 0 0 1.03025
3 0 0 0.784007

3
1 0 6142 0.907299
2 0 0 0.867636
3 0 0 0.913799

1
1 0 0 0.772942

3
1 0 451 0.849961
2 0 0 0.872455
3 0 0 0.832814

7
1 0 326 0.974126
2 1 1 0.857278
4 0 227 1.03903
8 0 0 1.12708
9 0 0 0.938714
5 0 0 0.980215
3 0 0 0.965094

7
1 1 2 0.911845
2 0 0 0.921096
3 0 6550 0.976557
6 0 4396 1.13346
12 0 0 1.02668
13 0 0 1.066
7 0 0 1.03297

3
1 0 1774 0.817469
2 0 0 0.897154
3 0 0 0.829246

3
1 0 79 0.844007
2 0 0 0.999296
3 0 0 0.740587

3
1 0 9863 0.970199
2 0 0 0.932595
3 0 0 1.06713

1
1 0 0 0.979037

1
1 0 0 0.822284

1
1 0 0 0.716202

3
1 1 1 0.883314
2 0 0 1.0377
3 0 0 0.770545

1
1 0 0 0.787273

3
1 1 1 0.971106
2 0 0 0.895137
3 0 0 0.765929

3
1 0 6726 0.885331
2 0 0 1.00903
3 0 0 0.904958

1
1 0 0 0.862379

1
1 0 0 0.803511

1
1 0 0 1.00743

5
1 1 1 0.827108
2 0 0 0.899507
3 0 1442 0.872476
6 0 0 1.03023
7 0 0 0.839945

3
1 0 9507 0.858022
2 0 0 0.918612
3 0 0 1.0567

5
1 1 2 0.92743
2 1 1 0.991642
4 0 0 1.02397
5 0 0 0.950629
3 0 0 0.976141

3
1 1 1 0.838135
2 0 0 1.0635
3 0 0 0.893656

7
1 0 546 0.872163
2 0 421 0.9615
4 0 0 1.00974
5 0 0 0.981099
3 0 3172 0.912039
6 0 0 0.879202
7 0 0 0.958945

3
1 1 1 0.874052
2 0 0 0.881608
3 0 0 0.709437

1
1 0 0 0.793935

3
1 1 1 0.854347
2 0 0 1.04351
3 0 0 0.796559

3
1 0 1610 0.842107
2 0 0 0.852437
3 0 0 0.894805

1
1 0 0 0.867534

1
1 0 0 0.777181

1
1 0 0 0.772055

5
1 0 3823 0.911077
2 1 2 0.933383
4 0 0 0.954572
5 0 0 1.04584
3 0 0 0.930633

1
1 0 0 0.795679

3
1 1 1 0.885673
2 0 0 1.06593
3 0 0 0.842062

1
1 0 0 0.773657

3
1 1 1 0.876143
2 0 0 0.986345
3 0 0 0.749758

3
1 1 1 0.844857
2 0 0 1.09112
3 0 0 0.773629

5
1 0 2527 0.859339
2 1 1 1.01493
4 0 0 0.861113
5 0 0 0.90604
3 0 0 0.774601

7
1 1 1 0.848394
2 0 0 0.898548
3 0 2767 0.919607
6 0 0 0.999355
7 1 2 0.916246
14 0 0 0.923526
15 0 0 1.0124

1
1 0 0 0.71286

3
1 1 2 0.900649
2 0 0 0.847241
3 0 0 1.08165

3
1 1 1 0.908578
2 0 0 0.870246
3 0 0 0.815939

3
1 0 63 0.858539
2 0 0 1.13224
3 0 0 0.912421

1
1 0 0 0.751047

1
1 0 0 0.859954

5
1 0 7838 0.962201
2 0 615 0.927002
4 0 0 0.909168
5 0 0 0.912522
3 0 0 0.932337

3
1 0 567 0.79209
2 0 0 1.0167
3 0 0 0.818042

3
1 0 9413 0.825774
2 0 0 0.821649
3 0 0 0.935684

3
1 1 1 0.893528
2 0 0 0.943856
3 0 0 0.879793

1
1 0 0 0.774513

3
1 1 1 0.932669
2 0 0 1.10402
3 0 0 0.756146

1
1 0 0 0.892596

5
1 0 6715 0.926202
2 0 0 1.0988
3 0 7229 0.875316
6 0 0 1.04434
7 0 0 0.82575

3
1 1 2 0.874913
2 0 0 0.899858
3 0 0 0.993885

5
1 1 1 1.02316
2 0 0 1.04821
3 0 9961 0.789282
6 0 0 0.774289
7 0 0 1.02198

5
1 1 2 0.916172
2 0 0 0.82625
3 0 7673 0.943466
6 0 0 0.961912
7 0 0 0.983682

3
1 1 1 0.945619
2 0 0 0.967182
3 0 0 0.817269

1
1 0 0 0.818636

5
1 1 1 0.886247
2 0 0 0.973717
3 0 7052 0.955245
6 0 0 0.970584
7 0 0 1.04492

5
1 1 1 0.870123
2 0 6351 1.03802
4 0 0 1.03379
5 0 0 1.12907
3 0 0 0.889022

3
1 0 6528 0.915139
2 0 0 0.825763
3 0 0 0.84821

3
1 1 2 0.879074
2 0 0 0.955014
3 0 0 0.93853

3
1 0 311 0.757326
2 0 0 0.923753
3 0 0 0.757611

3
1 1 1 0.8796
2 0 0 0.911395
3 0 0 0.784926

3
1 0 1231 0.877006
2 0 0 0.901276
3 0 0 0.948037

1
1 0 0 0.807678

3
1 1 2 1.00583
2 0 0 1.00054
3 0 0 0.965111

5
1 1 2 1.002
2 0 0 0.837826
3 0 1182 0.963048
6 0 0 0.992981
7 0 0 0.909841

3
1 0 3185 0.962186
2 0 0 0.94683
3 0 0 0.891351

1
1 0 0 0.773999

5
1 1 1 0.934843
2 0 8180 0.995799
4 0 0 1.00025
5 0 0 1.01701
3 0 0 0.914788

3
1 0 8176 0.920597
2 0 0 0.903269
3 0 0 0.971041

3
1 1 2 0.914493
2 0 0 0.821838
3 0 0 1.03496

7
1 1 2 0.982644
2 0 9646 0.849682
4 0 0 0.811488
5 0 0 0.939146
3 0 2180 0.965022
6 0 0 0.857934
7 0 0 1.10044

5
1 0 1873 0.930309
2 1 2 0.965132
4 0 0 1.00969
5 0 0 0.964793
3 0 0 0.88782

7
1 1 1 0.98527
2 0 0 0.96711
3 0 7256 1.01473
6 0 5834 1.00951
12 0 0 0.936682
13 0 0 1.12856
7 0 0 1.09437

7
1 0 9027 0.852114
2 0 0 0.943429
3 1 1 0.984708
6 0 0 1.022
7 1 2 0.983235
14 0 0 0.778458
15 0 0 1.02932

3
1 0 9545 0.876209
2 0 0 0.874877
3 0 0 0.94067

3
1 0 1299 0.922835
2 0 0 0.920609
3 0 0 0.834843

9
1 1 1 0.899501
2 0 9325 1.04989
4 0 0 1.02783
5 0 9655 1.03216
10 0 0 0.972445
11 0 9873 0.938581
22 0 0 0.954874
23 0 0 0.936924
3 0 0 0.916853

3
1 0 5136 0.944508
2 0 0 0.873025
3 0 0 0.936037

3
1 0 1111 0.867301
2 0 0 0.943659
3 0 0 0.926279

3
1 0 720 0.892421
2 0 0 1.12962
3 0 0 0.872108

3
1 0 210 0.788626
2 0 0 1.04126
3 0 0 0.863494

1
1 0 0 0.932097

5
1 1 2 0.913777
2 0 0 0.846474
3 0 7198 1.03587
6 0 0 0.926964
7 0 0 0.982969

3
1 0 8141 0.985514
2 0 0 0.999956
3 0 0 0.948491

3
1 0 591 0.957889
2 0 0 1.02333
3 0 0 0.944859

3
1 0 9744 0.907688
2 0 0 0.934479
3 0 0 1.01582

3
1 0 5578 0.926761
2 0 0 0.880374
3 0 0 0.940843

3
1 1 1 0.800002
2 0 0 0.972823
3 0 0 0.930951

3
1 0 9560 0.801521
2 0 0 0.815008
3 0 0 0.987935

5
1 1 1 0.86814
2 0 0 0.920247
3 1 2 0.960544
6 0 0 0.905831
7 0 0 0.973217

3
1 0 2463 0.867057
2 0 0 0.885625
3 0 0 0.871072

5
1 1 1 0.921869
2 0 8321 1.04104
4 0 0 1.03994
5 0 0 0.935288
3 0 0 0.808459

7
1 0 7789 0.882391
2 0 4546 0.907286
4 0 107 0.946733
8 0 0 1.00266
9 0 0 0.924598
5 0 0 0.938575
3 0 0 0.817529

5
1 0 9722 0.902949
2 0 0 0.905412
3 0 9878 1.11484
6 0 0 0.955057
7 0 0 0.936534

1
1 0 0 0.944837

3
1 0 3387 0.867689
2 0 0 1.03989
3 0 0 0.902392

1
1 0 0 0.822426

3
1 0 1996 0.887321
2 0 0 0.887539
3 0 0 0.898024

3
1 1 1 0.87121
2 0 0 1.04956
3 0 0 0.817265

1
1 0 0 0.93181

5
1 0 9626 0.829882
2 0 0 0.828542
3 1 1 0.941877
6 0 0 0.99323
7 0 0 1.16979

3
1 1 1 0.975852
2 0 0 0.835591
3 0 0 0.861223

1
1 0 0 0.730189

3
1 1 1 0.799601
2 0 0 0.975369
3 0 0 0.764435

3
1 0 6547 0.869536
2 0 0 0.894468
3 0 0 0.871395

3
1 1 1 0.925904
2 0 0 1.01734
3 0 0 0.810945

5
1 1 2 0.789149
2 0 0 0.776742
3 0 642 0.885207
6 0 0 0.922765
7 0 0 0.991613

5
1 1 1 0.843678
2 0 8973 0.955512
4 0 0 0.929828
5 0 0 0.995884
3 0 0 0.737272

3
1 0 3025 0.89849
2 0 0 0.985254
3 0 0 0.908253

3
1 1 2 0.913527
2 0 0 0.941406
3 0 0 0.854755

1
1 0 0 0.81916

3
1 0 2841 0.864087
2 0 0 0.922515
3 0 0 0.861707

3
1 1 1 0.880547
2 0 0 0.971349
3 0 0 0.837827

1
1 0 0 0.815208

3
1 0 8299 0.93817
2 0 0 0.970338
3 0 0 0.93303

3
1 1 2 0.825792
2 0 0 0.825525
3 0 0 0.902199

3
1 1 1 0.864211
2 0 0 0.918725
3 0 0 0.883656

3
1 1 1 0.822925
2 0 0 1.09162
3 0 0 0.899531

3
1 1 1 0.898123
2 0 0 0.985964
3 0 0 0.728854

3
1 1 1 0.838135
2 0 0 0.877035
3 0 0 0.828531

3
1 1 1 0.87616
2 0 0 0.910015
3 0 0 0.757823

1
1 0 0 0.793678

5
1 1 1 0.930388
2 0 280 1.05415
4 0 0 0.937136
5 0 0 1.04926
3 0 0 0.904265

3
1 1 1 0.849406
2 0 0 0.948665
3 0 0 0.847114

1
1 0 0 0.87084

3
1 0 159 0.907211
2 0 0 1.04938
3 0 0 0.815506

3
1 1 1 0.927032
2 0 0 0.968755
3 0 0 0.868285

3
1 1 1 0.870865
2 0 0 0.880455
3 0 0 0.91579

3
1 1 2 0.836153
2 0 0 0.786077
3 0 0 0.887133

5
1 1 2 0.787482
2 0 8138 0.846123
4 0 0 0.905203
5 0 0 1.0033
3 0 0 1.03864

7
1 0 983 0.83125
2 0 253 0.981369
4 0 176 0.876182
8 0 0 1.02024
9 0 0 1.00889
5 0 0 1.04146
3 0 0 0.682119

3
1 0 354 0.954045
2 0 0 0.908941
3 0 0 0.74775

5
1 1 1 0.843628
2 0 0 1.05035
3 1 2 1.02842
6 0 0 0.887096
7 0 0 1.08497

1
1 0 0 0.806255

3
1 0 8708 0.916082
2 0 0 0.950926
3 0 0 0.873966

5
1 1 1 0.848394
2 0 0 0.96337
3 0 8199 0.817346
6 0 0 0.871672
7 0 0 0.81081

3
1 0 83 0.776235
2 0 0 1.07176
3 0 0 0.83696

1
1 0 0 0.727051

3
1 1 1 0.905479
2 0 0 1.0299
3 0 0 0.794054

3
1 1 2 0.88485
2 0 0 0.922924
3 0 0 0.966753

1
1 0 0 0.831455

3
1 1 1 0.777215
2 0 0 1.00213
3 0 0 0.784998

3
1 0 2140 0.860804
2 0 0 1.00439
3 0 0 0.798672

3
1 1 1 0.850117
2 0 0 0.967773
3 0 0 0.816222

3
1 1 1 0.796774
2 0 0 0.993541
3 0 0 0.758131

3
1 0 1373 0.911146
2 0 0 1.04568
3 0 0 0.801719

1
1 0 0 0.786743

1
1 0 0 0.737504

3
1 1 1 0.913169
2 0 0 1.05288
3 0 0 0.789515

7
1 1 2 0.835289
2 0 0 0.861173
3 0 6659 0.97635
6 0 0 1.06236
7 0 9721 1.07589
14 0 0 0.908545
15 0 0 0.951939

3
1 0 9732 0.904995
2 0 0 0.831864
3 0 0 0.982597

1
1 0 0 0.908285

1
1 0 0 0.804438

1
1 0 0 0.732822

3
1 1 1 0.862344
2 0 0 1.06065
3 0 0 0.838439

3
1 1 1 0.934333
2 0 0 1.04618
3 0 0 1.01982

5
1 1 1 0.934931
2 0 0 1.10058
3 1 2 0.839675
6 0 0 0.915471
7 0 0 1.01182

1
1 0 0 0.81913

3
1 1 1 0.862192
2 0 0 0.975376
3 0 0 0.724449

7
1 1 2 0.860595
2 0 1894 0.813964
4 0 0 0.903056
5 0 0 0.872047
3 0 5770 0.992154
6 0 0 1.05687
7 0 0 0.997674

3
1 0 9874 1.01243
2 0 0 0.95795
3 0 0 0.942352

3
1 0 3139 0.941612
2 0 0 0.883823
3 0 0 1.05981

5
1 1 1 0.821386
2 0 4318 0.939215
4 0 0 0.948864
5 0 0 0.912242
3 0 0 0.948092

3
1 0 8332 0.854828
2 0 0 0.990074
3 0 0 1.01026

3
1 0 9535 0.793221
2 0 0 0.746301
3 0 0 0.902335

1
1 0 0 0.793791

3
1 0 9423 0.866061
2 0 0 0.812551
3 0 0 1.00494

3
1 1 1 0.849848
2 0 0 1.0296
3 0 0 0.798906

1
1 0 0 0.911629

1
1 0 0 0.808663

3
1 1 1 0.945502
2 0 0 1.02539
3 0 0 0.862807

3
1 0 5495 0.890091
2 0 0 1.02424
3 0 0 0.849002

3
1 0 913 0.903245
2 0 0 1.19041
3 0 0 0.859306

3
1 1 1 0.867073
2 0 0 0.889782
3 0 0 0.864506

1
1 0 0 0.908865

3
1 1 1 0.937965
2 0 0 1.04555
3 0 0 0.839474

5
1 0 6381 0.860888
2 1 2 0.996262
4 0 0 0.943426
5 0 0 0.858417
3 0 0 0.799634

5
1 0 4704 0.826911
2 0 2800 0.885042
4 0 0 0.949806
5 0 0 1.17852
3 0 0 0.852321

3
1 1 2 0.85903
2 0 0 0.814736
3 0 0 1.08939

3
1 0 9856 0.939965
2 0 0 0.807193
3 0 0 1.19398

3
1 0 3172 0.851914
2 0 0 0.947174
3 0 0 0.947352

3
1 1 2 0.930243
2 0 0 0.87213
3 0 0 0.883191

3
1 0 9650 0.914624
2 0 0 0.828637
3 0 0 0.915636

3
1 0 6992 0.922369
2 0 0 0.953405
3 0 0 0.949606

5
1 1 1 0.8622
2 0 0 0.945096
3 0 3641 0.905929
6 0 0 0.947442
7 0 0 0.91583

3
1 1 1 0.885822
2 0 0 1.02336
3 0 0 0.97478

3
1 1 1 0.88454
2 0 0 1.01958
3 0 0 0.860987

3
1 1 2 1.00322
2 0 0 0.811184
3 0 0 0.843188

3
1 1 2 0.802695
2 0 0 0.852163
3 0 0 1.05367

3
1 1 1 0.911956
2 0 0 1.04559
3 0 0 0.783183

1
1 0 0 0.888953

3
1 0 8967 0.92321
2 0 0 0.869486
3 0 0 0.798848

3
1 1 2 0.851379
2 0 0 0.987263
3 0 0 1.09062

1
1 0 0 0.902223

3
1 0 4610 0.902238
2 0 0 0.961189
3 0 0 0.967055

9
1 0 1323 0.823021
2 0 876 1.00459
4 0 0 0.865213
5 0 0 0.868766
3 1 2 0.857733
6 0 0 0.95701
7 0 4372 1.05864
14 0 0 1.01725
15 0 0 0.958012

3
1 1 2 0.915694
2 0 0 0.895229
3 0 0 1.01604

3
1 0 8052 0.90639
2 0 0 0.92682
3 0 0 0.842078

3
1 0 3175 0.90696
2 0 0 1.01205
3 0 0 0.909723

5
1 0 8655 0.874718
2 0 0 0.945184
3 0 8822 0.849525
6 0 0 1.12311
7 0 0 0.795346

3
1 0 6674 0.974055
2 0 0 1.17713
3 0 0 0.945557

3
1 1 2 0.897791
2 0 0 0.801488
3 0 0 0.885379

3
1 0 961 0.940469
2 0 0 0.982826
3 0 0 0.811394

3
1 0 90 0.811404
2 0 0 1.05971
3 0 0 0.790649

3
1 1 2 0.945543
2 0 0 0.860015
3 0 0 1.00659

3
1 0 2137 0.931388
2 0 0 0.89992
3 0 0 0.929027

3
1 0 9327 0.881513
2 0 0 0.859013
3 0 0 0.803313

3
1 1 1 0.89568
2 0 0 0.987972
3 0 0 0.865678

7
1 0 2678 0.914746
2 0 0 0.886998
3 1 1 0.854
6 0 8228 1.0104
12 0 0 0.959301
13 0 0 0.972604
7 0 0 0.874674

3
1 0 8672 0.858388
2 0 0 0.847175
3 0 0 0.86191

1
1 0 0 0.826182

3
1 1 1 0.818092
2 0 0 0.931425
3 0 0 0.805254

3
1 0 8255 0.897655
2 0 0 0.911106
3 0 0 0.90831

3
1 1 1 0.894741
2 0 0 0.9684
3 0 0 0.798249

3
1 1 1 0.820606
2 0 0 1.00694
3 0 0 0.69376

3
1 1 2 0.905818
2 0 0 0.755055
3 0 0 1.00191

3
1 0 560 0.805908
2 0 0 0.988864
3 0 0 0.799293

1
1 0 0 0.943123

3
1 1 1 0.898123
2 0 0 0.984009
3 0 0 0.854874

3
1 0 68 0.924869
2 0 0 1.01923
3 0 0 0.792584

3
1 1 1 0.869636
2 0 0 0.985415
3 0 0 0.886411

1
1 0 0 0.832828

3
1 0 6317 0.910478
2 0 0 0.913714
3 0 0 0.932728

3
1 0 9903 0.777749
2 0 0 0.818237
3 0 0 0.98338

3
1 1 1 0.816922
2 0 0 1.11973
3 0 0 0.857209

1
1 0 0 0.893142

3
1 1 1 0.867704
2 0 0 0.998389
3 0 0 0.67318

3
1 1 1 0.998115
2 0 0 1.05586
3 0 0 0.799706

3
1 1 1 0.916623
2 0 0 0.963681
3 0 0 0.887984

3
1 0 5277 0.89645
2 0 0 0.991272
3 0 0 0.736846

5
1 1 1 0.866999
2 0 1770 1.08615
4 0 0 1.01205
5 0 0 1.14998
3 0 0 0.837823

1
1 0 0 0.784457

1
1 0 0 0.823653

3
1 0 2156 0.839381
2 0 0 1.08357
3 0 0 0.79109

1
1 0 0 0.870734

3
1 1 1 0.862463
2 0 0 1.00072
3 0 0 0.876063

3
1 1 2 0.823639
2 0 0 0.717193
3 0 0 0.985888

3
1 1 1 0.836462
2 0 0 0.899052
3 0 0 0.857595

3
1 0 1041 0.754799
2 0 0 1.01951
3 0 0 0.715397

3
1 1 1 0.88155
2 0 0 0.92875
3 0 0 0.855955

1
1 0 0 0.853055

5
1 1 1 0.809111
2 0 0 0.842673
3 0 7969 0.834993
6 0 0 0.83927
7 0 0 0.997753

1
1 0 0 0.750996

3
1 0 4681 0.850537
2 0 0 0.936679
3 0 0 0.936484

5
1 1 1 0.881525
2 0 8821 1.0219
4 0 0 0.97718
5 0 0 1.00679
3 0 0 0.921522

5
1 1 1 0.835511
2 0 3253 0.996523
4 0 0 0.945494
5 0 0 0.993038
3 0 0 0.98611

3
1 0 249 0.835988
2 0 0 1.01535
3 0 0 0.781538

3
1 1 1 0.824937
2 0 0 1.00289
3 0 0 0.80252

1
1 0 0 0.83026

1
1 0 0 0.843387

3
1 0 9942 0.690638
2 0 0 0.738152
3 0 0 1.16653

1
1 0 0 0.738499

3
1 1 1 0.822722
2 0 0 0.975904
3 0 0 0.835938

3
1 1 2 0.85844
2 0 0 0.885985
3 0 0 0.96584

5
1 1 1 0.852723
2 0 112 0.890061
4 0 0 1.02843
5 0 0 0.893052
3 0 0 0.781732

1
1 0 0 0.761841

5
1 0 9628 0.906539
2 0 0 0.844288
3 0 9694 1.01613
6 0 0 0.950433
7 0 0 1.1661

3
1 0 906 0.888785
2 0 0 1.02622
3 0 0 0.906356

3
1 1 1 0.862192
2 0 0 0.889674
3 0 0 0.7569

3
1 1 1 0.842924
2 0 0 0.94218
3 0 0 0.803946

3
1 0 3630 0.874175
2 0 0 0.94941
3 0 0 0.903063

1
1 0 0 0.896116

3
1 0 348 0.932732
2 0 0 0.96935
3 0 0 0.904702

3
1 1 1 0.876752
2 0 0 0.972274
3 0 0 0.847164

3
1 1 1 1.01285
2 0 0 0.954593
3 0 0 0.876459

5
1 0 6700 0.864528
2 0 0 0.860407
3 0 9919 0.993822
6 0 0 1.03181
7 0 0 1.07177

7
1 0 5860 0.870494
2 1 1 0.83819
4 0 0 1.00877
5 0 2650 1.01291
10 0 0 1.05387
11 0 0 1.08479
3 0 0 1.00544

3
1 0 3369 0.930078
2 0 0 0.922255
3 0 0 0.891771

5
1 0 1596 0.894017
2 0 0 0.992158
3 1 1 0.907873
6 0 0 1.02164
7 0 0 0.881122

1
1 0 0 0.775797

3
1 1 2 0.840554
2 0 0 0.889419
3 0 0 0.987807

3
1 1 1 0.823981
2 0 0 1.12083
3 0 0 0.856552

3
1 0 5477 0.860643
2 0 0 0.836492
3 0 0 0.808386

3
1 0 754 0.856431
2 0 0 1.12617
3 0 0 0.876107

1
1 0 0 0.799384

3
1 0 2453 0.92006
2 0 0 1.04109
3 0 0 0.871122

3
1 0 5353 0.91735
2 0 0 0.902308
3 0 0 0.898033

3
1 0 1481 0.855828
2 0 0 1.04843
3 0 0 0.811549

3
1 1 2 0.830885
2 0 0 0.863391
3 0 0 0.931694

1
1 0 0 0.817363

3
1 1 1 0.890113
2 0 0 1.06683
3 0 0 0.885832

3
1 0 1921 0.891467
2 0 0 0.869103
3 0 0 0.922209

5
1 0 8405 0.917552
2 0 0 0.861235
3 1 1 0.981552
6 0 0 1.07436
7 0 0 0.849516

3
1 1 2 0.893211
2 0 0 0.8902
3 0 0 1.00752

5
1 1 1 0.8622
2 0 0 0.943097
3 1 2 0.872542
6 0 0 0.848444
7 0 0 0.920272

3
1 1 1 1.02461
2 0 0 1.04376
3 0 0 0.770448

3
1 0 63 0.84306
2 0 0 0.967374
3 0 0 0.808447

3
1 0 831 0.836632
2 0 0 1.03136
3 0 0 0.893223

3
1 1 1 0.884778
2 0 0 1.00214
3 0 0 0.812416

1
1 0 0 0.880728

3
1 0 1771 0.864216
2 0 0 0.946081
3 0 0 0.874894

3
1 0 8234 0.882366
2 0 0 1.02246
3 0 0 0.881761

5
1 1 1 0.8375
2 0 918 0.951869
4 0 0 0.969386
5 0 0 0.969753
3 0 0 0.841573

3
1 1 1 0.974748
2 0 0 1.02807
3 0 0 0.810719

1
1 0 0 0.904056

3
1 1 1 0.918136
2 0 0 1.08343
3 0 0 0.817801

3
1 1 1 0.823705
2 0 0 0.880902
3 0 0 0.872817

3
1 1 1 1.10349
2 0 0 0.8891
3 0 0 0.895634

3
1 0 770 0.823834
2 0 0 0.835792
3 0 0 0.884367

1
1 0 0 0.913621

1
1 0 0 0.890129

7
1 1 2 0.86701
2 1 1 0.902248
4 0 0 0.891512
5 0 0 0.970701
3 0 9358 1.09714
6 0 0 1.28124
7 0 0 0.966863

3
1 1 2 0.93401
2 0 0 0.955058
3 0 0 1.10145

3
1 0 8458 0.903381
2 0 0 0.944599
3 0 0 0.835148

5
1 1 2 0.905739
2 0 0 0.922728
3 0 418 1.01574
6 0 0 1.07603
7 0 0 0.991619

5
1 1 2 0.93687
2 1 1 1.03709
4 0 0 1.00719
5 0 0 0.926932
3 0 0 0.875779

3
1 0 6645 0.949025
2 0 0 0.983473
3 0 0 0.822591

1
1 0 0 0.880218

3
1 1 1 0.923573
2 0 0 1.06621
3 0 0 0.758746

5
1 0 6448 0.914965
2 0 6269 1.0801
4 0 0 1.07453
5 0 0 0.930004
3 0 0 0.882851

1
1 0 0 0.822817

3
1 1 2 0.921751
2 0 0 0.887584
3 0 0 1.01438

3
1 1 2 0.880106
2 0 0 0.868101
3 0 0 0.953008

3
1 1 1 0.766716
2 0 0 0.835027
3 0 0 0.784971

1
1 0 0 0.883109

3
1 1 1 0.878583
2 0 0 0.916249
3 0 0 0.930747

3
1 0 2230 0.787236
2 0 0 0.99431
3 0 0 0.902699

3
1 0 1486 0.818237
2 0 0 0.936458
3 0 0 0.803377

1
1 0 0 0.764916

3
1 0 6263 0.868617
2 0 0 0.858207
3 0 0 0.948046

1
1 0 0 0.936442

1
1 0 0 0.745822

3
1 1 1 0.849179
2 0 0 0.909088
3 0 0 0.82187

3
1 0 355 0.844384
2 0 0 1.07124
3 0 0 0.856922

1
1 0 0 0.788722

3
1 0 154 0.933215
2 0 0 1.05596
3 0 0 0.877591

3
1 0 454 0.932192
2 0 0 1.01858
3 0 0 0.909019

3
1 1 2 0.87831
2 0 0 0.881156
3 0 0 0.876967

5
1 0 2372 0.881583
2 0 1162 0.988654
4 0 0 0.858162
5 0 0 1.14483
3 0 0 0.886362

3
1 1 1 0.877785
2 0 0 0.943382
3 0 0 0.792396

1
1 0 0 0.847812

3
1 1 1 0.884894
2 0 0 1.09438
3 0 0 0.804209

1
1 0 0 0.938082

1
1 0 0 0.878265

3
1 1 1 0.903473
2 0 0 1.13361
3 0 0 0.781831

3
1 1 1 0.862463
2 0 0 0.991097
3 0 0 0.798179

3
1 1 1 0.85974
2 0 0 0.900829
3 0 0 0.804737

3
1 0 1567 0.869041
2 0 0 0.870596
3 0 0 0.87754

3
1 1 1 0.961386
2 0 0 0.931084
3 0 0 0.749954

1
1 0 0 0.810472

1
1 0 0 0.912626

1
1 0 0 0.793213

1
1 0 0 0.837522

3
1 1 2 0.87534
2 0 0 0.732413
3 0 0 0.94593

3
1 1 2 0.823693
2 0 0 0.785446
3 0 0 0.977359

3
1 0 369 0.860789
2 0 0 1.13334
3 0 0 0.884542

5
1 0 6630 0.838544
2 0 0 0.918833
3 1 2 0.926901
6 0 0 0.850248
7 0 0 1.04014

1
1 0 0 0.783588

5
1 0 4701 0.880672
2 0 0 0.875189
3 0 8409 0.981935
6 0 0 0.959967
7 0 0 0.933677

1
1 0 0 0.741264

3
1 1 1 0.781084
2 0 0 0.976551
3 0 0 0.834549

3
1 0 9425 0.748791
2 0 0 0.829962
3 0 0 1.0932

3
1 1 1 0.867682
2 0 0 0.969566
3 0 0 0.830591

3
1 1 1 0.931888
2 0 0 1.04596
3 0 0 0.661009

3
1 0 868 0.825342
2 0 0 0.946889
3 0 0 0.824107

5
1 1 1 0.806077
2 0 4688 0.952706
4 0 0 0.898991
5 0 0 1.12086
3 0 0 0.86554

3
1 0 252 0.78829
2 0 0 0.95126
3 0 0 0.780026

3
1 0 906 0.888785
2 0 0 0.928123
3 0 0 0.82561

3
1 0 2274 0.825298
2 0 0 0.825967
3 0 0 0.800516

3
1 1 2 0.773247
2 0 0 0.772038
3 0 0 0.969829

3
1 0 676 0.860604
2 0 0 1.05113
3 0 0 0.850415

3
1 1 1 0.877458
2 0 0 0.906395
3 0 0 0.854051

3
1 1 2 0.821343
2 0 0 0.878196
3 0 0 1.05445

1
1 0 0 0.849696

1
1 0 0 0.795695

3
1 1 1 0.898852
2 0 0 1.0021
3 0 0 0.832474

3
1 0 4450 0.855561
2 0 0 0.951935
3 0 0 0.855533

3
1 0 3769 0.88345
2 0 0 0.972441
3 0 0 0.860489

3
1 0 9622 0.860836
2 0 0 0.802856
3 0 0 0.926021

5
1 1 1 0.822011
2 0 471 0.870048
4 0 0 0.987151
5 0 0 0.96671
3 0 0 0.842671

5
1 0 2727 1.01203
2 0 1536 0.970694
4 0 0 0.925018
5 0 0 0.990866
3 0 0 0.953372

3
1 0 3159 0.902692
2 0 0 1.03805
3 0 0 0.908676

3
1 0 6883 0.938703
2 0 0 1.00252
3 0 0 0.910584

3
1 1 1 0.856285
2 0 0 0.891117
3 0 0 0.892673

3
1 0 3837 0.879224
2 0 0 1.06309
3 0 0 0.823233

3
1 1 1 0.874683
2 0 0 0.962118
3 0 0 0.86392

5
1 1 1 0.880574
2 0 8916 1.00607
4 0 0 0.918703
5 0 0 0.900978
3 0 0 0.77256

1
1 0 0 0.872671

5
1 0 765 0.866345
2 0 359 0.969419
4 0 0 0.953865
5 0 0 0.942349
3 0 0 0.845248

1
1 0 0 0.81951

1
1 0 0 0.767694

5
1 1 1 0.94845
2 0 0 1.06803
3 1 2 0.924143
6 0 0 0.911575
7 0 0 0.961697

5
1 0 2277 0.921851
2 0 886 1.05949
4 0 0 0.944734
5 0 0 1.09517
3 0 0 0.912042

3
1 1 2 0.981122
2 0 0 0.996803
3 0 0 0.870199

1
1 0 0 0.920096

3
1 1 1 0.790262
2 0 0 0.895159
3 0 0 0.803174

5
1 1 2 0.844775
2 0 0 0.899612
3 0 1093 0.901991
6 0 0 0.907252
7 0 0 0.981413

3
1 1 2 0.825423
2 0 0 0.829049
3 0 0 0.93489

3
1 1 1 0.922841
2 0 0 1.10487
3 0 0 0.795031

3
1 0 9818 0.813162
2 0 0 0.757094
3 0 0 0.991116

5
1 0 7305 0.919113
2 0 5694 0.921125
4 0 0 0.872225
5 0 0 0.971956
3 0 0 0.945106

3
1 0 2317 0.906059
2 0 0 0.978833
3 0 0 0.820388

1
1 0 0 0.78523

3
1 0 1082 0.799183
2 0 0 0.902014
3 0 0 0.824349

5
1 0 6334 0.882383
2 0 5736 0.952073
4 0 0 0.919376
5 0 0 1.04344
3 0 0 0.821131

1
1 0 0 0.905222

5
1 0 8669 0.918611
2 1 1 0.968081
4 0 0 1.02844
5 0 0 0.950685
3 0 0 1.00013

3
1 1 1 0.918792
2 0 0 0.875222
3 0 0 0.907063

5
1 1 1 0.893581
2 0 0 0.950362
3 1 2 0.858244
6 0 0 0.809572
7 0 0 0.931885

3
1 0 5808 0.842665
2 0 0 0.945419
3 0 0 0.846074

1
1 0 0 0.867168

1
1 0 0 0.814418

5
1 1 2 0.924994
2 0 5192 0.913203
4 0 0 0.961197
5 0 0 0.971518
3 0 0 0.945713

3
1 1 1 0.916174
2 0 0 0.948894
3 0 0 0.790227

5
1 1 2 0.929236
2 0 0 0.969209
3 0 7013 1.02456
6 0 0 1.10191
7 0 0 0.989228

3
1 0 1968 0.907923
2 0 0 0.942299
3 0 0 0.951414

5
1 1 1 1.02734
2 0 7993 0.936551
4 0 0 0.932742
5 0 0 0.976473
3 0 0 0.799938

3
1 0 1457 0.868484
2 0 0 0.959405
3 0 0 0.891085

3
1 1 1 0.965856
2 0 0 1.03334
3 0 0 0.94339

5
1 0 6479 0.890265
2 0 0 1.01258
3 0 7274 0.882618
6 0 0 0.936952
7 0 0 0.880029

1
1 0 0 0.91785

3
1 1 1 0.950584
2 0 0 0.924917
3 0 0 0.830106

3
1 1 1 0.94156
2 0 0 1.04047
3 0 0 1.03488

1
1 0 0 0.814223

3
1 1 1 0.877335
2 0 0 1.01129
3 0 0 0.849458

7
1 0 9498 1.00387
2 0 6737 1.01075
4 0 0 1.05923
5 0 0 0.922598
3 0 9614 0.958787
6 0 0 1.00437
7 0 0 0.981407

3
1 0 3544 0.976433
2 0 0 0.946243
3 0 0 0.989012

3
1 0 4292 0.865852
2 0 0 0.926372
3 0 0 0.849572

3
1 1 2 0.902941
2 0 0 0.89469
3 0 0 1.00612

5
1 0 8653 0.90621
2 0 8056 0.938525
4 0 0 1.00526
5 0 0 1.01596
3 0 0 0.923054

3
1 1 1 0.849537
2 0 0 0.962581
3 0 0 0.740528

1
1 0 0 0.799219

1
1 0 0 0.790623

7
1 0 1621 0.904045
2 0 0 0.995758
3 1 2 0.951643
6 0 3407 0.839762
12 0 0 0.910323
13 0 0 0.738846
7 0 0 1.16195

1
1 0 0 0.825983

3
1 0 7298 0.888891
2 0 0 0.954303
3 0 0 0.912594

3
1 0 2242 0.785032
2 0 0 0.87338
3 0 0 0.735146

3
1 1 2 0.768509
2 0 0 0.772517
3 0 0 1.03307

1
1 0 0 0.78168

1
1 0 0 0.858601

5
1 1 2 0.791761
2 0 0 0.75002
3 0 5197 1.05595
6 0 0 1.13565
7 0 0 1.04516

3
1 0 8007 0.878224
2 0 0 0.848931
3 0 0 0.898748

5
1 0 7166 0.916044
2 0 0 0.953922
3 0 8702 0.931899
6 0 0 1.07054
7 0 0 0.833663

1
1 0 0 0.917307

3
1 1 1 0.887063
2 0 0 1.04321
3 0 0 0.88762

1
1 0 0 0.9079

3
1 1 1 0.821999
2 0 0 0.900126
3 0 0 0.760119

3
1 0 846 0.758716
2 0 0 0.933042
3 0 0 0.773777

3
1 0 4941 0.891803
2 0 0 0.927106
3 0 0 0.905687

3
1 0 3558 0.908155
2 0 0 0.98655
3 0 0 0.863505

3
1 1 1 0.813597
2 0 0 0.994418
3 0 0 0.883105

1
1 0 0 0.84568

3
1 1 1 0.869132
2 0 0 1.07459
3 0 0 0.715054

3
1 0 4227 0.774994
2 0 0 0.922552
3 0 0 0.846875

5
1 0 5811 0.856286
2 1 1 0.879494
4 0 0 1.08592
5 0 0 0.775624
3 0 0 0.828011

3
1 0 265 0.818447
2 0 0 1.08339
3 0 0 0.857038

3
1 1 1 0.810766
2 0 0 1.0057
3 0 0 0.833191

3
1 1 1 0.834624
2 0 0 1.00282
3 0 0 0.742729

3
1 1 1 0.86993
2 0 0 0.909477
3 0 0 0.878045

3
1 0 9455 0.748218
2 0 0 0.821803
3 0 0 0.930306

3
1 0 7975 0.920908
2 0 0 0.870833
3 0 0 0.926872

3
1 0 9713 0.68187
2 0 0 0.784349
3 0 0 1.02936

3
1 0 9531 0.749253
2 0 0 0.762243
3 0 0 0.99257

3
1 0 11 0.832397
2 0 0 1.03371
3 0 0 0.817203

3
1 0 770 0.802259
2 0 0 0.899597
3 0 0 0.759133

1
1 0 0 0.78222

3
1 0 2402 0.937275
2 0 0 1.031
3 0 0 0.966191

3
1 1 2 0.852637
2 0 0 0.846469
3 0 0 0.982193

1
1 0 0 0.807229

1
1 0 0 0.871232

1
1 0 0 0.817975

5
1 0 37 0.822962
2 0 0 0.891979
3 1 1 0.865897
6 0 0 1.00175
7 0 0 0.741524

3
1 1 1 0.894534
2 0 0 1.00071
3 0 0 0.921991

3
1 1 1 0.840105
2 0 0 0.99807
3 0 0 0.824428

3
1 1 1 0.818379
2 0 0 1.00308
3 0 0 0.801117

1
1 0 0 0.707473

5
1 1 1 0.916697
2 0 1550 0.905796
4 0 0 1.03226
5 0 0 0.773932
3 0 0 0.867334

1
1 0 0 0.748121

3
1 1 2 0.843213
2 0 0 0.862903
3 0 0 1.06102

3
1 0 909 0.757324
2 0 0 0.999338
3 0 0 0.75893

3
1 0 292 0.804476
2 0 0 0.941437
3 0 0 0.895145

3
1 0 95 0.78747
2 0 0 1.09191
3 0 0 0.78544

5
1 1 1 0.924894
2 0 925 0.933218
4 0 0 1.0012
5 0 0 0.973064
3 0 0 0.763586

7
1 1 2 0.875476
2 0 9403 1.0005
4 0 7832 0.93039
8 0 0 0.852904
9 0 0 0.936318
5 0 0 1.01618
3 0 0 0.927176

5
1 0 82 0.931587
2 0 49 0.987737
4 0 0 0.975466
5 0 0 1.06619
3 0 0 0.896533

5
1 0 4068 0.965126
2 0 0 0.976792
3 1 1 0.835793
6 0 0 1.03768
7 0 0 0.838052

3
1 0 1174 0.918748
2 0 0 0.888076
3 0 0 0.968495

1
1 0 0 0.897986

7
1 0 8523 0.925504
2 1 2 0.929699
4 0 7048 1.06599
8 0 0 1.02806
9 0 0 1.04537
5 0 0 1.00955
3 0 0 0.88303

3
1 1 1 0.878233
2 0 0 1.00478
3 0 0 0.854244

3
1 1 1 0.863962
2 0 0 1.02281
3 0 0 0.85399

3
1 0 1784 0.836312
2 0 0 1.05242
3 0 0 0.963235

3
1 0 2078 0.918046
2 0 0 0.884606
3 0 0 0.897837

5
1 0 6074 0.900261
2 0 4799 0.992668
4 0 0 0.98157
5 0 0 0.956789
3 0 0 0.970148

3
1 1 1 0.935072
2 0 0 1.09826
3 0 0 0.776694

3
1 0 9072 0.951676
2 0 0 0.888134
3 0 0 0.91026

5
1 0 1133 0.797563
2 1 2 1.0413
4 0 0 0.92339
5 0 0 1.05198
3 0 0 0.836014

1
1 0 0 0.827265

3
1 0 9381 0.849012
2 0 0 0.872434
3 0 0 0.939377

3
1 1 1 0.922334
2 0 0 0.974748
3 0 0 0.922332

3
1 1 1 0.878026
2 0 0 1.02991
3 0 0 0.930223

3
1 1 2 0.881006
2 0 0 0.895438
3 0 0 0.828702

3
1 1 1 0.821959
2 0 0 1.0163
3 0 0 0.813954

1
1 0 0 0.892247

3
1 1 1 0.810529
2 0 0 1.04871
3 0 0 0.785374

7
1 0 2657 0.84783
2 0 120 1.00104
4 1 2 0.997373
8 0 0 0.990461
9 0 0 0.974251
5 0 0 1.00913
3 0 0 0.817981

1
1 0 0 0.820048

3
1 0 4821 0.965818
2 0 0 0.82487
3 0 0 0.925426

5
1 0 9913 0.834278
2 0 2187 0.888742
4 0 0 0.974878
5 0 0 0.783985
3 0 0 0.946752

1
1 0 0 0.825016

5
1 0 4881 0.924013
2 0 0 1.0357
3 0 5694 0.881382
6 0 0 0.988635
7 0 0 0.84787

3
1 0 38 0.864822
2 0 0 0.967687
3 0 0 0.88151

5
1 0 9260 1.11332
2 1 1 1.01217
4 0 0 1.17508
5 0 0 0.944755
3 0 0 0.934371

5
1 1 1 0.901347
2 0 0 0.877056
3 0 4162 0.879977
6 0 0 0.942117
7 0 0 0.847827

5
1 0 2370 0.870202
2 0 1441 1.00593
4 0 0 0.994886
5 0 0 0.885286
3 0 0 0.904947

3
1 1 2 0.826427
2 0 0 0.984133
3 0 0 0.940232

3
1 1 1 1.02734
2 0 0 0.928805
3 0 0 0.792075

3
1 0 9858 0.798874
2 0 0 0.860232
3 0 0 0.927182

3
1 1 1 0.869032
2 0 0 1.03152
3 0 0 0.888534

3
1 1 1 0.905515
2 0 0 0.95287
3 0 0 0.930564

3
1 0 721 0.861508
2 0 0 0.903392
3 0 0 0.891782

3
1 0 2123 0.944139
2 0 0 0.995845
3 0 0 0.862121

3
1 1 1 0.94156
2 0 0 1.14863
3 0 0 0.802829

1
1 0 0 0.868066

1
1 0 0 0.840839

5
1 0 5903 0.899893
2 0 889 0.96455
4 0 0 1.01475
5 0 0 0.9082
3 0 0 0.948696

1
1 0 0 0.849018

3
1 0 8311 0.949932
2 0 0 1.0888
3 0 0 0.893405

3
1 1 2 0.805683
2 0 0 0.779834
3 0 0 1.00645

7
1 1 1 0.896083
2 0 195 1.0665
4 0 0 1.09875
5 0 0 1.05318
3 1 2 0.888237
6 0 0 0.881694
7 0 0 0.964867

3
1 0 1175 0.847066
2 0 0 0.998111
3 0 0 0.876341

3
1 0 7313 0.871216
2 0 0 1.00826
3 0 0 0.796209

3
1 1 1 0.85449
2 0 0 1.00523
3 0 0 0.91317

3
1 0 4426 0.916227
2 0 0 0.999324
3 0 0 0.782694

3
1 0 4857 0.952596
2 0 0 0.948423
3 0 0 0.974875

3
1 0 9932 0.75006
2 0 0 0.825878
3 0 0 0.948633

7
1 0 9903 0.844102
2 0 205 0.823486
4 0 0 0.857484
5 0 0 0.835491
3 0 9935 0.876295
6 0 0 0.989045
7 0 0 1.14646

3
1 0 8147 0.862658
2 0 0 0.963618
3 0 0 0.949706

3
1 0 9502 0.828057
2 0 0 0.851283
3 0 0 0.902097

3
1 0 3266 0.933521
2 0 0 1.02856
3 0 0 0.798426

3
1 1 2 0.791761
2 0 0 0.815875
3 0 0 0.887446

3
1 1 2 0.883434
2 0 0 0.74876
3 0 0 1.00532

1
1 0 0 0.75511

3
1 0 9547 0.812411
2 0 0 0.795779
3 0 0 1.02101

3
1 1 1 0.888852
2 0 0 1.04173
3 0 0 0.750581

1
1 0 0 0.894019

3
1 0 5961 0.852878
2 0 0 1.09007
3 0 0 0.94617

3
1 0 3374 0.888822
2 0 0 1.01572
3 0 0 0.912176

3
1 0 552 0.803953
2 0 0 1.12372
3 0 0 0.886994

1
1 0 0 0.854426

5
1 0 1963 0.871613
2 0 0 0.871744
3 0 2913 0.881524
6 0 0 1.04481
7 0 0 0.863777

1
1 0 0 0.756157

1
1 0 0 0.80944

3
1 0 2077 0.959647
2 0 0 0.975018
3 0 0 0.994107

5
1 1 2 0.821507
2 0 0 0.829719
3 0 5279 1.0036
6 0 0 0.983453
7 0 0 0.917597

1
1 0 0 0.833546

1
1 0 0 0.891812

3
1 0 5546 0.840972
2 0 0 0.865187
3 0 0 1.01665

3
1 1 1 0.86993
2 0 0 1.03445
3 0 0 0.75281

3
1 1 2 0.908207
2 0 0 0.816999
3 0 0 1.00213

3
1 1 1 0.871916
2 0 0 0.884967
3 0 0 0.825471

1
1 0 0 0.880191

3
1 1 1 0.878533
2 0 0 0.99297
3 0 0 0.821094

3
1 0 192 0.803457
2 0 0 1.20631
3 0 0 0.819059

3
1 0 900 0.874133
2 0 0 0.900118
3 0 0 0.84819

3
1 0 467 0.804249
2 0 0 1.04496
3 0 0 0.823539

3
1 1 2 0.876629
2 0 0 0.771905
3 0 0 1.02275

3
1 0 9926 0.794445
2 0 0 0.808963
3 0 0 0.964653

3
1 1 2 0.894582
2 0 0 0.719384
3 0 0 0.947349

1
1 0 0 0.694777

3
1 1 1 0.835352
2 0 0 0.903405
3 0 0 0.777448

3
1 0 5396 0.878692
2 0 0 0.860814
3 0 0 0.832367

3
1 1 1 0.894534
2 0 0 0.989207
3 0 0 0.84022

5
1 1 2 0.889406
2 1 1 0.993042
4 0 0 0.919631
5 0 0 0.924503
3 0 0 0.937295

5
1 0 670 0.829735
2 0 0 0.956743
3 1 2 0.849086
6 0 0 0.917282
7 0 0 0.994528

3
1 0 1399 0.871583
2 0 0 0.92737
3 0 0 0.823851

3
1 1 1 0.916697
2 0 0 1.03447
3 0 0 0.824951

3
1 1 1 0.865259
2 0 0 0.99288
3 0 0 0.705244

3
1 1 2 0.884185
2 0 0 0.867329
3 0 0 0.924586

5
1 0 2700 0.887682
2 0 0 0.887421
3 1 1 0.940637
6 0 0 0.992728
7 0 0 0.804897

1
1 0 0 0.888503

3
1 1 1 0.820269
2 0 0 0.908932
3 0 0 0.800953

1
1 0 0 0.673214

3
1 1 2 0.884844
2 0 0 0.90231
3 0 0 1.03485

1
1 0 0 0.713776

1
1 0 0 0.786673

5
1 1 1 0.817573
2 0 3849 1.09269
4 0 0 0.994072
5 0 0 1.00703
3 0 0 0.836927

3
1 0 9485 0.847981
2 0 0 0.913968
3 0 0 0.977251

5
1 0 2725 0.857727
2 0 1788 0.866102
4 0 0 0.884
5 0 0 0.863085
3 0 0 0.946652

3
1 1 1 0.900169
2 0 0 0.883017
3 0 0 0.808448

3
1 1 1 0.871399
2 0 0 1.05047
3 0 0 0.808179

5
1 0 4832 0.957105
2 0 0 0.899099
3 0 9495 0.946225
6 0 0 0.824829
7 0 0 0.931162

3
1 0 8093 0.964742
2 0 0 0.978716
3 0 0 0.890944

3
1 0 3093 0.836993
2 0 0 0.940244
3 0 0 0.887806

1
1 0 0 0.875376

3
1 1 1 0.911745
2 0 0 1.08216
3 0 0 0.818178

3
1 0 4112 0.909727
2 0 0 1.0426
3 0 0 0.833974

5
1 1 2 0.877016
2 0 0 0.810513
3 0 8467 0.902942
6 0 0 0.902884
7 0 0 0.83002

3
1 1 1 0.920823
2 0 0 0.942335
3 0 0 0.837127

3
1 1 1 0.869375
2 0 0 0.960137
3 0 0 0.782759

3
1 1 1 0.798017
2 0 0 0.934275
3 0 0 0.813413

3
1 1 1 0.874033
2 0 0 0.967015
3 0 0 0.858206

3
1 0 6333 0.892739
2 0 0 0.847007
3 0 0 0.893109

3
1 1 1 0.963165
2 0 0 0.957305
3 0 0 0.845501

5
1 1 2 0.92951
2 0 2238 0.867688
4 0 0 0.949068
5 0 0 0.869249
3 0 0 0.989351

3
1 0 3588 0.945194
2 0 0 1.00844
3 0 0 0.959216

3
1 1 1 0.891812
2 0 0 0.923762
3 0 0 0.885409

5
1 0 3583 0.881446
2 0 0 1.02567
3 0 4793 0.964512
6 0 0 0.893016
7 0 0 0.967209

3
1 1 1 0.775154
2 0 0 1.06841
3 0 0 0.780698

3
1 1 1 0.932129
2 0 0 0.998436
3 0 0 0.75351

3
1 1 2 0.973899
2 0 0 0.787858
3 0 0 1.06698

3
1 0 8296 0.90012
2 0 0 0.856586
3 0 0 0.919414

1
1 0 0 0.772929

3
1 1 1 0.916654
2 0 0 1.12218
3 0 0 0.935747

1
1 0 0 0.818266

3
1 1 1 0.834397
2 0 0 1.00244
3 0 0 0.871094

7
1 1 1 0.870635
2 0 7412 1.01156
4 0 0 0.998319
5 0 9733 0.98809
10 0 0 1.14802
11 0 0 1.02106
3 0 0 0.816057

3
1 0 9983 0.909669
2 0 0 0.850249
3 0 0 1.01764

7
1 0 1281 0.89144
2 0 144 0.983773
4 0 0 1.12059
5 0 0 0.927611
3 0 2107 0.921633
6 0 0 1.00451
7 0 0 0.905248

1
1 0 0 0.895577

3
1 1 2 0.89577
2 0 0 0.982032
3 0 0 1.11368

1
1 0 0 0.863191

3
1 1 1 0.94156
2 0 0 1.07461
3 0 0 0.811101

3
1 1 1 0.81248
2 0 0 0.969297
3 0 0 0.72696

3
1 1 1 0.90025
2 0 0 0.949977
3 0 0 0.830929

3
1 0 640 0.959461
2 0 0 1.07283
3 0 0 0.972648

1
1 0 0 1.01351

3
1 0 9347 0.830528
2 0 0 0.857988
3 0 0 0.776282

3
1 0 8663 0.916986
2 0 0 0.890755
3 0 0 0.911029

5
1 0 8251 0.908001
2 0 7215 0.980386
4 0 0 0.960597
5 0 0 0.883752
3 0 0 0.819368

3
1 1 1 0.888825
2 0 0 0.958361
3 0 0 0.874724

3
1 0 4741 0.87697
2 0 0 0.994324
3 0 0 0.930264

3
1 1 1 0.927154
2 0 0 1.13003
3 0 0 0.773458

3
1 1 1 0.874253
2 0 0 0.971871
3 0 0 0.828675

3
1 0 2040 0.86751
2 0 0 0.990532
3 0 0 0.889774

1
1 0 0 0.882588

3
1 1 2 0.915478
2 0 0 0.970624
3 0 0 0.888284

3
1 1 2 0.878606
2 0 0 0.973894
3 0 0 1.0706

5
1 1 1 0.874556
2 0 4127 0.971607
4 0 0 0.893776
5 0 0 1.0092
3 0 0 0.939562

3
1 1 2 0.876794
2 0 0 0.817015
3 0 0 0.957746

7
1 1 2 0.825557
2 0 3946 0.936172
4 0 0 0.875018
5 1 1 0.949474
10 0 0 1.00436
11 0 0 0.901587
3 0 0 1.01179

3
1 0 1624 0.783571
2 0 0 0.9262
3 0 0 0.811149

1
1 0 0 0.863971

1
1 0 0 0.830099

3
1 0 9269 0.840731
2 0 0 0.897173
3 0 0 0.872944

3
1 0 9958 0.79154
2 0 0 0.739001
3 0 0 0.986558

3
1 1 1 0.894538
2 0 0 1.01967
3 0 0 0.863757

3
1 0 453 0.817685
2 0 0 0.856515
3 0 0 0.773033

3
1 1 2 0.869835
2 0 0 0.778836
3 0 0 0.941469

5
1 0 1904 0.901051
2 0 1328 1.03852
4 0 0 1.04553
5 0 0 1.05251
3 0 0 0.944149

3
1 1 2 0.846808
2 0 0 0.758477
3 0 0 0.980374

3
1 1 2 0.800367
2 0 0 0.814863
3 0 0 0.846142

3
1 1 2 0.944045
2 0 0 1.02251
3 0 0 0.933331

3
1 0 3958 0.888454
2 0 0 0.935952
3 0 0 0.853679

3
1 0 3756 0.845618
2 0 0 0.9206
3 0 0 0.924698

3
1 0 3992 0.820115
2 0 0 0.876044
3 0 0 0.938817

5
1 0 1886 0.890236
2 1 1 1.01716
4 0 0 1.03087
5 0 0 1.03052
3 0 0 0.818949

3
1 1 2 0.816441
2 0 0 0.774447
3 0 0 0.8834

3
1 0 9873 0.831369
2 0 0 0.84101
3 0 0 1.02227

3
1 1 1 0.850293
2 0 0 0.893041
3 0 0 0.812926

3
1 1 2 0.963057
2 0 0 0.794261
3 0 0 0.96482

3
1 1 1 0.824578
2 0 0 0.918213
3 0 0 0.80697

3
1 1 1 0.878533
2 0 0 1.01172
3 0 0 0.849877

3
1 1 1 0.913075
2 0 0 0.973743
3 0 0 0.90263

1
1 0 0 0.786443

3
1 1 1 0.883409
2 0 0 0.865208
3 0 0 0.842629

3
1 0 5066 0.932536
2 0 0 0.990746
3 0 0 0.894528

7
1 0 7552 0.858987
2 0 0 1.0093
3 1 2 0.885961
6 0 7719 0.84773
12 0 0 0.906906
13 0 0 0.887233
7 0 0 0.892353

3
1 1 2 0.829489
2 0 0 0.823998
3 0 0 0.954481

1
1 0 0 0.733125

3
1 0 921 0.786787
2 0 0 0.969399
3 0 0 0.752116

5
1 0 7134 0.903632
2 0 0 0.919927
3 1 1 0.852285
6 0 0 0.920291
7 0 0 0.944072

5
1 1 1 0.79524
2 0 5094 1.04795
4 0 0 0.943071
5 0 0 0.984675
3 0 0 0.844767

3
1 0 187 0.828038
2 0 0 0.881788
3 0 0 0.803078

3
1 0 614 0.795828
2 0 0 0.928161
3 0 0 0.827626

5
1 1 2 0.838517
2 0 0 0.816815
3 0 9761 0.962975
6 0 0 0.985055
7 0 0 1.00679

3
1 1 1 0.943164
2 0 0 1.07211
3 0 0 0.830242

3
1 0 9921 0.826799
2 0 0 0.823387
3 0 0 0.887405

5
1 1 1 0.794199
2 0 1580 0.897445
4 0 0 1.13034
5 0 0 1.08278
3 0 0 0.800071

1
1 0 0 0.797545

3
1 0 6834 0.943254
2 0 0 0.974031
3 0 0 0.775584

1
1 0 0 0.947693

1
1 0 0 0.669318

5
1 1 1 0.859263
2 0 482 1.05098
4 0 0 1.01671
5 0 0 1.01249
3 0 0 0.851925

1
1 0 0 0.795406

3
1 0 9942 0.847595
2 0 0 0.784363
3 0 0 1.07818

3
1 0 1566 0.87877
2 0 0 1.05994
3 0 0 0.818788

5
1 0 956 0.766826
2 0 121 0.917469
4 0 0 0.934253
5 0 0 0.985257
3 0 0 0.8633

3
1 0 3674 0.891345
2 0 0 0.932264
3 0 0 0.872065

1
1 0 0 0.865246

5
1 0 3572 0.894431
2 0 1796 0.942877
4 0 0 1.10433
5 0 0 0.953015
3 0 0 0.846071

3
1 0 5356 0.897503
2 0 0 0.971865
3 0 0 0.938821

5
1 0 2135 0.837212
2 0 0 0.966272
3 0 6372 0.862315
6 0 0 0.810338
7 0 0 0.94509

3
1 0 2044 0.932021
2 0 0 0.981812
3 0 0 0.821843

11
1 0 7713 0.967185
2 1 1 1.03984
4 0 0 1.05579
5 0 4515 1.03624
10 0 0 0.954315
11 1 2 0.999414
22 0 0 1.06866
23 0 4873 0.931181
46 0 0 0.99634
47 0 0 0.962406
3 0 0 0.87709

1
1 0 0 0.861257

5
1 0 7414 0.820767
2 0 0 0.925395
3 0 8619 0.907517
6 0 0 0.956331
7 0 0 0.922337

3
1 0 645 0.764639
2 0 0 0.975466
3 0 0 0.744795

3
1 0 8068 0.848929
2 0 0 0.829541
3 0 0 1.05119

5
1 1 1 0.869375
2 0 0 1.00178
3 0 7274 0.922334
6 0 0 0.873569
7 0 0 0.838415

3
1 1 1 0.803952
2 0 0 0.892283
3 0 0 0.797569

3
1 0 3220 0.849588
2 0 0 0.944501
3 0 0 0.736725

3
1 1 1 0.866737
2 0 0 0.945598
3 0 0 0.856832

5
1 0 926 0.850472
2 1 1 1.01389
4 0 0 0.869549
5 0 0 1.05021
3 0 0 0.845878

3
1 0 1432 0.877428
2 0 0 0.972888
3 0 0 0.911206

5
1 1 1 0.926003
2 0 0 0.889614
3 1 2 0.875276
6 0 0 0.83405
7 0 0 1.01497

1
1 0 0 0.815113

5
1 0 2630 0.953809
2 0 0 0.907661
3 0 3702 0.962991
6 0 0 0.880094
7 0 0 0.987632

3
1 1 1 0.856495
2 0 0 1.01631
3 0 0 0.769192

3
1 0 9347 0.921864
2 0 0 0.969928
3 0 0 0.978542

3
1 1 2 0.866775
2 0 0 0.845002
3 0 0 0.841814

1
1 0 0 0.916316

1
1 0 0 0.779348

3
1 1 1 0.793105
2 0 0 0.955814
3 0 0 0.937901

3
1 0 6827 0.976056
2 0 0 1.04468
3 0 0 0.910184

3
1 1 1 0.834397
2 0 0 1.06045
3 0 0 0.781549

1
1 0 0 0.82853

5
1 1 1 0.843881
2 0 2307 1.0625
4 0 0 0.992873
5 0 0 1.11502
3 0 0 0.784512

1
1 0 0 0.830037

7
1 1 2 0.751476
2 0 2197 0.862151
4 0 0 0.978738
5 0 0 0.865927
3 0 2002 1.00137
6 0 0 1.02129
7 0 0 0.868018

3
1 1 2 0.92346
2 0 0 0.884722
3 0 0 0.921264

3
1 0 4265 0.943163
2 0 0 1.00752
3 0 0 0.943802

1
1 0 0 0.848386

7
1 1 2 0.941973
2 0 0 0.880329
3 0 1689 0.988441
6 0 768 0.945302
12 0 0 0.997123
13 0 0 0.981642
7 0 0 0.989718

3
1 0 1732 0.968826
2 0 0 0.933418
3 0 0 0.801545

3
1 1 1 0.82673
2 0 0 0.990879
3 0 0 0.825646

3
1 0 3391 0.876798
2 0 0 0.941904
3 0 0 0.902832

3
1 1 1 0.946473
2 0 0 1.10456
3 0 0 0.800678

3
1 0 2191 0.903636
2 0 0 1.03539
3 0 0 0.973645

3
1 1 2 0.900275
2 0 0 0.961844
3 0 0 0.962883

3
1 1 1 0.966851
2 0 0 1.04793
3 0 0 0.861323

3
1 1 1 0.886
2 0 0 1.01173
3 0 0 0.778441

5
1 0 6872 0.889064
2 0 0 0.882165
3 0 9360 0.965066
6 0 0 0.963545
7 0 0 0.989346

1
1 0 0 0.908735

5
1 0 357 0.810393
2 1 2 0.955052
4 0 0 1.01136
5 0 0 1.03304
3 0 0 0.919544

1
1 0 0 0.851127

3
1 0 59 0.808749
2 0 0 0.950266
3 0 0 0.915955

5
1 1 1 0.89924
2 0 0 1.07939
3 0 3339 0.954237
6 0 0 0.98109
7 0 0 0.761587

3
1 1 1 0.874556
2 0 0 0.96723
3 0 0 0.849956

3
1 0 5953 0.869536
2 0 0 0.884327
3 0 0 0.86925

3
1 1 2 0.896429
2 0 0 0.745591
3 0 0 0.921783

3
1 1 1 0.870709
2 0 0 1.12501
3 0 0 0.783518

3
1 0 6938 0.963377
2 0 0 0.991486
3 0 0 0.954279

7
1 1 2 0.942449
2 0 0 0.88368
3 0 4119 0.970341
6 0 2087 0.999935
12 0 0 0.8924
13 0 0 0.916655
7 0 0 0.970486

3
1 1 1 0.833139
2 0 0 1.07405
3 0 0 0.880063

3
1 1 1 0.841662
2 0 0 1.09707
3 0 0 0.80658

3
1 1 1 0.968666
2 0 0 1.04532
3 0 0 0.948812

3
1 0 8517 0.856518
2 0 0 1.06874
3 0 0 0.81814

1
1 0 0 0.82082

9
1 0 1584 0.91649
2 1 2 0.864313
4 0 1011 0.950868
8 0 0 0.930232
9 0 0 0.958953
5 0 0 0.991357
3 1 1 0.879484
6 0 0 0.961007
7 0 0 0.765713

3
1 1 2 0.961699
2 0 0 0.987067
3 0 0 0.903785

3
1 1 1 0.942536
2 0 0 0.965192
3 0 0 0.872928

3
1 0 5377 0.885948
2 0 0 0.893678
3 0 0 0.86094

5
1 0 1055 0.837819
2 1 1 0.919749
4 0 0 1.04075
5 0 0 0.98953
3 0 0 0.7972

1
1 0 0 0.853132

3
1 1 1 0.852223
2 0 0 0.91965
3 0 0 0.862599

3
1 0 9656 0.878637
2 0 0 0.922417
3 0 0 0.974317

1
1 0 0 0.806023

1
1 0 0 0.833878

3
1 0 2293 0.82608
2 0 0 0.85109
3 0 0 0.811636

3
1 0 9847 0.783728
2 0 0 0.77695
3 0 0 0.90801

9
1 1 1 0.927012
2 0 276 1.05804
4 0 0 0.936249
5 0 0 1.10292
3 1 2 0.954443
6 0 0 0.778245
7 0 7461 0.917375
14 0 0 1.0481
15 0 0 1.03716

5
1 1 2 0.880307
2 0 0 0.879298
3 0 8485 1.14489
6 0 0 1.17541
7 0 0 0.959056

3
1 0 5845 0.965728
2 0 0 0.963383
3 0 0 0.954998

1
1 0 0 0.856586

1
1 0 0 0.871909

3
1 1 2 0.823104
2 0 0 0.779659
3 0 0 1.03406

5
1 0 210 0.781822
2 0 42 0.98363
4 0 0 0.941785
5 0 0 0.967226
3 0 0 0.84552

3
1 0 1097 0.767634
2 0 0 0.87084
3 0 0 0.776066

3
1 1 2 0.931725
2 0 0 0.795673
3 0 0 0.948989

1
1 0 0 0.869467

7
1 0 3354 0.828882
2 0 1662 1.00396
4 0 0 1.05728
5 0 3092 0.997732
10 0 0 0.959103
11 0 0 1.03662
3 0 0 0.747707

3
1 0 3919 0.872695
2 0 0 0.98777
3 0 0 0.872291

1
1 0 0 0.713727

5
1 1 1 0.851187
2 0 2576 0.844609
4 0 0 0.928917
5 0 0 0.888888
3 0 0 0.857832

3
1 0 5281 0.803248
2 0 0 0.876763
3 0 0 0.801497

3
1 1 1 0.943164
2 0 0 0.913997
3 0 0 0.77695

3
1 1 1 0.876812
2 0 0 0.968636
3 0 0 0.831181

1
1 0 0 0.944752

3
1 1 2 0.794087
2 0 0 0.856196
3 0 0 0.908188

3
1 1 1 0.830947
2 0 0 0.945918
3 0 0 0.908215

1
1 0 0 0.783641

3
1 0 9468 0.916138
2 0 0 0.854266
3 0 0 1.02009

1
1 0 0 0.782785

3
1 0 9657 0.853193
2 0 0 0.684566
3 0 0 0.976038

3
1 1 1 0.913664
2 0 0 0.988731
3 0 0 0.930418

1
1 0 0 0.744472

3
1 1 1 0.866372
2 0 0 0.938549
3 0 0 0.945745

1
1 0 0 0.780762

3
1 1 1 0.837065
2 0 0 1.07236
3 0 0 0.808898

5
1 0 1819 0.877848
2 0 1665 0.846717
4 0 0 0.95201
5 0 0 0.962038
3 0 0 0.881948

3
1 0 9632 0.841613
2 0 0 0.861376
3 0 0 1.05631

1
1 0 0 0.764757

1
1 0 0 0.776669

3
1 0 763 0.866928
2 0 0 1.1088
3 0 0 0.826762

3
1 1 2 0.900189
2 0 0 0.941096
3 0 0 0.92576

5
1 0 9923 0.936275
2 0 0 0.949976
3 0 9954 1.06099
6 0 0 0.882953
7 0 0 1.15278

3
1 1 2 0.907926
2 0 0 0.920049
3 0 0 0.959613

1
1 0 0 0.910626

5
1 1 1 0.880754
2 0 9003 0.865007
4 0 0 1.01938
5 0 0 0.846903
3 0 0 0.864716

3
1 1 2 0.856734
2 0 0 0.868816
3 0 0 0.945513

5
1 0 7642 0.860583
2 1 2 0.97345
4 0 0 0.811927
5 0 0 1.00558
3 0 0 0.890468

3
1 0 5234 0.920502
2 0 0 0.935604
3 0 0 0.949725

3
1 0 2993 0.88958
2 0 0 0.98251
3 0 0 0.93392

1
1 0 0 0.813448

1
1 0 0 0.685902

3
1 0 5688 0.871023
2 0 0 0.902432
3 0 0 0.869611

5
1 0 1340 0.835286
2 1 2 0.934422
4 0 0 1.01122
5 0 0 0.861229
3 0 0 0.797338

1
1 0 0 0.818619

5
1 1 1 0.905256
2 0 0 1.03599
3 0 613 0.774769
6 0 0 0.979063
7 0 0 0.763228

3
1 1 1 0.930646
2 0 0 0.94512
3 0 0 0.836527

5
1 0 5837 0.785824
2 1 1 0.899422
4 0 0 1.01933
5 0 0 0.94566
3 0 0 0.824195

3
1 0 4060 0.89897
2 0 0 0.98476
3 0 0 0.938749

3
1 1 1 0.885725
2 0 0 1.04257
3 0 0 0.838104

1
1 0 0 0.778159

3
1 1 1 0.837694
2 0 0 1.1255
3 0 0 0.835245

3
1 0 2993 0.849564
2 0 0 0.862081
3 0 0 0.940294

1
1 0 0 0.879476

3
1 0 3001 1.02857
2 0 0 0.981027
3 0 0 0.988476

3
1 1 1 0.856875
2 0 0 1.12199
3 0 0 0.937636

1
1 0 0 0.866036

3
1 1 2 0.856613
2 0 0 0.757973
3 0 0 1.09793

3
1 0 3420 0.9028
2 0 0 0.859003
3 0 0 0.898308

3
1 1 1 0.855137
2 0 0 1.0152
3 0 0 0.836435

3
1 0 4282 0.878258
2 0 0 0.884221
3 0 0 0.868948

3
1 1 2 0.861295
2 0 0 0.819779
3 0 0 0.94279

7
1 1 1 0.909759
2 0 0 0.945675
3 0 7510 0.882037
6 0 387 0.930179
12 0 0 1.07822
13 0 0 0.921636
7 0 0 0.858354

1
1 0 0 0.770652

3
1 1 1 0.888296
2 0 0 0.961833
3 0 0 0.890364

5
1 1 2 0.877674
2 0 0 0.930615
3 0 1118 0.985195
6 0 0 0.997686
7 0 0 0.995642

1
1 0 0 0.808504

3
1 1 2 0.891605
2 0 0 0.923565
3 0 0 0.974807

1
1 0 0 0.910358

3
1 0 9576 0.904966
2 0 0 0.920786
3 0 0 0.880153

7
1 0 1904 0.90851
2 1 2 0.934695
4 0 0 0.874208
5 0 0 0.973745
3 1 1 0.931228
6 0 0 1.11676
7 0 0 0.873323

3
1 0 818 0.830831
2 0 0 0.965955
3 0 0 0.87793

3
1 0 142 0.811179
2 0 0 0.987221
3 0 0 0.868044

1
1 0 0 0.858228

5
1 1 1 0.849414
2 0 0 0.983976
3 0 4035 0.879096
6 0 0 0.96783
7 0 0 0.893673

3
1 1 1 0.826084
2 0 0 1.04253
3 0 0 0.817348

3
1 0 1228 0.884892
2 0 0 0.919319
3 0 0 0.863299

3
1 1 1 0.870709
2 0 0 0.986778
3 0 0 0.896675

3
1 1 1 0.809209
2 0 0 1.17743
3 0 0 0.86287

5
1 0 8066 0.872108
2 0 0 1.00629
3 0 8975 0.932827
6 0 0 0.892056
7 0 0 0.934875

3
1 1 1 0.833139
2 0 0 1.01466
3 0 0 0.763753

3
1 1 1 0.841662
2 0 0 0.935347
3 0 0 0.887438

3
1 0 8055 0.888315
2 0 0 0.870599
3 0 0 0.928629

5
1 1 2 0.819353
2 0 0 0.818688
3 0 9255 0.960799
6 0 0 0.986129
7 0 0 0.962624

3
1 0 9629 0.852914
2 0 0 0.841286
3 0 0 0.921233

3
1 1 1 0.902816
2 0 0 0.957982
3 0 0 0.828585

3
1 1 1 0.895422
2 0 0 1.08006
3 0 0 0.882311

3
1 0 5626 0.830716
2 0 0 1.0515
3 0 0 0.908345

5
1 1 2 0.941698
2 0 0 0.876068
3 0 4938 1.02923
6 0 0 0.899179
7 0 0 0.876131

1
1 0 0 0.907059

3
1 1 1 0.875827
2 0 0 0.963471
3 0 0 0.841147

3
1 1 1 0.937767
2 0 0 1.19859
3 0 0 0.798719

3
1 0 4100 0.915585
2 0 0 0.87183
3 0 0 0.948147

3
1 1 2 0.887369
2 0 0 0.935965
3 0 0 1.07872

3
1 0 1317 0.868067
2 0 0 1.04412
3 0 0 0.717628

3
1 1 1 0.87383
2 0 0 0.877355
3 0 0 0.814397

3
1 1 2 0.880534
2 0 0 0.771004
3 0 0 0.987138

3
1 0 2166 0.878191
2 0 0 0.901348
3 0 0 0.889405

3
1 1 1 0.919596
2 0 0 0.988483
3 0 0 0.881246

3
1 1 1 0.843339
2 0 0 1.06621
3 0 0 0.721594

5
1 0 9099 0.865191
2 0 0 0.9025
3 0 9508 0.883125
6 0 0 0.79402
7 0 0 0.917752

5
1 0 5093 0.918549
2 1 1 0.915469
4 0 0 0.986717
5 0 0 1.02867
3 0 0 0.757466

3
1 0 890 0.98357
2 0 0 0.903366
3 0 0 0.997736

5
1 0 898 0.919487
2 0 0 0.974226
3 0 1880 0.84973
6 0 0 0.937809
7 0 0 0.79671

5
1 1 2 0.901998
2 0 0 0.905294
3 0 6420 0.912824
6 0 0 0.884619
7 0 0 1.09293

9
1 0 20 0.790573
2 0 0 1.01003
3 0 9480 0.811922
6 0 0 0.851323
7 1 1 1.00191
14 0 0 0.862481
15 0 9722 1.09134
30 0 0 1.03383
31 0 0 1.02657

3
1 1 2 0.885288
2 0 0 0.869182
3 0 0 1.04757

3
1 0 4275 0.873514
2 0 0 0.95171
3 0 0 0.812605

1
1 0 0 0.742405

1
1 0 0 0.828982

3
1 1 2 0.901859
2 0 0 0.883355
3 0 0 0.948327

3
1 1 1 0.849387
2 0 0 1.03137
3 0 0 0.746861

3
1 1 1 0.855411
2 0 0 0.918565
3 0 0 0.813218

3
1 1 1 0.876812
2 0 0 0.944157
3 0 0 0.852096

3
1 0 2122 0.924308
2 0 0 0.880925
3 0 0 0.885377

3
1 1 2 0.848671
2 0 0 0.840208
3 0 0 0.900303

1
1 0 0 0.711148

5
1 1 2 0.861055
2 0 0 0.901691
3 0 4041 1.03274
6 0 0 1.06384
7 0 0 0.96097

1
1 0 0 0.850642

1
1 0 0 0.73677

9
1 0 2780 0.878092
2 0 0 0.985567
3 0 7663 0.871861
6 0 4433 0.956029
12 0 0 0.916176
13 0 7577 0.963549
26 0 0 1.00199
27 0 0 0.925641
7 0 0 0.818266

7
1 0 3899 0.878993
2 0 3090 0.912465
4 0 0 0.927727
5 0 3687 0.976712
10 0 0 0.938965
11 0 0 1.02399
3 0 0 0.865317

1
1 0 0 0.793893

3
1 1 1 0.868418
2 0 0 0.966746
3 0 0 0.758513

3
1 0 209 0.771281
2 0 0 0.935477
3 0 0 0.770163

3
1 1 2 0.905794
2 0 0 0.890513
3 0 0 0.973468

5
1 0 1124 0.87258
2 0 14 0.969119
4 0 0 0.955169
5 0 0 1.0426
3 0 0 0.735836

3
1 0 877 0.793886
2 0 0 1.02997
3 0 0 0.7482

1
1 0 0 0.727431

3
1 0 9697 0.775993
2 0 0 0.794213
3 0 0 0.917715

5
1 1 2 0.849783
2 0 0 0.799267
3 0 4337 1.00995
6 0 0 1.06319
7 0 0 1.08333

1
1 0 0 0.680976

3
1 1 1 1.04432
2 0 0 1.02103
3 0 0 0.719408

1
1 0 0 0.678756

3
1 0 3438 0.922029
2 0 0 0.986931
3 0 0 0.886185

3
1 0 3210 0.878304
2 0 0 0.901259
3 0 0 0.885903

5
1 1 2 0.897604
2 0 0 0.734559
3 0 888 0.993343
6 0 0 0.966521
7 0 0 1.00088

3
1 1 1 0.88954
2 0 0 1.06458
3 0 0 0.869017

1
1 0 0 0.881011

3
1 0 445 0.849023
2 0 0 1.05393
3 0 0 0.86414

3
1 0 8571 0.899913
2 0 0 0.928735
3 0 0 0.946434

3
1 1 1 0.913684
2 0 0 1.14964
3 0 0 0.921944

5
1 0 9579 0.873317
2 0 0 0.880083
3 1 2 1.17575
6 0 0 1.07996
7 0 0 1.12855

3
1 1 2 0.891774
2 0 0 0.876904
3 0 0 0.900818

3
1 1 1 0.960582
2 0 0 1.05951
3 0 0 0.918708

3
1 1 2 0.858149
2 0 0 0.893332
3 0 0 1.0179

3
1 1 1 0.930646
2 0 0 0.967116
3 0 0 0.749552

3
1 0 704 0.839692
2 0 0 0.9553
3 0 0 0.864485

1
1 0 0 0.771529

3
1 1 2 0.962308
2 0 0 0.924334
3 0 0 1.09661

3
1 0 7483 0.839221
2 0 0 0.879641
3 0 0 0.837318

1
1 0 0 0.827044

3
1 0 6 0.839692
2 0 0 1.0098
3 0 0 0.857967

3
1 1 1 0.877535
2 0 0 0.993852
3 0 0 0.851989

3
1 1 1 0.874399
2 0 0 0.950425
3 0 0 0.705723

3
1 0 4895 0.935266
2 0 0 0.971225
3 0 0 0.831277

5
1 0 3000 1.00883
2 0 0 0.947745
3 1 2 0.869712
6 0 0 0.985496
7 0 0 0.91921

1
1 0 0 0.779791

5
1 0 5632 0.953308
2 1 2 0.935591
4 0 0 0.857157
5 0 0 1.09665
3 0 0 0.782851

3
1 1 2 0.870662
2 0 0 0.907153
3 0 0 0.940381

3
1 1 2 0.879428
2 0 0 0.954522
3 0 0 0.84492

1
1 0 0 0.866666

3
1 1 1 1.00399
2 0 0 1.03315
3 0 0 0.780236

3
1 0 3922 1.03546
2 0 0 1.05648
3 0 0 1.01837

3
1 0 9935 0.844892
2 0 0 0.848643
3 0 0 0.954526

3
1 1 1 0.885177
2 0 0 0.971236
3 0 0 0.921324

3
1 0 4482 0.9078
2 0 0 0.92641
3 0 0 0.962297

3
1 1 1 0.861407
2 0 0 0.883337
3 0 0 0.860449

5
1 0 5569 0.910537
2 0 3630 0.901603
4 0 0 0.828106
5 0 0 0.941984
3 0 0 0.932033

5
1 0 5141 0.826169
2 1 2 0.901213
4 0 0 0.909336
5 0 0 0.913102
3 0 0 0.867737

7
1 1 1 0.879059
2 0 7073 0.916223
4 0 3225 0.923564
8 0 0 0.987629
9 0 0 0.92847
5 0 0 1.01486
3 0 0 0.845057

3
1 0 9411 0.779732
2 0 0 0.788902
3 0 0 0.976301

1
1 0 0 0.903359

5
1 0 6069 0.88157
2 0 5027 0.949526
4 0 0 0.961707
5 0 0 0.960484
3 0 0 0.845072

3
1 0 6824 0.929811
2 0 0 0.970684
3 0 0 0.849913

5
1 1 1 0.879513
2 0 6390 1.00871
4 0 0 1.03714
5 0 0 0.998008
3 0 0 0.712206

3
1 0 3211 0.907222
2 0 0 0.939301
3 0 0 0.938703

3
1 1 2 0.905265
2 0 0 0.896446
3 0 0 0.960802

3
1 0 5954 0.987302
2 0 0 0.924794
3 0 0 0.910659

5
1 0 339 0.784413
2 0 0 0.910852
3 0 7303 0.951633
6 0 0 0.981909
7 0 0 0.892417

3
1 0 4123 0.846743
2 0 0 0.949535
3 0 0 0.854831

3
1 1 1 0.841662
2 0 0 0.994366
3 0 0 0.807331

3
1 0 8046 0.921707
2 0 0 0.923162
3 0 0 0.886315

5
1 1 1 0.839264
2 0 2089 1.00925
4 0 0 0.912298
5 0 0 1.05336
3 0 0 0.919667

3
1 1 2 0.840511
2 0 0 0.853713
3 0 0 1.05065

3
1 0 4130 0.862091
2 0 0 0.930175
3 0 0 0.849669

3
1 1 2 0.844663
2 0 0 0.855104
3 0 0 0.885777

1
1 0 0 0.959744

5
1 0 8835 0.842439
2 0 0 0.820631
3 0 9058 0.874908
6 0 0 1.01997
7 0 0 0.885612

3
1 0 8548 0.96389
2 0 0 0.977986
3 0 0 0.8391

3
1 1 1 0.894782
2 0 0 1.04409
3 0 0 0.816722

3
1 1 2 0.928799
2 0 0 0.858519
3 0 0 0.934721

3
1 1 1 0.892556
2 0 0 1.01241
3 0 0 0.813665

3
1 0 2414 0.893957
2 0 0 0.896612
3 0 0 0.906958

3
1 1 1 0.866097
2 0 0 0.93917
3 0 0 0.750901

3
1 1 1 0.87383
2 0 0 1.01245
3 0 0 0.874922

3
1 1 2 0.880534
2 0 0 0.779644
3 0 0 0.885315

5
1 1 1 0.894775
2 0 9304 1.23195
4 0 0 1.24267
5 0 0 0.9727
3 0 0 0.858807

1
1 0 0 0.857048

5
1 0 193 0.881395
2 0 77 1.02198
4 0 0 0.964268
5 0 0 1.01736
3 0 0 0.83013

3
1 0 9510 0.93217
2 0 0 1.05704
3 0 0 1.02504

5
1 0 1829 0.906064
2 0 0 1.02945
3 1 2 0.935682
6 0 0 0.966485
7 0 0 0.933944

3
1 0 366 0.821387
2 0 0 1.01261
3 0 0 0.873166

3
1 0 2149 0.900701
2 0 0 0.98425
3 0 0 0.82449

3
1 1 1 0.862413
2 0 0 0.897966
3 0 0 0.896116

5
1 0 582 0.83837
2 1 1 0.996408
4 0 0 0.979341
5 0 0 1.0519
3 0 0 0.885802

5
1 1 2 0.872096
2 0 0 0.817086
3 0 2965 0.936119
6 0 0 1.04657
7 0 0 0.9285

3
1 1 1 0.809653
2 0 0 0.947482
3 0 0 0.81416

3
1 0 5179 0.84319
2 0 0 1.04566
3 0 0 0.865982

3
1 0 175 0.812538
2 0 0 1.121
3 0 0 0.799729

3
1 1 1 0.865152
2 0 0 0.911539
3 0 0 0.804663

1
1 0 0 0.87685

1
1 0 0 0.766082

9
1 0 1861 0.855289
2 0 203 1.01778
4 0 0 1.0404
5 1 2 0.903218
10 0 0 1.03501
11 0 1413 1.02463
22 0 0 1.00217
23 0 0 0.969331
3 0 0 0.909319

3
1 1 1 0.840858
2 0 0 1.06602
3 0 0 0.91522

3
1 1 2 0.852497
2 0 0 0.829987
3 0 0 0.936079

3
1 1 1 0.888775
2 0 0 0.90461
3 0 0 0.784455

3
1 1 1 0.875586
2 0 0 1.06561
3 0 0 0.822193

5
1 1 2 0.849305
2 0 0 0.794878
3 0 2757 0.927979
6 0 0 1.01775
7 0 0 0.954081

5
1 0 265 0.739318
2 1 1 0.897159
4 0 0 1.01906
5 0 0 0.944395
3 0 0 0.75581

1
1 0 0 0.79593

3
1 1 1 0.869027
2 0 0 0.900532
3 0 0 0.824464

1
1 0 0 0.749479

3
1 0 4319 0.864452
2 0 0 1.01283
3 0 0 1.03228

3
1 1 1 0.79968
2 0 0 0.997657
3 0 0 0.762554

5
1 1 2 0.83124
2 0 0 0.869088
3 0 8361 0.979429
6 0 0 0.96931
7 0 0 1.05177

3
1 0 3510 0.796209
2 0 0 1.00907
3 0 0 0.775841

3
1 1 2 0.816112
2 0 0 0.786178
3 0 0 0.894869

1
1 0 0 0.745492

3
1 0 6859 0.82649
2 0 0 0.918545
3 0 0 0.959241

5
1 0 6249 0.948422
2 0 4224 0.890573
4 0 0 0.865025
5 0 0 0.916552
3 0 0 0.822344

3
1 1 1 0.830061
2 0 0 0.970689
3 0 0 0.757174

1
1 0 0 0.790979

1
1 0 0 0.753197

3
1 1 1 0.815358
2 0 0 0.934155
3 0 0 0.829212

3
1 1 2 0.778958
2 0 0 0.688247
3 0 0 0.899461

5
1 0 533 0.90205
2 0 53 0.894827
4 0 0 0.972492
5 0 0 0.88502
3 0 0 0.839869

1
1 0 0 0.819559

1
1 0 0 0.821892

1
1 0 0 0.736723

5
1 0 4399 0.886916
2 0 3183 0.939884
4 0 0 0.948993
5 0 0 0.981305
3 0 0 0.953313

1
1 0 0 0.815446

3
1 0 1699 0.923509
2 0 0 1.06964
3 0 0 0.871646

5
1 1 2 0.913252
2 0 4073 0.878221
4 0 0 0.971781
5 0 0 0.819466
3 0 0 0.887431

5
1 1 2 0.897332
2 0 0 0.933832
3 0 3522 1.01039
6 0 0 1.02189
7 0 0 1.02302

3
1 1 2 0.908459
2 0 0 0.79091
3 0 0 0.823969

5
1 1 1 0.896268
2 0 0 0.929415
3 0 2488 0.930533
6 0 0 0.90276
7 0 0 0.926738

5
1 0 5312 0.883495
2 0 0 0.909456
3 0 8609 0.973357
6 0 0 1.00498
7 0 0 1.02023

1
1 0 0 0.8514

5
1 0 1687 0.828911
2 1 1 0.970184
4 0 0 0.925764
5 0 0 0.949768
3 0 0 0.875933

3
1 0 210 0.926926
2 0 0 1.10485
3 0 0 0.842058

5
1 0 6377 0.870176
2 0 0 0.92827
3 0 8048 0.877228
6 0 0 0.892049
7 0 0 0.991988

9
1 1 2 0.847933
2 1 1 0.926346
4 0 0 0.984242
5 0 0 0.841163
3 0 9125 1.00549
6 0 2562 1.07022
12 0 0 1.01896
13 0 0 0.996394
7 0 0 1.00577

5
1 0 4086 0.858946
2 1 1 0.879492
4 0 0 0.900027
5 0 0 0.956805
3 0 0 0.897563

5
1 1 1 0.913763
2 0 272 1.04456
4 0 0 1.06318
5 0 0 0.990979
3 0 0 0.699266

5
1 1 2 0.900716
2 0 0 0.881201
3 0 6909 0.990235
6 0 0 0.97378
7 0 0 0.970775

5
1 0 2280 0.877527
2 1 1 0.826395
4 0 0 1.04083
5 0 0 0.897033
3 0 0 0.854245

5
1 0 4049 0.885776
2 0 664 0.949948
4 0 0 0.898088
5 0 0 0.886448
3 0 0 0.941994

3
1 1 1 0.913003
2 0 0 1.02949
3 0 0 0.795246

1
1 0 0 0.795732

3
1 1 2 0.870069
2 0 0 0.780552
3 0 0 0.86725

3
1 0 429 0.822666
2 0 0 1.05117
3 0 0 0.877272

5
1 0 9478 0.875805
2 0 1507 0.835309
4 0 0 0.981375
5 0 0 0.89209
3 0 0 1.00151

5
1 1 1 0.868866
2 0 3000 1.02472
4 0 0 0.998535
5 0 0 0.972891
3 0 0 0.73676

3
1 1 1 0.825215
2 0 0 1.05025
3 0 0 0.787157

5
1 1 2 0.913536
2 0 0 1.01925
3 0 1782 1.05499
6 0 0 0.93161
7 0 0 1.0562

1
1 0 0 0.755995

7
1 0 2063 0.935323
2 0 541 0.9184
4 0 0 0.977586
5 0 0 0.994793
3 0 7335 0.892024
6 0 0 0.904345
7 0 0 0.740661

3
1 0 6327 0.941626
2 0 0 0.962126
3 0 0 0.922136

5
1 1 1 0.875386
2 0 0 1.09354
3 1 2 0.881716
6 0 0 0.862018
7 0 0 0.962839

3
1 1 1 0.879634
2 0 0 1.07179
3 0 0 0.798417

3
1 0 8420 1.03265
2 0 0 0.901039
3 0 0 1.0009

3
1 1 2 0.888958
2 0 0 0.944076
3 0 0 0.979495

3
1 0 3707 0.852882
2 0 0 0.954934
3 0 0 0.917073

3
1 1 2 0.884667
2 0 0 0.877921
3 0 0 1.01384

5
1 1 1 0.909389
2 0 8136 0.925482
4 0 0 0.862477
5 0 0 0.967638
3 0 0 0.841273

3
1 0 9970 0.805359
2 0 0 0.858628
3 0 0 1.11298

7
1 1 2 0.914693
2 0 0 0.882107
3 0 9425 0.958829
6 0 5728 0.961775
12 0 0 1.06514
13 0 0 0.857985
7 0 0 0.939791

3
1 1 1 0.892574
2 0 0 0.933204
3 0 0 0.730487

3
1 1 1 0.916707
2 0 0 1.00511
3 0 0 0.781512

5
1 1 2 0.875249
2 0 0 0.830685
3 0 8250 1.0176
6 0 0 0.971091
7 0 0 1.03418

3
1 0 1883 0.966302
2 0 0 0.937588
3 0 0 0.979337

3
1 0 2930 0.933344
2 0 0 0.896129
3 0 0 0.929131

5
1 0 8596 0.901559
2 0 2291 0.927783
4 0 0 0.93364
5 0 0 0.923468
3 0 0 0.829911

5
1 0 3006 0.861012
2 0 0 0.939315
3 0 5304 0.961662
6 0 0 0.990337
7 0 0 0.876626

3
1 1 2 0.921742
2 0 0 0.858811
3 0 0 0.992117

3
1 0 5872 0.927448
2 0 0 1.02156
3 0 0 0.923439

3
1 1 2 0.861059
2 0 0 0.972931
3 0 0 0.870607

3
1 0 9561 0.851473
2 0 0 0.706711
3 0 0 0.932222

3
1 1 1 0.898642
2 0 0 1.02271
3 0 0 0.8404

3
1 1 1 0.85941
2 0 0 0.980434
3 0 0 0.946776

3
1 1 1 0.963234
2 0 0 0.991441
3 0 0 0.872455

3
1 0 9357 0.915285
2 0 0 0.901803
3 0 0 0.875208

5
1 1 2 0.875078
2 0 7539 0.892427
4 0 0 0.95706
5 0 0 0.941715
3 0 0 1.0983

3
1 0 357 0.85314
2 0 0 0.984781
3 0 0 0.816215

3
1 0 2891 0.87837
2 0 0 0.854012
3 0 0 0.901308

7
1 0 6084 0.900902
2 1 2 0.929
4 0 0 0.810218
5 0 3657 0.959564
10 0 0 0.954781
11 0 0 1.01502
3 0 0 0.860155

5
1 1 1 0.957568
2 0 3866 0.954416
4 0 0 0.931721
5 0 0 1.04441
3 0 0 1.00754

5
1 0 688 0.887527
2 0 225 0.95292
4 0 0 0.969903
5 0 0 0.901752
3 0 0 0.888589

3
1 1 1 0.958687
2 0 0 0.882215
3 0 0 0.717006

3
1 1 1 0.869248
2 0 0 1.03086
3 0 0 0.882473

3
1 0 3689 0.907704
2 0 0 1.06524
3 0 0 0.842492

3
1 1 1 0.907285
2 0 0 0.909708
3 0 0 0.798695

3
1 0 9868 0.810717
2 0 0 0.947986
3 0 0 1.12279

1
1 0 0 0.823296

5
1 0 4466 0.917412
2 0 0 0.90785
3 1 1 0.948511
6 0 0 0.887852
7 0 0 0.965463

5
1 0 6270 0.94095
2 0 4428 0.861253
4 0 0 0.882492
5 0 0 0.955054
3 0 0 0.858509

5
1 0 5703 0.935506
2 0 0 0.977518
3 0 8029 0.880254
6 0 0 0.836284
7 0 0 0.912811

5
1 1 1 0.937475
2 0 0 1.07278
3 1 2 0.833274
6 0 0 0.786235
7 0 0 1.05947

3
1 1 1 0.897302
2 0 0 0.979107
3 0 0 0.82613

5
1 1 1 0.832602
2 0 0 0.987218
3 1 2 0.963584
6 0 0 0.862716
7 0 0 1.03178

3
1 1 2 0.92581
2 0 0 0.97431
3 0 0 0.977156

3
1 0 9934 0.764865
2 0 0 0.78686
3 0 0 1.13867

3
1 1 2 0.850959
2 0 0 0.902039
3 0 0 0.892354

3
1 1 1 0.907277
2 0 0 1.00938
3 0 0 0.873737

3
1 0 3122 0.867551
2 0 0 0.973264
3 0 0 0.799592

3
1 1 1 0.905262
2 0 0 0.881366
3 0 0 0.904256

3
1 1 1 0.875586
2 0 0 0.897152
3 0 0 0.774193

3
1 1 1 0.824384
2 0 0 0.985317
3 0 0 0.785115

1
1 0 0 0.830335

3
1 1 2 0.900915
2 0 0 0.877953
3 0 0 0.94869

3
1 0 9555 0.841456
2 0 0 0.869675
3 0 0 0.997104

3
1 0 8172 0.903397
2 0 0 0.895785
3 0 0 0.835788

3
1 0 478 0.807485
2 0 0 0.862075
3 0 0 0.721227

3
1 0 135 0.773441
2 0 0 1.04638
3 0 0 0.733207

3
1 1 1 0.888544
2 0 0 0.997532
3 0 0 0.823361

3
1 1 1 0.904504
2 0 0 0.95632
3 0 0 0.838735

1
1 0 0 0.825678

3
1 0 169 0.755625
2 0 0 0.937122
3 0 0 0.859006

3
1 0 5861 0.920278
2 0 0 0.814833
3 0 0 0.815932

5
1 0 295 0.818367
2 0 167 1.12291
4 0 0 0.903941
5 0 0 0.972681
3 0 0 0.759871

3
1 1 1 0.878527
2 0 0 1.01531
3 0 0 0.841815

3
1 0 3606 0.949253
2 0 0 0.995003
3 0 0 0.943907

1
1 0 0 0.851775

3
1 1 1 0.794379
2 0 0 0.945249
3 0 0 0.755528

3
1 1 1 0.838232
2 0 0 0.997748
3 0 0 0.863722

3
1 1 1 0.79136
2 0 0 1.04949
3 0 0 0.6765

1
1 0 0 0.677672

5
1 1 2 0.818532
2 0 0 0.937725
3 0 6389 0.966434
6 0 0 1.02193
7 0 0 0.895118

3
1 0 9762 0.711976
2 0 0 0.689397
3 0 0 1.07219

1
1 0 0 0.70964

1
1 0 0 0.811184

3
1 0 340 0.817971
2 0 0 1.13149
3 0 0 0.810846

3
1 1 2 0.79362
2 0 0 0.810896
3 0 0 0.925159

5
1 0 8863 0.816495
2 0 0 0.847302
3 0 9013 0.89559
6 0 0 0.942719
7 0 0 0.839412

5
1 1 2 0.851784
2 0 0 0.802059
3 0 3432 1.03537
6 0 0 0.965591
7 0 0 1.04698

3
1 0 3649 0.927571
2 0 0 0.885331
3 0 0 0.87722

1
1 0 0 0.798978

3
1 1 2 0.897047
2 0 0 0.927661
3 0 0 0.917469

3
1 1 1 0.980928
2 0 0 0.999633
3 0 0 0.741947

7
1 1 1 0.890361
2 0 66 0.955423
4 0 0 0.93734
5 0 0 1.0348
3 1 2 0.948106
6 0 0 0.930349
7 0 0 0.990036

3
1 1 2 0.886844
2 0 0 0.836817
3 0 0 1.10294

1
1 0 0 0.830676

3
1 1 1 0.909264
2 0 0 0.998528
3 0 0 0.985353

3
1 1 2 0.900213
2 0 0 0.885172
3 0 0 1.12374

1
1 0 0 0.824811

1
1 0 0 0.840574

3
1 0 5391 0.802583
2 0 0 0.802193
3 0 0 0.852096

3
1 1 2 0.854205
2 0 0 0.779581
3 0 0 0.943826

3
1 0 3008 0.927758
2 0 0 0.962164
3 0 0 0.8692

3
1 0 1026 0.854649
2 0 0 0.983994
3 0 0 0.827498

5
1 0 1998 0.823967
2 1 2 0.988202
4 0 0 0.921594
5 0 0 0.987486
3 0 0 0.818795

3
1 1 2 0.868866
2 0 0 0.956787
3 0 0 0.966201

3
1 0 6252 0.910264
2 0 0 0.891796
3 0 0 0.910724

3
1 0 9976 0.81403
2 0 0 0.886446
3 0 0 1.0319

3
1 1 1 0.9232
2 0 0 0.88866
3 0 0 0.834994

3
1 0 514 0.858639
2 0 0 1.06639
3 0 0 0.787242

1
1 0 0 0.787352

5
1 0 1935 0.917959
2 0 0 0.942191
3 1 1 0.915836
6 0 0 0.965758
7 0 0 0.877038

5
1 1 2 0.864751
2 0 0 0.872344
3 0 7061 0.901732
6 0 0 0.975521
7 0 0 0.944676

9
1 0 6260 0.873619
2 1 1 0.986747
4 0 3462 1.0663
8 0 0 1.00588
9 0 0 0.959929
5 0 0 0.965911
3 1 1 0.80806
6 0 0 1.04666
7 0 0 0.67136

3
1 0 9522 0.815043
2 0 0 0.806211
3 0 0 1.07346

5
1 0 9631 0.863564
2 0 0 0.823837
3 0 9708 0.961103
6 0 0 0.985635
7 0 0 0.911682

5
1 1 1 0.876266
2 0 4561 1.02712
4 0 0 1.0861
5 0 0 0.915695
3 0 0 0.88098

5
1 1 1 0.81226
2 0 2048 0.973904
4 0 0 1.08156
5 0 0 1.01642
3 0 0 0.760364

5
1 0 3475 0.956795
2 0 2508 0.964386
4 0 0 0.952865
5 0 0 0.963885
3 0 0 0.921302

5
1 1 1 0.87482
2 0 6779 1.04678
4 0 0 0.920254
5 0 0 0.995829
3 0 0 0.846862

5
1 0 5749 0.925397
2 1 2 0.915043
4 0 0 0.876617
5 0 0 0.942314
3 0 0 0.889502

5
1 0 9692 0.955601
2 0 470 0.949708
4 0 0 0.872188
5 0 0 0.971813
3 0 0 1.00205

3
1 1 1 0.880092
2 0 0 1.01695
3 0 0 0.870703

3
1 0 7519 0.884769
2 0 0 0.89834
3 0 0 0.940241

3
1 1 2 0.919932
2 0 0 0.79248
3 0 0 0.91021

5
1 1 1 0.937487
2 0 0 1.05447
3 1 2 0.923071
6 0 0 0.926749
7 0 0 0.927708

3
1 1 1 0.828873
2 0 0 1.03162
3 0 0 0.87498

3
1 1 1 0.83376
2 0 0 1.14902
3 0 0 0.817199

5
1 0 1745 0.822151
2 1 2 1.0004
4 0 0 1.02742
5 0 0 1.05134
3 0 0 0.836647

5
1 0 9787 0.912362
2 0 0 0.826395
3 0 9881 1.09522
6 0 0 0.838749
7 0 0 0.941454

3
1 0 2198 0.907036
2 0 0 1.03031
3 0 0 0.932045

3
1 0 2397 0.899347
2 0 0 1.03183
3 0 0 0.920857

1
1 0 0 0.802389

5
1 1 1 0.957168
2 0 0 0.961081
3 0 3154 0.941967
6 0 0 0.866338
7 0 0 0.958

7
1 0 7209 0.857905
2 1 2 0.947452
4 0 0 0.999232
5 0 3950 0.916571
10 0 0 0.903989
11 0 0 0.89935
3 0 0 0.834726

3
1 0 7195 0.957999
2 0 0 0.966088
3 0 0 1.0024

3
1 1 2 0.824054
2 0 0 0.862065
3 0 0 0.970322

3
1 1 1 0.930906
2 0 0 0.939888
3 0 0 0.920556

3
1 0 4723 0.927899
2 0 0 0.968831
3 0 0 0.921568

5
1 0 4891 0.893754
2 0 2944 1.07043
4 0 0 1.04766
5 0 0 1.02274
3 0 0 1.00434

3
1 1 2 0.845712
2 0 0 0.880812
3 0 0 0.985793

3
1 1 1 0.85073
2 0 0 0.88183
3 0 0 0.801245

3
1 1 2 0.874689
2 0 0 0.784816
3 0 0 0.933222

5
1 0 96 0.982884
2 0 0 1.06382
3 1 1 0.975194
6 0 0 1.07177
7 0 0 0.862539

3
1 1 1 0.857996
2 0 0 1.08966
3 0 0 0.915317

1
1 0 0 0.767194

3
1 0 8341 0.906459
2 0 0 0.921307
3 0 0 0.923588

1
1 0 0 0.750981

3
1 0 7680 0.923473
2 0 0 1.01809
3 0 0 0.994689

5
1 1 1 0.793012
2 0 0 1.06373
3 0 3450 0.975103
6 0 0 0.985031
7 0 0 0.827285

3
1 0 348 0.875519
2 0 0 0.965858
3 0 0 0.911077

5
1 0 3038 0.8947
2 0 2754 0.862435
4 0 0 1.04303
5 0 0 0.962361
3 0 0 0.946748

3
1 0 9965 0.809351
2 0 0 0.857172
3 0 0 0.918053

1
1 0 0 0.832052

5
1 0 866 0.858966
2 0 0 0.917343
3 1 1 0.897618
6 0 0 0.995096
7 0 0 0.796562

3
1 0 9872 0.814276
2 0 0 0.808957
3 0 0 0.998479

9
1 0 224 0.863682
2 0 0 1.02252
3 1 2 0.862869
6 0 0 0.846895
7 0 1496 0.894471
14 0 943 1.0067
28 0 0 0.876074
29 0 0 1.07373
15 0 0 0.931564

3
1 0 7897 0.88696
2 0 0 0.974104
3 0 0 0.90673

1
1 0 0 0.839311

7
1 1 1 0.936318
2 0 8015 0.967178
4 0 0 0.858493
5 0 0 1.00699
3 0 423 0.962823
6 0 0 1.05855
7 0 0 0.900363

3
1 0 9411 0.878141
2 0 0 0.900588
3 0 0 0.8873

5
1 1 1 0.824384
2 0 0 0.94955
3 1 2 0.879058
6 0 0 0.862487
7 0 0 0.954438

3
1 0 9699 0.822532
2 0 0 0.906961
3 0 0 1.03121

3
1 1 1 0.879273
2 0 0 0.903374
3 0 0 0.784935

3
1 1 2 0.878795
2 0 0 1.00052
3 0 0 0.917232

3
1 0 9958 0.792205
2 0 0 0.778402
3 0 0 0.947856

1
1 0 0 0.767466

3
1 0 6807 0.885025
2 0 0 0.865556
3 0 0 0.916512

3
1 0 5405 0.898494
2 0 0 0.847253
3 0 0 1.01857

7
1 1 1 0.85931
2 0 4699 1.0318
4 0 284 1.04972
8 0 0 0.999078
9 0 0 1.01868
5 0 0 1.10536
3 0 0 0.824658

3
1 0 3393 0.87163
2 0 0 1.00324
3 0 0 0.837031

5
1 1 2 0.894663
2 0 0 0.833432
3 0 7509 1.09302
6 0 0 0.918603
7 0 0 0.855237

3
1 1 2 0.882074
2 0 0 0.951123
3 0 0 0.983852

1
1 0 0 0.799937

3
1 0 3195 0.871293
2 0 0 1.03281
3 0 0 0.864146

1
1 0 0 0.825925

3
1 0 1885 0.953512
2 0 0 1.03737
3 0 0 0.800872

3
1 1 1 0.89067
2 0 0 0.978673
3 0 0 0.869254

3
1 1 2 0.874599
2 0 0 0.932991
3 0 0 0.920105

3
1 1 2 0.903496
2 0 0 0.830604
3 0 0 1.09566

1
1 0 0 0.824668

3
1 0 832 0.838536
2 0 0 0.89633
3 0 0 0.803933

1
1 0 0 0.794336

3
1 1 2 0.875951
2 0 0 0.866269
3 0 0 0.938419

3
1 1 1 0.857597
2 0 0 1.03616
3 0 0 0.816486

5
1 0 9948 0.675896
2 0 0 0.671707
3 0 9962 0.979393
6 0 0 0.918188
7 0 0 1.04836

3
1 1 1 0.921628
2 0 0 0.908816
3 0 0 0.706572

3
1 1 1 0.840359
2 0 0 1.01031
3 0 0 0.85353

1
1 0 0 0.684837

1
1 0 0 0.725968

3
1 1 2 0.876147
2 0 0 0.780922
3 0 0 0.975044

5
1 1 1 0.881659
2 0 9391 1.06182
4 0 0 1.03512
5 0 0 1.13703
3 0 0 0.82529

3
1 0 9648 0.944145
2 0 0 0.837561
3 0 0 1.10164

3
1 0 9619 0.860622
2 0 0 0.792058
3 0 0 1.09286

3
1 1 2 0.873494
2 0 0 0.851049
3 0 0 0.848706

5
1 0 2895 0.897798
2 0 0 0.911126
3 1 1 0.930983
6 0 0 0.985719
7 0 0 0.949162

3
1 1 1 0.892711
2 0 0 0.93114
3 0 0 0.892831

3
1 1 2 0.847375
2 0 0 0.921534
3 0 0 0.866988

3
1 1 1 0.911114
2 0 0 0.977563
3 0 0 0.887335

3
1 0 468 0.832472
2 0 0 1.02761
3 0 0 0.797323

3
1 0 4063 0.94819
2 0 0 1.01837
3 0 0 0.837161

5
1 0 230 0.81439
2 0 212 1.09007
4 0 0 0.995309
5 0 0 1.06963
3 0 0 0.843539

3
1 0 9679 0.825447
2 0 0 0.903914
3 0 0 1.08235

5
1 1 1 0.863763
2 0 4956 0.922691
4 0 0 0.969498
5 0 0 0.901263
3 0 0 0.831721

3
1 0 8890 0.840773
2 0 0 0.85417
3 0 0 0.764367

3
1 1 2 0.868866
2 0 0 0.834957
3 0 0 0.942701

1
1 0 0 0.790993

5
1 1 2 0.932861
2 0 0 0.956038
3 0 6026 0.986342
6 0 0 1.00036
7 0 0 1.00936

7
1 1 1 0.913456
2 0 7838 0.970988
4 0 0 0.966949
5 0 0 0.90097
3 1 2 0.896841
6 0 0 0.868625
7 0 0 0.977239

7
1 0 273 0.816322
2 0 120 1.01697
4 0 0 0.887448
5 0 0 1.0667
3 0 9924 0.757077
6 0 0 0.781695
7 0 0 0.962563

3
1 0 38 0.909207
2 0 0 1.03391
3 0 0 0.762346

3
1 1 2 0.991211
2 0 0 0.830931
3 0 0 0.982388

3
1 0 5087 0.95429
2 0 0 0.956062
3 0 0 0.959328

3
1 0 6886 0.886131
2 0 0 1.03836
3 0 0 0.863221

3
1 0 9522 0.815043
2 0 0 0.899289
3 0 0 0.985019

3
1 0 556 0.880515
2 0 0 0.994293
3 0 0 0.804728

3
1 1 2 0.848861
2 0 0 0.877594
3 0 0 0.91761

1
1 0 0 0.890589

1
1 0 0 0.791331

3
1 1 1 0.89858
2 0 0 1.06983
3 0 0 0.794198

5
1 0 1426 0.949431
2 0 1285 0.992886
4 0 0 1.03219
5 0 0 1.16544
3 0 0 0.897962

3
1 1 1 0.919027
2 0 0 0.943553
3 0 0 0.879835

3
1 1 1 0.865954
2 0 0 0.936025
3 0 0 0.756769

3
1 1 2 0.897339
2 0 0 0.94574
3 0 0 1.1214

1
1 0 0 0.805481

3
1 0 7429 0.857792
2 0 0 0.940032
3 0 0 0.863165

3
1 1 2 0.896349
2 0 0 0.828321
3 0 0 0.962306

3
1 0 9678 0.776064
2 0 0 0.916471
3 0 0 1.1367

3
1 1 2 0.854917
2 0 0 0.908875
3 0 0 0.820553

1
1 0 0 0.857969

3
1 1 2 0.878607
2 0 0 0.867871
3 0 0 0.958921

5
1 0 366 0.875501
2 0 0 1.03776
3 1 1 0.817746
6 0 0 0.968741
7 0 0 0.871674

3
1 1 1 0.92373
2 0 0 1.03772
3 0 0 0.841606

1
1 0 0 0.945153

1
1 0 0 0.821217

3
1 1 2 0.860394
2 0 0 0.89077
3 0 0 0.933935

3
1 1 1 0.977843
2 0 0 0.914469
3 0 0 0.843945

3
1 1 1 0.849272
2 0 0 1.10933
3 0 0 0.85638

3
1 0 1981 0.867357
2 0 0 0.889365
3 0 0 0.845106

5
1 0 4052 1.02382
2 0 0 0.879952
3 1 1 1.03646
6 0 0 1.09554
7 0 0 0.862517

3
1 0 2988 1.03692
2 0 0 0.984917
3 0 0 1.04468

9
1 0 5490 0.925582
2 0 0 0.882435
3 1 1 0.918852
6 0 0 1.06584
7 0 8348 0.961108
14 1 2 0.9345
28 0 0 1.03518
29 0 0 0.890843
15 0 0 0.989988

5
1 0 1125 0.904643
2 0 842 0.939842
4 0 0 0.958117
5 0 0 0.986352
3 0 0 0.885441

7
1 0 8438 0.983096
2 0 5688 0.982854
4 0 0 1.10173
5 0 0 1.03225
3 0 8513 0.97168
6 0 0 0.944897
7 0 0 1.00436

3
1 0 9955 0.885242
2 0 0 0.800994
3 0 0 1.01132

5
1 1 2 0.900391
2 1 1 0.840845
4 0 0 0.993102
5 0 0 0.88711
3 0 0 0.952096

7
1 0 9685 0.832427
2 1 2 0.965276
4 0 0 0.953123
5 0 0 1.06237
3 0 9937 1.03237
6 0 0 1.04211
7 0 0 0.945144

3
1 0 3552 0.799798
2 0 0 0.901581
3 0 0 0.750258

3
1 1 1 0.832014
2 0 0 0.916543
3 0 0 0.752667

3
1 0 1927 0.832653
2 0 0 0.872704
3 0 0 0.835199

3
1 0 9648 0.832734
2 0 0 0.819038
3 0 0 1.0134

3
1 1 2 0.923481
2 0 0 0.883185
3 0 0 0.902997

5
1 0 855 0.916072
2 1 2 1.02253
4 0 0 0.928268
5 0 0 1.0759
3 0 0 0.77781

3
1 0 3504 0.917639
2 0 0 0.974314
3 0 0 0.965848

1
1 0 0 0.959897

3
1 1 2 0.914348
2 0 0 0.926316
3 0 0 0.937141

3
1 1 2 0.912436
2 0 0 0.822848
3 0 0 1.03647

3
1 1 1 0.830633
2 0 0 0.994217
3 0 0 0.925913

1
1 0 0 0.845505

3
1 0 9596 0.895133
2 0 0 0.859171
3 0 0 1.00312

5
1 1 1 0.868619
2 0 720 1.08924
4 0 0 0.937802
5 0 0 0.97084
3 0 0 0.864175

1
1 0 0 0.952895

1
1 0 0 0.872857

7
1 1 1 0.955768
2 0 2828 1.0349
4 0 1940 1.01368
8 0 0 1.00971
9 0 0 1.04673
5 0 0 1.05784
3 0 0 0.713479

3
1 1 1 0.88517
2 0 0 1.0528
3 0 0 0.873405

5
1 1 1 0.994553
2 0 0 1.01253
3 0 1178 0.898052
6 0 0 0.996008
7 0 0 0.932298

1
1 0 0 0.870681

3
1 1 1 0.854059
2 0 0 1.05063
3 0 0 0.831956

3
1 1 2 0.882961
2 0 0 0.862826
3 0 0 0.897765

3
1 0 4461 0.798978
2 0 0 0.926936
3 0 0 0.831732

3
1 1 1 0.900051
2 0 0 0.870795
3 0 0 0.741293

1
1 0 0 0.875411

3
1 1 1 0.917161
2 0 0 1.01453
3 0 0 0.855709

3
1 1 2 0.952881
2 0 0 0.774234
3 0 0 0.95842

5
1 1 2 0.966215
2 0 0 0.917946
3 0 6267 0.951076
6 0 0 0.893302
7 0 0 0.90032

3
1 0 3471 0.932123
2 0 0 1.00145
3 0 0 0.991955

7
1 0 8195 0.880892
2 0 0 1.02127
3 0 8846 0.943878
6 0 8499 1.06605
12 0 0 0.949187
13 0 0 0.918509
7 0 0 0.867692

5
1 0 9091 0.923158
2 0 8813 0.942495
4 0 0 0.92682
5 0 0 1.21131
3 0 0 0.891102

5
1 0 2998 0.891181
2 0 0 0.995364
3 0 3017 0.848284
6 0 0 1.07371
7 0 0 0.849953

3
1 0 148 0.734684
2 0 0 1.10269
3 0 0 0.785445

7
1 1 2 0.925354
2 0 0 0.822652
3 0 8291 1.04777
6 0 7038 1.00658
12 0 0 0.955909
13 0 0 0.994568
7 0 0 1.13579

1
1 0 0 0.844004

5
1 0 2417 0.977662
2 0 0 0.905226
3 0 2851 0.838098
6 0 0 0.980018
7 0 0 0.868385

3
1 1 1 0.863847
2 0 0 1.03824
3 0 0 0.905622

3
1 1 1 0.972742
2 0 0 0.887533
3 0 0 0.807152

3
1 0 9949 0.788349
2 0 0 0.77508
3 0 0 1.00705

3
1 0 9733 0.816402
2 0 0 0.843714
3 0 0 1.01447

3
1 1 2 0.829093
2 0 0 0.792569
3 0 0 0.927789

5
1 1 1 0.769585
2 0 1930 1.14362
4 0 0 1.07419
5 0 0 1.1814
3 0 0 0.815406

3
1 0 879 0.780531
2 0 0 1.01342
3 0 0 0.775745

3
1 0 8452 0.807965
2 0 0 0.847295
3 0 0 0.86897

1
1 0 0 0.69291

3
1 0 236 0.881764
2 0 0 0.983741
3 0 0 0.79876

5
1 0 186 0.799967
2 0 0 1.05582
3 0 511 0.901574
6 0 0 1.01314
7 0 0 0.859766

1
1 0 0 0.784559

3
1 1 1 0.890263
2 0 0 0.985684
3 0 0 0.837005

3
1 1 1 0.924017
2 0 0 1.03788
3 0 0 0.752167

1
1 0 0 0.810676

5
1 0 4955 0.938384
2 0 3748 0.979231
4 0 0 0.939474
5 0 0 0.980828
3 0 0 0.910717

5
1 0 6144 0.872015
2 0 1512 0.925164
4 0 0 0.890619
5 0 0 1.02301
3 0 0 0.926315

1
1 0 0 0.844784

5
1 0 3000 0.875396
2 0 477 0.935293
4 0 0 1.03074
5 0 0 0.908155
3 0 0 0.865831

1
1 0 0 0.78043

5
1 0 9924 0.844693
2 1 2 0.937991
4 0 0 0.892739
5 0 0 1.00388
3 0 0 0.96444

1
1 0 0 0.834024

3
1 0 4316 0.852449
2 0 0 0.91128
3 0 0 0.89366

3
1 0 2995 0.875602
2 0 0 0.90159
3 0 0 0.752779

1
1 0 0 0.85541

3
1 0 9552 0.982191
2 0 0 0.9894
3 0 0 0.968762

3
1 0 2071 0.83494
2 0 0 0.959492
3 0 0 0.817784

5
1 0 2937 0.88512
2 0 0 0.90179
3 0 3092 0.899544
6 0 0 1.07316
7 0 0 0.843429

1
1 0 0 0.785937

1
1 0 0 0.909203

5
1 0 9688 0.841237
2 0 0 0.875843
3 0 9808 0.976861
6 0 0 0.916279
7 0 0 1.00672

1
1 0 0 0.791264

3
1 0 4705 0.871019
2 0 0 0.888098
3 0 0 0.872778

3
1 1 1 0.958487
2 0 0 1.14401
3 0 0 0.852306

1
1 0 0 0.751286

3
1 0 7791 0.950543
2 0 0 0.96055
3 0 0 1.14032

1
1 0 0 0.873688

1
1 0 0 0.771712

3
1 1 2 0.813541
2 0 0 0.855415
3 0 0 1.0711

1
1 0 0 0.857675

3
1 1 1 0.867471
2 0 0 0.956308
3 0 0 0.793318

3
1 1 1 0.823421
2 0 0 0.942975
3 0 0 0.747095

5
1 0 2280 0.894394
2 1 1 0.862861
4 0 0 0.983725
5 0 0 0.802504
3 0 0 0.871381

3
1 1 2 0.973345
2 0 0 0.791482
3 0 0 0.999293

5
1 0 805 0.947671
2 0 0 0.956524
3 1 2 0.984142
6 0 0 0.989931
7 0 0 1.06244

3
1 0 9898 0.820123
2 0 0 0.907973
3 0 0 1.01048

3
1 0 666 0.859885
2 0 0 0.907697
3 0 0 0.816847

1
1 0 0 0.876582

7
1 0 6554 0.896896
2 0 0 0.993367
3 0 8520 0.88578
6 0 0 1.04079
7 0 9390 0.914287
14 0 0 0.926338
15 0 0 0.876268

1
1 0 0 0.769884

3
1 0 6322 0.932079
2 0 0 0.915533
3 0 0 0.919331

5
1 0 9856 0.861981
2 0 0 0.901477
3 1 2 1.02415
6 0 0 1.13743
7 0 0 1.02115

5
1 1 1 0.933246
2 0 0 0.896665
3 1 2 0.98329
6 0 0 0.817546
7 0 0 1.05348

7
1 0 9572 0.850072
2 0 0 0.921513
3 1 1 1.00773
6 0 9592 1.05798
12 0 0 1.10078
13 0 0 1.07585
7 0 0 0.978385

3
1 1 1 0.904897
2 0 0 0.901848
3 0 0 0.838655

3
1 0 361 0.927465
2 0 0 0.956765
3 0 0 0.905763

3
1 1 2 0.848223
2 0 0 0.930781
3 0 0 0.98817

3
1 0 6667 0.956415
2 0 0 0.944904
3 0 0 0.843169

5
1 1 1 0.873325
2 0 3059 0.930201
4 0 0 0.852851
5 0 0 1.02874
3 0 0 0.833628

3
1 1 1 0.934786
2 0 0 0.933049
3 0 0 0.956958

1
1 0 0 0.894538

3
1 0 1742 0.994688
2 0 0 0.921544
3 0 0 0.763287

5
1 0 6346 0.994175
2 0 0 0.980593
3 1 1 0.855726
6 0 0 0.987608
7 0 0 0.848911

5
1 1 1 0.796348
2 0 9476 1.08283
4 0 0 1.03846
5 0 0 1.04153
3 0 0 0.910607

3
1 0 4887 0.933667
2 0 0 1.00863
3 0 0 0.895574

5
1 1 1 0.832014
2 0 0 1.11709
3 0 3187 0.872237
6 0 0 0.926718
7 0 0 0.762805

3
1 1 2 0.979001
2 0 0 0.80166
3 0 0 1.13286

5
1 1 1 0.846552
2 0 8273 0.979107
4 0 0 1.00719
5 0 0 1.12099
3 0 0 0.959459

3
1 0 4642 0.868423
2 0 0 0.902074
3 0 0 0.809179

1
1 0 0 0.80403

3
1 1 1 0.790247
2 0 0 0.969536
3 0 0 0.967722

3
1 1 1 0.821893
2 0 0 1.10319
3 0 0 0.808258

5
1 0 1404 0.910694
2 0 1013 1.02484
4 0 0 0.966552
5 0 0 1.04163
3 0 0 0.935822

5
1 0 9818 0.932504
2 0 0 0.895078
3 1 1 0.961987
6 0 0 1.06916
7 0 0 0.984583

3
1 0 1938 0.895027
2 0 0 0.905089
3 0 0 0.882206

3
1 0 438 0.828813
2 0 0 1.06828
3 0 0 0.843496

5
1 0 1202 0.922831
2 0 0 1.01278
3 0 2246 0.876551
6 0 0 1.02629
7 0 0 0.791856

3
1 1 1 0.862192
2 0 0 1.07816
3 0 0 0.876129

3
1 0 8232 0.863764
2 0 0 0.931468
3 0 0 0.933615

3
1 1 2 0.936128
2 0 0 0.824685
3 0 0 0.918634

3
1 0 9066 0.873928
2 0 0 0.981463
3 0 0 0.855082

5
1 1 2 0.998195
2 0 0 0.903623
3 0 5145 1.0285
6 0 0 1.0232
7 0 0 1.07785

5
1 1 2 0.843429
2 0 9782 0.879598
4 0 0 0.901295
5 0 0 1.07009
3 0 0 1.02617

3
1 1 1 0.842217
2 0 0 0.878949
3 0 0 0.86461

1
1 0 0 0.819103

5
1 1 1 0.872423
2 0 1451 1.11656
4 0 0 0.990265
5 0 0 1.15015
3 0 0 0.811911

3
1 1 1 0.805963
2 0 0 0.991942
3 0 0 0.643868

3
1 1 2 0.855338
2 0 0 0.848816
3 0 0 1.08073

3
1 1 1 0.86224
2 0 0 0.987824
3 0 0 0.836091

3
1 0 9672 0.764986
2 0 0 0.816063
3 0 0 0.983851

1
1 0 0 0.935452

3
1 0 2863 0.912082
2 0 0 1.03032
3 0 0 0.865213

3
1 0 1572 0.770569
2 0 0 0.956355
3 0 0 0.829274

3
1 1 1 0.84918
2 0 0 1.06853
3 0 0 0.781827

3
1 0 2778 0.862454
2 0 0 0.943809
3 0 0 0.799536

3
1 1 1 0.798612
2 0 0 0.867799
3 0 0 0.794727

3
1 1 2 0.819604
2 0 0 0.847032
3 0 0 1.01532

3
1 1 2 0.925354
2 0 0 0.800309
3 0 0 0.95616

5
1 0 5383 0.964793
2 0 0 0.922692
3 0 9319 0.967875
6 0 0 0.888334
7 0 0 0.958892

1
1 0 0 0.87717

5
1 0 7380 0.900844
2 1 2 1.0713
4 0 0 1.04803
5 0 0 0.987804
3 0 0 0.89825

5
1 1 1 0.940857
2 0 1980 1.0874
4 0 0 1.04267
5 0 0 1.1212
3 0 0 0.911132

1
1 0 0 0.743422

5
1 1 2 0.851677
2 0 0 0.821389
3 0 1167 0.967969
6 0 0 0.988193
7 0 0 1.05634

3
1 0 5245 0.896548
2 0 0 0.881367
3 0 0 0.927366

3
1 0 378 0.774097
2 0 0 0.916017
3 0 0 0.855466

3
1 0 8698 0.89588
2 0 0 0.961329
3 0 0 0.809985

1
1 0 0 0.650661

3
1 1 2 0.934458
2 0 0 0.811283
3 0 0 0.905347

7
1 0 9926 0.823075
2 0 0 0.887715
3 0 9986 1.04204
6 1 2 0.911805
12 0 0 0.91674
13 0 0 0.944221
7 0 0 1.03063

1
1 0 0 0.811072

3
1 0 9408 0.878566
2 0 0 0.883225
3 0 0 1.01138

3
1 0 934 0.831579
2 0 0 1.00697
3 0 0 0.868853

1
1 0 0 0.764532

3
1 1 2 0.840393
2 0 0 0.834065
3 0 0 0.806464

1
1 0 0 0.75619

1
1 0 0 0.819586

3
1 1 1 0.843834
2 0 0 1.02884
3 0 0 0.858863

1
1 0 0 0.761256

3
1 0 9965 0.825293
2 0 0 0.786478
3 0 0 1.09242

3
1 1 1 0.910556
2 0 0 1.1565
3 0 0 0.882239

3
1 0 1003 0.867742
2 0 0 0.957267
3 0 0 0.803136

3
1 0 2238 0.910748
2 0 0 0.915414
3 0 0 0.960657

3
1 0 2011 0.859112
2 0 0 0.925824
3 0 0 0.819863

5
1 0 3810 0.910227
2 0 0 0.858477
3 0 4266 0.937128
6 0 0 0.944555
7 0 0 0.931593

3
1 1 1 0.827867
2 0 0 1.04239
3 0 0 0.815042

3
1 0 9811 0.792299
2 0 0 0.80832
3 0 0 0.946584

3
1 1 2 0.899811
2 0 0 0.797643
3 0 0 0.972939

3
1 1 1 0.892986
2 0 0 0.926786
3 0 0 0.835291

3
1 1 1 0.887796
2 0 0 0.955378
3 0 0 0.824356

3
1 1 1 0.83505
2 0 0 0.960737
3 0 0 0.841683

1
1 0 0 0.840242

3
1 0 9646 0.845794
2 0 0 0.843656
3 0 0 1.07922

5
1 1 2 0.889244
2 0 353 0.936188
4 0 0 0.991794
5 0 0 0.90353
3 0 0 0.912574

3
1 0 9555 0.7772
2 0 0 0.763529
3 0 0 0.963552

3
1 1 1 0.904013
2 0 0 1.03255
3 0 0 0.84423

5
1 0 329 0.841741
2 0 0 0.942825
3 1 2 0.915923
6 0 0 0.894426
7 0 0 1.01547

3
1 0 819 0.856242
2 0 0 0.987996
3 0 0 0.871445

3
1 1 1 0.876281
2 0 0 0.934088
3 0 0 0.744188

3
1 1 2 0.831971
2 0 0 0.860496
3 0 0 1.14458

3
1 1 1 0.975732
2 0 0 1.00373
3 0 0 0.886948

3
1 1 2 0.79362
2 0 0 0.746585
3 0 0 0.874386

3
1 1 2 0.834483
2 0 0 0.862095
3 0 0 0.936354

3
1 1 2 0.845676
2 0 0 0.885381
3 0 0 1.00563

3
1 0 4500 0.770823
2 0 0 0.877385
3 0 0 0.784013

3
1 1 2 0.842769
2 0 0 0.740864
3 0 0 1.04916

3
1 1 1 0.934858
2 0 0 1.04345
3 0 0 0.864131

5
1 0 2552 0.933707
2 0 0 0.969439
3 1 1 0.979876
6 0 0 0.998971
7 0 0 0.889066

1
1 0 0 0.869019

3
1 0 783 0.775695
2 0 0 1.07558
3 0 0 0.721418

3
1 1 1 0.868133
2 0 0 0.93986
3 0 0 0.821092

1
1 0 0 0.808491

3
1 1 1 0.844915
2 0 0 1.19167
3 0 0 0.914501

1
1 0 0 0.85445

3
1 0 1662 0.921563
2 0 0 0.931099
3 0 0 0.889291

5
1 0 6436 0.888079
2 0 0 1.08277
3 1 1 0.925036
6 0 0 1.07705
7 0 0 0.835145

3
1 0 9883 0.774153
2 0 0 0.859044
3 0 0 1.16712

1
1 0 0 0.835489

3
1 1 1 0.921662
2 0 0 0.865694
3 0 0 0.846666

3
1 0 7054 0.911381
2 0 0 0.911992
3 0 0 0.916254

3
1 1 1 0.883276
2 0 0 1.04827
3 0 0 0.81539

3
1 0 9598 0.860907
2 0 0 0.890423
3 0 0 1.00688

3
1 1 2 0.897041
2 0 0 0.849114
3 0 0 0.876274

3
1 0 250 0.904818
2 0 0 0.991528
3 0 0 0.865216

3
1 0 9595 0.945397
2 0 0 0.804262
3 0 0 1.13141

3
1 1 1 0.900724
2 0 0 0.886943
3 0 0 1.00158

7
1 1 1 0.853174
2 0 0 0.962187
3 0 9462 0.970986
6 0 0 0.884952
7 0 9544 0.936235
14 0 0 0.9423
15 0 0 0.924544

3
1 0 5728 0.943079
2 0 0 0.920287
3 0 0 0.867454

5
1 1 1 0.934171
2 0 0 1.02358
3 0 9444 0.922985
6 0 0 0.944343
7 0 0 0.945655

3
1 1 1 0.930536
2 0 0 1.02461
3 0 0 0.903885

3
1 0 4398 0.951444
2 0 0 0.942236
3 0 0 0.966753

3
1 0 9677 0.838545
2 0 0 0.952762
3 0 0 1.02068

3
1 1 1 1.0113
2 0 0 0.981372
3 0 0 0.873902

3
1 1 1 0.939864
2 0 0 0.927437
3 0 0 0.788368

1
1 0 0 0.967491

1
1 0 0 0.902025

3
1 0 3404 0.907773
2 0 0 1.0665
3 0 0 0.77062

3
1 1 1 0.831582
2 0 0 1.02338
3 0 0 0.924855

7
1 1 2 0.826917
2 0 0 0.961204
3 0 5743 1.00011
6 0 4194 1.10818
12 0 0 1.06072
13 0 0 1.00966
7 0 0 0.832796

3
1 1 1 0.9713
2 0 0 1.10341
3 0 0 0.922983

5
1 0 1937 0.865005
2 0 0 1.03999
3 0 9926 0.832873
6 0 0 0.846954
7 0 0 0.928429

3
1 0 3170 0.884844
2 0 0 0.972389
3 0 0 0.928493

1
1 0 0 0.73889

5
1 0 2268 0.866921
2 0 0 0.842123
3 1 1 0.869798
6 0 0 1.03159
7 0 0 0.892328

3
1 0 6376 0.89509
2 0 0 0.961722
3 0 0 0.84309

5
1 1 1 0.969272
2 0 5460 0.951366
4 0 0 1.14062
5 0 0 1.107
3 0 0 0.995884

1
1 0 0 0.741171

3
1 0 5824 0.884361
2 0 0 0.924945
3 0 0 0.91429

3
1 1 2 0.822445
2 0 0 0.902235
3 0 0 0.981714

5
1 0 433 0.920539
2 1 2 1.04298
4 0 0 0.959345
5 0 0 0.963927
3 0 0 0.755453

3
1 0 601 0.87788
2 0 0 0.997162
3 0 0 0.826779

3
1 1 2 0.941769
2 0 0 0.863024
3 0 0 1.07145

3
1 1 1 1.01982
2 0 0 0.954659
3 0 0 0.94369

3
1 1 1 0.84918
2 0 0 0.976502
3 0 0 0.959692

3
1 0 4051 0.871918
2 0 0 0.940676
3 0 0 0.940098

3
1 1 2 0.828527
2 0 0 0.78761
3 0 0 0.881162

3
1 0 9796 0.911362
2 0 0 0.831214
3 0 0 0.961881

3
1 0 9109 0.83732
2 0 0 0.955145
3 0 0 0.847508

3
1 0 9809 0.827976
2 0 0 0.831132
3 0 0 0.948393

3
1 0 6642 0.901633
2 0 0 0.90795
3 0 0 0.925846

3
1 0 2796 0.866307
2 0 0 0.985628
3 0 0 0.857712

3
1 1 1 0.940857
2 0 0 1.04938
3 0 0 0.946278

5
1 1 2 0.913379
2 0 0 0.808311
3 0 1285 0.919376
6 0 0 0.959546
7 0 0 0.922038

1
1 0 0 0.830801

1
1 0 0 0.704376

3
1 1 1 0.905694
2 0 0 1.08382
3 0 0 0.783683

3
1 1 1 0.870676
2 0 0 0.915076
3 0 0 0.76517

3
1 1 1 0.880667
2 0 0 0.924827
3 0 0 0.862418

5
1 1 1 0.862676
2 0 4066 1.05501
4 0 0 1.03619
5 0 0 1.17158
3 0 0 0.811222

1
1 0 0 0.751509

3
1 1 2 1.00843
2 0 0 0.970878
3 0 0 0.917974

3
1 0 8181 0.842724
2 0 0 0.829306
3 0 0 0.929322

3
1 1 1 0.843895
2 0 0 0.992309
3 0 0 0.887019

1
1 0 0 0.892659

3
1 0 77 0.893103
2 0 0 1.11427
3 0 0 0.842813

5
1 1 1 0.83394
2 0 4508 0.933956
4 0 0 0.942711
5 0 0 1.03595
3 0 0 0.879048

3
1 0 3247 0.867693
2 0 0 0.873561
3 0 0 0.825332

3
1 0 203 0.806403
2 0 0 1.0056
3 0 0 0.835554

3
1 0 111 0.714587
2 0 0 1.07786
3 0 0 0.720327

1
1 0 0 0.830487

3
1 0 9915 0.852674
2 0 0 0.797077
3 0 0 1.01912

1
1 0 0 0.869525

3
1 0 3282 0.910525
2 0 0 0.899849
3 0 0 0.786442

1
1 0 0 0.87425

3
1 0 9603 0.774583
2 0 0 0.868932
3 0 0 0.918165

3
1 0 8912 0.838939
2 0 0 0.832073
3 0 0 0.958923

1
1 0 0 0.769209

1
1 0 0 0.835114

3
1 0 9929 0.939328
2 0 0 0.859338
3 0 0 1.02363

3
1 0 9380 0.917355
2 0 0 0.934851
3 0 0 0.963562

5
1 0 5040 0.936841
2 1 1 0.928075
4 0 0 1.01261
5 0 0 0.959343
3 0 0 0.8082

3
1 1 2 0.93719
2 0 0 0.75322
3 0 0 1.05457

3
1 0 910 0.861985
2 0 0 0.999655
3 0 0 0.832225

3
1 1 1 0.89182
2 0 0 0.941878
3 0 0 0.914576

3
1 1 2 0.824836
2 0 0 0.867086
3 0 0 0.846258

3
1 1 1 0.904013
2 0 0 0.997507
3 0 0 0.844731

3
1 0 1804 0.955165
2 0 0 1.00748
3 0 0 0.713273

7
1 0 1001 0.935362
2 1 1 1.00682
4 0 0 1.05167
5 0 0 0.956136
3 0 9429 0.912881
6 0 0 0.855337
7 0 0 0.916267

1
1 0 0 0.751888

3
1 0 1017 0.860479
2 0 0 0.921745
3 0 0 0.813822

3
1 1 1 0.874098
2 0 0 0.960457
3 0 0 0.812361

3
1 0 7081 0.875
2 0 0 0.870707
3 0 0 0.916813

5
1 1 1 0.979978
2 0 0 1.03402
3 1 2 0.888706
6 0 0 0.91136
7 0 0 0.859069

3
1 0 9921 0.856333
2 0 0 0.881607
3 0 0 1.01951

1
1 0 0 0.897506

3
1 1 2 0.916374
2 0 0 1.00164
3 0 0 1.01098

1
1 0 0 0.786438

3
1 1 2 0.839263
2 0 0 0.8409
3 0 0 0.979807

3
1 0 9443 0.84311
2 0 0 0.842586
3 0 0 0.876626

3
1 1 1 0.871649
2 0 0 0.984288
3 0 0 0.911641

3
1 1 2 0.915054
2 0 0 0.921032
3 0 0 1.00844

3
1 1 2 0.912901
2 0 0 0.823864
3 0 0 0.976414

1
1 0 0 0.865315

3
1 0 9604 0.816681
2 0 0 0.82498
3 0 0 1.06025

1
1 0 0 0.766782

3
1 0 229 0.911791
2 0 0 0.938051
3 0 0 0.91134

1
1 0 0 0.822526

3
1 1 2 0.828556
2 0 0 0.853471
3 0 0 0.95688

3
1 1 1 0.954152
2 0 0 0.914641
3 0 0 0.853779

3
1 1 1 0.837475
2 0 0 1.05768
3 0 0 0.724085

5
1 0 4158 0.924956
2 1 1 0.876107
4 0 0 0.918867
5 0 0 0.916373
3 0 0 0.88509

9
1 1 2 0.881468
2 1 1 0.914612
4 0 4514 0.984571
8 0 448 0.94546
16 0 0 1.04327
17 0 0 0.929677
9 0 0 1.11049
5 0 0 0.844045
3 0 0 0.99721

3
1 0 3720 0.962614
2 0 0 1.03576
3 0 0 0.970928

1
1 0 0 0.829114

3
1 1 1 0.902757
2 0 0 1.04774
3 0 0 0.759586

3
1 0 8837 0.846455
2 0 0 0.874907
3 0 0 0.904726

5
1 0 2406 0.930227
2 0 0 0.944717
3 1 1 0.92219
6 0 0 0.934278
7 0 0 0.798719

3
1 1 2 0.856931
2 0 0 0.928483
3 0 0 1.0187

3
1 1 1 0.865619
2 0 0 1.03978
3 0 0 0.786968

3
1 0 1502 0.933362
2 0 0 0.877483
3 0 0 0.850768

5
1 0 9225 0.956614
2 1 2 1.03573
4 0 0 1.02467
5 0 0 1.09255
3 0 0 0.904768

3
1 1 1 0.887264
2 0 0 0.940795
3 0 0 0.854437

3
1 1 1 0.888609
2 0 0 1.02708
3 0 0 0.837377

3
1 1 1 0.917352
2 0 0 0.879025
3 0 0 0.819407

3
1 0 9927 0.859092
2 0 0 0.848062
3 0 0 1.11736

3
1 0 7529 0.870886
2 0 0 0.923245
3 0 0 0.973967

3
1 0 1247 0.854192
2 0 0 0.959292
3 0 0 0.834793

3
1 1 2 0.902151
2 0 0 0.87633
3 0 0 0.908602

3
1 0 8280 0.893878
2 0 0 1.01076
3 0 0 0.903653

5
1 0 9905 0.951886
2 0 0 0.856267
3 1 1 0.932548
6 0 0 1.04198
7 0 0 1.01495

1
1 0 0 0.907275

3
1 1 1 0.858444
2 0 0 1.0016
3 0 0 0.803247

3
1 1 1 0.896858
2 0 0 0.978262
3 0 0 0.882475

3
1 0 5152 0.934438
2 0 0 1.02177
3 0 0 0.954237

3
1 0 7194 0.894938
2 0 0 1.06175
3 0 0 0.872152

3
1 1 1 0.958319
2 0 0 0.981321
3 0 0 0.965287

3
1 1 1 0.922482
2 0 0 0.944727
3 0 0 0.792646

3
1 0 5273 0.983113
2 0 0 1.00651
3 0 0 0.842954

3
1 0 223 0.877669
2 0 0 0.978852
3 0 0 0.870991

3
1 0 7351 0.889315
2 0 0 0.995794
3 0 0 0.912547

5
1 0 3490 0.971401
2 0 366 0.979567
4 0 0 0.886041
5 0 0 1.05078
3 0 0 0.918053

3
1 1 1 0.880122
2 0 0 1.03899
3 0 0 0.812556

5
1 0 9112 0.855261
2 0 0 0.966175
3 0 9187 0.943921
6 0 0 0.893803
7 0 0 0.941968

3
1 1 1 0.881251
2 0 0 0.985783
3 0 0 0.796681

3
1 1 2 0.871745
2 0 0 0.81013
3 0 0 1.09093

5
1 0 6632 0.873209
2 0 3842 0.93418
4 0 0 0.993591
5 0 0 0.89373
3 0 0 0.97382

5
1 0 5861 0.853764
2 0 0 0.854396
3 1 2 0.910361
6 0 0 0.850223
7 0 0 1.04893

1
1 0 0 0.763778

1
1 0 0 0.909068

5
1 1 2 0.886533
2 0 0 0.787809
3 0 7920 1.02329
6 0 0 1.07799
7 0 0 1.04046

3
1 0 330 0.792436
2 0 0 0.936613
3 0 0 0.883185

3
1 0 427 0.867493
2 0 0 0.905123
3 0 0 0.885718

3
1 1 1 0.897131
2 0 0 1.07
3 0 0 0.894563

3
1 0 6377 0.889252
2 0 0 0.92784
3 0 0 0.838022

3
1 0 9412 0.892859
2 0 0 0.912917
3 0 0 1.01717

1
1 0 0 0.74891

1
1 0 0 0.868923

3
1 1 2 0.861662
2 0 0 0.927516
3 0 0 1.02304

3
1 0 4849 0.850819
2 0 0 0.845971
3 0 0 0.946088

5
1 0 380 0.842599
2 0 370 1.12794
4 0 0 0.953281
5 0 0 0.962869
3 0 0 0.803589

1
1 0 0 0.863246

7
1 0 9910 0.83015
2 1 2 0.797218
4 0 242 0.763733
8 0 0 1.08295
9 0 0 0.733606
5 0 0 0.952947
3 0 0 1.03133

3
1 0 5034 0.874426
2 0 0 0.898506
3 0 0 0.864967

3
1 1 1 0.81725
2 0 0 1.00278
3 0 0 0.818301

3
1 1 1 0.89671
2 0 0 0.956077
3 0 0 0.911711

5
1 0 9977 0.811189
2 0 0 0.871054
3 0 9993 0.995088
6 0 0 0.973574
7 0 0 1.04899

5
1 1 2 0.986682
2 0 0 0.784356
3 0 2610 0.951313
6 0 0 1.00463
7 0 0 0.908151

5
1 0 9362 0.874068
2 0 1008 0.77725
4 0 0 0.971185
5 0 0 0.819448
3 0 0 0.997305

5
1 0 5123 0.908609
2 0 0 0.896102
3 0 9611 0.956086
6 0 0 0.903524
7 0 0 0.985003

3
1 1 1 0.730068
2 0 0 0.890854
3 0 0 0.742413

3
1 1 2 0.886924
2 0 0 0.895505
3 0 0 0.878571

3
1 1 1 0.833771
2 0 0 0.998093
3 0 0 0.757219

3
1 0 2825 0.793163
2 0 0 1.03874
3 0 0 0.837712

3
1 0 976 0.807928
2 0 0 0.90218
3 0 0 0.779199

1
1 0 0 0.831016

1
1 0 0 0.911107

3
1 0 843 0.804176
2 0 0 0.911732
3 0 0 0.946263

3
1 0 9884 0.800632
2 0 0 0.713699
3 0 0 1.03564

3
1 1 2 0.874322
2 0 0 0.857705
3 0 0 0.872465

5
1 1 1 0.872613
2 0 0 0.999086
3 1 2 0.884758
6 0 0 1.0098
7 0 0 0.861834

1
1 0 0 0.798959

3
1 1 1 0.865442
2 0 0 1.15501
3 0 0 0.67423

1
1 0 0 0.759241

3
1 0 1232 0.811549
2 0 0 0.964928
3 0 0 0.810481

3
1 1 2 0.886038
2 0 0 0.832621
3 0 0 0.89497

1
1 0 0 0.86771

5
1 1 2 0.844492
2 0 0 0.851916
3 0 4314 0.977778
6 0 0 0.99559
7 0 0 0.97801

3
1 0 433 0.862795
2 0 0 1.07466
3 0 0 0.776705

3
1 0 6256 0.912698
2 0 0 0.954747
3 0 0 0.958275

1
1 0 0 0.745372

5
1 0 6567 0.918532
2 0 0 1.01382
3 0 6800 0.855946
6 0 0 0.940108
7 0 0 0.823078

1
1 0 0 0.701226

5
1 0 9672 0.931734
2 0 0 0.858597
3 0 9713 1.02065
6 0 0 0.87594
7 0 0 1.10102

9
1 1 1 0.993805
2 0 0 1.0243
3 1 2 0.947075
6 0 7816 1.02592
12 0 7407 0.969266
24 0 0 0.979047
25 0 0 0.892523
13 0 0 0.839465
7 0 0 1.04962

3
1 0 9853 0.755885
2 0 0 0.830626
3 0 0 0.955334

1
1 0 0 0.824486

5
1 0 496 0.883266
2 0 442 1.04022
4 0 0 0.954644
5 0 0 0.969066
3 0 0 0.825351

3
1 0 6089 0.920603
2 0 0 0.898665
3 0 0 0.934298

1
1 0 0 0.84935

3
1 0 6967 0.896765
2 0 0 0.870715
3 0 0 0.967019

3
1 1 2 0.803043
2 0 0 0.845666
3 0 0 0.944708

3
1 1 2 1.00728
2 0 0 0.878931
3 0 0 1.00845

3
1 0 6902 0.814393
2 0 0 0.794008
3 0 0 0.859621

3
1 0 7815 0.894447
2 0 0 0.916062
3 0 0 0.819568

3
1 0 9667 0.718692
2 0 0 0.81554
3 0 0 0.966298

3
1 0 2884 1.04026
2 0 0 0.977015
3 0 0 0.897905

5
1 0 4926 0.887472
2 0 204 0.99055
4 0 0 1.00459
5 0 0 0.955065
3 0 0 0.877797

3
1 1 2 0.981163
2 0 0 0.938994
3 0 0 0.970527

3
1 0 138 0.735047
2 0 0 1.06132
3 0 0 0.760946

3
1 1 2 0.830437
2 0 0 0.761984
3 0 0 0.933175

3
1 0 619 0.839194
2 0 0 1.09383
3 0 0 0.937566

3
1 1 1 0.952296
2 0 0 0.947632
3 0 0 0.897125

3
1 0 9947 0.879239
2 0 0 0.898136
3 0 0 0.921709

1
1 0 0 0.896487

1
1 0 0 0.861372

3
1 0 4971 0.939135
2 0 0 0.980084
3 0 0 0.857118

3
1 1 1 0.945008
2 0 0 0.935879
3 0 0 1.02877

1
1 0 0 0.855135

1
1 0 0 0.851158

3
1 0 294 0.764407
2 0 0 1.03667
3 0 0 0.819819

3
1 0 1196 0.796954
2 0 0 0.922227
3 0 0 0.779274

3
1 0 1467 0.867051
2 0 0 0.97889
3 0 0 0.935557

3
1 1 1 0.888609
2 0 0 1.05952
3 0 0 0.812559

3
1 0 9697 0.791969
2 0 0 0.777461
3 0 0 1.05796

1
1 0 0 0.958579

5
1 1 2 0.938581
2 1 1 0.94148
4 0 0 1.06839
5 0 0 0.882268
3 0 0 0.978179

7
1 0 7362 0.975788
2 1 2 0.916282
4 0 0 0.867125
5 0 584 0.859161
10 0 0 1.08832
11 0 0 0.881565
3 0 0 0.865194

3
1 1 1 0.906873
2 0 0 1.0346
3 0 0 0.878566

5
1 0 7840 0.891735
2 0 0 0.891817
3 1 1 0.940537
6 0 0 1.00936
7 0 0 0.918617

3
1 0 4268 0.879661
2 0 0 1.00877
3 0 0 0.864285

3
1 1 1 0.905145
2 0 0 1.15396
3 0 0 0.840021

5
1 1 1 0.865137
2 0 3772 0.93644
4 0 0 0.958022
5 0 0 0.996402
3 0 0 0.803449

3
1 1 1 0.89956
2 0 0 1.05683
3 0 0 0.752999

3
1 0 9 0.838675
2 0 0 1.00089
3 0 0 0.730321

3
1 0 6336 0.912016
2 0 0 1.02011
3 0 0 0.916758

3
1 1 1 0.887193
2 0 0 1.04829
3 0 0 0.781341

3
1 0 33 0.831461
2 0 0 1.10442
3 0 0 0.934147

3
1 1 1 0.96261
2 0 0 1.04086
3 0 0 0.905472

3
1 1 1 0.86779
2 0 0 0.98264
3 0 0 0.859781

1
1 0 0 0.875933

3
1 1 1 0.896227
2 0 0 0.922665
3 0 0 0.874185

3
1 1 2 0.862774
2 0 0 0.795276
3 0 0 0.884048

3
1 1 2 0.905341
2 0 0 0.871339
3 0 0 1.11211

1
1 0 0 0.871059

3
1 1 2 0.943039
2 0 0 0.86262
3 0 0 0.921096

3
1 1 1 0.883127
2 0 0 1.15545
3 0 0 0.946625

3
1 1 1 0.845659
2 0 0 0.886715
3 0 0 0.841494

3
1 1 1 1.06698
2 0 0 1.12128
3 0 0 0.743913

5
1 1 2 0.875247
2 1 1 0.979222
4 0 0 1.05081
5 0 0 0.875167
3 0 0 0.952514

3
1 0 6788 0.93013
2 0 0 1.08758
3 0 0 0.933435

5
1 0 8175 0.988204
2 0 0 1.02141
3 0 8621 1.0814
6 0 0 0.958613
7 0 0 1.04332

5
1 0 6186 0.903109
2 0 0 0.875404
3 0 7416 0.845891
6 0 0 1.03228
7 0 0 0.946423

3
1 1 1 0.809638
2 0 0 1.07081
3 0 0 0.782064

1
1 0 0 0.833119

5
1 0 8105 0.869513
2 0 0 0.965272
3 1 2 0.88914
6 0 0 0.873442
7 0 0 0.986804

1
1 0 0 0.704752

3
1 1 2 0.815722
2 0 0 0.849417
3 0 0 0.885765

5
1 0 2049 0.927322
2 1 2 0.95377
4 0 0 0.95631
5 0 0 0.964362
3 0 0 0.792861

3
1 0 1257 0.916121
2 0 0 1.07055
3 0 0 0.972587

1
1 0 0 0.882515

1
1 0 0 0.844342

3
1 0 7592 0.937502
2 0 0 0.976533
3 0 0 0.852456

5
1 0 1962 0.86125
2 0 0 1.00314
3 0 6239 0.853703
6 0 0 0.953551
7 0 0 0.828531

1
1 0 0 0.798823

1
1 0 0 0.843795

5
1 0 3296 0.831687
2 0 0 0.868092
3 0 8944 0.965703
6 0 0 0.943918
7 0 0 0.879952

3
1 0 9836 0.887641
2 0 0 0.780111
3 0 0 0.979743

3
1 1 1 0.865607
2 0 0 1.06546
3 0 0 0.868259

5
1 0 302 0.825347
2 1 1 1.01075
4 0 0 1.06143
5 0 0 0.919169
3 0 0 0.797687

1
1 0 0 0.746237

3
1 0 847 0.833209
2 0 0 0.987246
3 0 0 0.876108

5
1 0 4588 0.903186
2 0 0 0.976041
3 0 4946 0.956154
6 0 0 0.9721
7 0 0 0.939658

3
1 1 2 0.942345
2 0 0 0.947975
3 0 0 0.902227

3
1 0 2643 0.86112
2 0 0 0.882183
3 0 0 0.854566

1
1 0 0 0.73738

3
1 0 186 0.700213
2 0 0 1.01654
3 0 0 0.73258

3
1 0 8713 0.881381
2 0 0 0.861309
3 0 0 0.863051

5
1 1 2 1.00402
2 0 20 0.886438
4 0 0 0.923171
5 0 0 0.899216
3 0 0 0.917828

3
1 1 1 0.953872
2 0 0 0.960005
3 0 0 0.825666

1
1 0 0 0.884484

3
1 0 810 0.931825
2 0 0 1.1576
3 0 0 0.898119

3
1 0 8603 0.925865
2 0 0 0.954077
3 0 0 0.961931

5
1 0 9952 0.79004
2 0 874 0.914246
4 0 0 0.993428
5 0 0 0.851336
3 0 0 1.07535

3
1 1 1 0.802661
2 0 0 1.01951
3 0 0 0.79644

3
1 0 212 0.751599
2 0 0 0.999345
3 0 0 0.783307

3
1 0 9859 0.795755
2 0 0 0.815693
3 0 0 0.892661

3
1 0 4136 0.821658
2 0 0 0.79406
3 0 0 0.848779

1
1 0 0 0.802991

1
1 0 0 0.794302

11
1 0 3608 0.953294
2 0 1968 0.890804
4 0 0 1.08605
5 0 0 0.945219
3 1 2 0.944013
6 0 0 0.780984
7 0 9556 1.05223
14 0 4271 1.06231
28 0 0 1.0762
29 0 0 0.878373
15 0 0 1.13326

5
1 0 1608 0.8773
2 0 1299 1.0414
4 0 0 1.01161
5 0 0 0.995552
3 0 0 0.868409

1
1 0 0 0.882445

3
1 1 2 0.859626
2 0 0 0.772922
3 0 0 1.00529

5
1 1 1 0.963659
2 0 5458 1.06355
4 0 0 1.0905
5 0 0 0.971968
3 0 0 0.851484

3
1 0 9540 0.827097
2 0 0 0.871248
3 0 0 1.02285

3
1 0 9649 0.789718
2 0 0 0.788842
3 0 0 1.1258

3
1 1 1 0.77024
2 0 0 0.952978
3 0 0 0.770256

5
1 1 1 0.89903
2 0 5494 0.901692
4 0 0 0.946991
5 0 0 0.95586
3 0 0 0.81944

3
1 0 259 0.78779
2 0 0 0.986766
3 0 0 0.695388

3
1 1 1 0.86081
2 0 0 0.925656
3 0 0 0.817479

1
1 0 0 0.819271

3
1 0 3789 0.898082
2 0 0 0.933612
3 0 0 0.919415

7
1 1 2 0.870031
2 0 0 0.815353
3 0 7098 0.995552
6 0 4136 1.01594
12 0 0 1.05869
13 0 0 1.08659
7 0 0 0.957269

3
1 0 9970 0.872084
2 0 0 0.892295
3 0 0 0.808416

3
1 0 73 0.842194
2 0 0 0.888042
3 0 0 0.865627

3
1 0 884 0.81778
2 0 0 0.880728
3 0 0 0.815393

5
1 0 9244 0.861102
2 0 0 1.03194
3 0 9838 0.907008
6 0 0 0.938657
7 0 0 1.08328

3
1 1 2 0.881075
2 0 0 0.884916
3 0 0 0.983815

3
1 1 1 0.876463
2 0 0 0.854381
3 0 0 0.79273

3
1 1 1 0.937439
2 0 0 0.935039
3 0 0 0.846745

7
1 0 1120 0.821277
2 0 471 1.00276
4 0 0 0.989878
5 0 0 0.972366
3 0 6059 0.988842
6 0 0 0.997193
7 0 0 0.935917

5
1 1 1 0.786552
2 0 8073 0.904407
4 0 0 0.864852
5 0 0 0.948175
3 0 0 0.775293

5
1 0 7425 0.962364
2 0 0 0.917926
3 0 7623 0.847618
6 0 0 0.992562
7 0 0 0.82948

3
1 1 2 0.869666
2 0 0 0.892872
3 0 0 0.98807

3
1 1 2 0.844998
2 0 0 0.829899
3 0 0 0.996732

3
1 0 2207 0.853216
2 0 0 0.914053
3 0 0 0.873023

3
1 1 1 0.859263
2 0 0 0.933538
3 0 0 0.776554

3
1 0 7424 0.798196
2 0 0 0.966326
3 0 0 0.893128

3
1 0 5229 0.869535
2 0 0 0.824642
3 0 0 0.838397

5
1 1 1 0.878214
2 0 0 0.898197
3 0 6454 0.879959
6 0 0 0.867034
7 0 0 0.783086

3
1 1 1 0.983429
2 0 0 1.09811
3 0 0 0.807015

3
1 1 2 0.839775
2 0 0 0.824619
3 0 0 1.04641

1
1 0 0 0.711792

3
1 1 1 0.87915
2 0 0 0.999906
3 0 0 0.869815

3
1 0 9537 0.830777
2 0 0 0.915983
3 0 0 1.06574

3
1 1 2 0.915555
2 0 0 0.988235
3 0 0 0.953212

5
1 1 2 0.861355
2 0 1133 0.875857
4 0 0 0.935998
5 0 0 0.853894
3 0 0 1.08879

3
1 0 3703 0.856675
2 0 0 0.9218
3 0 0 0.815339

5
1 1 1 0.896765
2 0 694 1.0039
4 0 0 0.887877
5 0 0 1.02442
3 0 0 0.892602

3
1 0 9807 0.9937
2 0 0 0.934904
3 0 0 1.05006

3
1 1 1 0.837704
2 0 0 1.01506
3 0 0 0.843679

5
1 1 1 0.87631
2 0 0 0.915278
3 0 888 0.875051
6 0 0 1.00057
7 0 0 0.863955

1
1 0 0 0.84936

3
1 0 4083 0.888685
2 0 0 1.02343
3 0 0 0.955096

1
1 0 0 0.781134

5
1 0 5566 0.965038
2 0 336 1.00508
4 0 0 1.01249
5 0 0 0.967727
3 0 0 0.851428

3
1 1 1 0.853382
2 0 0 0.993457
3 0 0 0.78754

