4
9999
0.0001
0.0002
0.0003
0.0004
0.0005
0.0006
0.0007
0.0008
0.0009
0.001
0.0011
0.0012
0.0013
0.0014
0.0015
0.0016
0.0017
0.0018
0.0019
0.002
0.0021
0.0022
0.0023
0.0024
0.0025
0.0026
0.0027
0.0028
0.0029
0.003
0.0031
0.0032
0.0033
0.0034
0.0035
0.0036
0.0037
0.0038
0.0039
0.004
0.0041
0.0042
0.0043
0.0044
0.0045
0.0046
0.0047
0.0048
0.0049
0.005
0.0051
0.0052
0.0053
0.0054
0.0055
0.0056
0.0057
0.0058
0.0059
0.006
0.0061
0.0062
0.0063
0.0064
0.0065
0.0066
0.0067
0.0068
0.0069
0.007
0.0071
0.0072
0.0073
0.0074
0.0075
0.0076
0.0077
0.0078
0.0079
0.008
0.0081
0.0082
0.0083
0.0084
0.0085
0.0086
0.0087
0.0088
0.0089
0.009
0.0091
0.0092
0.0093
0.0094
0.0095
0.0096
0.0097
0.0098
0.0099
0.01
0.0101
0.0102
0.0103
0.0104
0.0105
0.0106
0.0107
0.0108
0.0109
0.011
0.0111
0.0112
0.0113
0.0114
0.0115
0.0116
0.0117
0.0118
0.0119
0.012
0.0121
0.0122
0.0123
0.0124
0.0125
0.0126
0.0127
0.0128
0.0129
0.013
0.0131
0.0132
0.0133
0.0134
0.0135
0.0136
0.0137
0.0138
0.0139
0.014
0.0141
0.0142
0.0143
0.0144
0.0145
0.0146
0.0147
0.0148
0.0149
0.015
0.0151
0.0152
0.0153
0.0154
0.0155
0.0156
0.0157
0.0158
0.0159
0.016
0.0161
0.0162
0.0163
0.0164
0.0165
0.0166
0.0167
0.0168
0.0169
0.017
0.0171
0.0172
0.0173
0.0174
0.0175
0.0176
0.0177
0.0178
0.0179
0.018
0.0181
0.0182
0.0183
0.0184
0.0185
0.0186
0.0187
0.0188
0.0189
0.019
0.0191
0.0192
0.0193
0.0194
0.0195
0.0196
0.0197
0.0198
0.0199
0.02
0.0201
0.0202
0.0203
0.0204
0.0205
0.0206
0.0207
0.0208
0.0209
0.021
0.0211
0.0212
0.0213
0.0214
0.0215
0.0216
0.0217
0.0218
0.0219
0.022
0.0221
0.0222
0.0223
0.0224
0.0225
0.0226
0.0227
0.0228
0.0229
0.023
0.0231
0.0232
0.0233
0.0234
0.0235
0.0236
0.0237
0.0238
0.0239
0.024
0.0241
0.0242
0.0243
0.0244
0.0245
0.0246
0.0247
0.0248
0.0249
0.025
0.0251
0.0252
0.0253
0.0254
0.0255
0.0256
0.0257
0.0258
0.0259
0.026
0.0261
0.0262
0.0263
0.0264
0.0265
0.0266
0.0267
0.0268
0.0269
0.027
0.0271
0.0272
0.0273
0.0274
0.0275
0.0276
0.0277
0.0278
0.0279
0.028
0.0281
0.0282
0.0283
0.0284
0.0285
0.0286
0.0287
0.0288
0.0289
0.029
0.0291
0.0292
0.0293
0.0294
0.0295
0.0296
0.0297
0.0298
0.0299
0.03
0.0301
0.0302
0.0303
0.0304
0.0305
0.0306
0.0307
0.0308
0.0309
0.031
0.0311
0.0312
0.0313
0.0314
0.0315
0.0316
0.0317
0.0318
0.0319
0.032
0.0321
0.0322
0.0323
0.0324
0.0325
0.0326
0.0327
0.0328
0.0329
0.033
0.0331
0.0332
0.0333
0.0334
0.0335
0.0336
0.0337
0.0338
0.0339
0.034
0.0341
0.0342
0.0343
0.0344
0.0345
0.0346
0.0347
0.0348
0.0349
0.035
0.0351
0.0352
0.0353
0.0354
0.0355
0.0356
0.0357
0.0358
0.0359
0.036
0.0361
0.0362
0.0363
0.0364
0.0365
0.0366
0.0367
0.0368
0.0369
0.037
0.0371
0.0372
0.0373
0.0374
0.0375
0.0376
0.0377
0.0378
0.0379
0.038
0.0381
0.0382
0.0383
0.0384
0.0385
0.0386
0.0387
0.0388
0.0389
0.039
0.0391
0.0392
0.0393
0.0394
0.0395
0.0396
0.0397
0.0398
0.0399
0.04
0.0401
0.0402
0.0403
0.0404
0.0405
0.0406
0.0407
0.0408
0.0409
0.041
0.0411
0.0412
0.0413
0.0414
0.0415
0.0416
0.0417
0.0418
0.0419
0.042
0.0421
0.0422
0.0423
0.0424
0.0425
0.0426
0.0427
0.0428
0.0429
0.043
0.0431
0.0432
0.0433
0.0434
0.0435
0.0436
0.0437
0.0438
0.0439
0.044
0.0441
0.0442
0.0443
0.0444
0.0445
0.0446
0.0447
0.0448
0.0449
0.045
0.0451
0.0452
0.0453
0.0454
0.0455
0.0456
0.0457
0.0458
0.0459
0.046
0.0461
0.0462
0.0463
0.0464
0.0465
0.0466
0.0467
0.0468
0.0469
0.047
0.0471
0.0472
0.0473
0.0474
0.0475
0.0476
0.0477
0.0478
0.0479
0.048
0.0481
0.0482
0.0483
0.0484
0.0485
0.0486
0.0487
0.0488
0.0489
0.049
0.0491
0.0492
0.0493
0.0494
0.0495
0.0496
0.0497
0.0498
0.0499
0.05
0.0501
0.0502
0.0503
0.0504
0.0505
0.0506
0.0507
0.0508
0.0509
0.051
0.0511
0.0512
0.0513
0.0514
0.0515
0.0516
0.0517
0.0518
0.0519
0.052
0.0521
0.0522
0.0523
0.0524
0.0525
0.0526
0.0527
0.0528
0.0529
0.053
0.0531
0.0532
0.0533
0.0534
0.0535
0.0536
0.0537
0.0538
0.0539
0.054
0.0541
0.0542
0.0543
0.0544
0.0545
0.0546
0.0547
0.0548
0.0549
0.055
0.0551
0.0552
0.0553
0.0554
0.0555
0.0556
0.0557
0.0558
0.0559
0.056
0.0561
0.0562
0.0563
0.0564
0.0565
0.0566
0.0567
0.0568
0.0569
0.057
0.0571
0.0572
0.0573
0.0574
0.0575
0.0576
0.0577
0.0578
0.0579
0.058
0.0581
0.0582
0.0583
0.0584
0.0585
0.0586
0.0587
0.0588
0.0589
0.059
0.0591
0.0592
0.0593
0.0594
0.0595
0.0596
0.0597
0.0598
0.0599
0.06
0.0601
0.0602
0.0603
0.0604
0.0605
0.0606
0.0607
0.0608
0.0609
0.061
0.0611
0.0612
0.0613
0.0614
0.0615
0.0616
0.0617
0.0618
0.0619
0.062
0.0621
0.0622
0.0623
0.0624
0.0625
0.0626
0.0627
0.0628
0.0629
0.063
0.0631
0.0632
0.0633
0.0634
0.0635
0.0636
0.0637
0.0638
0.0639
0.064
0.0641
0.0642
0.0643
0.0644
0.0645
0.0646
0.0647
0.0648
0.0649
0.065
0.0651
0.0652
0.0653
0.0654
0.0655
0.0656
0.0657
0.0658
0.0659
0.066
0.0661
0.0662
0.0663
0.0664
0.0665
0.0666
0.0667
0.0668
0.0669
0.067
0.0671
0.0672
0.0673
0.0674
0.0675
0.0676
0.0677
0.0678
0.0679
0.068
0.0681
0.0682
0.0683
0.0684
0.0685
0.0686
0.0687
0.0688
0.0689
0.069
0.0691
0.0692
0.0693
0.0694
0.0695
0.0696
0.0697
0.0698
0.0699
0.07
0.0701
0.0702
0.0703
0.0704
0.0705
0.0706
0.0707
0.0708
0.0709
0.071
0.0711
0.0712
0.0713
0.0714
0.0715
0.0716
0.0717
0.0718
0.0719
0.072
0.0721
0.0722
0.0723
0.0724
0.0725
0.0726
0.0727
0.0728
0.0729
0.073
0.0731
0.0732
0.0733
0.0734
0.0735
0.0736
0.0737
0.0738
0.0739
0.074
0.0741
0.0742
0.0743
0.0744
0.0745
0.0746
0.0747
0.0748
0.0749
0.075
0.0751
0.0752
0.0753
0.0754
0.0755
0.0756
0.0757
0.0758
0.0759
0.076
0.0761
0.0762
0.0763
0.0764
0.0765
0.0766
0.0767
0.0768
0.0769
0.077
0.0771
0.0772
0.0773
0.0774
0.0775
0.0776
0.0777
0.0778
0.0779
0.078
0.0781
0.0782
0.0783
0.0784
0.0785
0.0786
0.0787
0.0788
0.0789
0.079
0.0791
0.0792
0.0793
0.0794
0.0795
0.0796
0.0797
0.0798
0.0799
0.08
0.0801
0.0802
0.0803
0.0804
0.0805
0.0806
0.0807
0.0808
0.0809
0.081
0.0811
0.0812
0.0813
0.0814
0.0815
0.0816
0.0817
0.0818
0.0819
0.082
0.0821
0.0822
0.0823
0.0824
0.0825
0.0826
0.0827
0.0828
0.0829
0.083
0.0831
0.0832
0.0833
0.0834
0.0835
0.0836
0.0837
0.0838
0.0839
0.084
0.0841
0.0842
0.0843
0.0844
0.0845
0.0846
0.0847
0.0848
0.0849
0.085
0.0851
0.0852
0.0853
0.0854
0.0855
0.0856
0.0857
0.0858
0.0859
0.086
0.0861
0.0862
0.0863
0.0864
0.0865
0.0866
0.0867
0.0868
0.0869
0.087
0.0871
0.0872
0.0873
0.0874
0.0875
0.0876
0.0877
0.0878
0.0879
0.088
0.0881
0.0882
0.0883
0.0884
0.0885
0.0886
0.0887
0.0888
0.0889
0.089
0.0891
0.0892
0.0893
0.0894
0.0895
0.0896
0.0897
0.0898
0.0899
0.09
0.0901
0.0902
0.0903
0.0904
0.0905
0.0906
0.0907
0.0908
0.0909
0.091
0.0911
0.0912
0.0913
0.0914
0.0915
0.0916
0.0917
0.0918
0.0919
0.092
0.0921
0.0922
0.0923
0.0924
0.0925
0.0926
0.0927
0.0928
0.0929
0.093
0.0931
0.0932
0.0933
0.0934
0.0935
0.0936
0.0937
0.0938
0.0939
0.094
0.0941
0.0942
0.0943
0.0944
0.0945
0.0946
0.0947
0.0948
0.0949
0.095
0.0951
0.0952
0.0953
0.0954
0.0955
0.0956
0.0957
0.0958
0.0959
0.096
0.0961
0.0962
0.0963
0.0964
0.0965
0.0966
0.0967
0.0968
0.0969
0.097
0.0971
0.0972
0.0973
0.0974
0.0975
0.0976
0.0977
0.0978
0.0979
0.098
0.0981
0.0982
0.0983
0.0984
0.0985
0.0986
0.0987
0.0988
0.0989
0.099
0.0991
0.0992
0.0993
0.0994
0.0995
0.0996
0.0997
0.0998
0.0999
0.1
0.1001
0.1002
0.1003
0.1004
0.1005
0.1006
0.1007
0.1008
0.1009
0.101
0.1011
0.1012
0.1013
0.1014
0.1015
0.1016
0.1017
0.1018
0.1019
0.102
0.1021
0.1022
0.1023
0.1024
0.1025
0.1026
0.1027
0.1028
0.1029
0.103
0.1031
0.1032
0.1033
0.1034
0.1035
0.1036
0.1037
0.1038
0.1039
0.104
0.1041
0.1042
0.1043
0.1044
0.1045
0.1046
0.1047
0.1048
0.1049
0.105
0.1051
0.1052
0.1053
0.1054
0.1055
0.1056
0.1057
0.1058
0.1059
0.106
0.1061
0.1062
0.1063
0.1064
0.1065
0.1066
0.1067
0.1068
0.1069
0.107
0.1071
0.1072
0.1073
0.1074
0.1075
0.1076
0.1077
0.1078
0.1079
0.108
0.1081
0.1082
0.1083
0.1084
0.1085
0.1086
0.1087
0.1088
0.1089
0.109
0.1091
0.1092
0.1093
0.1094
0.1095
0.1096
0.1097
0.1098
0.1099
0.11
0.1101
0.1102
0.1103
0.1104
0.1105
0.1106
0.1107
0.1108
0.1109
0.111
0.1111
0.1112
0.1113
0.1114
0.1115
0.1116
0.1117
0.1118
0.1119
0.112
0.1121
0.1122
0.1123
0.1124
0.1125
0.1126
0.1127
0.1128
0.1129
0.113
0.1131
0.1132
0.1133
0.1134
0.1135
0.1136
0.1137
0.1138
0.1139
0.114
0.1141
0.1142
0.1143
0.1144
0.1145
0.1146
0.1147
0.1148
0.1149
0.115
0.1151
0.1152
0.1153
0.1154
0.1155
0.1156
0.1157
0.1158
0.1159
0.116
0.1161
0.1162
0.1163
0.1164
0.1165
0.1166
0.1167
0.1168
0.1169
0.117
0.1171
0.1172
0.1173
0.1174
0.1175
0.1176
0.1177
0.1178
0.1179
0.118
0.1181
0.1182
0.1183
0.1184
0.1185
0.1186
0.1187
0.1188
0.1189
0.119
0.1191
0.1192
0.1193
0.1194
0.1195
0.1196
0.1197
0.1198
0.1199
0.12
0.1201
0.1202
0.1203
0.1204
0.1205
0.1206
0.1207
0.1208
0.1209
0.121
0.1211
0.1212
0.1213
0.1214
0.1215
0.1216
0.1217
0.1218
0.1219
0.122
0.1221
0.1222
0.1223
0.1224
0.1225
0.1226
0.1227
0.1228
0.1229
0.123
0.1231
0.1232
0.1233
0.1234
0.1235
0.1236
0.1237
0.1238
0.1239
0.124
0.1241
0.1242
0.1243
0.1244
0.1245
0.1246
0.1247
0.1248
0.1249
0.125
0.1251
0.1252
0.1253
0.1254
0.1255
0.1256
0.1257
0.1258
0.1259
0.126
0.1261
0.1262
0.1263
0.1264
0.1265
0.1266
0.1267
0.1268
0.1269
0.127
0.1271
0.1272
0.1273
0.1274
0.1275
0.1276
0.1277
0.1278
0.1279
0.128
0.1281
0.1282
0.1283
0.1284
0.1285
0.1286
0.1287
0.1288
0.1289
0.129
0.1291
0.1292
0.1293
0.1294
0.1295
0.1296
0.1297
0.1298
0.1299
0.13
0.1301
0.1302
0.1303
0.1304
0.1305
0.1306
0.1307
0.1308
0.1309
0.131
0.1311
0.1312
0.1313
0.1314
0.1315
0.1316
0.1317
0.1318
0.1319
0.132
0.1321
0.1322
0.1323
0.1324
0.1325
0.1326
0.1327
0.1328
0.1329
0.133
0.1331
0.1332
0.1333
0.1334
0.1335
0.1336
0.1337
0.1338
0.1339
0.134
0.1341
0.1342
0.1343
0.1344
0.1345
0.1346
0.1347
0.1348
0.1349
0.135
0.1351
0.1352
0.1353
0.1354
0.1355
0.1356
0.1357
0.1358
0.1359
0.136
0.1361
0.1362
0.1363
0.1364
0.1365
0.1366
0.1367
0.1368
0.1369
0.137
0.1371
0.1372
0.1373
0.1374
0.1375
0.1376
0.1377
0.1378
0.1379
0.138
0.1381
0.1382
0.1383
0.1384
0.1385
0.1386
0.1387
0.1388
0.1389
0.139
0.1391
0.1392
0.1393
0.1394
0.1395
0.1396
0.1397
0.1398
0.1399
0.14
0.1401
0.1402
0.1403
0.1404
0.1405
0.1406
0.1407
0.1408
0.1409
0.141
0.1411
0.1412
0.1413
0.1414
0.1415
0.1416
0.1417
0.1418
0.1419
0.142
0.1421
0.1422
0.1423
0.1424
0.1425
0.1426
0.1427
0.1428
0.1429
0.143
0.1431
0.1432
0.1433
0.1434
0.1435
0.1436
0.1437
0.1438
0.1439
0.144
0.1441
0.1442
0.1443
0.1444
0.1445
0.1446
0.1447
0.1448
0.1449
0.145
0.1451
0.1452
0.1453
0.1454
0.1455
0.1456
0.1457
0.1458
0.1459
0.146
0.1461
0.1462
0.1463
0.1464
0.1465
0.1466
0.1467
0.1468
0.1469
0.147
0.1471
0.1472
0.1473
0.1474
0.1475
0.1476
0.1477
0.1478
0.1479
0.148
0.1481
0.1482
0.1483
0.1484
0.1485
0.1486
0.1487
0.1488
0.1489
0.149
0.1491
0.1492
0.1493
0.1494
0.1495
0.1496
0.1497
0.1498
0.1499
0.15
0.1501
0.1502
0.1503
0.1504
0.1505
0.1506
0.1507
0.1508
0.1509
0.151
0.1511
0.1512
0.1513
0.1514
0.1515
0.1516
0.1517
0.1518
0.1519
0.152
0.1521
0.1522
0.1523
0.1524
0.1525
0.1526
0.1527
0.1528
0.1529
0.153
0.1531
0.1532
0.1533
0.1534
0.1535
0.1536
0.1537
0.1538
0.1539
0.154
0.1541
0.1542
0.1543
0.1544
0.1545
0.1546
0.1547
0.1548
0.1549
0.155
0.1551
0.1552
0.1553
0.1554
0.1555
0.1556
0.1557
0.1558
0.1559
0.156
0.1561
0.1562
0.1563
0.1564
0.1565
0.1566
0.1567
0.1568
0.1569
0.157
0.1571
0.1572
0.1573
0.1574
0.1575
0.1576
0.1577
0.1578
0.1579
0.158
0.1581
0.1582
0.1583
0.1584
0.1585
0.1586
0.1587
0.1588
0.1589
0.159
0.1591
0.1592
0.1593
0.1594
0.1595
0.1596
0.1597
0.1598
0.1599
0.16
0.1601
0.1602
0.1603
0.1604
0.1605
0.1606
0.1607
0.1608
0.1609
0.161
0.1611
0.1612
0.1613
0.1614
0.1615
0.1616
0.1617
0.1618
0.1619
0.162
0.1621
0.1622
0.1623
0.1624
0.1625
0.1626
0.1627
0.1628
0.1629
0.163
0.1631
0.1632
0.1633
0.1634
0.1635
0.1636
0.1637
0.1638
0.1639
0.164
0.1641
0.1642
0.1643
0.1644
0.1645
0.1646
0.1647
0.1648
0.1649
0.165
0.1651
0.1652
0.1653
0.1654
0.1655
0.1656
0.1657
0.1658
0.1659
0.166
0.1661
0.1662
0.1663
0.1664
0.1665
0.1666
0.1667
0.1668
0.1669
0.167
0.1671
0.1672
0.1673
0.1674
0.1675
0.1676
0.1677
0.1678
0.1679
0.168
0.1681
0.1682
0.1683
0.1684
0.1685
0.1686
0.1687
0.1688
0.1689
0.169
0.1691
0.1692
0.1693
0.1694
0.1695
0.1696
0.1697
0.1698
0.1699
0.17
0.1701
0.1702
0.1703
0.1704
0.1705
0.1706
0.1707
0.1708
0.1709
0.171
0.1711
0.1712
0.1713
0.1714
0.1715
0.1716
0.1717
0.1718
0.1719
0.172
0.1721
0.1722
0.1723
0.1724
0.1725
0.1726
0.1727
0.1728
0.1729
0.173
0.1731
0.1732
0.1733
0.1734
0.1735
0.1736
0.1737
0.1738
0.1739
0.174
0.1741
0.1742
0.1743
0.1744
0.1745
0.1746
0.1747
0.1748
0.1749
0.175
0.1751
0.1752
0.1753
0.1754
0.1755
0.1756
0.1757
0.1758
0.1759
0.176
0.1761
0.1762
0.1763
0.1764
0.1765
0.1766
0.1767
0.1768
0.1769
0.177
0.1771
0.1772
0.1773
0.1774
0.1775
0.1776
0.1777
0.1778
0.1779
0.178
0.1781
0.1782
0.1783
0.1784
0.1785
0.1786
0.1787
0.1788
0.1789
0.179
0.1791
0.1792
0.1793
0.1794
0.1795
0.1796
0.1797
0.1798
0.1799
0.18
0.1801
0.1802
0.1803
0.1804
0.1805
0.1806
0.1807
0.1808
0.1809
0.181
0.1811
0.1812
0.1813
0.1814
0.1815
0.1816
0.1817
0.1818
0.1819
0.182
0.1821
0.1822
0.1823
0.1824
0.1825
0.1826
0.1827
0.1828
0.1829
0.183
0.1831
0.1832
0.1833
0.1834
0.1835
0.1836
0.1837
0.1838
0.1839
0.184
0.1841
0.1842
0.1843
0.1844
0.1845
0.1846
0.1847
0.1848
0.1849
0.185
0.1851
0.1852
0.1853
0.1854
0.1855
0.1856
0.1857
0.1858
0.1859
0.186
0.1861
0.1862
0.1863
0.1864
0.1865
0.1866
0.1867
0.1868
0.1869
0.187
0.1871
0.1872
0.1873
0.1874
0.1875
0.1876
0.1877
0.1878
0.1879
0.188
0.1881
0.1882
0.1883
0.1884
0.1885
0.1886
0.1887
0.1888
0.1889
0.189
0.1891
0.1892
0.1893
0.1894
0.1895
0.1896
0.1897
0.1898
0.1899
0.19
0.1901
0.1902
0.1903
0.1904
0.1905
0.1906
0.1907
0.1908
0.1909
0.191
0.1911
0.1912
0.1913
0.1914
0.1915
0.1916
0.1917
0.1918
0.1919
0.192
0.1921
0.1922
0.1923
0.1924
0.1925
0.1926
0.1927
0.1928
0.1929
0.193
0.1931
0.1932
0.1933
0.1934
0.1935
0.1936
0.1937
0.1938
0.1939
0.194
0.1941
0.1942
0.1943
0.1944
0.1945
0.1946
0.1947
0.1948
0.1949
0.195
0.1951
0.1952
0.1953
0.1954
0.1955
0.1956
0.1957
0.1958
0.1959
0.196
0.1961
0.1962
0.1963
0.1964
0.1965
0.1966
0.1967
0.1968
0.1969
0.197
0.1971
0.1972
0.1973
0.1974
0.1975
0.1976
0.1977
0.1978
0.1979
0.198
0.1981
0.1982
0.1983
0.1984
0.1985
0.1986
0.1987
0.1988
0.1989
0.199
0.1991
0.1992
0.1993
0.1994
0.1995
0.1996
0.1997
0.1998
0.1999
0.2
0.2001
0.2002
0.2003
0.2004
0.2005
0.2006
0.2007
0.2008
0.2009
0.201
0.2011
0.2012
0.2013
0.2014
0.2015
0.2016
0.2017
0.2018
0.2019
0.202
0.2021
0.2022
0.2023
0.2024
0.2025
0.2026
0.2027
0.2028
0.2029
0.203
0.2031
0.2032
0.2033
0.2034
0.2035
0.2036
0.2037
0.2038
0.2039
0.204
0.2041
0.2042
0.2043
0.2044
0.2045
0.2046
0.2047
0.2048
0.2049
0.205
0.2051
0.2052
0.2053
0.2054
0.2055
0.2056
0.2057
0.2058
0.2059
0.206
0.2061
0.2062
0.2063
0.2064
0.2065
0.2066
0.2067
0.2068
0.2069
0.207
0.2071
0.2072
0.2073
0.2074
0.2075
0.2076
0.2077
0.2078
0.2079
0.208
0.2081
0.2082
0.2083
0.2084
0.2085
0.2086
0.2087
0.2088
0.2089
0.209
0.2091
0.2092
0.2093
0.2094
0.2095
0.2096
0.2097
0.2098
0.2099
0.21
0.2101
0.2102
0.2103
0.2104
0.2105
0.2106
0.2107
0.2108
0.2109
0.211
0.2111
0.2112
0.2113
0.2114
0.2115
0.2116
0.2117
0.2118
0.2119
0.212
0.2121
0.2122
0.2123
0.2124
0.2125
0.2126
0.2127
0.2128
0.2129
0.213
0.2131
0.2132
0.2133
0.2134
0.2135
0.2136
0.2137
0.2138
0.2139
0.214
0.2141
0.2142
0.2143
0.2144
0.2145
0.2146
0.2147
0.2148
0.2149
0.215
0.2151
0.2152
0.2153
0.2154
0.2155
0.2156
0.2157
0.2158
0.2159
0.216
0.2161
0.2162
0.2163
0.2164
0.2165
0.2166
0.2167
0.2168
0.2169
0.217
0.2171
0.2172
0.2173
0.2174
0.2175
0.2176
0.2177
0.2178
0.2179
0.218
0.2181
0.2182
0.2183
0.2184
0.2185
0.2186
0.2187
0.2188
0.2189
0.219
0.2191
0.2192
0.2193
0.2194
0.2195
0.2196
0.2197
0.2198
0.2199
0.22
0.2201
0.2202
0.2203
0.2204
0.2205
0.2206
0.2207
0.2208
0.2209
0.221
0.2211
0.2212
0.2213
0.2214
0.2215
0.2216
0.2217
0.2218
0.2219
0.222
0.2221
0.2222
0.2223
0.2224
0.2225
0.2226
0.2227
0.2228
0.2229
0.223
0.2231
0.2232
0.2233
0.2234
0.2235
0.2236
0.2237
0.2238
0.2239
0.224
0.2241
0.2242
0.2243
0.2244
0.2245
0.2246
0.2247
0.2248
0.2249
0.225
0.2251
0.2252
0.2253
0.2254
0.2255
0.2256
0.2257
0.2258
0.2259
0.226
0.2261
0.2262
0.2263
0.2264
0.2265
0.2266
0.2267
0.2268
0.2269
0.227
0.2271
0.2272
0.2273
0.2274
0.2275
0.2276
0.2277
0.2278
0.2279
0.228
0.2281
0.2282
0.2283
0.2284
0.2285
0.2286
0.2287
0.2288
0.2289
0.229
0.2291
0.2292
0.2293
0.2294
0.2295
0.2296
0.2297
0.2298
0.2299
0.23
0.2301
0.2302
0.2303
0.2304
0.2305
0.2306
0.2307
0.2308
0.2309
0.231
0.2311
0.2312
0.2313
0.2314
0.2315
0.2316
0.2317
0.2318
0.2319
0.232
0.2321
0.2322
0.2323
0.2324
0.2325
0.2326
0.2327
0.2328
0.2329
0.233
0.2331
0.2332
0.2333
0.2334
0.2335
0.2336
0.2337
0.2338
0.2339
0.234
0.2341
0.2342
0.2343
0.2344
0.2345
0.2346
0.2347
0.2348
0.2349
0.235
0.2351
0.2352
0.2353
0.2354
0.2355
0.2356
0.2357
0.2358
0.2359
0.236
0.2361
0.2362
0.2363
0.2364
0.2365
0.2366
0.2367
0.2368
0.2369
0.237
0.2371
0.2372
0.2373
0.2374
0.2375
0.2376
0.2377
0.2378
0.2379
0.238
0.2381
0.2382
0.2383
0.2384
0.2385
0.2386
0.2387
0.2388
0.2389
0.239
0.2391
0.2392
0.2393
0.2394
0.2395
0.2396
0.2397
0.2398
0.2399
0.24
0.2401
0.2402
0.2403
0.2404
0.2405
0.2406
0.2407
0.2408
0.2409
0.241
0.2411
0.2412
0.2413
0.2414
0.2415
0.2416
0.2417
0.2418
0.2419
0.242
0.2421
0.2422
0.2423
0.2424
0.2425
0.2426
0.2427
0.2428
0.2429
0.243
0.2431
0.2432
0.2433
0.2434
0.2435
0.2436
0.2437
0.2438
0.2439
0.244
0.2441
0.2442
0.2443
0.2444
0.2445
0.2446
0.2447
0.2448
0.2449
0.245
0.2451
0.2452
0.2453
0.2454
0.2455
0.2456
0.2457
0.2458
0.2459
0.246
0.2461
0.2462
0.2463
0.2464
0.2465
0.2466
0.2467
0.2468
0.2469
0.247
0.2471
0.2472
0.2473
0.2474
0.2475
0.2476
0.2477
0.2478
0.2479
0.248
0.2481
0.2482
0.2483
0.2484
0.2485
0.2486
0.2487
0.2488
0.2489
0.249
0.2491
0.2492
0.2493
0.2494
0.2495
0.2496
0.2497
0.2498
0.2499
0.25
0.2501
0.2502
0.2503
0.2504
0.2505
0.2506
0.2507
0.2508
0.2509
0.251
0.2511
0.2512
0.2513
0.2514
0.2515
0.2516
0.2517
0.2518
0.2519
0.252
0.2521
0.2522
0.2523
0.2524
0.2525
0.2526
0.2527
0.2528
0.2529
0.253
0.2531
0.2532
0.2533
0.2534
0.2535
0.2536
0.2537
0.2538
0.2539
0.254
0.2541
0.2542
0.2543
0.2544
0.2545
0.2546
0.2547
0.2548
0.2549
0.255
0.2551
0.2552
0.2553
0.2554
0.2555
0.2556
0.2557
0.2558
0.2559
0.256
0.2561
0.2562
0.2563
0.2564
0.2565
0.2566
0.2567
0.2568
0.2569
0.257
0.2571
0.2572
0.2573
0.2574
0.2575
0.2576
0.2577
0.2578
0.2579
0.258
0.2581
0.2582
0.2583
0.2584
0.2585
0.2586
0.2587
0.2588
0.2589
0.259
0.2591
0.2592
0.2593
0.2594
0.2595
0.2596
0.2597
0.2598
0.2599
0.26
0.2601
0.2602
0.2603
0.2604
0.2605
0.2606
0.2607
0.2608
0.2609
0.261
0.2611
0.2612
0.2613
0.2614
0.2615
0.2616
0.2617
0.2618
0.2619
0.262
0.2621
0.2622
0.2623
0.2624
0.2625
0.2626
0.2627
0.2628
0.2629
0.263
0.2631
0.2632
0.2633
0.2634
0.2635
0.2636
0.2637
0.2638
0.2639
0.264
0.2641
0.2642
0.2643
0.2644
0.2645
0.2646
0.2647
0.2648
0.2649
0.265
0.2651
0.2652
0.2653
0.2654
0.2655
0.2656
0.2657
0.2658
0.2659
0.266
0.2661
0.2662
0.2663
0.2664
0.2665
0.2666
0.2667
0.2668
0.2669
0.267
0.2671
0.2672
0.2673
0.2674
0.2675
0.2676
0.2677
0.2678
0.2679
0.268
0.2681
0.2682
0.2683
0.2684
0.2685
0.2686
0.2687
0.2688
0.2689
0.269
0.2691
0.2692
0.2693
0.2694
0.2695
0.2696
0.2697
0.2698
0.2699
0.27
0.2701
0.2702
0.2703
0.2704
0.2705
0.2706
0.2707
0.2708
0.2709
0.271
0.2711
0.2712
0.2713
0.2714
0.2715
0.2716
0.2717
0.2718
0.2719
0.272
0.2721
0.2722
0.2723
0.2724
0.2725
0.2726
0.2727
0.2728
0.2729
0.273
0.2731
0.2732
0.2733
0.2734
0.2735
0.2736
0.2737
0.2738
0.2739
0.274
0.2741
0.2742
0.2743
0.2744
0.2745
0.2746
0.2747
0.2748
0.2749
0.275
0.2751
0.2752
0.2753
0.2754
0.2755
0.2756
0.2757
0.2758
0.2759
0.276
0.2761
0.2762
0.2763
0.2764
0.2765
0.2766
0.2767
0.2768
0.2769
0.277
0.2771
0.2772
0.2773
0.2774
0.2775
0.2776
0.2777
0.2778
0.2779
0.278
0.2781
0.2782
0.2783
0.2784
0.2785
0.2786
0.2787
0.2788
0.2789
0.279
0.2791
0.2792
0.2793
0.2794
0.2795
0.2796
0.2797
0.2798
0.2799
0.28
0.2801
0.2802
0.2803
0.2804
0.2805
0.2806
0.2807
0.2808
0.2809
0.281
0.2811
0.2812
0.2813
0.2814
0.2815
0.2816
0.2817
0.2818
0.2819
0.282
0.2821
0.2822
0.2823
0.2824
0.2825
0.2826
0.2827
0.2828
0.2829
0.283
0.2831
0.2832
0.2833
0.2834
0.2835
0.2836
0.2837
0.2838
0.2839
0.284
0.2841
0.2842
0.2843
0.2844
0.2845
0.2846
0.2847
0.2848
0.2849
0.285
0.2851
0.2852
0.2853
0.2854
0.2855
0.2856
0.2857
0.2858
0.2859
0.286
0.2861
0.2862
0.2863
0.2864
0.2865
0.2866
0.2867
0.2868
0.2869
0.287
0.2871
0.2872
0.2873
0.2874
0.2875
0.2876
0.2877
0.2878
0.2879
0.288
0.2881
0.2882
0.2883
0.2884
0.2885
0.2886
0.2887
0.2888
0.2889
0.289
0.2891
0.2892
0.2893
0.2894
0.2895
0.2896
0.2897
0.2898
0.2899
0.29
0.2901
0.2902
0.2903
0.2904
0.2905
0.2906
0.2907
0.2908
0.2909
0.291
0.2911
0.2912
0.2913
0.2914
0.2915
0.2916
0.2917
0.2918
0.2919
0.292
0.2921
0.2922
0.2923
0.2924
0.2925
0.2926
0.2927
0.2928
0.2929
0.293
0.2931
0.2932
0.2933
0.2934
0.2935
0.2936
0.2937
0.2938
0.2939
0.294
0.2941
0.2942
0.2943
0.2944
0.2945
0.2946
0.2947
0.2948
0.2949
0.295
0.2951
0.2952
0.2953
0.2954
0.2955
0.2956
0.2957
0.2958
0.2959
0.296
0.2961
0.2962
0.2963
0.2964
0.2965
0.2966
0.2967
0.2968
0.2969
0.297
0.2971
0.2972
0.2973
0.2974
0.2975
0.2976
0.2977
0.2978
0.2979
0.298
0.2981
0.2982
0.2983
0.2984
0.2985
0.2986
0.2987
0.2988
0.2989
0.299
0.2991
0.2992
0.2993
0.2994
0.2995
0.2996
0.2997
0.2998
0.2999
0.3
0.3001
0.3002
0.3003
0.3004
0.3005
0.3006
0.3007
0.3008
0.3009
0.301
0.3011
0.3012
0.3013
0.3014
0.3015
0.3016
0.3017
0.3018
0.3019
0.302
0.3021
0.3022
0.3023
0.3024
0.3025
0.3026
0.3027
0.3028
0.3029
0.303
0.3031
0.3032
0.3033
0.3034
0.3035
0.3036
0.3037
0.3038
0.3039
0.304
0.3041
0.3042
0.3043
0.3044
0.3045
0.3046
0.3047
0.3048
0.3049
0.305
0.3051
0.3052
0.3053
0.3054
0.3055
0.3056
0.3057
0.3058
0.3059
0.306
0.3061
0.3062
0.3063
0.3064
0.3065
0.3066
0.3067
0.3068
0.3069
0.307
0.3071
0.3072
0.3073
0.3074
0.3075
0.3076
0.3077
0.3078
0.3079
0.308
0.3081
0.3082
0.3083
0.3084
0.3085
0.3086
0.3087
0.3088
0.3089
0.309
0.3091
0.3092
0.3093
0.3094
0.3095
0.3096
0.3097
0.3098
0.3099
0.31
0.3101
0.3102
0.3103
0.3104
0.3105
0.3106
0.3107
0.3108
0.3109
0.311
0.3111
0.3112
0.3113
0.3114
0.3115
0.3116
0.3117
0.3118
0.3119
0.312
0.3121
0.3122
0.3123
0.3124
0.3125
0.3126
0.3127
0.3128
0.3129
0.313
0.3131
0.3132
0.3133
0.3134
0.3135
0.3136
0.3137
0.3138
0.3139
0.314
0.3141
0.3142
0.3143
0.3144
0.3145
0.3146
0.3147
0.3148
0.3149
0.315
0.3151
0.3152
0.3153
0.3154
0.3155
0.3156
0.3157
0.3158
0.3159
0.316
0.3161
0.3162
0.3163
0.3164
0.3165
0.3166
0.3167
0.3168
0.3169
0.317
0.3171
0.3172
0.3173
0.3174
0.3175
0.3176
0.3177
0.3178
0.3179
0.318
0.3181
0.3182
0.3183
0.3184
0.3185
0.3186
0.3187
0.3188
0.3189
0.319
0.3191
0.3192
0.3193
0.3194
0.3195
0.3196
0.3197
0.3198
0.3199
0.32
0.3201
0.3202
0.3203
0.3204
0.3205
0.3206
0.3207
0.3208
0.3209
0.321
0.3211
0.3212
0.3213
0.3214
0.3215
0.3216
0.3217
0.3218
0.3219
0.322
0.3221
0.3222
0.3223
0.3224
0.3225
0.3226
0.3227
0.3228
0.3229
0.323
0.3231
0.3232
0.3233
0.3234
0.3235
0.3236
0.3237
0.3238
0.3239
0.324
0.3241
0.3242
0.3243
0.3244
0.3245
0.3246
0.3247
0.3248
0.3249
0.325
0.3251
0.3252
0.3253
0.3254
0.3255
0.3256
0.3257
0.3258
0.3259
0.326
0.3261
0.3262
0.3263
0.3264
0.3265
0.3266
0.3267
0.3268
0.3269
0.327
0.3271
0.3272
0.3273
0.3274
0.3275
0.3276
0.3277
0.3278
0.3279
0.328
0.3281
0.3282
0.3283
0.3284
0.3285
0.3286
0.3287
0.3288
0.3289
0.329
0.3291
0.3292
0.3293
0.3294
0.3295
0.3296
0.3297
0.3298
0.3299
0.33
0.3301
0.3302
0.3303
0.3304
0.3305
0.3306
0.3307
0.3308
0.3309
0.331
0.3311
0.3312
0.3313
0.3314
0.3315
0.3316
0.3317
0.3318
0.3319
0.332
0.3321
0.3322
0.3323
0.3324
0.3325
0.3326
0.3327
0.3328
0.3329
0.333
0.3331
0.3332
0.3333
0.3334
0.3335
0.3336
0.3337
0.3338
0.3339
0.334
0.3341
0.3342
0.3343
0.3344
0.3345
0.3346
0.3347
0.3348
0.3349
0.335
0.3351
0.3352
0.3353
0.3354
0.3355
0.3356
0.3357
0.3358
0.3359
0.336
0.3361
0.3362
0.3363
0.3364
0.3365
0.3366
0.3367
0.3368
0.3369
0.337
0.3371
0.3372
0.3373
0.3374
0.3375
0.3376
0.3377
0.3378
0.3379
0.338
0.3381
0.3382
0.3383
0.3384
0.3385
0.3386
0.3387
0.3388
0.3389
0.339
0.3391
0.3392
0.3393
0.3394
0.3395
0.3396
0.3397
0.3398
0.3399
0.34
0.3401
0.3402
0.3403
0.3404
0.3405
0.3406
0.3407
0.3408
0.3409
0.341
0.3411
0.3412
0.3413
0.3414
0.3415
0.3416
0.3417
0.3418
0.3419
0.342
0.3421
0.3422
0.3423
0.3424
0.3425
0.3426
0.3427
0.3428
0.3429
0.343
0.3431
0.3432
0.3433
0.3434
0.3435
0.3436
0.3437
0.3438
0.3439
0.344
0.3441
0.3442
0.3443
0.3444
0.3445
0.3446
0.3447
0.3448
0.3449
0.345
0.3451
0.3452
0.3453
0.3454
0.3455
0.3456
0.3457
0.3458
0.3459
0.346
0.3461
0.3462
0.3463
0.3464
0.3465
0.3466
0.3467
0.3468
0.3469
0.347
0.3471
0.3472
0.3473
0.3474
0.3475
0.3476
0.3477
0.3478
0.3479
0.348
0.3481
0.3482
0.3483
0.3484
0.3485
0.3486
0.3487
0.3488
0.3489
0.349
0.3491
0.3492
0.3493
0.3494
0.3495
0.3496
0.3497
0.3498
0.3499
0.35
0.3501
0.3502
0.3503
0.3504
0.3505
0.3506
0.3507
0.3508
0.3509
0.351
0.3511
0.3512
0.3513
0.3514
0.3515
0.3516
0.3517
0.3518
0.3519
0.352
0.3521
0.3522
0.3523
0.3524
0.3525
0.3526
0.3527
0.3528
0.3529
0.353
0.3531
0.3532
0.3533
0.3534
0.3535
0.3536
0.3537
0.3538
0.3539
0.354
0.3541
0.3542
0.3543
0.3544
0.3545
0.3546
0.3547
0.3548
0.3549
0.355
0.3551
0.3552
0.3553
0.3554
0.3555
0.3556
0.3557
0.3558
0.3559
0.356
0.3561
0.3562
0.3563
0.3564
0.3565
0.3566
0.3567
0.3568
0.3569
0.357
0.3571
0.3572
0.3573
0.3574
0.3575
0.3576
0.3577
0.3578
0.3579
0.358
0.3581
0.3582
0.3583
0.3584
0.3585
0.3586
0.3587
0.3588
0.3589
0.359
0.3591
0.3592
0.3593
0.3594
0.3595
0.3596
0.3597
0.3598
0.3599
0.36
0.3601
0.3602
0.3603
0.3604
0.3605
0.3606
0.3607
0.3608
0.3609
0.361
0.3611
0.3612
0.3613
0.3614
0.3615
0.3616
0.3617
0.3618
0.3619
0.362
0.3621
0.3622
0.3623
0.3624
0.3625
0.3626
0.3627
0.3628
0.3629
0.363
0.3631
0.3632
0.3633
0.3634
0.3635
0.3636
0.3637
0.3638
0.3639
0.364
0.3641
0.3642
0.3643
0.3644
0.3645
0.3646
0.3647
0.3648
0.3649
0.365
0.3651
0.3652
0.3653
0.3654
0.3655
0.3656
0.3657
0.3658
0.3659
0.366
0.3661
0.3662
0.3663
0.3664
0.3665
0.3666
0.3667
0.3668
0.3669
0.367
0.3671
0.3672
0.3673
0.3674
0.3675
0.3676
0.3677
0.3678
0.3679
0.368
0.3681
0.3682
0.3683
0.3684
0.3685
0.3686
0.3687
0.3688
0.3689
0.369
0.3691
0.3692
0.3693
0.3694
0.3695
0.3696
0.3697
0.3698
0.3699
0.37
0.3701
0.3702
0.3703
0.3704
0.3705
0.3706
0.3707
0.3708
0.3709
0.371
0.3711
0.3712
0.3713
0.3714
0.3715
0.3716
0.3717
0.3718
0.3719
0.372
0.3721
0.3722
0.3723
0.3724
0.3725
0.3726
0.3727
0.3728
0.3729
0.373
0.3731
0.3732
0.3733
0.3734
0.3735
0.3736
0.3737
0.3738
0.3739
0.374
0.3741
0.3742
0.3743
0.3744
0.3745
0.3746
0.3747
0.3748
0.3749
0.375
0.3751
0.3752
0.3753
0.3754
0.3755
0.3756
0.3757
0.3758
0.3759
0.376
0.3761
0.3762
0.3763
0.3764
0.3765
0.3766
0.3767
0.3768
0.3769
0.377
0.3771
0.3772
0.3773
0.3774
0.3775
0.3776
0.3777
0.3778
0.3779
0.378
0.3781
0.3782
0.3783
0.3784
0.3785
0.3786
0.3787
0.3788
0.3789
0.379
0.3791
0.3792
0.3793
0.3794
0.3795
0.3796
0.3797
0.3798
0.3799
0.38
0.3801
0.3802
0.3803
0.3804
0.3805
0.3806
0.3807
0.3808
0.3809
0.381
0.3811
0.3812
0.3813
0.3814
0.3815
0.3816
0.3817
0.3818
0.3819
0.382
0.3821
0.3822
0.3823
0.3824
0.3825
0.3826
0.3827
0.3828
0.3829
0.383
0.3831
0.3832
0.3833
0.3834
0.3835
0.3836
0.3837
0.3838
0.3839
0.384
0.3841
0.3842
0.3843
0.3844
0.3845
0.3846
0.3847
0.3848
0.3849
0.385
0.3851
0.3852
0.3853
0.3854
0.3855
0.3856
0.3857
0.3858
0.3859
0.386
0.3861
0.3862
0.3863
0.3864
0.3865
0.3866
0.3867
0.3868
0.3869
0.387
0.3871
0.3872
0.3873
0.3874
0.3875
0.3876
0.3877
0.3878
0.3879
0.388
0.3881
0.3882
0.3883
0.3884
0.3885
0.3886
0.3887
0.3888
0.3889
0.389
0.3891
0.3892
0.3893
0.3894
0.3895
0.3896
0.3897
0.3898
0.3899
0.39
0.3901
0.3902
0.3903
0.3904
0.3905
0.3906
0.3907
0.3908
0.3909
0.391
0.3911
0.3912
0.3913
0.3914
0.3915
0.3916
0.3917
0.3918
0.3919
0.392
0.3921
0.3922
0.3923
0.3924
0.3925
0.3926
0.3927
0.3928
0.3929
0.393
0.3931
0.3932
0.3933
0.3934
0.3935
0.3936
0.3937
0.3938
0.3939
0.394
0.3941
0.3942
0.3943
0.3944
0.3945
0.3946
0.3947
0.3948
0.3949
0.395
0.3951
0.3952
0.3953
0.3954
0.3955
0.3956
0.3957
0.3958
0.3959
0.396
0.3961
0.3962
0.3963
0.3964
0.3965
0.3966
0.3967
0.3968
0.3969
0.397
0.3971
0.3972
0.3973
0.3974
0.3975
0.3976
0.3977
0.3978
0.3979
0.398
0.3981
0.3982
0.3983
0.3984
0.3985
0.3986
0.3987
0.3988
0.3989
0.399
0.3991
0.3992
0.3993
0.3994
0.3995
0.3996
0.3997
0.3998
0.3999
0.4
0.4001
0.4002
0.4003
0.4004
0.4005
0.4006
0.4007
0.4008
0.4009
0.401
0.4011
0.4012
0.4013
0.4014
0.4015
0.4016
0.4017
0.4018
0.4019
0.402
0.4021
0.4022
0.4023
0.4024
0.4025
0.4026
0.4027
0.4028
0.4029
0.403
0.4031
0.4032
0.4033
0.4034
0.4035
0.4036
0.4037
0.4038
0.4039
0.404
0.4041
0.4042
0.4043
0.4044
0.4045
0.4046
0.4047
0.4048
0.4049
0.405
0.4051
0.4052
0.4053
0.4054
0.4055
0.4056
0.4057
0.4058
0.4059
0.406
0.4061
0.4062
0.4063
0.4064
0.4065
0.4066
0.4067
0.4068
0.4069
0.407
0.4071
0.4072
0.4073
0.4074
0.4075
0.4076
0.4077
0.4078
0.4079
0.408
0.4081
0.4082
0.4083
0.4084
0.4085
0.4086
0.4087
0.4088
0.4089
0.409
0.4091
0.4092
0.4093
0.4094
0.4095
0.4096
0.4097
0.4098
0.4099
0.41
0.4101
0.4102
0.4103
0.4104
0.4105
0.4106
0.4107
0.4108
0.4109
0.411
0.4111
0.4112
0.4113
0.4114
0.4115
0.4116
0.4117
0.4118
0.4119
0.412
0.4121
0.4122
0.4123
0.4124
0.4125
0.4126
0.4127
0.4128
0.4129
0.413
0.4131
0.4132
0.4133
0.4134
0.4135
0.4136
0.4137
0.4138
0.4139
0.414
0.4141
0.4142
0.4143
0.4144
0.4145
0.4146
0.4147
0.4148
0.4149
0.415
0.4151
0.4152
0.4153
0.4154
0.4155
0.4156
0.4157
0.4158
0.4159
0.416
0.4161
0.4162
0.4163
0.4164
0.4165
0.4166
0.4167
0.4168
0.4169
0.417
0.4171
0.4172
0.4173
0.4174
0.4175
0.4176
0.4177
0.4178
0.4179
0.418
0.4181
0.4182
0.4183
0.4184
0.4185
0.4186
0.4187
0.4188
0.4189
0.419
0.4191
0.4192
0.4193
0.4194
0.4195
0.4196
0.4197
0.4198
0.4199
0.42
0.4201
0.4202
0.4203
0.4204
0.4205
0.4206
0.4207
0.4208
0.4209
0.421
0.4211
0.4212
0.4213
0.4214
0.4215
0.4216
0.4217
0.4218
0.4219
0.422
0.4221
0.4222
0.4223
0.4224
0.4225
0.4226
0.4227
0.4228
0.4229
0.423
0.4231
0.4232
0.4233
0.4234
0.4235
0.4236
0.4237
0.4238
0.4239
0.424
0.4241
0.4242
0.4243
0.4244
0.4245
0.4246
0.4247
0.4248
0.4249
0.425
0.4251
0.4252
0.4253
0.4254
0.4255
0.4256
0.4257
0.4258
0.4259
0.426
0.4261
0.4262
0.4263
0.4264
0.4265
0.4266
0.4267
0.4268
0.4269
0.427
0.4271
0.4272
0.4273
0.4274
0.4275
0.4276
0.4277
0.4278
0.4279
0.428
0.4281
0.4282
0.4283
0.4284
0.4285
0.4286
0.4287
0.4288
0.4289
0.429
0.4291
0.4292
0.4293
0.4294
0.4295
0.4296
0.4297
0.4298
0.4299
0.43
0.4301
0.4302
0.4303
0.4304
0.4305
0.4306
0.4307
0.4308
0.4309
0.431
0.4311
0.4312
0.4313
0.4314
0.4315
0.4316
0.4317
0.4318
0.4319
0.432
0.4321
0.4322
0.4323
0.4324
0.4325
0.4326
0.4327
0.4328
0.4329
0.433
0.4331
0.4332
0.4333
0.4334
0.4335
0.4336
0.4337
0.4338
0.4339
0.434
0.4341
0.4342
0.4343
0.4344
0.4345
0.4346
0.4347
0.4348
0.4349
0.435
0.4351
0.4352
0.4353
0.4354
0.4355
0.4356
0.4357
0.4358
0.4359
0.436
0.4361
0.4362
0.4363
0.4364
0.4365
0.4366
0.4367
0.4368
0.4369
0.437
0.4371
0.4372
0.4373
0.4374
0.4375
0.4376
0.4377
0.4378
0.4379
0.438
0.4381
0.4382
0.4383
0.4384
0.4385
0.4386
0.4387
0.4388
0.4389
0.439
0.4391
0.4392
0.4393
0.4394
0.4395
0.4396
0.4397
0.4398
0.4399
0.44
0.4401
0.4402
0.4403
0.4404
0.4405
0.4406
0.4407
0.4408
0.4409
0.441
0.4411
0.4412
0.4413
0.4414
0.4415
0.4416
0.4417
0.4418
0.4419
0.442
0.4421
0.4422
0.4423
0.4424
0.4425
0.4426
0.4427
0.4428
0.4429
0.443
0.4431
0.4432
0.4433
0.4434
0.4435
0.4436
0.4437
0.4438
0.4439
0.444
0.4441
0.4442
0.4443
0.4444
0.4445
0.4446
0.4447
0.4448
0.4449
0.445
0.4451
0.4452
0.4453
0.4454
0.4455
0.4456
0.4457
0.4458
0.4459
0.446
0.4461
0.4462
0.4463
0.4464
0.4465
0.4466
0.4467
0.4468
0.4469
0.447
0.4471
0.4472
0.4473
0.4474
0.4475
0.4476
0.4477
0.4478
0.4479
0.448
0.4481
0.4482
0.4483
0.4484
0.4485
0.4486
0.4487
0.4488
0.4489
0.449
0.4491
0.4492
0.4493
0.4494
0.4495
0.4496
0.4497
0.4498
0.4499
0.45
0.4501
0.4502
0.4503
0.4504
0.4505
0.4506
0.4507
0.4508
0.4509
0.451
0.4511
0.4512
0.4513
0.4514
0.4515
0.4516
0.4517
0.4518
0.4519
0.452
0.4521
0.4522
0.4523
0.4524
0.4525
0.4526
0.4527
0.4528
0.4529
0.453
0.4531
0.4532
0.4533
0.4534
0.4535
0.4536
0.4537
0.4538
0.4539
0.454
0.4541
0.4542
0.4543
0.4544
0.4545
0.4546
0.4547
0.4548
0.4549
0.455
0.4551
0.4552
0.4553
0.4554
0.4555
0.4556
0.4557
0.4558
0.4559
0.456
0.4561
0.4562
0.4563
0.4564
0.4565
0.4566
0.4567
0.4568
0.4569
0.457
0.4571
0.4572
0.4573
0.4574
0.4575
0.4576
0.4577
0.4578
0.4579
0.458
0.4581
0.4582
0.4583
0.4584
0.4585
0.4586
0.4587
0.4588
0.4589
0.459
0.4591
0.4592
0.4593
0.4594
0.4595
0.4596
0.4597
0.4598
0.4599
0.46
0.4601
0.4602
0.4603
0.4604
0.4605
0.4606
0.4607
0.4608
0.4609
0.461
0.4611
0.4612
0.4613
0.4614
0.4615
0.4616
0.4617
0.4618
0.4619
0.462
0.4621
0.4622
0.4623
0.4624
0.4625
0.4626
0.4627
0.4628
0.4629
0.463
0.4631
0.4632
0.4633
0.4634
0.4635
0.4636
0.4637
0.4638
0.4639
0.464
0.4641
0.4642
0.4643
0.4644
0.4645
0.4646
0.4647
0.4648
0.4649
0.465
0.4651
0.4652
0.4653
0.4654
0.4655
0.4656
0.4657
0.4658
0.4659
0.466
0.4661
0.4662
0.4663
0.4664
0.4665
0.4666
0.4667
0.4668
0.4669
0.467
0.4671
0.4672
0.4673
0.4674
0.4675
0.4676
0.4677
0.4678
0.4679
0.468
0.4681
0.4682
0.4683
0.4684
0.4685
0.4686
0.4687
0.4688
0.4689
0.469
0.4691
0.4692
0.4693
0.4694
0.4695
0.4696
0.4697
0.4698
0.4699
0.47
0.4701
0.4702
0.4703
0.4704
0.4705
0.4706
0.4707
0.4708
0.4709
0.471
0.4711
0.4712
0.4713
0.4714
0.4715
0.4716
0.4717
0.4718
0.4719
0.472
0.4721
0.4722
0.4723
0.4724
0.4725
0.4726
0.4727
0.4728
0.4729
0.473
0.4731
0.4732
0.4733
0.4734
0.4735
0.4736
0.4737
0.4738
0.4739
0.474
0.4741
0.4742
0.4743
0.4744
0.4745
0.4746
0.4747
0.4748
0.4749
0.475
0.4751
0.4752
0.4753
0.4754
0.4755
0.4756
0.4757
0.4758
0.4759
0.476
0.4761
0.4762
0.4763
0.4764
0.4765
0.4766
0.4767
0.4768
0.4769
0.477
0.4771
0.4772
0.4773
0.4774
0.4775
0.4776
0.4777
0.4778
0.4779
0.478
0.4781
0.4782
0.4783
0.4784
0.4785
0.4786
0.4787
0.4788
0.4789
0.479
0.4791
0.4792
0.4793
0.4794
0.4795
0.4796
0.4797
0.4798
0.4799
0.48
0.4801
0.4802
0.4803
0.4804
0.4805
0.4806
0.4807
0.4808
0.4809
0.481
0.4811
0.4812
0.4813
0.4814
0.4815
0.4816
0.4817
0.4818
0.4819
0.482
0.4821
0.4822
0.4823
0.4824
0.4825
0.4826
0.4827
0.4828
0.4829
0.483
0.4831
0.4832
0.4833
0.4834
0.4835
0.4836
0.4837
0.4838
0.4839
0.484
0.4841
0.4842
0.4843
0.4844
0.4845
0.4846
0.4847
0.4848
0.4849
0.485
0.4851
0.4852
0.4853
0.4854
0.4855
0.4856
0.4857
0.4858
0.4859
0.486
0.4861
0.4862
0.4863
0.4864
0.4865
0.4866
0.4867
0.4868
0.4869
0.487
0.4871
0.4872
0.4873
0.4874
0.4875
0.4876
0.4877
0.4878
0.4879
0.488
0.4881
0.4882
0.4883
0.4884
0.4885
0.4886
0.4887
0.4888
0.4889
0.489
0.4891
0.4892
0.4893
0.4894
0.4895
0.4896
0.4897
0.4898
0.4899
0.49
0.4901
0.4902
0.4903
0.4904
0.4905
0.4906
0.4907
0.4908
0.4909
0.491
0.4911
0.4912
0.4913
0.4914
0.4915
0.4916
0.4917
0.4918
0.4919
0.492
0.4921
0.4922
0.4923
0.4924
0.4925
0.4926
0.4927
0.4928
0.4929
0.493
0.4931
0.4932
0.4933
0.4934
0.4935
0.4936
0.4937
0.4938
0.4939
0.494
0.4941
0.4942
0.4943
0.4944
0.4945
0.4946
0.4947
0.4948
0.4949
0.495
0.4951
0.4952
0.4953
0.4954
0.4955
0.4956
0.4957
0.4958
0.4959
0.496
0.4961
0.4962
0.4963
0.4964
0.4965
0.4966
0.4967
0.4968
0.4969
0.497
0.4971
0.4972
0.4973
0.4974
0.4975
0.4976
0.4977
0.4978
0.4979
0.498
0.4981
0.4982
0.4983
0.4984
0.4985
0.4986
0.4987
0.4988
0.4989
0.499
0.4991
0.4992
0.4993
0.4994
0.4995
0.4996
0.4997
0.4998
0.4999
0.5
0.5001
0.5002
0.5003
0.5004
0.5005
0.5006
0.5007
0.5008
0.5009
0.501
0.5011
0.5012
0.5013
0.5014
0.5015
0.5016
0.5017
0.5018
0.5019
0.502
0.5021
0.5022
0.5023
0.5024
0.5025
0.5026
0.5027
0.5028
0.5029
0.503
0.5031
0.5032
0.5033
0.5034
0.5035
0.5036
0.5037
0.5038
0.5039
0.504
0.5041
0.5042
0.5043
0.5044
0.5045
0.5046
0.5047
0.5048
0.5049
0.505
0.5051
0.5052
0.5053
0.5054
0.5055
0.5056
0.5057
0.5058
0.5059
0.506
0.5061
0.5062
0.5063
0.5064
0.5065
0.5066
0.5067
0.5068
0.5069
0.507
0.5071
0.5072
0.5073
0.5074
0.5075
0.5076
0.5077
0.5078
0.5079
0.508
0.5081
0.5082
0.5083
0.5084
0.5085
0.5086
0.5087
0.5088
0.5089
0.509
0.5091
0.5092
0.5093
0.5094
0.5095
0.5096
0.5097
0.5098
0.5099
0.51
0.5101
0.5102
0.5103
0.5104
0.5105
0.5106
0.5107
0.5108
0.5109
0.511
0.5111
0.5112
0.5113
0.5114
0.5115
0.5116
0.5117
0.5118
0.5119
0.512
0.5121
0.5122
0.5123
0.5124
0.5125
0.5126
0.5127
0.5128
0.5129
0.513
0.5131
0.5132
0.5133
0.5134
0.5135
0.5136
0.5137
0.5138
0.5139
0.514
0.5141
0.5142
0.5143
0.5144
0.5145
0.5146
0.5147
0.5148
0.5149
0.515
0.5151
0.5152
0.5153
0.5154
0.5155
0.5156
0.5157
0.5158
0.5159
0.516
0.5161
0.5162
0.5163
0.5164
0.5165
0.5166
0.5167
0.5168
0.5169
0.517
0.5171
0.5172
0.5173
0.5174
0.5175
0.5176
0.5177
0.5178
0.5179
0.518
0.5181
0.5182
0.5183
0.5184
0.5185
0.5186
0.5187
0.5188
0.5189
0.519
0.5191
0.5192
0.5193
0.5194
0.5195
0.5196
0.5197
0.5198
0.5199
0.52
0.5201
0.5202
0.5203
0.5204
0.5205
0.5206
0.5207
0.5208
0.5209
0.521
0.5211
0.5212
0.5213
0.5214
0.5215
0.5216
0.5217
0.5218
0.5219
0.522
0.5221
0.5222
0.5223
0.5224
0.5225
0.5226
0.5227
0.5228
0.5229
0.523
0.5231
0.5232
0.5233
0.5234
0.5235
0.5236
0.5237
0.5238
0.5239
0.524
0.5241
0.5242
0.5243
0.5244
0.5245
0.5246
0.5247
0.5248
0.5249
0.525
0.5251
0.5252
0.5253
0.5254
0.5255
0.5256
0.5257
0.5258
0.5259
0.526
0.5261
0.5262
0.5263
0.5264
0.5265
0.5266
0.5267
0.5268
0.5269
0.527
0.5271
0.5272
0.5273
0.5274
0.5275
0.5276
0.5277
0.5278
0.5279
0.528
0.5281
0.5282
0.5283
0.5284
0.5285
0.5286
0.5287
0.5288
0.5289
0.529
0.5291
0.5292
0.5293
0.5294
0.5295
0.5296
0.5297
0.5298
0.5299
0.53
0.5301
0.5302
0.5303
0.5304
0.5305
0.5306
0.5307
0.5308
0.5309
0.531
0.5311
0.5312
0.5313
0.5314
0.5315
0.5316
0.5317
0.5318
0.5319
0.532
0.5321
0.5322
0.5323
0.5324
0.5325
0.5326
0.5327
0.5328
0.5329
0.533
0.5331
0.5332
0.5333
0.5334
0.5335
0.5336
0.5337
0.5338
0.5339
0.534
0.5341
0.5342
0.5343
0.5344
0.5345
0.5346
0.5347
0.5348
0.5349
0.535
0.5351
0.5352
0.5353
0.5354
0.5355
0.5356
0.5357
0.5358
0.5359
0.536
0.5361
0.5362
0.5363
0.5364
0.5365
0.5366
0.5367
0.5368
0.5369
0.537
0.5371
0.5372
0.5373
0.5374
0.5375
0.5376
0.5377
0.5378
0.5379
0.538
0.5381
0.5382
0.5383
0.5384
0.5385
0.5386
0.5387
0.5388
0.5389
0.539
0.5391
0.5392
0.5393
0.5394
0.5395
0.5396
0.5397
0.5398
0.5399
0.54
0.5401
0.5402
0.5403
0.5404
0.5405
0.5406
0.5407
0.5408
0.5409
0.541
0.5411
0.5412
0.5413
0.5414
0.5415
0.5416
0.5417
0.5418
0.5419
0.542
0.5421
0.5422
0.5423
0.5424
0.5425
0.5426
0.5427
0.5428
0.5429
0.543
0.5431
0.5432
0.5433
0.5434
0.5435
0.5436
0.5437
0.5438
0.5439
0.544
0.5441
0.5442
0.5443
0.5444
0.5445
0.5446
0.5447
0.5448
0.5449
0.545
0.5451
0.5452
0.5453
0.5454
0.5455
0.5456
0.5457
0.5458
0.5459
0.546
0.5461
0.5462
0.5463
0.5464
0.5465
0.5466
0.5467
0.5468
0.5469
0.547
0.5471
0.5472
0.5473
0.5474
0.5475
0.5476
0.5477
0.5478
0.5479
0.548
0.5481
0.5482
0.5483
0.5484
0.5485
0.5486
0.5487
0.5488
0.5489
0.549
0.5491
0.5492
0.5493
0.5494
0.5495
0.5496
0.5497
0.5498
0.5499
0.55
0.5501
0.5502
0.5503
0.5504
0.5505
0.5506
0.5507
0.5508
0.5509
0.551
0.5511
0.5512
0.5513
0.5514
0.5515
0.5516
0.5517
0.5518
0.5519
0.552
0.5521
0.5522
0.5523
0.5524
0.5525
0.5526
0.5527
0.5528
0.5529
0.553
0.5531
0.5532
0.5533
0.5534
0.5535
0.5536
0.5537
0.5538
0.5539
0.554
0.5541
0.5542
0.5543
0.5544
0.5545
0.5546
0.5547
0.5548
0.5549
0.555
0.5551
0.5552
0.5553
0.5554
0.5555
0.5556
0.5557
0.5558
0.5559
0.556
0.5561
0.5562
0.5563
0.5564
0.5565
0.5566
0.5567
0.5568
0.5569
0.557
0.5571
0.5572
0.5573
0.5574
0.5575
0.5576
0.5577
0.5578
0.5579
0.558
0.5581
0.5582
0.5583
0.5584
0.5585
0.5586
0.5587
0.5588
0.5589
0.559
0.5591
0.5592
0.5593
0.5594
0.5595
0.5596
0.5597
0.5598
0.5599
0.56
0.5601
0.5602
0.5603
0.5604
0.5605
0.5606
0.5607
0.5608
0.5609
0.561
0.5611
0.5612
0.5613
0.5614
0.5615
0.5616
0.5617
0.5618
0.5619
0.562
0.5621
0.5622
0.5623
0.5624
0.5625
0.5626
0.5627
0.5628
0.5629
0.563
0.5631
0.5632
0.5633
0.5634
0.5635
0.5636
0.5637
0.5638
0.5639
0.564
0.5641
0.5642
0.5643
0.5644
0.5645
0.5646
0.5647
0.5648
0.5649
0.565
0.5651
0.5652
0.5653
0.5654
0.5655
0.5656
0.5657
0.5658
0.5659
0.566
0.5661
0.5662
0.5663
0.5664
0.5665
0.5666
0.5667
0.5668
0.5669
0.567
0.5671
0.5672
0.5673
0.5674
0.5675
0.5676
0.5677
0.5678
0.5679
0.568
0.5681
0.5682
0.5683
0.5684
0.5685
0.5686
0.5687
0.5688
0.5689
0.569
0.5691
0.5692
0.5693
0.5694
0.5695
0.5696
0.5697
0.5698
0.5699
0.57
0.5701
0.5702
0.5703
0.5704
0.5705
0.5706
0.5707
0.5708
0.5709
0.571
0.5711
0.5712
0.5713
0.5714
0.5715
0.5716
0.5717
0.5718
0.5719
0.572
0.5721
0.5722
0.5723
0.5724
0.5725
0.5726
0.5727
0.5728
0.5729
0.573
0.5731
0.5732
0.5733
0.5734
0.5735
0.5736
0.5737
0.5738
0.5739
0.574
0.5741
0.5742
0.5743
0.5744
0.5745
0.5746
0.5747
0.5748
0.5749
0.575
0.5751
0.5752
0.5753
0.5754
0.5755
0.5756
0.5757
0.5758
0.5759
0.576
0.5761
0.5762
0.5763
0.5764
0.5765
0.5766
0.5767
0.5768
0.5769
0.577
0.5771
0.5772
0.5773
0.5774
0.5775
0.5776
0.5777
0.5778
0.5779
0.578
0.5781
0.5782
0.5783
0.5784
0.5785
0.5786
0.5787
0.5788
0.5789
0.579
0.5791
0.5792
0.5793
0.5794
0.5795
0.5796
0.5797
0.5798
0.5799
0.58
0.5801
0.5802
0.5803
0.5804
0.5805
0.5806
0.5807
0.5808
0.5809
0.581
0.5811
0.5812
0.5813
0.5814
0.5815
0.5816
0.5817
0.5818
0.5819
0.582
0.5821
0.5822
0.5823
0.5824
0.5825
0.5826
0.5827
0.5828
0.5829
0.583
0.5831
0.5832
0.5833
0.5834
0.5835
0.5836
0.5837
0.5838
0.5839
0.584
0.5841
0.5842
0.5843
0.5844
0.5845
0.5846
0.5847
0.5848
0.5849
0.585
0.5851
0.5852
0.5853
0.5854
0.5855
0.5856
0.5857
0.5858
0.5859
0.586
0.5861
0.5862
0.5863
0.5864
0.5865
0.5866
0.5867
0.5868
0.5869
0.587
0.5871
0.5872
0.5873
0.5874
0.5875
0.5876
0.5877
0.5878
0.5879
0.588
0.5881
0.5882
0.5883
0.5884
0.5885
0.5886
0.5887
0.5888
0.5889
0.589
0.5891
0.5892
0.5893
0.5894
0.5895
0.5896
0.5897
0.5898
0.5899
0.59
0.5901
0.5902
0.5903
0.5904
0.5905
0.5906
0.5907
0.5908
0.5909
0.591
0.5911
0.5912
0.5913
0.5914
0.5915
0.5916
0.5917
0.5918
0.5919
0.592
0.5921
0.5922
0.5923
0.5924
0.5925
0.5926
0.5927
0.5928
0.5929
0.593
0.5931
0.5932
0.5933
0.5934
0.5935
0.5936
0.5937
0.5938
0.5939
0.594
0.5941
0.5942
0.5943
0.5944
0.5945
0.5946
0.5947
0.5948
0.5949
0.595
0.5951
0.5952
0.5953
0.5954
0.5955
0.5956
0.5957
0.5958
0.5959
0.596
0.5961
0.5962
0.5963
0.5964
0.5965
0.5966
0.5967
0.5968
0.5969
0.597
0.5971
0.5972
0.5973
0.5974
0.5975
0.5976
0.5977
0.5978
0.5979
0.598
0.5981
0.5982
0.5983
0.5984
0.5985
0.5986
0.5987
0.5988
0.5989
0.599
0.5991
0.5992
0.5993
0.5994
0.5995
0.5996
0.5997
0.5998
0.5999
0.6
0.6001
0.6002
0.6003
0.6004
0.6005
0.6006
0.6007
0.6008
0.6009
0.601
0.6011
0.6012
0.6013
0.6014
0.6015
0.6016
0.6017
0.6018
0.6019
0.602
0.6021
0.6022
0.6023
0.6024
0.6025
0.6026
0.6027
0.6028
0.6029
0.603
0.6031
0.6032
0.6033
0.6034
0.6035
0.6036
0.6037
0.6038
0.6039
0.604
0.6041
0.6042
0.6043
0.6044
0.6045
0.6046
0.6047
0.6048
0.6049
0.605
0.6051
0.6052
0.6053
0.6054
0.6055
0.6056
0.6057
0.6058
0.6059
0.606
0.6061
0.6062
0.6063
0.6064
0.6065
0.6066
0.6067
0.6068
0.6069
0.607
0.6071
0.6072
0.6073
0.6074
0.6075
0.6076
0.6077
0.6078
0.6079
0.608
0.6081
0.6082
0.6083
0.6084
0.6085
0.6086
0.6087
0.6088
0.6089
0.609
0.6091
0.6092
0.6093
0.6094
0.6095
0.6096
0.6097
0.6098
0.6099
0.61
0.6101
0.6102
0.6103
0.6104
0.6105
0.6106
0.6107
0.6108
0.6109
0.611
0.6111
0.6112
0.6113
0.6114
0.6115
0.6116
0.6117
0.6118
0.6119
0.612
0.6121
0.6122
0.6123
0.6124
0.6125
0.6126
0.6127
0.6128
0.6129
0.613
0.6131
0.6132
0.6133
0.6134
0.6135
0.6136
0.6137
0.6138
0.6139
0.614
0.6141
0.6142
0.6143
0.6144
0.6145
0.6146
0.6147
0.6148
0.6149
0.615
0.6151
0.6152
0.6153
0.6154
0.6155
0.6156
0.6157
0.6158
0.6159
0.616
0.6161
0.6162
0.6163
0.6164
0.6165
0.6166
0.6167
0.6168
0.6169
0.617
0.6171
0.6172
0.6173
0.6174
0.6175
0.6176
0.6177
0.6178
0.6179
0.618
0.6181
0.6182
0.6183
0.6184
0.6185
0.6186
0.6187
0.6188
0.6189
0.619
0.6191
0.6192
0.6193
0.6194
0.6195
0.6196
0.6197
0.6198
0.6199
0.62
0.6201
0.6202
0.6203
0.6204
0.6205
0.6206
0.6207
0.6208
0.6209
0.621
0.6211
0.6212
0.6213
0.6214
0.6215
0.6216
0.6217
0.6218
0.6219
0.622
0.6221
0.6222
0.6223
0.6224
0.6225
0.6226
0.6227
0.6228
0.6229
0.623
0.6231
0.6232
0.6233
0.6234
0.6235
0.6236
0.6237
0.6238
0.6239
0.624
0.6241
0.6242
0.6243
0.6244
0.6245
0.6246
0.6247
0.6248
0.6249
0.625
0.6251
0.6252
0.6253
0.6254
0.6255
0.6256
0.6257
0.6258
0.6259
0.626
0.6261
0.6262
0.6263
0.6264
0.6265
0.6266
0.6267
0.6268
0.6269
0.627
0.6271
0.6272
0.6273
0.6274
0.6275
0.6276
0.6277
0.6278
0.6279
0.628
0.6281
0.6282
0.6283
0.6284
0.6285
0.6286
0.6287
0.6288
0.6289
0.629
0.6291
0.6292
0.6293
0.6294
0.6295
0.6296
0.6297
0.6298
0.6299
0.63
0.6301
0.6302
0.6303
0.6304
0.6305
0.6306
0.6307
0.6308
0.6309
0.631
0.6311
0.6312
0.6313
0.6314
0.6315
0.6316
0.6317
0.6318
0.6319
0.632
0.6321
0.6322
0.6323
0.6324
0.6325
0.6326
0.6327
0.6328
0.6329
0.633
0.6331
0.6332
0.6333
0.6334
0.6335
0.6336
0.6337
0.6338
0.6339
0.634
0.6341
0.6342
0.6343
0.6344
0.6345
0.6346
0.6347
0.6348
0.6349
0.635
0.6351
0.6352
0.6353
0.6354
0.6355
0.6356
0.6357
0.6358
0.6359
0.636
0.6361
0.6362
0.6363
0.6364
0.6365
0.6366
0.6367
0.6368
0.6369
0.637
0.6371
0.6372
0.6373
0.6374
0.6375
0.6376
0.6377
0.6378
0.6379
0.638
0.6381
0.6382
0.6383
0.6384
0.6385
0.6386
0.6387
0.6388
0.6389
0.639
0.6391
0.6392
0.6393
0.6394
0.6395
0.6396
0.6397
0.6398
0.6399
0.64
0.6401
0.6402
0.6403
0.6404
0.6405
0.6406
0.6407
0.6408
0.6409
0.641
0.6411
0.6412
0.6413
0.6414
0.6415
0.6416
0.6417
0.6418
0.6419
0.642
0.6421
0.6422
0.6423
0.6424
0.6425
0.6426
0.6427
0.6428
0.6429
0.643
0.6431
0.6432
0.6433
0.6434
0.6435
0.6436
0.6437
0.6438
0.6439
0.644
0.6441
0.6442
0.6443
0.6444
0.6445
0.6446
0.6447
0.6448
0.6449
0.645
0.6451
0.6452
0.6453
0.6454
0.6455
0.6456
0.6457
0.6458
0.6459
0.646
0.6461
0.6462
0.6463
0.6464
0.6465
0.6466
0.6467
0.6468
0.6469
0.647
0.6471
0.6472
0.6473
0.6474
0.6475
0.6476
0.6477
0.6478
0.6479
0.648
0.6481
0.6482
0.6483
0.6484
0.6485
0.6486
0.6487
0.6488
0.6489
0.649
0.6491
0.6492
0.6493
0.6494
0.6495
0.6496
0.6497
0.6498
0.6499
0.65
0.6501
0.6502
0.6503
0.6504
0.6505
0.6506
0.6507
0.6508
0.6509
0.651
0.6511
0.6512
0.6513
0.6514
0.6515
0.6516
0.6517
0.6518
0.6519
0.652
0.6521
0.6522
0.6523
0.6524
0.6525
0.6526
0.6527
0.6528
0.6529
0.653
0.6531
0.6532
0.6533
0.6534
0.6535
0.6536
0.6537
0.6538
0.6539
0.654
0.6541
0.6542
0.6543
0.6544
0.6545
0.6546
0.6547
0.6548
0.6549
0.655
0.6551
0.6552
0.6553
0.6554
0.6555
0.6556
0.6557
0.6558
0.6559
0.656
0.6561
0.6562
0.6563
0.6564
0.6565
0.6566
0.6567
0.6568
0.6569
0.657
0.6571
0.6572
0.6573
0.6574
0.6575
0.6576
0.6577
0.6578
0.6579
0.658
0.6581
0.6582
0.6583
0.6584
0.6585
0.6586
0.6587
0.6588
0.6589
0.659
0.6591
0.6592
0.6593
0.6594
0.6595
0.6596
0.6597
0.6598
0.6599
0.66
0.6601
0.6602
0.6603
0.6604
0.6605
0.6606
0.6607
0.6608
0.6609
0.661
0.6611
0.6612
0.6613
0.6614
0.6615
0.6616
0.6617
0.6618
0.6619
0.662
0.6621
0.6622
0.6623
0.6624
0.6625
0.6626
0.6627
0.6628
0.6629
0.663
0.6631
0.6632
0.6633
0.6634
0.6635
0.6636
0.6637
0.6638
0.6639
0.664
0.6641
0.6642
0.6643
0.6644
0.6645
0.6646
0.6647
0.6648
0.6649
0.665
0.6651
0.6652
0.6653
0.6654
0.6655
0.6656
0.6657
0.6658
0.6659
0.666
0.6661
0.6662
0.6663
0.6664
0.6665
0.6666
0.6667
0.6668
0.6669
0.667
0.6671
0.6672
0.6673
0.6674
0.6675
0.6676
0.6677
0.6678
0.6679
0.668
0.6681
0.6682
0.6683
0.6684
0.6685
0.6686
0.6687
0.6688
0.6689
0.669
0.6691
0.6692
0.6693
0.6694
0.6695
0.6696
0.6697
0.6698
0.6699
0.67
0.6701
0.6702
0.6703
0.6704
0.6705
0.6706
0.6707
0.6708
0.6709
0.671
0.6711
0.6712
0.6713
0.6714
0.6715
0.6716
0.6717
0.6718
0.6719
0.672
0.6721
0.6722
0.6723
0.6724
0.6725
0.6726
0.6727
0.6728
0.6729
0.673
0.6731
0.6732
0.6733
0.6734
0.6735
0.6736
0.6737
0.6738
0.6739
0.674
0.6741
0.6742
0.6743
0.6744
0.6745
0.6746
0.6747
0.6748
0.6749
0.675
0.6751
0.6752
0.6753
0.6754
0.6755
0.6756
0.6757
0.6758
0.6759
0.676
0.6761
0.6762
0.6763
0.6764
0.6765
0.6766
0.6767
0.6768
0.6769
0.677
0.6771
0.6772
0.6773
0.6774
0.6775
0.6776
0.6777
0.6778
0.6779
0.678
0.6781
0.6782
0.6783
0.6784
0.6785
0.6786
0.6787
0.6788
0.6789
0.679
0.6791
0.6792
0.6793
0.6794
0.6795
0.6796
0.6797
0.6798
0.6799
0.68
0.6801
0.6802
0.6803
0.6804
0.6805
0.6806
0.6807
0.6808
0.6809
0.681
0.6811
0.6812
0.6813
0.6814
0.6815
0.6816
0.6817
0.6818
0.6819
0.682
0.6821
0.6822
0.6823
0.6824
0.6825
0.6826
0.6827
0.6828
0.6829
0.683
0.6831
0.6832
0.6833
0.6834
0.6835
0.6836
0.6837
0.6838
0.6839
0.684
0.6841
0.6842
0.6843
0.6844
0.6845
0.6846
0.6847
0.6848
0.6849
0.685
0.6851
0.6852
0.6853
0.6854
0.6855
0.6856
0.6857
0.6858
0.6859
0.686
0.6861
0.6862
0.6863
0.6864
0.6865
0.6866
0.6867
0.6868
0.6869
0.687
0.6871
0.6872
0.6873
0.6874
0.6875
0.6876
0.6877
0.6878
0.6879
0.688
0.6881
0.6882
0.6883
0.6884
0.6885
0.6886
0.6887
0.6888
0.6889
0.689
0.6891
0.6892
0.6893
0.6894
0.6895
0.6896
0.6897
0.6898
0.6899
0.69
0.6901
0.6902
0.6903
0.6904
0.6905
0.6906
0.6907
0.6908
0.6909
0.691
0.6911
0.6912
0.6913
0.6914
0.6915
0.6916
0.6917
0.6918
0.6919
0.692
0.6921
0.6922
0.6923
0.6924
0.6925
0.6926
0.6927
0.6928
0.6929
0.693
0.6931
0.6932
0.6933
0.6934
0.6935
0.6936
0.6937
0.6938
0.6939
0.694
0.6941
0.6942
0.6943
0.6944
0.6945
0.6946
0.6947
0.6948
0.6949
0.695
0.6951
0.6952
0.6953
0.6954
0.6955
0.6956
0.6957
0.6958
0.6959
0.696
0.6961
0.6962
0.6963
0.6964
0.6965
0.6966
0.6967
0.6968
0.6969
0.697
0.6971
0.6972
0.6973
0.6974
0.6975
0.6976
0.6977
0.6978
0.6979
0.698
0.6981
0.6982
0.6983
0.6984
0.6985
0.6986
0.6987
0.6988
0.6989
0.699
0.6991
0.6992
0.6993
0.6994
0.6995
0.6996
0.6997
0.6998
0.6999
0.7
0.7001
0.7002
0.7003
0.7004
0.7005
0.7006
0.7007
0.7008
0.7009
0.701
0.7011
0.7012
0.7013
0.7014
0.7015
0.7016
0.7017
0.7018
0.7019
0.702
0.7021
0.7022
0.7023
0.7024
0.7025
0.7026
0.7027
0.7028
0.7029
0.703
0.7031
0.7032
0.7033
0.7034
0.7035
0.7036
0.7037
0.7038
0.7039
0.704
0.7041
0.7042
0.7043
0.7044
0.7045
0.7046
0.7047
0.7048
0.7049
0.705
0.7051
0.7052
0.7053
0.7054
0.7055
0.7056
0.7057
0.7058
0.7059
0.706
0.7061
0.7062
0.7063
0.7064
0.7065
0.7066
0.7067
0.7068
0.7069
0.707
0.7071
0.7072
0.7073
0.7074
0.7075
0.7076
0.7077
0.7078
0.7079
0.708
0.7081
0.7082
0.7083
0.7084
0.7085
0.7086
0.7087
0.7088
0.7089
0.709
0.7091
0.7092
0.7093
0.7094
0.7095
0.7096
0.7097
0.7098
0.7099
0.71
0.7101
0.7102
0.7103
0.7104
0.7105
0.7106
0.7107
0.7108
0.7109
0.711
0.7111
0.7112
0.7113
0.7114
0.7115
0.7116
0.7117
0.7118
0.7119
0.712
0.7121
0.7122
0.7123
0.7124
0.7125
0.7126
0.7127
0.7128
0.7129
0.713
0.7131
0.7132
0.7133
0.7134
0.7135
0.7136
0.7137
0.7138
0.7139
0.714
0.7141
0.7142
0.7143
0.7144
0.7145
0.7146
0.7147
0.7148
0.7149
0.715
0.7151
0.7152
0.7153
0.7154
0.7155
0.7156
0.7157
0.7158
0.7159
0.716
0.7161
0.7162
0.7163
0.7164
0.7165
0.7166
0.7167
0.7168
0.7169
0.717
0.7171
0.7172
0.7173
0.7174
0.7175
0.7176
0.7177
0.7178
0.7179
0.718
0.7181
0.7182
0.7183
0.7184
0.7185
0.7186
0.7187
0.7188
0.7189
0.719
0.7191
0.7192
0.7193
0.7194
0.7195
0.7196
0.7197
0.7198
0.7199
0.72
0.7201
0.7202
0.7203
0.7204
0.7205
0.7206
0.7207
0.7208
0.7209
0.721
0.7211
0.7212
0.7213
0.7214
0.7215
0.7216
0.7217
0.7218
0.7219
0.722
0.7221
0.7222
0.7223
0.7224
0.7225
0.7226
0.7227
0.7228
0.7229
0.723
0.7231
0.7232
0.7233
0.7234
0.7235
0.7236
0.7237
0.7238
0.7239
0.724
0.7241
0.7242
0.7243
0.7244
0.7245
0.7246
0.7247
0.7248
0.7249
0.725
0.7251
0.7252
0.7253
0.7254
0.7255
0.7256
0.7257
0.7258
0.7259
0.726
0.7261
0.7262
0.7263
0.7264
0.7265
0.7266
0.7267
0.7268
0.7269
0.727
0.7271
0.7272
0.7273
0.7274
0.7275
0.7276
0.7277
0.7278
0.7279
0.728
0.7281
0.7282
0.7283
0.7284
0.7285
0.7286
0.7287
0.7288
0.7289
0.729
0.7291
0.7292
0.7293
0.7294
0.7295
0.7296
0.7297
0.7298
0.7299
0.73
0.7301
0.7302
0.7303
0.7304
0.7305
0.7306
0.7307
0.7308
0.7309
0.731
0.7311
0.7312
0.7313
0.7314
0.7315
0.7316
0.7317
0.7318
0.7319
0.732
0.7321
0.7322
0.7323
0.7324
0.7325
0.7326
0.7327
0.7328
0.7329
0.733
0.7331
0.7332
0.7333
0.7334
0.7335
0.7336
0.7337
0.7338
0.7339
0.734
0.7341
0.7342
0.7343
0.7344
0.7345
0.7346
0.7347
0.7348
0.7349
0.735
0.7351
0.7352
0.7353
0.7354
0.7355
0.7356
0.7357
0.7358
0.7359
0.736
0.7361
0.7362
0.7363
0.7364
0.7365
0.7366
0.7367
0.7368
0.7369
0.737
0.7371
0.7372
0.7373
0.7374
0.7375
0.7376
0.7377
0.7378
0.7379
0.738
0.7381
0.7382
0.7383
0.7384
0.7385
0.7386
0.7387
0.7388
0.7389
0.739
0.7391
0.7392
0.7393
0.7394
0.7395
0.7396
0.7397
0.7398
0.7399
0.74
0.7401
0.7402
0.7403
0.7404
0.7405
0.7406
0.7407
0.7408
0.7409
0.741
0.7411
0.7412
0.7413
0.7414
0.7415
0.7416
0.7417
0.7418
0.7419
0.742
0.7421
0.7422
0.7423
0.7424
0.7425
0.7426
0.7427
0.7428
0.7429
0.743
0.7431
0.7432
0.7433
0.7434
0.7435
0.7436
0.7437
0.7438
0.7439
0.744
0.7441
0.7442
0.7443
0.7444
0.7445
0.7446
0.7447
0.7448
0.7449
0.745
0.7451
0.7452
0.7453
0.7454
0.7455
0.7456
0.7457
0.7458
0.7459
0.746
0.7461
0.7462
0.7463
0.7464
0.7465
0.7466
0.7467
0.7468
0.7469
0.747
0.7471
0.7472
0.7473
0.7474
0.7475
0.7476
0.7477
0.7478
0.7479
0.748
0.7481
0.7482
0.7483
0.7484
0.7485
0.7486
0.7487
0.7488
0.7489
0.749
0.7491
0.7492
0.7493
0.7494
0.7495
0.7496
0.7497
0.7498
0.7499
0.75
0.7501
0.7502
0.7503
0.7504
0.7505
0.7506
0.7507
0.7508
0.7509
0.751
0.7511
0.7512
0.7513
0.7514
0.7515
0.7516
0.7517
0.7518
0.7519
0.752
0.7521
0.7522
0.7523
0.7524
0.7525
0.7526
0.7527
0.7528
0.7529
0.753
0.7531
0.7532
0.7533
0.7534
0.7535
0.7536
0.7537
0.7538
0.7539
0.754
0.7541
0.7542
0.7543
0.7544
0.7545
0.7546
0.7547
0.7548
0.7549
0.755
0.7551
0.7552
0.7553
0.7554
0.7555
0.7556
0.7557
0.7558
0.7559
0.756
0.7561
0.7562
0.7563
0.7564
0.7565
0.7566
0.7567
0.7568
0.7569
0.757
0.7571
0.7572
0.7573
0.7574
0.7575
0.7576
0.7577
0.7578
0.7579
0.758
0.7581
0.7582
0.7583
0.7584
0.7585
0.7586
0.7587
0.7588
0.7589
0.759
0.7591
0.7592
0.7593
0.7594
0.7595
0.7596
0.7597
0.7598
0.7599
0.76
0.7601
0.7602
0.7603
0.7604
0.7605
0.7606
0.7607
0.7608
0.7609
0.761
0.7611
0.7612
0.7613
0.7614
0.7615
0.7616
0.7617
0.7618
0.7619
0.762
0.7621
0.7622
0.7623
0.7624
0.7625
0.7626
0.7627
0.7628
0.7629
0.763
0.7631
0.7632
0.7633
0.7634
0.7635
0.7636
0.7637
0.7638
0.7639
0.764
0.7641
0.7642
0.7643
0.7644
0.7645
0.7646
0.7647
0.7648
0.7649
0.765
0.7651
0.7652
0.7653
0.7654
0.7655
0.7656
0.7657
0.7658
0.7659
0.766
0.7661
0.7662
0.7663
0.7664
0.7665
0.7666
0.7667
0.7668
0.7669
0.767
0.7671
0.7672
0.7673
0.7674
0.7675
0.7676
0.7677
0.7678
0.7679
0.768
0.7681
0.7682
0.7683
0.7684
0.7685
0.7686
0.7687
0.7688
0.7689
0.769
0.7691
0.7692
0.7693
0.7694
0.7695
0.7696
0.7697
0.7698
0.7699
0.77
0.7701
0.7702
0.7703
0.7704
0.7705
0.7706
0.7707
0.7708
0.7709
0.771
0.7711
0.7712
0.7713
0.7714
0.7715
0.7716
0.7717
0.7718
0.7719
0.772
0.7721
0.7722
0.7723
0.7724
0.7725
0.7726
0.7727
0.7728
0.7729
0.773
0.7731
0.7732
0.7733
0.7734
0.7735
0.7736
0.7737
0.7738
0.7739
0.774
0.7741
0.7742
0.7743
0.7744
0.7745
0.7746
0.7747
0.7748
0.7749
0.775
0.7751
0.7752
0.7753
0.7754
0.7755
0.7756
0.7757
0.7758
0.7759
0.776
0.7761
0.7762
0.7763
0.7764
0.7765
0.7766
0.7767
0.7768
0.7769
0.777
0.7771
0.7772
0.7773
0.7774
0.7775
0.7776
0.7777
0.7778
0.7779
0.778
0.7781
0.7782
0.7783
0.7784
0.7785
0.7786
0.7787
0.7788
0.7789
0.779
0.7791
0.7792
0.7793
0.7794
0.7795
0.7796
0.7797
0.7798
0.7799
0.78
0.7801
0.7802
0.7803
0.7804
0.7805
0.7806
0.7807
0.7808
0.7809
0.781
0.7811
0.7812
0.7813
0.7814
0.7815
0.7816
0.7817
0.7818
0.7819
0.782
0.7821
0.7822
0.7823
0.7824
0.7825
0.7826
0.7827
0.7828
0.7829
0.783
0.7831
0.7832
0.7833
0.7834
0.7835
0.7836
0.7837
0.7838
0.7839
0.784
0.7841
0.7842
0.7843
0.7844
0.7845
0.7846
0.7847
0.7848
0.7849
0.785
0.7851
0.7852
0.7853
0.7854
0.7855
0.7856
0.7857
0.7858
0.7859
0.786
0.7861
0.7862
0.7863
0.7864
0.7865
0.7866
0.7867
0.7868
0.7869
0.787
0.7871
0.7872
0.7873
0.7874
0.7875
0.7876
0.7877
0.7878
0.7879
0.788
0.7881
0.7882
0.7883
0.7884
0.7885
0.7886
0.7887
0.7888
0.7889
0.789
0.7891
0.7892
0.7893
0.7894
0.7895
0.7896
0.7897
0.7898
0.7899
0.79
0.7901
0.7902
0.7903
0.7904
0.7905
0.7906
0.7907
0.7908
0.7909
0.791
0.7911
0.7912
0.7913
0.7914
0.7915
0.7916
0.7917
0.7918
0.7919
0.792
0.7921
0.7922
0.7923
0.7924
0.7925
0.7926
0.7927
0.7928
0.7929
0.793
0.7931
0.7932
0.7933
0.7934
0.7935
0.7936
0.7937
0.7938
0.7939
0.794
0.7941
0.7942
0.7943
0.7944
0.7945
0.7946
0.7947
0.7948
0.7949
0.795
0.7951
0.7952
0.7953
0.7954
0.7955
0.7956
0.7957
0.7958
0.7959
0.796
0.7961
0.7962
0.7963
0.7964
0.7965
0.7966
0.7967
0.7968
0.7969
0.797
0.7971
0.7972
0.7973
0.7974
0.7975
0.7976
0.7977
0.7978
0.7979
0.798
0.7981
0.7982
0.7983
0.7984
0.7985
0.7986
0.7987
0.7988
0.7989
0.799
0.7991
0.7992
0.7993
0.7994
0.7995
0.7996
0.7997
0.7998
0.7999
0.8
0.8001
0.8002
0.8003
0.8004
0.8005
0.8006
0.8007
0.8008
0.8009
0.801
0.8011
0.8012
0.8013
0.8014
0.8015
0.8016
0.8017
0.8018
0.8019
0.802
0.8021
0.8022
0.8023
0.8024
0.8025
0.8026
0.8027
0.8028
0.8029
0.803
0.8031
0.8032
0.8033
0.8034
0.8035
0.8036
0.8037
0.8038
0.8039
0.804
0.8041
0.8042
0.8043
0.8044
0.8045
0.8046
0.8047
0.8048
0.8049
0.805
0.8051
0.8052
0.8053
0.8054
0.8055
0.8056
0.8057
0.8058
0.8059
0.806
0.8061
0.8062
0.8063
0.8064
0.8065
0.8066
0.8067
0.8068
0.8069
0.807
0.8071
0.8072
0.8073
0.8074
0.8075
0.8076
0.8077
0.8078
0.8079
0.808
0.8081
0.8082
0.8083
0.8084
0.8085
0.8086
0.8087
0.8088
0.8089
0.809
0.8091
0.8092
0.8093
0.8094
0.8095
0.8096
0.8097
0.8098
0.8099
0.81
0.8101
0.8102
0.8103
0.8104
0.8105
0.8106
0.8107
0.8108
0.8109
0.811
0.8111
0.8112
0.8113
0.8114
0.8115
0.8116
0.8117
0.8118
0.8119
0.812
0.8121
0.8122
0.8123
0.8124
0.8125
0.8126
0.8127
0.8128
0.8129
0.813
0.8131
0.8132
0.8133
0.8134
0.8135
0.8136
0.8137
0.8138
0.8139
0.814
0.8141
0.8142
0.8143
0.8144
0.8145
0.8146
0.8147
0.8148
0.8149
0.815
0.8151
0.8152
0.8153
0.8154
0.8155
0.8156
0.8157
0.8158
0.8159
0.816
0.8161
0.8162
0.8163
0.8164
0.8165
0.8166
0.8167
0.8168
0.8169
0.817
0.8171
0.8172
0.8173
0.8174
0.8175
0.8176
0.8177
0.8178
0.8179
0.818
0.8181
0.8182
0.8183
0.8184
0.8185
0.8186
0.8187
0.8188
0.8189
0.819
0.8191
0.8192
0.8193
0.8194
0.8195
0.8196
0.8197
0.8198
0.8199
0.82
0.8201
0.8202
0.8203
0.8204
0.8205
0.8206
0.8207
0.8208
0.8209
0.821
0.8211
0.8212
0.8213
0.8214
0.8215
0.8216
0.8217
0.8218
0.8219
0.822
0.8221
0.8222
0.8223
0.8224
0.8225
0.8226
0.8227
0.8228
0.8229
0.823
0.8231
0.8232
0.8233
0.8234
0.8235
0.8236
0.8237
0.8238
0.8239
0.824
0.8241
0.8242
0.8243
0.8244
0.8245
0.8246
0.8247
0.8248
0.8249
0.825
0.8251
0.8252
0.8253
0.8254
0.8255
0.8256
0.8257
0.8258
0.8259
0.826
0.8261
0.8262
0.8263
0.8264
0.8265
0.8266
0.8267
0.8268
0.8269
0.827
0.8271
0.8272
0.8273
0.8274
0.8275
0.8276
0.8277
0.8278
0.8279
0.828
0.8281
0.8282
0.8283
0.8284
0.8285
0.8286
0.8287
0.8288
0.8289
0.829
0.8291
0.8292
0.8293
0.8294
0.8295
0.8296
0.8297
0.8298
0.8299
0.83
0.8301
0.8302
0.8303
0.8304
0.8305
0.8306
0.8307
0.8308
0.8309
0.831
0.8311
0.8312
0.8313
0.8314
0.8315
0.8316
0.8317
0.8318
0.8319
0.832
0.8321
0.8322
0.8323
0.8324
0.8325
0.8326
0.8327
0.8328
0.8329
0.833
0.8331
0.8332
0.8333
0.8334
0.8335
0.8336
0.8337
0.8338
0.8339
0.834
0.8341
0.8342
0.8343
0.8344
0.8345
0.8346
0.8347
0.8348
0.8349
0.835
0.8351
0.8352
0.8353
0.8354
0.8355
0.8356
0.8357
0.8358
0.8359
0.836
0.8361
0.8362
0.8363
0.8364
0.8365
0.8366
0.8367
0.8368
0.8369
0.837
0.8371
0.8372
0.8373
0.8374
0.8375
0.8376
0.8377
0.8378
0.8379
0.838
0.8381
0.8382
0.8383
0.8384
0.8385
0.8386
0.8387
0.8388
0.8389
0.839
0.8391
0.8392
0.8393
0.8394
0.8395
0.8396
0.8397
0.8398
0.8399
0.84
0.8401
0.8402
0.8403
0.8404
0.8405
0.8406
0.8407
0.8408
0.8409
0.841
0.8411
0.8412
0.8413
0.8414
0.8415
0.8416
0.8417
0.8418
0.8419
0.842
0.8421
0.8422
0.8423
0.8424
0.8425
0.8426
0.8427
0.8428
0.8429
0.843
0.8431
0.8432
0.8433
0.8434
0.8435
0.8436
0.8437
0.8438
0.8439
0.844
0.8441
0.8442
0.8443
0.8444
0.8445
0.8446
0.8447
0.8448
0.8449
0.845
0.8451
0.8452
0.8453
0.8454
0.8455
0.8456
0.8457
0.8458
0.8459
0.846
0.8461
0.8462
0.8463
0.8464
0.8465
0.8466
0.8467
0.8468
0.8469
0.847
0.8471
0.8472
0.8473
0.8474
0.8475
0.8476
0.8477
0.8478
0.8479
0.848
0.8481
0.8482
0.8483
0.8484
0.8485
0.8486
0.8487
0.8488
0.8489
0.849
0.8491
0.8492
0.8493
0.8494
0.8495
0.8496
0.8497
0.8498
0.8499
0.85
0.8501
0.8502
0.8503
0.8504
0.8505
0.8506
0.8507
0.8508
0.8509
0.851
0.8511
0.8512
0.8513
0.8514
0.8515
0.8516
0.8517
0.8518
0.8519
0.852
0.8521
0.8522
0.8523
0.8524
0.8525
0.8526
0.8527
0.8528
0.8529
0.853
0.8531
0.8532
0.8533
0.8534
0.8535
0.8536
0.8537
0.8538
0.8539
0.854
0.8541
0.8542
0.8543
0.8544
0.8545
0.8546
0.8547
0.8548
0.8549
0.855
0.8551
0.8552
0.8553
0.8554
0.8555
0.8556
0.8557
0.8558
0.8559
0.856
0.8561
0.8562
0.8563
0.8564
0.8565
0.8566
0.8567
0.8568
0.8569
0.857
0.8571
0.8572
0.8573
0.8574
0.8575
0.8576
0.8577
0.8578
0.8579
0.858
0.8581
0.8582
0.8583
0.8584
0.8585
0.8586
0.8587
0.8588
0.8589
0.859
0.8591
0.8592
0.8593
0.8594
0.8595
0.8596
0.8597
0.8598
0.8599
0.86
0.8601
0.8602
0.8603
0.8604
0.8605
0.8606
0.8607
0.8608
0.8609
0.861
0.8611
0.8612
0.8613
0.8614
0.8615
0.8616
0.8617
0.8618
0.8619
0.862
0.8621
0.8622
0.8623
0.8624
0.8625
0.8626
0.8627
0.8628
0.8629
0.863
0.8631
0.8632
0.8633
0.8634
0.8635
0.8636
0.8637
0.8638
0.8639
0.864
0.8641
0.8642
0.8643
0.8644
0.8645
0.8646
0.8647
0.8648
0.8649
0.865
0.8651
0.8652
0.8653
0.8654
0.8655
0.8656
0.8657
0.8658
0.8659
0.866
0.8661
0.8662
0.8663
0.8664
0.8665
0.8666
0.8667
0.8668
0.8669
0.867
0.8671
0.8672
0.8673
0.8674
0.8675
0.8676
0.8677
0.8678
0.8679
0.868
0.8681
0.8682
0.8683
0.8684
0.8685
0.8686
0.8687
0.8688
0.8689
0.869
0.8691
0.8692
0.8693
0.8694
0.8695
0.8696
0.8697
0.8698
0.8699
0.87
0.8701
0.8702
0.8703
0.8704
0.8705
0.8706
0.8707
0.8708
0.8709
0.871
0.8711
0.8712
0.8713
0.8714
0.8715
0.8716
0.8717
0.8718
0.8719
0.872
0.8721
0.8722
0.8723
0.8724
0.8725
0.8726
0.8727
0.8728
0.8729
0.873
0.8731
0.8732
0.8733
0.8734
0.8735
0.8736
0.8737
0.8738
0.8739
0.874
0.8741
0.8742
0.8743
0.8744
0.8745
0.8746
0.8747
0.8748
0.8749
0.875
0.8751
0.8752
0.8753
0.8754
0.8755
0.8756
0.8757
0.8758
0.8759
0.876
0.8761
0.8762
0.8763
0.8764
0.8765
0.8766
0.8767
0.8768
0.8769
0.877
0.8771
0.8772
0.8773
0.8774
0.8775
0.8776
0.8777
0.8778
0.8779
0.878
0.8781
0.8782
0.8783
0.8784
0.8785
0.8786
0.8787
0.8788
0.8789
0.879
0.8791
0.8792
0.8793
0.8794
0.8795
0.8796
0.8797
0.8798
0.8799
0.88
0.8801
0.8802
0.8803
0.8804
0.8805
0.8806
0.8807
0.8808
0.8809
0.881
0.8811
0.8812
0.8813
0.8814
0.8815
0.8816
0.8817
0.8818
0.8819
0.882
0.8821
0.8822
0.8823
0.8824
0.8825
0.8826
0.8827
0.8828
0.8829
0.883
0.8831
0.8832
0.8833
0.8834
0.8835
0.8836
0.8837
0.8838
0.8839
0.884
0.8841
0.8842
0.8843
0.8844
0.8845
0.8846
0.8847
0.8848
0.8849
0.885
0.8851
0.8852
0.8853
0.8854
0.8855
0.8856
0.8857
0.8858
0.8859
0.886
0.8861
0.8862
0.8863
0.8864
0.8865
0.8866
0.8867
0.8868
0.8869
0.887
0.8871
0.8872
0.8873
0.8874
0.8875
0.8876
0.8877
0.8878
0.8879
0.888
0.8881
0.8882
0.8883
0.8884
0.8885
0.8886
0.8887
0.8888
0.8889
0.889
0.8891
0.8892
0.8893
0.8894
0.8895
0.8896
0.8897
0.8898
0.8899
0.89
0.8901
0.8902
0.8903
0.8904
0.8905
0.8906
0.8907
0.8908
0.8909
0.891
0.8911
0.8912
0.8913
0.8914
0.8915
0.8916
0.8917
0.8918
0.8919
0.892
0.8921
0.8922
0.8923
0.8924
0.8925
0.8926
0.8927
0.8928
0.8929
0.893
0.8931
0.8932
0.8933
0.8934
0.8935
0.8936
0.8937
0.8938
0.8939
0.894
0.8941
0.8942
0.8943
0.8944
0.8945
0.8946
0.8947
0.8948
0.8949
0.895
0.8951
0.8952
0.8953
0.8954
0.8955
0.8956
0.8957
0.8958
0.8959
0.896
0.8961
0.8962
0.8963
0.8964
0.8965
0.8966
0.8967
0.8968
0.8969
0.897
0.8971
0.8972
0.8973
0.8974
0.8975
0.8976
0.8977
0.8978
0.8979
0.898
0.8981
0.8982
0.8983
0.8984
0.8985
0.8986
0.8987
0.8988
0.8989
0.899
0.8991
0.8992
0.8993
0.8994
0.8995
0.8996
0.8997
0.8998
0.8999
0.9
0.9001
0.9002
0.9003
0.9004
0.9005
0.9006
0.9007
0.9008
0.9009
0.901
0.9011
0.9012
0.9013
0.9014
0.9015
0.9016
0.9017
0.9018
0.9019
0.902
0.9021
0.9022
0.9023
0.9024
0.9025
0.9026
0.9027
0.9028
0.9029
0.903
0.9031
0.9032
0.9033
0.9034
0.9035
0.9036
0.9037
0.9038
0.9039
0.904
0.9041
0.9042
0.9043
0.9044
0.9045
0.9046
0.9047
0.9048
0.9049
0.905
0.9051
0.9052
0.9053
0.9054
0.9055
0.9056
0.9057
0.9058
0.9059
0.906
0.9061
0.9062
0.9063
0.9064
0.9065
0.9066
0.9067
0.9068
0.9069
0.907
0.9071
0.9072
0.9073
0.9074
0.9075
0.9076
0.9077
0.9078
0.9079
0.908
0.9081
0.9082
0.9083
0.9084
0.9085
0.9086
0.9087
0.9088
0.9089
0.909
0.9091
0.9092
0.9093
0.9094
0.9095
0.9096
0.9097
0.9098
0.9099
0.91
0.9101
0.9102
0.9103
0.9104
0.9105
0.9106
0.9107
0.9108
0.9109
0.911
0.9111
0.9112
0.9113
0.9114
0.9115
0.9116
0.9117
0.9118
0.9119
0.912
0.9121
0.9122
0.9123
0.9124
0.9125
0.9126
0.9127
0.9128
0.9129
0.913
0.9131
0.9132
0.9133
0.9134
0.9135
0.9136
0.9137
0.9138
0.9139
0.914
0.9141
0.9142
0.9143
0.9144
0.9145
0.9146
0.9147
0.9148
0.9149
0.915
0.9151
0.9152
0.9153
0.9154
0.9155
0.9156
0.9157
0.9158
0.9159
0.916
0.9161
0.9162
0.9163
0.9164
0.9165
0.9166
0.9167
0.9168
0.9169
0.917
0.9171
0.9172
0.9173
0.9174
0.9175
0.9176
0.9177
0.9178
0.9179
0.918
0.9181
0.9182
0.9183
0.9184
0.9185
0.9186
0.9187
0.9188
0.9189
0.919
0.9191
0.9192
0.9193
0.9194
0.9195
0.9196
0.9197
0.9198
0.9199
0.92
0.9201
0.9202
0.9203
0.9204
0.9205
0.9206
0.9207
0.9208
0.9209
0.921
0.9211
0.9212
0.9213
0.9214
0.9215
0.9216
0.9217
0.9218
0.9219
0.922
0.9221
0.9222
0.9223
0.9224
0.9225
0.9226
0.9227
0.9228
0.9229
0.923
0.9231
0.9232
0.9233
0.9234
0.9235
0.9236
0.9237
0.9238
0.9239
0.924
0.9241
0.9242
0.9243
0.9244
0.9245
0.9246
0.9247
0.9248
0.9249
0.925
0.9251
0.9252
0.9253
0.9254
0.9255
0.9256
0.9257
0.9258
0.9259
0.926
0.9261
0.9262
0.9263
0.9264
0.9265
0.9266
0.9267
0.9268
0.9269
0.927
0.9271
0.9272
0.9273
0.9274
0.9275
0.9276
0.9277
0.9278
0.9279
0.928
0.9281
0.9282
0.9283
0.9284
0.9285
0.9286
0.9287
0.9288
0.9289
0.929
0.9291
0.9292
0.9293
0.9294
0.9295
0.9296
0.9297
0.9298
0.9299
0.93
0.9301
0.9302
0.9303
0.9304
0.9305
0.9306
0.9307
0.9308
0.9309
0.931
0.9311
0.9312
0.9313
0.9314
0.9315
0.9316
0.9317
0.9318
0.9319
0.932
0.9321
0.9322
0.9323
0.9324
0.9325
0.9326
0.9327
0.9328
0.9329
0.933
0.9331
0.9332
0.9333
0.9334
0.9335
0.9336
0.9337
0.9338
0.9339
0.934
0.9341
0.9342
0.9343
0.9344
0.9345
0.9346
0.9347
0.9348
0.9349
0.935
0.9351
0.9352
0.9353
0.9354
0.9355
0.9356
0.9357
0.9358
0.9359
0.936
0.9361
0.9362
0.9363
0.9364
0.9365
0.9366
0.9367
0.9368
0.9369
0.937
0.9371
0.9372
0.9373
0.9374
0.9375
0.9376
0.9377
0.9378
0.9379
0.938
0.9381
0.9382
0.9383
0.9384
0.9385
0.9386
0.9387
0.9388
0.9389
0.939
0.9391
0.9392
0.9393
0.9394
0.9395
0.9396
0.9397
0.9398
0.9399
0.94
0.9401
0.9402
0.9403
0.9404
0.9405
0.9406
0.9407
0.9408
0.9409
0.941
0.9411
0.9412
0.9413
0.9414
0.9415
0.9416
0.9417
0.9418
0.9419
0.942
0.9421
0.9422
0.9423
0.9424
0.9425
0.9426
0.9427
0.9428
0.9429
0.943
0.9431
0.9432
0.9433
0.9434
0.9435
0.9436
0.9437
0.9438
0.9439
0.944
0.9441
0.9442
0.9443
0.9444
0.9445
0.9446
0.9447
0.9448
0.9449
0.945
0.9451
0.9452
0.9453
0.9454
0.9455
0.9456
0.9457
0.9458
0.9459
0.946
0.9461
0.9462
0.9463
0.9464
0.9465
0.9466
0.9467
0.9468
0.9469
0.947
0.9471
0.9472
0.9473
0.9474
0.9475
0.9476
0.9477
0.9478
0.9479
0.948
0.9481
0.9482
0.9483
0.9484
0.9485
0.9486
0.9487
0.9488
0.9489
0.949
0.9491
0.9492
0.9493
0.9494
0.9495
0.9496
0.9497
0.9498
0.9499
0.95
0.9501
0.9502
0.9503
0.9504
0.9505
0.9506
0.9507
0.9508
0.9509
0.951
0.9511
0.9512
0.9513
0.9514
0.9515
0.9516
0.9517
0.9518
0.9519
0.952
0.9521
0.9522
0.9523
0.9524
0.9525
0.9526
0.9527
0.9528
0.9529
0.953
0.9531
0.9532
0.9533
0.9534
0.9535
0.9536
0.9537
0.9538
0.9539
0.954
0.9541
0.9542
0.9543
0.9544
0.9545
0.9546
0.9547
0.9548
0.9549
0.955
0.9551
0.9552
0.9553
0.9554
0.9555
0.9556
0.9557
0.9558
0.9559
0.956
0.9561
0.9562
0.9563
0.9564
0.9565
0.9566
0.9567
0.9568
0.9569
0.957
0.9571
0.9572
0.9573
0.9574
0.9575
0.9576
0.9577
0.9578
0.9579
0.958
0.9581
0.9582
0.9583
0.9584
0.9585
0.9586
0.9587
0.9588
0.9589
0.959
0.9591
0.9592
0.9593
0.9594
0.9595
0.9596
0.9597
0.9598
0.9599
0.96
0.9601
0.9602
0.9603
0.9604
0.9605
0.9606
0.9607
0.9608
0.9609
0.961
0.9611
0.9612
0.9613
0.9614
0.9615
0.9616
0.9617
0.9618
0.9619
0.962
0.9621
0.9622
0.9623
0.9624
0.9625
0.9626
0.9627
0.9628
0.9629
0.963
0.9631
0.9632
0.9633
0.9634
0.9635
0.9636
0.9637
0.9638
0.9639
0.964
0.9641
0.9642
0.9643
0.9644
0.9645
0.9646
0.9647
0.9648
0.9649
0.965
0.9651
0.9652
0.9653
0.9654
0.9655
0.9656
0.9657
0.9658
0.9659
0.966
0.9661
0.9662
0.9663
0.9664
0.9665
0.9666
0.9667
0.9668
0.9669
0.967
0.9671
0.9672
0.9673
0.9674
0.9675
0.9676
0.9677
0.9678
0.9679
0.968
0.9681
0.9682
0.9683
0.9684
0.9685
0.9686
0.9687
0.9688
0.9689
0.969
0.9691
0.9692
0.9693
0.9694
0.9695
0.9696
0.9697
0.9698
0.9699
0.97
0.9701
0.9702
0.9703
0.9704
0.9705
0.9706
0.9707
0.9708
0.9709
0.971
0.9711
0.9712
0.9713
0.9714
0.9715
0.9716
0.9717
0.9718
0.9719
0.972
0.9721
0.9722
0.9723
0.9724
0.9725
0.9726
0.9727
0.9728
0.9729
0.973
0.9731
0.9732
0.9733
0.9734
0.9735
0.9736
0.9737
0.9738
0.9739
0.974
0.9741
0.9742
0.9743
0.9744
0.9745
0.9746
0.9747
0.9748
0.9749
0.975
0.9751
0.9752
0.9753
0.9754
0.9755
0.9756
0.9757
0.9758
0.9759
0.976
0.9761
0.9762
0.9763
0.9764
0.9765
0.9766
0.9767
0.9768
0.9769
0.977
0.9771
0.9772
0.9773
0.9774
0.9775
0.9776
0.9777
0.9778
0.9779
0.978
0.9781
0.9782
0.9783
0.9784
0.9785
0.9786
0.9787
0.9788
0.9789
0.979
0.9791
0.9792
0.9793
0.9794
0.9795
0.9796
0.9797
0.9798
0.9799
0.98
0.9801
0.9802
0.9803
0.9804
0.9805
0.9806
0.9807
0.9808
0.9809
0.981
0.9811
0.9812
0.9813
0.9814
0.9815
0.9816
0.9817
0.9818
0.9819
0.982
0.9821
0.9822
0.9823
0.9824
0.9825
0.9826
0.9827
0.9828
0.9829
0.983
0.9831
0.9832
0.9833
0.9834
0.9835
0.9836
0.9837
0.9838
0.9839
0.984
0.9841
0.9842
0.9843
0.9844
0.9845
0.9846
0.9847
0.9848
0.9849
0.985
0.9851
0.9852
0.9853
0.9854
0.9855
0.9856
0.9857
0.9858
0.9859
0.986
0.9861
0.9862
0.9863
0.9864
0.9865
0.9866
0.9867
0.9868
0.9869
0.987
0.9871
0.9872
0.9873
0.9874
0.9875
0.9876
0.9877
0.9878
0.9879
0.988
0.9881
0.9882
0.9883
0.9884
0.9885
0.9886
0.9887
0.9888
0.9889
0.989
0.9891
0.9892
0.9893
0.9894
0.9895
0.9896
0.9897
0.9898
0.9899
0.99
0.9901
0.9902
0.9903
0.9904
0.9905
0.9906
0.9907
0.9908
0.9909
0.991
0.9911
0.9912
0.9913
0.9914
0.9915
0.9916
0.9917
0.9918
0.9919
0.992
0.9921
0.9922
0.9923
0.9924
0.9925
0.9926
0.9927
0.9928
0.9929
0.993
0.9931
0.9932
0.9933
0.9934
0.9935
0.9936
0.9937
0.9938
0.9939
0.994
0.9941
0.9942
0.9943
0.9944
0.9945
0.9946
0.9947
0.9948
0.9949
0.995
0.9951
0.9952
0.9953
0.9954
0.9955
0.9956
0.9957
0.9958
0.9959
0.996
0.9961
0.9962
0.9963
0.9964
0.9965
0.9966
0.9967
0.9968
0.9969
0.997
0.9971
0.9972
0.9973
0.9974
0.9975
0.9976
0.9977
0.9978
0.9979
0.998
0.9981
0.9982
0.9983
0.9984
0.9985
0.9986
0.9987
0.9988
0.9989
0.999
0.9991
0.9992
0.9993
0.9994
0.9995
0.9996
0.9997
0.9998
0.9999

3
1
2
3

5
1
2
3
4
5

5404
5
20.99
36.98
52.97
68.96
84.95
100.94
116.93
132.92
148.91
164.9
180.89
196.88
212.87
228.86
244.85
260.84
276.83
292.82
308.81
324.8
340.79
356.78
372.77
388.76
404.75
420.74
436.73
452.72
468.71
484.7
500.69
516.68
532.67
548.66
564.65
580.64
596.63
612.62
628.61
644.6
660.59
676.58
692.57
708.56
724.55
740.54
756.53
772.52
788.51
804.5
820.49
836.48
852.47
868.46
884.45
900.44
916.43
932.42
948.41
964.4
980.39
996.38
1012.37
1028.36
1044.35
1060.34
1076.33
1092.32
1108.31
1124.3
1140.29
1156.28
1172.27
1188.26
1204.25
1220.24
1236.23
1252.22
1268.21
1284.2
1300.19
1316.18
1332.17
1348.16
1364.15
1380.14
1396.13
1412.12
1428.11
1444.1
1460.09
1476.08
1492.07
1508.06
1524.05
1540.04
1556.03
1572.02
1588.01
1604
1619.99
1635.98
1651.97
1667.96
1683.95
1699.94
1715.93
1731.92
1747.91
1763.9
1779.89
1795.88
1811.87
1827.86
1843.85
1859.84
1875.83
1891.82
1907.81
1923.8
1939.79
1955.78
1971.77
1987.76
2003.75
2019.74
2035.73
2051.72
2067.71
2083.7
2099.69
2115.68
2131.67
2147.66
2163.65
2179.64
2195.63
2211.62
2227.61
2243.6
2259.59
2275.58
2291.57
2307.56
2323.55
2339.54
2355.53
2371.52
2387.51
2403.5
2419.49
2435.48
2451.47
2467.46
2483.45
2499.44
2515.43
2531.42
2547.41
2563.4
2579.39
2595.38
2611.37
2627.36
2643.35
2659.34
2675.33
2691.32
2707.31
2723.3
2739.29
2755.28
2771.27
2787.26
2803.25
2819.24
2835.23
2851.22
2867.21
2883.2
2899.19
2915.18
2931.17
2947.16
2963.15
2979.14
2995.13
3011.12
3027.11
3043.1
3059.09
3075.08
3091.07
3107.06
3123.05
3139.04
3155.03
3171.02
3187.01
3203
3218.99
3234.98
3250.97
3266.96
3282.95
3298.94
3314.93
3330.92
3346.91
3362.9
3378.89
3394.88
3410.87
3426.86
3442.85
3458.84
3474.83
3490.82
3506.81
3522.8
3538.79
3554.78
3570.77
3586.76
3602.75
3618.74
3634.73
3650.72
3666.71
3682.7
3698.69
3714.68
3730.67
3746.66
3762.65
3778.64
3794.63
3810.62
3826.61
3842.6
3858.59
3874.58
3890.57
3906.56
3922.55
3938.54
3954.53
3970.52
3986.51
4002.5
4018.49
4034.48
4050.47
4066.46
4082.45
4098.44
4114.43
4130.42
4146.41
4162.4
4178.39
4194.38
4210.37
4226.36
4242.35
4258.34
4274.33
4290.32
4306.31
4322.3
4338.29
4354.28
4370.27
4386.26
4402.25
4418.24
4434.23
4450.22
4466.21
4482.2
4498.19
4514.18
4530.17
4546.16
4562.15
4578.14
4594.13
4610.12
4626.11
4642.1
4658.09
4674.08
4690.07
4706.06
4722.05
4738.04
4754.03
4770.02
4786.01
4802
4817.99
4833.98
4849.97
4865.96
4881.95
4897.94
4913.93
4929.92
4945.91
4961.9
4977.89
4993.88
5009.87
5025.86
5041.85
5057.84
5073.83
5089.82
5105.81
5121.8
5137.79
5153.78
5169.77
5185.76
5201.75
5217.74
5233.73
5249.72
5265.71
5281.7
5297.69
5313.68
5329.67
5345.66
5361.65
5377.64
5393.63
5409.62
5425.61
5441.6
5457.59
5473.58
5489.57
5505.56
5521.55
5537.54
5553.53
5569.52
5585.51
5601.5
5617.49
5633.48
5649.47
5665.46
5681.45
5697.44
5713.43
5729.42
5745.41
5761.4
5777.39
5793.38
5809.37
5825.36
5841.35
5857.34
5873.33
5889.32
5905.31
5921.3
5937.29
5953.28
5969.27
5985.26
6001.25
6017.24
6033.23
6049.22
6065.21
6081.2
6097.19
6113.18
6129.17
6145.16
6161.15
6177.14
6193.13
6209.12
6225.11
6241.1
6257.09
6273.08
6289.07
6305.06
6321.05
6337.04
6353.03
6369.02
6385.01
6401
6416.99
6432.98
6448.97
6464.96
6480.95
6496.94
6512.93
6528.92
6544.91
6560.9
6576.89
6592.88
6608.87
6624.86
6640.85
6656.84
6672.83
6688.82
6704.81
6720.8
6736.79
6752.78
6768.77
6784.76
6800.75
6816.74
6832.73
6848.72
6864.71
6880.7
6896.69
6912.68
6928.67
6944.66
6960.65
6976.64
6992.63
7008.62
7024.61
7040.6
7056.59
7072.58
7088.57
7104.56
7120.55
7136.54
7152.53
7168.52
7184.51
7200.5
7216.49
7232.48
7248.47
7264.46
7280.45
7296.44
7312.43
7328.42
7344.41
7360.4
7376.39
7392.38
7408.37
7424.36
7440.35
7456.34
7472.33
7488.32
7504.31
7520.3
7536.29
7552.28
7568.27
7584.26
7600.25
7616.24
7632.23
7648.22
7664.21
7680.2
7696.19
7712.18
7728.17
7744.16
7760.15
7776.14
7792.13
7808.12
7824.11
7840.1
7856.09
7872.08
7888.07
7904.06
7920.05
7936.04
7952.03
7968.02
7984.01
8000
8015.99
8031.98
8047.97
8063.96
8079.95
8095.94
8111.93
8127.92
8143.91
8159.9
8175.89
8191.88
8207.87
8223.86
8239.85
8255.84
8271.83
8287.82
8303.81
8319.8
8335.79
8351.78
8367.77
8383.76
8399.75
8415.74
8431.73
8447.72
8463.71
8479.7
8495.69
8511.68
8527.67
8543.66
8559.65
8575.64
8591.63
8607.62
8623.61
8639.6
8655.59
8671.58
8687.57
8703.56
8719.55
8735.54
8751.53
8767.52
8783.51
8799.5
8815.49
8831.48
8847.47
8863.46
8879.45
8895.44
8911.43
8927.42
8943.41
8959.4
8975.39
8991.38
9007.37
9023.36
9039.35
9055.34
9071.33
9087.32
9103.31
9119.3
9135.29
9151.28
9167.27
9183.26
9199.25
9215.24
9231.23
9247.22
9263.21
9279.2
9295.19
9311.18
9327.17
9343.16
9359.15
9375.14
9391.13
9407.12
9423.11
9439.1
9455.09
9471.08
9487.07
9503.06
9519.05
9535.04
9551.03
9567.02
9583.01
9599
9614.99
9630.98
9646.97
9662.96
9678.95
9694.94
9710.93
9726.92
9742.91
9758.9
9774.89
9790.88
9806.87
9822.86
9838.85
9854.84
9870.83
9886.82
9902.81
9918.8
9934.79
9950.78
9966.77
9982.76
9998.75
10014.7
10030.7
10046.7
10062.7
10078.7
10094.7
10110.7
10126.7
10142.7
10158.7
10174.6
10190.6
10206.6
10222.6
10238.6
10254.6
10270.6
10286.6
10302.6
10318.6
10334.5
10350.5
10366.5
10382.5
10398.5
10414.5
10430.5
10446.5
10462.5
10478.5
10494.4
10510.4
10526.4
10542.4
10558.4
10574.4
10590.4
10606.4
10622.4
10638.4
10654.3
10670.3
10686.3
10702.3
10718.3
10734.3
10750.3
10766.3
10782.3
10798.3
10814.2
10830.2
10846.2
10862.2
10878.2
10894.2
10910.2
10926.2
10942.2
10958.2
10974.1
10990.1
11006.1
11022.1
11038.1
11054.1
11070.1
11086.1
11102.1
11118.1
11134
11150
11166
11182
11198
11214
11230
11246
11262
11278
11293.9
11309.9
11325.9
11341.9
11357.9
11373.9
11389.9
11405.9
11421.9
11437.9
11453.8
11469.8
11485.8
11501.8
11517.8
11533.8
11549.8
11565.8
11581.8
11597.8
11613.7
11629.7
11645.7
11661.7
11677.7
11693.7
11709.7
11725.7
11741.7
11757.7
11773.6
11789.6
11805.6
11821.6
11837.6
11853.6
11869.6
11885.6
11901.6
11917.6
11933.5
11949.5
11965.5
11981.5
11997.5
12013.5
12029.5
12045.5
12061.5
12077.5
12093.4
12109.4
12125.4
12141.4
12157.4
12173.4
12189.4
12205.4
12221.4
12237.4
12253.3
12269.3
12285.3
12301.3
12317.3
12333.3
12349.3
12365.3
12381.3
12397.3
12413.2
12429.2
12445.2
12461.2
12477.2
12493.2
12509.2
12525.2
12541.2
12557.2
12573.1
12589.1
12605.1
12621.1
12637.1
12653.1
12669.1
12685.1
12701.1
12717.1
12733
12749
12765
12781
12797
12813
12829
12845
12861
12877
12892.9
12908.9
12924.9
12940.9
12956.9
12972.9
12988.9
13004.9
13020.9
13036.9
13052.8
13068.8
13084.8
13100.8
13116.8
13132.8
13148.8
13164.8
13180.8
13196.8
13212.7
13228.7
13244.7
13260.7
13276.7
13292.7
13308.7
13324.7
13340.7
13356.7
13372.6
13388.6
13404.6
13420.6
13436.6
13452.6
13468.6
13484.6
13500.6
13516.6
13532.5
13548.5
13564.5
13580.5
13596.5
13612.5
13628.5
13644.5
13660.5
13676.5
13692.4
13708.4
13724.4
13740.4
13756.4
13772.4
13788.4
13804.4
13820.4
13836.4
13852.3
13868.3
13884.3
13900.3
13916.3
13932.3
13948.3
13964.3
13980.3
13996.3
14012.2
14028.2
14044.2
14060.2
14076.2
14092.2
14108.2
14124.2
14140.2
14156.2
14172.1
14188.1
14204.1
14220.1
14236.1
14252.1
14268.1
14284.1
14300.1
14316.1
14332
14348
14364
14380
14396
14412
14428
14444
14460
14476
14491.9
14507.9
14523.9
14539.9
14555.9
14571.9
14587.9
14603.9
14619.9
14635.9
14651.8
14667.8
14683.8
14699.8
14715.8
14731.8
14747.8
14763.8
14779.8
14795.8
14811.7
14827.7
14843.7
14859.7
14875.7
14891.7
14907.7
14923.7
14939.7
14955.7
14971.6
14987.6
15003.6
15019.6
15035.6
15051.6
15067.6
15083.6
15099.6
15115.6
15131.5
15147.5
15163.5
15179.5
15195.5
15211.5
15227.5
15243.5
15259.5
15275.5
15291.4
15307.4
15323.4
15339.4
15355.4
15371.4
15387.4
15403.4
15419.4
15435.4
15451.3
15467.3
15483.3
15499.3
15515.3
15531.3
15547.3
15563.3
15579.3
15595.3
15611.2
15627.2
15643.2
15659.2
15675.2
15691.2
15707.2
15723.2
15739.2
15755.2
15771.1
15787.1
15803.1
15819.1
15835.1
15851.1
15867.1
15883.1
15899.1
15915.1
15931
15947
15963
15979
15995
16011
16027
16043
16059
16075
16090.9
16106.9
16122.9
16138.9
16154.9
16170.9
16186.9
16202.9
16218.9
16234.9
16250.8
16266.8
16282.8
16298.8
16314.8
16330.8
16346.8
16362.8
16378.8
16394.8
16410.7
16426.7
16442.7
16458.7
16474.7
16490.7
16506.7
16522.7
16538.7
16554.7
16570.6
16586.6
16602.6
16618.6
16634.6
16650.6
16666.6
16682.6
16698.6
16714.6
16730.5
16746.5
16762.5
16778.5
16794.5
16810.5
16826.5
16842.5
16858.5
16874.5
16890.4
16906.4
16922.4
16938.4
16954.4
16970.4
16986.4
17002.4
17018.4
17034.4
17050.3
17066.3
17082.3
17098.3
17114.3
17130.3
17146.3
17162.3
17178.3
17194.3
17210.2
17226.2
17242.2
17258.2
17274.2
17290.2
17306.2
17322.2
17338.2
17354.2
17370.1
17386.1
17402.1
17418.1
17434.1
17450.1
17466.1
17482.1
17498.1
17514.1
17530
17546
17562
17578
17594
17610
17626
17642
17658
17674
17689.9
17705.9
17721.9
17737.9
17753.9
17769.9
17785.9
17801.9
17817.9
17833.9
17849.8
17865.8
17881.8
17897.8
17913.8
17929.8
17945.8
17961.8
17977.8
17993.8
18009.7
18025.7
18041.7
18057.7
18073.7
18089.7
18105.7
18121.7
18137.7
18153.7
18169.6
18185.6
18201.6
18217.6
18233.6
18249.6
18265.6
18281.6
18297.6
18313.6
18329.5
18345.5
18361.5
18377.5
18393.5
18409.5
18425.5
18441.5
18457.5
18473.5
18489.4
18505.4
18521.4
18537.4
18553.4
18569.4
18585.4
18601.4
18617.4
18633.4
18649.3
18665.3
18681.3
18697.3
18713.3
18729.3
18745.3
18761.3
18777.3
18793.3
18809.2
18825.2
18841.2
18857.2
18873.2
18889.2
18905.2
18921.2
18937.2
18953.2
18969.1
18985.1
19001.1
19017.1
19033.1
19049.1
19065.1
19081.1
19097.1
19113.1
19129
19145
19161
19177
19193
19209
19225
19241
19257
19273
19288.9
19304.9
19320.9
19336.9
19352.9
19368.9
19384.9
19400.9
19416.9
19432.9
19448.8
19464.8
19480.8
19496.8
19512.8
19528.8
19544.8
19560.8
19576.8
19592.8
19608.7
19624.7
19640.7
19656.7
19672.7
19688.7
19704.7
19720.7
19736.7
19752.7
19768.6
19784.6
19800.6
19816.6
19832.6
19848.6
19864.6
19880.6
19896.6
19912.6
19928.5
19944.5
19960.5
19976.5
19992.5
20008.5
20024.5
20040.5
20056.5
20072.5
20088.4
20104.4
20120.4
20136.4
20152.4
20168.4
20184.4
20200.4
20216.4
20232.4
20248.3
20264.3
20280.3
20296.3
20312.3
20328.3
20344.3
20360.3
20376.3
20392.3
20408.2
20424.2
20440.2
20456.2
20472.2
20488.2
20504.2
20520.2
20536.2
20552.2
20568.1
20584.1
20600.1
20616.1
20632.1
20648.1
20664.1
20680.1
20696.1
20712.1
20728
20744
20760
20776
20792
20808
20824
20840
20856
20872
20887.9
20903.9
20919.9
20935.9
20951.9
20967.9
20983.9
20999.9
21015.9
21031.9
21047.8
21063.8
21079.8
21095.8
21111.8
21127.8
21143.8
21159.8
21175.8
21191.8
21207.7
21223.7
21239.7
21255.7
21271.7
21287.7
21303.7
21319.7
21335.7
21351.7
21367.6
21383.6
21399.6
21415.6
21431.6
21447.6
21463.6
21479.6
21495.6
21511.6
21527.5
21543.5
21559.5
21575.5
21591.5
21607.5
21623.5
21639.5
21655.5
21671.5
21687.4
21703.4
21719.4
21735.4
21751.4
21767.4
21783.4
21799.4
21815.4
21831.4
21847.3
21863.3
21879.3
21895.3
21911.3
21927.3
21943.3
21959.3
21975.3
21991.3
22007.2
22023.2
22039.2
22055.2
22071.2
22087.2
22103.2
22119.2
22135.2
22151.2
22167.1
22183.1
22199.1
22215.1
22231.1
22247.1
22263.1
22279.1
22295.1
22311.1
22327
22343
22359
22375
22391
22407
22423
22439
22455
22471
22486.9
22502.9
22518.9
22534.9
22550.9
22566.9
22582.9
22598.9
22614.9
22630.9
22646.8
22662.8
22678.8
22694.8
22710.8
22726.8
22742.8
22758.8
22774.8
22790.8
22806.7
22822.7
22838.7
22854.7
22870.7
22886.7
22902.7
22918.7
22934.7
22950.7
22966.6
22982.6
22998.6
23014.6
23030.6
23046.6
23062.6
23078.6
23094.6
23110.6
23126.5
23142.5
23158.5
23174.5
23190.5
23206.5
23222.5
23238.5
23254.5
23270.5
23286.4
23302.4
23318.4
23334.4
23350.4
23366.4
23382.4
23398.4
23414.4
23430.4
23446.3
23462.3
23478.3
23494.3
23510.3
23526.3
23542.3
23558.3
23574.3
23590.3
23606.2
23622.2
23638.2
23654.2
23670.2
23686.2
23702.2
23718.2
23734.2
23750.2
23766.1
23782.1
23798.1
23814.1
23830.1
23846.1
23862.1
23878.1
23894.1
23910.1
23926
23942
23958
23974
23990
24006
24022
24038
24054
24070
24085.9
24101.9
24117.9
24133.9
24149.9
24165.9
24181.9
24197.9
24213.9
24229.9
24245.8
24261.8
24277.8
24293.8
24309.8
24325.8
24341.8
24357.8
24373.8
24389.8
24405.7
24421.7
24437.7
24453.7
24469.7
24485.7
24501.7
24517.7
24533.7
24549.7
24565.6
24581.6
24597.6
24613.6
24629.6
24645.6
24661.6
24677.6
24693.6
24709.6
24725.5
24741.5
24757.5
24773.5
24789.5
24805.5
24821.5
24837.5
24853.5
24869.5
24885.4
24901.4
24917.4
24933.4
24949.4
24965.4
24981.4
24997.4
25013.4
25029.4
25045.3
25061.3
25077.3
25093.3
25109.3
25125.3
25141.3
25157.3
25173.3
25189.3
25205.2
25221.2
25237.2
25253.2
25269.2
25285.2
25301.2
25317.2
25333.2
25349.2
25365.1
25381.1
25397.1
25413.1
25429.1
25445.1
25461.1
25477.1
25493.1
25509.1
25525
25541
25557
25573
25589
25605
25621
25637
25653
25669
25684.9
25700.9
25716.9
25732.9
25748.9
25764.9
25780.9
25796.9
25812.9
25828.9
25844.8
25860.8
25876.8
25892.8
25908.8
25924.8
25940.8
25956.8
25972.8
25988.8
26004.7
26020.7
26036.7
26052.7
26068.7
26084.7
26100.7
26116.7
26132.7
26148.7
26164.6
26180.6
26196.6
26212.6
26228.6
26244.6
26260.6
26276.6
26292.6
26308.6
26324.5
26340.5
26356.5
26372.5
26388.5
26404.5
26420.5
26436.5
26452.5
26468.5
26484.4
26500.4
26516.4
26532.4
26548.4
26564.4
26580.4
26596.4
26612.4
26628.4
26644.3
26660.3
26676.3
26692.3
26708.3
26724.3
26740.3
26756.3
26772.3
26788.3
26804.2
26820.2
26836.2
26852.2
26868.2
26884.2
26900.2
26916.2
26932.2
26948.2
26964.1
26980.1
26996.1
27012.1
27028.1
27044.1
27060.1
27076.1
27092.1
27108.1
27124
27140
27156
27172
27188
27204
27220
27236
27252
27268
27283.9
27299.9
27315.9
27331.9
27347.9
27363.9
27379.9
27395.9
27411.9
27427.9
27443.8
27459.8
27475.8
27491.8
27507.8
27523.8
27539.8
27555.8
27571.8
27587.8
27603.7
27619.7
27635.7
27651.7
27667.7
27683.7
27699.7
27715.7
27731.7
27747.7
27763.6
27779.6
27795.6
27811.6
27827.6
27843.6
27859.6
27875.6
27891.6
27907.6
27923.5
27939.5
27955.5
27971.5
27987.5
28003.5
28019.5
28035.5
28051.5
28067.5
28083.4
28099.4
28115.4
28131.4
28147.4
28163.4
28179.4
28195.4
28211.4
28227.4
28243.3
28259.3
28275.3
28291.3
28307.3
28323.3
28339.3
28355.3
28371.3
28387.3
28403.2
28419.2
28435.2
28451.2
28467.2
28483.2
28499.2
28515.2
28531.2
28547.2
28563.1
28579.1
28595.1
28611.1
28627.1
28643.1
28659.1
28675.1
28691.1
28707.1
28723
28739
28755
28771
28787
28803
28819
28835
28851
28867
28883
28898.9
28914.9
28930.9
28946.9
28962.9
28978.9
28994.9
29010.9
29026.9
29042.9
29058.8
29074.8
29090.8
29106.8
29122.8
29138.8
29154.8
29170.8
29186.8
29202.8
29218.7
29234.7
29250.7
29266.7
29282.7
29298.7
29314.7
29330.7
29346.7
29362.7
29378.6
29394.6
29410.6
29426.6
29442.6
29458.6
29474.6
29490.6
29506.6
29522.6
29538.5
29554.5
29570.5
29586.5
29602.5
29618.5
29634.5
29650.5
29666.5
29682.5
29698.4
29714.4
29730.4
29746.4
29762.4
29778.4
29794.4
29810.4
29826.4
29842.4
29858.3
29874.3
29890.3
29906.3
29922.3
29938.3
29954.3
29970.3
29986.3
30002.3
30018.2
30034.2
30050.2
30066.2
30082.2
30098.2
30114.2
30130.2
30146.2
30162.2
30178.1
30194.1
30210.1
30226.1
30242.1
30258.1
30274.1
30290.1
30306.1
30322.1
30338
30354
30370
30386
30402
30418
30434
30450
30466
30482
30497.9
30513.9
30529.9
30545.9
30561.9
30577.9
30593.9
30609.9
30625.9
30641.9
30657.8
30673.8
30689.8
30705.8
30721.8
30737.8
30753.8
30769.8
30785.8
30801.8
30817.7
30833.7
30849.7
30865.7
30881.7
30897.7
30913.7
30929.7
30945.7
30961.7
30977.6
30993.6
31009.6
31025.6
31041.6
31057.6
31073.6
31089.6
31105.6
31121.6
31137.5
31153.5
31169.5
31185.5
31201.5
31217.5
31233.5
31249.5
31265.5
31281.5
31297.4
31313.4
31329.4
31345.4
31361.4
31377.4
31393.4
31409.4
31425.4
31441.4
31457.3
31473.3
31489.3
31505.3
31521.3
31537.3
31553.3
31569.3
31585.3
31601.3
31617.2
31633.2
31649.2
31665.2
31681.2
31697.2
31713.2
31729.2
31745.2
31761.2
31777.1
31793.1
31809.1
31825.1
31841.1
31857.1
31873.1
31889.1
31905.1
31921.1
31937
31953
31969
31985
32001
32017
32033
32049
32065
32081
32096.9
32112.9
32128.9
32144.9
32160.9
32176.9
32192.9
32208.9
32224.9
32240.9
32256.8
32272.8
32288.8
32304.8
32320.8
32336.8
32352.8
32368.8
32384.8
32400.8
32416.7
32432.7
32448.7
32464.7
32480.7
32496.7
32512.7
32528.7
32544.7
32560.7
32576.6
32592.6
32608.6
32624.6
32640.6
32656.6
32672.6
32688.6
32704.6
32720.6
32736.5
32752.5
32768.5
32784.5
32800.5
32816.5
32832.5
32848.5
32864.5
32880.5
32896.4
32912.4
32928.4
32944.4
32960.4
32976.4
32992.4
33008.4
33024.4
33040.4
33056.3
33072.3
33088.3
33104.3
33120.3
33136.3
33152.3
33168.3
33184.3
33200.3
33216.2
33232.2
33248.2
33264.2
33280.2
33296.2
33312.2
33328.2
33344.2
33360.2
33376.1
33392.1
33408.1
33424.1
33440.1
33456.1
33472.1
33488.1
33504.1
33520.1
33536
33552
33568
33584
33600
33616
33632
33648
33664
33680
33695.9
33711.9
33727.9
33743.9
33759.9
33775.9
33791.9
33807.9
33823.9
33839.9
33855.8
33871.8
33887.8
33903.8
33919.8
33935.8
33951.8
33967.8
33983.8
33999.8
34015.7
34031.7
34047.7
34063.7
34079.7
34095.7
34111.7
34127.7
34143.7
34159.7
34175.6
34191.6
34207.6
34223.6
34239.6
34255.6
34271.6
34287.6
34303.6
34319.6
34335.5
34351.5
34367.5
34383.5
34399.5
34415.5
34431.5
34447.5
34463.5
34479.5
34495.4
34511.4
34527.4
34543.4
34559.4
34575.4
34591.4
34607.4
34623.4
34639.4
34655.3
34671.3
34687.3
34703.3
34719.3
34735.3
34751.3
34767.3
34783.3
34799.3
34815.2
34831.2
34847.2
34863.2
34879.2
34895.2
34911.2
34927.2
34943.2
34959.2
34975.1
34991.1
35007.1
35023.1
35039.1
35055.1
35071.1
35087.1
35103.1
35119.1
35135
35151
35167
35183
35199
35215
35231
35247
35263
35279
35294.9
35310.9
35326.9
35342.9
35358.9
35374.9
35390.9
35406.9
35422.9
35438.9
35454.8
35470.8
35486.8
35502.8
35518.8
35534.8
35550.8
35566.8
35582.8
35598.8
35614.7
35630.7
35646.7
35662.7
35678.7
35694.7
35710.7
35726.7
35742.7
35758.7
35774.6
35790.6
35806.6
35822.6
35838.6
35854.6
35870.6
35886.6
35902.6
35918.6
35934.5
35950.5
35966.5
35982.5
35998.5
36014.5
36030.5
36046.5
36062.5
36078.5
36094.4
36110.4
36126.4
36142.4
36158.4
36174.4
36190.4
36206.4
36222.4
36238.4
36254.3
36270.3
36286.3
36302.3
36318.3
36334.3
36350.3
36366.3
36382.3
36398.3
36414.2
36430.2
36446.2
36462.2
36478.2
36494.2
36510.2
36526.2
36542.2
36558.2
36574.1
36590.1
36606.1
36622.1
36638.1
36654.1
36670.1
36686.1
36702.1
36718.1
36734
36750
36766
36782
36798
36814
36830
36846
36862
36878
36893.9
36909.9
36925.9
36941.9
36957.9
36973.9
36989.9
37005.9
37021.9
37037.9
37053.8
37069.8
37085.8
37101.8
37117.8
37133.8
37149.8
37165.8
37181.8
37197.8
37213.7
37229.7
37245.7
37261.7
37277.7
37293.7
37309.7
37325.7
37341.7
37357.7
37373.6
37389.6
37405.6
37421.6
37437.6
37453.6
37469.6
37485.6
37501.6
37517.6
37533.5
37549.5
37565.5
37581.5
37597.5
37613.5
37629.5
37645.5
37661.5
37677.5
37693.4
37709.4
37725.4
37741.4
37757.4
37773.4
37789.4
37805.4
37821.4
37837.4
37853.3
37869.3
37885.3
37901.3
37917.3
37933.3
37949.3
37965.3
37981.3
37997.3
38013.2
38029.2
38045.2
38061.2
38077.2
38093.2
38109.2
38125.2
38141.2
38157.2
38173.1
38189.1
38205.1
38221.1
38237.1
38253.1
38269.1
38285.1
38301.1
38317.1
38333
38349
38365
38381
38397
38413
38429
38445
38461
38477
38492.9
38508.9
38524.9
38540.9
38556.9
38572.9
38588.9
38604.9
38620.9
38636.9
38652.8
38668.8
38684.8
38700.8
38716.8
38732.8
38748.8
38764.8
38780.8
38796.8
38812.7
38828.7
38844.7
38860.7
38876.7
38892.7
38908.7
38924.7
38940.7
38956.7
38972.6
38988.6
39004.6
39020.6
39036.6
39052.6
39068.6
39084.6
39100.6
39116.6
39132.5
39148.5
39164.5
39180.5
39196.5
39212.5
39228.5
39244.5
39260.5
39276.5
39292.4
39308.4
39324.4
39340.4
39356.4
39372.4
39388.4
39404.4
39420.4
39436.4
39452.3
39468.3
39484.3
39500.3
39516.3
39532.3
39548.3
39564.3
39580.3
39596.3
39612.2
39628.2
39644.2
39660.2
39676.2
39692.2
39708.2
39724.2
39740.2
39756.2
39772.1
39788.1
39804.1
39820.1
39836.1
39852.1
39868.1
39884.1
39900.1
39916.1
39932
39948
39964
39980
39996
40012
40028
40044
40060
40076
40091.9
40107.9
40123.9
40139.9
40155.9
40171.9
40187.9
40203.9
40219.9
40235.9
40251.8
40267.8
40283.8
40299.8
40315.8
40331.8
40347.8
40363.8
40379.8
40395.8
40411.7
40427.7
40443.7
40459.7
40475.7
40491.7
40507.7
40523.7
40539.7
40555.7
40571.6
40587.6
40603.6
40619.6
40635.6
40651.6
40667.6
40683.6
40699.6
40715.6
40731.5
40747.5
40763.5
40779.5
40795.5
40811.5
40827.5
40843.5
40859.5
40875.5
40891.4
40907.4
40923.4
40939.4
40955.4
40971.4
40987.4
41003.4
41019.4
41035.4
41051.3
41067.3
41083.3
41099.3
41115.3
41131.3
41147.3
41163.3
41179.3
41195.3
41211.2
41227.2
41243.2
41259.2
41275.2
41291.2
41307.2
41323.2
41339.2
41355.2
41371.1
41387.1
41403.1
41419.1
41435.1
41451.1
41467.1
41483.1
41499.1
41515.1
41531
41547
41563
41579
41595
41611
41627
41643
41659
41675
41690.9
41706.9
41722.9
41738.9
41754.9
41770.9
41786.9
41802.9
41818.9
41834.9
41850.8
41866.8
41882.8
41898.8
41914.8
41930.8
41946.8
41962.8
41978.8
41994.8
42010.7
42026.7
42042.7
42058.7
42074.7
42090.7
42106.7
42122.7
42138.7
42154.7
42170.6
42186.6
42202.6
42218.6
42234.6
42250.6
42266.6
42282.6
42298.6
42314.6
42330.5
42346.5
42362.5
42378.5
42394.5
42410.5
42426.5
42442.5
42458.5
42474.5
42490.4
42506.4
42522.4
42538.4
42554.4
42570.4
42586.4
42602.4
42618.4
42634.4
42650.3
42666.3
42682.3
42698.3
42714.3
42730.3
42746.3
42762.3
42778.3
42794.3
42810.2
42826.2
42842.2
42858.2
42874.2
42890.2
42906.2
42922.2
42938.2
42954.2
42970.1
42986.1
43002.1
43018.1
43034.1
43050.1
43066.1
43082.1
43098.1
43114.1
43130
43146
43162
43178
43194
43210
43226
43242
43258
43274
43289.9
43305.9
43321.9
43337.9
43353.9
43369.9
43385.9
43401.9
43417.9
43433.9
43449.8
43465.8
43481.8
43497.8
43513.8
43529.8
43545.8
43561.8
43577.8
43593.8
43609.7
43625.7
43641.7
43657.7
43673.7
43689.7
43705.7
43721.7
43737.7
43753.7
43769.6
43785.6
43801.6
43817.6
43833.6
43849.6
43865.6
43881.6
43897.6
43913.6
43929.5
43945.5
43961.5
43977.5
43993.5
44009.5
44025.5
44041.5
44057.5
44073.5
44089.4
44105.4
44121.4
44137.4
44153.4
44169.4
44185.4
44201.4
44217.4
44233.4
44249.3
44265.3
44281.3
44297.3
44313.3
44329.3
44345.3
44361.3
44377.3
44393.3
44409.2
44425.2
44441.2
44457.2
44473.2
44489.2
44505.2
44521.2
44537.2
44553.2
44569.1
44585.1
44601.1
44617.1
44633.1
44649.1
44665.1
44681.1
44697.1
44713.1
44729
44745
44761
44777
44793
44809
44825
44841
44857
44873
44888.9
44904.9
44920.9
44936.9
44952.9
44968.9
44984.9
45000.9
45016.9
45032.9
45048.8
45064.8
45080.8
45096.8
45112.8
45128.8
45144.8
45160.8
45176.8
45192.8
45208.7
45224.7
45240.7
45256.7
45272.7
45288.7
45304.7
45320.7
45336.7
45352.7
45368.6
45384.6
45400.6
45416.6
45432.6
45448.6
45464.6
45480.6
45496.6
45512.6
45528.5
45544.5
45560.5
45576.5
45592.5
45608.5
45624.5
45640.5
45656.5
45672.5
45688.4
45704.4
45720.4
45736.4
45752.4
45768.4
45784.4
45800.4
45816.4
45832.4
45848.3
45864.3
45880.3
45896.3
45912.3
45928.3
45944.3
45960.3
45976.3
45992.3
46008.2
46024.2
46040.2
46056.2
46072.2
46088.2
46104.2
46120.2
46136.2
46152.2
46168.1
46184.1
46200.1
46216.1
46232.1
46248.1
46264.1
46280.1
46296.1
46312.1
46328
46344
46360
46376
46392
46408
46424
46440
46456
46472
46487.9
46503.9
46519.9
46535.9
46551.9
46567.9
46583.9
46599.9
46615.9
46631.9
46647.8
46663.8
46679.8
46695.8
46711.8
46727.8
46743.8
46759.8
46775.8
46791.8
46807.7
46823.7
46839.7
46855.7
46871.7
46887.7
46903.7
46919.7
46935.7
46951.7
46967.6
46983.6
46999.6
47015.6
47031.6
47047.6
47063.6
47079.6
47095.6
47111.6
47127.5
47143.5
47159.5
47175.5
47191.5
47207.5
47223.5
47239.5
47255.5
47271.5
47287.4
47303.4
47319.4
47335.4
47351.4
47367.4
47383.4
47399.4
47415.4
47431.4
47447.3
47463.3
47479.3
47495.3
47511.3
47527.3
47543.3
47559.3
47575.3
47591.3
47607.2
47623.2
47639.2
47655.2
47671.2
47687.2
47703.2
47719.2
47735.2
47751.2
47767.1
47783.1
47799.1
47815.1
47831.1
47847.1
47863.1
47879.1
47895.1
47911.1
47927
47943
47959
47975
47991
48007
48023
48039
48055
48071
48086.9
48102.9
48118.9
48134.9
48150.9
48166.9
48182.9
48198.9
48214.9
48230.9
48246.8
48262.8
48278.8
48294.8
48310.8
48326.8
48342.8
48358.8
48374.8
48390.8
48406.7
48422.7
48438.7
48454.7
48470.7
48486.7
48502.7
48518.7
48534.7
48550.7
48566.6
48582.6
48598.6
48614.6
48630.6
48646.6
48662.6
48678.6
48694.6
48710.6
48726.5
48742.5
48758.5
48774.5
48790.5
48806.5
48822.5
48838.5
48854.5
48870.5
48886.4
48902.4
48918.4
48934.4
48950.4
48966.4
48982.4
48998.4
49014.4
49030.4
49046.3
49062.3
49078.3
49094.3
49110.3
49126.3
49142.3
49158.3
49174.3
49190.3
49206.2
49222.2
49238.2
49254.2
49270.2
49286.2
49302.2
49318.2
49334.2
49350.2
49366.1
49382.1
49398.1
49414.1
49430.1
49446.1
49462.1
49478.1
49494.1
49510.1
49526
49542
49558
49574
49590
49606
49622
49638
49654
49670
49685.9
49701.9
49717.9
49733.9
49749.9
49765.9
49781.9
49797.9
49813.9
49829.9
49845.8
49861.8
49877.8
49893.8
49909.8
49925.8
49941.8
49957.8
49973.8
49989.8
50005.7
50021.7
50037.7
50053.7
50069.7
50085.7
50101.7
50117.7
50133.7
50149.7
50165.6
50181.6
50197.6
50213.6
50229.6
50245.6
50261.6
50277.6
50293.6
50309.6
50325.5
50341.5
50357.5
50373.5
50389.5
50405.5
50421.5
50437.5
50453.5
50469.5
50485.4
50501.4
50517.4
50533.4
50549.4
50565.4
50581.4
50597.4
50613.4
50629.4
50645.3
50661.3
50677.3
50693.3
50709.3
50725.3
50741.3
50757.3
50773.3
50789.3
50805.2
50821.2
50837.2
50853.2
50869.2
50885.2
50901.2
50917.2
50933.2
50949.2
50965.1
50981.1
50997.1
51013.1
51029.1
51045.1
51061.1
51077.1
51093.1
51109.1
51125
51141
51157
51173
51189
51205
51221
51237
51253
51269
51284.9
51300.9
51316.9
51332.9
51348.9
51364.9
51380.9
51396.9
51412.9
51428.9
51444.8
51460.8
51476.8
51492.8
51508.8
51524.8
51540.8
51556.8
51572.8
51588.8
51604.7
51620.7
51636.7
51652.7
51668.7
51684.7
51700.7
51716.7
51732.7
51748.7
51764.6
51780.6
51796.6
51812.6
51828.6
51844.6
51860.6
51876.6
51892.6
51908.6
51924.5
51940.5
51956.5
51972.5
51988.5
52004.5
52020.5
52036.5
52052.5
52068.5
52084.4
52100.4
52116.4
52132.4
52148.4
52164.4
52180.4
52196.4
52212.4
52228.4
52244.3
52260.3
52276.3
52292.3
52308.3
52324.3
52340.3
52356.3
52372.3
52388.3
52404.2
52420.2
52436.2
52452.2
52468.2
52484.2
52500.2
52516.2
52532.2
52548.2
52564.1
52580.1
52596.1
52612.1
52628.1
52644.1
52660.1
52676.1
52692.1
52708.1
52724
52740
52756
52772
52788
52804
52820
52836
52852
52868
52883.9
52899.9
52915.9
52931.9
52947.9
52963.9
52979.9
52995.9
53011.9
53027.9
53043.8
53059.8
53075.8
53091.8
53107.8
53123.8
53139.8
53155.8
53171.8
53187.8
53203.7
53219.7
53235.7
53251.7
53267.7
53283.7
53299.7
53315.7
53331.7
53347.7
53363.6
53379.6
53395.6
53411.6
53427.6
53443.6
53459.6
53475.6
53491.6
53507.6
53523.5
53539.5
53555.5
53571.5
53587.5
53603.5
53619.5
53635.5
53651.5
53667.5
53683.4
53699.4
53715.4
53731.4
53747.4
53763.4
53779.4
53795.4
53811.4
53827.4
53843.3
53859.3
53875.3
53891.3
53907.3
53923.3
53939.3
53955.3
53971.3
53987.3
54003.2
54019.2
54035.2
54051.2
54067.2
54083.2
54099.2
54115.2
54131.2
54147.2
54163.1
54179.1
54195.1
54211.1
54227.1
54243.1
54259.1
54275.1
54291.1
54307.1
54323
54339
54355
54371
54387
54403
54419
54435
54451
54467
54482.9
54498.9
54514.9
54530.9
54546.9
54562.9
54578.9
54594.9
54610.9
54626.9
54642.8
54658.8
54674.8
54690.8
54706.8
54722.8
54738.8
54754.8
54770.8
54786.8
54802.7
54818.7
54834.7
54850.7
54866.7
54882.7
54898.7
54914.7
54930.7
54946.7
54962.6
54978.6
54994.6
55010.6
55026.6
55042.6
55058.6
55074.6
55090.6
55106.6
55122.5
55138.5
55154.5
55170.5
55186.5
55202.5
55218.5
55234.5
55250.5
55266.5
55282.4
55298.4
55314.4
55330.4
55346.4
55362.4
55378.4
55394.4
55410.4
55426.4
55442.3
55458.3
55474.3
55490.3
55506.3
55522.3
55538.3
55554.3
55570.3
55586.3
55602.2
55618.2
55634.2
55650.2
55666.2
55682.2
55698.2
55714.2
55730.2
55746.2
55762.1
55778.1
55794.1
55810.1
55826.1
55842.1
55858.1
55874.1
55890.1
55906.1
55922
55938
55954
55970
55986
56002
56018
56034
56050
56066
56081.9
56097.9
56113.9
56129.9
56145.9
56161.9
56177.9
56193.9
56209.9
56225.9
56241.8
56257.8
56273.8
56289.8
56305.8
56321.8
56337.8
56353.8
56369.8
56385.8
56401.7
56417.7
56433.7
56449.7
56465.7
56481.7
56497.7
56513.7
56529.7
56545.7
56561.6
56577.6
56593.6
56609.6
56625.6
56641.6
56657.6
56673.6
56689.6
56705.6
56721.5
56737.5
56753.5
56769.5
56785.5
56801.5
56817.5
56833.5
56849.5
56865.5
56881.4
56897.4
56913.4
56929.4
56945.4
56961.4
56977.4
56993.4
57009.4
57025.4
57041.3
57057.3
57073.3
57089.3
57105.3
57121.3
57137.3
57153.3
57169.3
57185.3
57201.2
57217.2
57233.2
57249.2
57265.2
57281.2
57297.2
57313.2
57329.2
57345.2
57361.1
57377.1
57393.1
57409.1
57425.1
57441.1
57457.1
57473.1
57489.1
57505.1
57521
57537
57553
57569
57585
57601
57617
57633
57649
57665
57681
57696.9
57712.9
57728.9
57744.9
57760.9
57776.9
57792.9
57808.9
57824.9
57840.9
57856.8
57872.8
57888.8
57904.8
57920.8
57936.8
57952.8
57968.8
57984.8
58000.8
58016.7
58032.7
58048.7
58064.7
58080.7
58096.7
58112.7
58128.7
58144.7
58160.7
58176.6
58192.6
58208.6
58224.6
58240.6
58256.6
58272.6
58288.6
58304.6
58320.6
58336.5
58352.5
58368.5
58384.5
58400.5
58416.5
58432.5
58448.5
58464.5
58480.5
58496.4
58512.4
58528.4
58544.4
58560.4
58576.4
58592.4
58608.4
58624.4
58640.4
58656.3
58672.3
58688.3
58704.3
58720.3
58736.3
58752.3
58768.3
58784.3
58800.3
58816.2
58832.2
58848.2
58864.2
58880.2
58896.2
58912.2
58928.2
58944.2
58960.2
58976.1
58992.1
59008.1
59024.1
59040.1
59056.1
59072.1
59088.1
59104.1
59120.1
59136
59152
59168
59184
59200
59216
59232
59248
59264
59280
59295.9
59311.9
59327.9
59343.9
59359.9
59375.9
59391.9
59407.9
59423.9
59439.9
59455.8
59471.8
59487.8
59503.8
59519.8
59535.8
59551.8
59567.8
59583.8
59599.8
59615.7
59631.7
59647.7
59663.7
59679.7
59695.7
59711.7
59727.7
59743.7
59759.7
59775.6
59791.6
59807.6
59823.6
59839.6
59855.6
59871.6
59887.6
59903.6
59919.6
59935.5
59951.5
59967.5
59983.5
59999.5
60015.5
60031.5
60047.5
60063.5
60079.5
60095.4
60111.4
60127.4
60143.4
60159.4
60175.4
60191.4
60207.4
60223.4
60239.4
60255.3
60271.3
60287.3
60303.3
60319.3
60335.3
60351.3
60367.3
60383.3
60399.3
60415.2
60431.2
60447.2
60463.2
60479.2
60495.2
60511.2
60527.2
60543.2
60559.2
60575.1
60591.1
60607.1
60623.1
60639.1
60655.1
60671.1
60687.1
60703.1
60719.1
60735
60751
60767
60783
60799
60815
60831
60847
60863
60879
60894.9
60910.9
60926.9
60942.9
60958.9
60974.9
60990.9
61006.9
61022.9
61038.9
61054.8
61070.8
61086.8
61102.8
61118.8
61134.8
61150.8
61166.8
61182.8
61198.8
61214.7
61230.7
61246.7
61262.7
61278.7
61294.7
61310.7
61326.7
61342.7
61358.7
61374.6
61390.6
61406.6
61422.6
61438.6
61454.6
61470.6
61486.6
61502.6
61518.6
61534.5
61550.5
61566.5
61582.5
61598.5
61614.5
61630.5
61646.5
61662.5
61678.5
61694.4
61710.4
61726.4
61742.4
61758.4
61774.4
61790.4
61806.4
61822.4
61838.4
61854.3
61870.3
61886.3
61902.3
61918.3
61934.3
61950.3
61966.3
61982.3
61998.3
62014.2
62030.2
62046.2
62062.2
62078.2
62094.2
62110.2
62126.2
62142.2
62158.2
62174.1
62190.1
62206.1
62222.1
62238.1
62254.1
62270.1
62286.1
62302.1
62318.1
62334
62350
62366
62382
62398
62414
62430
62446
62462
62478
62493.9
62509.9
62525.9
62541.9
62557.9
62573.9
62589.9
62605.9
62621.9
62637.9
62653.8
62669.8
62685.8
62701.8
62717.8
62733.8
62749.8
62765.8
62781.8
62797.8
62813.7
62829.7
62845.7
62861.7
62877.7
62893.7
62909.7
62925.7
62941.7
62957.7
62973.6
62989.6
63005.6
63021.6
63037.6
63053.6
63069.6
63085.6
63101.6
63117.6
63133.5
63149.5
63165.5
63181.5
63197.5
63213.5
63229.5
63245.5
63261.5
63277.5
63293.4
63309.4
63325.4
63341.4
63357.4
63373.4
63389.4
63405.4
63421.4
63437.4
63453.3
63469.3
63485.3
63501.3
63517.3
63533.3
63549.3
63565.3
63581.3
63597.3
63613.2
63629.2
63645.2
63661.2
63677.2
63693.2
63709.2
63725.2
63741.2
63757.2
63773.1
63789.1
63805.1
63821.1
63837.1
63853.1
63869.1
63885.1
63901.1
63917.1
63933
63949
63965
63981
63997
64013
64029
64045
64061
64077
64092.9
64108.9
64124.9
64140.9
64156.9
64172.9
64188.9
64204.9
64220.9
64236.9
64252.8
64268.8
64284.8
64300.8
64316.8
64332.8
64348.8
64364.8
64380.8
64396.8
64412.7
64428.7
64444.7
64460.7
64476.7
64492.7
64508.7
64524.7
64540.7
64556.7
64572.6
64588.6
64604.6
64620.6
64636.6
64652.6
64668.6
64684.6
64700.6
64716.6
64732.5
64748.5
64764.5
64780.5
64796.5
64812.5
64828.5
64844.5
64860.5
64876.5
64892.4
64908.4
64924.4
64940.4
64956.4
64972.4
64988.4
65004.4
65020.4
65036.4
65052.3
65068.3
65084.3
65100.3
65116.3
65132.3
65148.3
65164.3
65180.3
65196.3
65212.2
65228.2
65244.2
65260.2
65276.2
65292.2
65308.2
65324.2
65340.2
65356.2
65372.1
65388.1
65404.1
65420.1
65436.1
65452.1
65468.1
65484.1
65500.1
65516.1
65532
65548
65564
65580
65596
65612
65628
65644
65660
65676
65691.9
65707.9
65723.9
65739.9
65755.9
65771.9
65787.9
65803.9
65819.9
65835.9
65851.8
65867.8
65883.8
65899.8
65915.8
65931.8
65947.8
65963.8
65979.8
65995.8
66011.7
66027.7
66043.7
66059.7
66075.7
66091.7
66107.7
66123.7
66139.7
66155.7
66171.6
66187.6
66203.6
66219.6
66235.6
66251.6
66267.6
66283.6
66299.6
66315.6
66331.5
66347.5
66363.5
66379.5
66395.5
66411.5
66427.5
66443.5
66459.5
66475.5
66491.4
66507.4
66523.4
66539.4
66555.4
66571.4
66587.4
66603.4
66619.4
66635.4
66651.3
66667.3
66683.3
66699.3
66715.3
66731.3
66747.3
66763.3
66779.3
66795.3
66811.2
66827.2
66843.2
66859.2
66875.2
66891.2
66907.2
66923.2
66939.2
66955.2
66971.1
66987.1
67003.1
67019.1
67035.1
67051.1
67067.1
67083.1
67099.1
67115.1
67131
67147
67163
67179
67195
67211
67227
67243
67259
67275
67290.9
67306.9
67322.9
67338.9
67354.9
67370.9
67386.9
67402.9
67418.9
67434.9
67450.8
67466.8
67482.8
67498.8
67514.8
67530.8
67546.8
67562.8
67578.8
67594.8
67610.7
67626.7
67642.7
67658.7
67674.7
67690.7
67706.7
67722.7
67738.7
67754.7
67770.6
67786.6
67802.6
67818.6
67834.6
67850.6
67866.6
67882.6
67898.6
67914.6
67930.5
67946.5
67962.5
67978.5
67994.5
68010.5
68026.5
68042.5
68058.5
68074.5
68090.4
68106.4
68122.4
68138.4
68154.4
68170.4
68186.4
68202.4
68218.4
68234.4
68250.3
68266.3
68282.3
68298.3
68314.3
68330.3
68346.3
68362.3
68378.3
68394.3
68410.2
68426.2
68442.2
68458.2
68474.2
68490.2
68506.2
68522.2
68538.2
68554.2
68570.1
68586.1
68602.1
68618.1
68634.1
68650.1
68666.1
68682.1
68698.1
68714.1
68730
68746
68762
68778
68794
68810
68826
68842
68858
68874
68889.9
68905.9
68921.9
68937.9
68953.9
68969.9
68985.9
69001.9
69017.9
69033.9
69049.8
69065.8
69081.8
69097.8
69113.8
69129.8
69145.8
69161.8
69177.8
69193.8
69209.7
69225.7
69241.7
69257.7
69273.7
69289.7
69305.7
69321.7
69337.7
69353.7
69369.6
69385.6
69401.6
69417.6
69433.6
69449.6
69465.6
69481.6
69497.6
69513.6
69529.5
69545.5
69561.5
69577.5
69593.5
69609.5
69625.5
69641.5
69657.5
69673.5
69689.4
69705.4
69721.4
69737.4
69753.4
69769.4
69785.4
69801.4
69817.4
69833.4
69849.3
69865.3
69881.3
69897.3
69913.3
69929.3
69945.3
69961.3
69977.3
69993.3
70009.2
70025.2
70041.2
70057.2
70073.2
70089.2
70105.2
70121.2
70137.2
70153.2
70169.1
70185.1
70201.1
70217.1
70233.1
70249.1
70265.1
70281.1
70297.1
70313.1
70329
70345
70361
70377
70393
70409
70425
70441
70457
70473
70488.9
70504.9
70520.9
70536.9
70552.9
70568.9
70584.9
70600.9
70616.9
70632.9
70648.8
70664.8
70680.8
70696.8
70712.8
70728.8
70744.8
70760.8
70776.8
70792.8
70808.7
70824.7
70840.7
70856.7
70872.7
70888.7
70904.7
70920.7
70936.7
70952.7
70968.6
70984.6
71000.6
71016.6
71032.6
71048.6
71064.6
71080.6
71096.6
71112.6
71128.5
71144.5
71160.5
71176.5
71192.5
71208.5
71224.5
71240.5
71256.5
71272.5
71288.4
71304.4
71320.4
71336.4
71352.4
71368.4
71384.4
71400.4
71416.4
71432.4
71448.3
71464.3
71480.3
71496.3
71512.3
71528.3
71544.3
71560.3
71576.3
71592.3
71608.2
71624.2
71640.2
71656.2
71672.2
71688.2
71704.2
71720.2
71736.2
71752.2
71768.1
71784.1
71800.1
71816.1
71832.1
71848.1
71864.1
71880.1
71896.1
71912.1
71928
71944
71960
71976
71992
72008
72024
72040
72056
72072
72087.9
72103.9
72119.9
72135.9
72151.9
72167.9
72183.9
72199.9
72215.9
72231.9
72247.8
72263.8
72279.8
72295.8
72311.8
72327.8
72343.8
72359.8
72375.8
72391.8
72407.7
72423.7
72439.7
72455.7
72471.7
72487.7
72503.7
72519.7
72535.7
72551.7
72567.6
72583.6
72599.6
72615.6
72631.6
72647.6
72663.6
72679.6
72695.6
72711.6
72727.5
72743.5
72759.5
72775.5
72791.5
72807.5
72823.5
72839.5
72855.5
72871.5
72887.4
72903.4
72919.4
72935.4
72951.4
72967.4
72983.4
72999.4
73015.4
73031.4
73047.3
73063.3
73079.3
73095.3
73111.3
73127.3
73143.3
73159.3
73175.3
73191.3
73207.2
73223.2
73239.2
73255.2
73271.2
73287.2
73303.2
73319.2
73335.2
73351.2
73367.1
73383.1
73399.1
73415.1
73431.1
73447.1
73463.1
73479.1
73495.1
73511.1
73527
73543
73559
73575
73591
73607
73623
73639
73655
73671
73686.9
73702.9
73718.9
73734.9
73750.9
73766.9
73782.9
73798.9
73814.9
73830.9
73846.8
73862.8
73878.8
73894.8
73910.8
73926.8
73942.8
73958.8
73974.8
73990.8
74006.7
74022.7
74038.7
74054.7
74070.7
74086.7
74102.7
74118.7
74134.7
74150.7
74166.6
74182.6
74198.6
74214.6
74230.6
74246.6
74262.6
74278.6
74294.6
74310.6
74326.5
74342.5
74358.5
74374.5
74390.5
74406.5
74422.5
74438.5
74454.5
74470.5
74486.4
74502.4
74518.4
74534.4
74550.4
74566.4
74582.4
74598.4
74614.4
74630.4
74646.3
74662.3
74678.3
74694.3
74710.3
74726.3
74742.3
74758.3
74774.3
74790.3
74806.2
74822.2
74838.2
74854.2
74870.2
74886.2
74902.2
74918.2
74934.2
74950.2
74966.1
74982.1
74998.1
75014.1
75030.1
75046.1
75062.1
75078.1
75094.1
75110.1
75126
75142
75158
75174
75190
75206
75222
75238
75254
75270
75285.9
75301.9
75317.9
75333.9
75349.9
75365.9
75381.9
75397.9
75413.9
75429.9
75445.8
75461.8
75477.8
75493.8
75509.8
75525.8
75541.8
75557.8
75573.8
75589.8
75605.7
75621.7
75637.7
75653.7
75669.7
75685.7
75701.7
75717.7
75733.7
75749.7
75765.6
75781.6
75797.6
75813.6
75829.6
75845.6
75861.6
75877.6
75893.6
75909.6
75925.5
75941.5
75957.5
75973.5
75989.5
76005.5
76021.5
76037.5
76053.5
76069.5
76085.4
76101.4
76117.4
76133.4
76149.4
76165.4
76181.4
76197.4
76213.4
76229.4
76245.3
76261.3
76277.3
76293.3
76309.3
76325.3
76341.3
76357.3
76373.3
76389.3
76405.2
76421.2
76437.2
76453.2
76469.2
76485.2
76501.2
76517.2
76533.2
76549.2
76565.1
76581.1
76597.1
76613.1
76629.1
76645.1
76661.1
76677.1
76693.1
76709.1
76725
76741
76757
76773
76789
76805
76821
76837
76853
76869
76884.9
76900.9
76916.9
76932.9
76948.9
76964.9
76980.9
76996.9
77012.9
77028.9
77044.8
77060.8
77076.8
77092.8
77108.8
77124.8
77140.8
77156.8
77172.8
77188.8
77204.7
77220.7
77236.7
77252.7
77268.7
77284.7
77300.7
77316.7
77332.7
77348.7
77364.6
77380.6
77396.6
77412.6
77428.6
77444.6
77460.6
77476.6
77492.6
77508.6
77524.5
77540.5
77556.5
77572.5
77588.5
77604.5
77620.5
77636.5
77652.5
77668.5
77684.4
77700.4
77716.4
77732.4
77748.4
77764.4
77780.4
77796.4
77812.4
77828.4
77844.3
77860.3
77876.3
77892.3
77908.3
77924.3
77940.3
77956.3
77972.3
77988.3
78004.2
78020.2
78036.2
78052.2
78068.2
78084.2
78100.2
78116.2
78132.2
78148.2
78164.1
78180.1
78196.1
78212.1
78228.1
78244.1
78260.1
78276.1
78292.1
78308.1
78324
78340
78356
78372
78388
78404
78420
78436
78452
78468
78483.9
78499.9
78515.9
78531.9
78547.9
78563.9
78579.9
78595.9
78611.9
78627.9
78643.8
78659.8
78675.8
78691.8
78707.8
78723.8
78739.8
78755.8
78771.8
78787.8
78803.7
78819.7
78835.7
78851.7
78867.7
78883.7
78899.7
78915.7
78931.7
78947.7
78963.6
78979.6
78995.6
79011.6
79027.6
79043.6
79059.6
79075.6
79091.6
79107.6
79123.5
79139.5
79155.5
79171.5
79187.5
79203.5
79219.5
79235.5
79251.5
79267.5
79283.4
79299.4
79315.4
79331.4
79347.4
79363.4
79379.4
79395.4
79411.4
79427.4
79443.3
79459.3
79475.3
79491.3
79507.3
79523.3
79539.3
79555.3
79571.3
79587.3
79603.2
79619.2
79635.2
79651.2
79667.2
79683.2
79699.2
79715.2
79731.2
79747.2
79763.1
79779.1
79795.1
79811.1
79827.1
79843.1
79859.1
79875.1
79891.1
79907.1
79923
79939
79955
79971
79987
80003
80019
80035
80051
80067
80082.9
80098.9
80114.9
80130.9
80146.9
80162.9
80178.9
80194.9
80210.9
80226.9
80242.8
80258.8
80274.8
80290.8
80306.8
80322.8
80338.8
80354.8
80370.8
80386.8
80402.7
80418.7
80434.7
80450.7
80466.7
80482.7
80498.7
80514.7
80530.7
80546.7
80562.6
80578.6
80594.6
80610.6
80626.6
80642.6
80658.6
80674.6
80690.6
80706.6
80722.5
80738.5
80754.5
80770.5
80786.5
80802.5
80818.5
80834.5
80850.5
80866.5
80882.4
80898.4
80914.4
80930.4
80946.4
80962.4
80978.4
80994.4
81010.4
81026.4
81042.3
81058.3
81074.3
81090.3
81106.3
81122.3
81138.3
81154.3
81170.3
81186.3
81202.2
81218.2
81234.2
81250.2
81266.2
81282.2
81298.2
81314.2
81330.2
81346.2
81362.1
81378.1
81394.1
81410.1
81426.1
81442.1
81458.1
81474.1
81490.1
81506.1
81522
81538
81554
81570
81586
81602
81618
81634
81650
81666
81681.9
81697.9
81713.9
81729.9
81745.9
81761.9
81777.9
81793.9
81809.9
81825.9
81841.8
81857.8
81873.8
81889.8
81905.8
81921.8
81937.8
81953.8
81969.8
81985.8
82001.7
82017.7
82033.7
82049.7
82065.7
82081.7
82097.7
82113.7
82129.7
82145.7
82161.6
82177.6
82193.6
82209.6
82225.6
82241.6
82257.6
82273.6
82289.6
82305.6
82321.5
82337.5
82353.5
82369.5
82385.5
82401.5
82417.5
82433.5
82449.5
82465.5
82481.4
82497.4
82513.4
82529.4
82545.4
82561.4
82577.4
82593.4
82609.4
82625.4
82641.3
82657.3
82673.3
82689.3
82705.3
82721.3
82737.3
82753.3
82769.3
82785.3
82801.2
82817.2
82833.2
82849.2
82865.2
82881.2
82897.2
82913.2
82929.2
82945.2
82961.1
82977.1
82993.1
83009.1
83025.1
83041.1
83057.1
83073.1
83089.1
83105.1
83121
83137
83153
83169
83185
83201
83217
83233
83249
83265
83280.9
83296.9
83312.9
83328.9
83344.9
83360.9
83376.9
83392.9
83408.9
83424.9
83440.8
83456.8
83472.8
83488.8
83504.8
83520.8
83536.8
83552.8
83568.8
83584.8
83600.7
83616.7
83632.7
83648.7
83664.7
83680.7
83696.7
83712.7
83728.7
83744.7
83760.6
83776.6
83792.6
83808.6
83824.6
83840.6
83856.6
83872.6
83888.6
83904.6
83920.5
83936.5
83952.5
83968.5
83984.5
84000.5
84016.5
84032.5
84048.5
84064.5
84080.4
84096.4
84112.4
84128.4
84144.4
84160.4
84176.4
84192.4
84208.4
84224.4
84240.3
84256.3
84272.3
84288.3
84304.3
84320.3
84336.3
84352.3
84368.3
84384.3
84400.2
84416.2
84432.2
84448.2
84464.2
84480.2
84496.2
84512.2
84528.2
84544.2
84560.1
84576.1
84592.1
84608.1
84624.1
84640.1
84656.1
84672.1
84688.1
84704.1
84720
84736
84752
84768
84784
84800
84816
84832
84848
84864
84879.9
84895.9
84911.9
84927.9
84943.9
84959.9
84975.9
84991.9
85007.9
85023.9
85039.8
85055.8
85071.8
85087.8
85103.8
85119.8
85135.8
85151.8
85167.8
85183.8
85199.7
85215.7
85231.7
85247.7
85263.7
85279.7
85295.7
85311.7
85327.7
85343.7
85359.6
85375.6
85391.6
85407.6
85423.6
85439.6
85455.6
85471.6
85487.6
85503.6
85519.5
85535.5
85551.5
85567.5
85583.5
85599.5
85615.5
85631.5
85647.5
85663.5
85679.4
85695.4
85711.4
85727.4
85743.4
85759.4
85775.4
85791.4
85807.4
85823.4
85839.3
85855.3
85871.3
85887.3
85903.3
85919.3
85935.3
85951.3
85967.3
85983.3
85999.2
86015.2
86031.2
86047.2
86063.2
86079.2
86095.2
86111.2
86127.2
86143.2
86159.1
86175.1
86191.1
86207.1
86223.1
86239.1
86255.1
86271.1
86287.1
86303.1
86319
86335
86351
86367
86383
86399


100
4
100
1
1 0 0 0.772859

5
1 2 1 0.849241
2 0 0 0.910889
3 1 1 0.957156
6 0 0 0.966706
7 0 0 0.937209

1
1 0 0 0.701466

1
1 0 0 0.886099

3
1 3 224 0.915627
2 0 0 0.864729
3 0 0 0.930366

3
1 0 105 0.798043
2 0 0 1.04644
3 0 0 0.799441

7
1 1 2 0.935586
2 0 0 0.870402
3 3 2279 0.959375
6 0 6812 1.00885
12 0 0 1.02384
13 0 0 0.92693
7 0 0 0.87394

7
1 1 1 0.966847
2 3 668 1.01709
4 0 0 1.13968
5 2 4 1.02749
10 0 0 0.99017
11 0 0 1.04194
3 0 0 0.843525

3
1 1 2 0.984305
2 0 0 0.931512
3 0 0 1.10497

3
1 3 201 0.803954
2 0 0 0.970758
3 0 0 0.91547

5
1 2 1 0.82194
2 3 1447 0.894365
4 0 0 0.96419
5 0 0 0.987261
3 0 0 0.869516

3
1 0 1639 0.911217
2 0 0 1.04081
3 0 0 0.834392

3
1 0 6599 0.892264
2 0 0 0.805045
3 0 0 0.885078

5
1 1 1 0.910394
2 0 0 0.934986
3 2 4 0.867924
6 0 0 0.888921
7 0 0 0.932774

3
1 0 1504 0.888713
2 0 0 0.859152
3 0 0 0.862521

1
1 0 0 0.799559

5
1 0 7179 0.883156
2 0 6580 0.900707
4 0 0 0.867449
5 0 0 1.04958
3 0 0 0.985648

3
1 1 1 0.917282
2 0 0 0.909698
3 0 0 0.718388

1
1 0 0 0.777887

1
1 0 0 0.871088

5
1 2 2 0.889712
2 0 0 0.907193
3 1 2 0.945063
6 0 0 0.908446
7 0 0 1.03609

1
1 0 0 0.836033

5
1 1 2 0.769193
2 1 1 0.861517
4 0 0 0.968652
5 0 0 0.767813
3 0 0 0.980262

3
1 1 1 0.850608
2 0 0 1.08278
3 0 0 0.769651

3
1 0 1322 0.828083
2 0 0 1.04865
3 0 0 0.78692

3
1 0 2427 0.926328
2 0 0 0.920149
3 0 0 0.855625

1
1 0 0 0.791217

7
1 0 336 0.78796
2 1 1 0.986123
4 0 0 1.03992
5 3 5128 0.973234
10 0 0 1.0015
11 0 0 0.916564
3 0 0 0.852175

5
1 1 1 0.89834
2 0 0 1.0778
3 1 2 0.892182
6 0 0 0.846732
7 0 0 0.98195

3
1 2 2 0.937377
2 0 0 0.823096
3 0 0 0.94183

3
1 0 3628 0.852805
2 0 0 0.942684
3 0 0 0.856989

7
1 3 297 0.874038
2 2 2 0.986296
4 3 93 0.917345
8 0 0 0.867719
9 0 0 0.878463
5 0 0 1.07172
3 0 0 0.82654

5
1 3 1542 0.940435
2 3 1310 0.92374
4 0 0 1.01948
5 0 0 0.912063
3 0 0 1.00017

3
1 0 6474 0.908872
2 0 0 1.03777
3 0 0 0.906243

3
1 2 1 0.843728
2 0 0 0.932865
3 0 0 0.892638

1
1 0 0 0.840866

5
1 0 5979 0.970352
2 1 1 0.974022
4 0 0 1.01291
5 0 0 0.886244
3 0 0 0.890432

5
1 0 268 0.826444
2 2 1 0.98258
4 0 0 0.989445
5 0 0 1.03456
3 0 0 0.845915

3
1 2 2 0.839402
2 0 0 1.01788
3 0 0 0.798607

5
1 2 2 0.969702
2 1 1 1.03776
4 0 0 0.945147
5 0 0 0.812514
3 0 0 0.917707

3
1 1 2 0.931315
2 0 0 0.839975
3 0 0 0.967931

5
1 1 1 0.852554
2 0 0 1.06584
3 2 1 0.868868
6 0 0 0.961019
7 0 0 0.869674

1
1 0 0 0.895623

7
1 2 1 0.851953
2 0 7125 1.03615
4 0 0 0.962133
5 0 0 0.857684
3 1 1 0.846453
6 0 0 1.06103
7 0 0 0.856568

3
1 3 2865 0.85446
2 0 0 1.05313
3 0 0 0.933969

3
1 1 2 0.896952
2 0 0 0.807055
3 0 0 0.917094

3
1 2 4 0.91939
2 0 0 0.932753
3 0 0 0.941869

7
1 2 2 0.985635
2 0 0 0.967734
3 1 1 0.943928
6 3 4736 1.10861
12 0 0 1.07679
13 0 0 1.00036
7 0 0 0.917666

3
1 0 7165 0.868374
2 0 0 0.840052
3 0 0 0.920497

3
1 0 126 0.767007
2 0 0 1.08714
3 0 0 0.887066

3
1 2 1 0.855439
2 0 0 0.911414
3 0 0 0.837962

3
1 1 1 0.802365
2 0 0 0.939823
3 0 0 0.652986

3
1 0 3249 0.913752
2 0 0 1.04775
3 0 0 0.990029

3
1 0 663 0.928183
2 0 0 0.948232
3 0 0 0.686787

3
1 0 1022 0.868474
2 0 0 0.993401
3 0 0 0.904206

3
1 1 2 0.869837
2 0 0 0.788231
3 0 0 1.06392

3
1 0 5319 0.920622
2 0 0 0.969063
3 0 0 0.897205

3
1 1 1 0.856172
2 0 0 1.07536
3 0 0 0.80888

3
1 1 2 0.861541
2 0 0 0.80716
3 0 0 1.02764

5
1 3 1162 0.95539
2 3 928 0.970374
4 0 0 0.919681
5 0 0 1.16563
3 0 0 0.87397

3
1 1 2 0.792813
2 0 0 0.794772
3 0 0 0.9461

5
1 1 1 0.9339
2 0 0 1.01162
3 0 115 0.760013
6 0 0 1.00715
7 0 0 0.747011

3
1 2 4 0.837268
2 0 0 0.735318
3 0 0 1.04137

3
1 0 6776 0.938793
2 0 0 0.94974
3 0 0 0.868691

3
1 2 2 0.905624
2 0 0 0.943692
3 0 0 0.876095

3
1 1 2 0.857153
2 0 0 0.741502
3 0 0 0.876494

3
1 1 1 0.887013
2 0 0 1.08901
3 0 0 0.719851

3
1 3 1520 0.816663
2 0 0 0.938252
3 0 0 0.783069

3
1 1 1 0.904827
2 0 0 0.967777
3 0 0 0.898227

3
1 3 2402 0.811277
2 0 0 0.78989
3 0 0 0.840838

3
1 3 2980 0.889514
2 0 0 0.942063
3 0 0 0.78668

5
1 2 4 0.831889
2 2 2 0.907678
4 0 0 0.849809
5 0 0 1.00457
3 0 0 1.01705

1
1 0 0 0.851129

1
1 0 0 0.958259

1
1 0 0 0.852602

1
1 0 0 0.780425

5
1 1 2 0.854238
2 0 0 1.00393
3 0 5406 0.971184
6 0 0 0.924349
7 0 0 0.973515

3
1 1 1 0.944478
2 0 0 1.12327
3 0 0 0.894547

3
1 0 581 0.925924
2 0 0 0.976071
3 0 0 0.874823

5
1 1 1 0.853187
2 0 0 0.908718
3 1 2 0.920174
6 0 0 0.785427
7 0 0 0.973543

3
1 1 1 0.776125
2 0 0 0.983271
3 0 0 0.807392

1
1 0 0 0.778278

1
1 0 0 0.921892

3
1 1 1 0.800321
2 0 0 0.959621
3 0 0 0.82837

1
1 0 0 0.802874

3
1 1 1 0.946822
2 0 0 1.03714
3 0 0 0.860218

3
1 1 1 0.877799
2 0 0 0.962679
3 0 0 0.798532

1
1 0 0 0.63013

1
1 0 0 0.806387

1
1 0 0 0.875439

1
1 0 0 0.897839

5
1 0 2110 0.890889
2 0 0 0.93288
3 1 2 0.897526
6 0 0 0.890318
7 0 0 1.05885

3
1 1 1 0.963895
2 0 0 1.04526
3 0 0 0.908276

7
1 0 257 0.814415
2 3 3924 0.967599
4 0 0 1.09041
5 0 0 0.967755
3 0 1137 0.823932
6 0 0 1.01109
7 0 0 0.786757

5
1 3 264 0.771942
2 2 3 1.01272
4 0 0 0.988206
5 0 0 1.02764
3 0 0 0.755191

3
1 3 2959 0.865918
2 0 0 1.08274
3 0 0 0.880571

3
1 1 2 0.79545
2 0 0 0.786247
3 0 0 1.0168

3
1 2 1 0.9248
2 0 0 0.856934
3 0 0 0.934206

3
1 0 9958 0.774409
2 0 0 0.791498
3 0 0 1.03274

3
1 1 1 0.886592
2 0 0 1.02376
3 0 0 0.850235

3
1 0 4186 0.907224
2 0 0 1.04251
3 0 0 0.894706

3
1 3 79 0.792451
2 0 0 0.981807
3 0 0 0.80255

1
1 0 0 0.901564

3
1 1 2 0.945267
2 0 0 0.924417
3 0 0 1.02882

1
1 0 0 0.780559

1
1 0 0 0.74852

3
1 1 2 0.820926
2 0 0 0.833041
3 0 0 0.867433

3
1 1 1 0.966847
2 0 0 0.896343
3 0 0 0.705207

3
1 1 2 0.835598
2 0 0 0.77584
3 0 0 0.963506

5
1 1 1 0.908087
2 0 0 0.962314
3 1 2 0.893089
6 0 0 0.817487
7 0 0 1.00977

5
1 1 1 0.883851
2 0 0 0.884767
3 3 897 0.925751
6 0 0 0.880757
7 0 0 0.988833

5
1 1 1 0.86011
2 3 5364 0.882441
4 0 0 0.956726
5 0 0 1.07902
3 0 0 0.782639

3
1 1 2 0.875363
2 0 0 0.859653
3 0 0 0.898295

3
1 0 4076 1.03976
2 0 0 0.974891
3 0 0 0.973826

7
1 1 1 0.872638
2 0 0 0.950162
3 1 2 0.847634
6 0 4217 0.835979
12 0 0 1.0343
13 0 0 0.868585
7 0 0 0.898658

3
1 0 7816 0.936828
2 0 0 0.917916
3 0 0 0.968295

3
1 2 1 0.927023
2 0 0 0.951723
3 0 0 0.919372

3
1 1 1 0.863876
2 0 0 1.03845
3 0 0 0.781954

3
1 0 434 0.766779
2 0 0 1.03144
3 0 0 0.752815

3
1 3 290 0.803071
2 0 0 0.939831
3 0 0 0.779835

3
1 1 1 0.873484
2 0 0 0.972519
3 0 0 0.889324

3
1 3 445 0.847589
2 0 0 1.03582
3 0 0 0.841017

3
1 1 1 0.82924
2 0 0 0.927458
3 0 0 0.753583

3
1 1 1 0.850608
2 0 0 1.03128
3 0 0 0.768461

3
1 3 13 0.85116
2 0 0 0.882374
3 0 0 1.037

3
1 0 1279 0.79956
2 0 0 0.877219
3 0 0 0.850791

3
1 1 1 0.834032
2 0 0 0.901919
3 0 0 0.853511

1
1 0 0 0.797256

3
1 1 1 0.898899
2 0 0 0.97123
3 0 0 0.900896

3
1 2 4 0.917972
2 0 0 0.824836
3 0 0 1.0644

3
1 1 2 0.787649
2 0 0 0.831472
3 0 0 0.952977

5
1 0 83 0.809466
2 0 0 1.08783
3 1 1 0.816093
6 0 0 0.99383
7 0 0 0.74311

3
1 3 5287 0.797242
2 0 0 0.736607
3 0 0 0.932089

3
1 2 1 0.875316
2 0 0 0.839118
3 0 0 0.867093

5
1 2 3 0.937114
2 0 0 1.03732
3 1 2 0.950409
6 0 0 0.953847
7 0 0 0.99489

1
1 0 0 0.732321

5
1 3 4543 0.838306
2 0 8327 0.860272
4 0 0 0.968508
5 0 0 0.797277
3 0 0 0.857458

3
1 0 8932 0.85808
2 0 0 0.765582
3 0 0 0.931656

3
1 1 2 0.987172
2 0 0 0.853778
3 0 0 0.894481

3
1 3 1336 0.837687
2 0 0 1.0284
3 0 0 0.866129

3
1 2 2 1.00633
2 0 0 0.871011
3 0 0 0.928397

3
1 1 2 0.998759
2 0 0 0.930898
3 0 0 1.18642

3
1 1 2 0.924861
2 0 0 0.951531
3 0 0 1.01897

3
1 1 1 0.906966
2 0 0 0.895751
3 0 0 0.851561

3
1 0 6963 0.907974
2 0 0 1.06335
3 0 0 0.904613

5
1 2 2 0.913797
2 3 3504 1.00055
4 0 0 0.893053
5 0 0 0.97993
3 0 0 0.974768

3
1 1 2 0.859446
2 0 0 0.860961
3 0 0 0.918303

1
1 0 0 0.815842

7
1 1 1 0.946339
2 0 482 0.994447
4 0 0 0.987754
5 2 4 0.966447
10 0 0 1.03873
11 0 0 0.96869
3 0 0 0.868477

3
1 3 1097 0.918396
2 0 0 0.891428
3 0 0 0.919506

3
1 0 7711 0.932204
2 0 0 0.943492
3 0 0 0.932979

5
1 1 1 0.802365
2 3 3163 1.04363
4 0 0 1.0085
5 0 0 0.909443
3 0 0 0.960368

5
1 1 1 0.943569
2 3 1326 1.01962
4 0 0 1.14983
5 0 0 0.953676
3 0 0 0.768273

3
1 3 2964 0.881184
2 0 0 0.835412
3 0 0 0.915923

1
1 0 0 0.846399

5
1 3 2543 0.892155
2 0 4715 1.046
4 0 0 0.913729
5 0 0 0.957505
3 0 0 0.858709

5
1 0 969 0.857501
2 1 1 1.01698
4 0 0 1.01802
5 0 0 0.909417
3 0 0 0.859027

3
1 2 1 0.885944
2 0 0 0.967961
3 0 0 0.869848

3
1 3 4140 0.844843
2 0 0 0.864727
3 0 0 0.845265

3
1 3 1408 0.96121
2 0 0 1.05456
3 0 0 0.913989

3
1 1 2 0.792813
2 0 0 0.825198
3 0 0 0.956121

3
1 1 1 0.9339
2 0 0 0.943522
3 0 0 0.831428

3
1 1 1 0.839358
2 0 0 1.00999
3 0 0 0.873308

1
1 0 0 0.780951

3
1 1 2 0.872625
2 0 0 0.840043
3 0 0 0.826284

1
1 0 0 0.843771

3
1 1 1 0.887013
2 0 0 1.07801
3 0 0 0.858666

3
1 0 830 0.896149
2 0 0 0.938426
3 0 0 0.885743

3
1 1 1 0.904827
2 0 0 0.941704
3 0 0 0.795144

3
1 2 4 0.881002
2 0 0 0.824734
3 0 0 1.02725

3
1 1 2 0.910761
2 0 0 0.853185
3 0 0 1.04047

3
1 3 3217 0.951059
2 0 0 1.00422
3 0 0 0.804363

1
1 0 0 0.778021

5
1 1 2 0.844199
2 1 1 0.868166
4 0 0 0.950217
5 0 0 0.730988
3 0 0 1.026

3
1 3 5263 0.707362
2 0 0 0.729174
3 0 0 0.973038

1
1 0 0 0.898483

7
1 3 2999 0.948389
2 1 1 0.966538
4 0 0 1.00055
5 0 0 0.955875
3 0 466 0.911982
6 0 0 1.075
7 0 0 0.958875

1
1 0 0 0.799036

3
1 1 1 0.84694
2 0 0 1.01614
3 0 0 0.788792

3
1 3 2975 0.962145
2 0 0 0.946641
3 0 0 0.809166

3
1 1 2 0.950935
2 0 0 0.865883
3 0 0 0.951794

3
1 1 2 0.894564
2 0 0 0.846602
3 0 0 0.937844

3
1 0 1484 0.829039
2 0 0 1.02906
3 0 0 0.829047

3
1 3 2357 0.921745
2 0 0 0.856348
3 0 0 0.88147

3
1 1 1 0.849941
2 0 0 1.06888
3 0 0 0.860909

3
1 0 574 0.83442
2 0 0 1.17092
3 0 0 0.765113

3
1 0 1838 0.913022
2 0 0 1.06606
3 0 0 0.878141

3
1 1 1 0.86047
2 0 0 0.850317
3 0 0 0.76148

3
1 1 1 0.838226
2 0 0 1.09803
3 0 0 0.942677

1
1 0 0 0.846387

3
1 3 5375 0.802148
2 0 0 0.816106
3 0 0 0.961542

3
1 1 2 0.873674
2 0 0 0.805078
3 0 0 0.97003

5
1 1 1 0.963895
2 2 4 0.952423
4 0 0 1.01205
5 0 0 1.03729
3 0 0 0.769782

1
1 0 0 0.754242

3
1 1 2 0.9039
2 0 0 0.916957
3 0 0 0.943005

1
1 0 0 0.782842

5
1 3 5346 0.875916
2 0 0 0.874164
3 1 1 0.9581
6 0 0 0.921839
7 0 0 0.956696

1
1 0 0 0.833302

1
1 0 0 0.94386

5
1 1 1 0.886592
2 3 4474 1.01023
4 0 0 1.05737
5 0 0 1.1197
3 0 0 0.736908

3
1 3 2566 0.878563
2 0 0 0.968701
3 0 0 0.906416

1
1 0 0 0.809576

3
1 2 1 0.946396
2 0 0 0.924282
3 0 0 0.844027

3
1 1 2 0.847542
2 0 0 0.845716
3 0 0 0.935959

5
1 1 1 0.867341
2 0 8917 1.03243
4 0 0 1.089
5 0 0 0.868865
3 0 0 0.816894

3
1 1 1 0.856984
2 0 0 0.930395
3 0 0 0.844951

1
1 0 0 0.758814

3
1 1 1 0.966847
2 0 0 1.04816
3 0 0 0.799429

7
1 0 1087 0.725767
2 3 2460 0.982553
4 1 2 1.05562
8 0 0 1.02874
9 0 0 0.998897
5 0 0 1.00459
3 0 0 0.839327

3
1 1 2 0.859637
2 0 0 0.75949
3 0 0 0.988886

3
1 3 393 0.794708
2 0 0 0.913083
3 0 0 0.799702

3
1 0 1526 0.823727
2 0 0 1.05909
3 0 0 0.772179

5
1 0 6181 0.936072
2 1 1 0.87767
4 0 0 0.874014
5 0 0 0.929981
3 0 0 0.924502

5
1 3 99 0.873812
2 0 0 1.04628
3 0 8536 0.928978
6 0 0 0.922932
7 0 0 0.83621

3
1 1 1 0.872638
2 0 0 1.03549
3 0 0 0.771044

3
1 3 85 0.831902
2 0 0 1.05565
3 0 0 0.844187

1
1 0 0 0.841499

5
1 0 651 0.906809
2 1 2 0.927693
4 0 0 0.905276
5 0 0 0.837013
3 0 0 0.869678

3
1 1 1 0.845963
2 0 0 0.999553
3 0 0 0.888855

1
1 0 0 0.865078

5
1 0 5421 0.801665
2 0 0 0.923912
3 0 7421 0.9951
6 0 0 0.965686
7 0 0 0.860489

3
1 1 1 0.937669
2 0 0 1.05422
3 0 0 0.806567

1
1 0 0 0.970438

1
1 0 0 0.787261

3
1 0 9599 0.884334
2 0 0 0.877042
3 0 0 0.899717

3
1 1 1 0.858874
2 0 0 1.04133
3 0 0 0.732254

1
1 0 0 0.826185

3
1 1 1 0.822318
2 0 0 0.992139
3 0 0 0.792059

3
1 1 1 0.898899
2 0 0 0.935094
3 0 0 0.64988

3
1 1 1 0.91122
2 0 0 1.12159
3 0 0 0.887675

3
1 1 1 0.814447
2 0 0 0.983542
3 0 0 0.87602

5
1 0 2821 0.830708
2 2 3 0.902968
4 0 0 0.955021
5 0 0 1.02737
3 0 0 0.910401

1
1 0 0 0.718412

1
1 0 0 0.886002

7
1 1 2 0.966333
2 0 0 0.795714
3 3 4133 0.955954
6 0 0 0.880089
7 3 4449 0.992109
14 0 0 0.963978
15 0 0 0.954103

1
1 0 0 0.818841

5
1 2 4 0.913001
2 0 0 0.870768
3 3 2146 0.943321
6 0 0 0.92737
7 0 0 0.994285

3
1 0 4835 0.852629
2 0 0 0.881935
3 0 0 0.905483

3
1 0 209 0.897782
2 0 0 0.955339
3 0 0 0.787201

3
1 1 1 0.885121
2 0 0 0.991156
3 0 0 0.844359

5
1 2 4 0.944235
2 1 2 0.960543
4 0 0 0.86615
5 0 0 1.04777
3 0 0 0.992181

1
1 0 0 0.839355

1
1 0 0 0.782548

3
1 3 3213 0.902822
2 0 0 0.987204
3 0 0 0.893662

5
1 1 1 0.945596
2 2 3 0.948397
4 0 0 0.925851
5 0 0 0.99868
3 0 0 0.895906

1
1 0 0 0.868111

1
1 0 0 0.93811

5
1 3 852 0.883129
2 0 0 0.990811
3 0 1648 0.930365
6 0 0 0.932313
7 0 0 0.935469

3
1 2 3 0.907036
2 0 0 1.07702
3 0 0 0.852595

1
1 0 0 0.910769

5
1 3 5331 0.801915
2 0 0 0.867083
3 0 1657 0.849052
6 0 0 0.978871
7 0 0 1.12497

5
1 3 3311 0.969908
2 3 474 1.00743
4 0 0 1.01454
5 0 0 0.973761
3 0 0 0.861435

1
1 0 0 0.84022

5
1 2 4 0.888543
2 0 0 0.86372
3 1 2 1.00421
6 0 0 0.903173
7 0 0 1.14611

1
1 0 0 0.961134

3
1 1 2 0.857458
2 0 0 0.785345
3 0 0 1.12528

1
1 0 0 0.847534

3
1 2 3 0.891439
2 0 0 0.896083
3 0 0 0.992177

3
1 1 1 0.903675
2 0 0 1.05187
3 0 0 0.89797

7
1 2 3 0.902265
2 0 0 0.86094
3 2 4 0.933205
6 3 3364 0.916522
12 0 0 0.930684
13 0 0 0.918363
7 0 0 0.957318

5
1 3 4178 0.866376
2 2 3 0.964146
4 0 0 1.03067
5 0 0 0.882514
3 0 0 0.875656

3
1 0 199 0.844702
2 0 0 0.989721
3 0 0 0.823239

7
1 2 3 0.862329
2 0 0 0.892111
3 3 3092 0.967449
6 0 0 1.05017
7 2 4 0.9614
14 0 0 0.90596
15 0 0 0.922173

1
1 0 0 0.773479

3
1 1 1 0.900158
2 0 0 1.1339
3 0 0 0.864455

5
1 0 7747 0.875022
2 0 0 0.937693
3 0 8269 0.764807
6 0 0 1.0358
7 0 0 0.960554

1
1 0 0 0.867123

1
1 0 0 0.795528

3
1 0 5038 0.824486
2 0 0 0.993586
3 0 0 0.892143

3
1 3 4280 0.89709
2 0 0 0.910709
3 0 0 0.907367

3
1 3 5395 0.968847
2 0 0 0.840528
3 0 0 1.04365

7
1 0 134 0.831664
2 0 0 0.918863
3 3 3419 0.872304
6 2 1 0.889668
12 0 0 0.979763
13 0 0 0.880809
7 0 0 0.86155

3
1 0 3654 0.894796
2 0 0 0.914677
3 0 0 0.981279

3
1 0 578 0.908628
2 0 0 0.967273
3 0 0 0.899317

3
1 1 1 0.844126
2 0 0 0.922564
3 0 0 0.803143

7
1 3 1200 0.855493
2 0 8633 0.893963
4 0 0 0.882359
5 0 0 0.982547
3 1 1 0.904233
6 0 0 0.884178
7 0 0 0.864864

7
1 1 2 0.795678
2 0 0 0.828071
3 3 2990 1.02194
6 0 0 0.959504
7 0 9833 0.965272
14 0 0 1.00979
15 0 0 0.972892

3
1 0 9893 0.829078
2 0 0 0.805609
3 0 0 0.99519

3
1 1 1 0.84694
2 0 0 0.978059
3 0 0 0.785787

3
1 1 2 0.839154
2 0 0 0.781979
3 0 0 0.930506

3
1 1 2 0.92007
2 0 0 0.801764
3 0 0 0.910651

3
1 1 2 0.854481
2 0 0 0.800993
3 0 0 1.0603

5
1 3 276 0.934065
2 0 0 0.922845
3 1 1 0.831843
6 0 0 1.01294
7 0 0 0.784875

3
1 1 1 0.875175
2 0 0 0.944344
3 0 0 0.697736

1
1 0 0 0.928118

3
1 3 2484 0.899383
2 0 0 0.904287
3 0 0 0.916921

3
1 3 1741 0.85338
2 0 0 1.04914
3 0 0 0.874795

3
1 3 1768 0.872099
2 0 0 0.931362
3 0 0 0.864482

3
1 1 1 0.838226
2 0 0 1.02701
3 0 0 0.769057

1
1 0 0 0.747941

5
1 2 4 0.966353
2 0 0 0.951631
3 0 4269 0.981019
6 0 0 0.934523
7 0 0 0.898012

3
1 2 4 0.926558
2 0 0 0.885106
3 0 0 0.834739

1
1 0 0 0.866341

5
1 3 132 0.821086
2 3 25 0.912225
4 0 0 1.05557
5 0 0 0.946238
3 0 0 0.840581

3
1 1 2 0.886029
2 0 0 0.861778
3 0 0 0.949034

3
1 3 28 0.832074
2 0 0 1.03048
3 0 0 0.768272

3
1 2 1 0.863422
2 0 0 0.882511
3 0 0 0.894118

3
1 3 5262 0.808232
2 0 0 0.801646
3 0 0 0.896643

3
1 1 1 0.949977
2 0 0 0.928189
3 0 0 0.830195

1
1 0 0 0.864381

1
1 0 0 0.809195

3
1 1 1 0.881066
2 0 0 1.00287
3 0 0 0.839776

3
1 3 827 0.829322
2 0 0 0.894088
3 0 0 0.806297

3
1 1 1 0.920479
2 0 0 0.993372
3 0 0 0.824677

3
1 2 1 0.886991
2 0 0 0.890035
3 0 0 0.898159

3
1 1 1 0.856984
2 0 0 0.984891
3 0 0 0.823242

3
1 3 1130 0.923939
2 0 0 0.970256
3 0 0 0.937437

9
1 1 1 0.966847
2 0 3747 1.0597
4 3 1497 1.03464
8 0 0 1.0914
9 0 0 0.823437
5 2 4 1.10132
10 0 0 1.02525
11 0 0 0.913943
3 0 0 0.718915

1
1 0 0 0.838911

3
1 1 1 0.862576
2 0 0 1.02327
3 0 0 0.862445

5
1 3 2756 0.847557
2 2 3 0.873294
4 0 0 0.895637
5 0 0 0.970947
3 0 0 0.982667

1
1 0 0 0.772785

1
1 0 0 0.789495

1
1 0 0 0.784688

3
1 1 1 0.872638
2 0 0 0.984227
3 0 0 0.694813

3
1 3 1303 0.873039
2 0 0 0.94134
3 0 0 0.79291

5
1 1 2 0.837686
2 3 81 0.883194
4 0 0 0.822298
5 0 0 0.86272
3 0 0 0.989194

3
1 1 2 0.910752
2 0 0 0.816955
3 0 0 1.03271

3
1 1 1 0.845963
2 0 0 1.0725
3 0 0 0.736897

3
1 0 493 0.779756
2 0 0 0.972058
3 0 0 0.862729

3
1 3 2204 0.87738
2 0 0 0.872106
3 0 0 0.88435

3
1 2 1 0.796396
2 0 0 0.96387
3 0 0 0.796482

3
1 1 2 0.869927
2 0 0 0.809455
3 0 0 0.953402

3
1 1 2 0.875464
2 0 0 0.746444
3 0 0 1.05592

3
1 0 9950 0.823308
2 0 0 0.818659
3 0 0 0.813434

3
1 1 1 0.858874
2 0 0 1.0493
3 0 0 0.759311

3
1 3 838 1.00167
2 0 0 1.03803
3 0 0 0.96619

3
1 1 1 0.822318
2 0 0 0.926909
3 0 0 0.819774

5
1 1 1 0.898899
2 3 3668 1.02719
4 0 0 1.09292
5 0 0 1.119
3 0 0 0.784075

5
1 1 1 0.91122
2 0 0 1.0129
3 1 2 0.914948
6 0 0 0.862797
7 0 0 1.03282

1
1 0 0 0.885141

3
1 3 1037 0.938833
2 0 0 0.886183
3 0 0 0.923155

3
1 1 2 0.834387
2 0 0 0.981252
3 0 0 1.0291

3
1 1 1 0.850925
2 0 0 0.985852
3 0 0 0.764864

3
1 3 503 0.869458
2 0 0 0.907015
3 0 0 0.845408

1
1 0 0 0.730476

3
1 0 8012 0.877763
2 0 0 0.88228
3 0 0 0.885871

1
1 0 0 0.793926

5
1 0 5347 0.9294
2 2 4 1.07322
4 0 0 0.817444
5 0 0 1.02757
3 0 0 0.8477

1
1 0 0 0.788126

3
1 0 3933 0.891719
2 0 0 0.977563
3 0 0 0.886528

3
1 3 5357 0.796829
2 0 0 0.811549
3 0 0 1.10866

3
1 0 6489 0.898596
2 0 0 0.912299
3 0 0 0.815867

5
1 1 1 0.795968
2 0 8578 1.07007
4 0 0 1.11026
5 0 0 1.02202
3 0 0 0.878723

3
1 0 199 0.780134
2 0 0 0.931812
3 0 0 0.838807

1
1 0 0 0.807808

3
1 1 1 0.882117
2 0 0 0.991321
3 0 0 0.800951

5
1 0 4111 0.950014
2 2 4 1.04286
4 0 0 1.01321
5 0 0 1.04061
3 0 0 0.872741

5
1 1 1 0.831837
2 0 2515 0.928345
4 0 0 0.929433
5 0 0 0.984499
3 0 0 0.803761

3
1 1 2 0.880636
2 0 0 0.759661
3 0 0 1.00663

1
1 0 0 0.879634

3
1 2 3 0.949646
2 0 0 0.959626
3 0 0 0.940567

3
1 3 4836 0.879639
2 0 0 0.894849
3 0 0 1.01115

3
1 0 526 0.87034
2 0 0 0.991783
3 0 0 0.882819

3
1 1 2 0.859119
2 0 0 0.855615
3 0 0 0.857065

5
1 3 2999 0.887989
2 0 0 1.04157
3 0 1376 0.912628
6 0 0 0.989684
7 0 0 0.904434

1
1 0 0 0.877021

5
1 3 3079 0.891407
2 3 653 0.933135
4 0 0 0.950841
5 0 0 0.985593
3 0 0 0.975471

3
1 2 3 0.808694
2 0 0 0.849364
3 0 0 0.789043

3
1 3 5218 0.834204
2 0 0 0.834773
3 0 0 1.05276

3
1 0 2141 0.93533
2 0 0 0.909466
3 0 0 1.01192

5
1 3 1960 0.851233
2 0 0 0.960114
3 1 1 0.920349
6 0 0 0.886741
7 0 0 0.988393

3
1 0 2560 0.963897
2 0 0 0.943311
3 0 0 0.942691

5
1 3 4279 0.953984
2 0 0 0.910839
3 2 1 0.858413
6 0 0 0.895344
7 0 0 0.95588

7
1 2 2 0.885592
2 0 578 0.874082
4 0 0 1.07823
5 0 0 0.92496
3 2 3 0.999513
6 0 0 0.987068
7 0 0 0.975602

9
1 3 3230 0.864846
2 0 6469 0.958885
4 0 0 0.896142
5 0 0 0.966716
3 0 6307 0.974108
6 1 1 0.968482
12 0 0 1.02251
13 0 0 0.926301
7 0 0 0.908158

9
1 2 4 0.894397
2 0 0 0.887793
3 3 2008 1.04626
6 0 0 0.870114
7 0 9001 1.04075
14 0 0 1.07264
15 0 9500 1.02295
30 0 0 1.00645
31 0 0 1.06188

1
1 0 0 0.843515

1
1 0 0 0.889715

3
1 2 2 0.928394
2 0 0 0.854047
3 0 0 0.935607

5
1 0 336 0.828622
2 0 76 0.830651
4 0 0 0.962059
5 0 0 0.971935
3 0 0 0.827693

3
1 1 2 0.762382
2 0 0 0.849708
3 0 0 0.924938

5
1 3 236 0.764728
2 1 2 1.02457
4 0 0 0.987424
5 0 0 1.00672
3 0 0 0.862696

3
1 1 2 0.851688
2 0 0 0.718032
3 0 0 0.996399

3
1 1 1 0.844126
2 0 0 0.989781
3 0 0 0.770463

3
1 2 3 0.91381
2 0 0 0.825181
3 0 0 0.920938

3
1 3 1183 0.949907
2 0 0 0.920786
3 0 0 0.843861

5
1 0 9784 0.972897
2 0 0 0.959174
3 1 2 0.939332
6 0 0 0.958046
7 0 0 1.00541

5
1 3 2164 0.843966
2 0 7643 1.12873
4 0 0 1.15225
5 0 0 1.03057
3 0 0 0.889421

3
1 0 3083 0.926989
2 0 0 0.956644
3 0 0 1.0115

5
1 0 6946 0.849282
2 1 2 0.931602
4 0 0 0.963876
5 0 0 0.977201
3 0 0 0.859282

3
1 3 73 0.909278
2 0 0 0.950564
3 0 0 0.860609

3
1 1 1 0.870048
2 0 0 1.10161
3 0 0 0.728913

3
1 0 1766 0.834973
2 0 0 0.939301
3 0 0 0.709818

1
1 0 0 0.802163

7
1 3 3280 0.845923
2 2 1 0.967561
4 0 0 1.03527
5 0 0 0.878937
3 2 2 0.824795
6 0 0 0.887244
7 0 0 0.853575

1
1 0 0 0.830941

3
1 0 4714 0.85838
2 0 0 0.942556
3 0 0 0.809719

3
1 1 1 0.838226
2 0 0 1.08785
3 0 0 0.810749

5
1 0 2302 0.869145
2 0 1721 0.963002
4 0 0 1.04694
5 0 0 0.945787
3 0 0 0.910824

5
1 1 2 0.863419
2 0 0 0.838361
3 2 3 0.99809
6 0 0 0.900543
7 0 0 1.00517

3
1 1 1 0.876737
2 0 0 1.04458
3 0 0 0.712154

3
1 2 3 0.852543
2 0 0 0.892591
3 0 0 0.852213

3
1 1 1 0.939467
2 0 0 0.9808
3 0 0 0.806368

1
1 0 0 0.855333

1
1 0 0 0.844891

3
1 2 2 0.855313
2 0 0 0.924127
3 0 0 0.999269

5
1 0 693 0.750039
2 1 2 0.937491
4 0 0 0.919639
5 0 0 0.965744
3 0 0 0.747573

1
1 0 0 0.816456

1
1 0 0 0.900163

3
1 3 289 0.874691
2 0 0 1.03587
3 0 0 0.890957

3
1 0 1678 0.834197
2 0 0 0.856348
3 0 0 0.817975

3
1 3 5001 0.885326
2 0 0 0.89244
3 0 0 1.048

1
1 0 0 0.707944

1
1 0 0 0.802599

3
1 2 3 0.882649
2 0 0 0.869815
3 0 0 0.944346

1
1 0 0 0.897101

3
1 0 6246 0.876717
2 0 0 0.822632
3 0 0 0.889854

5
1 2 2 0.83825
2 0 6250 0.916665
4 0 0 0.959543
5 0 0 0.91791
3 0 0 0.827759

5
1 1 1 0.862576
2 0 0 0.98034
3 0 7375 0.915941
6 0 0 0.914364
7 0 0 0.950347

3
1 3 72 0.766254
2 0 0 0.954656
3 0 0 0.782015

3
1 2 3 0.902151
2 0 0 0.89727
3 0 0 0.802715

3
1 3 240 0.814971
2 0 0 0.840003
3 0 0 0.796694

3
1 1 1 0.979541
2 0 0 1.01345
3 0 0 0.699268

3
1 2 2 0.839439
2 0 0 0.884918
3 0 0 0.938856

1
1 0 0 0.843408

3
1 1 1 0.827464
2 0 0 0.984147
3 0 0 0.831216

3
1 0 5856 0.872955
2 0 0 0.923899
3 0 0 0.896662

1
1 0 0 0.885484

3
1 1 1 0.837567
2 0 0 1.08229
3 0 0 0.767192

3
1 1 1 0.863386
2 0 0 0.969124
3 0 0 0.851318

3
1 1 2 0.85009
2 0 0 0.738746
3 0 0 0.910076

3
1 3 3593 0.907455
2 0 0 0.841882
3 0 0 0.798232

7
1 3 1120 0.871448
2 0 8212 0.907975
4 1 2 0.944293
8 0 0 1.01687
9 0 0 0.974377
5 0 0 0.915769
3 0 0 0.865985

3
1 1 1 0.743769
2 0 0 0.819737
3 0 0 0.767632

3
1 0 2371 0.90685
2 0 0 0.930673
3 0 0 0.855554

3
1 0 3277 0.873604
2 0 0 0.902945
3 0 0 0.873985

5
1 1 1 0.827451
2 0 0 0.961594
3 1 2 0.876706
6 0 0 0.788702
7 0 0 0.953871

1
1 0 0 0.76766

3
1 1 1 0.91122
2 0 0 1.10956
3 0 0 0.767594

3
1 3 1560 0.886961
2 0 0 1.00773
3 0 0 0.973695

1
1 0 0 0.866653

5
1 0 90 0.734242
2 0 71 0.913075
4 0 0 0.940139
5 0 0 1.19492
3 0 0 0.753216

1
1 0 0 0.88021

3
1 2 1 1.00059
2 0 0 1.07971
3 0 0 0.932826

3
1 2 4 0.844799
2 0 0 0.840556
3 0 0 1.01684

3
1 0 4527 0.943628
2 0 0 0.933153
3 0 0 0.785413

3
1 0 5464 0.917828
2 0 0 0.916707
3 0 0 0.93776

1
1 0 0 0.843467

3
1 1 1 0.859614
2 0 0 0.958288
3 0 0 0.646378

3
1 1 2 0.958413
2 0 0 0.782835
3 0 0 0.915925

1
1 0 0 0.762165

5
1 0 2473 0.853006
2 1 1 0.96606
4 0 0 0.929208
5 0 0 0.86193
3 0 0 0.989911

3
1 1 1 0.889497
2 0 0 1.10809
3 0 0 0.836871

7
1 0 1368 0.893295
2 2 4 0.985911
4 0 0 0.965328
5 0 839 1.15942
10 0 0 1.05389
11 0 0 0.866442
3 0 0 0.843557

3
1 3 4776 0.891844
2 0 0 0.936785
3 0 0 0.938525

3
1 0 2508 0.761965
2 0 0 0.943293
3 0 0 0.821792

3
1 1 2 0.909781
2 0 0 0.802854
3 0 0 0.854606

1
1 0 0 0.757762

1
1 0 0 0.814525

1
1 0 0 0.801142

3
1 1 1 0.903433
2 0 0 0.978341
3 0 0 0.858964

3
1 0 1720 0.918614
2 0 0 0.958624
3 0 0 0.953595

5
1 3 1871 0.87726
2 0 1725 0.911946
4 0 0 0.948873
5 0 0 0.93907
3 0 0 0.965671

3
1 1 2 0.819533
2 0 0 0.788801
3 0 0 1.18082

3
1 0 9865 0.824008
2 0 0 0.84294
3 0 0 1.01807

3
1 1 1 0.857667
2 0 0 1.01229
3 0 0 0.851851

1
1 0 0 0.847892

3
1 3 1665 0.939286
2 0 0 1.03453
3 0 0 0.993866

3
1 0 9712 0.830603
2 0 0 0.835478
3 0 0 0.919013

3
1 1 1 0.858829
2 0 0 0.920785
3 0 0 0.909678

5
1 0 5708 0.907312
2 3 4050 0.941626
4 0 0 0.944992
5 0 0 0.884058
3 0 0 0.821791

3
1 1 1 0.920603
2 0 0 0.951837
3 0 0 0.888122

3
1 3 156 0.86479
2 0 0 1.11955
3 0 0 0.915345

3
1 2 3 0.896795
2 0 0 0.878088
3 0 0 0.877824

3
1 0 5765 0.931714
2 0 0 1.04366
3 0 0 0.820078

3
1 1 2 0.91362
2 0 0 0.774627
3 0 0 0.99003

3
1 3 2456 0.871592
2 0 0 1.05257
3 0 0 0.842334

1
1 0 0 0.849591

3
1 0 240 0.836792
2 0 0 1.05447
3 0 0 0.887209

5
1 1 2 0.84844
2 0 0 0.958123
3 0 5504 0.968373
6 0 0 0.86825
7 0 0 0.990981

3
1 2 3 0.876942
2 0 0 0.921135
3 0 0 0.922233

1
1 0 0 1.00031

3
1 1 2 0.873049
2 0 0 0.944464
3 0 0 0.881579

3
1 1 1 0.844126
2 0 0 1.04659
3 0 0 0.908789

1
1 0 0 0.838195

3
1 1 1 0.817705
2 0 0 0.960056
3 0 0 0.807872

1
1 0 0 0.765769

3
1 3 3333 0.914832
2 0 0 1.00767
3 0 0 0.877098

3
1 1 1 0.891666
2 0 0 1.00602
3 0 0 0.792416

5
1 1 2 0.85641
2 0 0 0.844702
3 0 9809 1.10689
6 0 0 0.926379
7 0 0 0.926409

3
1 0 6224 0.922008
2 0 0 0.913867
3 0 0 0.920939

3
1 0 1375 0.858615
2 0 0 0.990492
3 0 0 0.899025

5
1 1 1 0.897513
2 0 0 0.982622
3 1 2 0.936516
6 0 0 0.747901
7 0 0 0.961922

3
1 1 1 0.814591
2 0 0 1.06967
3 0 0 0.847867

1
1 0 0 0.851906

5
1 1 2 0.891689
2 0 0 0.85722
3 3 4194 1.07121
6 0 0 1.08043
7 0 0 0.936546

3
1 0 2999 0.780039
2 0 0 0.849998
3 0 0 0.771946

7
1 1 1 0.882005
2 0 5407 1.00209
4 0 0 1.08018
5 0 0 0.986437
3 3 5252 0.875048
6 0 0 0.922177
7 0 0 0.991803

1
1 0 0 0.879852

1
1 0 0 0.816852

3
1 1 2 0.894808
2 0 0 0.831746
3 0 0 1.03215

3
1 0 5274 0.942032
2 0 0 0.884449
3 0 0 0.94381

3
1 0 5384 0.812931
2 0 0 0.76536
3 0 0 0.87338

5
1 1 1 0.888033
2 2 1 1.05479
4 0 0 0.983873
5 0 0 0.966972
3 0 0 0.784723

3
1 0 905 0.904731
2 0 0 1.09781
3 0 0 0.838623

3
1 1 1 0.775721
2 0 0 1.02583
3 0 0 0.727399

5
1 0 3693 0.946815
2 0 0 0.884318
3 0 4968 1.0467
6 0 0 1.12367
7 0 0 0.830075

3
1 1 1 0.954804
2 0 0 0.979236
3 0 0 0.819289

3
1 2 2 0.905404
2 0 0 0.912245
3 0 0 0.916752

3
1 3 5236 0.859391
2 0 0 0.880633
3 0 0 1.04853

3
1 2 3 0.883399
2 0 0 0.79862
3 0 0 0.892651

1
1 0 0 0.868345

1
1 0 0 0.782518

5
1 3 1928 0.910837
2 0 3966 0.899168
4 0 0 0.927187
5 0 0 1.04499
3 0 0 0.869595

5
1 1 2 0.841036
2 0 0 0.760231
3 0 4008 0.992886
6 0 0 1.01433
7 0 0 1.05117

3
1 1 1 0.916537
2 0 0 1.01262
3 0 0 0.876584

5
1 3 926 0.869785
2 0 0 0.880214
3 2 4 0.906037
6 0 0 0.921351
7 0 0 0.98606

3
1 3 4497 0.848419
2 0 0 0.815314
3 0 0 0.880365

1
1 0 0 0.747988

3
1 0 6750 0.889036
2 0 0 0.871213
3 0 0 1.00416

3
1 0 5340 0.934037
2 0 0 0.98914
3 0 0 0.849686

1
1 0 0 0.79824

3
1 0 39 0.781989
2 0 0 0.958075
3 0 0 0.799003

1
1 0 0 0.775484

5
1 1 2 0.885094
2 0 0 0.903081
3 2 1 1.07454
6 0 0 1.09588
7 0 0 1.03437

1
1 0 0 0.869849

1
1 0 0 0.798056

3
1 3 2165 0.955371
2 0 0 0.85535
3 0 0 0.982712

5
1 1 1 0.837567
2 0 0 1.14115
3 3 1647 0.926171
6 0 0 0.911229
7 0 0 0.934974

1
1 0 0 0.857526

1
1 0 0 0.767586

3
1 0 7978 0.854307
2 0 0 0.839933
3 0 0 0.89557

3
1 0 1086 0.815388
2 0 0 0.92079
3 0 0 0.800572

3
1 0 7919 0.864815
2 0 0 0.860772
3 0 0 0.897117

3
1 0 4023 0.950053
2 0 0 0.992533
3 0 0 1.00195

3
1 3 133 0.807129
2 0 0 1.01233
3 0 0 0.845003

1
1 0 0 0.790428

3
1 0 571 0.765905
2 0 0 0.970367
3 0 0 0.877016

3
1 1 1 0.815664
2 0 0 0.92411
3 0 0 0.758372

3
1 3 3303 0.883755
2 0 0 0.981727
3 0 0 0.821547

1
1 0 0 0.768049

5
1 1 2 0.957896
2 0 0 0.810808
3 0 4803 0.88347
6 0 0 0.92501
7 0 0 0.906421

1
1 0 0 0.716863

5
1 0 2678 0.920163
2 0 1680 0.92711
4 0 0 0.987202
5 0 0 1.01524
3 0 0 0.857197

3
1 2 2 0.88356
2 0 0 0.894104
3 0 0 0.878136

3
1 3 2981 0.852217
2 0 0 1.10133
3 0 0 0.875426

3
1 1 1 0.919659
2 0 0 1.08882
3 0 0 0.811895

3
1 1 1 0.855774
2 0 0 0.881521
3 0 0 0.725441

5
1 3 526 0.884241
2 0 0 1.02763
3 3 2130 0.913016
6 0 0 0.965284
7 0 0 0.860204

3
1 2 3 0.90244
2 0 0 0.891416
3 0 0 0.878511

5
1 1 2 0.819102
2 1 1 0.970378
4 0 0 1.03262
5 0 0 0.89332
3 0 0 0.863209

3
1 2 1 0.841457
2 0 0 0.913141
3 0 0 0.90281

3
1 1 1 0.889497
2 0 0 0.942005
3 0 0 0.775595

3
1 2 3 0.810679
2 0 0 0.959186
3 0 0 0.839425

1
1 0 0 0.842858

3
1 1 1 0.855115
2 0 0 1.00721
3 0 0 0.819582

5
1 1 2 0.909781
2 0 0 0.802495
3 2 3 1.07544
6 0 0 1.0551
7 0 0 0.983034

3
1 3 254 0.715716
2 0 0 0.887667
3 0 0 0.691375

3
1 3 949 0.962252
2 0 0 0.922534
3 0 0 1.01301

1
1 0 0 0.790664

5
1 2 2 0.818713
2 0 0 0.850038
3 1 2 0.808894
6 0 0 0.793261
7 0 0 0.814818

3
1 2 4 0.784451
2 0 0 0.788045
3 0 0 1.09196

3
1 1 1 0.825274
2 0 0 0.931238
3 0 0 0.698288

7
1 1 2 0.819533
2 1 1 0.814153
4 0 6002 1.06022
8 0 0 1.08375
9 0 0 0.895366
5 0 0 0.836248
3 0 0 0.962131

3
1 0 9646 0.789771
2 0 0 0.929097
3 0 0 0.932095

3
1 0 1176 0.786687
2 0 0 0.989762
3 0 0 0.778914

1
1 0 0 0.759328

5
1 2 3 0.927322
2 0 0 0.938861
3 0 8784 0.824091
6 0 0 0.852752
7 0 0 0.890297

3
1 1 1 0.960574
2 0 0 0.962201
3 0 0 0.911377

5
1 0 3057 0.900432
2 3 4910 0.920796
4 0 0 0.90535
5 0 0 0.946945
3 0 0 0.808926

3
1 1 1 0.822822
2 0 0 0.879744
3 0 0 0.864741

3
1 2 2 0.909189
2 0 0 0.804848
3 0 0 1.01454

3
1 2 2 0.921345
2 0 0 0.983049
3 0 0 1.01333

1
1 0 0 0.933947

1
1 0 0 0.776659

3
1 1 1 0.830281
2 0 0 1.13864
3 0 0 0.773687

5
1 3 611 0.900724
2 0 0 0.931103
3 0 405 0.888419
6 0 0 0.986978
7 0 0 0.923752

9
1 3 3299 0.868684
2 3 213 0.954153
4 0 2607 0.920467
8 1 2 0.995586
16 0 0 1.02269
17 0 0 1.06686
9 0 0 0.950946
5 0 0 0.950198
3 0 0 0.943526

3
1 2 2 0.880455
2 0 0 0.934138
3 0 0 0.925092

3
1 1 2 0.84844
2 0 0 0.873335
3 0 0 0.918459

3
1 3 2829 0.888123
2 0 0 0.900212
3 0 0 0.855843

3
1 0 9829 0.927745
2 0 0 0.88444
3 0 0 1.0299

5
1 1 1 0.89083
2 0 0 1.01432
3 1 2 0.896594
6 0 0 0.790019
7 0 0 1.07439

3
1 1 1 0.844126
2 0 0 1.03376
3 0 0 0.845421

3
1 1 1 0.885395
2 0 0 1.01782
3 0 0 0.836022

3
1 0 8602 0.940025
2 0 0 0.961496
3 0 0 0.962444

5
1 1 1 0.956039
2 0 0 1.08135
3 3 1388 0.892668
6 0 0 0.897107
7 0 0 0.901877

1
1 0 0 0.889099

3
1 2 2 0.872256
2 0 0 0.980389
3 0 0 0.903583

5
1 1 2 0.860889
2 0 0 0.852378
3 3 79 0.943154
6 0 0 0.925523
7 0 0 0.884972

5
1 1 1 0.895688
2 0 0 0.982359
3 1 2 0.916678
6 0 0 0.811103
7 0 0 1.0255

3
1 2 4 0.882262
2 0 0 0.825491
3 0 0 0.928215

3
1 1 1 0.877723
2 0 0 0.978256
3 0 0 0.884154

1
1 0 0 0.864537

3
1 1 1 0.857673
2 0 0 1.05093
3 0 0 0.83147

3
1 1 1 0.778856
2 0 0 0.928437
3 0 0 0.855239

3
1 2 4 0.832661
2 0 0 0.844185
3 0 0 0.897495

3
1 2 1 0.869125
2 0 0 0.892914
3 0 0 0.805879

1
1 0 0 0.89949

3
1 0 2514 0.933577
2 0 0 0.910643
3 0 0 0.829725

7
1 1 2 0.894808
2 0 0 0.808537
3 3 3948 1.05747
6 2 3 1.05876
12 0 0 1.05654
13 0 0 1.04732
7 0 0 1.06914

5
1 1 2 0.832978
2 0 0 0.82284
3 3 1263 0.928865
6 0 0 1.03676
7 0 0 0.95765

5
1 0 9128 0.920876
2 2 4 0.94596
4 0 0 0.954833
5 0 0 0.927208
3 0 0 0.945382

3
1 1 2 0.938451
2 0 0 0.785979
3 0 0 0.842606

3
1 1 1 0.817559
2 0 0 1.07771
3 0 0 0.851384

3
1 1 1 0.775721
2 0 0 0.998448
3 0 0 0.822185

3
1 1 1 0.880051
2 0 0 0.94636
3 0 0 0.725858

1
1 0 0 0.908239

3
1 1 1 0.893613
2 0 0 1.00164
3 0 0 0.810594

5
1 0 1048 0.830541
2 0 643 0.986481
4 0 0 1.00765
5 0 0 1.14853
3 0 0 0.843056

1
1 0 0 0.725976

3
1 2 4 0.944961
2 0 0 1.00613
3 0 0 0.958182

3
1 3 4302 1.02179
2 0 0 0.960335
3 0 0 0.97099

3
1 1 1 0.893633
2 0 0 1.07841
3 0 0 0.820477

3
1 2 4 0.802599
2 0 0 0.847967
3 0 0 0.945061

1
1 0 0 0.789596

3
1 1 2 0.840576
2 0 0 0.73649
3 0 0 0.860485

5
1 3 1760 0.996772
2 2 4 1.05038
4 0 0 1.06523
5 0 0 1.09594
3 0 0 0.975661

3
1 1 2 0.813077
2 0 0 0.771629
3 0 0 0.931531

3
1 1 2 0.928167
2 0 0 0.929349
3 0 0 0.895616

3
1 3 2934 0.794952
2 0 0 0.9547
3 0 0 0.838328

3
1 1 2 1.00659
2 0 0 0.781223
3 0 0 0.961483

3
1 3 2495 0.85421
2 0 0 0.870744
3 0 0 0.863881

3
1 1 1 0.885263
2 0 0 1.07581
3 0 0 0.787709

3
1 3 221 0.874804
2 0 0 0.934574
3 0 0 0.880231

3
1 2 1 0.852736
2 0 0 0.980763
3 0 0 0.799878

3
1 3 974 0.792907
2 0 0 0.958408
3 0 0 0.808082

1
1 0 0 0.782403

3
1 1 1 0.837567
2 0 0 0.971073
3 0 0 0.835331

3
1 1 1 0.834935
2 0 0 0.887421
3 0 0 0.858028

3
1 0 1792 0.982552
2 0 0 0.851386
3 0 0 0.878979

3
1 1 2 0.834516
2 0 0 0.805842
3 0 0 0.839214

3
1 1 1 0.910222
2 0 0 1.00985
3 0 0 0.875851

3
1 3 1868 0.901413
2 0 0 0.981689
3 0 0 0.828322

3
1 1 1 0.84915
2 0 0 1.11334
3 0 0 0.792145

7
1 0 500 0.745194
2 0 48 1.05956
4 2 3 1.02734
8 0 0 1.05438
9 0 0 0.94572
5 0 0 1.11402
3 0 0 0.790145

3
1 3 1165 0.867068
2 0 0 0.864684
3 0 0 0.870309

3
1 1 1 0.809711
2 0 0 0.94902
3 0 0 0.775519

3
1 1 2 0.904691
2 0 0 0.902441
3 0 0 0.941095

3
1 1 1 0.891276
2 0 0 0.975305
3 0 0 0.90914

5
1 1 2 0.795738
2 0 0 0.805695
3 3 4653 1.07276
6 0 0 1.02858
7 0 0 0.859212

1
1 0 0 0.765336

1
1 0 0 0.803717

3
1 1 2 0.896992
2 0 0 0.731762
3 0 0 0.910423

3
1 1 1 0.881057
2 0 0 1.09619
3 0 0 0.863129

1
1 0 0 0.845609

1
1 0 0 0.824075

3
1 1 2 0.825032
2 0 0 0.743859
3 0 0 0.899645

5
1 3 5320 0.819973
2 0 0 0.812944
3 0 2263 0.953716
6 0 0 0.97452
7 0 0 1.06323

3
1 0 1221 0.88495
2 0 0 1.0322
3 0 0 0.768159

3
1 1 1 0.885029
2 0 0 0.989732
3 0 0 0.827466

3
1 0 216 0.87639
2 0 0 1.02408
3 0 0 0.908472

3
1 0 690 0.935354
2 0 0 0.95084
3 0 0 0.897726

3
1 0 3859 0.911241
2 0 0 0.996337
3 0 0 0.943875

3
1 1 1 0.830463
2 0 0 0.945621
3 0 0 0.887144

3
1 0 382 0.797179
2 0 0 1.01905
3 0 0 0.791451

3
1 0 7845 0.894354
2 0 0 0.897964
3 0 0 0.857779

3
1 0 2059 0.883168
2 0 0 0.867186
3 0 0 0.871531

3
1 3 3133 0.864624
2 0 0 0.913833
3 0 0 0.953417

5
1 0 146 0.796181
2 0 0 1.13559
3 1 1 0.873206
6 0 0 1.00004
7 0 0 0.802521

3
1 0 179 0.85838
2 0 0 0.964255
3 0 0 0.838508

3
1 0 7432 0.826389
2 0 0 1.05093
3 0 0 0.951815

3
1 1 1 0.848041
2 0 0 0.955256
3 0 0 0.72234

3
1 1 1 0.86428
2 0 0 0.943645
3 0 0 0.716619

3
1 1 1 0.88575
2 0 0 0.979681
3 0 0 0.865191

3
1 2 1 0.816028
2 0 0 0.933288
3 0 0 0.826006

1
1 0 0 0.74375

5
1 1 1 0.831771
2 0 5821 0.874391
4 0 0 0.91804
5 0 0 0.911521
3 0 0 0.783662

3
1 1 1 0.870147
2 0 0 1.02849
3 0 0 0.840952

1
1 0 0 0.771264

7
1 1 2 0.855366
2 0 0 0.836927
3 0 5729 1.0918
6 0 4448 1.04283
12 0 0 1.06401
13 0 0 0.854283
7 0 0 0.907283

3
1 3 5389 0.846621
2 0 0 0.701524
3 0 0 0.960512

5
1 1 2 0.896159
2 0 0 0.870873
3 0 6197 1.00301
6 0 0 1.05405
7 0 0 1.03053

5
1 1 1 0.933746
2 0 0 0.978087
3 0 1300 0.933585
6 0 0 0.971104
7 0 0 0.878348

5
1 1 2 0.853498
2 0 0 0.816311
3 3 2797 1.0404
6 0 0 1.0906
7 0 0 0.952778

3
1 3 5058 0.899632
2 0 0 0.893741
3 0 0 0.906941

3
1 1 2 0.861107
2 0 0 0.777253
3 0 0 0.957299

3
1 0 9592 0.894215
2 0 0 0.909598
3 0 0 0.888577

1
1 0 0 0.916593

3
1 0 1520 0.858211
2 0 0 0.853583
3 0 0 0.859177

3
1 0 6778 0.836802
2 0 0 1.04507
3 0 0 0.976352

5
1 1 1 0.849629
2 2 1 1.02421
4 0 0 1.07156
5 0 0 1.02465
3 0 0 0.831679

3
1 1 1 0.893215
2 0 0 0.951597
3 0 0 0.86946

3
1 1 2 0.921079
2 0 0 0.904666
3 0 0 0.919959

3
1 2 1 0.967439
2 0 0 0.869935
3 0 0 0.979548

5
1 3 952 0.859621
2 1 1 0.868984
4 0 0 1.18709
5 0 0 0.927442
3 0 0 0.842552

3
1 1 2 0.92297
2 0 0 0.783642
3 0 0 0.966182

3
1 2 4 0.875932
2 0 0 0.909974
3 0 0 1.02039

3
1 0 5813 0.834706
2 0 0 0.840274
3 0 0 0.944211

3
1 3 2381 0.838074
2 0 0 0.860826
3 0 0 0.824954

3
1 3 5034 0.899543
2 0 0 0.93875
3 0 0 0.845665

5
1 1 1 0.897645
2 0 7668 0.990137
4 0 0 1.01097
5 0 0 1.02047
3 0 0 0.783016

3
1 3 2951 0.966625
2 0 0 1.05226
3 0 0 0.982841

3
1 1 2 0.9428
2 0 0 0.963424
3 0 0 0.894458

1
1 0 0 0.842762

3
1 0 478 0.936852
2 0 0 0.946017
3 0 0 0.910506

3
1 3 1419 0.844446
2 0 0 1.00539
3 0 0 0.891216

1
1 0 0 0.878097

3
1 1 2 0.884402
2 0 0 0.997662
3 0 0 1.05729

7
1 3 2942 0.860763
2 0 0 0.908147
3 2 1 0.927722
6 0 0 0.821386
7 0 155 1.06777
14 0 0 0.920507
15 0 0 0.913054

3
1 1 1 0.82497
2 0 0 1.01541
3 0 0 0.914578

1
1 0 0 0.867671

1
1 0 0 0.769643

3
1 2 4 0.837571
2 0 0 0.806917
3 0 0 0.972245

1
1 0 0 0.875894

3
1 1 1 0.775721
2 0 0 0.923076
3 0 0 0.809937

3
1 1 1 0.880051
2 0 0 1.11505
3 0 0 0.909509

3
1 2 3 0.894017
2 0 0 0.846788
3 0 0 0.959041

3
1 1 1 0.893613
2 0 0 1.11434
3 0 0 0.708326

3
1 2 2 0.834326
2 0 0 0.939931
3 0 0 0.846098

3
1 1 2 0.778172
2 0 0 0.785976
3 0 0 0.926437

1
1 0 0 0.814795

3
1 0 458 0.779483
2 0 0 0.947352
3 0 0 0.74408

1
1 0 0 0.761272

1
1 0 0 0.82329

5
1 3 5128 0.970668
2 1 2 0.935758
4 0 0 0.841608
5 0 0 1.00725
3 0 0 0.96658

5
1 0 1819 0.951009
2 2 3 0.942842
4 0 0 1.01804
5 0 0 1.02517
3 0 0 0.91223

3
1 1 1 0.828873
2 0 0 0.929225
3 0 0 0.813082

3
1 1 1 0.874577
2 0 0 0.975378
3 0 0 0.766159

3
1 3 2577 0.971194
2 0 0 0.965889
3 0 0 0.956479

3
1 0 5065 0.871193
2 0 0 0.900444
3 0 0 0.954775

3
1 3 124 0.821405
2 0 0 1.04133
3 0 0 0.806206

3
1 0 302 0.871371
2 0 0 1.01236
3 0 0 0.882533

7
1 0 2345 0.856845
2 2 3 0.998896
4 3 3869 0.961365
8 0 0 0.943504
9 0 0 1.03717
5 0 0 0.882218
3 0 0 1.02217

3
1 1 1 0.89496
2 0 0 0.956423
3 0 0 0.850029

3
1 1 1 0.895791
2 0 0 1.00304
3 0 0 0.869352

5
1 3 4178 0.952954
2 1 1 0.913414
4 0 0 1.0586
5 0 0 0.881095
3 0 0 0.825543

3
1 3 2544 0.873085
2 0 0 1.00764
3 0 0 0.897412

1
1 0 0 0.858912

3
1 1 1 0.832567
2 0 0 0.903534
3 0 0 0.790169

1
1 0 0 0.781278

1
1 0 0 0.834311

3
1 0 108 0.865529
2 0 0 0.858995
3 0 0 0.793784

1
1 0 0 0.861078

3
1 1 1 0.84915
2 0 0 0.971901
3 0 0 0.901465

7
1 3 1669 0.844034
2 0 0 0.853237
3 1 1 0.881162
6 0 6533 1.05344
12 0 0 0.94355
13 0 0 1.05248
7 0 0 0.782439

3
1 3 101 0.80404
2 0 0 1.00912
3 0 0 0.89041

1
1 0 0 0.871484

3
1 1 1 0.859184
2 0 0 1.01948
3 0 0 0.762487

5
1 1 2 0.851279
2 0 0 0.886217
3 3 2356 0.991456
6 0 0 0.970154
7 0 0 1.05488

3
1 0 3850 0.920111
2 0 0 1.00623
3 0 0 0.923556

1
1 0 0 0.738316

3
1 1 1 0.809642
2 0 0 0.850589
3 0 0 0.798951

1
1 0 0 0.810522

3
1 2 1 0.822125
2 0 0 0.93517
3 0 0 0.879066

1
1 0 0 0.759313

3
1 1 2 0.956069
2 0 0 0.979588
3 0 0 0.986282

1
1 0 0 0.915545

5
1 1 1 0.907497
2 3 3549 0.995401
4 0 0 0.940269
5 0 0 0.964627
3 0 0 0.721048

7
1 3 2018 0.839526
2 2 2 0.975
4 2 1 0.929124
8 0 0 0.911917
9 0 0 0.913724
5 0 0 1.03982
3 0 0 0.963044

5
1 0 239 0.822207
2 1 1 1.04302
4 0 0 0.878835
5 0 0 0.923791
3 0 0 0.731366

3
1 2 3 0.869785
2 0 0 0.858395
3 0 0 0.911593

1
1 0 0 0.712556

3
1 2 3 0.870981
2 0 0 0.770848
3 0 0 0.928868

3
1 0 1059 0.855526
2 0 0 1.00434
3 0 0 0.801753

7
1 0 9560 0.836228
2 1 1 0.876398
4 0 0 1.05345
5 1 2 0.906091
10 0 0 0.940434
11 0 0 0.998394
3 0 0 0.841397

1
1 0 0 0.695834

3
1 1 1 0.820584
2 0 0 1.09041
3 0 0 0.819647

3
1 2 1 0.894552
2 0 0 0.930984
3 0 0 0.952246

3
1 0 115 0.804036
2 0 0 0.962824
3 0 0 0.800736

3
1 2 4 0.906907
2 0 0 0.919137
3 0 0 0.898347

3
1 1 1 0.86151
2 0 0 1.04254
3 0 0 0.789468

3
1 0 1991 0.88364
2 0 0 0.905159
3 0 0 0.862804

3
1 1 1 0.86428
2 0 0 0.964075
3 0 0 0.948595

3
1 1 1 0.88575
2 0 0 0.976513
3 0 0 0.763816

3
1 0 749 0.874256
2 0 0 1.12388
3 0 0 0.846843

1
1 0 0 0.827361

7
1 0 1185 0.856771
2 3 5265 0.930231
4 0 0 1.01237
5 0 0 0.971744
3 1 1 0.830744
6 0 0 0.953362
7 0 0 0.999311

3
1 1 1 0.870147
2 0 0 1.0797
3 0 0 0.780971

3
1 2 2 0.856865
2 0 0 0.946877
3 0 0 0.973772

3
1 1 2 0.854772
2 0 0 0.706574
3 0 0 0.923907

3
1 1 1 0.814339
2 0 0 0.912364
3 0 0 0.827758

1
1 0 0 0.751423

5
1 0 974 0.838831
2 3 4607 1.00441
4 0 0 1.02754
5 0 0 0.93284
3 0 0 0.803146

3
1 1 1 0.723774
2 0 0 0.999833
3 0 0 0.686317

3
1 1 1 0.892007
2 0 0 1.02642
3 0 0 0.695171

3
1 1 2 0.861107
2 0 0 0.737819
3 0 0 0.845341

5
1 0 1271 0.914724
2 1 1 0.981634
4 0 0 0.985227
5 0 0 1.02471
3 0 0 0.895083

3
1 3 814 0.911909
2 0 0 0.862963
3 0 0 0.890741

3
1 1 2 0.866233
2 0 0 0.851684
3 0 0 1.06978

3
1 3 1084 0.922967
2 0 0 0.982316
3 0 0 0.916723

3
1 3 190 0.89676
2 0 0 0.937112
3 0 0 0.866721

5
1 0 5968 0.880742
2 1 2 1.05733
4 0 0 1.07504
5 0 0 1.0998
3 0 0 0.815065

3
1 1 2 0.921079
2 0 0 0.778017
3 0 0 0.894763

3
1 3 4325 0.987314
2 0 0 0.95836
3 0 0 0.927227

3
1 1 2 0.835834
2 0 0 0.812689
3 0 0 0.964761

5
1 3 557 0.912825
2 0 0 1.0571
3 3 763 0.93009
6 0 0 1.03506
7 0 0 0.921157

3
1 2 2 0.896237
2 0 0 0.85174
3 0 0 0.973211

3
1 3 34 0.913598
2 0 0 0.988019
3 0 0 0.843243

3
1 1 1 0.836018
2 0 0 1.04418
3 0 0 0.879291

5
1 3 701 0.858312
2 0 0 0.866304
3 1 2 0.886026
6 0 0 0.871452
7 0 0 0.990604

5
1 1 1 0.866509
2 0 9166 0.926294
4 0 0 0.99354
5 0 0 0.988777
3 0 0 0.757092

3
1 1 2 0.819752
2 0 0 0.810875
3 0 0 1.02706

5
1 0 7587 0.853825
2 1 1 1.00013
4 0 0 1.04248
5 0 0 0.904521
3 0 0 0.910917

3
1 3 5142 0.899211
2 0 0 0.852684
3 0 0 0.92935

3
1 2 4 0.921066
2 0 0 0.889718
3 0 0 1.03876

3
1 3 2221 0.91001
2 0 0 0.961214
3 0 0 0.910828

1
1 0 0 0.829125

5
1 3 2871 0.915063
2 3 309 0.991281
4 0 0 1.19513
5 0 0 0.980932
3 0 0 0.775272

3
1 0 7719 0.932898
2 0 0 0.960559
3 0 0 0.802709

3
1 1 2 0.866679
2 0 0 0.850559
3 0 0 1.04015

3
1 3 5299 0.858222
2 0 0 0.839749
3 0 0 1.00786

5
1 1 1 0.928896
2 0 1840 0.966639
4 0 0 0.974287
5 0 0 0.969067
3 0 0 0.880398

3
1 3 3638 1.0082
2 0 0 0.962236
3 0 0 0.976759

5
1 3 2328 0.909985
2 0 0 1.06375
3 0 6833 1.02619
6 0 0 1.06199
7 0 0 1.01579

1
1 0 0 0.982498

3
1 1 1 0.954461
2 0 0 0.902869
3 0 0 0.85023

7
1 1 1 0.976635
2 3 4948 0.977438
4 0 0 0.980987
5 0 0 1.08319
3 1 2 0.950532
6 0 0 0.881393
7 0 0 0.981145

3
1 1 1 0.919612
2 0 0 1.00231
3 0 0 0.88881

3
1 0 2576 0.863488
2 0 0 1.00427
3 0 0 0.882699

3
1 0 5212 0.94222
2 0 0 0.873405
3 0 0 0.76439

3
1 0 238 0.802577
2 0 0 1.01683
3 0 0 0.82828

3
1 3 800 0.891633
2 0 0 0.965379
3 0 0 0.974151

3
1 1 2 1.02117
2 0 0 0.953594
3 0 0 1.00556

5
1 0 5269 0.964531
2 1 2 0.980753
4 0 0 0.999451
5 0 0 1.02601
3 0 0 0.917237

1
1 0 0 0.769315

1
1 0 0 0.883001

3
1 1 1 0.828873
2 0 0 0.984174
3 0 0 0.816834

1
1 0 0 0.809027

3
1 1 1 0.852218
2 0 0 0.931809
3 0 0 0.795584

3
1 3 1302 0.92913
2 0 0 0.983771
3 0 0 0.915331

1
1 0 0 0.838211

5
1 3 2019 0.998965
2 0 0 0.968764
3 3 2452 0.966627
6 0 0 1.06402
7 0 0 0.997827

5
1 3 3099 0.912818
2 0 3657 0.979721
4 0 0 0.879143
5 0 0 0.971849
3 0 0 0.890187

3
1 1 1 0.89496
2 0 0 0.97971
3 0 0 0.741874

3
1 1 1 0.866026
2 0 0 0.925892
3 0 0 0.820561

3
1 3 37 0.770896
2 0 0 1.06597
3 0 0 0.776222

3
1 3 1285 0.896393
2 0 0 0.973199
3 0 0 0.907166

5
1 3 1745 0.961003
2 0 0 0.936492
3 0 3678 0.967493
6 0 0 0.96271
7 0 0 0.894667

3
1 3 1094 0.967237
2 0 0 0.866433
3 0 0 0.868721

3
1 1 1 0.880434
2 0 0 1.17414
3 0 0 0.931966

3
1 0 313 0.871066
2 0 0 0.982712
3 0 0 0.882771

7
1 3 3034 0.808574
2 3 2935 1.00372
4 0 9732 0.993202
8 0 0 1.03563
9 0 0 0.990356
5 0 0 1.02947
3 0 0 0.841792

1
1 0 0 0.74371

3
1 0 535 0.819833
2 0 0 1.08911
3 0 0 0.706355

3
1 3 2344 0.984806
2 0 0 0.877732
3 0 0 0.926752

5
1 0 6804 0.921705
2 0 6709 0.893872
4 0 0 1.06191
5 0 0 1.00989
3 0 0 0.861869

3
1 0 255 0.814564
2 0 0 0.952727
3 0 0 0.849772

3
1 3 2584 0.906299
2 0 0 0.93602
3 0 0 0.961185

5
1 0 363 0.888244
2 2 3 0.9997
4 0 0 1.017
5 0 0 1.06052
3 0 0 0.834104

3
1 1 2 0.894085
2 0 0 0.843907
3 0 0 1.00092

3
1 2 4 0.844311
2 0 0 0.805145
3 0 0 0.960343

3
1 1 1 0.809642
2 0 0 0.899999
3 0 0 0.83143

3
1 2 4 0.834883
2 0 0 0.80015
3 0 0 0.878684

1
1 0 0 0.844023

5
1 1 2 0.882183
2 0 0 0.910067
3 2 4 1.06365
6 0 0 1.0544
7 0 0 1.02678

1
1 0 0 0.824772

5
1 1 1 0.863705
2 0 7243 1.03218
4 0 0 1.01133
5 0 0 0.977166
3 0 0 0.76886

5
1 0 9734 0.847535
2 0 0 0.932042
3 0 9890 1.00361
6 0 0 1.00873
7 0 0 0.976992

3
1 1 1 0.924122
2 0 0 1.06289
3 0 0 0.736575

7
1 1 1 0.854128
2 2 2 0.987054
4 0 0 0.976538
5 0 9771 0.963365
10 0 0 0.912028
11 0 0 0.924941
3 0 0 0.72508

3
1 3 58 0.805623
2 0 0 1.01334
3 0 0 0.870251

1
1 0 0 0.79431

3
1 1 2 0.835349
2 0 0 0.839033
3 0 0 1.04218

1
1 0 0 0.745133

3
1 2 1 0.84527
2 0 0 0.965686
3 0 0 0.883314

3
1 0 367 0.698343
2 0 0 0.909546
3 0 0 0.685731

3
1 2 1 0.850849
2 0 0 0.868932
3 0 0 0.854981

1
1 0 0 0.74868

5
1 1 1 0.888249
2 2 3 1.02217
4 0 0 1.08258
5 0 0 0.971891
3 0 0 0.776787

3
1 3 2627 0.875568
2 0 0 0.86891
3 0 0 0.901115

3
1 1 1 0.86151
2 0 0 0.98446
3 0 0 0.839059

3
1 3 5196 0.932288
2 0 0 0.9396
3 0 0 1.05368

3
1 1 2 0.848639
2 0 0 0.812602
3 0 0 1.00622

3
1 1 2 0.768252
2 0 0 0.687684
3 0 0 0.97987

1
1 0 0 0.771495

3
1 0 6744 0.841645
2 0 0 0.804439
3 0 0 1.04809

3
1 1 1 0.901894
2 0 0 0.922111
3 0 0 0.783225

5
1 1 1 0.870147
2 3 4018 0.952864
4 0 0 0.951991
5 0 0 0.969003
3 0 0 0.837322

5
1 1 2 0.844667
2 0 0 0.851995
3 3 3559 0.929135
6 0 0 0.960793
7 0 0 0.936097

5
1 0 3775 0.856681
2 0 0 0.959146
3 2 2 0.980468
6 0 0 0.926444
7 0 0 1.05247

3
1 1 1 0.907832
2 0 0 1.0111
3 0 0 0.667898

7
1 1 2 0.957511
2 0 0 0.911106
3 0 8095 0.968462
6 3 388 0.903009
12 0 0 1.02097
13 0 0 0.959095
7 0 0 0.913599

11
1 1 2 0.96699
2 1 1 0.933223
4 2 3 0.914545
8 2 1 0.915823
16 0 0 0.965747
17 0 0 0.909625
9 0 0 1.06692
5 0 0 0.908331
3 0 2250 0.935505
6 0 0 0.952286
7 0 0 0.947527

3
1 1 1 0.723774
2 0 0 0.93469
3 0 0 0.854353

3
1 1 1 0.892007
2 0 0 1.05201
3 0 0 0.749456

5
1 2 4 0.84056
2 0 0 0.975549
3 0 2099 0.951186
6 0 0 1.05611
7 0 0 0.92291

3
1 1 1 0.830069
2 0 0 1.06297
3 0 0 0.838405

7
1 1 2 0.896428
2 0 0 0.740136
3 2 4 1.01008
6 0 0 0.978978
7 0 6831 1.01191
14 0 0 1.10529
15 0 0 1.0754

1
1 0 0 0.756143

3
1 1 1 0.931775
2 0 0 0.913324
3 0 0 0.787044

3
1 1 1 0.853585
2 0 0 0.937005
3 0 0 0.889205

5
1 2 3 0.900481
2 0 0 0.842932
3 2 4 0.968449
6 0 0 0.990808
7 0 0 0.968855

3
1 3 248 0.750548
2 0 0 0.999344
3 0 0 0.769067

3
1 0 2928 0.892975
2 0 0 0.994723
3 0 0 0.794194

3
1 2 1 0.838568
2 0 0 0.872254
3 0 0 0.848311

1
1 0 0 0.835678

3
1 3 5257 0.878582
2 0 0 0.893504
3 0 0 0.92105

1
1 0 0 0.85168

3
1 3 2418 0.938242
2 0 0 0.916482
3 0 0 0.887286

3
1 0 1598 0.95179
2 0 0 0.951023
3 0 0 0.948165

3
1 1 1 0.866509
2 0 0 1.1419
3 0 0 0.927513

3
1 2 1 0.817653
2 0 0 0.94642
3 0 0 0.864878

3
1 1 1 0.892278
2 0 0 0.986001
3 0 0 0.762198

3
1 3 864 0.893682
2 0 0 0.923825
3 0 0 0.858143

5
1 0 3833 0.964039
2 1 1 0.943162
4 0 0 1.04975
5 0 0 0.88311
3 0 0 1.0015

3
1 3 1708 0.876831
2 0 0 0.94361
3 0 0 0.897877

3
1 1 2 0.844059
2 0 0 0.810811
3 0 0 0.906125

5
1 0 1413 0.876634
2 0 1218 0.985223
4 0 0 1.10212
5 0 0 1.05557
3 0 0 0.942975

5
1 0 2487 0.830837
2 2 4 0.930007
4 0 0 0.994662
5 0 0 0.971829
3 0 0 0.811069

3
1 3 212 0.962636
2 0 0 1.13264
3 0 0 0.824859

3
1 1 1 0.92969
2 0 0 1.14126
3 0 0 0.930616

5
1 1 1 0.794817
2 0 0 0.836821
3 0 1107 0.752729
6 0 0 0.983752
7 0 0 0.728631

5
1 1 1 0.813518
2 0 0 0.900493
3 1 2 0.970242
6 0 0 0.861429
7 0 0 1.05086

5
1 1 1 0.934981
2 0 0 0.950696
3 3 2938 0.995911
6 0 0 1.0335
7 0 0 0.900925

3
1 1 1 0.992066
2 0 0 0.994025
3 0 0 0.857479

3
1 0 466 0.899913
2 0 0 1.0657
3 0 0 0.911748

3
1 1 1 0.900371
2 0 0 0.96124
3 0 0 0.894938

3
1 1 2 0.816867
2 0 0 0.816927
3 0 0 1.07656

3
1 1 2 0.853664
2 0 0 0.806157
3 0 0 1.00555

3
1 2 1 1.03394
2 0 0 1.03559
3 0 0 0.8895

3
1 3 147 0.821962
2 0 0 1.01962
3 0 0 1.0422

3
1 0 1109 0.864327
2 0 0 0.971283
3 0 0 0.825535

9
1 3 4219 0.923083
2 1 1 0.970025
4 0 0 0.91374
5 3 4008 0.906599
10 3 1239 0.983208
20 0 0 0.994107
21 0 0 0.988328
11 0 0 1.07172
3 0 0 0.942366

3
1 1 1 0.932041
2 0 0 1.13373
3 0 0 0.845562

3
1 1 1 0.926923
2 0 0 0.927878
3 0 0 0.82203

5
1 1 2 0.951353
2 0 0 0.945702
3 0 4252 0.957058
6 0 0 0.992182
7 0 0 1.03574

3
1 0 1489 0.818424
2 0 0 0.977306
3 0 0 0.86471

1
1 0 0 0.814236

3
1 3 3703 0.894513
2 0 0 0.902474
3 0 0 0.860219

3
1 1 2 0.906688
2 0 0 0.764522
3 0 0 1.03093

7
1 0 1173 0.946719
2 0 973 1.004
4 0 0 1.02047
5 0 0 1.08103
3 1 1 0.961428
6 0 0 0.954545
7 0 0 0.92846

3
1 2 4 0.925774
2 0 0 0.949318
3 0 0 0.96704

3
1 3 192 0.767285
2 0 0 0.952849
3 0 0 0.780718

7
1 3 3747 0.887021
2 1 2 1.04628
4 0 7036 0.967505
8 0 0 0.928618
9 0 0 0.923112
5 0 0 1.03413
3 0 0 0.931276

3
1 1 1 0.942884
2 0 0 1.03858
3 0 0 0.835411

5
1 1 1 0.831523
2 0 0 1.09102
3 3 3116 0.796989
6 0 0 0.921097
7 0 0 0.911726

3
1 2 1 0.896298
2 0 0 1.00476
3 0 0 0.892649

3
1 0 6940 0.889673
2 0 0 0.895555
3 0 0 0.862969

5
1 3 4075 0.990486
2 2 4 0.976677
4 0 0 0.98147
5 0 0 0.905772
3 0 0 0.980533

5
1 1 1 0.880434
2 0 0 0.956869
3 1 2 0.830383
6 0 0 0.87603
7 0 0 0.922715

1
1 0 0 0.769902

5
1 3 103 0.817901
2 2 4 1.01814
4 0 0 0.986811
5 0 0 0.951575
3 0 0 0.936006

3
1 1 2 0.878932
2 0 0 0.730314
3 0 0 0.962071

3
1 3 2872 0.873995
2 0 0 0.93161
3 0 0 0.705983

1
1 0 0 0.816121

1
1 0 0 0.804445

5
1 1 2 0.871132
2 0 0 0.756077
3 3 4910 1.00667
6 0 0 0.952822
7 0 0 0.997131

3
1 0 744 0.954939
2 0 0 0.98569
3 0 0 0.929898

5
1 1 2 0.812339
2 0 0 0.832846
3 3 1121 0.85534
6 0 0 0.916815
7 0 0 0.896404

3
1 2 4 0.872826
2 0 0 0.913109
3 0 0 0.885932

3
1 3 5202 0.860916
2 0 0 0.83567
3 0 0 0.908566

3
1 1 1 0.816443
2 0 0 1.10765
3 0 0 0.886564

1
1 0 0 0.873652

3
1 1 1 0.932034
2 0 0 0.948273
3 0 0 0.806138

3
1 0 6283 0.966982
2 0 0 0.947491
3 0 0 0.87601

1
1 0 0 0.825915

3
1 1 1 0.863705
2 0 0 1.11412
3 0 0 0.808205

5
1 1 1 0.800666
2 0 7390 1.0283
4 0 0 1.01202
5 0 0 1.05083
3 0 0 0.837831

1
1 0 0 0.794182

3
1 1 1 0.854128
2 0 0 0.918689
3 0 0 0.920103

1
1 0 0 0.842265

3
1 2 3 0.813356
2 0 0 0.785158
3 0 0 0.821903

1
1 0 0 0.826826

3
1 1 1 0.845619
2 0 0 1.00939
3 0 0 0.847472

3
1 0 1404 0.869617
2 0 0 0.956874
3 0 0 0.695546

3
1 2 1 0.906863
2 0 0 0.882273
3 0 0 0.988788

3
1 3 271 0.747868
2 0 0 1.03402
3 0 0 0.805742

1
1 0 0 0.778739

1
1 0 0 0.793392

3
1 0 8629 0.820736
2 0 0 0.810165
3 0 0 0.809303

3
1 1 2 0.864968
2 0 0 0.877645
3 0 0 1.00408

3
1 0 619 0.815557
2 0 0 1.16313
3 0 0 0.791703

1
1 0 0 0.861603

3
1 1 1 0.873271
2 0 0 0.979689
3 0 0 0.794065

3
1 0 271 0.787881
2 0 0 1.04626
3 0 0 0.753708

3
1 1 1 0.887236
2 0 0 1.05644
3 0 0 0.852614

3
1 0 5314 0.834607
2 0 0 0.98281
3 0 0 0.883194

7
1 0 194 0.842131
2 2 2 1.07759
4 0 37 1.08593
8 0 0 1.02833
9 0 0 1.01926
5 0 0 1.01569
3 0 0 0.842876

3
1 1 2 0.844667
2 0 0 0.762965
3 0 0 0.905851

3
1 1 1 0.904037
2 0 0 1.00713
3 0 0 0.818639

3
1 3 2095 0.793827
2 0 0 0.970411
3 0 0 0.776272

3
1 3 5160 0.820416
2 0 0 0.769674
3 0 0 0.953627

5
1 1 2 0.96699
2 0 0 0.820909
3 3 1601 0.971654
6 0 0 0.966906
7 0 0 0.964676

3
1 1 1 0.858471
2 0 0 1.00804
3 0 0 0.780877

3
1 1 1 0.892007
2 0 0 0.961711
3 0 0 0.852796

3
1 2 4 0.837202
2 0 0 0.809773
3 0 0 0.912141

5
1 1 1 0.830069
2 0 0 0.96732
3 1 2 0.927642
6 0 0 0.891204
7 0 0 0.998645

1
1 0 0 0.862393

3
1 1 1 0.870095
2 0 0 0.951685
3 0 0 0.827159

3
1 3 5396 0.746375
2 0 0 0.741742
3 0 0 1.01689

5
1 3 1217 0.911453
2 2 1 0.972156
4 0 0 1.16308
5 0 0 0.948185
3 0 0 0.828696

1
1 0 0 0.913446

3
1 1 1 0.928937
2 0 0 1.08292
3 0 0 0.888789

3
1 1 1 0.908779
2 0 0 1.05796
3 0 0 0.764201

3
1 1 2 0.959357
2 0 0 0.982822
3 0 0 0.98107

5
1 1 1 0.822084
2 0 4979 1.03868
4 0 0 0.908575
5 0 0 0.970619
3 0 0 0.776784

1
1 0 0 0.730762

3
1 1 2 0.927971
2 0 0 0.922475
3 0 0 1.11004

3
1 0 1748 0.845195
2 0 0 1.013
3 0 0 0.883776

3
1 2 4 0.858669
2 0 0 0.818684
3 0 0 0.961317

3
1 1 2 0.894039
2 0 0 0.827003
3 0 0 0.850686

3
1 1 2 0.838715
2 0 0 0.892899
3 0 0 1.04206

3
1 0 7675 0.864068
2 0 0 0.906995
3 0 0 0.854387

3
1 1 1 0.962345
2 0 0 0.924904
3 0 0 0.730559

3
1 1 1 0.926306
2 0 0 1.02227
3 0 0 0.904571

7
1 0 3401 0.842314
2 0 2896 0.864348
4 0 0 0.890016
5 1 2 1.02872
10 0 0 1.11744
11 0 0 1.00956
3 0 0 0.834586

3
1 3 3663 0.913392
2 0 0 0.92242
3 0 0 0.882748

5
1 3 1152 0.909101
2 0 0 0.907199
3 2 2 0.904266
6 0 0 0.822995
7 0 0 0.945767

5
1 0 8125 0.969544
2 0 0 0.948207
3 0 8182 0.909675
6 0 0 1.04638
7 0 0 0.898862

1
1 0 0 0.847022

3
1 2 4 0.873829
2 0 0 0.932805
3 0 0 0.928263

1
1 0 0 0.921673

1
1 0 0 0.772298

5
1 1 1 0.934981
2 0 6866 0.974769
4 0 0 0.959261
5 0 0 0.951717
3 0 0 0.773783

3
1 0 2354 0.887605
2 0 0 0.955957
3 0 0 0.880395

3
1 1 1 0.864597
2 0 0 1.05878
3 0 0 0.814812

5
1 1 1 0.928859
2 0 2749 1.05054
4 0 0 1.00554
5 0 0 1.0406
3 0 0 0.828438

3
1 1 1 0.875927
2 0 0 1.0441
3 0 0 0.776524

1
1 0 0 0.788065

3
1 1 1 0.806351
2 0 0 0.995765
3 0 0 0.688695

3
1 1 2 0.869126
2 0 0 0.867846
3 0 0 0.887431

3
1 1 1 0.791802
2 0 0 1.09722
3 0 0 0.826245

3
1 2 4 0.804502
2 0 0 0.769983
3 0 0 0.851494

5
1 1 1 0.932041
2 0 0 0.999635
3 1 2 0.892674
6 0 0 0.765582
7 0 0 1.03482

3
1 0 3606 0.850892
2 0 0 0.871533
3 0 0 0.855083

5
1 0 4608 0.931434
2 3 778 0.993222
4 0 0 0.949026
5 0 0 1.0707
3 0 0 0.873007

3
1 1 2 0.881541
2 0 0 0.777113
3 0 0 0.96378

1
1 0 0 0.76902

3
1 2 2 1.00713
2 0 0 1.03016
3 0 0 0.991538

5
1 3 1415 0.953636
2 2 2 1.00178
4 0 0 0.961837
5 0 0 1.03874
3 0 0 0.815998

3
1 3 630 0.929503
2 0 0 0.926576
3 0 0 0.944724

3
1 1 1 1.05327
2 0 0 1.11546
3 0 0 0.888426

3
1 3 3333 0.918649
2 0 0 0.959011
3 0 0 0.942793

5
1 3 933 0.841656
2 0 0 0.928408
3 1 2 0.866586
6 0 0 0.929215
7 0 0 1.16262

3
1 3 800 0.841593
2 0 0 1.02493
3 0 0 0.966595

3
1 1 1 0.869111
2 0 0 0.902064
3 0 0 0.742841

3
1 3 68 0.851594
2 0 0 1.00091
3 0 0 0.909187

7
1 1 2 0.929868
2 0 0 0.941299
3 2 2 1.00286
6 0 0 0.918719
7 3 1115 0.912244
14 0 0 1.04344
15 0 0 0.999029

5
1 1 1 0.871772
2 0 3983 0.964223
4 0 0 1.01573
5 0 0 0.999475
3 0 0 0.855867

5
1 3 4067 0.938704
2 0 5448 0.962833
4 0 0 0.926169
5 0 0 0.922697
3 0 0 0.983585

3
1 2 1 0.848921
2 0 0 0.876874
3 0 0 0.922182

5
1 0 3619 0.968371
2 3 1688 0.882066
4 0 0 1.06216
5 0 0 0.904916
3 0 0 0.881436

3
1 2 2 0.866478
2 0 0 0.831794
3 0 0 0.981344

3
1 3 2872 0.873995
2 0 0 1.00815
3 0 0 0.811291

1
1 0 0 0.759106

3
1 0 1087 0.927349
2 0 0 0.995758
3 0 0 0.917972

3
1 2 2 0.863515
2 0 0 0.875245
3 0 0 0.864058

3
1 0 5849 0.852457
2 0 0 0.881795
3 0 0 0.894491

1
1 0 0 0.848738

1
1 0 0 0.831677

1
1 0 0 0.864634

3
1 1 2 0.903684
2 0 0 0.755864
3 0 0 1.00415

3
1 0 863 0.841555
2 0 0 0.851531
3 0 0 0.839316

5
1 1 1 0.931429
2 2 4 0.958808
4 0 0 0.986465
5 0 0 1.01155
3 0 0 0.903531

3
1 1 2 0.855062
2 0 0 0.847681
3 0 0 0.939973

3
1 0 4633 0.856223
2 0 0 0.888207
3 0 0 0.764694

5
1 1 1 0.863705
2 0 0 0.953003
3 0 70 0.843196
6 0 0 1.06238
7 0 0 0.842183

5
1 1 1 0.800666
2 3 2990 1.01474
4 0 0 1.02359
5 0 0 0.973421
3 0 0 0.80899

3
1 0 2806 0.881099
2 0 0 0.947804
3 0 0 0.919983

5
1 2 4 0.844483
2 1 2 0.794244
4 0 0 0.851598
5 0 0 0.915867
3 0 0 0.93242

3
1 1 1 0.894111
2 0 0 1.03029
3 0 0 0.674417

3
1 2 2 0.89556
2 0 0 0.978375
3 0 0 1.00377

3
1 3 2188 0.834929
2 0 0 0.926413
3 0 0 0.816386

1
1 0 0 0.790477

3
1 1 1 0.856606
2 0 0 0.948679
3 0 0 0.885486

3
1 1 2 0.976369
2 0 0 0.832751
3 0 0 0.949366

5
1 2 2 0.877609
2 0 0 0.870562
3 2 3 0.881668
6 0 0 0.951934
7 0 0 0.812351

3
1 2 1 0.884809
2 0 0 0.933352
3 0 0 0.863743

3
1 1 1 0.769839
2 0 0 0.940076
3 0 0 0.858149

3
1 3 5167 0.75236
2 0 0 0.800346
3 0 0 1.07055

3
1 1 2 0.769254
2 0 0 0.737147
3 0 0 0.80648

1
1 0 0 0.663359

1
1 0 0 0.774699

7
1 0 1400 0.863418
2 1 1 1.0025
4 0 0 1.02979
5 0 1094 1.00009
10 0 0 0.931838
11 0 0 1.10818
3 0 0 0.824545

3
1 3 2957 0.882488
2 0 0 0.882678
3 0 0 0.893989

5
1 2 2 0.866394
2 0 6626 0.906837
4 0 0 1.00356
5 0 0 0.932487
3 0 0 0.802382

3
1 1 1 0.875274
2 0 0 0.9843
3 0 0 0.756084

5
1 0 288 0.805082
2 1 2 0.944383
4 0 0 0.995629
5 0 0 0.99719
3 0 0 0.861997

3
1 1 2 0.952088
2 0 0 0.896547
3 0 0 1.009

3
1 2 4 0.834742
2 0 0 0.830642
3 0 0 0.955319

3
1 0 554 0.776491
2 0 0 0.917282
3 0 0 0.904377

3
1 1 1 0.954086
2 0 0 0.979855
3 0 0 0.782811

3
1 1 1 0.894241
2 0 0 1.05365
3 0 0 0.807751

3
1 1 1 0.858471
2 0 0 1.16113
3 0 0 0.901723

3
1 0 1038 0.86503
2 0 0 0.950751
3 0 0 0.772122

1
1 0 0 0.768512

1
1 0 0 0.777856

3
1 3 295 0.963966
2 0 0 1.07768
3 0 0 0.717465

5
1 3 1799 0.920267
2 3 11 0.915707
4 0 0 0.950711
5 0 0 0.959044
3 0 0 1.01242

3
1 1 2 0.894353
2 0 0 0.827948
3 0 0 1.0463

3
1 3 4018 0.994755
2 0 0 0.916993
3 0 0 0.950365

3
1 1 1 0.812783
2 0 0 0.92783
3 0 0 0.741524

3
1 1 1 0.928937
2 0 0 0.995935
3 0 0 0.788885

1
1 0 0 0.859745

1
1 0 0 0.804669

1
1 0 0 0.916393

3
1 1 1 0.854418
2 0 0 0.933472
3 0 0 0.802655

1
1 0 0 0.801106

3
1 2 1 0.964526
2 0 0 0.981353
3 0 0 0.948515

3
1 0 1368 0.94237
2 0 0 0.996476
3 0 0 0.78092

3
1 2 2 0.828131
2 0 0 0.854094
3 0 0 0.870425

5
1 0 4129 0.833021
2 0 0 0.866528
3 3 3805 0.932585
6 0 0 1.06379
7 0 0 0.872079

1
1 0 0 0.884793

3
1 2 3 0.934083
2 0 0 0.840147
3 0 0 0.934808

3
1 1 1 0.926306
2 0 0 0.998552
3 0 0 0.912144

3
1 1 2 0.851082
2 0 0 0.877702
3 0 0 0.932538

1
1 0 0 0.73998

1
1 0 0 0.805572

5
1 3 2964 0.911503
2 3 2934 1.03292
4 0 0 0.945125
5 0 0 0.936764
3 0 0 0.774495

5
1 1 2 0.894872
2 0 3488 0.891207
4 0 0 0.958673
5 0 0 0.846789
3 0 0 1.04806

5
1 1 1 0.84005
2 3 5257 1.02938
4 0 0 1.16022
5 0 0 0.839624
3 0 0 0.835284

3
1 0 6695 0.99243
2 0 0 0.976342
3 0 0 0.967148

3
1 3 5330 0.938431
2 0 0 0.929041
3 0 0 0.906545

1
1 0 0 0.92637

5
1 3 4939 0.877863
2 1 2 0.957793
4 0 0 0.968201
5 0 0 1.02304
3 0 0 0.909005

3
1 1 1 0.864597
2 0 0 1.02904
3 0 0 0.771317

5
1 0 240 0.747867
2 2 1 1.04059
4 0 0 0.990416
5 0 0 0.958696
3 0 0 0.764505

9
1 2 1 0.932987
2 0 882 0.893288
4 0 0 1.0794
5 1 1 0.981942
10 0 0 1.03696
11 0 0 1.014
3 0 2202 0.932881
6 0 0 1.0218
7 0 0 0.937315

3
1 3 4538 0.956684
2 0 0 0.996133
3 0 0 0.94518

3
1 1 1 0.880739
2 0 0 1.01754
3 0 0 0.871793

3
1 2 2 0.979309
2 0 0 1.06041
3 0 0 0.971603

3
1 1 1 0.791802
2 0 0 0.891216
3 0 0 0.755203

1
1 0 0 0.765068

3
1 1 1 0.932041
2 0 0 1.10212
3 0 0 0.836117

3
1 3 4581 0.824281
2 0 0 0.861612
3 0 0 0.992193

1
1 0 0 0.837934

3
1 3 2935 0.867275
2 0 0 1.0047
3 0 0 0.748989

3
1 0 1185 0.827427
2 0 0 1.15897
3 0 0 0.799964

3
1 1 2 0.884383
2 0 0 0.914754
3 0 0 0.978431

5
1 1 2 0.863278
2 0 0 0.895643
3 3 95 0.978158
6 0 0 0.973928
7 0 0 0.909249

3
1 3 3688 0.91456
2 0 0 0.939213
3 0 0 0.930235

3
1 1 2 0.87046
2 0 0 0.783489
3 0 0 0.905325

1
1 0 0 0.884352

3
1 1 1 0.843341
2 0 0 1.00882
3 0 0 0.670369

3
1 0 448 0.841212
2 0 0 0.952679
3 0 0 0.793113

1
1 0 0 0.821334

1
1 0 0 0.848004

5
1 2 4 0.887021
2 1 2 1.05585
4 0 0 1.07252
5 0 0 0.997753
3 0 0 0.991455

3
1 3 196 1.00531
2 0 0 0.962783
3 0 0 0.977121

3
1 1 1 0.902891
2 0 0 1.04966
3 0 0 0.907346

3
1 3 3345 0.873904
2 0 0 0.947218
3 0 0 0.850892

3
1 3 4488 0.945167
2 0 0 0.970953
3 0 0 0.850291

3
1 1 1 0.918038
2 0 0 1.03051
3 0 0 0.907693

3
1 0 5884 1.01695
2 0 0 1.01286
3 0 0 0.834958

3
1 0 3673 0.938046
2 0 0 0.821932
3 0 0 0.954074

7
1 3 700 0.907755
2 0 4733 0.91405
4 0 0 1.03091
5 0 7949 0.940588
10 0 0 1.08244
11 0 0 0.950805
3 0 0 0.886684

1
1 0 0 0.80114

3
1 3 3162 0.926317
2 0 0 0.996732
3 0 0 0.892573

3
1 1 2 0.824421
2 0 0 0.860705
3 0 0 1.11232

5
1 0 4954 0.891771
2 0 3478 0.992696
4 0 0 1.05091
5 0 0 0.970593
3 0 0 0.910218

5
1 3 4729 0.854424
2 0 298 0.849714
4 0 0 1.00643
5 0 0 0.858766
3 0 0 0.927712

3
1 1 2 0.785046
2 0 0 0.791273
3 0 0 1.02204

3
1 3 3131 0.842296
2 0 0 0.843398
3 0 0 0.828091

3
1 2 4 0.91886
2 0 0 0.834784
3 0 0 0.9427

1
1 0 0 0.806386

3
1 0 9196 1.03495
2 0 0 0.891402
3 0 0 0.92741

1
1 0 0 0.787965

3
1 1 1 0.800666
2 0 0 0.997348
3 0 0 0.93463

3
1 1 1 0.883862
2 0 0 1.10745
3 0 0 0.721761

5
1 0 6663 0.869922
2 3 1608 0.898005
4 0 0 0.958682
5 0 0 0.893326
3 0 0 0.915362

5
1 0 4634 0.829924
2 1 2 0.890385
4 0 0 0.878929
5 0 0 1.06071
3 0 0 0.76681

1
1 0 0 0.803564

1
1 0 0 0.853527

7
1 1 2 0.883656
2 3 1590 0.946057
4 0 0 0.940999
5 2 2 0.958359
10 0 0 0.947452
11 0 0 0.932813
3 0 0 0.910746

3
1 1 1 0.856606
2 0 0 1.07657
3 0 0 0.813368

3
1 0 4567 0.901974
2 0 0 0.986722
3 0 0 0.885995

1
1 0 0 0.802067

3
1 1 2 0.859582
2 0 0 0.851043
3 0 0 0.999142

5
1 1 1 0.936361
2 3 1852 1.06144
4 0 0 1.08604
5 0 0 1.11522
3 0 0 0.731432

5
1 3 204 0.819194
2 0 837 0.788458
4 0 0 1.10885
5 0 0 1.02465
3 0 0 0.809633

5
1 1 1 0.913379
2 0 389 1.04974
4 0 0 1.13343
5 0 0 0.986611
3 0 0 0.809662

1
1 0 0 0.862286

3
1 3 99 0.815926
2 0 0 0.963125
3 0 0 0.752963

3
1 1 1 0.896567
2 0 0 1.00572
3 0 0 0.867913

3
1 1 1 0.877391
2 0 0 1.02076
3 0 0 0.849732

1
1 0 0 0.786191

1
1 0 0 0.874685

1
1 0 0 0.740358

1
1 0 0 0.902051

1
1 0 0 0.804327

1
1 0 0 0.724656

3
1 1 2 0.86843
2 0 0 0.791847
3 0 0 1.0269

1
1 0 0 0.907244

3
1 1 1 0.858471
2 0 0 1.08525
3 0 0 0.843939

3
1 3 4742 0.854461
2 0 0 0.926135
3 0 0 0.969247

5
1 1 2 0.915988
2 3 3718 0.917746
4 0 0 0.908077
5 0 0 0.985604
3 0 0 0.947124

5
1 3 82 0.80249
2 1 2 0.862107
4 0 0 0.847513
5 0 0 0.92765
3 0 0 0.768996

3
1 3 238 0.819205
2 0 0 0.941472
3 0 0 0.911168

3
1 3 2253 0.937504
2 0 0 0.927953
3 0 0 0.923044

1
1 0 0 0.682115

3
1 1 1 0.896214
2 0 0 0.977218
3 0 0 0.845514

3
1 1 1 0.867462
2 0 0 0.880153
3 0 0 0.885504

1
1 0 0 0.681472

3
1 0 61 0.795941
2 0 0 1.09382
3 0 0 0.837493

3
1 1 1 0.805861
2 0 0 0.982551
3 0 0 0.819455

3
1 1 2 0.905616
2 0 0 0.825402
3 0 0 0.926928

3
1 1 1 0.854418
2 0 0 1.02633
3 0 0 0.71983

3
1 1 1 0.862461
2 0 0 1.17065
3 0 0 0.807256

3
1 0 1458 0.874542
2 0 0 1.02862
3 0 0 0.771033

5
1 3 2540 0.881296
2 2 1 0.882975
4 0 0 0.98517
5 0 0 0.892308
3 0 0 0.906852

3
1 3 4164 0.873345
2 0 0 0.940606
3 0 0 0.898575

3
1 1 2 0.923391
2 0 0 0.86713
3 0 0 0.931612

3
1 1 2 0.89151
2 0 0 0.812818
3 0 0 0.920436

3
1 3 261 0.883518
2 0 0 0.874095
3 0 0 0.834528

5
1 0 7368 0.950252
2 3 3452 0.949289
4 0 0 0.965338
5 0 0 0.970081
3 0 0 0.907923

5
1 3 771 0.843751
2 0 0 0.943166
3 3 2746 0.833275
6 0 0 1.04423
7 0 0 0.84394

1
1 0 0 0.738093

3
1 1 2 0.901021
2 0 0 0.944972
3 0 0 1.07561

3
1 1 2 0.926687
2 0 0 0.907406
3 0 0 0.997226

3
1 1 1 0.860466
2 0 0 0.902439
3 0 0 0.845458

3
1 1 1 0.874504
2 0 0 0.980762
3 0 0 0.693539

3
1 3 3667 0.895476
2 0 0 1.09474
3 0 0 0.906951

1
1 0 0 0.835258

3
1 2 4 0.850358
2 0 0 0.841117
3 0 0 0.957697

3
1 1 2 0.911291
2 0 0 0.766101
3 0 0 0.981277

3
1 2 1 0.78728
2 0 0 0.882758
3 0 0 0.770621

5
1 3 953 0.842604
2 0 873 0.903426
4 0 0 0.926861
5 0 0 0.893289
3 0 0 1.10792

5
1 2 2 0.902055
2 0 0 0.879003
3 0 7161 0.990334
6 0 0 0.951047
7 0 0 0.955032

1
1 0 0 0.853556

3
1 1 1 0.850732
2 0 0 0.930164
3 0 0 0.814944

3
1 0 602 0.903745
2 0 0 0.955223
3 0 0 0.797482

3
1 0 2366 0.918126
2 0 0 1.11782
3 0 0 0.793249

3
1 2 1 0.966686
2 0 0 0.941311
3 0 0 1.00681

3
1 2 4 0.80414
2 0 0 0.846827
3 0 0 0.901994

5
1 0 4863 0.962849
2 0 0 0.895094
3 2 2 0.955645
6 0 0 0.901227
7 0 0 0.967912

5
1 0 1453 0.962306
2 0 0 1.02476
3 2 2 0.909887
6 0 0 0.9282
7 0 0 0.796094

3
1 0 3613 0.863606
2 0 0 0.958433
3 0 0 0.865109

5
1 2 3 0.76824
2 3 4796 0.932368
4 0 0 0.85862
5 0 0 0.932398
3 0 0 0.967169

5
1 0 186 0.70742
2 2 2 1.01838
4 0 0 0.951877
5 0 0 1.09467
3 0 0 0.798298

3
1 3 273 0.913055
2 0 0 0.955539
3 0 0 0.886019

1
1 0 0 0.873487

3
1 0 5230 0.921629
2 0 0 0.90707
3 0 0 0.914842

3
1 1 1 0.914554
2 0 0 1.08701
3 0 0 0.776475

1
1 0 0 0.792779

5
1 0 8619 0.82337
2 0 1577 0.974353
4 0 0 0.920325
5 0 0 1.01202
3 0 0 0.885192

5
1 1 2 0.850601
2 0 7754 0.878416
4 0 0 0.892168
5 0 0 1.07634
3 0 0 0.922774

3
1 3 1900 0.825236
2 0 0 0.973996
3 0 0 0.758004

3
1 1 2 0.815771
2 0 0 0.686558
3 0 0 0.861781

3
1 2 4 0.856481
2 0 0 0.843433
3 0 0 0.967238

3
1 0 6384 0.936345
2 0 0 1.00751
3 0 0 0.827422

3
1 0 158 0.817128
2 0 0 0.982116
3 0 0 0.844433

1
1 0 0 0.902226

5
1 3 36 0.877359
2 0 0 0.963828
3 0 4432 0.879203
6 0 0 0.8989
7 0 0 0.858371

9
1 1 1 0.917848
2 0 367 0.860132
4 0 0 0.951011
5 3 3103 0.84733
10 0 0 0.949681
11 0 0 0.984169
3 1 2 0.935771
6 0 0 0.874714
7 0 0 1.07397

1
1 0 0 0.795386

3
1 2 3 0.900077
2 0 0 0.980439
3 0 0 0.859734

3
1 0 2320 1.02091
2 0 0 0.965541
3 0 0 0.871894

3
1 3 3162 0.926317
2 0 0 0.960253
3 0 0 1.0165

3
1 1 2 0.824421
2 0 0 0.974144
3 0 0 0.908134

3
1 0 299 0.895266
2 0 0 0.981568
3 0 0 0.942471

5
1 3 4555 0.868126
2 0 0 0.934577
3 3 5127 1.0349
6 0 0 1.06512
7 0 0 0.945513

3
1 3 2236 0.862198
2 0 0 0.833526
3 0 0 0.99049

5
1 1 1 0.789995
2 2 3 0.887225
4 0 0 0.935886
5 0 0 0.978074
3 0 0 0.78548

1
1 0 0 0.886593

3
1 2 4 0.985998
2 0 0 0.848682
3 0 0 0.992899

3
1 1 1 0.928478
2 0 0 0.959527
3 0 0 0.922965

3
1 1 1 0.909291
2 0 0 0.93112
3 0 0 0.927546

3
1 0 2687 0.946326
2 0 0 0.911508
3 0 0 0.945874

3
1 1 1 0.883862
2 0 0 0.994964
3 0 0 0.866414

1
1 0 0 0.942859

3
1 1 2 0.869326
2 0 0 0.705209
3 0 0 1.08103

1
1 0 0 0.829466

5
1 3 936 0.887161
2 0 0 0.84524
3 3 2889 0.923458
6 0 0 1.10028
7 0 0 0.816025

1
1 0 0 0.832183

7
1 1 1 0.856606
2 2 2 1.00235
4 0 0 0.992003
5 0 0 0.963253
3 1 2 0.853421
6 0 0 0.719121
7 0 0 0.994853

3
1 1 1 0.981978
2 0 0 1.04857
3 0 0 0.652518

3
1 3 4967 0.832805
2 0 0 0.827061
3 0 0 0.993825

1
1 0 0 0.775503

9
1 1 1 0.954908
2 0 7025 1.00387
4 3 3265 1.00734
8 0 0 1.12358
9 0 0 1.06475
5 0 8219 0.929011
10 0 0 0.94376
11 0 0 1.18823
3 0 0 0.870238

3
1 2 4 0.867376
2 0 0 0.847456
3 0 0 0.884498

3
1 3 3946 0.91817
2 0 0 0.991635
3 0 0 0.858322

3
1 1 1 0.862215
2 0 0 1.00634
3 0 0 0.756739

1
1 0 0 0.86997

5
1 3 1389 0.831457
2 3 714 0.996886
4 0 0 0.981953
5 0 0 1.14194
3 0 0 0.91519

3
1 3 119 0.87024
2 0 0 0.941802
3 0 0 0.867852

1
1 0 0 0.806722

5
1 1 1 0.820378
2 0 6071 1.04111
4 0 0 1.11445
5 0 0 1.01612
3 0 0 0.844081

1
1 0 0 0.726434

3
1 1 1 0.849687
2 0 0 0.994707
3 0 0 0.772398

1
1 0 0 0.886516

3
1 0 651 0.807425
2 0 0 0.932148
3 0 0 0.798545

3
1 1 1 0.871341
2 0 0 0.877723
3 0 0 0.863429

1
1 0 0 0.871858

5
1 3 165 0.793249
2 0 2931 0.973297
4 0 0 0.925221
5 0 0 1.02348
3 0 0 0.884956

3
1 1 2 0.762964
2 0 0 0.670925
3 0 0 0.985512

3
1 0 1330 0.897594
2 0 0 1.01946
3 0 0 0.89704

3
1 1 1 0.813832
2 0 0 1.02099
3 0 0 0.7557

1
1 0 0 0.76793

3
1 2 2 0.882682
2 0 0 0.84748
3 0 0 0.966665

1
1 0 0 0.725709

3
1 0 5916 0.913205
2 0 0 0.904508
3 0 0 0.937112

3
1 0 1173 0.881371
2 0 0 0.966333
3 0 0 0.789115

3
1 3 116 0.800474
2 0 0 1.0554
3 0 0 0.868532

1
1 0 0 0.774844

3
1 1 1 0.805861
2 0 0 1.05533
3 0 0 0.912094

5
1 1 2 0.843878
2 3 101 0.88654
4 0 0 1.1655
5 0 0 0.877659
3 0 0 1.06549

1
1 0 0 0.691017

5
1 1 1 0.862461
2 3 4721 1.02135
4 0 0 1.09589
5 0 0 0.977125
3 0 0 0.96892

3
1 3 3316 0.876869
2 0 0 0.914515
3 0 0 0.787012

3
1 1 1 0.83075
2 0 0 1.05186
3 0 0 0.730651

3
1 1 1 0.890351
2 0 0 1.06839
3 0 0 0.779044

1
1 0 0 0.864925

1
1 0 0 0.841292

1
1 0 0 0.758244

1
1 0 0 0.739829

3
1 1 1 0.867838
2 0 0 1.08385
3 0 0 0.849194

3
1 1 1 0.830613
2 0 0 1.00571
3 0 0 0.864004

3
1 0 1922 0.969085
2 0 0 1.02081
3 0 0 0.790131

5
1 1 2 0.926687
2 3 3994 0.852051
4 0 0 1.10357
5 0 0 0.994384
3 0 0 0.997912

1
1 0 0 0.889177

3
1 2 1 0.793139
2 0 0 1.11561
3 0 0 0.8785

3
1 1 2 0.923214
2 0 0 0.772077
3 0 0 0.985195

3
1 3 5382 0.866819
2 0 0 0.864381
3 0 0 1.11648

1
1 0 0 0.913571

3
1 3 4224 0.949348
2 0 0 0.952131
3 0 0 1.00645

1
1 0 0 0.792813

3
1 3 2187 0.937445
2 0 0 0.988448
3 0 0 0.875817

5
1 1 1 0.858799
2 3 3349 1.03568
4 0 0 0.994949
5 0 0 0.990817
3 0 0 0.788876

3
1 3 4353 0.882476
2 0 0 0.971915
3 0 0 0.870905

3
1 1 1 0.850732
2 0 0 0.988543
3 0 0 0.812386

3
1 1 2 0.913115
2 0 0 0.802248
3 0 0 1.08013

5
1 1 1 0.842031
2 2 2 0.919016
4 0 0 1.04799
5 0 0 0.924218
3 0 0 0.858394

3
1 0 111 0.857715
2 0 0 0.994605
3 0 0 0.882737

3
1 0 3230 0.888152
2 0 0 1.05686
3 0 0 0.944899

3
1 3 116 0.840254
2 0 0 1.04507
3 0 0 0.82685

3
1 1 1 0.87282
2 0 0 0.957608
3 0 0 0.797537

3
1 2 4 0.827342
2 0 0 0.806604
3 0 0 0.925637

5
1 0 77 0.908485
2 0 0 1.05411
3 0 1612 0.94828
6 0 0 1.10795
7 0 0 0.827993

3
1 2 3 0.811508
2 0 0 0.848993
3 0 0 0.885203

3
1 0 584 0.837581
2 0 0 0.977579
3 0 0 0.8584

3
1 2 4 0.828072
2 0 0 0.867203
3 0 0 0.964844

3
1 1 1 0.822923
2 0 0 0.969699
3 0 0 0.812832

5
1 1 2 0.75428
2 0 0 0.895647
3 3 2889 1.10472
6 0 0 1.0328
7 0 0 1.05991

3
1 1 1 0.83411
2 0 0 1.07553
3 0 0 0.774514

3
1 1 1 1.02054
2 0 0 0.96331
3 0 0 0.847692

5
1 3 5007 0.883092
2 0 0 0.889588
3 0 4568 0.880332
6 0 0 0.987044
7 0 0 0.948463

3
1 3 4755 0.829569
2 0 0 0.842909
3 0 0 0.966397

7
1 1 2 0.815771
2 0 0 0.814334
3 0 8672 1.00228
6 0 0 0.986376
7 2 4 1.01059
14 0 0 1.01884
15 0 0 0.860685

1
1 0 0 0.965296

5
1 1 2 0.890074
2 0 0 0.782316
3 3 3366 1.01354
6 0 0 1.05173
7 0 0 0.961348

5
1 2 2 0.936421
2 0 0 0.897275
3 1 1 0.915082
6 0 0 0.937544
7 0 0 0.920478

1
1 0 0 0.774848

1
1 0 0 0.780944

3
1 1 1 0.893832
2 0 0 0.961086
3 0 0 0.849595

3
1 1 1 0.916081
2 0 0 0.974781
3 0 0 0.844088

1
1 0 0 0.770709

5
1 0 3441 0.937799
2 0 0 0.938215
3 3 3431 1.00982
6 0 0 1.06447
7 0 0 0.923602

5
1 2 2 0.95596
2 0 0 0.941111
3 0 2886 0.989875
6 0 0 1.07087
7 0 0 0.995201

3
1 1 2 0.839304
2 0 0 0.845126
3 0 0 0.861828

5
1 3 2993 0.891015
2 3 2975 0.916645
4 0 0 0.911915
5 0 0 1.0536
3 0 0 0.749712

5
1 3 3753 0.861455
2 3 3326 0.989915
4 0 0 0.981097
5 0 0 0.868034
3 0 0 0.950215

1
1 0 0 0.862799

3
1 1 2 0.850892
2 0 0 0.796663
3 0 0 0.916867

3
1 0 3414 0.894692
2 0 0 0.92574
3 0 0 0.90863

3
1 1 1 0.877672
2 0 0 1.04875
3 0 0 0.771366

3
1 1 1 0.845176
2 0 0 1.00765
3 0 0 0.868516

3
1 2 4 0.905966
2 0 0 0.938833
3 0 0 0.984945

1
1 0 0 0.859251

3
1 1 1 0.883862
2 0 0 1.0413
3 0 0 0.887377

9
1 2 3 0.891071
2 0 9638 1.02498
4 0 0 0.967424
5 0 0 0.803692
3 0 7140 0.866653
6 0 0 0.873442
7 0 9246 0.991165
14 0 0 0.896894
15 0 0 1.00194

5
1 2 3 0.943707
2 0 0 1.00926
3 2 4 0.966141
6 0 0 1.01656
7 0 0 0.903363

5
1 0 357 0.813097
2 2 1 1.00752
4 0 0 1.01824
5 0 0 1.02548
3 0 0 0.836127

3
1 1 1 0.919704
2 0 0 1.07829
3 0 0 0.892096

3
1 3 5206 0.913502
2 0 0 0.849045
3 0 0 0.961164

3
1 1 1 0.824059
2 0 0 1.02553
3 0 0 0.905784

3
1 3 1545 0.98283
2 0 0 1.05937
3 0 0 0.884853

3
1 0 2396 0.942827
2 0 0 0.977095
3 0 0 0.92102

3
1 1 2 0.857325
2 0 0 0.927422
3 0 0 1.16685

3
1 1 1 0.844942
2 0 0 0.962445
3 0 0 0.812572

1
1 0 0 0.893527

1
1 0 0 0.82676

3
1 1 1 0.851156
2 0 0 0.823402
3 0 0 0.768029

3
1 3 3921 0.903943
2 0 0 0.933067
3 0 0 0.896892

1
1 0 0 0.734445

1
1 0 0 0.848591

3
1 2 4 0.821378
2 0 0 0.870924
3 0 0 1.02816

3
1 1 1 0.820378
2 0 0 1.03826
3 0 0 0.821733

5
1 2 1 0.862686
2 1 2 0.96846
4 0 0 0.936333
5 0 0 1.06906
3 0 0 0.908397

1
1 0 0 0.857151

3
1 1 1 0.777571
2 0 0 1.05908
3 0 0 0.788001

3
1 2 3 0.883642
2 0 0 0.803415
3 0 0 0.945556

3
1 1 1 0.890423
2 0 0 1.01798
3 0 0 0.757892

3
1 1 2 0.927091
2 0 0 0.807872
3 0 0 0.9588

3
1 0 50 0.785868
2 0 0 1.06762
3 0 0 0.903589

1
1 0 0 0.799869

1
1 0 0 0.747679

1
1 0 0 0.75896

1
1 0 0 0.982248

1
1 0 0 0.870702

3
1 0 1827 0.890589
2 0 0 0.966368
3 0 0 0.885707

1
1 0 0 0.774519

3
1 1 2 0.806829
2 0 0 0.81707
3 0 0 0.848555

5
1 3 180 0.810547
2 3 159 0.879305
4 0 0 1.0035
5 0 0 0.976247
3 0 0 0.813192

3
1 1 2 0.836438
2 0 0 0.772797
3 0 0 1.00147

3
1 0 756 0.814948
2 0 0 1.10063
3 0 0 0.814537

3
1 3 1426 0.905818
2 0 0 0.852829
3 0 0 0.819846

3
1 0 2054 0.855714
2 0 0 0.937536
3 0 0 0.858058

3
1 1 1 0.82644
2 0 0 0.914811
3 0 0 0.837646

1
1 0 0 0.859226

1
1 0 0 0.778044

5
1 1 1 0.911324
2 0 9427 1.00494
4 0 0 0.968625
5 0 0 1.04207
3 0 0 0.853024

3
1 1 2 0.804789
2 0 0 0.807261
3 0 0 0.954184

3
1 1 1 0.854867
2 0 0 0.999264
3 0 0 0.772675

3
1 0 126 0.808104
2 0 0 1.11089
3 0 0 0.847221

3
1 1 1 0.80977
2 0 0 1.14119
3 0 0 0.903445

3
1 0 4691 0.842118
2 0 0 0.854555
3 0 0 0.839475

3
1 1 1 0.830613
2 0 0 0.905096
3 0 0 0.896561

3
1 0 1646 0.844333
2 0 0 0.905675
3 0 0 0.908792

1
1 0 0 0.740173

1
1 0 0 0.818351

1
1 0 0 0.805056

3
1 2 4 0.872759
2 0 0 0.865936
3 0 0 0.86017

5
1 1 1 0.897463
2 0 0 0.968609
3 0 2395 0.85621
6 0 0 0.91202
7 0 0 0.786577

3
1 0 7143 0.906108
2 0 0 0.939175
3 0 0 0.948828

5
1 3 1409 0.865395
2 3 1257 1.03073
4 0 0 0.84526
5 0 0 1.0217
3 0 0 0.84593

5
1 1 1 0.876998
2 3 4685 0.964526
4 0 0 0.948689
5 0 0 0.869598
3 0 0 0.787958

5
1 1 1 0.847726
2 2 1 0.905715
4 0 0 1.05465
5 0 0 0.969659
3 0 0 0.818685

3
1 0 1716 0.921652
2 0 0 0.839989
3 0 0 0.816476

3
1 1 2 0.94818
2 0 0 0.814262
3 0 0 1.05671

5
1 0 4279 0.867297
2 0 0 0.99594
3 2 2 0.948438
6 0 0 0.843054
7 0 0 1.0347

5
1 0 856 0.905696
2 2 4 0.939082
4 0 0 0.97404
5 0 0 0.973783
3 0 0 0.87612

3
1 0 9608 0.854938
2 0 0 0.884733
3 0 0 0.896558

7
1 1 1 0.854194
2 3 1389 1.16548
4 2 3 0.894148
8 0 0 0.981002
9 0 0 0.903434
5 0 0 1.06061
3 0 0 0.730197

5
1 0 566 0.775895
2 0 46 0.957779
4 0 0 0.975426
5 0 0 0.877056
3 0 0 0.832884

1
1 0 0 0.845101

3
1 1 1 0.801628
2 0 0 1.03174
3 0 0 0.760367

1
1 0 0 0.809936

7
1 0 77 0.908485
2 0 0 0.965184
3 3 4321 0.975945
6 0 2940 0.966244
12 0 0 0.921542
13 0 0 1.01231
7 0 0 0.990942

3
1 1 2 0.911359
2 0 0 0.903004
3 0 0 0.949239

3
1 1 2 0.852938
2 0 0 0.855437
3 0 0 0.992032

3
1 2 4 0.82521
2 0 0 0.791429
3 0 0 0.928647

1
1 0 0 0.820216

5
1 1 1 0.838245
2 0 1311 0.930648
4 0 0 1.05408
5 0 0 0.878248
3 0 0 0.832883

3
1 0 1127 0.809273
2 0 0 1.0233
3 0 0 0.806576

7
1 0 3289 0.869602
2 0 234 0.991413
4 3 629 1.08695
8 0 0 1.07579
9 0 0 1.06724
5 0 0 0.925701
3 0 0 0.848654

3
1 1 1 0.978625
2 0 0 0.936954
3 0 0 0.759996

3
1 1 2 0.876825
2 0 0 0.838287
3 0 0 0.942522

1
1 0 0 0.863745

7
1 0 1297 0.913742
2 0 0 1.01047
3 0 5065 0.884085
6 0 0 0.960936
7 0 5731 0.828402
14 0 0 0.970251
15 0 0 0.811447

7
1 1 2 0.943604
2 1 1 0.966175
4 0 0 0.96442
5 0 0 0.821902
3 0 9127 0.947069
6 0 0 0.91181
7 0 0 0.99937

3
1 0 9627 0.915768
2 0 0 0.898057
3 0 0 0.956779

7
1 0 216 1.02003
2 0 148 1.05951
4 0 0 1.12217
5 0 0 0.96712
3 1 1 1.01765
6 0 0 1.13403
7 0 0 0.947323

9
1 1 1 0.844894
2 3 4183 1.10622
4 0 0 0.978274
5 2 1 0.972282
10 0 0 0.968772
11 0 0 1.0418
3 3 1458 0.888975
6 0 0 0.943317
7 0 0 0.880718

5
1 3 1684 0.818709
2 1 2 0.883554
4 0 0 0.95236
5 0 0 0.9331
3 0 0 0.874656

1
1 0 0 0.861506

1
1 0 0 0.87446

3
1 0 150 0.704128
2 0 0 1.08519
3 0 0 0.727604

5
1 0 7211 0.884329
2 3 4381 0.986682
4 0 0 0.930884
5 0 0 0.91322
3 0 0 0.855684

1
1 0 0 0.87178

1
1 0 0 0.862851

3
1 1 1 0.922138
2 0 0 1.01665
3 0 0 0.86482

3
1 3 4546 0.868496
2 0 0 0.849936
3 0 0 0.924438

3
1 0 2025 0.947556
2 0 0 1.10574
3 0 0 0.859376

3
1 1 2 0.929997
2 0 0 0.840077
3 0 0 0.985185

1
1 0 0 0.887957

3
1 1 2 0.92848
2 0 0 0.870712
3 0 0 1.05558

3
1 1 1 0.876555
2 0 0 0.856223
3 0 0 0.841389

5
1 1 2 0.863225
2 0 0 0.825976
3 0 256 0.951416
6 0 0 1.01208
7 0 0 0.941584

3
1 0 279 1.0121
2 0 0 0.990131
3 0 0 0.753759

3
1 3 3483 0.974366
2 0 0 0.964193
3 0 0 0.910438

5
1 3 3324 0.853133
2 0 0 0.955162
3 2 2 0.865779
6 0 0 0.844844
7 0 0 0.815125

3
1 0 7140 0.956217
2 0 0 0.982887
3 0 0 0.959849

3
1 3 2626 0.88073
2 0 0 0.949438
3 0 0 0.850245

3
1 1 1 0.888448
2 0 0 0.954873
3 0 0 0.880635

3
1 1 1 0.898257
2 0 0 1.10478
3 0 0 0.809924

5
1 1 1 0.994139
2 0 0 1.01102
3 3 95 0.875562
6 0 0 0.85316
7 0 0 0.881177

3
1 2 2 0.930359
2 0 0 0.924985
3 0 0 0.919836

1
1 0 0 0.821911

3
1 1 1 0.844942
2 0 0 1.02926
3 0 0 0.875444

5
1 1 1 0.953389
2 0 0 0.903562
3 3 4126 0.939946
6 0 0 0.912439
7 0 0 1.00324

3
1 1 2 0.812798
2 0 0 0.81941
3 0 0 0.923147

3
1 1 2 0.937144
2 0 0 0.96785
3 0 0 0.853668

5
1 1 1 0.810007
2 0 0 1.18153
3 3 5283 0.830105
6 0 0 0.839445
7 0 0 1.08373

3
1 3 5006 0.870931
2 0 0 1.02428
3 0 0 0.909126

3
1 0 6273 0.847324
2 0 0 0.919886
3 0 0 0.986979

3
1 1 1 0.836414
2 0 0 0.962008
3 0 0 0.861914

3
1 2 3 0.887923
2 0 0 0.893152
3 0 0 0.971494

1
1 0 0 0.789988

5
1 1 1 0.878539
2 0 7286 0.928322
4 0 0 0.960897
5 0 0 0.957784
3 0 0 0.753078

5
1 3 998 0.912958
2 0 0 0.908123
3 0 3398 0.897582
6 0 0 1.11762
7 0 0 0.959822

1
1 0 0 0.785336

3
1 1 1 0.852284
2 0 0 1.01429
3 0 0 0.820837

3
1 3 5347 0.830062
2 0 0 0.75226
3 0 0 0.893363

5
1 3 3983 0.884473
2 0 9046 1.05125
4 0 0 1.04688
5 0 0 0.994163
3 0 0 1.00305

1
1 0 0 0.849956

3
1 3 2990 0.893904
2 0 0 1.10335
3 0 0 0.793435

1
1 0 0 0.753592

1
1 0 0 0.83693

3
1 2 1 0.842242
2 0 0 0.978652
3 0 0 0.788805

5
1 1 1 0.896515
2 2 4 0.960295
4 0 0 0.891009
5 0 0 1.00762
3 0 0 0.81127

1
1 0 0 0.856168

3
1 3 4759 0.811321
2 0 0 0.96755
3 0 0 0.930394

1
1 0 0 0.785586

3
1 1 2 0.836438
2 0 0 0.676586
3 0 0 0.92807

3
1 1 2 0.761446
2 0 0 0.766395
3 0 0 1.08947

3
1 1 1 0.934028
2 0 0 0.891138
3 0 0 0.698142

3
1 3 5333 0.800108
2 0 0 0.797861
3 0 0 0.918285

3
1 1 1 0.82644
2 0 0 0.968857
3 0 0 0.774955

1
1 0 0 0.800025

5
1 2 4 0.861119
2 0 0 0.90988
3 1 1 1.01438
6 0 0 0.963264
7 0 0 1.05425

3
1 1 1 0.911324
2 0 0 1.10927
3 0 0 0.80805

1
1 0 0 0.780064

3
1 1 1 0.783301
2 0 0 0.916354
3 0 0 0.755297

3
1 1 1 0.761019
2 0 0 0.911359
3 0 0 0.74991

7
1 1 1 0.80977
2 0 8171 0.948306
4 2 4 0.933923
8 0 0 0.844487
9 0 0 0.92079
5 0 0 0.994932
3 0 0 0.739218

3
1 0 6969 0.872848
2 0 0 0.979794
3 0 0 0.800867

3
1 0 1026 0.79372
2 0 0 1.00173
3 0 0 0.806691

1
1 0 0 0.868159

3
1 2 1 0.821
2 0 0 0.852643
3 0 0 0.827493

1
1 0 0 0.972377

3
1 1 1 0.825078
2 0 0 0.985443
3 0 0 0.866188

3
1 2 4 0.762103
2 0 0 0.864601
3 0 0 1.0515

1
1 0 0 0.805511

3
1 1 2 0.793428
2 0 0 0.754968
3 0 0 1.03548

1
1 0 0 0.825931

3
1 0 407 0.831888
2 0 0 0.913804
3 0 0 0.855086

3
1 2 1 0.957594
2 0 0 0.922878
3 0 0 0.888694

3
1 0 7239 0.876566
2 0 0 0.910684
3 0 0 0.91441

5
1 3 111 0.865802
2 0 3339 0.991238
4 0 0 1.00261
5 0 0 0.982455
3 0 0 0.935454

3
1 0 265 0.850084
2 0 0 0.875346
3 0 0 0.844939

3
1 3 1699 0.808775
2 0 0 0.908367
3 0 0 0.807396

3
1 0 223 0.892735
2 0 0 1.00136
3 0 0 0.822397

9
1 1 2 0.8889
2 0 0 0.85126
3 2 4 0.944768
6 3 1495 0.962052
12 0 0 1.0636
13 0 4981 0.923838
26 0 0 0.893595
27 0 0 1.09547
7 0 0 1.01773

3
1 0 9938 0.878246
2 0 0 0.962478
3 0 0 0.883257

5
1 1 1 0.877195
2 0 0 0.997423
3 3 1753 0.847926
6 0 0 0.877258
7 0 0 0.796285

3
1 1 1 0.908682
2 0 0 0.918463
3 0 0 0.933276

3
1 0 3779 0.848441
2 0 0 0.904234
3 0 0 0.814783

3
1 3 4325 0.921948
2 0 0 0.931673
3 0 0 0.861311

1
1 0 0 0.724735

3
1 3 648 0.943342
2 0 0 0.899033
3 0 0 0.983582

1
1 0 0 0.774494

7
1 1 2 0.830346
2 0 0 0.849137
3 3 2447 1.04013
6 0 0 1.04063
7 2 4 1.06864
14 0 0 1.03284
15 0 0 1.14299

3
1 0 7516 0.99685
2 0 0 1.0078
3 0 0 0.830164

3
1 1 2 0.74531
2 0 0 0.774768
3 0 0 0.9383

3
1 3 3069 0.968859
2 0 0 0.938772
3 0 0 0.86132

5
1 3 5003 0.860366
2 0 0 0.883389
3 0 7077 0.916033
6 0 0 1.03445
7 0 0 0.989877

3
1 0 3200 0.935032
2 0 0 0.991428
3 0 0 0.823778

3
1 0 321 0.792731
2 0 0 0.948034
3 0 0 0.90188

3
1 0 515 0.85064
2 0 0 0.953156
3 0 0 0.879851

1
1 0 0 0.830055

3
1 1 2 0.878385
2 0 0 0.914484
3 0 0 1.03318

7
1 1 1 0.813747
2 0 4113 0.960166
4 0 3830 0.998656
8 0 0 1.04473
9 0 0 1.02541
5 0 0 0.909074
3 0 0 0.811681

1
1 0 0 0.808455

3
1 0 5980 0.907407
2 0 0 0.841699
3 0 0 0.959979

3
1 3 752 0.805168
2 0 0 0.911935
3 0 0 0.845358

1
1 0 0 0.777609

5
1 1 2 0.973319
2 0 428 0.899771
4 0 0 1.03359
5 0 0 0.938828
3 0 0 0.943697

3
1 1 1 0.858803
2 0 0 1.0015
3 0 0 0.818467

1
1 0 0 0.825152

1
1 0 0 0.808995

3
1 1 1 0.922138
2 0 0 1.08184
3 0 0 0.800624

7
1 0 2053 1.00538
2 1 2 1.08595
4 1 1 1.02197
8 0 0 0.822726
9 0 0 0.877157
5 0 0 1.04926
3 0 0 0.971431

3
1 0 213 0.779064
2 0 0 1.07172
3 0 0 0.900354

7
1 0 5962 0.996964
2 1 2 0.87986
4 0 0 0.83387
5 2 1 0.933231
10 0 0 0.968718
11 0 0 0.863054
3 0 0 0.982356

3
1 3 3936 0.828047
2 0 0 0.857322
3 0 0 0.891548

3
1 1 1 0.872196
2 0 0 0.970501
3 0 0 0.770422

3
1 3 2991 0.868724
2 0 0 1.08964
3 0 0 0.924221

1
1 0 0 0.803734

3
1 0 7745 0.880401
2 0 0 0.946292
3 0 0 0.894401

5
1 1 1 0.872228
2 2 1 1.01481
4 0 0 1.03259
5 0 0 1.00215
3 0 0 0.769673

3
1 2 1 0.891858
2 0 0 0.867838
3 0 0 0.872042

3
1 2 4 0.876626
2 0 0 0.882984
3 0 0 1.01284

3
1 3 286 0.867361
2 0 0 1.01457
3 0 0 0.82507

3
1 1 1 0.888448
2 0 0 1.01161
3 0 0 0.818153

5
1 0 2131 0.906491
2 3 3296 0.927897
4 0 0 0.966803
5 0 0 0.974737
3 0 0 0.880329

3
1 0 3369 0.858053
2 0 0 0.972495
3 0 0 0.940023

3
1 1 2 0.914672
2 0 0 0.785117
3 0 0 1.01212

3
1 2 2 0.90233
2 0 0 0.945154
3 0 0 0.965603

3
1 0 3168 0.873516
2 0 0 0.797641
3 0 0 0.834608

3
1 0 586 0.835184
2 0 0 0.977198
3 0 0 0.980125

1
1 0 0 0.848957

3
1 1 2 0.90163
2 0 0 0.903663
3 0 0 0.886169

3
1 1 1 0.934309
2 0 0 0.985579
3 0 0 0.707412

5
1 1 2 0.821634
2 0 0 0.875038
3 2 3 1.01184
6 0 0 1.07111
7 0 0 1.04593

7
1 2 2 0.986305
2 2 1 0.971593
4 0 0 1.03791
5 3 912 0.984173
10 0 0 1.07998
11 0 0 1.06434
3 0 0 0.833429

1
1 0 0 0.897331

5
1 1 2 0.926487
2 0 0 0.962826
3 0 5394 0.961527
6 0 0 1.01784
7 0 0 0.85449

5
1 1 1 0.90351
2 3 231 1.08961
4 0 0 0.888483
5 0 0 1.12142
3 0 0 0.900134

7
1 1 1 0.893965
2 0 0 1.01994
3 0 6292 0.957368
6 0 449 1.00762
12 0 0 1.05386
13 0 0 0.943493
7 0 0 0.806725

3
1 1 1 0.812362
2 0 0 0.929714
3 0 0 0.849066

3
1 1 1 0.93411
2 0 0 1.02462
3 0 0 0.80973

5
1 1 1 0.852284
2 0 0 0.925728
3 1 2 0.907769
6 0 0 0.808362
7 0 0 1.04705

1
1 0 0 0.866032

3
1 2 4 0.912228
2 0 0 0.951121
3 0 0 0.951226

3
1 2 1 0.796093
2 0 0 1.0254
3 0 0 0.850427

5
1 3 3314 0.845636
2 3 2067 0.909276
4 0 0 0.905597
5 0 0 0.978645
3 0 0 0.876659

3
1 1 1 0.985398
2 0 0 0.934243
3 0 0 0.785358

3
1 2 2 0.892057
2 0 0 0.856054
3 0 0 1.01835

5
1 3 182 0.724559
2 2 3 0.936018
4 0 0 1.0557
5 0 0 0.870847
3 0 0 0.772714

7
1 1 1 0.835039
2 3 2980 0.949565
4 2 4 0.962292
8 0 0 0.982674
9 0 0 1.02561
5 0 0 1.05106
3 0 0 0.807499

1
1 0 0 0.764377

5
1 1 2 0.802505
2 0 0 0.813075
3 2 2 1.05945
6 0 0 0.89477
7 0 0 1.08183

3
1 1 1 0.947718
2 0 0 0.989103
3 0 0 0.766737

5
1 2 2 1.01598
2 0 0 0.848223
3 3 2625 0.999836
6 0 0 0.954809
7 0 0 0.901388

3
1 2 3 0.879302
2 0 0 1.01452
3 0 0 0.948008

9
1 1 1 0.934028
2 3 4972 1.00606
4 2 4 1.01928
8 0 0 0.995945
9 0 1471 1.10452
18 0 0 0.92835
19 0 0 1.12127
5 0 0 0.988864
3 0 0 0.806337

1
1 0 0 0.81792

3
1 0 5812 0.885379
2 0 0 0.960735
3 0 0 0.749918

1
1 0 0 0.829551

1
1 0 0 0.728586

3
1 1 1 0.911324
2 0 0 1.00748
3 0 0 0.832159

1
1 0 0 0.750404

3
1 0 1051 0.883512
2 0 0 1.04678
3 0 0 0.715446

3
1 1 1 0.761019
2 0 0 0.941052
3 0 0 0.889301

3
1 1 1 0.80977
2 0 0 1.09474
3 0 0 0.777548

5
1 0 620 0.745695
2 3 1625 1.02075
4 0 0 1.03752
5 0 0 1.05014
3 0 0 0.831863

1
1 0 0 0.760708

3
1 1 1 0.78317
2 0 0 0.858891
3 0 0 0.768923

3
1 0 3346 0.825689
2 0 0 0.899111
3 0 0 0.872041

3
1 1 2 0.899507
2 0 0 0.748579
3 0 0 0.978237

3
1 3 1384 0.82601
2 0 0 0.883998
3 0 0 0.846365

1
1 0 0 0.8451

3
1 3 2926 0.903358
2 0 0 0.921598
3 0 0 0.798559

3
1 1 1 0.909691
2 0 0 1.08908
3 0 0 0.773482

1
1 0 0 0.824448

3
1 1 2 0.892038
2 0 0 0.900473
3 0 0 0.945388

1
1 0 0 0.844113

1
1 0 0 0.72157

7
1 1 2 0.871594
2 0 0 0.871322
3 3 4083 1.01521
6 0 9865 0.973438
12 0 0 0.984807
13 0 0 1.04929
7 0 0 0.971172

1
1 0 0 0.891729

3
1 0 1362 0.768896
2 0 0 0.914597
3 0 0 0.821613

5
1 3 1569 0.84929
2 3 1406 0.914375
4 0 0 0.898704
5 0 0 0.989899
3 0 0 0.833218

3
1 2 4 0.892485
2 0 0 0.892183
3 0 0 0.989949

3
1 0 343 0.88397
2 0 0 0.974758
3 0 0 0.712255

3
1 1 1 0.877195
2 0 0 0.944523
3 0 0 0.94019

3
1 1 1 0.908682
2 0 0 1.01502
3 0 0 0.789735

7
1 1 1 0.914881
2 0 276 0.933144
4 0 0 0.917657
5 0 0 0.937543
3 2 1 0.952008
6 0 0 1.11906
7 0 0 0.96405

3
1 1 1 0.771897
2 0 0 0.951821
3 0 0 0.804379

3
1 1 2 0.900622
2 0 0 0.798284
3 0 0 0.934227

3
1 2 4 0.810951
2 0 0 0.839899
3 0 0 0.930906

1
1 0 0 0.794429

3
1 3 3174 0.878628
2 0 0 0.863388
3 0 0 0.811983

1
1 0 0 0.86383

3
1 0 4376 0.935006
2 0 0 1.01685
3 0 0 0.897938

1
1 0 0 0.858777

5
1 3 3541 0.863221
2 3 2648 0.960858
4 0 0 0.956309
5 0 0 0.984987
3 0 0 0.985271

3
1 1 1 0.904163
2 0 0 0.901136
3 0 0 0.888759

3
1 1 1 0.87794
2 0 0 1.02955
3 0 0 0.816956

3
1 3 1210 0.889921
2 0 0 0.930769
3 0 0 0.887819

5
1 1 2 0.849151
2 0 0 0.766881
3 3 1886 1.07318
6 0 0 1.02587
7 0 0 1.06124

1
1 0 0 0.847913

3
1 1 1 0.857874
2 0 0 0.98557
3 0 0 0.739586

7
1 1 1 0.9506
2 3 2200 0.980348
4 0 0 0.874469
5 0 4452 0.975577
10 0 0 0.951526
11 0 0 0.914258
3 0 0 0.745748

3
1 1 1 0.867226
2 0 0 0.922425
3 0 0 0.904915

3
1 0 8611 0.861343
2 0 0 0.847032
3 0 0 0.840994

5
1 1 1 0.870808
2 2 1 1.05273
4 0 0 1.11936
5 0 0 1.07373
3 0 0 0.853076

3
1 0 3887 0.858457
2 0 0 0.834922
3 0 0 0.942283

3
1 1 1 0.858803
2 0 0 0.916095
3 0 0 0.858075

5
1 0 231 0.813357
2 0 99 1.04853
4 0 0 1.04174
5 0 0 1.01779
3 0 0 0.841441

3
1 0 624 0.808995
2 0 0 0.946097
3 0 0 0.812748

3
1 1 2 0.839101
2 0 0 0.791739
3 0 0 1.07366

3
1 1 1 0.861824
2 0 0 0.909812
3 0 0 0.816113

3
1 3 298 0.820356
2 0 0 1.00155
3 0 0 0.766651

3
1 2 4 0.864766
2 0 0 0.853392
3 0 0 0.908276

3
1 1 1 0.909333
2 0 0 0.942841
3 0 0 0.872169

1
1 0 0 0.799133

3
1 1 2 0.843944
2 0 0 0.81967
3 0 0 0.999252

3
1 3 787 0.970977
2 0 0 0.929997
3 0 0 0.96917

3
1 1 2 0.935237
2 0 0 0.8812
3 0 0 0.985349

1
1 0 0 0.876964

3
1 0 5562 0.911375
2 0 0 1.07176
3 0 0 0.930149

1
1 0 0 0.775784

5
1 1 1 0.926798
2 2 1 1.00254
4 0 0 1.06837
5 0 0 0.995888
3 0 0 0.858197

3
1 3 4867 0.889817
2 0 0 0.973503
3 0 0 0.862849

1
1 0 0 0.889822

3
1 1 1 0.810273
2 0 0 1.09457
3 0 0 0.808176

5
1 1 1 0.901777
2 0 2766 1.00028
4 0 0 0.942268
5 0 0 0.996666
3 0 0 0.911979

5
1 1 2 0.957277
2 1 1 0.909873
4 0 0 1.01193
5 0 0 0.868324
3 0 0 0.830604

3
1 1 2 0.875968
2 0 0 0.8591
3 0 0 0.987772

1
1 0 0 0.892322

3
1 3 1217 0.872895
2 0 0 1.00277
3 0 0 0.959678

3
1 3 519 0.827229
2 0 0 0.955472
3 0 0 0.808166

5
1 1 1 0.934309
2 0 0 0.924876
3 0 7666 0.826806
6 0 0 0.933582
7 0 0 0.843622

1
1 0 0 0.76504

3
1 3 135 0.972431
2 0 0 0.996158
3 0 0 0.982404

3
1 2 1 0.931513
2 0 0 1.01897
3 0 0 0.965548

3
1 0 5308 0.876486
2 0 0 0.858893
3 0 0 0.815398

3
1 1 1 0.872943
2 0 0 1.00642
3 0 0 0.803195

3
1 0 5736 0.870773
2 0 0 0.954848
3 0 0 0.846407

5
1 2 1 0.931833
2 3 3599 1.04349
4 0 0 0.9079
5 0 0 0.869094
3 0 0 0.949193

5
1 3 5207 0.841567
2 1 1 0.858447
4 0 0 0.879332
5 0 0 0.821535
3 0 0 0.940059

3
1 1 1 0.923908
2 0 0 1.07474
3 0 0 0.729317

3
1 3 4393 0.95497
2 0 0 0.93005
3 0 0 0.932404

3
1 3 4103 0.871506
2 0 0 0.936096
3 0 0 0.906111

3
1 1 1 0.865807
2 0 0 1.07027
3 0 0 0.820772

1
1 0 0 0.891861

3
1 1 1 0.985398
2 0 0 0.893561
3 0 0 0.831585

3
1 1 2 0.879817
2 0 0 0.786714
3 0 0 0.989359

3
1 1 1 0.842845
2 0 0 1.05038
3 0 0 0.863766

3
1 0 1250 0.795573
2 0 0 1.03245
3 0 0 0.911041

3
1 1 1 0.854214
2 0 0 0.995582
3 0 0 0.839594

3
1 1 2 0.846134
2 0 0 0.84283
3 0 0 0.899409

5
1 2 1 0.928537
2 0 0 0.907035
3 3 3917 0.957509
6 0 0 0.929304
7 0 0 0.928649

3
1 0 221 0.789375
2 0 0 0.945802
3 0 0 0.884549

1
1 0 0 0.846901

3
1 1 1 0.924186
2 0 0 0.920555
3 0 0 0.847489

3
1 0 5354 0.878222
2 0 0 1.00175
3 0 0 0.898316

3
1 2 2 0.931226
2 0 0 0.97111
3 0 0 0.962649

3
1 1 1 0.870533
2 0 0 0.89988
3 0 0 0.707446

3
1 1 2 0.903768
2 0 0 0.805202
3 0 0 0.879751

5
1 1 1 0.795171
2 0 218 1.09604
4 0 0 1.03444
5 0 0 1.14804
3 0 0 0.692499

1
1 0 0 0.781924

1
1 0 0 0.729726

5
1 1 2 0.815741
2 0 0 0.834443
3 3 5160 1.07693
6 0 0 1.0857
7 0 0 0.990806

3
1 0 893 0.967977
2 0 0 0.935827
3 0 0 0.966081

1
1 0 0 0.878752

1
1 0 0 0.757604

3
1 1 1 0.78317
2 0 0 0.97209
3 0 0 0.8374

3
1 0 689 0.777815
2 0 0 1.06455
3 0 0 0.789244

1
1 0 0 0.723955

3
1 0 250 0.753998
2 0 0 1.01479
3 0 0 0.776472

3
1 0 5404 0.885894
2 0 0 0.832808
3 0 0 0.898892

5
1 3 5213 0.792209
2 0 0 0.815163
3 3 5302 0.918861
6 0 0 0.964275
7 0 0 0.900966

3
1 1 1 0.909691
2 0 0 1.05825
3 0 0 0.798243

5
1 2 1 0.881079
2 0 0 0.793792
3 2 3 0.927113
6 0 0 0.891548
7 0 0 0.935855

3
1 1 1 0.862265
2 0 0 0.975342
3 0 0 0.714669

3
1 1 2 0.84403
2 0 0 0.807905
3 0 0 0.892088

3
1 0 2057 0.848635
2 0 0 1.1152
3 0 0 0.853659

1
1 0 0 0.734537

7
1 1 2 0.90929
2 0 0 0.902529
3 0 9639 0.934014
6 0 9346 0.93798
12 0 0 0.981728
13 0 0 1.02334
7 0 0 0.994678

5
1 2 1 0.852219
2 1 1 1.0502
4 0 0 1.01059
5 0 0 0.875797
3 0 0 0.83599

3
1 0 593 0.808719
2 0 0 1.10164
3 0 0 0.842135

1
1 0 0 0.871165

3
1 1 1 0.853313
2 0 0 0.942515
3 0 0 0.816643

1
1 0 0 0.853394

5
1 0 557 0.733543
2 0 0 1.07742
3 0 8122 0.798103
6 0 0 0.830152
7 0 0 0.783247

5
1 1 1 0.957439
2 3 2856 0.922803
4 0 0 1.16125
5 0 0 0.946635
3 0 0 0.722466

3
1 2 4 0.872189
2 0 0 0.841768
3 0 0 0.966597

3
1 1 2 0.900622
2 0 0 0.739694
3 0 0 1.04024

3
1 0 697 0.869718
2 0 0 1.01606
3 0 0 0.836708

1
1 0 0 0.97043

3
1 2 3 0.858614
2 0 0 1.02086
3 0 0 1.036

3
1 2 1 0.895037
2 0 0 0.974549
3 0 0 0.847615

7
1 3 13 0.88356
2 0 0 1.04565
3 1 1 0.905211
6 0 0 1.14633
7 2 1 0.888881
14 0 0 0.875804
15 0 0 0.887995

1
1 0 0 0.752764

5
1 3 5274 0.843272
2 0 0 0.854478
3 0 5656 0.96217
6 0 0 1.00923
7 0 0 0.937471

3
1 0 2626 0.912865
2 0 0 1.03204
3 0 0 0.837873

3
1 1 2 0.831291
2 0 0 0.875036
3 0 0 1.06874

3
1 1 1 0.830096
2 0 0 0.900673
3 0 0 0.853984

1
1 0 0 0.772921

5
1 2 1 0.902847
2 0 0 0.923681
3 2 4 1.00001
6 0 0 0.891686
7 0 0 1.05826

7
1 1 1 0.857874
2 3 5119 1.01865
4 0 785 1.06728
8 0 0 0.901765
9 0 0 1.09998
5 0 0 0.981699
3 0 0 0.834595

3
1 1 1 0.9506
2 0 0 0.965229
3 0 0 0.847202

5
1 1 2 0.850001
2 0 0 0.897979
3 0 176 0.943328
6 0 0 0.867317
7 0 0 0.924089

7
1 1 1 0.884531
2 0 5723 1.04113
4 0 0 0.893685
5 0 8104 1.00839
10 0 0 0.961241
11 0 0 0.987545
3 0 0 0.84698

3
1 0 8097 0.882681
2 0 0 0.929808
3 0 0 0.884265

3
1 0 174 0.71262
2 0 0 1.03558
3 0 0 0.762588

1
1 0 0 0.736361

3
1 1 1 0.881988
2 0 0 1.01092
3 0 0 0.839884

7
1 3 5331 0.852084
2 0 0 0.843284
3 3 5354 0.992334
6 0 3303 0.962768
12 0 0 1.03666
13 0 0 0.906033
7 0 0 0.868703

5
1 1 1 0.848285
2 3 5042 1.00838
4 0 0 1.03287
5 0 0 0.968109
3 0 0 0.877968

3
1 3 3315 0.869233
2 0 0 1.02483
3 0 0 0.809648

1
1 0 0 0.910343

3
1 1 1 0.966472
2 0 0 0.951674
3 0 0 0.823059

3
1 1 2 0.912576
2 0 0 0.843462
3 0 0 0.94986

7
1 0 689 0.793338
2 0 612 0.963962
4 0 294 0.932657
8 0 0 0.888534
9 0 0 1.06545
5 0 0 0.938845
3 0 0 0.726957

9
1 1 2 0.751054
2 0 0 0.793775
3 3 1229 0.96259
6 0 0 1.0846
7 0 8828 0.995442
14 0 0 0.965734
15 3 2369 1.0579
30 0 0 1.07909
31 0 0 0.976461

3
1 0 1903 0.821575
2 0 0 0.984929
3 0 0 0.811905

3
1 2 1 0.834073
2 0 0 0.828641
3 0 0 0.848453

3
1 1 2 0.92073
2 0 0 0.831182
3 0 0 0.935513

1
1 0 0 0.876629

3
1 1 1 0.799604
2 0 0 1.105
3 0 0 0.893353

3
1 2 3 0.852935
2 0 0 0.821567
3 0 0 0.917613

3
1 1 2 0.851724
2 0 0 0.776334
3 0 0 0.922411

3
1 3 293 0.893079
2 0 0 0.975914
3 0 0 0.822203

7
1 3 2277 0.95058
2 2 2 0.93706
4 0 0 0.997374
5 0 0 0.887809
3 0 4607 1.00269
6 0 0 1.00634
7 0 0 0.953272

3
1 2 3 0.907431
2 0 0 0.915031
3 0 0 0.936704

1
1 0 0 0.863549

3
1 3 3463 0.92257
2 0 0 0.937367
3 0 0 0.853425

3
1 0 5933 0.989859
2 0 0 0.918225
3 0 0 0.878435

3
1 1 1 0.83198
2 0 0 1.12871
3 0 0 0.795118

3
1 1 2 0.895452
2 0 0 0.926286
3 0 0 0.969675

3
1 1 2 0.946074
2 0 0 0.823449
3 0 0 1.03517

1
1 0 0 0.781703

3
1 0 1274 0.834557
2 0 0 0.83118
3 0 0 0.96243

5
1 1 1 0.907477
2 0 7972 0.954469
4 0 0 0.983297
5 0 0 1.01553
3 0 0 0.87798

3
1 3 244 0.892554
2 0 0 1.05856
3 0 0 0.965201

5
1 2 2 0.899569
2 0 0 0.865444
3 2 3 0.949165
6 0 0 1.07467
7 0 0 0.942862

3
1 1 1 0.933569
2 0 0 1.00373
3 0 0 0.819802

3
1 3 126 0.841655
2 0 0 1.0108
3 0 0 0.80832

5
1 1 1 0.856569
2 3 3380 1.02223
4 0 0 0.985885
5 0 0 0.888881
3 0 0 0.92804

5
1 0 7761 0.889366
2 0 0 0.934356
3 1 2 0.843484
6 0 0 0.924777
7 0 0 0.965173

3
1 1 1 0.888634
2 0 0 0.937425
3 0 0 0.851052

3
1 1 1 0.910542
2 0 0 0.955085
3 0 0 0.771354

1
1 0 0 0.855427

3
1 3 2969 0.911057
2 0 0 0.880783
3 0 0 0.916671

5
1 0 4676 0.944865
2 0 0 0.981964
3 0 6623 0.910668
6 0 0 0.906268
7 0 0 0.86967

3
1 1 2 0.924178
2 0 0 0.888357
3 0 0 1.02556

3
1 3 4729 0.907171
2 0 0 0.889882
3 0 0 0.969123

3
1 0 1690 0.839184
2 0 0 1.09748
3 0 0 0.74146

3
1 1 1 0.854214
2 0 0 0.917258
3 0 0 0.825849

3
1 1 1 0.940463
2 0 0 0.975464
3 0 0 0.935692

5
1 0 1082 0.883471
2 3 509 1.02738
4 0 0 1.02697
5 0 0 1.02441
3 0 0 0.862267

5
1 1 2 0.873158
2 0 0 0.987846
3 3 2910 1.06686
6 0 0 1.03096
7 0 0 0.907179

3
1 1 1 0.890721
2 0 0 0.98112
3 0 0 0.828616

1
1 0 0 0.791957

9
1 1 2 0.855035
2 0 0 0.806167
3 3 4638 0.950316
6 0 7392 0.996835
12 0 0 0.975779
13 0 0 0.998312
7 2 3 0.938835
14 0 0 1.0267
15 0 0 1.06988

3
1 1 1 0.88316
2 0 0 1.0404
3 0 0 0.81904

1
1 0 0 0.749548

1
1 0 0 0.970003

3
1 3 25 0.899816
2 0 0 1.03117
3 0 0 0.85031

3
1 1 1 0.797538
2 0 0 1.20447
3 0 0 0.830163

1
1 0 0 0.854938

3
1 0 178 0.798624
2 0 0 0.966084
3 0 0 0.88048

5
1 0 334 0.813199
2 2 2 1.01958
4 0 0 0.939892
5 0 0 0.934832
3 0 0 0.82612

5
1 1 1 0.893452
2 2 3 0.933883
4 0 0 1.02674
5 0 0 0.948918
3 0 0 0.878992

3
1 1 2 0.935632
2 0 0 0.904912
3 0 0 0.953864

5
1 1 1 0.78317
2 0 0 0.957993
3 0 260 0.694947
6 0 0 1.11198
7 0 0 0.66467

1
1 0 0 0.752892

5
1 1 1 0.83488
2 2 4 1.01563
4 0 0 1.06186
5 0 0 1.04042
3 0 0 0.91851

7
1 3 491 0.829275
2 1 2 1.01482
4 0 0 0.959746
5 0 0 1.07593
3 0 3436 0.837661
6 0 0 0.873412
7 0 0 0.847813

1
1 0 0 0.798906

3
1 1 1 0.824716
2 0 0 0.903466
3 0 0 0.853509

3
1 0 6175 0.881457
2 0 0 0.88593
3 0 0 1.10454

3
1 1 1 0.883025
2 0 0 0.98756
3 0 0 0.759969

5
1 1 2 0.797421
2 0 0 0.793102
3 2 4 0.929933
6 0 0 0.932248
7 0 0 0.922554

3
1 1 1 0.821907
2 0 0 0.996909
3 0 0 0.771404

1
1 0 0 0.732463

3
1 1 1 0.88135
2 0 0 1.06675
3 0 0 0.836692

1
1 0 0 0.855187

5
1 2 1 0.840713
2 0 527 1.01262
4 0 0 0.903016
5 0 0 1.03264
3 0 0 0.836277

5
1 0 9330 0.826275
2 0 0 0.897214
3 1 1 0.932823
6 0 0 1.01427
7 0 0 0.974953

1
1 0 0 0.929205

1
1 0 0 0.762783

3
1 1 1 0.832304
2 0 0 1.07061
3 0 0 0.715266

3
1 3 3600 0.906008
2 0 0 0.913312
3 0 0 0.742334

3
1 3 102 0.7363
2 0 0 0.99042
3 0 0 0.793729

3
1 1 1 0.872964
2 0 0 1.09197
3 0 0 0.752267

3
1 3 239 0.858087
2 0 0 0.989344
3 0 0 0.779949

3
1 1 1 0.848281
2 0 0 1.05062
3 0 0 0.750774

3
1 2 3 0.860758
2 0 0 1.04374
3 0 0 0.955236

1
1 0 0 0.842103

3
1 1 2 0.855869
2 0 0 0.730516
3 0 0 0.949516

5
1 3 13 0.88356
2 0 0 1.02807
3 1 1 0.905211
6 0 0 1.02255
7 0 0 0.802019

5
1 1 1 0.949423
2 3 2990 1.03648
4 0 0 1.09139
5 0 0 1.05041
3 0 0 0.811872

3
1 0 7180 0.923881
2 0 0 0.885097
3 0 0 0.76534

3
1 2 4 0.779391
2 0 0 0.813437
3 0 0 1.00545

3
1 3 201 0.881276
2 0 0 0.978521
3 0 0 0.880782

3
1 0 318 0.796536
2 0 0 1.0009
3 0 0 0.788746

3
1 3 190 0.882121
2 0 0 0.924868
3 0 0 0.818597

3
1 2 3 0.856762
2 0 0 0.903258
3 0 0 0.98414

1
1 0 0 0.880678

5
1 1 1 0.9506
2 0 0 1.09699
3 3 68 0.785092
6 0 0 1.04648
7 0 0 0.815683

3
1 3 5007 0.950015
2 0 0 0.903445
3 0 0 0.882337

3
1 3 3114 0.841764
2 0 0 0.950433
3 0 0 0.803703

5
1 0 5739 0.866868
2 0 5522 0.988602
4 0 0 1.05988
5 0 0 1.08522
3 0 0 0.93194

3
1 3 3250 0.781828
2 0 0 0.754062
3 0 0 0.881213

5
1 1 1 0.912528
2 0 9285 1.10522
4 0 0 1.04034
5 0 0 0.990718
3 0 0 0.746582

1
1 0 0 0.93278

3
1 3 3885 0.903607
2 0 0 0.909319
3 0 0 0.913125

1
1 0 0 0.826316

3
1 1 2 0.894349
2 0 0 0.888657
3 0 0 0.879401

3
1 1 1 0.86067
2 0 0 0.953198
3 0 0 0.804087

5
1 0 3343 0.906835
2 0 0 0.909465
3 1 2 0.882205
6 0 0 0.869522
7 0 0 0.964079

3
1 1 2 0.912576
2 0 0 0.8337
3 0 0 1.02962

3
1 3 832 0.88974
2 0 0 0.959548
3 0 0 0.870727

5
1 1 2 1.00447
2 0 0 0.763638
3 3 3648 1.00207
6 0 0 0.977265
7 0 0 1.08148

3
1 0 709 0.858079
2 0 0 1.00033
3 0 0 0.828138

5
1 1 2 1.01414
2 0 0 0.917511
3 0 6383 0.947714
6 0 0 0.944987
7 0 0 0.888808

3
1 0 1563 0.833686
2 0 0 0.977867
3 0 0 0.827699

3
1 0 92 0.855223
2 0 0 0.944529
3 0 0 0.668726

3
1 1 1 0.799604
2 0 0 1.05374
3 0 0 0.747746

1
1 0 0 0.88075

3
1 1 2 0.959441
2 0 0 0.8979
3 0 0 1.07822

3
1 0 1637 0.90758
2 0 0 0.987264
3 0 0 0.835628

3
1 3 4531 0.969312
2 0 0 0.934657
3 0 0 1.00248

3
1 0 157 0.868304
2 0 0 0.996527
3 0 0 0.77574

3
1 2 4 0.893009
2 0 0 0.904585
3 0 0 0.946371

1
1 0 0 0.877722

3
1 3 2386 0.843549
2 0 0 0.883305
3 0 0 0.843167

7
1 0 1384 0.879878
2 0 0 1.06664
3 2 1 0.96714
6 1 1 0.882051
12 0 0 1.0299
13 0 0 0.836209
7 0 0 0.83718

3
1 0 168 0.872575
2 0 0 0.988822
3 0 0 0.838116

3
1 1 2 0.929649
2 0 0 0.902029
3 0 0 0.998888

3
1 3 114 0.786791
2 0 0 0.920972
3 0 0 0.905431

3
1 2 4 0.95301
2 0 0 0.843606
3 0 0 0.951521

3
1 1 1 0.860002
2 0 0 1.07071
3 0 0 0.840463

7
1 1 1 0.815376
2 3 3902 0.877821
4 2 1 0.953298
8 0 0 0.937091
9 0 0 1.02358
5 0 0 0.94914
3 0 0 0.873266

3
1 1 1 0.951524
2 0 0 0.932622
3 0 0 0.835321

3
1 1 1 0.933569
2 0 0 0.945786
3 0 0 0.861336

7
1 1 1 0.886965
2 2 2 0.998419
4 0 0 0.959647
5 0 0 0.972069
3 1 2 0.811624
6 0 0 0.81442
7 0 0 1.02033

5
1 1 1 0.856569
2 0 4689 0.890399
4 0 0 1.05926
5 0 0 0.952692
3 0 0 0.852972

5
1 2 3 0.958775
2 0 0 0.905789
3 3 4070 1.0463
6 0 0 0.904651
7 0 0 0.873358

3
1 1 1 0.987777
2 0 0 0.991966
3 0 0 0.947306

3
1 3 714 0.891501
2 0 0 0.888982
3 0 0 0.899055

3
1 1 1 0.916406
2 0 0 1.00558
3 0 0 0.829399

5
1 2 1 0.840763
2 0 0 0.877106
3 3 206 0.849467
6 0 0 1.03998
7 0 0 0.879839

3
1 3 2337 0.816896
2 0 0 0.887242
3 0 0 0.919171

7
1 1 2 0.924178
2 0 0 0.866481
3 2 2 0.960239
6 0 0 0.89941
7 2 3 1.06577
14 0 0 0.998097
15 0 0 1.09031

3
1 1 2 0.8586
2 0 0 0.836119
3 0 0 0.972369

1
1 0 0 0.779464

3
1 1 2 0.914796
2 0 0 0.955592
3 0 0 0.885931

3
1 0 8061 0.852347
2 0 0 0.866627
3 0 0 0.852266

3
1 0 3929 0.904132
2 0 0 1.09253
3 0 0 0.947383

3
1 2 3 0.900464
2 0 0 0.924026
3 0 0 0.821128

3
1 1 1 0.890721
2 0 0 0.965485
3 0 0 0.86786

5
1 0 326 0.884737
2 2 4 0.989493
4 0 0 1.03162
5 0 0 0.950445
3 0 0 0.937738

7
1 1 2 0.855035
2 0 0 0.762177
3 0 1826 0.942085
6 0 0 1.00654
7 0 8366 0.97337
14 0 0 0.978508
15 0 0 0.922627

3
1 1 1 0.882309
2 0 0 1.11151
3 0 0 0.786543

1
1 0 0 0.90647

3
1 3 5087 0.803852
2 0 0 0.833961
3 0 0 0.921314

1
1 0 0 0.929837

1
1 0 0 0.844728

1
1 0 0 0.746257

3
1 1 1 0.868049
2 0 0 1.01048
3 0 0 0.817574

3
1 2 4 0.893226
2 0 0 0.927845
3 0 0 0.930671

1
1 0 0 0.889174

3
1 0 569 0.872905
2 0 0 0.963178
3 0 0 0.81461

3
1 1 2 0.942611
2 0 0 0.827473
3 0 0 1.01929

5
1 2 1 0.890086
2 0 0 0.89879
3 2 4 0.86682
6 0 0 0.931744
7 0 0 0.932334

3
1 2 4 0.904764
2 0 0 0.84743
3 0 0 0.968163

3
1 3 2489 0.855755
2 0 0 0.988486
3 0 0 0.822994

3
1 3 4219 0.849893
2 0 0 0.932155
3 0 0 1.00285

3
1 1 1 0.824716
2 0 0 0.948378
3 0 0 0.826293

1
1 0 0 0.764416

3
1 0 33 0.868688
2 0 0 0.892571
3 0 0 0.828098

3
1 3 690 0.839274
2 0 0 0.84891
3 0 0 0.779274

1
1 0 0 0.858502

5
1 3 1693 0.833956
2 0 0 0.933266
3 1 1 0.916259
6 0 0 0.969899
7 0 0 0.820967

1
1 0 0 0.869117

1
1 0 0 0.770402

1
1 0 0 0.807933

9
1 3 4557 0.84093
2 0 7162 0.886966
4 0 0 0.902808
5 0 0 0.898967
3 3 5277 0.950939
6 0 8869 0.940293
12 0 0 0.99963
13 0 0 0.910436
7 0 0 0.898533

1
1 0 0 0.735249

5
1 0 3744 0.868988
2 0 0 0.93568
3 0 6337 0.887166
6 0 0 0.929167
7 0 0 0.942706

5
1 1 1 0.832304
2 2 2 1.08758
4 0 0 1.06396
5 0 0 1.05098
3 0 0 0.745564

3
1 0 5922 0.894733
2 0 0 0.870131
3 0 0 0.887655

3
1 1 1 0.839498
2 0 0 0.862332
3 0 0 0.828214

3
1 0 4321 0.904977
2 0 0 0.821684
3 0 0 0.861822

1
1 0 0 0.851016

3
1 1 1 0.848281
2 0 0 1.03378
3 0 0 0.787635

5
1 1 1 0.932976
2 0 0 0.957054
3 0 436 0.839054
6 0 0 0.919772
7 0 0 0.871285

3
1 1 1 0.832224
2 0 0 0.960417
3 0 0 0.822908

1
1 0 0 0.79726

3
1 2 1 0.905187
2 0 0 0.972973
3 0 0 0.857572

3
1 1 1 0.949423
2 0 0 1.08839
3 0 0 0.726066

3
1 1 2 0.838046
2 0 0 0.735484
3 0 0 1.03218

1
1 0 0 0.738933

3
1 0 6899 0.872915
2 0 0 1.01567
3 0 0 0.956006

3
1 1 1 0.849207
2 0 0 0.912684
3 0 0 0.803435

3
1 3 139 0.832625
2 0 0 0.930626
3 0 0 0.809174

1
1 0 0 0.742107

1
1 0 0 0.775839

3
1 1 1 0.9506
2 0 0 1.06055
3 0 0 0.799843

3
1 1 2 0.828549
2 0 0 0.875276
3 0 0 1.00588

5
1 0 9888 0.911947
2 2 1 0.872903
4 0 0 0.87163
5 0 0 0.905017
3 0 0 0.988927

5
1 3 4179 0.922285
2 0 6533 0.992623
4 0 0 0.996473
5 0 0 0.864331
3 0 0 0.837135

3
1 1 1 0.836076
2 0 0 1.06715
3 0 0 0.781607

5
1 1 1 0.816311
2 2 1 1.06542
4 0 0 1.05268
5 0 0 1.07982
3 0 0 0.731775

7
1 3 3480 0.903456
2 3 117 0.981379
4 0 0 1.03297
5 0 0 0.929224
3 0 9209 0.966176
6 0 0 1.00978
7 0 0 0.923903

3
1 1 2 0.845227
2 0 0 0.839868
3 0 0 0.971966

3
1 1 2 0.819496
2 0 0 0.85912
3 0 0 1.09191

5
1 0 5134 0.857662
2 0 0 0.880206
3 1 1 0.938343
6 0 0 1.07752
7 0 0 0.83275

1
1 0 0 0.917612

5
1 3 4926 0.845266
2 1 2 0.829849
4 0 0 0.822017
5 0 0 0.90648
3 0 0 0.922016

3
1 1 1 0.801504
2 0 0 0.897595
3 0 0 0.748205

3
1 1 1 0.841207
2 0 0 0.92108
3 0 0 0.882598

3
1 3 1478 0.942969
2 0 0 0.965173
3 0 0 0.984216

3
1 0 3702 0.897243
2 0 0 0.910404
3 0 0 0.874291

3
1 1 1 0.822827
2 0 0 1.06328
3 0 0 0.806396

1
1 0 0 0.875153

1
1 0 0 0.844964

3
1 3 2101 0.926245
2 0 0 1.02614
3 0 0 0.810672

3
1 3 1285 0.914014
2 0 0 0.927764
3 0 0 0.76962

1
1 0 0 0.770146

3
1 0 345 0.873761
2 0 0 1.05118
3 0 0 0.852179

3
1 1 1 0.847868
2 0 0 0.921052
3 0 0 0.899454

7
1 1 1 0.936366
2 0 4775 1.0257
4 0 0 1.01608
5 2 3 0.997289
10 0 0 0.929544
11 0 0 1.01782
3 0 0 0.750891

3
1 0 1863 0.874128
2 0 0 0.991124
3 0 0 0.815205

3
1 3 73 0.8219
2 0 0 0.955012
3 0 0 0.786142

1
1 0 0 0.812286

3
1 1 1 0.853996
2 0 0 1.14726
3 0 0 0.808664

5
1 1 2 0.957039
2 0 0 0.938842
3 0 5224 0.949107
6 0 0 0.914085
7 0 0 0.991066

3
1 2 2 0.944639
2 0 0 0.974158
3 0 0 0.970662

3
1 1 2 0.911599
2 0 0 0.839103
3 0 0 0.972602

3
1 3 1921 0.947622
2 0 0 0.852864
3 0 0 0.895675

3
1 0 9485 0.881527
2 0 0 0.852444
3 0 0 0.810106

3
1 1 2 0.821769
2 0 0 0.920052
3 0 0 1.05594

3
1 1 1 0.889681
2 0 0 0.958093
3 0 0 0.778141

5
1 0 7521 0.88742
2 3 5203 0.909368
4 0 0 0.957844
5 0 0 1.14894
3 0 0 0.928645

5
1 1 1 0.886965
2 0 2039 1.02691
4 0 0 1.02096
5 0 0 0.966076
3 0 0 0.76171

3
1 2 1 0.849085
2 0 0 1.04679
3 0 0 0.880547

1
1 0 0 0.84502

5
1 3 2565 0.854019
2 0 0 0.931339
3 3 3316 0.798472
6 0 0 1.04393
7 0 0 0.80996

3
1 3 844 0.834171
2 0 0 0.971045
3 0 0 0.837032

3
1 0 834 0.977618
2 0 0 0.949447
3 0 0 0.913117

3
1 3 1732 0.877628
2 0 0 0.845169
3 0 0 0.838504

5
1 0 1981 0.982187
2 0 0 1.01453
3 0 2489 0.980283
6 0 0 0.984199
7 0 0 0.959131

3
1 1 2 0.822876
2 0 0 0.994841
3 0 0 1.01294

1
1 0 0 0.837316

5
1 0 1480 0.902047
2 0 0 1.01255
3 1 2 0.868493
6 0 0 0.950438
7 0 0 0.937028

3
1 1 2 0.821542
2 0 0 0.825511
3 0 0 1.01284

3
1 1 2 0.871841
2 0 0 0.896109
3 0 0 1.04539

3
1 1 1 0.898434
2 0 0 1.1222
3 0 0 0.817529

3
1 0 606 0.803786
2 0 0 0.921586
3 0 0 0.799364

1
1 0 0 0.830885

5
1 2 3 0.898729
2 0 0 0.841707
3 1 2 0.870205
6 0 0 0.921925
7 0 0 0.942048

3
1 3 5200 0.77584
2 0 0 0.755983
3 0 0 0.999581

3
1 1 2 0.89775
2 0 0 0.966831
3 0 0 1.09895

3
1 0 4646 0.908774
2 0 0 0.864531
3 0 0 0.87936

1
1 0 0 0.843514

3
1 2 4 0.88518
2 0 0 0.896341
3 0 0 1.02319

3
1 2 4 0.948685
2 0 0 0.936435
3 0 0 1.07248

3
1 1 1 0.908148
2 0 0 1.05484
3 0 0 0.778628

1
1 0 0 0.838955

3
1 1 1 0.900195
2 0 0 1.07894
3 0 0 0.861531

3
1 1 1 0.857371
2 0 0 1.07906
3 0 0 0.949725

1
1 0 0 0.793605

5
1 3 3132 0.918611
2 0 0 0.928772
3 3 3747 0.874605
6 0 0 0.968916
7 0 0 0.840363

3
1 2 1 0.916557
2 0 0 0.982943
3 0 0 0.935366

3
1 0 1694 0.831495
2 0 0 0.989057
3 0 0 0.772352

3
1 2 2 0.920872
2 0 0 0.828744
3 0 0 1.068

5
1 1 1 0.817414
2 0 5685 1.01254
4 0 0 1.01284
5 0 0 0.944972
3 0 0 0.882677

1
1 0 0 0.875694

1
1 0 0 0.868424

1
1 0 0 0.836731

1
1 0 0 0.791061

3
1 0 5495 0.907834
2 0 0 1.04856
3 0 0 0.736386

5
1 2 3 0.884601
2 0 0 1.0224
3 2 4 0.928694
6 0 0 0.89516
7 0 0 0.983176

5
1 2 1 0.867299
2 1 1 0.916687
4 0 0 1.06493
5 0 0 0.924002
3 0 0 0.935801

3
1 2 1 0.820133
2 0 0 0.933696
3 0 0 0.858392

7
1 3 2223 0.872128
2 0 0 0.86383
3 1 2 0.904472
6 0 0 0.855134
7 2 3 0.871495
14 0 0 0.868274
15 0 0 0.968053

5
1 0 5147 0.891078
2 0 0 0.985315
3 2 2 0.919086
6 0 0 0.767496
7 0 0 0.991429

1
1 0 0 0.854532

1
1 0 0 0.733848

1
1 0 0 0.746836

3
1 1 1 0.900367
2 0 0 1.00246
3 0 0 0.758318

3
1 1 1 0.834256
2 0 0 1.01711
3 0 0 0.761287

3
1 1 1 0.832748
2 0 0 0.915532
3 0 0 0.813275

3
1 3 70 0.78959
2 0 0 0.88776
3 0 0 0.867985

7
1 1 2 0.816541
2 0 0 0.813727
3 3 831 0.970675
6 0 0 0.997786
7 3 1678 0.978723
14 0 0 0.977962
15 0 0 0.922755

3
1 1 1 0.881582
2 0 0 0.984029
3 0 0 0.86907

1
1 0 0 0.879769

5
1 1 1 0.774384
2 3 5080 0.993803
4 0 0 0.976192
5 0 0 1.00195
3 0 0 0.831973

5
1 3 1048 0.991018
2 0 3527 0.900788
4 0 0 0.913051
5 0 0 0.941953
3 0 0 0.854909

3
1 2 3 1.05728
2 0 0 1.0303
3 0 0 1.04032

1
1 0 0 0.774556

3
1 3 310 0.782942
2 0 0 0.911923
3 0 0 0.764112

5
1 3 281 0.804497
2 2 1 0.875593
4 0 0 0.985411
5 0 0 0.992067
3 0 0 0.884251

3
1 0 664 0.787506
2 0 0 0.912299
3 0 0 0.769697

3
1 3 16 0.782864
2 0 0 0.94584
3 0 0 0.847686

1
1 0 0 0.837168

3
1 1 1 0.879441
2 0 0 0.967535
3 0 0 0.791645

5
1 0 3137 0.857113
2 0 0 0.947143
3 1 1 0.830822
6 0 0 1.03001
7 0 0 0.803557

3
1 1 1 0.781294
2 0 0 0.887458
3 0 0 0.801274

1
1 0 0 0.797487

5
1 1 1 0.897782
2 0 655 0.912606
4 0 0 1.04635
5 0 0 0.935088
3 0 0 0.768127

5
1 1 1 0.836076
2 0 311 1.01819
4 0 0 0.861524
5 0 0 0.897513
3 0 0 0.737837

3
1 1 1 0.816311
2 0 0 1.06545
3 0 0 0.773444

3
1 3 77 0.840661
2 0 0 1.09072
3 0 0 0.841561

5
1 1 1 0.913153
2 0 0 0.918216
3 3 4624 0.896196
6 0 0 0.883218
7 0 0 1.00313

5
1 2 1 0.900849
2 0 5571 0.954388
4 0 0 1.00214
5 0 0 0.835965
3 0 0 0.938314

3
1 3 2016 0.861816
2 0 0 0.831174
3 0 0 0.899435

1
1 0 0 0.845912

3
1 0 1332 0.836094
2 0 0 1.05151
3 0 0 0.787352

3
1 0 9046 0.942274
2 0 0 1.01675
3 0 0 0.891044

3
1 0 1401 0.883689
2 0 0 0.912548
3 0 0 0.943822

5
1 1 2 0.979122
2 0 0 0.850929
3 0 4676 0.982232
6 0 0 0.972525
7 0 0 0.998312

3
1 1 2 0.832345
2 0 0 0.836806
3 0 0 0.974386

1
1 0 0 0.841684

5
1 0 7601 0.84016
2 0 6375 0.902191
4 0 0 0.938245
5 0 0 0.986404
3 0 0 0.865789

9
1 0 4516 0.917007
2 1 1 0.975248
4 0 80 1.0172
8 0 0 0.897555
9 0 0 0.999125
5 3 169 0.88175
10 0 0 1.07602
11 0 0 0.83979
3 0 0 0.984035

1
1 0 0 0.783699

1
1 0 0 0.855512

3
1 1 2 0.873236
2 0 0 0.803725
3 0 0 0.916219

1
1 0 0 0.887771

3
1 1 1 0.847868
2 0 0 0.994297
3 0 0 0.978732

3
1 1 1 0.887134
2 0 0 0.935541
3 0 0 0.874765

3
1 3 18 0.710072
2 0 0 0.931344
3 0 0 0.69172

5
1 1 2 0.845195
2 0 0 0.864077
3 3 835 0.9968
6 0 0 0.99484
7 0 0 0.981443

3
1 3 2185 0.815218
2 0 0 0.933887
3 0 0 0.814754

1
1 0 0 0.888842

1
1 0 0 0.84278

3
1 1 1 0.946316
2 0 0 1.20316
3 0 0 0.703803

3
1 1 1 0.893163
2 0 0 1.07166
3 0 0 0.71825

3
1 0 714 0.860642
2 0 0 0.881845
3 0 0 0.869215

3
1 0 1240 0.895419
2 0 0 0.937118
3 0 0 0.826086

3
1 1 1 0.928494
2 0 0 0.997924
3 0 0 0.909848

3
1 1 1 0.889681
2 0 0 0.966847
3 0 0 0.787072

3
1 1 2 0.845608
2 0 0 0.896335
3 0 0 0.929303

3
1 0 8763 0.869044
2 0 0 0.910886
3 0 0 0.845074

3
1 1 1 0.926441
2 0 0 1.02597
3 0 0 0.864812

3
1 2 3 0.841907
2 0 0 0.858662
3 0 0 0.951946

1
1 0 0 0.748904

5
1 2 3 0.907837
2 0 0 0.90982
3 0 6377 0.907947
6 0 0 0.998816
7 0 0 1.03036

3
1 2 3 0.914696
2 0 0 0.810847
3 0 0 0.990849

1
1 0 0 0.758511

3
1 0 4835 0.87716
2 0 0 0.944834
3 0 0 0.874174

1
1 0 0 0.837946

3
1 1 2 0.901462
2 0 0 0.760469
3 0 0 1.03362

3
1 0 712 0.963312
2 0 0 0.909355
3 0 0 0.973893

5
1 1 2 0.821542
2 0 0 0.829977
3 3 994 0.997402
6 0 0 1.04802
7 0 0 0.980297

5
1 2 2 0.923286
2 0 0 0.941555
3 1 2 0.991151
6 0 0 0.901636
7 0 0 1.03249

3
1 1 1 0.898434
2 0 0 1.05295
3 0 0 0.862674

3
1 1 1 0.874258
2 0 0 0.965752
3 0 0 0.946622

3
1 3 2468 0.872599
2 0 0 0.840268
3 0 0 0.788696

3
1 1 1 0.971898
2 0 0 1.04993
3 0 0 0.924751

3
1 2 1 0.899148
2 0 0 0.988502
3 0 0 0.91673

7
1 1 2 0.89775
2 0 0 0.850617
3 2 3 1.01359
6 3 4552 1.02568
12 0 0 1.00797
13 0 0 1.0023
7 0 0 0.962451

3
1 1 2 0.90715
2 0 0 0.866563
3 0 0 1.01166

3
1 0 5705 0.955171
2 0 0 1.00604
3 0 0 0.908689

3
1 3 4302 0.929657
2 0 0 0.946404
3 0 0 0.930347

3
1 2 4 0.85288
2 0 0 0.821876
3 0 0 0.919836

1
1 0 0 0.896225

5
1 1 1 0.857428
2 3 3754 1.02306
4 0 0 1.0327
5 0 0 1.00108
3 0 0 0.833415

3
1 1 1 0.900195
2 0 0 1.04771
3 0 0 0.804692

1
1 0 0 0.863164

5
1 1 2 0.909195
2 0 0 0.893323
3 0 3214 1.04969
6 0 0 0.912689
7 0 0 0.993765

1
1 0 0 0.804842

1
1 0 0 0.789087

5
1 0 6225 0.850214
2 0 275 0.916353
4 0 0 0.942485
5 0 0 0.910015
3 0 0 0.82014

7
1 1 1 0.88071
2 2 4 1.04588
4 3 5150 0.912232
8 0 0 0.948684
9 0 0 0.962089
5 0 0 1.07696
3 0 0 0.875202

1
1 0 0 0.828636

3
1 3 602 0.850863
2 0 0 0.862197
3 0 0 0.835588

7
1 1 2 0.983596
2 1 1 1.01964
4 0 0 1.00842
5 0 0 0.856186
3 3 4079 1.05295
6 0 0 1.02051
7 0 0 0.997669

5
1 0 1286 0.944141
2 3 1053 1.02744
4 0 0 0.954605
5 0 0 1.01394
3 0 0 0.905588

3
1 1 1 0.821218
2 0 0 1.01097
3 0 0 0.837774

1
1 0 0 0.934651

3
1 1 1 0.913876
2 0 0 1.02335
3 0 0 0.826678

1
1 0 0 0.751479

5
1 2 4 0.872375
2 0 0 0.888083
3 3 1209 0.951874
6 0 0 0.99943
7 0 0 0.95526

5
1 1 1 0.856549
2 2 3 0.915244
4 0 0 1.04064
5 0 0 0.934654
3 0 0 0.868589

1
1 0 0 0.814585

3
1 3 3637 0.872991
2 0 0 0.989035
3 0 0 0.831487

7
1 2 3 0.819108
2 2 2 0.921449
4 0 0 0.898849
5 0 0 1.02064
3 0 3694 0.882091
6 0 0 0.841274
7 0 0 0.999965

3
1 1 1 0.884817
2 0 0 0.936588
3 0 0 0.84077

3
1 1 1 0.900367
2 0 0 0.945499
3 0 0 0.837043

3
1 0 72 0.794904
2 0 0 0.912122
3 0 0 0.718608

3
1 0 1249 0.817857
2 0 0 0.999841
3 0 0 0.791916

3
1 1 1 0.798628
2 0 0 1.12015
3 0 0 0.880201

7
1 0 8822 0.959382
2 0 6137 0.947953
4 0 0 0.844412
5 0 0 1.05533
3 0 9751 0.853542
6 0 0 0.903722
7 0 0 0.847674

3
1 1 1 0.881582
2 0 0 0.919051
3 0 0 0.752734

3
1 0 2467 0.884487
2 0 0 1.08416
3 0 0 0.834171

1
1 0 0 0.813318

5
1 1 2 0.853366
2 0 0 0.780294
3 2 2 0.955319
6 0 0 0.953252
7 0 0 0.988671

3
1 1 1 0.912477
2 0 0 0.940294
3 0 0 0.863374

3
1 0 522 0.837236
2 0 0 1.01023
3 0 0 0.819592

3
1 1 1 0.904882
2 0 0 1.00701
3 0 0 0.785001

5
1 0 1514 0.912574
2 0 1428 0.966592
4 0 0 1.03189
5 0 0 0.95558
3 0 0 0.885027

5
1 0 3282 0.921401
2 1 1 0.955183
4 0 0 1.00381
5 0 0 0.851705
3 0 0 0.868153

3
1 0 2052 0.805491
2 0 0 0.96507
3 0 0 0.940402

5
1 3 103 0.717238
2 0 4271 1.11107
4 0 0 1.07391
5 0 0 0.964784
3 0 0 0.729454

3
1 1 1 0.876341
2 0 0 0.9306
3 0 0 0.800883

1
1 0 0 0.803093

5
1 1 1 0.781294
2 0 8644 1.00536
4 0 0 1.01878
5 0 0 0.988753
3 0 0 0.779308

1
1 0 0 0.824669

3
1 1 1 0.897782
2 0 0 1.05591
3 0 0 0.818046

5
1 1 2 0.889311
2 0 0 0.857154
3 3 3902 0.902965
6 0 0 1.01324
7 0 0 0.9979

5
1 1 1 0.825553
2 3 3451 1.19214
4 0 0 1.17365
5 0 0 0.931063
3 0 0 0.846682

5
1 2 1 0.820489
2 0 0 0.998921
3 3 5303 0.869476
6 0 0 0.904962
7 0 0 1.04876

3
1 1 2 0.865529
2 0 0 0.821064
3 0 0 0.818432

5
1 0 4981 0.798138
2 0 4540 0.830488
4 0 0 0.850243
5 0 0 0.881122
3 0 0 0.798562

3
1 1 1 0.868295
2 0 0 0.904287
3 0 0 0.783422

1
1 0 0 0.825624

5
1 3 5228 0.96888
2 3 70 0.896224
4 0 0 1.09016
5 0 0 0.906895
3 0 0 1.06657

1
1 0 0 0.806835

1
1 0 0 0.824322

3
1 1 1 0.922077
2 0 0 0.967864
3 0 0 0.691273

3
1 1 2 0.999931
2 0 0 0.787994
3 0 0 0.856369

3
1 1 2 0.93593
2 0 0 0.899777
3 0 0 0.888571

1
1 0 0 0.889375

5
1 1 2 0.812923
2 0 0 0.91945
3 3 5216 1.11164
6 0 0 1.12992
7 0 0 1.08263

5
1 0 904 0.845607
2 3 364 1.01469
4 0 0 0.97664
5 0 0 0.966223
3 0 0 0.878439

3
1 1 2 0.825441
2 0 0 0.851114
3 0 0 1.01257

3
1 0 8484 0.867362
2 0 0 0.847352
3 0 0 0.931274

3
1 1 1 0.991932
2 0 0 1.03206
3 0 0 0.795247

1
1 0 0 0.851843

3
1 0 2880 0.84864
2 0 0 0.934862
3 0 0 0.786091

3
1 0 9048 0.935661
2 0 0 1.00565
3 0 0 0.901891

3
1 3 5068 0.832866
2 0 0 0.817683
3 0 0 0.980234

3
1 0 382 0.859897
2 0 0 1.02206
3 0 0 0.815546

3
1 2 1 0.919507
2 0 0 0.913066
3 0 0 1.03305

3
1 1 2 0.818369
2 0 0 0.838087
3 0 0 0.902155

1
1 0 0 0.889209

3
1 1 1 0.893163
2 0 0 0.951357
3 0 0 0.846766

3
1 1 1 0.89688
2 0 0 1.01085
3 0 0 0.850721

3
1 3 972 0.862233
2 0 0 0.940925
3 0 0 0.837427

3
1 1 1 0.773795
2 0 0 1.00363
3 0 0 0.894344

3
1 1 1 0.889681
2 0 0 0.932696
3 0 0 0.717814

3
1 1 2 0.845608
2 0 0 0.73364
3 0 0 1.02051

3
1 2 1 0.887165
2 0 0 0.905698
3 0 0 0.901986

1
1 0 0 0.757972

1
1 0 0 0.704121

3
1 1 1 0.926952
2 0 0 1.10047
3 0 0 0.89348

3
1 1 1 0.772351
2 0 0 1.07096
3 0 0 0.956356

3
1 1 1 0.831515
2 0 0 0.939349
3 0 0 0.799513

5
1 3 5240 0.760565
2 0 0 0.743274
3 3 5341 1.06392
6 0 0 0.982549
7 0 0 1.11882

5
1 3 70 0.828899
2 0 817 1.0214
4 0 0 0.984147
5 0 0 1.00528
3 0 0 0.82814

1
1 0 0 0.891712

9
1 1 2 0.901462
2 0 0 0.836584
3 3 2723 1.00661
6 0 1638 0.981065
12 0 0 1.02509
13 0 0 1.01908
7 2 4 1.00939
14 0 0 1.0129
15 0 0 1.07105

3
1 0 4944 0.96471
2 0 0 0.985485
3 0 0 0.811129

1
1 0 0 0.913592

3
1 2 4 0.990734
2 0 0 0.890631
3 0 0 1.02646

1
1 0 0 0.821264

5
1 1 1 0.840551
2 0 0 0.9903
3 0 4731 0.822917
6 0 0 0.958111
7 0 0 0.804553

1
1 0 0 0.8848

3
1 2 2 0.885483
2 0 0 0.920194
3 0 0 0.857962

3
1 1 1 0.859811
2 0 0 0.933172
3 0 0 0.880404

3
1 1 2 0.943205
2 0 0 0.827058
3 0 0 1.04301

3
1 1 1 0.873386
2 0 0 1.08168
3 0 0 0.839755

3
1 1 1 0.879003
2 0 0 1.07917
3 0 0 0.853294

3
1 1 2 0.89761
2 0 0 0.872019
3 0 0 1.0898

3
1 0 261 0.872798
2 0 0 1.08668
3 0 0 0.9455

5
1 0 5886 0.870003
2 1 2 0.854596
4 0 0 0.932581
5 0 0 0.966278
3 0 0 0.855585

3
1 1 2 0.905533
2 0 0 0.885132
3 0 0 0.936507

3
1 1 1 0.938452
2 0 0 0.908258
3 0 0 0.84235

5
1 3 805 0.932761
2 2 1 0.97455
4 0 0 0.948534
5 0 0 1.03057
3 0 0 0.946379

5
1 0 227 1.0235
2 0 18 1.03861
4 0 0 1.08137
5 0 0 0.985407
3 0 0 0.846325

3
1 3 4933 0.985386
2 0 0 1.00283
3 0 0 0.978306

5
1 0 410 0.943453
2 0 0 1.01788
3 0 6439 0.868443
6 0 0 0.878175
7 0 0 0.893523

5
1 3 2868 0.958189
2 0 0 1.05186
3 1 2 0.934445
6 0 0 0.992902
7 0 0 0.932106

3
1 2 3 0.8753
2 0 0 0.836882
3 0 0 0.967873

3
1 1 2 0.812842
2 0 0 0.798911
3 0 0 0.986019

5
1 3 3216 0.875586
2 1 2 0.896631
4 0 0 0.86124
5 0 0 0.956961
3 0 0 0.808618

3
1 3 3355 0.911425
2 0 0 0.934248
3 0 0 0.814725

5
1 1 1 0.801698
2 3 3449 0.965259
4 0 0 0.969623
5 0 0 0.953555
3 0 0 0.778079

1
1 0 0 0.951579

3
1 3 5297 0.795185
2 0 0 0.777858
3 0 0 0.910033

3
1 1 1 0.913876
2 0 0 0.941339
3 0 0 0.809041

3
1 0 4767 0.954163
2 0 0 1.03962
3 0 0 0.807857

3
1 0 555 0.863744
2 0 0 1.01031
3 0 0 0.888681

5
1 0 7535 0.83973
2 0 2675 0.911666
4 0 0 0.976719
5 0 0 0.928013
3 0 0 0.86765

3
1 0 294 0.775681
2 0 0 0.910102
3 0 0 0.694736

1
1 0 0 0.798031

3
1 2 2 0.904735
2 0 0 0.90325
3 0 0 0.916482

3
1 1 1 1.05061
2 0 0 0.987661
3 0 0 0.937408

1
1 0 0 0.825603

3
1 1 1 0.841275
2 0 0 0.943962
3 0 0 0.755708

3
1 2 4 0.830495
2 0 0 0.787524
3 0 0 0.89304

3
1 1 1 0.798628
2 0 0 0.895374
3 0 0 0.83289

5
1 1 2 0.90909
2 0 0 0.856351
3 0 1793 0.933373
6 0 0 1.11023
7 0 0 1.03857

3
1 1 1 0.881582
2 0 0 1.11454
3 0 0 0.71657

5
1 1 1 0.803999
2 0 0 1.10258
3 2 4 0.893343
6 0 0 0.918641
7 0 0 1.00578

5
1 1 1 0.857961
2 3 1248 0.929256
4 0 0 1.03378
5 0 0 0.948571
3 0 0 0.749235

3
1 1 2 0.853366
2 0 0 0.775607
3 0 0 0.967174

3
1 0 5179 0.891195
2 0 0 0.909473
3 0 0 0.91949

1
1 0 0 0.819029

3
1 1 1 0.904882
2 0 0 0.955147
3 0 0 0.840227

3
1 2 3 0.8463
2 0 0 0.882203
3 0 0 1.0312

5
1 3 3042 0.957174
2 0 9796 0.95758
4 0 0 0.998849
5 0 0 1.02781
3 0 0 0.924292

5
1 1 1 0.915451
2 2 3 1.01914
4 0 0 0.960739
5 0 0 0.956372
3 0 0 0.703275

1
1 0 0 0.760174

3
1 1 2 0.847891
2 0 0 0.793023
3 0 0 0.983352

3
1 3 5159 0.801197
2 0 0 0.840071
3 0 0 1.05153

3
1 1 1 0.781294
2 0 0 1.09126
3 0 0 0.8887

3
1 2 3 0.813545
2 0 0 0.782411
3 0 0 0.814526

3
1 0 1324 0.804032
2 0 0 0.913919
3 0 0 0.817945

5
1 1 2 0.903855
2 0 0 0.877171
3 3 3488 0.958809
6 0 0 0.990234
7 0 0 0.960255

5
1 1 1 0.825553
2 3 75 1.01518
4 0 0 1.06648
5 0 0 0.939859
3 0 0 0.728865

7
1 0 255 0.870699
2 3 4385 1.0125
4 2 2 1.09152
8 0 0 0.995863
9 0 0 1.0405
5 0 0 0.967263
3 0 0 0.943056

1
1 0 0 0.815871

3
1 2 4 0.939626
2 0 0 0.954773
3 0 0 0.897015

3
1 1 1 0.868295
2 0 0 0.998495
3 0 0 0.857721

3
1 3 216 0.77403
2 0 0 1.03012
3 0 0 0.791801

1
1 0 0 0.760754

5
1 0 131 0.897267
2 0 77 0.931097
4 0 0 0.962
5 0 0 1.04307
3 0 0 0.784303

1
1 0 0 0.798226

3
1 2 1 0.950472
2 0 0 0.917401
3 0 0 0.83272

5
1 2 2 0.816822
2 3 2585 0.855705
4 0 0 0.909128
5 0 0 0.910083
3 0 0 1.05633

1
1 0 0 0.710312

3
1 1 1 0.902765
2 0 0 0.927961
3 0 0 0.825916

3
1 1 1 0.842045
2 0 0 0.94745
3 0 0 0.780189

1
1 0 0 0.90546

7
1 1 2 0.867506
2 0 0 0.908221
3 3 2366 0.883256
6 0 0 0.861775
7 0 2678 0.938959
14 0 0 0.986782
15 0 0 1.1059

1
1 0 0 0.780379

1
1 0 0 0.742548

3
1 3 4250 0.965156
2 0 0 0.966424
3 0 0 0.905297

5
1 3 3778 0.925618
2 3 1825 1.06445
4 0 0 0.923128
5 0 0 1.02945
3 0 0 0.978642

3
1 3 1719 0.927404
2 0 0 0.884973
3 0 0 0.829102

3
1 1 1 0.77383
2 0 0 1.0274
3 0 0 0.91815

5
1 0 6656 0.856733
2 0 0 0.959244
3 1 1 1.01139
6 0 0 1.07785
7 0 0 0.963249

3
1 1 1 0.826083
2 0 0 1.17578
3 0 0 0.787044

1
1 0 0 0.858376

1
1 0 0 0.930812

5
1 3 1316 0.921172
2 0 0 1.06967
3 1 1 0.915471
6 0 0 0.991811
7 0 0 0.786207

5
1 0 6857 0.91142
2 0 4352 0.891013
4 0 0 0.896834
5 0 0 0.858489
3 0 0 0.902417

3
1 1 1 0.894113
2 0 0 0.940134
3 0 0 0.915724

1
1 0 0 0.84785

3
1 1 1 0.889681
2 0 0 1.04107
3 0 0 0.835902

3
1 3 2985 0.866704
2 0 0 1.03118
3 0 0 0.806531

3
1 3 1182 0.880119
2 0 0 0.912673
3 0 0 0.863168

1
1 0 0 0.808026

3
1 0 432 0.764682
2 0 0 1.06002
3 0 0 0.679242

1
1 0 0 0.845574

1
1 0 0 0.722239

3
1 0 439 0.90866
2 0 0 0.996229
3 0 0 0.855031

3
1 1 1 0.777439
2 0 0 1.03049
3 0 0 0.772565

3
1 1 1 0.874911
2 0 0 1.10528
3 0 0 0.901714

1
1 0 0 0.885816

3
1 1 2 0.901462
2 0 0 0.841062
3 0 0 1.02275

3
1 1 2 0.911747
2 0 0 0.85579
3 0 0 0.939754

3
1 0 872 0.805354
2 0 0 1.01461
3 0 0 0.768422

3
1 2 3 0.866984
2 0 0 0.917759
3 0 0 0.85188

5
1 2 3 0.877757
2 1 1 0.925484
4 0 0 1.00461
5 0 0 0.745228
3 0 0 0.834062

3
1 1 1 0.840551
2 0 0 0.932925
3 0 0 0.762033

5
1 0 1763 0.975004
2 0 0 0.957178
3 0 8861 0.969064
6 0 0 0.994518
7 0 0 0.898911

3
1 1 1 0.879393
2 0 0 1.01643
3 0 0 0.769243

3
1 2 2 0.854773
2 0 0 0.981017
3 0 0 0.910867

3
1 1 2 0.882144
2 0 0 0.872768
3 0 0 0.989198

3
1 3 5104 0.878528
2 0 0 0.872009
3 0 0 0.977577

5
1 1 1 0.879003
2 0 9561 1.06153
4 0 0 0.947771
5 0 0 0.906904
3 0 0 0.850435

3
1 1 2 0.89761
2 0 0 0.843818
3 0 0 1.02171

1
1 0 0 0.830948

3
1 1 1 0.837225
2 0 0 0.993138
3 0 0 0.865533

5
1 1 2 0.929253
2 0 0 0.804291
3 3 4982 1.04104
6 0 0 0.985063
7 0 0 0.966854

3
1 1 1 0.846322
2 0 0 0.962995
3 0 0 0.82992

1
1 0 0 0.965291

3
1 1 2 0.867032
2 0 0 0.78372
3 0 0 1.11687

3
1 3 19 0.883671
2 0 0 1.07926
3 0 0 0.89545

3
1 1 2 0.972082
2 0 0 0.891432
3 0 0 1.00945

1
1 0 0 0.916843

5
1 0 7247 0.928304
2 0 0 0.951626
3 1 1 0.899278
6 0 0 1.10413
7 0 0 0.806397

3
1 2 3 0.911932
2 0 0 0.85964
3 0 0 1.03494

3
1 0 8626 0.900003
2 0 0 1.04145
3 0 0 0.988958

3
1 1 2 0.99989
2 0 0 0.806617
3 0 0 1.02039

7
1 3 3922 0.947718
2 2 2 0.943879
4 1 1 0.857012
8 0 0 0.937783
9 0 0 1.05033
5 0 0 0.949257
3 0 0 0.951718

7
1 0 2334 0.80007
2 3 4381 0.850878
4 0 0 0.876996
5 0 0 0.993527
3 3 3865 0.921054
6 0 0 0.889261
7 0 0 0.816146

1
1 0 0 0.830128

1
1 0 0 0.967872

3
1 0 3842 0.883499
2 0 0 1.04576
3 0 0 0.842122

3
1 0 6217 0.985008
2 0 0 0.856056
3 0 0 0.884959

3
1 3 952 0.876989
2 0 0 0.900615
3 0 0 0.928234

5
1 0 1091 0.823928
2 1 2 0.97777
4 0 0 0.914991
5 0 0 1.00154
3 0 0 0.824494

3
1 0 6518 0.936049
2 0 0 1.06246
3 0 0 0.899547

3
1 2 3 0.86431
2 0 0 0.953381
3 0 0 0.947219

3
1 1 2 0.877021
2 0 0 0.895468
3 0 0 0.948077

1
1 0 0 0.825275

3
1 0 5145 0.909065
2 0 0 0.917687
3 0 0 0.978766

3
1 0 825 0.777188
2 0 0 0.993105
3 0 0 0.834043

3
1 1 2 0.861297
2 0 0 0.811196
3 0 0 1.03224

1
1 0 0 0.727149

5
1 1 1 0.881582
2 3 1289 1.0117
4 0 0 1.02246
5 0 0 0.993646
3 0 0 0.845513

3
1 1 1 0.857224
2 0 0 0.907072
3 0 0 0.804904

1
1 0 0 0.776685

7
1 0 205 0.792908
2 3 2290 1.03554
4 0 0 1.08209
5 1 1 1.04496
10 0 0 0.953823
11 0 0 0.945307
3 0 0 0.850782

5
1 2 4 0.873851
2 0 0 0.927729
3 1 2 0.959291
6 0 0 0.868751
7 0 0 1.08555

1
1 0 0 0.852185

3
1 1 1 0.799132
2 0 0 0.920517
3 0 0 0.850482

1
1 0 0 0.78655

3
1 1 2 0.827881
2 0 0 0.854681
3 0 0 0.789679

1
1 0 0 0.896306

1
1 0 0 0.817866

5
1 1 1 0.833797
2 0 0 0.999332
3 0 285 0.805833
6 0 0 1.04257
7 0 0 0.787362

5
1 3 1491 0.903978
2 3 957 0.94077
4 0 0 0.948808
5 0 0 0.974507
3 0 0 0.898855

1
1 0 0 0.863488

3
1 1 1 0.852465
2 0 0 1.04134
3 0 0 0.828679

3
1 1 2 0.877109
2 0 0 0.851598
3 0 0 0.933732

3
1 2 1 0.88852
2 0 0 0.966422
3 0 0 0.791802

5
1 2 4 0.917892
2 0 0 0.851713
3 3 2419 0.907521
6 0 0 0.872931
7 0 0 1.07292

5
1 0 2058 0.797575
2 1 1 0.832632
4 0 0 0.967805
5 0 0 0.948418
3 0 0 0.852119

3
1 1 1 0.829413
2 0 0 0.963668
3 0 0 0.785684

3
1 1 1 0.895439
2 0 0 1.05018
3 0 0 0.796416

1
1 0 0 0.868025

5
1 1 1 0.880889
2 3 1306 1.0511
4 0 0 0.979007
5 0 0 1.01335
3 0 0 0.763879

3
1 1 2 0.910372
2 0 0 0.734183
3 0 0 0.925937

7
1 2 3 0.916189
2 1 1 0.937358
4 0 0 1.0369
5 0 0 0.867851
3 3 3541 0.941099
6 0 0 0.980648
7 0 0 0.821289

3
1 3 5232 0.844125
2 0 0 0.863158
3 0 0 1.03712

1
1 0 0 0.786708

3
1 0 165 0.829698
2 0 0 0.982318
3 0 0 0.795237

1
1 0 0 0.990578

3
1 3 5344 0.795925
2 0 0 0.776735
3 0 0 0.917195

5
1 1 1 0.842045
2 0 8028 1.05021
4 0 0 0.970744
5 0 0 1.0031
3 0 0 0.733966

3
1 1 2 0.834884
2 0 0 0.807257
3 0 0 0.927375

9
1 1 2 0.867506
2 1 1 0.774278
4 0 0 0.998849
5 0 0 0.887253
3 0 9043 1.03486
6 0 0 0.930763
7 2 2 0.940881
14 0 0 0.996146
15 0 0 0.942455

3
1 0 3856 0.940031
2 0 0 0.939865
3 0 0 0.922112

1
1 0 0 0.704992

5
1 3 772 0.91355
2 0 0 0.87156
3 2 1 0.840401
6 0 0 0.829348
7 0 0 0.881379

3
1 0 273 0.778258
2 0 0 1.12677
3 0 0 0.792069

5
1 3 64 0.764352
2 0 7872 0.966672
4 0 0 1.02979
5 0 0 1.05202
3 0 0 0.774223

1
1 0 0 0.860772

3
1 1 1 0.897453
2 0 0 0.981996
3 0 0 0.820236

3
1 1 2 0.895361
2 0 0 0.804335
3 0 0 0.965097

3
1 1 1 0.879283
2 0 0 1.05543
3 0 0 0.883199

1
1 0 0 0.793189

3
1 1 1 0.900999
2 0 0 0.970786
3 0 0 0.87073

5
1 0 5176 0.915934
2 0 3649 1.10685
4 0 0 1.05417
5 0 0 1.15125
3 0 0 0.808778

3
1 2 2 0.890878
2 0 0 0.974301
3 0 0 0.970247

5
1 1 1 0.84785
2 3 788 1.09455
4 0 0 1.00018
5 0 0 1.04425
3 0 0 0.877791

5
1 3 3255 0.83102
2 1 2 0.981375
4 0 0 1.06224
5 0 0 1.0766
3 0 0 0.848699

9
1 1 2 0.858272
2 2 3 0.941207
4 0 0 0.896423
5 0 0 1.0608
3 2 2 0.941996
6 0 0 1.06244
7 2 4 1.20294
14 0 0 1.18949
15 0 0 1.02507

3
1 1 1 0.917841
2 0 0 1.04834
3 0 0 0.678585

7
1 1 1 0.935352
2 2 4 1.01656
4 0 0 1.03154
5 3 3177 1.17894
10 0 0 0.925348
11 0 0 0.980361
3 0 0 0.819592

1
1 0 0 0.904517

3
1 1 2 0.765888
2 0 0 0.798746
3 0 0 0.914407

7
1 0 6762 0.926485
2 3 3265 0.917771
4 0 4179 1.00038
8 0 0 1.03001
9 0 0 1.05469
5 0 0 0.996516
3 0 0 0.987046

7
1 1 1 0.846403
2 3 4051 1.02309
4 0 0 0.99394
5 3 4578 1.13622
10 0 0 1.06998
11 0 0 1.1403
3 0 0 0.802995

1
1 0 0 0.780976

1
1 0 0 0.760332

3
1 0 121 0.76983
2 0 0 0.950347
3 0 0 0.726004

1
1 0 0 0.814513

5
1 0 1610 0.877881
2 0 0 1.03738
3 0 7525 1.04679
6 0 0 1.05306
7 0 0 0.904699

3
1 3 2843 0.990194
2 0 0 0.935562
3 0 0 0.85485

3
1 3 3495 0.939429
2 0 0 0.929568
3 0 0 0.944495

1
1 0 0 0.855657

3
1 0 563 0.826692
2 0 0 1.06878
3 0 0 0.802896

1
1 0 0 0.859747

3
1 0 5320 0.853117
2 0 0 0.871849
3 0 0 0.820127

3
1 1 1 0.881592
2 0 0 1.06566
3 0 0 0.829375

3
1 0 2887 0.949325
2 0 0 1.00031
3 0 0 0.937363

3
1 1 1 0.85209
2 0 0 1.08136
3 0 0 0.809322

5
1 1 1 0.879003
2 0 7671 0.922019
4 0 0 0.935998
5 0 0 0.866305
3 0 0 0.740181

1
1 0 0 0.808611

5
1 1 2 0.870876
2 0 0 0.856141
3 2 1 0.994387
6 0 0 0.869874
7 0 0 1.0051

3
1 0 555 0.839589
2 0 0 0.932107
3 0 0 0.864148

1
1 0 0 0.885905

5
1 1 1 0.893747
2 0 3700 1.00126
4 0 0 0.894407
5 0 0 0.991405
3 0 0 0.820082

3
1 1 2 0.883882
2 0 0 0.9523
3 0 0 1.03753

1
1 0 0 0.787308

5
1 3 820 0.911537
2 2 2 0.950582
4 0 0 1.00934
5 0 0 0.958617
3 0 0 0.903601

1
1 0 0 0.805354

5
1 1 1 0.890454
2 0 3760 0.954607
4 0 0 1.01608
5 0 0 0.976531
3 0 0 0.942902

3
1 1 1 0.916855
2 0 0 1.16083
3 0 0 0.793548

5
1 0 6060 0.882533
2 0 1769 0.983771
4 0 0 1.11366
5 0 0 0.96923
3 0 0 0.830542

3
1 1 2 0.931259
2 0 0 0.790679
3 0 0 1.04378

5
1 1 1 0.844652
2 3 811 0.985874
4 0 0 0.964132
5 0 0 1.00554
3 0 0 0.882185

3
1 0 7707 0.88574
2 0 0 0.888368
3 0 0 0.99908

3
1 2 3 0.958882
2 0 0 0.861368
3 0 0 0.906728

3
1 3 3430 0.999365
2 0 0 0.995501
3 0 0 0.934766

3
1 1 2 0.95915
2 0 0 0.885633
3 0 0 1.04807

3
1 1 1 0.866511
2 0 0 1.04075
3 0 0 0.843907

5
1 1 1 0.870576
2 0 9555 0.802514
4 0 0 0.806958
5 0 0 0.866538
3 0 0 0.863991

3
1 3 2812 0.907278
2 0 0 1.07547
3 0 0 0.942025

1
1 0 0 0.842465

1
1 0 0 0.836726

3
1 3 321 0.853377
2 0 0 0.893942
3 0 0 0.883341

5
1 1 2 0.960526
2 3 205 0.872959
4 0 0 1.08218
5 0 0 0.872893
3 0 0 0.97602

9
1 3 4639 0.938962
2 3 1350 0.958753
4 0 3940 1.01466
8 0 0 0.994887
9 0 0 0.941702
5 0 0 0.981833
3 3 4814 0.822476
6 0 0 1.07728
7 0 0 0.983924

3
1 2 1 0.922574
2 0 0 0.954854
3 0 0 0.816347

3
1 2 1 0.880859
2 0 0 1.02195
3 0 0 0.858483

5
1 0 4662 1.00532
2 0 0 0.900054
3 3 471 0.941106
6 0 0 0.902802
7 0 0 0.983542

7
1 1 2 0.814415
2 1 1 0.895429
4 0 0 0.978243
5 2 2 0.7795
10 0 0 1.03913
11 0 0 1.03383
3 0 0 0.979193

5
1 0 230 0.880974
2 0 75 0.96273
4 0 0 0.984467
5 0 0 1.03721
3 0 0 0.865056

5
1 0 6529 0.926995
2 2 2 0.886998
4 0 0 0.929784
5 0 0 0.848219
3 0 0 0.840502

3
1 1 2 0.9533
2 0 0 0.81938
3 0 0 0.983663

3
1 3 3864 0.816374
2 0 0 0.930074
3 0 0 0.88787

1
1 0 0 0.750384

5
1 2 3 0.796006
2 0 0 0.883048
3 3 3414 0.859269
6 0 0 1.01333
7 0 0 0.785692

1
1 0 0 0.87973

3
1 1 1 0.876873
2 0 0 1.0133
3 0 0 0.698549

3
1 1 2 0.847379
2 0 0 0.851304
3 0 0 0.913287

3
1 1 2 0.907628
2 0 0 0.790203
3 0 0 1.05804

3
1 2 1 0.879136
2 0 0 0.909637
3 0 0 0.883493

5
1 3 4170 0.890798
2 0 0 0.861699
3 1 1 0.950312
6 0 0 0.916957
7 0 0 0.944663

3
1 1 1 0.859436
2 0 0 0.905087
3 0 0 0.825144

5
1 1 2 0.82507
2 0 0 0.708246
3 3 1207 0.980217
6 0 0 0.997806
7 0 0 1.01166

3
1 2 2 0.898186
2 0 0 0.762144
3 0 0 0.968118

5
1 1 1 0.853108
2 3 2248 1.05339
4 0 0 1.05403
5 0 0 0.967868
3 0 0 0.743844

3
1 0 162 0.856194
2 0 0 0.948614
3 0 0 0.874821

3
1 1 2 0.806494
2 0 0 0.842404
3 0 0 0.906136

1
1 0 0 0.902839

3
1 1 1 0.829413
2 0 0 1.04411
3 0 0 0.776008

3
1 2 4 0.901385
2 0 0 0.881815
3 0 0 0.935145

3
1 3 3916 0.929602
2 0 0 1.00571
3 0 0 0.880038

1
1 0 0 0.89683

1
1 0 0 0.750249

3
1 0 719 0.90788
2 0 0 0.920046
3 0 0 0.708902

3
1 1 1 1.00115
2 0 0 1.21921
3 0 0 0.889524

3
1 1 1 0.883375
2 0 0 1.03635
3 0 0 0.808353

3
1 1 1 0.7965
2 0 0 1.04419
3 0 0 0.802477

3
1 3 3783 0.840111
2 0 0 0.875726
3 0 0 0.95761

3
1 1 1 0.962448
2 0 0 0.94747
3 0 0 0.705694

3
1 1 1 0.842045
2 0 0 0.986218
3 0 0 0.733324

7
1 0 122 0.814987
2 2 4 0.998425
4 3 727 1.0697
8 0 0 1.16104
9 0 0 0.971288
5 0 0 1.05026
3 0 0 0.743568

3
1 1 2 0.867506
2 0 0 0.805168
3 0 0 0.977701

3
1 3 112 0.848486
2 0 0 1.01227
3 0 0 0.824125

5
1 0 7148 0.874589
2 2 2 0.919184
4 0 0 0.974532
5 0 0 0.904268
3 0 0 0.935118

3
1 0 247 0.74447
2 0 0 0.996358
3 0 0 0.782786

1
1 0 0 0.788861

7
1 0 1877 0.831676
2 0 1621 1.08173
4 1 2 0.995302
8 0 0 1.09567
9 0 0 0.998495
5 0 0 0.924604
3 0 0 0.859951

3
1 1 1 0.809398
2 0 0 0.936969
3 0 0 0.737051

3
1 3 87 0.793798
2 0 0 0.916227
3 0 0 0.82173

5
1 1 2 0.839582
2 0 0 0.852839
3 0 9750 1.01151
6 0 0 0.979868
7 0 0 0.908104

5
1 2 3 0.899151
2 0 0 0.891346
3 3 1410 0.991919
6 0 0 0.947935
7 0 0 0.973343

3
1 3 5142 0.858378
2 0 0 0.89227
3 0 0 1.03431

3
1 2 4 0.817149
2 0 0 0.806967
3 0 0 0.940511

3
1 3 4970 0.809121
2 0 0 0.79308
3 0 0 0.985265

3
1 3 244 0.805106
2 0 0 1.04455
3 0 0 0.770162

1
1 0 0 0.820618

7
1 3 3255 0.83102
2 1 2 0.998912
4 0 0 0.972029
5 0 0 0.994385
3 3 3316 0.907796
6 0 0 1.04521
7 0 0 0.922206

3
1 3 1322 0.844508
2 0 0 0.905942
3 0 0 0.807703

9
1 0 6640 0.877463
2 0 0 0.950893
3 3 2788 0.877783
6 0 7448 0.846677
12 0 0 0.99946
13 0 0 0.879973
7 3 4081 0.946149
14 0 0 0.903957
15 0 0 0.951095

3
1 3 3719 0.943463
2 0 0 0.909281
3 0 0 0.773824

3
1 1 2 1.00946
2 0 0 0.774202
3 0 0 0.958004

5
1 1 1 0.800592
2 0 0 1.00371
3 3 25 0.986227
6 0 0 1.07738
7 0 0 0.976192

3
1 1 2 0.921392
2 0 0 0.76073
3 0 0 0.845925

5
1 1 1 0.846403
2 2 4 0.954351
4 0 0 0.915105
5 0 0 0.997788
3 0 0 0.780562

3
1 1 1 0.864753
2 0 0 1.04731
3 0 0 0.928605

5
1 3 1296 0.929097
2 0 0 1.11011
3 2 1 1.05461
6 0 0 0.815766
7 0 0 0.999389

3
1 0 287 0.812563
2 0 0 1.02541
3 0 0 0.881571

3
1 1 1 0.760402
2 0 0 0.992451
3 0 0 0.91572

3
1 2 2 0.874142
2 0 0 0.963933
3 0 0 1.01442

1
1 0 0 0.76616

1
1 0 0 0.734826

1
1 0 0 0.792829

5
1 1 2 0.939725
2 0 0 0.911948
3 0 9763 0.894605
6 0 0 1.00092
7 0 0 0.976899

5
1 0 4851 0.833811
2 2 3 0.94959
4 0 0 0.991082
5 0 0 1.00846
3 0 0 0.923529

9
1 0 320 0.884437
2 3 927 1.01422
4 0 0 0.877172
5 0 0 1.10652
3 1 2 0.889193
6 0 0 0.813812
7 0 4920 0.929877
14 0 0 0.927478
15 0 0 0.809574

5
1 2 1 0.871391
2 0 5688 0.947568
4 0 0 0.943065
5 0 0 0.899997
3 0 0 0.840351

3
1 2 3 0.919398
2 0 0 0.91616
3 0 0 0.948717

3
1 1 1 0.85209
2 0 0 1.01307
3 0 0 0.76068

3
1 1 1 0.879003
2 0 0 1.01615
3 0 0 0.735962

3
1 1 2 0.945067
2 0 0 0.849173
3 0 0 1.03271

1
1 0 0 0.869174

3
1 0 2651 0.907146
2 0 0 0.93504
3 0 0 0.851712

1
1 0 0 0.783012

3
1 0 1725 0.862492
2 0 0 0.931248
3 0 0 0.802966

5
1 3 5279 0.878378
2 0 0 0.786382
3 3 5392 0.965442
6 0 0 0.991422
7 0 0 1.00651

3
1 0 4868 0.842225
2 0 0 1.05044
3 0 0 0.927287

5
1 1 2 0.945209
2 1 1 0.949545
4 0 0 1.12548
5 0 0 0.858553
3 0 0 0.918091

7
1 0 2687 0.879512
2 0 1182 1.01625
4 0 0 0.989715
5 0 0 1.04606
3 2 2 1.03501
6 0 0 1.00939
7 0 0 1.00173

7
1 1 1 0.890454
2 3 4016 0.983953
4 2 4 1.11826
8 0 0 1.13396
9 0 0 1.1512
5 0 0 1.08662
3 0 0 0.812777

3
1 3 5337 0.80426
2 0 0 0.814679
3 0 0 0.9599

3
1 0 7676 0.83324
2 0 0 0.968536
3 0 0 0.880811

3
1 1 1 0.873126
2 0 0 1.07238
3 0 0 0.767546

3
1 1 1 0.844652
2 0 0 1.04832
3 0 0 0.828027

3
1 0 6654 0.952753
2 0 0 0.945627
3 0 0 0.80577

5
1 3 4518 0.930079
2 1 1 0.928468
4 0 0 1.05385
5 0 0 0.896959
3 0 0 0.861872

3
1 1 1 0.989099
2 0 0 0.986276
3 0 0 0.911075

3
1 1 1 0.828233
2 0 0 0.945792
3 0 0 0.86733

5
1 1 2 0.933646
2 0 0 0.869722
3 2 4 0.901184
6 0 0 1.02541
7 0 0 1.0199

1
1 0 0 0.973722

3
1 1 1 0.884865
2 0 0 1.07309
3 0 0 0.746069

1
1 0 0 0.876374

3
1 2 1 0.996808
2 0 0 0.888317
3 0 0 0.949962

1
1 0 0 0.790375

1
1 0 0 0.841213

5
1 3 2940 0.921984
2 0 0 0.99507
3 0 1469 0.923232
6 0 0 0.993056
7 0 0 0.903799

3
1 3 1851 0.880326
2 0 0 0.936417
3 0 0 0.951727

3
1 1 1 0.901076
2 0 0 1.07585
3 0 0 0.871445

5
1 2 2 0.889578
2 0 1979 0.941996
4 0 0 0.924555
5 0 0 0.947358
3 0 0 0.927855

3
1 0 94 0.967107
2 0 0 1.06159
3 0 0 0.947617

3
1 1 1 0.8691
2 0 0 1.06138
3 0 0 0.876393

1
1 0 0 0.837894

3
1 1 1 0.892616
2 0 0 1.01568
3 0 0 0.801984

1
1 0 0 0.898642

1
1 0 0 0.844363

7
1 3 211 0.991317
2 2 1 1.03044
4 0 0 0.988193
5 0 0 0.893161
3 0 5233 0.99258
6 0 0 1.03791
7 0 0 0.970492

3
1 1 1 0.87396
2 0 0 0.96371
3 0 0 0.74685

3
1 1 1 0.914529
2 0 0 0.984963
3 0 0 0.873493

3
1 0 6289 0.935492
2 0 0 1.05142
3 0 0 0.911819

1
1 0 0 0.833663

3
1 1 1 0.989944
2 0 0 1.11697
3 0 0 0.808474

5
1 0 6316 0.857249
2 0 566 0.93602
4 0 0 0.929629
5 0 0 0.969336
3 0 0 0.905791

5
1 3 90 0.795567
2 2 1 0.962434
4 0 0 1.09998
5 0 0 0.91237
3 0 0 0.820479

3
1 0 813 0.844326
2 0 0 1.123
3 0 0 0.76771

3
1 2 1 0.875912
2 0 0 0.91432
3 0 0 0.890777

3
1 0 690 0.792316
2 0 0 1.00535
3 0 0 0.81694

1
1 0 0 0.862681

3
1 0 327 0.811654
2 0 0 1.09071
3 0 0 0.783365

3
1 1 2 0.883843
2 0 0 0.771095
3 0 0 1.01564

3
1 1 1 0.829413
2 0 0 1.13053
3 0 0 0.892856

3
1 1 2 0.804987
2 0 0 0.829053
3 0 0 1.06781

5
1 1 2 0.92707
2 3 2665 0.935322
4 0 0 1.07188
5 0 0 0.80635
3 0 0 0.980774

3
1 2 4 0.859123
2 0 0 0.866363
3 0 0 0.938462

3
1 0 309 0.85041
2 0 0 0.887506
3 0 0 0.69286

5
1 1 1 0.817332
2 3 4296 0.846645
4 0 0 0.942822
5 0 0 1.00805
3 0 0 0.802247

3
1 1 1 1.00115
2 0 0 0.929784
3 0 0 0.793805

3
1 2 1 0.825415
2 0 0 0.908939
3 0 0 0.836115

3
1 1 1 0.7965
2 0 0 1.03407
3 0 0 0.883911

3
1 0 7887 0.909781
2 0 0 0.914999
3 0 0 0.875911

3
1 1 2 0.963735
2 0 0 0.965646
3 0 0 0.963217

5
1 1 1 0.842045
2 0 1843 0.99432
4 0 0 0.962644
5 0 0 0.969806
3 0 0 0.822059

1
1 0 0 0.773305

3
1 3 5203 0.790509
2 0 0 0.77914
3 0 0 0.965524

1
1 0 0 0.815692

5
1 3 608 0.907985
2 0 0 0.929228
3 1 2 0.916578
6 0 0 0.925836
7 0 0 1.01925

3
1 1 1 0.848068
2 0 0 0.983499
3 0 0 0.790478

3
1 0 140 0.887882
2 0 0 0.963187
3 0 0 0.752249

5
1 3 860 0.945383
2 0 0 0.99115
3 0 5365 0.943433
6 0 0 0.964675
7 0 0 0.884052

1
1 0 0 0.731349

3
1 1 1 0.808803
2 0 0 1.11304
3 0 0 0.69902

1
1 0 0 0.767302

1
1 0 0 0.697972

3
1 1 1 0.88241
2 0 0 1.01747
3 0 0 0.808977

9
1 0 2856 0.985463
2 2 4 0.926913
4 0 2280 0.947079
8 0 0 0.866932
9 0 0 1.05133
5 0 0 0.968004
3 1 1 0.942887
6 0 0 1.03049
7 0 0 0.91768

5
1 0 677 0.862188
2 0 196 0.958776
4 0 0 0.992359
5 0 0 0.96345
3 0 0 0.84198

3
1 1 2 0.864633
2 0 0 0.854576
3 0 0 0.902095

1
1 0 0 0.860312

3
1 1 1 0.898235
2 0 0 1.01424
3 0 0 0.825528

3
1 3 1768 0.905548
2 0 0 0.956644
3 0 0 0.92233

1
1 0 0 0.676102

3
1 3 1697 1.00037
2 0 0 0.987394
3 0 0 1.0066

1
1 0 0 0.903355

1
1 0 0 0.692021

1
1 0 0 0.905015

3
1 1 1 0.880917
2 0 0 1.04636
3 0 0 0.858982

3
1 1 1 0.864753
2 0 0 0.914588
3 0 0 0.794177

3
1 1 2 0.911437
2 0 0 0.895252
3 0 0 1.02894

5
1 1 1 0.860544
2 3 5167 1.01759
4 0 0 1.0041
5 0 0 0.984358
3 0 0 0.980618

1
1 0 0 0.881109

1
1 0 0 0.831675

3
1 1 2 0.793816
2 0 0 0.838358
3 0 0 1.14525

3
1 0 1198 0.883708
2 0 0 0.944614
3 0 0 0.793665

5
1 3 3795 0.882324
2 1 2 0.968748
4 0 0 0.977501
5 0 0 1.01663
3 0 0 0.887417

5
1 0 90 0.902496
2 3 2080 1.09191
4 0 0 0.984838
5 0 0 1.04326
3 0 0 0.933478

1
1 0 0 0.788079

1
1 0 0 0.981929

1
1 0 0 0.827454

5
1 0 429 0.816719
2 3 2527 0.946007
4 0 0 0.951364
5 0 0 1.0782
3 0 0 0.908213

5
1 1 1 0.85209
2 2 4 0.9461
4 0 0 1.01593
5 0 0 0.934641
3 0 0 0.845637

3
1 3 2236 0.855289
2 0 0 1.03255
3 0 0 0.884061

3
1 1 2 0.940955
2 0 0 0.739769
3 0 0 0.959885

3
1 0 433 0.80599
2 0 0 0.846128
3 0 0 0.817865

3
1 1 1 0.956046
2 0 0 0.936128
3 0 0 0.820016

3
1 1 1 0.798321
2 0 0 1.03509
3 0 0 0.880612

1
1 0 0 0.802613

1
1 0 0 0.742359

3
1 1 1 0.852656
2 0 0 1.03726
3 0 0 0.873053

3
1 1 2 0.945209
2 0 0 0.808906
3 0 0 1.01427

3
1 1 1 0.85457
2 0 0 1.04593
3 0 0 0.729469

3
1 2 2 0.903068
2 0 0 0.857972
3 0 0 0.972237

3
1 1 2 0.842916
2 0 0 0.815018
3 0 0 0.924483

3
1 0 3780 0.945711
2 0 0 1.01078
3 0 0 0.837802

3
1 2 3 0.992429
2 0 0 0.957433
3 0 0 0.884385

3
1 0 310 0.755833
2 0 0 1.05143
3 0 0 0.800929

3
1 0 448 0.878373
2 0 0 0.98343
3 0 0 0.910594

7
1 3 5131 0.920267
2 0 0 0.915933
3 2 2 0.95567
6 0 8038 1.06513
12 0 0 1.08175
13 0 0 0.996521
7 0 0 0.952615

3
1 2 4 0.954239
2 0 0 0.777655
3 0 0 0.946262

3
1 1 1 0.828233
2 0 0 0.931679
3 0 0 0.88536

5
1 1 1 0.883297
2 0 3420 1.09939
4 0 0 1.01507
5 0 0 1.03287
3 0 0 0.752074

3
1 1 2 0.880265
2 0 0 0.806988
3 0 0 0.98648

1
1 0 0 0.83118

3
1 3 1001 0.914107
2 0 0 0.906116
3 0 0 1.02057

1
1 0 0 0.928875

5
1 3 2609 0.851195
2 3 615 1.01545
4 0 0 1.00001
5 0 0 1.0265
3 0 0 0.912421

3
1 1 1 0.863315
2 0 0 1.14933
3 0 0 0.813606

5
1 3 61 0.929064
2 0 0 1.06306
3 1 1 0.91867
6 0 0 0.997045
7 0 0 0.753334

3
1 3 3505 0.876272
2 0 0 0.989955
3 0 0 0.870609

5
1 1 1 0.901076
2 0 0 0.888665
3 0 3404 0.846981
6 0 0 0.897556
7 0 0 0.888829

3
1 1 1 0.973766
2 0 0 1.05259
3 0 0 0.747804

5
1 1 1 0.93979
2 0 0 0.907485
3 1 2 0.957677
6 0 0 0.895282
7 0 0 1.04518

3
1 1 1 0.977491
2 0 0 1.0372
3 0 0 0.890841

3
1 0 582 0.834489
2 0 0 0.99488
3 0 0 0.902347

3
1 1 1 0.828937
2 0 0 0.987668
3 0 0 0.88877

3
1 0 2233 0.89297
2 0 0 0.923963
3 0 0 0.874153

3
1 0 8482 0.871308
2 0 0 0.853356
3 0 0 0.987051

1
1 0 0 0.811826

7
1 2 2 0.932273
2 0 0 1.00338
3 0 8490 1.01154
6 0 0 0.971073
7 1 2 1.01329
14 0 0 1.08789
15 0 0 1.01318

3
1 1 2 0.950976
2 0 0 0.713245
3 0 0 1.11016

3
1 1 1 0.920194
2 0 0 1.02651
3 0 0 0.833572

3
1 0 1153 1.01686
2 0 0 0.997616
3 0 0 0.962274

3
1 3 1904 0.847556
2 0 0 0.945445
3 0 0 0.943363

3
1 2 4 0.842107
2 0 0 0.819393
3 0 0 0.969787

3
1 2 3 0.918298
2 0 0 0.966704
3 0 0 0.865318

3
1 3 2853 0.924467
2 0 0 1.02616
3 0 0 0.790798

3
1 1 1 0.817245
2 0 0 1.00594
3 0 0 0.95351

3
1 0 690 0.792316
2 0 0 0.971846
3 0 0 0.852732

5
1 1 1 0.827242
2 3 3665 1.0168
4 0 0 0.970588
5 0 0 0.991264
3 0 0 0.776435

5
1 3 241 0.761018
2 0 9442 0.976649
4 0 0 1.04816
5 0 0 1.07972
3 0 0 0.814796

1
1 0 0 0.694288

3
1 1 1 0.829413
2 0 0 0.88821
3 0 0 0.794418

5
1 0 9413 0.914735
2 0 0 0.86282
3 0 9866 0.928379
6 0 0 0.993301
7 0 0 0.882007

7
1 1 2 0.954579
2 0 0 1.00192
3 2 4 0.989362
6 3 1481 0.991173
12 0 0 0.986796
13 0 0 0.859473
7 0 0 0.994984

7
1 0 4733 0.83628
2 0 0 1.09072
3 1 2 0.839739
6 0 0 0.867448
7 3 3668 0.99121
14 0 0 1.03252
15 0 0 0.901625

5
1 3 381 0.885856
2 0 0 1.00078
3 0 605 0.940329
6 0 0 1.02904
7 0 0 0.860714

3
1 1 1 0.817332
2 0 0 1.05154
3 0 0 0.797738

1
1 0 0 1.03492

3
1 0 40 0.8239
2 0 0 0.954844
3 0 0 0.787808

3
1 1 2 0.818487
2 0 0 0.733638
3 0 0 1.00543

1
1 0 0 0.857119

3
1 1 1 0.870879
2 0 0 1.10332
3 0 0 0.826033

3
1 0 408 0.88268
2 0 0 0.954783
3 0 0 0.824441

3
1 1 1 0.883416
2 0 0 0.991227
3 0 0 0.818845

3
1 0 4045 0.825647
2 0 0 0.93527
3 0 0 0.821177

5
1 3 660 0.868505
2 0 0 0.868595
3 3 3390 0.946866
6 0 0 0.994372
7 0 0 0.841494

3
1 1 2 0.899854
2 0 0 0.842033
3 0 0 1.0928

1
1 0 0 0.806017

3
1 3 215 0.817079
2 0 0 0.936347
3 0 0 0.70649

5
1 2 4 0.810575
2 0 0 0.84947
3 0 4243 0.979171
6 0 0 1.16447
7 0 0 0.975418

3
1 1 1 0.867566
2 0 0 1.01859
3 0 0 0.815569

1
1 0 0 0.849713

3
1 3 4983 0.858624
2 0 0 0.924517
3 0 0 0.901801

3
1 1 1 0.827675
2 0 0 0.960938
3 0 0 0.67413

3
1 1 1 0.88241
2 0 0 0.929878
3 0 0 0.762731

3
1 3 5380 0.761538
2 0 0 0.771331
3 0 0 1.01275

3
1 0 660 0.828477
2 0 0 0.985623
3 0 0 0.714031

1
1 0 0 0.868495

3
1 1 1 0.881514
2 0 0 1.02862
3 0 0 0.92016

7
1 3 1813 0.865002
2 2 4 0.946218
4 0 0 0.879608
5 0 0 0.924798
3 0 3588 0.954085
6 0 0 1.00681
7 0 0 0.818216

3
1 3 5398 0.724501
2 0 0 0.702087
3 0 0 0.976444

3
1 0 7536 0.852258
2 0 0 0.988101
3 0 0 0.865437

1
1 0 0 0.765712

1
1 0 0 0.698166

5
1 1 2 0.851852
2 0 0 0.856953
3 0 6637 0.987213
6 0 0 0.930103
7 0 0 1.02292

3
1 3 2405 0.925363
2 0 0 0.901923
3 0 0 1.02142

3
1 1 1 0.880917
2 0 0 0.970338
3 0 0 0.875309

5
1 1 1 0.864753
2 3 1035 1.13169
4 0 0 0.939465
5 0 0 1.0621
3 0 0 0.824368

3
1 0 408 0.860991
2 0 0 1.0384
3 0 0 0.893536

5
1 1 2 0.923892
2 3 2256 0.875886
4 0 0 0.904782
5 0 0 0.814272
3 0 0 0.772583

3
1 1 1 0.816385
2 0 0 1.08836
3 0 0 0.835915

3
1 1 1 0.856564
2 0 0 1.0953
3 0 0 0.751546

3
1 0 3311 0.901782
2 0 0 1.02006
3 0 0 0.885322

1
1 0 0 0.84913

3
1 0 1897 0.828927
2 0 0 0.843801
3 0 0 0.814159

3
1 0 3141 0.895556
2 0 0 0.897956
3 0 0 0.919936

5
1 2 2 0.912162
2 3 189 0.976739
4 0 0 1.17032
5 0 0 0.907242
3 0 0 0.856481

3
1 0 3241 0.83693
2 0 0 0.794299
3 0 0 0.936274

3
1 1 2 0.866541
2 0 0 0.848963
3 0 0 0.898009

3
1 3 53 0.852875
2 0 0 0.981891
3 0 0 0.876479

1
1 0 0 0.84987

3
1 1 2 0.872857
2 0 0 0.868321
3 0 0 0.984683

5
1 3 2252 0.871198
2 0 0 0.941562
3 3 3920 0.907222
6 0 0 0.957427
7 0 0 0.925855

5
1 1 2 0.890449
2 0 0 0.826422
3 3 1384 0.976742
6 0 0 1.01289
7 0 0 0.945866

3
1 2 1 0.84245
2 0 0 0.919857
3 0 0 0.90715

1
1 0 0 0.953082

5
1 1 2 0.940071
2 0 0 0.770517
3 0 1032 0.977044
6 0 0 1.02629
7 0 0 0.953649

3
1 3 856 0.877557
2 0 0 0.87831
3 0 0 0.858855

3
1 2 3 0.870374
2 0 0 0.8574
3 0 0 0.991694

7
1 3 4923 0.821355
2 0 0 0.872265
3 3 5193 0.956958
6 1 1 0.97407
12 0 0 1.11165
13 0 0 1.10431
7 0 0 1.15224

3
1 1 1 0.85457
2 0 0 1.0044
3 0 0 0.84588

1
1 0 0 0.845546

1
1 0 0 0.791885

1
1 0 0 0.722665

3
1 1 1 0.880607
2 0 0 1.15147
3 0 0 0.79521

3
1 0 309 0.860821
2 0 0 0.991027
3 0 0 0.813381

5
1 2 1 0.931052
2 0 0 1.05008
3 3 2639 1.02862
6 0 0 0.967671
7 0 0 0.977299

5
1 1 2 0.892869
2 0 0 0.773318
3 0 6862 0.884576
6 0 0 0.985969
7 0 0 0.922788

3
1 2 3 0.862874
2 0 0 0.829151
3 0 0 0.955673

5
1 2 1 0.850154
2 0 0 0.95649
3 3 2152 0.873294
6 0 0 0.835358
7 0 0 0.843164

3
1 3 5202 0.833247
2 0 0 0.840342
3 0 0 0.942278

5
1 0 245 0.803169
2 0 63 1.03775
4 0 0 1.07251
5 0 0 0.963514
3 0 0 0.796072

3
1 1 1 0.792372
2 0 0 0.982188
3 0 0 0.768165

1
1 0 0 0.798509

3
1 1 2 0.85381
2 0 0 0.822152
3 0 0 1.04567

3
1 0 795 0.862192
2 0 0 0.967741
3 0 0 0.853882

3
1 0 8205 0.899326
2 0 0 0.903258
3 0 0 0.835141

3
1 3 3421 0.830465
2 0 0 0.853351
3 0 0 0.822916

3
1 3 283 0.895446
2 0 0 0.98539
3 0 0 0.950299

7
1 3 4313 0.908901
2 3 71 0.970294
4 2 4 1.09048
8 0 0 0.972661
9 0 0 1.0338
5 0 0 0.88106
3 0 0 0.959464

3
1 1 1 0.973766
2 0 0 1.02747
3 0 0 0.839746

3
1 0 5392 0.926826
2 0 0 0.838217
3 0 0 0.952878

7
1 1 1 0.977491
2 2 3 1.16992
4 3 2155 1.02283
8 0 0 0.969146
9 0 0 1.03503
5 0 0 1.05933
3 0 0 0.919525

3
1 0 330 0.887516
2 0 0 0.832289
3 0 0 0.821175

3
1 1 1 0.828937
2 0 0 1.02723
3 0 0 0.810486

3
1 0 1258 0.909737
2 0 0 1.06723
3 0 0 0.890218

1
1 0 0 0.878857

3
1 3 3895 0.992998
2 0 0 0.926441
3 0 0 0.952954

5
1 2 2 0.839548
2 3 2309 0.924154
4 0 0 1.0136
5 0 0 0.933564
3 0 0 0.851602

3
1 3 3940 0.850339
2 0 0 0.962673
3 0 0 0.88675

3
1 3 387 0.877637
2 0 0 0.936795
3 0 0 0.832203

3
1 0 3029 0.884619
2 0 0 1.0661
3 0 0 0.92196

1
1 0 0 0.895067

3
1 1 1 0.887985
2 0 0 1.18724
3 0 0 0.765674

5
1 3 2582 0.906771
2 3 2368 0.994534
4 0 0 1.0267
5 0 0 0.960928
3 0 0 0.891218

3
1 0 1205 0.83821
2 0 0 0.929695
3 0 0 0.807629

3
1 1 1 0.817245
2 0 0 1.13123
3 0 0 0.785296

1
1 0 0 0.784017

3
1 0 1356 0.967032
2 0 0 1.04434
3 0 0 0.890375

5
1 0 8813 0.945134
2 0 0 1.08726
3 2 3 0.996195
6 0 0 0.972221
7 0 0 1.04782

3
1 1 1 0.96066
2 0 0 0.994474
3 0 0 0.868429

3
1 1 1 0.878238
2 0 0 1.10956
3 0 0 0.824272

1
1 0 0 0.941542

5
1 1 1 0.821627
2 3 4662 1.00649
4 0 0 1.07379
5 0 0 1.0126
3 0 0 0.758445

1
1 0 0 0.784889

7
1 3 2746 0.905604
2 0 0 1.05692
3 2 4 0.78851
6 0 0 0.841871
7 3 5296 0.892947
14 0 0 1.01754
15 0 0 1.06915

1
1 0 0 0.678064

3
1 1 2 0.992651
2 0 0 0.864922
3 0 0 1.07661

5
1 3 1423 0.921576
2 2 3 0.830353
4 0 0 0.939273
5 0 0 0.964756
3 0 0 0.839163

5
1 3 4090 0.934522
2 0 0 1.00846
3 0 266 0.948363
6 0 0 1.02525
7 0 0 0.938605

3
1 3 5243 0.813999
2 0 0 0.789375
3 0 0 0.790071

1
1 0 0 0.843127

3
1 1 2 0.904105
2 0 0 0.937013
3 0 0 0.960812

5
1 0 46 0.83247
2 0 0 0.99442
3 2 4 0.878823
6 0 0 0.813414
7 0 0 1.02438

5
1 3 2579 0.891262
2 0 0 0.977706
3 0 4435 0.892265
6 0 0 0.922947
7 0 0 0.854711

5
1 2 4 0.876183
2 0 0 1.06082
3 1 1 1.00793
6 0 0 0.973078
7 0 0 0.997819

1
1 0 0 0.835864

3
1 3 3546 0.903073
2 0 0 0.962712
3 0 0 0.931557

1
1 0 0 0.870516

3
1 2 3 0.914257
2 0 0 0.86161
3 0 0 0.875972

5
1 1 1 0.867566
2 0 0 0.99458
3 2 1 0.937052
6 0 0 0.931767
7 0 0 0.966883

5
1 3 186 0.760836
2 1 1 1.06218
4 0 0 1.12497
5 0 0 1.08385
3 0 0 0.753352

7
1 1 2 0.808557
2 0 0 0.852733
3 3 4619 1.09126
6 0 0 1.05691
7 2 1 1.09072
14 0 0 0.97014
15 0 0 0.972629

1
1 0 0 0.840069

5
1 1 1 0.88241
2 3 743 1.09571
4 0 0 1.06397
5 0 0 1.12268
3 0 0 0.73045

1
1 0 0 0.807166

3
1 3 5385 0.731001
2 0 0 0.711379
3 0 0 0.791501

3
1 1 2 0.829508
2 0 0 0.815089
3 0 0 1.0581

3
1 1 1 0.841847
2 0 0 0.969731
3 0 0 0.74443

3
1 0 692 0.853171
2 0 0 0.989751
3 0 0 0.781618

3
1 3 5104 0.779307
2 0 0 0.758865
3 0 0 1.02325

3
1 2 2 0.89339
2 0 0 0.974361
3 0 0 0.962685

3
1 3 62 0.699547
2 0 0 0.937778
3 0 0 0.771314

1
1 0 0 0.821974

1
1 0 0 0.770785

3
1 0 2462 0.764648
2 0 0 0.884406
3 0 0 0.86658

5
1 1 1 0.884279
2 3 192 1.01105
4 0 0 0.950713
5 0 0 0.977958
3 0 0 0.756402

1
1 0 0 0.753369

1
1 0 0 0.777255

5
1 2 4 0.85802
2 2 1 1.0293
4 0 0 1.07049
5 0 0 0.996842
3 0 0 0.980441

3
1 1 1 0.816385
2 0 0 1.06644
3 0 0 0.73251

1
1 0 0 0.719902

1
1 0 0 0.769365

5
1 1 2 0.909317
2 0 0 0.865064
3 3 5343 1.0561
6 0 0 0.964446
7 0 0 1.02268

3
1 1 1 0.844358
2 0 0 1.1889
3 0 0 0.86048

3
1 2 2 0.98748
2 0 0 0.887013
3 0 0 0.975303

5
1 3 1002 0.981315
2 0 0 0.963616
3 0 5445 0.947309
6 0 0 1.04291
7 0 0 0.895482

3
1 0 6594 0.870755
2 0 0 1.00603
3 0 0 0.89259

5
1 2 4 0.810074
2 0 0 0.932273
3 3 3516 1.0064
6 0 0 1.03085
7 0 0 0.874209

1
1 0 0 0.853977

3
1 0 9371 0.863737
2 0 0 0.867535
3 0 0 0.946171

1
1 0 0 0.753903

1
1 0 0 0.932431

3
1 1 1 0.851116
2 0 0 0.946205
3 0 0 0.758493

3
1 3 795 0.906792
2 0 0 0.809891
3 0 0 0.944468

1
1 0 0 0.880899

3
1 1 1 0.909266
2 0 0 0.955666
3 0 0 0.851571

3
1 1 1 0.939341
2 0 0 1.00142
3 0 0 0.935808

11
1 0 3014 1.00085
2 2 2 0.964257
4 0 0 1.0937
5 0 0 0.87561
3 3 1531 0.935092
6 0 0 1.03859
7 3 2920 1.03961
14 0 0 1.08889
15 0 6789 0.983981
30 0 0 1.0231
31 0 0 0.888264

3
1 0 2551 0.840068
2 0 0 0.952112
3 0 0 0.827378

3
1 1 1 0.85457
2 0 0 1.05858
3 0 0 0.880561

3
1 2 2 0.884333
2 0 0 1.04811
3 0 0 1.00735

1
1 0 0 0.788543

3
1 2 2 0.836381
2 0 0 0.839219
3 0 0 0.858563

1
1 0 0 0.758998

5
1 1 2 0.894026
2 0 0 0.727027
3 0 8713 0.990563
6 0 0 1.03624
7 0 0 1.08771

3
1 0 660 0.825755
2 0 0 0.985029
3 0 0 0.826429

5
1 1 2 0.892869
2 1 1 0.847134
4 0 0 1.04203
5 0 0 0.74451
3 0 0 0.924793

3
1 1 1 0.85469
2 0 0 0.986785
3 0 0 0.800842

3
1 2 1 0.863202
2 0 0 0.914857
3 0 0 0.8884

3
1 3 1898 0.90904
2 0 0 0.857413
3 0 0 0.947981

1
1 0 0 0.783598

3
1 2 1 0.792371
2 0 0 0.831038
3 0 0 0.844174

3
1 0 199 0.750995
2 0 0 1.02447
3 0 0 0.753484

3
1 0 527 0.843938
2 0 0 0.831941
3 0 0 0.833498

1
1 0 0 0.752567

3
1 1 1 0.918719
2 0 0 0.912134
3 0 0 0.88183

3
1 0 700 0.793239
2 0 0 0.95899
3 0 0 0.88941

5
1 0 155 0.902732
2 0 0 1.06203
3 2 4 0.817382
6 0 0 0.786955
7 0 0 0.902188

1
1 0 0 0.891624

1
1 0 0 0.802089

1
1 0 0 0.801635

3
1 3 5392 0.764557
2 0 0 0.791921
3 0 0 0.93542

3
1 1 2 0.933981
2 0 0 0.782349
3 0 0 0.990299

5
1 3 3403 0.979211
2 0 0 0.95684
3 0 7569 0.851206
6 0 0 1.02274
7 0 0 0.898036

3
1 1 1 0.897673
2 0 0 1.0946
3 0 0 0.938405

3
1 0 433 0.937624
2 0 0 0.948044
3 0 0 0.842082

3
1 1 1 0.818819
2 0 0 1.04525
3 0 0 0.83553

3
1 1 2 0.840624
2 0 0 0.860739
3 0 0 1.00254

3
1 2 1 0.95646
2 0 0 0.942051
3 0 0 0.878484

3
1 3 3894 1.00517
2 0 0 0.918875
3 0 0 0.936378

5
1 2 1 1.03355
2 0 84 0.967118
4 0 0 0.99177
5 0 0 0.969
3 0 0 0.922737

1
1 0 0 1.03715

5
1 1 1 0.887985
2 0 4966 1.04364
4 0 0 1.00121
5 0 0 0.927178
3 0 0 0.779665

7
1 1 1 0.954392
2 0 0 1.14184
3 2 2 0.921822
6 0 0 1.02662
7 1 2 0.944756
14 0 0 0.956308
15 0 0 0.970455

1
1 0 0 0.722501

1
1 0 0 0.799062

1
1 0 0 0.931416

3
1 2 4 0.984522
2 0 0 1.01513
3 0 0 0.981447

3
1 3 484 0.88376
2 0 0 0.978876
3 0 0 0.89093

3
1 0 263 0.886449
2 0 0 1.06278
3 0 0 0.865892

5
1 1 2 0.845919
2 0 0 0.884401
3 2 1 1.0583
6 0 0 0.970859
7 0 0 1.11052

3
1 1 1 0.82908
2 0 0 0.870942
3 0 0 0.846232

3
1 1 1 0.821627
2 0 0 0.990397
3 0 0 0.860585

3
1 1 2 0.846011
2 0 0 0.921276
3 0 0 0.919045

3
1 3 2746 0.905604
2 0 0 0.931451
3 0 0 0.837941

1
1 0 0 0.965016

3
1 1 1 0.847937
2 0 0 1.10617
3 0 0 0.760316

3
1 3 52 0.804926
2 0 0 1.01185
3 0 0 0.826246

7
1 3 950 0.861211
2 1 2 0.876097
4 0 0 1.02736
5 2 1 0.953655
10 0 0 1.04835
11 0 0 0.948339
3 0 0 0.850823

3
1 3 3559 0.910548
2 0 0 0.867631
3 0 0 0.869865

1
1 0 0 0.818507

5
1 3 2581 0.877373
2 1 1 0.933409
4 0 0 1.06438
5 0 0 0.878194
3 0 0 0.858251

5
1 3 2833 0.911693
2 2 1 0.954077
4 0 0 1.05695
5 0 0 0.904815
3 0 0 0.850719

3
1 1 2 0.884784
2 0 0 0.845489
3 0 0 0.941306

1
1 0 0 0.92546

3
1 2 4 0.829215
2 0 0 0.836697
3 0 0 1.03578

3
1 3 5153 0.843461
2 0 0 0.761896
3 0 0 1.10389

3
1 1 1 0.8356
2 0 0 1.01919
3 0 0 0.92088

3
1 0 6996 0.929518
2 0 0 0.877563
3 0 0 0.958934

5
1 1 1 0.867566
2 0 9000 1.00907
4 0 0 1.03805
5 0 0 0.959589
3 0 0 0.892383

3
1 1 2 0.905258
2 0 0 0.784845
3 0 0 1.04832

3
1 1 1 0.890991
2 0 0 1.11999
3 0 0 0.853245

3
1 3 4290 0.912935
2 0 0 0.916552
3 0 0 0.883516

3
1 1 1 0.88241
2 0 0 0.945806
3 0 0 0.826365

3
1 1 1 0.833897
2 0 0 1.10477
3 0 0 0.751681

3
1 1 1 0.7993
2 0 0 1.14601
3 0 0 0.786024

3
1 0 266 0.781152
2 0 0 0.934638
3 0 0 0.904304

5
1 1 1 0.841847
2 0 6087 1.00997
4 0 0 0.996094
5 0 0 0.96221
3 0 0 0.934649

5
1 1 2 0.889486
2 0 0 0.886126
3 0 1183 0.886836
6 0 0 0.947521
7 0 0 0.979293

1
1 0 0 0.791453

5
1 1 1 0.715604
2 0 649 1.02558
4 0 0 1.04591
5 0 0 1.02848
3 0 0 0.764772

3
1 1 1 0.831722
2 0 0 1.02702
3 0 0 0.719685

1
1 0 0 0.682418

1
1 0 0 0.652231

3
1 1 2 0.858785
2 0 0 0.724111
3 0 0 0.967694

3
1 3 405 0.88333
2 0 0 0.905315
3 0 0 0.878135

3
1 1 2 0.847637
2 0 0 0.924797
3 0 0 0.968434

3
1 0 5828 0.821052
2 0 0 0.833711
3 0 0 0.800101

1
1 0 0 0.855736

3
1 1 1 0.816385
2 0 0 0.98662
3 0 0 0.739363

5
1 1 1 0.816321
2 2 4 0.940174
4 0 0 0.978094
5 0 0 1.01405
3 0 0 0.695922

3
1 1 1 0.805146
2 0 0 0.914312
3 0 0 0.826308

1
1 0 0 0.692962

1
1 0 0 0.930742

3
1 3 247 0.719081
2 0 0 0.977381
3 0 0 0.852346

3
1 0 3807 0.904841
2 0 0 0.899648
3 0 0 0.846061

1
1 0 0 0.740399

1
1 0 0 0.914468

3
1 0 1888 0.797231
2 0 0 0.940916
3 0 0 0.784737

3
1 0 6867 0.925133
2 0 0 0.971972
3 0 0 0.777605

1
1 0 0 0.885045

7
1 2 4 0.91757
2 3 4538 0.951675
4 0 0 0.964003
5 0 6671 0.92463
10 0 0 0.946094
11 0 0 1.05346
3 0 0 0.973375

1
1 0 0 0.881138

5
1 0 212 0.828978
2 2 2 1.0434
4 0 0 0.999888
5 0 0 1.01117
3 0 0 0.931469

3
1 0 9269 0.906205
2 0 0 0.890096
3 0 0 0.824456

3
1 3 3135 0.863748
2 0 0 0.950672
3 0 0 0.793045

7
1 1 1 0.939341
2 0 0 1.02226
3 1 2 0.831007
6 0 0 0.805702
7 3 5050 0.946323
14 0 0 0.979193
15 0 0 1.08806

3
1 1 1 0.948814
2 0 0 1.03037
3 0 0 0.857796

1
1 0 0 0.942186

3
1 3 746 0.96916
2 0 0 0.849418
3 0 0 0.916808

3
1 0 729 0.894868
2 0 0 0.915278
3 0 0 0.924908

3
1 1 1 0.8861
2 0 0 0.965361
3 0 0 0.835558

5
1 3 4324 0.876456
2 0 0 0.93217
3 3 4604 0.836029
6 0 0 1.02404
7 0 0 0.899108

5
1 3 2884 0.831846
2 0 1453 0.91522
4 0 0 1.0038
5 0 0 0.956445
3 0 0 0.864394

3
1 1 2 0.875288
2 0 0 0.745993
3 0 0 0.937053

7
1 1 2 0.944466
2 3 4076 0.940469
4 3 647 1.00907
8 0 0 0.978205
9 0 0 0.965889
5 0 0 0.884609
3 0 0 0.911646

1
1 0 0 0.694098

3
1 3 1974 0.903933
2 0 0 1.0353
3 0 0 0.936571

5
1 0 3715 0.881711
2 3 741 0.916945
4 0 0 0.932598
5 0 0 0.870916
3 0 0 0.851908

5
1 1 1 0.864515
2 3 4472 1.15439
4 0 0 1.06745
5 0 0 1.01939
3 0 0 0.862712

3
1 1 2 0.893474
2 0 0 0.801476
3 0 0 1.1395

3
1 1 1 0.821102
2 0 0 0.950864
3 0 0 0.741442

5
1 1 2 0.837969
2 0 0 0.829374
3 0 3404 0.968787
6 0 0 1.02809
7 0 0 0.939442

3
1 3 5148 0.823796
2 0 0 0.921983
3 0 0 0.990482

1
1 0 0 0.771261

3
1 0 2414 0.734401
2 0 0 0.936454
3 0 0 0.755136

3
1 0 4069 0.874639
2 0 0 0.870465
3 0 0 0.845245

1
1 0 0 0.830943

7
1 1 2 0.810363
2 0 0 0.676375
3 3 3023 0.967487
6 0 0 0.931293
7 0 3893 1.03759
14 0 0 1.05051
15 0 0 0.895329

3
1 3 40 0.810376
2 0 0 0.938117
3 0 0 0.858917

1
1 0 0 0.755933

3
1 1 2 0.796276
2 0 0 0.779664
3 0 0 0.913298

5
1 2 2 0.874895
2 2 1 0.874888
4 0 0 0.8962
5 0 0 0.966438
3 0 0 0.844811

3
1 1 1 0.917254
2 0 0 0.990149
3 0 0 0.714155

3
1 1 1 0.888491
2 0 0 0.929451
3 0 0 0.851177

7
1 0 7711 0.894208
2 0 4322 1.01325
4 0 0 0.959727
5 0 0 1.11873
3 3 1668 0.805243
6 0 0 0.976398
7 0 0 1.0305

1
1 0 0 0.795794

1
1 0 0 0.782871

3
1 3 1271 0.949562
2 0 0 0.888568
3 0 0 0.790535

5
1 1 1 0.877239
2 0 0 0.996128
3 1 2 0.956117
6 0 0 0.923759
7 0 0 1.01258

3
1 0 5900 0.865072
2 0 0 0.866547
3 0 0 0.866162

3
1 0 1654 0.892503
2 0 0 1.12105
3 0 0 0.855472

3
1 1 1 0.915077
2 0 0 1.04761
3 0 0 0.825517

7
1 1 2 0.900383
2 0 0 0.870124
3 0 2340 1.0843
6 0 0 0.993458
7 3 4933 1.00144
14 0 0 1.0041
15 0 0 1.0008

7
1 1 1 0.877869
2 0 2496 1.08993
4 0 0 0.943834
5 0 0 0.927774
3 1 2 0.906476
6 0 0 0.840744
7 0 0 1.03882

9
1 3 2912 0.974898
2 2 4 1.09891
4 0 0 1.12001
5 0 0 1.03877
3 0 4755 0.831581
6 2 3 1.00059
12 0 0 1.02894
13 0 0 1.00628
7 0 0 0.845387

3
1 3 4810 0.896963
2 0 0 0.94981
3 0 0 0.919282

3
1 2 3 0.83013
2 0 0 0.833599
3 0 0 0.897887

5
1 0 4821 0.896633
2 0 2618 1.03558
4 0 0 1.02206
5 0 0 1.0782
3 0 0 0.873075

3
1 0 7299 0.907927
2 0 0 0.892798
3 0 0 0.873158

3
1 0 9987 0.910313
2 0 0 0.923763
3 0 0 0.972499

3
1 3 1942 0.809064
2 0 0 0.954795
3 0 0 0.887981

1
1 0 0 0.777635

5
1 3 4937 0.843539
2 0 0 0.834385
3 3 5051 0.921455
6 0 0 1.0221
7 0 0 0.999767

3
1 0 6203 0.833705
2 0 0 0.824552
3 0 0 0.838205

3
1 2 1 0.949564
2 0 0 0.99856
3 0 0 0.840593

3
1 1 1 0.847937
2 0 0 1.04931
3 0 0 0.928723

5
1 1 1 0.843846
2 3 3929 1.06124
4 0 0 1.1682
5 0 0 0.869364
3 0 0 0.95404

3
1 1 2 0.934023
2 0 0 0.901809
3 0 0 0.948943

3
1 1 2 0.875361
2 0 0 0.890756
3 0 0 0.918116

5
1 0 187 0.747957
2 1 2 0.971785
4 0 0 1.06227
5 0 0 0.906928
3 0 0 0.80965

5
1 3 4480 0.889196
2 0 0 0.922274
3 3 4764 0.830975
6 0 0 1.02454
7 0 0 0.918454

5
1 1 1 0.901288
2 2 1 0.921688
4 0 0 1.02766
5 0 0 0.90812
3 0 0 0.804221

3
1 0 3412 0.858008
2 0 0 0.976152
3 0 0 0.914876

3
1 1 1 0.814209
2 0 0 0.889097
3 0 0 0.795458

5
1 2 3 0.864795
2 2 2 0.892335
4 0 0 0.854811
5 0 0 1.05525
3 0 0 1.05946

3
1 1 2 0.857197
2 0 0 0.779454
3 0 0 0.942509

3
1 0 4745 0.900305
2 0 0 0.99386
3 0 0 0.909403

3
1 3 4758 0.806539
2 0 0 0.857704
3 0 0 0.878972

3
1 1 2 0.864213
2 0 0 0.787588
3 0 0 0.994125

5
1 2 2 0.840733
2 0 0 0.866147
3 1 1 0.884587
6 0 0 0.965429
7 0 0 0.895647

1
1 0 0 0.784684

1
1 0 0 0.764883

3
1 3 901 0.929279
2 0 0 0.931613
3 0 0 0.948207

3
1 1 1 0.833897
2 0 0 0.968298
3 0 0 0.811462

5
1 1 1 0.7993
2 0 0 1.15802
3 3 1103 0.824647
6 0 0 0.970459
7 0 0 0.817888

1
1 0 0 0.811987

3
1 1 1 0.888756
2 0 0 1.06014
3 0 0 0.891391

3
1 1 1 0.903635
2 0 0 1.01339
3 0 0 0.827027

3
1 1 1 1.0023
2 0 0 1.10164
3 0 0 0.829357

3
1 1 1 0.916862
2 0 0 1.18823
3 0 0 0.914885

7
1 1 1 0.859816
2 0 8448 0.981419
4 0 2263 0.978333
8 0 0 1.03616
9 0 0 0.92512
5 0 0 0.949033
3 0 0 0.833628

3
1 2 4 0.759079
2 0 0 0.928675
3 0 0 0.951569

3
1 2 1 0.929533
2 0 0 0.995239
3 0 0 0.835911

3
1 3 213 0.846057
2 0 0 1.02714
3 0 0 0.859631

5
1 1 1 0.755426
2 2 3 0.947281
4 0 0 0.980866
5 0 0 0.930917
3 0 0 0.802145

1
1 0 0 0.727287

3
1 1 1 0.809351
2 0 0 1.00364
3 0 0 0.837019

1
1 0 0 0.769389

3
1 0 802 0.971453
2 0 0 0.967522
3 0 0 0.779342

3
1 1 1 0.816321
2 0 0 0.975977
3 0 0 0.820696

1
1 0 0 0.684554

3
1 3 1440 1.00359
2 0 0 1.04374
3 0 0 0.920815

3
1 3 194 0.745026
2 0 0 0.976146
3 0 0 0.79115

1
1 0 0 0.817199

3
1 2 4 0.810636
2 0 0 0.701677
3 0 0 0.953875

3
1 0 207 0.854805
2 0 0 0.929291
3 0 0 0.837532

3
1 1 1 0.830502
2 0 0 0.937032
3 0 0 0.79377

1
1 0 0 0.787372

1
1 0 0 0.815469

1
1 0 0 0.751194

7
1 1 1 0.955891
2 3 1065 0.993387
4 0 0 0.94035
5 0 0 1.0435
3 0 8563 0.859779
6 0 0 0.925213
7 0 0 0.933913

3
1 0 3378 0.933166
2 0 0 0.967281
3 0 0 0.940615

3
1 2 4 0.905528
2 0 0 0.859513
3 0 0 0.912179

1
1 0 0 0.798727

3
1 3 506 0.923904
2 0 0 0.978151
3 0 0 0.880646

3
1 1 1 0.939341
2 0 0 0.967219
3 0 0 0.809405

7
1 0 4780 0.930379
2 2 2 0.851452
4 0 0 0.975613
5 0 2139 0.870509
10 0 0 0.938495
11 0 0 0.965651
3 0 0 0.978554

1
1 0 0 0.812854

3
1 2 3 0.868002
2 0 0 0.903541
3 0 0 0.935578

5
1 3 1014 0.873064
2 0 0 0.913223
3 3 2503 0.989919
6 0 0 1.1329
7 0 0 0.902487

1
1 0 0 0.861526

3
1 0 5273 0.844523
2 0 0 0.881804
3 0 0 0.878728

3
1 1 1 0.957944
2 0 0 0.950788
3 0 0 0.825008

5
1 2 3 0.875417
2 0 98 0.910139
4 0 0 0.892375
5 0 0 0.932006
3 0 0 0.956822

5
1 1 2 0.983923
2 2 2 0.969951
4 0 0 1.02305
5 0 0 0.930164
3 0 0 1.03905

3
1 1 1 1.01541
2 0 0 1.01734
3 0 0 0.897806

3
1 2 3 0.83051
2 0 0 0.803801
3 0 0 0.843441

5
1 1 1 0.987984
2 2 2 1.14938
4 0 0 1.01981
5 0 0 1.19366
3 0 0 0.858883

3
1 0 1800 0.84368
2 0 0 0.938707
3 0 0 0.916753

3
1 1 1 0.876036
2 0 0 0.987101
3 0 0 0.871999

3
1 1 2 0.941848
2 0 0 0.985848
3 0 0 0.945266

3
1 1 2 0.859786
2 0 0 0.894867
3 0 0 0.871304

3
1 1 2 0.930122
2 0 0 0.774578
3 0 0 1.09941

3
1 3 10 0.818919
2 0 0 0.989767
3 0 0 0.795956

5
1 2 2 0.929906
2 0 0 0.824915
3 0 2069 1.01922
6 0 0 0.976046
7 0 0 1.06066

3
1 1 1 0.82154
2 0 0 1.01767
3 0 0 0.871861

3
1 0 470 0.811674
2 0 0 1.0968
3 0 0 0.817106

3
1 1 1 0.874568
2 0 0 1.08956
3 0 0 0.822182

3
1 0 1238 0.880309
2 0 0 0.989932
3 0 0 0.879836

3
1 0 2365 0.83862
2 0 0 0.929745
3 0 0 0.762696

1
1 0 0 0.774917

3
1 1 1 0.777166
2 0 0 1.05483
3 0 0 0.833103

3
1 2 1 0.779813
2 0 0 0.947603
3 0 0 0.742999

1
1 0 0 0.836928

5
1 3 1604 0.873897
2 3 1387 0.924691
4 0 0 0.917622
5 0 0 0.978485
3 0 0 0.859614

3
1 2 1 0.877486
2 0 0 0.938225
3 0 0 0.856272

1
1 0 0 0.778611

1
1 0 0 0.839208

3
1 0 122 0.787628
2 0 0 0.949997
3 0 0 0.713726

3
1 0 7130 0.834067
2 0 0 0.908305
3 0 0 0.724253

3
1 1 1 0.926142
2 0 0 0.959974
3 0 0 0.825733

1
1 0 0 0.896816

3
1 1 1 0.820855
2 0 0 0.987342
3 0 0 0.850659

5
1 2 4 0.94099
2 3 1494 0.872604
4 0 0 0.968178
5 0 0 0.841979
3 0 0 0.968802

3
1 1 2 0.789665
2 0 0 0.898762
3 0 0 0.996161

1
1 0 0 0.819904

3
1 1 2 0.908391
2 0 0 0.813931
3 0 0 0.986995

5
1 3 1159 0.863247
2 1 1 0.94011
4 0 0 0.960696
5 0 0 0.883101
3 0 0 0.904812

3
1 2 4 0.904883
2 0 0 0.871982
3 0 0 0.942057

1
1 0 0 0.899658

7
1 2 1 0.887811
2 1 2 1.01337
4 0 0 0.94177
5 0 0 0.996375
3 3 3521 1.04927
6 0 0 0.982481
7 0 0 1.07702

3
1 1 2 0.8072
2 0 0 0.895396
3 0 0 0.974984

3
1 3 5056 0.848232
2 0 0 0.860292
3 0 0 0.836833

3
1 0 1915 0.823703
2 0 0 1.00825
3 0 0 0.996321

1
1 0 0 0.792105

3
1 1 1 0.821501
2 0 0 0.98486
3 0 0 0.83541

3
1 1 1 0.907132
2 0 0 1.05883
3 0 0 0.836384

1
1 0 0 0.854586

3
1 1 2 0.891925
2 0 0 0.766662
3 0 0 1.03396

5
1 1 1 0.918295
2 2 1 1.02324
4 0 0 1.01347
5 0 0 0.953072
3 0 0 0.989038

1
1 0 0 0.793696

3
1 1 1 0.87895
2 0 0 0.921432
3 0 0 0.892831

3
1 2 3 0.895928
2 0 0 1.00077
3 0 0 0.889398

3
1 1 2 0.895792
2 0 0 0.7859
3 0 0 0.919373

3
1 0 1953 0.90185
2 0 0 1.00157
3 0 0 0.865139

1
1 0 0 0.917579

5
1 2 4 0.964214
2 0 0 0.909773
3 1 2 0.824074
6 0 0 0.835498
7 0 0 1.01211

5
1 2 4 0.817823
2 0 0 0.907697
3 0 9785 0.991743
6 0 0 0.930213
7 0 0 0.947896

3
1 0 886 0.910986
2 0 0 0.953907
3 0 0 0.907162

7
1 1 2 0.884422
2 0 0 0.892615
3 3 2083 0.91292
6 2 2 0.944187
12 0 0 1.07097
13 0 0 0.956951
7 0 0 0.964735

5
1 0 981 0.899998
2 2 2 0.924248
4 0 0 0.925358
5 0 0 1.06277
3 0 0 0.863924

1
1 0 0 0.781437

3
1 2 2 0.850201
2 0 0 0.892005
3 0 0 0.887008

3
1 1 1 0.833897
2 0 0 1.1147
3 0 0 0.905448

3
1 1 1 0.7993
2 0 0 1.01787
3 0 0 0.828746

3
1 3 5335 0.778478
2 0 0 0.830842
3 0 0 1.01469

3
1 1 2 0.885932
2 0 0 0.844975
3 0 0 0.986477

3
1 1 1 0.903635
2 0 0 1.1785
3 0 0 0.719541

3
1 0 1374 0.906293
2 0 0 0.803214
3 0 0 0.982671

3
1 1 1 0.916862
2 0 0 0.986088
3 0 0 0.786841

3
1 2 3 0.871179
2 0 0 0.774006
3 0 0 0.872419

1
1 0 0 0.844791

1
1 0 0 0.851608

3
1 0 5334 0.993089
2 0 0 0.946991
3 0 0 0.897826

7
1 1 1 0.755426
2 0 0 1.03156
3 0 6291 0.921486
6 3 1983 1.01181
12 0 0 0.965407
13 0 0 1.04444
7 0 0 0.790811

5
1 0 120 0.878836
2 0 53 1.01854
4 0 0 1.11137
5 0 0 0.957863
3 0 0 0.893287

3
1 2 2 0.88315
2 0 0 0.985893
3 0 0 0.948616

5
1 0 5466 0.912056
2 0 0 0.970392
3 0 8216 0.891334
6 0 0 0.931
7 0 0 0.961208

1
1 0 0 0.748942

3
1 3 2961 0.927757
2 0 0 0.981454
3 0 0 0.876323

3
1 1 1 0.692999
2 0 0 0.957884
3 0 0 0.770767

1
1 0 0 0.867939

3
1 1 1 0.886685
2 0 0 1.03437
3 0 0 0.757076

1
1 0 0 0.712744

3
1 1 2 0.791917
2 0 0 0.790969
3 0 0 0.991375

3
1 1 1 0.798322
2 0 0 0.97653
3 0 0 0.888529

3
1 1 1 0.830502
2 0 0 1.0179
3 0 0 0.67447

3
1 0 1348 0.82569
2 0 0 0.958438
3 0 0 0.75213

1
1 0 0 0.756645

5
1 0 51 0.704249
2 0 0 1.02045
3 3 918 0.88225
6 0 0 0.868832
7 0 0 0.849921

1
1 0 0 0.83575

1
1 0 0 0.829538

1
1 0 0 0.699855

3
1 3 2878 0.817996
2 0 0 0.875476
3 0 0 0.855567

3
1 1 1 0.924217
2 0 0 0.943531
3 0 0 0.779678

5
1 1 2 0.866536
2 0 0 0.827959
3 3 3135 0.980673
6 0 0 0.967152
7 0 0 1.02675

3
1 1 1 0.848139
2 0 0 0.968415
3 0 0 0.862727

1
1 0 0 0.759143

3
1 3 4741 0.920512
2 0 0 0.811333
3 0 0 0.86763

5
1 1 1 0.879825
2 3 3378 0.957221
4 0 0 1.08295
5 0 0 1.04869
3 0 0 0.908278

5
1 1 2 0.891999
2 0 7228 0.953495
4 0 0 0.925745
5 0 0 0.955281
3 0 0 0.942156

1
1 0 0 0.805781

1
1 0 0 0.880427

3
1 0 1782 0.838903
2 0 0 0.889966
3 0 0 0.840842

3
1 0 257 0.908142
2 0 0 0.906819
3 0 0 0.833023

3
1 3 3081 0.895621
2 0 0 1.10329
3 0 0 0.882597

5
1 3 3182 0.930648
2 0 0 1.04981
3 1 2 0.925571
6 0 0 0.94356
7 0 0 0.905928

3
1 1 1 0.987984
2 0 0 1.04498
3 0 0 0.809811

3
1 0 631 0.861312
2 0 0 0.913688
3 0 0 0.877664

3
1 1 2 0.88208
2 0 0 0.908625
3 0 0 0.901084

3
1 1 2 0.901654
2 0 0 0.792547
3 0 0 1.0252

5
1 0 3984 0.912349
2 0 0 0.830195
3 1 2 1.00567
6 0 0 0.895207
7 0 0 0.999427

3
1 0 3089 0.938248
2 0 0 0.898931
3 0 0 0.894218

3
1 1 1 0.84496
2 0 0 1.21239
3 0 0 0.810934

3
1 1 1 0.837299
2 0 0 1.02743
3 0 0 0.832678

1
1 0 0 0.868161

3
1 0 4507 1.02894
2 0 0 0.900315
3 0 0 0.962991

3
1 1 1 0.874568
2 0 0 1.04933
3 0 0 0.785153

3
1 1 1 0.876136
2 0 0 0.98932
3 0 0 0.863058

3
1 3 425 0.870133
2 0 0 0.966389
3 0 0 0.883832

5
1 2 4 0.919528
2 0 0 0.907069
3 3 2706 0.87489
6 0 0 0.874491
7 0 0 1.0698

7
1 1 1 0.891134
2 3 1450 1.04891
4 0 0 1.07408
5 0 8077 1.03967
10 0 0 1.0975
11 0 0 1.05483
3 0 0 0.806973

3
1 3 975 0.83858
2 0 0 0.857456
3 0 0 1.00114

3
1 3 1127 0.773215
2 0 0 0.938821
3 0 0 0.860041

3
1 1 1 0.808499
2 0 0 1.01524
3 0 0 0.69584

5
1 1 2 0.967574
2 0 0 0.897158
3 3 3896 0.958602
6 0 0 1.06883
7 0 0 0.989179

1
1 0 0 0.815154

1
1 0 0 0.786774

3
1 1 1 0.83335
2 0 0 0.902535
3 0 0 0.813574

3
1 2 2 0.910314
2 0 0 0.84397
3 0 0 0.905839

3
1 3 2904 0.947026
2 0 0 1.02495
3 0 0 0.811626

3
1 1 2 0.900495
2 0 0 0.911328
3 0 0 0.954067

1
1 0 0 0.722341

1
1 0 0 0.815273

3
1 1 2 0.789665
2 0 0 0.836396
3 0 0 0.978304

3
1 3 1434 0.875558
2 0 0 0.925439
3 0 0 0.783929

3
1 0 899 0.772979
2 0 0 0.935723
3 0 0 0.752553

3
1 3 4977 0.914023
2 0 0 0.932532
3 0 0 0.810421

1
1 0 0 0.709928

1
1 0 0 0.807256

1
1 0 0 0.896458

3
1 1 1 0.856492
2 0 0 0.867951
3 0 0 0.846191

3
1 0 1644 0.910549
2 0 0 0.95102
3 0 0 0.964739

1
1 0 0 0.9356

3
1 3 2408 0.874244
2 0 0 0.874237
3 0 0 0.855218

3
1 1 1 0.821501
2 0 0 0.905933
3 0 0 0.838922

5
1 2 1 0.938162
2 3 3018 1.07377
4 0 0 1.11967
5 0 0 1.02497
3 0 0 0.988208

3
1 0 4981 0.964178
2 0 0 0.98135
3 0 0 0.823765

3
1 0 370 0.943029
2 0 0 1.03406
3 0 0 0.906458

3
1 1 1 0.845674
2 0 0 1.11249
3 0 0 0.80039

5
1 3 5369 0.826797
2 0 0 0.880344
3 3 5390 1.04838
6 0 0 0.892992
7 0 0 0.957944

7
1 2 2 0.930412
2 3 2094 1.07567
4 0 0 0.806745
5 0 0 1.06983
3 1 2 0.853052
6 0 0 0.817883
7 0 0 0.980083

1
1 0 0 0.829473

3
1 2 4 0.886542
2 0 0 0.8908
3 0 0 0.970334

5
1 3 4237 0.927743
2 1 1 1.05464
4 0 0 1.17011
5 0 0 0.979572
3 0 0 0.915293

3
1 0 6138 1.00199
2 0 0 0.944483
3 0 0 0.815996

5
1 3 153 0.893423
2 0 3253 1.05637
4 0 0 0.948007
5 0 0 1.0188
3 0 0 0.745983

5
1 0 305 1.00014
2 1 2 0.911042
4 0 0 0.882803
5 0 0 0.928395
3 0 0 0.824392

1
1 0 0 0.971961

3
1 3 5022 0.889426
2 0 0 0.925588
3 0 0 0.862933

3
1 1 1 0.885644
2 0 0 1.06536
3 0 0 0.94925

1
1 0 0 0.86548

3
1 0 4080 0.823708
2 0 0 0.917661
3 0 0 0.820544

5
1 1 2 0.947851
2 0 0 0.797405
3 3 3427 1.03847
6 0 0 1.003
7 0 0 1.0283

3
1 1 2 0.885707
2 0 0 0.84622
3 0 0 0.870139

5
1 3 1337 0.933082
2 1 1 1.13131
4 0 0 0.9643
5 0 0 1.04993
3 0 0 0.878679

3
1 1 2 0.885932
2 0 0 0.778869
3 0 0 1.04726

3
1 1 1 0.903635
2 0 0 1.05983
3 0 0 0.941057

3
1 2 3 0.852516
2 0 0 1.01895
3 0 0 0.938273

3
1 3 4610 0.776104
2 0 0 0.856262
3 0 0 0.931364

3
1 1 2 0.882518
2 0 0 0.755369
3 0 0 1.01399

3
1 1 2 0.802402
2 0 0 0.762866
3 0 0 0.926605

3
1 1 1 0.922354
2 0 0 0.94923
3 0 0 0.740518

1
1 0 0 0.765907

5
1 0 805 0.908372
2 0 0 0.892998
3 3 4682 0.907838
6 0 0 0.901859
7 0 0 0.872803

3
1 0 8505 0.847994
2 0 0 0.970474
3 0 0 0.846669

5
1 1 1 0.885319
2 3 3598 0.982535
4 0 0 0.943607
5 0 0 1.0326
3 0 0 0.916576

3
1 0 6866 0.906044
2 0 0 1.04366
3 0 0 0.814624

3
1 1 1 0.907924
2 0 0 1.05359
3 0 0 0.844996

5
1 1 1 0.961445
2 0 0 0.951436
3 3 270 0.768527
6 0 0 1.05235
7 0 0 0.795343

3
1 3 2903 0.982187
2 0 0 0.974436
3 0 0 0.895522

3
1 1 2 0.917329
2 0 0 1.01424
3 0 0 0.93877

3
1 1 1 0.774781
2 0 0 0.844737
3 0 0 0.737478

3
1 3 2325 0.846122
2 0 0 1.05743
3 0 0 0.878431

5
1 3 1712 0.827319
2 3 150 0.897606
4 0 0 1.11096
5 0 0 0.960479
3 0 0 0.919321

3
1 0 398 0.744119
2 0 0 1.08412
3 0 0 0.759075

3
1 1 1 0.830502
2 0 0 1.08753
3 0 0 0.771744

1
1 0 0 0.716017

5
1 1 2 0.871088
2 0 0 0.862441
3 2 4 0.993265
6 0 0 0.977089
7 0 0 0.945969

1
1 0 0 0.756119

3
1 0 2238 0.841435
2 0 0 0.915722
3 0 0 0.780846

3
1 1 1 0.820634
2 0 0 1.01353
3 0 0 0.84243

1
1 0 0 0.798775

3
1 0 838 0.767128
2 0 0 1.0624
3 0 0 0.795626

3
1 1 1 0.924217
2 0 0 1.03505
3 0 0 0.76362

5
1 3 1173 0.80626
2 3 485 0.940815
4 0 0 1.02291
5 0 0 0.924653
3 0 0 0.891463

1
1 0 0 0.770955

1
1 0 0 0.69353

3
1 0 4692 0.910191
2 0 0 0.958049
3 0 0 0.901903

1
1 0 0 0.711085

5
1 0 8747 0.913095
2 0 0 0.921267
3 3 3951 0.917757
6 0 0 0.971439
7 0 0 0.956289

1
1 0 0 0.80589

3
1 1 1 0.905561
2 0 0 1.01587
3 0 0 0.832539

1
1 0 0 0.72416

1
1 0 0 0.821067

3
1 2 2 0.991385
2 0 0 0.93759
3 0 0 1.0396

5
1 2 4 0.914377
2 0 0 0.77745
3 3 1170 0.91474
6 0 0 0.878115
7 0 0 0.924744

5
1 0 2741 0.928326
2 0 1240 1.05368
4 0 0 0.974118
5 0 0 0.967655
3 0 0 0.950635

3
1 1 1 0.761975
2 0 0 1.03519
3 0 0 0.744884

3
1 2 1 0.924884
2 0 0 0.986766
3 0 0 0.849621

3
1 1 1 0.886361
2 0 0 0.950072
3 0 0 0.773985

5
1 0 4725 0.889691
2 0 0 0.88665
3 2 3 0.899245
6 0 0 0.945215
7 0 0 1.03256

5
1 2 3 0.947126
2 0 0 0.891722
3 2 4 0.96753
6 0 0 1.03505
7 0 0 0.967197

5
1 1 1 0.88029
2 0 7647 0.947934
4 0 0 0.94095
5 0 0 1.06279
3 0 0 0.864899

3
1 1 1 0.877936
2 0 0 1.02698
3 0 0 0.746499

3
1 0 5857 0.884653
2 0 0 1.03642
3 0 0 0.830683

3
1 2 3 0.889145
2 0 0 0.910629
3 0 0 0.886459

3
1 0 8715 0.951839
2 0 0 0.900954
3 0 0 0.942333

3
1 2 2 0.825148
2 0 0 0.877118
3 0 0 0.825823

7
1 1 2 0.934889
2 0 0 0.8978
3 2 3 1.0375
6 0 0 1.00099
7 3 4666 0.89557
14 0 0 0.975764
15 0 0 1.13281

1
1 0 0 0.908912

3
1 1 1 0.891134
2 0 0 1.10115
3 0 0 0.861659

3
1 3 2646 0.919508
2 0 0 0.959804
3 0 0 0.925406

5
1 1 1 0.868717
2 2 2 0.94969
4 0 0 0.983707
5 0 0 0.921622
3 0 0 0.83565

3
1 0 3147 0.941907
2 0 0 1.0362
3 0 0 0.899129

3
1 3 2861 0.872943
2 0 0 0.957228
3 0 0 0.886274

3
1 2 4 0.852653
2 0 0 0.976261
3 0 0 0.851736

3
1 3 5329 0.850519
2 0 0 0.871544
3 0 0 0.992624

3
1 1 1 0.786592
2 0 0 0.858582
3 0 0 0.7558

1
1 0 0 0.8093

1
1 0 0 0.912161

1
1 0 0 0.768281

1
1 0 0 0.809395

3
1 1 1 0.850742
2 0 0 1.01589
3 0 0 0.739546

5
1 0 7779 0.9021
2 0 0 1.08326
3 2 3 0.883397
6 0 0 0.869779
7 0 0 1.09427

1
1 0 0 0.756526

1
1 0 0 0.787802

3
1 1 1 0.906072
2 0 0 0.876727
3 0 0 0.823955

3
1 1 1 0.867874
2 0 0 1.10537
3 0 0 0.734906

3
1 3 561 0.815726
2 0 0 0.989636
3 0 0 0.944978

3
1 1 1 0.896458
2 0 0 1.11102
3 0 0 0.841185

5
1 3 1125 0.877472
2 2 4 0.87435
4 0 0 1.05398
5 0 0 0.925994
3 0 0 0.786726

1
1 0 0 0.764424

7
1 0 2280 0.862706
2 3 2475 0.976694
4 3 2448 0.954278
8 0 0 1.0506
9 0 0 1.01825
5 0 0 1.00376
3 0 0 0.800133

1
1 0 0 0.768719

3
1 2 3 0.819848
2 0 0 0.847946
3 0 0 0.785737

1
1 0 0 0.826419

3
1 1 2 0.945565
2 0 0 0.806693
3 0 0 0.970985

3
1 0 3818 0.970277
2 0 0 0.93523
3 0 0 0.900496

3
1 2 4 1.00535
2 0 0 0.963559
3 0 0 1.01566

1
1 0 0 0.920858

7
1 2 3 0.877158
2 0 0 0.865733
3 3 2539 0.900693
6 0 9260 0.933993
12 0 0 0.911762
13 0 0 0.983007
7 0 0 0.85374

1
1 0 0 0.819298

3
1 0 1008 0.878672
2 0 0 0.962754
3 0 0 0.834519

5
1 1 2 0.866174
2 0 5799 0.845764
4 0 0 0.842943
5 0 0 0.852639
3 0 0 0.973352

3
1 0 1016 0.902432
2 0 0 0.860548
3 0 0 0.894012

3
1 3 40 0.932119
2 0 0 1.06884
3 0 0 0.933296

3
1 1 1 0.892793
2 0 0 0.918683
3 0 0 0.861618

7
1 1 1 0.846044
2 3 355 1.03941
4 0 0 1.01444
5 0 0 1.07783
3 1 2 0.914248
6 0 0 0.819327
7 0 0 0.962509

3
1 0 4074 0.873861
2 0 0 1.03951
3 0 0 0.998682

3
1 3 5377 0.890057
2 0 0 0.889106
3 0 0 0.972523

5
1 2 4 0.818763
2 0 0 0.85268
3 0 4100 0.982094
6 0 0 0.984236
7 0 0 0.954531

1
1 0 0 0.813781

3
1 0 7502 0.912978
2 0 0 0.940429
3 0 0 0.913196

5
1 3 1632 0.927501
2 2 4 0.978859
4 0 0 1.11291
5 0 0 0.89732
3 0 0 0.806407

3
1 3 1851 0.879365
2 0 0 0.846004
3 0 0 0.875051

3
1 1 2 0.946375
2 0 0 0.83144
3 0 0 0.917012

3
1 1 1 0.918545
2 0 0 0.931513
3 0 0 0.824612

3
1 1 1 0.821514
2 0 0 1.09293
3 0 0 0.78896

3
1 1 1 0.841283
2 0 0 0.985963
3 0 0 0.878327

3
1 1 2 0.878727
2 0 0 0.78567
3 0 0 0.997323

7
1 0 65 0.877412
2 2 4 0.952687
4 0 0 0.991215
5 0 0 0.939765
3 1 2 0.861194
6 0 0 0.926391
7 0 0 0.913934

3
1 3 679 0.940116
2 0 0 0.858632
3 0 0 0.941315

7
1 0 58 0.737461
2 0 0 1.1231
3 1 2 0.955975
6 0 0 0.953336
7 3 670 0.976023
14 0 0 0.963024
15 0 0 1.08089

3
1 2 4 0.876737
2 0 0 0.825553
3 0 0 0.934736

5
1 0 4356 0.88833
2 3 399 0.889726
4 0 0 0.964976
5 0 0 0.924357
3 0 0 0.884974

1
1 0 0 0.78404

3
1 1 2 0.930545
2 0 0 0.790838
3 0 0 1.01901

3
1 1 2 0.903498
2 0 0 0.849515
3 0 0 0.926019

3
1 0 1598 0.842307
2 0 0 1.03603
3 0 0 0.898103

1
1 0 0 0.85663

3
1 2 4 0.981526
2 0 0 0.785405
3 0 0 0.899639

3
1 1 2 0.833258
2 0 0 0.669351
3 0 0 0.93898

3
1 2 4 1.05834
2 0 0 0.972357
3 0 0 1.07207

3
1 1 2 0.921681
2 0 0 0.877607
3 0 0 1.08776

3
1 3 1264 0.981348
2 0 0 0.94986
3 0 0 0.918424

3
1 1 1 0.969569
2 0 0 0.985048
3 0 0 0.962419

3
1 1 1 0.76456
2 0 0 0.985757
3 0 0 0.87087

1
1 0 0 0.779213

3
1 0 1925 0.860196
2 0 0 0.891394
3 0 0 0.941933

5
1 3 2822 0.901163
2 0 625 0.950346
4 0 0 1.0044
5 0 0 1.02985
3 0 0 0.908751

3
1 1 1 0.820634
2 0 0 0.902208
3 0 0 0.744774

5
1 1 1 0.907357
2 3 1883 1.0254
4 0 0 1.04323
5 0 0 0.880176
3 0 0 0.778874

1
1 0 0 0.830127

3
1 1 1 0.924217
2 0 0 0.999036
3 0 0 0.795363

5
1 1 2 0.85609
2 0 0 0.843695
3 2 2 1.03518
6 0 0 0.931553
7 0 0 0.960583

1
1 0 0 0.801876

1
1 0 0 0.797196

1
1 0 0 0.762513

5
1 1 1 0.859707
2 3 3765 0.928518
4 0 0 0.928459
5 0 0 1.03234
3 0 0 0.861208

1
1 0 0 0.744921

1
1 0 0 0.734981

5
1 0 2566 0.899697
2 1 2 1.01976
4 0 0 0.936958
5 0 0 0.974731
3 0 0 0.903257

3
1 1 1 0.807314
2 0 0 0.945436
3 0 0 0.879196

3
1 1 1 0.856299
2 0 0 1.09954
3 0 0 0.827156

1
1 0 0 0.701601

3
1 1 1 0.900077
2 0 0 1.03931
3 0 0 0.78317

3
1 3 1098 0.882988
2 0 0 0.907172
3 0 0 0.888075

1
1 0 0 0.776765

3
1 1 1 0.92417
2 0 0 1.08428
3 0 0 0.901862

3
1 2 3 0.897825
2 0 0 0.843249
3 0 0 0.902852

3
1 3 4575 0.905484
2 0 0 0.894384
3 0 0 1.03198

1
1 0 0 0.707799

1
1 0 0 0.839788

1
1 0 0 0.880498

3
1 0 6997 0.858574
2 0 0 0.94993
3 0 0 0.86356

3
1 1 1 0.837458
2 0 0 1.01287
3 0 0 0.822458

3
1 1 1 0.916517
2 0 0 1.0564
3 0 0 0.707496

1
1 0 0 0.858984

7
1 1 1 1.00027
2 0 9279 1.00405
4 0 0 1.06125
5 3 4227 0.918811
10 0 0 1.04117
11 0 0 0.976577
3 0 0 0.820952

3
1 1 1 0.933445
2 0 0 0.902774
3 0 0 0.965212

5
1 1 1 0.891134
2 2 1 1.0175
4 0 0 0.925629
5 0 0 0.982306
3 0 0 0.918925

1
1 0 0 0.923103

11
1 1 2 0.884997
2 0 0 0.90466
3 3 1997 0.989707
6 2 1 1.01525
12 0 0 0.970506
13 0 0 0.929902
7 0 9909 1.05141
14 3 4198 1.10724
28 0 0 1.05703
29 0 0 1.03917
15 0 0 0.893651

3
1 0 498 0.894543
2 0 0 0.924566
3 0 0 0.906108

5
1 0 222 0.954781
2 0 0 1.07238
3 1 1 0.879742
6 0 0 0.930929
7 0 0 0.769988

5
1 2 1 0.858352
2 0 6750 0.960068
4 0 0 1.01537
5 0 0 0.841877
3 0 0 0.848575

5
1 0 1789 0.87841
2 3 4806 0.931946
4 0 0 0.942134
5 0 0 0.933938
3 0 0 0.808083

3
1 1 1 0.83939
2 0 0 1.10984
3 0 0 0.877365

3
1 2 3 0.919039
2 0 0 0.898474
3 0 0 0.982061

7
1 1 2 0.927815
2 0 0 0.821252
3 0 2641 1.02998
6 0 2259 1.09113
12 0 0 1.10278
13 0 0 0.950291
7 0 0 1.06765

9
1 0 5048 0.906142
2 0 361 0.996119
4 0 0 0.957866
5 0 0 1.04024
3 2 3 0.990749
6 0 0 0.971907
7 0 5806 0.972399
14 0 0 1.02102
15 0 0 0.909964

1
1 0 0 0.820504

7
1 1 1 0.850742
2 3 3114 0.974235
4 0 0 1.07473
5 0 0 0.960762
3 1 2 0.87412
6 0 0 0.805149
7 0 0 0.986029

3
1 3 5372 0.834947
2 0 0 0.850357
3 0 0 1.02056

3
1 1 1 0.820451
2 0 0 1.00399
3 0 0 0.704277

5
1 0 7387 0.834242
2 0 0 0.858446
3 2 4 0.925243
6 0 0 0.972211
7 0 0 0.955607

3
1 1 1 0.906072
2 0 0 1.03351
3 0 0 0.694687

3
1 2 4 0.782511
2 0 0 0.789485
3 0 0 0.901668

3
1 3 394 0.822799
2 0 0 1.04057
3 0 0 0.793059

3
1 1 1 0.896458
2 0 0 1.05658
3 0 0 0.780512

5
1 1 1 0.860636
2 3 19 1.09148
4 0 0 0.878971
5 0 0 1.03554
3 0 0 0.800861

3
1 1 1 0.808182
2 0 0 0.970521
3 0 0 0.740532

3
1 0 492 0.94786
2 0 0 0.930561
3 0 0 0.957476

3
1 0 410 0.757766
2 0 0 0.971311
3 0 0 0.803598

5
1 0 7083 0.937339
2 0 6022 0.97101
4 0 0 0.971075
5 0 0 0.974449
3 0 0 1.01071

5
1 3 4462 0.960137
2 1 1 0.961286
4 0 0 0.97478
5 0 0 0.825682
3 0 0 0.851484

3
1 0 8631 0.82586
2 0 0 0.848292
3 0 0 0.842586

3
1 1 1 0.877603
2 0 0 1.09401
3 0 0 0.744218

3
1 3 3497 0.803028
2 0 0 0.737621
3 0 0 0.775145

1
1 0 0 0.796993

3
1 1 1 0.883842
2 0 0 0.926647
3 0 0 0.846571

5
1 1 2 0.800315
2 0 0 0.781532
3 0 5373 0.890962
6 0 0 1.00489
7 0 0 0.933396

3
1 2 3 0.957033
2 0 0 0.935877
3 0 0 0.956305

1
1 0 0 0.808947

3
1 0 8340 0.872894
2 0 0 0.905608
3 0 0 0.878962

3
1 3 4223 0.877616
2 0 0 0.946791
3 0 0 0.813094

3
1 3 3039 0.844172
2 0 0 1.07272
3 0 0 0.852965

1
1 0 0 0.735882

3
1 3 2703 0.899745
2 0 0 0.957696
3 0 0 0.864682

3
1 0 1750 0.903254
2 0 0 0.999148
3 0 0 0.905714

3
1 3 5197 0.827277
2 0 0 0.814992
3 0 0 1.04567

3
1 2 1 0.929814
2 0 0 0.966529
3 0 0 0.911022

3
1 1 1 0.852497
2 0 0 0.933889
3 0 0 0.856008

1
1 0 0 0.867787

3
1 3 4752 0.946542
2 0 0 0.889296
3 0 0 0.90384

3
1 1 2 0.950893
2 0 0 0.942122
3 0 0 0.964048

1
1 0 0 0.841172

3
1 0 751 0.8859
2 0 0 0.918318
3 0 0 0.852605

3
1 0 3252 0.971314
2 0 0 1.05251
3 0 0 0.912657

3
1 1 1 0.811889
2 0 0 0.877557
3 0 0 0.846191

3
1 2 4 0.981217
2 0 0 0.979223
3 0 0 0.86738

3
1 3 859 0.857361
2 0 0 1.02429
3 0 0 0.92466

1
1 0 0 0.809229

1
1 0 0 0.862284

3
1 1 2 0.855502
2 0 0 0.904801
3 0 0 0.882051

3
1 1 2 0.888625
2 0 0 0.811971
3 0 0 1.05648

3
1 3 3817 0.844884
2 0 0 0.95369
3 0 0 0.867375

3
1 1 1 0.944661
2 0 0 0.939041
3 0 0 0.84832

5
1 2 1 0.923086
2 3 2815 0.911051
4 0 0 1.06136
5 0 0 0.856351
3 0 0 0.858769

3
1 3 1618 0.819005
2 0 0 0.986545
3 0 0 0.895524

3
1 1 1 0.858114
2 0 0 1.06465
3 0 0 0.707413

1
1 0 0 0.934325

5
1 1 2 0.869706
2 0 0 0.824948
3 3 1754 0.995932
6 0 0 1.09068
7 0 0 0.884587

3
1 2 1 0.946721
2 0 0 0.93567
3 0 0 0.997395

5
1 0 2113 0.91052
2 0 0 0.972855
3 0 5662 0.927501
6 0 0 1.01335
7 0 0 0.934593

1
1 0 0 0.820915

5
1 0 2173 0.79836
2 1 1 1.00462
4 0 0 0.9261
5 0 0 1.00841
3 0 0 0.727785

3
1 0 2451 0.886569
2 0 0 0.974653
3 0 0 0.874382

5
1 1 1 0.890945
2 0 9277 0.995154
4 0 0 1.01734
5 0 0 0.933462
3 0 0 0.872267

1
1 0 0 0.927241

1
1 0 0 0.839148

5
1 1 1 0.907357
2 0 5131 1.03581
4 0 0 0.952546
5 0 0 0.976481
3 0 0 0.833171

3
1 2 4 0.912709
2 0 0 0.880524
3 0 0 0.959401

3
1 3 3284 0.917188
2 0 0 0.939818
3 0 0 0.864742

3
1 1 2 0.810542
2 0 0 0.89454
3 0 0 0.976745

5
1 3 1721 0.877002
2 0 0 0.797224
3 3 2743 0.908292
6 0 0 0.853348
7 0 0 0.917498

3
1 1 2 0.763087
2 0 0 0.857314
3 0 0 1.06541

1
1 0 0 0.800957

1
1 0 0 0.805393

1
1 0 0 0.771371

3
1 1 1 0.959264
2 0 0 0.936765
3 0 0 0.84615

3
1 3 5161 0.765857
2 0 0 0.73883
3 0 0 0.872883

1
1 0 0 0.766103

3
1 1 2 0.809275
2 0 0 0.823008
3 0 0 1.02921

1
1 0 0 0.745899

3
1 3 1135 0.88419
2 0 0 0.881318
3 0 0 0.911503

3
1 1 2 0.795824
2 0 0 0.800006
3 0 0 0.878558

1
1 0 0 0.811722

3
1 3 193 0.909912
2 0 0 1.0121
3 0 0 0.869329

1
1 0 0 0.83696

3
1 0 1292 0.806891
2 0 0 1.00098
3 0 0 0.750147

3
1 0 475 0.723993
2 0 0 1.02736
3 0 0 0.719426

1
1 0 0 0.774833

3
1 1 1 0.831913
2 0 0 0.920777
3 0 0 0.835772

5
1 1 1 0.890661
2 0 0 1.10998
3 1 2 0.92348
6 0 0 0.737787
7 0 0 0.903092

7
1 1 2 0.891876
2 0 0 0.864021
3 0 2275 1.04039
6 2 4 1.0023
12 0 0 0.891848
13 0 0 0.956895
7 0 0 1.11118

3
1 0 2457 0.907137
2 0 0 0.889923
3 0 0 0.820331

3
1 1 2 0.936937
2 0 0 0.884667
3 0 0 1.01507

5
1 3 1258 0.92217
2 0 0 0.907945
3 2 2 0.946356
6 0 0 0.899438
7 0 0 0.973443

3
1 1 1 0.840906
2 0 0 0.874052
3 0 0 0.934548

3
1 1 1 0.891134
2 0 0 1.0258
3 0 0 0.792534

3
1 1 1 0.904333
2 0 0 0.976583
3 0 0 0.756339

1
1 0 0 0.746471

7
1 3 1471 0.87109
2 3 1408 0.986862
4 0 0 0.974793
5 0 2546 0.897748
10 0 0 1.06758
11 0 0 0.936878
3 0 0 0.955655

5
1 3 2855 0.864893
2 2 1 0.96397
4 0 0 1.03031
5 0 0 0.933887
3 0 0 0.807305

5
1 0 8229 0.91187
2 1 2 0.9276
4 0 0 0.881412
5 0 0 1.0053
3 0 0 0.918239

3
1 3 367 0.828199
2 0 0 0.938472
3 0 0 0.785443

1
1 0 0 0.898293

3
1 1 1 0.90488
2 0 0 0.975496
3 0 0 0.814056

3
1 1 1 0.929942
2 0 0 1.03178
3 0 0 0.832845

3
1 0 597 0.925069
2 0 0 0.973853
3 0 0 0.932718

5
1 1 1 0.929172
2 0 0 1.001
3 1 2 0.902917
6 0 0 0.873281
7 0 0 0.814345

5
1 2 1 0.81189
2 3 1603 0.925631
4 0 0 1.05079
5 0 0 0.833176
3 0 0 0.962002

1
1 0 0 0.878812

3
1 1 1 0.874847
2 0 0 1.08575
3 0 0 0.793441

3
1 1 2 0.849134
2 0 0 0.84459
3 0 0 0.922553

1
1 0 0 0.827589

5
1 2 1 0.944827
2 0 932 0.966811
4 0 0 0.960171
5 0 0 0.982039
3 0 0 0.871773

7
1 0 8662 0.9069
2 3 4024 0.934871
4 0 0 0.95857
5 0 0 0.904677
3 0 8733 0.874873
6 0 0 1.02888
7 0 0 0.855171

3
1 0 9371 0.841478
2 0 0 0.830581
3 0 0 0.955437

3
1 0 1504 0.925379
2 0 0 0.959462
3 0 0 0.826356

1
1 0 0 0.779543

5
1 3 2561 0.867437
2 3 209 0.950089
4 0 0 0.96131
5 0 0 0.997031
3 0 0 0.846969

1
1 0 0 0.842095

3
1 1 1 0.889321
2 0 0 0.985053
3 0 0 0.769904

5
1 0 5553 0.852995
2 1 1 0.898512
4 0 0 0.969026
5 0 0 0.877993
3 0 0 0.962258

1
1 0 0 0.723621

3
1 3 1697 0.866205
2 0 0 1.00781
3 0 0 0.790187

5
1 0 41 0.726002
2 0 0 1.03015
3 1 1 0.865989
6 0 0 1.06866
7 0 0 0.749898

5
1 1 2 0.81748
2 0 0 0.824712
3 0 2524 1.00013
6 0 0 0.930476
7 0 0 0.969888

3
1 1 1 0.883842
2 0 0 1.07629
3 0 0 0.850488

3
1 1 2 0.749987
2 0 0 0.758126
3 0 0 0.995769

3
1 1 2 0.808473
2 0 0 0.833799
3 0 0 0.884391

1
1 0 0 0.822266

5
1 3 2637 0.970088
2 2 1 0.92432
4 0 0 0.959424
5 0 0 0.914593
3 0 0 0.882075

3
1 2 4 0.992786
2 0 0 0.96968
3 0 0 1.02429

3
1 3 248 0.893397
2 0 0 0.992491
3 0 0 0.886828

1
1 0 0 0.941569

3
1 0 4162 0.893544
2 0 0 0.908929
3 0 0 0.85267

3
1 1 2 0.807563
2 0 0 0.800243
3 0 0 0.898328

3
1 3 420 0.874524
2 0 0 0.955002
3 0 0 0.942172

3
1 1 1 0.832172
2 0 0 1.07812
3 0 0 0.748401

3
1 1 1 0.852497
2 0 0 1.00462
3 0 0 0.810572

1
1 0 0 0.776526

5
1 0 2488 0.918197
2 3 1978 1.04915
4 0 0 0.929238
5 0 0 1.11354
3 0 0 0.813022

3
1 1 1 0.845799
2 0 0 1.05197
3 0 0 0.686087

3
1 0 7147 0.891085
2 0 0 0.952694
3 0 0 0.901664

1
1 0 0 0.839203

3
1 0 9929 0.850482
2 0 0 0.86209
3 0 0 1.02796

1
1 0 0 0.901382

3
1 1 1 0.865093
2 0 0 0.981081
3 0 0 0.753427

3
1 3 4954 0.959885
2 0 0 0.970703
3 0 0 0.872329

1
1 0 0 0.853459

3
1 3 284 0.934023
2 0 0 0.886343
3 0 0 1.01822

1
1 0 0 0.855815

3
1 3 1772 0.888856
2 0 0 0.890685
3 0 0 0.902747

5
1 1 2 0.992161
2 0 0 0.945126
3 3 3260 1.05639
6 0 0 0.909399
7 0 0 1.11025

5
1 2 1 0.878257
2 0 4116 1.00282
4 0 0 0.914875
5 0 0 1.02963
3 0 0 0.844918

3
1 0 120 0.874606
2 0 0 0.884041
3 0 0 0.764813

3
1 2 1 0.856183
2 0 0 0.832214
3 0 0 0.854191

1
1 0 0 0.950633

3
1 1 2 0.914573
2 0 0 1.00711
3 0 0 0.960105

5
1 3 1931 0.976325
2 0 0 0.86571
3 2 4 1.01128
6 0 0 0.978509
7 0 0 0.942815

3
1 0 55 0.727515
2 0 0 0.933489
3 0 0 0.724766

3
1 2 2 0.824489
2 0 0 0.967872
3 0 0 0.945451

1
1 0 0 0.857893

3
1 3 2065 0.897193
2 0 0 0.922276
3 0 0 1.04045

5
1 0 40 0.924185
2 3 4192 1.10377
4 0 0 1.05043
5 0 0 0.967368
3 0 0 0.916442

5
1 0 1023 0.838925
2 0 223 0.99733
4 0 0 0.997147
5 0 0 1.04208
3 0 0 0.88381

3
1 0 9100 0.872942
2 0 0 0.986948
3 0 0 0.909094

3
1 3 1956 0.890199
2 0 0 0.92237
3 0 0 0.844644

3
1 1 2 0.900288
2 0 0 0.950431
3 0 0 0.963404

3
1 1 2 0.916289
2 0 0 0.843722
3 0 0 0.972079

3
1 0 2439 0.833692
2 0 0 0.912352
3 0 0 0.840682

5
1 1 1 0.863646
2 0 0 1.0555
3 0 9989 0.773178
6 0 0 0.736048
7 0 0 1.03488

3
1 1 2 0.898648
2 0 0 0.896371
3 0 0 0.95733

3
1 3 1127 0.907186
2 0 0 0.908935
3 0 0 0.88843

9
1 0 6552 0.829593
2 0 2917 0.958089
4 0 0 0.879837
5 0 0 1.07046
3 3 2872 0.92578
6 0 0 0.919279
7 2 4 0.919369
14 0 0 0.887279
15 0 0 1.05688

3
1 2 4 0.765456
2 0 0 0.78731
3 0 0 0.942225

3
1 1 1 0.9009
2 0 0 0.988898
3 0 0 0.79578

5
1 0 1462 0.825326
2 0 0 0.874293
3 3 374 0.841872
6 0 0 0.864942
7 0 0 0.812577

3
1 0 3545 0.861775
2 0 0 0.933357
3 0 0 0.770809

3
1 3 40 0.711576
2 0 0 1.04686
3 0 0 0.774934

3
1 1 1 0.850417
2 0 0 1.06897
3 0 0 0.819465

3
1 3 152 0.714152
2 0 0 0.987169
3 0 0 0.736305

3
1 1 1 0.859772
2 0 0 0.913082
3 0 0 0.849425

5
1 1 2 0.795824
2 3 5340 0.801571
4 0 0 0.829336
5 0 0 0.90757
3 0 0 0.982756

3
1 3 5333 0.735323
2 0 0 0.748202
3 0 0 1.23488

3
1 1 1 0.813071
2 0 0 0.886796
3 0 0 0.798344

3
1 3 1837 0.830339
2 0 0 0.909473
3 0 0 0.852704

3
1 0 2205 0.821539
2 0 0 0.911036
3 0 0 0.78078

3
1 3 4866 0.815102
2 0 0 0.85971
3 0 0 1.00337

1
1 0 0 0.801242

1
1 0 0 0.737725

1
1 0 0 0.81022

3
1 1 1 0.941917
2 0 0 0.975335
3 0 0 0.991715

7
1 3 4796 0.898998
2 0 0 0.814416
3 3 5012 0.910895
6 3 4941 0.98311
12 0 0 0.939282
13 0 0 0.935466
7 0 0 0.820745

3
1 1 2 0.936937
2 0 0 0.751591
3 0 0 1.1128

1
1 0 0 0.757331

1
1 0 0 0.753179

1
1 0 0 0.767079

3
1 1 1 0.904333
2 0 0 1.02102
3 0 0 0.942087

3
1 2 4 0.978601
2 0 0 0.91449
3 0 0 1.05963

5
1 1 1 0.969804
2 0 4882 0.925325
4 0 0 0.898943
5 0 0 1.00257
3 0 0 0.873325

1
1 0 0 0.855491

3
1 1 2 0.93039
2 0 0 0.947105
3 0 0 0.819219

5
1 1 1 0.866728
2 3 3968 0.994718
4 0 0 1.08937
5 0 0 0.993468
3 0 0 0.795839

3
1 2 1 0.954652
2 0 0 1.00401
3 0 0 0.909274

5
1 2 1 0.916799
2 0 0 0.822632
3 2 2 0.988815
6 0 0 0.962203
7 0 0 1.01721

5
1 0 823 0.882293
2 0 49 0.875581
4 0 0 1.00293
5 0 0 0.997586
3 0 0 0.860831

3
1 1 2 0.949498
2 0 0 0.879601
3 0 0 1.00294

5
1 1 1 0.929172
2 3 2479 0.957718
4 0 0 1.02355
5 0 0 0.914187
3 0 0 0.874527

1
1 0 0 0.815221

3
1 3 135 0.773406
2 0 0 1.11305
3 0 0 0.790596

3
1 1 1 0.874847
2 0 0 1.00946
3 0 0 0.806262

5
1 1 1 0.786872
2 3 2910 0.991712
4 0 0 1.20012
5 0 0 1.00855
3 0 0 0.846063

3
1 0 9570 0.857992
2 0 0 1.03518
3 0 0 0.987414

1
1 0 0 0.762693

5
1 2 3 0.847328
2 0 0 0.915294
3 2 4 0.939983
6 0 0 1.17256
7 0 0 0.935783

3
1 3 1885 0.92259
2 0 0 0.924574
3 0 0 0.850196

3
1 2 3 0.817491
2 0 0 0.956692
3 0 0 0.908683

3
1 2 2 0.784243
2 0 0 0.806078
3 0 0 0.801699

3
1 0 10 0.825614
2 0 0 1.06869
3 0 0 0.802829

5
1 1 2 0.882483
2 0 0 0.908024
3 0 9407 1.0805
6 0 0 1.06602
7 0 0 0.9239

3
1 1 1 0.886891
2 0 0 0.916407
3 0 0 0.885139

3
1 1 2 0.905291
2 0 0 0.825077
3 0 0 1.06783

3
1 2 3 0.829617
2 0 0 0.792256
3 0 0 0.889684

1
1 0 0 0.756856

5
1 0 41 0.726002
2 0 0 0.938356
3 1 1 0.865989
6 0 0 1.00537
7 0 0 0.815734

3
1 3 3202 0.891734
2 0 0 0.984165
3 0 0 0.954835

3
1 1 1 0.883842
2 0 0 1.0976
3 0 0 0.743541

1
1 0 0 0.83262

1
1 0 0 0.759933

3
1 3 5090 0.812394
2 0 0 0.845583
3 0 0 0.978351

3
1 0 5154 0.87044
2 0 0 0.90796
3 0 0 0.945291

3
1 2 2 0.832983
2 0 0 0.789931
3 0 0 0.850925

3
1 1 1 0.806715
2 0 0 0.89602
3 0 0 0.741535

3
1 2 1 0.852769
2 0 0 1.03395
3 0 0 0.872529

3
1 0 350 0.765771
2 0 0 0.940358
3 0 0 0.723091

5
1 1 2 0.807563
2 0 0 0.8205
3 2 4 0.935197
6 0 0 0.924642
7 0 0 0.96073

3
1 1 2 0.88162
2 0 0 0.932999
3 0 0 0.924946

3
1 0 2471 0.913967
2 0 0 0.921057
3 0 0 0.883556

5
1 1 1 0.965421
2 0 0 1.07314
3 0 3403 0.873033
6 0 0 0.922158
7 0 0 0.861283

5
1 3 5153 0.765358
2 0 0 0.940499
3 3 5269 1.04116
6 0 0 0.962412
7 0 0 0.850772

5
1 1 1 0.841533
2 2 2 1.06178
4 0 0 1.06726
5 0 0 1.16108
3 0 0 0.861778

1
1 0 0 0.80035

3
1 1 1 0.835241
2 0 0 1.05401
3 0 0 0.811941

3
1 3 2012 0.884328
2 0 0 0.93208
3 0 0 0.840254

3
1 3 4912 0.921107
2 0 0 0.941135
3 0 0 0.978394

3
1 1 2 0.977054
2 0 0 0.974048
3 0 0 0.965113

3
1 1 1 0.865093
2 0 0 0.923502
3 0 0 0.835284

3
1 3 3768 0.822576
2 0 0 0.805932
3 0 0 0.843366

3
1 3 5061 0.754108
2 0 0 0.924904
3 0 0 0.887779

3
1 0 597 0.701259
2 0 0 0.850827
3 0 0 0.712753

3
1 3 5267 0.827444
2 0 0 0.830464
3 0 0 0.91997

3
1 3 1666 0.889155
2 0 0 0.881655
3 0 0 0.81964

3
1 1 1 0.808761
2 0 0 0.932539
3 0 0 0.777667

3
1 1 2 0.89563
2 0 0 0.810843
3 0 0 0.925505

3
1 1 1 0.933294
2 0 0 1.06683
3 0 0 0.801741

3
1 1 2 0.833878
2 0 0 0.80867
3 0 0 1.16933

5
1 0 570 0.972877
2 3 2776 1.07568
4 0 0 0.896549
5 0 0 0.914836
3 0 0 0.961759

5
1 2 3 0.87452
2 1 1 0.901268
4 0 0 1.05641
5 0 0 0.942512
3 0 0 0.987523

3
1 1 1 0.936896
2 0 0 0.952114
3 0 0 0.772186

3
1 1 1 0.810657
2 0 0 1.11162
3 0 0 0.859878

3
1 3 284 0.814313
2 0 0 1.03748
3 0 0 0.797527

3
1 2 2 0.942189
2 0 0 1.00959
3 0 0 0.854852

3
1 3 1325 0.998377
2 0 0 0.971712
3 0 0 0.829646

3
1 0 8929 0.892815
2 0 0 0.901705
3 0 0 0.805911

3
1 3 107 0.874582
2 0 0 1.02037
3 0 0 0.828307

5
1 3 1777 1.00904
2 0 0 0.91072
3 0 700 1.07859
6 0 0 1.11204
7 0 0 0.887347

3
1 1 2 0.863902
2 0 0 0.926724
3 0 0 1.14941

5
1 0 498 0.871528
2 0 61 0.961428
4 0 0 0.928402
5 0 0 1.0223
3 0 0 0.962204

3
1 3 4838 0.951763
2 0 0 0.84209
3 0 0 0.973488

3
1 3 4343 0.909052
2 0 0 0.931387
3 0 0 0.886437

7
1 3 3755 0.861469
2 0 0 0.986711
3 1 1 0.820776
6 0 766 0.954439
12 0 0 0.981396
13 0 0 1.02073
7 0 0 0.805997

5
1 3 2831 0.887126
2 0 0 1.00531
3 0 3858 0.852251
6 0 0 1.03191
7 0 0 0.881355

3
1 1 1 0.851756
2 0 0 0.988608
3 0 0 0.945696

5
1 3 2954 0.989577
2 0 2656 0.934325
4 0 0 0.962936
5 0 0 0.965165
3 0 0 0.888318

3
1 3 441 0.943577
2 0 0 1.02065
3 0 0 1.00462

3
1 3 1674 0.907397
2 0 0 0.980203
3 0 0 0.834188

3
1 1 1 0.792171
2 0 0 1.05456
3 0 0 0.801647

3
1 3 2082 0.857602
2 0 0 0.846035
3 0 0 0.971147

1
1 0 0 0.821863

3
1 1 2 0.86585
2 0 0 0.735375
3 0 0 1.05243

1
1 0 0 0.676004

3
1 1 1 0.859772
2 0 0 1.09834
3 0 0 0.697255

3
1 1 2 0.895831
2 0 0 0.870521
3 0 0 1.00914

5
1 1 2 0.792941
2 0 0 0.797765
3 3 3241 1.03902
6 0 0 0.889703
7 0 0 1.00311

3
1 1 1 0.813071
2 0 0 0.919678
3 0 0 0.777629

3
1 3 1725 0.801118
2 0 0 0.991373
3 0 0 0.84975

3
1 1 1 0.902303
2 0 0 1.11238
3 0 0 0.749678

1
1 0 0 0.853259

1
1 0 0 0.710615

3
1 3 5225 0.777516
2 0 0 0.798707
3 0 0 0.91248

1
1 0 0 0.770284

3
1 1 1 0.941917
2 0 0 0.971886
3 0 0 0.698711

1
1 0 0 0.81039

3
1 1 2 0.936937
2 0 0 0.818208
3 0 0 1.11288

3
1 3 3908 0.799567
2 0 0 1.01426
3 0 0 0.82517

1
1 0 0 0.770918

5
1 0 246 0.773826
2 0 57 0.930509
4 0 0 1.12052
5 0 0 0.946722
3 0 0 0.738285

1
1 0 0 0.870458

1
1 0 0 0.853766

3
1 1 1 0.969804
2 0 0 0.927437
3 0 0 0.863492

1
1 0 0 0.803285

7
1 0 4753 0.969044
2 3 3758 0.828521
4 0 0 0.797646
5 0 0 0.960943
3 0 8480 1.04205
6 0 0 1.01981
7 0 0 0.985581

3
1 1 2 0.866493
2 0 0 0.757595
3 0 0 0.987317

3
1 1 1 1.02808
2 0 0 1.08187
3 0 0 0.822847

3
1 0 1277 0.867173
2 0 0 1.10435
3 0 0 0.792872

7
1 1 2 0.894839
2 2 4 0.910562
4 0 0 0.937655
5 0 0 0.858233
3 2 3 1.00646
6 0 0 1.08479
7 0 0 1.00758

1
1 0 0 0.760344

3
1 1 1 0.978056
2 0 0 0.983346
3 0 0 0.93099

3
1 3 3312 0.946445
2 0 0 0.919863
3 0 0 0.852849

3
1 1 1 0.853627
2 0 0 1.03282
3 0 0 0.781531

1
1 0 0 0.872226

3
1 1 1 0.786872
2 0 0 1.07996
3 0 0 0.832908

3
1 0 5167 0.823613
2 0 0 1.01887
3 0 0 0.948721

1
1 0 0 0.904849

3
1 2 4 0.877774
2 0 0 0.879695
3 0 0 0.879342

1
1 0 0 0.816211

3
1 3 5057 0.883487
2 0 0 0.882122
3 0 0 0.952258

3
1 3 1745 0.841626
2 0 0 0.918916
3 0 0 0.821783

5
1 1 1 0.84543
2 0 8938 1.00385
4 0 0 1.00519
5 0 0 0.932967
3 0 0 0.681179

1
1 0 0 0.903376

3
1 2 3 0.936814
2 0 0 0.884807
3 0 0 1.01836

5
1 0 9606 0.869108
2 0 7541 0.966917
4 0 0 0.968165
5 0 0 0.937317
3 0 0 0.959863

3
1 0 8908 0.910058
2 0 0 0.966278
3 0 0 1.03402

7
1 1 1 0.863995
2 3 2309 0.947328
4 0 3486 1.00348
8 0 0 1.00674
9 0 0 0.978273
5 0 0 1.02213
3 0 0 0.761997

5
1 1 1 0.857082
2 2 2 0.929102
4 0 0 1.07587
5 0 0 0.906034
3 0 0 0.702112

1
1 0 0 0.830882

7
1 1 1 0.922136
2 0 0 0.978621
3 0 2760 0.889454
6 2 2 0.985289
12 0 0 0.895901
13 0 0 0.970134
7 0 0 0.91368

1
1 0 0 0.893111

5
1 1 2 0.788424
2 0 0 0.843017
3 0 1009 1.00997
6 0 0 0.954918
7 0 0 1.03976

3
1 3 136 0.788216
2 0 0 1.20947
3 0 0 0.796744

3
1 0 1481 0.911884
2 0 0 0.974747
3 0 0 0.922886

1
1 0 0 0.755207

5
1 3 2090 0.878211
2 0 0 0.921184
3 2 4 0.84272
6 0 0 0.921126
7 0 0 1.12993

3
1 3 3497 0.834657
2 0 0 0.773267
3 0 0 0.865036

3
1 3 16 0.787969
2 0 0 1.02294
3 0 0 0.806565

3
1 3 3175 0.879723
2 0 0 0.96857
3 0 0 0.753454

5
1 3 5281 0.710253
2 1 1 0.821333
4 0 0 0.836838
5 0 0 0.752906
3 0 0 0.998065

1
1 0 0 0.732734

3
1 0 6593 0.836165
2 0 0 0.88085
3 0 0 0.81303

11
1 0 7565 0.855339
2 0 0 0.929424
3 2 2 0.921678
6 0 0 0.932941
7 1 1 0.859042
14 0 0 0.970727
15 0 8706 0.866214
30 0 0 0.854827
31 1 2 0.923604
62 0 0 1.02175
63 0 0 1.01283

3
1 1 1 0.841533
2 0 0 1.00405
3 0 0 0.746313

1
1 0 0 0.860185

3
1 1 1 0.835241
2 0 0 0.985537
3 0 0 0.909143

3
1 2 4 0.849759
2 0 0 0.870182
3 0 0 0.957905

5
1 3 53 0.874828
2 0 0 1.02338
3 1 1 0.896253
6 0 0 0.888694
7 0 0 0.893993

1
1 0 0 0.897122

3
1 1 1 0.865093
2 0 0 0.968382
3 0 0 0.812579

5
1 2 3 0.953087
2 1 2 0.982029
4 0 0 0.981429
5 0 0 1.0405
3 0 0 1.05297

5
1 3 432 0.884949
2 3 376 0.997444
4 0 0 0.888065
5 0 0 0.945481
3 0 0 0.904015

1
1 0 0 0.844546

1
1 0 0 0.958504

3
1 1 1 0.925344
2 0 0 1.05839
3 0 0 0.853264

3
1 3 3006 0.863988
2 0 0 1.00556
3 0 0 0.828512

3
1 1 1 0.846024
2 0 0 0.937286
3 0 0 0.831068

3
1 1 1 0.933294
2 0 0 1.04553
3 0 0 0.830421

1
1 0 0 0.778605

3
1 0 1508 0.781796
2 0 0 0.983484
3 0 0 0.727499

3
1 1 1 0.957562
2 0 0 0.934276
3 0 0 0.83146

3
1 1 2 0.942324
2 0 0 0.776169
3 0 0 1.03007

1
1 0 0 0.767806

3
1 0 268 0.902035
2 0 0 0.926054
3 0 0 0.85943

3
1 1 1 0.887849
2 0 0 1.06955
3 0 0 0.835549

3
1 1 2 0.930517
2 0 0 0.880561
3 0 0 1.03097

5
1 3 646 0.890424
2 0 0 0.988767
3 0 5696 1.01487
6 0 0 1.05332
7 0 0 0.891136

1
1 0 0 0.853744

1
1 0 0 0.800094

3
1 1 1 0.858901
2 0 0 0.990849
3 0 0 0.715531

1
1 0 0 0.820833

3
1 2 1 0.923821
2 0 0 0.93365
3 0 0 0.800606

3
1 0 374 0.848737
2 0 0 1.0209
3 0 0 0.89953

5
1 1 1 0.836052
2 3 111 1.00889
4 0 0 1.05319
5 0 0 1.0744
3 0 0 1.00967

3
1 3 4570 0.936782
2 0 0 0.848545
3 0 0 0.91413

7
1 1 2 0.914407
2 0 0 1.01478
3 3 1658 0.95506
6 0 8785 1.07208
12 0 0 1.07506
13 0 0 0.949028
7 0 0 0.907153

5
1 3 4607 1.05939
2 1 1 0.892771
4 0 0 1.14599
5 0 0 0.909981
3 0 0 0.903217

7
1 1 1 0.927614
2 2 3 0.947034
4 0 0 0.928526
5 2 4 0.920784
10 0 0 0.952024
11 0 0 0.895656
3 0 0 0.929477

5
1 1 2 0.906072
2 0 0 0.797041
3 3 3402 1.0467
6 0 0 1.13524
7 0 0 0.977343

3
1 0 5319 0.897319
2 0 0 0.901784
3 0 0 0.853294

3
1 3 1692 1.0253
2 0 0 0.891693
3 0 0 0.896962

3
1 0 9395 0.945438
2 0 0 1.10535
3 0 0 0.796026

5
1 1 2 0.86585
2 0 0 0.89895
3 0 5349 0.928514
6 0 0 1.02912
7 0 0 1.00183

5
1 2 1 0.812458
2 3 2245 0.939168
4 0 0 0.98924
5 0 0 0.916022
3 0 0 0.880426

3
1 0 2299 0.892617
2 0 0 1.0025
3 0 0 0.965713

3
1 0 136 0.766084
2 0 0 1.0183
3 0 0 0.862966

3
1 2 1 0.976029
2 0 0 1.10386
3 0 0 0.960756

3
1 3 4483 0.916543
2 0 0 0.99275
3 0 0 0.844989

3
1 0 4882 0.969211
2 0 0 0.991246
3 0 0 0.908185

3
1 0 5508 0.912051
2 0 0 0.943221
3 0 0 0.926609

3
1 1 2 0.877788
2 0 0 0.893136
3 0 0 1.01277

3
1 3 5157 0.821436
2 0 0 0.852583
3 0 0 0.952782

3
1 1 1 0.869137
2 0 0 1.02688
3 0 0 0.832699

5
1 2 4 0.896072
2 0 0 0.838493
3 3 3450 1.04974
6 0 0 0.874167
7 0 0 1.0594

1
1 0 0 0.820277

3
1 3 2768 0.88591
2 0 0 1.00881
3 0 0 0.841369

3
1 1 1 0.831813
2 0 0 1.07165
3 0 0 0.772264

1
1 0 0 0.689132

3
1 1 2 0.823712
2 0 0 0.737362
3 0 0 0.983993

1
1 0 0 0.757162

1
1 0 0 0.854402

1
1 0 0 0.736385

3
1 0 1066 0.900015
2 0 0 1.04786
3 0 0 0.845246

5
1 0 8460 0.823926
2 3 4993 0.910711
4 0 0 0.891314
5 0 0 1.09945
3 0 0 0.839651

3
1 1 2 0.858098
2 0 0 0.83093
3 0 0 0.901303

5
1 2 3 0.844904
2 3 1158 0.912486
4 0 0 0.983096
5 0 0 0.937429
3 0 0 0.918174

1
1 0 0 0.834405

3
1 0 240 0.800554
2 0 0 1.12909
3 0 0 0.734717

1
1 0 0 0.88472

3
1 3 2248 0.950644
2 0 0 0.968699
3 0 0 0.917639

3
1 3 5137 0.852793
2 0 0 0.817968
3 0 0 1.03348

3
1 0 7105 0.895369
2 0 0 0.89387
3 0 0 0.868694

1
1 0 0 0.829588

5
1 1 1 0.82992
2 0 6158 1.00817
4 0 0 1.02813
5 0 0 1.07392
3 0 0 0.886169

3
1 0 6564 0.855588
2 0 0 0.88291
3 0 0 0.798912

5
1 2 1 0.851816
2 0 6571 0.932411
4 0 0 0.896256
5 0 0 0.910288
3 0 0 0.874327

5
1 1 1 0.851273
2 0 0 0.890279
3 2 4 0.819233
6 0 0 0.839605
7 0 0 0.819821

1
1 0 0 0.788673

3
1 2 3 0.893722
2 0 0 0.825155
3 0 0 0.975459

3
1 1 2 0.970784
2 0 0 0.815296
3 0 0 0.964152

1
1 0 0 0.952908

3
1 0 9203 0.846641
2 0 0 0.943958
3 0 0 0.889479

3
1 1 2 0.81777
2 0 0 0.754233
3 0 0 0.991817

3
1 1 1 0.819229
2 0 0 1.04926
3 0 0 0.904052

3
1 1 1 1.00297
2 0 0 0.992173
3 0 0 0.812009

3
1 3 5139 0.806705
2 0 0 0.902206
3 0 0 0.9095

3
1 1 1 0.863995
2 0 0 1.05504
3 0 0 0.684256

3
1 1 1 0.857082
2 0 0 0.982084
3 0 0 0.766616

3
1 1 1 0.827735
2 0 0 1.18531
3 0 0 0.88936

3
1 0 6148 0.896328
2 0 0 0.950788
3 0 0 0.892314

3
1 2 4 0.88947
2 0 0 0.859621
3 0 0 0.930686

3
1 3 1606 0.902729
2 0 0 0.9914
3 0 0 0.870583

3
1 0 6393 0.947643
2 0 0 0.934901
3 0 0 0.867633

1
1 0 0 0.825527

3
1 3 72 0.79431
2 0 0 0.909071
3 0 0 0.816666

3
1 0 3583 0.858024
2 0 0 0.846847
3 0 0 0.86715

3
1 1 1 0.874432
2 0 0 1.02437
3 0 0 0.922682

1
1 0 0 0.894332

5
1 3 377 0.830876
2 0 5362 0.995125
4 0 0 1.00462
5 0 0 1.01517
3 0 0 0.883651

3
1 0 423 0.755253
2 0 0 1.07913
3 0 0 0.73446

5
1 0 9392 0.925072
2 0 0 0.94225
3 0 9837 0.994653
6 0 0 1.00441
7 0 0 0.976917

1
1 0 0 0.837129

3
1 0 8301 0.81482
2 0 0 0.841646
3 0 0 0.889626

5
1 0 2649 0.884202
2 0 0 0.951225
3 3 101 0.80361
6 0 0 0.94416
7 0 0 0.798645

3
1 1 1 0.850547
2 0 0 1.01563
3 0 0 0.818152

3
1 0 1869 0.945151
2 0 0 0.935776
3 0 0 0.922344

1
1 0 0 0.72476

1
1 0 0 0.765114

3
1 1 2 0.905903
2 0 0 0.780314
3 0 0 0.944236

3
1 3 178 0.885277
2 0 0 0.907695
3 0 0 0.773827

3
1 1 1 0.902075
2 0 0 0.950813
3 0 0 0.842243

9
1 0 5796 0.954269
2 3 3588 0.936466
4 0 0 0.915488
5 2 4 0.914117
10 0 2998 0.970019
20 0 0 0.934953
21 0 0 0.978805
11 0 0 0.932489
3 0 0 1.02272

3
1 1 1 0.857009
2 0 0 0.979487
3 0 0 0.797551

3
1 1 1 0.845012
2 0 0 1.09293
3 0 0 0.81873

3
1 0 278 0.831812
2 0 0 1.0831
3 0 0 0.847868

3
1 1 2 0.919073
2 0 0 0.828726
3 0 0 0.912019

3
1 1 1 0.956048
2 0 0 1.07374
3 0 0 0.836333

5
1 3 1172 0.846419
2 0 0 1.00235
3 3 2814 0.936811
6 0 0 0.966892
7 0 0 0.887224

3
1 1 1 0.912831
2 0 0 0.945914
3 0 0 0.803138

5
1 3 977 0.881407
2 0 0 0.882985
3 3 4188 0.967723
6 0 0 1.06
7 0 0 0.862269

3
1 0 3208 0.935966
2 0 0 0.957744
3 0 0 0.942302

1
1 0 0 0.841542

3
1 0 7507 0.885986
2 0 0 0.87589
3 0 0 0.92205

3
1 1 1 0.962293
2 0 0 1.06354
3 0 0 0.989382

3
1 1 1 0.887849
2 0 0 0.849855
3 0 0 0.775455

1
1 0 0 0.794035

3
1 1 1 0.829564
2 0 0 1.00487
3 0 0 0.756541

7
1 1 1 0.870184
2 0 812 0.995496
4 0 0 1.03039
5 0 0 0.993507
3 1 2 0.980964
6 0 0 0.845873
7 0 0 1.10109

1
1 0 0 0.752976

5
1 3 4608 0.907373
2 0 0 0.879333
3 2 3 1.08147
6 0 0 0.972068
7 0 0 0.953501

3
1 0 1080 0.892369
2 0 0 0.924672
3 0 0 0.855219

3
1 3 249 0.81899
2 0 0 0.998809
3 0 0 0.849674

3
1 1 1 0.83976
2 0 0 1.0023
3 0 0 0.751625

3
1 0 316 0.889436
2 0 0 1.0165
3 0 0 0.723767

3
1 0 2323 0.849249
2 0 0 0.827766
3 0 0 0.852428

1
1 0 0 0.855073

5
1 1 2 0.883696
2 0 0 0.854293
3 3 1918 0.953144
6 0 0 0.899657
7 0 0 1.05491

5
1 1 2 0.859725
2 0 2817 0.866035
4 0 0 0.995949
5 0 0 0.915772
3 0 0 0.949881

3
1 1 1 0.805091
2 0 0 0.880084
3 0 0 0.737622

3
1 0 1987 0.890127
2 0 0 0.988581
3 0 0 0.862474

3
1 3 3211 0.944401
2 0 0 0.995723
3 0 0 0.811052

5
1 1 1 1.00076
2 0 0 0.914845
3 1 2 1.01398
6 0 0 0.992545
7 0 0 1.04936

3
1 1 2 0.86585
2 0 0 0.858501
3 0 0 1.12344

5
1 2 3 0.965993
2 3 2776 1.05175
4 0 0 0.968471
5 0 0 0.988388
3 0 0 0.838299

3
1 3 61 0.83456
2 0 0 0.976374
3 0 0 0.871872

7
1 3 3862 0.912544
2 1 1 0.996118
4 0 0 0.98758
5 0 0 0.828835
3 2 3 0.90517
6 0 0 0.963947
7 0 0 0.892558

3
1 2 2 0.908333
2 0 0 0.872095
3 0 0 0.88205

5
1 0 1949 0.947018
2 0 0 0.956378
3 0 8284 1.00371
6 0 0 1.05296
7 0 0 0.924395

3
1 2 3 0.932196
2 0 0 0.931978
3 0 0 0.954249

5
1 1 2 0.887791
2 0 0 0.783505
3 2 3 1.05051
6 0 0 1.01584
7 0 0 0.99436

3
1 3 4077 1.02932
2 0 0 1.08611
3 0 0 1.03041

3
1 1 1 0.941963
2 0 0 1.11444
3 0 0 0.88615

3
1 0 6240 0.889183
2 0 0 0.915902
3 0 0 0.885098

3
1 1 2 0.816469
2 0 0 0.753316
3 0 0 0.99648

3
1 0 7776 0.928092
2 0 0 0.914419
3 0 0 0.973942

3
1 0 5874 0.937428
2 0 0 0.951381
3 0 0 0.928173

3
1 1 1 0.831813
2 0 0 0.987647
3 0 0 0.900824

1
1 0 0 0.875067

5
1 2 2 0.82649
2 1 1 0.859491
4 0 0 0.956729
5 0 0 0.95218
3 0 0 0.913081

3
1 3 181 0.859759
2 0 0 1.01627
3 0 0 0.826136

3
1 3 5391 0.844219
2 0 0 0.851384
3 0 0 1.0811

3
1 0 1011 0.832345
2 0 0 1.11605
3 0 0 0.875002

1
1 0 0 0.654205

5
1 3 5382 0.742979
2 0 317 0.672951
4 0 0 0.935026
5 0 0 0.706294
3 0 0 1.01318

1
1 0 0 0.791881

3
1 1 2 0.801923
2 0 0 0.873405
3 0 0 0.94022

3
1 0 8022 0.951638
2 0 0 0.898348
3 0 0 1.00821

5
1 1 1 0.874375
2 3 2059 1.06895
4 0 0 1.15035
5 0 0 1.01709
3 0 0 0.834255

1
1 0 0 0.819486

1
1 0 0 0.803362

1
1 0 0 0.759493

3
1 1 1 0.833043
2 0 0 1.10078
3 0 0 0.880179

3
1 3 34 0.886464
2 0 0 1.16197
3 0 0 0.838116

3
1 0 6585 0.927565
2 0 0 1.06214
3 0 0 0.890979

3
1 0 19 0.786588
2 0 0 1.00086
3 0 0 0.777573

3
1 0 1121 0.874675
2 0 0 0.961245
3 0 0 0.827446

3
1 1 1 0.873148
2 0 0 0.954383
3 0 0 0.850426

3
1 3 245 0.871127
2 0 0 0.931202
3 0 0 0.884676

3
1 3 2613 0.8415
2 0 0 0.970869
3 0 0 0.844713

7
1 1 2 0.902972
2 0 0 0.775265
3 0 3220 0.940991
6 0 0 1.04738
7 0 8939 1.03759
14 0 0 0.938787
15 0 0 1.02883

3
1 1 2 0.940106
2 0 0 0.900952
3 0 0 1.08788

3
1 0 7091 0.860256
2 0 0 0.933244
3 0 0 0.815735

3
1 1 1 0.831198
2 0 0 0.870294
3 0 0 0.721229

5
1 0 4196 0.907245
2 0 0 0.994149
3 3 591 0.905404
6 0 0 0.966568
7 0 0 0.885427

3
1 2 3 0.863638
2 0 0 0.847561
3 0 0 0.936156

1
1 0 0 0.81119

5
1 3 693 0.992213
2 1 1 0.963226
4 0 0 0.982897
5 0 0 1.01604
3 0 0 0.903948

3
1 1 1 0.815885
2 0 0 1.08594
3 0 0 0.866459

1
1 0 0 0.920421

3
1 3 5300 0.788678
2 0 0 0.776003
3 0 0 0.924099

3
1 1 1 0.823558
2 0 0 0.866615
3 0 0 0.821184

3
1 2 1 0.800315
2 0 0 0.855797
3 0 0 0.773664

3
1 0 6607 0.954344
2 0 0 0.974676
3 0 0 0.955211

3
1 1 1 0.915132
2 0 0 0.987343
3 0 0 0.831196

3
1 3 3694 0.891057
2 0 0 0.981085
3 0 0 0.861245

3
1 3 5336 0.879206
2 0 0 0.869132
3 0 0 0.986078

3
1 1 1 0.799353
2 0 0 0.900655
3 0 0 0.789654

3
1 1 2 0.889869
2 0 0 0.883637
3 0 0 0.910496

3
1 1 1 0.85845
2 0 0 0.926027
3 0 0 0.831501

5
1 0 7732 0.978266
2 3 4294 0.923182
4 0 0 0.957313
5 0 0 1.10761
3 0 0 0.921815

3
1 1 1 0.835385
2 0 0 1.02592
3 0 0 0.881511

5
1 0 1443 0.900977
2 0 391 0.996179
4 0 0 0.944659
5 0 0 0.920157
3 0 0 0.840972

3
1 1 2 0.843387
2 0 0 0.869979
3 0 0 1.01507

1
1 0 0 0.766203

3
1 1 1 0.912229
2 0 0 1.11725
3 0 0 0.780376

1
1 0 0 0.843594

3
1 0 390 0.852196
2 0 0 0.964797
3 0 0 0.835011

3
1 1 1 0.856311
2 0 0 1.07997
3 0 0 0.774349

1
1 0 0 0.736032

5
1 3 2705 0.899256
2 0 0 1.04211
3 2 4 0.963146
6 0 0 0.890039
7 0 0 1.11612

3
1 3 705 0.820274
2 0 0 0.969768
3 0 0 0.815402

1
1 0 0 0.733849

3
1 3 2597 0.876555
2 0 0 0.905034
3 0 0 0.885388

3
1 1 1 0.845012
2 0 0 0.985346
3 0 0 0.842926

1
1 0 0 0.730662

3
1 2 3 0.984504
2 0 0 0.869081
3 0 0 0.971704

5
1 3 882 0.889866
2 0 0 0.851855
3 1 2 0.882684
6 0 0 0.955515
7 0 0 1.0335

3
1 3 2363 0.903163
2 0 0 0.910656
3 0 0 0.876739

3
1 1 1 0.912831
2 0 0 0.892012
3 0 0 0.790919

5
1 1 1 0.987214
2 2 1 1.0303
4 0 0 1.07217
5 0 0 1.09895
3 0 0 0.770183

3
1 0 9770 0.855459
2 0 0 0.864237
3 0 0 1.05345

3
1 1 2 0.899354
2 0 0 0.906375
3 0 0 0.912184

1
1 0 0 0.880747

3
1 0 7878 0.953445
2 0 0 0.847933
3 0 0 0.966808

3
1 1 2 0.803075
2 0 0 0.938515
3 0 0 1.09372

1
1 0 0 0.841057

5
1 3 658 0.869352
2 0 0 0.850986
3 1 1 0.903563
6 0 0 0.956132
7 0 0 0.806745

3
1 1 1 0.870184
2 0 0 1.16808
3 0 0 0.885064

3
1 3 3479 0.863048
2 0 0 0.881204
3 0 0 0.884437

5
1 2 3 0.914611
2 3 3591 0.894542
4 0 0 0.846069
5 0 0 0.935275
3 0 0 0.982237

5
1 3 1905 0.834191
2 3 464 1.00177
4 0 0 0.926022
5 0 0 1.06876
3 0 0 0.820171

3
1 0 1031 0.745923
2 0 0 0.968827
3 0 0 0.748489

3
1 3 1854 0.750183
2 0 0 0.839229
3 0 0 0.845901

3
1 1 2 0.869409
2 0 0 0.832009
3 0 0 0.884556

3
1 0 750 0.842271
2 0 0 1.01319
3 0 0 0.82957

3
1 1 1 0.806533
2 0 0 1.04973
3 0 0 0.749513

5
1 0 2994 0.869572
2 1 1 0.941717
4 0 0 0.93479
5 0 0 1.03127
3 0 0 0.849298

1
1 0 0 0.850522

3
1 3 2820 0.833839
2 0 0 0.968856
3 0 0 0.856263

1
1 0 0 0.783128

3
1 2 1 0.806108
2 0 0 0.901995
3 0 0 0.823742

1
1 0 0 0.698736

7
1 3 3671 0.939979
2 0 8053 0.957304
4 0 0 0.903526
5 0 0 0.939551
3 1 2 0.945939
6 0 0 0.93414
7 0 0 0.992265

3
1 1 2 0.935022
2 0 0 0.951498
3 0 0 1.06145

3
1 1 1 0.873285
2 0 0 0.987615
3 0 0 0.851102

3
1 1 1 0.909105
2 0 0 0.98636
3 0 0 0.721571

3
1 2 3 0.860507
2 0 0 0.906125
3 0 0 0.845599

1
1 0 0 0.825785

3
1 0 9509 0.932523
2 0 0 0.95313
3 0 0 0.934926

5
1 1 1 0.941106
2 0 0 1.06119
3 3 219 0.96228
6 0 0 1.05471
7 0 0 0.897665

5
1 3 3547 0.874257
2 0 0 0.857794
3 3 3796 0.949118
6 0 0 1.04299
7 0 0 0.931359

3
1 2 4 0.860103
2 0 0 0.900284
3 0 0 0.856523

7
1 1 2 0.940673
2 1 1 0.962073
4 3 617 0.903066
8 0 0 1.02273
9 0 0 0.942863
5 0 0 0.822114
3 0 0 1.0278

7
1 1 2 0.816469
2 0 0 0.855012
3 0 5757 0.961231
6 0 2703 0.984062
12 0 0 1.0569
13 0 0 0.961995
7 0 0 0.938874

3
1 2 1 0.885383
2 0 0 0.905486
3 0 0 0.827808

7
1 3 649 1.05255
2 0 0 0.914292
3 2 3 0.925888
6 0 0 0.956913
7 3 2254 0.936891
14 0 0 0.951159
15 0 0 0.973449

3
1 1 1 0.831813
2 0 0 1.12008
3 0 0 0.837912

3
1 3 3722 0.967882
2 0 0 0.966778
3 0 0 0.811206

3
1 2 2 0.919234
2 0 0 1.0114
3 0 0 0.976552

3
1 2 1 0.802765
2 0 0 0.900873
3 0 0 0.775087

5
1 0 4530 0.813213
2 0 2961 0.922249
4 0 0 1.01377
5 0 0 0.878207
3 0 0 0.862309

3
1 3 3412 0.894336
2 0 0 0.909759
3 0 0 0.872486

3
1 3 2634 0.919008
2 0 0 0.933714
3 0 0 0.871142

3
1 2 1 0.89973
2 0 0 0.917502
3 0 0 0.962525

3
1 2 4 0.897369
2 0 0 0.956576
3 0 0 1.01796

5
1 3 4420 0.891616
2 0 0 0.878316
3 0 98 0.963577
6 0 0 1.08748
7 0 0 0.912419

3
1 3 5079 0.982493
2 0 0 0.894045
3 0 0 1.09841

3
1 1 1 0.887072
2 0 0 1.01259
3 0 0 0.804106

3
1 1 2 0.810225
2 0 0 0.731041
3 0 0 0.910014

1
1 0 0 0.783037

3
1 1 1 0.862571
2 0 0 1.0435
3 0 0 0.621109

3
1 3 5357 0.803669
2 0 0 0.829963
3 0 0 1.13283

1
1 0 0 0.738067

1
1 0 0 0.842655

3
1 3 4562 0.856431
2 0 0 0.859235
3 0 0 0.885976

1
1 0 0 0.785768

3
1 1 1 0.902822
2 0 0 1.02799
3 0 0 0.785397

3
1 0 725 0.941505
2 0 0 1.00531
3 0 0 0.929837

5
1 1 1 0.856412
2 0 4984 1.02152
4 0 0 1.00197
5 0 0 0.933774
3 0 0 0.813133

3
1 1 2 0.902972
2 0 0 0.781005
3 0 0 0.98895

3
1 1 2 0.869887
2 0 0 0.794655
3 0 0 1.03398

3
1 0 246 0.80356
2 0 0 0.95069
3 0 0 0.893031

3
1 1 1 0.869099
2 0 0 0.944074
3 0 0 0.860259

3
1 1 1 0.901645
2 0 0 1.02707
3 0 0 0.82254

3
1 1 2 0.820785
2 0 0 0.85001
3 0 0 1.14957

1
1 0 0 0.802673

7
1 3 998 0.899423
2 0 0 0.897044
3 1 2 0.952628
6 0 1884 0.951031
12 0 0 1.0001
13 0 0 0.951858
7 0 0 1.10409

3
1 0 3089 0.875887
2 0 0 0.913276
3 0 0 0.921399

7
1 3 574 0.872205
2 1 2 0.925824
4 0 0 0.944446
5 0 0 0.947641
3 3 2714 0.885081
6 0 0 1.01797
7 0 0 0.807142

3
1 1 1 0.823108
2 0 0 0.826987
3 0 0 0.805118

3
1 1 1 0.904641
2 0 0 1.04031
3 0 0 0.84464

1
1 0 0 0.854111

3
1 1 1 0.867221
2 0 0 0.940831
3 0 0 0.800156

5
1 3 62 0.799081
2 0 4404 1.07368
4 0 0 1.189
5 0 0 0.987277
3 0 0 0.837094

3
1 0 41 0.917369
2 0 0 1.00616
3 0 0 0.828671

5
1 3 1483 0.838184
2 3 726 0.98986
4 0 0 1.08656
5 0 0 1.00749
3 0 0 0.851682

5
1 0 1139 0.852867
2 3 3750 1.00488
4 0 0 1.02847
5 0 0 1.01353
3 0 0 0.867783

1
1 0 0 0.78824

3
1 0 9365 0.89066
2 0 0 0.921115
3 0 0 1.06925

3
1 1 1 0.824186
2 0 0 1.0369
3 0 0 0.791356

5
1 3 1122 0.894257
2 0 0 0.919031
3 3 2315 0.857132
6 0 0 0.965434
7 0 0 0.933674

5
1 0 1969 0.949968
2 2 3 1.05316
4 0 0 1.11965
5 0 0 0.949423
3 0 0 0.956538

3
1 3 4622 0.933326
2 0 0 0.953864
3 0 0 0.857313

3
1 0 581 0.887079
2 0 0 0.918612
3 0 0 0.826717

1
1 0 0 0.927456

5
1 2 4 0.903378
2 3 3168 0.833187
4 0 0 0.982782
5 0 0 0.859712
3 0 0 0.861833

1
1 0 0 0.823978

3
1 1 1 0.856311
2 0 0 0.875071
3 0 0 0.841218

5
1 2 4 0.906224
2 0 0 0.885805
3 1 1 0.876811
6 0 0 0.968119
7 0 0 1.01252

5
1 3 5284 0.816191
2 0 0 0.767139
3 1 1 1.08652
6 0 0 1.13512
7 0 0 1.1047

3
1 1 1 0.860005
2 0 0 0.976296
3 0 0 0.673455

5
1 2 3 0.873672
2 0 0 0.792536
3 2 4 0.949215
6 0 0 0.962597
7 0 0 0.990189

5
1 0 828 0.853002
2 3 4893 1.00981
4 0 0 0.906305
5 0 0 0.87631
3 0 0 0.859564

1
1 0 0 0.869743

3
1 1 1 0.900926
2 0 0 0.913558
3 0 0 0.878236

3
1 1 2 0.870049
2 0 0 0.893992
3 0 0 0.907203

1
1 0 0 0.737631

1
1 0 0 0.779527

3
1 1 1 0.765856
2 0 0 0.910089
3 0 0 0.853793

3
1 1 1 0.987214
2 0 0 0.964526
3 0 0 0.913898

3
1 1 2 0.816427
2 0 0 0.904856
3 0 0 0.953045

3
1 0 398 0.78872
2 0 0 0.918847
3 0 0 0.76591

5
1 2 1 0.894866
2 0 0 0.886154
3 3 3260 0.886569
6 0 0 0.892669
7 0 0 0.899599

3
1 0 9231 0.938676
2 0 0 0.908505
3 0 0 1.00054

3
1 2 3 0.798716
2 0 0 0.803803
3 0 0 0.946005

5
1 0 3309 0.866282
2 2 2 1.01764
4 0 0 1.01669
5 0 0 1.00216
3 0 0 0.861756

3
1 2 4 0.838183
2 0 0 0.86293
3 0 0 0.945397

7
1 1 1 0.870184
2 2 1 0.979352
4 0 0 0.944127
5 3 325 1.00303
10 0 0 1.01583
11 0 0 1.02399
3 0 0 0.802715

3
1 0 213 0.904385
2 0 0 1.10713
3 0 0 0.858449

7
1 1 2 0.899986
2 0 0 0.915378
3 2 4 1.03124
6 3 80 1.05015
12 0 0 0.951705
13 0 0 1.01015
7 0 0 1.081

3
1 1 1 1.01971
2 0 0 1.16164
3 0 0 0.736623

3
1 1 1 0.889484
2 0 0 1.01201
3 0 0 0.786674

1
1 0 0 0.872015

1
1 0 0 0.868733

3
1 1 1 0.871777
2 0 0 0.921222
3 0 0 0.914906

1
1 0 0 0.905088

3
1 1 1 0.825273
2 0 0 0.84847
3 0 0 0.783174

3
1 1 1 0.884739
2 0 0 0.928851
3 0 0 0.762202

1
1 0 0 0.859661

3
1 0 2695 0.845824
2 0 0 0.909897
3 0 0 0.833747

5
1 1 2 0.877325
2 3 749 0.900997
4 0 0 0.976734
5 0 0 0.883428
3 0 0 0.938467

1
1 0 0 0.816397

1
1 0 0 0.76796

9
1 0 519 0.886118
2 3 1019 0.94141
4 0 0 0.963218
5 0 0 0.969043
3 0 3596 0.934246
6 1 1 0.944873
12 0 0 0.946282
13 0 0 0.950458
7 0 0 0.882681

3
1 3 180 0.834955
2 0 0 1.02404
3 0 0 0.79143

1
1 0 0 0.775954

3
1 3 2154 0.871843
2 0 0 0.883973
3 0 0 0.905816

3
1 0 250 0.92098
2 0 0 0.910463
3 0 0 0.927505

1
1 0 0 0.810103

7
1 0 1066 0.850552
2 0 968 0.88282
4 0 0 0.997567
5 1 2 0.941876
10 0 0 1.02079
11 0 0 1.0713
3 0 0 0.719381

7
1 1 1 0.914933
2 0 2205 0.969919
4 0 0 1.06505
5 0 8981 1.04605
10 0 0 1.02354
11 0 0 1.0033
3 0 0 0.731697

5
1 0 9132 0.933319
2 1 2 0.885783
4 0 0 0.868985
5 0 0 0.915956
3 0 0 0.873728

3
1 3 2634 0.864118
2 0 0 1.10321
3 0 0 0.854305

5
1 3 725 0.913779
2 3 186 1.01663
4 0 0 1.12612
5 0 0 1.02607
3 0 0 0.885132

3
1 1 1 0.886081
2 0 0 1.06893
3 0 0 0.800741

3
1 1 1 0.955463
2 0 0 0.889256
3 0 0 0.810033

9
1 1 1 0.831813
2 0 696 1.01798
4 3 3109 0.949227
8 0 0 0.989264
9 2 3 0.974711
18 0 0 1.0357
19 0 0 1.09292
5 0 0 1.0687
3 0 0 0.901654

5
1 0 5948 0.93102
2 2 2 0.898365
4 0 0 0.975959
5 0 0 0.908897
3 0 0 0.825091

5
1 3 4022 0.88152
2 0 0 0.914887
3 3 4173 0.98111
6 0 0 0.966679
7 0 0 0.815304

5
1 2 1 0.858265
2 0 0 0.878685
3 1 2 0.91383
6 0 0 0.840458
7 0 0 1.0412

3
1 1 1 0.876106
2 0 0 1.00621
3 0 0 0.889489

3
1 1 2 0.843022
2 0 0 0.888448
3 0 0 0.993242

3
1 2 4 0.808249
2 0 0 0.829629
3 0 0 0.849161

1
1 0 0 0.894768

3
1 3 1045 0.953505
2 0 0 0.954749
3 0 0 0.91105

3
1 2 1 0.892772
2 0 0 0.897346
3 0 0 0.797928

3
1 2 4 0.94574
2 0 0 0.946154
3 0 0 0.982835

3
1 1 2 0.926857
2 0 0 0.928716
3 0 0 0.982357

3
1 1 1 0.974444
2 0 0 1.13525
3 0 0 0.758989

5
1 1 2 0.989692
2 0 0 0.844312
3 3 1292 0.987687
6 0 0 0.97482
7 0 0 1.18327

3
1 1 1 0.862571
2 0 0 1.14567
3 0 0 0.845223

1
1 0 0 0.898245

3
1 1 1 0.774133
2 0 0 0.780445
3 0 0 0.772309

3
1 2 1 0.924061
2 0 0 1.04982
3 0 0 0.895679

1
1 0 0 0.779755

1
1 0 0 0.697736

3
1 1 1 0.902822
2 0 0 1.10399
3 0 0 0.795697

3
1 0 79 0.823629
2 0 0 0.979104
3 0 0 0.7615

3
1 1 2 0.904189
2 0 0 0.790639
3 0 0 1.1284

7
1 0 248 0.891387
2 3 5187 1.04724
4 2 2 1.08575
8 0 0 0.983571
9 0 0 0.873211
5 0 0 0.93108
3 0 0 0.950761

3
1 1 2 0.848921
2 0 0 0.855409
3 0 0 0.872276

3
1 3 3108 0.8303
2 0 0 0.758941
3 0 0 0.923796

3
1 1 1 0.869099
2 0 0 1.00642
3 0 0 0.795932

3
1 3 2860 0.882107
2 0 0 1.00917
3 0 0 0.801686

1
1 0 0 0.855095

3
1 0 199 0.840203
2 0 0 0.925349
3 0 0 0.839098

3
1 3 5148 0.795554
2 0 0 0.835544
3 0 0 0.894999

3
1 0 2593 0.839244
2 0 0 0.958996
3 0 0 0.810734

3
1 2 3 0.857845
2 0 0 0.824322
3 0 0 0.918361

3
1 3 1626 1.01285
2 0 0 0.876628
3 0 0 0.962091

3
1 1 1 0.824185
2 0 0 1.01757
3 0 0 0.808184

1
1 0 0 0.829585

1
1 0 0 0.82867

3
1 0 3622 0.843691
2 0 0 0.91877
3 0 0 0.925287

1
1 0 0 0.863155

3
1 1 1 0.909549
2 0 0 0.921087
3 0 0 0.782064

1
1 0 0 0.812457

3
1 1 1 0.974249
2 0 0 1.03815
3 0 0 0.941628

3
1 1 1 0.896847
2 0 0 1.00204
3 0 0 0.914794

3
1 1 2 0.818074
2 0 0 0.911608
3 0 0 1.05093

1
1 0 0 0.818901

1
1 0 0 0.838419

3
1 0 4905 0.910816
2 0 0 0.821406
3 0 0 0.89862

3
1 0 272 0.765103
2 0 0 0.865207
3 0 0 0.797799

3
1 2 1 0.930075
2 0 0 0.907843
3 0 0 0.922718

5
1 0 5737 0.824283
2 0 0 0.815835
3 1 1 0.909443
6 0 0 0.883642
7 0 0 0.968185

5
1 1 2 0.929384
2 0 0 0.800813
3 2 3 0.896663
6 0 0 0.912897
7 0 0 0.8962

5
1 1 2 0.94347
2 0 0 0.864194
3 3 555 0.989114
6 0 0 0.955091
7 0 0 1.02258

5
1 3 1148 0.912456
2 0 0 0.950405
3 2 2 0.965663
6 0 0 0.92457
7 0 0 1.05426

3
1 0 4045 0.867763
2 0 0 0.999852
3 0 0 0.816701

3
1 3 394 0.920405
2 0 0 0.963205
3 0 0 1.0071

3
1 1 2 0.904896
2 0 0 0.866477
3 0 0 0.888092

3
1 1 1 0.804221
2 0 0 1.12699
3 0 0 0.896871

5
1 3 5329 0.859834
2 3 5 0.887281
4 0 0 1.00394
5 0 0 0.878801
3 0 0 0.992527

1
1 0 0 0.764651

3
1 0 7212 0.924921
2 0 0 0.863441
3 0 0 0.86305

3
1 0 3046 0.868465
2 0 0 0.980135
3 0 0 0.817992

3
1 3 131 0.761477
2 0 0 1.17312
3 0 0 0.885915

3
1 1 2 0.865346
2 0 0 0.764265
3 0 0 0.944915

3
1 1 1 0.987214
2 0 0 1.01277
3 0 0 0.668794

3
1 3 4883 0.828785
2 0 0 0.840416
3 0 0 1.01969

3
1 0 4797 0.876887
2 0 0 0.912904
3 0 0 0.899231

5
1 1 1 0.851889
2 3 2689 1.01822
4 0 0 0.91404
5 0 0 0.976433
3 0 0 0.752451

1
1 0 0 0.706469

3
1 3 292 0.799516
2 0 0 1.13269
3 0 0 0.800964

3
1 0 4213 0.875945
2 0 0 0.902409
3 0 0 1.02799

3
1 1 1 0.800927
2 0 0 0.804076
3 0 0 0.803845

3
1 0 6911 0.905163
2 0 0 0.959883
3 0 0 0.861727

3
1 0 4877 0.944693
2 0 0 0.917344
3 0 0 0.866163

3
1 1 1 0.810029
2 0 0 1.00515
3 0 0 0.735539

5
1 3 1607 0.91539
2 2 1 1.0294
4 0 0 0.969826
5 0 0 1.02743
3 0 0 0.855511

3
1 1 1 0.889484
2 0 0 0.944772
3 0 0 0.793438

3
1 0 3143 0.991288
2 0 0 1.01454
3 0 0 0.931601

3
1 0 2705 0.865164
2 0 0 0.877969
3 0 0 0.973783

1
1 0 0 0.959527

3
1 2 4 0.774485
2 0 0 0.762238
3 0 0 0.924711

3
1 1 1 0.825273
2 0 0 1.01048
3 0 0 0.737533

3
1 1 1 0.884739
2 0 0 0.9365
3 0 0 0.813936

3
1 0 5159 0.875307
2 0 0 0.931873
3 0 0 0.853115

7
1 0 339 0.838982
2 0 36 1.07181
4 0 0 0.938629
5 1 1 1.00959
10 0 0 1.13319
11 0 0 0.900181
3 0 0 0.860086

3
1 1 2 0.851877
2 0 0 0.876453
3 0 0 1.1297

5
1 0 6012 0.794416
2 0 0 0.992691
3 3 3000 0.810634
6 0 0 0.850503
7 0 0 0.846868

3
1 3 1980 0.861839
2 0 0 0.890318
3 0 0 0.848188

3
1 2 4 0.882777
2 0 0 0.941116
3 0 0 0.90105

1
1 0 0 0.709841

1
1 0 0 0.780021

7
1 0 3243 0.79628
2 2 4 1.00617
4 0 0 1.01531
5 0 0 1.11061
3 1 2 0.924821
6 0 0 0.952926
7 0 0 0.855074

3
1 0 116 0.746932
2 0 0 0.915074
3 0 0 0.746271

3
1 3 76 0.807877
2 0 0 1.00319
3 0 0 0.855272

3
1 0 1129 0.856654
2 0 0 0.895877
3 0 0 0.821702

3
1 1 1 0.914933
2 0 0 0.858964
3 0 0 0.79808

3
1 0 5268 0.848776
2 0 0 0.947733
3 0 0 0.861861

5
1 2 2 0.915679
2 0 0 0.989643
3 3 132 0.910028
6 0 0 0.881676
7 0 0 0.888729

3
1 1 1 0.869888
2 0 0 1.05635
3 0 0 0.748314

3
1 3 1657 0.891097
2 0 0 0.996971
3 0 0 0.871499

3
1 1 1 0.955463
2 0 0 1.03233
3 0 0 0.82562

3
1 1 1 0.831813
2 0 0 0.874105
3 0 0 0.827071

3
1 0 1126 0.754641
2 0 0 0.908184
3 0 0 0.840923

1
1 0 0 0.849692

3
1 0 4695 0.930221
2 0 0 0.877715
3 0 0 0.876061

3
1 2 2 0.839331
2 0 0 0.854562
3 0 0 0.867696

3
1 1 1 0.852097
2 0 0 1.06867
3 0 0 0.737684

3
1 1 1 0.941978
2 0 0 1.01679
3 0 0 0.884276

3
1 0 8009 0.937403
2 0 0 0.914942
3 0 0 0.864174

7
1 1 2 0.844178
2 0 0 0.865992
3 0 7833 1.03529
6 3 2965 0.987001
12 0 0 1.12653
13 0 0 0.991452
7 0 0 0.967082

3
1 0 8346 0.949136
2 0 0 0.933701
3 0 0 0.996222

3
1 0 526 0.974326
2 0 0 0.903405
3 0 0 0.798127

7
1 0 35 0.871338
2 2 3 1.05541
4 0 0 1.00145
5 0 0 1.01501
3 3 2411 0.973301
6 0 0 1.07767
7 0 0 0.840851

3
1 0 1601 0.854225
2 0 0 0.97799
3 0 0 0.891942

3
1 0 7333 0.893682
2 0 0 0.912364
3 0 0 0.861379

3
1 1 1 0.862571
2 0 0 0.998847
3 0 0 0.811619

3
1 1 2 0.905826
2 0 0 0.885674
3 0 0 1.0275

5
1 1 2 0.827209
2 0 0 0.731498
3 0 2006 0.985542
6 0 0 0.909631
7 0 0 1.01963

3
1 3 958 0.863325
2 0 0 0.876971
3 0 0 0.86059

3
1 1 1 0.974338
2 0 0 0.951276
3 0 0 0.824702

5
1 3 4883 0.902507
2 1 1 1.0274
4 0 0 1.03847
5 0 0 0.87096
3 0 0 1.01671

3
1 3 5283 0.80026
2 0 0 0.940387
3 0 0 1.05965

3
1 0 514 0.928623
2 0 0 0.997298
3 0 0 0.896495

1
1 0 0 0.776696

3
1 0 943 0.770595
2 0 0 0.930413
3 0 0 0.655824

1
1 0 0 0.827223

1
1 0 0 0.787064

3
1 1 1 0.923925
2 0 0 0.957217
3 0 0 0.882615

3
1 1 1 0.86325
2 0 0 1.00808
3 0 0 0.821373

7
1 2 1 0.987407
2 0 9445 0.931834
4 0 0 0.893588
5 0 0 0.948198
3 3 4510 0.993786
6 0 0 0.981317
7 0 0 1.18091

3
1 1 2 0.994519
2 0 0 0.795093
3 0 0 1.0514

1
1 0 0 0.833347

5
1 0 476 0.863686
2 2 3 1.04803
4 0 0 1.13836
5 0 0 0.912045
3 0 0 0.852

3
1 2 2 0.960773
2 0 0 0.965976
3 0 0 0.952372

5
1 3 1461 0.969699
2 2 3 0.980481
4 0 0 0.964941
5 0 0 0.932512
3 0 0 0.909421

3
1 1 1 0.824185
2 0 0 1.12137
3 0 0 0.772407

3
1 0 9904 0.910347
2 0 0 0.925188
3 0 0 0.981071

3
1 0 352 0.857532
2 0 0 0.954216
3 0 0 0.907586

3
1 1 1 0.924986
2 0 0 0.981911
3 0 0 0.765094

3
1 0 8375 0.830227
2 0 0 0.852474
3 0 0 0.756133

1
1 0 0 0.873769

3
1 1 1 0.808287
2 0 0 0.912909
3 0 0 0.743002

3
1 2 3 0.907254
2 0 0 1.0449
3 0 0 0.893794

3
1 1 2 0.781703
2 0 0 0.760568
3 0 0 0.896475

9
1 1 1 0.875459
2 2 3 0.995205
4 2 2 0.956885
8 0 0 1.09052
9 0 0 0.979093
5 3 995 0.976541
10 0 0 0.977151
11 0 0 1.02589
3 0 0 0.702374

3
1 1 2 0.906068
2 0 0 0.749574
3 0 0 1.14801

1
1 0 0 0.834252

3
1 0 4928 0.923573
2 0 0 0.808736
3 0 0 0.880517

5
1 0 9670 0.98078
2 0 0 0.980806
3 3 1986 1.06383
6 0 0 0.898319
7 0 0 0.964529

3
1 3 403 0.878506
2 0 0 1.04262
3 0 0 0.890301

3
1 0 3422 0.866772
2 0 0 0.969512
3 0 0 0.758975

1
1 0 0 0.967195

5
1 2 2 0.865654
2 3 814 0.841486
4 0 0 0.979109
5 0 0 0.858769
3 0 0 0.988705

3
1 3 2762 0.911535
2 0 0 0.935463
3 0 0 0.873018

1
1 0 0 0.755658

3
1 1 1 0.82722
2 0 0 0.82693
3 0 0 0.794542

3
1 1 2 0.983944
2 0 0 0.797508
3 0 0 0.943871

7
1 1 1 0.804221
2 0 7841 1.05353
4 0 0 0.993832
5 0 0 0.958603
3 2 2 0.950835
6 0 0 0.960535
7 0 0 0.960524

3
1 1 2 0.908457
2 0 0 0.812211
3 0 0 0.95136

1
1 0 0 0.932143

5
1 3 2503 0.884686
2 0 0 0.928658
3 3 2812 0.820845
6 0 0 1.03062
7 0 0 0.86035

3
1 3 3996 0.949627
2 0 0 1.08546
3 0 0 0.925529

5
1 1 1 0.950178
2 2 3 1.04613
4 0 0 0.924035
5 0 0 1.1002
3 0 0 0.767419

3
1 0 8995 0.890679
2 0 0 0.915554
3 0 0 0.863928

3
1 1 1 0.87346
2 0 0 0.892171
3 0 0 0.89016

3
1 3 1717 0.887231
2 0 0 0.986713
3 0 0 0.825149

1
1 0 0 0.893397

5
1 1 1 0.841677
2 3 2244 0.942839
4 0 0 1.04047
5 0 0 0.925746
3 0 0 0.733664

3
1 0 767 0.753404
2 0 0 1.03075
3 0 0 0.673965

3
1 2 1 0.771075
2 0 0 0.821314
3 0 0 0.805576

3
1 1 2 0.828524
2 0 0 0.747161
3 0 0 0.807117

5
1 0 3739 0.829523
2 3 3321 0.916665
4 0 0 0.865445
5 0 0 0.93317
3 0 0 0.857519

1
1 0 0 0.837964

3
1 2 1 0.85039
2 0 0 1.00696
3 0 0 0.874049

3
1 1 1 0.810029
2 0 0 1.03301
3 0 0 0.883411

3
1 1 1 0.898714
2 0 0 1.08984
3 0 0 0.787714

5
1 2 3 0.901963
2 0 0 0.819729
3 0 7505 1.01063
6 0 0 1.0156
7 0 0 1.06136

3
1 1 2 0.932564
2 0 0 0.834141
3 0 0 0.965842

1
1 0 0 0.853822

5
1 3 987 0.863354
2 0 0 0.862616
3 0 2645 0.939031
6 0 0 0.982768
7 0 0 0.925791

3
1 1 1 0.865123
2 0 0 0.911479
3 0 0 0.82999

3
1 1 1 0.825273
2 0 0 1.06459
3 0 0 0.82647

3
1 1 1 0.884739
2 0 0 1.01414
3 0 0 0.90882

3
1 1 1 0.902375
2 0 0 1.03933
3 0 0 0.779867

1
1 0 0 0.913089

7
1 3 1369 0.962959
2 0 0 0.904756
3 3 2064 0.812561
6 0 0 0.966273
7 0 995 0.854465
14 0 0 1.07287
15 0 0 0.823652

1
1 0 0 0.776091

1
1 0 0 0.841359

3
1 0 1712 1.02449
2 0 0 0.866596
3 0 0 0.98838

3
1 2 4 0.881308
2 0 0 0.853004
3 0 0 0.967635

1
1 0 0 0.872823

3
1 1 1 0.895874
2 0 0 1.0122
3 0 0 0.731265

3
1 0 8928 0.850257
2 0 0 0.858266
3 0 0 0.84706

3
1 3 2395 0.940855
2 0 0 0.982859
3 0 0 0.866391

1
1 0 0 0.806404

1
1 0 0 0.731992

1
1 0 0 0.845654

3
1 0 207 0.820924
2 0 0 1.01333
3 0 0 0.871914

3
1 0 3198 0.925172
2 0 0 0.95527
3 0 0 0.858641

3
1 2 4 0.854268
2 0 0 0.80795
3 0 0 1.04656

7
1 1 1 0.880319
2 3 4432 0.896733
4 3 3880 0.947122
8 0 0 0.98924
9 0 0 0.975825
5 0 0 0.956949
3 0 0 0.815214

3
1 3 201 0.916421
2 0 0 1.00718
3 0 0 0.844122

5
1 0 659 0.952611
2 1 1 0.895379
4 0 0 0.932832
5 0 0 0.978945
3 0 0 0.833222

3
1 0 7691 0.952141
2 0 0 1.0679
3 0 0 0.898397

1
1 0 0 0.857937

5
1 1 1 0.921072
2 0 0 1.16974
3 2 1 0.927915
6 0 0 0.97593
7 0 0 0.875675

3
1 2 1 0.88652
2 0 0 0.88661
3 0 0 0.89686

3
1 3 99 0.767647
2 0 0 0.920449
3 0 0 0.831133

5
1 1 1 0.921916
2 0 1989 0.948801
4 0 0 1.0271
5 0 0 0.906873
3 0 0 0.72854

3
1 1 2 0.896788
2 0 0 0.792945
3 0 0 1.00585

1
1 0 0 0.721795

3
1 2 3 0.855921
2 0 0 0.871256
3 0 0 0.842125

3
1 1 2 0.845025
2 0 0 0.849744
3 0 0 0.983916

3
1 3 709 0.782023
2 0 0 0.893052
3 0 0 0.812678

1
1 0 0 0.901137

3
1 3 2924 0.896059
2 0 0 1.01851
3 0 0 0.8717

3
1 1 1 0.896921
2 0 0 1.03908
3 0 0 0.84872

1
1 0 0 0.882755

3
1 0 3660 0.931799
2 0 0 0.939136
3 0 0 0.823618

5
1 0 5311 0.922804
2 0 0 0.977798
3 2 1 0.93958
6 0 0 0.94472
7 0 0 0.904996

3
1 0 646 0.848549
2 0 0 1.05886
3 0 0 0.821901

3
1 1 1 0.819184
2 0 0 0.886913
3 0 0 0.784647

3
1 2 4 0.895162
2 0 0 0.8301
3 0 0 0.959192

9
1 1 2 0.915818
2 0 2201 0.882049
4 0 2003 0.989971
8 0 0 0.975112
9 0 0 1.07078
5 0 0 1.01192
3 0 3095 0.921162
6 0 0 0.981529
7 0 0 1.05294

1
1 0 0 0.802149

3
1 1 2 0.951464
2 0 0 0.901289
3 0 0 0.981911

3
1 0 3700 0.890901
2 0 0 0.964421
3 0 0 1.04585

1
1 0 0 0.764857

3
1 0 4099 0.808794
2 0 0 0.8395
3 0 0 0.843064

3
1 1 1 0.888765
2 0 0 1.07012
3 0 0 0.683228

7
1 3 1526 0.86136
2 3 194 0.885297
4 0 8681 0.901454
8 0 0 0.959349
9 0 0 1.05346
5 0 0 0.968597
3 0 0 0.833062

3
1 1 2 0.907531
2 0 0 0.822085
3 0 0 0.907416

3
1 3 4581 0.879458
2 0 0 0.771194
3 0 0 0.890034

3
1 0 3820 0.885606
2 0 0 0.947147
3 0 0 0.827658

3
1 0 1990 0.867669
2 0 0 0.95984
3 0 0 0.944367

5
1 0 6905 0.893394
2 0 0 0.846776
3 0 8294 0.928265
6 0 0 0.928519
7 0 0 0.87058

5
1 2 2 0.864081
2 0 0 0.967971
3 0 8556 0.864287
6 0 0 0.865012
7 0 0 0.957233

5
1 0 9391 0.845839
2 0 0 0.920027
3 1 1 0.909046
6 0 0 0.938589
7 0 0 0.933864

3
1 1 1 0.924986
2 0 0 0.890808
3 0 0 0.689633

3
1 1 1 0.92926
2 0 0 0.915372
3 0 0 0.777784

9
1 1 1 0.908384
2 0 7679 0.859139
4 2 1 0.863276
8 0 0 1.0212
9 2 3 0.929682
18 0 0 0.958163
19 0 0 0.896323
5 0 0 0.94271
3 0 0 0.869212

3
1 1 1 0.808287
2 0 0 0.951988
3 0 0 0.878542

3
1 2 3 0.927055
2 0 0 0.873006
3 0 0 0.908826

3
1 3 4117 0.857039
2 0 0 1.01495
3 0 0 0.847976

1
1 0 0 0.8086

3
1 1 2 0.910474
2 0 0 0.767176
3 0 0 0.993795

3
1 0 3331 0.857688
2 0 0 0.950811
3 0 0 0.883077

3
1 3 2760 0.915998
2 0 0 0.951722
3 0 0 0.891785

5
1 0 177 0.930578
2 3 1658 0.989715
4 0 0 1.0215
5 0 0 0.985178
3 0 0 0.731984

3
1 2 4 0.92324
2 0 0 1.10812
3 0 0 0.839362

3
1 3 2300 0.891075
2 0 0 0.960216
3 0 0 0.991056

3
1 3 3022 0.901527
2 0 0 0.983796
3 0 0 0.901533

1
1 0 0 0.785428

5
1 3 5247 0.897628
2 2 4 0.927072
4 0 0 0.880375
5 0 0 1.07195
3 0 0 1.10434

3
1 1 2 0.787571
2 0 0 0.879822
3 0 0 1.07876

3
1 1 1 0.780114
2 0 0 1.03008
3 0 0 0.800397

1
1 0 0 0.736671

3
1 1 1 0.804221
2 0 0 0.938346
3 0 0 0.751733

5
1 1 2 0.908457
2 0 0 0.930678
3 2 3 0.98147
6 0 0 0.908758
7 0 0 0.94324

1
1 0 0 0.812943

3
1 3 2418 0.927828
2 0 0 0.986899
3 0 0 1.00465

3
1 1 2 0.878254
2 0 0 0.744955
3 0 0 1.06336

1
1 0 0 0.816561

3
1 1 2 0.922789
2 0 0 0.907128
3 0 0 1.05474

3
1 1 1 0.87346
2 0 0 1.04678
3 0 0 0.828819

1
1 0 0 0.744367

5
1 3 234 0.878265
2 0 0 1.01212
3 1 2 0.99108
6 0 0 1.00874
7 0 0 1.02818

3
1 1 1 0.841677
2 0 0 1.0876
3 0 0 0.83056

3
1 1 2 0.96606
2 0 0 0.854891
3 0 0 1.01994

3
1 1 2 0.850928
2 0 0 0.881561
3 0 0 1.03292

1
1 0 0 0.825268

5
1 3 12 0.723121
2 0 0 0.906675
3 3 222 0.752643
6 0 0 0.99966
7 0 0 0.772491

3
1 0 48 0.783449
2 0 0 1.05278
3 0 0 0.793451

7
1 1 2 0.855987
2 0 0 0.914825
3 0 2722 0.883172
6 0 0 1.00119
7 2 2 0.884603
14 0 0 0.829975
15 0 0 0.955141

3
1 1 1 0.827225
2 0 0 0.997539
3 0 0 0.627344

1
1 0 0 0.791516

3
1 1 1 0.963818
2 0 0 0.942633
3 0 0 0.821937

3
1 1 1 0.915511
2 0 0 1.04669
3 0 0 0.836232

5
1 0 5696 0.970333
2 1 2 0.99641
4 0 0 0.92465
5 0 0 0.994771
3 0 0 0.915561

5
1 1 1 0.881044
2 3 3367 1.05981
4 0 0 1.00759
5 0 0 1.08305
3 0 0 0.803939

3
1 3 148 0.814031
2 0 0 0.9321
3 0 0 0.842441

3
1 3 1063 0.905669
2 0 0 0.879064
3 0 0 0.902164

3
1 1 1 0.890784
2 0 0 1.08082
3 0 0 0.83287

3
1 3 85 0.898062
2 0 0 0.93295
3 0 0 0.927314

3
1 1 1 0.944247
2 0 0 0.978846
3 0 0 0.805007

3
1 0 6509 0.905326
2 0 0 0.900939
3 0 0 0.962631

7
1 1 1 0.850814
2 0 0 1.08548
3 1 2 0.936924
6 0 0 0.883788
7 0 6829 1.00955
14 0 0 0.965017
15 0 0 0.933503

3
1 0 2821 0.849453
2 0 0 0.956056
3 0 0 0.792969

1
1 0 0 0.863766

1
1 0 0 0.817894

5
1 2 3 0.869746
2 3 3579 0.967533
4 0 0 0.918897
5 0 0 0.913511
3 0 0 0.859796

3
1 1 1 0.902664
2 0 0 1.11149
3 0 0 0.806089

5
1 3 3036 0.829988
2 0 5629 0.971607
4 0 0 0.987054
5 0 0 1.00967
3 0 0 0.88143

3
1 1 1 0.837089
2 0 0 0.908129
3 0 0 0.885008

3
1 1 2 0.813831
2 0 0 0.826314
3 0 0 1.05025

1
1 0 0 0.774639

3
1 3 451 0.907355
2 0 0 0.904877
3 0 0 0.930818

1
1 0 0 0.779751

5
1 0 9421 0.896565
2 0 0 0.994039
3 0 9607 0.928237
6 0 0 0.981033
7 0 0 0.929766

1
1 0 0 0.734005

3
1 1 1 0.880319
2 0 0 0.881033
3 0 0 0.812568

3
1 3 4113 0.885401
2 0 0 0.950622
3 0 0 0.83543

3
1 1 1 0.893025
2 0 0 0.98338
3 0 0 0.683445

3
1 3 3639 0.888115
2 0 0 0.883265
3 0 0 0.923389

3
1 1 2 0.882164
2 0 0 0.787098
3 0 0 1.0594

1
1 0 0 0.829139

3
1 2 1 0.906958
2 0 0 0.982843
3 0 0 0.92276

5
1 2 1 0.949858
2 3 3785 1.02254
4 0 0 0.958483
5 0 0 0.901737
3 0 0 0.881664

7
1 1 1 0.921916
2 2 1 0.988311
4 0 0 0.925541
5 2 3 1.01607
10 0 0 1.07039
11 0 0 1.03627
3 0 0 0.760533

3
1 1 1 0.907622
2 0 0 1.12353
3 0 0 0.938729

1
1 0 0 0.731622

3
1 0 41 0.931789
2 0 0 1.04405
3 0 0 0.938497

5
1 0 2608 0.905649
2 0 0 0.86788
3 1 1 0.889345
6 0 0 0.929049
7 0 0 0.788725

7
1 1 1 0.847429
2 3 4778 0.97019
4 0 0 1.02455
5 0 0 1.0203
3 3 3865 0.853042
6 0 0 0.902151
7 0 0 0.933478

1
1 0 0 0.78698

1
1 0 0 0.733387

3
1 1 1 0.896921
2 0 0 1.1041
3 0 0 0.864671

7
1 0 1314 0.906427
2 3 3829 0.936503
4 3 324 0.932275
8 0 0 0.978616
9 0 0 1.07222
5 0 0 0.92721
3 0 0 0.888897

3
1 1 2 0.898971
2 0 0 0.878223
3 0 0 0.855506

5
1 3 4485 0.880896
2 0 0 0.835864
3 2 2 0.958538
6 0 0 0.919813
7 0 0 0.908378

1
1 0 0 0.867618

3
1 2 3 0.880036
2 0 0 0.845663
3 0 0 0.981025

1
1 0 0 0.771996

5
1 1 1 0.870038
2 2 1 1.05557
4 0 0 0.88697
5 0 0 0.990081
3 0 0 0.899948

7
1 1 1 0.904703
2 0 0 1.08041
3 1 2 0.829271
6 3 3801 0.875968
12 0 0 0.880909
13 0 0 0.872518
7 0 0 1.02438

3
1 3 3838 0.874002
2 0 0 0.951417
3 0 0 0.841334

3
1 1 2 0.975672
2 0 0 0.800439
3 0 0 0.982883

3
1 3 284 0.857111
2 0 0 0.977317
3 0 0 0.836283

1
1 0 0 0.884613

3
1 3 2859 0.936706
2 0 0 0.927767
3 0 0 0.807781

3
1 1 2 0.860809
2 0 0 0.776812
3 0 0 1.00655

3
1 1 2 0.829401
2 0 0 0.918791
3 0 0 1.07789

1
1 0 0 0.796951

1
1 0 0 0.882297

1
1 0 0 0.797168

3
1 3 1427 0.756905
2 0 0 0.985404
3 0 0 0.921265

5
1 2 3 0.8668
2 0 0 0.990841
3 0 8657 0.886691
6 0 0 0.892367
7 0 0 1.07979

5
1 3 5358 0.896881
2 0 64 0.810757
4 0 0 0.826419
5 0 0 0.8491
3 0 0 1.02296

3
1 1 1 0.924986
2 0 0 1.04957
3 0 0 0.75908

5
1 1 1 0.92926
2 2 4 0.928438
4 0 0 0.941436
5 0 0 1.06529
3 0 0 0.86577

3
1 2 4 0.830391
2 0 0 0.819848
3 0 0 0.857365

7
1 1 1 0.857237
2 0 2769 1.05302
4 0 0 1.1165
5 2 2 0.981267
10 0 0 1.0142
11 0 0 0.894586
3 0 0 0.795183

3
1 0 259 0.904653
2 0 0 0.960039
3 0 0 0.905395

3
1 3 4658 0.870308
2 0 0 0.885316
3 0 0 0.900963

3
1 2 1 0.841925
2 0 0 1.00489
3 0 0 0.804144

3
1 1 1 0.914418
2 0 0 1.00697
3 0 0 0.719355

3
1 1 1 0.855918
2 0 0 1.03249
3 0 0 0.792746

1
1 0 0 0.905004

3
1 0 9960 0.868684
2 0 0 0.886905
3 0 0 1.05156

1
1 0 0 0.874062

1
1 0 0 0.807039

3
1 2 2 0.829165
2 0 0 0.845067
3 0 0 0.83183

1
1 0 0 0.82069

3
1 3 110 0.848915
2 0 0 1.12683
3 0 0 0.820029

3
1 1 2 0.787571
2 0 0 0.856767
3 0 0 1.02057

5
1 3 4762 0.896426
2 2 4 0.907515
4 0 0 0.917816
5 0 0 0.975367
3 0 0 0.971983

3
1 1 1 0.868026
2 0 0 1.03955
3 0 0 0.765985

7
1 1 1 0.804221
2 3 3320 1.06148
4 0 0 1.04398
5 0 0 0.970015
3 1 2 0.889997
6 0 0 0.871716
7 0 0 0.903882

3
1 0 1088 0.899208
2 0 0 1.0762
3 0 0 0.935415

3
1 0 6665 0.839636
2 0 0 0.931061
3 0 0 0.794298

1
1 0 0 0.830816

5
1 1 1 0.850854
2 3 655 1.12836
4 0 0 1.0473
5 0 0 1.0735
3 0 0 0.860521

3
1 3 304 0.89101
2 0 0 1.07869
3 0 0 0.94072

3
1 1 2 0.922789
2 0 0 0.878401
3 0 0 0.920868

3
1 1 1 0.954263
2 0 0 0.899512
3 0 0 0.908512

1
1 0 0 0.727644

5
1 3 5186 0.801638
2 0 0 0.79439
3 1 2 1.13424
6 0 0 1.15463
7 0 0 1.08117

7
1 0 5469 0.935056
2 2 4 0.963959
4 0 3147 0.984954
8 0 0 1.10491
9 0 0 0.984499
5 0 0 1.03245
3 0 0 0.740326

1
1 0 0 0.705571

1
1 0 0 0.820704

5
1 1 2 0.874712
2 3 5174 0.992625
4 0 0 0.984984
5 0 0 0.929101
3 0 0 0.975894

1
1 0 0 0.840139

3
1 2 2 0.912626
2 0 0 0.922846
3 0 0 0.99905

5
1 0 2569 0.928611
2 0 0 0.916837
3 1 2 0.909673
6 0 0 0.954606
7 0 0 1.03676

3
1 2 1 0.868264
2 0 0 0.848333
3 0 0 0.862914

3
1 0 422 0.884794
2 0 0 1.07707
3 0 0 0.815418

3
1 1 2 0.84423
2 0 0 0.774429
3 0 0 0.97428

3
1 0 969 0.842496
2 0 0 1.03354
3 0 0 0.86518

5
1 1 1 0.784794
2 3 1486 1.07078
4 0 0 1.1306
5 0 0 1.08203
3 0 0 0.76715

5
1 2 1 0.900135
2 0 0 0.994987
3 2 2 0.952861
6 0 0 1.04453
7 0 0 0.959478

5
1 0 9454 0.906195
2 1 1 0.930476
4 0 0 0.980582
5 0 0 0.952748
3 0 0 0.851029

3
1 1 1 0.866565
2 0 0 0.967324
3 0 0 0.83983

5
1 1 1 0.890784
2 0 0 0.916073
3 1 2 0.815289
6 0 0 0.803386
7 0 0 0.911741

1
1 0 0 0.775487

5
1 1 1 0.866965
2 0 5570 1.05376
4 0 0 0.897836
5 0 0 0.948987
3 0 0 0.765765

3
1 3 3024 0.870263
2 0 0 0.954836
3 0 0 0.885183

5
1 0 2575 0.884439
2 3 4072 0.911584
4 0 0 0.9434
5 0 0 1.04431
3 0 0 0.874805

3
1 3 1528 0.88851
2 0 0 0.899093
3 0 0 0.829274

1
1 0 0 0.914014

3
1 0 632 0.92311
2 0 0 1.03955
3 0 0 0.782795

5
1 3 2906 0.858899
2 1 1 1.05407
4 0 0 1.22041
5 0 0 0.909888
3 0 0 0.862178

3
1 3 378 0.822252
2 0 0 1.19084
3 0 0 0.790128

3
1 1 1 0.821359
2 0 0 1.00823
3 0 0 0.808568

9
1 0 4562 0.865569
2 1 2 0.944309
4 0 0 0.935535
5 2 1 1.02468
10 0 0 1.09635
11 0 0 0.961307
3 1 1 0.99675
6 0 0 0.958274
7 0 0 0.818521

3
1 0 308 0.907554
2 0 0 1.05325
3 0 0 0.914075

3
1 1 2 0.927267
2 0 0 0.76461
3 0 0 1.04448

3
1 1 1 0.945146
2 0 0 1.07642
3 0 0 0.825335

5
1 3 4369 0.890365
2 3 2088 1.02193
4 0 0 0.958823
5 0 0 1.04438
3 0 0 0.885711

3
1 0 166 0.826508
2 0 0 1.06661
3 0 0 0.826913

5
1 2 4 0.907695
2 1 2 0.891297
4 0 0 0.898949
5 0 0 0.987699
3 0 0 0.961525

3
1 2 1 0.868659
2 0 0 0.917403
3 0 0 0.96765

3
1 3 5301 0.776606
2 0 0 0.721921
3 0 0 0.855048

3
1 2 1 0.905708
2 0 0 0.950673
3 0 0 0.892007

3
1 0 1583 0.847474
2 0 0 0.979682
3 0 0 0.754347

3
1 3 2859 0.912332
2 0 0 1.11828
3 0 0 0.757062

5
1 1 1 0.880861
2 0 2066 1.04345
4 0 0 0.976492
5 0 0 1.04994
3 0 0 0.825783

3
1 3 4998 0.796483
2 0 0 0.809688
3 0 0 0.938278

5
1 3 127 0.858852
2 0 6209 0.929812
4 0 0 0.971892
5 0 0 1.02991
3 0 0 0.817183

3
1 1 2 0.83703
2 0 0 0.755649
3 0 0 1.03056

3
1 1 2 0.856568
2 0 0 0.764597
3 0 0 0.951651

1
1 0 0 0.847625

3
1 1 1 0.854376
2 0 0 0.8573
3 0 0 0.846399

3
1 1 1 0.855728
2 0 0 0.976849
3 0 0 0.76192

3
1 3 5179 0.85773
2 0 0 0.88875
3 0 0 1.01834

3
1 1 2 0.87025
2 0 0 0.928492
3 0 0 0.931485

5
1 2 4 0.868523
2 2 2 0.846383
4 0 0 0.8534
5 0 0 1.02194
3 0 0 1.06696

5
1 1 1 0.896921
2 0 9900 1.05062
4 0 0 0.984838
5 0 0 0.898412
3 0 0 0.738024

3
1 1 1 0.816232
2 0 0 1.03167
3 0 0 0.7531

3
1 0 1170 0.789331
2 0 0 1.06893
3 0 0 0.7677

3
1 1 1 0.881796
2 0 0 0.97752
3 0 0 0.788878

1
1 0 0 0.809973

3
1 3 446 0.914288
2 0 0 0.929997
3 0 0 1.02346

3
1 3 2956 0.885916
2 0 0 0.87685
3 0 0 0.934124

5
1 1 1 0.870038
2 2 4 1.00794
4 0 0 0.94379
5 0 0 0.953462
3 0 0 0.820806

3
1 1 2 0.821095
2 0 0 0.830441
3 0 0 0.853485

3
1 3 2342 0.845671
2 0 0 0.872094
3 0 0 0.744768

5
1 0 555 0.961309
2 1 1 1.03029
4 0 0 1.26981
5 0 0 1.05418
3 0 0 0.820724

3
1 0 8940 0.873976
2 0 0 0.961709
3 0 0 0.891394

3
1 1 1 0.878993
2 0 0 0.975446
3 0 0 0.839135

3
1 0 4422 0.824676
2 0 0 0.826839
3 0 0 0.891002

3
1 0 1346 0.816846
2 0 0 0.863516
3 0 0 0.942248

1
1 0 0 0.810246

3
1 1 1 0.891494
2 0 0 1.19932
3 0 0 0.839789

3
1 2 3 0.89275
2 0 0 0.946934
3 0 0 0.934681

3
1 0 1397 0.802737
2 0 0 0.954978
3 0 0 0.804712

3
1 3 8 0.84698
2 0 0 0.958292
3 0 0 0.854905

3
1 1 2 0.859594
2 0 0 0.708096
3 0 0 0.993198

3
1 3 199 0.85681
2 0 0 0.948994
3 0 0 0.827584

3
1 0 132 0.750844
2 0 0 0.916968
3 0 0 0.863871

3
1 1 1 0.816485
2 0 0 0.92371
3 0 0 0.836867

3
1 3 1626 0.870945
2 0 0 0.902905
3 0 0 0.898581

3
1 1 1 0.89299
2 0 0 0.975307
3 0 0 0.838675

3
1 1 1 0.871217
2 0 0 1.05599
3 0 0 0.828136

3
1 1 1 0.849037
2 0 0 0.954634
3 0 0 0.885328

5
1 1 2 0.919832
2 3 575 1.00312
4 0 0 1.05538
5 0 0 0.950147
3 0 0 1.08725

3
1 1 1 0.914418
2 0 0 0.974466
3 0 0 0.842082

1
1 0 0 0.864093

3
1 1 1 0.837759
2 0 0 0.909886
3 0 0 0.808796

5
1 3 133 0.702852
2 0 6468 1.00739
4 0 0 0.936514
5 0 0 0.93835
3 0 0 0.875158

5
1 3 756 0.956162
2 3 628 0.966482
4 0 0 1.01735
5 0 0 1.0032
3 0 0 0.861359

3
1 2 2 0.809506
2 0 0 0.860069
3 0 0 0.862765

5
1 1 2 0.870806
2 0 0 0.75681
3 2 3 1.0111
6 0 0 0.995623
7 0 0 1.08225

3
1 0 3862 0.872184
2 0 0 0.91978
3 0 0 0.861466

1
1 0 0 0.768261

3
1 2 4 0.838971
2 0 0 0.927637
3 0 0 0.952719

1
1 0 0 0.819085

3
1 0 119 0.835572
2 0 0 0.991788
3 0 0 0.830598

7
1 1 1 0.804221
2 3 4925 1.03885
4 0 0 0.978159
5 0 0 1.07009
3 3 2917 0.780396
6 0 0 0.891758
7 0 0 0.866885

3
1 1 1 0.853044
2 0 0 0.986078
3 0 0 0.766767

3
1 3 3000 0.914909
2 0 0 0.938781
3 0 0 0.868493

3
1 3 5316 0.859757
2 0 0 0.856351
3 0 0 0.945665

3
1 2 4 0.851052
2 0 0 0.869102
3 0 0 0.836565

1
1 0 0 0.870942

3
1 1 2 0.857657
2 0 0 0.790249
3 0 0 0.941036

3
1 1 1 0.954263
2 0 0 1.00587
3 0 0 0.892989

3
1 1 2 0.911695
2 0 0 0.921103
3 0 0 0.887442

3
1 1 1 0.784754
2 0 0 0.987654
3 0 0 0.878107

3
1 1 1 0.885579
2 0 0 1.04839
3 0 0 0.768031

7
1 0 7942 0.931428
2 0 4982 0.91967
4 0 0 0.91604
5 0 0 1.07183
3 3 4261 0.861888
6 0 0 0.946385
7 0 0 0.967205

5
1 1 1 0.779184
2 0 0 0.993162
3 0 6173 0.867899
6 0 0 0.998752
7 0 0 0.871956

3
1 3 52 0.757904
2 0 0 1.00807
3 0 0 0.71519

5
1 3 171 0.801371
2 3 63 1.06708
4 0 0 0.881879
5 0 0 0.869598
3 0 0 0.889995

1
1 0 0 0.743728

5
1 2 4 0.804795
2 0 0 0.781024
3 0 2908 0.867151
6 0 0 0.909307
7 0 0 0.900774

7
1 2 1 0.970524
2 0 0 0.936892
3 0 2269 0.960062
6 3 4025 1.07807
12 0 0 1.01241
13 0 0 0.956769
7 0 0 0.857073

3
1 0 331 0.884091
2 0 0 0.920865
3 0 0 0.858297

3
1 0 174 0.859614
2 0 0 0.962122
3 0 0 0.914146

1
1 0 0 0.71057

3
1 3 5092 0.857175
2 0 0 0.8728
3 0 0 0.993566

3
1 1 2 0.939639
2 0 0 0.866807
3 0 0 0.934384

3
1 2 1 0.809291
2 0 0 1.041
3 0 0 0.883875

3
1 0 3030 0.846864
2 0 0 0.907661
3 0 0 0.854539

3
1 2 1 0.90146
2 0 0 1.00477
3 0 0 0.90703

5
1 1 1 0.859827
2 2 4 0.995565
4 0 0 1.00026
5 0 0 0.87669
3 0 0 0.802625

3
1 1 1 0.866965
2 0 0 0.989222
3 0 0 0.820733

1
1 0 0 0.868105

5
1 2 2 0.907754
2 0 0 0.960044
3 2 3 1.00522
6 0 0 1.01521
7 0 0 0.97276

3
1 0 9867 0.892753
2 0 0 0.882865
3 0 0 0.888457

3
1 0 4301 0.850605
2 0 0 1.02
3 0 0 0.824574

9
1 1 2 0.89042
2 1 1 0.817887
4 0 0 1.09781
5 3 288 0.863654
10 0 0 0.964402
11 0 0 0.888456
3 2 1 0.957266
6 0 0 0.933711
7 0 0 1.04061

3
1 1 2 0.865217
2 0 0 0.852363
3 0 0 0.96336

3
1 1 1 0.896132
2 0 0 1.09738
3 0 0 0.853961

3
1 1 1 0.821359
2 0 0 1.10632
3 0 0 0.758469

3
1 1 1 0.932691
2 0 0 1.00856
3 0 0 0.791459

3
1 1 1 0.948509
2 0 0 1.08036
3 0 0 0.925389

5
1 2 2 0.898755
2 0 0 0.909019
3 1 2 0.913969
6 0 0 0.891034
7 0 0 0.94201

7
1 2 4 0.854629
2 0 0 0.961183
3 1 2 0.950646
6 0 0 1.04424
7 0 3849 1.10366
14 0 0 1.08483
15 0 0 1.0084

5
1 0 3624 0.866033
2 0 0 1.05725
3 3 470 0.880716
6 0 0 0.92445
7 0 0 0.879185

3
1 1 2 0.876351
2 0 0 0.749805
3 0 0 0.997561

3
1 1 1 0.826705
2 0 0 1.14896
3 0 0 0.833507

1
1 0 0 0.849831

3
1 2 1 0.832642
2 0 0 0.910766
3 0 0 0.899249

3
1 0 314 0.932656
2 0 0 0.996836
3 0 0 0.840068

3
1 2 3 0.938797
2 0 0 1.00446
3 0 0 0.965255

3
1 3 2859 0.912332
2 0 0 0.998639
3 0 0 0.818651

3
1 3 5377 0.880709
2 0 0 0.861193
3 0 0 0.961333

3
1 0 1102 0.764512
2 0 0 0.981935
3 0 0 0.789222

3
1 1 2 0.836507
2 0 0 0.858566
3 0 0 0.865134

7
1 0 1507 0.884781
2 0 0 0.891487
3 0 8590 1.02552
6 2 1 1.01869
12 0 0 0.982749
13 0 0 0.965642
7 0 0 0.882133

3
1 1 1 0.86336
2 0 0 1.0142
3 0 0 0.750668

3
1 0 187 0.707367
2 0 0 1.03742
3 0 0 0.691469

3
1 0 6541 0.971758
2 0 0 0.945481
3 0 0 0.847654

3
1 3 5392 0.781383
2 0 0 0.831232
3 0 0 1.038

1
1 0 0 0.877769

1
1 0 0 0.86709

3
1 2 2 0.969826
2 0 0 0.815379
3 0 0 0.890962

3
1 1 1 0.810721
2 0 0 1.07252
3 0 0 0.817329

3
1 1 2 0.883701
2 0 0 0.827431
3 0 0 0.939815

1
1 0 0 0.796721

5
1 0 8359 0.903717
2 1 2 0.888651
4 0 0 0.884462
5 0 0 1.19453
3 0 0 0.982518

5
1 0 325 0.840845
2 3 2930 1.06656
4 0 0 0.949019
5 0 0 1.01921
3 0 0 0.836665

5
1 0 5550 0.877245
2 3 3918 0.900751
4 0 0 0.917796
5 0 0 0.970352
3 0 0 0.883794

3
1 0 6191 0.915927
2 0 0 0.866658
3 0 0 0.906987

3
1 2 1 0.843767
2 0 0 0.833821
3 0 0 0.815667

1
1 0 0 0.774532

9
1 1 1 0.82934
2 0 0 1.09833
3 1 2 0.812376
6 0 0 0.904472
7 3 5283 1.02595
14 2 1 0.971923
28 0 0 0.90306
29 0 0 0.932423
15 0 0 1.00623

1
1 0 0 0.874892

3
1 3 2751 0.84465
2 0 0 0.896586
3 0 0 0.786711

1
1 0 0 0.793595

3
1 3 5345 0.793862
2 0 0 0.83712
3 0 0 0.941576

1
1 0 0 0.903523

3
1 0 1410 0.893262
2 0 0 1.01277
3 0 0 0.819115

3
1 2 3 0.877235
2 0 0 0.868114
3 0 0 0.911868

7
1 1 1 0.88205
2 2 3 0.93812
4 0 0 0.972059
5 0 0 0.899249
3 1 2 0.882323
6 0 0 0.783779
7 0 0 1.12245

5
1 0 5835 0.87306
2 0 0 0.897305
3 1 1 0.947892
6 0 0 1.0335
7 0 0 0.924664

5
1 0 956 0.87428
2 0 328 1.0041
4 0 0 0.943544
5 0 0 1.0215
3 0 0 0.776362

1
1 0 0 0.732169

5
1 0 5949 1.08396
2 0 0 1.09395
3 2 3 1.0598
6 0 0 0.85936
7 0 0 0.986153

3
1 1 1 0.897912
2 0 0 1.09259
3 0 0 0.848918

3
1 1 1 0.834156
2 0 0 0.919492
3 0 0 0.927138

3
1 1 2 0.856272
2 0 0 0.866928
3 0 0 0.828891

3
1 3 3264 0.881863
2 0 0 0.938984
3 0 0 0.78027

3
1 2 2 0.925944
2 0 0 1.01824
3 0 0 0.90924

1
1 0 0 0.706638

1
1 0 0 0.803138

5
1 2 1 0.986905
2 0 5146 1.05963
4 0 0 0.982304
5 0 0 0.943349
3 0 0 0.902903

3
1 0 9653 0.853899
2 0 0 0.880337
3 0 0 1.06806

3
1 1 1 0.837759
2 0 0 1.14025
3 0 0 0.845074

7
1 1 1 0.827348
2 3 4204 1.01695
4 0 0 1.05209
5 0 752 0.891484
10 0 0 0.884196
11 0 0 0.931551
3 0 0 0.7386

3
1 0 8369 1.01718
2 0 0 0.96219
3 0 0 0.97483

1
1 0 0 0.887639

1
1 0 0 0.975757

1
1 0 0 0.845358

3
1 3 2210 0.910352
2 0 0 0.900403
3 0 0 0.88242

3
1 0 3747 0.851222
2 0 0 0.985799
3 0 0 0.818716

5
1 0 715 0.811267
2 3 4135 1.02722
4 0 0 0.873692
5 0 0 0.971859
3 0 0 0.869136

3
1 1 2 0.84163
2 0 0 0.833637
3 0 0 1.04911

5
1 2 2 0.818078
2 0 0 0.883702
3 3 2567 0.986846
6 0 0 0.883004
7 0 0 0.886143

1
1 0 0 0.790131

3
1 2 4 0.861664
2 0 0 0.906051
3 0 0 0.934241

1
1 0 0 0.823818

3
1 1 1 0.884942
2 0 0 1.01688
3 0 0 0.745867

1
1 0 0 0.663611

3
1 1 2 0.857657
2 0 0 0.804841
3 0 0 0.970559

5
1 1 1 0.874907
2 0 0 1.05575
3 3 5276 0.964965
6 0 0 0.937705
7 0 0 0.958804

3
1 0 563 0.847296
2 0 0 1.05176
3 0 0 0.805317

3
1 3 1500 0.868775
2 0 0 1.02565
3 0 0 0.844536

3
1 1 1 0.856718
2 0 0 0.935326
3 0 0 0.783974

3
1 0 5230 0.969442
2 0 0 1.04409
3 0 0 0.949627

3
1 1 1 0.779184
2 0 0 0.924211
3 0 0 0.852516

1
1 0 0 0.864461

3
1 1 1 0.871
2 0 0 1.0469
3 0 0 0.832879

1
1 0 0 0.833399

1
1 0 0 0.801687

3
1 1 1 0.828965
2 0 0 0.95024
3 0 0 0.838544

3
1 1 2 0.869008
2 0 0 0.907091
3 0 0 1.12523

3
1 2 4 0.89688
2 0 0 0.797136
3 0 0 0.935683

3
1 1 1 0.925955
2 0 0 0.971072
3 0 0 0.900381

3
1 1 1 0.820099
2 0 0 1.01032
3 0 0 0.777924

1
1 0 0 0.847844

5
1 1 1 0.938783
2 0 1573 0.972064
4 0 0 0.990381
5 0 0 0.983358
3 0 0 0.753526

3
1 2 1 0.89806
2 0 0 0.867868
3 0 0 0.928476

1
1 0 0 0.806405

3
1 1 2 0.870556
2 0 0 0.795855
3 0 0 0.89121

3
1 1 2 0.892351
2 0 0 0.782553
3 0 0 1.03671

3
1 3 2536 0.916207
2 0 0 0.838311
3 0 0 0.941696

3
1 1 2 0.849507
2 0 0 0.782008
3 0 0 1.04927

3
1 1 1 0.893591
2 0 0 1.07996
3 0 0 0.852393

1
1 0 0 0.852593

3
1 1 1 0.927035
2 0 0 0.983747
3 0 0 0.888485

1
1 0 0 0.680108

3
1 0 203 0.729393
2 0 0 1.08607
3 0 0 0.764226

3
1 2 3 0.831743
2 0 0 0.837021
3 0 0 0.909664

3
1 1 1 0.932691
2 0 0 0.932737
3 0 0 0.769146

3
1 1 1 0.948509
2 0 0 0.965476
3 0 0 0.752615

5
1 1 1 0.985608
2 2 3 0.998712
4 0 0 1.04666
5 0 0 0.914601
3 0 0 0.786351

3
1 3 3063 1.04934
2 0 0 0.958192
3 0 0 0.777732

1
1 0 0 0.743269

3
1 2 4 0.90963
2 0 0 0.811979
3 0 0 0.899323

3
1 1 1 0.826705
2 0 0 1.17543
3 0 0 0.896151

3
1 3 2837 0.866437
2 0 0 1.01995
3 0 0 0.872951

3
1 2 2 0.87604
2 0 0 0.985261
3 0 0 0.899092

5
1 0 3013 0.943355
2 0 0 0.938098
3 1 1 0.871529
6 0 0 0.940271
7 0 0 0.818397

3
1 0 7042 0.915821
2 0 0 0.97965
3 0 0 0.868031

5
1 3 4064 0.931822
2 2 1 0.921489
4 0 0 0.998051
5 0 0 0.884383
3 0 0 0.992153

5
1 3 4432 0.896592
2 0 0 0.875858
3 0 3155 0.962974
6 0 0 0.940782
7 0 0 0.950549

3
1 0 6309 0.864545
2 0 0 0.854638
3 0 0 0.890329

5
1 2 1 0.914298
2 0 0 0.805462
3 3 4852 0.906064
6 0 0 0.864129
7 0 0 0.93166

5
1 2 1 0.917846
2 1 1 0.912231
4 0 0 1.08696
5 0 0 0.841651
3 0 0 0.881064

7
1 1 1 0.884092
2 3 3781 1.05204
4 0 0 0.994525
5 0 8541 1.09414
10 0 0 1.0856
11 0 0 1.03224
3 0 0 0.81295

5
1 2 3 0.90646
2 0 8772 0.915044
4 0 0 0.94835
5 0 0 0.936178
3 0 0 0.885778

5
1 0 5038 0.906399
2 3 5248 0.887089
4 0 0 0.905772
5 0 0 0.855268
3 0 0 0.86376

3
1 1 1 0.868597
2 0 0 1.03262
3 0 0 0.728892

3
1 1 1 0.763089
2 0 0 0.967937
3 0 0 0.847117

7
1 2 4 0.821737
2 0 0 0.81403
3 1 1 0.948894
6 3 4205 1.06751
12 0 0 1.00706
13 0 0 0.88845
7 0 0 0.956

3
1 1 1 0.87495
2 0 0 1.07322
3 0 0 0.824421

7
1 1 1 0.846073
2 0 5847 1.02012
4 0 0 0.990375
5 0 0 0.967355
3 1 2 0.885864
6 0 0 0.910729
7 0 0 1.02838

1
1 0 0 0.721991

1
1 0 0 0.80411

3
1 2 1 0.906734
2 0 0 0.853222
3 0 0 0.893747

1
1 0 0 0.744444

3
1 1 1 0.830929
2 0 0 1.14328
3 0 0 0.730439

3
1 3 4357 0.89992
2 0 0 0.922594
3 0 0 0.952593

3
1 1 2 0.857673
2 0 0 0.847315
3 0 0 0.993469

3
1 3 2801 0.969226
2 0 0 0.90759
3 0 0 0.838645

5
1 2 2 0.888659
2 0 0 0.912142
3 0 2772 0.9004
6 0 0 0.966225
7 0 0 0.927782

5
1 0 1076 0.843706
2 1 1 0.996468
4 0 0 1.10595
5 0 0 0.893255
3 0 0 0.821882

1
1 0 0 0.82317

1
1 0 0 0.732272

5
1 0 9932 0.97887
2 2 1 0.984749
4 0 0 0.894119
5 0 0 0.970496
3 0 0 0.970888

3
1 2 1 0.843976
2 0 0 0.880317
3 0 0 0.944373

3
1 0 7297 0.853455
2 0 0 0.881205
3 0 0 0.870563

7
1 3 4030 0.892744
2 2 1 0.915115
4 0 0 0.976747
5 3 3817 0.955825
10 0 0 0.940517
11 0 0 0.938743
3 0 0 0.896981

7
1 3 218 0.882217
2 0 0 1.02783
3 0 2939 0.913352
6 2 1 1.03583
12 0 0 0.926319
13 0 0 0.926955
7 0 0 0.888355

3
1 1 1 0.83093
2 0 0 0.932262
3 0 0 0.823946

3
1 1 2 0.808846
2 0 0 0.795425
3 0 0 0.841413

5
1 2 1 0.936879
2 3 3343 0.982895
4 0 0 1.02212
5 0 0 0.795262
3 0 0 0.922657

1
1 0 0 0.769344

3
1 1 2 0.841559
2 0 0 0.877701
3 0 0 0.942941

5
1 1 1 0.88954
2 3 2408 1.00477
4 0 0 0.943503
5 0 0 1.00545
3 0 0 0.851634

1
1 0 0 0.748971

3
1 1 1 0.960921
2 0 0 0.929924
3 0 0 0.701803

5
1 2 1 0.960591
2 0 0 0.977794
3 1 2 0.949285
6 0 0 0.938934
7 0 0 0.913471

3
1 2 2 0.98615
2 0 0 0.93482
3 0 0 0.982646

3
1 1 1 0.847766
2 0 0 1.04682
3 0 0 0.914885

3
1 0 3317 0.840195
2 0 0 0.937039
3 0 0 0.921729

5
1 1 2 0.843427
2 0 0 0.762476
3 0 584 0.920219
6 0 0 1.02299
7 0 0 0.950525

5
1 0 4737 0.879298
2 0 0 1.02227
3 3 2485 0.853408
6 0 0 0.857158
7 0 0 0.828575

5
1 1 1 0.804521
2 2 3 0.923497
4 0 0 0.98749
5 0 0 0.89216
3 0 0 0.798307

3
1 1 2 0.949153
2 0 0 0.78112
3 0 0 1.00621

1
1 0 0 0.743299

1
1 0 0 0.737671

3
1 3 629 0.856779
2 0 0 0.917733
3 0 0 0.799481

3
1 0 7507 0.890642
2 0 0 1.06315
3 0 0 0.916036

7
1 0 7712 0.971577
2 0 0 0.971162
3 1 2 0.961879
6 0 0 0.830043
7 2 4 1.09822
14 0 0 0.946785
15 0 0 1.01885

3
1 0 1485 0.803327
2 0 0 0.944101
3 0 0 0.854349

3
1 1 2 0.95861
2 0 0 0.871882
3 0 0 1.07098

1
1 0 0 0.934961

3
1 3 4567 0.836932
2 0 0 1.06606
3 0 0 0.898898

3
1 0 1515 0.869246
2 0 0 1.00941
3 0 0 0.843511

1
1 0 0 0.833583

3
1 3 4419 0.799225
2 0 0 0.81096
3 0 0 0.927799

1
1 0 0 0.811193

5
1 1 1 0.900538
2 0 0 0.911593
3 3 2685 0.896711
6 0 0 1.01721
7 0 0 0.908899

1
1 0 0 0.834893

1
1 0 0 0.910884

3
1 0 7877 0.917457
2 0 0 0.910071
3 0 0 0.977927

3
1 1 1 0.856718
2 0 0 1.10639
3 0 0 0.73019

3
1 3 2941 0.848932
2 0 0 0.960087
3 0 0 0.87279

1
1 0 0 0.843128

3
1 1 2 0.846987
2 0 0 0.788093
3 0 0 0.977477

5
1 1 1 0.871
2 0 0 1.05286
3 2 2 0.954179
6 0 0 0.893986
7 0 0 0.780405

3
1 1 1 0.921638
2 0 0 0.818552
3 0 0 0.72047

5
1 2 3 0.861543
2 0 0 0.801317
3 0 6825 0.889203
6 0 0 0.914432
7 0 0 1.0022

5
1 2 1 0.844018
2 0 0 0.947034
3 0 8181 0.869905
6 0 0 0.850508
7 0 0 1.02463

3
1 1 1 0.866248
2 0 0 1.04547
3 0 0 0.827679

3
1 0 390 0.821883
2 0 0 1.0284
3 0 0 0.802602

5
1 1 1 0.925955
2 0 6804 0.961708
4 0 0 0.974731
5 0 0 1.06083
3 0 0 0.841004

3
1 2 1 0.853101
2 0 0 0.816172
3 0 0 0.862294

1
1 0 0 0.824285

1
1 0 0 0.796634

3
1 1 1 0.90637
2 0 0 1.07952
3 0 0 0.823504

3
1 0 9177 0.82819
2 0 0 0.888304
3 0 0 0.870855

5
1 0 9379 1.00237
2 3 2654 0.931185
4 0 0 0.945431
5 0 0 1.03174
3 0 0 0.889075

3
1 2 4 0.867203
2 0 0 0.916446
3 0 0 0.845472

3
1 1 1 0.898025
2 0 0 0.95773
3 0 0 0.739789

3
1 1 2 0.849507
2 0 0 0.811865
3 0 0 0.976785

1
1 0 0 0.808631

5
1 1 2 0.794486
2 0 0 0.880893
3 2 4 1.09882
6 0 0 1.10388
7 0 0 0.998626

3
1 1 2 0.911476
2 0 0 0.878681
3 0 0 1.05662

1
1 0 0 0.867465

3
1 1 1 0.870922
2 0 0 0.985631
3 0 0 0.871958

3
1 1 1 0.887289
2 0 0 1.06347
3 0 0 0.810244

3
1 3 4984 0.924042
2 0 0 0.963931
3 0 0 0.96412

3
1 1 1 0.948509
2 0 0 1.00513
3 0 0 0.755799

3
1 2 3 0.863592
2 0 0 0.901113
3 0 0 0.931823

5
1 1 2 0.944658
2 0 0 0.810303
3 0 2868 1.02938
6 0 0 1.05872
7 0 0 1.01673

3
1 0 179 0.784303
2 0 0 1.05954
3 0 0 0.799889

1
1 0 0 0.766959

3
1 1 1 0.826705
2 0 0 1.02387
3 0 0 0.841186

1
1 0 0 0.735886

1
1 0 0 0.725531

3
1 1 2 0.978519
2 0 0 0.94451
3 0 0 0.931703

5
1 3 3424 0.969155
2 0 0 0.988942
3 3 4253 1.00345
6 0 0 0.972791
7 0 0 0.928104

7
1 2 4 0.879577
2 0 0 0.750851
3 0 1400 0.967925
6 0 0 1.08622
7 0 5463 0.995808
14 0 0 0.994935
15 0 0 0.966985

3
1 1 1 0.91219
2 0 0 0.963698
3 0 0 0.95155

7
1 3 5338 0.926798
2 2 1 0.876696
4 0 0 1.01924
5 2 2 0.914077
10 0 0 0.850104
11 0 0 0.928025
3 0 0 1.02453

3
1 2 1 0.883287
2 0 0 0.926891
3 0 0 0.889416

3
1 0 89 0.834075
2 0 0 1.03409
3 0 0 0.801597

3
1 1 1 0.884092
2 0 0 0.951005
3 0 0 0.897932

5
1 0 7611 0.888906
2 3 2601 0.977312
4 0 0 0.965076
5 0 0 0.903705
3 0 0 0.892992

3
1 1 2 0.887183
2 0 0 0.85382
3 0 0 0.891091

3
1 1 1 0.868597
2 0 0 0.937056
3 0 0 0.845455

3
1 0 2733 0.829206
2 0 0 0.949397
3 0 0 0.853767

7
1 0 4800 0.915922
2 0 0 0.973772
3 1 2 0.901824
6 0 0 1.03213
7 2 4 0.868383
14 0 0 0.957318
15 0 0 1.10866

3
1 1 1 0.87495
2 0 0 1.12052
3 0 0 0.699417

3
1 2 2 0.944678
2 0 0 0.951504
3 0 0 0.96925

1
1 0 0 0.781669

3
1 1 1 0.817579
2 0 0 0.922482
3 0 0 0.810152

1
1 0 0 0.766417

5
1 1 2 0.840241
2 0 0 0.861335
3 2 2 0.965646
6 0 0 0.910808
7 0 0 0.998839

3
1 1 1 0.830929
2 0 0 1.02738
3 0 0 0.890557

5
1 3 1675 0.851927
2 3 1100 0.970267
4 0 0 0.872361
5 0 0 0.904903
3 0 0 0.870406

3
1 1 1 0.835155
2 0 0 1.07965
3 0 0 0.841831

1
1 0 0 0.837002

1
1 0 0 0.807735

3
1 2 1 0.848957
2 0 0 0.960343
3 0 0 0.873684

3
1 3 3901 0.940502
2 0 0 0.93915
3 0 0 0.806777

3
1 1 1 0.768775
2 0 0 0.947985
3 0 0 0.843631

1
1 0 0 0.781483

3
1 0 1331 0.865501
2 0 0 1.04354
3 0 0 0.875436

3
1 0 581 0.754706
2 0 0 0.86645
3 0 0 0.775309

3
1 0 8760 0.920033
2 0 0 0.903721
3 0 0 0.976444

3
1 1 2 0.915195
2 0 0 0.767115
3 0 0 1.03734

3
1 0 4496 0.837196
2 0 0 0.877871
3 0 0 0.762191

3
1 2 3 0.942494
2 0 0 0.968146
3 0 0 0.837251

3
1 1 2 0.885968
2 0 0 0.786078
3 0 0 1.00838

1
1 0 0 0.899457

3
1 2 2 0.920521
2 0 0 0.942926
3 0 0 0.84632

3
1 3 2856 0.875467
2 0 0 1.12597
3 0 0 0.850791

5
1 0 8911 0.865049
2 0 0 0.959436
3 0 9893 0.996236
6 0 0 0.989068
7 0 0 0.947308

3
1 1 1 0.960921
2 0 0 1.0273
3 0 0 0.825618

3
1 1 1 0.873773
2 0 0 0.837531
3 0 0 0.874665

3
1 1 1 0.856785
2 0 0 1.12192
3 0 0 0.738879

5
1 1 1 0.847766
2 3 2950 0.918666
4 0 0 0.885468
5 0 0 0.855059
3 0 0 0.794686

3
1 1 1 0.886451
2 0 0 1.0159
3 0 0 0.769948

3
1 1 1 0.8941
2 0 0 0.994213
3 0 0 0.758547

1
1 0 0 0.824442

5
1 1 2 0.893272
2 3 1388 0.839714
4 0 0 1.01877
5 0 0 0.806135
3 0 0 0.915417

7
1 3 1016 0.96356
2 0 4498 0.951595
4 0 0 0.899258
5 3 902 0.987978
10 0 0 1.00622
11 0 0 1.0338
3 0 0 0.896803

3
1 2 3 0.878212
2 0 0 0.859968
3 0 0 0.865561

3
1 1 1 0.954618
2 0 0 1.02082
3 0 0 0.819656

1
1 0 0 0.787906

3
1 2 3 0.871495
2 0 0 0.833005
3 0 0 0.89683

3
1 1 2 0.863778
2 0 0 0.89986
3 0 0 0.940322

5
1 0 4588 0.868527
2 0 0 0.890105
3 1 2 0.902158
6 0 0 0.901159
7 0 0 0.94811

3
1 0 8468 0.820599
2 0 0 1.01163
3 0 0 0.945983

1
1 0 0 0.673048

3
1 0 142 0.839968
2 0 0 0.981515
3 0 0 0.795621

7
1 3 829 0.90106
2 1 2 0.903288
4 0 0 0.89099
5 0 6750 1.08347
10 0 0 1.14186
11 0 0 0.950781
3 0 0 0.917054

5
1 0 5550 0.867915
2 0 0 1.13105
3 0 8158 0.939386
6 0 0 1.00864
7 0 0 0.896587

3
1 0 4848 0.917817
2 0 0 0.931413
3 0 0 0.899143

5
1 3 5161 0.982347
2 0 0 0.918741
3 3 5200 0.970872
6 0 0 1.04875
7 0 0 0.897403

5
1 2 2 0.841647
2 0 0 0.934211
3 0 7183 0.882012
6 0 0 0.901895
7 0 0 0.910627

3
1 0 204 0.793682
2 0 0 0.969514
3 0 0 0.831254

3
1 3 3410 0.908187
2 0 0 0.869239
3 0 0 0.91997

5
1 0 3184 0.920818
2 0 0 1.02364
3 1 2 0.900454
6 0 0 0.907426
7 0 0 0.84259

3
1 1 2 0.840236
2 0 0 0.870816
3 0 0 0.98634

3
1 3 150 0.912965
2 0 0 0.9704
3 0 0 0.932893

3
1 1 1 0.842279
2 0 0 1.12864
3 0 0 0.695925

3
1 1 1 0.845518
2 0 0 1.07379
3 0 0 0.792016

3
1 1 2 0.812289
2 0 0 0.78109
3 0 0 0.934491

3
1 0 426 0.754616
2 0 0 1.06283
3 0 0 0.750655

3
1 0 3027 0.878332
2 0 0 0.982774
3 0 0 0.826553

5
1 2 3 0.868934
2 0 3845 0.872147
4 0 0 0.97578
5 0 0 0.883309
3 0 0 1.05421

3
1 1 2 0.929388
2 0 0 0.742675
3 0 0 0.906214

5
1 1 1 0.803399
2 0 0 0.99705
3 1 2 0.844972
6 0 0 0.796834
7 0 0 0.940315

3
1 3 4912 0.884665
2 0 0 0.798645
3 0 0 0.955052

3
1 1 1 0.85326
2 0 0 0.993261
3 0 0 0.851008

1
1 0 0 0.704712

3
1 1 2 0.882429
2 0 0 0.843563
3 0 0 1.03948

5
1 1 2 0.959444
2 0 0 0.944007
3 0 8813 1.00371
6 0 0 1.06667
7 0 0 1.07773

3
1 1 1 0.830683
2 0 0 1.07867
3 0 0 0.847422

1
1 0 0 0.910594

3
1 0 7334 0.854917
2 0 0 0.920596
3 0 0 0.860259

1
1 0 0 0.758122

1
1 0 0 0.863347

1
1 0 0 0.747391

1
1 0 0 0.875723

3
1 3 4645 0.817737
2 0 0 0.839095
3 0 0 0.83781

3
1 2 4 0.956691
2 0 0 0.895792
3 0 0 0.854558

3
1 1 1 0.870922
2 0 0 0.98744
3 0 0 0.811313

3
1 2 2 0.883186
2 0 0 0.877172
3 0 0 0.940458

3
1 1 1 0.876665
2 0 0 1.03853
3 0 0 0.78205

3
1 1 1 0.877148
2 0 0 1.05028
3 0 0 0.769054

3
1 1 2 0.826016
2 0 0 0.819334
3 0 0 0.971218

3
1 2 2 0.846227
2 0 0 0.842454
3 0 0 0.853579

3
1 0 1335 0.817365
2 0 0 0.917903
3 0 0 0.821625

1
1 0 0 0.846569

3
1 3 1473 0.794194
2 0 0 0.996608
3 0 0 0.854569

1
1 0 0 0.800827

1
1 0 0 0.892836

3
1 3 3896 0.876947
2 0 0 0.890614
3 0 0 0.878117

3
1 1 1 0.9331
2 0 0 0.960478
3 0 0 0.812062

5
1 1 1 0.916608
2 0 6523 0.972547
4 0 0 1.06509
5 0 0 0.840322
3 0 0 0.75273

3
1 0 3015 0.867129
2 0 0 0.967698
3 0 0 0.813798

3
1 3 108 0.817355
2 0 0 0.924077
3 0 0 0.818005

3
1 1 1 0.841535
2 0 0 0.984873
3 0 0 0.799913

1
1 0 0 0.85139

3
1 1 2 0.862395
2 0 0 0.856037
3 0 0 1.1518

3
1 3 4498 0.894732
2 0 0 0.879704
3 0 0 0.921339

1
1 0 0 0.828495

5
1 1 1 0.850546
2 2 3 1.01566
4 0 0 0.954083
5 0 0 1.0024
3 0 0 0.868531

3
1 2 3 0.877606
2 0 0 0.848767
3 0 0 0.926695

3
1 0 584 0.763922
2 0 0 0.995902
3 0 0 0.757949

5
1 1 1 0.866126
2 0 519 0.968766
4 0 0 1.01234
5 0 0 0.988895
3 0 0 0.820848

3
1 0 8434 0.906962
2 0 0 0.959558
3 0 0 0.858357

7
1 1 1 0.906099
2 0 8738 1.08014
4 0 0 0.963734
5 0 0 0.98475
3 1 2 0.842582
6 0 0 0.974426
7 0 0 0.917565

3
1 0 1728 0.81532
2 0 0 0.986294
3 0 0 0.814575

3
1 3 5290 0.885257
2 0 0 0.863898
3 0 0 0.908623

3
1 1 1 0.820325
2 0 0 1.08043
3 0 0 0.921759

3
1 3 2884 0.897469
2 0 0 0.848031
3 0 0 0.824751

3
1 0 128 0.880074
2 0 0 0.897851
3 0 0 0.822607

1
1 0 0 0.80309

3
1 3 3662 0.864966
2 0 0 0.912488
3 0 0 0.843457

3
1 1 1 0.848106
2 0 0 1.01779
3 0 0 0.833428

1
1 0 0 0.828681

3
1 3 2938 0.864815
2 0 0 0.949203
3 0 0 0.835554

1
1 0 0 0.825284

3
1 1 1 0.927869
2 0 0 1.06214
3 0 0 0.791194

3
1 3 5029 0.854296
2 0 0 0.868129
3 0 0 0.891827

3
1 0 8625 0.89478
2 0 0 0.897263
3 0 0 0.885903

3
1 0 3338 0.84215
2 0 0 1.05294
3 0 0 0.870092

5
1 1 2 0.920884
2 0 0 0.820642
3 2 4 1.15688
6 0 0 1.15408
7 0 0 1.05716

3
1 3 5321 0.944127
2 0 0 0.941787
3 0 0 0.923988

3
1 2 3 0.894385
2 0 0 1.02517
3 0 0 0.886805

1
1 0 0 0.758095

3
1 3 726 0.772933
2 0 0 0.876301
3 0 0 0.81091

5
1 2 4 0.820777
2 0 0 0.772999
3 1 2 0.964586
6 0 0 0.966497
7 0 0 0.981609

3
1 0 7451 0.900269
2 0 0 0.975856
3 0 0 0.93913

3
1 1 1 0.986729
2 0 0 0.967855
3 0 0 0.771916

3
1 1 1 0.960921
2 0 0 0.951629
3 0 0 0.844183

3
1 2 2 0.855343
2 0 0 0.823081
3 0 0 0.897453

3
1 0 1369 0.869923
2 0 0 0.929643
3 0 0 0.841755

3
1 1 2 0.913271
2 0 0 0.861622
3 0 0 1.03892

5
1 3 4760 0.775402
2 0 0 0.805861
3 1 1 0.973248
6 0 0 0.987594
7 0 0 0.915027

3
1 1 1 0.8941
2 0 0 1.03951
3 0 0 0.853626

3
1 1 1 0.80946
2 0 0 0.955426
3 0 0 0.790397

1
1 0 0 0.850595

3
1 1 1 0.944543
2 0 0 1.08537
3 0 0 0.856333

3
1 1 2 0.806123
2 0 0 0.801208
3 0 0 0.913497

1
1 0 0 0.745123

5
1 1 1 0.924615
2 3 2887 1.00936
4 0 0 1.0352
5 0 0 0.990514
3 0 0 0.955276

5
1 1 1 0.819907
2 0 0 0.968155
3 1 2 0.848135
6 0 0 0.782266
7 0 0 0.90884

3
1 1 2 0.867866
2 0 0 0.833191
3 0 0 1.00156

3
1 1 2 0.803301
2 0 0 0.790483
3 0 0 0.924653

3
1 1 2 0.904085
2 0 0 0.882441
3 0 0 0.980109

3
1 2 4 0.861085
2 0 0 0.931972
3 0 0 0.870881

3
1 3 1148 0.943918
2 0 0 0.879855
3 0 0 0.782414

1
1 0 0 0.883308

1
1 0 0 0.774331

3
1 1 2 0.842134
2 0 0 0.844988
3 0 0 0.876017

1
1 0 0 0.757313

3
1 3 2837 0.907893
2 0 0 0.970815
3 0 0 0.826685

3
1 2 4 0.891241
2 0 0 0.986458
3 0 0 0.932364

3
1 1 1 0.797932
2 0 0 1.04135
3 0 0 0.78724

1
1 0 0 0.877153

5
1 0 220 0.855768
2 2 1 0.929156
4 0 0 1.05038
5 0 0 0.947733
3 0 0 0.878136

3
1 1 1 0.896714
2 0 0 1.05839
3 0 0 0.901631

3
1 1 1 0.937082
2 0 0 0.903624
3 0 0 0.800061

3
1 0 361 0.858769
2 0 0 1.06848
3 0 0 0.915988

3
1 2 3 0.829813
2 0 0 0.853001
3 0 0 0.821868

5
1 0 5290 0.904242
2 1 2 1.01328
4 0 0 0.943239
5 0 0 0.989374
3 0 0 0.78591

3
1 1 1 0.837316
2 0 0 0.91364
3 0 0 0.902654

3
1 0 80 0.846498
2 0 0 1.0388
3 0 0 0.874124

5
1 0 3089 0.894723
2 0 0 0.96592
3 2 4 0.887071
6 0 0 0.861861
7 0 0 1.08522

3
1 1 1 0.803399
2 0 0 1.10432
3 0 0 0.865342

1
1 0 0 0.903434

3
1 0 4817 0.814307
2 0 0 0.806653
3 0 0 0.822695

1
1 0 0 0.808968

1
1 0 0 0.835975

3
1 2 4 0.864195
2 0 0 0.883217
3 0 0 0.889721

3
1 3 44 0.922939
2 0 0 0.962457
3 0 0 0.904608

1
1 0 0 0.797115

1
1 0 0 0.974206

5
1 2 3 0.880994
2 0 0 0.931282
3 0 2902 0.997156
6 0 0 0.908148
7 0 0 0.992977

5
1 1 1 0.866861
2 3 2071 0.940105
4 0 0 1.01246
5 0 0 1.03914
3 0 0 0.774823

1
1 0 0 0.811324

5
1 2 3 0.941009
2 0 0 0.895219
3 0 3627 0.967671
6 0 0 0.950801
7 0 0 0.940913

1
1 0 0 0.791107

3
1 1 1 0.914054
2 0 0 0.823181
3 0 0 0.806395

3
1 0 7067 1.00656
2 0 0 1.03365
3 0 0 0.931091

3
1 1 2 0.940332
2 0 0 0.939183
3 0 0 0.925034

5
1 1 2 0.919675
2 3 5047 0.808577
4 0 0 0.811395
5 0 0 1.03919
3 0 0 0.951872

1
1 0 0 0.866087

3
1 1 1 0.926798
2 0 0 0.995581
3 0 0 0.894805

1
1 0 0 0.872634

3
1 2 1 0.872638
2 0 0 0.983216
3 0 0 0.813342

3
1 0 1428 0.879473
2 0 0 1.00377
3 0 0 0.88153

3
1 0 575 0.905207
2 0 0 0.946249
3 0 0 0.741018

1
1 0 0 0.878326

3
1 2 4 0.870814
2 0 0 0.861139
3 0 0 0.906225

1
1 0 0 0.696691

3
1 1 1 0.850281
2 0 0 1.04616
3 0 0 0.853838

5
1 2 3 0.931067
2 0 0 0.851296
3 1 2 0.968746
6 0 0 0.996815
7 0 0 0.969291

1
1 0 0 0.808669

3
1 3 5093 0.913819
2 0 0 0.762233
3 0 0 0.99606

3
1 1 1 0.841535
2 0 0 0.977751
3 0 0 0.851865

3
1 1 1 0.927734
2 0 0 1.04212
3 0 0 0.834072

3
1 1 1 0.923
2 0 0 1.0178
3 0 0 0.883075

7
1 3 161 0.710428
2 2 2 1.10557
4 0 0 0.932749
5 3 70 1.07897
10 0 0 1.01863
11 0 0 1.00025
3 0 0 0.734658

3
1 3 862 0.881379
2 0 0 0.964088
3 0 0 1.01232

3
1 3 125 0.887182
2 0 0 0.880831
3 0 0 0.879632

3
1 0 9575 0.902926
2 0 0 0.898313
3 0 0 0.902981

3
1 1 1 0.845448
2 0 0 1.08918
3 0 0 0.757109

3
1 1 1 0.866126
2 0 0 1.01434
3 0 0 0.767154

5
1 3 3966 0.889923
2 2 1 0.897817
4 0 0 0.978691
5 0 0 0.901237
3 0 0 0.858645

1
1 0 0 0.827821

5
1 2 4 0.898005
2 3 3650 0.888043
4 0 0 0.900846
5 0 0 0.804864
3 0 0 0.922689

1
1 0 0 0.698074

3
1 0 9305 0.918193
2 0 0 0.929184
3 0 0 0.860477

1
1 0 0 0.907801

3
1 1 2 0.894391
2 0 0 0.77054
3 0 0 0.895434

5
1 3 5241 0.867756
2 1 2 0.867185
4 0 0 0.905229
5 0 0 0.970188
3 0 0 0.980041

1
1 0 0 0.860808

1
1 0 0 0.903385

9
1 3 2271 0.847705
2 2 3 1.07978
4 0 0 0.86522
5 0 0 1.08992
3 3 4898 1.02854
6 0 0 0.91194
7 0 5274 1.00225
14 0 0 0.923201
15 0 0 0.876983

3
1 2 4 0.911923
2 0 0 0.91833
3 0 0 0.930915

3
1 3 5312 0.752913
2 0 0 0.809634
3 0 0 0.900552

3
1 0 9365 0.902903
2 0 0 0.916502
3 0 0 0.897325

3
1 1 1 0.83668
2 0 0 1.02114
3 0 0 0.728446

3
1 1 1 0.907853
2 0 0 0.9983
3 0 0 0.761814

3
1 1 1 0.871107
2 0 0 0.993532
3 0 0 0.853868

3
1 0 1177 0.858756
2 0 0 1.11793
3 0 0 0.86576

5
1 1 2 0.872096
2 0 0 0.806891
3 2 1 0.972931
6 0 0 0.965276
7 0 0 0.988295

5
1 3 3103 0.85658
2 0 0 0.903231
3 0 9745 0.834102
6 0 0 0.864325
7 0 0 0.920694

3
1 0 557 0.912238
2 0 0 0.951643
3 0 0 0.939389

3
1 3 1511 0.814037
2 0 0 0.976818
3 0 0 0.758673

1
1 0 0 0.836979

1
1 0 0 0.831739

5
1 3 2433 0.93323
2 1 2 0.92888
4 0 0 1.01769
5 0 0 1.04707
3 0 0 0.994496

3
1 1 1 0.960921
2 0 0 1.02053
3 0 0 0.684233

3
1 1 1 0.962216
2 0 0 1.05948
3 0 0 0.91277

1
1 0 0 0.854905

3
1 1 2 0.871033
2 0 0 0.805255
3 0 0 1.00586

5
1 1 1 0.879501
2 0 7576 1.02706
4 0 0 0.950902
5 0 0 1.00554
3 0 0 0.884453

3
1 1 1 0.867702
2 0 0 1.02313
3 0 0 0.811818

3
1 1 1 0.80946
2 0 0 0.951181
3 0 0 0.870859

3
1 1 1 0.921935
2 0 0 0.934866
3 0 0 0.754506

1
1 0 0 0.853554

1
1 0 0 0.765632

3
1 1 2 0.861792
2 0 0 0.897118
3 0 0 0.99401

3
1 1 2 0.865407
2 0 0 0.826902
3 0 0 0.999798

3
1 3 2988 0.950587
2 0 0 0.964355
3 0 0 0.708751

3
1 0 5510 0.914378
2 0 0 0.925202
3 0 0 0.914717

3
1 3 142 0.785913
2 0 0 0.943442
3 0 0 0.77607

5
1 1 1 0.817515
2 2 1 0.924033
4 0 0 1.10073
5 0 0 0.88579
3 0 0 0.788897

3
1 2 1 0.899171
2 0 0 0.849949
3 0 0 0.916331

1
1 0 0 0.79306

5
1 3 4234 0.89425
2 3 3249 1.06697
4 0 0 1.0334
5 0 0 1.08971
3 0 0 0.898931

3
1 0 4410 0.881157
2 0 0 0.94795
3 0 0 0.88887

1
1 0 0 0.793538

5
1 2 3 0.948274
2 0 0 0.948028
3 2 4 0.957778
6 0 0 0.966355
7 0 0 0.864849

5
1 1 2 0.837363
2 0 0 0.877425
3 0 8333 1.05318
6 0 0 1.12321
7 0 0 1.01836

3
1 0 572 0.832613
2 0 0 1.22199
3 0 0 0.989631

1
1 0 0 0.750413

3
1 2 2 0.849807
2 0 0 0.835491
3 0 0 0.845749

5
1 1 1 0.808648
2 3 4699 1.1395
4 0 0 1.14039
5 0 0 1.04703
3 0 0 0.881523

3
1 1 2 0.900933
2 0 0 0.816601
3 0 0 1.01527

3
1 0 3339 0.887084
2 0 0 0.942144
3 0 0 0.760475

1
1 0 0 0.782816

1
1 0 0 0.836323

3
1 1 1 0.854205
2 0 0 0.966995
3 0 0 0.845677

3
1 3 1510 0.961641
2 0 0 0.79748
3 0 0 0.968735

1
1 0 0 0.904839

3
1 1 1 0.888495
2 0 0 1.10613
3 0 0 0.802561

1
1 0 0 0.854809

5
1 1 1 0.815532
2 0 2432 0.8901
4 0 0 0.991265
5 0 0 0.896365
3 0 0 0.921949

5
1 1 1 0.845029
2 2 1 0.892473
4 0 0 1.03868
5 0 0 1.0781
3 0 0 0.802841

3
1 1 2 0.821031
2 0 0 0.806337
3 0 0 0.986058

3
1 0 1213 0.771158
2 0 0 0.887736
3 0 0 0.789365

5
1 3 210 0.761934
2 0 7182 1.03247
4 0 0 0.971554
5 0 0 1.01594
3 0 0 0.829077

3
1 2 4 0.864848
2 0 0 0.907528
3 0 0 0.882888

5
1 1 2 0.834454
2 0 0 0.675445
3 3 3617 0.990816
6 0 0 1.01287
7 0 0 1.03022

1
1 0 0 0.849701

3
1 3 4686 0.854554
2 0 0 0.982867
3 0 0 1.05145

1
1 0 0 0.870356

1
1 0 0 0.865539

3
1 3 5295 0.84316
2 0 0 0.846861
3 0 0 0.985901

1
1 0 0 0.798761

7
1 3 4954 0.929965
2 1 2 0.911912
4 0 0 0.954057
5 0 0 0.864163
3 0 8123 0.933832
6 0 0 0.93768
7 0 0 0.896458

3
1 1 2 0.974839
2 0 0 0.86847
3 0 0 1.1018

3
1 1 1 0.801256
2 0 0 1.0866
3 0 0 0.853181

1
1 0 0 0.937298

3
1 0 2526 0.844711
2 0 0 0.945537
3 0 0 0.904115

3
1 1 1 0.838076
2 0 0 0.903436
3 0 0 0.832396

3
1 1 1 0.849842
2 0 0 1.10966
3 0 0 0.776888

3
1 0 1378 0.896435
2 0 0 1.04595
3 0 0 0.980705

3
1 1 1 0.896676
2 0 0 0.970295
3 0 0 0.763818

3
1 3 3908 0.868897
2 0 0 0.999017
3 0 0 0.801077

5
1 0 3205 0.881722
2 2 4 0.849268
4 0 0 0.836902
5 0 0 0.951182
3 0 0 0.863929

3
1 1 2 0.937501
2 0 0 0.787085
3 0 0 1.09069

3
1 1 2 0.830628
2 0 0 0.780873
3 0 0 0.910059

3
1 0 9820 0.767165
2 0 0 0.835097
3 0 0 0.998279

3
1 1 1 0.860036
2 0 0 1.09926
3 0 0 0.79715

3
1 0 82 0.799702
2 0 0 1.11313
3 0 0 0.787397

1
1 0 0 0.793401

3
1 0 5209 0.981307
2 0 0 1.03798
3 0 0 0.871425

3
1 3 245 0.820567
2 0 0 0.971105
3 0 0 0.771066

1
1 0 0 0.869657

3
1 0 7621 0.852917
2 0 0 0.906022
3 0 0 0.859675

3
1 1 1 0.82329
2 0 0 0.946884
3 0 0 0.676345

1
1 0 0 0.764866

1
1 0 0 0.798788

3
1 0 8384 0.902263
2 0 0 0.876014
3 0 0 0.892392

1
1 0 0 0.81067

3
1 1 2 0.800469
2 0 0 0.966509
3 0 0 0.927728

5
1 1 1 0.944545
2 0 0 1.01805
3 1 2 0.964211
6 0 0 0.892935
7 0 0 0.957803

5
1 1 2 0.830638
2 0 0 0.848618
3 3 5250 0.849853
6 0 0 0.940199
7 0 0 0.983882

5
1 3 3768 0.891375
2 1 2 0.930112
4 0 0 0.98956
5 0 0 0.914277
3 0 0 0.806596

5
1 3 5093 0.837038
2 0 0 0.794541
3 1 2 0.954182
6 0 0 0.974404
7 0 0 0.896662

1
1 0 0 0.983562

3
1 3 95 0.788881
2 0 0 1.09902
3 0 0 0.796403

3
1 3 4444 0.806777
2 0 0 0.811932
3 0 0 0.889551

3
1 1 1 0.916875
2 0 0 0.918706
3 0 0 0.881685

7
1 0 7563 0.917073
2 0 3959 0.916109
4 0 0 0.973439
5 3 3418 1.00608
10 0 0 1.04426
11 0 0 0.973108
3 0 0 0.836329

5
1 2 4 0.974633
2 0 0 0.934957
3 3 35 1.0137
6 0 0 1.1463
7 0 0 1.00307

3
1 1 1 0.782338
2 0 0 1.04731
3 0 0 0.887266

5
1 0 4500 0.901726
2 0 0 0.972316
3 1 1 0.94027
6 0 0 1.03753
7 0 0 0.946109

3
1 1 2 0.856286
2 0 0 0.762597
3 0 0 0.940394

1
1 0 0 0.760079

5
1 0 460 0.892891
2 1 2 0.984674
4 0 0 0.966509
5 0 0 0.911776
3 0 0 0.823185

3
1 1 1 0.871107
2 0 0 1.00466
3 0 0 0.873664

1
1 0 0 0.793325

5
1 3 5169 0.952576
2 0 0 0.902686
3 0 1021 0.900895
6 0 0 1.00654
7 0 0 1.01673

1
1 0 0 0.801322

7
1 3 140 0.913434
2 1 1 0.958141
4 0 0 0.887332
5 3 111 1.04257
10 0 0 1.13884
11 0 0 0.943418
3 0 0 0.883704

5
1 1 1 0.895282
2 2 4 1.06895
4 0 0 1.08901
5 0 0 1.13347
3 0 0 0.802192

1
1 0 0 0.865808

3
1 1 1 0.878625
2 0 0 1.10065
3 0 0 0.915799

3
1 1 2 0.781424
2 0 0 0.865193
3 0 0 0.936479

1
1 0 0 0.856392

3
1 0 3790 0.862177
2 0 0 0.916369
3 0 0 0.8332

1
1 0 0 0.821239

3
1 1 2 0.817232
2 0 0 0.888367
3 0 0 0.949016

3
1 1 1 0.879501
2 0 0 0.973386
3 0 0 0.896331

3
1 1 1 0.867702
2 0 0 1.02816
3 0 0 0.896283

3
1 3 2780 0.93126
2 0 0 0.931713
3 0 0 0.812731

3
1 1 1 0.8221
2 0 0 1.00132
3 0 0 0.8698

3
1 0 5426 0.855134
2 0 0 0.961037
3 0 0 0.871251

1
1 0 0 0.866263

3
1 0 200 0.785988
2 0 0 0.980737
3 0 0 0.748553

3
1 1 1 0.969815
2 0 0 1.03281
3 0 0 0.850746

5
1 3 5351 0.746823
2 0 0 0.73812
3 0 6576 0.963584
6 0 0 1.11697
7 0 0 0.962662

3
1 0 984 0.93753
2 0 0 0.967259
3 0 0 0.797132

1
1 0 0 0.859275

5
1 3 3187 0.931977
2 2 1 0.935901
4 0 0 1.20763
5 0 0 0.845536
3 0 0 0.79245

5
1 1 1 0.893447
2 2 3 1.04033
4 0 0 0.860202
5 0 0 1.01369
3 0 0 0.813614

5
1 0 5231 0.876878
2 2 3 0.952687
4 0 0 0.89332
5 0 0 0.964536
3 0 0 0.833073

3
1 1 1 0.949014
2 0 0 1.07833
3 0 0 0.772717

3
1 1 1 0.876889
2 0 0 1.13631
3 0 0 0.796141

1
1 0 0 0.882361

5
1 1 1 0.895619
2 2 4 0.974784
4 0 0 1.06666
5 0 0 0.91115
3 0 0 0.795054

3
1 1 2 0.837363
2 0 0 0.880971
3 0 0 1.01437

5
1 1 1 0.886936
2 0 0 0.970805
3 3 69 0.767742
6 0 0 0.973343
7 0 0 0.767755

1
1 0 0 0.867498

3
1 3 1374 0.849283
2 0 0 0.819828
3 0 0 0.869724

7
1 0 2535 0.89913
2 3 1727 1.01594
4 0 0 1.00291
5 0 0 0.961975
3 0 6630 0.936783
6 0 0 0.944155
7 0 0 0.943063

5
1 0 87 0.856698
2 2 1 0.892947
4 0 0 0.971618
5 0 0 1.1165
3 0 0 0.843711

1
1 0 0 1.02149

3
1 1 1 0.819507
2 0 0 0.974085
3 0 0 0.854805

3
1 0 1750 0.935438
2 0 0 1.01136
3 0 0 0.864423

3
1 0 8514 0.824421
2 0 0 0.794344
3 0 0 0.925119

3
1 0 2138 0.886934
2 0 0 0.956787
3 0 0 0.922459

5
1 1 1 0.910359
2 0 6041 1.01441
4 0 0 1.03704
5 0 0 1.01721
3 0 0 0.879112

3
1 3 1603 0.870728
2 0 0 0.864612
3 0 0 0.895662

1
1 0 0 0.783243

3
1 1 2 0.997007
2 0 0 0.708409
3 0 0 1.02287

3
1 1 2 0.897451
2 0 0 0.849746
3 0 0 0.975349

3
1 2 3 0.849362
2 0 0 0.8836
3 0 0 0.947663

5
1 0 528 0.813961
2 3 2551 0.977587
4 0 0 1.0647
5 0 0 0.951046
3 0 0 0.809766

7
1 3 5323 0.862195
2 0 0 0.852762
3 3 5366 0.975859
6 0 0 0.949528
7 0 4546 1.07658
14 0 0 1.00764
15 0 0 0.966031

1
1 0 0 0.752431

3
1 3 739 0.875574
2 0 0 0.914801
3 0 0 0.837963

3
1 0 9213 0.837232
2 0 0 0.936098
3 0 0 0.868376

1
1 0 0 0.835348

1
1 0 0 0.829592

3
1 1 2 0.945142
2 0 0 0.84159
3 0 0 0.939655

1
1 0 0 0.751184

7
1 0 181 0.911403
2 1 2 0.943973
4 0 0 0.916738
5 0 109 0.984368
10 0 0 0.912898
11 0 0 1.00463
3 0 0 0.884343

3
1 1 2 0.889199
2 0 0 0.865629
3 0 0 0.889218

5
1 0 3798 0.913591
2 0 0 0.974718
3 3 5338 0.927708
6 0 0 0.957545
7 0 0 0.932363

5
1 1 2 0.910358
2 2 3 0.883293
4 0 0 0.851728
5 0 0 0.963812
3 0 0 1.04939

3
1 1 1 0.881048
2 0 0 0.918518
3 0 0 0.910323

1
1 0 0 0.839702

1
1 0 0 0.865997

3
1 3 2453 0.967519
2 0 0 0.948249
3 0 0 0.838258

1
1 0 0 0.985692

3
1 1 2 0.8008
2 0 0 0.847616
3 0 0 1.09648

7
1 1 1 0.964998
2 0 0 1.08104
3 3 2516 0.846165
6 0 0 0.883427
7 2 4 0.861578
14 0 0 0.738222
15 0 0 1.02223

3
1 3 1602 0.787736
2 0 0 0.931929
3 0 0 0.862478

9
1 1 2 0.89573
2 0 0 0.877127
3 0 2176 1.04605
6 0 1914 1.04783
12 0 0 1.11455
13 0 0 0.95471
7 3 4595 1.01059
14 0 0 1.03425
15 0 0 1.13288

5
1 1 2 0.837791
2 0 0 0.698175
3 0 3773 0.914597
6 0 0 0.948815
7 0 0 1.08243

1
1 0 0 0.836691

5
1 1 1 0.883867
2 0 0 0.926401
3 1 2 0.82727
6 0 0 0.869057
7 0 0 1.02234

7
1 1 1 0.795508
2 2 3 1.10396
4 0 0 0.96415
5 0 1317 0.972715
10 0 0 0.940273
11 0 0 0.965613
3 0 0 0.944712

1
1 0 0 0.892195

7
1 0 3256 0.829908
2 0 0 0.87745
3 0 4549 0.907127
6 0 0 1.07021
7 3 1264 0.913482
14 0 0 0.978089
15 0 0 0.883982

5
1 0 7085 0.851515
2 1 1 0.984293
4 0 0 1.2846
5 0 0 0.860895
3 0 0 0.879732

3
1 0 169 0.78014
2 0 0 1.05467
3 0 0 0.798687

3
1 0 42 0.78758
2 0 0 0.888413
3 0 0 0.776295

1
1 0 0 0.825148

1
1 0 0 0.792737

1
1 0 0 0.750873

3
1 3 196 0.775273
2 0 0 0.942559
3 0 0 0.80379

3
1 1 1 0.911635
2 0 0 0.889551
3 0 0 0.731505

1
1 0 0 0.769375

3
1 0 1661 0.907109
2 0 0 0.885779
3 0 0 0.907787

3
1 3 1504 0.868706
2 0 0 1.08197
3 0 0 0.981722

3
1 1 1 0.88815
2 0 0 0.981225
3 0 0 0.836374

1
1 0 0 0.831444

3
1 3 1730 0.894459
2 0 0 0.907358
3 0 0 0.898699

3
1 2 1 0.922967
2 0 0 0.855279
3 0 0 0.832449

3
1 1 2 0.801797
2 0 0 0.850254
3 0 0 0.966632

3
1 1 1 0.916875
2 0 0 0.992934
3 0 0 0.803493

3
1 1 1 0.907126
2 0 0 1.06846
3 0 0 0.810844

1
1 0 0 0.916684

3
1 1 1 0.782338
2 0 0 0.978561
3 0 0 0.784763

3
1 0 629 0.874059
2 0 0 0.865059
3 0 0 0.771162

5
1 3 1510 0.763915
2 3 258 0.971465
4 0 0 1.09115
5 0 0 0.936195
3 0 0 0.796847

3
1 0 3437 0.875288
2 0 0 0.913381
3 0 0 0.863652

3
1 0 8294 0.868686
2 0 0 0.857528
3 0 0 0.858533

5
1 0 3613 1.02873
2 3 4776 1.01814
4 0 0 0.946547
5 0 0 0.977784
3 0 0 0.925218

5
1 1 1 0.87831
2 0 0 1.13402
3 0 9681 0.906959
6 0 0 0.962953
7 0 0 0.892817

3
1 1 1 0.83634
2 0 0 1.0864
3 0 0 0.799621

3
1 1 1 0.790492
2 0 0 0.917909
3 0 0 0.831681

3
1 3 4515 0.846958
2 0 0 1.00339
3 0 0 0.975684

1
1 0 0 0.851947

1
1 0 0 0.781609

5
1 3 5082 0.874135
2 1 1 0.886768
4 0 0 0.989454
5 0 0 0.783539
3 0 0 0.92568

7
1 2 4 0.96853
2 0 7377 0.957229
4 0 0 0.971132
5 3 4642 0.835235
10 0 0 0.970366
11 0 0 0.979214
3 0 0 0.990782

3
1 0 293 0.860055
2 0 0 1.06711
3 0 0 0.768629

3
1 1 1 0.801305
2 0 0 1.00173
3 0 0 0.803157

3
1 2 1 0.97004
2 0 0 0.955978
3 0 0 0.899946

3
1 0 1543 0.881272
2 0 0 1.01232
3 0 0 0.865982

3
1 1 2 0.853883
2 0 0 0.925142
3 0 0 0.922927

3
1 1 2 0.90421
2 0 0 0.875143
3 0 0 0.954213

5
1 0 5411 0.887048
2 3 879 1.04493
4 0 0 0.979957
5 0 0 1.02292
3 0 0 0.84377

5
1 0 3293 0.922693
2 0 0 0.914276
3 1 1 0.893059
6 0 0 1.12635
7 0 0 0.798682

3
1 2 3 0.932128
2 0 0 0.90396
3 0 0 0.930676

3
1 0 1190 0.872653
2 0 0 1.08363
3 0 0 0.830058

3
1 0 6217 0.870294
2 0 0 1.01803
3 0 0 0.92635

5
1 3 3880 0.883797
2 2 3 0.955272
4 0 0 0.942047
5 0 0 0.879975
3 0 0 0.875315

3
1 1 2 0.898779
2 0 0 0.829786
3 0 0 0.942235

3
1 0 984 0.93753
2 0 0 1.04194
3 0 0 0.784198

3
1 0 8563 0.754
2 0 0 0.731407
3 0 0 0.826371

3
1 0 1440 0.853805
2 0 0 0.972234
3 0 0 0.766407

3
1 0 141 0.807685
2 0 0 0.972679
3 0 0 0.742461

5
1 2 1 0.82903
2 0 2797 0.993076
4 0 0 0.907528
5 0 0 0.940922
3 0 0 0.98582

3
1 1 2 0.852497
2 0 0 0.840586
3 0 0 1.01454

3
1 1 1 0.876889
2 0 0 0.983895
3 0 0 0.751303

3
1 1 2 0.890573
2 0 0 0.909488
3 0 0 0.992952

3
1 1 1 0.895619
2 0 0 1.04732
3 0 0 0.766972

1
1 0 0 0.796532

3
1 1 1 0.886936
2 0 0 1.08475
3 0 0 0.763951

3
1 3 5382 0.793778
2 0 0 0.837878
3 0 0 1.05678

3
1 3 156 0.920155
2 0 0 0.98681
3 0 0 0.915326

3
1 3 3851 0.881938
2 0 0 0.901857
3 0 0 0.786338

1
1 0 0 0.827935

5
1 0 1196 0.867378
2 3 2324 1.02472
4 0 0 1.00125
5 0 0 1.11177
3 0 0 0.844096

3
1 0 418 0.81882
2 0 0 0.96553
3 0 0 0.778196

3
1 0 6138 0.888421
2 0 0 0.876676
3 0 0 0.858875

3
1 1 1 0.914756
2 0 0 1.01034
3 0 0 0.838999

3
1 1 1 0.879559
2 0 0 0.95391
3 0 0 0.843302

5
1 1 1 0.910359
2 0 4537 1.01473
4 0 0 0.831512
5 0 0 1.02543
3 0 0 0.90515

3
1 1 1 0.806808
2 0 0 0.945868
3 0 0 0.807835

3
1 0 7750 0.971913
2 0 0 0.954146
3 0 0 1.06462

3
1 1 2 0.945742
2 0 0 0.83931
3 0 0 0.998713

5
1 1 1 0.924774
2 0 0 1.09454
3 3 30 0.838583
6 0 0 1.09161
7 0 0 0.845887

3
1 3 2331 0.88286
2 0 0 1.0235
3 0 0 0.93897

3
1 0 1214 0.906747
2 0 0 0.894766
3 0 0 0.93788

3
1 3 247 0.881341
2 0 0 1.02357
3 0 0 0.735298

5
1 2 3 0.86188
2 0 0 0.90991
3 0 2574 0.917198
6 0 0 0.963145
7 0 0 1.04925

3
1 3 4960 0.859847
2 0 0 0.84951
3 0 0 0.949906

1
1 0 0 0.808654

1
1 0 0 0.807511

7
1 1 2 0.935474
2 0 0 0.799008
3 3 709 0.91463
6 0 0 0.950719
7 0 6728 0.963937
14 0 0 0.939109
15 0 0 0.880793

5
1 3 564 0.894593
2 0 0 1.07955
3 1 2 0.962444
6 0 0 0.948867
7 0 0 1.02593

3
1 3 4898 0.918809
2 0 0 0.899603
3 0 0 1.00366

1
1 0 0 0.698488

1
1 0 0 0.726739

1
1 0 0 0.761083

5
1 1 2 0.910358
2 0 0 0.799843
3 0 2461 1.01985
6 0 0 0.97685
7 0 0 1.00442

3
1 2 4 0.802326
2 0 0 0.779632
3 0 0 0.976247

1
1 0 0 0.868934

5
1 1 1 0.875698
2 3 3731 1.1151
4 0 0 1.04462
5 0 0 1.11261
3 0 0 0.807773

1
1 0 0 0.806096

5
1 1 1 0.985692
2 3 5367 1.04016
4 0 0 1.10481
5 0 0 0.941753
3 0 0 0.837269

3
1 1 1 0.939098
2 0 0 1.04205
3 0 0 0.919598

3
1 1 1 0.964998
2 0 0 1.01552
3 0 0 0.822099

3
1 1 1 0.866233
2 0 0 1.08939
3 0 0 0.820776

1
1 0 0 0.840699

3
1 0 9957 0.827514
2 0 0 0.839823
3 0 0 0.974179

3
1 2 4 0.915313
2 0 0 0.925669
3 0 0 0.885591

3
1 2 1 0.871177
2 0 0 0.901827
3 0 0 0.910689

3
1 1 1 0.922855
2 0 0 1.05847
3 0 0 0.841157

3
1 0 874 0.783741
2 0 0 0.965848
3 0 0 0.939483

9
1 3 123 0.916556
2 0 0 0.942451
3 1 1 0.850829
6 3 1756 0.969679
12 2 4 0.959006
24 0 0 0.941049
25 0 0 0.985261
13 0 0 1.01604
7 0 0 0.875637

3
1 1 2 0.903425
2 0 0 0.842765
3 0 0 0.988706

3
1 1 2 0.819002
2 0 0 0.729935
3 0 0 0.998881

9
1 2 4 1.02344
2 0 0 0.956827
3 0 1001 1.02797
6 3 4543 0.974045
12 0 0 0.916935
13 0 0 1.1848
7 3 2621 0.993394
14 0 0 0.847758
15 0 0 0.96058

1
1 0 0 0.867905

3
1 0 6636 0.882025
2 0 0 1.00362
3 0 0 0.830419

3
1 3 946 0.886335
2 0 0 0.949101
3 0 0 0.860378

3
1 0 547 0.744335
2 0 0 0.927654
3 0 0 0.780381

1
1 0 0 0.807046

3
1 1 2 0.828027
2 0 0 0.805199
3 0 0 0.976365

1
1 0 0 0.769364

3
1 0 704 0.817177
2 0 0 1.04168
3 0 0 0.794926

1
1 0 0 0.786907

1
1 0 0 0.69453

3
1 0 2015 0.890404
2 0 0 0.850861
3 0 0 0.920994

3
1 3 2972 0.835867
2 0 0 0.93535
3 0 0 0.770939

1
1 0 0 0.819278

3
1 3 4196 1.02786
2 0 0 1.04412
3 0 0 1.02722

3
1 0 14 0.848495
2 0 0 1.11595
3 0 0 0.772103

3
1 1 2 0.908979
2 0 0 0.881211
3 0 0 1.06205

1
1 0 0 0.788901

3
1 1 1 0.905004
2 0 0 1.10799
3 0 0 0.876685

3
1 3 2030 0.86794
2 0 0 0.998589
3 0 0 1.00494

3
1 2 4 0.9026
2 0 0 0.897776
3 0 0 1.02876

3
1 1 1 0.879557
2 0 0 0.924053
3 0 0 0.790498

3
1 1 1 0.877824
2 0 0 1.0408
3 0 0 0.900386

1
1 0 0 0.771082

1
1 0 0 0.743659

3
1 3 2133 0.880142
2 0 0 0.914734
3 0 0 0.854658

3
1 0 2754 1.00901
2 0 0 0.933413
3 0 0 0.934007

3
1 3 358 0.789519
2 0 0 1.08334
3 0 0 0.903421

3
1 1 1 0.819698
2 0 0 1.00525
3 0 0 0.729393

5
1 3 5082 0.874135
2 1 1 0.886768
4 0 0 1.03677
5 0 0 0.870231
3 0 0 0.852464

3
1 3 4926 0.823681
2 0 0 0.860229
3 0 0 0.937549

3
1 1 1 0.879711
2 0 0 0.946444
3 0 0 0.845846

7
1 1 1 0.801305
2 0 5488 1.08185
4 0 4352 0.959841
8 0 0 0.861814
9 0 0 1.09887
5 0 0 1.0823
3 0 0 0.972645

3
1 1 1 0.904245
2 0 0 0.987171
3 0 0 0.851538

3
1 0 1144 0.794777
2 0 0 0.977322
3 0 0 0.815774

1
1 0 0 0.756892

5
1 0 5942 0.856283
2 2 2 0.941973
4 0 0 0.933105
5 0 0 0.929032
3 0 0 0.827117

3
1 0 8973 0.809448
2 0 0 0.804818
3 0 0 0.9153

3
1 1 2 0.907906
2 0 0 0.835873
3 0 0 0.951929

7
1 1 2 0.833963
2 0 0 0.775341
3 0 7380 0.961452
6 3 674 0.958502
12 0 0 0.981321
13 0 0 0.967762
7 0 0 1.08936

3
1 2 2 0.962545
2 0 0 0.846337
3 0 0 0.931316

5
1 2 2 0.908412
2 0 5702 0.95473
4 0 0 1.05707
5 0 0 0.933491
3 0 0 1.02398

3
1 1 1 0.936089
2 0 0 0.975752
3 0 0 0.851113

3
1 1 2 0.898779
2 0 0 0.879396
3 0 0 1.08714

3
1 0 984 0.93753
2 0 0 1.0543
3 0 0 0.841508

7
1 2 2 0.928728
2 0 0 0.97217
3 1 1 1.00036
6 0 0 0.963084
7 1 2 0.950196
14 0 0 0.90696
15 0 0 1.00961

5
1 1 1 0.802507
2 0 0 1.06665
3 1 2 0.928089
6 0 0 0.894241
7 0 0 1.03141

3
1 1 2 0.873623
2 0 0 0.853678
3 0 0 0.865802

1
1 0 0 0.775893

3
1 1 2 0.819592
2 0 0 0.835464
3 0 0 0.860942

3
1 3 227 0.932686
2 0 0 0.993068
3 0 0 0.848442

1
1 0 0 0.847746

3
1 2 2 0.948289
2 0 0 0.839293
3 0 0 0.954132

3
1 0 8130 0.925816
2 0 0 0.873831
3 0 0 0.907705

1
1 0 0 0.831171

3
1 1 1 0.81082
2 0 0 1.03886
3 0 0 0.715316

7
1 2 1 0.927201
2 3 2409 1.00969
4 1 2 1.01053
8 0 0 0.955794
9 0 0 0.958184
5 0 0 0.946736
3 0 0 0.821297

3
1 3 40 0.800059
2 0 0 0.983496
3 0 0 0.845752

3
1 3 2613 0.859192
2 0 0 1.01214
3 0 0 0.873467

1
1 0 0 0.83134

3
1 0 1953 0.84593
2 0 0 1.03913
3 0 0 0.867464

5
1 0 5528 0.879553
2 2 2 0.976757
4 0 0 1.02982
5 0 0 0.851817
3 0 0 0.827694

3
1 1 1 0.914756
2 0 0 0.965658
3 0 0 0.744887

1
1 0 0 0.754323

7
1 1 1 0.910359
2 0 0 1.02571
3 3 5121 0.806204
6 0 0 0.733856
7 0 1012 1.06882
14 0 0 0.983389
15 0 0 0.980651

3
1 0 8766 0.875497
2 0 0 0.857044
3 0 0 0.843288

3
1 1 1 0.906648
2 0 0 1.23359
3 0 0 0.832359

3
1 1 2 0.945742
2 0 0 0.824539
3 0 0 1.02866

3
1 0 309 0.844683
2 0 0 1.0278
3 0 0 0.848165

5
1 0 9418 0.900419
2 3 2727 0.912693
4 0 0 0.885196
5 0 0 0.928426
3 0 0 0.978405

5
1 2 4 0.796191
2 0 3578 0.916834
4 0 0 1.01622
5 0 0 0.885461
3 0 0 0.951816

1
1 0 0 0.837006

3
1 3 2457 0.861178
2 0 0 0.980726
3 0 0 0.846542

5
1 3 3128 0.949232
2 3 64 0.882098
4 0 0 0.928769
5 0 0 0.858814
3 0 0 0.865258

3
1 3 1606 0.98246
2 0 0 1.02881
3 0 0 0.907507

3
1 1 1 0.895798
2 0 0 1.06211
3 0 0 0.94319

3
1 1 2 0.828175
2 0 0 0.795011
3 0 0 1.01583

5
1 0 177 0.833104
2 0 62 1.00099
4 0 0 0.943682
5 0 0 1.01237
3 0 0 0.839542

3
1 1 1 0.834759
2 0 0 0.96453
3 0 0 0.844284

3
1 0 3246 0.871352
2 0 0 1.00867
3 0 0 0.947069

9
1 0 1364 0.881669
2 2 1 0.964892
4 0 242 0.993859
8 0 0 1.00662
9 0 0 0.99902
5 0 0 0.956004
3 1 1 0.868063
6 0 0 1.00031
7 0 0 0.843289

3
1 1 2 0.862128
2 0 0 0.750883
3 0 0 1.02858

1
1 0 0 0.853284

1
1 0 0 0.872913

3
1 1 1 0.828985
2 0 0 1.10252
3 0 0 0.947263

3
1 1 1 0.875698
2 0 0 1.07212
3 0 0 0.718757

1
1 0 0 0.844987

5
1 1 1 0.985692
2 3 671 0.977651
4 0 0 1.04338
5 0 0 1.15239
3 0 0 0.862068

1
1 0 0 0.96988

3
1 0 3339 0.9498
2 0 0 0.95911
3 0 0 0.785739

3
1 1 1 0.866233
2 0 0 0.962812
3 0 0 0.762119

5
1 2 1 0.862326
2 0 3526 1.00562
4 0 0 0.986505
5 0 0 1.02495
3 0 0 0.90735

1
1 0 0 0.773692

5
1 3 5358 0.879416
2 0 0 0.880492
3 2 3 1.02973
6 0 0 1.11886
7 0 0 1.05234

5
1 1 1 1.0319
2 3 4191 1.01256
4 0 0 1.12963
5 0 0 1.02079
3 0 0 0.841105

1
1 0 0 0.84409

5
1 2 1 0.882714
2 3 3673 0.975153
4 0 0 1.09586
5 0 0 0.936074
3 0 0 1.03092

3
1 0 13 0.771569
2 0 0 0.961621
3 0 0 0.816422

5
1 1 1 0.895626
2 0 0 0.998621
3 3 5172 0.912158
6 0 0 0.957597
7 0 0 1.05261

3
1 0 8583 0.848359
2 0 0 0.863182
3 0 0 0.833328

3
1 1 1 0.860248
2 0 0 0.969469
3 0 0 0.814768

5
1 1 1 0.965798
2 0 0 0.870355
3 1 2 0.926964
6 0 0 0.901649
7 0 0 0.949307

1
1 0 0 0.918817

3
1 2 1 0.81098
2 0 0 0.870679
3 0 0 0.779065

3
1 1 2 0.840384
2 0 0 0.830857
3 0 0 1.05118

3
1 1 1 0.924889
2 0 0 1.03217
3 0 0 0.947293

1
1 0 0 0.866912

3
1 0 559 0.794156
2 0 0 1.01634
3 0 0 0.848234

3
1 0 1115 0.845443
2 0 0 0.958833
3 0 0 0.708811

3
1 3 4489 0.933956
2 0 0 0.965532
3 0 0 0.894735

3
1 0 3820 0.939786
2 0 0 1.03554
3 0 0 0.792302

3
1 1 2 0.77888
2 0 0 0.771518
3 0 0 0.989479

3
1 0 58 0.757507
2 0 0 1.0406
3 0 0 0.809562

3
1 2 3 0.823649
2 0 0 0.856252
3 0 0 0.891842

5
1 3 2562 0.933883
2 0 0 0.866338
3 1 1 0.92387
6 0 0 1.01274
7 0 0 0.833083

1
1 0 0 0.67663

5
1 0 1122 0.751835
2 3 2011 1.07674
4 0 0 0.98824
5 0 0 0.96986
3 0 0 0.78396

3
1 3 4656 0.765746
2 0 0 0.733388
3 0 0 0.908382

5
1 1 1 0.905004
2 0 9229 0.929732
4 0 0 1.00258
5 0 0 0.976712
3 0 0 0.800259

1
1 0 0 0.875439

3
1 2 3 0.921695
2 0 0 0.873893
3 0 0 0.982208

5
1 2 3 0.918926
2 2 1 0.953955
4 0 0 0.966467
5 0 0 0.965395
3 0 0 0.865595

3
1 1 1 0.877824
2 0 0 0.914956
3 0 0 0.854995

3
1 1 2 0.880409
2 0 0 0.878629
3 0 0 1.09935

3
1 2 1 0.86172
2 0 0 0.860547
3 0 0 0.79974

5
1 2 2 0.962327
2 0 0 0.891365
3 0 9769 0.956345
6 0 0 0.950189
7 0 0 1.01719

1
1 0 0 1.00671

3
1 0 5383 0.919993
2 0 0 0.884617
3 0 0 0.978346

5
1 1 1 0.892893
2 0 6782 0.948084
4 0 0 1.08862
5 0 0 1.00834
3 0 0 0.777816

5
1 1 2 0.869537
2 1 1 0.88163
4 0 0 1.06557
5 0 0 0.878556
3 0 0 0.91152

5
1 0 2412 0.840055
2 3 1927 0.890232
4 0 0 0.982369
5 0 0 0.906291
3 0 0 0.86352

1
1 0 0 0.788218

3
1 1 2 0.901592
2 0 0 0.783949
3 0 0 0.970834

1
1 0 0 0.807183

1
1 0 0 0.844392

3
1 1 2 0.854928
2 0 0 0.799382
3 0 0 0.893838

5
1 1 2 0.865082
2 0 0 0.851451
3 2 2 0.896763
6 0 0 0.945757
7 0 0 0.923652

5
1 1 1 0.927459
2 2 1 1.00847
4 0 0 1.14615
5 0 0 1.10305
3 0 0 0.857998

3
1 0 6218 0.857858
2 0 0 1.0098
3 0 0 0.827206

5
1 2 1 0.929676
2 3 210 0.852287
4 0 0 0.970246
5 0 0 0.874361
3 0 0 0.901671

7
1 3 2052 0.863857
2 2 3 0.957223
4 0 0 0.903963
5 0 0 0.934323
3 3 2568 0.836607
6 0 0 1.03015
7 0 0 0.85049

3
1 1 1 0.84804
2 0 0 1.01031
3 0 0 0.835469

3
1 1 1 0.85728
2 0 0 0.997426
3 0 0 0.770744

5
1 1 2 0.823201
2 0 0 0.754761
3 3 1281 0.970313
6 0 0 1.0248
7 0 0 0.83531

3
1 3 1485 0.925363
2 0 0 1.01975
3 0 0 0.877963

1
1 0 0 0.8465

3
1 3 190 0.911605
2 0 0 0.876021
3 0 0 0.79824

1
1 0 0 0.830289

3
1 1 1 0.865121
2 0 0 0.969947
3 0 0 0.823284

1
1 0 0 1.0073

3
1 0 5968 0.879133
2 0 0 0.90286
3 0 0 0.817768

7
1 3 2525 0.877742
2 0 0 1.01787
3 0 2093 0.932472
6 0 0 0.948341
7 3 4343 0.980918
14 0 0 1.03837
15 0 0 0.935604

3
1 2 4 0.971861
2 0 0 0.838516
3 0 0 0.952469

3
1 3 3967 0.918068
2 0 0 0.938648
3 0 0 0.925388

1
1 0 0 0.768167

3
1 0 8202 0.917792
2 0 0 0.921147
3 0 0 0.965025

3
1 1 2 0.778858
2 0 0 0.788038
3 0 0 0.843651

3
1 3 3449 0.822953
2 0 0 1.0246
3 0 0 0.938128

3
1 1 2 0.926661
2 0 0 0.827915
3 0 0 0.962203

3
1 3 59 0.723999
2 0 0 0.952625
3 0 0 0.820777

3
1 0 987 0.831046
2 0 0 1.0797
3 0 0 0.748696

3
1 1 1 0.978149
2 0 0 1.0029
3 0 0 0.868361

3
1 3 2098 0.896011
2 0 0 0.943421
3 0 0 0.777337

3
1 1 2 0.836942
2 0 0 0.820766
3 0 0 0.880067

7
1 1 1 0.815313
2 0 1624 1.04341
4 0 0 0.967773
5 0 0 1.09898
3 1 2 0.859929
6 0 0 0.812325
7 0 0 1.02694

3
1 1 1 0.804073
2 0 0 0.918847
3 0 0 0.845472

3
1 1 1 0.906648
2 0 0 1.05529
3 0 0 0.866732

3
1 1 1 0.933154
2 0 0 0.977275
3 0 0 0.796318

5
1 1 2 0.877487
2 0 0 0.787862
3 0 9559 0.846688
6 0 0 0.826972
7 0 0 1.02717

5
1 0 126 0.833708
2 3 3009 1.11634
4 0 0 0.977196
5 0 0 1.02874
3 0 0 0.866125

3
1 3 398 0.866244
2 0 0 1.06359
3 0 0 0.851927

3
1 1 1 0.813649
2 0 0 0.992641
3 0 0 0.815965

1
1 0 0 0.728285

1
1 0 0 0.83608

3
1 0 9862 0.838698
2 0 0 0.874746
3 0 0 0.964695

5
1 0 530 0.837899
2 0 0 0.984652
3 0 2702 0.932443
6 0 0 0.816419
7 0 0 0.92087

1
1 0 0 0.782251

3
1 1 2 0.877002
2 0 0 0.84598
3 0 0 0.873145

3
1 3 2879 0.882348
2 0 0 0.995408
3 0 0 0.815463

3
1 1 1 0.814121
2 0 0 1.10879
3 0 0 0.967481

5
1 3 81 0.799768
2 3 7 1.0493
4 0 0 0.959864
5 0 0 0.979351
3 0 0 0.814851

1
1 0 0 0.862196

3
1 0 3799 0.905602
2 0 0 1.01479
3 0 0 0.820639

3
1 0 104 0.898302
2 0 0 0.995933
3 0 0 0.770644

3
1 0 5557 0.864746
2 0 0 1.09626
3 0 0 0.901838

3
1 1 1 0.875698
2 0 0 0.975291
3 0 0 0.766542

3
1 3 267 0.761446
2 0 0 1.05957
3 0 0 0.729366

3
1 1 1 0.985692
2 0 0 0.987118
3 0 0 0.717971

1
1 0 0 1.01866

3
1 0 110 0.908754
2 0 0 1.08381
3 0 0 0.938876

3
1 1 1 0.866233
2 0 0 1.0044
3 0 0 0.857135

3
1 0 172 0.81186
2 0 0 0.984374
3 0 0 0.746565

1
1 0 0 0.846752

5
1 1 2 0.95599
2 0 1280 0.892859
4 0 0 1.04037
5 0 0 0.904839
3 0 0 0.890834

3
1 3 4880 0.845996
2 0 0 0.788352
3 0 0 0.934883

3
1 1 1 0.863946
2 0 0 0.916772
3 0 0 0.913531

3
1 1 1 0.914142
2 0 0 1.01181
3 0 0 0.836732

1
1 0 0 0.793812

3
1 3 5043 0.848885
2 0 0 0.834511
3 0 0 0.880696

3
1 1 1 0.828931
2 0 0 1.03049
3 0 0 0.782356

3
1 0 5448 0.911202
2 0 0 0.978693
3 0 0 0.828821

3
1 1 2 0.880363
2 0 0 0.874474
3 0 0 1.07163

3
1 1 1 0.907294
2 0 0 1.08981
3 0 0 0.850483

3
1 1 1 0.883895
2 0 0 0.993666
3 0 0 0.910261

5
1 3 1941 0.871181
2 0 0 0.94056
3 3 2564 0.929981
6 0 0 0.977753
7 0 0 0.891833

3
1 1 2 0.957487
2 0 0 0.827732
3 0 0 1.05201

5
1 2 1 0.847006
2 0 0 0.982289
3 0 3761 0.890752
6 0 0 0.896217
7 0 0 1.08125

5
1 1 1 0.863653
2 0 4097 1.20878
4 0 0 1.11208
5 0 0 1.06457
3 0 0 0.726973

3
1 3 4141 0.890058
2 0 0 1.00067
3 0 0 0.871248

1
1 0 0 0.888905

7
1 1 2 0.910523
2 3 5333 0.864882
4 0 0 0.87094
5 1 1 1.04738
10 0 0 0.945137
11 0 0 0.947754
3 0 0 0.97759

3
1 2 1 0.854782
2 0 0 0.902624
3 0 0 0.955262

1
1 0 0 0.761536

1
1 0 0 0.799708

1
1 0 0 0.801004

5
1 1 1 0.912861
2 0 0 1.10431
3 0 7258 0.857369
6 0 0 0.934717
7 0 0 0.810944

3
1 1 2 0.870532
2 0 0 0.846223
3 0 0 0.911428

1
1 0 0 0.77468

3
1 1 1 0.833061
2 0 0 0.911288
3 0 0 0.947301

5
1 0 8553 0.836758
2 0 0 0.835602
3 2 2 0.920513
6 0 0 0.950665
7 0 0 0.998111

1
1 0 0 0.742576

3
1 1 2 0.836176
2 0 0 0.826554
3 0 0 0.925447

3
1 1 1 0.933158
2 0 0 1.12829
3 0 0 0.853571

3
1 1 2 0.880409
2 0 0 0.820699
3 0 0 0.994578

1
1 0 0 0.788073

3
1 1 2 0.889527
2 0 0 0.774141
3 0 0 0.936758

3
1 1 1 0.857492
2 0 0 0.93705
3 0 0 0.802134

1
1 0 0 0.733315

1
1 0 0 0.786309

5
1 3 901 0.910431
2 0 0 1.03002
3 0 4869 0.982606
6 0 0 0.929489
7 0 0 0.806599

7
1 1 1 0.86286
2 2 3 1.02963
4 0 0 1.08021
5 0 0 1.09055
3 1 2 0.936418
6 0 0 0.939689
7 0 0 1.11246

3
1 2 1 0.896612
2 0 0 0.807404
3 0 0 0.885226

3
1 3 2540 0.910974
2 0 0 0.971862
3 0 0 0.942871

3
1 2 3 0.894922
2 0 0 0.81234
3 0 0 0.906449

3
1 3 113 0.909123
2 0 0 0.997429
3 0 0 1.00875

3
1 0 1282 0.866631
2 0 0 0.960648
3 0 0 0.894274

3
1 3 3422 0.855514
2 0 0 0.879093
3 0 0 0.939912

3
1 2 4 0.888789
2 0 0 0.842943
3 0 0 0.927083

3
1 3 3276 0.840667
2 0 0 0.948266
3 0 0 0.810666

7
1 1 1 0.822474
2 2 4 0.934742
4 0 0 1.13301
5 3 1615 1.06447
10 0 0 0.991983
11 0 0 0.930803
3 0 0 0.761673

3
1 2 1 0.900917
2 0 0 1.07445
3 0 0 0.84457

3
1 1 1 0.84804
2 0 0 1.10814
3 0 0 0.851166

3
1 1 1 0.877493
2 0 0 0.932609
3 0 0 0.879514

3
1 1 2 0.843618
2 0 0 0.799896
3 0 0 0.949079

5
1 3 3381 0.84608
2 0 0 0.85727
3 0 5909 0.885154
6 0 0 0.923738
7 0 0 0.968922

1
1 0 0 0.754261

3
1 3 2487 0.817595
2 0 0 0.942235
3 0 0 0.829025

5
1 1 1 0.935603
2 0 0 0.973217
3 1 2 0.895577
6 0 0 0.701518
7 0 0 0.918145

1
1 0 0 0.834126

1
1 0 0 0.822652

3
1 1 2 0.927156
2 0 0 0.935243
3 0 0 1.11746

3
1 1 1 0.928127
2 0 0 1.03098
3 0 0 0.763515

5
1 0 1317 0.838898
2 0 0 1.01705
3 0 6729 0.919231
6 0 0 1.01912
7 0 0 0.895644

1
1 0 0 0.785871

3
1 3 3404 0.828443
2 0 0 0.931374
3 0 0 0.874614

1
1 0 0 0.704904

3
1 3 159 0.908207
2 0 0 1.02351
3 0 0 0.947571

3
1 1 1 0.837252
2 0 0 0.97056
3 0 0 0.901099

3
1 3 2790 0.888429
2 0 0 1.00561
3 0 0 0.886794

3
1 3 137 0.798461
2 0 0 0.946421
3 0 0 0.780154

1
1 0 0 0.820563

5
1 1 1 0.978149
2 2 3 1.02757
4 0 0 0.931356
5 0 0 1.03988
3 0 0 0.77681

3
1 0 5901 0.922936
2 0 0 1.01681
3 0 0 0.836667

7
1 0 470 0.829756
2 3 5272 1.10797
4 0 0 1.07877
5 0 0 1.06704
3 1 2 0.852524
6 0 0 0.733428
7 0 0 0.98805

3
1 1 1 0.832573
2 0 0 0.981527
3 0 0 0.91585

3
1 1 1 0.966281
2 0 0 1.11493
3 0 0 0.890627

3
1 3 3240 0.882159
2 0 0 0.893064
3 0 0 0.834129

1
1 0 0 0.801772

5
1 0 1762 0.93048
2 0 0 0.916543
3 3 928 0.926076
6 0 0 0.944124
7 0 0 0.87716

3
1 3 2675 0.841781
2 0 0 0.898433
3 0 0 0.972672

1
1 0 0 0.809943

3
1 0 6673 0.92367
2 0 0 0.902458
3 0 0 0.969662

3
1 3 4084 0.869703
2 0 0 0.916063
3 0 0 0.897502

5
1 0 7541 0.842216
2 0 0 0.908117
3 3 1881 0.91824
6 0 0 0.874266
7 0 0 0.85405

1
1 0 0 0.698668

3
1 3 4091 0.919964
2 0 0 0.920517
3 0 0 0.906103

3
1 3 2462 0.840253
2 0 0 0.841401
3 0 0 0.85558

3
1 1 2 0.819871
2 0 0 0.851979
3 0 0 0.833667

5
1 1 2 0.931451
2 0 0 0.887407
3 3 1525 0.956724
6 0 0 1.02862
7 0 0 0.978863

1
1 0 0 0.776784

3
1 1 2 0.85568
2 0 0 0.879948
3 0 0 0.950059

1
1 0 0 0.815393

3
1 0 1208 0.831348
2 0 0 0.915587
3 0 0 0.774076

3
1 1 2 0.83251
2 0 0 0.778749
3 0 0 1.03535

3
1 1 2 0.811265
2 0 0 0.808265
3 0 0 0.856253

3
1 3 1449 0.878602
2 0 0 0.871633
3 0 0 0.809707

3
1 0 238 0.876792
2 0 0 1.00594
3 0 0 0.903063

3
1 0 320 0.816879
2 0 0 1.07496
3 0 0 0.91537

3
1 3 5062 0.829384
2 0 0 0.821299
3 0 0 0.936033

7
1 3 3424 0.888139
2 0 6077 0.947306
4 0 3597 0.883692
8 0 0 0.90811
9 0 0 0.95785
5 0 0 0.871062
3 0 0 0.929998

3
1 3 5269 0.801086
2 0 0 0.816306
3 0 0 0.969925

3
1 1 1 0.779491
2 0 0 1.07888
3 0 0 0.794774

5
1 3 1362 0.874401
2 0 2761 0.930643
4 0 0 0.897275
5 0 0 1.01059
3 0 0 0.733878

1
1 0 0 0.91414

3
1 3 4584 0.92148
2 0 0 0.941576
3 0 0 0.816366

1
1 0 0 0.784952

3
1 3 4987 0.864055
2 0 0 0.864939
3 0 0 0.913311

3
1 3 2331 0.805879
2 0 0 0.889407
3 0 0 0.841594

3
1 0 155 0.948244
2 0 0 1.11168
3 0 0 0.843023

3
1 3 227 0.842012
2 0 0 0.910408
3 0 0 0.739364

1
1 0 0 0.859041

3
1 0 2101 0.821523
2 0 0 0.957742
3 0 0 0.893427

3
1 1 1 0.835844
2 0 0 0.990847
3 0 0 0.810219

3
1 1 1 0.883895
2 0 0 1.05306
3 0 0 0.82921

3
1 1 2 0.909355
2 0 0 0.766546
3 0 0 1.11693

3
1 1 1 0.929316
2 0 0 1.03782
3 0 0 0.825035

3
1 3 3256 0.969936
2 0 0 1.04254
3 0 0 0.82768

3
1 1 1 0.887898
2 0 0 0.947002
3 0 0 0.92565

3
1 1 1 1.01355
2 0 0 1.06309
3 0 0 0.777864

3
1 1 1 0.957979
2 0 0 1.07136
3 0 0 0.835115

3
1 0 1739 0.885942
2 0 0 0.961388
3 0 0 0.813281

3
1 2 3 0.915116
2 0 0 0.890463
3 0 0 0.987831

3
1 1 1 0.8522
2 0 0 0.97777
3 0 0 0.802803

3
1 1 1 0.910989
2 0 0 0.988346
3 0 0 0.960275

5
1 1 2 0.911937
2 0 8136 0.92972
4 0 0 0.900248
5 0 0 1.07767
3 0 0 0.956573

3
1 1 1 0.849745
2 0 0 1.14267
3 0 0 0.792169

3
1 1 2 0.845446
2 0 0 0.850759
3 0 0 0.915444

1
1 0 0 0.805492

3
1 1 1 0.833061
2 0 0 0.926689
3 0 0 0.804471

3
1 1 1 0.883275
2 0 0 0.976893
3 0 0 0.763474

3
1 3 224 0.915187
2 0 0 0.931382
3 0 0 0.918044

3
1 1 2 0.906289
2 0 0 0.791418
3 0 0 0.968526

3
1 3 2689 0.94653
2 0 0 0.984404
3 0 0 0.945543

5
1 2 4 0.843494
2 0 0 0.844635
3 3 183 0.920461
6 0 0 1.00389
7 0 0 0.953775

1
1 0 0 0.847283

1
1 0 0 0.756971

5
1 1 1 0.857492
2 0 0 1.03596
3 3 4725 0.924214
6 0 0 1.00003
7 0 0 0.953528

7
1 1 2 0.834957
2 0 0 0.816508
3 0 8062 0.946252
6 2 2 0.919553
12 0 0 0.991109
13 0 0 0.822724
7 0 0 0.923268

1
1 0 0 0.814298

3
1 0 1032 0.841054
2 0 0 1.07278
3 0 0 0.76255

3
1 1 1 0.865963
2 0 0 1.07198
3 0 0 0.815941

5
1 2 3 0.81502
2 0 59 0.878067
4 0 0 1.1054
5 0 0 0.885227
3 0 0 0.869367

1
1 0 0 0.823947

3
1 1 2 0.863512
2 0 0 0.813231
3 0 0 1.07779

3
1 0 154 0.711038
2 0 0 1.04561
3 0 0 0.87071

3
1 0 3820 0.801338
2 0 0 0.970559
3 0 0 0.820556

3
1 0 4863 0.881962
2 0 0 0.822724
3 0 0 0.810588

3
1 1 2 0.941239
2 0 0 0.89582
3 0 0 0.949304

3
1 0 1191 1.04102
2 0 0 1.00267
3 0 0 0.992172

1
1 0 0 0.837277

3
1 1 1 0.990819
2 0 0 1.0852
3 0 0 0.777169

3
1 1 1 0.906905
2 0 0 0.872137
3 0 0 0.774011

7
1 1 1 0.855382
2 3 4370 1.03631
4 0 0 1.01719
5 2 2 0.898435
10 0 0 0.933795
11 0 0 0.996803
3 0 0 0.845869

3
1 1 2 0.843618
2 0 0 0.829303
3 0 0 0.959522

5
1 0 9659 0.899858
2 3 34 0.898125
4 0 0 0.787199
5 0 0 0.91943
3 0 0 0.907929

3
1 1 1 0.904354
2 0 0 1.02832
3 0 0 0.877531

3
1 2 2 0.967608
2 0 0 0.837181
3 0 0 0.982564

3
1 0 4735 0.911187
2 0 0 0.990878
3 0 0 0.862367

3
1 1 1 0.890853
2 0 0 0.968611
3 0 0 0.815682

3
1 0 1204 0.770211
2 0 0 0.840921
3 0 0 0.746924

3
1 1 1 0.849638
2 0 0 0.979407
3 0 0 0.965687

3
1 1 2 0.906727
2 0 0 0.921533
3 0 0 1.05768

1
1 0 0 0.86304

3
1 0 102 0.732673
2 0 0 0.95381
3 0 0 0.851368

1
1 0 0 0.750386

3
1 3 984 0.836068
2 0 0 0.886848
3 0 0 0.809746

3
1 3 189 0.797457
2 0 0 1.01174
3 0 0 0.890763

1
1 0 0 0.823202

3
1 3 2790 0.888429
2 0 0 0.926378
3 0 0 0.812316

9
1 1 2 0.920877
2 0 0 0.8248
3 3 3785 1.00142
6 3 1970 0.869218
12 0 7734 0.947608
24 0 0 0.975011
25 0 0 1.01548
13 0 0 0.972007
7 0 0 1.01968

3
1 1 1 0.854364
2 0 0 1.04329
3 0 0 0.839917

1
1 0 0 0.872762

1
1 0 0 0.932761

5
1 3 2408 0.930789
2 0 0 0.931889
3 3 2887 0.844205
6 0 0 1.00902
7 0 0 0.848421

3
1 1 2 0.730474
2 0 0 0.784993
3 0 0 0.843348

1
1 0 0 0.811076

3
1 3 5288 0.796387
2 0 0 0.846341
3 0 0 1.0422

5
1 1 1 0.916929
2 0 0 1.05369
3 3 25 0.731045
6 0 0 0.993817
7 0 0 0.84347

3
1 1 1 0.949183
2 0 0 0.938863
3 0 0 0.807514

5
1 1 2 0.974559
2 1 1 0.960353
4 0 0 0.986281
5 0 0 0.898589
3 0 0 0.899163

3
1 0 7536 0.928403
2 0 0 0.974255
3 0 0 0.876493

3
1 1 2 0.872291
2 0 0 0.841394
3 0 0 0.896096

1
1 0 0 0.910466

3
1 0 6772 0.930606
2 0 0 0.82487
3 0 0 0.897581

3
1 1 1 0.989974
2 0 0 0.985123
3 0 0 0.860071

3
1 1 2 0.860823
2 0 0 0.989484
3 0 0 1.02884

3
1 0 941 0.792989
2 0 0 0.976167
3 0 0 0.834874

1
1 0 0 0.789926

3
1 3 186 0.821394
2 0 0 0.902415
3 0 0 0.801203

3
1 0 840 0.858678
2 0 0 0.988826
3 0 0 0.801412

5
1 0 4218 0.949681
2 3 4673 0.954618
4 0 0 0.933063
5 0 0 1.08128
3 0 0 0.945639

3
1 3 256 0.868067
2 0 0 0.911833
3 0 0 0.844214

3
1 3 5391 0.80722
2 0 0 0.706719
3 0 0 0.959864

1
1 0 0 0.842027

3
1 0 2824 0.851465
2 0 0 0.922864
3 0 0 0.900714

3
1 1 1 0.905732
2 0 0 0.974681
3 0 0 0.767905

3
1 2 3 0.914345
2 0 0 0.917586
3 0 0 0.92306

1
1 0 0 0.864805

5
1 1 2 0.867261
2 0 0 0.895419
3 3 4371 1.05634
6 0 0 1.00988
7 0 0 1.02325

5
1 2 3 0.84846
2 0 0 0.781793
3 1 1 0.901282
6 0 0 0.953116
7 0 0 0.853192

3
1 1 1 0.816981
2 0 0 0.887999
3 0 0 0.771953

3
1 1 1 0.779491
2 0 0 1.08718
3 0 0 0.837011

3
1 3 317 0.858772
2 0 0 0.956622
3 0 0 0.841419

3
1 2 1 0.940042
2 0 0 0.939768
3 0 0 1.03225

7
1 1 2 0.880953
2 0 0 0.706336
3 2 1 0.987314
6 0 0 0.990993
7 0 9225 0.951141
14 0 0 0.988845
15 0 0 0.966061

3
1 1 1 0.917016
2 0 0 0.970582
3 0 0 0.907687

3
1 2 1 0.77949
2 0 0 0.912021
3 0 0 0.998632

3
1 0 1043 0.777874
2 0 0 0.89431
3 0 0 0.762191

1
1 0 0 0.763272

5
1 0 785 0.831841
2 0 0 0.963874
3 3 345 0.819157
6 0 0 0.896715
7 0 0 0.848935

1
1 0 0 0.752584

3
1 1 2 1.09255
2 0 0 0.913141
3 0 0 0.965428

1
1 0 0 0.799541

5
1 0 4832 0.951201
2 0 0 0.910963
3 2 4 0.873903
6 0 0 0.868747
7 0 0 0.946921

1
1 0 0 0.836895

3
1 3 772 0.825982
2 0 0 1.00167
3 0 0 0.900122

3
1 1 2 0.833714
2 0 0 0.795444
3 0 0 1.05326

3
1 3 1729 0.861881
2 0 0 0.963783
3 0 0 0.793536

3
1 1 2 0.890566
2 0 0 0.828985
3 0 0 1.0347

1
1 0 0 0.872677

5
1 3 307 0.873286
2 3 258 1.05427
4 0 0 0.968271
5 0 0 0.916919
3 0 0 0.796648

3
1 1 1 0.859784
2 0 0 1.09509
3 0 0 0.799036

5
1 1 1 0.8522
2 0 0 0.968492
3 0 3691 0.861315
6 0 0 0.950106
7 0 0 0.827542

3
1 1 1 0.910989
2 0 0 1.011
3 0 0 0.818955

5
1 1 1 0.864011
2 0 4026 1.00305
4 0 0 0.980464
5 0 0 1.02042
3 0 0 0.818346

5
1 3 77 0.822653
2 3 39 1.02241
4 0 0 1.10149
5 0 0 1.08491
3 0 0 0.861065

1
1 0 0 0.785856

5
1 1 1 0.936748
2 0 0 0.957765
3 1 2 0.813037
6 0 0 0.806034
7 0 0 1.0444

3
1 3 3435 0.873954
2 0 0 1.00426
3 0 0 0.774193

3
1 1 1 0.891017
2 0 0 1.05768
3 0 0 0.922183

3
1 0 6376 0.879805
2 0 0 0.837863
3 0 0 0.893113

7
1 0 1800 0.880791
2 3 1189 0.94731
4 0 0 1.11652
5 0 629 1.04396
10 0 0 1.05563
11 0 0 1.03641
3 0 0 0.913724

3
1 1 1 0.847615
2 0 0 1.10079
3 0 0 0.795313

3
1 3 95 0.917391
2 0 0 0.961662
3 0 0 0.835409

5
1 1 2 0.887071
2 0 0 0.783629
3 0 1317 0.973236
6 0 0 1.11562
7 0 0 1.05308

3
1 2 1 0.908587
2 0 0 0.993398
3 0 0 0.898576

3
1 0 265 0.891905
2 0 0 1.04866
3 0 0 0.871829

3
1 3 4438 0.922861
2 0 0 1.10023
3 0 0 0.968353

3
1 1 1 0.876556
2 0 0 0.920504
3 0 0 0.811531

3
1 0 674 0.723936
2 0 0 0.987965
3 0 0 0.837422

3
1 3 2936 0.86628
2 0 0 0.934112
3 0 0 0.806036

1
1 0 0 0.823247

1
1 0 0 0.765111

3
1 2 2 0.860745
2 0 0 0.813014
3 0 0 0.920753

3
1 2 1 0.924516
2 0 0 0.94383
3 0 0 0.795906

5
1 1 2 0.832685
2 0 0 0.894343
3 2 2 0.972677
6 0 0 0.960357
7 0 0 0.992124

3
1 3 4268 0.865445
2 0 0 0.909563
3 0 0 0.907534

3
1 1 1 0.837219
2 0 0 1.02539
3 0 0 0.790472

1
1 0 0 0.711803

3
1 3 18 0.892331
2 0 0 1.05646
3 0 0 0.833992

3
1 0 21 0.863919
2 0 0 1.01561
3 0 0 0.870223

5
1 1 1 0.906905
2 0 0 0.983216
3 2 1 0.916378
6 0 0 0.815837
7 0 0 0.898475

3
1 1 1 0.855382
2 0 0 1.12753
3 0 0 0.842153

1
1 0 0 0.802107

3
1 1 1 0.833012
2 0 0 1.02449
3 0 0 0.809583

3
1 1 1 0.927209
2 0 0 0.933934
3 0 0 0.834369

3
1 1 2 0.820602
2 0 0 0.807138
3 0 0 1.03794

3
1 0 4735 0.911187
2 0 0 1.02794
3 0 0 0.845013

3
1 2 4 0.903083
2 0 0 0.910204
3 0 0 0.968241

3
1 1 2 0.858105
2 0 0 0.899235
3 0 0 1.08975

1
1 0 0 0.860915

1
1 0 0 0.914595

3
1 1 1 0.946024
2 0 0 0.836594
3 0 0 0.907825

3
1 1 1 0.832503
2 0 0 1.04384
3 0 0 0.841615

3
1 3 8 0.834567
2 0 0 0.989407
3 0 0 0.812269

3
1 1 1 0.934993
2 0 0 1.00154
3 0 0 0.802586

1
1 0 0 0.868413

5
1 0 2985 0.912402
2 1 1 0.992001
4 0 0 0.886882
5 0 0 0.926111
3 0 0 0.815655

3
1 1 1 0.826777
2 0 0 1.14512
3 0 0 0.894989

3
1 1 1 0.888457
2 0 0 0.999673
3 0 0 0.732608

3
1 2 4 0.887506
2 0 0 0.862427
3 0 0 0.920927

1
1 0 0 0.754724

3
1 3 4037 0.904806
2 0 0 0.958432
3 0 0 0.949205

3
1 1 2 0.857722
2 0 0 0.716266
3 0 0 0.977506

3
1 0 4082 0.871745
2 0 0 0.922256
3 0 0 0.85672

3
1 1 1 0.874579
2 0 0 0.968118
3 0 0 0.77124

3
1 0 8746 0.930304
2 0 0 0.929328
3 0 0 0.95845

3
1 0 113 0.8469
2 0 0 1.00693
3 0 0 0.891672

3
1 1 1 0.949183
2 0 0 1.08615
3 0 0 0.804671

3
1 3 1265 0.840457
2 0 0 0.928092
3 0 0 0.857173

3
1 3 1104 0.81307
2 0 0 0.806301
3 0 0 0.824176

3
1 1 1 0.854316
2 0 0 0.863786
3 0 0 0.690077

3
1 1 1 0.868628
2 0 0 0.921693
3 0 0 0.94903

3
1 0 9751 0.911431
2 0 0 0.997916
3 0 0 0.898219

5
1 2 1 0.913489
2 0 0 1.02414
3 3 1664 0.913057
6 0 0 0.879957
7 0 0 0.956163

3
1 3 222 0.886966
2 0 0 1.01822
3 0 0 0.910706

3
1 0 5870 0.880399
2 0 0 0.919319
3 0 0 0.988582

3
1 1 1 0.912319
2 0 0 0.920366
3 0 0 0.873533

5
1 3 4097 0.898392
2 0 0 0.872936
3 0 7565 1.06769
6 0 0 1.00827
7 0 0 0.954723

5
1 0 948 0.745444
2 3 704 0.908533
4 0 0 0.989484
5 0 0 1.09154
3 0 0 0.757038

5
1 3 64 0.786928
2 2 2 1.01114
4 0 0 1.03425
5 0 0 0.988075
3 0 0 0.766347

3
1 1 2 0.842939
2 0 0 0.853864
3 0 0 1.0726

3
1 0 5160 0.893084
2 0 0 0.849577
3 0 0 0.87824

1
1 0 0 0.906675

5
1 3 1670 0.913728
2 1 1 0.9212
4 0 0 0.991261
5 0 0 0.86795
3 0 0 0.829922

3
1 1 1 0.905732
2 0 0 1.04444
3 0 0 0.859394

3
1 1 1 0.800164
2 0 0 1.01556
3 0 0 0.78073

3
1 1 1 0.844517
2 0 0 1.03354
3 0 0 0.813514

1
1 0 0 0.887368

3
1 3 1912 0.865556
2 0 0 0.992043
3 0 0 0.803146

5
1 2 4 0.857277
2 0 0 0.811484
3 1 1 0.813224
6 0 0 0.998738
7 0 0 0.841162

3
1 1 1 0.853731
2 0 0 0.90587
3 0 0 0.814768

3
1 0 143 0.815505
2 0 0 0.970373
3 0 0 0.8753

3
1 2 3 0.868709
2 0 0 0.882016
3 0 0 0.875221

1
1 0 0 0.810755

1
1 0 0 0.812943

3
1 3 4170 0.888209
2 0 0 0.922819
3 0 0 0.822063

3
1 3 4816 0.933891
2 0 0 0.968108
3 0 0 0.929505

1
1 0 0 0.79331

5
1 1 1 0.908219
2 0 4294 0.982193
4 0 0 0.884819
5 0 0 0.990472
3 0 0 0.7882

3
1 3 5391 0.824458
2 0 0 0.836608
3 0 0 1.06035

3
1 1 2 1.09255
2 0 0 0.783764
3 0 0 0.987458

5
1 0 2754 0.878628
2 0 0 1.00726
3 0 3443 0.82808
6 0 0 1.03742
7 0 0 0.795006

3
1 3 778 0.85672
2 0 0 0.950783
3 0 0 0.932509

3
1 1 2 0.953676
2 0 0 0.779305
3 0 0 1.00345

3
1 0 3958 0.876332
2 0 0 0.944555
3 0 0 0.858419

1
1 0 0 0.723305

3
1 0 8586 0.897415
2 0 0 0.86718
3 0 0 0.872755

3
1 0 1179 0.970444
2 0 0 1.00599
3 0 0 0.847255

3
1 0 1423 0.864573
2 0 0 0.981672
3 0 0 0.736199

1
1 0 0 0.991514

5
1 1 2 0.892887
2 0 0 0.879082
3 0 1777 1.004
6 0 0 1.02693
7 0 0 0.967788

1
1 0 0 0.792953

5
1 1 1 0.910989
2 2 3 1.00335
4 0 0 0.917096
5 0 0 1.04146
3 0 0 0.789471

3
1 1 1 0.864011
2 0 0 0.97014
3 0 0 0.775718

3
1 0 7401 0.844206
2 0 0 0.89983
3 0 0 0.905591

1
1 0 0 0.808496

5
1 2 4 0.906405
2 3 5248 0.799981
4 0 0 0.814684
5 0 0 0.985805
3 0 0 0.91574

1
1 0 0 0.860399

3
1 2 2 0.940434
2 0 0 0.845793
3 0 0 0.938688

3
1 1 1 0.901176
2 0 0 1.04875
3 0 0 0.770491

3
1 0 133 0.79375
2 0 0 1.07688
3 0 0 0.785069

5
1 1 2 0.908224
2 0 0 0.824058
3 2 2 1.00166
6 0 0 0.964661
7 0 0 1.04061

3
1 0 7727 0.893797
2 0 0 0.961399
3 0 0 0.890997

5
1 2 4 0.950002
2 0 0 1.01208
3 3 1990 0.940308
6 0 0 0.945643
7 0 0 0.940794

3
1 1 1 0.880438
2 0 0 0.989003
3 0 0 0.919103

1
1 0 0 0.935406

3
1 1 1 0.836073
2 0 0 1.04071
3 0 0 0.77474

5
1 1 1 0.874554
2 0 0 0.916821
3 3 2922 0.89506
6 0 0 0.938026
7 0 0 0.825151

7
1 2 1 0.8685
2 0 2715 1.01335
4 1 2 1.0315
8 0 0 0.973364
9 0 0 1.13905
5 0 0 1.12441
3 0 0 0.868244

1
1 0 0 0.762615

3
1 0 1021 0.900203
2 0 0 0.959124
3 0 0 0.938206

5
1 3 968 0.87309
2 2 1 0.852723
4 0 0 0.978004
5 0 0 0.868462
3 0 0 0.878174

3
1 1 1 0.909143
2 0 0 0.991923
3 0 0 0.793463

1
1 0 0 0.875022

3
1 0 3778 0.936003
2 0 0 0.974523
3 0 0 0.96698

1
1 0 0 0.855191

3
1 1 1 0.837219
2 0 0 0.947266
3 0 0 0.766268

1
1 0 0 0.971253

3
1 1 2 0.809715
2 0 0 0.787315
3 0 0 0.925531

3
1 1 1 0.881348
2 0 0 1.10761
3 0 0 0.794431

3
1 1 1 0.830117
2 0 0 1.03026
3 0 0 0.757683

7
1 0 2405 0.840637
2 0 0 0.981551
3 1 1 0.87487
6 3 3735 0.971479
12 0 0 0.952309
13 0 0 0.973196
7 0 0 0.804748

1
1 0 0 0.859522

3
1 1 2 0.783145
2 0 0 0.82728
3 0 0 0.874397

1
1 0 0 0.739097

3
1 2 3 0.884074
2 0 0 0.913955
3 0 0 0.900249

5
1 3 92 0.857836
2 1 2 1.07563
4 0 0 0.96661
5 0 0 0.977799
3 0 0 0.854851

3
1 1 1 0.830534
2 0 0 1.00368
3 0 0 0.850723

1
1 0 0 0.888618

5
1 2 4 0.824604
2 1 2 0.920854
4 0 0 0.911124
5 0 0 0.975824
3 0 0 0.884351

1
1 0 0 0.832278

9
1 3 2230 0.829625
2 0 0 0.914174
3 1 2 0.982462
6 2 1 0.864763
12 0 0 0.990849
13 0 0 0.886252
7 3 4682 1.0163
14 0 0 0.971303
15 0 0 1.02798

5
1 1 1 0.880884
2 0 3768 0.99383
4 0 0 0.99126
5 0 0 0.964584
3 0 0 0.888165

5
1 0 6268 0.926423
2 0 0 0.852511
3 3 2249 0.882185
6 0 0 0.986853
7 0 0 0.898278

3
1 3 3109 0.815308
2 0 0 0.877127
3 0 0 0.785656

3
1 0 73 0.840399
2 0 0 0.893607
3 0 0 0.838158

11
1 2 4 0.999741
2 2 1 0.977993
4 0 0 0.978823
5 0 0 0.884819
3 1 2 0.959736
6 0 0 0.863557
7 3 979 1.12296
14 0 0 0.976391
15 3 4933 1.01691
30 0 0 1.04504
31 0 0 1.08103

3
1 0 1034 1.00902
2 0 0 0.982245
3 0 0 0.909804

5
1 1 1 0.888457
2 0 0 0.976206
3 2 4 0.924379
6 0 0 0.911849
7 0 0 0.908459

1
1 0 0 0.898675

3
1 1 1 0.830409
2 0 0 0.984816
3 0 0 0.821572

1
1 0 0 0.753572

1
1 0 0 0.858649

5
1 0 69 0.647023
2 2 2 0.923573
4 0 0 0.999885
5 0 0 1.04016
3 0 0 0.850979

3
1 0 6476 0.864941
2 0 0 0.901431
3 0 0 0.852451

5
1 0 2865 0.88735
2 1 2 1.0289
4 0 0 1.02011
5 0 0 1.09468
3 0 0 0.870349

3
1 1 1 0.873446
2 0 0 1.10446
3 0 0 0.872836

3
1 2 4 0.818044
2 0 0 0.815936
3 0 0 0.940484

1
1 0 0 0.792994

5
1 3 2856 0.903396
2 0 0 0.925854
3 0 137 0.768005
6 0 0 0.884188
7 0 0 0.810204

3
1 1 1 0.854316
2 0 0 0.856675
3 0 0 0.772292

9
1 1 1 0.900436
2 0 3381 1.09622
4 0 0 0.97722
5 3 209 1.00128
10 0 0 0.953925
11 0 0 0.911839
3 1 2 0.812758
6 0 0 0.776159
7 0 0 1.01741

3
1 3 115 0.794838
2 0 0 0.967819
3 0 0 0.891183

3
1 0 1206 0.948864
2 0 0 0.971684
3 0 0 0.819177

1
1 0 0 0.795253

3
1 1 1 0.863206
2 0 0 1.04637
3 0 0 0.911002

3
1 1 1 0.988482
2 0 0 1.12898
3 0 0 0.802386

1
1 0 0 0.899167

3
1 1 2 0.825388
2 0 0 0.958667
3 0 0 1.03361

3
1 0 2612 0.85788
2 0 0 0.826469
3 0 0 0.885527

1
1 0 0 0.849148

3
1 2 4 0.82616
2 0 0 0.926386
3 0 0 1.04287

7
1 3 2677 0.933994
2 0 0 0.86958
3 0 311 0.834963
6 0 149 0.966076
12 0 0 0.919882
13 0 0 0.94593
7 0 0 0.861401

3
1 1 2 0.840939
2 0 0 0.774278
3 0 0 1.05728

3
1 1 1 0.835208
2 0 0 0.932275
3 0 0 0.786111

3
1 1 2 0.912492
2 0 0 0.926389
3 0 0 0.888701

1
1 0 0 0.802475

3
1 1 1 0.96922
2 0 0 1.04487
3 0 0 0.843275

1
1 0 0 0.886781

7
1 1 1 0.900352
2 0 0 0.976665
3 2 1 0.882018
6 3 3555 0.95071
12 0 0 1.01896
13 0 0 0.9456
7 0 0 0.914448

3
1 1 1 0.867315
2 0 0 1.01454
3 0 0 0.801517

5
1 2 1 0.93775
2 0 5369 0.922211
4 0 0 0.91388
5 0 0 0.898377
3 0 0 0.933698

3
1 1 2 0.737188
2 0 0 0.740552
3 0 0 1.02161

3
1 0 6252 0.830471
2 0 0 1.08348
3 0 0 0.895456

3
1 0 2463 0.928194
2 0 0 1.00613
3 0 0 0.876806

1
1 0 0 0.833286

3
1 0 1566 0.902694
2 0 0 0.995767
3 0 0 0.855218

1
1 0 0 0.846263

5
1 0 1208 0.914515
2 2 2 0.987411
4 0 0 0.927492
5 0 0 0.922754
3 0 0 0.800961

3
1 3 4273 0.926225
2 0 0 1.01232
3 0 0 0.856775

1
1 0 0 0.755375

1
1 0 0 0.822114

3
1 1 1 0.878953
2 0 0 0.885562
3 0 0 0.82642

3
1 0 4720 0.834826
2 0 0 0.996232
3 0 0 0.91803

1
1 0 0 0.820969

1
1 0 0 0.823213

3
1 1 2 0.84258
2 0 0 0.942092
3 0 0 1.04354

3
1 3 2887 0.797455
2 0 0 0.956818
3 0 0 0.771813

1
1 0 0 0.69566

3
1 1 1 0.919127
2 0 0 0.985344
3 0 0 0.853721

1
1 0 0 0.722563

3
1 3 5388 0.827478
2 0 0 0.865407
3 0 0 1.07129

3
1 3 1895 0.940562
2 0 0 0.877474
3 0 0 0.937851

3
1 1 1 0.864011
2 0 0 1.08075
3 0 0 0.839813

5
1 3 5247 0.836278
2 2 4 0.90769
4 0 0 0.918515
5 0 0 0.950435
3 0 0 0.987084

3
1 2 3 0.935418
2 0 0 0.813804
3 0 0 0.848833

5
1 0 5008 0.959906
2 3 5047 1.05852
4 0 0 1.03725
5 0 0 0.997352
3 0 0 0.90131

1
1 0 0 0.849534

1
1 0 0 0.725263

5
1 1 1 0.939918
2 0 9099 0.915799
4 0 0 0.897022
5 0 0 1.00658
3 0 0 0.7705

1
1 0 0 0.799335

3
1 1 2 0.908224
2 0 0 0.787974
3 0 0 1.01267

3
1 1 1 0.857495
2 0 0 0.904254
3 0 0 0.876142

3
1 1 1 0.850496
2 0 0 1.01742
3 0 0 0.754915

7
1 2 4 0.89115
2 3 5083 0.926252
4 0 0 0.963523
5 0 0 0.932918
3 1 2 0.931217
6 0 0 1.0702
7 0 0 1.05329

5
1 1 2 0.878507
2 0 0 0.842743
3 2 2 0.903713
6 0 0 0.935993
7 0 0 0.838782

3
1 1 1 0.836073
2 0 0 1.09201
3 0 0 0.833234

3
1 1 2 0.851611
2 0 0 0.862308
3 0 0 0.984143

3
1 0 2934 0.861351
2 0 0 0.948238
3 0 0 0.785813

3
1 3 2327 0.957283
2 0 0 0.973988
3 0 0 0.955452

5
1 0 3947 0.955122
2 3 3963 0.92338
4 0 0 0.870067
5 0 0 0.988626
3 0 0 0.900125

3
1 1 1 0.806096
2 0 0 1.08188
3 0 0 0.833023

3
1 3 5235 0.866115
2 0 0 0.802379
3 0 0 1.03446

3
1 0 5352 0.872238
2 0 0 0.859464
3 0 0 1.04743

3
1 1 1 0.940476
2 0 0 1.04977
3 0 0 0.769466

1
1 0 0 0.819819

3
1 2 4 0.933679
2 0 0 0.955219
3 0 0 1.11371

3
1 1 1 0.833101
2 0 0 0.873014
3 0 0 0.827275

1
1 0 0 0.849441

5
1 0 1398 0.838026
2 0 311 0.992251
4 0 0 1.01962
5 0 0 0.896765
3 0 0 0.76179

5
1 1 2 0.867525
2 0 0 0.873859
3 2 4 1.02795
6 0 0 1.01609
7 0 0 1.07442

3
1 0 833 0.863198
2 0 0 0.933775
3 0 0 0.794744

3
1 1 1 0.89958
2 0 0 1.01419
3 0 0 0.877896

3
1 0 7620 0.915941
2 0 0 1.05653
3 0 0 0.938922

1
1 0 0 0.820808

5
1 0 1174 0.899843
2 0 319 1.01728
4 0 0 1.02863
5 0 0 1.00666
3 0 0 0.893022

3
1 0 557 0.875986
2 0 0 1.0323
3 0 0 0.796857

3
1 1 1 0.830534
2 0 0 1.06762
3 0 0 0.722381

5
1 0 171 0.810114
2 1 1 0.956956
4 0 0 1.00942
5 0 0 0.985274
3 0 0 0.867659

3
1 1 2 0.951526
2 0 0 0.860336
3 0 0 0.959733

3
1 3 5269 0.857207
2 0 0 0.789107
3 0 0 1.07086

3
1 3 1319 0.916792
2 0 0 0.919013
3 0 0 0.965143

5
1 1 1 0.970039
2 0 0 0.999575
3 1 2 0.972831
6 0 0 0.927306
7 0 0 1.11129

3
1 3 3072 0.905912
2 0 0 1.09453
3 0 0 0.896771

1
1 0 0 0.729998

3
1 1 1 0.823686
2 0 0 0.949145
3 0 0 0.80503

1
1 0 0 0.914322

3
1 3 2341 0.93324
2 0 0 0.969191
3 0 0 0.906489

1
1 0 0 0.67201

3
1 2 4 0.921468
2 0 0 0.936297
3 0 0 0.958798

1
1 0 0 0.845487

5
1 0 597 0.881628
2 1 2 0.988805
4 0 0 0.878657
5 0 0 1.13981
3 0 0 0.843746

3
1 3 4814 0.886054
2 0 0 0.859308
3 0 0 0.849663

3
1 0 5834 0.847095
2 0 0 0.924972
3 0 0 0.81883

3
1 3 769 0.821497
2 0 0 0.956219
3 0 0 0.870522

5
1 1 2 0.919623
2 0 0 0.834292
3 0 9927 0.901421
6 0 0 0.979948
7 0 0 1.0167

5
1 1 1 0.873446
2 3 981 1.04284
4 0 0 1.05613
5 0 0 1.0113
3 0 0 0.735319

3
1 2 1 0.975492
2 0 0 0.939343
3 0 0 0.934335

7
1 1 2 0.875873
2 0 0 0.983087
3 3 3605 1.03568
6 0 3910 1.13172
12 0 0 1.13408
13 0 0 0.987564
7 0 0 1.04204

3
1 1 2 0.865971
2 0 0 0.867905
3 0 0 1.03259

3
1 1 1 0.854316
2 0 0 0.996719
3 0 0 0.699545

3
1 1 1 0.900436
2 0 0 1.05946
3 0 0 0.73482

3
1 1 1 0.868567
2 0 0 1.01348
3 0 0 0.797356

7
1 1 2 0.793092
2 0 0 0.951998
3 3 3883 0.930784
6 0 0 1.01086
7 0 9458 0.921583
14 0 0 0.935201
15 0 0 1.09567

1
1 0 0 0.83244

3
1 1 1 0.844853
2 0 0 0.987334
3 0 0 0.688279

7
1 0 6540 0.89501
2 2 4 0.954323
4 0 0 0.957409
5 0 0 0.947088
3 0 6902 0.879229
6 0 0 0.989014
7 0 0 0.838389

3
1 1 1 0.912347
2 0 0 1.0129
3 0 0 0.826755

7
1 0 5588 0.871254
2 0 0 0.900917
3 3 789 0.924324
6 0 0 0.922555
7 0 6010 0.921682
14 0 0 0.995417
15 0 0 0.882649

3
1 3 2317 0.852668
2 0 0 0.950253
3 0 0 0.83349

3
1 1 1 0.847833
2 0 0 0.914281
3 0 0 0.815827

5
1 2 4 0.930509
2 0 0 0.881168
3 3 3525 0.932232
6 0 0 0.959004
7 0 0 0.959916

9
1 1 2 0.849499
2 3 1967 0.838804
4 0 0 0.912454
5 3 2737 0.91792
10 0 0 1.08356
11 0 0 0.914881
3 2 4 0.9784
6 0 0 1.11108
7 0 0 0.926894

3
1 0 464 0.816931
2 0 0 1.1168
3 0 0 0.711675

5
1 2 3 0.899647
2 0 0 0.897996
3 0 2103 0.996122
6 0 0 0.948827
7 0 0 0.989086

5
1 0 6916 0.903872
2 2 4 1.01333
4 0 0 1.07193
5 0 0 0.950419
3 0 0 0.930192

3
1 3 3551 0.840449
2 0 0 0.861951
3 0 0 0.941385

3
1 1 1 0.96922
2 0 0 1.0784
3 0 0 0.7568

3
1 1 1 0.88663
2 0 0 1.05367
3 0 0 0.777328

3
1 3 1564 0.852639
2 0 0 0.864295
3 0 0 0.825526

7
1 1 1 0.867315
2 2 1 1.00893
4 0 0 1.00245
5 0 0 0.875798
3 0 1245 0.912202
6 0 0 0.936626
7 0 0 0.878404

1
1 0 0 0.85409

1
1 0 0 0.79738

7
1 1 1 0.806468
2 3 1291 0.976797
4 0 0 1.11445
5 0 0 0.98847
3 1 2 0.869866
6 0 0 0.897368
7 0 0 0.966336

3
1 2 4 0.766019
2 0 0 0.751271
3 0 0 0.850435

7
1 1 1 0.883431
2 0 0 0.964163
3 1 2 0.874042
6 0 0 0.848418
7 0 7764 0.913773
14 0 0 0.878393
15 0 0 1.01734

3
1 2 2 0.870948
2 0 0 0.921724
3 0 0 0.994499

3
1 1 1 0.855882
2 0 0 0.919822
3 0 0 0.879101

1
1 0 0 0.86099

5
1 2 4 0.920835
2 0 5671 0.918719
4 0 0 1.03579
5 0 0 0.915059
3 0 0 0.986266

5
1 0 6584 0.892497
2 0 0 0.891959
3 0 9234 0.931671
6 0 0 0.932094
7 0 0 0.81701

3
1 0 5987 0.856611
2 0 0 0.867742
3 0 0 0.915263

3
1 1 1 0.84844
2 0 0 0.841748
3 0 0 0.810925

3
1 2 2 0.914309
2 0 0 0.932371
3 0 0 0.972258

3
1 0 975 0.858537
2 0 0 1.00305
3 0 0 0.828788

3
1 1 2 0.929311
2 0 0 0.915768
3 0 0 0.986192

5
1 1 2 0.886819
2 0 0 0.851588
3 0 5416 1.02153
6 0 0 1.0247
7 0 0 0.922388

3
1 0 901 0.916292
2 0 0 1.01202
3 0 0 0.834844

1
1 0 0 0.827788

3
1 1 1 0.919127
2 0 0 1.02841
3 0 0 0.645427

1
1 0 0 0.81253

3
1 0 4009 0.807975
2 0 0 1.02492
3 0 0 0.83575

3
1 1 2 0.934166
2 0 0 0.729833
3 0 0 0.935492

1
1 0 0 0.757276

5
1 3 807 0.795109
2 3 732 0.953888
4 0 0 0.930268
5 0 0 1.02955
3 0 0 0.759758

3
1 1 1 0.980634
2 0 0 1.07434
3 0 0 0.71656

1
1 0 0 0.778886

1
1 0 0 0.872734

3
1 0 9314 0.931274
2 0 0 0.969868
3 0 0 0.966983

5
1 1 1 0.939918
2 3 3823 1.17344
4 0 0 1.16561
5 0 0 0.922006
3 0 0 0.846093

5
1 2 1 0.856188
2 0 5010 1.08371
4 0 0 1.02668
5 0 0 1.05033
3 0 0 0.893225

3
1 2 3 0.875853
2 0 0 0.887115
3 0 0 0.850237

3
1 1 2 0.837725
2 0 0 0.806996
3 0 0 1.04568

3
1 3 1708 0.843863
2 0 0 0.93379
3 0 0 0.79962

3
1 2 3 0.843032
2 0 0 0.870151
3 0 0 0.96013

1
1 0 0 0.703008

5
1 1 1 0.836073
2 2 3 1.03618
4 0 0 0.941972
5 0 0 0.976488
3 0 0 0.749632

1
1 0 0 0.864256

3
1 1 2 0.840383
2 0 0 0.876963
3 0 0 1.01985

1
1 0 0 0.817442

5
1 2 2 0.925178
2 0 9457 0.898159
4 0 0 0.905206
5 0 0 0.928957
3 0 0 1.01622

3
1 0 1025 0.90849
2 0 0 0.933565
3 0 0 0.804453

7
1 3 2462 0.903426
2 0 0 0.941572
3 3 3114 0.983049
6 0 0 1.04889
7 0 4004 1.02529
14 0 0 1.03446
15 0 0 0.941282

3
1 3 1871 0.87528
2 0 0 1.01722
3 0 0 0.992739

3
1 1 1 0.940476
2 0 0 1.02977
3 0 0 0.741464

5
1 2 1 0.885242
2 0 0 1.00382
3 0 5909 0.962052
6 0 0 0.881852
7 0 0 0.929309

1
1 0 0 0.810225

3
1 2 4 0.821049
2 0 0 0.875674
3 0 0 0.989182

3
1 0 9460 0.802517
2 0 0 0.861757
3 0 0 0.969177

3
1 1 1 0.788513
2 0 0 1.03139
3 0 0 0.781023

3
1 0 7304 0.927417
2 0 0 0.971751
3 0 0 0.852895

1
1 0 0 0.752788

1
1 0 0 0.762903

5
1 2 1 0.883914
2 0 0 0.894885
3 1 2 0.960535
6 0 0 0.919896
7 0 0 1.09702

3
1 3 1481 0.927561
2 0 0 0.98049
3 0 0 0.848121

1
1 0 0 0.854603

3
1 3 239 0.900338
2 0 0 0.911222
3 0 0 0.948256

3
1 3 1279 0.93591
2 0 0 1.01398
3 0 0 0.964855

1
1 0 0 0.800717

5
1 1 1 0.852718
2 0 0 1.00339
3 2 2 0.871008
6 0 0 0.865233
7 0 0 0.902087

3
1 2 4 0.864013
2 0 0 0.78924
3 0 0 0.927369

5
1 3 2463 0.88178
2 2 1 0.878576
4 0 0 1.08367
5 0 0 0.944617
3 0 0 0.903058

3
1 3 4435 0.80636
2 0 0 0.937232
3 0 0 0.808601

1
1 0 0 0.763807

1
1 0 0 0.766583

3
1 1 2 0.889972
2 0 0 0.923129
3 0 0 0.991211

3
1 3 1799 0.931014
2 0 0 0.81265
3 0 0 0.932968

3
1 0 1551 0.807555
2 0 0 0.846054
3 0 0 0.819349

3
1 1 1 0.871299
2 0 0 1.04053
3 0 0 0.825651

9
1 3 622 0.923569
2 1 2 1.06992
4 0 0 0.997869
5 0 0 0.910315
3 3 884 0.928213
6 0 0 0.988416
7 3 2632 0.938816
14 0 0 0.923419
15 0 0 0.87289

3
1 1 1 0.887588
2 0 0 0.88672
3 0 0 0.865921

7
1 1 1 0.886606
2 3 2194 0.934895
4 0 0 1.02423
5 2 1 0.837668
10 0 0 1.02902
11 0 0 0.912015
3 0 0 0.920128

5
1 1 2 0.944358
2 0 0 0.933956
3 2 4 1.10022
6 0 0 0.97288
7 0 0 0.984637

5
1 3 1462 0.944871
2 0 0 0.915692
3 1 2 0.917359
6 0 0 0.888241
7 0 0 0.999459

1
1 0 0 0.816877

3
1 1 2 0.919623
2 0 0 0.817122
3 0 0 1.05789

1
1 0 0 0.847059

3
1 1 1 0.827642
2 0 0 1.03843
3 0 0 0.859466

3
1 0 6671 0.783177
2 0 0 0.843178
3 0 0 0.695861

9
1 1 2 0.865971
2 1 1 0.856365
4 0 7274 1.0492
8 0 0 1.02253
9 0 0 0.940646
5 0 0 0.915339
3 3 2514 0.946821
6 0 0 0.951819
7 0 0 1.03325

3
1 3 323 0.791261
2 0 0 0.905606
3 0 0 0.785492

7
1 1 1 0.900436
2 0 0 0.980909
3 0 1346 0.779748
6 0 1181 1.05669
12 0 0 1.06662
13 0 0 1.06275
7 0 0 0.780182

1
1 0 0 0.747012

5
1 0 7440 0.869498
2 3 2467 0.915798
4 0 0 0.909044
5 0 0 0.822795
3 0 0 0.886543

5
1 1 1 0.844258
2 2 4 0.9502
4 0 0 1.08217
5 0 0 0.871015
3 0 0 0.840648

3
1 0 1125 0.878497
2 0 0 1.01472
3 0 0 0.761286

3
1 1 1 0.871126
2 0 0 1.11994
3 0 0 0.834858

7
1 3 2921 0.861524
2 0 8773 0.967282
4 0 0 1.03565
5 1 1 0.952389
10 0 0 1.02299
11 0 0 1.01127
3 0 0 0.901336

3
1 3 5207 0.790614
2 0 0 0.821326
3 0 0 0.956494

3
1 1 1 0.828052
2 0 0 0.930543
3 0 0 0.864406

3
1 2 3 0.89541
2 0 0 0.86555
3 0 0 0.937093

3
1 0 2169 0.923735
2 0 0 0.906182
3 0 0 0.90729

5
1 2 3 0.922098
2 0 0 0.974284
3 0 90 0.857606
6 0 0 0.967912
7 0 0 0.833637

3
1 0 8830 0.920353
2 0 0 0.903849
3 0 0 0.917144

3
1 2 4 0.884908
2 0 0 0.884432
3 0 0 1.00327

5
1 0 1958 0.936076
2 0 0 1.13248
3 1 1 0.947813
6 0 0 1.04909
7 0 0 0.800069

3
1 3 5 0.770738
2 0 0 0.852315
3 0 0 0.804209

3
1 1 1 0.96922
2 0 0 1.02613
3 0 0 0.841309

7
1 1 1 0.88663
2 0 0 1.05775
3 2 4 0.975672
6 2 2 0.950367
12 0 0 0.870329
13 0 0 1.04117
7 0 0 0.991083

5
1 2 4 0.779762
2 0 0 0.858386
3 1 2 1.07214
6 0 0 0.993076
7 0 0 1.06785

1
1 0 0 0.837659

7
1 3 369 0.834464
2 3 62 0.895491
4 2 2 1.05265
8 0 0 1.0265
9 0 0 1.06643
5 0 0 1.08008
3 0 0 0.7635

5
1 3 577 0.797201
2 0 0 0.891936
3 1 1 0.921619
6 0 0 1.05011
7 0 0 0.850022

5
1 1 1 0.806468
2 0 0 0.970034
3 1 2 0.875976
6 0 0 0.815797
7 0 0 0.924498

7
1 2 2 0.900724
2 1 2 0.93771
4 0 0 0.963086
5 0 6531 0.936711
10 0 0 1.01478
11 0 0 0.987887
3 0 0 0.893275

3
1 1 1 0.883431
2 0 0 1.03514
3 0 0 0.813533

3
1 1 1 0.881882
2 0 0 1.02535
3 0 0 0.780556

3
1 3 696 0.883534
2 0 0 0.985929
3 0 0 0.90893

3
1 0 291 0.811471
2 0 0 1.0522
3 0 0 0.762481

3
1 2 2 0.870441
2 0 0 0.887874
3 0 0 0.920616

3
1 0 3843 0.883303
2 0 0 0.989606
3 0 0 0.878476

1
1 0 0 0.856204

3
1 0 1431 0.851884
2 0 0 0.924623
3 0 0 0.813328

7
1 1 2 0.883873
2 1 1 0.895555
4 0 0 1.08886
5 0 0 0.821988
3 3 2297 0.99945
6 0 0 0.986832
7 0 0 0.984067

3
1 3 3111 0.937961
2 0 0 1.02835
3 0 0 0.954779

5
1 1 1 0.941702
2 3 4037 1.05978
4 0 0 0.929549
5 0 0 1.05297
3 0 0 0.7458

3
1 1 2 0.886819
2 0 0 0.937998
3 0 0 0.965303

1
1 0 0 0.845193

3
1 1 1 0.846014
2 0 0 0.878451
3 0 0 0.796107

3
1 3 1163 0.914033
2 0 0 0.951566
3 0 0 0.917114

3
1 1 1 0.846326
2 0 0 1.00709
3 0 0 0.934684

3
1 0 617 0.839733
2 0 0 0.976526
3 0 0 0.902076

3
1 1 2 0.888494
2 0 0 0.735131
3 0 0 0.921618

5
1 3 157 0.759787
2 1 2 0.918104
4 0 0 0.958109
5 0 0 1.04377
3 0 0 0.878557

1
1 0 0 0.853231

3
1 1 1 0.980634
2 0 0 1.0124
3 0 0 0.793957

3
1 0 6327 0.858318
2 0 0 0.841919
3 0 0 0.965343

3
1 1 1 0.872734
2 0 0 1.06396
3 0 0 0.709084

1
1 0 0 0.73619

1
1 0 0 0.715184

5
1 1 2 0.883637
2 0 0 0.814681
3 3 1658 0.965921
6 0 0 0.918142
7 0 0 1.00015

3
1 1 2 0.774818
2 0 0 0.941933
3 0 0 0.890449

3
1 3 5090 0.930926
2 0 0 0.834809
3 0 0 0.918279

1
1 0 0 0.782775

3
1 0 4343 0.90671
2 0 0 0.937249
3 0 0 0.863141

5
1 2 1 0.894543
2 0 0 0.891686
3 1 2 0.89128
6 0 0 0.860986
7 0 0 0.975972

3
1 1 1 0.916454
2 0 0 1.01243
3 0 0 0.850755

1
1 0 0 0.774193

3
1 1 2 0.840383
2 0 0 0.808777
3 0 0 1.01604

1
1 0 0 0.80371

3
1 3 2909 0.821261
2 0 0 0.929826
3 0 0 0.855406

3
1 1 1 0.916996
2 0 0 1.00649
3 0 0 0.836722

3
1 0 1792 0.880017
2 0 0 0.990141
3 0 0 0.870941

3
1 3 183 0.808099
2 0 0 1.08631
3 0 0 0.818302

7
1 1 1 0.827219
2 0 2120 0.951773
4 2 3 1.01387
8 0 0 0.943782
9 0 0 0.949304
5 0 0 1.05721
3 0 0 0.736769

3
1 1 2 0.795315
2 0 0 0.785818
3 0 0 1.00818

1
1 0 0 0.836838

7
1 0 9662 0.841152
2 0 0 0.900337
3 1 2 1.03704
6 0 0 0.958281
7 2 1 1.09671
14 0 0 1.10432
15 0 0 0.995078

3
1 1 1 0.876314
2 0 0 0.924846
3 0 0 0.871575

3
1 0 5694 0.859673
2 0 0 0.85884
3 0 0 0.839688

5
1 1 1 0.920539
2 0 0 0.992502
3 0 84 0.776859
6 0 0 0.969546
7 0 0 0.820993

5
1 0 3403 0.932256
2 0 0 1.0314
3 2 4 0.896042
6 0 0 0.894683
7 0 0 0.994556

3
1 2 1 0.997102
2 0 0 1.02276
3 0 0 0.961691

3
1 2 3 0.895526
2 0 0 0.909135
3 0 0 1.00865

1
1 0 0 0.818015

1
1 0 0 0.820462

3
1 3 3253 0.852226
2 0 0 0.900654
3 0 0 0.767456

1
1 0 0 0.781187

3
1 3 5017 0.914352
2 0 0 0.792044
3 0 0 0.947512

3
1 0 1763 0.887898
2 0 0 1.0102
3 0 0 0.945596

5
1 2 4 0.91611
2 3 5148 0.912838
4 0 0 0.867368
5 0 0 0.939223
3 0 0 0.943373

3
1 1 2 0.841206
2 0 0 0.907705
3 0 0 1.09171

3
1 1 2 0.921616
2 0 0 0.890244
3 0 0 1.01266

3
1 3 3665 0.884143
2 0 0 0.953219
3 0 0 0.903749

3
1 0 6516 0.891593
2 0 0 1.02759
3 0 0 0.938758

1
1 0 0 0.782665

1
1 0 0 0.705135

3
1 1 1 0.903074
2 0 0 0.924914
3 0 0 0.931699

1
1 0 0 0.920558

1
1 0 0 0.742463

3
1 2 4 0.80139
2 0 0 0.924291
3 0 0 0.885236

3
1 1 2 0.875331
2 0 0 0.684436
3 0 0 0.951877

3
1 1 2 0.898512
2 0 0 0.82291
3 0 0 0.9615

1
1 0 0 0.808769

7
1 1 2 1.01652
2 2 3 1.0635
4 0 0 0.967712
5 3 3798 0.938043
10 0 0 0.924428
11 0 0 0.863224
3 0 0 1.09362

5
1 1 1 0.768332
2 3 574 1.09196
4 0 0 1.16334
5 0 0 1.14982
3 0 0 0.770827

3
1 3 62 0.892728
2 0 0 0.976692
3 0 0 0.947032

3
1 0 8509 0.929391
2 0 0 1.00929
3 0 0 0.956556

5
1 2 2 0.909455
2 0 0 0.904284
3 3 2091 1.01438
6 0 0 1.02325
7 0 0 0.991055

3
1 0 4423 0.844848
2 0 0 0.991591
3 0 0 0.855707

1
1 0 0 0.78853

5
1 1 2 0.854497
2 0 0 0.850299
3 3 1635 0.937111
6 0 0 1.06962
7 0 0 0.888202

1
1 0 0 0.88462

3
1 0 1091 0.760327
2 0 0 0.875301
3 0 0 0.791961

3
1 1 1 0.844258
2 0 0 0.98551
3 0 0 0.784159

3
1 1 1 0.885382
2 0 0 1.01898
3 0 0 0.861954

1
1 0 0 0.787409

3
1 1 1 0.873415
2 0 0 0.905896
3 0 0 0.789403

3
1 0 2754 0.894238
2 0 0 0.969561
3 0 0 0.921498

3
1 1 1 0.828052
2 0 0 0.955873
3 0 0 0.777938

3
1 0 1913 0.768294
2 0 0 0.927491
3 0 0 0.734654

3
1 0 1346 0.88385
2 0 0 0.968839
3 0 0 0.813466

1
1 0 0 0.67218

1
1 0 0 0.768791

3
1 3 3190 0.99357
2 0 0 0.911152
3 0 0 0.802641

3
1 1 2 0.870029
2 0 0 0.867047
3 0 0 1.114

5
1 1 1 0.945881
2 3 2360 0.940937
4 0 0 1.00459
5 0 0 0.932082
3 0 0 0.914676

3
1 1 1 0.96922
2 0 0 1.0495
3 0 0 0.86299

3
1 1 1 0.88663
2 0 0 1.06297
3 0 0 0.821625

5
1 2 2 0.93073
2 0 3746 0.94245
4 0 0 1.03973
5 0 0 0.993175
3 0 0 0.88494

3
1 0 9018 0.869316
2 0 0 0.906686
3 0 0 0.830167

3
1 2 4 0.896592
2 0 0 0.912963
3 0 0 0.774367

3
1 2 1 0.966099
2 0 0 0.938334
3 0 0 0.967647

1
1 0 0 0.86612

1
1 0 0 0.899029

3
1 0 8294 0.844452
2 0 0 0.880212
3 0 0 0.83448

3
1 1 1 0.929959
2 0 0 1.01262
3 0 0 0.781547

1
1 0 0 0.757415

3
1 1 1 0.920073
2 0 0 1.0205
3 0 0 0.879594

3
1 0 6665 0.803176
2 0 0 0.825296
3 0 0 0.879521

3
1 3 3742 0.87981
2 0 0 0.958111
3 0 0 0.872013

7
1 0 4805 0.956602
2 0 0 0.953149
3 1 2 0.966062
6 0 5487 0.845818
12 0 0 0.882311
13 0 0 0.833505
7 0 0 0.90584

1
1 0 0 0.865605

1
1 0 0 0.824202

3
1 1 2 0.849855
2 0 0 0.860376
3 0 0 1.09893

3
1 1 1 0.941702
2 0 0 1.09992
3 0 0 0.839246

3
1 0 2034 0.856467
2 0 0 1.04178
3 0 0 0.873375

3
1 1 1 0.869924
2 0 0 1.01294
3 0 0 0.841931

3
1 1 1 0.846014
2 0 0 1.0571
3 0 0 0.785293

3
1 1 1 0.886663
2 0 0 0.990205
3 0 0 0.916396

3
1 2 1 0.810503
2 0 0 0.855516
3 0 0 0.802923

5
1 1 2 0.936747
2 0 0 0.796229
3 2 4 1.00895
6 0 0 0.905416
7 0 0 1.03041

3
1 1 2 0.891071
2 0 0 0.893654
3 0 0 1.03797

3
1 1 2 0.854468
2 0 0 0.81881
3 0 0 0.896924

3
1 0 1378 0.888712
2 0 0 1.02428
3 0 0 0.841115

3
1 1 1 0.980634
2 0 0 0.920126
3 0 0 0.779147

7
1 2 4 0.904672
2 0 0 0.929555
3 1 2 0.893473
6 0 0 1.01408
7 3 4891 0.903558
14 0 0 0.959468
15 0 0 0.966844

3
1 1 1 0.872734
2 0 0 1.01324
3 0 0 0.778851

3
1 3 3192 0.908902
2 0 0 0.950993
3 0 0 0.924189

3
1 3 476 0.762972
2 0 0 0.96396
3 0 0 0.734195

3
1 3 4143 0.878185
2 0 0 0.878775
3 0 0 0.858735

3
1 3 4911 0.901726
2 0 0 0.925482
3 0 0 0.867456

1
1 0 0 0.869802

3
1 1 1 0.826609
2 0 0 1.15962
3 0 0 0.852959

3
1 0 6087 0.902396
2 0 0 0.861301
3 0 0 0.963597

1
1 0 0 0.725015

1
1 0 0 0.718732

7
1 0 2829 0.902142
2 2 3 1.02953
4 1 2 0.941219
8 0 0 0.860773
9 0 0 1.14247
5 0 0 0.917493
3 0 0 0.874824

3
1 1 1 0.812938
2 0 0 0.98497
3 0 0 0.784881

5
1 2 1 0.909885
2 0 0 1.00479
3 2 3 0.948895
6 0 0 1.08444
7 0 0 0.9164

3
1 3 2680 0.896569
2 0 0 0.851801
3 0 0 0.901157

1
1 0 0 0.850003

5
1 3 46 0.788615
2 3 37 1.17264
4 0 0 0.970597
5 0 0 1.10474
3 0 0 0.765383

3
1 3 3071 0.843688
2 0 0 0.942197
3 0 0 0.824772

5
1 3 230 0.858333
2 0 0 0.993341
3 1 1 0.863546
6 0 0 1.05994
7 0 0 0.70473

3
1 1 2 0.795315
2 0 0 0.79866
3 0 0 0.996549

1
1 0 0 0.782588

3
1 0 2835 0.888076
2 0 0 0.974247
3 0 0 0.790018

3
1 1 1 0.876314
2 0 0 1.02256
3 0 0 0.853405

3
1 0 6996 0.858807
2 0 0 0.953696
3 0 0 0.893985

3
1 1 1 0.920539
2 0 0 0.969743
3 0 0 0.741105

3
1 3 3020 0.866112
2 0 0 1.11789
3 0 0 0.986676

3
1 2 4 0.811235
2 0 0 0.815559
3 0 0 0.968682

1
1 0 0 0.764752

1
1 0 0 0.73056

1
1 0 0 0.913152

5
1 1 1 0.819992
2 0 7241 1.07325
4 0 0 0.994974
5 0 0 1.01876
3 0 0 0.901725

3
1 3 183 0.771424
2 0 0 1.15715
3 0 0 0.81963

3
1 1 1 0.841417
2 0 0 0.968046
3 0 0 0.846706

3
1 1 1 0.916538
2 0 0 0.951082
3 0 0 0.785049

1
1 0 0 0.902894

3
1 0 9704 0.855721
2 0 0 0.86732
3 0 0 0.927248

5
1 1 1 0.878969
2 3 2910 0.974748
4 0 0 1.10958
5 0 0 1.0296
3 0 0 0.85059

1
1 0 0 0.825392

5
1 2 4 1.04027
2 1 2 0.961969
4 0 0 0.842781
5 0 0 1.05961
3 0 0 0.875343

3
1 0 5412 0.900736
2 0 0 0.865233
3 0 0 0.868923

5
1 0 8358 0.880052
2 0 0 0.917031
3 0 8945 1.02852
6 0 0 0.971677
7 0 0 0.874724

3
1 1 1 0.904084
2 0 0 1.01293
3 0 0 0.927114

3
1 1 1 0.882556
2 0 0 0.935689
3 0 0 0.705199

3
1 2 1 0.958192
2 0 0 0.919707
3 0 0 0.986505

5
1 2 4 0.87795
2 0 0 0.870401
3 0 5758 1.02907
6 0 0 0.953862
7 0 0 1.01633

1
1 0 0 0.945351

5
1 1 2 0.898512
2 0 0 0.796798
3 2 2 1.018
6 0 0 0.906339
7 0 0 0.982101

7
1 0 355 0.734933
2 2 2 1.03224
4 3 3529 1.06835
8 0 0 1.03197
9 0 0 1.04718
5 0 0 0.941701
3 0 0 0.852481

3
1 1 2 0.827105
2 0 0 0.695972
3 0 0 1.0416

1
1 0 0 0.837606

5
1 1 1 0.801435
2 0 1493 0.952775
4 0 0 0.997003
5 0 0 0.992393
3 0 0 0.800413

1
1 0 0 0.854499

3
1 2 3 0.92223
2 0 0 0.831812
3 0 0 1.0402

3
1 1 2 0.9017
2 0 0 0.865606
3 0 0 1.00057

3
1 2 1 0.860648
2 0 0 0.873835
3 0 0 0.824206

3
1 3 551 0.884624
2 0 0 0.946572
3 0 0 0.935526

1
1 0 0 0.928657

1
1 0 0 0.808457

1
1 0 0 0.957791

1
1 0 0 0.85537

3
1 1 1 0.974615
2 0 0 1.01768
3 0 0 0.925908

5
1 1 2 0.879973
2 0 0 0.713117
3 3 2727 1.00668
6 0 0 1.10476
7 0 0 0.990224

3
1 1 1 0.847827
2 0 0 1.00745
3 0 0 0.841075

5
1 1 1 0.828052
2 0 0 1.03726
3 0 9633 1.00382
6 0 0 0.994317
7 0 0 1.00486

3
1 2 4 0.818883
2 0 0 0.852382
3 0 0 1.00018

5
1 3 4210 0.88118
2 1 1 0.95634
4 0 0 1.09153
5 0 0 0.966328
3 0 0 0.852608

3
1 3 2179 0.806065
2 0 0 0.75787
3 0 0 0.86384

3
1 0 4849 0.846977
2 0 0 0.939238
3 0 0 0.794322

1
1 0 0 0.771942

1
1 0 0 0.744582

3
1 3 3405 0.893372
2 0 0 0.940822
3 0 0 0.86568

3
1 2 3 0.909921
2 0 0 0.85276
3 0 0 0.986953

3
1 1 2 0.810844
2 0 0 0.883091
3 0 0 0.966028

5
1 0 2729 0.907886
2 0 0 0.938586
3 0 4707 0.953458
6 0 0 0.902409
7 0 0 0.821884

3
1 3 4750 0.948169
2 0 0 0.969819
3 0 0 0.937587

3
1 3 4927 0.884467
2 0 0 0.897592
3 0 0 0.971024

1
1 0 0 0.797012

3
1 0 360 0.912977
2 0 0 1.04662
3 0 0 0.870913

3
1 0 2107 0.895355
2 0 0 0.998284
3 0 0 0.85106

5
1 2 3 0.892836
2 3 5225 1.04398
4 0 0 0.988073
5 0 0 0.946478
3 0 0 0.818002

3
1 3 164 0.789713
2 0 0 0.965269
3 0 0 0.830052

3
1 1 1 0.932697
2 0 0 0.960214
3 0 0 0.851124

3
1 3 1985 0.866896
2 0 0 0.923498
3 0 0 0.868844

3
1 3 4130 0.886027
2 0 0 0.837354
3 0 0 0.905034

3
1 3 3832 0.882023
2 0 0 0.885657
3 0 0 0.910715

3
1 3 592 0.915969
2 0 0 0.915548
3 0 0 0.94005

3
1 1 1 0.893515
2 0 0 1.06519
3 0 0 0.800358

1
1 0 0 0.790843

3
1 1 2 0.860826
2 0 0 0.92964
3 0 0 1.03316

1
1 0 0 0.857349

3
1 3 4879 0.89203
2 0 0 0.871274
3 0 0 0.866376

3
1 3 1797 0.942763
2 0 0 0.878201
3 0 0 0.97573

3
1 1 1 0.820272
2 0 0 0.978777
3 0 0 0.873554

3
1 1 1 0.886663
2 0 0 0.920663
3 0 0 0.810032

3
1 1 1 0.932139
2 0 0 1.05078
3 0 0 0.881158

9
1 2 4 0.892998
2 3 2702 0.89392
4 0 502 1.03845
8 0 0 1.04034
9 0 8261 1.03108
18 0 0 1.04552
19 0 0 0.905433
5 0 0 0.861161
3 0 0 0.9511

3
1 1 2 0.891071
2 0 0 0.804914
3 0 0 1.03449

3
1 3 213 0.848469
2 0 0 1.0551
3 0 0 0.828792

3
1 0 464 0.833165
2 0 0 0.992389
3 0 0 0.773958

3
1 1 1 0.980634
2 0 0 1.00494
3 0 0 0.879165

7
1 3 3483 0.910997
2 0 0 0.954703
3 0 9211 0.953495
6 0 0 0.947937
7 2 4 0.989838
14 0 0 1.07339
15 0 0 1.14202

3
1 1 1 0.872734
2 0 0 0.938036
3 0 0 0.799619

1
1 0 0 0.843755

3
1 1 2 0.857274
2 0 0 0.797724
3 0 0 1.15779

1
1 0 0 0.825876

3
1 1 2 0.817301
2 0 0 0.723872
3 0 0 0.992839

3
1 1 1 0.897521
2 0 0 1.08347
3 0 0 0.681192

3
1 1 1 0.892112
2 0 0 1.06219
3 0 0 0.864367

7
1 1 2 0.824188
2 0 0 0.894771
3 0 7014 0.970876
6 0 5650 0.99246
12 0 0 1.05432
13 0 0 0.950691
7 0 0 0.920485

1
1 0 0 0.876904

3
1 0 8808 0.908813
2 0 0 0.879185
3 0 0 0.940293

3
1 0 4522 0.91895
2 0 0 0.912014
3 0 0 0.991214

3
1 1 1 0.842542
2 0 0 1.04342
3 0 0 0.741045

3
1 0 9969 0.838075
2 0 0 0.867466
3 0 0 0.987375

3
1 0 2135 0.807575
2 0 0 1.04155
3 0 0 0.708164

3
1 1 1 0.848909
2 0 0 1.0502
3 0 0 0.805051

1
1 0 0 0.790121

3
1 2 1 0.81319
2 0 0 0.878891
3 0 0 0.799749

5
1 0 5800 1.03084
2 3 4147 1.09378
4 0 0 0.946427
5 0 0 0.881592
3 0 0 0.981693

3
1 1 1 0.847561
2 0 0 1.03208
3 0 0 0.791177

1
1 0 0 0.841104

1
1 0 0 0.786945

3
1 1 2 0.893064
2 0 0 0.862132
3 0 0 1.16945

3
1 2 4 0.815962
2 0 0 0.765232
3 0 0 1.00719

7
1 1 1 0.920539
2 0 8495 1.1235
4 0 0 1.04916
5 2 3 1.00815
10 0 0 1.01981
11 0 0 1.02793
3 0 0 0.764135

3
1 3 3727 0.857782
2 0 0 0.946755
3 0 0 0.817253

3
1 3 1365 0.880117
2 0 0 1.08014
3 0 0 0.881503

3
1 2 4 0.787183
2 0 0 0.834021
3 0 0 0.776665

1
1 0 0 0.801829

3
1 1 1 0.984024
2 0 0 1.00897
3 0 0 0.847879

3
1 3 54 0.815943
2 0 0 0.94754
3 0 0 0.859181

3
1 1 2 0.828295
2 0 0 0.772342
3 0 0 1.01234

3
1 1 1 0.841417
2 0 0 0.968082
3 0 0 0.806432

3
1 1 1 0.916538
2 0 0 0.980633
3 0 0 0.771808

3
1 0 8118 0.853618
2 0 0 0.814783
3 0 0 0.915581

3
1 0 4528 0.871348
2 0 0 0.916013
3 0 0 0.957338

3
1 3 2911 0.887965
2 0 0 0.849048
3 0 0 0.880314

3
1 0 932 0.921692
2 0 0 0.911965
3 0 0 0.902114

1
1 0 0 0.888072

3
1 3 4501 0.890639
2 0 0 0.894995
3 0 0 0.948861

1
1 0 0 0.805572

5
1 1 2 0.823969
2 3 3183 0.832313
4 0 0 0.887938
5 0 0 0.898616
3 0 0 0.900375

5
1 1 1 0.882556
2 0 6200 0.987327
4 0 0 0.999244
5 0 0 0.884568
3 0 0 0.72045

5
1 1 1 0.823572
2 3 3771 1.01321
4 0 0 1.1179
5 0 0 0.960389
3 0 0 0.834511

1
1 0 0 0.890097

9
1 0 413 0.894978
2 1 2 0.963065
4 0 0 0.945117
5 0 0 1.05929
3 0 592 0.785735
6 0 433 1.02627
12 0 0 1.10273
13 0 0 1.09904
7 0 0 0.845016

5
1 3 145 0.795651
2 0 9123 1.07083
4 0 0 1.02188
5 0 0 1.01479
3 0 0 0.84683

1
1 0 0 0.811666

3
1 1 2 0.872289
2 0 0 0.867795
3 0 0 0.946455

5
1 1 1 0.842401
2 3 2337 0.926372
4 0 0 0.985482
5 0 0 0.991924
3 0 0 0.792176

3
1 1 1 0.935834
2 0 0 1.01254
3 0 0 0.807195

3
1 3 5088 0.871163
2 0 0 0.854244
3 0 0 1.01679

5
1 0 8733 0.908392
2 0 1047 1.07654
4 0 0 1.0343
5 0 0 1.08156
3 0 0 0.877364

3
1 1 1 0.878965
2 0 0 0.968334
3 0 0 0.803933

1
1 0 0 0.7868

1
1 0 0 0.864752

5
1 0 6639 0.968641
2 2 4 0.956298
4 0 0 0.958866
5 0 0 0.98888
3 0 0 0.768798

5
1 3 2172 0.789462
2 2 2 1.02796
4 0 0 1.00317
5 0 0 0.992288
3 0 0 0.856338

3
1 3 230 0.906886
2 0 0 0.964229
3 0 0 0.747513

3
1 3 2456 0.912472
2 0 0 1.00641
3 0 0 0.898252

3
1 1 1 0.974615
2 0 0 0.92273
3 0 0 0.854257

5
1 3 3516 0.916742
2 0 2047 0.979952
4 0 0 1.09521
5 0 0 0.949699
3 0 0 0.82939

1
1 0 0 0.89673

5
1 1 1 0.862036
2 0 0 0.917177
3 1 2 0.952039
6 0 0 0.8151
7 0 0 0.959129

3
1 1 1 0.841237
2 0 0 1.08594
3 0 0 0.847972

3
1 0 2629 0.974656
2 0 0 1.00597
3 0 0 1.0386

7
1 1 1 0.865721
2 3 2967 0.912943
4 2 2 1.04669
8 0 0 0.897314
9 0 0 0.961653
5 0 0 0.986536
3 0 0 0.819268

5
1 1 2 0.885888
2 0 0 0.821271
3 3 3158 0.999354
6 0 0 0.997906
7 0 0 1.12776

1
1 0 0 0.848934

5
1 1 2 0.889342
2 0 0 0.919282
3 0 1507 0.953646
6 0 0 0.902782
7 0 0 0.998198

5
1 3 205 0.958029
2 0 0 1.09225
3 0 2494 0.902374
6 0 0 0.904946
7 0 0 0.808008

3
1 0 8944 0.812869
2 0 0 0.780332
3 0 0 0.86618

3
1 2 2 0.814829
2 0 0 0.784317
3 0 0 0.870505

3
1 0 3389 0.884848
2 0 0 0.939962
3 0 0 0.823855

1
1 0 0 0.860658

3
1 1 1 0.819929
2 0 0 1.06437
3 0 0 0.801021

5
1 1 2 0.828556
2 0 0 0.841465
3 0 8085 0.958344
6 0 0 1.03652
7 0 0 0.980821

1
1 0 0 0.736428

3
1 3 2931 0.907112
2 0 0 1.05998
3 0 0 0.814109

3
1 0 8998 0.958834
2 0 0 0.945018
3 0 0 0.94758

1
1 0 0 0.912088

3
1 2 4 0.904689
2 0 0 0.933677
3 0 0 0.902541

3
1 3 83 0.873322
2 0 0 1.00836
3 0 0 0.816713

1
1 0 0 0.747857

3
1 1 1 0.859775
2 0 0 0.89889
3 0 0 0.834499

5
1 0 3876 0.926208
2 3 430 0.966651
4 0 0 0.963728
5 0 0 1.05616
3 0 0 1.0196

9
1 1 1 0.893515
2 0 3041 0.921418
4 3 2299 0.970362
8 3 346 0.959996
16 0 0 1.02231
17 0 0 1.03805
9 0 0 1.02384
5 0 0 0.999878
3 0 0 0.737612

1
1 0 0 0.778237

3
1 0 8834 0.92954
2 0 0 0.944517
3 0 0 1.06408

5
1 1 1 0.950231
2 3 2617 0.920507
4 0 0 0.930011
5 0 0 0.933365
3 0 0 0.820301

5
1 0 7323 0.931884
2 2 3 0.910523
4 0 0 1.01425
5 0 0 0.945442
3 0 0 0.871627

3
1 3 753 0.983708
2 0 0 0.847526
3 0 0 0.9318

3
1 1 1 0.820272
2 0 0 0.978578
3 0 0 0.859792

3
1 3 1245 0.801164
2 0 0 0.89952
3 0 0 1.01275

3
1 1 2 0.828274
2 0 0 0.849089
3 0 0 0.91942

3
1 2 2 0.91815
2 0 0 1.04019
3 0 0 0.848391

1
1 0 0 0.751296

3
1 3 2089 0.88414
2 0 0 0.873984
3 0 0 0.933237

5
1 1 1 0.85658
2 0 0 0.993204
3 3 436 0.877152
6 0 0 1.00161
7 0 0 0.842137

5
1 0 4027 0.891127
2 1 1 0.961283
4 0 0 1.04644
5 0 0 0.954832
3 0 0 0.957533

1
1 0 0 0.79347

3
1 3 1427 0.856868
2 0 0 0.897345
3 0 0 0.865915

3
1 2 2 0.871156
2 0 0 0.823712
3 0 0 0.978683

5
1 0 7955 0.963121
2 3 3191 0.948647
4 0 0 1.03386
5 0 0 0.882387
3 0 0 0.874609

3
1 1 1 0.824066
2 0 0 0.900749
3 0 0 0.803226

3
1 0 1921 0.836812
2 0 0 0.915941
3 0 0 0.826065

3
1 1 2 0.911916
2 0 0 0.815333
3 0 0 1.04388

1
1 0 0 0.818051

5
1 1 2 0.848106
2 0 0 0.871006
3 0 2571 1.00771
6 0 0 0.952274
7 0 0 0.997759

3
1 1 1 0.941666
2 0 0 1.02169
3 0 0 0.837434

1
1 0 0 0.70018

3
1 1 2 0.959288
2 0 0 0.853849
3 0 0 1.08597

3
1 1 2 0.891922
2 0 0 0.750418
3 0 0 1.02552

3
1 3 4990 0.893292
2 0 0 0.888514
3 0 0 0.907299

3
1 1 1 0.847199
2 0 0 1.06729
3 0 0 0.867039

3
1 0 6714 0.836458
2 0 0 0.880602
3 0 0 0.818458

3
1 1 2 0.840643
2 0 0 0.861899
3 0 0 0.944605

5
1 3 4583 0.947371
2 3 3267 0.976939
4 0 0 0.937417
5 0 0 0.911832
3 0 0 0.86034

3
1 0 269 0.820913
2 0 0 1.02544
3 0 0 0.755003

3
1 1 1 0.847561
2 0 0 1.08138
3 0 0 0.832161

1
1 0 0 0.878116

3
1 3 4441 0.88512
2 0 0 0.870689
3 0 0 0.958323

3
1 3 10 0.726839
2 0 0 1.00848
3 0 0 0.744644

5
1 2 3 0.858925
2 2 2 0.807314
4 0 0 0.812927
5 0 0 0.82008
3 0 0 0.891156

1
1 0 0 0.909799

5
1 0 216 0.829626
2 3 2942 0.934523
4 0 0 0.972563
5 0 0 0.945301
3 0 0 0.662447

5
1 0 130 0.829471
2 0 0 1.01306
3 0 2681 0.944332
6 0 0 0.942756
7 0 0 0.949102

3
1 3 274 0.93114
2 0 0 1.02979
3 0 0 0.857212

3
1 1 1 0.897666
2 0 0 0.970307
3 0 0 0.810435

11
1 0 708 1.0013
2 1 1 0.869334
4 0 0 1.10528
5 0 0 0.978302
3 3 244 0.965744
6 2 1 1.02164
12 0 0 0.921844
13 0 0 1.09124
7 0 6106 0.993115
14 0 0 1.03921
15 0 0 0.927594

5
1 1 1 0.900181
2 3 794 0.980314
4 0 0 1.03447
5 0 0 0.999943
3 0 0 0.877972

3
1 0 8636 0.91846
2 0 0 0.985586
3 0 0 0.843187

3
1 1 1 0.841417
2 0 0 1.01914
3 0 0 0.728382

3
1 1 2 0.861806
2 0 0 0.838157
3 0 0 0.980512

3
1 3 1649 0.894652
2 0 0 1.11915
3 0 0 0.854113

5
1 1 1 0.841298
2 0 7843 0.972829
4 0 0 0.904843
5 0 0 1.03581
3 0 0 0.878136

1
1 0 0 0.838127

5
1 1 1 0.880185
2 3 4431 1.03792
4 0 0 1.05912
5 0 0 1.02535
3 0 0 0.708648

1
1 0 0 0.764025

3
1 2 4 0.940149
2 0 0 0.836659
3 0 0 0.871415

3
1 0 905 0.78839
2 0 0 0.992457
3 0 0 0.764853

3
1 2 3 0.813903
2 0 0 0.791575
3 0 0 0.862103

3
1 1 1 0.882556
2 0 0 1.06447
3 0 0 0.815324

3
1 3 5261 0.863663
2 0 0 0.85556
3 0 0 0.996093

5
1 3 1599 0.894611
2 0 0 0.981684
3 0 4478 0.876526
6 0 0 0.924806
7 0 0 0.843889

7
1 3 2738 0.94501
2 0 4971 0.981073
4 2 1 0.993494
8 0 0 1.14601
9 0 0 0.998571
5 0 0 0.986385
3 0 0 0.829501

3
1 0 1586 0.845005
2 0 0 0.920958
3 0 0 0.827624

3
1 1 1 0.976469
2 0 0 1.02681
3 0 0 0.84232

1
1 0 0 0.935641

3
1 1 1 0.851385
2 0 0 1.03146
3 0 0 0.762658

3
1 1 1 0.935834
2 0 0 0.953041
3 0 0 0.892585

1
1 0 0 0.833864

5
1 2 4 0.84453
2 0 0 0.818077
3 1 2 0.964825
6 0 0 1.06043
7 0 0 1.03579

3
1 1 1 0.878965
2 0 0 0.980854
3 0 0 0.79465

9
1 0 1148 0.780563
2 3 2320 0.902484
4 1 1 1.15536
8 0 0 0.964878
9 2 2 1.01713
18 0 0 0.980009
19 0 0 0.909878
5 0 0 0.941106
3 0 0 0.696255

5
1 0 6547 0.91886
2 0 0 0.923256
3 1 1 0.899604
6 0 0 1.07457
7 0 0 0.899918

1
1 0 0 0.829574

3
1 1 2 0.840989
2 0 0 0.894646
3 0 0 1.05335

3
1 1 1 0.888999
2 0 0 0.931082
3 0 0 0.840197

3
1 1 1 0.90372
2 0 0 0.959195
3 0 0 0.915178

3
1 3 955 0.939464
2 0 0 0.983456
3 0 0 0.917614

3
1 1 2 0.840466
2 0 0 0.837443
3 0 0 1.00501

3
1 0 1771 0.799585
2 0 0 1.07522
3 0 0 0.854284

3
1 1 1 0.870404
2 0 0 1.12294
3 0 0 0.638517

5
1 1 1 0.904281
2 0 0 1.16168
3 0 255 0.684812
6 0 0 1.07017
7 0 0 0.735395

3
1 1 2 0.889804
2 0 0 0.899575
3 0 0 0.918497

7
1 0 6486 0.902778
2 1 1 1.02939
4 0 0 1.02408
5 0 0 0.91803
3 1 1 0.900437
6 0 0 0.954013
7 0 0 0.884509

1
1 0 0 0.769441

3
1 0 510 0.796923
2 0 0 0.972785
3 0 0 0.869103

3
1 2 4 0.879331
2 0 0 0.871848
3 0 0 0.969404

5
1 1 1 0.914905
2 0 0 1.04822
3 3 3076 0.911839
6 0 0 0.929766
7 0 0 0.901443

3
1 3 5281 0.858733
2 0 0 0.891822
3 0 0 1.17586

3
1 1 1 0.803864
2 0 0 0.984775
3 0 0 0.85886

3
1 1 1 0.806946
2 0 0 1.00349
3 0 0 0.851324

3
1 2 3 0.88022
2 0 0 0.899845
3 0 0 0.904787

1
1 0 0 0.770155

3
1 1 2 0.914888
2 0 0 0.922651
3 0 0 0.930343

1
1 0 0 0.806936

3
1 1 2 0.897995
2 0 0 0.788967
3 0 0 0.899025

7
1 3 2896 0.862363
2 2 1 0.975414
4 0 0 1.11503
5 0 1374 0.872647
10 0 0 1.10417
11 0 0 0.920919
3 0 0 0.768677

1
1 0 0 0.764668

3
1 0 609 0.826147
2 0 0 1.03068
3 0 0 0.839093

3
1 0 6043 0.88565
2 0 0 0.937095
3 0 0 0.88098

3
1 3 2983 0.857095
2 0 0 1.0161
3 0 0 0.884402

3
1 1 1 0.85783
2 0 0 1.10927
3 0 0 0.922281

5
1 2 1 0.88477
2 0 0 0.952759
3 1 2 0.9347
6 0 0 0.957507
7 0 0 0.935542

3
1 1 1 0.893515
2 0 0 0.987796
3 0 0 0.842248

1
1 0 0 0.790607

1
1 0 0 0.832473

5
1 0 6180 0.874812
2 3 205 0.881181
4 0 0 1.05627
5 0 0 0.870879
3 0 0 0.847119

1
1 0 0 0.876484

3
1 2 2 0.775034
2 0 0 0.914209
3 0 0 0.778177

3
1 1 2 0.878944
2 0 0 0.863168
3 0 0 0.908505

7
1 2 3 0.912352
2 0 0 0.914148
3 3 3944 0.944291
6 2 4 0.90448
12 0 0 0.992676
13 0 0 0.860601
7 0 0 0.960082

3
1 3 5370 0.750403
2 0 0 0.7777
3 0 0 0.934295

3
1 1 1 0.910087
2 0 0 0.881116
3 0 0 0.845665

7
1 3 3724 0.884315
2 2 3 1.03235
4 0 0 1.08696
5 2 4 1.00679
10 0 0 1.03908
11 0 0 1.01025
3 0 0 0.932801

7
1 0 246 0.925355
2 2 1 1.06133
4 0 0 1.00833
5 1 2 1.08386
10 0 0 0.969493
11 0 0 1.11256
3 0 0 0.769976

5
1 1 1 0.934376
2 2 4 0.968768
4 0 0 0.94817
5 0 0 0.968205
3 0 0 0.872453

3
1 0 2978 0.862144
2 0 0 0.902933
3 0 0 0.813595

5
1 2 4 0.904912
2 1 2 0.78017
4 0 0 0.847531
5 0 0 0.918578
3 0 0 0.969402

3
1 2 1 1.01615
2 0 0 0.995555
3 0 0 0.931126

3
1 0 3548 0.9037
2 0 0 0.980509
3 0 0 0.800426

1
1 0 0 0.967468

3
1 3 4264 0.927481
2 0 0 0.969025
3 0 0 0.899349

1
1 0 0 0.897699

5
1 3 393 0.868634
2 2 1 0.972676
4 0 0 1.11138
5 0 0 0.973282
3 0 0 0.810445

3
1 2 2 0.900278
2 0 0 0.904448
3 0 0 1.07216

3
1 3 46 0.830751
2 0 0 0.982123
3 0 0 0.8084

3
1 0 1032 0.807421
2 0 0 0.998701
3 0 0 0.876235

3
1 0 6199 0.826585
2 0 0 0.919333
3 0 0 0.855465

3
1 1 1 0.815788
2 0 0 0.976635
3 0 0 0.858103

5
1 1 2 0.891922
2 0 0 0.766714
3 2 1 1.00544
6 0 0 0.955071
7 0 0 1.05269

1
1 0 0 0.790435

3
1 3 4646 0.875036
2 0 0 0.816833
3 0 0 0.959464

5
1 1 2 0.85915
2 0 0 0.826412
3 3 1201 1.02693
6 0 0 0.981374
7 0 0 1.01398

3
1 0 180 0.730458
2 0 0 1.05473
3 0 0 0.857021

5
1 1 2 0.854267
2 0 0 0.796415
3 0 6899 0.955602
6 0 0 1.00877
7 0 0 1.0043

5
1 0 239 0.869278
2 1 1 1.06152
4 0 0 1.09686
5 0 0 0.95564
3 0 0 0.744872

1
1 0 0 1.03171

5
1 1 2 0.905722
2 0 0 0.812517
3 3 671 0.981725
6 0 0 1.01864
7 0 0 0.930469

3
1 1 1 0.83158
2 0 0 1.04863
3 0 0 0.768326

3
1 1 1 0.891942
2 0 0 0.977732
3 0 0 0.843478

5
1 1 2 0.897992
2 0 9179 0.957152
4 0 0 0.951503
5 0 0 0.88318
3 0 0 1.01193

5
1 2 4 0.806337
2 0 0 0.787511
3 0 7440 0.822133
6 0 0 0.922689
7 0 0 0.954807

1
1 0 0 0.844308

1
1 0 0 0.680143

3
1 3 1303 0.97968
2 0 0 0.966904
3 0 0 0.860525

7
1 1 1 0.897666
2 2 3 0.965973
4 0 0 1.08813
5 3 2892 1.13178
10 0 0 0.98106
11 0 0 1.0293
3 0 0 0.831417

1
1 0 0 0.722421

3
1 3 5168 0.798676
2 0 0 0.798462
3 0 0 1.02483

3
1 0 236 0.833154
2 0 0 1.05278
3 0 0 0.862717

3
1 1 2 0.872626
2 0 0 0.94112
3 0 0 1.102

3
1 3 4727 0.922285
2 0 0 0.952399
3 0 0 0.893301

3
1 0 4172 0.882443
2 0 0 0.88375
3 0 0 0.853043

3
1 0 3675 0.853627
2 0 0 1.03767
3 0 0 0.991051

5
1 1 2 0.880505
2 0 4396 0.890046
4 0 0 0.975994
5 0 0 0.852542
3 0 0 0.953759

3
1 1 1 0.880185
2 0 0 0.973864
3 0 0 0.857129

3
1 3 1293 0.899796
2 0 0 1.034
3 0 0 0.923739

3
1 1 2 0.854064
2 0 0 0.682328
3 0 0 1.0855

1
1 0 0 0.756035

3
1 1 1 0.851054
2 0 0 0.972456
3 0 0 0.753879

3
1 1 1 0.882556
2 0 0 1.05012
3 0 0 0.763556

1
1 0 0 0.832271

5
1 2 3 0.848056
2 2 2 0.940115
4 0 0 0.916732
5 0 0 1.01509
3 0 0 0.960452

3
1 3 5389 0.718697
2 0 0 0.889744
3 0 0 0.996459

5
1 2 1 0.818207
2 0 3383 0.842627
4 0 0 1.07204
5 0 0 0.919244
3 0 0 0.77117

7
1 3 5058 0.88067
2 0 4209 0.916304
4 0 0 0.901985
5 0 0 0.913686
3 0 9825 0.921395
6 0 0 0.880246
7 0 0 0.911063

3
1 3 37 0.74232
2 0 0 0.922243
3 0 0 0.767308

3
1 1 1 0.851385
2 0 0 0.998471
3 0 0 0.797295

3
1 0 555 0.877673
2 0 0 0.979905
3 0 0 0.866076

3
1 1 1 0.869625
2 0 0 1.0782
3 0 0 0.861958

1
1 0 0 0.809299

5
1 1 1 0.960446
2 0 4705 0.993078
4 0 0 0.987325
5 0 0 0.94185
3 0 0 0.799795

1
1 0 0 0.858363

3
1 3 863 0.853368
2 0 0 0.954179
3 0 0 0.895182

3
1 1 1 0.850323
2 0 0 1.09706
3 0 0 0.759915

3
1 0 710 0.821552
2 0 0 1.02597
3 0 0 0.889247

3
1 1 1 0.888999
2 0 0 0.89932
3 0 0 0.772901

3
1 1 1 0.882445
2 0 0 1.00033
3 0 0 0.749203

3
1 2 4 0.874574
2 0 0 0.988291
3 0 0 0.820925

1
1 0 0 0.743403

3
1 2 4 0.971732
2 0 0 0.820654
3 0 0 1.05263

5
1 1 1 0.870404
2 2 1 1.01793
4 0 0 1.02578
5 0 0 1.07532
3 0 0 0.8376

3
1 1 1 0.904281
2 0 0 1.04532
3 0 0 0.85273

3
1 1 2 0.901452
2 0 0 0.829808
3 0 0 0.96807

3
1 0 198 0.872401
2 0 0 0.953438
3 0 0 0.900791

3
1 1 2 0.793423
2 0 0 0.897113
3 0 0 1.10832

1
1 0 0 0.719582

5
1 2 2 0.911594
2 0 0 0.865444
3 0 1385 0.930919
6 0 0 0.821091
7 0 0 0.923482

3
1 1 1 0.914905
2 0 0 0.993185
3 0 0 0.779331

5
1 3 875 0.810795
2 3 846 0.892767
4 0 0 0.933981
5 0 0 1.05941
3 0 0 0.767224

3
1 1 1 0.803864
2 0 0 0.925786
3 0 0 0.749532

5
1 0 8977 0.837725
2 0 0 0.833665
3 3 3490 0.958456
6 0 0 1.05671
7 0 0 0.855895

1
1 0 0 0.769966

3
1 0 5937 0.909797
2 0 0 0.905454
3 0 0 0.90714

3
1 3 1126 0.902764
2 0 0 0.846871
3 0 0 0.996741

3
1 1 1 0.88814
2 0 0 1.0058
3 0 0 0.765123

3
1 0 4791 0.995146
2 0 0 1.06997
3 0 0 0.930071

3
1 1 1 0.873786
2 0 0 1.0081
3 0 0 0.849701

5
1 3 3076 0.884557
2 2 1 0.91818
4 0 0 0.897044
5 0 0 0.955674
3 0 0 0.91595

7
1 3 1193 0.905936
2 1 2 1.02094
4 0 0 1.04246
5 0 0 0.93493
3 3 5383 0.836103
6 0 0 0.919988
7 0 0 1.0512

3
1 0 2678 0.753485
2 0 0 0.916126
3 0 0 0.867299

3
1 0 265 0.81199
2 0 0 1.01546
3 0 0 0.822977

1
1 0 0 0.845494

1
1 0 0 0.881575

1
1 0 0 0.702173

3
1 0 41 0.781941
2 0 0 0.955202
3 0 0 0.787745

1
1 0 0 0.734042

3
1 1 1 0.874644
2 0 0 1.05628
3 0 0 0.723242

3
1 2 2 0.965604
2 0 0 0.88093
3 0 0 0.916653

7
1 3 2472 0.94937
2 1 1 0.910867
4 0 0 1.03601
5 0 0 0.929138
3 1 2 0.967345
6 0 0 0.954781
7 0 0 1.12215

3
1 1 2 0.870204
2 0 0 0.863329
3 0 0 1.06881

3
1 0 7908 0.941686
2 0 0 0.861751
3 0 0 0.844569

3
1 3 2586 0.855121
2 0 0 0.926972
3 0 0 0.91697

1
1 0 0 0.944794

3
1 1 1 0.911327
2 0 0 1.03089
3 0 0 0.906342

3
1 1 2 0.875499
2 0 0 0.838996
3 0 0 0.942093

5
1 0 327 0.876111
2 0 22 0.996158
4 0 0 1.01605
5 0 0 0.950603
3 0 0 0.856615

3
1 2 4 0.811788
2 0 0 0.802318
3 0 0 0.952721

3
1 0 6763 0.946808
2 0 0 0.855873
3 0 0 0.862111

7
1 0 6762 1.00418
2 3 1258 1.01106
4 0 0 1.014
5 1 2 1.01982
10 0 0 1.02155
11 0 0 1.00721
3 0 0 0.945373

3
1 2 4 0.910683
2 0 0 0.935901
3 0 0 0.944323

3
1 1 1 0.895605
2 0 0 0.983426
3 0 0 0.86416

3
1 0 1955 0.917951
2 0 0 1.06142
3 0 0 0.944106

3
1 0 459 0.854029
2 0 0 1.00634
3 0 0 0.83898

3
1 0 1430 0.783136
2 0 0 0.804755
3 0 0 0.804325

3
1 2 3 0.856791
2 0 0 0.846751
3 0 0 0.831673

3
1 1 1 0.868672
2 0 0 0.913241
3 0 0 0.751672

3
1 1 1 0.925349
2 0 0 1.0143
3 0 0 0.783878

3
1 3 2836 0.924882
2 0 0 1.10369
3 0 0 0.997574

3
1 3 4921 0.860979
2 0 0 0.867651
3 0 0 1.07421

3
1 0 4644 0.956198
2 0 0 0.995497
3 0 0 0.917435

3
1 3 1331 0.833622
2 0 0 0.934263
3 0 0 0.814782

3
1 1 2 0.833331
2 0 0 0.809407
3 0 0 1.00368

3
1 2 1 0.813717
2 0 0 0.860584
3 0 0 0.830772

3
1 1 2 0.778956
2 0 0 0.908726
3 0 0 1.00706

1
1 0 0 0.786389

5
1 2 2 0.921079
2 2 1 1.00906
4 0 0 0.90288
5 0 0 0.989153
3 0 0 0.896159

3
1 1 2 0.799013
2 0 0 0.692638
3 0 0 1.1084

3
1 1 1 0.93419
2 0 0 0.993534
3 0 0 0.952878

3
1 3 4834 0.826208
2 0 0 0.806794
3 0 0 0.904656

3
1 0 3603 0.843525
2 0 0 0.988458
3 0 0 0.825766

3
1 1 2 0.897992
2 0 0 0.700273
3 0 0 1.02831

5
1 1 1 0.941436
2 3 1020 0.875628
4 0 0 0.98338
5 0 0 0.843605
3 0 0 0.794492

3
1 0 2543 0.840646
2 0 0 1.02074
3 0 0 0.8349

3
1 0 1606 0.802779
2 0 0 0.936319
3 0 0 0.829662

3
1 1 1 0.955409
2 0 0 0.969702
3 0 0 0.898698

1
1 0 0 0.921355

5
1 1 2 0.810893
2 1 1 0.859924
4 0 0 0.910518
5 0 0 0.824346
3 0 0 0.890599

3
1 0 1228 0.830419
2 0 0 1.00986
3 0 0 0.749909

5
1 0 1029 0.831544
2 1 1 0.899159
4 0 0 1.00996
5 0 0 0.879085
3 0 0 0.78048

5
1 2 2 0.888285
2 1 1 0.944167
4 0 0 1.13796
5 0 0 0.959491
3 0 0 0.856327

3
1 2 3 0.876319
2 0 0 0.821763
3 0 0 0.919892

3
1 3 5224 0.740295
2 0 0 0.746234
3 0 0 0.883911

3
1 2 2 0.900492
2 0 0 0.808618
3 0 0 0.954142

3
1 1 1 0.854804
2 0 0 0.921196
3 0 0 0.87026

5
1 1 1 0.955454
2 3 1364 0.996737
4 0 0 0.951486
5 0 0 0.945878
3 0 0 0.773832

3
1 3 3958 0.93108
2 0 0 0.982568
3 0 0 0.878546

3
1 2 4 0.938218
2 0 0 0.822827
3 0 0 0.855259

3
1 0 1192 0.910259
2 0 0 1.01413
3 0 0 0.883597

5
1 2 1 0.94946
2 3 1152 0.859657
4 0 0 1.06689
5 0 0 0.991557
3 0 0 0.876116

7
1 0 3243 0.922736
2 0 0 1.07839
3 3 4570 0.95163
6 0 8697 0.985376
12 0 0 0.939964
13 0 0 0.903801
7 0 0 0.939567

3
1 0 2311 0.805964
2 0 0 0.797116
3 0 0 0.793902

1
1 0 0 0.995451

7
1 3 3102 0.922498
2 2 2 0.972619
4 2 1 0.903713
8 0 0 0.937908
9 0 0 0.883928
5 0 0 1.0312
3 0 0 0.874065

3
1 3 2213 0.858154
2 0 0 0.93808
3 0 0 0.833197

1
1 0 0 0.841329

3
1 1 2 0.828912
2 0 0 0.747413
3 0 0 0.890138

1
1 0 0 0.825044

3
1 2 1 0.830176
2 0 0 0.888946
3 0 0 0.800182

3
1 1 1 0.869625
2 0 0 1.04086
3 0 0 0.77024

3
1 0 42 0.971161
2 0 0 0.929171
3 0 0 0.908589

5
1 1 1 0.960446
2 3 2853 0.963534
4 0 0 1.20844
5 0 0 1.06807
3 0 0 0.832879

3
1 1 1 0.824357
2 0 0 1.0012
3 0 0 0.735063

5
1 0 9838 0.820893
2 0 0 0.830727
3 2 1 1.03571
6 0 0 0.988356
7 0 0 0.87776

3
1 1 1 0.850323
2 0 0 0.882217
3 0 0 0.692974

7
1 3 3576 0.906387
2 3 959 1.03414
4 0 0 1.04868
5 3 2359 1.03719
10 0 0 1.02931
11 0 0 0.968679
3 0 0 0.873447

3
1 1 1 0.888999
2 0 0 0.988848
3 0 0 0.773265

3
1 3 4037 0.821821
2 0 0 0.802567
3 0 0 0.795606

5
1 1 1 0.797954
2 3 3635 1.02956
4 0 0 1.02847
5 0 0 0.974401
3 0 0 0.869859

3
1 3 4740 0.905017
2 0 0 0.913589
3 0 0 0.851847

3
1 2 4 0.849806
2 0 0 0.79186
3 0 0 0.936932

5
1 1 1 0.870404
2 2 2 1.001
4 0 0 1.02396
5 0 0 1.00634
3 0 0 0.877122

3
1 3 1604 0.864064
2 0 0 0.900863
3 0 0 0.849118

3
1 3 79 0.899961
2 0 0 1.00822
3 0 0 0.797026

3
1 1 2 0.899663
2 0 0 0.872754
3 0 0 1.10039

5
1 1 1 0.871625
2 0 4031 0.950882
4 0 0 0.98591
5 0 0 0.838029
3 0 0 0.834368

3
1 1 2 0.84816
2 0 0 0.835217
3 0 0 0.904545

3
1 1 2 0.889765
2 0 0 0.819492
3 0 0 1.03047

3
1 1 1 0.914905
2 0 0 0.967631
3 0 0 0.749386

3
1 1 1 0.851526
2 0 0 0.990682
3 0 0 0.753404

3
1 2 4 0.925511
2 0 0 0.915681
3 0 0 0.885254

3
1 3 2954 0.889263
2 0 0 1.05195
3 0 0 0.856263

3
1 2 2 0.867848
2 0 0 0.864829
3 0 0 0.86285

3
1 0 702 0.765673
2 0 0 0.906368
3 0 0 0.752224

1
1 0 0 0.854445

3
1 1 1 0.88814
2 0 0 0.96781
3 0 0 0.841642

1
1 0 0 0.777938

3
1 0 3446 0.896553
2 0 0 0.933506
3 0 0 0.879404

3
1 0 9152 0.957828
2 0 0 0.947006
3 0 0 0.895185

1
1 0 0 0.843923

1
1 0 0 0.892549

3
1 1 1 0.870229
2 0 0 0.944895
3 0 0 0.912492

3
1 2 2 0.86129
2 0 0 0.884136
3 0 0 0.882283

3
1 3 2834 0.943125
2 0 0 1.01559
3 0 0 0.803141

3
1 3 259 0.835547
2 0 0 0.891839
3 0 0 0.877457

3
1 1 1 0.865287
2 0 0 0.970826
3 0 0 0.809914

3
1 1 1 0.874758
2 0 0 0.927861
3 0 0 0.840363

1
1 0 0 0.855464

1
1 0 0 0.671167

3
1 0 5012 0.845467
2 0 0 0.911327
3 0 0 0.866799

3
1 0 6133 0.810709
2 0 0 0.88982
3 0 0 0.90973

3
1 3 5175 0.830938
2 0 0 0.764437
3 0 0 0.89642

3
1 3 71 0.874054
2 0 0 1.14624
3 0 0 0.859911

3
1 1 2 0.903441
2 0 0 0.761676
3 0 0 1.01566

3
1 1 1 0.871033
2 0 0 1.13242
3 0 0 0.74461

5
1 3 2718 0.937153
2 0 2558 1.03693
4 0 0 0.965611
5 0 0 1.06617
3 0 0 0.819282

3
1 1 1 0.88146
2 0 0 0.980329
3 0 0 0.987052

9
1 3 1643 0.984239
2 3 1035 0.991667
4 0 0 0.985965
5 3 1476 1.00639
10 1 1 0.953446
20 0 0 1.05298
21 0 0 1.02873
11 0 0 1.01417
3 0 0 0.940077

1
1 0 0 0.817867

3
1 1 1 0.905146
2 0 0 1.01561
3 0 0 0.718564

3
1 1 2 0.863313
2 0 0 0.926291
3 0 0 0.880361

3
1 3 4579 0.9668
2 0 0 0.956772
3 0 0 0.962694

5
1 1 2 0.851104
2 0 0 0.798787
3 0 1027 0.985931
6 0 0 0.981968
7 0 0 1.18697

1
1 0 0 0.821008

5
1 2 4 0.93915
2 0 0 0.875492
3 0 9459 0.879025
6 0 0 0.922871
7 0 0 0.942345

3
1 0 7174 0.891046
2 0 0 0.858588
3 0 0 0.934438

3
1 0 1205 0.916998
2 0 0 1.04017
3 0 0 0.906229

3
1 1 1 0.925349
2 0 0 0.992616
3 0 0 0.765983

3
1 0 826 0.86231
2 0 0 1.04197
3 0 0 0.926637

3
1 2 2 0.937325
2 0 0 0.992935
3 0 0 1.03734

5
1 0 5254 0.808502
2 0 0 0.977081
3 1 1 0.842374
6 0 0 1.05819
7 0 0 0.879953

3
1 1 1 0.873676
2 0 0 0.937041
3 0 0 0.789384

3
1 1 2 1.00528
2 0 0 0.877801
3 0 0 0.973036

3
1 3 5379 0.831966
2 0 0 0.831694
3 0 0 1.03777

3
1 1 2 0.873685
2 0 0 0.844568
3 0 0 0.852468

3
1 3 5386 0.869377
2 0 0 0.893772
3 0 0 0.936231

3
1 3 57 0.841413
2 0 0 1.00803
3 0 0 0.848228

3
1 0 8486 0.885611
2 0 0 1.03243
3 0 0 0.895701

5
1 1 1 0.979538
2 3 503 1.02889
4 0 0 0.944907
5 0 0 0.94998
3 0 0 0.7462

3
1 3 3349 0.880739
2 0 0 0.885661
3 0 0 0.942882

5
1 0 1834 0.852524
2 2 3 0.981082
4 0 0 1.00046
5 0 0 1.03648
3 0 0 0.802046

3
1 3 1361 0.877421
2 0 0 0.990545
3 0 0 0.821378

3
1 1 1 0.890298
2 0 0 0.891918
3 0 0 0.837371

3
1 0 2992 0.787526
2 0 0 0.860335
3 0 0 0.805002

5
1 1 1 0.909687
2 0 0 0.908927
3 1 2 0.882403
6 0 0 0.972344
7 0 0 1.06019

3
1 2 3 0.846337
2 0 0 0.817622
3 0 0 0.761601

3
1 0 1498 0.859416
2 0 0 0.967054
3 0 0 0.737541

5
1 3 109 0.865533
2 3 54 0.934421
4 0 0 1.05185
5 0 0 0.886035
3 0 0 0.905772

3
1 1 1 0.917574
2 0 0 0.977307
3 0 0 0.865101

3
1 3 265 0.780927
2 0 0 0.894546
3 0 0 0.801073

1
1 0 0 0.823432

3
1 1 2 0.881862
2 0 0 0.81555
3 0 0 0.964483

3
1 2 4 0.860198
2 0 0 0.811293
3 0 0 0.971083

3
1 1 2 0.883636
2 0 0 0.829376
3 0 0 0.939284

1
1 0 0 0.83494

1
1 0 0 0.804553

3
1 3 2693 0.836922
2 0 0 0.826981
3 0 0 0.947964

3
1 2 3 0.818178
2 0 0 0.932047
3 0 0 0.993132

1
1 0 0 0.855379

1
1 0 0 0.719895

1
1 0 0 0.869516

3
1 1 2 0.794586
2 0 0 0.792294
3 0 0 0.802997

3
1 1 1 0.916516
2 0 0 1.08994
3 0 0 0.738415

3
1 0 8636 1.02302
2 0 0 1.05843
3 0 0 0.998634

3
1 0 8539 0.925143
2 0 0 1.04737
3 0 0 0.842638

3
1 3 4017 0.943195
2 0 0 0.891347
3 0 0 0.871202

3
1 0 4574 0.913488
2 0 0 1.04969
3 0 0 0.864029

3
1 3 1939 0.870911
2 0 0 0.945383
3 0 0 0.929993

3
1 3 5348 0.780063
2 0 0 0.855306
3 0 0 0.934038

5
1 3 3319 0.864079
2 3 2916 0.985367
4 0 0 0.962855
5 0 0 1.07169
3 0 0 0.871918

3
1 0 3582 0.884421
2 0 0 0.901118
3 0 0 0.855923

3
1 2 4 0.864828
2 0 0 0.825752
3 0 0 0.906518

3
1 1 2 0.806898
2 0 0 0.831433
3 0 0 0.844491

3
1 1 2 0.837675
2 0 0 0.834894
3 0 0 1.0273

3
1 1 1 0.899148
2 0 0 0.943637
3 0 0 0.85202

3
1 2 1 0.858479
2 0 0 1.00789
3 0 0 0.846853

3
1 1 1 0.888999
2 0 0 0.890899
3 0 0 0.744321

3
1 1 2 0.797484
2 0 0 0.796644
3 0 0 0.95382

3
1 1 1 0.797954
2 0 0 1.0155
3 0 0 0.849403

3
1 1 1 0.891424
2 0 0 1.16121
3 0 0 0.773021

3
1 1 1 0.828022
2 0 0 0.872221
3 0 0 0.780956

3
1 1 1 0.870404
2 0 0 1.0963
3 0 0 0.691776

3
1 1 1 0.808595
2 0 0 0.997201
3 0 0 0.822135

3
1 1 2 0.884758
2 0 0 0.878634
3 0 0 1.01844

3
1 1 1 0.856112
2 0 0 0.916909
3 0 0 0.812946

5
1 1 2 0.929793
2 0 0 0.874102
3 3 3319 0.987889
6 0 0 1.00129
7 0 0 0.866866

1
1 0 0 0.764044

3
1 0 6460 0.866358
2 0 0 0.948617
3 0 0 0.855582

1
1 0 0 0.77019

1
1 0 0 0.711514

3
1 3 1620 1.00252
2 0 0 1.02324
3 0 0 0.844813

3
1 1 1 0.963213
2 0 0 1.12979
3 0 0 0.761567

7
1 3 3968 0.858343
2 0 2872 0.919745
4 0 0 1.00153
5 3 1883 0.947884
10 0 0 0.958008
11 0 0 0.878779
3 0 0 0.833586

1
1 0 0 0.942467

5
1 3 3571 0.888291
2 0 0 0.938091
3 2 2 0.889188
6 0 0 0.870346
7 0 0 0.831473

1
1 0 0 0.855126

1
1 0 0 0.862367

1
1 0 0 0.79765

3
1 2 2 0.882978
2 0 0 0.910115
3 0 0 0.899101

3
1 1 1 0.815481
2 0 0 1.02026
3 0 0 0.79556

5
1 1 2 0.868706
2 0 0 0.81811
3 0 4753 0.9287
6 0 0 0.919822
7 0 0 0.935361

3
1 0 1725 0.875508
2 0 0 0.932019
3 0 0 0.823401

3
1 2 2 0.876076
2 0 0 0.843988
3 0 0 1.01635

5
1 1 1 0.842824
2 3 3619 1.03409
4 0 0 1.15951
5 0 0 0.995447
3 0 0 0.697877

1
1 0 0 0.859064

1
1 0 0 0.836851

3
1 2 4 0.940568
2 0 0 0.928514
3 0 0 0.994984

3
1 2 1 0.880929
2 0 0 0.924806
3 0 0 0.925804

5
1 3 5063 0.824793
2 0 0 0.826748
3 1 1 0.894633
6 0 0 0.962895
7 0 0 0.975347

5
1 3 699 0.910194
2 0 0 1.05462
3 1 2 0.982807
6 0 0 0.983321
7 0 0 0.921367

3
1 3 5364 0.839269
2 0 0 0.892542
3 0 0 1.1016

5
1 0 347 0.784048
2 1 1 0.919303
4 0 0 0.970477
5 0 0 1.02833
3 0 0 0.747401

5
1 2 1 0.830515
2 3 4635 0.975738
4 0 0 0.911725
5 0 0 0.939025
3 0 0 0.874228

3
1 3 1357 0.853468
2 0 0 0.846085
3 0 0 0.780542

1
1 0 0 0.738481

3
1 3 3164 0.931447
2 0 0 0.961268
3 0 0 0.859296

3
1 3 1131 0.846623
2 0 0 0.888825
3 0 0 0.887982

1
1 0 0 0.840341

5
1 0 1444 0.837905
2 3 3108 0.997346
4 0 0 1.00582
5 0 0 1.07182
3 0 0 0.745374

3
1 0 7912 0.982023
2 0 0 0.979854
3 0 0 0.996995

1
1 0 0 0.80319

3
1 1 1 0.894125
2 0 0 1.03724
3 0 0 0.896363

3
1 1 1 0.904836
2 0 0 0.910578
3 0 0 0.862382

3
1 0 6427 0.952938
2 0 0 0.885563
3 0 0 0.917796

3
1 1 2 0.87944
2 0 0 0.872182
3 0 0 1.06743

3
1 1 2 0.843807
2 0 0 0.850065
3 0 0 0.83423

3
1 0 567 0.883463
2 0 0 0.977855
3 0 0 0.862838

3
1 1 1 0.925349
2 0 0 1.16633
3 0 0 0.841796

3
1 1 1 0.869271
2 0 0 0.902898
3 0 0 0.867789

3
1 1 2 0.891124
2 0 0 0.716914
3 0 0 0.873684

3
1 0 9879 0.852169
2 0 0 1.02657
3 0 0 0.919727

3
1 1 1 0.873676
2 0 0 1.06771
3 0 0 0.769684

3
1 1 1 0.912212
2 0 0 1.10445
3 0 0 0.739778

3
1 1 1 0.834005
2 0 0 0.979279
3 0 0 0.81393

3
1 1 2 0.873685
2 0 0 0.783101
3 0 0 0.983812

7
1 0 5835 0.889043
2 3 2463 0.974404
4 0 4997 1.01602
8 0 0 1.04117
9 0 0 1.19287
5 0 0 0.86304
3 0 0 0.859644

5
1 2 2 0.884867
2 0 0 0.948384
3 1 2 0.898009
6 0 0 0.859732
7 0 0 1.06917

1
1 0 0 0.883623

3
1 3 162 0.89793
2 0 0 1.00489
3 0 0 0.84073

3
1 0 8719 0.935436
2 0 0 0.911746
3 0 0 0.996589

3
1 3 3068 0.949643
2 0 0 0.876271
3 0 0 0.881753

5
1 3 1547 0.92379
2 3 128 1.07837
4 0 0 1.05483
5 0 0 1.11729
3 0 0 1.07477

5
1 0 4990 0.891683
2 0 3914 0.98809
4 0 0 0.954616
5 0 0 0.977332
3 0 0 0.817461

1
1 0 0 0.869088

3
1 1 1 0.909687
2 0 0 1.03697
3 0 0 0.825387

5
1 0 2754 0.837926
2 1 2 0.974684
4 0 0 0.955014
5 0 0 1.09598
3 0 0 0.837185

1
1 0 0 0.90069

3
1 1 1 0.854136
2 0 0 0.946299
3 0 0 0.858588

1
1 0 0 0.789914

7
1 1 2 0.905945
2 0 0 0.76837
3 0 2228 0.970405
6 3 840 0.942238
12 0 0 1.03434
13 0 0 1.02416
7 0 0 1.02737

1
1 0 0 0.773914

3
1 1 1 0.879517
2 0 0 0.941611
3 0 0 0.813253

3
1 0 2840 0.860357
2 0 0 1.02889
3 0 0 0.811276

3
1 1 2 0.883636
2 0 0 0.742736
3 0 0 0.99524

3
1 1 1 0.873501
2 0 0 0.974954
3 0 0 0.853336

3
1 1 1 0.881337
2 0 0 0.933019
3 0 0 0.745885

3
1 3 81 0.844297
2 0 0 1.07169
3 0 0 0.812988

1
1 0 0 0.896504

1
1 0 0 0.876872

1
1 0 0 0.731888

3
1 1 1 0.918842
2 0 0 1.02653
3 0 0 0.776239

3
1 1 2 0.81451
2 0 0 0.928233
3 0 0 1.00795

1
1 0 0 0.673516

3
1 2 2 0.914896
2 0 0 0.976522
3 0 0 1.02064

1
1 0 0 0.699044

7
1 1 1 1.03074
2 0 5361 0.924972
4 0 0 0.980009
5 3 1686 1.02332
10 0 0 1.0061
11 0 0 0.929546
3 0 0 0.878729

5
1 1 1 0.916541
2 0 0 1.07888
3 1 2 0.967224
6 0 0 0.840908
7 0 0 1.02996

3
1 3 1684 0.990886
2 0 0 0.959373
3 0 0 0.88755

3
1 3 2147 0.891221
2 0 0 0.859321
3 0 0 0.953395

7
1 1 2 0.889792
2 0 0 0.948516
3 3 3652 0.974544
6 0 1057 1.04892
12 0 0 0.965551
13 0 0 1.0488
7 0 0 1.03583

7
1 3 1197 0.925896
2 3 604 0.967322
4 0 0 1.00974
5 0 0 0.936483
3 3 4623 1.01256
6 0 0 1.0216
7 0 0 0.873844

7
1 3 4550 0.932193
2 0 9351 0.926342
4 0 6740 0.956967
8 0 0 0.898982
9 0 0 1.06721
5 0 0 0.933397
3 0 0 0.959922

5
1 1 2 0.835106
2 0 0 0.773523
3 0 1222 1.0182
6 0 0 1.04522
7 0 0 0.97909

1
1 0 0 0.903359

3
1 2 1 0.860446
2 0 0 0.894425
3 0 0 0.84226

1
1 0 0 0.872739

3
1 3 27 0.822007
2 0 0 0.927583
3 0 0 0.817089

1
1 0 0 0.810944

3
1 1 1 0.797954
2 0 0 0.959855
3 0 0 0.921067

3
1 0 2534 0.842753
2 0 0 0.91509
3 0 0 0.882928

3
1 1 1 0.828022
2 0 0 0.95439
3 0 0 0.787147

5
1 0 8961 0.835798
2 0 0 0.792182
3 3 4836 0.926846
6 0 0 0.929146
7 0 0 0.846629

5
1 0 1117 0.913504
2 3 2125 0.935096
4 0 0 0.966721
5 0 0 0.939962
3 0 0 0.76586

3
1 2 4 0.944595
2 0 0 0.914041
3 0 0 0.949857

3
1 1 1 0.856112
2 0 0 1.13383
3 0 0 0.974129

1
1 0 0 0.815833

5
1 1 1 0.835717
2 0 0 1.02178
3 0 4022 0.839192
6 0 0 0.875422
7 0 0 0.855315

1
1 0 0 0.8305

5
1 0 5737 0.871671
2 3 2108 0.915372
4 0 0 0.907317
5 0 0 0.952387
3 0 0 0.900093

3
1 0 7386 0.862301
2 0 0 0.858826
3 0 0 0.897782

1
1 0 0 0.770358

7
1 2 1 0.899143
2 3 1391 0.99688
4 1 1 1.01629
8 0 0 0.996397
9 0 0 1.0154
5 0 0 0.95784
3 0 0 0.823425

3
1 0 932 0.767283
2 0 0 0.981012
3 0 0 0.819944

3
1 1 1 0.939092
2 0 0 0.963443
3 0 0 0.773597

3
1 0 6216 0.866237
2 0 0 0.902051
3 0 0 0.763741

3
1 1 1 0.938131
2 0 0 0.990023
3 0 0 0.888727

3
1 1 1 0.946441
2 0 0 0.999062
3 0 0 0.891378

3
1 1 2 0.853549
2 0 0 0.739687
3 0 0 0.99042

3
1 3 2538 0.93093
2 0 0 0.906122
3 0 0 1.00887

1
1 0 0 0.799301

5
1 1 2 0.878761
2 0 0 0.77044
3 2 2 1.01993
6 0 0 0.966174
7 0 0 1.01212

3
1 1 2 0.86418
2 0 0 0.877121
3 0 0 0.887455

3
1 3 206 0.879346
2 0 0 0.991828
3 0 0 0.883115

3
1 1 1 0.842824
2 0 0 1.1276
3 0 0 0.808431

1
1 0 0 0.825036

3
1 0 1761 0.849231
2 0 0 1.01758
3 0 0 0.803224

1
1 0 0 0.799192

3
1 3 4371 0.915765
2 0 0 0.934365
3 0 0 0.973509

7
1 1 1 0.934414
2 0 2985 1.02792
4 3 4340 0.822026
8 0 0 0.913008
9 0 0 1.01213
5 0 0 1.01511
3 0 0 0.781981

3
1 3 2796 0.860329
2 0 0 0.995937
3 0 0 0.926569

1
1 0 0 0.733775

1
1 0 0 0.865977

3
1 3 4697 0.898258
2 0 0 0.876258
3 0 0 0.846917

3
1 0 28 0.926272
2 0 0 1.02105
3 0 0 0.879892

3
1 1 1 0.829393
2 0 0 1.1137
3 0 0 0.860292

3
1 3 3164 0.931447
2 0 0 0.970498
3 0 0 0.872001

3
1 1 1 0.787987
2 0 0 0.963037
3 0 0 0.719232

1
1 0 0 0.792542

3
1 3 55 0.944357
2 0 0 1.10115
3 0 0 0.957882

3
1 0 351 0.820253
2 0 0 1.11294
3 0 0 0.872706

5
1 1 1 0.874974
2 3 4033 1.03839
4 0 0 1.07991
5 0 0 0.994412
3 0 0 0.726304

5
1 3 90 0.904292
2 3 31 1.07057
4 0 0 0.981683
5 0 0 0.941675
3 0 0 0.801838

3
1 3 423 0.871885
2 0 0 1.01412
3 0 0 0.892901

5
1 0 4973 0.87991
2 2 1 0.910031
4 0 0 1.02563
5 0 0 0.873028
3 0 0 0.751579

3
1 1 1 0.897384
2 0 0 0.993204
3 0 0 0.890721

3
1 1 2 0.843807
2 0 0 0.887417
3 0 0 1.07383

5
1 1 2 0.951122
2 0 0 0.820452
3 3 4992 1.0236
6 0 0 1.05303
7 0 0 1.0298

3
1 2 3 0.902599
2 0 0 0.994651
3 0 0 1.03664

3
1 1 1 0.869271
2 0 0 0.879871
3 0 0 0.713063

5
1 3 116 0.877345
2 0 7662 1.03417
4 0 0 0.933019
5 0 0 0.953012
3 0 0 0.847781

1
1 0 0 0.810129

1
1 0 0 0.834488

3
1 1 1 0.912212
2 0 0 1.09912
3 0 0 0.839312

1
1 0 0 0.882908

1
1 0 0 0.870138

7
1 1 1 0.879079
2 3 1114 1.06213
4 0 0 1.10608
5 0 0 1.09284
3 1 2 0.888699
6 0 0 0.847734
7 0 0 0.983955

3
1 1 2 0.956209
2 0 0 0.76363
3 0 0 0.983676

3
1 2 4 0.840496
2 0 0 0.926513
3 0 0 0.925615

5
1 1 2 0.882108
2 3 4517 0.979112
4 0 0 0.987225
5 0 0 1.0187
3 0 0 0.906775

3
1 3 1745 0.85992
2 0 0 0.876076
3 0 0 0.826969

3
1 1 1 0.890556
2 0 0 1.09556
3 0 0 0.806744

1
1 0 0 0.764383

5
1 1 2 0.915183
2 0 0 0.842708
3 3 5254 1.06914
6 0 0 1.06496
7 0 0 1.01487

3
1 1 1 0.839813
2 0 0 1.17784
3 0 0 0.833334

3
1 1 1 0.93679
2 0 0 0.981341
3 0 0 0.829058

3
1 1 1 0.89613
2 0 0 1.02413
3 0 0 0.865275

3
1 1 1 0.903144
2 0 0 0.929441
3 0 0 0.9785

3
1 2 2 0.907918
2 0 0 0.867735
3 0 0 1.00814

1
1 0 0 0.832434

5
1 2 2 0.960339
2 0 0 0.97385
3 1 1 1.00709
6 0 0 0.938258
7 0 0 0.882738

7
1 0 6864 0.899142
2 2 3 0.884213
4 0 0 0.979746
5 0 0 0.854947
3 1 2 1.00451
6 0 0 0.963379
7 0 0 1.04934

3
1 3 2307 0.9505
2 0 0 0.955701
3 0 0 0.914249

3
1 1 1 0.833029
2 0 0 1.03284
3 0 0 0.935813

3
1 0 151 0.78649
2 0 0 1.01655
3 0 0 0.755186

3
1 1 1 0.873501
2 0 0 1.04934
3 0 0 0.776621

3
1 1 1 0.887515
2 0 0 1.04879
3 0 0 0.762237

5
1 2 4 0.858998
2 0 0 0.785165
3 1 1 0.968984
6 0 0 1.00716
7 0 0 0.974875

1
1 0 0 0.848045

1
1 0 0 0.78894

1
1 0 0 0.791506

1
1 0 0 0.678434

5
1 3 1823 0.845107
2 3 1208 0.977225
4 0 0 0.936084
5 0 0 0.946466
3 0 0 0.892741

1
1 0 0 0.8585

3
1 3 2263 0.904957
2 0 0 0.925675
3 0 0 0.834456

3
1 3 5057 0.790052
2 0 0 0.830354
3 0 0 0.897825

1
1 0 0 0.746869

1
1 0 0 0.780735

3
1 3 5337 0.798883
2 0 0 0.883983
3 0 0 1.06023

3
1 3 112 0.864153
2 0 0 0.931191
3 0 0 0.797012

5
1 0 241 0.865356
2 3 3618 1.08452
4 0 0 1.03576
5 0 0 1.0565
3 0 0 0.851072

3
1 3 5375 0.754945
2 0 0 0.808271
3 0 0 0.935848

3
1 1 2 0.927655
2 0 0 0.862579
3 0 0 1.00789

5
1 1 2 0.823993
2 0 0 0.915732
3 2 3 1.10437
6 0 0 1.13207
7 0 0 1.17569

3
1 3 1399 0.966625
2 0 0 1.00403
3 0 0 0.935698

1
1 0 0 0.782284

3
1 2 1 0.935151
2 0 0 0.897027
3 0 0 0.982597

5
1 1 2 0.814719
2 2 3 0.89932
4 0 0 0.907022
5 0 0 0.974254
3 0 0 0.890451

3
1 0 5841 0.908143
2 0 0 1.02821
3 0 0 0.905236

1
1 0 0 0.956473

3
1 1 1 0.818525
2 0 0 0.893589
3 0 0 0.915091

3
1 1 2 1.02672
2 0 0 0.909877
3 0 0 1.09702

3
1 2 4 0.857392
2 0 0 0.854687
3 0 0 0.829762

3
1 1 1 0.888146
2 0 0 1.12572
3 0 0 0.921776

3
1 0 3973 0.883374
2 0 0 0.812098
3 0 0 0.914336

3
1 1 1 0.856112
2 0 0 1.00935
3 0 0 0.80014

3
1 0 2281 0.883911
2 0 0 0.962679
3 0 0 0.903867

7
1 0 8309 0.905407
2 2 3 0.98317
4 0 0 1.03107
5 2 4 1.02168
10 0 0 1.05704
11 0 0 1.08009
3 0 0 0.915658

3
1 1 1 0.960023
2 0 0 0.968768
3 0 0 0.784024

3
1 1 1 0.80179
2 0 0 0.995844
3 0 0 0.864676

3
1 1 2 0.972074
2 0 0 0.912902
3 0 0 0.965588

7
1 2 3 0.87033
2 0 0 0.985373
3 0 1153 0.872692
6 0 0 1.03244
7 0 8534 1.04838
14 0 0 1.06102
15 0 0 0.963967

1
1 0 0 0.772656

3
1 0 791 0.833436
2 0 0 0.939513
3 0 0 0.815063

3
1 0 2245 0.892295
2 0 0 0.932807
3 0 0 0.982297

1
1 0 0 0.856041

5
1 3 2453 0.832567
2 0 0 0.837503
3 0 1178 0.853122
6 0 0 0.934161
7 0 0 0.834456

3
1 1 1 0.867629
2 0 0 0.928825
3 0 0 0.765485

3
1 3 3741 0.975522
2 0 0 0.972446
3 0 0 0.950367

3
1 1 1 0.928545
2 0 0 1.0358
3 0 0 0.871969

3
1 1 1 0.859556
2 0 0 0.907651
3 0 0 0.83855

3
1 1 2 0.878761
2 0 0 0.817111
3 0 0 1.01972

1
1 0 0 0.758035

3
1 1 1 0.911447
2 0 0 0.942781
3 0 0 0.801515

5
1 1 1 0.92915
2 0 0 1.00312
3 1 2 0.980118
6 0 0 0.893758
7 0 0 1.02835

1
1 0 0 0.78817

3
1 2 4 0.847352
2 0 0 0.829451
3 0 0 1.07081

3
1 2 3 0.883427
2 0 0 0.979017
3 0 0 0.88111

3
1 1 1 0.870648
2 0 0 0.957003
3 0 0 0.815962

5
1 1 2 0.95198
2 0 0 0.874343
3 3 2844 0.973586
6 0 0 0.951906
7 0 0 0.986505

3
1 1 1 0.849477
2 0 0 0.977894
3 0 0 0.831201

3
1 0 7024 0.868172
2 0 0 0.950596
3 0 0 0.859646

3
1 0 1738 0.863483
2 0 0 0.951628
3 0 0 0.747088

3
1 3 964 0.855036
2 0 0 0.936688
3 0 0 0.800661

3
1 1 2 0.883156
2 0 0 0.829977
3 0 0 1.03181

1
1 0 0 0.721481

3
1 1 1 0.899975
2 0 0 0.997055
3 0 0 0.79878

3
1 1 1 0.894466
2 0 0 0.981712
3 0 0 0.808165

5
1 0 7348 0.957259
2 0 0 1.04675
3 1 2 0.934831
6 0 0 0.957941
7 0 0 1.13997

3
1 0 264 0.85463
2 0 0 0.911486
3 0 0 0.868925

1
1 0 0 0.751757

1
1 0 0 0.923396

3
1 3 3172 0.914335
2 0 0 1.03257
3 0 0 0.859479

3
1 1 2 0.917899
2 0 0 0.77212
3 0 0 0.906889

3
1 1 1 0.867369
2 0 0 0.97446
3 0 0 0.858345

5
1 1 1 0.897384
2 3 2691 1.04409
4 0 0 1.07826
5 0 0 0.88002
3 0 0 0.819805

1
1 0 0 0.872437

1
1 0 0 0.897633

3
1 3 28 0.778407
2 0 0 1.0069
3 0 0 0.775805

5
1 1 2 0.89722
2 0 0 0.790975
3 0 9901 0.915338
6 0 0 0.918412
7 0 0 1.08589

7
1 3 3897 0.903343
2 3 1563 0.970363
4 0 0 1.06036
5 0 0 1.0346
3 0 703 0.849491
6 0 0 0.9723
7 0 0 0.987877

3
1 1 2 0.759332
2 0 0 0.779492
3 0 0 0.958557

3
1 3 5235 0.855627
2 0 0 0.801804
3 0 0 1.00233

3
1 1 1 0.912212
2 0 0 1.1234
3 0 0 0.844708

3
1 1 1 0.926407
2 0 0 0.938455
3 0 0 0.831813

1
1 0 0 0.769117

1
1 0 0 0.79096

1
1 0 0 0.793532

3
1 3 2441 0.873506
2 0 0 0.911842
3 0 0 0.845147

3
1 0 7574 0.974166
2 0 0 1.01686
3 0 0 0.954532

3
1 1 2 0.897922
2 0 0 0.839767
3 0 0 0.898393

3
1 3 2018 0.851862
2 0 0 0.920112
3 0 0 0.87545

3
1 0 108 0.840247
2 0 0 1.02491
3 0 0 0.86718

3
1 1 2 0.841204
2 0 0 0.881322
3 0 0 0.959956

5
1 2 3 0.938909
2 3 5344 0.958947
4 0 0 0.9492
5 0 0 1.09886
3 0 0 0.946434

3
1 3 2847 0.885917
2 0 0 0.90444
3 0 0 0.885156

3
1 1 1 0.89613
2 0 0 1.08686
3 0 0 0.835476

3
1 2 3 0.952657
2 0 0 0.894157
3 0 0 0.948326

3
1 1 1 0.862065
2 0 0 1.05843
3 0 0 0.782579

5
1 3 4461 0.908294
2 3 4029 0.924235
4 0 0 0.935474
5 0 0 1.0951
3 0 0 0.918221

1
1 0 0 0.826554

3
1 1 1 0.918265
2 0 0 0.955769
3 0 0 0.787249

3
1 2 2 0.900472
2 0 0 0.874434
3 0 0 1.01255

3
1 1 1 0.969868
2 0 0 1.04275
3 0 0 0.857237

5
1 0 7277 0.991005
2 0 0 0.883267
3 1 2 0.993366
6 0 0 0.998212
7 0 0 1.03652

3
1 1 1 0.873501
2 0 0 1.04289
3 0 0 0.81755

3
1 0 5543 0.88862
2 0 0 1.15886
3 0 0 0.879795

1
1 0 0 0.823772

5
1 1 2 0.840632
2 1 1 0.84579
4 0 0 1.10209
5 0 0 0.810128
3 0 0 0.918937

3
1 1 2 0.786566
2 0 0 0.80723
3 0 0 1.04992

1
1 0 0 0.862258

1
1 0 0 0.753635

1
1 0 0 0.70633

3
1 0 241 0.769365
2 0 0 0.946883
3 0 0 0.791711

3
1 1 1 0.971643
2 0 0 0.938366
3 0 0 0.929008

3
1 2 3 0.869006
2 0 0 1.02635
3 0 0 0.92565

3
1 1 2 0.819244
2 0 0 0.825015
3 0 0 0.894119

1
1 0 0 0.811518

3
1 0 5774 0.850042
2 0 0 0.894094
3 0 0 0.75581

3
1 3 198 0.782691
2 0 0 1.07625
3 0 0 0.901058

3
1 0 9778 0.866478
2 0 0 0.829049
3 0 0 0.897688

1
1 0 0 0.739919

1
1 0 0 0.837745

1
1 0 0 0.692273

3
1 0 2411 0.958313
2 0 0 0.971814
3 0 0 0.808343

3
1 0 531 0.863288
2 0 0 1.06062
3 0 0 0.854083

1
1 0 0 0.797372

1
1 0 0 1.03746

1
1 0 0 0.859246

3
1 0 1316 0.819183
2 0 0 0.928129
3 0 0 0.830361

3
1 1 1 0.818525
2 0 0 0.921398
3 0 0 0.756327

7
1 0 4631 0.880751
2 0 0 0.908463
3 1 1 1.00482
6 2 1 1.09158
12 0 0 1.11488
13 0 0 1.02121
7 0 0 0.851938

3
1 0 9583 0.981599
2 0 0 0.875926
3 0 0 1.01636

3
1 3 2030 0.898322
2 0 0 0.99895
3 0 0 1.06936

1
1 0 0 0.727695

3
1 1 1 0.856112
2 0 0 1.001
3 0 0 0.878374

9
1 3 2078 0.901017
2 3 770 1.10902
4 0 0 1.08669
5 0 0 1.02885
3 3 4927 0.932066
6 0 0 0.982426
7 0 6906 0.839982
14 0 0 1.07463
15 0 0 0.938603

3
1 1 1 0.837922
2 0 0 0.985054
3 0 0 0.774685

3
1 1 1 0.848388
2 0 0 1.00297
3 0 0 0.805947

5
1 0 4513 0.873831
2 0 0 0.934809
3 0 6530 0.843852
6 0 0 0.979885
7 0 0 0.865625

3
1 1 1 0.897007
2 0 0 1.07672
3 0 0 0.865567

3
1 2 4 0.964971
2 0 0 0.883587
3 0 0 0.968927

3
1 2 1 0.910318
2 0 0 0.820216
3 0 0 0.945998

5
1 3 2904 0.868036
2 1 1 0.966463
4 0 0 0.982986
5 0 0 0.964581
3 0 0 0.843866

1
1 0 0 0.826277

5
1 0 1569 0.887775
2 0 0 1.05722
3 0 4710 0.817293
6 0 0 0.963404
7 0 0 0.903177

5
1 0 2899 0.872683
2 0 0 0.981253
3 1 2 0.86917
6 0 0 0.914102
7 0 0 0.972812

5
1 1 1 0.867629
2 2 4 0.922085
4 0 0 0.979631
5 0 0 1.02526
3 0 0 0.720407

5
1 2 1 0.944328
2 1 1 0.951174
4 0 0 0.961126
5 0 0 0.913021
3 0 0 0.810383

3
1 1 1 0.914143
2 0 0 0.904244
3 0 0 0.885562

5
1 3 2658 0.992832
2 2 1 0.930202
4 0 0 0.970652
5 0 0 0.916597
3 0 0 0.835445

3
1 1 1 0.90403
2 0 0 1.12136
3 0 0 0.927913

3
1 0 730 0.853557
2 0 0 0.977738
3 0 0 0.850296

3
1 1 1 0.911447
2 0 0 1.03003
3 0 0 0.768977

7
1 1 1 0.860787
2 3 4646 0.8556
4 0 0 0.938852
5 0 5493 0.94051
10 0 0 1.06372
11 0 0 0.939526
3 0 0 0.787702

3
1 2 1 0.941265
2 0 0 1.01697
3 0 0 0.954663

5
1 0 1037 0.845409
2 3 3942 1.02786
4 0 0 0.878915
5 0 0 0.991982
3 0 0 0.802365

1
1 0 0 0.978312

3
1 1 1 0.807088
2 0 0 1.03289
3 0 0 0.923003

5
1 1 1 0.795414
2 0 0 1.02128
3 3 2962 0.802241
6 0 0 0.800148
7 0 0 0.781357

1
1 0 0 0.893763

3
1 1 2 0.875386
2 0 0 0.824554
3 0 0 0.964065

3
1 3 2618 0.872923
2 0 0 0.926365
3 0 0 0.864792

3
1 0 1620 0.855138
2 0 0 0.945874
3 0 0 0.774413

5
1 1 1 0.849837
2 3 132 1.10163
4 0 0 0.966806
5 0 0 1.02956
3 0 0 0.871933

3
1 3 4820 0.841908
2 0 0 0.859988
3 0 0 0.963887

7
1 3 2810 0.897351
2 1 2 0.946431
4 3 2279 0.964518
8 0 0 0.927774
9 0 0 1.0053
5 0 0 0.986727
3 0 0 0.955012

3
1 3 3125 0.903412
2 0 0 0.88852
3 0 0 0.806917

3
1 3 5107 0.790434
2 0 0 0.806984
3 0 0 0.930235

1
1 0 0 0.817982

1
1 0 0 0.713168

1
1 0 0 0.772432

5
1 3 3516 0.883982
2 0 579 0.888085
4 0 0 0.955565
5 0 0 0.986997
3 0 0 0.932453

5
1 3 4687 0.9564
2 0 0 0.887699
3 1 1 0.954844
6 0 0 0.999082
7 0 0 1.01337

3
1 1 1 0.867369
2 0 0 0.970384
3 0 0 0.75682

3
1 1 1 0.919797
2 0 0 0.983095
3 0 0 0.799461

3
1 1 1 0.879004
2 0 0 0.943418
3 0 0 0.849878

1
1 0 0 0.826113

3
1 0 5013 0.943912
2 0 0 0.998074
3 0 0 0.822571

5
1 1 2 0.925956
2 0 0 0.882004
3 0 5564 1.04833
6 0 0 1.08238
7 0 0 0.964656

5
1 1 2 0.849271
2 0 0 0.816059
3 3 2979 0.989479
6 0 0 1.07705
7 0 0 0.947376

5
1 0 398 0.794542
2 1 2 1.10616
4 0 0 1.01632
5 0 0 1.0369
3 0 0 0.754778

3
1 0 7247 0.950414
2 0 0 0.923098
3 0 0 0.867221

5
1 0 2399 0.967782
2 0 0 0.913889
3 3 2964 0.924121
6 0 0 0.894875
7 0 0 0.949798

5
1 1 2 0.910334
2 0 0 0.925589
3 0 9796 1.01887
6 0 0 1.04891
7 0 0 0.93315

3
1 3 2369 0.862483
2 0 0 0.977509
3 0 0 0.871439

3
1 1 1 0.838205
2 0 0 0.936827
3 0 0 0.737674

1
1 0 0 0.79157

5
1 0 2206 0.881009
2 0 27 0.987008
4 0 0 0.896864
5 0 0 1.01086
3 0 0 0.788222

1
1 0 0 0.824584

1
1 0 0 0.82754

3
1 3 1791 0.888341
2 0 0 0.924147
3 0 0 0.923174

3
1 1 1 0.841752
2 0 0 0.99168
3 0 0 0.798459

5
1 0 1634 0.806785
2 3 4859 0.935944
4 0 0 0.970746
5 0 0 0.855985
3 0 0 0.854689

1
1 0 0 0.888833

1
1 0 0 0.830846

3
1 3 4158 1.01131
2 0 0 0.949087
3 0 0 0.935202

5
1 1 1 0.83655
2 0 0 1.06231
3 2 3 0.854956
6 0 0 0.999228
7 0 0 0.851565

3
1 1 2 0.834707
2 0 0 0.825945
3 0 0 0.986541

5
1 3 1332 0.8436
2 3 565 0.883048
4 0 0 1.00089
5 0 0 0.874226
3 0 0 0.81231

3
1 1 1 0.778468
2 0 0 1.03386
3 0 0 0.781664

1
1 0 0 0.896568

3
1 0 1491 0.880045
2 0 0 1.02241
3 0 0 0.886933

5
1 1 2 0.851879
2 0 0 0.780225
3 0 1434 0.873336
6 0 0 0.929328
7 0 0 0.963514

3
1 1 1 0.857309
2 0 0 1.13894
3 0 0 0.779937

3
1 1 2 0.931119
2 0 0 0.848481
3 0 0 0.996113

5
1 1 1 0.813817
2 0 8117 0.955276
4 0 0 1.02125
5 0 0 0.973758
3 0 0 0.883974

1
1 0 0 0.776446

5
1 1 1 0.855031
2 0 0 0.954638
3 0 394 0.885576
6 0 0 0.961987
7 0 0 0.874768

5
1 1 2 0.892067
2 3 322 1.00928
4 0 0 1.02576
5 0 0 1.05412
3 0 0 0.923142

1
1 0 0 0.822008

5
1 2 3 0.903738
2 0 0 0.8493
3 0 1959 1.02848
6 0 0 1.03625
7 0 0 0.952428

5
1 1 2 0.850655
2 0 0 0.83949
3 0 3595 1.02171
6 0 0 0.892833
7 0 0 1.02618

3
1 0 7029 1.0322
2 0 0 1.01428
3 0 0 0.913794

3
1 3 3799 0.840728
2 0 0 0.966944
3 0 0 0.883565

5
1 1 1 0.841131
2 0 8694 1.13834
4 0 0 1.0248
5 0 0 1.02664
3 0 0 0.831627

5
1 3 351 0.916643
2 1 2 0.96561
4 0 0 0.910803
5 0 0 1.07528
3 0 0 0.88445

1
1 0 0 0.835199

7
1 1 1 0.886903
2 2 2 0.898213
4 0 0 1.06314
5 3 1315 0.972834
10 0 0 1.07265
11 0 0 1.03407
3 0 0 0.859062

7
1 1 2 0.851686
2 0 0 0.701521
3 2 4 1.01731
6 0 539 0.848975
12 0 0 1.03302
13 0 0 0.881301
7 0 0 0.999838

1
1 0 0 0.692043

3
1 1 1 0.884614
2 0 0 1.03434
3 0 0 0.808664

3
1 1 2 0.824208
2 0 0 0.978347
3 0 0 0.973908

3
1 0 2997 0.805896
2 0 0 0.958678
3 0 0 0.834318

1
1 0 0 0.785872

3
1 2 4 0.756285
2 0 0 0.735866
3 0 0 0.915941

3
1 0 464 0.682523
2 0 0 0.938064
3 0 0 0.725988

1
1 0 0 0.738023

3
1 1 2 0.856578
2 0 0 0.841631
3 0 0 1.03911

5
1 1 2 0.926759
2 0 0 0.882208
3 2 2 1.00482
6 0 0 1.00513
7 0 0 1.00507

3
1 3 5355 0.800515
2 0 0 0.798277
3 0 0 0.957989

3
1 3 94 0.91022
2 0 0 0.974889
3 0 0 0.917739

1
1 0 0 0.782542

3
1 1 1 0.872202
2 0 0 0.92195
3 0 0 0.870321

1
1 0 0 0.87377

3
1 2 1 0.907034
2 0 0 0.918148
3 0 0 0.879142

1
1 0 0 0.852166

3
1 1 2 0.845292
2 0 0 0.792272
3 0 0 0.889879

3
1 1 1 0.83987
2 0 0 0.978213
3 0 0 0.772765

3
1 1 1 0.9245
2 0 0 0.923712
3 0 0 0.816053

1
1 0 0 0.747909

5
1 2 1 0.887891
2 3 3501 0.882271
4 0 0 1.09683
5 0 0 0.877429
3 0 0 1.04485

5
1 0 4451 0.935593
2 0 806 1.04285
4 0 0 0.954701
5 0 0 1.0022
3 0 0 0.830956

3
1 1 2 0.860185
2 0 0 0.859723
3 0 0 1.04135

3
1 1 1 0.880154
2 0 0 0.973346
3 0 0 0.885007

7
1 1 1 0.853118
2 2 1 0.973948
4 0 0 0.941132
5 0 0 1.1081
3 0 2160 0.911822
6 0 0 0.968828
7 0 0 0.868833

5
1 1 1 0.931257
2 3 3216 1.10943
4 0 0 1.02434
5 0 0 1.15928
3 0 0 0.850231

3
1 3 1832 0.864912
2 0 0 0.81668
3 0 0 0.89014

3
1 0 514 0.829214
2 0 0 1.01446
3 0 0 0.80719

3
1 0 502 0.817001
2 0 0 1.05899
3 0 0 0.889477

1
1 0 0 0.782112

5
1 1 2 0.955504
2 0 0 0.915692
3 0 6754 1.06924
6 0 0 1.06448
7 0 0 0.890113

3
1 3 4732 0.924442
2 0 0 0.940236
3 0 0 0.947533

5
1 0 4710 0.888734
2 1 1 0.95275
4 0 0 0.926186
5 0 0 1.02415
3 0 0 0.826821

3
1 1 1 0.860787
2 0 0 0.935277
3 0 0 0.862024

3
1 1 2 0.865233
2 0 0 0.807444
3 0 0 0.952579

3
1 0 7258 0.95088
2 0 0 0.896752
3 0 0 1.06809

5
1 1 1 0.927574
2 2 4 0.946337
4 0 0 0.959236
5 0 0 0.955606
3 0 0 0.81057

3
1 1 1 0.913919
2 0 0 0.956238
3 0 0 0.779608

5
1 1 1 0.869999
2 2 2 0.98687
4 0 0 0.958384
5 0 0 1.06021
3 0 0 0.788489

3
1 0 998 0.888811
2 0 0 1.01287
3 0 0 0.816586

5
1 3 1285 0.922184
2 3 770 0.987602
4 0 0 0.99223
5 0 0 0.970369
3 0 0 0.831817

3
1 1 1 0.916389
2 0 0 1.00413
3 0 0 0.829587

3
1 1 1 0.825963
2 0 0 1.06823
3 0 0 0.852999

3
1 2 1 0.948551
2 0 0 0.901796
3 0 0 0.965205

3
1 1 1 0.874882
2 0 0 1.2092
3 0 0 0.83121

7
1 1 1 0.868188
2 0 0 1.06573
3 3 34 0.85759
6 1 2 0.97612
12 0 0 1.02377
13 0 0 0.910052
7 0 0 0.836944

5
1 3 3288 0.947255
2 0 0 1.03198
3 0 2568 1.00605
6 0 0 0.996386
7 0 0 0.996794

3
1 3 1517 0.82237
2 0 0 0.964313
3 0 0 0.841765

1
1 0 0 0.738248

3
1 1 2 0.891656
2 0 0 0.77184
3 0 0 0.921854

7
1 0 6989 0.871189
2 3 2578 0.932215
4 1 1 1.00933
8 0 0 0.973967
9 0 0 1.01048
5 0 0 0.928687
3 0 0 0.878171

3
1 3 2536 0.893606
2 0 0 0.943551
3 0 0 0.897005

3
1 1 1 0.829627
2 0 0 0.982272
3 0 0 0.81383

3
1 0 1663 0.850251
2 0 0 0.863386
3 0 0 0.871399

1
1 0 0 0.731536

1
1 0 0 0.703584

3
1 2 4 0.879846
2 0 0 0.847953
3 0 0 0.947576

5
1 1 1 0.856886
2 3 1888 1.00317
4 0 0 1.16213
5 0 0 0.982473
3 0 0 0.767427

5
1 0 220 0.851309
2 0 161 0.936628
4 0 0 0.904422
5 0 0 0.894631
3 0 0 0.794706

5
1 0 5172 0.972938
2 2 3 1.02437
4 0 0 1.01397
5 0 0 1.0573
3 0 0 0.905639

3
1 0 4266 0.851904
2 0 0 0.892874
3 0 0 0.894962

5
1 1 1 0.823714
2 2 1 0.978415
4 0 0 0.900935
5 0 0 0.914463
3 0 0 0.904037

1
1 0 0 0.914763

3
1 1 1 0.86998
2 0 0 0.958559
3 0 0 0.783175

3
1 1 2 0.899658
2 0 0 0.892191
3 0 0 1.08633

3
1 0 902 0.881634
2 0 0 0.999376
3 0 0 0.884818

1
1 0 0 0.905412

3
1 1 1 0.861487
2 0 0 0.992764
3 0 0 0.858785

3
1 0 5937 0.856369
2 0 0 0.909221
3 0 0 0.966252

1
1 0 0 0.844691

3
1 1 1 0.844661
2 0 0 0.996204
3 0 0 0.710435

3
1 3 2989 0.905367
2 0 0 0.831849
3 0 0 0.942619

5
1 3 32 0.745345
2 0 5077 1.01982
4 0 0 1.04328
5 0 0 0.959459
3 0 0 0.750565

1
1 0 0 0.840453

3
1 1 2 0.873764
2 0 0 0.835229
3 0 0 1.01108

3
1 3 3827 0.885232
2 0 0 0.898631
3 0 0 0.969446

5
1 0 742 0.815002
2 3 4962 1.03656
4 0 0 1.05593
5 0 0 0.897555
3 0 0 0.828456

3
1 1 1 0.801865
2 0 0 0.976359
3 0 0 0.832383

5
1 2 2 0.872654
2 0 0 1.03328
3 1 1 0.895136
6 0 0 0.918732
7 0 0 1.04698

1
1 0 0 0.797177

1
1 0 0 0.772139

3
1 0 3827 0.930902
2 0 0 0.935547
3 0 0 0.881729

3
1 0 1974 0.875261
2 0 0 1.05186
3 0 0 0.756965

3
1 1 1 0.897022
2 0 0 1.06798
3 0 0 0.876066

1
1 0 0 0.740181

3
1 2 1 0.949422
2 0 0 0.931959
3 0 0 0.938516

3
1 1 1 0.836913
2 0 0 1.00811
3 0 0 0.82749

3
1 1 2 0.737082
2 0 0 0.734826
3 0 0 0.852613

3
1 0 402 0.927031
2 0 0 0.976128
3 0 0 0.882972

3
1 3 5392 0.915243
2 0 0 0.920734
3 0 0 1.00409

5
1 0 9317 0.871898
2 0 0 0.977479
3 3 478 1.01989
6 0 0 0.946538
7 0 0 0.94442

3
1 3 4795 0.98735
2 0 0 0.920298
3 0 0 0.988747

3
1 1 1 0.888956
2 0 0 0.96813
3 0 0 0.898689

3
1 1 1 0.891755
2 0 0 1.03246
3 0 0 0.853319

3
1 2 1 0.897896
2 0 0 1.07888
3 0 0 0.845264

5
1 3 2929 0.902902
2 0 4356 0.969313
4 0 0 1.12153
5 0 0 1.09787
3 0 0 0.852499

5
1 2 2 0.808067
2 0 0 0.846907
3 0 2010 0.942448
6 0 0 0.943436
7 0 0 0.910034

3
1 1 2 0.944905
2 0 0 0.793991
3 0 0 0.949469

3
1 2 3 0.995616
2 0 0 0.912186
3 0 0 1.01935

3
1 0 4718 0.846836
2 0 0 0.857691
3 0 0 0.81558

3
1 1 1 0.899863
2 0 0 0.856175
3 0 0 0.917798

3
1 1 1 0.878278
2 0 0 1.00285
3 0 0 0.783242

1
1 0 0 0.783982

7
1 1 1 0.801967
2 2 3 1.07293
4 3 1096 1.0944
8 0 0 0.963118
9 0 0 0.985366
5 0 0 1.06757
3 0 0 0.734831

3
1 3 3633 0.874816
2 0 0 0.862477
3 0 0 0.884645

7
1 3 2110 0.823814
2 2 3 0.925797
4 0 0 0.869502
5 0 0 1.04855
3 3 2123 0.868743
6 0 0 1.0795
7 0 0 0.939083

3
1 1 2 0.7814
2 0 0 0.842863
3 0 0 0.953823

5
1 1 2 0.856578
2 0 0 0.812556
3 2 4 0.952696
6 0 0 0.92437
7 0 0 0.911491

5
1 1 1 0.86588
2 2 4 0.971946
4 0 0 0.972876
5 0 0 0.918663
3 0 0 0.812462

5
1 1 1 0.82487
2 0 9486 1.06516
4 0 0 1.03257
5 0 0 0.962333
3 0 0 0.7343

1
1 0 0 0.693158

3
1 1 2 0.852916
2 0 0 0.870087
3 0 0 0.968098

3
1 1 1 0.872202
2 0 0 0.957091
3 0 0 0.790825

3
1 3 198 0.849304
2 0 0 0.953661
3 0 0 0.824668

3
1 2 2 0.879011
2 0 0 0.971339
3 0 0 0.848035

1
1 0 0 0.748585

1
1 0 0 0.735585

5
1 1 1 0.83987
2 2 1 1.01132
4 0 0 1.07199
5 0 0 1.00237
3 0 0 0.760263

1
1 0 0 0.830801

7
1 2 3 0.915479
2 1 1 0.869191
4 0 0 0.922755
5 0 0 0.977723
3 2 4 0.988487
6 0 0 1.02755
7 0 0 0.931994

3
1 2 4 0.867366
2 0 0 0.880472
3 0 0 0.906676

3
1 1 1 0.901278
2 0 0 1.05643
3 0 0 0.753969

3
1 1 1 0.905269
2 0 0 0.983301
3 0 0 0.888595

7
1 1 2 0.900344
2 0 0 0.929851
3 0 300 0.989716
6 0 0 1.04218
7 0 6372 0.968775
14 0 0 1.03098
15 0 0 0.885707

3
1 3 1606 0.832877
2 0 0 1.05793
3 0 0 0.858479

5
1 2 4 0.884892
2 0 0 0.878368
3 0 1737 1.10362
6 0 0 0.846154
7 0 0 1.02955

1
1 0 0 0.780891

1
1 0 0 0.872192

3
1 2 2 0.857176
2 0 0 0.866871
3 0 0 0.944844

1
1 0 0 0.7516

7
1 2 2 0.836711
2 0 0 0.960422
3 0 2949 0.95802
6 3 3697 0.96119
12 0 0 1.06126
13 0 0 1.07217
7 0 0 1.06151

1
1 0 0 0.856952

3
1 1 2 0.879941
2 0 0 0.874919
3 0 0 0.924768

1
1 0 0 0.843912

3
1 2 1 0.886468
2 0 0 0.869615
3 0 0 0.907823

3
1 1 1 0.852983
2 0 0 1.06707
3 0 0 0.837038

3
1 1 1 0.927574
2 0 0 0.900354
3 0 0 0.772201

3
1 2 3 0.862899
2 0 0 0.842376
3 0 0 0.964405

7
1 1 1 0.869999
2 3 3911 1.01857
4 3 456 0.99289
8 0 0 0.984595
9 0 0 0.993633
5 0 0 1.01079
3 0 0 0.824519

3
1 1 2 0.89776
2 0 0 0.852029
3 0 0 0.896131

5
1 0 5659 0.929407
2 2 1 0.962735
4 0 0 1.07624
5 0 0 0.89767
3 0 0 0.762919

3
1 3 4186 0.937538
2 0 0 0.976828
3 0 0 0.784258

3
1 1 1 0.825963
2 0 0 1.02477
3 0 0 0.775227

5
1 1 1 0.857104
2 2 1 0.992249
4 0 0 0.913881
5 0 0 0.996693
3 0 0 0.834319

3
1 0 960 0.839095
2 0 0 0.98548
3 0 0 0.83839

5
1 1 1 0.868188
2 2 1 1.17707
4 0 0 1.05009
5 0 0 0.939696
3 0 0 0.94108

3
1 0 2437 0.91444
2 0 0 0.941079
3 0 0 0.903046

5
1 0 5372 0.918371
2 2 4 0.987718
4 0 0 0.971046
5 0 0 0.941007
3 0 0 0.89309

3
1 3 3740 0.930344
2 0 0 0.957688
3 0 0 1.00508

3
1 0 166 0.781774
2 0 0 1.03186
3 0 0 0.911977

3
1 3 2588 0.878619
2 0 0 0.966189
3 0 0 0.945444

5
1 1 2 0.881345
2 1 1 0.854107
4 0 0 1.0353
5 0 0 0.81192
3 0 0 0.95513

3
1 3 138 0.784446
2 0 0 1.0034
3 0 0 0.794461

3
1 1 1 0.973554
2 0 0 0.893288
3 0 0 0.726514

3
1 1 1 0.821013
2 0 0 0.924035
3 0 0 0.81531

3
1 0 913 0.813004
2 0 0 1.09069
3 0 0 0.871571

3
1 1 1 0.811418
2 0 0 1.06297
3 0 0 0.745288

3
1 1 1 0.856886
2 0 0 1.06455
3 0 0 0.886575

3
1 1 2 0.866117
2 0 0 0.735937
3 0 0 0.942722

1
1 0 0 0.740492

5
1 1 1 0.940666
2 3 2892 1.05187
4 0 0 1.18413
5 0 0 0.947168
3 0 0 0.767155

5
1 3 1483 0.942363
2 0 0 0.899206
3 3 2840 0.894925
6 0 0 0.909771
7 0 0 0.890676

3
1 3 93 0.901689
2 0 0 0.961279
3 0 0 0.920872

7
1 0 1772 0.884308
2 3 1441 1.09059
4 0 0 1.08973
5 0 0 1.0749
3 2 3 0.867827
6 0 0 0.825975
7 0 0 0.946472

3
1 1 2 0.889179
2 0 0 0.756997
3 0 0 0.961048

3
1 1 1 0.884148
2 0 0 1.12477
3 0 0 0.898322

1
1 0 0 0.721161

3
1 3 656 0.815723
2 0 0 0.869998
3 0 0 0.794638

1
1 0 0 0.825276

3
1 1 1 0.801778
2 0 0 0.975351
3 0 0 0.831453

5
1 1 1 0.844661
2 3 1344 1.00131
4 0 0 0.950527
5 0 0 0.956928
3 0 0 0.972088

5
1 1 1 0.892942
2 0 4480 0.952578
4 0 0 0.874658
5 0 0 1.00388
3 0 0 0.938041

5
1 1 1 0.905266
2 2 2 1.05016
4 0 0 0.981077
5 0 0 1.05287
3 0 0 0.902179

3
1 2 2 0.888283
2 0 0 0.871138
3 0 0 1.02723

3
1 0 678 0.7769
2 0 0 1.04223
3 0 0 0.799773

5
1 1 1 0.8524
2 0 8897 0.981579
4 0 0 0.997958
5 0 0 1.04168
3 0 0 0.804716

1
1 0 0 0.719886

9
1 0 1936 0.884159
2 1 1 0.877006
4 0 0 1.00799
5 0 0 0.960213
3 3 5347 0.916349
6 0 0 0.887598
7 3 5364 1.04734
14 0 0 0.872173
15 0 0 1.05086

5
1 2 1 0.929213
2 3 124 1.03642
4 0 0 1.04935
5 0 0 1.10471
3 0 0 0.864244

3
1 0 6285 0.84117
2 0 0 0.916517
3 0 0 0.840804

3
1 1 2 0.886371
2 0 0 0.766286
3 0 0 0.992953

3
1 0 5596 0.905685
2 0 0 0.959963
3 0 0 0.930273

3
1 1 1 0.935059
2 0 0 0.907727
3 0 0 0.686999

3
1 1 1 0.833284
2 0 0 0.995214
3 0 0 0.900663

3
1 3 130 0.824378
2 0 0 0.951541
3 0 0 0.823724

3
1 2 3 0.83988
2 0 0 0.887356
3 0 0 0.857219

3
1 1 1 0.828573
2 0 0 1.17225
3 0 0 0.917494

3
1 1 2 0.904582
2 0 0 0.723559
3 0 0 0.909764

5
1 2 3 0.868891
2 0 0 0.899396
3 3 3527 0.945718
6 0 0 0.943782
7 0 0 0.91341

1
1 0 0 0.804772

3
1 1 1 0.854783
2 0 0 0.891393
3 0 0 0.826844

1
1 0 0 0.772788

3
1 3 1343 0.865205
2 0 0 0.948308
3 0 0 0.86607

1
1 0 0 0.802944

1
1 0 0 0.936403

3
1 2 4 0.89282
2 0 0 0.94162
3 0 0 0.993003

9
1 3 5285 0.901407
2 0 0 0.807946
3 3 5298 0.842064
6 0 0 1.09759
7 1 1 0.887411
14 2 2 0.935781
28 0 0 0.935064
29 0 0 1.0206
15 0 0 0.983573

1
1 0 0 0.928683

1
1 0 0 0.877883

3
1 0 3985 0.913586
2 0 0 0.926441
3 0 0 0.961149

5
1 1 2 1.01061
2 0 0 0.907686
3 2 1 0.980266
6 0 0 1.04858
7 0 0 0.974158

3
1 1 2 0.972623
2 0 0 0.905313
3 0 0 0.998252

3
1 1 1 0.781082
2 0 0 1.09573
3 0 0 0.840954

7
1 2 4 0.925746
2 0 6499 0.9604
4 0 0 0.89519
5 0 0 0.913533
3 1 2 0.951975
6 0 0 0.983133
7 0 0 0.954098

3
1 3 5289 0.953515
2 0 0 0.916844
3 0 0 0.886484

5
1 0 46 0.865111
2 3 2401 1.01556
4 0 0 0.949313
5 0 0 1.0484
3 0 0 0.89263

3
1 1 1 0.923279
2 0 0 1.12251
3 0 0 0.859106

3
1 1 1 0.913273
2 0 0 0.992637
3 0 0 0.831704

3
1 1 1 0.86588
2 0 0 0.985553
3 0 0 0.782543

5
1 1 2 0.979173
2 0 0 0.893349
3 0 8133 1.03839
6 0 0 0.956547
7 0 0 1.11656

5
1 1 2 0.909481
2 0 0 0.704634
3 0 6699 0.824502
6 0 0 0.791971
7 0 0 0.925621

5
1 1 2 0.806147
2 0 0 0.841447
3 2 1 1.0222
6 0 0 1.01873
7 0 0 0.98784

3
1 1 1 0.872202
2 0 0 1.05779
3 0 0 0.981264

3
1 1 2 0.895085
2 0 0 0.82616
3 0 0 1.12845

5
1 3 2849 0.865762
2 3 1351 0.979663
4 0 0 0.929265
5 0 0 1.1033
3 0 0 0.784365

5
1 1 2 0.804201
2 0 0 0.760102
3 2 4 0.965656
6 0 0 0.896015
7 0 0 1.05245

3
1 3 5388 0.733141
2 0 0 0.743873
3 0 0 0.938661

3
1 2 4 0.764539
2 0 0 0.820483
3 0 0 0.986141

3
1 1 1 0.863564
2 0 0 0.966689
3 0 0 0.680521

3
1 2 2 0.857647
2 0 0 0.972122
3 0 0 0.968929

3
1 1 1 0.854781
2 0 0 1.00635
3 0 0 0.788533

1
1 0 0 0.707364

5
1 0 3907 0.917459
2 1 2 0.914216
4 0 0 0.87069
5 0 0 0.939442
3 0 0 0.876816

3
1 1 1 0.89621
2 0 0 0.906971
3 0 0 0.893158

3
1 1 1 0.890413
2 0 0 0.988831
3 0 0 0.814168

1
1 0 0 0.885036

3
1 2 1 0.843998
2 0 0 0.880678
3 0 0 0.942797

3
1 0 293 0.776185
2 0 0 0.943168
3 0 0 0.73644

3
1 1 1 0.916891
2 0 0 0.994958
3 0 0 0.806525

3
1 1 2 0.834435
2 0 0 0.792692
3 0 0 0.993916

3
1 2 3 0.954778
2 0 0 0.936286
3 0 0 1.03238

3
1 2 2 0.888204
2 0 0 0.884098
3 0 0 0.989036

3
1 1 1 0.942423
2 0 0 1.04899
3 0 0 0.810321

3
1 3 1496 0.891739
2 0 0 0.923226
3 0 0 0.948114

1
1 0 0 0.758792

5
1 1 1 0.852983
2 0 6056 1.02062
4 0 0 0.8563
5 0 0 1.04799
3 0 0 0.71622

5
1 0 2751 0.926833
2 1 1 1.04804
4 0 0 1.05239
5 0 0 1.09661
3 0 0 0.977858

3
1 0 2636 1.04429
2 0 0 0.859899
3 0 0 0.889146

3
1 3 1351 0.970487
2 0 0 1.006
3 0 0 0.939667

1
1 0 0 0.791733

1
1 0 0 0.866033

3
1 3 2803 0.817808
2 0 0 0.806145
3 0 0 0.859089

3
1 3 2738 0.892969
2 0 0 0.864137
3 0 0 0.939196

5
1 3 1339 0.942685
2 2 4 1.00054
4 0 0 0.999039
5 0 0 1.07812
3 0 0 0.944367

3
1 2 2 0.921134
2 0 0 0.914016
3 0 0 0.999026

7
1 3 3871 0.909443
2 3 3570 0.970379
4 0 0 0.902806
5 0 395 0.988412
10 0 0 0.91751
11 0 0 0.946241
3 0 0 0.821065

3
1 2 1 0.85746
2 0 0 0.897337
3 0 0 0.819163

3
1 3 5165 0.844451
2 0 0 0.825031
3 0 0 1.02672

3
1 1 1 0.887241
2 0 0 1.00415
3 0 0 0.933995

3
1 2 1 0.947733
2 0 0 1.02569
3 0 0 0.832301

3
1 1 1 0.848269
2 0 0 1.10189
3 0 0 0.685985

3
1 1 2 0.881345
2 0 0 0.834834
3 0 0 1.09591

3
1 3 1338 0.922101
2 0 0 0.995658
3 0 0 0.964309

3
1 1 1 0.904031
2 0 0 0.894398
3 0 0 0.855774

1
1 0 0 0.737976

3
1 3 951 0.827307
2 0 0 0.867128
3 0 0 0.906037

7
1 1 1 0.811418
2 0 1021 1.0512
4 3 4189 0.942618
8 0 0 1.17477
9 0 0 1.11698
5 0 0 1.01193
3 0 0 0.943192

3
1 0 1328 0.906031
2 0 0 1.00035
3 0 0 0.869846

3
1 1 1 0.828384
2 0 0 0.952244
3 0 0 0.822754

3
1 1 1 0.91725
2 0 0 1.11727
3 0 0 0.697147

5
1 1 1 0.859495
2 0 0 1.00165
3 0 1003 0.784895
6 0 0 0.944163
7 0 0 0.736064

3
1 3 67 0.823215
2 0 0 1.01832
3 0 0 0.891241

3
1 1 2 0.878119
2 0 0 0.862543
3 0 0 1.03288

1
1 0 0 0.840127

3
1 1 1 0.90624
2 0 0 0.982569
3 0 0 0.910589

1
1 0 0 0.825145

3
1 1 1 0.827896
2 0 0 0.937631
3 0 0 0.774605

3
1 2 1 0.933873
2 0 0 0.993389
3 0 0 0.865694

1
1 0 0 0.765634

3
1 1 1 0.877551
2 0 0 0.882563
3 0 0 0.832917

5
1 2 2 0.908698
2 0 0 0.864194
3 0 7181 0.99407
6 0 0 0.978533
7 0 0 1.04849

3
1 1 1 0.835629
2 0 0 1.01234
3 0 0 0.856381

3
1 1 1 0.953729
2 0 0 1.02325
3 0 0 0.828027

3
1 1 1 0.780942
2 0 0 0.920826
3 0 0 0.74537

3
1 3 21 0.885852
2 0 0 0.985483
3 0 0 0.829472

5
1 2 3 0.958954
2 0 0 0.947562
3 0 331 0.953807
6 0 0 1.08295
7 0 0 0.911995

5
1 1 2 0.874053
2 0 0 0.810989
3 0 5930 1.05699
6 0 0 1.15946
7 0 0 0.891429

3
1 0 4671 0.966218
2 0 0 0.983211
3 0 0 0.965087

1
1 0 0 0.87077

3
1 2 1 0.920336
2 0 0 0.880988
3 0 0 0.950846

3
1 1 1 0.8447
2 0 0 1.00813
3 0 0 0.861695

5
1 3 1354 0.818586
2 3 1156 1.00244
4 0 0 0.946074
5 0 0 0.956729
3 0 0 0.808938

3
1 0 355 0.847887
2 0 0 0.934028
3 0 0 0.874535

5
1 0 409 0.853371
2 3 4827 0.990836
4 0 0 0.879754
5 0 0 1.09538
3 0 0 0.842803

1
1 0 0 0.792197

3
1 1 1 1.02105
2 0 0 0.901939
3 0 0 0.886829

5
1 2 4 0.812291
2 0 737 0.874345
4 0 0 0.977127
5 0 0 1.00587
3 0 0 0.885745

5
1 1 2 0.897537
2 0 0 0.796654
3 0 5487 0.969776
6 0 0 0.931638
7 0 0 0.891525

3
1 0 4729 0.926798
2 0 0 0.918951
3 0 0 0.742739

3
1 1 1 0.894626
2 0 0 1.02112
3 0 0 0.83623

3
1 0 6232 0.863968
2 0 0 0.911535
3 0 0 0.769495

5
1 1 2 0.851542
2 1 1 0.971109
4 0 0 1.03723
5 0 0 0.78628
3 0 0 1.03372

3
1 3 3976 0.812824
2 0 0 0.796288
3 0 0 0.824362

3
1 3 4930 0.863313
2 0 0 0.886963
3 0 0 0.890442

3
1 2 2 0.887404
2 0 0 0.99552
3 0 0 0.862914

3
1 3 1199 0.845733
2 0 0 1.02403
3 0 0 0.858179

1
1 0 0 0.835671

1
1 0 0 0.765726

1
1 0 0 0.721025

3
1 2 2 0.959255
2 0 0 0.861067
3 0 0 1.01281

3
1 0 8733 0.95751
2 0 0 0.869868
3 0 0 0.973943

3
1 1 2 0.837931
2 0 0 0.842596
3 0 0 0.895551

3
1 1 1 0.88882
2 0 0 0.983569
3 0 0 0.784553

3
1 3 5311 0.886876
2 0 0 0.853199
3 0 0 0.906538

3
1 0 6419 0.904815
2 0 0 0.980207
3 0 0 0.953928

1
1 0 0 0.862795

3
1 1 1 0.887454
2 0 0 1.12808
3 0 0 0.829921

3
1 1 1 0.913273
2 0 0 1.17163
3 0 0 0.826881

1
1 0 0 0.885931

5
1 0 2890 0.878826
2 3 4986 1.01253
4 0 0 0.974191
5 0 0 0.96661
3 0 0 0.814329

3
1 0 200 0.820386
2 0 0 1.14385
3 0 0 0.879176

3
1 1 2 0.806147
2 0 0 0.765144
3 0 0 0.933292

1
1 0 0 0.832219

5
1 0 269 0.997357
2 3 2129 1.00906
4 0 0 1.14425
5 0 0 0.960466
3 0 0 0.850511

7
1 3 3867 0.823031
2 0 2395 0.979954
4 0 0 0.979237
5 2 1 0.954831
10 0 0 1.07615
11 0 0 0.919101
3 0 0 0.896766

3
1 2 3 0.913569
2 0 0 0.766929
3 0 0 0.97286

3
1 1 1 0.777389
2 0 0 0.939079
3 0 0 0.914867

1
1 0 0 0.791536

3
1 0 7178 0.945973
2 0 0 0.959274
3 0 0 0.840421

7
1 1 1 0.914487
2 0 0 0.989163
3 1 2 0.849973
6 0 0 0.833945
7 2 2 0.991756
14 0 0 0.862046
15 0 0 1.0464

5
1 1 1 0.854781
2 0 507 1.0259
4 0 0 1.01948
5 0 0 0.957067
3 0 0 0.84699

1
1 0 0 0.8193

5
1 1 2 0.853463
2 0 0 0.765877
3 2 3 0.920868
6 0 0 0.995879
7 0 0 0.938617

1
1 0 0 0.840562

3
1 0 4301 0.953841
2 0 0 0.973198
3 0 0 0.873511

3
1 0 8737 0.910691
2 0 0 0.920725
3 0 0 0.932661

3
1 3 2105 0.803751
2 0 0 0.950417
3 0 0 0.742187

3
1 3 5320 0.72915
2 0 0 0.737228
3 0 0 0.974797

3
1 3 148 0.759212
2 0 0 0.944446
3 0 0 0.73162

5
1 3 5165 0.836146
2 0 0 0.816756
3 0 7439 1.06974
6 0 0 0.925389
7 0 0 0.949639

3
1 0 832 0.827767
2 0 0 0.905714
3 0 0 0.894085

3
1 0 1561 0.885273
2 0 0 0.922118
3 0 0 0.797461

3
1 1 1 0.942423
2 0 0 1.02737
3 0 0 0.805214

5
1 0 8973 0.892835
2 0 0 0.957812
3 2 3 0.909529
6 0 0 0.852564
7 0 0 0.946698

3
1 1 1 0.840495
2 0 0 1.16639
3 0 0 0.77882

3
1 1 1 0.852983
2 0 0 1.0845
3 0 0 0.747977

5
1 1 2 0.897109
2 0 0 0.923302
3 2 3 1.08313
6 0 0 1.01277
7 0 0 1.0459

3
1 0 996 0.916595
2 0 0 0.906008
3 0 0 0.919289

3
1 2 3 0.918887
2 0 0 0.947982
3 0 0 0.916393

5
1 1 2 0.81664
2 1 1 0.876589
4 0 0 1.02468
5 0 0 0.813775
3 0 0 0.921272

1
1 0 0 0.898761

3
1 2 2 0.818477
2 0 0 0.896721
3 0 0 0.910825

1
1 0 0 0.853307

3
1 0 6128 0.881241
2 0 0 0.932977
3 0 0 0.824463

1
1 0 0 0.875551

5
1 0 857 0.94707
2 0 0 1.01762
3 0 6755 0.871165
6 0 0 0.995404
7 0 0 0.881047

3
1 0 3035 0.875843
2 0 0 0.871809
3 0 0 0.922336

1
1 0 0 0.794499

3
1 1 1 0.887241
2 0 0 1.04821
3 0 0 0.77154

3
1 3 2181 0.95421
2 0 0 0.856611
3 0 0 0.910124

1
1 0 0 0.936263

3
1 1 2 0.842401
2 0 0 0.834059
3 0 0 0.879577

3
1 1 1 0.881671
2 0 0 1.05247
3 0 0 0.823015

1
1 0 0 0.968114

3
1 1 1 0.868264
2 0 0 0.938128
3 0 0 0.752951

1
1 0 0 0.884649

3
1 1 1 0.811418
2 0 0 0.961316
3 0 0 0.826258

5
1 1 2 0.831699
2 0 0 0.773871
3 0 6911 0.927397
6 0 0 1.08525
7 0 0 0.912395

3
1 0 5957 0.881326
2 0 0 0.888624
3 0 0 0.830274

3
1 1 1 0.91725
2 0 0 0.997184
3 0 0 0.794114

3
1 2 4 0.801677
2 0 0 0.758426
3 0 0 0.891852

1
1 0 0 0.800549

3
1 3 471 0.881968
2 0 0 0.945983
3 0 0 0.867311

5
1 0 226 0.800647
2 0 163 0.975507
4 0 0 1.11054
5 0 0 0.909289
3 0 0 0.865219

3
1 0 5868 0.854786
2 0 0 0.914291
3 0 0 0.842701

1
1 0 0 0.825582

3
1 1 1 0.797377
2 0 0 0.986848
3 0 0 0.825908

5
1 3 1103 0.897454
2 1 1 0.912774
4 0 0 1.01507
5 0 0 0.880185
3 0 0 0.99584

3
1 3 4217 0.851216
2 0 0 0.87182
3 0 0 0.906737

5
1 0 2910 0.855108
2 1 2 0.938448
4 0 0 0.940335
5 0 0 1.07268
3 0 0 0.923221

3
1 1 2 0.806752
2 0 0 0.77868
3 0 0 1.03696

3
1 1 1 0.835629
2 0 0 0.954833
3 0 0 0.801055

3
1 1 1 0.953729
2 0 0 1.06512
3 0 0 0.829243

3
1 1 1 0.780942
2 0 0 0.967473
3 0 0 0.770868

5
1 0 195 0.853991
2 0 0 1.07048
3 1 1 0.884838
6 0 0 0.923946
7 0 0 0.778354

1
1 0 0 0.718882

5
1 1 2 0.874053
2 1 1 0.921262
4 0 0 1.09685
5 0 0 0.81783
3 0 0 0.991562

3
1 3 5348 0.79565
2 0 0 0.77178
3 0 0 1.03107

5
1 3 4381 0.855214
2 0 0 0.89703
3 2 2 0.87207
6 0 0 1.00682
7 0 0 0.993905

3
1 1 2 0.833749
2 0 0 0.806526
3 0 0 1.03106

7
1 1 1 0.8447
2 2 1 1.00708
4 0 7030 0.956944
8 0 0 1.02591
9 0 0 1.10641
5 0 0 1.02351
3 0 0 0.772875

3
1 1 1 0.874933
2 0 0 0.980865
3 0 0 0.834573

3
1 2 4 0.919252
2 0 0 0.847002
3 0 0 0.891077

3
1 3 338 0.974558
2 0 0 0.990014
3 0 0 0.954422

3
1 3 1726 0.941923
2 0 0 1.0252
3 0 0 0.817444

7
1 1 1 0.909203
2 3 5135 0.999716
4 0 0 1.04612
5 0 0 1.07077
3 2 3 0.855742
6 0 0 0.866363
7 0 0 0.999702

3
1 3 3384 0.892864
2 0 0 0.923287
3 0 0 0.8495

1
1 0 0 0.839181

3
1 2 3 0.814275
2 0 0 0.862781
3 0 0 0.797625

3
1 0 773 0.916968
2 0 0 1.01482
3 0 0 0.878981

3
1 2 3 0.925297
2 0 0 0.974323
3 0 0 0.939088

3
1 0 4853 0.877831
2 0 0 0.910109
3 0 0 0.83913

3
1 0 6611 0.873578
2 0 0 0.869342
3 0 0 0.835698

1
1 0 0 0.944848

1
1 0 0 0.80649

3
1 1 1 0.812639
2 0 0 0.94092
3 0 0 0.818891

3
1 0 5539 0.870558
2 0 0 0.885937
3 0 0 0.890704

3
1 1 1 0.891751
2 0 0 1.06723
3 0 0 0.854524

3
1 0 9244 0.728554
2 0 0 0.71452
3 0 0 0.812026

7
1 3 1296 0.942298
2 0 23 1.03463
4 0 0 0.859294
5 0 0 1.02438
3 3 4204 0.936931
6 0 0 1.00716
7 0 0 0.900149

3
1 1 1 0.86296
2 0 0 0.986712
3 0 0 0.792639

3
1 3 3580 0.829947
2 0 0 0.840665
3 0 0 0.859187

3
1 1 1 0.836808
2 0 0 1.04757
3 0 0 0.822392

3
1 1 2 0.843316
2 0 0 0.907076
3 0 0 1.03967

1
1 0 0 0.822858

5
1 0 116 0.864633
2 3 4402 0.967165
4 0 0 1.03864
5 0 0 0.983478
3 0 0 0.795262

5
1 1 1 0.885289
2 0 9870 0.973721
4 0 0 0.965881
5 0 0 1.00122
3 0 0 0.831562

7
1 0 2255 0.862355
2 3 623 0.948847
4 0 0 0.945857
5 0 869 1.05099
10 0 0 0.970991
11 0 0 0.979698
3 0 0 0.80972

5
1 0 3984 0.853369
2 0 0 0.948902
3 3 4722 0.870062
6 0 0 0.880983
7 0 0 0.979973

5
1 1 1 0.875739
2 0 0 0.877274
3 1 2 0.888249
6 0 0 0.867728
7 0 0 0.88373

3
1 1 1 0.888847
2 0 0 0.929432
3 0 0 0.831272

3
1 1 2 0.806147
2 0 0 0.878201
3 0 0 1.09229

5
1 3 850 0.934682
2 3 823 0.871949
4 0 0 0.933604
5 0 0 1.05269
3 0 0 0.919419

5
1 2 1 0.918118
2 0 0 0.862128
3 1 2 0.91413
6 0 0 0.872266
7 0 0 0.803115

3
1 2 1 0.860243
2 0 0 0.939144
3 0 0 0.876099

3
1 1 2 0.906702
2 0 0 0.918491
3 0 0 0.995092

3
1 2 3 0.888392
2 0 0 0.931604
3 0 0 0.961562

3
1 0 9750 0.813004
2 0 0 0.874519
3 0 0 1.1933

3
1 3 3898 0.924468
2 0 0 0.865328
3 0 0 0.999117

5
1 3 3429 0.88962
2 3 331 1.03974
4 0 0 0.898241
5 0 0 1.04792
3 0 0 0.851911

3
1 1 1 0.871496
2 0 0 0.94399
3 0 0 0.846828

3
1 1 2 0.854127
2 0 0 0.75675
3 0 0 0.962198

5
1 1 2 0.853463
2 0 0 0.914318
3 2 4 1.00413
6 0 0 0.91911
7 0 0 1.05504

3
1 3 51 0.867867
2 0 0 1.03328
3 0 0 0.786139

5
1 3 1757 0.901461
2 0 0 0.895566
3 0 4607 0.913226
6 0 0 0.965169
7 0 0 0.880361

3
1 3 1748 0.829385
2 0 0 0.858564
3 0 0 0.875049

1
1 0 0 0.738804

3
1 1 1 0.876698
2 0 0 0.979278
3 0 0 0.794083

7
1 0 9704 0.869512
2 3 2844 0.891811
4 0 0 0.915933
5 0 0 0.854818
3 0 9753 0.981548
6 0 0 0.96853
7 0 0 0.948109

5
1 3 2661 0.785556
2 0 5916 0.876908
4 0 0 0.875162
5 0 0 0.984159
3 0 0 0.79596

1
1 0 0 0.687507

3
1 1 1 0.877876
2 0 0 0.885071
3 0 0 0.793899

5
1 1 2 0.879694
2 0 0 0.861263
3 2 4 0.937877
6 0 0 1.12785
7 0 0 1.1215

3
1 1 1 0.803478
2 0 0 0.945682
3 0 0 0.799101

3
1 3 5309 0.737477
2 0 0 0.775223
3 0 0 0.962028

1
1 0 0 0.87685

1
1 0 0 0.851448

3
1 1 1 0.823414
2 0 0 0.980486
3 0 0 0.797414

1
1 0 0 0.82453

3
1 0 7634 0.958063
2 0 0 0.934393
3 0 0 0.895413

3
1 3 4964 0.768582
2 0 0 0.793897
3 0 0 0.838315

5
1 0 3506 0.853201
2 1 1 0.990804
4 0 0 1.05911
5 0 0 0.889973
3 0 0 0.882

3
1 0 2324 0.912836
2 0 0 1.13666
3 0 0 0.913184

3
1 1 2 1.05828
2 0 0 0.738913
3 0 0 1.03184

3
1 1 1 0.862948
2 0 0 1.05475
3 0 0 0.839921

3
1 0 1975 0.920732
2 0 0 0.949008
3 0 0 0.97145

5
1 0 1602 0.89807
2 0 0 1.07988
3 0 6269 0.913196
6 0 0 1.05806
7 0 0 0.88745

3
1 1 1 0.941732
2 0 0 1.06677
3 0 0 0.852174

3
1 0 5896 0.894641
2 0 0 1.0034
3 0 0 0.825283

3
1 2 1 0.90577
2 0 0 1.01603
3 0 0 0.897052

1
1 0 0 0.824016

3
1 0 4828 0.901993
2 0 0 0.940811
3 0 0 0.93194

3
1 1 1 0.881671
2 0 0 0.986456
3 0 0 0.852225

1
1 0 0 0.690749

3
1 1 1 0.868264
2 0 0 1.01704
3 0 0 0.915181

3
1 1 1 0.868798
2 0 0 0.991333
3 0 0 0.916391

3
1 1 2 0.941387
2 0 0 0.898265
3 0 0 1.00331

3
1 1 2 0.838621
2 0 0 0.8226
3 0 0 1.05719

5
1 0 8061 0.939419
2 0 2769 0.922563
4 0 0 0.921861
5 0 0 0.916997
3 0 0 0.88789

3
1 2 2 0.948368
2 0 0 0.949283
3 0 0 0.950722

3
1 1 1 0.90151
2 0 0 1.02137
3 0 0 0.897301

1
1 0 0 0.872621

5
1 0 1106 0.825666
2 1 1 0.941435
4 0 0 1.03659
5 0 0 0.990194
3 0 0 0.835104

3
1 0 7383 0.904907
2 0 0 0.934936
3 0 0 0.898881

7
1 3 5306 0.760897
2 0 0 0.86302
3 1 2 0.846117
6 3 5394 1.12627
12 0 0 0.985108
13 0 0 0.985086
7 0 0 0.952174

1
1 0 0 0.708897

3
1 1 1 0.841981
2 0 0 0.972807
3 0 0 0.747747

3
1 3 5306 0.819955
2 0 0 0.81471
3 0 0 0.969453

3
1 0 673 0.844904
2 0 0 1.00175
3 0 0 0.843572

3
1 0 2624 0.864785
2 0 0 1.01775
3 0 0 0.818555

1
1 0 0 0.781656

3
1 1 1 0.839434
2 0 0 1.02579
3 0 0 0.914387

3
1 3 3988 0.900748
2 0 0 0.908585
3 0 0 0.934955

3
1 1 1 0.83474
2 0 0 1.0328
3 0 0 0.786505

1
1 0 0 0.88885

3
1 1 2 0.835702
2 0 0 0.785926
3 0 0 0.828438

1
1 0 0 0.725546

1
1 0 0 0.94718

1
1 0 0 0.795931

3
1 0 140 0.813815
2 0 0 0.956713
3 0 0 0.832943

3
1 1 1 0.872144
2 0 0 1.03751
3 0 0 0.829507

5
1 1 1 0.874933
2 0 0 0.995497
3 0 4324 0.961254
6 0 0 0.999343
7 0 0 0.934763

3
1 0 3551 0.861314
2 0 0 0.898294
3 0 0 0.879675

3
1 1 1 0.844737
2 0 0 1.03381
3 0 0 0.809765

7
1 1 1 0.856483
2 3 3758 0.949827
4 0 0 0.998326
5 0 3141 1.03087
10 0 0 0.982528
11 0 0 1.03527
3 0 0 0.784564

3
1 1 1 0.822376
2 0 0 0.983294
3 0 0 0.837228

3
1 1 2 0.853763
2 0 0 0.79978
3 0 0 0.896715

3
1 3 10 0.8516
2 0 0 1.18372
3 0 0 0.814511

3
1 3 827 0.940511
2 0 0 1.03662
3 0 0 0.835276

7
1 1 2 0.876945
2 0 0 0.76153
3 0 3450 1.03792
6 0 0 1.13905
7 3 3686 0.981187
14 0 0 0.921612
15 0 0 0.93126

7
1 1 1 0.952016
2 0 0 1.04115
3 0 255 0.898168
6 2 1 1.014
12 0 0 1.01144
13 0 0 0.966468
7 0 0 0.786268

3
1 1 1 0.906388
2 0 0 0.955359
3 0 0 0.936152

3
1 2 2 0.915182
2 0 0 0.913473
3 0 0 0.968699

5
1 3 2898 0.891418
2 0 0 1.0324
3 3 2914 0.880264
6 0 0 0.947219
7 0 0 0.824915

3
1 0 1894 0.94252
2 0 0 0.998845
3 0 0 0.901061

3
1 2 4 0.898924
2 0 0 0.906678
3 0 0 0.920957

3
1 0 1316 0.862287
2 0 0 0.858126
3 0 0 0.739248

3
1 1 1 0.856807
2 0 0 0.979116
3 0 0 0.881359

3
1 2 2 0.894618
2 0 0 0.907622
3 0 0 1.07606

3
1 1 1 0.840137
2 0 0 1.09514
3 0 0 0.819248

3
1 1 1 0.907844
2 0 0 1.01636
3 0 0 0.821066

3
1 1 1 0.85459
2 0 0 0.966559
3 0 0 0.871253

9
1 3 403 0.865332
2 0 0 0.954111
3 1 2 0.901674
6 3 4433 0.966822
12 0 143 0.966448
24 0 0 0.992487
25 0 0 1.0007
13 0 0 0.908215
7 0 0 1.1919

1
1 0 0 0.805946

3
1 0 1659 0.917656
2 0 0 0.937695
3 0 0 0.811084

3
1 3 4867 0.916876
2 0 0 0.805576
3 0 0 0.967192

3
1 1 1 0.885289
2 0 0 1.0337
3 0 0 0.740188

1
1 0 0 0.77965

3
1 1 1 0.910003
2 0 0 0.984517
3 0 0 0.760136

5
1 2 2 0.931093
2 2 1 0.946619
4 0 0 0.907942
5 0 0 0.978453
3 0 0 0.938195

3
1 1 1 0.888847
2 0 0 0.969316
3 0 0 0.836473

7
1 1 2 0.791813
2 0 0 0.798894
3 2 3 0.929544
6 0 0 0.925533
7 3 1731 1.05693
14 0 0 1.18006
15 0 0 1.05237

3
1 0 13 0.855741
2 0 0 0.909281
3 0 0 0.85278

1
1 0 0 0.81582

3
1 3 59 0.761971
2 0 0 0.980802
3 0 0 0.808911

5
1 0 1301 0.869071
2 1 1 1.03925
4 0 0 1.03692
5 0 0 1.03421
3 0 0 0.813833

1
1 0 0 0.777809

5
1 3 5222 0.843233
2 1 2 0.929625
4 0 0 0.878861
5 0 0 1.02537
3 0 0 0.931261

3
1 2 3 0.816939
2 0 0 0.778882
3 0 0 0.919888

1
1 0 0 0.832138

3
1 0 8739 0.864468
2 0 0 0.851198
3 0 0 0.802831

5
1 1 2 0.854127
2 0 0 0.853867
3 3 3289 1.03013
6 0 0 1.01144
7 0 0 0.919223

1
1 0 0 0.877259

5
1 1 1 0.920955
2 0 0 1.22323
3 3 3897 0.879823
6 0 0 0.906574
7 0 0 0.870177

3
1 0 2039 0.832055
2 0 0 0.91024
3 0 0 0.799983

3
1 3 3876 0.9367
2 0 0 0.979332
3 0 0 0.851064

3
1 1 1 0.825571
2 0 0 0.98241
3 0 0 0.833656

7
1 3 237 0.834891
2 0 7836 0.906626
4 0 3076 0.948032
8 0 0 1.00593
9 0 0 1.03505
5 0 0 0.978389
3 0 0 0.843272

3
1 1 1 0.968937
2 0 0 1.02699
3 0 0 0.895962

3
1 0 8097 0.844069
2 0 0 0.922318
3 0 0 0.962299

5
1 1 2 0.886485
2 1 1 0.903363
4 0 0 1.0607
5 0 0 0.904494
3 0 0 1.11154

3
1 0 672 0.773539
2 0 0 0.899934
3 0 0 0.754458

3
1 0 2111 0.728453
2 0 0 0.974231
3 0 0 0.796598

3
1 3 5391 0.742753
2 0 0 0.762381
3 0 0 1.0027

5
1 1 2 0.892213
2 0 0 0.740356
3 0 4583 0.929316
6 0 0 0.919049
7 0 0 1.03407

1
1 0 0 0.774839

3
1 1 1 0.827049
2 0 0 1.03225
3 0 0 0.810611

3
1 1 1 0.835564
2 0 0 1.00031
3 0 0 0.825826

5
1 1 1 0.832609
2 2 1 1.03077
4 0 0 0.859585
5 0 0 1.02896
3 0 0 0.826115

3
1 2 4 0.833522
2 0 0 0.836298
3 0 0 0.843427

3
1 3 3568 0.849348
2 0 0 0.893456
3 0 0 0.773458

5
1 0 239 0.80567
2 2 4 1.09242
4 0 0 0.937363
5 0 0 1.11903
3 0 0 0.766685

3
1 3 1783 0.898132
2 0 0 0.902817
3 0 0 0.907753

3
1 2 1 0.834783
2 0 0 0.966694
3 0 0 0.752355

3
1 0 1938 0.862013
2 0 0 1.02329
3 0 0 0.869194

3
1 1 2 0.908581
2 0 0 0.736908
3 0 0 1.01121

1
1 0 0 0.839876

3
1 1 1 0.941732
2 0 0 1.00656
3 0 0 0.773428

3
1 3 1390 0.889107
2 0 0 1.01954
3 0 0 0.865882

3
1 0 4241 0.837948
2 0 0 0.88671
3 0 0 0.831708

1
1 0 0 0.92894

7
1 0 5874 0.950081
2 3 1522 0.942847
4 2 1 1.00823
8 0 0 0.987599
9 0 0 0.892961
5 0 0 0.948244
3 0 0 0.909315

5
1 0 9654 0.940163
2 0 0 0.917558
3 3 3439 0.89473
6 0 0 0.900598
7 0 0 1.0652

3
1 2 3 0.818968
2 0 0 1.00682
3 0 0 0.900016

1
1 0 0 0.867884

7
1 2 4 0.884171
2 3 2997 0.931159
4 0 0 1.03542
5 0 0 0.858861
3 3 2112 0.937145
6 0 0 0.907983
7 0 0 0.951526

3
1 1 1 0.805066
2 0 0 1.07207
3 0 0 0.786836

3
1 2 2 0.810396
2 0 0 0.879161
3 0 0 0.939043

3
1 0 4437 0.931536
2 0 0 0.887782
3 0 0 0.920288

3
1 2 2 0.885814
2 0 0 0.875729
3 0 0 0.883344

3
1 1 1 0.889256
2 0 0 0.945516
3 0 0 0.794272

3
1 1 2 0.861066
2 0 0 0.801543
3 0 0 1.05448

3
1 0 6252 0.882355
2 0 0 0.919735
3 0 0 0.871337

3
1 1 1 0.953057
2 0 0 1.06931
3 0 0 0.71369

3
1 1 1 0.90241
2 0 0 1.10415
3 0 0 0.993134

5
1 1 2 0.852047
2 0 0 0.828424
3 3 329 1.05565
6 0 0 0.874539
7 0 0 1.08817

3
1 1 2 0.88107
2 0 0 0.86481
3 0 0 0.857805

3
1 0 9291 0.885568
2 0 0 0.939803
3 0 0 0.993036

3
1 0 1307 0.749832
2 0 0 0.956665
3 0 0 0.86312

3
1 1 2 0.98644
2 0 0 0.961427
3 0 0 1.00092

3
1 1 1 0.812976
2 0 0 0.8784
3 0 0 0.863988

5
1 0 6388 0.866336
2 0 0 0.837538
3 2 4 0.829693
6 0 0 0.798763
7 0 0 0.99106

1
1 0 0 0.76616

3
1 1 2 0.876666
2 0 0 0.791509
3 0 0 0.996102

3
1 1 1 0.825472
2 0 0 0.991959
3 0 0 0.761535

3
1 1 1 0.865556
2 0 0 0.947983
3 0 0 0.848263

1
1 0 0 0.870805

1
1 0 0 0.755619

3
1 0 6140 0.861273
2 0 0 0.88034
3 0 0 0.891312

1
1 0 0 0.810533

7
1 1 1 0.872144
2 3 5341 0.985722
4 0 0 0.937626
5 3 5370 0.862669
10 0 0 1.04924
11 0 0 0.920736
3 0 0 0.840942

3
1 3 238 0.789206
2 0 0 1.03258
3 0 0 0.880105

1
1 0 0 0.617825

3
1 3 431 0.928428
2 0 0 0.920373
3 0 0 0.923397

3
1 1 1 0.921162
2 0 0 0.982235
3 0 0 0.813227

3
1 3 3044 0.842621
2 0 0 0.923729
3 0 0 0.838961

3
1 0 2608 0.881815
2 0 0 1.01823
3 0 0 0.846139

5
1 1 2 0.856277
2 0 0 0.873693
3 0 5082 1.01854
6 0 0 1.03005
7 0 0 0.959245

1
1 0 0 0.914588

1
1 0 0 0.993499

3
1 1 1 0.952016
2 0 0 1.03585
3 0 0 0.825696

3
1 1 1 0.916925
2 0 0 0.980593
3 0 0 0.781639

3
1 1 1 0.898749
2 0 0 0.907193
3 0 0 0.73254

1
1 0 0 0.836702

3
1 0 3133 0.903854
2 0 0 0.927242
3 0 0 0.854859

3
1 2 2 0.983661
2 0 0 0.88248
3 0 0 0.902067

1
1 0 0 0.839551

3
1 0 3703 0.867858
2 0 0 0.90918
3 0 0 0.801633

3
1 0 4197 0.931652
2 0 0 1.00748
3 0 0 0.977659

3
1 2 4 0.8308
2 0 0 0.983757
3 0 0 0.914212

7
1 0 3915 0.943181
2 1 2 0.939514
4 3 3900 0.92074
8 0 0 1.09007
9 0 0 0.972016
5 0 0 1.22359
3 0 0 0.865292

3
1 3 5308 0.880856
2 0 0 0.815861
3 0 0 1.07122

3
1 2 4 0.865528
2 0 0 0.84385
3 0 0 1.02905

5
1 2 1 0.810744
2 0 5182 0.802338
4 0 0 1.01075
5 0 0 0.940613
3 0 0 0.944712

3
1 3 2068 0.896237
2 0 0 0.937273
3 0 0 0.947403

3
1 3 1389 0.836541
2 0 0 0.987465
3 0 0 0.80593

1
1 0 0 0.844596

3
1 1 1 0.793007
2 0 0 1.08314
3 0 0 0.842656

3
1 1 1 0.910003
2 0 0 0.910922
3 0 0 0.864495

3
1 1 1 0.899043
2 0 0 1.02458
3 0 0 0.755426

3
1 1 1 0.888847
2 0 0 1.19191
3 0 0 0.888673

1
1 0 0 0.819397

5
1 0 5904 0.921962
2 0 5329 0.978568
4 0 0 0.958615
5 0 0 0.928227
3 0 0 0.81566

3
1 1 1 0.884075
2 0 0 0.978092
3 0 0 0.786788

7
1 1 2 0.829879
2 0 0 0.92032
3 2 3 0.939007
6 3 2842 0.989486
12 0 0 1.01639
13 0 0 1.01394
7 0 0 0.92644

3
1 1 1 0.872208
2 0 0 1.10238
3 0 0 0.821834

1
1 0 0 0.793374

7
1 1 2 0.823023
2 0 0 0.839693
3 3 2435 0.959358
6 0 4602 0.983158
12 0 0 0.98332
13 0 0 1.05583
7 0 0 0.894214

1
1 0 0 0.81996

3
1 1 1 0.854501
2 0 0 1.03812
3 0 0 0.80316

3
1 1 2 0.824747
2 0 0 0.716366
3 0 0 0.90164

1
1 0 0 0.703166

5
1 2 3 0.927737
2 2 1 0.958711
4 0 0 0.952393
5 0 0 0.961698
3 0 0 1.02002

3
1 3 4775 0.854473
2 0 0 0.858371
3 0 0 0.991042

5
1 2 1 0.90339
2 3 792 0.994087
4 0 0 1.10467
5 0 0 0.948375
3 0 0 0.893194

3
1 1 1 0.886769
2 0 0 1.08062
3 0 0 0.821869

5
1 1 1 0.825571
2 0 9253 1.0239
4 0 0 0.96944
5 0 0 1.06228
3 0 0 0.806447

3
1 1 1 0.857522
2 0 0 1.04335
3 0 0 0.814033

3
1 3 1943 0.90149
2 0 0 0.967746
3 0 0 0.983243

5
1 0 705 0.873417
2 0 0 0.940559
3 0 718 0.779083
6 0 0 1.02225
7 0 0 0.808696

3
1 3 352 0.891023
2 0 0 1.0325
3 0 0 0.87181

3
1 3 3533 0.899667
2 0 0 0.893264
3 0 0 0.895846

5
1 1 2 0.971224
2 0 0 0.944522
3 2 4 0.971655
6 0 0 0.940113
7 0 0 0.963528

3
1 3 1975 0.908886
2 0 0 0.963199
3 0 0 0.777854

3
1 0 172 0.864758
2 0 0 1.12531
3 0 0 0.895271

3
1 1 1 0.84119
2 0 0 1.05223
3 0 0 0.846286

3
1 0 1062 0.802705
2 0 0 0.974872
3 0 0 0.816401

1
1 0 0 0.743498

3
1 2 1 0.900977
2 0 0 0.944615
3 0 0 0.852071

7
1 1 1 0.886857
2 3 1647 1.0232
4 0 0 0.981769
5 0 0 1.05726
3 3 250 0.776472
6 0 0 0.975948
7 0 0 0.817085

1
1 0 0 0.856919

1
1 0 0 0.868961

5
1 3 5159 0.936727
2 0 6780 0.91524
4 0 0 0.989581
5 0 0 0.788165
3 0 0 0.884701

3
1 2 3 0.851448
2 0 0 0.849139
3 0 0 0.869462

7
1 1 1 0.848711
2 3 976 0.977064
4 2 4 1.01432
8 0 0 1.01742
9 0 0 1.14106
5 0 0 0.874056
3 0 0 0.793837

1
1 0 0 0.877106

3
1 3 2958 0.82668
2 0 0 0.86495
3 0 0 0.974333

3
1 1 1 0.843763
2 0 0 0.837405
3 0 0 0.696906

3
1 0 4795 0.814088
2 0 0 0.978578
3 0 0 0.773239

3
1 1 1 0.843576
2 0 0 0.973202
3 0 0 0.810846

1
1 0 0 0.778415

1
1 0 0 0.751052

3
1 1 2 0.856742
2 0 0 0.771498
3 0 0 0.8749

3
1 0 933 0.938982
2 0 0 0.938936
3 0 0 0.941776

5
1 1 2 0.932595
2 0 0 0.728842
3 3 3747 0.843783
6 0 0 0.987577
7 0 0 0.930694

3
1 1 1 0.876016
2 0 0 1.07804
3 0 0 0.824424

3
1 3 3105 0.992474
2 0 0 1.04813
3 0 0 0.867418

5
1 1 1 0.83418
2 0 0 1.03773
3 0 6475 0.875154
6 0 0 0.918505
7 0 0 0.989523

7
1 0 3708 0.91315
2 0 0 0.998668
3 2 2 0.932692
6 0 0 0.846806
7 1 2 0.953873
14 0 0 1.05824
15 0 0 1.02157

3
1 1 1 0.99007
2 0 0 1.0261
3 0 0 0.871744

3
1 3 4533 0.856602
2 0 0 0.849639
3 0 0 0.882197

5
1 3 3250 0.943619
2 3 1923 0.946547
4 0 0 1.00595
5 0 0 0.954066
3 0 0 0.794393

3
1 1 1 0.8892
2 0 0 1.07444
3 0 0 0.812141

5
1 2 4 0.887793
2 2 3 0.881084
4 0 0 0.86653
5 0 0 0.8562
3 0 0 0.974878

3
1 2 3 0.803859
2 0 0 0.850261
3 0 0 0.833461

3
1 1 1 0.896361
2 0 0 0.994503
3 0 0 0.858335

1
1 0 0 0.854502

3
1 0 9202 0.861741
2 0 0 0.83749
3 0 0 0.940252

1
1 0 0 0.866618

5
1 0 6866 0.910435
2 0 0 0.859849
3 1 2 1.04198
6 0 0 0.868264
7 0 0 1.03907

3
1 0 8486 0.941134
2 0 0 0.962351
3 0 0 1.00947

3
1 0 928 0.834172
2 0 0 0.970643
3 0 0 0.821128

3
1 1 2 0.94835
2 0 0 0.792277
3 0 0 1.01678

3
1 2 4 0.846076
2 0 0 1.00574
3 0 0 1.01051

3
1 0 1322 0.865507
2 0 0 0.890256
3 0 0 0.781168

3
1 3 2326 0.886425
2 0 0 0.873149
3 0 0 0.974268

3
1 2 3 0.868426
2 0 0 0.785498
3 0 0 0.981097

5
1 1 1 0.783933
2 2 3 0.999437
4 0 0 1.01966
5 0 0 1.00273
3 0 0 0.947412

3
1 1 1 0.79593
2 0 0 1.03886
3 0 0 0.773195

3
1 1 2 0.868067
2 0 0 0.785924
3 0 0 0.983218

3
1 0 5493 0.872664
2 0 0 0.761052
3 0 0 0.840321

3
1 3 100 0.842244
2 0 0 1.01148
3 0 0 0.824736

3
1 0 7609 0.895788
2 0 0 0.898938
3 0 0 0.919316

3
1 0 1224 0.886116
2 0 0 1.00032
3 0 0 0.769236

3
1 3 1072 0.833365
2 0 0 0.863415
3 0 0 0.886126

3
1 1 2 0.818866
2 0 0 0.859915
3 0 0 0.98116

1
1 0 0 0.770948

3
1 1 2 0.856277
2 0 0 0.805297
3 0 0 0.953617

3
1 2 3 0.875962
2 0 0 0.868666
3 0 0 0.830775

5
1 1 1 0.87471
2 0 0 1.07764
3 3 3035 0.878719
6 0 0 1.04467
7 0 0 0.843372

1
1 0 0 0.756262

3
1 0 5168 0.819498
2 0 0 0.902739
3 0 0 0.907439

3
1 0 9784 0.864968
2 0 0 0.90746
3 0 0 1.02214

3
1 1 1 0.808647
2 0 0 0.982577
3 0 0 0.8063

3
1 1 1 1.00225
2 0 0 0.984544
3 0 0 0.674002

3
1 0 1533 0.880432
2 0 0 1.0313
3 0 0 0.856265

5
1 0 7782 0.891443
2 0 0 0.94602
3 1 1 0.953168
6 0 0 0.929347
7 0 0 0.808852

7
1 1 1 0.905198
2 0 0 0.926782
3 1 2 0.891508
6 0 0 0.841044
7 2 1 1.03937
14 0 0 0.980802
15 0 0 1.05369

1
1 0 0 0.868773

3
1 0 86 0.832048
2 0 0 1.02217
3 0 0 0.690416

9
1 0 3915 0.943181
2 0 0 0.931334
3 1 1 0.913879
6 2 4 0.980563
12 0 0 1.06654
13 0 0 0.972602
7 0 4035 0.811994
14 0 0 1.07249
15 0 0 0.932301

3
1 1 1 0.82089
2 0 0 0.909212
3 0 0 0.852088

3
1 3 10 0.946005
2 0 0 0.962585
3 0 0 0.813268

3
1 0 4074 0.902178
2 0 0 0.875179
3 0 0 0.872552

5
1 2 3 0.948733
2 1 2 0.98626
4 0 0 0.99806
5 0 0 0.995007
3 0 0 1.03365

1
1 0 0 0.878702

3
1 2 1 0.94888
2 0 0 0.830763
3 0 0 1.02513

3
1 1 1 0.856969
2 0 0 1.15696
3 0 0 0.782232

5
1 0 7461 0.934963
2 0 2968 0.886843
4 0 0 0.989187
5 0 0 0.886297
3 0 0 0.90457

3
1 1 2 0.857472
2 0 0 0.797634
3 0 0 0.918232

5
1 1 1 0.888847
2 0 0 0.944707
3 2 2 0.872172
6 0 0 1.08648
7 0 0 0.837136

3
1 2 3 0.919439
2 0 0 0.921817
3 0 0 0.907164

5
1 1 2 0.84257
2 0 0 0.904571
3 0 4721 0.9908
6 0 0 1.06776
7 0 0 0.996479

3
1 1 1 0.884075
2 0 0 1.02999
3 0 0 0.775231

3
1 2 3 0.901164
2 0 0 0.816036
3 0 0 0.866125

5
1 1 1 0.865342
2 3 4219 0.899897
4 0 0 0.949896
5 0 0 0.991782
3 0 0 0.849468

7
1 0 6072 0.884735
2 0 0 0.889832
3 0 9500 0.971921
6 0 0 0.816451
7 3 1797 1.02863
14 0 0 1.01788
15 0 0 0.965549

5
1 2 1 0.935811
2 0 0 0.840349
3 2 2 1.02307
6 0 0 0.995095
7 0 0 1.04138

3
1 1 1 0.795008
2 0 0 0.989472
3 0 0 1.05875

3
1 1 1 0.854501
2 0 0 1.02643
3 0 0 0.746458

3
1 3 274 0.85639
2 0 0 1.05889
3 0 0 0.821093

3
1 1 2 0.893295
2 0 0 0.852351
3 0 0 0.944821

3
1 1 1 0.879994
2 0 0 1.08886
3 0 0 0.863354

3
1 1 1 0.8768
2 0 0 0.971662
3 0 0 0.798907

3
1 3 80 0.80129
2 0 0 1.00416
3 0 0 0.799117

3
1 0 9423 0.757965
2 0 0 0.766145
3 0 0 1.05305

3
1 1 2 0.8064
2 0 0 0.848204
3 0 0 0.933931

3
1 1 1 0.865897
2 0 0 0.828808
3 0 0 0.865643

3
1 3 5397 0.732736
2 0 0 0.790463
3 0 0 1.0451

3
1 1 2 0.820702
2 0 0 0.694993
3 0 0 0.972633

3
1 1 1 0.866856
2 0 0 0.965106
3 0 0 0.864124

3
1 0 1432 0.845682
2 0 0 0.95161
3 0 0 0.829752

3
1 1 1 0.904003
2 0 0 0.993735
3 0 0 0.797812

5
1 3 2477 0.906495
2 2 3 0.848046
4 0 0 0.954557
5 0 0 1.09735
3 0 0 0.89499

5
1 2 2 0.891049
2 0 0 0.861477
3 0 6309 0.930362
6 0 0 0.898103
7 0 0 0.937908

5
1 0 3606 0.924938
2 2 2 0.932446
4 0 0 1.0485
5 0 0 0.898404
3 0 0 0.770776

5
1 1 2 1.01745
2 0 0 0.923449
3 3 3781 0.963647
6 0 0 1.04593
7 0 0 1.03235

3
1 2 2 0.872436
2 0 0 0.960478
3 0 0 0.862254

3
1 1 1 0.85893
2 0 0 1.00263
3 0 0 0.723327

3
1 1 1 0.886857
2 0 0 0.994553
3 0 0 0.982236

5
1 0 7282 0.868036
2 1 2 0.93357
4 0 0 1.00173
5 0 0 0.931672
3 0 0 0.969187

5
1 1 1 0.899467
2 0 9800 0.933969
4 0 0 0.898911
5 0 0 1.02762
3 0 0 0.775864

3
1 0 1814 0.825559
2 0 0 0.877495
3 0 0 0.782334

3
1 3 4056 0.87758
2 0 0 0.86434
3 0 0 0.862261

3
1 1 1 0.843665
2 0 0 0.960367
3 0 0 0.767761

3
1 1 2 0.816735
2 0 0 0.765305
3 0 0 0.899808

3
1 1 1 0.832397
2 0 0 0.965734
3 0 0 0.8204

5
1 3 430 0.867026
2 0 0 0.908556
3 2 4 0.85815
6 0 0 0.763244
7 0 0 1.02731

1
1 0 0 0.875365

3
1 0 8929 0.906002
2 0 0 0.992147
3 0 0 0.870446

3
1 2 2 0.848625
2 0 0 0.825267
3 0 0 0.924556

1
1 0 0 0.824374

3
1 1 1 0.920617
2 0 0 1.02513
3 0 0 0.708864

3
1 3 1803 0.8762
2 0 0 0.96281
3 0 0 0.858951

3
1 0 1384 0.870091
2 0 0 0.933963
3 0 0 0.896442

5
1 1 1 0.876016
2 0 2663 1.01807
4 0 0 1.13454
5 0 0 1.00771
3 0 0 0.851624

3
1 0 3100 0.796797
2 0 0 0.935507
3 0 0 0.810326

1
1 0 0 0.739502

3
1 3 3433 0.946743
2 0 0 0.936073
3 0 0 0.855535

3
1 1 1 0.99007
2 0 0 0.850842
3 0 0 0.74633

1
1 0 0 0.711533

3
1 1 1 0.922206
2 0 0 1.03621
3 0 0 0.966208

1
1 0 0 0.806072

3
1 1 1 0.885436
2 0 0 0.987134
3 0 0 0.824155

3
1 0 7522 0.977927
2 0 0 0.984301
3 0 0 0.931811

5
1 2 1 0.959137
2 3 1882 0.9572
4 0 0 1.09644
5 0 0 0.941867
3 0 0 1.00362

3
1 1 1 0.961573
2 0 0 1.05398
3 0 0 0.75611

3
1 0 944 0.841336
2 0 0 0.927319
3 0 0 0.909749

3
1 1 1 0.841552
2 0 0 1.11217
3 0 0 0.815616

5
1 0 6013 0.893647
2 1 2 1.00214
4 0 0 0.913405
5 0 0 1.05527
3 0 0 0.950719

7
1 1 1 1.00431
2 0 124 0.962776
4 0 0 0.971008
5 2 4 0.975501
10 0 0 0.990186
11 0 0 0.991813
3 0 0 0.807037

3
1 1 2 0.887169
2 0 0 0.849052
3 0 0 1.03344

3
1 0 1700 0.933958
2 0 0 1.06448
3 0 0 0.771747

7
1 3 4956 0.951236
2 0 8611 0.954851
4 0 6377 0.973373
8 0 0 1.00306
9 0 0 0.966018
5 0 0 1.08985
3 0 0 1.00476

3
1 3 5136 0.857975
2 0 0 0.865245
3 0 0 1.00909

3
1 3 5263 0.900239
2 0 0 0.80357
3 0 0 0.986558

5
1 1 2 0.877305
2 0 0 0.917112
3 2 2 0.923191
6 0 0 0.994264
7 0 0 0.943159

7
1 0 2770 0.882577
2 3 4925 1.04073
4 0 127 1.08935
8 0 0 1.04901
9 0 0 0.963987
5 0 0 0.954964
3 0 0 0.874519

3
1 1 2 0.937018
2 0 0 0.770069
3 0 0 0.892037

1
1 0 0 0.857609

3
1 1 2 0.909275
2 0 0 0.924908
3 0 0 1.03248

5
1 2 1 0.919114
2 0 2653 0.944398
4 0 0 0.970067
5 0 0 0.88425
3 0 0 0.85309

3
1 1 2 0.964795
2 0 0 0.969451
3 0 0 0.87383

3
1 1 1 0.823413
2 0 0 0.942512
3 0 0 0.797109

3
1 2 3 0.923017
2 0 0 0.925999
3 0 0 0.965203

5
1 1 2 0.865388
2 0 0 0.881837
3 3 2800 0.935119
6 0 0 0.962877
7 0 0 0.969816

3
1 2 4 0.834004
2 0 0 0.885893
3 0 0 0.796262

3
1 0 9609 0.800763
2 0 0 0.737399
3 0 0 1.03007

3
1 1 2 0.752292
2 0 0 0.756711
3 0 0 0.874611

3
1 3 2777 0.928478
2 0 0 0.977825
3 0 0 0.859403

1
1 0 0 0.817539

1
1 0 0 0.86404

1
1 0 0 0.874866

3
1 1 1 0.808647
2 0 0 1.03355
3 0 0 0.704801

3
1 2 4 0.902693
2 0 0 0.955129
3 0 0 0.899723

1
1 0 0 0.69659

5
1 3 4531 0.830279
2 0 0 0.863723
3 0 460 0.797318
6 0 0 0.880819
7 0 0 0.887587

3
1 0 8367 0.855168
2 0 0 0.834044
3 0 0 0.89876

3
1 1 2 0.817162
2 0 0 0.870643
3 0 0 0.973353

3
1 1 2 0.822229
2 0 0 0.868494
3 0 0 0.97528

1
1 0 0 0.744575

7
1 2 3 0.974655
2 0 7582 0.987513
4 0 0 0.971389
5 0 0 0.898782
3 0 4711 1.06593
6 0 0 0.917367
7 0 0 1.01675

3
1 1 1 0.909256
2 0 0 1.02795
3 0 0 0.881271

3
1 0 1895 0.90268
2 0 0 1.00285
3 0 0 0.945938

3
1 0 3856 0.865772
2 0 0 0.880222
3 0 0 0.829772

3
1 2 3 0.893112
2 0 0 0.99379
3 0 0 0.9242

1
1 0 0 0.814833

3
1 0 767 0.880853
2 0 0 1.03434
3 0 0 0.796859

1
1 0 0 0.869224

1
1 0 0 0.820098

5
1 3 1732 0.894701
2 1 2 0.924103
4 0 0 0.980909
5 0 0 1.11012
3 0 0 0.906874

5
1 1 1 0.880983
2 2 4 1.01341
4 0 0 1.12907
5 0 0 1.0958
3 0 0 0.8917

5
1 1 2 0.84257
2 2 2 0.843101
4 0 0 0.880623
5 0 0 0.857829
3 0 0 1.0819

3
1 0 2364 0.928049
2 0 0 1.02477
3 0 0 0.872641

3
1 3 5043 0.95462
2 0 0 0.899937
3 0 0 0.983593

3
1 2 2 0.864945
2 0 0 0.886981
3 0 0 0.875797

9
1 1 2 0.922576
2 2 4 0.922596
4 0 0 0.887421
5 3 4722 0.940812
10 0 0 1.07511
11 0 0 0.905618
3 3 2947 1.01846
6 0 0 1.02945
7 0 0 0.99618

1
1 0 0 0.827922

5
1 1 1 0.795008
2 0 0 1.04772
3 0 2293 0.779263
6 0 0 0.956638
7 0 0 0.789088

3
1 1 2 0.852058
2 0 0 0.825355
3 0 0 0.976508

3
1 0 267 0.912708
2 0 0 1.01511
3 0 0 0.819181

7
1 1 1 0.873787
2 0 0 0.99278
3 0 9621 0.875436
6 0 0 0.96638
7 3 4786 0.963097
14 0 0 1.05539
15 0 0 1.05237

7
1 3 3779 0.929542
2 2 2 1.00998
4 3 3232 0.915859
8 0 0 0.848375
9 0 0 1.01777
5 0 0 0.951091
3 0 0 0.943498

9
1 3 3722 1.00346
2 0 0 0.985804
3 2 3 0.928457
6 0 7621 1.02069
12 0 0 0.939378
13 0 0 1.02759
7 2 4 0.86778
14 0 0 0.869324
15 0 0 0.975047

5
1 3 177 0.919262
2 0 6073 1.04235
4 0 0 1.0867
5 0 0 0.896675
3 0 0 0.752131

3
1 3 4462 1.01134
2 0 0 0.944964
3 0 0 0.819963

3
1 1 1 0.815668
2 0 0 1.00424
3 0 0 0.836164

5
1 1 1 0.805834
2 0 0 1.17592
3 0 1229 0.916809
6 0 0 0.966213
7 0 0 0.87703

3
1 2 1 0.774933
2 0 0 0.871574
3 0 0 0.826254

3
1 0 14 0.758892
2 0 0 0.949953
3 0 0 0.774855

1
1 0 0 0.790076

3
1 3 1984 0.867091
2 0 0 0.910379
3 0 0 0.828707

1
1 0 0 0.764613

5
1 1 2 0.826566
2 1 1 0.899797
4 0 0 1.00062
5 0 0 0.825252
3 0 0 0.974571

1
1 0 0 0.876031

1
1 0 0 0.724868

3
1 3 4785 0.884385
2 0 0 0.884812
3 0 0 0.890116

3
1 2 1 0.986837
2 0 0 1.00043
3 0 0 0.934516

5
1 2 4 0.816213
2 0 0 0.774517
3 1 2 0.922007
6 0 0 0.973021
7 0 0 1.11722

3
1 1 1 0.886857
2 0 0 0.970369
3 0 0 0.849919

3
1 1 1 0.881896
2 0 0 0.976461
3 0 0 0.778834

5
1 0 7882 0.942335
2 1 1 0.919247
4 0 0 1.09222
5 0 0 0.882515
3 0 0 0.770974

3
1 2 3 0.919431
2 0 0 0.958302
3 0 0 0.964749

3
1 0 966 0.859568
2 0 0 1.00436
3 0 0 0.844537

3
1 2 4 0.882248
2 0 0 0.89539
3 0 0 0.793308

1
1 0 0 0.966672

1
1 0 0 0.853663

1
1 0 0 0.781955

3
1 2 1 0.883634
2 0 0 0.904635
3 0 0 0.967743

3
1 1 1 0.847219
2 0 0 1.14164
3 0 0 0.834469

3
1 0 421 0.80853
2 0 0 0.854197
3 0 0 0.771617

5
1 2 1 0.946696
2 0 0 0.990806
3 3 146 1.01382
6 0 0 1.02292
7 0 0 0.969377

3
1 1 1 0.806673
2 0 0 0.99459
3 0 0 0.763393

5
1 1 1 0.880802
2 3 1654 0.91465
4 0 0 0.930288
5 0 0 0.976544
3 0 0 0.777258

5
1 3 56 0.881007
2 0 0 0.927175
3 3 3024 0.890092
6 0 0 0.876194
7 0 0 0.778775

3
1 1 1 0.833381
2 0 0 1.0172
3 0 0 0.84503

1
1 0 0 0.763473

3
1 0 8670 0.814517
2 0 0 0.877131
3 0 0 1.02327

3
1 1 1 0.868255
2 0 0 1.02995
3 0 0 0.779291

3
1 1 1 0.99007
2 0 0 1.02433
3 0 0 0.828268

3
1 0 446 0.69754
2 0 0 1.03361
3 0 0 0.781191

5
1 1 1 0.874983
2 0 4391 1.02181
4 0 0 0.894647
5 0 0 0.930589
3 0 0 0.860747

3
1 1 1 0.891596
2 0 0 0.94605
3 0 0 0.825227

1
1 0 0 0.821982

1
1 0 0 0.769561

1
1 0 0 0.890792

5
1 2 1 0.78223
2 3 1467 0.871181
4 0 0 1.00005
5 0 0 0.915409
3 0 0 0.76435

3
1 3 1320 0.806095
2 0 0 0.905218
3 0 0 0.855498

3
1 0 2690 0.906207
2 0 0 1.15454
3 0 0 0.962451

9
1 2 1 0.870973
2 0 3721 0.957951
4 0 0 0.947047
5 3 465 0.924574
10 0 0 0.947207
11 0 5815 0.908667
22 0 0 0.977771
23 0 0 0.859106
3 0 0 0.836685

3
1 0 4093 0.95082
2 0 0 0.996062
3 0 0 0.945452

3
1 3 5223 0.867328
2 0 0 0.848674
3 0 0 0.932983

3
1 2 2 0.947239
2 0 0 0.87721
3 0 0 0.981742

3
1 1 1 0.925622
2 0 0 0.924917
3 0 0 0.770187

5
1 1 1 0.861812
2 3 238 1.02826
4 0 0 1.04171
5 0 0 1.06639
3 0 0 0.794602

3
1 3 1263 0.957191
2 0 0 1.02925
3 0 0 0.970628

3
1 2 3 0.872315
2 0 0 0.782846
3 0 0 0.882838

3
1 3 2678 0.918953
2 0 0 1.07317
3 0 0 0.87337

3
1 1 2 0.898279
2 0 0 0.930028
3 0 0 0.937376

3
1 1 1 0.89742
2 0 0 0.911402
3 0 0 0.841928

3
1 0 9546 0.877512
2 0 0 0.859707
3 0 0 0.907952

5
1 2 2 0.969703
2 0 0 0.922853
3 2 4 0.947317
6 0 0 0.960671
7 0 0 1.00052

5
1 0 5027 0.81958
2 0 0 1.05831
3 2 3 0.919561
6 0 0 1.04732
7 0 0 0.956561

3
1 1 1 0.917181
2 0 0 1.08326
3 0 0 0.72788

1
1 0 0 0.76411

3
1 1 2 0.955844
2 0 0 0.88217
3 0 0 0.957468

3
1 0 659 0.921632
2 0 0 0.858591
3 0 0 0.881778

3
1 1 2 0.830936
2 0 0 0.836292
3 0 0 0.9051

5
1 1 1 0.898576
2 3 2919 1.03603
4 0 0 1.09003
5 0 0 1.01026
3 0 0 0.860757

3
1 1 2 0.854903
2 0 0 0.867653
3 0 0 0.950944

1
1 0 0 0.915042

5
1 0 3193 0.865123
2 0 0 0.923181
3 0 3542 0.831003
6 0 0 1.03696
7 0 0 0.860921

3
1 1 1 0.806972
2 0 0 1.15188
3 0 0 0.740851

5
1 0 3060 0.863821
2 3 3523 0.89554
4 0 0 0.819512
5 0 0 0.910684
3 0 0 0.904278

1
1 0 0 0.689502

3
1 1 2 0.717358
2 0 0 0.769127
3 0 0 1.08683

1
1 0 0 0.761126

3
1 1 1 0.882716
2 0 0 0.969221
3 0 0 0.855053

3
1 1 1 0.808827
2 0 0 0.837451
3 0 0 0.901966

5
1 2 1 0.88042
2 0 3385 0.890607
4 0 0 0.982361
5 0 0 0.929245
3 0 0 0.898239

3
1 1 1 0.884477
2 0 0 0.939316
3 0 0 0.69868

3
1 2 3 0.880868
2 0 0 0.842842
3 0 0 0.95085

5
1 1 2 0.904382
2 0 0 0.793692
3 3 1471 0.973649
6 0 0 1.00663
7 0 0 1.02047

3
1 1 2 0.88975
2 0 0 0.959347
3 0 0 0.851068

5
1 1 1 0.818319
2 0 0 0.983637
3 1 2 0.888223
6 0 0 0.782331
7 0 0 1.08679

1
1 0 0 0.675549

3
1 3 796 0.941109
2 0 0 0.873664
3 0 0 0.899411

5
1 1 2 0.946219
2 0 0 0.857124
3 0 3504 0.89081
6 0 0 0.953886
7 0 0 0.889132

5
1 3 5321 0.92349
2 0 0 0.878545
3 1 1 0.994636
6 0 0 1.05116
7 0 0 0.842358

7
1 0 776 0.844257
2 0 0 0.992768
3 0 2238 0.91651
6 0 0 0.925138
7 0 4303 0.903778
14 0 0 1.1099
15 0 0 0.85251

5
1 0 848 0.734356
2 3 3054 0.990163
4 0 0 1.00983
5 0 0 1.03758
3 0 0 0.836293

3
1 3 4760 0.836799
2 0 0 0.873338
3 0 0 0.919388

5
1 1 2 0.84257
2 0 0 0.918785
3 0 623 1.01672
6 0 0 1.00054
7 0 0 0.967969

3
1 1 2 0.922104
2 0 0 0.778818
3 0 0 1.02829

3
1 3 5286 0.93773
2 0 0 0.883408
3 0 0 1.03341

1
1 0 0 0.761277

3
1 1 2 0.922576
2 0 0 0.80425
3 0 0 1.01201

3
1 0 1416 0.82341
2 0 0 1.10018
3 0 0 0.884593

3
1 0 1646 0.892723
2 0 0 0.932802
3 0 0 0.918055

3
1 3 4048 0.85859
2 0 0 0.811749
3 0 0 1.01785

1
1 0 0 0.860556

1
1 0 0 0.902728

1
1 0 0 0.787365

3
1 1 2 0.904501
2 0 0 0.92074
3 0 0 0.940616

3
1 1 2 0.868461
2 0 0 0.841186
3 0 0 0.977748

5
1 1 1 0.82494
2 0 2086 1.00516
4 0 0 0.95953
5 0 0 1.08642
3 0 0 0.938209

1
1 0 0 0.906691

3
1 0 170 0.813192
2 0 0 0.993423
3 0 0 0.779709

5
1 3 4123 0.889415
2 0 0 0.939528
3 0 4710 0.927507
6 0 0 0.957279
7 0 0 0.929248

5
1 1 2 0.970295
2 0 0 0.912416
3 3 2450 0.918145
6 0 0 0.835026
7 0 0 0.924971

7
1 0 363 0.862097
2 0 51 1.05894
4 0 0 0.934299
5 0 0 0.910544
3 1 1 0.89415
6 0 0 0.990866
7 0 0 0.82695

3
1 1 1 0.791758
2 0 0 0.972816
3 0 0 0.874715

3
1 3 2367 0.877966
2 0 0 0.978008
3 0 0 0.857992

5
1 1 2 0.826566
2 3 162 0.836316
4 0 0 1.02424
5 0 0 0.863473
3 0 0 0.971927

5
1 0 415 0.76486
2 0 375 0.963155
4 0 0 0.991495
5 0 0 1.03036
3 0 0 0.705945

3
1 1 2 0.790104
2 0 0 0.787676
3 0 0 0.964246

3
1 3 2449 0.834576
2 0 0 0.981491
3 0 0 0.885878

3
1 3 3628 0.802384
2 0 0 0.908988
3 0 0 0.77806

3
1 1 1 0.821475
2 0 0 0.957195
3 0 0 0.744605

3
1 1 1 0.886857
2 0 0 0.96606
3 0 0 0.843572

3
1 2 4 0.819216
2 0 0 0.802022
3 0 0 0.977685

7
1 0 3429 0.896913
2 3 963 1.05512
4 0 0 0.861441
5 0 0 0.964067
3 0 8057 0.926196
6 0 0 0.97073
7 0 0 1.00761

1
1 0 0 0.906701

5
1 0 130 0.79826
2 2 1 1.00435
4 0 0 0.952377
5 0 0 1.0832
3 0 0 0.692269

5
1 0 564 0.922231
2 3 2339 1.04255
4 0 0 0.990642
5 0 0 0.983712
3 0 0 0.884806

3
1 1 1 0.888277
2 0 0 0.942394
3 0 0 0.798539

5
1 3 2081 0.950115
2 0 0 1.06451
3 3 5197 0.963616
6 0 0 0.927216
7 0 0 1.03037

1
1 0 0 0.86541

1
1 0 0 0.841658

3
1 1 2 0.794118
2 0 0 0.808013
3 0 0 0.950541

3
1 1 1 0.885533
2 0 0 0.950414
3 0 0 0.834858

1
1 0 0 0.789224

3
1 2 2 0.88632
2 0 0 0.95616
3 0 0 0.957955

3
1 1 1 0.880802
2 0 0 0.994055
3 0 0 0.76148

3
1 1 1 0.785349
2 0 0 1.00894
3 0 0 0.768301

5
1 1 1 0.833381
2 0 0 1.03542
3 1 2 0.912422
6 0 0 0.827499
7 0 0 0.996959

3
1 1 1 0.883157
2 0 0 1.13763
3 0 0 0.90137

1
1 0 0 0.813886

1
1 0 0 0.944681

3
1 1 1 0.99007
2 0 0 1.13159
3 0 0 0.735124

5
1 1 2 0.861548
2 0 0 0.819029
3 0 5198 0.999915
6 0 0 1.02753
7 0 0 1.0235

1
1 0 0 0.82937

3
1 1 2 0.902551
2 0 0 0.864405
3 0 0 0.895571

3
1 1 1 0.809303
2 0 0 1.12589
3 0 0 0.785476

1
1 0 0 0.767394

3
1 1 1 0.842033
2 0 0 0.881764
3 0 0 0.821279

5
1 3 3844 0.91915
2 3 3624 0.896593
4 0 0 0.839515
5 0 0 1.04199
3 0 0 0.914998

1
1 0 0 0.86168

3
1 0 606 0.762677
2 0 0 1.02502
3 0 0 0.698051

3
1 2 3 0.830093
2 0 0 0.959213
3 0 0 0.887864

1
1 0 0 0.842021

1
1 0 0 0.840445

3
1 3 1326 0.866506
2 0 0 1.03064
3 0 0 0.93826

3
1 2 4 0.877075
2 0 0 0.808148
3 0 0 0.948705

3
1 0 2306 0.86469
2 0 0 1.06358
3 0 0 0.924918

3
1 0 2148 0.904463
2 0 0 0.972639
3 0 0 0.939489

3
1 0 2082 0.927416
2 0 0 0.982774
3 0 0 0.904846

5
1 0 4475 0.85372
2 0 3843 0.957153
4 0 0 1.03223
5 0 0 0.990888
3 0 0 0.852803

1
1 0 0 0.756193

3
1 1 1 0.89742
2 0 0 1.03635
3 0 0 0.859502

3
1 1 1 0.876527
2 0 0 0.866454
3 0 0 0.813249

7
1 0 7148 0.920455
2 0 0 0.979894
3 2 2 0.912452
6 3 2777 0.998456
12 0 0 0.976615
13 0 0 0.992245
7 0 0 0.967266

1
1 0 0 0.857523

3
1 1 1 0.917181
2 0 0 0.970939
3 0 0 0.77886

7
1 1 2 0.903592
2 0 0 0.953377
3 2 2 0.85615
6 0 0 0.867635
7 3 2543 1.00945
14 0 0 0.99588
15 0 0 1.02157

3
1 1 1 0.89632
2 0 0 0.973477
3 0 0 0.853524

5
1 1 1 0.889773
2 0 0 0.981948
3 1 2 0.854554
6 0 0 0.858966
7 0 0 1.10316

3
1 1 1 0.854473
2 0 0 0.944434
3 0 0 0.750438

3
1 0 1960 0.831217
2 0 0 0.972822
3 0 0 0.83968

5
1 0 4139 0.877647
2 0 2557 1.0416
4 0 0 0.965697
5 0 0 0.965386
3 0 0 0.899815

5
1 0 301 0.795788
2 2 4 0.986947
4 0 0 1.11494
5 0 0 0.977166
3 0 0 0.875864

3
1 0 16 0.889778
2 0 0 0.920605
3 0 0 0.726657

5
1 3 1847 0.990821
2 3 178 1.01101
4 0 0 1.03453
5 0 0 0.997253
3 0 0 0.87452

11
1 3 3544 0.907732
2 3 1369 0.978145
4 0 7213 0.995481
8 0 0 0.983368
9 0 0 1.0486
5 3 3083 1.07138
10 0 0 1.05077
11 3 3451 0.972706
22 0 0 0.942199
23 0 0 1.04867
3 0 0 0.886567

3
1 3 5252 0.914404
2 0 0 0.90095
3 0 0 0.835248

3
1 0 3663 0.882478
2 0 0 0.876993
3 0 0 0.822252

5
1 3 233 0.77337
2 0 0 1.09404
3 3 811 0.827837
6 0 0 1.03709
7 0 0 0.833022

3
1 0 8649 0.910225
2 0 0 0.93189
3 0 0 0.898588

3
1 2 4 0.85714
2 0 0 0.905634
3 0 0 0.919287

3
1 3 1573 0.774836
2 0 0 0.900202
3 0 0 0.820118

3
1 1 1 0.848846
2 0 0 1.02355
3 0 0 0.667753

3
1 1 1 0.888832
2 0 0 1.0519
3 0 0 0.788857

1
1 0 0 0.796001

3
1 3 7 0.81597
2 0 0 0.880161
3 0 0 0.818511

5
1 1 1 0.885223
2 0 2319 1.01684
4 0 0 1.04985
5 0 0 0.964614
3 0 0 0.749767

5
1 1 1 0.951032
2 0 0 1.00045
3 1 2 0.954932
6 0 0 0.924488
7 0 0 0.974759

3
1 0 9808 0.862936
2 0 0 0.830192
3 0 0 1.0938

3
1 2 4 0.803867
2 0 0 0.936869
3 0 0 0.969796

3
1 0 395 0.82257
2 0 0 0.82502
3 0 0 0.755033

3
1 0 4726 0.873858
2 0 0 0.875791
3 0 0 0.902871

1
1 0 0 0.814821

5
1 3 2778 0.90946
2 0 0 0.919316
3 2 4 0.848506
6 0 0 0.864852
7 0 0 0.910373

7
1 1 1 0.951931
2 2 4 1.09567
4 0 0 1.08099
5 0 0 0.993652
3 0 359 0.834841
6 0 0 0.918145
7 0 0 0.801012

3
1 2 1 0.903409
2 0 0 1.01021
3 0 0 0.820225

3
1 0 2695 0.986613
2 0 0 1.00432
3 0 0 0.963906

3
1 2 3 0.976102
2 0 0 0.875642
3 0 0 0.963179

3
1 2 3 0.944371
2 0 0 0.930534
3 0 0 1.02496

1
1 0 0 0.800181

3
1 2 3 0.814661
2 0 0 0.888375
3 0 0 0.820623

3
1 3 356 0.857637
2 0 0 1.00054
3 0 0 0.765785

5
1 0 833 0.881149
2 0 0 0.916648
3 1 1 0.936906
6 0 0 1.15242
7 0 0 0.792353

3
1 2 3 0.88948
2 0 0 0.925367
3 0 0 0.993349

3
1 1 1 0.8306
2 0 0 1.06833
3 0 0 0.827789

1
1 0 0 0.875526

5
1 3 5341 0.829753
2 0 8321 0.868218
4 0 0 0.860466
5 0 0 0.866438
3 0 0 1.03813

1
1 0 0 0.753129

1
1 0 0 0.899393

7
1 3 1480 0.818839
2 3 1230 1.01692
4 1 1 1.00355
8 0 0 0.97387
9 0 0 1.01831
5 0 0 0.882875
3 0 0 0.798463

5
1 3 1790 0.854303
2 2 4 0.985933
4 0 0 1.02312
5 0 0 0.882428
3 0 0 0.853765

3
1 1 2 0.937535
2 0 0 0.763233
3 0 0 0.934503

3
1 0 2589 0.891582
2 0 0 0.91143
3 0 0 0.906117

3
1 3 4085 0.975854
2 0 0 0.945393
3 0 0 0.810942

3
1 1 2 0.895299
2 0 0 0.835159
3 0 0 1.15161

3
1 1 2 0.910999
2 0 0 0.895174
3 0 0 1.10665

5
1 1 1 0.855326
2 2 3 0.985866
4 0 0 1.02452
5 0 0 0.980308
3 0 0 0.785873

3
1 3 577 0.849375
2 0 0 0.905305
3 0 0 0.860065

7
1 1 1 0.889476
2 0 0 0.872485
3 1 2 0.910652
6 0 0 0.899885
7 3 2745 1.01528
14 0 0 1.01492
15 0 0 0.98561

5
1 1 2 0.912428
2 0 0 0.850801
3 0 2651 0.923254
6 0 0 1.08388
7 0 0 0.905697

1
1 0 0 0.83579

3
1 2 4 0.882154
2 0 0 0.943843
3 0 0 0.86219

3
1 2 1 0.869389
2 0 0 0.924629
3 0 0 0.870948

3
1 0 7594 0.824198
2 0 0 0.859053
3 0 0 0.784747

3
1 2 4 0.898253
2 0 0 0.917559
3 0 0 0.969377

3
1 1 1 0.954944
2 0 0 0.964781
3 0 0 0.922285

1
1 0 0 0.794837

1
1 0 0 0.84125

5
1 2 1 0.807537
2 0 8034 0.935448
4 0 0 0.912718
5 0 0 0.933571
3 0 0 0.81497

3
1 3 4607 0.835629
2 0 0 0.824298
3 0 0 0.911492

5
1 2 4 0.857682
2 0 0 0.923812
3 0 9695 1.00676
6 0 0 1.04007
7 0 0 0.965746

7
1 3 610 0.854449
2 3 47 0.943689
4 0 0 0.990814
5 3 183 0.877242
10 0 0 0.975264
11 0 0 0.979935
3 0 0 0.850558

3
1 1 1 0.885533
2 0 0 1.00098
3 0 0 0.770126

1
1 0 0 0.865473

3
1 0 3569 0.856614
2 0 0 0.933091
3 0 0 1.01153

1
1 0 0 0.7221

3
1 1 1 0.878658
2 0 0 1.17951
3 0 0 0.716177

3
1 1 2 0.886995
2 0 0 0.823169
3 0 0 0.861106

1
1 0 0 0.811688

3
1 3 94 0.940448
2 0 0 0.978928
3 0 0 0.885085

7
1 0 380 0.879368
2 3 2110 0.980527
4 0 0 0.982111
5 0 227 1.09208
10 0 0 0.964278
11 0 0 0.922981
3 0 0 0.963127

3
1 3 60 0.84703
2 0 0 0.90505
3 0 0 0.839791

3
1 0 9640 0.860511
2 0 0 0.817574
3 0 0 1.09644

7
1 3 5066 0.860525
2 1 1 0.916673
4 0 0 1.07395
5 0 0 0.838714
3 1 1 1.05714
6 0 0 1.0721
7 0 0 0.9328

3
1 0 142 0.913529
2 0 0 0.963594
3 0 0 0.851277

3
1 0 4053 0.921977
2 0 0 0.863426
3 0 0 0.876734

3
1 1 1 0.767394
2 0 0 1.07851
3 0 0 0.839739

3
1 1 2 0.879908
2 0 0 0.870971
3 0 0 0.999199

5
1 3 170 0.856547
2 0 0 1.02264
3 3 4778 0.892151
6 0 0 0.868939
7 0 0 0.962701

3
1 1 2 0.91655
2 0 0 0.918498
3 0 0 0.938672

3
1 1 1 0.877876
2 0 0 1.05495
3 0 0 0.723828

1
1 0 0 0.780188

3
1 1 1 0.959587
2 0 0 1.06813
3 0 0 0.805929

3
1 1 1 0.859352
2 0 0 0.986173
3 0 0 0.7896

1
1 0 0 0.718914

1
1 0 0 0.744103

3
1 0 2467 0.830425
2 0 0 0.921225
3 0 0 0.871676

1
1 0 0 0.816484

7
1 1 2 0.887538
2 0 0 0.852698
3 2 4 0.965539
6 3 408 0.960472
12 0 0 0.887513
13 0 0 0.972371
7 0 0 1.02727

1
1 0 0 0.888525

3
1 0 3686 1.00619
2 0 0 1.04714
3 0 0 0.826236

3
1 1 1 0.89742
2 0 0 1.00115
3 0 0 0.834818

5
1 3 779 0.97175
2 0 0 0.919821
3 3 3735 0.973909
6 0 0 0.984441
7 0 0 0.960977

3
1 1 1 0.878136
2 0 0 1.16586
3 0 0 0.833532

7
1 1 1 0.88627
2 0 5255 1.07363
4 0 0 0.929969
5 0 0 1.05154
3 3 5357 0.963596
6 0 0 0.892618
7 0 0 1.1965

3
1 0 6021 0.959535
2 0 0 1.00665
3 0 0 1.01843

3
1 1 2 0.903592
2 0 0 0.81334
3 0 0 0.936061

1
1 0 0 0.832172

3
1 1 1 0.889773
2 0 0 0.965012
3 0 0 0.785567

7
1 2 1 0.951588
2 0 0 0.928258
3 2 2 1.02026
6 0 0 1.09371
7 2 4 1.02825
14 0 0 1.05617
15 0 0 1.11409

3
1 1 1 0.837972
2 0 0 1.03571
3 0 0 0.852834

3
1 2 2 0.848159
2 0 0 0.811449
3 0 0 0.829737

7
1 1 2 0.846269
2 0 0 0.883194
3 2 4 1.07059
6 0 0 1.04984
7 3 5296 1.06345
14 0 0 1.19098
15 0 0 1.04318

3
1 2 4 0.874451
2 0 0 0.878787
3 0 0 0.931596

5
1 0 536 0.869788
2 3 1796 1.05465
4 0 0 0.853327
5 0 0 1.03786
3 0 0 0.78914

3
1 1 1 0.945777
2 0 0 0.922219
3 0 0 0.827331

3
1 1 1 0.893652
2 0 0 1.04221
3 0 0 0.900283

5
1 0 1002 0.827361
2 2 4 0.925551
4 0 0 0.974318
5 0 0 1.02102
3 0 0 0.714254

3
1 2 3 0.877573
2 0 0 0.839657
3 0 0 0.978732

3
1 0 1311 0.915023
2 0 0 1.03117
3 0 0 0.891668

3
1 1 1 0.807498
2 0 0 0.965119
3 0 0 0.813637

5
1 0 2724 0.860389
2 3 705 0.906814
4 0 0 0.933553
5 0 0 0.909722
3 0 0 0.86113

3
1 2 4 0.924629
2 0 0 0.920796
3 0 0 0.948374

3
1 3 2896 0.954666
2 0 0 1.11573
3 0 0 0.880196

5
1 1 1 0.828442
2 3 1386 0.886496
4 0 0 0.933025
5 0 0 0.959004
3 0 0 0.780737

3
1 1 2 0.801686
2 0 0 0.899999
3 0 0 1.07593

5
1 2 3 0.907901
2 0 0 0.874855
3 0 7173 0.936083
6 0 0 0.901095
7 0 0 0.83885

1
1 0 0 0.780501

3
1 1 1 0.870402
2 0 0 0.958704
3 0 0 0.771937

1
1 0 0 0.730413

5
1 3 15 0.911636
2 0 0 1.00622
3 1 2 0.899041
6 0 0 0.816071
7 0 0 1.05243

5
1 3 68 0.809858
2 1 2 0.986556
4 0 0 0.979246
5 0 0 1.13859
3 0 0 0.81751

3
1 0 3928 0.828221
2 0 0 0.99019
3 0 0 0.837912

1
1 0 0 0.727239

1
1 0 0 0.687109

1
1 0 0 0.789679

3
1 0 7814 0.90179
2 0 0 0.93781
3 0 0 0.930021

5
1 0 7344 0.874715
2 0 0 0.909787
3 2 1 0.804963
6 0 0 0.930537
7 0 0 0.854566

5
1 1 2 0.881568
2 0 0 0.890286
3 3 2187 1.05619
6 0 0 1.00259
7 0 0 1.02401

1
1 0 0 0.843285

5
1 3 1504 0.861901
2 0 8715 0.904331
4 0 0 0.983755
5 0 0 0.970182
3 0 0 0.884082

3
1 0 272 0.83802
2 0 0 0.891443
3 0 0 0.765531

3
1 0 9860 0.852059
2 0 0 0.793364
3 0 0 0.93703

3
1 3 951 0.772682
2 0 0 0.81854
3 0 0 0.802471

5
1 1 1 0.841992
2 2 2 0.998429
4 0 0 1.08573
5 0 0 0.949953
3 0 0 0.752271

3
1 1 1 0.904638
2 0 0 0.967062
3 0 0 0.895945

3
1 0 4848 0.902343
2 0 0 0.947138
3 0 0 0.895664

1
1 0 0 0.949327

3
1 2 1 0.886383
2 0 0 0.917782
3 0 0 0.868611

3
1 3 2557 0.811044
2 0 0 0.935464
3 0 0 0.905566

1
1 0 0 0.861305

3
1 3 185 0.747293
2 0 0 1.08324
3 0 0 0.745146

5
1 0 2537 0.881204
2 3 4560 1.09161
4 0 0 1.11406
5 0 0 1.1816
3 0 0 0.795918

3
1 1 2 0.892227
2 0 0 0.762168
3 0 0 1.01534

3
1 0 865 0.805431
2 0 0 0.968669
3 0 0 0.909543

3
1 0 1457 0.836827
2 0 0 0.894932
3 0 0 0.855263

1
1 0 0 0.785347

9
1 1 2 0.931267
2 0 0 0.84606
3 3 2775 0.981764
6 2 4 0.944995
12 2 2 1.05483
24 0 0 0.937364
25 0 0 1.04737
13 0 0 1.06138
7 0 0 1.00771

3
1 3 589 0.878297
2 0 0 0.905316
3 0 0 0.85797

1
1 0 0 0.980132

1
1 0 0 0.816825

5
1 2 2 0.887697
2 0 0 0.934862
3 1 2 0.879949
6 0 0 0.89838
7 0 0 0.974875

3
1 1 1 0.842698
2 0 0 1.08034
3 0 0 0.818242

5
1 1 2 0.925234
2 0 0 0.947616
3 0 5699 0.951322
6 0 0 1.03557
7 0 0 0.956784

3
1 1 1 0.926244
2 0 0 1.04054
3 0 0 0.86725

3
1 1 1 0.8138
2 0 0 1.11741
3 0 0 0.7594

5
1 1 2 0.926277
2 0 6125 0.877816
4 0 0 1.00435
5 0 0 0.860728
3 0 0 1.05293

3
1 0 2581 0.89438
2 0 0 0.929383
3 0 0 0.833681

5
1 2 1 0.981781
2 0 0 0.970921
3 3 667 0.969067
6 0 0 1.00336
7 0 0 0.949817

3
1 0 3414 0.963423
2 0 0 0.922996
3 0 0 0.966552

3
1 1 1 0.795453
2 0 0 0.94071
3 0 0 0.792948

5
1 0 493 0.832559
2 0 0 1.04179
3 1 2 0.857156
6 0 0 0.856431
7 0 0 0.982478

3
1 1 2 0.83708
2 0 0 0.831595
3 0 0 0.915413

3
1 1 1 0.872462
2 0 0 0.882656
3 0 0 0.859236

3
1 1 2 0.897519
2 0 0 0.750882
3 0 0 0.874255

5
1 3 57 0.966053
2 1 1 0.899274
4 0 0 1.04926
5 0 0 0.864734
3 0 0 0.811238

1
1 0 0 0.798175

5
1 3 431 0.908809
2 1 2 0.889273
4 0 0 0.895688
5 0 0 0.998338
3 0 0 0.918504

1
1 0 0 0.713365

1
1 0 0 0.879489

3
1 3 1313 0.951677
2 0 0 0.958792
3 0 0 0.846806

5
1 1 2 0.842186
2 0 0 0.911558
3 0 8191 1.02974
6 0 0 1.125
7 0 0 1.10895

1
1 0 0 0.836486

5
1 1 1 0.833905
2 2 1 0.953343
4 0 0 1.04371
5 0 0 1.0375
3 0 0 0.796096

1
1 0 0 0.808873

3
1 3 5107 0.837997
2 0 0 0.891468
3 0 0 0.926704

3
1 1 1 0.767394
2 0 0 0.983309
3 0 0 0.80357

3
1 1 1 0.88985
2 0 0 0.990752
3 0 0 0.834305

5
1 0 739 0.878514
2 0 0 1.04024
3 3 652 0.892804
6 0 0 0.98841
7 0 0 0.888952

1
1 0 0 0.806678

3
1 1 2 0.888186
2 0 0 0.869755
3 0 0 0.949169

3
1 2 1 0.888503
2 0 0 0.987694
3 0 0 0.883134

3
1 2 1 0.827849
2 0 0 0.907405
3 0 0 0.838558

5
1 2 3 0.775784
2 1 2 0.825506
4 0 0 0.871529
5 0 0 0.938494
3 0 0 0.978584

1
1 0 0 0.719335

3
1 1 2 0.869762
2 0 0 0.827521
3 0 0 0.93306

3
1 1 1 0.894842
2 0 0 0.893561
3 0 0 0.968933

5
1 1 1 0.857804
2 0 0 1.11098
3 3 3404 0.926347
6 0 0 0.936006
7 0 0 0.847167

3
1 0 894 0.740774
2 0 0 1.00524
3 0 0 0.66026

1
1 0 0 0.765418

5
1 1 1 0.890551
2 0 9474 0.910245
4 0 0 0.956903
5 0 0 0.893434
3 0 0 0.761271

5
1 1 1 0.89742
2 3 310 0.963518
4 0 0 1.03682
5 0 0 0.954285
3 0 0 0.812877

5
1 3 4410 0.942366
2 0 0 0.964384
3 2 4 0.879964
6 0 0 0.997616
7 0 0 1.00375

3
1 1 1 0.846684
2 0 0 0.993919
3 0 0 0.749622

3
1 1 1 0.88627
2 0 0 0.995026
3 0 0 0.964117

3
1 3 193 0.851851
2 0 0 0.929721
3 0 0 0.891372

3
1 1 2 0.868572
2 0 0 0.843051
3 0 0 0.942113

3
1 1 1 0.888278
2 0 0 0.976717
3 0 0 0.796298

3
1 0 183 0.898718
2 0 0 0.911597
3 0 0 0.814055

3
1 0 9845 0.959144
2 0 0 0.816745
3 0 0 0.885524

3
1 1 1 0.837972
2 0 0 1.16437
3 0 0 0.827491

5
1 2 1 0.920126
2 0 0 0.978303
3 1 1 0.949658
6 0 0 1.06957
7 0 0 0.888645

5
1 0 9688 0.911898
2 2 2 1.06329
4 0 0 0.940994
5 0 0 1.02105
3 0 0 0.863705

5
1 2 3 0.873036
2 0 3257 0.978263
4 0 0 1.05093
5 0 0 1.01613
3 0 0 1.00418

3
1 3 1674 0.849291
2 0 0 0.996432
3 0 0 0.82429

5
1 3 1804 0.957005
2 0 0 0.987821
3 0 9245 0.92755
6 0 0 0.950034
7 0 0 0.995691

3
1 1 1 0.893652
2 0 0 1.06153
3 0 0 0.739088

7
1 0 9739 0.79923
2 0 0 0.836634
3 2 4 0.894895
6 1 1 0.875427
12 0 0 1.01137
13 0 0 0.890965
7 0 0 1.00719

3
1 1 1 0.90787
2 0 0 0.967649
3 0 0 0.841985

3
1 0 9471 0.86554
2 0 0 0.902947
3 0 0 0.851064

1
1 0 0 0.831779

5
1 1 1 0.8646
2 2 2 1.00448
4 0 0 0.988507
5 0 0 0.963938
3 0 0 0.797968

5
1 0 4982 0.908039
2 0 0 0.952783
3 1 2 0.95103
6 0 0 0.802024
7 0 0 0.973526

3
1 1 1 0.846505
2 0 0 1.20642
3 0 0 0.765776

3
1 1 1 0.840297
2 0 0 0.975982
3 0 0 0.815022

1
1 0 0 0.767456

3
1 2 4 0.921982
2 0 0 0.904708
3 0 0 1.11419

3
1 0 315 1.0234
2 0 0 0.960338
3 0 0 0.97215

3
1 1 1 0.870402
2 0 0 0.908539
3 0 0 0.815653

3
1 0 3179 0.967208
2 0 0 1.00862
3 0 0 0.963936

1
1 0 0 0.859637

3
1 3 1132 0.891561
2 0 0 0.854054
3 0 0 0.839553

7
1 0 7282 0.823845
2 0 0 0.812328
3 0 7408 0.843417
6 0 0 0.946225
7 0 9778 0.923728
14 0 0 0.949418
15 0 0 0.9253

3
1 0 9280 0.781796
2 0 0 0.834288
3 0 0 0.997246

3
1 1 1 0.802079
2 0 0 0.86832
3 0 0 0.828609

3
1 1 2 0.909803
2 0 0 0.945063
3 0 0 0.914752

1
1 0 0 0.829595

3
1 1 1 0.850256
2 0 0 0.960955
3 0 0 0.787992

3
1 1 2 0.875424
2 0 0 0.807035
3 0 0 0.923279

3
1 1 2 0.838101
2 0 0 0.795978
3 0 0 1.04777

3
1 3 4692 0.827328
2 0 0 0.863497
3 0 0 1.0538

5
1 3 5122 0.846091
2 0 0 0.831639
3 0 7233 0.904762
6 0 0 0.972055
7 0 0 1.08377

3
1 2 2 0.875268
2 0 0 0.861444
3 0 0 0.854012

1
1 0 0 0.730621

5
1 0 1333 0.884883
2 3 5254 1.01302
4 0 0 1.03367
5 0 0 0.998997
3 0 0 0.888657

5
1 1 1 0.859089
2 0 4583 0.932415
4 0 0 1.04568
5 0 0 1.0828
3 0 0 0.810634

3
1 0 9927 0.796553
2 0 0 0.780932
3 0 0 1.01543

1
1 0 0 0.755171

3
1 0 6005 0.921648
2 0 0 0.966629
3 0 0 0.92551

3
1 2 2 0.854147
2 0 0 0.882395
3 0 0 0.884835

5
1 1 1 0.875291
2 0 2515 0.928129
4 0 0 0.959597
5 0 0 0.914354
3 0 0 0.8424

7
1 2 2 0.921296
2 0 0 0.932736
3 2 4 0.970004
6 0 0 1.05666
7 1 1 0.990491
14 0 0 0.904441
15 0 0 0.980455

1
1 0 0 0.832773

3
1 1 2 0.801382
2 0 0 0.825358
3 0 0 1.14355

3
1 1 1 0.827699
2 0 0 0.905599
3 0 0 0.723221

3
1 3 4206 0.868489
2 0 0 0.952303
3 0 0 0.779358

3
1 2 1 0.74655
2 0 0 1.09843
3 0 0 0.851728

3
1 0 4052 0.867097
2 0 0 1.03818
3 0 0 0.829139

3
1 3 530 0.791619
2 0 0 0.953877
3 0 0 0.720525

5
1 1 2 0.838053
2 0 2508 0.844368
4 0 0 0.906913
5 0 0 0.859081
3 0 0 1.03406

1
1 0 0 0.721696

1
1 0 0 0.858791

3
1 1 1 1.02587
2 0 0 1.00872
3 0 0 0.979369

3
1 3 1054 0.893758
2 0 0 0.93807
3 0 0 0.99743

5
1 1 1 0.842191
2 2 2 1.00808
4 0 0 1.039
5 0 0 1.02411
3 0 0 0.844232

5
1 0 3907 0.885443
2 3 295 0.924002
4 0 0 1.05139
5 0 0 0.889966
3 0 0 0.997205

1
1 0 0 0.866553

3
1 1 1 0.86696
2 0 0 0.938377
3 0 0 0.798868

5
1 2 4 0.916931
2 0 0 0.863818
3 3 1137 0.99183
6 0 0 1.01387
7 0 0 0.929223

3
1 1 1 0.929781
2 0 0 0.969981
3 0 0 0.848912

5
1 1 1 0.795453
2 0 0 0.946184
3 1 2 0.759178
6 0 0 0.893108
7 0 0 1.05967

5
1 3 3247 0.839908
2 0 7043 0.976058
4 0 0 1.0376
5 0 0 0.901361
3 0 0 0.823454

3
1 3 2963 0.893788
2 0 0 0.979536
3 0 0 0.774772

3
1 1 2 0.898957
2 0 0 0.777642
3 0 0 1.00353

3
1 3 5367 0.855525
2 0 0 0.761081
3 0 0 1.08053

3
1 2 2 0.876595
2 0 0 0.91703
3 0 0 0.928861

3
1 1 1 0.970744
2 0 0 0.967585
3 0 0 0.811788

3
1 1 2 0.857494
2 0 0 0.87883
3 0 0 0.905888

3
1 0 1112 0.849237
2 0 0 0.925699
3 0 0 0.857238

3
1 0 951 0.765794
2 0 0 0.986848
3 0 0 0.769256

3
1 2 3 0.812525
2 0 0 0.92012
3 0 0 0.863022

3
1 3 1258 0.821838
2 0 0 0.831601
3 0 0 0.774169

3
1 1 2 0.861791
2 0 0 0.7922
3 0 0 0.932457

3
1 1 1 0.887278
2 0 0 0.995928
3 0 0 0.888808

5
1 3 2933 0.93327
2 1 1 0.986792
4 0 0 1.15563
5 0 0 0.860024
3 0 0 0.875708

3
1 1 2 0.841273
2 0 0 0.821365
3 0 0 0.97516

1
1 0 0 0.837282

3
1 1 1 0.88985
2 0 0 0.966851
3 0 0 0.832725

3
1 3 337 0.826337
2 0 0 1.09668
3 0 0 0.911504

3
1 3 4797 0.810377
2 0 0 0.8881
3 0 0 0.905635

3
1 2 2 0.850491
2 0 0 0.864186
3 0 0 0.875202

3
1 1 1 0.8628
2 0 0 0.968557
3 0 0 0.683517

3
1 0 8638 0.915932
2 0 0 0.942213
3 0 0 0.941431

1
1 0 0 0.805036

1
1 0 0 0.932274

3
1 1 1 0.81971
2 0 0 1.01419
3 0 0 0.744285

5
1 1 1 0.922866
2 3 5073 1.03619
4 0 0 1.0116
5 0 0 0.986166
3 0 0 0.771744

3
1 1 1 0.816341
2 0 0 0.894563
3 0 0 0.848433

3
1 0 6415 0.93159
2 0 0 0.860227
3 0 0 0.897425

3
1 1 2 0.884671
2 0 0 0.769943
3 0 0 0.922625

3
1 3 2441 0.947109
2 0 0 0.940252
3 0 0 0.896844

3
1 1 1 0.89742
2 0 0 0.92894
3 0 0 0.803183

3
1 1 1 0.878897
2 0 0 0.978403
3 0 0 0.869806

5
1 0 131 0.814204
2 3 4972 1.04388
4 0 0 0.999126
5 0 0 0.922005
3 0 0 0.797469

3
1 2 1 0.847406
2 0 0 0.845329
3 0 0 0.838335

1
1 0 0 0.855016

3
1 1 1 0.852117
2 0 0 0.936397
3 0 0 0.781052

3
1 3 201 0.797337
2 0 0 0.982645
3 0 0 0.811708

3
1 0 4372 0.877382
2 0 0 0.936595
3 0 0 0.862032

3
1 2 3 0.921124
2 0 0 0.813593
3 0 0 0.901682

3
1 3 4812 0.96789
2 0 0 0.970442
3 0 0 1.00429

1
1 0 0 0.819711

3
1 1 1 0.96435
2 0 0 0.92656
3 0 0 0.764818

3
1 0 404 0.788992
2 0 0 1.08655
3 0 0 0.785021

3
1 0 650 0.7967
2 0 0 0.946111
3 0 0 0.815736

5
1 1 2 0.875388
2 3 2509 0.941235
4 0 0 0.940858
5 0 0 0.985487
3 0 0 0.904564

3
1 0 9053 0.847813
2 0 0 0.84564
3 0 0 1.00389

1
1 0 0 0.886124

3
1 1 1 0.90787
2 0 0 0.949839
3 0 0 0.794892

3
1 1 1 0.923644
2 0 0 0.969723
3 0 0 0.936955

3
1 1 1 0.901102
2 0 0 0.973944
3 0 0 0.783582

3
1 3 4616 0.893626
2 0 0 0.909667
3 0 0 0.9672

3
1 3 1016 0.913974
2 0 0 1.02051
3 0 0 0.949937

3
1 1 1 0.846505
2 0 0 0.980991
3 0 0 0.861762

5
1 1 1 0.840297
2 0 5569 1.09731
4 0 0 1.07577
5 0 0 0.941163
3 0 0 0.892589

3
1 1 1 0.906463
2 0 0 0.985485
3 0 0 0.951821

3
1 1 1 0.839319
2 0 0 1.18441
3 0 0 0.690006

3
1 1 1 0.824
2 0 0 0.942062
3 0 0 0.7653

5
1 2 3 1.00581
2 3 2888 1.01246
4 0 0 0.976944
5 0 0 1.01787
3 0 0 1.03297

3
1 1 1 0.897849
2 0 0 0.941467
3 0 0 0.852083

9
1 0 4367 0.862223
2 0 0 0.94936
3 1 2 0.902739
6 0 0 0.84453
7 0 6351 0.942493
14 0 0 0.986194
15 0 6497 0.954321
30 0 0 1.11396
31 0 0 0.966986

1
1 0 0 0.897604

5
1 0 5929 0.844409
2 0 0 0.843837
3 0 6478 0.880588
6 0 0 0.944333
7 0 0 0.882345

7
1 0 3775 0.84411
2 0 2650 0.989122
4 0 0 0.9495
5 1 1 1.09277
10 0 0 1.0539
11 0 0 1.04945
3 0 0 0.853947

5
1 0 3550 0.897885
2 2 3 0.933563
4 0 0 0.899404
5 0 0 0.965267
3 0 0 0.835563

3
1 0 3622 0.992993
2 0 0 0.965961
3 0 0 0.880088

3
1 0 6045 0.978147
2 0 0 0.996927
3 0 0 0.985343

3
1 1 1 0.850256
2 0 0 1.06125
3 0 0 0.876304

1
1 0 0 0.840442

1
1 0 0 0.762446

5
1 2 2 0.924367
2 0 0 0.942066
3 1 1 0.977503
6 0 0 1.07918
7 0 0 0.904958

5
1 1 2 0.86663
2 0 0 0.921726
3 0 8452 0.989424
6 0 0 0.997842
7 0 0 0.896891

3
1 0 912 0.836972
2 0 0 0.784262
3 0 0 0.806641

3
1 1 1 0.867599
2 0 0 1.13836
3 0 0 0.857598

5
1 0 427 0.791046
2 2 1 0.984655
4 0 0 0.926349
5 0 0 1.05716
3 0 0 0.773791

3
1 1 1 0.859089
2 0 0 1.06025
3 0 0 0.712796

3
1 1 1 0.795431
2 0 0 1.0121
3 0 0 0.723566

3
1 1 1 0.916101
2 0 0 0.946248
3 0 0 0.816563

3
1 1 1 0.775325
2 0 0 1.02552
3 0 0 0.856548

3
1 3 5301 0.801551
2 0 0 0.82378
3 0 0 0.975952

5
1 1 1 0.962001
2 0 4475 0.976603
4 0 0 0.995908
5 0 0 0.990425
3 0 0 0.882216

3
1 3 5351 0.73169
2 0 0 0.779141
3 0 0 1.03946

3
1 2 2 0.881688
2 0 0 0.825226
3 0 0 0.919856

1
1 0 0 0.752547

1
1 0 0 0.854252

3
1 0 6879 0.907825
2 0 0 0.916466
3 0 0 0.88114

3
1 1 2 0.988628
2 0 0 0.894254
3 0 0 1.00407

3
1 1 1 0.767299
2 0 0 0.984534
3 0 0 0.863551

1
1 0 0 0.868411

3
1 3 2698 0.941755
2 0 0 1.0503
3 0 0 0.841834

1
1 0 0 0.735547

3
1 0 4929 0.959502
2 0 0 0.972074
3 0 0 0.917422

3
1 1 2 0.814045
2 0 0 0.836138
3 0 0 0.941203

1
1 0 0 0.753827

3
1 3 789 0.902955
2 0 0 0.948004
3 0 0 0.867331

5
1 0 6506 0.894921
2 0 3644 0.952992
4 0 0 0.900344
5 0 0 0.992526
3 0 0 0.860894

3
1 1 1 0.909566
2 0 0 0.974111
3 0 0 0.694508

3
1 3 3896 0.949465
2 0 0 0.979685
3 0 0 0.955283

5
1 3 2859 0.907258
2 3 247 0.918536
4 0 0 1.11994
5 0 0 0.928907
3 0 0 0.712985

3
1 0 3433 0.875713
2 0 0 0.999986
3 0 0 0.892619

1
1 0 0 0.882036

5
1 1 1 0.893709
2 0 9889 1.07337
4 0 0 1.09881
5 0 0 0.986775
3 0 0 0.79658

3
1 2 4 0.859764
2 0 0 0.848702
3 0 0 0.945395

3
1 0 6108 0.859292
2 0 0 0.855159
3 0 0 0.839587

5
1 0 9729 0.911698
2 0 2712 0.858818
4 0 0 0.945961
5 0 0 0.857664
3 0 0 1.06997

3
1 1 2 0.896395
2 0 0 0.821033
3 0 0 0.989282

5
1 1 1 0.833657
2 2 3 1.05071
4 0 0 1.1024
5 0 0 1.07164
3 0 0 0.973903

3
1 0 3556 0.903765
2 0 0 1.0395
3 0 0 1.0656

3
1 0 252 0.792844
2 0 0 1.04801
3 0 0 0.824454

1
1 0 0 0.806155

1
1 0 0 0.775201

3
1 0 3540 0.809303
2 0 0 0.957579
3 0 0 0.900967

1
1 0 0 0.761385

5
1 0 271 0.731371
2 2 4 1.0779
4 0 0 1.05204
5 0 0 0.933534
3 0 0 0.812414

3
1 1 2 0.829521
2 0 0 0.752141
3 0 0 0.969946

3
1 1 2 0.841273
2 0 0 0.816863
3 0 0 1.03783

5
1 1 1 0.883229
2 0 0 0.981602
3 3 682 0.989906
6 0 0 1.00444
7 0 0 0.945171

7
1 3 2024 0.964872
2 0 0 0.840103
3 0 9278 0.938939
6 1 2 0.947083
12 0 0 0.864276
13 0 0 0.901725
7 0 0 1.11784

3
1 3 2335 0.949603
2 0 0 0.944737
3 0 0 0.990473

1
1 0 0 0.787366

3
1 1 2 0.837689
2 0 0 0.902386
3 0 0 1.03991

3
1 1 2 0.876782
2 0 0 0.91468
3 0 0 0.909138

3
1 0 940 0.886064
2 0 0 0.95126
3 0 0 0.786416

3
1 0 2617 0.876464
2 0 0 0.85485
3 0 0 0.818205

3
1 0 6659 0.983195
2 0 0 0.943448
3 0 0 0.989576

3
1 2 1 0.855
2 0 0 0.90727
3 0 0 0.862316

3
1 1 1 0.922866
2 0 0 0.953749
3 0 0 0.855624

5
1 0 600 0.977111
2 3 1447 0.965246
4 0 0 0.873493
5 0 0 1.09131
3 0 0 0.777

3
1 0 7917 0.880179
2 0 0 0.905636
3 0 0 0.970644

3
1 0 2708 0.869441
2 0 0 1.06861
3 0 0 0.94508

3
1 1 2 0.845309
2 0 0 0.789043
3 0 0 1.0547

1
1 0 0 0.830371

3
1 1 1 0.834942
2 0 0 0.965473
3 0 0 0.826621

1
1 0 0 0.693741

3
1 1 2 0.860488
2 0 0 0.930716
3 0 0 0.922959

1
1 0 0 0.914607

3
1 1 2 0.883668
2 0 0 0.812392
3 0 0 0.978551

1
1 0 0 0.78431

5
1 1 1 0.843514
2 3 2523 0.904464
4 0 0 0.875557
5 0 0 0.993337
3 0 0 0.832976

3
1 2 2 0.840154
2 0 0 0.813371
3 0 0 0.875573

3
1 1 1 0.81033
2 0 0 1.11068
3 0 0 0.774137

1
1 0 0 0.842714

1
1 0 0 0.727961

3
1 0 640 0.866779
2 0 0 0.915807
3 0 0 0.941692

1
1 0 0 0.769899

1
1 0 0 0.766184

3
1 2 2 0.908633
2 0 0 0.952548
3 0 0 0.936057

7
1 1 1 0.817835
2 3 1648 0.990852
4 3 485 0.991801
8 0 0 0.963572
9 0 0 1.00479
5 0 0 0.97405
3 0 0 0.849993

1
1 0 0 0.852939

1
1 0 0 0.815802

3
1 0 2764 0.934159
2 0 0 0.865432
3 0 0 1.06469

3
1 3 2549 0.917204
2 0 0 0.936088
3 0 0 0.84588

1
1 0 0 0.85586

5
1 1 1 0.846505
2 3 2337 1.04475
4 0 0 1.02538
5 0 0 1.07462
3 0 0 0.867014

5
1 1 1 0.955373
2 2 3 0.999713
4 0 0 1.00506
5 0 0 1.09241
3 0 0 0.883161

5
1 1 1 0.906463
2 0 0 1.04672
3 0 37 0.800145
6 0 0 1.02096
7 0 0 0.76314

7
1 3 438 0.830626
2 0 2430 1.02356
4 0 1456 0.918626
8 0 0 1.00282
9 0 0 0.991296
5 0 0 0.981827
3 0 0 0.841306

3
1 2 2 0.915657
2 0 0 1.04921
3 0 0 0.916326

3
1 0 5168 0.894117
2 0 0 0.938042
3 0 0 0.867115

5
1 1 1 0.83947
2 0 8344 1.04608
4 0 0 0.991811
5 0 0 0.896867
3 0 0 0.815793

3
1 1 1 0.938593
2 0 0 1.06924
3 0 0 0.705892

3
1 1 2 0.857508
2 0 0 0.797577
3 0 0 1.05882

3
1 2 4 0.929368
2 0 0 0.990699
3 0 0 0.901752

3
1 0 2491 0.869108
2 0 0 0.981877
3 0 0 0.924006

3
1 3 2101 0.814674
2 0 0 0.858761
3 0 0 0.801371

5
1 1 1 0.888889
2 0 0 0.873327
3 1 2 0.851726
6 0 0 0.796452
7 0 0 0.883362

3
1 3 2348 0.990666
2 0 0 0.9589
3 0 0 0.841568

7
1 1 1 0.896971
2 0 0 1.06976
3 1 2 0.921585
6 0 0 0.939429
7 3 1259 0.890539
14 0 0 0.959885
15 0 0 0.941766

1
1 0 0 0.918373

1
1 0 0 0.805908

3
1 0 2415 0.868221
2 0 0 0.976632
3 0 0 0.876252

3
1 3 2111 0.906303
2 0 0 0.851697
3 0 0 0.931984

5
1 3 2794 0.84014
2 0 276 0.943837
4 0 0 0.981631
5 0 0 0.924054
3 0 0 0.826216

3
1 1 1 0.867599
2 0 0 1.04587
3 0 0 0.882603

3
1 1 2 0.931922
2 0 0 0.843989
3 0 0 0.981967

3
1 1 2 0.968154
2 0 0 0.976494
3 0 0 0.91535

3
1 1 1 0.795431
2 0 0 0.961274
3 0 0 0.896063

7
1 1 1 0.916101
2 0 0 1.01305
3 1 2 0.902354
6 0 0 0.78787
7 2 1 1.01549
14 0 0 0.897801
15 0 0 1.00568

3
1 1 1 0.775325
2 0 0 1.18488
3 0 0 0.845305

1
1 0 0 0.852829

3
1 1 1 0.962001
2 0 0 0.983911
3 0 0 0.67489

3
1 1 2 0.805542
2 0 0 0.78975
3 0 0 0.962891

1
1 0 0 0.792937

3
1 3 181 0.888052
2 0 0 0.910495
3 0 0 0.851225

3
1 0 2329 0.877849
2 0 0 0.970792
3 0 0 0.85498

1
1 0 0 0.845084

5
1 1 1 0.816508
2 3 5381 0.99177
4 0 0 1.02206
5 0 0 0.957905
3 0 0 0.834517

1
1 0 0 0.722289

3
1 1 1 0.838161
2 0 0 0.985502
3 0 0 0.808099

3
1 2 1 0.895476
2 0 0 0.958968
3 0 0 0.87499

3
1 0 3429 0.83223
2 0 0 1.00099
3 0 0 0.939704

3
1 0 177 0.896887
2 0 0 1.06389
3 0 0 0.681863

3
1 1 1 0.929371
2 0 0 0.938154
3 0 0 0.810652

3
1 1 1 0.817246
2 0 0 1.04602
3 0 0 0.816903

3
1 0 667 0.790845
2 0 0 0.960342
3 0 0 0.938714

7
1 1 1 0.870955
2 3 1604 1.08467
4 0 4064 1.06573
8 0 0 0.96836
9 0 0 0.959816
5 0 0 0.957261
3 0 0 0.82868

1
1 0 0 0.871409

3
1 1 2 0.924583
2 0 0 0.88665
3 0 0 0.946358

3
1 3 4705 0.944967
2 0 0 0.934693
3 0 0 0.962428

3
1 3 5154 0.955924
2 0 0 0.932506
3 0 0 0.978057

3
1 2 1 0.875671
2 0 0 0.940295
3 0 0 0.900136

5
1 3 1679 0.963305
2 3 101 0.959577
4 0 0 0.949958
5 0 0 0.973225
3 0 0 0.839229

5
1 1 2 0.794894
2 3 1655 0.890172
4 0 0 0.875811
5 0 0 0.988221
3 0 0 0.93107

5
1 1 1 0.86469
2 0 9085 1.06049
4 0 0 1.08096
5 0 0 1.04211
3 0 0 0.817767

3
1 3 3805 0.871384
2 0 0 0.820679
3 0 0 0.830447

3
1 0 5619 0.858568
2 0 0 0.988345
3 0 0 0.841745

1
1 0 0 0.776106

3
1 0 4183 0.836036
2 0 0 1.01819
3 0 0 0.872647

3
1 1 1 0.836566
2 0 0 0.985601
3 0 0 0.774905

1
1 0 0 0.866579

3
1 0 2155 0.866282
2 0 0 1.05858
3 0 0 0.947196

3
1 0 1330 0.854159
2 0 0 0.951639
3 0 0 0.846963

3
1 1 1 0.843251
2 0 0 0.950286
3 0 0 0.786579

3
1 2 1 0.881377
2 0 0 0.910109
3 0 0 0.914817

1
1 0 0 0.8596

3
1 1 2 0.898477
2 0 0 0.709421
3 0 0 1.0699

3
1 1 1 0.876417
2 0 0 0.898822
3 0 0 0.885769

5
1 0 3609 0.858968
2 0 0 0.929133
3 0 7767 1.00731
6 0 0 0.96659
7 0 0 0.846248

5
1 2 3 0.906046
2 0 0 0.973965
3 3 2787 1.00923
6 0 0 1.01481
7 0 0 0.829952

3
1 1 2 0.85601
2 0 0 0.723023
3 0 0 0.964889

1
1 0 0 0.806429

1
1 0 0 0.780051

3
1 3 771 0.895533
2 0 0 0.979478
3 0 0 0.89511

3
1 3 10 0.873781
2 0 0 1.01652
3 0 0 0.887734

3
1 3 3096 0.946823
2 0 0 1.00029
3 0 0 0.858706

3
1 0 282 0.91187
2 0 0 0.992037
3 0 0 0.808964

5
1 0 1065 0.842832
2 2 1 0.969185
4 0 0 0.895563
5 0 0 0.975185
3 0 0 0.849235

3
1 1 2 0.852616
2 0 0 0.868936
3 0 0 0.830032

1
1 0 0 0.836583

7
1 3 4712 0.948909
2 2 3 0.928565
4 0 0 0.85883
5 0 0 1.00086
3 1 2 1.02909
6 0 0 1.1472
7 0 0 0.962863

3
1 1 2 0.947301
2 0 0 0.808109
3 0 0 1.08927

5
1 1 2 0.933129
2 0 0 0.85266
3 0 6878 0.982658
6 0 0 0.915014
7 0 0 1.02412

5
1 3 399 0.898992
2 1 2 1.05409
4 0 0 1.11402
5 0 0 1.08505
3 0 0 0.95428

1
1 0 0 0.850349

3
1 3 5395 0.752232
2 0 0 0.751202
3 0 0 0.909527

3
1 3 3124 0.906962
2 0 0 0.870119
3 0 0 0.867431

1
1 0 0 0.783429

7
1 2 1 0.970637
2 0 5051 0.987391
4 0 0 1.05553
5 3 2192 1.06644
10 0 0 0.955675
11 0 0 0.930449
3 0 0 1.02213

1
1 0 0 0.901149

3
1 3 1250 0.847282
2 0 0 0.8235
3 0 0 0.858344

5
1 1 1 0.81033
2 0 929 1.03975
4 0 0 0.979964
5 0 0 1.01944
3 0 0 0.763706

3
1 3 794 0.802401
2 0 0 0.817527
3 0 0 0.809626

3
1 1 1 0.898386
2 0 0 1.08463
3 0 0 0.824835

3
1 2 4 0.838084
2 0 0 0.843588
3 0 0 0.945062

1
1 0 0 0.790962

3
1 3 1149 0.813072
2 0 0 1.04472
3 0 0 0.816978

1
1 0 0 0.838596

3
1 1 1 0.891731
2 0 0 0.934299
3 0 0 0.748553

5
1 3 5072 0.786915
2 0 0 0.795799
3 2 3 0.946542
6 0 0 0.950814
7 0 0 0.861513

3
1 3 225 0.717735
2 0 0 0.9835
3 0 0 0.754362

1
1 0 0 0.790756

3
1 0 2229 0.855983
2 0 0 0.988165
3 0 0 0.826855

3
1 1 2 0.808435
2 0 0 0.804839
3 0 0 0.934062

5
1 1 1 0.846505
2 0 0 0.965529
3 1 2 0.859829
6 0 0 0.868706
7 0 0 0.993332

1
1 0 0 0.886601

3
1 3 1720 0.974409
2 0 0 1.03996
3 0 0 0.866561

3
1 1 1 0.867177
2 0 0 1.12463
3 0 0 0.897472

3
1 1 1 0.926975
2 0 0 1.04351
3 0 0 0.874822

3
1 2 1 0.891601
2 0 0 0.95927
3 0 0 0.848073

5
1 1 1 0.868629
2 0 0 1.09314
3 3 5368 0.795439
6 0 0 0.798342
7 0 0 0.920649

5
1 1 1 0.992133
2 0 0 1.01254
3 0 8884 0.898074
6 0 0 0.807204
7 0 0 0.898163

3
1 0 7530 0.858723
2 0 0 0.79831
3 0 0 0.987043

3
1 1 1 0.927429
2 0 0 0.948042
3 0 0 0.936438

3
1 0 1050 0.805468
2 0 0 1.12772
3 0 0 0.873583

3
1 0 9665 0.799203
2 0 0 0.804327
3 0 0 0.944692

5
1 0 286 0.819572
2 0 0 1.02126
3 3 2237 0.882746
6 0 0 0.948417
7 0 0 0.869226

3
1 3 81 0.874178
2 0 0 0.984163
3 0 0 0.93687

3
1 1 1 0.97261
2 0 0 1.00061
3 0 0 0.74663

5
1 1 1 0.834232
2 0 0 1.04689
3 3 2376 0.882583
6 0 0 0.918238
7 0 0 0.869355

3
1 3 614 0.928725
2 0 0 0.969456
3 0 0 0.999949

1
1 0 0 0.943199

3
1 3 404 0.834662
2 0 0 1.01867
3 0 0 0.799171

3
1 1 1 0.935765
2 0 0 0.994081
3 0 0 0.775105

3
1 1 1 0.857252
2 0 0 0.943054
3 0 0 0.861854

3
1 1 2 0.931922
2 0 0 0.813608
3 0 0 0.99206

3
1 1 2 0.904265
2 0 0 0.885148
3 0 0 0.971003

5
1 1 1 0.795431
2 0 5033 1.01503
4 0 0 0.994566
5 0 0 1.03907
3 0 0 0.806313

3
1 3 221 0.764483
2 0 0 0.900653
3 0 0 0.783672

3
1 0 1035 0.986805
2 0 0 1.04976
3 0 0 0.929874

3
1 1 1 0.865634
2 0 0 0.95759
3 0 0 0.833822

3
1 1 1 0.962001
2 0 0 1.07748
3 0 0 0.876203

5
1 2 4 0.905769
2 0 0 0.92663
3 0 2665 0.932926
6 0 0 0.977978
7 0 0 1.01801

3
1 1 2 0.883168
2 0 0 0.844815
3 0 0 0.949349

3
1 1 2 0.853688
2 0 0 0.92988
3 0 0 1.01217

3
1 0 2329 0.877849
2 0 0 1.0592
3 0 0 0.898149

5
1 1 2 0.933317
2 0 0 0.787179
3 3 2227 0.933435
6 0 0 1.14341
7 0 0 0.868985

3
1 1 2 0.844614
2 0 0 0.804053
3 0 0 0.90926

1
1 0 0 0.730703

3
1 1 2 0.892969
2 0 0 0.823883
3 0 0 0.913052

5
1 3 4792 0.839113
2 2 2 0.940742
4 0 0 0.918648
5 0 0 0.872804
3 0 0 1.09785

5
1 0 377 0.765147
2 2 1 1.09987
4 0 0 1.0405
5 0 0 0.896741
3 0 0 0.742216

3
1 0 8436 0.923103
2 0 0 0.881479
3 0 0 0.903211

3
1 3 2027 0.892428
2 0 0 0.933412
3 0 0 0.917168

3
1 1 1 0.817246
2 0 0 1.07889
3 0 0 0.822988

3
1 1 1 0.844004
2 0 0 0.97607
3 0 0 0.706769

5
1 2 1 0.842758
2 3 4416 0.9972
4 0 0 1.11609
5 0 0 0.908716
3 0 0 0.811002

3
1 1 1 0.83278
2 0 0 1.0493
3 0 0 0.75553

1
1 0 0 0.833633

3
1 3 4802 0.913647
2 0 0 0.814224
3 0 0 1.0529

3
1 1 1 0.840665
2 0 0 0.951901
3 0 0 0.773371

3
1 2 4 0.907705
2 0 0 0.881913
3 0 0 0.926063

3
1 1 1 0.901556
2 0 0 1.16458
3 0 0 0.840169

7
1 3 4147 0.846563
2 3 2628 0.985165
4 0 0 1.02268
5 0 0 0.897702
3 3 4307 0.909013
6 0 0 1.0435
7 0 0 0.834414

3
1 2 2 0.879025
2 0 0 0.905138
3 0 0 1.02584

1
1 0 0 0.867968

5
1 3 1403 0.835509
2 0 0 0.948327
3 1 1 0.874212
6 0 0 0.989736
7 0 0 0.796305

3
1 3 286 0.783143
2 0 0 0.942554
3 0 0 0.86796

3
1 0 5057 0.883138
2 0 0 0.83141
3 0 0 0.841902

5
1 1 1 0.836566
2 2 4 1.01494
4 0 0 0.934411
5 0 0 1.05274
3 0 0 0.810662

3
1 1 1 0.921757
2 0 0 0.928226
3 0 0 0.864128

5
1 2 3 0.913252
2 0 0 0.890368
3 3 4688 1.08504
6 0 0 1.04526
7 0 0 1.07013

3
1 0 7963 0.873108
2 0 0 1.02345
3 0 0 0.838229

5
1 0 4221 0.90106
2 0 0 0.900557
3 1 1 0.953606
6 0 0 1.09701
7 0 0 0.897104

1
1 0 0 0.792554

5
1 3 330 0.918945
2 0 2802 0.970051
4 0 0 1.05375
5 0 0 1.05182
3 0 0 0.81503

9
1 1 2 0.849929
2 1 1 0.919498
4 0 0 0.931324
5 0 0 0.874068
3 3 4965 1.0286
6 0 0 0.983945
7 3 5048 0.958982
14 0 0 1.10974
15 0 0 0.949322

3
1 0 9322 0.843374
2 0 0 0.896019
3 0 0 0.963728

3
1 1 2 0.803792
2 0 0 0.818404
3 0 0 1.03935

7
1 3 532 0.854676
2 3 40 0.931076
4 0 0 0.964847
5 0 0 0.978204
3 1 1 0.896008
6 0 0 0.979075
7 0 0 0.842443

5
1 2 4 0.908642
2 0 0 0.936581
3 0 4802 0.964148
6 0 0 1.0419
7 0 0 0.877681

1
1 0 0 0.819866

3
1 0 2529 0.884664
2 0 0 1.01562
3 0 0 0.751964

3
1 3 2228 0.871305
2 0 0 0.855045
3 0 0 0.848636

7
1 3 424 0.894061
2 2 1 0.961593
4 0 0 1.01982
5 3 89 0.973032
10 0 0 1.08509
11 0 0 0.988632
3 0 0 0.903844

1
1 0 0 0.955011

3
1 0 6408 0.915671
2 0 0 1.01382
3 0 0 0.866972

1
1 0 0 0.650729

3
1 3 5158 0.773947
2 0 0 0.689578
3 0 0 1.03834

3
1 0 5853 0.932495
2 0 0 0.967236
3 0 0 0.877144

3
1 0 3312 0.872306
2 0 0 0.994391
3 0 0 0.869114

3
1 3 2401 0.895581
2 0 0 0.898231
3 0 0 0.898734

3
1 1 2 0.933129
2 0 0 0.832072
3 0 0 0.965001

5
1 0 9536 0.885861
2 1 2 0.914097
4 0 0 0.857024
5 0 0 0.86685
3 0 0 1.02582

3
1 1 1 0.986334
2 0 0 0.982088
3 0 0 0.758427

3
1 1 2 0.89389
2 0 0 0.761428
3 0 0 1.12567

5
1 0 7670 0.848363
2 0 0 0.801701
3 3 2366 0.828161
6 0 0 0.869597
7 0 0 0.881646

5
1 3 3797 0.910876
2 1 2 1.02033
4 0 0 0.994781
5 0 0 1.12314
3 0 0 0.860095

3
1 0 9857 0.927848
2 0 0 0.988931
3 0 0 0.955417

3
1 3 1003 0.789972
2 0 0 0.803962
3 0 0 0.822216

5
1 1 1 0.924253
2 2 1 0.981862
4 0 0 1.00231
5 0 0 1.03755
3 0 0 0.911248

1
1 0 0 0.722754

3
1 2 1 0.904476
2 0 0 0.930777
3 0 0 0.923319

3
1 1 2 0.795776
2 0 0 0.779828
3 0 0 0.869175

1
1 0 0 0.820306

1
1 0 0 0.870659

3
1 3 167 0.836576
2 0 0 0.967642
3 0 0 0.953609

5
1 1 1 0.816109
2 3 1503 1.01953
4 0 0 0.946909
5 0 0 1.01127
3 0 0 0.800765

5
1 3 200 0.892095
2 0 0 0.945304
3 1 1 0.879308
6 0 0 0.967877
7 0 0 0.884655

3
1 0 1087 0.874606
2 0 0 0.897526
3 0 0 0.819269

3
1 2 4 0.962173
2 0 0 0.941019
3 0 0 0.99417

5
1 3 5151 0.852704
2 0 0 0.891619
3 0 4891 1.01512
6 0 0 0.982773
7 0 0 0.902086

1
1 0 0 0.770498

1
1 0 0 0.735891

3
1 1 1 0.847977
2 0 0 0.997253
3 0 0 0.74052

1
1 0 0 0.70796

3
1 0 1120 0.818977
2 0 0 0.897667
3 0 0 0.784532

3
1 2 3 0.929161
2 0 0 0.933985
3 0 0 0.97705

3
1 2 2 0.911393
2 0 0 0.908834
3 0 0 0.886338

3
1 1 1 0.933851
2 0 0 1.20534
3 0 0 0.884664

5
1 1 1 0.868629
2 0 0 1.07025
3 1 2 0.883772
6 0 0 0.786036
7 0 0 0.979912

3
1 2 4 0.803611
2 0 0 0.79624
3 0 0 0.880166

3
1 0 1138 0.840182
2 0 0 0.991383
3 0 0 0.701852

1
1 0 0 0.965585

3
1 1 1 0.892329
2 0 0 1.05053
3 0 0 0.867897

3
1 3 28 0.839372
2 0 0 0.974855
3 0 0 0.860625

3
1 3 2661 0.938192
2 0 0 1.04161
3 0 0 0.847578

3
1 1 2 0.825781
2 0 0 0.796588
3 0 0 0.969767

5
1 2 1 0.883327
2 3 963 1.03643
4 0 0 1.17036
5 0 0 1.17701
3 0 0 0.943307

3
1 1 1 0.834232
2 0 0 0.976173
3 0 0 0.780671

1
1 0 0 0.785867

1
1 0 0 0.8117

1
1 0 0 0.955324

3
1 1 1 0.935765
2 0 0 1.15479
3 0 0 0.816845

1
1 0 0 0.875629

3
1 1 1 0.937579
2 0 0 1.05351
3 0 0 0.871578

3
1 1 1 0.910515
2 0 0 0.887373
3 0 0 0.967841

3
1 1 1 0.795431
2 0 0 1.02132
3 0 0 0.880505

5
1 2 2 0.863187
2 0 0 0.891486
3 3 5344 0.831139
6 0 0 0.845127
7 0 0 1.06026

1
1 0 0 0.91243

3
1 1 1 0.865634
2 0 0 1.01064
3 0 0 0.798214

5
1 1 1 0.962001
2 0 8814 0.998912
4 0 0 1.05646
5 0 0 0.975822
3 0 0 0.897919

1
1 0 0 0.886556

3
1 3 3080 0.897519
2 0 0 1.04365
3 0 0 0.833108

5
1 1 1 0.88273
2 3 2889 0.95806
4 0 0 0.942857
5 0 0 0.92702
3 0 0 0.864048

5
1 1 1 0.838544
2 0 0 0.959539
3 0 403 0.739848
6 0 0 0.99151
7 0 0 0.726878

5
1 0 1892 0.840758
2 3 950 1.12417
4 0 0 0.945784
5 0 0 0.999038
3 0 0 0.796562

3
1 0 3086 0.891192
2 0 0 0.937168
3 0 0 0.912177

3
1 1 2 0.903828
2 0 0 0.947707
3 0 0 0.872096

9
1 2 4 0.863906
2 0 0 0.923011
3 3 3711 0.965698
6 0 0 0.989737
7 0 4184 0.887291
14 0 467 1.07313
28 0 0 1.07552
29 0 0 0.996615
15 0 0 0.899755

5
1 3 5365 0.818863
2 0 0 0.82112
3 3 5375 1.04476
6 0 0 1.09226
7 0 0 0.854387

3
1 2 4 0.843326
2 0 0 0.843975
3 0 0 0.889099

3
1 1 1 0.857895
2 0 0 1.04649
3 0 0 0.792575

5
1 2 2 0.813128
2 3 4768 0.917217
4 0 0 0.934747
5 0 0 0.930237
3 0 0 0.925141

5
1 1 2 0.902557
2 0 0 0.834822
3 3 1220 0.950852
6 0 0 1.04316
7 0 0 0.839419

1
1 0 0 0.828788

3
1 1 2 0.872861
2 0 0 0.85868
3 0 0 0.919839

3
1 2 4 0.836703
2 0 0 0.823909
3 0 0 0.805543

3
1 0 2748 0.827284
2 0 0 1.07188
3 0 0 0.873086

1
1 0 0 0.845681

1
1 0 0 0.698469

3
1 2 4 0.8581
2 0 0 0.875775
3 0 0 0.971649

3
1 1 1 0.901556
2 0 0 1.06772
3 0 0 0.813729

3
1 1 1 0.85275
2 0 0 0.967072
3 0 0 0.846268

1
1 0 0 0.837358

1
1 0 0 0.851739

3
1 1 2 0.817604
2 0 0 0.807976
3 0 0 1.00808

3
1 0 5109 0.956579
2 0 0 0.884532
3 0 0 0.840093

3
1 1 1 0.861346
2 0 0 1.09275
3 0 0 0.855969

5
1 1 2 0.925777
2 0 1250 0.898805
4 0 0 1.07126
5 0 0 0.803965
3 0 0 0.87504

3
1 0 4591 0.861165
2 0 0 0.94039
3 0 0 0.911221

3
1 3 4779 1.00427
2 0 0 0.911955
3 0 0 0.987047

3
1 2 3 0.923927
2 0 0 0.901114
3 0 0 0.920157

3
1 1 1 0.906567
2 0 0 1.0408
3 0 0 0.834266

7
1 3 224 0.833317
2 3 55 0.996217
4 0 0 1.0392
5 0 0 1.06223
3 1 2 0.845899
6 0 0 0.833217
7 0 0 0.890685

3
1 0 390 0.805552
2 0 0 0.985323
3 0 0 0.861954

1
1 0 0 0.854949

1
1 0 0 0.892968

3
1 3 1773 1.04794
2 0 0 0.952387
3 0 0 0.862132

5
1 1 2 0.861411
2 0 0 0.87165
3 3 3318 0.958857
6 0 0 1.02327
7 0 0 1.02312

5
1 1 1 0.901156
2 0 0 1.11837
3 0 4519 0.915953
6 0 0 0.899233
7 0 0 0.907475

9
1 1 1 0.910335
2 3 4064 1.13132
4 0 0 1.00058
5 0 7942 0.91766
10 0 0 0.987512
11 0 0 1.01087
3 1 2 0.87917
6 0 0 0.844064
7 0 0 0.945238

1
1 0 0 0.803635

3
1 0 111 0.978
2 0 0 1.08988
3 0 0 0.780905

5
1 1 2 0.972472
2 0 0 0.936105
3 0 9208 1.00461
6 0 0 0.939875
7 0 0 0.92642

3
1 1 2 0.802074
2 0 0 0.86701
3 0 0 1.06872

3
1 1 1 0.92822
2 0 0 1.00319
3 0 0 0.929238

3
1 3 2995 0.923287
2 0 0 0.912623
3 0 0 0.948121

5
1 3 4896 0.923327
2 2 2 0.941816
4 0 0 0.888968
5 0 0 0.977287
3 0 0 0.993428

1
1 0 0 0.913441

3
1 3 204 0.716824
2 0 0 0.911435
3 0 0 0.748982

3
1 1 1 0.899554
2 0 0 0.882352
3 0 0 0.738121

3
1 2 1 0.88585
2 0 0 0.918328
3 0 0 0.900606

1
1 0 0 0.843475

3
1 1 2 0.832031
2 0 0 0.769012
3 0 0 1.05784

5
1 0 1775 0.784418
2 2 4 0.824057
4 0 0 0.880521
5 0 0 0.995112
3 0 0 0.836141

1
1 0 0 0.827582

5
1 1 1 0.890808
2 3 3897 1.08454
4 0 0 1.15502
5 0 0 0.954674
3 0 0 0.725622

1
1 0 0 0.773734

5
1 0 2083 0.899818
2 0 2047 0.930675
4 0 0 0.945421
5 0 0 0.976076
3 0 0 0.87844

3
1 1 1 0.841907
2 0 0 0.968187
3 0 0 0.868707

5
1 0 4971 0.902413
2 0 0 0.948072
3 0 6092 0.910742
6 0 0 1.01129
7 0 0 0.866609

3
1 3 921 0.900928
2 0 0 0.936472
3 0 0 0.931605

3
1 0 91 0.873448
2 0 0 0.936311
3 0 0 0.758523

3
1 1 2 0.798023
2 0 0 0.911683
3 0 0 1.05679

3
1 3 1110 0.817177
2 0 0 0.883844
3 0 0 0.842338

1
1 0 0 0.884443

3
1 1 1 0.816109
2 0 0 1.05406
3 0 0 0.768946

3
1 1 2 0.898443
2 0 0 0.86458
3 0 0 0.965025

1
1 0 0 0.730571

5
1 0 164 0.845694
2 0 0 0.988371
3 1 1 0.89241
6 0 0 1.00202
7 0 0 0.833975

3
1 3 304 0.820583
2 0 0 1.08248
3 0 0 0.796685

5
1 3 1883 0.885682
2 0 0 1.0154
3 3 4467 0.978394
6 0 0 1.05302
7 0 0 0.948295

3
1 1 2 0.916148
2 0 0 0.885709
3 0 0 0.954776

7
1 0 1538 0.811033
2 2 1 1.00013
4 0 0 0.93892
5 0 0 1.12052
3 1 1 0.881401
6 0 0 0.904952
7 0 0 0.816685

3
1 0 3477 0.822397
2 0 0 0.858743
3 0 0 0.753757

1
1 0 0 0.826259

5
1 1 1 0.783676
2 0 0 0.951266
3 3 5289 0.863864
6 0 0 0.798377
7 0 0 0.968057

3
1 3 640 0.939282
2 0 0 0.937279
3 0 0 0.92831

3
1 1 2 0.849374
2 0 0 0.849984
3 0 0 0.832429

1
1 0 0 0.753207

3
1 0 417 0.764827
2 0 0 0.946857
3 0 0 0.787445

3
1 3 5398 0.793142
2 0 0 0.720579
3 0 0 0.926021

3
1 1 1 0.953379
2 0 0 1.01267
3 0 0 0.768335

9
1 2 2 1.00992
2 0 542 0.838965
4 0 0 0.933703
5 0 0 0.914165
3 2 4 0.929474
6 3 5039 0.914856
12 0 0 0.887238
13 0 0 1.00305
7 0 0 0.910469

1
1 0 0 0.817059

5
1 2 2 0.921004
2 0 5148 0.927461
4 0 0 0.996518
5 0 0 0.858963
3 0 0 0.871874

3
1 3 508 0.904996
2 0 0 1.08625
3 0 0 0.818961

1
1 0 0 0.7208

1
1 0 0 0.891723

3
1 0 1942 0.820689
2 0 0 0.965956
3 0 0 0.804395

3
1 3 39 0.824908
2 0 0 0.941006
3 0 0 0.747939

7
1 3 2808 0.869559
2 2 1 1.10967
4 0 0 0.983055
5 0 5284 1.07934
10 0 0 0.992408
11 0 0 1.02652
3 0 0 0.910151

3
1 1 1 0.935765
2 0 0 1.02941
3 0 0 0.808837

3
1 1 1 0.858475
2 0 0 1.0716
3 0 0 0.923836

3
1 0 152 0.782972
2 0 0 1.06911
3 0 0 0.819086

3
1 3 4741 0.864888
2 0 0 0.751217
3 0 0 0.910957

3
1 3 5038 0.996333
2 0 0 0.994168
3 0 0 0.974443

3
1 1 1 0.866949
2 0 0 1.02555
3 0 0 0.759243

3
1 3 4008 0.873188
2 0 0 0.971829
3 0 0 0.85571

5
1 0 397 0.785119
2 1 1 1.03896
4 0 0 0.949337
5 0 0 0.934265
3 0 0 0.840033

3
1 0 861 0.913787
2 0 0 1.07674
3 0 0 0.811273

3
1 1 2 0.902594
2 0 0 0.86845
3 0 0 1.05924

3
1 2 1 0.977219
2 0 0 0.917109
3 0 0 0.906775

5
1 0 1303 0.845945
2 2 3 1.03267
4 0 0 1.00589
5 0 0 1.03034
3 0 0 0.865099

3
1 3 5322 0.904155
2 0 0 0.898825
3 0 0 0.883351

3
1 1 1 0.861475
2 0 0 1.11637
3 0 0 0.997132

3
1 3 2164 0.897752
2 0 0 0.928513
3 0 0 0.887462

9
1 1 2 0.825443
2 2 1 0.884488
4 3 2229 0.926034
8 0 0 1.00113
9 0 0 0.963715
5 0 0 0.937323
3 0 9128 0.928376
6 0 0 0.833763
7 0 0 0.95609

7
1 1 2 0.942149
2 0 0 0.732654
3 2 1 0.966215
6 3 3681 0.99593
12 0 0 0.994648
13 0 0 1.0148
7 0 0 1.12669

3
1 1 2 0.92846
2 0 0 0.866391
3 0 0 0.979393

3
1 0 103 0.891414
2 0 0 0.918425
3 0 0 0.766536

7
1 3 1005 0.982551
2 2 4 1.00642
4 0 0 0.965641
5 3 762 0.968008
10 0 0 0.98407
11 0 0 1.00378
3 0 0 0.957895

3
1 0 7933 0.779473
2 0 0 0.97836
3 0 0 0.992218

3
1 1 1 0.89233
2 0 0 1.02164
3 0 0 0.733969

1
1 0 0 0.873169

3
1 2 4 0.809737
2 0 0 0.747673
3 0 0 0.8913

5
1 0 4716 0.910599
2 3 4117 0.921614
4 0 0 0.953499
5 0 0 0.902172
3 0 0 0.830288

3
1 1 2 0.94247
2 0 0 0.928024
3 0 0 0.987439

5
1 3 255 0.759247
2 2 1 1.02806
4 0 0 1.0562
5 0 0 1.17815
3 0 0 0.758723

3
1 1 2 0.782242
2 0 0 0.906732
3 0 0 0.95279

5
1 3 5349 0.797104
2 1 1 0.897253
4 0 0 1.0288
5 0 0 0.748807
3 0 0 0.94495

3
1 0 3505 0.906311
2 0 0 1.00082
3 0 0 0.950495

7
1 1 1 0.85275
2 2 4 1.03943
4 0 0 1.04282
5 3 3217 1.0795
10 0 0 1.03785
11 0 0 0.94257
3 0 0 0.796867

7
1 1 1 0.868028
2 3 1357 1.05659
4 0 0 1.19196
5 2 4 1.04133
10 0 0 0.969348
11 0 0 1.00427
3 0 0 0.700779

3
1 3 2329 0.868587
2 0 0 0.989224
3 0 0 0.826729

5
1 1 2 0.864129
2 1 1 0.928346
4 0 0 1.08973
5 0 0 0.799409
3 0 0 0.974042

3
1 1 1 0.938131
2 0 0 1.02642
3 0 0 0.775572

3
1 2 4 0.913364
2 0 0 0.937528
3 0 0 0.954964

1
1 0 0 0.822758

5
1 1 1 0.891213
2 0 0 0.92622
3 0 2388 0.955216
6 0 0 1.069
7 0 0 0.841923

3
1 1 1 1.00083
2 0 0 0.924211
3 0 0 0.757749

5
1 2 1 0.854133
2 3 4804 0.860911
4 0 0 1.00099
5 0 0 0.973229
3 0 0 0.86862

1
1 0 0 0.76647

1
1 0 0 0.860542

1
1 0 0 0.884418

3
1 3 4183 0.920014
2 0 0 0.958622
3 0 0 0.879072

3
1 0 5873 0.889576
2 0 0 0.904194
3 0 0 0.823789

1
1 0 0 0.867071

3
1 1 1 0.912843
2 0 0 0.961199
3 0 0 0.879286

5
1 3 2855 0.921054
2 2 2 0.924713
4 0 0 0.893435
5 0 0 1.08371
3 0 0 0.928967

1
1 0 0 0.876589

3
1 1 1 0.869566
2 0 0 0.927054
3 0 0 0.830605

5
1 1 1 0.892806
2 0 0 0.899443
3 3 1515 0.917516
6 0 0 0.937402
7 0 0 0.93665

1
1 0 0 0.770998

3
1 3 3633 0.887874
2 0 0 0.880266
3 0 0 0.869609

1
1 0 0 0.774365

3
1 0 7188 0.945859
2 0 0 0.91223
3 0 0 0.962967

5
1 2 3 0.877417
2 0 0 0.920083
3 3 170 0.979592
6 0 0 1.03854
7 0 0 0.962003

3
1 2 3 0.852969
2 0 0 0.847747
3 0 0 0.846317

3
1 1 2 0.842499
2 0 0 0.881844
3 0 0 1.09755

3
1 1 1 0.918138
2 0 0 0.922773
3 0 0 0.940712

3
1 3 5354 0.8639
2 0 0 0.849816
3 0 0 0.944164

3
1 2 2 0.960422
2 0 0 0.972859
3 0 0 0.99838

5
1 3 91 0.746745
2 1 1 0.989788
4 0 0 0.972969
5 0 0 0.929148
3 0 0 0.888793

1
1 0 0 0.945466

3
1 1 1 0.825558
2 0 0 1.10737
3 0 0 0.805551

3
1 3 5014 0.868914
2 0 0 0.887962
3 0 0 0.871634

3
1 1 2 0.880326
2 0 0 0.757098
3 0 0 0.898415

1
1 0 0 0.823401

3
1 1 1 0.841907
2 0 0 1.03316
3 0 0 0.786052

3
1 3 276 0.781127
2 0 0 1.02996
3 0 0 0.732373

3
1 1 1 0.841254
2 0 0 0.813909
3 0 0 0.869289

3
1 0 6759 0.892597
2 0 0 0.907685
3 0 0 0.848769

5
1 0 2242 0.861576
2 0 309 0.939455
4 0 0 0.989995
5 0 0 0.944696
3 0 0 0.811428

1
1 0 0 0.67787

3
1 1 2 0.894169
2 0 0 0.958372
3 0 0 1.0137

3
1 1 1 0.816109
2 0 0 1.06846
3 0 0 0.847895

5
1 1 2 0.898443
2 0 0 0.86593
3 0 1668 0.943835
6 0 0 1.03089
7 0 0 0.912294

3
1 1 1 0.897415
2 0 0 1.1081
3 0 0 0.788756

3
1 1 2 0.835249
2 0 0 0.816398
3 0 0 1.02654

3
1 0 483 0.793272
2 0 0 1.0783
3 0 0 0.821988

1
1 0 0 0.855007

5
1 1 1 0.809459
2 0 0 0.995069
3 1 2 0.881178
6 0 0 0.698153
7 0 0 0.978898

1
1 0 0 0.838017

3
1 0 3477 0.822397
2 0 0 0.912327
3 0 0 0.906155

3
1 2 2 0.949358
2 0 0 0.873136
3 0 0 1.01382

1
1 0 0 0.749134

3
1 0 9060 0.988816
2 0 0 0.947192
3 0 0 0.815189

3
1 1 2 0.849495
2 0 0 0.836982
3 0 0 0.970662

3
1 1 1 0.868964
2 0 0 1.03345
3 0 0 0.846658

3
1 1 2 0.809833
2 0 0 0.862886
3 0 0 0.811368

1
1 0 0 0.872311

3
1 1 1 0.760125
2 0 0 1.02002
3 0 0 0.740005

3
1 0 880 0.7548
2 0 0 1.00976
3 0 0 0.7918

3
1 1 1 0.902027
2 0 0 0.984106
3 0 0 0.89751

1
1 0 0 0.866607

5
1 0 1170 0.806613
2 0 0 1.02719
3 3 2444 0.952044
6 0 0 0.943982
7 0 0 0.896644

3
1 1 1 0.840602
2 0 0 1.07264
3 0 0 0.833105

1
1 0 0 0.705406

3
1 0 1275 0.907447
2 0 0 0.979855
3 0 0 0.867076

3
1 1 1 0.747856
2 0 0 0.870667
3 0 0 0.761185

1
1 0 0 0.878062

3
1 1 1 0.935765
2 0 0 1.01613
3 0 0 0.785709

3
1 1 2 0.793147
2 0 0 0.813285
3 0 0 1.0679

1
1 0 0 0.775766

3
1 1 1 0.895197
2 0 0 1.05577
3 0 0 0.750089

3
1 3 3454 0.86668
2 0 0 0.927663
3 0 0 0.94413

5
1 0 79 0.794559
2 3 3689 0.997598
4 0 0 0.963246
5 0 0 1.02274
3 0 0 0.830462

1
1 0 0 0.806815

3
1 1 2 0.848514
2 0 0 0.833442
3 0 0 0.841476

3
1 3 281 0.855864
2 0 0 0.937504
3 0 0 0.792652

3
1 0 5175 0.917475
2 0 0 0.930711
3 0 0 0.886522

3
1 0 2883 0.823576
2 0 0 0.957072
3 0 0 0.868071

3
1 1 2 0.852553
2 0 0 0.896737
3 0 0 1.04902

5
1 0 3913 0.898631
2 0 0 0.891136
3 0 4333 0.873741
6 0 0 1.01307
7 0 0 0.838985

3
1 1 1 0.937333
2 0 0 1.06841
3 0 0 0.759904

3
1 3 3831 0.916483
2 0 0 1.04561
3 0 0 0.884518

3
1 3 298 0.884652
2 0 0 1.04211
3 0 0 0.877063

1
1 0 0 0.801294

5
1 3 1022 0.960918
2 0 4742 0.82677
4 0 0 0.847609
5 0 0 1.12076
3 0 0 0.833679

3
1 1 1 0.982624
2 0 0 1.07475
3 0 0 1.00775

1
1 0 0 0.848576

1
1 0 0 0.822159

1
1 0 0 0.870212

3
1 1 1 0.857767
2 0 0 0.962607
3 0 0 0.894505

3
1 2 3 0.946614
2 0 0 0.905803
3 0 0 1.08738

3
1 1 1 0.912292
2 0 0 1.03623
3 0 0 0.937168

5
1 3 2977 0.891195
2 0 679 1.06503
4 0 0 1.12407
5 0 0 1.02727
3 0 0 0.813957

5
1 3 1632 0.77217
2 1 1 0.967233
4 0 0 0.988864
5 0 0 0.950181
3 0 0 0.892078

3
1 1 2 0.850955
2 0 0 0.70345
3 0 0 0.882278

3
1 2 3 0.867655
2 0 0 0.855584
3 0 0 1.02218

3
1 1 1 0.833641
2 0 0 1.02484
3 0 0 0.773041

3
1 1 1 0.85275
2 0 0 1.06416
3 0 0 0.782565

3
1 0 260 0.788243
2 0 0 0.946274
3 0 0 0.767174

3
1 0 7977 0.885674
2 0 0 0.973234
3 0 0 0.851832

3
1 1 2 0.864129
2 0 0 0.655718
3 0 0 1.03441

3
1 1 1 0.938131
2 0 0 0.993444
3 0 0 0.797322

3
1 1 1 0.945131
2 0 0 1.073
3 0 0 0.899723

3
1 3 1975 0.863506
2 0 0 0.920472
3 0 0 0.864973

5
1 3 2909 0.994677
2 0 1703 0.96133
4 0 0 0.906142
5 0 0 0.964394
3 0 0 0.937237

3
1 1 2 0.792695
2 0 0 0.832438
3 0 0 1.07293

1
1 0 0 0.894608

3
1 1 1 0.962393
2 0 0 1.0192
3 0 0 0.95125

1
1 0 0 0.822194

3
1 1 1 0.906402
2 0 0 1.13545
3 0 0 0.906556

1
1 0 0 0.748681

3
1 0 225 0.845906
2 0 0 1.06245
3 0 0 0.77303

9
1 1 1 0.922359
2 3 4194 1.02057
4 0 0 1.04437
5 0 8980 1.05258
10 3 4594 1.05452
20 0 0 0.960983
21 0 0 1.00915
11 0 0 1.25107
3 0 0 0.924916

1
1 0 0 0.823112

3
1 3 5244 0.791959
2 0 0 0.84852
3 0 0 0.992543

1
1 0 0 0.833789

5
1 1 1 0.905126
2 0 8911 1.09966
4 0 0 1.09491
5 0 0 0.978342
3 0 0 0.819064

3
1 3 4202 0.894075
2 0 0 0.901554
3 0 0 0.873975

3
1 1 1 0.85643
2 0 0 1.04456
3 0 0 0.842814

3
1 1 1 0.864434
2 0 0 0.941079
3 0 0 0.792344

1
1 0 0 0.753569

3
1 1 1 0.908656
2 0 0 1.04232
3 0 0 0.871564

1
1 0 0 0.884566

3
1 2 3 0.913553
2 0 0 1.05801
3 0 0 0.807281

3
1 0 2082 0.859196
2 0 0 0.980724
3 0 0 0.877821

3
1 0 4058 0.994862
2 0 0 0.950848
3 0 0 0.872642

1
1 0 0 0.868707

3
1 3 2771 0.79183
2 0 0 0.866494
3 0 0 0.873498

1
1 0 0 0.844127

5
1 3 3229 0.82834
2 0 0 0.95696
3 1 2 0.966635
6 0 0 0.931845
7 0 0 0.953868

1
1 0 0 0.822012

7
1 3 4738 0.878075
2 0 0 0.824439
3 0 2187 1.03491
6 0 0 1.03775
7 0 9160 0.96957
14 0 0 0.852195
15 0 0 0.936843

3
1 3 387 0.90996
2 0 0 0.964824
3 0 0 0.9916

1
1 0 0 1.0104

3
1 1 1 0.89935
2 0 0 1.02896
3 0 0 0.805388

3
1 0 1743 0.891216
2 0 0 1.06048
3 0 0 0.816668

1
1 0 0 0.854079

1
1 0 0 0.867307

1
1 0 0 0.882833

3
1 2 3 0.838821
2 0 0 0.760808
3 0 0 0.915855

1
1 0 0 0.770804

3
1 1 2 0.880136
2 0 0 0.841503
3 0 0 1.02244

3
1 1 1 0.840466
2 0 0 1.03881
3 0 0 0.838558

3
1 1 1 0.897415
2 0 0 0.96469
3 0 0 0.801605

3
1 0 9566 0.759952
2 0 0 0.743241
3 0 0 0.906204

3
1 3 4675 0.911778
2 0 0 0.893879
3 0 0 0.899527

5
1 3 5216 0.764644
2 0 0 0.850941
3 2 3 1.02017
6 0 0 0.837951
7 0 0 1.01616

3
1 1 1 0.75438
2 0 0 0.909058
3 0 0 0.745868

3
1 1 2 0.863426
2 0 0 0.788459
3 0 0 0.903903

3
1 0 2517 0.939842
2 0 0 1.01715
3 0 0 0.891544

3
1 1 1 0.902814
2 0 0 1.10407
3 0 0 0.859173

3
1 1 2 0.967563
2 0 0 0.831891
3 0 0 1.06782

3
1 3 5200 0.788671
2 0 0 0.777069
3 0 0 0.93547

3
1 0 2436 0.870504
2 0 0 0.95366
3 0 0 0.831913

3
1 0 1030 0.880508
2 0 0 0.898147
3 0 0 0.886587

3
1 2 4 0.815682
2 0 0 0.963951
3 0 0 0.977911

1
1 0 0 0.77946

7
1 1 1 0.760125
2 0 0 1.00548
3 0 1014 0.897273
6 2 1 0.938352
12 0 0 1.02787
13 0 0 1.06665
7 0 0 0.887231

3
1 0 819 0.939296
2 0 0 0.96883
3 0 0 0.753653

3
1 1 1 0.823037
2 0 0 1.05929
3 0 0 0.844005

5
1 1 2 0.896007
2 0 0 0.798515
3 3 1552 0.89718
6 0 0 0.884409
7 0 0 0.857673

5
1 0 1170 0.806613
2 0 0 0.973513
3 0 1227 0.816829
6 0 0 0.949176
7 0 0 0.802659

5
1 0 2212 0.867854
2 3 2567 1.04586
4 0 0 1.08471
5 0 0 0.935183
3 0 0 0.842797

1
1 0 0 0.798645

3
1 1 1 0.966612
2 0 0 1.12747
3 0 0 0.777793

3
1 3 134 0.831922
2 0 0 0.969946
3 0 0 0.826379

5
1 3 3446 1.00219
2 0 0 0.970507
3 1 1 0.949293
6 0 0 0.883586
7 0 0 0.982918

3
1 0 77 0.90975
2 0 0 0.971298
3 0 0 0.904627

3
1 2 4 0.851911
2 0 0 0.90289
3 0 0 0.829502

1
1 0 0 0.748645

3
1 0 9645 0.939709
2 0 0 0.921179
3 0 0 0.851842

3
1 3 2786 0.873431
2 0 0 0.912485
3 0 0 0.873602

7
1 0 2724 0.872625
2 1 2 0.926303
4 0 0 0.939685
5 0 95 0.913842
10 0 0 0.933053
11 0 0 0.981092
3 0 0 0.868611

1
1 0 0 0.784659

3
1 3 412 0.830913
2 0 0 0.926719
3 0 0 0.815395

5
1 3 281 0.855864
2 0 0 1.06549
3 1 2 0.83884
6 0 0 0.835214
7 0 0 0.970842

3
1 1 2 0.89724
2 0 0 0.830863
3 0 0 0.895773

5
1 1 2 0.879577
2 3 4865 0.834169
4 0 0 0.777155
5 0 0 0.974137
3 0 0 0.95174

3
1 0 163 0.794156
2 0 0 0.879536
3 0 0 0.799827

7
1 1 1 0.864965
2 0 2872 0.870676
4 0 0 1.09251
5 3 4389 0.896857
10 0 0 0.935447
11 0 0 0.894627
3 0 0 0.798586

3
1 1 1 0.903845
2 0 0 0.913231
3 0 0 0.824972

3
1 1 1 0.940891
2 0 0 0.890452
3 0 0 0.750247

3
1 0 2249 0.843112
2 0 0 0.955023
3 0 0 0.89034

3
1 1 1 0.915375
2 0 0 0.932501
3 0 0 0.832883

3
1 1 1 0.82802
2 0 0 1.02603
3 0 0 0.883993

5
1 1 1 0.982624
2 2 3 0.938186
4 0 0 0.997971
5 0 0 1.03447
3 0 0 0.767922

3
1 1 1 0.873051
2 0 0 0.994538
3 0 0 0.916477

7
1 3 3341 0.933779
2 0 0 1.00057
3 3 3752 0.994642
6 0 0 1.05958
7 2 2 1.02267
14 0 0 0.90443
15 0 0 1.00236

3
1 1 1 0.862904
2 0 0 1.05031
3 0 0 0.776799

5
1 3 3703 0.923424
2 0 0 0.898358
3 3 4270 0.918793
6 0 0 0.911286
7 0 0 0.872088

5
1 3 4150 0.853933
2 0 8971 0.834741
4 0 0 0.854558
5 0 0 0.92517
3 0 0 0.908968

3
1 1 2 0.894324
2 0 0 0.819435
3 0 0 0.942975

3
1 3 2712 0.825078
2 0 0 0.911405
3 0 0 0.911737

5
1 0 68 0.817038
2 0 27 1.10417
4 0 0 1.09149
5 0 0 1.04317
3 0 0 0.865077

7
1 1 2 0.850955
2 0 0 0.932345
3 0 7710 0.939902
6 0 860 0.977513
12 0 0 1.05578
13 0 0 1.04728
7 0 0 1.03504

5
1 1 1 0.938024
2 0 1548 0.959848
4 0 0 0.912757
5 0 0 0.923668
3 0 0 0.796664

3
1 1 2 0.827621
2 0 0 0.835744
3 0 0 0.964988

5
1 0 1859 0.886296
2 3 4710 0.911236
4 0 0 0.912386
5 0 0 1.0161
3 0 0 0.929033

3
1 3 1587 0.795927
2 0 0 0.914887
3 0 0 0.882792

3
1 1 2 0.867261
2 0 0 0.857427
3 0 0 1.08768

3
1 1 2 0.884917
2 0 0 0.87662
3 0 0 0.90257

5
1 3 2842 0.89526
2 2 2 0.936606
4 0 0 0.977171
5 0 0 0.956596
3 0 0 0.793683

3
1 1 1 0.934521
2 0 0 1.08175
3 0 0 0.76535

1
1 0 0 0.861313

3
1 1 1 0.842565
2 0 0 1.03916
3 0 0 0.750579

3
1 0 9821 0.85309
2 0 0 0.785089
3 0 0 0.937883

3
1 1 1 0.962088
2 0 0 0.95139
3 0 0 0.992656

3
1 0 209 0.810103
2 0 0 0.857699
3 0 0 0.792666

5
1 0 4281 0.912438
2 1 2 0.913436
4 0 0 0.903593
5 0 0 0.937788
3 0 0 0.885529

3
1 0 1675 0.805669
2 0 0 1.04248
3 0 0 0.810094

5
1 1 2 0.820094
2 0 0 0.930369
3 3 1356 0.997574
6 0 0 1.03955
7 0 0 0.965649

1
1 0 0 0.77792

3
1 1 2 1.00613
2 0 0 0.922361
3 0 0 1.01215

3
1 2 4 0.973438
2 0 0 0.888281
3 0 0 0.96926

5
1 2 4 0.878409
2 1 1 0.936382
4 0 0 0.971906
5 0 0 0.850921
3 0 0 0.944327

3
1 1 1 0.889753
2 0 0 1.00768
3 0 0 0.854474

1
1 0 0 0.907132

3
1 1 1 0.83621
2 0 0 1.00326
3 0 0 0.742457

3
1 1 1 0.85643
2 0 0 0.980643
3 0 0 0.785327

3
1 1 1 0.864434
2 0 0 1.02014
3 0 0 0.807863

1
1 0 0 0.800055

3
1 2 4 0.861871
2 0 0 0.878307
3 0 0 0.999867

1
1 0 0 0.747142

1
1 0 0 0.814209

5
1 2 4 0.912215
2 1 2 0.927806
4 0 0 0.866667
5 0 0 0.907768
3 0 0 0.888635

3
1 1 1 0.921237
2 0 0 1.16083
3 0 0 0.863752

3
1 3 44 0.89373
2 0 0 1.0013
3 0 0 0.93223

7
1 0 4744 0.895435
2 0 0 1.0079
3 3 1952 0.866071
6 0 0 1.1068
7 3 3154 0.946234
14 0 0 0.941021
15 0 0 0.909212

3
1 2 4 0.91953
2 0 0 0.892254
3 0 0 1.00155

1
1 0 0 0.8256

3
1 1 2 0.850974
2 0 0 0.872483
3 0 0 0.939546

3
1 3 190 0.837491
2 0 0 1.05285
3 0 0 0.736361

1
1 0 0 0.860928

5
1 2 3 0.883704
2 2 1 0.874351
4 0 0 0.861359
5 0 0 0.783194
3 0 0 1.00265

3
1 0 5857 0.788348
2 0 0 0.967232
3 0 0 0.900553

5
1 1 2 0.847121
2 0 0 0.868328
3 3 3340 0.96077
6 0 0 0.898448
7 0 0 0.980669

3
1 1 1 0.928712
2 0 0 1.00233
3 0 0 0.744622

3
1 0 3376 0.913064
2 0 0 1.13588
3 0 0 0.759334

3
1 1 1 0.874012
2 0 0 1.09496
3 0 0 0.720123

3
1 0 1324 1.00044
2 0 0 1.14418
3 0 0 0.921608

1
1 0 0 0.971166

7
1 1 1 0.945904
2 3 5347 0.995481
4 2 1 1.0101
8 0 0 0.958612
9 0 0 0.955385
5 0 0 1.07571
3 0 0 0.881637

7
1 1 1 0.88191
2 3 4568 0.937278
4 0 0 0.90033
5 0 0 0.977485
3 3 3302 0.911409
6 0 0 0.976471
7 0 0 0.812241

1
1 0 0 0.716985

3
1 0 700 0.907492
2 0 0 0.975466
3 0 0 0.957394

3
1 0 199 0.783893
2 0 0 1.13342
3 0 0 0.870334

1
1 0 0 0.810121

5
1 0 143 0.857523
2 0 45 1.05313
4 0 0 0.951827
5 0 0 0.9674
3 0 0 0.81733

5
1 1 1 0.940926
2 0 0 0.981003
3 0 601 0.788598
6 0 0 1.12512
7 0 0 0.806396

3
1 1 2 0.866087
2 0 0 0.781489
3 0 0 0.960346

3
1 0 401 0.834926
2 0 0 0.961673
3 0 0 0.932772

3
1 3 2193 0.82073
2 0 0 0.896413
3 0 0 0.863077

3
1 3 133 0.852703
2 0 0 0.970558
3 0 0 0.811464

3
1 1 2 0.93694
2 0 0 0.912875
3 0 0 0.911869

5
1 3 1724 0.855038
2 0 6897 1.05252
4 0 0 1.11621
5 0 0 0.978902
3 0 0 0.93958

3
1 3 197 0.919733
2 0 0 0.939209
3 0 0 0.945617

1
1 0 0 0.767309

3
1 1 1 0.760125
2 0 0 1.05075
3 0 0 0.811388

7
1 1 2 0.823019
2 0 0 0.740801
3 0 9554 1.00282
6 3 4063 1.04069
12 0 0 0.997642
13 0 0 1.07667
7 0 0 0.952047

5
1 3 3312 0.905517
2 0 1102 0.879897
4 0 0 1.04377
5 0 0 0.932316
3 0 0 0.904643

5
1 1 2 0.880003
2 0 0 0.900502
3 2 1 1.05532
6 0 0 0.939469
7 0 0 1.04078

1
1 0 0 0.732775

5
1 2 2 0.913185
2 0 0 1.05539
3 2 4 0.905583
6 0 0 0.921224
7 0 0 0.907812

3
1 0 269 0.771535
2 0 0 0.996639
3 0 0 0.836944

3
1 1 1 0.93479
2 0 0 1.07789
3 0 0 0.863272

5
1 3 1411 0.901159
2 0 0 0.894208
3 0 980 0.838933
6 0 0 0.895808
7 0 0 0.793233

3
1 0 9771 0.838403
2 0 0 0.793669
3 0 0 1.06389

3
1 1 2 0.946475
2 0 0 0.891706
3 0 0 0.97332

3
1 0 2803 0.847244
2 0 0 1.06607
3 0 0 0.764698

5
1 0 8877 0.859428
2 0 0 0.941271
3 0 8901 0.873613
6 0 0 1.05008
7 0 0 0.911845

3
1 0 5992 0.803116
2 0 0 0.962135
3 0 0 0.874547

1
1 0 0 0.787148

1
1 0 0 0.794535

5
1 2 1 0.939304
2 0 0 0.864037
3 3 3169 0.937438
6 0 0 0.939629
7 0 0 0.937812

1
1 0 0 0.807605

3
1 1 1 0.822474
2 0 0 0.995291
3 0 0 0.813146

3
1 3 85 0.76341
2 0 0 0.940998
3 0 0 0.743692

3
1 1 2 0.940219
2 0 0 0.90901
3 0 0 1.05521

3
1 3 5112 0.783557
2 0 0 0.795412
3 0 0 0.967145

1
1 0 0 0.763493

3
1 1 1 0.868706
2 0 0 0.908088
3 0 0 0.956645

7
1 0 8573 0.930005
2 2 1 0.928558
4 0 0 0.972851
5 0 0 0.791546
3 0 9984 1.12139
6 0 0 1.03451
7 0 0 1.03994

3
1 0 1036 0.861709
2 0 0 1.03643
3 0 0 0.848259

1
1 0 0 0.819859

5
1 1 1 0.845563
2 0 0 1.02289
3 1 2 0.887746
6 0 0 0.899397
7 0 0 0.890697

5
1 1 1 0.982624
2 3 1529 0.973765
4 0 0 1.14919
5 0 0 0.966315
3 0 0 0.747711

5
1 1 1 0.873051
2 3 823 1.02106
4 0 0 1.11113
5 0 0 0.978928
3 0 0 0.796262

3
1 1 1 0.887784
2 0 0 0.988946
3 0 0 0.820924

3
1 1 1 0.862904
2 0 0 0.952426
3 0 0 0.72771

3
1 1 2 0.899518
2 0 0 0.871703
3 0 0 0.951077

3
1 1 1 0.941061
2 0 0 0.911133
3 0 0 0.821738

5
1 3 2867 0.904144
2 3 2514 0.914868
4 0 0 1.00638
5 0 0 1.08116
3 0 0 0.863945

7
1 3 233 0.913524
2 0 6403 0.907522
4 0 5809 1.03956
8 0 0 1.01152
9 0 0 1.02742
5 0 0 0.985101
3 0 0 0.821792

3
1 1 1 0.862726
2 0 0 0.938044
3 0 0 0.87826

1
1 0 0 0.944865

3
1 0 1190 0.893852
2 0 0 1.00297
3 0 0 0.866645

3
1 2 4 0.896413
2 0 0 0.908808
3 0 0 1.08997

3
1 2 3 0.95852
2 0 0 0.946492
3 0 0 0.941142

5
1 1 2 0.905823
2 0 0 0.715469
3 2 2 1.00821
6 0 0 0.81186
7 0 0 0.966218

3
1 3 4113 0.861968
2 0 0 0.942605
3 0 0 0.920232

3
1 3 5321 0.919869
2 0 0 0.908092
3 0 0 0.969096

3
1 3 2842 0.89526
2 0 0 1.01909
3 0 0 0.921294

3
1 1 1 0.881619
2 0 0 0.996299
3 0 0 0.7142

3
1 1 2 0.850492
2 0 0 0.823559
3 0 0 1.01228

1
1 0 0 0.785891

5
1 1 1 0.886992
2 0 0 1.03258
3 0 47 0.753026
6 0 0 1.13845
7 0 0 0.786117

3
1 1 1 0.91286
2 0 0 1.08806
3 0 0 0.855359

3
1 1 1 0.873955
2 0 0 1.14095
3 0 0 0.877532

5
1 2 2 0.932979
2 0 8214 0.905425
4 0 0 0.837484
5 0 0 1.09368
3 0 0 0.991316

5
1 1 1 0.86393
2 2 1 1.01207
4 0 0 0.994105
5 0 0 0.939475
3 0 0 0.898205

3
1 1 2 0.965832
2 0 0 0.83296
3 0 0 0.986352

1
1 0 0 0.700963

5
1 2 1 0.84979
2 3 1933 0.907071
4 0 0 0.971523
5 0 0 0.875535
3 0 0 1.00459

5
1 3 5004 0.816625
2 0 0 0.847138
3 3 5158 0.923469
6 0 0 1.04325
7 0 0 0.951738

3
1 0 9932 0.829614
2 0 0 0.827253
3 0 0 0.972711

3
1 0 2001 0.908298
2 0 0 1.02685
3 0 0 0.880095

5
1 1 1 0.847895
2 3 4456 0.965331
4 0 0 0.925911
5 0 0 0.969029
3 0 0 0.874543

1
1 0 0 0.828391

5
1 1 1 0.89198
2 2 1 1.00979
4 0 0 0.925724
5 0 0 0.994552
3 0 0 0.871398

1
1 0 0 0.92368

3
1 0 3434 0.829284
2 0 0 1.02568
3 0 0 0.867329

7
1 1 2 0.939151
2 0 0 0.865186
3 0 5662 0.95835
6 0 4015 1.09189
12 0 0 0.981827
13 0 0 0.906688
7 0 0 0.94914

3
1 1 1 0.856548
2 0 0 0.96533
3 0 0 0.766574

3
1 1 2 0.854279
2 0 0 0.928576
3 0 0 0.976511

3
1 1 2 0.794982
2 0 0 0.767128
3 0 0 0.994662

3
1 1 1 0.921237
2 0 0 1.0157
3 0 0 0.750748

1
1 0 0 0.679227

5
1 0 1905 0.883539
2 0 0 0.915447
3 3 664 0.848229
6 0 0 0.966877
7 0 0 0.901264

3
1 1 1 0.980592
2 0 0 0.903375
3 0 0 0.7747

3
1 3 5350 0.862813
2 0 0 0.894408
3 0 0 0.811043

3
1 0 2834 0.900435
2 0 0 1.00963
3 0 0 0.848091

5
1 3 4873 0.892741
2 1 2 0.892437
4 0 0 0.927217
5 0 0 1.05781
3 0 0 0.965886

3
1 1 1 0.855953
2 0 0 0.914399
3 0 0 0.861289

3
1 3 2420 0.867399
2 0 0 0.84577
3 0 0 0.881988

3
1 0 6 0.921198
2 0 0 1.10382
3 0 0 0.829414

5
1 1 1 0.841092
2 3 3288 0.90627
4 0 0 0.986011
5 0 0 0.942967
3 0 0 0.86697

3
1 0 4800 0.852899
2 0 0 0.808849
3 0 0 0.825121

3
1 1 2 0.829275
2 0 0 0.794991
3 0 0 1.09069

7
1 1 1 0.874012
2 3 5280 1.1465
4 2 4 1.12569
8 0 0 1.17995
9 0 0 0.99095
5 0 0 0.925236
3 0 0 0.783403

5
1 1 1 0.839006
2 0 0 1.05445
3 1 2 0.867344
6 0 0 0.913127
7 0 0 0.990562

3
1 0 3070 0.792807
2 0 0 0.947745
3 0 0 0.81592

3
1 1 1 0.949076
2 0 0 0.918176
3 0 0 0.800282

5
1 1 1 0.88191
2 0 5001 1.06309
4 0 0 1.01766
5 0 0 1.0163
3 0 0 0.749204

3
1 2 3 0.907756
2 0 0 0.869092
3 0 0 0.957387

1
1 0 0 0.833298

5
1 0 1228 0.768896
2 1 1 0.918197
4 0 0 0.883014
5 0 0 0.935558
3 0 0 0.893046

1
1 0 0 0.781594

7
1 0 1359 0.848803
2 3 1604 1.04048
4 0 0 1.00881
5 0 0 0.952928
3 0 6476 0.840951
6 0 0 1.03209
7 0 0 0.801706

3
1 2 4 0.942706
2 0 0 0.877526
3 0 0 1.01496

3
1 0 830 0.832572
2 0 0 0.920948
3 0 0 0.897049

3
1 1 1 0.827384
2 0 0 1.28105
3 0 0 0.75236

3
1 0 6409 0.898994
2 0 0 0.895737
3 0 0 0.850872

1
1 0 0 0.858219

1
1 0 0 0.755722

1
1 0 0 0.881341

3
1 3 3125 0.882599
2 0 0 0.973094
3 0 0 0.910042

1
1 0 0 0.900358

1
1 0 0 0.801845

5
1 0 1008 0.936095
2 3 256 1.05439
4 0 0 0.941197
5 0 0 0.94342
3 0 0 0.850478

5
1 0 4317 0.895425
2 0 3582 0.92548
4 0 0 0.96876
5 0 0 0.979636
3 0 0 0.906362

9
1 0 6843 0.84575
2 0 0 0.806966
3 1 2 0.8895
6 0 0 0.945363
7 3 3738 0.899956
14 0 0 1.04566
15 2 3 0.915826
30 0 0 1.05459
31 0 0 0.948553

5
1 0 3567 0.967343
2 0 1843 1.01748
4 0 0 0.997159
5 0 0 0.901737
3 0 0 0.895985

3
1 1 2 0.888679
2 0 0 0.857078
3 0 0 0.969264

3
1 1 1 0.840889
2 0 0 0.95474
3 0 0 0.770935

9
1 3 1909 0.860354
2 2 4 0.897762
4 3 130 0.897613
8 0 0 0.980459
9 0 0 1.00561
5 0 0 1.07879
3 2 4 0.930243
6 0 0 0.891233
7 0 0 0.949694

3
1 0 2379 0.866577
2 0 0 0.958611
3 0 0 0.805766

3
1 2 2 0.861206
2 0 0 0.861559
3 0 0 0.980409

3
1 0 966 0.815909
2 0 0 1.02551
3 0 0 0.714201

3
1 1 1 0.902069
2 0 0 1.09497
3 0 0 0.68708

7
1 2 4 0.942959
2 0 0 0.831459
3 0 2261 0.946501
6 0 0 1.04189
7 0 8565 0.998965
14 0 0 0.956338
15 0 0 0.853842

3
1 3 748 0.838714
2 0 0 0.787073
3 0 0 0.911826

1
1 0 0 0.749915

5
1 1 1 0.832548
2 0 0 1.03154
3 0 9322 0.900651
6 0 0 0.874314
7 0 0 0.951457

1
1 0 0 0.771708

3
1 2 4 0.899822
2 0 0 0.890409
3 0 0 0.92784

5
1 0 1860 0.890627
2 0 0 1.01542
3 0 5453 0.918454
6 0 0 0.994417
7 0 0 0.838016

1
1 0 0 0.802908

1
1 0 0 0.765151

3
1 1 2 0.789284
2 0 0 0.905913
3 0 0 1.01208

5
1 0 4726 0.858354
2 0 0 1.02286
3 2 1 0.984069
6 0 0 0.98272
7 0 0 0.939877

3
1 1 2 0.879415
2 0 0 0.843572
3 0 0 1.06243

1
1 0 0 0.841993

7
1 3 5381 0.790012
2 0 0 0.802787
3 0 8123 0.961475
6 2 3 0.919745
12 0 0 0.837811
13 0 0 0.982613
7 0 0 1.05836

3
1 0 2601 0.868259
2 0 0 0.887917
3 0 0 0.772047

7
1 1 2 0.872845
2 0 0 0.746101
3 0 4171 1.01956
6 0 0 0.982019
7 3 1211 0.981221
14 0 0 1.02925
15 0 0 1.04765

5
1 1 1 0.854783
2 3 603 1.03015
4 0 0 1.00458
5 0 0 0.951231
3 0 0 0.769219

3
1 0 4042 0.821672
2 0 0 0.813705
3 0 0 0.875099

3
1 1 1 0.887784
2 0 0 1.00706
3 0 0 0.759098

1
1 0 0 0.816405

5
1 2 2 0.970189
2 0 0 0.948223
3 3 3222 0.988315
6 0 0 0.837326
7 0 0 0.980686

3
1 3 4538 0.882023
2 0 0 0.923296
3 0 0 0.885073

3
1 0 5261 0.891914
2 0 0 0.982187
3 0 0 0.944496

5
1 3 1232 0.845057
2 0 0 0.986733
3 2 3 0.867373
6 0 0 0.912202
7 0 0 0.906181

3
1 1 1 0.866712
2 0 0 0.938911
3 0 0 0.672501

3
1 0 199 0.809529
2 0 0 0.969035
3 0 0 0.760486

7
1 2 4 0.933758
2 0 0 0.981123
3 1 1 0.918027
6 0 8250 0.990907
12 0 0 0.928633
13 0 0 0.975923
7 0 0 0.985326

3
1 3 3252 0.934083
2 0 0 0.929924
3 0 0 0.824402

3
1 0 322 0.749684
2 0 0 1.13684
3 0 0 0.885263

5
1 1 2 0.848922
2 0 0 0.807765
3 0 6423 1.03293
6 0 0 1.08094
7 0 0 0.984561

1
1 0 0 0.713223

3
1 3 777 0.914543
2 0 0 0.943096
3 0 0 0.941668

3
1 3 2842 0.89526
2 0 0 0.86373
3 0 0 0.79738

3
1 1 1 0.932493
2 0 0 0.946024
3 0 0 0.901317

1
1 0 0 0.945492

3
1 0 4038 0.87967
2 0 0 0.879717
3 0 0 0.866012

7
1 1 1 0.886992
2 0 0 0.993211
3 2 4 0.883468
6 1 2 0.919003
12 0 0 0.957119
13 0 0 1.00185
7 0 0 0.923244

3
1 2 3 0.904123
2 0 0 0.916825
3 0 0 0.890314

3
1 1 1 0.923371
2 0 0 1.17489
3 0 0 0.78362

3
1 1 1 0.931683
2 0 0 1.11331
3 0 0 0.92439

3
1 1 1 0.86393
2 0 0 0.82521
3 0 0 0.74934

3
1 0 7716 0.816361
2 0 0 0.835263
3 0 0 0.977914

3
1 0 164 0.85878
2 0 0 0.969384
3 0 0 0.764935

3
1 1 1 0.909362
2 0 0 0.912292
3 0 0 0.76431

3
1 3 224 0.886738
2 0 0 1.04657
3 0 0 0.82431

3
1 3 2877 0.87283
2 0 0 1.06112
3 0 0 0.827798

3
1 3 206 0.854039
2 0 0 1.06923
3 0 0 0.814739

5
1 0 4456 0.925746
2 3 2086 1.08444
4 0 0 0.879354
5 0 0 0.99531
3 0 0 0.97621

3
1 1 1 0.891933
2 0 0 1.13583
3 0 0 0.79391

3
1 0 2207 0.854083
2 0 0 1.07858
3 0 0 0.769096

3
1 2 2 0.920198
2 0 0 1.00586
3 0 0 0.900311

3
1 3 2294 0.822267
2 0 0 0.817903
3 0 0 0.919654

3
1 2 4 0.859991
2 0 0 0.785049
3 0 0 1.00813

3
1 3 4232 0.948924
2 0 0 0.931244
3 0 0 0.894377

5
1 0 650 0.876423
2 0 0 0.865319
3 2 4 0.975063
6 0 0 0.969121
7 0 0 1.0029

3
1 1 2 0.794982
2 0 0 0.840195
3 0 0 0.954946

3
1 1 1 0.921237
2 0 0 1.13405
3 0 0 0.727605

5
1 2 1 0.913847
2 0 0 0.907781
3 1 1 0.923708
6 0 0 0.934543
7 0 0 0.970134

1
1 0 0 0.865835

5
1 1 1 0.88648
2 2 2 0.966074
4 0 0 0.997202
5 0 0 1.00006
3 0 0 0.858717

3
1 0 7024 0.868849
2 0 0 0.917075
3 0 0 0.76338

3
1 2 4 0.844608
2 0 0 0.970307
3 0 0 0.941507

3
1 3 2473 0.862917
2 0 0 0.864538
3 0 0 0.901847

3
1 0 3912 0.8942
2 0 0 0.964644
3 0 0 0.904855

3
1 0 56 0.804601
2 0 0 0.942921
3 0 0 0.759781

1
1 0 0 0.810534

3
1 1 1 0.852371
2 0 0 1.02555
3 0 0 0.774011

3
1 0 6598 0.8445
2 0 0 0.909646
3 0 0 0.873525

1
1 0 0 0.888178

1
1 0 0 0.910493

7
1 1 1 0.839006
2 3 3801 1.06304
4 0 0 0.970296
5 0 0 1.02065
3 1 2 0.865726
6 0 0 0.779947
7 0 0 0.949797

7
1 0 5697 0.903412
2 3 1299 0.911254
4 0 0 0.82288
5 0 0 0.923585
3 1 2 0.956351
6 0 0 1.01465
7 0 0 0.986023

3
1 0 769 0.735525
2 0 0 0.90615
3 0 0 0.695487

3
1 3 1990 0.828735
2 0 0 0.83772
3 0 0 0.818141

3
1 2 4 0.796544
2 0 0 0.922355
3 0 0 0.894443

3
1 1 2 0.893264
2 0 0 0.744307
3 0 0 1.00517

5
1 3 740 0.865071
2 0 0 1.07272
3 2 2 0.903188
6 0 0 0.917525
7 0 0 0.934671

3
1 0 9025 0.839097
2 0 0 0.951663
3 0 0 0.910706

3
1 3 715 0.826093
2 0 0 0.88337
3 0 0 0.816768

1
1 0 0 0.759358

3
1 1 1 0.985243
2 0 0 0.989426
3 0 0 0.779738

3
1 1 1 0.827384
2 0 0 0.969772
3 0 0 0.881026

1
1 0 0 0.78089

1
1 0 0 0.92365

5
1 3 3153 0.86352
2 0 0 0.93752
3 1 1 0.884631
6 0 0 0.994158
7 0 0 0.937062

5
1 0 141 0.930066
2 0 0 1.07379
3 0 5151 0.890615
6 0 0 0.886776
7 0 0 0.834977

3
1 0 6541 0.913842
2 0 0 0.997226
3 0 0 0.88532

5
1 3 1644 0.84644
2 0 415 1.024
4 0 0 1.01927
5 0 0 0.991267
3 0 0 0.738348

7
1 1 1 0.872109
2 0 6376 1.04651
4 0 0 0.944681
5 0 0 1.08486
3 1 2 0.829583
6 0 0 0.796101
7 0 0 0.98121

3
1 3 4631 0.876308
2 0 0 0.869045
3 0 0 0.920015

5
1 1 2 0.877465
2 0 0 0.891179
3 0 2976 1.13676
6 0 0 1.00771
7 0 0 1.13078

3
1 3 1545 0.882187
2 0 0 0.926892
3 0 0 0.825728

3
1 0 6171 0.87603
2 0 0 0.935069
3 0 0 0.858321

5
1 0 1481 0.948013
2 0 1352 1.1532
4 0 0 1.08208
5 0 0 0.917171
3 0 0 0.871327

5
1 0 412 0.79895
2 3 4263 1.03264
4 0 0 1.00991
5 0 0 0.992469
3 0 0 0.844278

3
1 1 1 0.855424
2 0 0 0.97884
3 0 0 0.754679

5
1 0 8984 0.955637
2 0 0 1.03213
3 2 3 0.965126
6 0 0 0.897339
7 0 0 1.03492

3
1 1 1 0.796783
2 0 0 0.856851
3 0 0 0.809521

1
1 0 0 0.835252

3
1 1 1 0.902069
2 0 0 1.04318
3 0 0 0.841612

3
1 1 1 0.812358
2 0 0 1.04321
3 0 0 0.846423

3
1 1 1 0.810824
2 0 0 1.01679
3 0 0 0.825621

5
1 1 1 0.93343
2 3 3664 1.04713
4 0 0 1.15938
5 0 0 0.953946
3 0 0 0.785847

3
1 1 1 0.832548
2 0 0 1.03935
3 0 0 0.824718

5
1 0 9792 0.871069
2 0 0 0.832151
3 1 1 0.931188
6 0 0 0.967768
7 0 0 0.898825

1
1 0 0 0.791508

1
1 0 0 0.794787

5
1 1 2 0.841691
2 2 2 0.897493
4 0 0 0.877356
5 0 0 0.925851
3 0 0 0.948374

5
1 2 4 0.774019
2 0 0 0.887311
3 3 4868 0.988896
6 0 0 1.0556
7 0 0 1.19627

1
1 0 0 0.74026

1
1 0 0 0.80839

5
1 1 2 0.86519
2 1 1 0.845149
4 0 0 0.858926
5 0 0 0.832344
3 0 0 0.913224

3
1 0 1991 0.848607
2 0 0 0.908199
3 0 0 0.786947

5
1 0 2760 0.809615
2 1 1 0.902793
4 0 0 0.928985
5 0 0 0.814985
3 0 0 0.855646

3
1 2 3 0.931803
2 0 0 0.898644
3 0 0 0.879595

3
1 0 1323 0.788042
2 0 0 1.15859
3 0 0 0.852681

3
1 0 899 0.939314
2 0 0 0.904035
3 0 0 0.942783

3
1 2 1 0.826714
2 0 0 0.914725
3 0 0 0.77814

7
1 1 1 0.862451
2 2 1 0.980317
4 0 0 1.05095
5 0 0 1.08337
3 0 346 0.770423
6 0 0 0.857025
7 0 0 0.788211

3
1 1 1 0.776697
2 0 0 0.973816
3 0 0 0.851292

3
1 1 2 0.874191
2 0 0 0.698991
3 0 0 1.00726

3
1 2 2 0.849804
2 0 0 0.947152
3 0 0 0.799061

5
1 0 4375 0.930074
2 0 1910 0.92944
4 0 0 0.964083
5 0 0 0.979375
3 0 0 0.812589

5
1 1 2 0.931158
2 0 134 0.827363
4 0 0 1.17412
5 0 0 0.770728
3 0 0 0.964607

3
1 3 16 0.729525
2 0 0 1.00484
3 0 0 0.744928

5
1 0 5807 0.940072
2 0 0 0.852318
3 3 133 0.811231
6 0 0 1.06013
7 0 0 0.863309

5
1 0 238 0.803468
2 3 1249 0.879942
4 0 0 0.987671
5 0 0 0.942744
3 0 0 0.885276

5
1 2 4 0.852573
2 0 0 0.884301
3 1 1 0.95198
6 0 0 1.01135
7 0 0 0.985175

1
1 0 0 0.81573

3
1 1 2 0.848922
2 0 0 0.883956
3 0 0 1.00262

3
1 0 706 0.845876
2 0 0 0.983222
3 0 0 0.862662

7
1 0 2084 0.856944
2 0 0 0.920442
3 2 3 0.964564
6 0 0 0.886389
7 3 5314 1.02626
14 0 0 0.919854
15 0 0 1.07386

3
1 0 855 0.922507
2 0 0 1.04895
3 0 0 0.824826

1
1 0 0 0.900069

3
1 2 1 0.870387
2 0 0 0.913708
3 0 0 0.995244

3
1 3 505 0.84991
2 0 0 0.941582
3 0 0 0.841075

1
1 0 0 0.765034

3
1 1 1 0.847244
2 0 0 1.01229
3 0 0 0.737489

3
1 1 1 0.896447
2 0 0 1.14665
3 0 0 0.820967

3
1 3 2623 0.839711
2 0 0 0.95464
3 0 0 0.803897

3
1 1 1 0.86393
2 0 0 1.03734
3 0 0 0.783363

3
1 1 1 0.97443
2 0 0 1.02319
3 0 0 0.934616

5
1 2 2 0.859831
2 1 1 0.874604
4 0 0 0.870624
5 0 0 0.90303
3 0 0 1.10199

3
1 1 1 0.909362
2 0 0 0.987601
3 0 0 0.901135

1
1 0 0 0.841158

5
1 3 3276 0.869636
2 0 0 0.952671
3 0 4758 0.843818
6 0 0 0.89387
7 0 0 0.917329

5
1 3 393 0.826213
2 2 2 0.998728
4 0 0 1.05001
5 0 0 0.948489
3 0 0 0.76754

1
1 0 0 0.785711

3
1 1 2 0.851833
2 0 0 0.849273
3 0 0 1.02108

3
1 2 1 0.847932
2 0 0 0.948501
3 0 0 0.891727

3
1 1 1 0.836788
2 0 0 0.987597
3 0 0 0.710744

3
1 3 5283 0.863731
2 0 0 0.87066
3 0 0 0.908587

3
1 3 3852 0.86778
2 0 0 0.931748
3 0 0 0.85741

3
1 3 2343 0.899077
2 0 0 0.79472
3 0 0 0.812932

3
1 1 1 0.841785
2 0 0 0.877097
3 0 0 0.844331

1
1 0 0 0.878955

3
1 1 1 0.966083
2 0 0 0.95681
3 0 0 0.855638

3
1 1 2 0.888984
2 0 0 0.914751
3 0 0 1.05842

5
1 1 2 0.914752
2 1 1 0.909194
4 0 0 0.976575
5 0 0 0.930326
3 0 0 1.00943

3
1 3 2680 0.845322
2 0 0 0.832432
3 0 0 0.800083

3
1 1 1 0.903935
2 0 0 1.06599
3 0 0 0.78749

3
1 3 39 0.803008
2 0 0 0.962745
3 0 0 0.845875

3
1 0 4595 0.91358
2 0 0 0.936596
3 0 0 0.812858

7
1 2 4 0.925182
2 3 3051 0.941453
4 0 0 0.904666
5 0 0 0.906371
3 0 1120 0.881338
6 0 0 0.952788
7 0 0 1.078

3
1 0 482 0.829139
2 0 0 0.953696
3 0 0 0.904303

5
1 2 2 0.987836
2 0 1547 0.960078
4 0 0 0.984495
5 0 0 0.892245
3 0 0 0.975457

3
1 3 386 0.840401
2 0 0 0.95327
3 0 0 0.883921

3
1 3 1120 0.92161
2 0 0 0.863926
3 0 0 0.943329

5
1 1 2 0.898568
2 3 3195 0.922911
4 0 0 0.922551
5 0 0 0.887384
3 0 0 1.00989

5
1 3 5311 0.852959
2 0 0 0.895547
3 3 5381 0.996879
6 0 0 1.04477
7 0 0 1.00888

3
1 1 1 0.839006
2 0 0 0.908624
3 0 0 0.807056

3
1 3 125 0.80303
2 0 0 0.977546
3 0 0 0.857263

3
1 1 1 0.867727
2 0 0 0.962878
3 0 0 0.723012

3
1 1 1 0.863676
2 0 0 1.09515
3 0 0 0.769665

3
1 1 2 0.837361
2 0 0 0.804023
3 0 0 0.881576

1
1 0 0 0.872004

1
1 0 0 0.9592

3
1 1 1 0.855329
2 0 0 1.05782
3 0 0 0.796992

3
1 1 2 0.887414
2 0 0 0.838857
3 0 0 0.898761

7
1 0 2308 0.885098
2 0 1629 0.87928
4 0 0 1.07888
5 2 1 0.996463
10 0 0 0.965037
11 0 0 1.08915
3 0 0 0.867953

1
1 0 0 0.708863

1
1 0 0 0.766954

1
1 0 0 0.860405

3
1 0 857 0.882615
2 0 0 1.02802
3 0 0 0.854641

3
1 3 1610 0.869913
2 0 0 0.942152
3 0 0 0.882977

3
1 3 3459 0.873497
2 0 0 0.88112
3 0 0 0.869848

3
1 1 1 0.860828
2 0 0 0.917464
3 0 0 0.778477

5
1 1 1 0.853051
2 0 0 0.938463
3 2 3 0.935605
6 0 0 0.95605
7 0 0 0.949029

7
1 0 4254 0.956939
2 1 1 0.898176
4 0 2941 0.955207
8 0 0 1.03555
9 0 0 1.0771
5 0 0 1.05665
3 0 0 0.955768

1
1 0 0 0.805594

5
1 3 1304 0.890011
2 0 9492 1.093
4 0 0 1.09888
5 0 0 0.941761
3 0 0 0.869601

3
1 3 2385 0.885948
2 0 0 0.904948
3 0 0 0.919356

1
1 0 0 0.935473

3
1 1 1 0.829835
2 0 0 1.11534
3 0 0 0.796185

3
1 2 4 0.835242
2 0 0 0.832718
3 0 0 0.923522

3
1 2 4 0.860144
2 0 0 0.958235
3 0 0 0.846993

3
1 0 7112 0.920711
2 0 0 0.941154
3 0 0 0.898286

3
1 1 1 0.925011
2 0 0 1.07934
3 0 0 0.856636

3
1 1 1 0.835252
2 0 0 0.998242
3 0 0 0.760769

3
1 2 1 0.927974
2 0 0 0.968458
3 0 0 0.883099

5
1 2 2 0.91388
2 3 2496 0.938804
4 0 0 0.936012
5 0 0 1.01332
3 0 0 0.90937

3
1 1 1 0.810824
2 0 0 0.976331
3 0 0 0.899488

5
1 1 1 0.849831
2 3 704 1.11139
4 0 0 0.960378
5 0 0 1.0781
3 0 0 0.832116

3
1 3 810 0.859894
2 0 0 0.969111
3 0 0 0.836387

3
1 2 1 0.892888
2 0 0 0.85936
3 0 0 0.957156

3
1 3 186 0.774004
2 0 0 0.86132
3 0 0 0.841389

3
1 1 1 0.803175
2 0 0 0.973634
3 0 0 0.767441

3
1 1 2 0.84036
2 0 0 0.947043
3 0 0 0.876527

1
1 0 0 0.891518

5
1 3 4521 0.876471
2 0 1648 0.961627
4 0 0 0.940798
5 0 0 1.03183
3 0 0 0.965419

3
1 0 471 0.806909
2 0 0 0.925502
3 0 0 0.79143

1
1 0 0 0.792493

3
1 3 215 0.86376
2 0 0 0.995244
3 0 0 0.871356

5
1 3 3664 0.890501
2 2 3 0.87164
4 0 0 0.869903
5 0 0 1.01511
3 0 0 0.830239

5
1 0 98 0.722084
2 0 64 0.976733
4 0 0 0.949581
5 0 0 1.03448
3 0 0 0.748705

3
1 3 11 0.753503
2 0 0 1.0534
3 0 0 0.748405

1
1 0 0 0.712745

3
1 1 1 0.874539
2 0 0 0.948907
3 0 0 0.822618

5
1 1 1 0.862451
2 0 0 1.02682
3 1 2 0.903173
6 0 0 0.800642
7 0 0 0.937043

5
1 3 1375 0.951415
2 0 0 0.964427
3 3 1968 0.838063
6 0 0 1.02332
7 0 0 0.859991

3
1 0 664 0.888272
2 0 0 1.08566
3 0 0 0.860361

3
1 1 1 0.914862
2 0 0 1.01176
3 0 0 0.835714

5
1 2 4 0.874231
2 1 1 0.869962
4 0 0 0.874095
5 0 0 0.874735
3 0 0 0.969643

5
1 0 687 0.858141
2 2 1 0.88613
4 0 0 0.969325
5 0 0 0.983128
3 0 0 0.834077

5
1 0 419 0.825938
2 0 0 0.841339
3 0 3196 0.844311
6 0 0 1.11356
7 0 0 0.827017

3
1 0 1551 0.851905
2 0 0 0.988557
3 0 0 0.758812

5
1 3 1661 0.844528
2 1 2 1.01686
4 0 0 0.979406
5 0 0 0.998076
3 0 0 0.778242

5
1 1 2 0.787239
2 3 63 0.849773
4 0 0 1.09698
5 0 0 0.899906
3 0 0 0.95054

5
1 1 1 0.875314
2 0 4234 0.948138
4 0 0 1.07522
5 0 0 1.00912
3 0 0 0.74764

5
1 1 2 0.817134
2 2 1 0.795852
4 0 0 0.969438
5 0 0 0.781261
3 0 0 1.10474

1
1 0 0 0.809258

3
1 0 1180 0.909217
2 0 0 1.06671
3 0 0 0.89336

1
1 0 0 0.834699

1
1 0 0 0.71729

3
1 3 2212 0.899231
2 0 0 1.01232
3 0 0 0.933949

3
1 2 4 0.872851
2 0 0 0.764126
3 0 0 0.881401

3
1 1 1 0.792976
2 0 0 1.08737
3 0 0 0.763986

5
1 0 9950 0.8821
2 0 0 0.844812
3 0 9994 0.911736
6 0 0 0.945366
7 0 0 0.952095

5
1 1 2 0.844903
2 0 0 0.865193
3 3 1918 1.00017
6 0 0 0.985466
7 0 0 1.05142

3
1 1 2 0.889934
2 0 0 0.924748
3 0 0 1.00855

3
1 1 2 0.848347
2 0 0 0.810059
3 0 0 1.0462

5
1 3 1918 0.905915
2 3 1020 0.943605
4 0 0 0.931005
5 0 0 0.931587
3 0 0 0.829415

3
1 0 3396 0.867542
2 0 0 0.866406
3 0 0 0.958349

3
1 1 1 0.909362
2 0 0 1.15484
3 0 0 0.737408

1
1 0 0 0.900091

3
1 0 7043 0.88104
2 0 0 0.941918
3 0 0 0.797932

3
1 1 1 0.852745
2 0 0 1.00447
3 0 0 0.809365

5
1 0 7111 0.948788
2 3 4479 0.949026
4 0 0 0.893081
5 0 0 0.798927
3 0 0 0.964112

1
1 0 0 0.870832

5
1 0 1647 0.832272
2 0 0 0.895305
3 1 1 0.84158
6 0 0 0.898845
7 0 0 0.829877

3
1 1 1 0.836788
2 0 0 0.880149
3 0 0 0.806084

1
1 0 0 0.907669

3
1 1 1 0.901773
2 0 0 1.0902
3 0 0 0.808558

3
1 0 3962 0.847916
2 0 0 0.967344
3 0 0 0.865075

3
1 0 615 0.88374
2 0 0 0.99207
3 0 0 0.875616

3
1 1 1 0.800884
2 0 0 0.926366
3 0 0 0.791965

3
1 1 2 0.91521
2 0 0 1.01963
3 0 0 1.00867

3
1 3 1444 0.969942
2 0 0 0.871361
3 0 0 0.959013

5
1 1 2 0.914752
2 0 0 0.744317
3 0 9582 0.994295
6 0 0 1.04938
7 0 0 0.894391

1
1 0 0 0.712904

1
1 0 0 0.862756

7
1 3 533 0.871183
2 2 1 0.930275
4 0 0 0.956587
5 0 0 0.940463
3 0 1266 0.973446
6 0 0 0.968574
7 0 0 0.938809

3
1 1 2 0.910932
2 0 0 0.849366
3 0 0 0.934526

1
1 0 0 0.766354

5
1 0 2109 0.835116
2 0 0 1.01155
3 3 583 0.896888
6 0 0 0.893074
7 0 0 0.904077

5
1 1 2 0.927266
2 0 0 0.973513
3 2 2 0.983531
6 0 0 0.95433
7 0 0 0.984096

3
1 1 1 0.824253
2 0 0 1.03876
3 0 0 0.733801

3
1 1 1 0.843953
2 0 0 1.06358
3 0 0 0.863861

3
1 1 1 0.91953
2 0 0 1.14813
3 0 0 0.815002

5
1 3 4986 0.841824
2 0 0 0.814016
3 2 1 0.923072
6 0 0 0.921316
7 0 0 0.928694

3
1 2 3 0.926089
2 0 0 0.885694
3 0 0 1.00821

5
1 3 312 0.895473
2 0 0 1.13117
3 3 4819 0.972162
6 0 0 0.914074
7 0 0 1.01376

3
1 0 5801 0.884334
2 0 0 1.00356
3 0 0 0.796233

3
1 1 1 0.863676
2 0 0 1.14774
3 0 0 0.849

1
1 0 0 0.847874

3
1 1 2 0.947435
2 0 0 0.777542
3 0 0 0.93799

3
1 2 3 0.891344
2 0 0 0.931896
3 0 0 0.920922

5
1 3 5212 0.826828
2 1 2 0.889887
4 0 0 0.877612
5 0 0 0.898339
3 0 0 1.00948

3
1 0 321 0.891862
2 0 0 0.956115
3 0 0 0.913578

5
1 0 8153 0.892319
2 2 3 0.908705
4 0 0 0.932257
5 0 0 0.917462
3 0 0 0.931318

9
1 1 2 0.829189
2 1 1 0.889855
4 0 0 0.972943
5 0 0 0.787933
3 0 834 1.00919
6 0 0 0.953891
7 0 4441 1.05064
14 0 0 0.942334
15 0 0 0.948096

3
1 1 1 0.870369
2 0 0 0.997905
3 0 0 0.873275

1
1 0 0 0.779941

3
1 0 765 0.739523
2 0 0 1.12322
3 0 0 0.783889

3
1 3 115 0.710049
2 0 0 0.916158
3 0 0 0.745182

5
1 1 2 0.860518
2 0 0 0.817235
3 3 1497 0.948935
6 0 0 0.943671
7 0 0 0.921842

1
1 0 0 0.770513

3
1 2 4 0.904141
2 0 0 0.914405
3 0 0 0.976747

1
1 0 0 0.797836

3
1 1 1 0.926753
2 0 0 1.02458
3 0 0 0.797662

3
1 1 1 0.904671
2 0 0 0.927926
3 0 0 0.776819

1
1 0 0 0.767706

1
1 0 0 0.863705

5
1 1 1 0.829835
2 0 0 0.892979
3 1 2 0.805842
6 0 0 0.74113
7 0 0 0.958605

1
1 0 0 0.951717

3
1 1 1 0.847398
2 0 0 1.01962
3 0 0 0.78055

3
1 3 250 0.864323
2 0 0 1.19879
3 0 0 0.850509

7
1 0 160 0.829886
2 1 2 1.10851
4 2 2 1.0622
8 0 0 1.04559
9 0 0 0.960057
5 0 0 0.959791
3 0 0 0.80373

3
1 1 1 0.835252
2 0 0 1.15347
3 0 0 0.847928

5
1 1 2 0.974353
2 3 4667 0.928214
4 0 0 0.94468
5 0 0 0.948089
3 0 0 0.920325

5
1 0 1548 0.906589
2 2 4 1.0121
4 0 0 0.987931
5 0 0 0.931941
3 0 0 0.820267

3
1 1 1 0.810824
2 0 0 1.07662
3 0 0 0.888349

5
1 2 3 0.914593
2 0 0 0.960658
3 0 4030 0.971133
6 0 0 0.892798
7 0 0 0.955163

5
1 3 276 0.854496
2 3 194 1.02502
4 0 0 1.00206
5 0 0 0.896706
3 0 0 0.961815

5
1 1 1 0.880682
2 2 1 1.11114
4 0 0 1.03318
5 0 0 1.0514
3 0 0 0.707733

3
1 1 1 0.966735
2 0 0 1.03605
3 0 0 0.727309

3
1 3 4333 0.978281
2 0 0 1.03268
3 0 0 1.04653

3
1 3 3426 0.898648
2 0 0 0.884508
3 0 0 0.854235

3
1 3 3346 0.870862
2 0 0 1.01956
3 0 0 0.829608

3
1 3 1794 0.854125
2 0 0 0.869458
3 0 0 0.88167

3
1 2 4 0.88165
2 0 0 0.818925
3 0 0 0.900949

3
1 1 1 0.977806
2 0 0 1.05369
3 0 0 0.985845

3
1 3 5246 0.962742
2 0 0 0.919725
3 0 0 1.00144

3
1 0 5487 0.871512
2 0 0 0.929517
3 0 0 0.863015

1
1 0 0 0.761387

3
1 2 1 0.994757
2 0 0 1.01905
3 0 0 0.86481

3
1 3 3519 0.909949
2 0 0 0.871466
3 0 0 0.93679

1
1 0 0 0.811011

1
1 0 0 0.756858

3
1 1 1 0.887208
2 0 0 1.11387
3 0 0 0.796764

3
1 1 1 0.808391
2 0 0 1.04214
3 0 0 0.781858

3
1 3 2814 0.893401
2 0 0 0.957807
3 0 0 0.866214

1
1 0 0 0.758694

5
1 0 5163 0.880291
2 3 5112 0.908392
4 0 0 0.887056
5 0 0 0.865686
3 0 0 0.866204

3
1 3 2414 0.960639
2 0 0 0.866295
3 0 0 0.906943

1
1 0 0 0.749652

3
1 3 2844 0.898354
2 0 0 0.993239
3 0 0 0.981638

3
1 1 1 0.891735
2 0 0 0.976808
3 0 0 0.761115

3
1 2 3 0.884451
2 0 0 0.833646
3 0 0 0.857837

1
1 0 0 0.860231

3
1 1 1 0.817882
2 0 0 1.02611
3 0 0 0.786058

3
1 2 4 0.811561
2 0 0 0.783172
3 0 0 0.957801

1
1 0 0 0.91126

3
1 0 358 0.691431
2 0 0 0.992901
3 0 0 0.888061

1
1 0 0 0.727644

1
1 0 0 0.818718

1
1 0 0 0.852934

3
1 1 1 0.903705
2 0 0 0.920602
3 0 0 0.835168

3
1 1 1 0.896874
2 0 0 1.02623
3 0 0 0.803913

5
1 0 1960 0.859433
2 0 0 1.09288
3 1 2 0.849169
6 0 0 0.841835
7 0 0 1.00044

3
1 1 2 0.848347
2 0 0 0.783121
3 0 0 0.897675

1
1 0 0 0.819118

5
1 0 6532 0.952387
2 3 1086 0.943081
4 0 0 0.94033
5 0 0 0.950154
3 0 0 0.949006

3
1 1 2 0.853834
2 0 0 0.8815
3 0 0 1.05416

3
1 1 1 0.900091
2 0 0 0.952054
3 0 0 0.840424

3
1 1 1 0.861026
2 0 0 0.912478
3 0 0 0.782309

3
1 1 1 0.852745
2 0 0 1.06091
3 0 0 0.885227

7
1 1 2 0.839957
2 3 811 0.966455
4 0 9083 1.01484
8 0 0 1.00698
9 0 0 0.954204
5 0 0 0.931244
3 0 0 1.03306

3
1 0 797 0.860991
2 0 0 1.01755
3 0 0 0.854994

5
1 2 3 0.971964
2 0 0 0.903039
3 2 4 0.93846
6 0 0 0.974923
7 0 0 0.896051

1
1 0 0 0.835973

3
1 1 1 0.914388
2 0 0 1.12708
3 0 0 0.873304

3
1 3 3809 0.828063
2 0 0 0.822571
3 0 0 0.975052

1
1 0 0 0.749946

1
1 0 0 0.875912

3
1 1 1 0.800884
2 0 0 1.04884
3 0 0 0.852352

1
1 0 0 0.880519

3
1 3 4551 0.823933
2 0 0 0.799415
3 0 0 0.955382

5
1 3 1736 0.891581
2 2 4 0.947804
4 0 0 0.994137
5 0 0 0.916889
3 0 0 0.877417

5
1 1 1 0.900669
2 0 0 0.94528
3 1 2 0.843087
6 0 0 0.832859
7 0 0 0.970024

3
1 0 128 0.781795
2 0 0 1.13591
3 0 0 0.764859

3
1 1 1 0.849224
2 0 0 1.03383
3 0 0 0.756039

3
1 1 2 0.920161
2 0 0 0.76996
3 0 0 1.02251

3
1 3 2926 0.884251
2 0 0 0.980986
3 0 0 0.858436

3
1 2 1 1.00323
2 0 0 0.940554
3 0 0 0.994568

11
1 0 1389 0.874678
2 1 1 1.04038
4 0 0 1.06413
5 0 0 1.10322
3 0 4855 0.844775
6 0 0 0.970112
7 3 2960 0.846411
14 0 0 0.994192
15 1 2 0.879968
30 0 0 0.797762
31 0 0 0.987844

1
1 0 0 0.819515

1
1 0 0 0.853081

3
1 1 2 0.884451
2 0 0 0.773322
3 0 0 0.972259

1
1 0 0 0.827401

3
1 1 2 0.90316
2 0 0 0.850188
3 0 0 0.977072

3
1 0 1886 0.82466
2 0 0 0.919681
3 0 0 0.837701

3
1 3 456 0.889013
2 0 0 0.934662
3 0 0 0.820991

7
1 1 2 0.931618
2 1 1 0.927772
4 0 0 0.886582
5 0 544 0.840516
10 0 0 0.982774
11 0 0 0.751686
3 0 0 0.901297

3
1 1 1 0.847192
2 0 0 1.00209
3 0 0 0.892501

3
1 2 1 0.820221
2 0 0 1.00717
3 0 0 0.828274

3
1 2 1 0.881527
2 0 0 1.0428
3 0 0 0.886732

3
1 1 1 0.809473
2 0 0 0.845851
3 0 0 0.828815

3
1 3 3834 0.948843
2 0 0 0.972142
3 0 0 0.838507

1
1 0 0 0.936458

5
1 1 2 0.829189
2 1 1 0.889855
4 0 0 1.05111
5 0 0 0.803098
3 0 0 0.981628

5
1 0 7056 1.00233
2 0 0 0.984705
3 3 531 0.879851
6 0 0 1.06561
7 0 0 0.976316

7
1 0 925 0.91391
2 0 59 0.998724
4 0 0 0.938471
5 1 2 1.07202
10 0 0 1.08465
11 0 0 0.984484
3 0 0 0.820898

3
1 3 120 0.933897
2 0 0 1.02586
3 0 0 0.882036

3
1 1 1 0.863056
2 0 0 1.03503
3 0 0 0.748308

5
1 2 4 0.859777
2 1 2 0.908009
4 0 0 0.929248
5 0 0 0.907918
3 0 0 1.10646

3
1 1 1 0.818093
2 0 0 0.81149
3 0 0 0.831075

3
1 0 938 0.839301
2 0 0 1.17596
3 0 0 0.840911

3
1 3 1754 0.832397
2 0 0 0.939428
3 0 0 0.776601

5
1 3 5143 0.8277
2 0 0 0.874784
3 1 1 0.96018
6 0 0 1.02773
7 0 0 0.919544

1
1 0 0 0.908154

3
1 1 1 0.816878
2 0 0 0.973012
3 0 0 0.837493

1
1 0 0 0.811412

3
1 1 1 0.841307
2 0 0 1.00176
3 0 0 0.85515

3
1 1 1 0.81446
2 0 0 1.1097
3 0 0 0.78699

3
1 3 229 0.799664
2 0 0 0.873657
3 0 0 0.682032

1
1 0 0 0.808619

1
1 0 0 0.776463

5
1 0 325 0.934695
2 3 4315 0.985158
4 0 0 1.11737
5 0 0 0.909203
3 0 0 0.748565

3
1 0 4624 0.984591
2 0 0 0.941332
3 0 0 0.894157

3
1 0 1003 0.925795
2 0 0 1.1005
3 0 0 0.961869

3
1 1 1 0.810824
2 0 0 0.926271
3 0 0 0.853528

3
1 2 2 0.895402
2 0 0 0.917731
3 0 0 0.865628

5
1 2 2 0.859521
2 0 0 0.849157
3 1 2 0.890432
6 0 0 0.864849
7 0 0 1.05149

3
1 0 4482 0.874283
2 0 0 0.851531
3 0 0 1.0196

3
1 0 5298 0.898396
2 0 0 0.894295
3 0 0 0.939839

1
1 0 0 0.899906

3
1 3 64 0.830066
2 0 0 0.995622
3 0 0 0.958396

3
1 2 3 0.935488
2 0 0 0.899297
3 0 0 0.947501

1
1 0 0 0.82683

3
1 0 267 0.787663
2 0 0 0.96473
3 0 0 0.815067

3
1 1 1 0.977806
2 0 0 1.00095
3 0 0 0.756633

5
1 2 1 0.860426
2 0 0 0.955288
3 2 3 0.900062
6 0 0 0.884553
7 0 0 0.943205

5
1 0 9457 0.867647
2 0 0 0.89744
3 0 9653 0.932036
6 0 0 1.06296
7 0 0 0.907023

3
1 3 2992 0.919055
2 0 0 0.995019
3 0 0 0.831566

3
1 0 6783 0.82977
2 0 0 0.909082
3 0 0 0.794008

9
1 3 4718 0.848827
2 0 1707 1.01755
4 0 0 1.04258
5 0 0 0.984245
3 0 4913 1.0237
6 1 2 0.942864
12 0 0 0.864778
13 0 0 0.907176
7 0 0 1.00894

1
1 0 0 0.914728

3
1 1 1 0.823886
2 0 0 1.10212
3 0 0 0.854857

1
1 0 0 0.858131

3
1 1 1 0.808391
2 0 0 0.941484
3 0 0 0.871644

5
1 0 1161 0.891646
2 2 4 0.964822
4 0 0 0.974215
5 0 0 0.942099
3 0 0 0.823598

1
1 0 0 0.81042

1
1 0 0 0.814499

7
1 0 2026 0.868472
2 2 4 0.929322
4 0 0 0.940334
5 3 1234 1.10297
10 0 0 0.991745
11 0 0 1.09509
3 0 0 0.784148

3
1 0 469 0.825377
2 0 0 1.02313
3 0 0 0.820841

7
1 0 332 0.993003
2 1 1 0.968107
4 0 0 0.960359
5 0 0 0.941884
3 1 1 0.952873
6 0 0 1.01487
7 0 0 0.745497

3
1 1 1 0.891735
2 0 0 1.02394
3 0 0 0.859981

3
1 2 4 0.886782
2 0 0 0.885501
3 0 0 0.955911

3
1 0 9142 0.774667
2 0 0 0.807634
3 0 0 0.917814

3
1 1 1 0.887222
2 0 0 1.06659
3 0 0 0.784396

1
1 0 0 0.873908

1
1 0 0 0.79851

5
1 3 5036 0.865217
2 0 0 0.837648
3 3 5202 0.925348
6 0 0 0.973847
7 0 0 0.949795

3
1 1 2 0.91791
2 0 0 0.810335
3 0 0 1.00421

5
1 1 1 0.834874
2 2 3 1.02083
4 0 0 1.06285
5 0 0 1.0636
3 0 0 0.809247

3
1 0 3005 0.94323
2 0 0 1.01238
3 0 0 0.82363

5
1 2 4 0.858792
2 0 4083 0.847288
4 0 0 1.00834
5 0 0 1.01964
3 0 0 1.07617

3
1 1 1 0.805926
2 0 0 1.06762
3 0 0 0.752491

1
1 0 0 0.753396

3
1 3 4258 0.848331
2 0 0 0.873546
3 0 0 0.854924

5
1 1 2 0.846686
2 0 7221 0.792662
4 0 0 0.822854
5 0 0 0.794941
3 0 0 1.01649

3
1 1 1 0.854678
2 0 0 0.9901
3 0 0 0.709462

3
1 2 2 0.907422
2 0 0 0.901823
3 0 0 0.927166

7
1 1 1 0.900091
2 3 989 0.924296
4 0 3174 1.02551
8 0 0 1.01744
9 0 0 1.04045
5 0 0 0.966112
3 0 0 0.888372

3
1 1 1 0.907767
2 0 0 0.950814
3 0 0 0.748458

3
1 1 1 0.852745
2 0 0 0.952013
3 0 0 0.725374

5
1 1 1 0.939699
2 3 1823 1.02208
4 0 0 0.987809
5 0 0 1.03119
3 0 0 0.884809

5
1 0 1428 0.977826
2 0 0 1.01062
3 1 1 0.898714
6 0 0 1.017
7 0 0 0.817986

1
1 0 0 0.801367

3
1 1 1 0.960969
2 0 0 1.08816
3 0 0 0.71889

3
1 2 2 0.934157
2 0 0 0.889915
3 0 0 0.863147

3
1 0 6836 0.935226
2 0 0 1.10873
3 0 0 0.9212

3
1 3 2754 0.85882
2 0 0 0.966695
3 0 0 0.85868

5
1 1 1 0.941916
2 0 0 1.07462
3 3 5018 0.891662
6 0 0 0.853927
7 0 0 0.972069

5
1 1 1 0.838382
2 3 3381 0.967882
4 0 0 0.853927
5 0 0 1.10707
3 0 0 0.828412

3
1 0 1258 0.822351
2 0 0 0.982989
3 0 0 0.819842

3
1 1 2 0.849517
2 0 0 0.827973
3 0 0 0.966352

1
1 0 0 0.805

3
1 0 378 0.802343
2 0 0 0.847899
3 0 0 0.81388

3
1 0 251 0.856861
2 0 0 0.906848
3 0 0 0.838834

3
1 2 3 0.877795
2 0 0 0.940033
3 0 0 0.863632

5
1 1 2 0.874634
2 0 0 0.809603
3 0 5084 0.869457
6 0 0 0.972971
7 0 0 0.904505

3
1 1 2 0.876607
2 0 0 0.761803
3 0 0 1.00543

3
1 1 1 0.847124
2 0 0 0.90661
3 0 0 0.864354

3
1 1 2 0.97855
2 0 0 0.869387
3 0 0 1.01061

1
1 0 0 0.879737

5
1 3 770 0.778368
2 3 198 0.869228
4 0 0 0.949704
5 0 0 1.0228
3 0 0 0.879918

3
1 3 5302 0.905044
2 0 0 0.882523
3 0 0 1.01336

7
1 3 318 0.941444
2 3 12 0.981797
4 0 0 0.993237
5 0 0 1.04167
3 3 533 0.957257
6 0 0 0.929116
7 0 0 0.981757

1
1 0 0 0.857415

3
1 1 1 0.77576
2 0 0 0.976743
3 0 0 0.804521

3
1 1 1 0.821834
2 0 0 0.881129
3 0 0 0.708618

3
1 0 6472 0.902598
2 0 0 0.888834
3 0 0 0.875627

1
1 0 0 0.829162

7
1 1 2 0.89008
2 0 0 0.900019
3 2 2 1.05581
6 0 0 0.964277
7 0 4444 0.975147
14 0 0 1.02591
15 0 0 0.993732

5
1 1 2 0.922647
2 0 0 0.752852
3 0 2617 1.17361
6 0 0 1.04474
7 0 0 1.05803

3
1 1 1 0.847758
2 0 0 0.9771
3 0 0 0.896908

5
1 0 3497 0.905904
2 3 2531 0.960453
4 0 0 0.987667
5 0 0 0.937506
3 0 0 0.860693

3
1 0 156 0.858137
2 0 0 1.11869
3 0 0 0.794282

3
1 3 1493 0.891105
2 0 0 0.8875
3 0 0 0.896278

1
1 0 0 0.810704

3
1 3 901 0.811268
2 0 0 0.967259
3 0 0 0.819932

1
1 0 0 0.788244

3
1 3 4359 0.991203
2 0 0 1.06957
3 0 0 0.807164

5
1 0 1356 0.872863
2 0 344 0.967259
4 0 0 0.978075
5 0 0 0.907934
3 0 0 1.03012

5
1 2 4 0.904079
2 0 0 0.906909
3 0 9064 0.967329
6 0 0 1.0065
7 0 0 1.08116

3
1 2 4 0.974097
2 0 0 0.928119
3 0 0 1.09329

3
1 3 2157 0.899205
2 0 0 1.00779
3 0 0 0.780819

3
1 3 4675 0.840676
2 0 0 0.862084
3 0 0 1.01595

5
1 1 2 0.913096
2 0 0 0.912412
3 3 3425 1.02163
6 0 0 0.97995
7 0 0 0.996106

3
1 3 22 0.882549
2 0 0 0.958466
3 0 0 0.814086

5
1 1 1 0.880511
2 2 1 1.05268
4 0 0 1.01986
5 0 0 1.04899
3 0 0 0.845714

3
1 0 8706 1.00245
2 0 0 0.975056
3 0 0 0.918661

3
1 3 3572 0.881011
2 0 0 0.9896
3 0 0 0.97862

3
1 3 229 0.799664
2 0 0 1.01108
3 0 0 0.788906

3
1 0 7844 0.836703
2 0 0 0.922333
3 0 0 0.951338

3
1 3 5035 0.866601
2 0 0 0.870583
3 0 0 0.94508

3
1 0 2574 0.809332
2 0 0 1.02926
3 0 0 0.83575

3
1 1 1 0.923923
2 0 0 0.930328
3 0 0 0.752182

1
1 0 0 0.883525

5
1 2 4 0.851569
2 0 0 0.856984
3 1 1 0.968154
6 0 0 1.01133
7 0 0 0.957799

1
1 0 0 0.814843

5
1 3 5196 0.987135
2 0 0 0.899651
3 0 1958 1.05866
6 0 0 1.20759
7 0 0 1.12586

3
1 1 1 0.879282
2 0 0 0.991222
3 0 0 0.785351

7
1 1 2 0.926742
2 1 1 0.97948
4 2 4 0.954689
8 0 0 0.995029
9 0 0 1.04258
5 0 0 0.827985
3 0 0 0.906855

3
1 1 2 0.896172
2 0 0 0.809356
3 0 0 0.923645

1
1 0 0 0.71437

5
1 1 2 0.885422
2 0 0 0.856954
3 3 3896 0.934029
6 0 0 1.01792
7 0 0 0.947832

3
1 2 4 0.886133
2 0 0 0.929946
3 0 0 1.04151

3
1 0 4582 0.907902
2 0 0 1.02502
3 0 0 0.818681

3
1 3 5253 0.988014
2 0 0 0.982574
3 0 0 0.944285

3
1 2 1 0.877606
2 0 0 0.952287
3 0 0 0.802048

5
1 1 1 0.913835
2 0 6336 0.982096
4 0 0 1.06807
5 0 0 0.988733
3 0 0 0.876287

3
1 0 4725 0.866365
2 0 0 0.94971
3 0 0 0.930105

3
1 0 9129 0.805797
2 0 0 0.811633
3 0 0 0.915402

1
1 0 0 0.732443

5
1 0 5634 0.92416
2 0 0 0.875047
3 3 3585 0.952746
6 0 0 0.987211
7 0 0 0.937783

5
1 1 2 0.990512
2 0 0 0.847911
3 3 717 0.988389
6 0 0 0.915301
7 0 0 1.01973

3
1 1 2 0.879713
2 0 0 0.755158
3 0 0 0.94956

5
1 1 1 0.808391
2 0 0 0.92428
3 1 2 0.877689
6 0 0 0.876624
7 0 0 1.09669

3
1 1 2 0.938609
2 0 0 0.905974
3 0 0 1.10907

3
1 1 1 0.894515
2 0 0 0.885555
3 0 0 0.944768

3
1 1 1 0.84155
2 0 0 1.06344
3 0 0 0.828009

7
1 0 2263 0.846064
2 3 2117 0.935243
4 0 0 0.964122
5 0 0 0.97642
3 1 1 0.843611
6 0 0 0.995634
7 0 0 0.803893

3
1 0 1733 0.825699
2 0 0 0.916394
3 0 0 0.849062

3
1 3 112 0.861998
2 0 0 0.986564
3 0 0 0.872945

3
1 1 1 0.891735
2 0 0 1.07434
3 0 0 0.83822

5
1 1 1 0.86271
2 0 0 1.07229
3 3 251 0.865663
6 0 0 0.954446
7 0 0 0.856052

3
1 1 1 0.801056
2 0 0 0.944061
3 0 0 0.733266

3
1 2 2 0.853267
2 0 0 0.851981
3 0 0 0.923645

1
1 0 0 0.78797

3
1 0 1312 0.7805
2 0 0 0.942646
3 0 0 0.746287

3
1 1 1 0.895982
2 0 0 0.948847
3 0 0 0.804486

3
1 2 1 0.872358
2 0 0 0.996882
3 0 0 0.796488

3
1 2 4 0.881467
2 0 0 0.885445
3 0 0 0.955741

1
1 0 0 0.862071

3
1 1 1 0.93355
2 0 0 1.02341
3 0 0 0.805712

3
1 3 449 0.825204
2 0 0 1.00614
3 0 0 0.916928

3
1 3 1364 0.979597
2 0 0 1.08267
3 0 0 0.80397

7
1 2 3 0.897398
2 0 0 0.863381
3 3 2192 0.944984
6 2 4 1.03861
12 0 0 1.1094
13 0 0 0.981229
7 0 0 0.809067

3
1 1 1 0.969796
2 0 0 1.1218
3 0 0 0.849913

5
1 2 4 0.92093
2 0 0 0.874245
3 0 1999 0.899921
6 0 0 1.02064
7 0 0 1.05599

1
1 0 0 0.82277

3
1 1 1 0.900091
2 0 0 0.926619
3 0 0 0.74411

5
1 3 3161 0.940434
2 3 1118 0.943841
4 0 0 0.824744
5 0 0 0.980816
3 0 0 0.913789

7
1 1 1 0.852745
2 3 5335 0.98532
4 0 0 0.875248
5 2 2 1.00599
10 0 0 0.945597
11 0 0 0.931284
3 0 0 0.756925

3
1 0 9468 0.863865
2 0 0 0.877355
3 0 0 1.01666

3
1 1 1 0.918025
2 0 0 0.966579
3 0 0 0.828059

3
1 1 1 0.88904
2 0 0 0.99827
3 0 0 0.757186

3
1 0 4176 0.891614
2 0 0 0.958694
3 0 0 0.960045

1
1 0 0 0.858585

1
1 0 0 0.787965

1
1 0 0 0.802951

9
1 1 1 0.941916
2 2 1 1.05241
4 3 3171 1.17209
8 0 0 0.98954
9 0 0 0.918031
5 0 0 1.02819
3 1 2 0.857217
6 0 0 0.783398
7 0 0 0.968839

3
1 1 1 0.838382
2 0 0 0.971408
3 0 0 0.748356

1
1 0 0 0.874251

1
1 0 0 0.865384

3
1 1 1 0.896078
2 0 0 0.955315
3 0 0 0.825692

5
1 2 1 0.922854
2 0 0 0.964271
3 0 6359 0.942378
6 0 0 0.887694
7 0 0 1.02048

1
1 0 0 0.908536

3
1 1 2 0.868803
2 0 0 0.875398
3 0 0 1.01785

1
1 0 0 0.86663

3
1 1 1 0.85552
2 0 0 0.934478
3 0 0 0.846136

3
1 0 7375 0.917865
2 0 0 0.939843
3 0 0 0.914089

1
1 0 0 0.788226

3
1 1 1 1.01647
2 0 0 0.962289
3 0 0 0.832226

1
1 0 0 0.854884

3
1 2 4 0.88084
2 0 0 0.875053
3 0 0 0.779677

3
1 0 1448 0.841615
2 0 0 1.05923
3 0 0 0.907072

3
1 1 1 0.869489
2 0 0 1.0188
3 0 0 0.72546

1
1 0 0 0.86125

1
1 0 0 0.86958

3
1 3 402 0.965545
2 0 0 0.946692
3 0 0 0.935292

3
1 0 3657 0.901674
2 0 0 0.914063
3 0 0 0.747337

3
1 2 3 0.900981
2 0 0 0.901714
3 0 0 0.894945

3
1 1 2 0.866466
2 0 0 0.863058
3 0 0 0.945895

1
1 0 0 0.928292

1
1 0 0 0.821249

3
1 1 1 0.831896
2 0 0 0.976874
3 0 0 0.79528

3
1 3 4437 0.873743
2 0 0 0.873394
3 0 0 0.848682

3
1 3 1227 0.864947
2 0 0 0.868263
3 0 0 0.883812

5
1 2 3 0.8725
2 0 8483 0.927936
4 0 0 0.937626
5 0 0 0.968855
3 0 0 0.897503

3
1 0 748 0.904237
2 0 0 0.965091
3 0 0 0.77451

3
1 3 1415 0.871129
2 0 0 0.968036
3 0 0 0.905235

1
1 0 0 0.766394

3
1 1 1 0.823769
2 0 0 0.994556
3 0 0 0.769362

5
1 3 2715 0.866692
2 3 36 0.941068
4 0 0 0.898663
5 0 0 0.925516
3 0 0 0.756709

3
1 0 3487 0.845914
2 0 0 0.91748
3 0 0 0.98748

1
1 0 0 0.730489

9
1 2 4 0.950551
2 0 7151 0.936139
4 0 0 0.862105
5 0 0 0.943782
3 1 1 0.94196
6 0 0 1.01527
7 0 8837 0.954136
14 0 0 0.896927
15 0 0 0.990263

3
1 0 5464 0.87802
2 0 0 0.960157
3 0 0 0.920297

1
1 0 0 0.877642

1
1 0 0 0.871771

1
1 0 0 0.775525

3
1 1 2 0.868655
2 0 0 0.797768
3 0 0 0.891672

3
1 1 2 0.877821
2 0 0 0.851446
3 0 0 0.909583

3
1 2 4 0.928877
2 0 0 1.00245
3 0 0 0.984121

3
1 0 621 0.90376
2 0 0 1.03257
3 0 0 0.952955

3
1 1 1 0.945955
2 0 0 1.02909
3 0 0 0.866823

3
1 2 4 0.900367
2 0 0 0.924546
3 0 0 0.906106

3
1 1 1 0.822963
2 0 0 0.920898
3 0 0 0.822203

3
1 1 1 0.894886
2 0 0 1.01634
3 0 0 0.84308

1
1 0 0 0.732969

5
1 2 4 0.873688
2 0 0 0.772543
3 1 1 0.946458
6 0 0 0.903534
7 0 0 0.953892

5
1 3 3157 0.914864
2 0 0 0.926061
3 0 8153 0.987393
6 0 0 0.995292
7 0 0 0.932761

3
1 0 6336 0.847841
2 0 0 0.866564
3 0 0 0.924396

1
1 0 0 0.788634

1
1 0 0 0.850972

3
1 3 3597 0.866893
2 0 0 1.10248
3 0 0 0.882104

1
1 0 0 0.787905

3
1 3 1605 0.865034
2 0 0 0.888627
3 0 0 0.774344

5
1 0 393 0.912541
2 2 1 0.95763
4 0 0 0.990416
5 0 0 1.01843
3 0 0 0.862123

1
1 0 0 0.773776

3
1 1 1 0.873732
2 0 0 0.9106
3 0 0 0.863621

3
1 1 1 0.92265
2 0 0 1.08283
3 0 0 0.88201

3
1 2 3 0.915304
2 0 0 0.900313
3 0 0 0.975217

1
1 0 0 0.973819

5
1 3 5322 0.794536
2 1 1 0.917788
4 0 0 0.979754
5 0 0 0.786871
3 0 0 1.04887

3
1 2 1 0.820891
2 0 0 0.823845
3 0 0 0.92366

1
1 0 0 0.768626

3
1 1 2 0.938609
2 0 0 0.756486
3 0 0 1.06023

5
1 2 3 0.925979
2 3 3368 0.980379
4 0 0 0.923048
5 0 0 1.00045
3 0 0 0.896488

3
1 1 2 0.859743
2 0 0 0.902458
3 0 0 1.20808

3
1 1 1 0.878205
2 0 0 0.871373
3 0 0 0.821152

5
1 0 4063 0.935856
2 2 3 1.03393
4 0 0 0.977717
5 0 0 0.992638
3 0 0 1.0109

3
1 0 9978 0.836189
2 0 0 0.866275
3 0 0 0.975153

3
1 3 3360 0.8395
2 0 0 0.984815
3 0 0 0.812624

3
1 1 1 0.874849
2 0 0 0.977761
3 0 0 0.841436

5
1 0 3996 0.795619
2 1 1 1.04537
4 0 0 0.982788
5 0 0 1.06235
3 0 0 0.916292

1
1 0 0 0.768026

1
1 0 0 0.789074

3
1 1 2 0.838839
2 0 0 0.812833
3 0 0 0.995544

3
1 3 2544 0.907733
2 0 0 1.03758
3 0 0 0.886064

3
1 0 802 0.813009
2 0 0 0.892988
3 0 0 0.75953

3
1 1 1 0.801591
2 0 0 1.03919
3 0 0 0.937575

3
1 3 401 0.861416
2 0 0 0.935613
3 0 0 0.878974

1
1 0 0 0.812464

3
1 2 2 0.909411
2 0 0 0.918959
3 0 0 0.923152

1
1 0 0 0.793941

3
1 1 1 0.904979
2 0 0 1.00371
3 0 0 0.784026

3
1 1 1 0.969796
2 0 0 0.962518
3 0 0 0.870192

3
1 0 8866 0.955917
2 0 0 0.980496
3 0 0 0.963624

3
1 1 1 0.792901
2 0 0 0.882216
3 0 0 0.797243

5
1 1 1 0.900091
2 0 5740 1.00965
4 0 0 1.08264
5 0 0 1.02099
3 0 0 0.664319

3
1 0 3101 0.886423
2 0 0 0.992975
3 0 0 0.895039

5
1 0 1699 0.809516
2 3 571 1.01856
4 0 0 0.949857
5 0 0 1.02533
3 0 0 0.788302

1
1 0 0 0.909995

3
1 1 1 0.918025
2 0 0 1.20798
3 0 0 0.87318

3
1 1 1 0.88904
2 0 0 1.04394
3 0 0 0.857517

5
1 3 4397 0.855807
2 1 1 0.983796
4 0 0 1.03538
5 0 0 0.91903
3 0 0 0.892611

1
1 0 0 0.775465

3
1 1 1 0.775777
2 0 0 1.03959
3 0 0 0.772849

3
1 3 4396 0.893662
2 0 0 0.890167
3 0 0 0.898397

3
1 1 1 0.816633
2 0 0 0.842002
3 0 0 0.729542

5
1 1 1 0.838382
2 0 7564 1.04681
4 0 0 1.01272
5 0 0 0.944106
3 0 0 0.795987

3
1 0 1437 0.885213
2 0 0 0.89056
3 0 0 0.859516

3
1 0 5473 0.814266
2 0 0 0.965047
3 0 0 0.95353

3
1 1 1 0.816179
2 0 0 0.963123
3 0 0 0.722319

1
1 0 0 0.781467

3
1 1 2 0.837107
2 0 0 0.784353
3 0 0 0.978303

1
1 0 0 0.920487

3
1 1 1 0.819557
2 0 0 0.831414
3 0 0 0.824577

1
1 0 0 0.922829

3
1 2 4 0.861632
2 0 0 0.873887
3 0 0 0.955639

3
1 2 4 0.899652
2 0 0 0.91532
3 0 0 0.921152

3
1 0 2763 0.767359
2 0 0 0.966897
3 0 0 0.755629

3
1 1 1 0.84486
2 0 0 1.0147
3 0 0 0.806677

3
1 1 1 0.835705
2 0 0 0.981846
3 0 0 0.877964

7
1 0 7827 0.907294
2 0 3405 0.962235
4 0 0 0.941366
5 0 6365 0.936134
10 0 0 0.962537
11 0 0 1.00181
3 0 0 0.814822

3
1 1 1 0.869489
2 0 0 0.96361
3 0 0 0.787755

3
1 0 2998 0.8415
2 0 0 0.855111
3 0 0 0.806352

3
1 1 1 0.843239
2 0 0 0.989658
3 0 0 0.765415

1
1 0 0 0.897059

5
1 3 4660 0.877175
2 0 0 0.87108
3 0 744 0.986821
6 0 0 1.00928
7 0 0 1.00314

3
1 0 9953 0.817975
2 0 0 0.831518
3 0 0 0.99942

5
1 3 191 0.862984
2 2 4 1.03268
4 0 0 1.00743
5 0 0 1.0463
3 0 0 0.785997

5
1 1 2 0.911443
2 0 0 0.855487
3 3 3378 1.14031
6 0 0 1.05969
7 0 0 1.08429

7
1 3 3369 0.935782
2 2 1 0.958628
4 0 0 1.20636
5 0 0 0.927761
3 0 7334 0.937909
6 0 0 0.95089
7 0 0 0.972214

3
1 1 1 0.831896
2 0 0 0.941053
3 0 0 0.833893

5
1 1 2 0.866003
2 1 1 0.942891
4 0 0 1.1106
5 0 0 0.850976
3 0 0 0.976381

3
1 3 3077 0.885527
2 0 0 0.97187
3 0 0 0.863741

3
1 3 5316 0.749305
2 0 0 0.778103
3 0 0 1.02264

3
1 1 2 0.881719
2 0 0 0.865358
3 0 0 0.932604

5
1 1 2 0.900385
2 3 4873 0.7838
4 0 0 0.815209
5 0 0 0.875546
3 0 0 0.918793

1
1 0 0 0.720133

1
1 0 0 0.831845

3
1 1 1 0.897141
2 0 0 1.03288
3 0 0 0.884079

3
1 3 5379 0.79077
2 0 0 0.808215
3 0 0 1.04529

3
1 3 1596 0.83299
2 0 0 0.85363
3 0 0 0.835528

3
1 1 1 0.874107
2 0 0 1.06096
3 0 0 0.884401

3
1 1 1 0.968573
2 0 0 0.984208
3 0 0 0.916941

1
1 0 0 0.687542

3
1 2 1 0.905968
2 0 0 0.870975
3 0 0 1.05008

5
1 1 2 0.875753
2 0 0 0.817549
3 3 145 0.869566
6 0 0 0.983715
7 0 0 0.864584

3
1 0 6847 0.851121
2 0 0 1.00589
3 0 0 0.942166

3
1 3 3883 0.833317
2 0 0 0.964138
3 0 0 0.922656

5
1 2 2 0.826478
2 3 3932 0.994879
4 0 0 1.01781
5 0 0 1.08681
3 0 0 0.974156

1
1 0 0 0.764417

1
1 0 0 0.701177

3
1 1 2 0.854614
2 0 0 0.900328
3 0 0 0.915832

3
1 1 1 0.822963
2 0 0 1.01416
3 0 0 0.855075

3
1 0 4099 0.892914
2 0 0 0.866042
3 0 0 0.973719

3
1 1 1 0.898118
2 0 0 1.05478
3 0 0 0.813572

5
1 1 2 0.871157
2 1 1 0.857609
4 0 0 1.07711
5 0 0 0.910073
3 0 0 0.879547

1
1 0 0 0.679496

1
1 0 0 0.689958

5
1 1 2 0.947881
2 1 1 1.00919
4 0 0 1.18112
5 0 0 0.706303
3 0 0 0.946227

3
1 2 3 0.868403
2 0 0 0.875687
3 0 0 0.970325

5
1 3 3743 0.876683
2 1 2 0.978691
4 0 0 1.01478
5 0 0 1.05708
3 0 0 0.877472

7
1 2 4 0.896956
2 0 0 0.884928
3 1 2 0.906957
6 0 0 0.913415
7 3 3561 1.02063
14 0 0 0.938022
15 0 0 1.07324

5
1 1 2 0.909775
2 0 4470 0.903146
4 0 0 1.00766
5 0 0 0.878294
3 0 0 0.918104

1
1 0 0 0.81825

1
1 0 0 0.783663

7
1 2 4 0.878733
2 0 2902 0.897018
4 0 0 1.08146
5 0 7224 0.912748
10 0 0 0.907653
11 0 0 1.09406
3 0 0 1.01759

3
1 0 1526 0.865229
2 0 0 1.01791
3 0 0 0.705328

3
1 3 2600 0.882049
2 0 0 0.99101
3 0 0 0.974197

13
1 1 2 0.837446
2 0 955 0.82889
4 0 0 0.954637
5 0 0 0.807179
3 3 4721 0.926155
6 3 1047 0.947286
12 0 0 0.968594
13 3 1454 1.0253
26 0 0 1.03174
27 0 0 1.019
7 3 5282 0.920091
14 0 0 0.965856
15 0 0 0.972345

5
1 3 5335 0.813376
2 0 0 0.822738
3 0 7274 0.949628
6 0 0 0.991215
7 0 0 0.858658

3
1 3 184 0.825197
2 0 0 1.03018
3 0 0 0.830657

5
1 3 1436 0.881367
2 0 0 1.10246
3 0 920 0.864639
6 0 0 1.06554
7 0 0 0.84266

3
1 1 1 0.85297
2 0 0 0.867227
3 0 0 0.780098

1
1 0 0 0.871

11
1 2 3 0.950142
2 3 4073 0.89988
4 0 0 0.87889
5 3 4944 0.923292
10 0 0 0.962003
11 0 0 0.967908
3 2 4 1.03809
6 0 0 0.907084
7 0 1690 0.940314
14 0 0 0.930383
15 0 0 1.05432

5
1 1 1 0.878205
2 0 5338 0.981578
4 0 0 1.00749
5 0 0 0.940279
3 0 0 0.754614

3
1 3 1605 0.921986
2 0 0 0.893436
3 0 0 0.956909

1
1 0 0 0.834442

1
1 0 0 0.933785

3
1 2 2 0.907309
2 0 0 0.864531
3 0 0 0.999921

3
1 1 1 0.812015
2 0 0 0.967098
3 0 0 0.871279

5
1 1 2 0.897225
2 0 7096 0.950171
4 0 0 0.941421
5 0 0 1.00791
3 0 0 0.91346

1
1 0 0 0.785522

3
1 1 1 0.88801
2 0 0 1.02538
3 0 0 0.866986

5
1 0 4039 0.890974
2 3 2478 1.04043
4 0 0 1.04295
5 0 0 1.02172
3 0 0 0.889377

5
1 1 2 0.874874
2 0 0 0.712472
3 0 8137 0.962879
6 0 0 0.98931
7 0 0 1.0017

3
1 1 2 0.885926
2 0 0 0.833939
3 0 0 1.04432

3
1 1 1 0.783339
2 0 0 1.08638
3 0 0 0.762997

3
1 3 142 0.8212
2 0 0 0.930234
3 0 0 0.873529

3
1 1 1 0.913205
2 0 0 1.01958
3 0 0 0.878824

3
1 2 2 0.899609
2 0 0 0.930266
3 0 0 0.939342

1
1 0 0 0.743892

7
1 2 3 0.959749
2 0 0 1.03047
3 2 4 0.977848
6 3 2789 1.01816
12 0 0 1.03928
13 0 0 0.93749
7 0 0 0.87961

1
1 0 0 0.747902

7
1 1 2 0.867784
2 3 3068 0.915495
4 0 0 1.05067
5 0 0 0.910136
3 3 4097 1.02992
6 0 0 1.04435
7 0 0 0.990305

3
1 3 1316 0.879514
2 0 0 0.899642
3 0 0 0.874991

1
1 0 0 0.804339

3
1 0 379 0.827712
2 0 0 0.90846
3 0 0 0.879636

3
1 1 2 0.770123
2 0 0 0.765897
3 0 0 0.997966

1
1 0 0 0.789393

3
1 1 1 0.88904
2 0 0 0.949095
3 0 0 0.827041

3
1 1 1 1.00137
2 0 0 1.14591
3 0 0 0.837696

3
1 3 5367 0.971951
2 0 0 0.864019
3 0 0 0.930486

1
1 0 0 0.857899

5
1 1 1 0.8854
2 2 4 1.00544
4 0 0 0.931508
5 0 0 1.11549
3 0 0 0.754986

3
1 0 5847 0.886923
2 0 0 0.938264
3 0 0 0.893612

5
1 0 8177 0.968595
2 0 0 0.99446
3 2 1 0.865966
6 0 0 0.883557
7 0 0 0.889412

1
1 0 0 0.814953

3
1 0 1841 0.833503
2 0 0 1.02591
3 0 0 0.81513

3
1 1 1 0.816179
2 0 0 1.0844
3 0 0 0.902003

1
1 0 0 0.799349

3
1 2 1 0.910852
2 0 0 0.88987
3 0 0 0.701891

5
1 3 5169 0.799658
2 3 2235 0.993808
4 0 0 0.994132
5 0 0 0.934996
3 0 0 0.998896

3
1 1 1 0.819557
2 0 0 0.953675
3 0 0 0.789869

3
1 3 5191 0.828564
2 0 0 0.803511
3 0 0 1.01616

3
1 1 2 0.849798
2 0 0 0.789239
3 0 0 0.880023

5
1 3 2414 0.96019
2 3 62 0.954079
4 0 0 0.821421
5 0 0 0.955625
3 0 0 0.936677

5
1 1 1 0.856088
2 2 2 0.939676
4 0 0 0.973999
5 0 0 0.930167
3 0 0 0.784308

5
1 1 2 0.880367
2 0 0 0.944528
3 2 1 0.899971
6 0 0 0.932489
7 0 0 1.00413

5
1 1 1 0.819728
2 3 665 0.986697
4 0 0 1.07726
5 0 0 1.00767
3 0 0 0.851549

3
1 1 2 0.85741
2 0 0 0.804572
3 0 0 0.799463

7
1 0 646 0.921159
2 3 4441 1.0186
4 0 0 1.03424
5 0 0 1.06123
3 2 1 0.891688
6 0 0 0.912651
7 0 0 0.876521

3
1 1 1 0.894028
2 0 0 1.01432
3 0 0 0.834022

3
1 1 1 0.843239
2 0 0 1.10605
3 0 0 0.744966

1
1 0 0 0.87785

1
1 0 0 0.869156

3
1 1 1 0.839298
2 0 0 0.927078
3 0 0 0.768758

3
1 1 2 0.886369
2 0 0 0.857708
3 0 0 1.07125

5
1 0 42 0.727872
2 0 0 1.06939
3 3 5141 0.799142
6 0 0 0.816294
7 0 0 0.957532

5
1 1 1 0.925551
2 0 1386 1.01436
4 0 0 1.01257
5 0 0 1.04925
3 0 0 0.795807

7
1 1 1 0.831896
2 3 652 1.01188
4 0 0 0.925179
5 0 6472 0.997107
10 0 0 1.02156
11 0 0 0.976473
3 0 0 0.790315

7
1 1 2 0.866003
2 0 0 0.891789
3 3 3783 1.04087
6 0 1854 0.999696
12 0 0 0.986188
13 0 0 0.948669
7 0 0 0.941932

3
1 0 9632 0.837491
2 0 0 0.851435
3 0 0 0.913377

3
1 1 2 0.915377
2 0 0 0.899755
3 0 0 0.973687

3
1 1 1 0.888798
2 0 0 0.921962
3 0 0 0.825048

3
1 0 3246 0.983028
2 0 0 0.962055
3 0 0 0.996805

3
1 3 164 0.911926
2 0 0 1.00783
3 0 0 0.837391

3
1 0 1364 0.829231
2 0 0 0.982297
3 0 0 0.775658

3
1 2 4 0.898553
2 0 0 0.792812
3 0 0 0.984596

3
1 0 8702 0.860809
2 0 0 0.870226
3 0 0 0.9114

3
1 3 2748 0.922978
2 0 0 1.03328
3 0 0 0.754414

